time,run,dwelling_id,hp_elec_kw,boiler_gas_kw,ev_charge_kw,appliance_kw,tariff_elec_price,tariff_gas_price,tariff_offset_steps,Tin_C,T_tank_C,V_stor_m3,Q_hp_space_w,Q_bo_space_w,Q_hp_hw_w,Q_bo_hw_w,ev_soc_kwh,solve_status
2021-02-07 00:00:00,1,87,0.0,0.0,0.0,0.066,9.261,6.0,0,21.0,55.0,0.12,0.0,0.0,0.0,0.0,47.952,optimal
2021-02-07 00:30:00,1,87,0.0,0.0,0.0,0.07586666666666667,10.3635,6.0,0,20.89033973745443,55.0,0.12,0.0,0.0,0.0,0.0,47.904047999999996,optimal
2021-02-07 01:00:00,1,87,2.167575453513454,0.0,0.0,0.28386666666666666,8.274,6.0,0,20.780900577286477,55.0,0.162,3197.51408729709,0.0,4389.0,0.0,47.856143952,optimal
2021-02-07 01:30:00,1,87,3.5714285714285716,0.0,0.0,0.066,7.7175,6.0,0,20.727309964089468,55.0,0.162,12500.0,0.0,0.0,0.0,47.80828780804799,optimal
2021-02-07 02:00:00,1,87,3.5714285714285716,0.0,0.0,0.1597333333333333,6.615,6.0,0,20.82256918852567,55.0,0.162,12500.0,0.0,0.0,0.0,47.76047952023995,optimal
2021-02-07 02:30:00,1,87,3.5714285714285716,0.0,0.0,0.2,6.174,6.0,0,20.91846985905699,55.0,0.162,12500.0,0.0,0.0,0.0,47.712719040719705,optimal
2021-02-07 03:00:00,1,87,3.5714285714285716,0.0,0.0,0.1597333333333333,3.906,6.0,0,21.0138243454634,55.0,0.162,12500.0,0.0,0.0,0.0,47.66500632167899,optimal
2021-02-07 03:30:00,1,87,3.5714285714285716,0.0,0.0,0.1824,2.3415,6.0,0,21.107316681605855,55.0,0.162,12500.0,0.0,0.0,0.0,47.61734131535731,optimal
2021-02-07 04:00:00,1,87,3.5714285714285716,0.0,0.0,0.0836,2.205,6.0,0,21.20029709821842,55.0,0.162,12500.0,0.0,0.0,0.0,47.56972397404195,optimal
2021-02-07 04:30:00,1,87,3.5714285714285716,0.0,1.5127735437856342,0.132,0.882,6.0,0,21.290778832597045,55.0,0.162,12500.0,0.0,0.0,0.0,48.240721683366075,optimal
2021-02-07 05:00:00,1,87,3.5714285714285716,0.0,0.0,0.2277333333333333,1.5435,6.0,0,21.381496522619152,55.0,0.162,12500.0,0.0,0.0,0.0,48.192480961682705,optimal
2021-02-07 05:30:00,1,87,3.5714285714285716,0.0,0.0,0.066,1.5435,6.0,0,21.473224148802597,55.0,0.162,12500.0,0.0,0.0,0.0,48.144288480721016,optimal
2021-02-07 06:00:00,1,87,3.5714285714285716,0.0,0.0,0.23786666666666667,5.0715,6.0,0,21.561737576355384,55.0,0.162,12500.0,0.0,0.0,0.0,48.096144192240295,optimal
2021-02-07 06:30:00,1,87,3.5714285714285716,0.0,0.0,0.1212,5.376,6.0,0,21.652521753827514,55.0,0.162,12500.0,0.0,0.0,0.0,48.048048048048045,optimal
2021-02-07 07:00:00,1,87,3.5714285714285716,0.0,0.0,0.11253333333333332,5.0715,6.0,0,21.741547053573264,55.0,0.14133333333333334,12500.0,0.0,0.0,0.0,48.0,optimal
2021-02-07 07:30:00,1,87,3.5714285714285716,0.0,0.0,0.7233333333333334,5.5125,6.0,0,21.834142024580597,55.0,0.13733333333333334,12500.0,0.0,0.0,0.0,47.59474625531474,optimal
2021-02-07 08:00:00,1,87,0.0,0.0,0.0,1.0526666666666666,9.261,6.0,0,21.93171695166677,55.0,0.13733333333333334,0.0,0.0,0.0,0.0,47.189897764374166,optimal
2021-02-07 08:30:00,1,87,0.0,0.0,0.0,1.6882000000000001,11.7075,6.0,0,21.82861766772301,55.0,0.13733333333333334,0.0,0.0,0.0,0.0,46.78545412192453,optimal
2021-02-07 09:00:00,1,87,0.0,0.0,0.0,0.2892,12.348,6.0,0,21.720697995082194,55.0,0.136,0.0,0.0,0.0,0.0,46.38141492311735,optimal
2021-02-07 09:30:00,1,87,0.0,0.0,0.0,0.245,12.348,6.0,0,21.61747140990954,55.0,0.09533333333333334,0.0,0.0,0.0,0.0,45.97777976350897,optimal
2021-02-07 10:00:00,1,87,0.0,0.0,0.0,2.0395,12.1275,6.0,0,21.515639495145994,55.0,0.09333333333333334,0.0,0.0,0.0,0.0,45.5745482390602,optimal
2021-02-07 10:30:00,1,87,0.0,0.0,0.0,2.5286999999999997,12.5265,6.0,0,21.433948289805294,55.0,0.09333333333333334,0.0,0.0,0.0,0.0,45.17171994613588,optimal
2021-02-07 11:00:00,1,87,0.0,0.0,0.0,0.8011,11.7495,6.0,0,21.352640663467053,55.0,0.08866666666666667,0.0,0.0,0.0,0.0,44.76929448150449,optimal
2021-02-07 11:30:00,1,87,0.0,0.0,0.0,0.2068,13.23,6.0,0,21.287122834542156,55.0,0.08666666666666667,0.0,0.0,0.0,0.0,44.367271442337724,optimal
2021-02-07 12:00:00,1,87,0.0,0.0,0.0,0.30346666666666666,14.3325,6.0,0,21.218893784519192,55.0,0.084,0.0,0.0,0.0,0.0,43.965650426210125,optimal
2021-02-07 12:30:00,1,87,0.0,0.0,0.0,0.30826666666666663,14.994,6.0,0,21.166378896286655,55.0,0.08266666666666667,0.0,0.0,0.0,0.0,43.56443103109866,optimal
2021-02-07 13:00:00,1,87,0.0,0.0,0.0,0.3207,14.8155,6.0,0,21.113938246256875,55.0,0.03866666666666666,0.0,0.0,0.0,0.0,43.1636128553823,optimal
2021-02-07 13:30:00,1,87,0.0,0.0,0.0,0.4071666666666667,14.112,6.0,0,21.049444060333045,55.0,0.03866666666666666,0.0,0.0,0.0,0.0,42.76319549784166,optimal
2021-02-07 14:00:00,1,87,0.0,0.0,0.0,0.35353333333333337,14.007,6.0,0,20.987015572006058,55.0,0.03733333333333333,0.0,0.0,0.0,0.0,42.36317855765856,optimal
2021-02-07 14:30:00,1,87,0.0,0.0,0.0,0.44139999999999996,13.23,6.0,0,20.930034608969873,55.0,0.031999999999999994,0.0,0.0,0.0,0.0,41.96356163441564,optimal
2021-02-07 15:00:00,1,87,0.0,0.0,0.0,0.40713333333333335,11.382,6.0,0,20.876675184692793,55.0,0.03133333333333333,0.0,0.0,0.0,0.0,41.56434432809596,optimal
2021-02-07 15:30:00,1,87,0.0,0.0,0.0,0.33786666666666665,11.7495,6.0,0,20.837073329273153,55.0,0.029999999999999995,0.0,0.0,0.0,0.0,41.16552623908261,optimal
2021-02-07 16:00:00,1,87,0.0,0.0,0.0,1.409266666666667,24.3285,6.0,0,20.79759248101698,55.0,0.027999999999999994,0.0,0.0,0.0,0.0,40.76710696815827,optimal
2021-02-07 16:30:00,1,87,0.0,0.0,0.0,0.7273999999999999,28.917,6.0,0,20.731943196789608,55.0,0.025999999999999995,0.0,0.0,0.0,0.0,40.726339861190105,optimal
2021-02-07 17:00:00,1,87,0.0,0.0,0.0,0.44546666666666657,31.3635,6.0,0,20.665759955053996,55.0,0.025999999999999995,0.0,0.0,0.0,0.0,40.68561352132892,optimal
2021-02-07 17:30:00,1,87,0.0,0.0,0.0,0.3024,33.306,6.0,0,20.570259280394765,55.0,0.02533333333333333,0.0,0.0,0.0,0.0,40.64492790780759,optimal
2021-02-07 18:00:00,1,87,0.0,0.0,0.0,0.31243333333333334,31.3425,6.0,0,20.474913846751736,55.0,0.02266666666666666,0.0,0.0,0.0,0.0,40.604282979899786,optimal
2021-02-07 18:30:00,1,87,0.0,0.0,0.0,0.46723333333333333,28.2555,6.0,0,20.37604683124491,55.0,0.019999999999999997,0.0,0.0,0.0,0.0,40.56367869691989,optimal
2021-02-07 19:00:00,1,87,0.0,0.0,0.0,0.247,15.6975,6.0,0,20.27986807150857,55.0,0.019999999999999997,0.0,0.0,0.0,0.0,40.52311501822297,optimal
2021-02-07 19:30:00,1,87,0.0,0.0,0.0,1.4742666666666668,12.5475,6.0,0,20.17948762651435,55.0,0.018,0.0,0.0,0.0,0.0,40.48259190320474,optimal
2021-02-07 20:00:00,1,87,0.0,0.0,0.0,0.5804666666666667,12.0855,6.0,0,20.094110436763142,55.0,0.018,0.0,0.0,0.0,0.0,40.442109311301536,optimal
2021-02-07 20:30:00,1,87,0.0,0.0,0.0,0.37089999999999995,11.907,6.0,0,20.0,55.0,0.0006666666666666665,0.0,0.0,0.0,0.0,40.401667201990236,optimal
2021-02-07 21:00:00,1,87,0.0,0.0,0.0,0.5490666666666667,12.5685,6.0,0,19.90200563427413,55.0,0.0006666666666666665,0.0,0.0,0.0,0.0,40.361265534788245,optimal
2021-02-07 21:30:00,1,87,0.0,0.0,0.0,0.5693666666666667,13.146,6.0,0,19.805369036574437,55.0,0.0006666666666666665,0.0,0.0,0.0,0.0,40.320904269253454,optimal
2021-02-07 22:00:00,1,87,0.0,0.0,0.0,0.4494333333333333,10.584,6.0,0,19.709506936542578,55.0,0.0,0.0,0.0,0.0,0.0,40.2805833649842,optimal
2021-02-07 22:30:00,1,87,0.19904761904761903,0.0,0.0,1.8572,6.678,6.0,0,19.61282711366161,55.0,0.0006666666666666665,0.0,0.0,696.6666666666666,0.0,40.24030278161922,optimal
2021-02-07 23:00:00,1,87,0.0,0.0,0.0,0.26466666666666666,7.938,6.0,0,19.525642835260896,55.0,0.0,0.0,0.0,0.0,0.0,40.2000624788376,optimal
2021-02-07 23:30:00,1,87,0.05971428571428571,0.0,0.0,0.7477999999999999,5.292,6.0,0,19.42380229626758,55.0,0.0,0.0,0.0,209.0,0.0,40.15986241635876,optimal
2021-02-08 00:00:00,1,87,3.5714285714285716,0.0,0.0,0.05666666666666666,7.938,6.0,-1,19.42380229626758,55.0,0.0,12500.0,0.0,0.0,0.0,40.1197025539424,optimal
2021-02-08 00:30:00,1,87,3.5714285714285716,0.0,0.0,0.1462,8.6835,6.0,-1,19.519172996400833,55.0,0.050666666666666665,7205.333333333333,0.0,5294.666666666667,0.0,40.07958285138846,optimal
2021-02-08 01:00:00,1,87,3.5714285714285716,0.0,0.0,0.07293333333333334,7.665,6.0,-1,19.528760600661336,55.0,0.050666666666666665,12500.0,0.0,0.0,0.0,40.03950326853707,optimal
2021-02-08 01:30:00,1,87,3.5714285714285716,0.0,0.0,0.052,6.7725,6.0,-1,19.62382817774457,55.0,0.050666666666666665,12500.0,0.0,0.0,0.0,39.99946376526853,optimal
2021-02-08 02:00:00,1,87,3.5714285714285716,0.0,3.112924056325306,0.16713333333333333,5.5755,6.0,-1,19.717659867035948,55.0,0.050666666666666665,12500.0,0.0,0.0,0.0,41.43810322825778,optimal
2021-02-08 02:30:00,1,87,3.5714285714285716,0.0,5.0,0.1095,5.0925,6.0,-1,19.812492372533875,55.0,0.050666666666666665,12500.0,0.0,0.0,0.0,43.771665125029514,optimal
2021-02-08 03:00:00,1,87,3.5714285714285716,0.0,5.0,0.17863333333333334,4.1895,6.0,-1,19.9061047442601,55.0,0.050666666666666665,12500.0,0.0,0.0,0.0,46.10289345990448,optimal
2021-02-08 03:30:00,1,87,3.5714285714285716,0.0,0.0,0.052,7.056,6.0,-1,20.00058123305412,55.0,0.050666666666666665,12500.0,0.0,0.0,0.0,46.056790566444576,optimal
2021-02-08 04:00:00,1,87,3.5714285714285716,0.0,5.0,0.1165,5.271,6.0,-1,20.0920938542818,55.0,0.050666666666666665,12500.0,0.0,0.0,0.0,48.38573377587813,optimal
2021-02-08 04:30:00,1,87,3.5714285714285716,0.0,0.0,0.17163333333333333,7.938,6.0,-1,20.183792071728494,55.0,0.050666666666666665,12500.0,0.0,0.0,0.0,48.33734804210225,optimal
2021-02-08 05:00:00,1,87,3.5714285714285716,0.0,0.0,0.07883333333333332,7.938,6.0,-1,20.27521352432236,55.0,0.050666666666666665,12500.0,0.0,0.0,0.0,48.289010694060146,optimal
2021-02-08 05:30:00,1,87,3.5714285714285716,0.0,0.0,0.178,11.907,6.0,-1,20.36393641474666,55.0,0.050666666666666665,12500.0,0.0,0.0,0.0,48.240721683366075,optimal
2021-02-08 06:00:00,1,87,3.5714285714285716,0.0,0.0,0.14313333333333333,11.025,6.0,-1,20.453342623295047,55.0,0.050666666666666665,12500.0,0.0,0.0,0.0,48.192480961682705,optimal
2021-02-08 06:30:00,1,87,3.5714285714285716,0.0,0.0,0.11313333333333334,11.2875,6.0,-1,20.541330452424532,55.0,0.050666666666666665,12500.0,0.0,0.0,0.0,48.144288480721016,optimal
2021-02-08 07:00:00,1,87,0.0,0.0,0.0,0.1405,12.936,6.0,-1,20.62796651726576,55.0,0.050666666666666665,0.0,0.0,0.0,0.0,48.096144192240295,optimal
2021-02-08 07:30:00,1,87,0.0,0.0,0.0,0.20976666666666668,13.0095,6.0,-1,20.50935359119519,55.0,0.04133333333333333,0.0,0.0,0.0,0.0,48.048048048048045,optimal
2021-02-08 08:00:00,1,87,0.0,0.0,0.0,0.33996666666666664,13.671,6.0,-1,20.396180820721305,55.0,0.037333333333333336,0.0,0.0,0.0,0.0,48.0,optimal
2021-02-08 08:30:00,1,87,0.0,0.0,0.0,0.20703333333333332,13.188,6.0,-1,20.287618804633663,55.0,0.037333333333333336,0.0,0.0,0.0,0.0,47.57531242271513,optimal
2021-02-08 09:00:00,1,87,0.0,0.0,0.0,0.13276666666666667,13.8495,6.0,-1,20.174823859146848,55.0,0.037333333333333336,0.0,0.0,0.0,0.0,47.151049533007544,optimal
2021-02-08 09:30:00,1,87,1.4816719321182852,0.0,0.0,0.15619999999999998,13.23,6.0,-1,20.076576943796827,55.0,0.037333333333333336,5185.851762413999,0.0,0.0,0.0,46.72721090618967,optimal
2021-02-08 10:00:00,1,87,0.0,0.0,0.0,0.062,13.3665,6.0,-1,20.06519860641684,55.0,0.037333333333333336,0.0,0.0,0.0,0.0,46.30379611799861,optimal
2021-02-08 10:30:00,1,87,2.4231687397376778,0.0,0.0,0.06583333333333333,13.0515,6.0,-1,20.0,55.0,0.037333333333333336,8481.090589081872,0.0,0.0,0.0,45.88080474459574,optimal
2021-02-08 11:00:00,1,87,0.0,0.0,0.0,0.17426666666666668,13.5345,6.0,-1,20.0732827024539,55.0,0.037333333333333336,0.0,0.0,0.0,0.0,45.458236362566275,optimal
2021-02-08 11:30:00,1,87,0.0,0.0,0.0,0.13003333333333333,14.154,6.0,-1,20.045328415654378,55.0,0.037333333333333336,0.0,0.0,0.0,0.0,45.03609054891884,optimal
2021-02-08 12:00:00,1,87,0.0,0.0,0.0,0.15413333333333332,14.112,6.0,-1,20.0174370919302,55.0,0.036,0.0,0.0,0.0,0.0,44.614366881085054,optimal
2021-02-08 12:30:00,1,87,0.0,0.0,0.0,0.48783333333333334,14.2485,6.0,-1,20.003724658112027,55.0,0.036,0.0,0.0,0.0,0.0,44.1930649369191,optimal
2021-02-08 13:00:00,1,87,0.3385167031278969,0.0,0.0,0.4669666666666666,12.789,6.0,-1,20.0,55.0,0.036,1184.808460947639,0.0,0.0,0.0,43.77218429469731,optimal
2021-02-08 13:30:00,1,87,0.0,0.0,0.0,0.3136666666666667,13.0095,6.0,-1,20.011407046795167,55.0,0.034666666666666665,0.0,0.0,0.0,0.0,43.351724533117746,optimal
2021-02-08 14:00:00,1,87,3.5714285714285716,0.0,0.0,0.4426666666666667,12.1275,6.0,-1,20.000607969478533,55.0,0.034666666666666665,12500.0,0.0,0.0,0.0,42.93168523129976,optimal
2021-02-08 14:30:00,1,87,3.5714285714285716,0.0,0.0,0.22066666666666662,12.348,6.0,-1,20.19843743334107,55.0,0.034,12500.0,0.0,0.0,0.0,42.51206596878359,optimal
2021-02-08 15:00:00,1,87,3.5714285714285716,0.0,0.0,0.3101333333333333,12.348,6.0,-1,20.390729250967528,55.0,0.034,12500.0,0.0,0.0,0.0,42.09286632552993,optimal
2021-02-08 15:30:00,1,87,0.0,0.0,0.0,0.8028666666666667,25.389,6.0,-1,20.559033238314456,55.0,0.034,0.0,0.0,0.0,0.0,41.67408588191953,optimal
2021-02-08 16:00:00,1,87,0.0,0.0,0.0,0.062,29.1375,6.0,-1,20.528754576470238,55.0,0.034,0.0,0.0,0.0,0.0,41.25572421875274,optimal
2021-02-08 16:30:00,1,87,0.0,0.0,0.0,0.162,30.597,6.0,-1,20.45292302140285,55.0,0.032,0.0,0.0,0.0,0.0,40.83778091724912,optimal
2021-02-08 17:00:00,1,87,0.0,0.0,0.0,0.5766666666666667,33.684,6.0,-1,20.37991959775771,55.0,0.029333333333333333,0.0,0.0,0.0,0.0,40.79694313633187,optimal
2021-02-08 17:30:00,1,87,0.0,0.0,0.0,1.0730666666666666,32.445,6.0,-1,20.286906549282225,55.0,0.029333333333333333,0.0,0.0,0.0,0.0,40.75614619319554,optimal
2021-02-08 18:00:00,1,87,0.0,0.0,0.0,1.5080333333333333,28.917,6.0,-1,20.197469362496495,55.0,0.02666666666666667,0.0,0.0,0.0,0.0,40.715390047002344,optimal
2021-02-08 18:30:00,1,87,0.0,0.0,0.0,0.5293666666666667,15.876,6.0,-1,20.10109288332146,55.0,0.006666666666666667,0.0,0.0,0.0,0.0,40.67467465695534,optimal
2021-02-08 19:00:00,1,87,1.7365859074766639,0.0,0.0,0.6308666666666667,12.348,6.0,-1,20.0,55.0,0.006666666666666667,6078.050676168324,0.0,0.0,0.0,40.633999982298384,optimal
2021-02-08 19:30:00,1,87,3.4130000134018292,0.0,0.0,0.8548,12.1275,6.0,-1,20.0,55.0,0.002666666666666666,11945.500046906402,0.0,0.0,0.0,40.59336598231609,optimal
2021-02-08 20:00:00,1,87,0.0,0.0,0.0,0.6968666666666666,12.348,6.0,-1,20.10115002677189,55.0,0.002666666666666666,0.0,0.0,0.0,0.0,40.55277261633377,optimal
2021-02-08 20:30:00,1,87,0.0,0.0,0.0,1.6238666666666666,12.1275,6.0,-1,20.0,55.0,0.0,0.0,0.0,0.0,0.0,40.51221984371743,optimal
2021-02-08 21:00:00,1,87,0.0,0.0,0.0,0.5036,12.1275,6.0,-1,19.900436423302285,55.0,0.0,0.0,0.0,0.0,0.0,40.47170762387371,optimal
2021-02-08 21:30:00,1,87,0.0,0.0,0.0,0.8016333333333333,11.2665,6.0,-1,19.79476542805416,55.0,0.0,0.0,0.0,0.0,0.0,40.43123591624984,optimal
2021-02-08 22:00:00,1,87,0.21895238095238095,0.0,0.0,0.6962,10.143,6.0,-1,19.697269091656842,55.0,0.004666666666666667,0.0,0.0,766.3333333333334,0.0,40.39080468033359,optimal
2021-02-08 22:30:00,1,87,0.0,0.0,0.0,0.5605,11.2455,6.0,-1,19.598419558020304,55.0,0.0,0.0,0.0,0.0,0.0,40.35041387565325,optimal
2021-02-08 23:00:00,1,87,0.0,0.0,0.0,0.6214333333333333,11.025,6.0,-1,19.500148012283304,55.0,0.0,0.0,0.0,0.0,0.0,40.3100634617776,optimal
2021-02-08 23:30:00,1,87,0.0,0.0,0.0,0.5009666666666666,5.9745,6.0,-1,19.405581242945146,55.0,0.0,0.0,0.0,0.0,0.0,40.26975339831583,optimal
2021-02-09 00:00:00,1,87,3.5714285714285716,0.0,0.0,0.04933333333333333,11.823,6.0,-3,19.405581242945146,55.0,0.0,12291.0,0.0,209.0,0.0,40.229483644917515,optimal
2021-02-09 00:30:00,1,87,3.5714285714285716,0.0,0.0,0.05,11.7705,6.0,-3,19.492632198404117,55.0,0.03989763783140901,8330.696846617759,0.0,4169.303153382241,0.0,40.1892541612726,optimal
2021-02-09 01:00:00,1,87,3.5714285714285716,0.0,5.0,0.05,11.13,6.0,-3,19.514024336327804,55.0,0.03989763783140901,12500.0,0.0,0.0,0.0,42.52406490711133,optimal
2021-02-09 01:30:00,1,87,3.5714285714285716,0.0,0.0,0.05,11.6865,6.0,-3,19.603895699401622,55.0,0.03989763783140901,12500.0,0.0,0.0,0.0,42.48154084220422,optimal
2021-02-09 02:00:00,1,87,3.5714285714285716,0.0,5.0,0.05,10.7205,6.0,-3,19.692598327124497,55.0,0.03989763783140901,12500.0,0.0,0.0,0.0,44.814059301362015,optimal
2021-02-09 02:30:00,1,87,3.5714285714285716,0.0,0.0,0.05,11.424,6.0,-3,19.780139413537167,55.0,0.03989763783140901,12500.0,0.0,0.0,0.0,44.769245242060656,optimal
2021-02-09 03:00:00,1,87,3.5714285714285716,0.0,5.0,0.1264,10.689,6.0,-3,19.867449419316653,55.0,0.03989763783140901,12500.0,0.0,0.0,0.0,47.0994759968186,optimal
2021-02-09 03:30:00,1,87,3.5714285714285716,0.0,3.2155474040179626,0.11366666666666668,11.361,6.0,-3,19.955781381121575,55.0,0.03989763783140901,12500.0,0.0,0.0,0.0,48.579761537730306,optimal
2021-02-09 04:00:00,1,87,3.5714285714285716,0.0,0.0,0.05,11.571,6.0,-3,20.043976562063005,55.0,0.03989763783140901,12500.0,0.0,0.0,0.0,48.53118177619257,optimal
2021-02-09 04:30:00,1,87,3.4461273434438984,0.0,0.0,0.19006666666666663,14.3745,6.0,-3,20.131201394573722,55.0,0.03989763783140901,12061.445702053645,0.0,0.0,0.0,48.48265059441637,optimal
2021-02-09 05:00:00,1,87,3.5714285714285716,0.0,0.0,0.05,13.23,6.0,-3,20.212383842717244,55.0,0.03989763783140901,12500.0,0.0,0.0,0.0,48.434167943821954,optimal
2021-02-09 05:30:00,1,87,3.5714285714285716,0.0,0.0,0.0882,13.9755,6.0,-3,20.297340978796676,55.0,0.03989763783140901,12500.0,0.0,0.0,0.0,48.38573377587813,optimal
2021-02-09 06:00:00,1,87,0.0,0.0,0.0,0.15186666666666668,14.994,6.0,-3,20.382400976332196,55.0,0.03989763783140901,0.0,0.0,0.0,0.0,48.33734804210225,optimal
2021-02-09 06:30:00,1,87,3.5714285714285716,0.0,0.0,0.05,13.671,6.0,-3,20.263200586328466,55.0,0.03989763783140901,12500.0,0.0,0.0,0.0,48.289010694060146,optimal
2021-02-09 07:00:00,1,87,0.0,0.0,0.0,0.05,15.981,6.0,-3,20.347537154406922,55.0,0.03989763783140901,0.0,0.0,0.0,0.0,48.240721683366075,optimal
2021-02-09 07:30:00,1,87,0.0,0.0,0.0,0.19006666666666663,15.6345,6.0,-3,20.226267005755833,55.0,0.03989763783140901,0.0,0.0,0.0,0.0,48.192480961682705,optimal
2021-02-09 08:00:00,1,87,0.0,0.0,0.0,1.4656666666666667,16.5375,6.0,-3,20.10742240965772,55.0,0.03656430449807568,0.0,0.0,0.0,0.0,48.144288480721016,optimal
2021-02-09 08:30:00,1,87,3.2784970058434015,0.0,0.0,1.7003,14.7735,6.0,-3,20.0,55.0,0.035230971164742345,11474.739520451905,0.0,0.0,0.0,48.096144192240295,optimal
2021-02-09 09:00:00,1,87,0.0,0.0,0.0,0.9614666666666668,15.2145,6.0,-3,20.08901345234484,55.0,0.031230971164742344,0.0,0.0,0.0,0.0,48.048048048048045,optimal
2021-02-09 09:30:00,1,87,1.5678476412937212,0.0,0.0,0.9932666666666667,14.553,6.0,-3,20.0,55.0,0.02856430449807568,5487.466744528024,0.0,0.0,0.0,48.0,optimal
2021-02-09 10:00:00,1,87,1.8673850953536388,0.0,0.0,0.3379,14.3325,6.0,-3,20.0,55.0,0.02856430449807568,6535.847833737736,0.0,0.0,0.0,47.73432123463049,optimal
2021-02-09 10:30:00,1,87,0.0,0.0,0.0,0.9078333333333334,14.595,6.0,-3,20.054839538584456,55.0,0.02656430449807568,0.0,0.0,0.0,0.0,47.46890814802636,optimal
2021-02-09 11:00:00,1,87,0.0,0.0,0.0,2.2288,14.994,6.0,-3,20.01268138154726,55.0,0.02656430449807568,0.0,0.0,0.0,0.0,47.203760474508826,optimal
2021-02-09 11:30:00,1,87,0.205453781190044,0.0,0.0,2.0169,14.3325,6.0,-3,20.0,55.0,0.02656430449807568,719.088234165154,0.0,0.0,0.0,46.93887794866481,optimal
2021-02-09 12:00:00,1,87,0.0,0.0,0.0,0.2013,13.8915,6.0,-3,20.0,55.0,0.021897637831409016,0.0,0.0,0.0,0.0,46.67426030534664,optimal
2021-02-09 12:30:00,1,87,0.0,0.0,0.0,1.7848666666666666,13.8915,6.0,-3,20.006124682780733,55.0,0.02056430449807568,0.0,0.0,0.0,0.0,46.40990727967179,optimal
2021-02-09 13:00:00,1,87,3.571428571428572,0.0,0.0,0.1184,13.4715,6.0,-3,20.011567838007814,55.0,0.025333333333333333,12001.636486715577,0.0,498.3635132844247,0.0,46.14581860702261,optimal
2021-02-09 13:30:00,1,87,3.5714285714285716,0.0,0.0,2.067466666666667,13.23,6.0,-3,20.21685154561252,55.0,0.025333333333333333,12500.0,0.0,0.0,0.0,45.88199402304608,optimal
2021-02-09 14:00:00,1,87,0.0,0.0,0.0,0.24830000000000002,13.8915,6.0,-3,20.435631252819963,55.0,0.025333333333333333,0.0,0.0,0.0,0.0,45.61843326365353,optimal
2021-02-09 14:30:00,1,87,0.0,0.0,0.0,0.0636,26.9325,6.0,-3,20.436347721715077,55.0,0.025333333333333333,0.0,0.0,0.0,0.0,45.35513606502037,optimal
2021-02-09 15:00:00,1,87,0.0,0.0,0.0,0.21206666666666663,30.303,6.0,-3,20.43520660510089,55.0,0.02266666666666667,0.0,0.0,0.0,0.0,45.09210216358584,optimal
2021-02-09 15:30:00,1,87,0.0,0.0,0.0,0.072,32.886,6.0,-3,20.41184182472688,55.0,0.02266666666666667,0.0,0.0,0.0,0.0,44.82933129605275,optimal
2021-02-09 16:00:00,1,87,0.0,0.0,0.0,1.1896333333333335,34.9965,6.0,-3,20.38528595642671,55.0,0.02266666666666667,0.0,0.0,0.0,0.0,44.7845019647567,optimal
2021-02-09 16:30:00,1,87,0.0,0.0,0.0,3.4588,33.327,6.0,-3,20.32645111001138,55.0,0.020666666666666663,0.0,0.0,0.0,0.0,44.739717462791944,optimal
2021-02-09 17:00:00,1,87,0.0,0.0,0.0,4.446433333333333,31.122,6.0,-3,20.27955060576813,55.0,0.020666666666666663,0.0,0.0,0.0,0.0,44.694977745329155,optimal
2021-02-09 17:30:00,1,87,0.0,0.0,0.0,1.6474666666666666,17.9025,6.0,-3,20.19689938587067,55.0,0.0,0.0,0.0,0.0,0.0,44.650282767583825,optimal
2021-02-09 18:00:00,1,87,0.0,0.0,0.0,0.9784666666666668,15.6555,6.0,-3,20.106119469013784,55.0,0.0,0.0,0.0,0.0,0.0,44.60563248481624,optimal
2021-02-09 18:30:00,1,87,1.8208659133466987,0.0,0.0,0.9977,14.553,6.0,-3,20.0,55.0,0.0,6373.030696713445,0.0,0.0,0.0,44.56102685233142,optimal
2021-02-09 19:00:00,1,87,1.7850316295890603,0.0,0.0,0.2142666666666667,14.3325,6.0,-3,20.0,55.0,0.0,6247.610703561711,0.0,0.0,0.0,44.516465825479095,optimal
2021-02-09 19:30:00,1,87,1.8844411533985972,0.0,0.0,0.072,13.335,6.0,-3,20.0,55.0,0.0,6595.54403689509,0.0,0.0,0.0,44.471949359653614,optimal
2021-02-09 20:00:00,1,87,1.7584125819700567,0.0,0.0,2.071133333333333,12.1275,6.0,-3,20.0,55.0,0.0,6154.444036895198,0.0,0.0,0.0,44.42747741029396,optimal
2021-02-09 20:30:00,1,87,0.0,0.0,0.0,1.9435333333333333,12.2955,6.0,-3,20.0,55.0,0.0,0.0,0.0,0.0,0.0,44.383049932883665,optimal
2021-02-09 21:00:00,1,87,0.0199047619047619,0.0,0.0,0.30943333333333334,11.6865,6.0,-3,19.897471647241748,55.0,0.0,0.0,0.0,69.66666666666666,0.0,44.33866688295078,optimal
2021-02-09 21:30:00,1,87,0.0,0.0,0.0,0.5115666666666666,11.466,6.0,-3,19.79480759349407,55.0,0.0,0.0,0.0,0.0,0.0,44.29432821606783,optimal
2021-02-09 22:00:00,1,87,0.0,0.0,0.0,0.26439999999999997,10.8045,6.0,-3,19.69506879469913,55.0,0.0,0.0,0.0,0.0,0.0,44.250033887851764,optimal
2021-02-09 22:30:00,1,87,0.0,0.0,0.0,0.18096666666666666,10.584,6.0,-3,19.58739265150544,55.0,0.0,0.0,0.0,0.0,0.0,44.205783853963915,optimal
2021-02-09 23:00:00,1,87,0.0,0.0,0.0,0.06,11.2455,6.0,-3,19.473706534484627,55.0,0.0,0.0,0.0,0.0,0.0,44.161578070109954,optimal
2021-02-09 23:30:00,1,87,0.0,0.0,0.0,0.20006666666666664,12.1275,6.0,-3,19.35904624940701,55.0,0.0,0.0,0.0,0.0,0.0,44.117416492039844,optimal
2021-02-10 00:00:00,1,87,3.5714285714285716,0.0,0.0,0.062,11.508,6.0,-2,19.35904624940701,55.0,0.0,12500.0,0.0,0.0,0.0,44.0732990755478,optimal
2021-02-10 00:30:00,1,87,3.5714285714285716,0.0,0.0,0.21656666666666663,11.508,6.0,-2,19.4481838528498,55.0,0.08333333333333333,3791.666666666666,0.0,8708.333333333334,0.0,44.02922577647225,optimal
2021-02-10 01:00:00,1,87,3.5714285714285716,0.0,0.0,0.062,11.844,6.0,-2,19.397238429794648,55.0,0.08333333333333333,12500.0,0.0,0.0,0.0,43.98519655069578,optimal
2021-02-10 01:30:00,1,87,3.5714285714285716,0.0,0.0,0.11853333333333332,11.508,6.0,-2,19.48490986363171,55.0,0.08333333333333333,12500.0,0.0,0.0,0.0,43.94121135414509,optimal
2021-02-10 02:00:00,1,87,3.5714285714285716,0.0,0.0,0.06906666666666667,11.508,6.0,-2,19.57235225444434,55.0,0.08333333333333333,12500.0,0.0,0.0,0.0,43.897270142790944,optimal
2021-02-10 02:30:00,1,87,3.5714285714285716,0.0,5.0,0.09026666666666668,10.4475,6.0,-2,19.657830479206723,55.0,0.08333333333333333,12500.0,0.0,0.0,0.0,46.22837287264815,optimal
2021-02-10 03:00:00,1,87,3.5714285714285716,0.0,0.0,0.09733333333333331,10.8675,6.0,-2,19.743129857356706,55.0,0.08333333333333333,12500.0,0.0,0.0,0.0,46.182144499775504,optimal
2021-02-10 03:30:00,1,87,3.5714285714285716,0.0,4.838327554834157,0.06906666666666667,10.542,6.0,-2,19.82801995205067,55.0,0.08333333333333333,12500.0,0.0,0.0,0.0,48.434167943821954,optimal
2021-02-10 04:00:00,1,87,3.5714285714285716,0.0,0.0,0.11853333333333332,11.025,6.0,-2,19.911924438301625,55.0,0.08333333333333333,12500.0,0.0,0.0,0.0,48.38573377587813,optimal
2021-02-10 04:30:00,1,87,3.5714285714285716,0.0,0.0,0.07613333333333334,11.025,6.0,-2,19.99612284037416,55.0,0.08333333333333333,12500.0,0.0,0.0,0.0,48.33734804210225,optimal
2021-02-10 05:00:00,1,87,3.5714285714285716,0.0,0.0,0.11146666666666669,14.553,6.0,-2,20.078492813323177,55.0,0.08333333333333333,12500.0,0.0,0.0,0.0,48.289010694060146,optimal
2021-02-10 05:30:00,1,87,3.5714285714285716,0.0,0.0,0.062,13.0935,6.0,-2,20.160319069316845,55.0,0.08333333333333333,12500.0,0.0,0.0,0.0,48.240721683366075,optimal
2021-02-10 06:00:00,1,87,3.5714285714285716,0.0,0.0,0.0938,15.6345,6.0,-2,20.240215728850924,55.0,0.08333333333333333,12500.0,0.0,0.0,0.0,48.192480961682705,optimal
2021-02-10 06:30:00,1,87,0.0,0.0,0.0,0.09946666666666669,18.102,6.0,-2,20.319526011248904,55.0,0.08333333333333333,0.0,0.0,0.0,0.0,48.144288480721016,optimal
2021-02-10 07:00:00,1,87,3.5714285714285716,0.0,0.0,0.064,17.199,6.0,-2,20.194799367277867,55.0,0.08333333333333333,12500.0,0.0,0.0,0.0,48.096144192240295,optimal
2021-02-10 07:30:00,1,87,0.0,0.0,0.0,0.086,18.2805,6.0,-2,20.276330408411784,55.0,0.08333333333333333,0.0,0.0,0.0,0.0,48.048048048048045,optimal
2021-02-10 08:00:00,1,87,1.2872525042568206,0.0,0.0,1.8331,17.4615,6.0,-2,20.15472935982104,55.0,0.06466666666666666,4505.383764898872,0.0,0.0,0.0,48.0,optimal
2021-02-10 08:30:00,1,87,0.0,0.0,0.0,0.8945333333333333,18.3225,6.0,-2,20.116330890357723,55.0,0.062,0.0,0.0,0.0,0.0,46.811327706277616,optimal
2021-02-10 09:00:00,1,87,1.7205576227070367,0.0,0.0,0.144,17.094,6.0,-2,20.0,55.0,0.062,6021.951679474629,0.0,0.0,0.0,45.623844084848955,optimal
2021-02-10 09:30:00,1,87,1.697738582914704,0.0,0.0,0.1676,17.094,6.0,-2,20.0,55.0,0.062,5942.085040201464,0.0,0.0,0.0,44.43754794704172,optimal
2021-02-10 10:00:00,1,87,2.0283336950515847,0.0,0.0,0.2501,17.094,6.0,-2,20.0,55.0,0.062,7099.167932680547,0.0,0.0,0.0,43.2524381053723,optimal
2021-02-10 10:30:00,1,87,0.0,0.0,0.0,0.072,17.3565,6.0,-2,20.058159766746655,55.0,0.062,0.0,0.0,0.0,0.0,42.06851337354455,optimal
2021-02-10 11:00:00,1,87,1.0488599868300519,0.0,0.0,0.08966666666666667,17.115,6.0,-2,20.0,55.0,0.062,3671.0099539051816,0.0,0.0,0.0,40.88577256644862,optimal
2021-02-10 11:30:00,1,87,0.0,0.0,0.0,0.11793333333333333,17.241,6.0,-2,20.02962180950111,55.0,0.062,0.0,0.0,0.0,0.0,39.70421450015979,optimal
2021-02-10 12:00:00,1,87,0.6045081052510393,0.0,0.0,0.13253333333333334,17.094,6.0,-2,20.0,55.0,0.06,2115.7783683786374,0.0,0.0,0.0,39.66451028565963,optimal
2021-02-10 12:30:00,1,87,3.5714285714285716,0.0,0.0,0.186,16.5165,6.0,-2,20.04137390248682,55.0,0.05733333333333333,12500.0,0.0,0.0,0.0,39.62484577537397,optimal
2021-02-10 13:00:00,1,87,0.0,0.0,0.0,0.1524,17.8185,6.0,-2,20.254290103670314,55.0,0.026466666666666677,0.0,0.0,0.0,0.0,39.5852209295986,optimal
2021-02-10 13:30:00,1,87,3.5714285714285716,0.0,0.0,0.37060000000000004,17.094,6.0,-2,20.25414743296358,55.0,0.012,12500.0,0.0,0.0,0.0,39.545635708669,optimal
2021-02-10 14:00:00,1,87,3.5714285714285716,0.0,0.0,0.37446666666666656,16.8945,6.0,-2,20.46439391571853,55.0,0.012,12500.0,0.0,0.0,0.0,39.50609007296033,optimal
2021-02-10 14:30:00,1,87,0.0,0.0,0.0,0.3793333333333333,18.123,6.0,-2,20.67029419583037,55.0,0.012,0.0,0.0,0.0,0.0,39.46658398288737,optimal
2021-02-10 15:00:00,1,87,0.0,0.0,0.0,2.397333333333333,31.647,6.0,-2,20.671897986447604,55.0,0.012,0.0,0.0,0.0,0.0,39.427117398904485,optimal
2021-02-10 15:30:00,1,87,0.0,0.0,0.0,0.4956666666666667,34.9965,6.0,-2,20.65521376777469,55.0,0.012,0.0,0.0,0.0,0.0,39.387690281505584,optimal
2021-02-10 16:00:00,1,87,0.0,0.0,0.0,0.47513333333333335,34.9965,6.0,-2,20.637931955313842,55.0,0.012,0.0,0.0,0.0,0.0,39.348302591224076,optimal
2021-02-10 16:30:00,1,87,0.0,0.0,0.0,0.49026666666666663,34.9965,6.0,-2,20.580163834865488,55.0,0.008,0.0,0.0,0.0,0.0,39.308954288632854,optimal
2021-02-10 17:00:00,1,87,0.0,0.0,0.0,0.5648,34.9965,6.0,-2,20.52039201914318,55.0,0.007333333333333333,0.0,0.0,0.0,0.0,39.26964533434422,optimal
2021-02-10 17:30:00,1,87,0.0,0.0,0.0,1.7982333333333331,34.9965,6.0,-2,20.42351876018661,55.0,0.007333333333333333,0.0,0.0,0.0,0.0,39.230375689009875,optimal
2021-02-10 18:00:00,1,87,0.0,0.0,0.0,0.5236000000000001,27.741,6.0,-2,20.332422233358734,55.0,0.007333333333333333,0.0,0.0,0.0,0.0,39.19114531332087,optimal
2021-02-10 18:30:00,1,87,0.0,0.0,0.0,0.3275,19.026,6.0,-2,20.22457918282993,55.0,0.005333333333333332,0.0,0.0,0.0,0.0,39.15195416800755,optimal
2021-02-10 19:00:00,1,87,0.0,0.0,0.0,2.2944,18.7215,6.0,-2,20.111834417704145,55.0,0.0033333333333333327,0.0,0.0,0.0,0.0,39.112802213839544,optimal
2021-02-10 19:30:00,1,87,1.9591134815207258,0.0,0.0,0.8638666666666667,17.4195,6.0,-2,20.0,55.0,0.0006666666666666665,6856.89718532254,0.0,0.0,0.0,39.07368941162571,optimal
2021-02-10 20:00:00,1,87,1.9581268050707026,0.0,0.0,3.102,16.758,6.0,-2,20.0,55.0,0.0,6853.443817747459,0.0,0.0,0.0,39.034615722214085,optimal
2021-02-10 20:30:00,1,87,0.0,0.0,0.0,1.1380666666666666,14.217,6.0,-2,20.0,55.0,0.0,0.0,0.0,0.0,0.0,38.99558110649187,optimal
2021-02-10 21:00:00,1,87,0.09952380952380951,0.0,0.0,0.513,13.3665,6.0,-2,19.886643221454325,55.0,0.0,0.0,0.0,348.3333333333333,0.0,38.95658552538538,optimal
2021-02-10 21:30:00,1,87,0.0,0.0,0.0,0.072,12.789,6.0,-2,19.77492629642029,55.0,0.0,0.0,0.0,0.0,0.0,38.917628939859995,optimal
2021-02-10 22:00:00,1,87,0.0,0.0,0.0,0.6393333333333334,11.907,6.0,-2,19.640882843894644,55.0,0.0,0.0,0.0,0.0,0.0,38.87871131092013,optimal
2021-02-10 22:30:00,1,87,0.0,0.0,0.0,2.0673000000000004,11.7075,6.0,-2,19.504535614676225,55.0,0.0,0.0,0.0,0.0,0.0,38.83983259960921,optimal
2021-02-10 23:00:00,1,87,0.0,0.0,0.0,0.072,10.8045,6.0,-2,19.372172858200965,55.0,0.0,0.0,0.0,0.0,0.0,38.8009927670096,optimal
2021-02-10 23:30:00,1,87,0.0,0.0,0.0,0.08613333333333334,11.508,6.0,-2,19.228605474714378,55.0,0.0,0.0,0.0,0.0,0.0,38.762191774242595,optimal
2021-02-11 00:00:00,1,87,3.5714285714285716,0.0,0.0,0.065,11.2455,6.0,2,19.228605474714378,55.0,0.0,12500.0,0.0,0.0,0.0,38.723429582468356,optimal
2021-02-11 00:30:00,1,87,3.5714285714285716,0.0,0.0,0.118,11.2455,6.0,2,19.29337927325241,55.0,0.03133333333333333,9225.666666666668,0.0,3274.333333333333,0.0,38.68470615288589,optimal
2021-02-11 01:00:00,1,87,3.5714285714285716,0.0,0.0,0.102,11.025,6.0,2,19.305449336929463,55.0,0.03133333333333333,12500.0,0.0,0.0,0.0,38.646021446733,optimal
2021-02-11 01:30:00,1,87,3.5714285714285716,0.0,0.0,0.14146666666666666,12.0855,6.0,2,19.371439918310298,55.0,0.03133333333333333,12500.0,0.0,0.0,0.0,38.60737542528627,optimal
2021-02-11 02:00:00,1,87,3.5714285714285716,0.0,0.0,0.21346666666666667,11.6865,6.0,2,19.437670859015967,55.0,0.03133333333333333,12500.0,0.0,0.0,0.0,38.568768049860985,optimal
2021-02-11 02:30:00,1,87,3.5714285714285716,0.0,0.0,0.074,11.2245,6.0,2,19.504673653150284,55.0,0.03133333333333333,12500.0,0.0,0.0,0.0,38.53019928181112,optimal
2021-02-11 03:00:00,1,87,3.5714285714285716,0.0,0.0,0.20253333333333334,11.025,6.0,2,19.568363680544618,55.0,0.03133333333333333,12500.0,0.0,0.0,0.0,38.49166908252931,optimal
2021-02-11 03:30:00,1,87,3.5714285714285716,0.0,5.0,0.1524,10.7835,6.0,2,19.63315181197722,55.0,0.03133333333333333,12500.0,0.0,0.0,0.0,40.82817741344678,optimal
2021-02-11 04:00:00,1,87,3.5714285714285716,0.0,0.8646842534609864,0.14946666666666666,11.025,6.0,2,19.698258694079275,55.0,0.03133333333333333,12500.0,0.0,0.0,0.0,41.198074256427304,optimal
2021-02-11 04:30:00,1,87,3.5714285714285716,0.0,5.0,0.20546666666666666,10.584,6.0,2,19.764455613413535,55.0,0.03133333333333333,12500.0,0.0,0.0,0.0,43.531876182170876,optimal
2021-02-11 05:00:00,1,87,3.5714285714285716,0.0,5.0,0.074,11.025,6.0,2,19.831162477421437,55.0,0.03133333333333333,12500.0,0.0,0.0,0.0,45.8633443059887,optimal
2021-02-11 05:30:00,1,87,3.5714285714285716,0.0,5.0,0.2089333333333333,10.4265,6.0,2,19.895304995956998,55.0,0.03133333333333333,12500.0,0.0,0.0,0.0,48.192480961682705,optimal
2021-02-11 06:00:00,1,87,3.5714285714285716,0.0,0.0,0.32539999999999997,12.789,6.0,2,19.96280207267545,55.0,0.027999999999999994,12500.0,0.0,0.0,0.0,48.144288480721016,optimal
2021-02-11 06:30:00,1,87,3.5714285714285716,0.0,0.0,0.1691,12.684,6.0,2,20.034705559089222,55.0,0.027999999999999994,12500.0,0.0,0.0,0.0,48.096144192240295,optimal
2021-02-11 07:00:00,1,87,3.5714285714285716,0.0,0.0,0.07693333333333334,16.254,6.0,2,20.10606913841071,55.0,0.0033333333333333335,12500.0,0.0,0.0,0.0,48.048048048048045,optimal
2021-02-11 07:30:00,1,87,3.5714285714285716,0.0,0.0,0.5438,17.64,6.0,2,20.17987412405037,55.0,0.0,12500.0,0.0,0.0,0.0,48.0,optimal
2021-02-11 08:00:00,1,87,3.5714285714285716,0.0,0.0,0.2089333333333333,19.1625,6.0,2,20.2624981139211,55.0,0.0,12500.0,0.0,0.0,0.0,47.12520428207481,optimal
2021-02-11 08:30:00,1,87,0.0,0.0,0.0,0.146,26.46,6.0,2,20.33141809669277,55.0,0.0,0.0,0.0,0.0,0.0,46.25128335986755,optimal
2021-02-11 09:00:00,1,87,0.32082590124248067,0.0,0.0,0.074,20.79,6.0,2,20.193179719329382,55.0,0.0,1122.8906543486823,0.0,0.0,0.0,45.3782363585825,optimal
2021-02-11 09:30:00,1,87,0.0,0.0,0.0,0.2524,29.106,6.0,2,20.098958168728114,55.0,0.0,0.0,0.0,0.0,0.0,44.50606240429873,optimal
2021-02-11 10:00:00,1,87,1.681561884139195,0.0,0.0,0.10253333333333332,19.1835,6.0,2,20.0,55.0,0.0,5885.466594487182,0.0,0.0,0.0,43.63476062396925,optimal
2021-02-11 10:30:00,1,87,0.0,0.0,0.0,0.14146666666666666,19.6665,6.0,2,20.049890250506838,55.0,0.0,0.0,0.0,0.0,0.0,42.7643301454201,optimal
2021-02-11 11:00:00,1,87,0.320578492231599,0.0,0.0,0.14146666666666666,19.404,6.0,2,20.0,55.0,0.0,1122.0247228105966,0.0,0.0,0.0,41.89477009734949,optimal
2021-02-11 11:30:00,1,87,0.24486423586744135,0.0,0.0,0.12466666666666669,19.047,6.0,2,20.0,55.0,0.0,857.0248255360448,0.0,0.0,0.0,41.026079609326956,optimal
2021-02-11 12:00:00,1,87,0.0,0.0,0.0,0.23026666666666668,18.858,6.0,2,20.0,55.0,0.0,0.0,0.0,0.0,0.0,40.158257811792446,optimal
2021-02-11 12:30:00,1,87,0.0,0.0,0.0,0.074,19.2675,6.0,2,20.01917955166852,55.0,0.0,0.0,0.0,0.0,0.0,39.29130383605547,optimal
2021-02-11 13:00:00,1,87,0.0,0.0,0.0,0.2028,18.963,6.0,2,20.039682038590314,55.0,0.0,0.0,0.0,0.0,0.0,38.425216814294224,optimal
2021-02-11 13:30:00,1,87,0.0,0.0,0.0,0.15213333333333331,18.438,6.0,2,20.050927913847932,55.0,0.0,0.0,0.0,0.0,0.0,37.55999587955474,optimal
2021-02-11 14:00:00,1,87,0.0,0.0,0.0,0.11693333333333333,18.7425,6.0,2,20.06189006591566,55.0,0.0,0.0,0.0,0.0,0.0,36.69564016575,optimal
2021-02-11 14:30:00,1,87,3.5714285714285716,0.0,0.0,0.166,15.2145,6.0,2,20.076032353866623,55.0,0.03484,8859.22,0.0,3640.78,0.0,35.83214880765906,optimal
2021-02-11 15:00:00,1,87,3.077439398499109,0.0,0.0,0.106,17.7765,6.0,2,20.233872185781777,55.0,0.03484,10771.037894746882,0.0,0.0,0.0,34.969520940926216,optimal
2021-02-11 15:30:00,1,87,3.5714285714285716,0.0,0.0,0.27226666666666666,16.758,6.0,2,20.39124794089782,55.0,0.03484,12500.0,0.0,0.0,0.0,34.93455141998529,optimal
2021-02-11 16:00:00,1,87,3.5714285714285716,0.0,0.0,1.651,16.422,6.0,2,20.575495793645793,55.0,0.033506666666666664,12500.0,0.0,0.0,0.0,34.8996168685653,optimal
2021-02-11 16:30:00,1,87,3.5714285714285716,0.0,0.0,0.9427333333333332,16.758,6.0,2,20.732973953817634,55.0,0.03284,12500.0,0.0,0.0,0.0,34.86471725169674,optimal
2021-02-11 17:00:00,1,87,0.0,0.0,0.0,2.0968,29.358,6.0,2,20.880038983947045,55.0,0.030173333333333333,0.0,0.0,0.0,0.0,34.829852534445045,optimal
2021-02-11 17:30:00,1,87,0.0,0.0,0.0,1.2588333333333332,34.9965,6.0,2,20.78124463334786,55.0,0.029506666666666667,0.0,0.0,0.0,0.0,34.7950226819106,optimal
2021-02-11 18:00:00,1,87,0.0,0.0,0.0,0.6438666666666667,34.65,6.0,2,20.68044748770043,55.0,0.027506666666666665,0.0,0.0,0.0,0.0,34.76022765922869,optimal
2021-02-11 18:30:00,1,87,0.0,0.0,0.0,0.5012,34.9965,6.0,2,20.5493174639855,55.0,0.02684,0.0,0.0,0.0,0.0,34.72546743156946,optimal
2021-02-11 19:00:00,1,87,0.0,0.0,0.0,0.4390333333333334,34.9965,6.0,2,20.412584500872573,55.0,0.00684,0.0,0.0,0.0,0.0,34.69074196413789,optimal
2021-02-11 19:30:00,1,87,0.0,0.0,0.0,0.6107666666666667,30.4815,6.0,2,20.27116784477001,55.0,0.00684,0.0,0.0,0.0,0.0,34.65605122217375,optimal
2021-02-11 20:00:00,1,87,0.0,0.0,0.0,1.5451333333333335,21.4305,6.0,2,20.130633025867514,55.0,0.0,0.0,0.0,0.0,0.0,34.62139517095158,optimal
2021-02-11 20:30:00,1,87,1.2687295238095238,0.0,0.0,0.8282,14.3325,6.0,2,20.0,55.0,0.0,0.0,0.0,4440.553333333333,0.0,34.58677377578063,optimal
2021-02-11 21:00:00,1,87,0.05971428571428571,0.0,0.0,0.5282666666666667,13.692,6.0,2,19.858480712053186,55.0,0.0,0.0,0.0,209.0,0.0,34.55218700200485,optimal
2021-02-11 21:30:00,1,87,0.0,0.0,0.0,0.5130333333333333,14.007,6.0,2,19.71399151843466,55.0,0.0,0.0,0.0,0.0,0.0,34.51763481500284,optimal
2021-02-11 22:00:00,1,87,0.0,0.0,0.0,0.16,12.873,6.0,2,19.57036069638114,55.0,0.0,0.0,0.0,0.0,0.0,34.48311718018784,optimal
2021-02-11 22:30:00,1,87,0.0,0.0,0.0,0.3791333333333333,12.684,6.0,2,19.422249403579677,55.0,0.0,0.0,0.0,0.0,0.0,34.44863406300765,optimal
2021-02-11 23:00:00,1,87,0.0,0.0,0.0,0.074,12.306,6.0,2,19.272255945234843,55.0,0.0,0.0,0.0,0.0,0.0,34.41418542894465,optimal
2021-02-11 23:30:00,1,87,0.0,0.0,0.0,0.15273333333333333,10.6365,6.0,2,19.11413055904541,55.0,0.0,0.0,0.0,0.0,0.0,34.379771243515705,optimal
2021-02-12 00:00:00,1,87,3.5714285714285716,0.0,0.0,0.056,11.7285,6.0,4,19.11413055904541,55.0,0.0,12500.0,0.0,0.0,0.0,34.34539147227219,optimal
2021-02-12 00:30:00,1,87,3.5714285714285716,0.0,0.0,0.056,11.025,6.0,4,19.159780638499964,55.0,0.030666666666666665,9295.333333333334,0.0,3204.6666666666665,0.0,34.31104608079992,optimal
2021-02-12 01:00:00,1,87,3.5714285714285716,0.0,0.0,0.16466666666666666,10.689,6.0,4,19.15264963797036,55.0,0.030666666666666665,12500.0,0.0,0.0,0.0,34.27673503471912,optimal
2021-02-12 01:30:00,1,87,3.5714285714285716,0.0,5.0,0.2034,8.1585,6.0,4,19.19984283609101,55.0,0.030666666666666665,12500.0,0.0,0.0,0.0,36.6174582996844,optimal
2021-02-12 02:00:00,1,87,3.5714285714285716,0.0,0.2026091586459924,0.14293333333333333,10.3635,6.0,4,19.24799562592739,55.0,0.030666666666666665,12500.0,0.0,0.0,0.0,36.67708019174156,optimal
2021-02-12 02:30:00,1,87,3.5714285714285716,0.0,0.0,0.17823333333333333,10.8045,6.0,4,19.29547696814654,55.0,0.030666666666666665,12500.0,0.0,0.0,0.0,36.64040311154981,optimal
2021-02-12 03:00:00,1,87,3.5714285714285716,0.0,0.0,0.1898333333333333,11.025,6.0,4,19.345090963471456,55.0,0.030666666666666665,12500.0,0.0,0.0,0.0,36.60376270843826,optimal
2021-02-12 03:30:00,1,87,3.5714285714285716,0.0,5.0,0.07773333333333333,10.3635,6.0,4,19.3964362220163,55.0,0.030666666666666665,12500.0,0.0,0.0,0.0,38.94215894572982,optimal
2021-02-12 04:00:00,1,87,3.5714285714285716,0.0,0.0,0.2034,10.8045,6.0,4,19.44993774849762,55.0,0.030666666666666665,12500.0,0.0,0.0,0.0,38.90321678678409,optimal
2021-02-12 04:30:00,1,87,3.5714285714285716,0.0,5.0,0.16466666666666666,10.059,6.0,4,19.509477455438066,55.0,0.030666666666666665,12500.0,0.0,0.0,0.0,41.2393135699973,optimal
2021-02-12 05:00:00,1,87,3.5714285714285716,0.0,0.0,0.056,10.584,6.0,4,19.572324911184182,55.0,0.030666666666666665,12500.0,0.0,0.0,0.0,41.198074256427304,optimal
2021-02-12 05:30:00,1,87,3.5714285714285716,0.0,5.0,0.22803333333333334,9.4185,6.0,4,19.63731408036242,55.0,0.030666666666666665,12500.0,0.0,0.0,0.0,43.531876182170876,optimal
2021-02-12 06:00:00,1,87,3.5714285714285716,0.0,5.0,0.14003333333333334,10.3635,6.0,4,19.709645856120453,55.0,0.030666666666666665,12500.0,0.0,0.0,0.0,45.8633443059887,optimal
2021-02-12 06:30:00,1,87,3.5714285714285716,0.0,5.0,0.06446666666666667,9.8385,6.0,4,19.78501507538487,55.0,0.027333333333333334,12500.0,0.0,0.0,0.0,48.192480961682705,optimal
2021-02-12 07:00:00,1,87,3.5714285714285716,0.0,0.0,0.2447666666666667,11.067,6.0,4,19.86219271237635,55.0,0.02266666666666667,12500.0,0.0,0.0,0.0,48.144288480721016,optimal
2021-02-12 07:30:00,1,87,3.5714285714285716,0.0,0.0,1.4142666666666668,10.8465,6.0,4,19.94377461918541,55.0,0.02266666666666667,12500.0,0.0,0.0,0.0,48.096144192240295,optimal
2021-02-12 08:00:00,1,87,3.5714285714285716,0.0,0.0,0.192,13.671,6.0,4,20.023706935954436,55.0,0.017333333333333333,12500.0,0.0,0.0,0.0,48.048048048048045,optimal
2021-02-12 08:30:00,1,87,3.5714285714285716,0.0,0.0,0.4266666666666667,12.348,6.0,4,20.0983002798232,55.0,0.008666666666666666,12500.0,0.0,0.0,0.0,48.0,optimal
2021-02-12 09:00:00,1,87,0.8230371669866432,0.0,0.0,0.1024,14.3325,6.0,4,20.176315786622755,55.0,0.008666666666666666,2880.630084453251,0.0,0.0,0.0,47.77947618560168,optimal
2021-02-12 09:30:00,1,87,0.0,0.0,0.0,0.066,15.393,6.0,4,20.10506160325188,55.0,0.008666666666666666,0.0,0.0,0.0,0.0,47.55917289501776,optimal
2021-02-12 10:00:00,1,87,1.9645268738741026,0.0,0.0,0.2568666666666667,13.587,6.0,4,20.0,55.0,0.008666666666666666,6875.844058559359,0.0,0.0,0.0,47.33908990772442,optimal
2021-02-12 10:30:00,1,87,0.0,0.0,0.0,0.13119999999999998,16.1385,6.0,4,20.065807897148453,55.0,0.008666666666666666,0.0,0.0,0.0,0.0,47.11922700341838,optimal
2021-02-12 11:00:00,1,87,0.0,0.0,0.0,0.066,14.595,6.0,4,20.018971433596324,55.0,0.008666666666666666,0.0,0.0,0.0,0.0,46.89958396201664,optimal
2021-02-12 11:30:00,1,87,0.0,0.0,0.0,0.1866,14.637,6.0,4,20.008311164648138,55.0,0.008666666666666666,0.0,0.0,0.0,0.0,46.68016056365631,optimal
2021-02-12 12:00:00,1,87,0.0,0.0,0.0,0.29253333333333337,13.9125,6.0,4,20.0,55.0,0.004,0.0,0.0,0.0,0.0,46.46095658869434,optimal
2021-02-12 12:30:00,1,87,0.0,0.0,0.0,1.7605333333333333,13.3665,6.0,4,20.008420631230862,55.0,0.0033333333333333335,0.0,0.0,0.0,0.0,46.241971817707324,optimal
2021-02-12 13:00:00,1,87,0.0,0.0,0.0,0.4024,13.0095,6.0,4,20.0228325643622,55.0,0.002,0.0,0.0,0.0,0.0,46.0232060314913,optimal
2021-02-12 13:30:00,1,87,0.0,0.0,0.0,0.43773333333333336,13.8915,6.0,4,20.032584562285983,55.0,0.002,0.0,0.0,0.0,0.0,45.80465901106149,optimal
2021-02-12 14:00:00,1,87,0.0,0.0,0.0,0.4288,13.188,6.0,4,20.04208518666205,55.0,0.0,0.0,0.0,0.0,0.0,45.58633053765211,optimal
2021-02-12 14:30:00,1,87,0.13933333333333334,0.0,0.0,0.3907,12.5685,6.0,4,20.04189409534492,55.0,0.0,0.0,0.0,487.6666666666667,0.0,45.36822039271614,optimal
2021-02-12 15:00:00,1,87,0.0796190476190476,0.0,0.0,0.2265,12.285,6.0,4,20.040594219261255,55.0,0.0,0.0,0.0,278.66666666666663,0.0,45.150328357925105,optimal
2021-02-12 15:30:00,1,87,3.5714285714285716,0.0,0.0,0.46793333333333326,11.487,6.0,4,20.0230173694677,55.0,0.018666666666666668,10340.333333333334,0.0,2159.6666666666665,0.0,45.10517802956718,optimal
2021-02-12 16:00:00,1,87,0.7166564194072893,0.0,0.0,0.1293,11.802,6.0,4,20.182653878396664,55.0,0.01564,2508.2974679255126,0.0,0.0,0.0,45.06007285153761,optimal
2021-02-12 16:30:00,1,87,3.5714285714285716,0.0,0.0,0.5982666666666666,11.2245,6.0,4,20.17099966324039,55.0,0.012666666666666666,12500.0,0.0,0.0,0.0,45.01501277868607,optimal
2021-02-12 17:00:00,1,87,3.5714285714285716,0.0,0.0,0.4259,11.025,6.0,4,20.330992354303902,55.0,0.011333333333333334,12500.0,0.0,0.0,0.0,44.96999776590739,optimal
2021-02-12 17:30:00,1,87,3.5714285714285716,0.0,0.0,0.2082333333333333,11.907,6.0,4,20.4464012640575,55.0,0.011333333333333334,12500.0,0.0,0.0,0.0,44.925027768141476,optimal
2021-02-12 18:00:00,1,87,0.0,0.0,0.0,0.27303333333333335,25.83,6.0,4,20.55768176438415,55.0,0.011333333333333334,0.0,0.0,0.0,0.0,44.88010274037333,optimal
2021-02-12 18:30:00,1,87,0.0,0.0,0.0,0.13176666666666667,28.035,6.0,4,20.447427487915082,55.0,0.007333333333333333,0.0,0.0,0.0,0.0,44.83522263763296,optimal
2021-02-12 19:00:00,1,87,0.0,0.0,0.0,0.11,28.119,6.0,4,20.332988705619265,55.0,0.005333333333333332,0.0,0.0,0.0,0.0,44.79038741499533,optimal
2021-02-12 19:30:00,1,87,0.0,0.0,0.0,1.3972666666666669,30.156,6.0,4,20.219198312858037,55.0,0.005333333333333332,0.0,0.0,0.0,0.0,44.74559702758033,optimal
2021-02-12 20:00:00,1,87,0.0,0.0,0.0,0.3063333333333333,29.1585,6.0,4,20.112474759896084,55.0,0.005333333333333332,0.0,0.0,0.0,0.0,44.70085143055275,optimal
2021-02-12 20:30:00,1,87,0.0,0.0,0.0,0.14426666666666668,26.712,6.0,4,20.0,55.0,0.005333333333333332,0.0,0.0,0.0,0.0,44.6561505791222,optimal
2021-02-12 21:00:00,1,87,0.0,0.0,0.0,0.4152,15.435,6.0,4,19.884951575863578,55.0,0.002666666666666666,0.0,0.0,0.0,0.0,44.611494428543075,optimal
2021-02-12 21:30:00,1,87,0.0,0.0,0.0,0.22340000000000002,13.566,6.0,4,19.776026355590144,55.0,0.002666666666666666,0.0,0.0,0.0,0.0,44.56688293411453,optimal
2021-02-12 22:00:00,1,87,0.0,0.0,0.0,0.44996666666666657,12.789,6.0,4,19.665703938671847,55.0,0.0,0.0,0.0,0.0,0.0,44.52231605118042,optimal
2021-02-12 22:30:00,1,87,0.0,0.0,0.0,0.1847666666666667,12.1275,6.0,4,19.55909713070976,55.0,0.0,0.0,0.0,0.0,0.0,44.47779373512924,optimal
2021-02-12 23:00:00,1,87,0.0,0.0,0.0,0.14206666666666667,13.671,6.0,4,19.445273702483462,55.0,0.0,0.0,0.0,0.0,0.0,44.43331594139411,optimal
2021-02-12 23:30:00,1,87,0.0,0.0,0.0,0.1254,10.668,6.0,4,19.324601354298306,55.0,0.0,0.0,0.0,0.0,0.0,44.388882625452716,optimal
2021-02-13 00:00:00,1,87,3.5714285714285716,0.0,0.0,0.065,8.2005,6.0,3,19.324601354298306,55.0,0.0,12500.0,0.0,0.0,0.0,44.34449374282726,optimal
2021-02-13 00:30:00,1,87,2.129809523809524,0.0,0.0,0.1325,9.5655,6.0,3,19.409704448838387,55.0,0.07133333333333333,0.0,0.0,7454.333333333333,0.0,44.300149249084434,optimal
2021-02-13 01:00:00,1,87,3.5714285714285716,0.0,5.0,0.0875,7.056,6.0,3,19.290917460010814,55.0,0.07133333333333333,12500.0,0.0,0.0,0.0,46.63084909983535,optimal
2021-02-13 01:30:00,1,87,3.5714285714285716,0.0,0.0,0.184,9.3975,6.0,3,19.377212036889475,55.0,0.07133333333333333,12500.0,0.0,0.0,0.0,46.58421825073552,optimal
2021-02-13 02:00:00,1,87,0.0,0.0,0.0,0.1,10.059,6.0,3,19.464864106122366,55.0,0.07133333333333333,0.0,0.0,0.0,0.0,46.53763403248478,optimal
2021-02-13 02:30:00,1,87,3.5714285714285716,0.0,0.0,0.065,9.261,6.0,3,19.34612847058755,55.0,0.07133333333333333,12500.0,0.0,0.0,0.0,46.4910963984523,optimal
2021-02-13 03:00:00,1,87,3.5714285714285716,0.0,0.0,0.309,8.1585,6.0,3,19.4323301382089,55.0,0.07133333333333333,12500.0,0.0,0.0,0.0,46.444605302053844,optimal
2021-02-13 03:30:00,1,87,3.5714285714285716,0.0,0.0,0.065,9.4815,6.0,3,19.52199850165555,55.0,0.07133333333333333,12500.0,0.0,0.0,0.0,46.39816069675179,optimal
2021-02-13 04:00:00,1,87,3.5714285714285716,0.0,0.0,0.2438333333333333,8.379,6.0,3,19.60680984750455,55.0,0.07133333333333333,12500.0,0.0,0.0,0.0,46.351762536055034,optimal
2021-02-13 04:30:00,1,87,3.5714285714285716,0.0,0.0,0.14016666666666666,9.5235,6.0,3,19.693699248222256,55.0,0.07133333333333333,12500.0,0.0,0.0,0.0,46.30541077351898,optimal
2021-02-13 05:00:00,1,87,3.5714285714285716,0.0,0.0,0.065,8.1375,6.0,3,19.777619823971474,55.0,0.07133333333333333,12500.0,0.0,0.0,0.0,46.25910536274546,optimal
2021-02-13 05:30:00,1,87,3.5714285714285716,0.0,0.0,0.3103333333333333,10.0905,6.0,3,19.85931886523692,55.0,0.07133333333333333,12500.0,0.0,0.0,0.0,46.212846257382715,optimal
2021-02-13 06:00:00,1,87,3.5714285714285716,0.0,4.264942211699747,0.075,7.539,6.0,3,19.943896777209154,55.0,0.07133333333333333,12500.0,0.0,0.0,0.0,48.192480961682705,optimal
2021-02-13 06:30:00,1,87,3.5714285714285716,0.0,0.0,0.2435,7.938,6.0,3,20.023341235073744,55.0,0.07133333333333333,12500.0,0.0,0.0,0.0,48.144288480721016,optimal
2021-02-13 07:00:00,1,87,3.5714285714285716,0.0,0.0,0.1485,8.274,6.0,3,20.104749341711372,55.0,0.06466666666666666,12500.0,0.0,0.0,0.0,48.096144192240295,optimal
2021-02-13 07:30:00,1,87,3.5714285714285716,0.0,0.0,1.8005333333333333,9.261,6.0,3,20.188376042952413,55.0,0.030666666666666665,12500.0,0.0,0.0,0.0,48.048048048048045,optimal
2021-02-13 08:00:00,1,87,3.5714285714285716,0.0,0.0,1.9627666666666668,9.9225,6.0,3,20.287812052351498,55.0,0.030666666666666665,12500.0,0.0,0.0,0.0,48.0,optimal
2021-02-13 08:30:00,1,87,3.5714285714285716,0.0,0.0,0.32613333333333333,9.702,6.0,3,20.38812563134661,55.0,0.027333333333333334,12500.0,0.0,0.0,0.0,47.829543574459464,optimal
2021-02-13 09:00:00,1,87,2.860339385950388,0.0,0.0,0.229,10.584,6.0,3,20.466367913246458,55.0,0.027333333333333334,10011.187850826356,0.0,0.0,0.0,47.65925760534447,optimal
2021-02-13 09:30:00,1,87,3.5714285714285716,0.0,0.0,0.165,10.143,6.0,3,20.523840988310656,55.0,0.027333333333333334,12500.0,0.0,0.0,0.0,47.48914192219859,optimal
2021-02-13 10:00:00,1,87,0.0,0.0,0.0,0.138,13.0095,6.0,3,20.62222335253844,55.0,0.027333333333333334,0.0,0.0,0.0,0.0,47.31919635473586,optimal
2021-02-13 10:30:00,1,87,0.0,0.0,0.0,0.1975,11.025,6.0,3,20.553217254933568,55.0,0.027333333333333334,0.0,0.0,0.0,0.0,47.14942073284059,optimal
2021-02-13 11:00:00,1,87,0.0,0.0,0.0,0.1405,12.789,6.0,3,20.485918440136665,55.0,0.027333333333333334,0.0,0.0,0.0,0.0,46.97981488656721,optimal
2021-02-13 11:30:00,1,87,0.0,0.0,0.0,0.222,12.1275,6.0,3,20.461725729739975,55.0,0.027333333333333334,0.0,0.0,0.0,0.0,46.81037864614011,optimal
2021-02-13 12:00:00,1,87,0.0,0.0,0.0,0.075,12.1695,6.0,3,20.439324870037463,55.0,0.027333333333333334,0.0,0.0,0.0,0.0,46.64111184195343,optimal
2021-02-13 12:30:00,1,87,0.0,0.0,0.0,0.224,12.306,6.0,3,20.43260948092997,55.0,0.027333333333333334,0.0,0.0,0.0,0.0,46.47201430457095,optimal
2021-02-13 13:00:00,1,87,0.0,0.0,0.0,0.17,13.23,6.0,3,20.428991943843556,55.0,0.027333333333333334,0.0,0.0,0.0,0.0,46.303085864725844,optimal
2021-02-13 13:30:00,1,87,0.0,0.0,0.0,0.4289333333333333,13.671,6.0,3,20.433149395313578,55.0,0.027333333333333334,0.0,0.0,0.0,0.0,46.13432635332058,optimal
2021-02-13 14:00:00,1,87,0.0,0.0,0.0,0.7705333333333333,13.9335,6.0,3,20.43818064872903,55.0,0.024,0.0,0.0,0.0,0.0,45.96573560142673,optimal
2021-02-13 14:30:00,1,87,0.0,0.0,0.0,1.1023,13.293,6.0,3,20.41525261526056,55.0,0.024,0.0,0.0,0.0,0.0,45.79731344028477,optimal
2021-02-13 15:00:00,1,87,0.0,0.0,0.0,0.8543333333333334,12.1065,6.0,3,20.395709862147175,55.0,0.024,0.0,0.0,0.0,0.0,45.62905970130395,optimal
2021-02-13 15:30:00,1,87,0.0,0.0,0.0,0.1633666666666667,11.571,6.0,3,20.35468334467504,55.0,0.024,0.0,0.0,0.0,0.0,45.46097421606211,optimal
2021-02-13 16:00:00,1,87,3.5714285714285716,0.0,0.0,0.4166666666666667,11.025,6.0,3,20.304293994088027,55.0,0.024,12500.0,0.0,0.0,0.0,45.293056816305516,optimal
2021-02-13 16:30:00,1,87,3.5714285714285716,0.0,0.0,1.4994666666666667,10.8465,6.0,3,20.433948228958823,55.0,0.022,12500.0,0.0,0.0,0.0,45.125307333948676,optimal
2021-02-13 17:00:00,1,87,3.5714285714285716,0.0,0.0,0.2767333333333333,11.2455,6.0,3,20.56574273404812,55.0,0.016,12500.0,0.0,0.0,0.0,44.957725601074195,optimal
2021-02-13 17:30:00,1,87,0.0,0.0,0.0,1.0763666666666665,23.8665,6.0,3,20.666021954353543,55.0,0.016,0.0,0.0,0.0,0.0,44.79031144993259,optimal
2021-02-13 18:00:00,1,87,0.0,0.0,0.0,1.9936333333333327,27.4575,6.0,3,20.56489790214993,55.0,0.016,0.0,0.0,0.0,0.0,44.623064712942124,optimal
2021-02-13 18:30:00,1,87,0.0,0.0,0.0,1.5743666666666665,27.3735,6.0,3,20.452499422445857,55.0,0.014666666666666666,0.0,0.0,0.0,0.0,44.455985222688646,optimal
2021-02-13 19:00:00,1,87,0.0,0.0,0.0,0.4945,30.4605,6.0,3,20.342221672820408,55.0,0.012,0.0,0.0,0.0,0.0,44.28907281192542,optimal
2021-02-13 19:30:00,1,87,0.0,0.0,0.0,0.2415,30.0195,6.0,3,20.230404224978074,55.0,0.012,0.0,0.0,0.0,0.0,44.12232731357296,optimal
2021-02-13 20:00:00,1,87,0.0,0.0,0.0,1.5053666666666665,26.9325,6.0,3,20.111653864144092,55.0,0.012,0.0,0.0,0.0,0.0,43.95574856071885,optimal
2021-02-13 20:30:00,1,87,0.0,0.0,0.0,1.2104333333333335,14.595,6.0,3,20.0,55.0,0.006666666666666667,0.0,0.0,0.0,0.0,43.7893363866176,optimal
2021-02-13 21:00:00,1,87,0.0,0.0,0.0,0.36669999999999997,12.4845,6.0,3,19.89576602515664,55.0,0.004666666666666667,0.0,0.0,0.0,0.0,43.74554705023098,optimal
2021-02-13 21:30:00,1,87,0.0,0.0,0.0,1.6738333333333333,12.1275,6.0,3,19.788914104095944,55.0,0.004666666666666667,0.0,0.0,0.0,0.0,43.701801503180754,optimal
2021-02-13 22:00:00,1,87,0.0,0.0,0.0,1.0238333333333334,12.1275,6.0,3,19.686473869179856,55.0,0.002,0.0,0.0,0.0,0.0,43.65809970167757,optimal
2021-02-13 22:30:00,1,87,0.0,0.0,0.0,2.2470666666666665,12.789,6.0,3,19.581670260040195,55.0,0.0,0.0,0.0,0.0,0.0,43.61444160197589,optimal
2021-02-13 23:00:00,1,87,0.0,0.0,0.0,0.9790666666666669,11.907,6.0,3,19.477074786732626,55.0,0.0,0.0,0.0,0.0,0.0,43.570827160373916,optimal
2021-02-13 23:30:00,1,87,0.0,0.0,0.0,0.2525,11.025,6.0,3,19.362652393751002,55.0,0.0,0.0,0.0,0.0,0.0,43.52725633321354,optimal
2021-02-07 00:00:00,2,87,0.0,0.0,0.0,0.14213333333333333,10.584,6.0,4,21.0,55.0,0.12,0.0,0.0,0.0,0.0,47.952,optimal
2021-02-07 00:30:00,2,87,2.8898300096245446,0.0,0.0,0.14586666666666667,6.678,6.0,4,20.894391101425096,55.0,0.118,10114.405033685907,0.0,0.0,0.0,47.904047999999996,optimal
2021-02-07 01:00:00,2,87,0.0,0.0,0.0,0.108,7.938,6.0,4,20.95477583776865,55.0,0.118,0.0,0.0,0.0,0.0,47.856143952,optimal
2021-02-07 01:30:00,2,87,3.5714285714285716,0.0,0.0,0.1675,5.292,6.0,4,20.844882053813443,55.0,0.118,12500.0,0.0,0.0,0.0,47.80828780804799,optimal
2021-02-07 02:00:00,2,87,0.0,0.0,0.0,0.1235,9.261,6.0,4,20.941111512964575,55.0,0.118,0.0,0.0,0.0,0.0,47.76047952023995,optimal
2021-02-07 02:30:00,2,87,0.0,0.0,0.0,0.22666666666666663,10.3635,6.0,4,20.83094022484313,55.0,0.11333333333333333,0.0,0.0,0.0,0.0,47.712719040719705,optimal
2021-02-07 03:00:00,2,87,0.0,0.0,0.0,0.3056666666666667,8.274,6.0,4,20.72447280338082,55.0,0.11066666666666666,0.0,0.0,0.0,0.0,47.66500632167899,optimal
2021-02-07 03:30:00,2,87,0.0,0.0,0.0,0.06533333333333333,7.7175,6.0,4,20.61918813596287,55.0,0.11066666666666666,0.0,0.0,0.0,0.0,47.61734131535731,optimal
2021-02-07 04:00:00,2,87,3.5714285714285716,0.0,0.0,0.203,6.615,6.0,4,20.50850665667147,55.0,0.11066666666666666,12500.0,0.0,0.0,0.0,47.56972397404195,optimal
2021-02-07 04:30:00,2,87,3.5714285714285716,0.0,0.0,0.12266666666666669,6.174,6.0,4,20.60523382554923,55.0,0.11066666666666666,12500.0,0.0,0.0,0.0,47.522154250067906,optimal
2021-02-07 05:00:00,2,87,3.5714285714285716,0.0,0.0,0.14666666666666667,3.906,6.0,4,20.70004954777234,55.0,0.11066666666666666,12500.0,0.0,0.0,0.0,47.47463209581784,optimal
2021-02-07 05:30:00,2,87,3.5714285714285716,0.0,0.0,0.30526666666666663,2.3415,6.0,4,20.795102398239223,55.0,0.108,12500.0,0.0,0.0,0.0,47.42715746372202,optimal
2021-02-07 06:00:00,2,87,3.5714285714285716,0.0,0.0,0.109,2.205,6.0,4,20.893649373834556,55.0,0.08733333333333333,12500.0,0.0,0.0,0.0,47.379730306258296,optimal
2021-02-07 06:30:00,2,87,3.5714285714285716,0.0,1.7093429574083978,0.20816666666666664,0.882,6.0,4,20.989381953267074,55.0,0.08533333333333333,12500.0,0.0,0.0,0.0,48.144288480721016,optimal
2021-02-07 07:00:00,2,87,3.5714285714285716,0.0,0.0,0.3995,1.5435,6.0,4,21.08686815948555,55.0,0.08333333333333333,12500.0,0.0,0.0,0.0,48.096144192240295,optimal
2021-02-07 07:30:00,2,87,3.5714285714285716,0.0,0.0,0.201,1.5435,6.0,4,21.185901155656676,55.0,0.08266666666666667,12500.0,0.0,0.0,0.0,48.048048048048045,optimal
2021-02-07 08:00:00,2,87,3.5714285714285716,0.0,0.0,0.5053333333333333,5.0715,6.0,4,21.280704711920617,55.0,0.04266666666666667,12500.0,0.0,0.0,0.0,48.0,optimal
2021-02-07 08:30:00,2,87,3.5714285714285716,0.0,0.0,1.3293333333333333,5.376,6.0,4,21.379064106119927,55.0,0.04133333333333334,12500.0,0.0,0.0,0.0,46.999349270776605,optimal
2021-02-07 09:00:00,2,87,3.5714285714285716,0.0,0.0,0.32776666666666665,5.0715,6.0,4,21.48725221826487,55.0,0.04133333333333334,12500.0,0.0,0.0,0.0,45.999699192282435,optimal
2021-02-07 09:30:00,2,87,3.5714285714285716,0.0,0.0,0.10583333333333332,5.5125,6.0,4,21.588240916589605,55.0,0.04133333333333334,12500.0,0.0,0.0,0.0,45.00104876386676,optimal
2021-02-07 10:00:00,2,87,0.0,0.0,0.0,0.118,9.261,6.0,4,21.68347789889246,55.0,0.04133333333333334,0.0,0.0,0.0,0.0,44.003396985879505,optimal
2021-02-07 10:30:00,2,87,0.0,0.0,0.0,0.20616666666666664,11.7075,6.0,4,21.58909740340936,55.0,0.04133333333333334,0.0,0.0,0.0,0.0,43.00674285967023,optimal
2021-02-07 11:00:00,2,87,0.0,0.0,0.0,0.0995,12.348,6.0,4,21.496126697928354,55.0,0.04133333333333334,0.0,0.0,0.0,0.0,42.01108538758717,optimal
2021-02-07 11:30:00,2,87,0.0,0.0,0.0,0.18166666666666662,12.348,6.0,4,21.421820934681488,55.0,0.04133333333333334,0.0,0.0,0.0,0.0,41.016423572976194,optimal
2021-02-07 12:00:00,2,87,0.0,0.0,0.0,0.16666666666666666,12.1275,6.0,4,21.349318639605443,55.0,0.04133333333333334,0.0,0.0,0.0,0.0,40.022756420179824,optimal
2021-02-07 12:30:00,2,87,0.0,0.0,0.0,0.10733333333333331,12.5265,6.0,4,21.291055091194224,55.0,0.04133333333333334,0.0,0.0,0.0,0.0,39.03008293453625,optimal
2021-02-07 13:00:00,2,87,0.0,0.0,0.0,0.07,11.7495,6.0,4,21.232178157037243,55.0,0.04133333333333334,0.0,0.0,0.0,0.0,38.03840212237832,optimal
2021-02-07 13:30:00,2,87,0.0,0.0,0.0,0.13233333333333333,13.23,6.0,4,21.16021709828253,55.0,0.04133333333333334,0.0,0.0,0.0,0.0,37.04771299103255,optimal
2021-02-07 14:00:00,2,87,0.0,0.0,0.0,0.2133333333333333,14.3325,6.0,4,21.090027928081074,55.0,0.04133333333333334,0.0,0.0,0.0,0.0,36.05801454881812,optimal
2021-02-07 14:30:00,2,87,0.0,0.0,0.0,0.08066666666666668,14.994,6.0,4,21.02711973335475,55.0,0.04133333333333334,0.0,0.0,0.0,0.0,35.06930580504591,optimal
2021-02-07 15:00:00,2,87,0.0,0.0,0.0,0.265,14.8155,6.0,4,20.962733137925706,55.0,0.04133333333333334,0.0,0.0,0.0,0.0,34.08158577001747,optimal
2021-02-07 15:30:00,2,87,0.0,0.0,0.0,0.07266666666666667,14.112,6.0,4,20.914504293707637,55.0,0.04133333333333334,0.0,0.0,0.0,0.0,33.09485345502406,optimal
2021-02-07 16:00:00,2,87,0.0,0.0,0.0,0.11533333333333332,14.007,6.0,4,20.862498127854508,55.0,0.04133333333333334,0.0,0.0,0.0,0.0,32.10910787234564,optimal
2021-02-07 16:30:00,2,87,0.0,0.0,0.0,0.22766666666666663,13.23,6.0,4,20.782110257717367,55.0,0.04133333333333334,0.0,0.0,0.0,0.0,31.124348035249902,optimal
2021-02-07 17:00:00,2,87,0.0,0.0,0.0,0.3408333333333333,11.382,6.0,4,20.704365265862243,55.0,0.04133333333333334,0.0,0.0,0.0,0.0,30.14057295799126,optimal
2021-02-07 17:30:00,2,87,0.0,0.0,0.0,0.38073333333333337,11.7495,6.0,4,20.59974705152,55.0,0.04066666666666667,0.0,0.0,0.0,0.0,30.11043238503327,optimal
2021-02-07 18:00:00,2,87,0.0,0.0,0.0,0.42319999999999997,24.3285,6.0,4,20.50078002611582,55.0,0.04000000000000001,0.0,0.0,0.0,0.0,30.080321952648237,optimal
2021-02-07 18:30:00,2,87,0.0,0.0,0.0,0.39986666666666665,28.917,6.0,4,20.399069703705628,55.0,0.038000000000000006,0.0,0.0,0.0,0.0,30.050241630695588,optimal
2021-02-07 19:00:00,2,87,0.0,0.0,0.0,0.6399,31.3635,6.0,4,20.29984790834096,55.0,0.03266666666666667,0.0,0.0,0.0,0.0,30.02019138906489,optimal
2021-02-07 19:30:00,2,87,0.0,0.0,0.0,0.3405666666666667,33.306,6.0,4,20.204043930483646,55.0,0.030666666666666672,0.0,0.0,0.0,0.0,29.990171197675828,optimal
2021-02-07 20:00:00,2,87,0.0,0.0,0.0,0.26630000000000004,31.3425,6.0,4,20.100991894860833,55.0,0.030666666666666672,0.0,0.0,0.0,0.0,29.960181026478153,optimal
2021-02-07 20:30:00,2,87,0.0,0.0,0.0,0.5212,28.2555,6.0,4,20.0,55.0,0.026666666666666672,0.0,0.0,0.0,0.0,29.930220845451675,optimal
2021-02-07 21:00:00,2,87,0.0,0.0,0.0,0.34296666666666664,15.6975,6.0,4,19.90291267235949,55.0,0.026666666666666672,0.0,0.0,0.0,0.0,29.900290624606225,optimal
2021-02-07 21:30:00,2,87,0.0,0.0,0.0,0.473,12.5475,6.0,4,19.802458856411324,55.0,0.026666666666666672,0.0,0.0,0.0,0.0,29.870390333981618,optimal
2021-02-07 22:00:00,2,87,0.0,0.0,0.0,0.4031666666666667,12.0855,6.0,4,19.706250980758885,55.0,0.022666666666666672,0.0,0.0,0.0,0.0,29.840519943647635,optimal
2021-02-07 22:30:00,2,87,0.0,0.0,0.0,0.2407,11.907,6.0,4,19.610120350664506,55.0,0.022666666666666672,0.0,0.0,0.0,0.0,29.810679423703988,optimal
2021-02-07 23:00:00,2,87,0.0,0.0,0.0,0.22766666666666663,12.5685,6.0,4,19.508877096956752,55.0,0.022666666666666672,0.0,0.0,0.0,0.0,29.780868744280284,optimal
2021-02-07 23:30:00,2,87,0.0,0.0,0.0,0.11266666666666668,13.146,6.0,4,19.40276402268517,55.0,0.022666666666666672,0.0,0.0,0.0,0.0,29.751087875536005,optimal
2021-02-08 00:00:00,2,87,0.22414971902113193,0.0,0.0,0.13633333333333333,11.025,6.0,1,19.40276402268517,55.0,0.022666666666666672,784.5240165739617,0.0,0.0,0.0,29.72133678766047,optimal
2021-02-08 00:30:00,2,87,3.5714285714285716,0.0,5.0,0.2149333333333333,5.9745,6.0,1,19.30773146342818,55.0,0.14228389154704943,0.0,0.0,12500.0,0.0,32.06661545087281,optimal
2021-02-08 01:00:00,2,87,3.5714285714285716,0.0,0.0,0.07466666666666667,7.938,6.0,1,19.20171914869091,55.0,0.15266666666666667,11415.0,0.0,1085.0,0.0,32.03454883542194,optimal
2021-02-08 01:30:00,2,87,3.5714285714285716,0.0,0.0,0.11433333333333331,8.6835,6.0,1,19.281066412346163,55.0,0.15266666666666667,12500.0,0.0,0.0,0.0,32.00251428658652,optimal
2021-02-08 02:00:00,2,87,3.5714285714285716,0.0,4.453081481533902,0.22913333333333333,7.665,6.0,1,19.37804221412106,55.0,0.15266666666666667,12500.0,0.0,0.0,0.0,34.08572547602853,optimal
2021-02-08 02:30:00,2,87,3.5714285714285716,0.0,5.0,0.08246666666666667,6.7725,6.0,1,19.475994018018064,55.0,0.15266666666666667,12500.0,0.0,0.0,0.0,36.426639750552496,optimal
2021-02-08 03:00:00,2,87,3.5714285714285716,0.0,5.0,0.069,5.5755,6.0,1,19.571247909192728,55.0,0.15266666666666667,12500.0,0.0,0.0,0.0,38.76521311080194,optimal
2021-02-08 03:30:00,2,87,3.5714285714285716,0.0,5.0,0.1862666666666667,5.0925,6.0,1,19.666002628161824,55.0,0.15266666666666667,12500.0,0.0,0.0,0.0,41.10144789769113,optimal
2021-02-08 04:00:00,2,87,3.5714285714285716,0.0,5.0,0.17066666666666666,4.1895,6.0,1,19.761787430804326,55.0,0.15266666666666667,12500.0,0.0,0.0,0.0,43.435346449793435,optimal
2021-02-08 04:30:00,2,87,3.5714285714285716,0.0,5.0,0.077,7.056,6.0,1,19.856419303563825,55.0,0.15266666666666667,12500.0,0.0,0.0,0.0,45.76691110334364,optimal
2021-02-08 05:00:00,2,87,3.5714285714285716,0.0,5.0,0.2354,5.271,6.0,1,19.948187595561063,55.0,0.15266666666666667,12500.0,0.0,0.0,0.0,48.096144192240295,optimal
2021-02-08 05:30:00,2,87,3.5714285714285716,0.0,0.0,0.12286666666666667,7.938,6.0,1,20.041479661630355,55.0,0.15266666666666667,12500.0,0.0,0.0,0.0,48.048048048048045,optimal
2021-02-08 06:00:00,2,87,3.5714285714285716,0.0,0.0,0.0768,7.938,6.0,1,20.132067985554702,55.0,0.148,12500.0,0.0,0.0,0.0,48.0,optimal
2021-02-08 06:30:00,2,87,3.5714285714285716,0.0,0.0,0.32493333333333335,11.907,6.0,1,20.226534177973587,55.0,0.14666666666666667,12500.0,0.0,0.0,0.0,47.64414787927033,optimal
2021-02-08 07:00:00,2,87,3.5714285714285716,0.0,0.0,0.3736666666666667,11.025,6.0,1,20.32298786922675,55.0,0.142,12500.0,0.0,0.0,0.0,47.28865161066139,optimal
2021-02-08 07:30:00,2,87,3.5714285714285716,0.0,0.0,0.311,11.2875,6.0,1,20.41988234199603,55.0,0.11533333333333333,12500.0,0.0,0.0,0.0,46.933510838321055,optimal
2021-02-08 08:00:00,2,87,0.0,0.0,0.0,0.46526666666666666,12.936,6.0,1,20.516499955445944,55.0,0.11266666666666666,0.0,0.0,0.0,0.0,46.57872520675306,optimal
2021-02-08 08:30:00,2,87,0.0,0.0,0.0,0.5193666666666666,13.0095,6.0,1,20.413691849969897,55.0,0.11,0.0,0.0,0.0,0.0,46.22429436081664,optimal
2021-02-08 09:00:00,2,87,0.0,0.0,0.0,0.32666666666666666,13.671,6.0,1,20.309276442946768,55.0,0.08881333333333333,0.0,0.0,0.0,0.0,45.870217945726154,optimal
2021-02-08 09:30:00,2,87,0.0,0.0,0.0,0.30926666666666663,13.188,6.0,1,20.220542479159903,55.0,0.08733333333333333,0.0,0.0,0.0,0.0,45.51649560705076,optimal
2021-02-08 10:00:00,2,87,0.0,0.0,0.0,0.23746666666666666,13.8495,6.0,1,20.131253703089094,55.0,0.08733333333333333,0.0,0.0,0.0,0.0,45.163126990714034,optimal
2021-02-08 10:30:00,2,87,0.0,0.0,0.0,1.186233333333333,13.23,6.0,1,20.07354917924405,55.0,0.08333333333333333,0.0,0.0,0.0,0.0,44.81011174299365,optimal
2021-02-08 11:00:00,2,87,0.0,0.0,0.0,0.7794,13.3665,6.0,1,20.033145899444865,55.0,0.082,0.0,0.0,0.0,0.0,44.45744951052098,optimal
2021-02-08 11:30:00,2,87,0.0,0.0,0.0,0.4548666666666667,13.0515,6.0,1,20.022508024654186,55.0,0.08066666666666666,0.0,0.0,0.0,0.0,44.105139940280786,optimal
2021-02-08 12:00:00,2,87,0.0,0.0,0.0,0.43806666666666666,13.5345,6.0,1,20.00589118507019,55.0,0.07933333333333334,0.0,0.0,0.0,0.0,43.75318267961084,optimal
2021-02-08 12:30:00,2,87,0.0,0.0,0.0,1.2792666666666668,14.154,6.0,1,20.0,55.0,0.07933333333333334,0.0,0.0,0.0,0.0,43.40157737620156,optimal
2021-02-08 13:00:00,2,87,0.0,0.0,0.0,0.9732333333333333,14.112,6.0,1,20.009883088929882,55.0,0.078,0.0,0.0,0.0,0.0,43.05032367809569,optimal
2021-02-08 13:30:00,2,87,0.0,0.0,0.0,0.21159999999999998,14.2485,6.0,1,20.01155154140683,55.0,0.07533333333333334,0.0,0.0,0.0,0.0,42.69942123368792,optimal
2021-02-08 14:00:00,2,87,2.29017197994139,0.0,0.0,0.37239999999999995,12.789,6.0,1,20.00205233608761,55.0,0.03296,8015.601929794866,0.0,0.0,0.0,42.348869691724566,optimal
2021-02-08 14:30:00,2,87,0.0,0.0,0.0,0.4038,13.0095,6.0,1,20.127874540298322,55.0,0.023333333333333334,0.0,0.0,0.0,0.0,41.998668701303174,optimal
2021-02-08 15:00:00,2,87,3.5714285714285716,0.0,0.0,0.6308333333333334,12.1275,6.0,1,20.124528118564662,55.0,0.023333333333333334,12500.0,0.0,0.0,0.0,41.6488179118722,optimal
2021-02-08 15:30:00,2,87,3.5714285714285716,0.0,0.0,0.6720333333333333,12.348,6.0,1,20.305465447079733,55.0,0.023333333333333334,12500.0,0.0,0.0,0.0,41.29931697323066,optimal
2021-02-08 16:00:00,2,87,3.5714285714285716,0.0,0.0,0.4568666666666667,12.348,6.0,1,20.49037609113401,55.0,0.023333333333333334,12500.0,0.0,0.0,0.0,40.95016553552776,optimal
2021-02-08 16:30:00,2,87,0.0,0.0,0.0,0.43656666666666666,25.389,6.0,1,20.6395798670875,55.0,0.023333333333333334,0.0,0.0,0.0,0.0,40.60136324926256,optimal
2021-02-08 17:00:00,2,87,0.0,0.0,0.0,0.2097333333333333,29.1375,6.0,1,20.582566200536508,55.0,0.022,0.0,0.0,0.0,0.0,40.252909765283626,optimal
2021-02-08 17:30:00,2,87,0.0,0.0,0.0,0.15333333333333335,30.597,6.0,1,20.490826482993025,55.0,0.019333333333333334,0.0,0.0,0.0,0.0,39.90480473478867,optimal
2021-02-08 18:00:00,2,87,0.0,0.0,0.0,0.29519999999999996,33.684,6.0,1,20.397622011183415,55.0,0.016666666666666666,0.0,0.0,0.0,0.0,39.86489993005388,optimal
2021-02-08 18:30:00,2,87,0.0,0.0,0.0,0.27496666666666664,32.445,6.0,1,20.29661536752208,55.0,0.014,0.0,0.0,0.0,0.0,39.82503503012383,optimal
2021-02-08 19:00:00,2,87,0.0,0.0,0.0,0.26653333333333334,28.917,6.0,1,20.196762123683673,55.0,0.014,0.0,0.0,0.0,0.0,39.7852099950937,optimal
2021-02-08 19:30:00,2,87,0.0,0.0,0.0,0.5629666666666667,15.876,6.0,1,20.09701653677381,55.0,0.010666666666666666,0.0,0.0,0.0,0.0,39.745424785098606,optimal
2021-02-08 20:00:00,2,87,1.748526848117582,0.0,0.0,0.4961666666666667,12.348,6.0,1,20.0,55.0,0.010666666666666666,6119.8439684115365,0.0,0.0,0.0,39.70567936031351,optimal
2021-02-08 20:30:00,2,87,0.0,0.0,0.0,0.36073333333333335,12.1275,6.0,1,20.0,55.0,0.010666666666666666,0.0,0.0,0.0,0.0,39.66597368095319,optimal
2021-02-08 21:00:00,2,87,0.0,0.0,0.0,0.6964333333333332,12.348,6.0,1,19.896389318751886,55.0,0.010666666666666666,0.0,0.0,0.0,0.0,39.62630770727224,optimal
2021-02-08 21:30:00,2,87,0.0,0.0,0.0,1.1561333333333335,12.1275,6.0,1,19.798165001853803,55.0,0.004666666666666667,0.0,0.0,0.0,0.0,39.58668139956497,optimal
2021-02-08 22:00:00,2,87,0.0,0.0,0.0,1.2010666666666665,12.1275,6.0,1,19.707719906367295,55.0,0.002666666666666666,0.0,0.0,0.0,0.0,39.547094718165404,optimal
2021-02-08 22:30:00,2,87,0.0,0.0,0.0,0.7383666666666667,11.2665,6.0,1,19.61693487426436,55.0,0.0,0.0,0.0,0.0,0.0,39.50754762344724,optimal
2021-02-08 23:00:00,2,87,0.0199047619047619,0.0,0.0,0.338,10.143,6.0,1,19.52701206279834,55.0,0.0,0.0,0.0,69.66666666666666,0.0,39.468040075823794,optimal
2021-02-08 23:30:00,2,87,0.0,0.0,0.0,0.17326666666666668,11.2455,6.0,1,19.42082100163812,55.0,0.0,0.0,0.0,0.0,0.0,39.42857203574797,optimal
2021-02-09 00:00:00,2,87,0.0,0.0,0.0,0.127,12.2955,6.0,4,19.42082100163812,55.0,0.0,0.0,0.0,0.0,0.0,39.38914346371222,optimal
2021-02-09 00:30:00,2,87,3.5714285714285716,0.0,0.0,0.1801333333333333,11.6865,6.0,4,19.3071206839058,55.0,0.11961722488038277,0.0,0.0,12500.0,0.0,39.34975432024851,optimal
2021-02-09 01:00:00,2,87,3.5714285714285716,0.0,0.0,0.11553333333333332,11.466,6.0,4,19.19529845886908,55.0,0.13333333333333333,11066.666666666666,0.0,1433.3333333333333,0.0,39.31040456592826,optimal
2021-02-09 01:30:00,2,87,3.5714285714285716,0.0,4.604108324062604,0.19883333333333328,10.8045,6.0,4,19.264712414401895,55.0,0.13333333333333333,12500.0,0.0,0.0,0.0,41.458045615292065,optimal
2021-02-09 02:00:00,2,87,3.5714285714285716,0.0,5.0,0.2178333333333333,10.584,6.0,4,19.35792963038819,55.0,0.13333333333333333,12500.0,0.0,0.0,0.0,43.79158756967677,optimal
2021-02-09 02:30:00,2,87,3.5714285714285716,0.0,0.0,0.045,11.2455,6.0,4,19.450268781267336,55.0,0.13333333333333333,12500.0,0.0,0.0,0.0,43.747795982107085,optimal
2021-02-09 03:00:00,2,87,3.5714285714285716,0.0,0.0,0.3635,12.1275,6.0,4,19.539515895158463,55.0,0.13333333333333333,12500.0,0.0,0.0,0.0,43.70404818612497,optimal
2021-02-09 03:30:00,2,87,3.5714285714285716,0.0,0.0,0.07916666666666668,11.823,6.0,4,19.633739216953195,55.0,0.13333333333333333,12500.0,0.0,0.0,0.0,43.66034413793885,optimal
2021-02-09 04:00:00,2,87,3.5714285714285716,0.0,0.0,0.16316666666666665,11.7705,6.0,4,19.723340038229175,55.0,0.13333333333333333,12500.0,0.0,0.0,0.0,43.6166837938009,optimal
2021-02-09 04:30:00,2,87,3.5714285714285716,0.0,0.0,0.2795,11.13,6.0,4,19.814380991067953,55.0,0.13333333333333333,12500.0,0.0,0.0,0.0,43.5730671100071,optimal
2021-02-09 05:00:00,2,87,3.5714285714285716,0.0,0.0,0.045,11.6865,6.0,4,19.906151826786136,55.0,0.13333333333333333,12500.0,0.0,0.0,0.0,43.52949404289709,optimal
2021-02-09 05:30:00,2,87,3.5714285714285716,0.0,5.0,0.15633333333333335,10.7205,6.0,4,19.992900565693454,55.0,0.13333333333333333,12500.0,0.0,0.0,0.0,45.860964548854184,optimal
2021-02-09 06:00:00,2,87,3.5714285714285716,0.0,0.0,0.293,11.424,6.0,4,20.080939236484202,55.0,0.13333333333333333,12500.0,0.0,0.0,0.0,45.81510358430533,optimal
2021-02-09 06:30:00,2,87,3.5714285714285716,0.0,5.0,0.47506666666666664,10.689,6.0,4,20.170565703635855,55.0,0.118,12500.0,0.0,0.0,0.0,48.144288480721016,optimal
2021-02-09 07:00:00,2,87,3.5714285714285716,0.0,0.0,1.0911333333333335,11.361,6.0,4,20.261928065318855,55.0,0.1,12500.0,0.0,0.0,0.0,48.096144192240295,optimal
2021-02-09 07:30:00,2,87,3.5714285714285716,0.0,0.0,1.3578333333333332,11.571,6.0,4,20.35787944123244,55.0,0.08333333333333333,12500.0,0.0,0.0,0.0,48.048048048048045,optimal
2021-02-09 08:00:00,2,87,0.0,0.0,0.0,3.359566666666667,14.3745,6.0,4,20.45996882572472,55.0,0.07933333333333334,0.0,0.0,0.0,0.0,48.0,optimal
2021-02-09 08:30:00,2,87,1.0123312558697746,0.0,0.0,1.8636,13.23,6.0,4,20.360424758975476,55.0,0.07933333333333334,3543.159395544211,0.0,0.0,0.0,47.77169674616581,optimal
2021-02-09 09:00:00,2,87,0.0,0.0,0.0,0.8106666666666666,13.9755,6.0,4,20.327990502432254,55.0,0.07666666666666666,0.0,0.0,0.0,0.0,47.54362179558545,optimal
2021-02-09 09:30:00,2,87,0.0,0.0,0.0,2.0983,14.994,6.0,4,20.232654023524706,55.0,0.076,0.0,0.0,0.0,0.0,47.31577491995568,optimal
2021-02-09 10:00:00,2,87,0.0,0.0,0.0,0.3325,13.671,6.0,4,20.143099233178937,55.0,0.07466666666666667,0.0,0.0,0.0,0.0,47.08815589120153,optimal
2021-02-09 10:30:00,2,87,0.0,0.0,0.0,0.1903333333333333,15.981,6.0,4,20.087313191021348,55.0,0.07466666666666667,0.0,0.0,0.0,0.0,46.86076448147614,optimal
2021-02-09 11:00:00,2,87,0.0,0.0,0.0,1.0048,15.6345,6.0,4,20.033701538684188,55.0,0.07133333333333333,0.0,0.0,0.0,0.0,46.63360046316047,optimal
2021-02-09 11:30:00,2,87,0.0,0.0,0.0,0.9192,16.5375,6.0,4,20.016311565096736,55.0,0.07133333333333333,0.0,0.0,0.0,0.0,46.40666360886312,optimal
2021-02-09 12:00:00,2,87,0.0,0.0,0.0,1.0584666666666667,14.7735,6.0,4,20.0,55.0,0.06933333333333333,0.0,0.0,0.0,0.0,46.17995369142007,optimal
2021-02-09 12:30:00,2,87,0.0,0.0,0.0,2.4177,15.2145,6.0,4,20.007486823539384,55.0,0.066,0.0,0.0,0.0,0.0,45.953470483894456,optimal
2021-02-09 13:00:00,2,87,0.0,0.0,0.0,2.298633333333333,14.553,6.0,4,20.017637646201244,55.0,0.06097333333333333,0.0,0.0,0.0,0.0,45.72721375957637,optimal
2021-02-09 13:30:00,2,87,0.0,0.0,0.0,1.9941666666666666,14.3325,6.0,4,20.029261834632635,55.0,0.06,0.0,0.0,0.0,0.0,45.501183291982606,optimal
2021-02-09 14:00:00,2,87,0.0,0.0,0.0,3.2815333333333334,14.595,6.0,4,20.046459950885655,55.0,0.06,0.0,0.0,0.0,0.0,45.275378854856434,optimal
2021-02-09 14:30:00,2,87,0.0,0.0,0.0,0.2856,14.994,6.0,4,20.05629514904968,55.0,0.06,0.0,0.0,0.0,0.0,45.04980022216739,optimal
2021-02-09 15:00:00,2,87,0.0,0.0,0.0,0.3053666666666667,14.3325,6.0,4,20.059707762828577,55.0,0.06,0.0,0.0,0.0,0.0,44.824447168111035,optimal
2021-02-09 15:30:00,2,87,0.0441257884673275,0.0,0.0,0.23533333333333328,13.8915,6.0,4,20.03572352153529,55.0,0.06,154.44025963564627,0.0,0.0,0.0,44.599319467108735,optimal
2021-02-09 16:00:00,2,87,3.5714285714285716,0.0,0.0,0.14186666666666667,13.8915,6.0,4,20.01305290623567,55.0,0.06,12500.0,0.0,0.0,0.0,44.374416893807435,optimal
2021-02-09 16:30:00,2,87,3.5714285714285716,0.0,0.0,2.881766666666667,13.4715,6.0,4,20.15290756986758,55.0,0.05533333333333333,12500.0,0.0,0.0,0.0,44.149739223079436,optimal
2021-02-09 17:00:00,2,87,3.5714285714285716,0.0,0.0,3.665366666666667,13.23,6.0,4,20.300330982613918,55.0,0.05333333333333334,12500.0,0.0,0.0,0.0,44.105589483856356,optimal
2021-02-09 17:30:00,2,87,3.5714285714285716,0.0,0.0,3.4521666666666664,13.8915,6.0,4,20.412082523544466,55.0,0.050666666666666665,12500.0,0.0,0.0,0.0,44.0614838943725,optimal
2021-02-09 18:00:00,2,87,0.0,0.0,0.0,0.08463333333333334,26.9325,6.0,4,20.525383039516377,55.0,0.04933333333333333,0.0,0.0,0.0,0.0,44.017422410478126,optimal
2021-02-09 18:30:00,2,87,0.0,0.0,0.0,2.8438000000000003,30.303,6.0,4,20.411957606853047,55.0,0.048666666666666664,0.0,0.0,0.0,0.0,43.97340498806765,optimal
2021-02-09 19:00:00,2,87,0.0,0.0,0.0,0.4605666666666667,32.886,6.0,4,20.311344472571328,55.0,0.04533333333333334,0.0,0.0,0.0,0.0,43.929431583079584,optimal
2021-02-09 19:30:00,2,87,0.0,0.0,0.0,2.545733333333333,34.9965,6.0,4,20.205468065841913,55.0,0.04533333333333334,0.0,0.0,0.0,0.0,43.8855021514965,optimal
2021-02-09 20:00:00,2,87,0.0,0.0,0.0,2.8814,33.327,6.0,4,20.10190399921996,55.0,0.04533333333333334,0.0,0.0,0.0,0.0,43.841616649345006,optimal
2021-02-09 20:30:00,2,87,0.0,0.0,0.0,0.4167666666666667,31.122,6.0,4,20.0,55.0,0.04466666666666667,0.0,0.0,0.0,0.0,43.79777503269566,optimal
2021-02-09 21:00:00,2,87,0.0,0.0,0.0,0.5932000000000001,17.9025,6.0,4,19.893977830462624,55.0,0.04066666666666666,0.0,0.0,0.0,0.0,43.75397725766297,optimal
2021-02-09 21:30:00,2,87,0.0,0.0,0.0,0.5947666666666667,15.6555,6.0,4,19.791079717360038,55.0,0.03866666666666667,0.0,0.0,0.0,0.0,43.7102232804053,optimal
2021-02-09 22:00:00,2,87,0.0,0.0,0.0,0.26996666666666663,14.553,6.0,4,19.688346229720377,55.0,0.02,0.0,0.0,0.0,0.0,43.666513057124895,optimal
2021-02-09 22:30:00,2,87,0.0,0.0,0.0,0.4485,14.3325,6.0,4,19.580499041710425,55.0,0.02,0.0,0.0,0.0,0.0,43.62284654406777,optimal
2021-02-09 23:00:00,2,87,0.0,0.0,0.0,0.23713333333333333,13.335,6.0,4,19.476567381949014,55.0,0.004666666666666667,0.0,0.0,0.0,0.0,43.5792236975237,optimal
2021-02-09 23:30:00,2,87,0.0,0.0,0.0,2.164333333333333,12.1275,6.0,4,19.369843135425334,55.0,0.0,0.0,0.0,0.0,0.0,43.53564447382618,optimal
2021-02-10 00:00:00,2,87,3.5714285714285716,0.0,0.0,0.058,11.508,6.0,-2,19.369843135425334,55.0,0.0,12500.0,0.0,0.0,0.0,43.492108829352354,optimal
2021-02-10 00:30:00,2,87,3.5714285714285716,0.0,0.0,0.15363333333333332,11.508,6.0,-2,19.45887496192426,55.0,0.10133333333333333,1910.666666666666,0.0,10589.333333333334,0.0,43.448616720523,optimal
2021-02-10 01:00:00,2,87,3.5714285714285716,0.0,0.0,0.06303333333333333,11.844,6.0,-2,19.374831380489937,55.0,0.10133333333333333,12500.0,0.0,0.0,0.0,43.405168103802474,optimal
2021-02-10 01:30:00,2,87,3.5714285714285716,0.0,0.0,0.058,11.508,6.0,-2,19.462683879097707,55.0,0.10133333333333333,12500.0,0.0,0.0,0.0,43.36176293569867,optimal
2021-02-10 02:00:00,2,87,3.5714285714285716,0.0,0.0,0.15866666666666665,11.508,6.0,-2,19.54929761127747,55.0,0.10133333333333333,12500.0,0.0,0.0,0.0,43.318401172762975,optimal
2021-02-10 02:30:00,2,87,3.5714285714285716,0.0,5.0,0.058,10.4475,6.0,-2,19.636411820302644,55.0,0.10133333333333333,12500.0,0.0,0.0,0.0,45.65008277159021,optimal
2021-02-10 03:00:00,2,87,3.5714285714285716,0.0,0.9523323739493681,0.058,10.8675,6.0,-2,19.721340645836943,55.0,0.10133333333333333,12500.0,0.0,0.0,0.0,46.056790566444576,optimal
2021-02-10 03:30:00,2,87,3.5714285714285716,0.0,5.0,0.15866666666666665,10.542,6.0,-2,19.805746699958487,55.0,0.10133333333333333,12500.0,0.0,0.0,0.0,48.38573377587813,optimal
2021-02-10 04:00:00,2,87,3.5714285714285716,0.0,0.0,0.058,11.025,6.0,-2,19.891282360692827,55.0,0.10133333333333333,12500.0,0.0,0.0,0.0,48.33734804210225,optimal
2021-02-10 04:30:00,2,87,3.5714285714285716,0.0,0.0,0.05966666666666666,11.025,6.0,-2,19.97464235454211,55.0,0.10133333333333333,12500.0,0.0,0.0,0.0,48.289010694060146,optimal
2021-02-10 05:00:00,2,87,3.5714285714285716,0.0,0.0,0.14216666666666666,14.553,6.0,-2,20.056873693162444,55.0,0.10133333333333333,12500.0,0.0,0.0,0.0,48.240721683366075,optimal
2021-02-10 05:30:00,2,87,3.5714285714285716,0.0,0.0,0.08316666666666667,13.0935,6.0,-2,20.139220194001542,55.0,0.10133333333333333,12500.0,0.0,0.0,0.0,48.192480961682705,optimal
2021-02-10 06:00:00,2,87,3.5714285714285716,0.0,0.0,0.11336666666666666,15.6345,6.0,-2,20.219619697995178,55.0,0.10133333333333333,12500.0,0.0,0.0,0.0,48.144288480721016,optimal
2021-02-10 06:30:00,2,87,0.0,0.0,0.0,0.1033,18.102,6.0,-2,20.299403517823812,55.0,0.10133333333333333,0.0,0.0,0.0,0.0,48.096144192240295,optimal
2021-02-10 07:00:00,2,87,3.5714285714285716,0.0,0.0,0.10933333333333331,17.199,6.0,-2,20.174982580452713,55.0,0.09866666666666667,12500.0,0.0,0.0,0.0,48.048048048048045,optimal
2021-02-10 07:30:00,2,87,0.0,0.0,0.0,0.21130000000000002,18.2805,6.0,-2,20.2601741972575,55.0,0.04133333333333333,0.0,0.0,0.0,0.0,48.0,optimal
2021-02-10 08:00:00,2,87,1.386172998807568,0.0,0.0,3.1307,17.4615,6.0,-2,20.142769831358304,55.0,0.04133333333333333,4851.605495826488,0.0,0.0,0.0,47.788455302152805,optimal
2021-02-10 08:30:00,2,87,0.0,0.0,0.0,2.182366666666667,18.3225,6.0,-2,20.111491561545076,55.0,0.038,0.0,0.0,0.0,0.0,47.57712214900346,optimal
2021-02-10 09:00:00,2,87,1.5138890512785088,0.0,0.0,1.2087,17.094,6.0,-2,20.0,55.0,0.038,5298.61167947478,0.0,0.0,0.0,47.366000329007264,optimal
2021-02-10 09:30:00,2,87,1.5312109638670712,0.0,0.0,0.2603666666666667,17.094,6.0,-2,20.0,55.0,0.038,5359.238373534749,0.0,0.0,0.0,47.155089630831064,optimal
2021-02-10 10:00:00,2,87,1.6340154255971604,0.0,0.0,1.5947,17.094,6.0,-2,20.0,55.0,0.035333333333333335,5719.053989590061,0.0,0.0,0.0,46.944389843353036,optimal
2021-02-10 10:30:00,2,87,0.0,0.0,0.0,0.3166666666666667,17.3565,6.0,-2,20.049641462300112,55.0,0.035333333333333335,0.0,0.0,0.0,0.0,46.73390075566249,optimal
2021-02-10 11:00:00,2,87,0.8121753120566476,0.0,0.0,0.216,17.115,6.0,-2,20.0,55.0,0.035333333333333335,2842.613592198267,0.0,0.0,0.0,46.523622157059634,optimal
2021-02-10 11:30:00,2,87,0.0,0.0,0.0,0.31006666666666666,17.241,6.0,-2,20.02235682714981,55.0,0.034,0.0,0.0,0.0,0.0,46.31355383705538,optimal
2021-02-10 12:00:00,2,87,0.25618686947356806,0.0,0.0,1.5427,17.094,6.0,-2,20.0,55.0,0.03133333333333333,896.6540431574881,0.0,0.0,0.0,46.103695585371135,optimal
2021-02-10 12:30:00,2,87,3.5714285714285716,0.0,0.0,0.8055666666666668,16.5165,6.0,-2,20.02797167497079,55.0,0.03133333333333333,12500.0,0.0,0.0,0.0,45.89404719193857,optimal
2021-02-10 13:00:00,2,87,0.0,0.0,0.0,0.1415,17.8185,6.0,-2,20.24330327863178,55.0,0.03133333333333333,0.0,0.0,0.0,0.0,45.68460844689944,optimal
2021-02-10 13:30:00,2,87,3.5714285714285716,0.0,0.0,0.06636666666666666,17.094,6.0,-2,20.24631413167167,55.0,0.03133333333333333,12500.0,0.0,0.0,0.0,45.47537914060535,optimal
2021-02-10 14:00:00,2,87,3.5714285714285716,0.0,0.0,2.1656,16.8945,6.0,-2,20.454498780305943,55.0,0.03133333333333333,12500.0,0.0,0.0,0.0,45.26635906361755,optimal
2021-02-10 14:30:00,2,87,0.0,0.0,0.0,0.2660666666666667,18.123,6.0,-2,20.66473467948989,55.0,0.03133333333333333,0.0,0.0,0.0,0.0,45.05754800670674,optimal
2021-02-10 15:00:00,2,87,0.0,0.0,0.0,0.0704,31.647,6.0,-2,20.666374984722037,55.0,0.028666666666666667,0.0,0.0,0.0,0.0,44.848945760852835,optimal
2021-02-10 15:30:00,2,87,0.0,0.0,0.0,0.27963333333333334,34.9965,6.0,-2,20.643877342850587,55.0,0.028666666666666667,0.0,0.0,0.0,0.0,44.64055211724479,optimal
2021-02-10 16:00:00,2,87,0.0,0.0,0.0,1.1018666666666665,34.9965,6.0,-2,20.62506092905471,55.0,0.028666666666666667,0.0,0.0,0.0,0.0,44.43236686728035,optimal
2021-02-10 16:30:00,2,87,0.0,0.0,0.0,2.7702,34.9965,6.0,-2,20.56774730084744,55.0,0.02266666666666667,0.0,0.0,0.0,0.0,44.224389802565874,optimal
2021-02-10 17:00:00,2,87,0.0,0.0,0.0,0.17673333333333333,34.9965,6.0,-2,20.514573632445092,55.0,0.021333333333333333,0.0,0.0,0.0,0.0,44.18016541276331,optimal
2021-02-10 17:30:00,2,87,0.0,0.0,0.0,0.24963333333333332,34.9965,6.0,-2,20.415201286882414,55.0,0.02,0.0,0.0,0.0,0.0,44.13598524735055,optimal
2021-02-10 18:00:00,2,87,0.0,0.0,0.0,2.3834666666666666,27.741,6.0,-2,20.31826681748803,55.0,0.019333333333333334,0.0,0.0,0.0,0.0,44.091849262103196,optimal
2021-02-10 18:30:00,2,87,0.0,0.0,0.0,0.24996666666666667,19.026,6.0,-2,20.21524999581291,55.0,0.016,0.0,0.0,0.0,0.0,44.047757412841094,optimal
2021-02-10 19:00:00,2,87,0.0,0.0,0.0,0.37326666666666664,18.7215,6.0,-2,20.107773346417016,55.0,0.015333333333333332,0.0,0.0,0.0,0.0,44.00370965542825,optimal
2021-02-10 19:30:00,2,87,1.9103096719969233,0.0,0.0,0.39339999999999997,17.4195,6.0,-2,20.0,55.0,0.0,6686.083851989231,0.0,0.0,0.0,43.959705945772825,optimal
2021-02-10 20:00:00,2,87,1.969528709832614,0.0,0.0,0.2922,16.758,6.0,-2,20.0,55.0,0.0,6893.350484414149,0.0,0.0,0.0,43.91574623982705,optimal
2021-02-10 20:30:00,2,87,0.0,0.0,0.0,2.644,14.217,6.0,-2,20.0,55.0,0.0,0.0,0.0,0.0,0.0,43.871830493587225,optimal
2021-02-10 21:00:00,2,87,0.05971428571428571,0.0,0.0,1.0162666666666669,13.3665,6.0,-2,19.8978202678863,55.0,0.0,0.0,0.0,209.0,0.0,43.82795866309364,optimal
2021-02-10 21:30:00,2,87,0.0,0.0,0.0,3.0564333333333336,12.789,6.0,-2,19.787344096892937,55.0,0.0,0.0,0.0,0.0,0.0,43.784130704430545,optimal
2021-02-10 22:00:00,2,87,0.0,0.0,0.0,2.0339333333333327,11.907,6.0,-2,19.675443145944577,55.0,0.0,0.0,0.0,0.0,0.0,43.740346573726114,optimal
2021-02-10 22:30:00,2,87,0.0,0.0,0.0,0.5822666666666666,11.7075,6.0,-2,19.5515446384268,55.0,0.0,0.0,0.0,0.0,0.0,43.69660622715239,optimal
2021-02-10 23:00:00,2,87,0.0,0.0,0.0,0.068,10.8045,6.0,-2,19.414854209648787,55.0,0.0,0.0,0.0,0.0,0.0,43.652909620925236,optimal
2021-02-10 23:30:00,2,87,0.0,0.0,0.0,0.16866666666666666,11.508,6.0,-2,19.272360907778985,55.0,0.0,0.0,0.0,0.0,0.0,43.60925671130431,optimal
2021-02-11 00:00:00,2,87,3.5714285714285716,0.0,0.0,0.058,11.6865,6.0,-2,19.272360907778985,55.0,0.0,12500.0,0.0,0.0,0.0,43.565647454593005,optimal
2021-02-11 00:30:00,2,87,3.5714285714285716,0.0,0.0,0.058,11.2245,6.0,-2,19.336780185451026,55.0,0.009999999999999998,11455.0,0.0,1044.9999999999998,0.0,43.52208180713841,optimal
2021-02-11 01:00:00,2,87,3.5714285714285716,0.0,0.0,0.058,11.025,6.0,-2,19.384298883917353,55.0,0.009999999999999998,12500.0,0.0,0.0,0.0,43.47855972533127,optimal
2021-02-11 01:30:00,2,87,3.5714285714285716,0.0,1.2109584359869157,0.0757,10.7835,6.0,-2,19.449260219110318,55.0,0.009999999999999998,12500.0,0.0,0.0,0.0,44.01028642269972,optimal
2021-02-11 02:00:00,2,87,3.5714285714285716,0.0,0.0,0.1701,11.025,6.0,-2,19.51411165912881,55.0,0.009999999999999998,12500.0,0.0,0.0,0.0,43.96627613627702,optimal
2021-02-11 02:30:00,2,87,3.5714285714285716,0.0,5.0,0.058,10.584,6.0,-2,19.58011040940144,55.0,0.009999999999999998,12500.0,0.0,0.0,0.0,46.29730986014074,optimal
2021-02-11 03:00:00,2,87,3.5714285714285716,0.0,0.0,0.18780000000000002,11.025,6.0,-2,19.64325090451904,55.0,0.009999999999999998,12500.0,0.0,0.0,0.0,46.25101255028059,optimal
2021-02-11 03:30:00,2,87,3.5714285714285716,0.0,5.0,0.058,10.4265,6.0,-2,19.707513637291072,55.0,0.009999999999999998,12500.0,0.0,0.0,0.0,48.579761537730306,optimal
2021-02-11 04:00:00,2,87,3.5714285714285716,0.0,0.0,0.0993,12.789,6.0,-2,19.77079322471809,55.0,0.009999999999999998,12500.0,0.0,0.0,0.0,48.53118177619257,optimal
2021-02-11 04:30:00,2,87,3.5714285714285716,0.0,0.0,0.1465,12.684,6.0,-2,19.835898744643295,55.0,0.009999999999999998,12500.0,0.0,0.0,0.0,48.48265059441637,optimal
2021-02-11 05:00:00,2,87,3.5714285714285716,0.0,0.0,0.0639,16.254,6.0,-2,19.901376762255047,55.0,0.009999999999999998,12500.0,0.0,0.0,0.0,48.434167943821954,optimal
2021-02-11 05:30:00,2,87,3.5714285714285716,0.0,0.0,0.19156666666666664,17.64,6.0,-2,19.96509855102174,55.0,0.009999999999999998,12500.0,0.0,0.0,0.0,48.38573377587813,optimal
2021-02-11 06:00:00,2,87,3.5714285714285716,0.0,0.0,0.068,19.1625,6.0,-2,20.031900079336957,55.0,0.009999999999999998,12500.0,0.0,0.0,0.0,48.33734804210225,optimal
2021-02-11 06:30:00,2,87,1.5749256408484982,0.0,0.0,0.13813333333333333,26.46,6.0,-2,20.09779949106485,55.0,0.009999999999999998,5512.239742969744,0.0,0.0,0.0,48.289010694060146,optimal
2021-02-11 07:00:00,2,87,3.5714285714285716,0.0,0.0,0.121,20.79,6.0,-2,20.05271172039319,55.0,0.002666666666666666,12500.0,0.0,0.0,0.0,48.240721683366075,optimal
2021-02-11 07:30:00,2,87,0.0,0.0,0.0,0.14876666666666669,29.106,6.0,-2,20.127818802397442,55.0,0.0,0.0,0.0,0.0,0.0,48.192480961682705,optimal
2021-02-11 08:00:00,2,87,3.5714285714285716,0.0,0.0,0.2419,19.1835,6.0,-2,20.0,55.0,0.0,12012.333333333334,0.0,487.6666666666667,0.0,48.144288480721016,optimal
2021-02-11 08:30:00,2,87,0.9271785241215318,0.0,0.0,0.24230000000000002,19.6665,6.0,-2,20.072399534676688,55.0,0.0,3245.1248344253613,0.0,0.0,0.0,48.096144192240295,optimal
2021-02-11 09:00:00,2,87,2.072542966214048,0.0,0.0,0.19866666666666663,19.404,6.0,-2,20.0,55.0,0.0,5860.567048415835,0.0,1393.3333333333333,0.0,48.048048048048045,optimal
2021-02-11 09:30:00,2,87,1.7516020784033877,0.0,0.0,0.199,19.047,6.0,-2,20.0,55.0,0.0,5294.607274411856,0.0,836.0,0.0,48.0,optimal
2021-02-11 10:00:00,2,87,1.2783707722163182,0.0,0.0,0.2744,18.858,6.0,-2,20.0,55.0,0.001333333333333333,4056.297702757114,0.0,417.99999999999994,0.0,47.3111314677309,optimal
2021-02-11 10:30:00,2,87,0.0,0.0,0.0,0.6931333333333334,19.2675,6.0,-2,20.032052526482296,55.0,0.0,0.0,0.0,0.0,0.0,46.62295180399408,optimal
2021-02-11 11:00:00,2,87,0.12836896842209666,0.0,0.0,0.2994,18.963,6.0,-2,20.0,55.0,0.0,449.2913894773383,0.0,0.0,0.0,45.935460319920985,optimal
2021-02-11 11:30:00,2,87,0.10507375967698779,0.0,0.0,0.35846666666666666,18.438,6.0,-2,20.0,55.0,0.0,367.75815886945725,0.0,0.0,0.0,45.248656327331965,optimal
2021-02-11 12:00:00,2,87,0.0,0.0,0.0,0.068,18.7425,6.0,-2,20.0,55.0,0.0,0.0,0.0,0.0,0.0,44.56253913873554,optimal
2021-02-11 12:30:00,2,87,3.5714285714285716,0.0,0.0,0.068,15.2145,6.0,-2,20.016534342465942,55.0,0.013333333333333334,11106.666666666666,0.0,1393.3333333333333,0.0,43.877108067327704,optimal
2021-02-11 13:00:00,2,87,0.0,0.0,0.0,0.28783333333333333,17.7765,6.0,-2,20.218921619912667,55.0,0.013333333333333334,0.0,0.0,0.0,0.0,43.19236242699128,optimal
2021-02-11 13:30:00,2,87,0.0,0.0,0.0,0.3519333333333333,16.758,6.0,-2,20.23368130510887,55.0,0.012,0.0,0.0,0.0,0.0,42.50830153229519,optimal
2021-02-11 14:00:00,2,87,3.5714285714285716,0.0,0.0,0.1093,16.422,6.0,-2,20.251008344119242,55.0,0.012,12500.0,0.0,0.0,0.0,41.8249246984938,optimal
2021-02-11 14:30:00,2,87,1.4485111152451975,0.0,0.0,0.1565,16.758,6.0,-2,20.468654406556343,55.0,0.012,5069.788903358191,0.0,0.0,0.0,41.14223124152621,optimal
2021-02-11 15:00:00,2,87,0.0,0.0,0.0,0.068,29.358,6.0,-2,20.561855041918577,55.0,0.012,0.0,0.0,0.0,0.0,40.460220478015586,optimal
2021-02-11 15:30:00,2,87,0.0,0.0,0.0,0.1978,34.9965,6.0,-2,20.540147207990124,55.0,0.012,0.0,0.0,0.0,0.0,39.77889172526847,optimal
2021-02-11 16:00:00,2,87,0.0,0.0,0.0,0.068,34.65,6.0,-2,20.51362071121061,55.0,0.012,0.0,0.0,0.0,0.0,39.09824430127411,optimal
2021-02-11 16:30:00,2,87,0.0,0.0,0.0,0.068,34.9965,6.0,-2,20.442756295912584,55.0,0.012,0.0,0.0,0.0,0.0,38.41827752470374,optimal
2021-02-11 17:00:00,2,87,0.0,0.0,0.0,0.13063333333333332,34.9965,6.0,-2,20.366788214359282,55.0,0.012,0.0,0.0,0.0,0.0,38.379859247179034,optimal
2021-02-11 17:30:00,2,87,0.0,0.0,0.0,0.1885,30.4815,6.0,-2,20.24885135224432,55.0,0.005333333333333332,0.0,0.0,0.0,0.0,38.341479387931855,optimal
2021-02-11 18:00:00,2,87,0.0,0.0,0.0,0.07733333333333332,21.4305,6.0,-2,20.133826724394975,55.0,0.0,0.0,0.0,0.0,0.0,38.303137908543924,optimal
2021-02-11 18:30:00,2,87,2.403075241488686,0.0,0.0,0.0896,14.3325,6.0,-2,20.0,55.0,0.0,8410.7633452104,0.0,0.0,0.0,38.26483477063538,optimal
2021-02-11 19:00:00,2,87,3.5714285714285716,0.0,0.0,0.36019999999999996,13.692,6.0,-2,20.0,55.0,0.0033333333333333335,11873.0,0.0,627.0,0.0,38.226569935864745,optimal
2021-02-11 19:30:00,2,87,1.3677733067755213,0.0,0.0,0.47333333333333333,14.007,6.0,-2,20.058588272896483,55.0,0.0,4787.206573714325,0.0,0.0,0.0,38.18834336592888,optimal
2021-02-11 20:00:00,2,87,2.471526574183034,0.0,0.0,0.31639999999999996,12.873,6.0,-2,20.0,55.0,0.0,8650.34300964062,0.0,0.0,0.0,38.15015502256295,optimal
2021-02-11 20:30:00,2,87,0.0398095238095238,0.0,0.0,0.4612,12.684,6.0,-2,20.0,55.0,0.0,0.0,0.0,139.33333333333331,0.0,38.112004867540385,optimal
2021-02-11 21:00:00,2,87,0.0398095238095238,0.0,0.0,0.222,12.306,6.0,-2,19.861869681564166,55.0,0.0,0.0,0.0,139.33333333333331,0.0,38.07389286267284,optimal
2021-02-11 21:30:00,2,87,0.23885714285714285,0.0,0.0,0.2979,10.6365,6.0,-2,19.720145179101586,55.0,0.0026666666666666666,0.0,0.0,836.0,0.0,38.03581896981017,optimal
2021-02-11 22:00:00,2,87,0.0,0.0,0.0,0.3203666666666667,11.2455,6.0,-2,19.586764616954245,55.0,0.0026666666666666666,0.0,0.0,0.0,0.0,37.99778315084036,optimal
2021-02-11 22:30:00,2,87,0.0,0.0,0.0,0.13746666666666668,11.2455,6.0,-2,19.457844248698326,55.0,0.0006666666666666665,0.0,0.0,0.0,0.0,37.95978536768952,optimal
2021-02-11 23:00:00,2,87,0.0,0.0,0.0,0.4613,11.025,6.0,-2,19.318760244196337,55.0,0.0006666666666666665,0.0,0.0,0.0,0.0,37.92182558232183,optimal
2021-02-11 23:30:00,2,87,0.0,0.0,0.0,0.423,12.0855,6.0,-2,19.17822888693569,55.0,0.0,0.0,0.0,0.0,0.0,37.88390375673951,optimal
2021-02-12 00:00:00,2,87,3.5714285714285716,0.0,0.0,0.052333333333333336,10.8045,6.0,-4,19.17822888693569,55.0,0.0,12500.0,0.0,0.0,0.0,37.84601985298277,optimal
2021-02-12 00:30:00,2,87,3.5714285714285716,0.0,5.0,0.062,10.059,6.0,-4,19.223413970891954,55.0,0.008666666666666666,11594.333333333334,0.0,905.6666666666666,0.0,40.183173833129786,optimal
2021-02-12 01:00:00,2,87,3.5714285714285716,0.0,2.731572826860444,0.27466666666666667,10.584,6.0,-4,19.25348394170418,55.0,0.008666666666666666,12500.0,0.0,0.0,0.0,41.44048775205536,optimal
2021-02-12 01:30:00,2,87,3.5714285714285716,0.0,5.0,0.07666666666666667,9.4185,6.0,-4,19.301689787583236,55.0,0.008666666666666666,12500.0,0.0,0.0,0.0,43.7740472643033,optimal
2021-02-12 02:00:00,2,87,3.5714285714285716,0.0,5.0,0.18666666666666662,10.3635,6.0,-4,19.34697073515749,55.0,0.008666666666666666,12500.0,0.0,0.0,0.0,46.10527321703899,optimal
2021-02-12 02:30:00,2,87,3.5714285714285716,0.0,5.0,0.13533333333333333,9.8385,6.0,-4,19.394390563143364,55.0,0.008666666666666666,12500.0,0.0,0.0,0.0,48.434167943821954,optimal
2021-02-12 03:00:00,2,87,3.5714285714285716,0.0,0.0,0.07666666666666667,11.067,6.0,-4,19.44252416220348,55.0,0.008666666666666666,12500.0,0.0,0.0,0.0,48.38573377587813,optimal
2021-02-12 03:30:00,2,87,3.5714285714285716,0.0,0.0,0.26,10.8465,6.0,-4,19.491247001292248,55.0,0.008666666666666666,12500.0,0.0,0.0,0.0,48.33734804210225,optimal
2021-02-12 04:00:00,2,87,3.5714285714285716,0.0,0.0,0.09866666666666668,13.671,6.0,-4,19.54698215317412,55.0,0.008666666666666666,12500.0,0.0,0.0,0.0,48.289010694060146,optimal
2021-02-12 04:30:00,2,87,3.5714285714285716,0.0,0.0,0.09133333333333331,12.348,6.0,-4,19.604039991962765,55.0,0.008666666666666666,12500.0,0.0,0.0,0.0,48.240721683366075,optimal
2021-02-12 05:00:00,2,87,3.5714285714285716,0.0,0.0,0.24966666666666662,14.3325,6.0,-4,19.664935263372836,55.0,0.008666666666666666,12500.0,0.0,0.0,0.0,48.192480961682705,optimal
2021-02-12 05:30:00,2,87,3.5714285714285716,0.0,0.0,0.087,15.393,6.0,-4,19.73235836167037,55.0,0.008666666666666666,12500.0,0.0,0.0,0.0,48.144288480721016,optimal
2021-02-12 06:00:00,2,87,3.5714285714285716,0.0,0.0,0.062,13.587,6.0,-4,19.801625900249228,55.0,0.008666666666666666,12500.0,0.0,0.0,0.0,48.096144192240295,optimal
2021-02-12 06:30:00,2,87,1.8332698664076013,0.0,0.0,0.208,16.1385,6.0,-4,19.874981834254562,55.0,0.008666666666666666,6416.444532426604,0.0,0.0,0.0,48.048048048048045,optimal
2021-02-12 07:00:00,2,87,3.5714285714285716,0.0,0.0,0.06,14.595,6.0,-4,19.852027725934217,55.0,0.004666666666666667,12500.0,0.0,0.0,0.0,48.0,optimal
2021-02-12 07:30:00,2,87,3.5714285714285716,0.0,0.0,0.126,14.637,6.0,-4,19.92935598982443,55.0,0.0,12500.0,0.0,0.0,0.0,47.930172330962364,optimal
2021-02-12 08:00:00,2,87,2.568722135857577,0.0,0.0,0.16133333333333336,13.9125,6.0,-4,20.0,55.0,0.0,8642.194142168186,0.0,348.3333333333333,0.0,47.860414489593765,optimal
2021-02-12 08:30:00,2,87,2.7815423325661466,0.0,0.0,0.17466666666666666,13.3665,6.0,-4,20.0,55.0,0.0,9735.398163981514,0.0,0.0,0.0,47.79072640606654,optimal
2021-02-12 09:00:00,2,87,3.5714285714285716,0.0,0.0,0.062,13.0095,6.0,-4,20.01606113879283,55.0,0.0,12500.0,0.0,0.0,0.0,47.72110801062284,optimal
2021-02-12 09:30:00,2,87,0.0,0.0,0.0,0.20866666666666664,13.8915,6.0,-4,20.102714852410674,55.0,0.0,0.0,0.0,0.0,0.0,47.65155923357459,optimal
2021-02-12 10:00:00,2,87,0.8311484677506791,0.0,0.0,0.06,13.188,6.0,-4,20.0,55.0,0.0,2909.019637127377,0.0,0.0,0.0,47.58208000530338,optimal
2021-02-12 10:30:00,2,87,0.7424551500707793,0.0,0.0,0.126,12.5685,6.0,-4,20.0,55.0,0.0,2598.593025247728,0.0,0.0,0.0,47.51267025626044,optimal
2021-02-12 11:00:00,2,87,0.10578679046913182,0.0,0.0,0.2903,12.285,6.0,-4,20.0,55.0,0.0,230.92043330862805,0.0,139.33333333333331,0.0,47.44332991696655,optimal
2021-02-12 11:30:00,2,87,3.001590749403992,0.0,0.0,0.128,11.487,6.0,-4,20.0,55.0,0.003999999999999999,10087.567622913972,0.0,417.99999999999994,0.0,47.37405891801195,optimal
2021-02-12 12:00:00,2,87,0.0,0.0,0.0,0.09533333333333331,11.802,6.0,-4,20.156033494476432,55.0,0.003999999999999999,0.0,0.0,0.0,0.0,47.3048571900563,optimal
2021-02-12 12:30:00,2,87,3.5714285714285716,0.0,0.0,0.17533333333333334,11.2245,6.0,-4,20.158455655729654,55.0,0.003999999999999999,12500.0,0.0,0.0,0.0,47.23572466382861,optimal
2021-02-12 13:00:00,2,87,3.5714285714285716,0.0,0.0,0.062,11.025,6.0,-4,20.367261089350432,55.0,0.003999999999999999,12500.0,0.0,0.0,0.0,47.16666127012715,optimal
2021-02-12 13:30:00,2,87,0.0,0.0,0.0,0.27466666666666667,11.907,6.0,-4,20.57243015772335,55.0,0.003999999999999999,0.0,0.0,0.0,0.0,47.09766693981939,optimal
2021-02-12 14:00:00,2,87,0.0,0.0,0.0,0.062,25.83,6.0,-4,20.57442495329605,55.0,0.003999999999999999,0.0,0.0,0.0,0.0,47.02874160384194,optimal
2021-02-12 14:30:00,2,87,0.0,0.0,0.0,0.128,28.035,6.0,-4,20.56228065543288,55.0,0.003999999999999999,0.0,0.0,0.0,0.0,46.95988519320046,optimal
2021-02-12 15:00:00,2,87,0.0,0.0,0.0,0.202,28.119,6.0,-4,20.550676807495535,55.0,0.003999999999999999,0.0,0.0,0.0,0.0,46.891097638969626,optimal
2021-02-12 15:30:00,2,87,0.0,0.0,0.0,0.06866666666666667,30.156,6.0,-4,20.524098574630134,55.0,0.003999999999999999,0.0,0.0,0.0,0.0,46.82237887229302,optimal
2021-02-12 16:00:00,2,87,0.0,0.0,0.0,0.062,29.1585,6.0,-4,20.494576312577184,55.0,0.003999999999999999,0.0,0.0,0.0,0.0,46.753728824383096,optimal
2021-02-12 16:30:00,2,87,0.0,0.0,0.0,0.10966666666666669,26.712,6.0,-4,20.424896281354325,55.0,0.003999999999999999,0.0,0.0,0.0,0.0,46.68514742652108,optimal
2021-02-12 17:00:00,2,87,0.0,0.0,0.0,0.227,15.435,6.0,-4,20.354579430901165,55.0,0.003999999999999999,0.0,0.0,0.0,0.0,46.61663461005692,optimal
2021-02-12 17:30:00,2,87,0.0,0.0,0.0,0.062,13.566,6.0,-4,20.248672755182767,55.0,0.003999999999999999,0.0,0.0,0.0,0.0,46.54819030640923,optimal
2021-02-12 18:00:00,2,87,0.0,0.0,0.0,0.28426666666666667,12.789,6.0,-4,20.140099343820392,55.0,0.003999999999999999,0.0,0.0,0.0,0.0,46.47981444706519,optimal
2021-02-12 18:30:00,2,87,3.5714285714285716,0.0,0.0,0.3236,12.1275,6.0,-4,20.023339615091125,55.0,0.002666666666666666,12500.0,0.0,0.0,0.0,46.43333463261812,optimal
2021-02-12 19:00:00,2,87,0.0,0.0,0.0,0.209,13.671,6.0,-4,20.11540152293971,55.0,0.002666666666666666,0.0,0.0,0.0,0.0,46.3869012979855,optimal
2021-02-12 19:30:00,2,87,3.5714285714285716,0.0,0.0,0.3378333333333333,10.668,6.0,-4,20.0,55.0,0.0,12500.0,0.0,0.0,0.0,46.34051439668752,optimal
2021-02-12 20:00:00,2,87,0.29683981884525157,0.0,0.0,0.5437333333333334,11.7285,6.0,-4,20.092490189641467,55.0,0.0,1038.9393659583804,0.0,0.0,0.0,46.29417388229083,optimal
2021-02-12 20:30:00,2,87,0.0199047619047619,0.0,0.0,0.2189,11.025,6.0,-4,20.0,55.0,0.0,0.0,0.0,69.66666666666666,0.0,46.24787970840854,optimal
2021-02-12 21:00:00,2,87,0.0,0.0,0.0,0.3097333333333333,10.689,6.0,-4,19.884647955649573,55.0,0.0,0.0,0.0,0.0,0.0,46.20163182870013,optimal
2021-02-12 21:30:00,2,87,1.9506666666666665,0.0,0.0,0.31706666666666666,8.1585,6.0,-4,19.770706679557982,55.0,0.06333333333333334,0.0,0.0,6827.333333333333,0.0,46.15543019687143,optimal
2021-02-12 22:00:00,2,87,0.0,0.0,0.0,1.2304666666666666,10.3635,6.0,-4,19.658798427704117,55.0,0.050666666666666665,0.0,0.0,0.0,0.0,46.10927476667456,optimal
2021-02-12 22:30:00,2,87,0.0,0.0,0.0,0.40353333333333335,10.8045,6.0,-4,19.550005357007112,55.0,0.0,0.0,0.0,0.0,0.0,46.06316549190789,optimal
2021-02-12 23:00:00,2,87,0.0,0.0,0.0,0.08033333333333333,11.025,6.0,-4,19.43874712774204,55.0,0.0,0.0,0.0,0.0,0.0,46.01710232641598,optimal
2021-02-12 23:30:00,2,87,0.0,0.0,0.0,0.17633333333333334,10.3635,6.0,-4,19.318474819679736,55.0,0.0,0.0,0.0,0.0,0.0,45.97108522408956,optimal
2021-02-13 00:00:00,2,87,0.0,0.0,0.0,0.06363333333333333,11.025,6.0,4,19.318474819679736,55.0,0.0,0.0,0.0,0.0,0.0,45.925114138865474,optimal
2021-02-13 00:30:00,2,87,3.5714285714285716,0.0,0.0,0.1763,8.2005,6.0,4,19.198833074535127,55.0,0.11133333333333335,865.6666666666642,0.0,11634.333333333336,0.0,45.87918902472661,optimal
2021-02-13 01:00:00,2,87,1.3929037490663099,0.0,0.0,0.058,9.5655,6.0,4,19.09626297718601,55.0,0.11133333333333335,4875.163121732085,0.0,0.0,0.0,45.83330983570188,optimal
2021-02-13 01:30:00,2,87,3.5714285714285716,0.0,5.0,0.182,7.056,6.0,4,19.05837909170608,55.0,0.11133333333333335,12500.0,0.0,0.0,0.0,48.16247652586618,optimal
2021-02-13 02:00:00,2,87,3.5714285714285716,0.0,0.0,0.11433333333333331,9.3975,6.0,4,19.147980601293607,55.0,0.11133333333333335,12500.0,0.0,0.0,0.0,48.114314049340315,optimal
2021-02-13 02:30:00,2,87,0.0,0.0,0.0,0.1144,10.059,6.0,4,19.236229806077695,55.0,0.11133333333333335,0.0,0.0,0.0,0.0,48.06619973529097,optimal
2021-02-13 03:00:00,2,87,3.5714285714285716,0.0,0.0,0.1819333333333333,9.261,6.0,4,19.119157072729518,55.0,0.11133333333333335,12500.0,0.0,0.0,0.0,48.018133535555684,optimal
2021-02-13 03:30:00,2,87,3.5714285714285716,0.0,0.0,0.09559999999999999,8.1585,6.0,4,19.208691147307608,55.0,0.11133333333333335,12500.0,0.0,0.0,0.0,47.97011540202013,optimal
2021-02-13 04:00:00,2,87,3.5714285714285716,0.0,0.0,0.13313333333333333,9.4815,6.0,4,19.295951987027692,55.0,0.11133333333333335,12500.0,0.0,0.0,0.0,47.922145286618104,optimal
2021-02-13 04:30:00,2,87,3.5714285714285716,0.0,0.0,0.14126666666666668,8.379,6.0,4,19.382982816075756,55.0,0.11133333333333335,12500.0,0.0,0.0,0.0,47.874223141331484,optimal
2021-02-13 05:00:00,2,87,3.5714285714285716,0.0,0.0,0.09873333333333333,9.5235,6.0,4,19.468995637816683,55.0,0.11133333333333335,12500.0,0.0,0.0,0.0,47.82634891819015,optimal
2021-02-13 05:30:00,2,87,3.5714285714285716,0.0,0.0,0.1819333333333333,8.1375,6.0,4,19.553166677626066,55.0,0.11133333333333335,12500.0,0.0,0.0,0.0,47.778522569271956,optimal
2021-02-13 06:00:00,2,87,3.5714285714285716,0.0,0.0,0.09246666666666668,10.0905,6.0,4,19.63756708437512,55.0,0.11133333333333335,12500.0,0.0,0.0,0.0,47.73074404670268,optimal
2021-02-13 06:30:00,2,87,3.5714285714285716,0.0,0.768494200825417,0.12326666666666668,7.539,6.0,4,19.719366754295358,55.0,0.09666666666666669,12500.0,0.0,0.0,0.0,48.048048048048045,optimal
2021-02-13 07:00:00,2,87,3.5714285714285716,0.0,0.0,0.858,7.938,6.0,4,19.802940284175488,55.0,0.08933333333333335,12500.0,0.0,0.0,0.0,48.0,optimal
2021-02-13 07:30:00,2,87,3.5714285714285716,0.0,0.0,0.8616,8.274,6.0,4,19.90097201190496,55.0,0.08866666666666669,12500.0,0.0,0.0,0.0,47.086306663496394,optimal
2021-02-13 08:00:00,2,87,3.5714285714285716,0.0,0.0,0.10373333333333332,9.261,6.0,4,20.0,55.0,0.08866666666666669,12500.0,0.0,0.0,0.0,46.173527020329296,optimal
2021-02-13 08:30:00,2,87,3.5714285714285716,0.0,0.0,0.2816,9.9225,6.0,4,20.076973275400697,55.0,0.08866666666666669,12500.0,0.0,0.0,0.0,45.26166015680536,optimal
2021-02-13 09:00:00,2,87,3.5714285714285716,0.0,0.0,0.14673333333333333,9.702,6.0,4,20.15794492176846,55.0,0.08866666666666669,12500.0,0.0,0.0,0.0,44.350705160144955,optimal
2021-02-13 09:30:00,2,87,1.5063430717405921,0.0,0.0,1.5245666666666666,10.584,6.0,4,20.2626805826529,55.0,0.08866666666666669,5272.200751092073,0.0,0.0,0.0,43.44066111848121,optimal
2021-02-13 10:00:00,2,87,3.5714285714285716,0.0,0.0,1.2264000000000002,10.143,6.0,4,20.267630445352598,55.0,0.08600000000000002,12500.0,0.0,0.0,0.0,42.531527120859124,optimal
2021-02-13 10:30:00,2,87,0.0,0.0,0.0,2.127266666666667,13.0095,6.0,4,20.423054004313055,55.0,0.08600000000000002,0.0,0.0,0.0,0.0,41.62330225723466,optimal
2021-02-13 11:00:00,2,87,0.0,0.0,0.0,2.743833333333333,11.025,6.0,4,20.375450202553523,55.0,0.08600000000000002,0.0,0.0,0.0,0.0,40.71598561847382,optimal
2021-02-13 11:30:00,2,87,0.0,0.0,0.0,0.48003333333333337,12.789,6.0,4,20.373506517966614,55.0,0.08600000000000002,0.0,0.0,0.0,0.0,39.80957629635174,optimal
2021-02-13 12:00:00,2,87,0.0,0.0,0.0,1.0080666666666669,12.1275,6.0,4,20.350823557183343,55.0,0.08600000000000002,0.0,0.0,0.0,0.0,38.90407338355179,optimal
2021-02-13 12:30:00,2,87,0.0,0.0,0.0,3.3066666666666666,12.1695,6.0,4,20.350584445362426,55.0,0.07866666666666669,0.0,0.0,0.0,0.0,38.86516931016824,optimal
2021-02-13 13:00:00,2,87,0.0,0.0,0.0,1.8854333333333326,12.306,6.0,4,20.36080635769605,55.0,0.07733333333333335,0.0,0.0,0.0,0.0,38.82630414085807,optimal
2021-02-13 13:30:00,2,87,0.0,0.0,0.0,1.8178333333333332,13.23,6.0,4,20.378526014986655,55.0,0.07466666666666669,0.0,0.0,0.0,0.0,38.787477836717215,optimal
2021-02-13 14:00:00,2,87,0.0,0.0,0.0,2.726033333333333,13.671,6.0,4,20.395491789666785,55.0,0.07466666666666669,0.0,0.0,0.0,0.0,38.748690358880495,optimal
2021-02-13 14:30:00,2,87,0.0,0.0,0.0,1.0675999999999999,13.9335,6.0,4,20.385043305303874,55.0,0.07200000000000002,0.0,0.0,0.0,0.0,38.709941668521616,optimal
2021-02-13 15:00:00,2,87,0.0,0.0,0.0,0.13626666666666667,13.293,6.0,4,20.36701959209008,55.0,0.018,0.0,0.0,0.0,0.0,38.671231726853094,optimal
2021-02-13 15:30:00,2,87,0.0,0.0,0.0,0.18936666666666668,12.1065,6.0,4,20.322361316298384,55.0,0.018,0.0,0.0,0.0,0.0,38.63256049512624,optimal
2021-02-13 16:00:00,2,87,0.0,0.0,0.0,0.1827666666666667,11.571,6.0,4,20.279140970720423,55.0,0.015333333333333332,0.0,0.0,0.0,0.0,38.59392793463112,optimal
2021-02-13 16:30:00,2,87,3.5714285714285716,0.0,0.0,2.012033333333333,11.025,6.0,4,20.204005842133494,55.0,0.012666666666666666,12500.0,0.0,0.0,0.0,38.555334006696484,optimal
2021-02-13 17:00:00,2,87,3.5714285714285716,0.0,0.0,2.790833333333333,10.8465,6.0,4,20.340997118253906,55.0,0.011333333333333334,12500.0,0.0,0.0,0.0,38.51677867268979,optimal
2021-02-13 17:30:00,2,87,3.5714285714285716,0.0,0.0,0.8980666666666667,11.2455,6.0,4,20.45511253650933,55.0,0.009333333333333334,12500.0,0.0,0.0,0.0,38.4782618940171,optimal
2021-02-13 18:00:00,2,87,0.0,0.0,0.0,0.5193,23.8665,6.0,4,20.56020840948331,55.0,0.004666666666666667,0.0,0.0,0.0,0.0,38.43978363212309,optimal
2021-02-13 18:30:00,2,87,0.0,0.0,0.0,0.2243,27.4575,6.0,4,20.452252319420502,55.0,0.002666666666666666,0.0,0.0,0.0,0.0,38.40134384849097,optimal
2021-02-13 19:00:00,2,87,0.0,0.0,0.0,0.19683333333333328,27.3735,6.0,4,20.340300063546866,55.0,0.002666666666666666,0.0,0.0,0.0,0.0,38.362942504642476,optimal
2021-02-13 19:30:00,2,87,0.0,0.0,0.0,0.2299333333333333,30.4605,6.0,4,20.224905063294624,55.0,0.002666666666666666,0.0,0.0,0.0,0.0,38.324579562137835,optimal
2021-02-13 20:00:00,2,87,0.0,0.0,0.0,0.4492,30.0195,6.0,4,20.111984640076287,55.0,0.002666666666666666,0.0,0.0,0.0,0.0,38.2862549825757,optimal
2021-02-13 20:30:00,2,87,0.0,0.0,0.0,0.3330666666666667,26.9325,6.0,4,20.0,55.0,0.001333333333333333,0.0,0.0,0.0,0.0,38.247968727593125,optimal
2021-02-13 21:00:00,2,87,0.0,0.0,0.0,0.2243,14.595,6.0,4,19.885423279017747,55.0,0.001333333333333333,0.0,0.0,0.0,0.0,38.20972075886553,optimal
2021-02-13 21:30:00,2,87,0.0,0.0,0.0,0.2941666666666667,12.4845,6.0,4,19.769862800325168,55.0,0.0,0.0,0.0,0.0,0.0,38.171511038106665,optimal
2021-02-13 22:00:00,2,87,0.0,0.0,0.0,0.29960000000000003,12.1275,6.0,4,19.65855901010892,55.0,0.0,0.0,0.0,0.0,0.0,38.13333952706856,optimal
2021-02-13 22:30:00,2,87,0.0,0.0,0.0,0.1633666666666667,12.1275,6.0,4,19.54663269801434,55.0,0.0,0.0,0.0,0.0,0.0,38.095206187541486,optimal
2021-02-13 23:00:00,2,87,0.0,0.0,0.0,0.09620000000000001,12.789,6.0,4,19.43513081679415,55.0,0.0,0.0,0.0,0.0,0.0,38.057110981353944,optimal
2021-02-13 23:30:00,2,87,0.0,0.0,0.0,0.09620000000000001,11.907,6.0,4,19.31499566327697,55.0,0.0,0.0,0.0,0.0,0.0,38.01905387037259,optimal
2021-02-07 00:00:00,3,87,0.0,0.0,0.0,0.06,10.584,6.0,4,21.0,55.0,0.12,0.0,0.0,0.0,0.0,47.952,optimal
2021-02-07 00:30:00,3,87,0.4012151287677907,0.0,0.0,0.10293333333333334,6.678,6.0,4,20.88889644927887,55.0,0.124,986.2529506872676,0.0,418.0,0.0,47.904047999999996,optimal
2021-02-07 01:00:00,3,87,0.0,0.0,0.0,0.152,7.938,6.0,4,20.794721772029952,55.0,0.124,0.0,0.0,0.0,0.0,47.856143952,optimal
2021-02-07 01:30:00,3,87,3.5714285714285716,0.0,0.0,0.06,5.292,6.0,4,20.685157890425174,55.0,0.124,12500.0,0.0,0.0,0.0,47.80828780804799,optimal
2021-02-07 02:00:00,3,87,0.0,0.0,0.0,0.06,9.261,6.0,4,20.779233289818166,55.0,0.124,0.0,0.0,0.0,0.0,47.76047952023995,optimal
2021-02-07 02:30:00,3,87,0.0,0.0,0.0,0.06,10.3635,6.0,4,20.667642026019706,55.0,0.124,0.0,0.0,0.0,0.0,47.712719040719705,optimal
2021-02-07 03:00:00,3,87,0.0,0.0,0.0,0.19493333333333332,8.274,6.0,4,20.55612211115741,55.0,0.124,0.0,0.0,0.0,0.0,47.66500632167899,optimal
2021-02-07 03:30:00,3,87,0.0,0.0,0.0,0.06,7.7175,6.0,4,20.44688363595299,55.0,0.124,0.0,0.0,0.0,0.0,47.61734131535731,optimal
2021-02-07 04:00:00,3,87,3.5714285714285716,0.0,0.0,0.18186666666666668,6.615,6.0,4,20.335799267718198,55.0,0.124,12500.0,0.0,0.0,0.0,47.56972397404195,optimal
2021-02-07 04:30:00,3,87,3.5714285714285716,0.0,0.0,0.0884,6.174,6.0,4,20.431779813180945,55.0,0.124,12500.0,0.0,0.0,0.0,47.522154250067906,optimal
2021-02-07 05:00:00,3,87,3.5714285714285716,0.0,0.0,0.13973333333333332,3.906,6.0,4,20.52556190129486,55.0,0.124,12500.0,0.0,0.0,0.0,47.47463209581784,optimal
2021-02-07 05:30:00,3,87,3.5714285714285716,0.0,0.0,0.11320000000000001,2.3415,6.0,4,20.61977150888905,55.0,0.122,12500.0,0.0,0.0,0.0,47.42715746372202,optimal
2021-02-07 06:00:00,3,87,3.5714285714285716,0.0,0.0,0.09736666666666666,2.205,6.0,4,20.71549488697353,55.0,0.12066666666666667,12500.0,0.0,0.0,0.0,47.379730306258296,optimal
2021-02-07 06:30:00,3,87,3.5714285714285716,0.0,2.2176488419496745,1.6958,0.882,6.0,4,20.811849536521137,55.0,0.118,12500.0,0.0,0.0,0.0,48.38573377587813,optimal
2021-02-07 07:00:00,3,87,3.5714285714285716,0.0,0.0,2.3901999999999997,1.5435,6.0,4,20.91559138109368,55.0,0.10266666666666667,12500.0,0.0,0.0,0.0,48.33734804210225,optimal
2021-02-07 07:30:00,3,87,3.5714285714285716,0.0,0.0,4.0513,1.5435,6.0,4,21.01857014646215,55.0,0.09466666666666666,12500.0,0.0,0.0,0.0,48.289010694060146,optimal
2021-02-07 08:00:00,3,87,3.5714285714285716,0.0,0.0,1.8114000000000001,5.0715,6.0,4,21.121328909713668,55.0,0.09266666666666666,12500.0,0.0,0.0,0.0,48.240721683366075,optimal
2021-02-07 08:30:00,3,87,3.5714285714285716,0.0,0.0,0.22366666666666662,5.376,6.0,4,21.22050462911811,55.0,0.08866666666666667,12500.0,0.0,0.0,0.0,48.192480961682705,optimal
2021-02-07 09:00:00,3,87,3.5714285714285716,0.0,0.0,0.5497000000000001,5.0715,6.0,4,21.315529102186233,55.0,0.08733333333333333,12500.0,0.0,0.0,0.0,48.144288480721016,optimal
2021-02-07 09:30:00,3,87,3.5714285714285716,0.0,0.0,2.109333333333333,5.5125,6.0,4,21.42407208017909,55.0,0.08733333333333333,12500.0,0.0,0.0,0.0,48.096144192240295,optimal
2021-02-07 10:00:00,3,87,0.0,0.0,0.0,0.5253,9.261,6.0,4,21.532343713328736,55.0,0.03333333333333333,0.0,0.0,0.0,0.0,48.048048048048045,optimal
2021-02-07 10:30:00,3,87,0.0,0.0,0.0,0.229,11.7075,6.0,4,21.450043907888247,55.0,0.03,0.0,0.0,0.0,0.0,48.0,optimal
2021-02-07 11:00:00,3,87,0.0,0.0,0.0,0.07,12.348,6.0,4,21.362098450292393,55.0,0.03,0.0,0.0,0.0,0.0,47.64013227339383,optimal
2021-02-07 11:30:00,3,87,0.0,0.0,0.0,0.162,12.348,6.0,4,21.28813440496514,55.0,0.03,0.0,0.0,0.0,0.0,47.28062441451427,optimal
2021-02-07 12:00:00,3,87,0.0,0.0,0.0,0.11293333333333334,12.1275,6.0,4,21.216132817855,55.0,0.03,0.0,0.0,0.0,0.0,46.92147606349359,optimal
2021-02-07 12:30:00,3,87,0.0,0.0,0.0,0.09453333333333332,12.5265,6.0,4,21.157808802077746,55.0,0.03,0.0,0.0,0.0,0.0,46.56268686082393,optimal
2021-02-07 13:00:00,3,87,0.0,0.0,0.0,0.3434,11.7495,6.0,4,21.09954235840843,55.0,0.028,0.0,0.0,0.0,0.0,46.20425644735694,optimal
2021-02-07 13:30:00,3,87,0.0,0.0,0.0,0.5645666666666668,13.23,6.0,4,21.03578181415172,55.0,0.028,0.0,0.0,0.0,0.0,45.84618446430342,optimal
2021-02-07 14:00:00,3,87,0.0,0.0,0.0,1.6752,14.3325,6.0,4,20.97725670267253,55.0,0.028,0.0,0.0,0.0,0.0,45.48847055323295,optimal
2021-02-07 14:30:00,3,87,0.0,0.0,0.0,0.7217666666666667,14.994,6.0,4,20.92574516396535,55.0,0.028,0.0,0.0,0.0,0.0,45.13111435607355,optimal
2021-02-07 15:00:00,3,87,0.0,0.0,0.0,0.19266666666666662,14.8155,6.0,4,20.870356262781442,55.0,0.028,0.0,0.0,0.0,0.0,44.77411551511131,optimal
2021-02-07 15:30:00,3,87,0.0,0.0,0.0,0.08226666666666667,14.112,6.0,4,20.82151104318446,55.0,0.028,0.0,0.0,0.0,0.0,44.417473672990035,optimal
2021-02-07 16:00:00,3,87,0.0,0.0,0.0,0.38196666666666657,14.007,6.0,4,20.770234559457265,55.0,0.028,0.0,0.0,0.0,0.0,44.37305619931704,optimal
2021-02-07 16:30:00,3,87,0.0,0.0,0.0,0.4225,13.23,6.0,4,20.702902246337793,55.0,0.028,0.0,0.0,0.0,0.0,44.32868314311772,optimal
2021-02-07 17:00:00,3,87,0.0,0.0,0.0,0.6857000000000001,11.382,6.0,4,20.64012138007827,55.0,0.023333333333333334,0.0,0.0,0.0,0.0,44.2843544599746,optimal
2021-02-07 17:30:00,3,87,0.0,0.0,0.0,0.42173333333333335,11.7495,6.0,4,20.550187985001298,55.0,0.023333333333333334,0.0,0.0,0.0,0.0,44.240070105514626,optimal
2021-02-07 18:00:00,3,87,0.0,0.0,0.0,0.9668333333333333,24.3285,6.0,4,20.458514741495932,55.0,0.003999999999999999,0.0,0.0,0.0,0.0,44.19583003540911,optimal
2021-02-07 18:30:00,3,87,0.0,0.0,0.0,1.9861666666666666,28.917,6.0,4,20.36185380569774,55.0,0.002666666666666666,0.0,0.0,0.0,0.0,44.1516342053737,optimal
2021-02-07 19:00:00,3,87,0.0,0.0,0.0,3.0504000000000002,31.3635,6.0,4,20.272198612255114,55.0,0.002666666666666666,0.0,0.0,0.0,0.0,44.10748257116833,optimal
2021-02-07 19:30:00,3,87,0.0,0.0,0.0,1.3975333333333333,33.306,6.0,4,20.18256787922506,55.0,0.002666666666666666,0.0,0.0,0.0,0.0,44.06337508859716,optimal
2021-02-07 20:00:00,3,87,0.0,0.0,0.0,0.3435,31.3425,6.0,4,20.09311206488806,55.0,0.002666666666666666,0.0,0.0,0.0,0.0,44.019311713508564,optimal
2021-02-07 20:30:00,3,87,0.0,0.0,0.0,0.32239999999999996,28.2555,6.0,4,20.0,55.0,0.002666666666666666,0.0,0.0,0.0,0.0,43.97529240179506,optimal
2021-02-07 21:00:00,3,87,0.0,0.0,0.0,0.6503,15.6975,6.0,4,19.90365261011124,55.0,0.001333333333333333,0.0,0.0,0.0,0.0,43.93131710939326,optimal
2021-02-07 21:30:00,3,87,0.0,0.0,0.0,0.3689666666666666,12.5475,6.0,4,19.81191731382356,55.0,0.0,0.0,0.0,0.0,0.0,43.88738579228387,optimal
2021-02-07 22:00:00,3,87,0.0,0.0,0.0,0.6251666666666666,12.0855,6.0,4,19.719100801862325,55.0,0.0,0.0,0.0,0.0,0.0,43.84349840649159,optimal
2021-02-07 22:30:00,3,87,0.0,0.0,0.0,2.462766666666667,11.907,6.0,4,19.6274658024846,55.0,0.0,0.0,0.0,0.0,0.0,43.7996549080851,optimal
2021-02-07 23:00:00,3,87,0.0,0.0,0.0,1.5273333333333332,12.5685,6.0,4,19.537555491158358,55.0,0.0,0.0,0.0,0.0,0.0,43.75585525317702,optimal
2021-02-07 23:30:00,3,87,0.0,0.0,0.0,0.23653333333333332,13.146,6.0,4,19.44084019275961,55.0,0.0,0.0,0.0,0.0,0.0,43.71209939792384,optimal
2021-02-08 00:00:00,3,87,3.5714285714285716,0.0,0.0,0.058,5.9745,6.0,0,19.44084019275961,55.0,0.0,12500.0,0.0,0.0,0.0,43.66838729852592,optimal
2021-02-08 00:30:00,3,87,3.5714285714285716,0.0,0.0,0.058,7.938,6.0,0,19.53623871504421,55.0,0.06066666666666667,6160.333333333333,0.0,6339.666666666667,0.0,43.6247189112274,optimal
2021-02-08 01:00:00,3,87,3.5714285714285716,0.0,0.0,0.082,8.6835,6.0,0,19.5271911564696,55.0,0.06066666666666667,12500.0,0.0,0.0,0.0,43.58109419231617,optimal
2021-02-08 01:30:00,3,87,3.5714285714285716,0.0,0.0,0.1396,7.665,6.0,0,19.622451330758953,55.0,0.06066666666666667,12500.0,0.0,0.0,0.0,43.53751309812385,optimal
2021-02-08 02:00:00,3,87,3.5714285714285716,0.0,0.0,0.058,6.7725,6.0,0,19.717760995095293,55.0,0.06066666666666667,12500.0,0.0,0.0,0.0,43.49397558502573,optimal
2021-02-08 02:30:00,3,87,3.5714285714285716,0.0,0.0,0.1492,5.5755,6.0,0,19.810839416765123,55.0,0.06066666666666667,12500.0,0.0,0.0,0.0,43.45048160944071,optimal
2021-02-08 03:00:00,3,87,3.5714285714285716,0.0,5.0,0.0724,5.0925,6.0,0,19.905146746825483,55.0,0.06066666666666667,12500.0,0.0,0.0,0.0,45.78203112783127,optimal
2021-02-08 03:30:00,3,87,3.5714285714285716,0.0,5.0,0.0916,4.1895,6.0,0,19.997923180057334,55.0,0.06066666666666667,12500.0,0.0,0.0,0.0,48.11124909670344,optimal
2021-02-08 04:00:00,3,87,3.5714285714285716,0.0,0.0,0.13,7.056,6.0,0,20.090135308162214,55.0,0.06066666666666667,12500.0,0.0,0.0,0.0,48.06313784760673,optimal
2021-02-08 04:30:00,3,87,3.5714285714285716,0.0,0.47504626022517094,0.058,5.271,6.0,0,20.18210114647179,55.0,0.06066666666666667,12500.0,0.0,0.0,0.0,48.240721683366075,optimal
2021-02-08 05:00:00,3,87,3.5714285714285716,0.0,0.0,0.1636,7.938,6.0,0,20.2717058253181,55.0,0.06066666666666667,12500.0,0.0,0.0,0.0,48.192480961682705,optimal
2021-02-08 05:30:00,3,87,3.5714285714285716,0.0,0.0,0.06566666666666666,7.938,6.0,0,20.36187339028759,55.0,0.06066666666666667,12500.0,0.0,0.0,0.0,48.144288480721016,optimal
2021-02-08 06:00:00,3,87,3.4606240539030297,0.0,0.0,0.1108,11.907,6.0,0,20.44944818704496,55.0,0.06066666666666667,12112.184188660603,0.0,0.0,0.0,48.096144192240295,optimal
2021-02-08 06:30:00,3,87,3.5714285714285716,0.0,0.0,0.1108,11.025,6.0,0,20.5306877968365,55.0,0.06066666666666667,12500.0,0.0,0.0,0.0,48.048048048048045,optimal
2021-02-08 07:00:00,3,87,3.5714285714285716,0.0,0.0,0.05733333333333333,11.2875,6.0,0,20.617472921711908,55.0,0.06066666666666667,12500.0,0.0,0.0,0.0,48.0,optimal
2021-02-08 07:30:00,3,87,0.0,0.0,0.0,0.1686,12.936,6.0,0,20.702884197138026,55.0,0.058666666666666666,0.0,0.0,0.0,0.0,45.30931174355414,optimal
2021-02-08 08:00:00,3,87,0.0,0.0,0.0,0.056,13.0095,6.0,0,20.585729700831916,55.0,0.05333333333333334,0.0,0.0,0.0,0.0,42.62131417536473,optimal
2021-02-08 08:30:00,3,87,0.0,0.0,0.0,0.26893333333333336,13.671,6.0,0,20.47031023971246,55.0,0.05333333333333334,0.0,0.0,0.0,0.0,42.57869286118937,optimal
2021-02-08 09:00:00,3,87,0.0,0.0,0.0,0.2722,13.188,6.0,0,20.35841943967015,55.0,0.046,0.0,0.0,0.0,0.0,42.536114168328176,optimal
2021-02-08 09:30:00,3,87,0.0,0.0,0.0,0.202,13.8495,6.0,0,20.268539397135378,55.0,0.044,0.0,0.0,0.0,0.0,42.49357805415985,optimal
2021-02-08 10:00:00,3,87,0.0,0.0,0.0,0.2268,13.23,6.0,0,20.178325550853355,55.0,0.025333333333333333,0.0,0.0,0.0,0.0,42.451084476105684,optimal
2021-02-08 10:30:00,3,87,0.0,0.0,0.0,0.24880000000000002,13.3665,6.0,0,20.121198454948626,55.0,0.025333333333333333,0.0,0.0,0.0,0.0,42.40863339162958,optimal
2021-02-08 11:00:00,3,87,0.0,0.0,0.0,0.172,13.0515,6.0,0,20.064346657939303,55.0,0.023333333333333334,0.0,0.0,0.0,0.0,42.36622475823795,optimal
2021-02-08 11:30:00,3,87,0.0,0.0,0.0,0.42019999999999996,13.5345,6.0,0,20.04142489096219,55.0,0.02,0.0,0.0,0.0,0.0,42.32385853347971,optimal
2021-02-08 12:00:00,3,87,0.0,0.0,0.0,0.2948,14.154,6.0,0,20.02321118880046,55.0,0.017333333333333333,0.0,0.0,0.0,0.0,42.28153467494623,optimal
2021-02-08 12:30:00,3,87,0.0,0.0,0.0,0.2772,14.112,6.0,0,20.015253294238455,55.0,0.016,0.0,0.0,0.0,0.0,42.23925314027128,optimal
2021-02-08 13:00:00,3,87,0.0,0.0,0.0,0.1832,14.2485,6.0,0,20.008483286750824,55.0,0.016,0.0,0.0,0.0,0.0,42.19701388713101,optimal
2021-02-08 13:30:00,3,87,3.0908923410202283,0.0,0.0,0.068,12.789,6.0,0,20.0,55.0,0.016,10818.123193570798,0.0,0.0,0.0,42.154816873243874,optimal
2021-02-08 14:00:00,3,87,0.0,0.0,0.0,0.1809333333333333,13.0095,6.0,0,20.16269872859837,55.0,0.013333333333333334,0.0,0.0,0.0,0.0,42.11266205637063,optimal
2021-02-08 14:30:00,3,87,3.5714285714285716,0.0,0.0,0.1655,12.1275,6.0,0,20.15040985129676,55.0,0.013333333333333334,12500.0,0.0,0.0,0.0,42.07054939431426,optimal
2021-02-08 15:00:00,3,87,3.5714285714285716,0.0,0.0,0.10633333333333331,12.348,6.0,0,20.344769326243387,55.0,0.013333333333333334,12500.0,0.0,0.0,0.0,42.028478844919945,optimal
2021-02-08 15:30:00,3,87,3.5714285714285716,0.0,0.0,0.1352,12.348,6.0,0,20.508921503797577,55.0,0.013333333333333334,12500.0,0.0,0.0,0.0,41.986450366075026,optimal
2021-02-08 16:00:00,3,87,0.0,0.0,0.0,0.2228,25.389,6.0,0,20.67175177416156,55.0,0.013333333333333334,0.0,0.0,0.0,0.0,41.94446391570895,optimal
2021-02-08 16:30:00,3,87,0.0,0.0,0.0,0.201,29.1375,6.0,0,20.602885537754524,55.0,0.013333333333333334,0.0,0.0,0.0,0.0,41.90251945179324,optimal
2021-02-08 17:00:00,3,87,0.0,0.0,0.0,0.1625,30.597,6.0,0,20.5356457776598,55.0,0.01,0.0,0.0,0.0,0.0,41.86061693234144,optimal
2021-02-08 17:30:00,3,87,0.0,0.0,0.0,0.086,33.684,6.0,0,20.436097607228486,55.0,0.008,0.0,0.0,0.0,0.0,41.818756315409104,optimal
2021-02-08 18:00:00,3,87,0.0,0.0,0.0,1.2183,32.445,6.0,0,20.335110357469386,55.0,0.004666666666666667,0.0,0.0,0.0,0.0,41.776937559093696,optimal
2021-02-08 18:30:00,3,87,0.0,0.0,0.0,0.08813333333333334,28.917,6.0,0,20.22612742026111,55.0,0.004666666666666667,0.0,0.0,0.0,0.0,41.735160621534604,optimal
2021-02-08 19:00:00,3,87,0.0,0.0,0.0,0.094,15.876,6.0,0,20.11271531670372,55.0,0.004666666666666667,0.0,0.0,0.0,0.0,41.69342546091307,optimal
2021-02-08 19:30:00,3,87,1.9181478063685125,0.0,0.0,0.2437666666666667,12.348,6.0,0,20.0,55.0,0.001333333333333333,6713.517322289794,0.0,0.0,0.0,41.651732035452156,optimal
2021-02-08 20:00:00,3,87,1.993964943355668,0.0,0.0,0.13823333333333332,12.1275,6.0,0,20.0,55.0,0.001333333333333333,6978.877301744838,0.0,0.0,0.0,41.6100803034167,optimal
2021-02-08 20:30:00,3,87,0.0,0.0,0.0,0.31826666666666664,12.348,6.0,0,20.0,55.0,0.001333333333333333,0.0,0.0,0.0,0.0,41.56847022311329,optimal
2021-02-08 21:00:00,3,87,0.0,0.0,0.0,0.3136666666666667,12.1275,6.0,0,19.887618735555648,55.0,0.001333333333333333,0.0,0.0,0.0,0.0,41.526901752890176,optimal
2021-02-08 21:30:00,3,87,0.0,0.0,0.0,0.1712,12.1275,6.0,0,19.777091171665045,55.0,0.0,0.0,0.0,0.0,0.0,41.48537485113729,optimal
2021-02-08 22:00:00,3,87,0.0,0.0,0.0,0.068,11.2665,6.0,0,19.664606276176276,55.0,0.0,0.0,0.0,0.0,0.0,41.44388947628615,optimal
2021-02-08 22:30:00,3,87,0.0,0.0,0.0,0.0968,10.143,6.0,0,19.549538822458548,55.0,0.0,0.0,0.0,0.0,0.0,41.40244558680987,optimal
2021-02-08 23:00:00,3,87,0.0,0.0,0.0,0.1448,11.2455,6.0,0,19.435343698050527,55.0,0.0,0.0,0.0,0.0,0.0,41.36104314122306,optimal
2021-02-08 23:30:00,3,87,0.0,0.0,0.0,0.06366666666666666,11.025,6.0,0,19.322330075215476,55.0,0.0,0.0,0.0,0.0,0.0,41.319682098081834,optimal
2021-02-09 00:00:00,3,87,3.5714285714285716,0.0,0.0,0.049,11.6865,6.0,3,19.322330075215476,55.0,0.0,12500.0,0.0,0.0,0.0,41.27836241598375,optimal
2021-02-09 00:30:00,3,87,3.5714285714285716,0.0,0.0,0.0564,11.466,6.0,3,19.41273636541147,55.0,0.11961722488038277,0.0,0.0,12500.0,0.0,41.23708405356776,optimal
2021-02-09 01:00:00,3,87,3.5714285714285716,0.0,5.0,0.1154,10.8045,6.0,3,19.298235347539368,55.0,0.13666666666666666,10718.333333333334,0.0,1781.6666666666667,0.0,43.57084696951419,optimal
2021-02-09 01:30:00,3,87,3.5714285714285716,0.0,5.0,0.2002,10.584,6.0,3,19.361305331160075,55.0,0.13666666666666666,12500.0,0.0,0.0,0.0,45.90227612254468,optimal
2021-02-09 02:00:00,3,87,3.5714285714285716,0.0,0.0,0.049,11.2455,6.0,3,19.453948729536886,55.0,0.13666666666666666,12500.0,0.0,0.0,0.0,45.85637384642213,optimal
2021-02-09 02:30:00,3,87,3.5714285714285716,0.0,0.0,0.1354,12.1275,6.0,3,19.54292931284975,55.0,0.13666666666666666,12500.0,0.0,0.0,0.0,45.81051747257571,optimal
2021-02-09 03:00:00,3,87,3.5714285714285716,0.0,0.0,0.1839,11.823,6.0,3,19.633085392961355,55.0,0.13666666666666666,12500.0,0.0,0.0,0.0,45.76470695510314,optimal
2021-02-09 03:30:00,3,87,3.5714285714285716,0.0,0.0,0.0959,11.7705,6.0,3,19.723788841795457,55.0,0.13666666666666666,12500.0,0.0,0.0,0.0,45.71894224814803,optimal
2021-02-09 04:00:00,3,87,3.5714285714285716,0.0,0.0908710564811007,0.16419999999999998,11.13,6.0,3,19.813107864740537,55.0,0.13666666666666666,12500.0,0.0,0.0,0.0,45.716387057728404,optimal
2021-02-09 04:30:00,3,87,3.5714285714285716,0.0,0.0,0.1156,11.6865,6.0,3,19.903611550376922,55.0,0.13666666666666666,12500.0,0.0,0.0,0.0,45.670670670670674,optimal
2021-02-09 05:00:00,3,87,3.5714285714285716,0.0,5.0,0.2067333333333333,10.7205,6.0,3,19.992146424517713,55.0,0.12266666666666666,12500.0,0.0,0.0,0.0,48.0,optimal
2021-02-09 05:30:00,3,87,3.5714285714285716,0.0,0.0,0.14733333333333334,11.424,6.0,3,20.081272613044984,55.0,0.122,12500.0,0.0,0.0,0.0,47.59386621075965,optimal
2021-02-09 06:00:00,3,87,3.5714285714285716,0.0,0.0,0.2236,10.689,6.0,3,20.170678596319878,55.0,0.122,12500.0,0.0,0.0,0.0,47.18813855530854,optimal
2021-02-09 06:30:00,3,87,3.5714285714285716,0.0,0.0,0.3108,11.361,6.0,3,20.261459179771446,55.0,0.11933333333333333,12500.0,0.0,0.0,0.0,46.78281662751289,optimal
2021-02-09 07:00:00,3,87,3.5714285714285716,0.0,0.0,0.18669999999999998,11.571,6.0,3,20.351465488996716,55.0,0.11666666666666667,12500.0,0.0,0.0,0.0,46.377900021645026,optimal
2021-02-09 07:30:00,3,87,0.0,0.0,0.0,1.8593,14.3745,6.0,3,20.4438034755711,55.0,0.11066666666666666,0.0,0.0,0.0,0.0,45.97338833238303,optimal
2021-02-09 08:00:00,3,87,3.0391185951325865,0.0,0.0,0.38473333333333337,13.23,6.0,3,20.35213143048808,55.0,0.048,10636.915082964053,0.0,0.0,0.0,45.5692811548103,optimal
2021-02-09 08:30:00,3,87,0.0,0.0,0.0,0.21,13.9755,6.0,3,20.416765513968734,55.0,0.04133333333333333,0.0,0.0,0.0,0.0,45.16557808441514,optimal
2021-02-09 09:00:00,3,87,0.0,0.0,0.0,0.4319333333333333,14.994,6.0,3,20.304580245240384,55.0,0.03933333333333333,0.0,0.0,0.0,0.0,44.762278717090375,optimal
2021-02-09 09:30:00,3,87,0.0,0.0,0.0,0.11393333333333333,13.671,6.0,3,20.215319927816324,55.0,0.03933333333333333,0.0,0.0,0.0,0.0,44.35938264913294,optimal
2021-02-09 10:00:00,3,87,0.0,0.0,0.0,0.21836666666666668,15.981,6.0,3,20.122146262941335,55.0,0.03933333333333333,0.0,0.0,0.0,0.0,43.95688947724346,optimal
2021-02-09 10:30:00,3,87,0.0,0.0,0.0,0.3679666666666666,15.6345,6.0,3,20.069400344754644,55.0,0.03933333333333333,0.0,0.0,0.0,0.0,43.554798798525866,optimal
2021-02-09 11:00:00,3,87,0.0,0.0,0.0,0.29453333333333337,16.5375,6.0,3,20.019790315931925,55.0,0.03866666666666667,0.0,0.0,0.0,0.0,43.15311021048699,optimal
2021-02-09 11:30:00,3,87,0.0,0.0,0.0,1.0658666666666665,14.7735,6.0,3,20.00411208716957,55.0,0.034666666666666665,0.0,0.0,0.0,0.0,42.751823311036155,optimal
2021-02-09 12:00:00,3,87,0.0,0.0,0.0,0.6660333333333333,15.2145,6.0,3,20.0,55.0,0.034666666666666665,0.0,0.0,0.0,0.0,42.35093769848477,optimal
2021-02-09 12:30:00,3,87,0.0,0.0,0.0,0.5852999999999999,14.553,6.0,3,20.012934075983136,55.0,0.025333333333333333,0.0,0.0,0.0,0.0,42.308586760786284,optimal
2021-02-09 13:00:00,3,87,0.0,0.0,0.0,0.2994,14.3325,6.0,3,20.0259084566509,55.0,0.02266666666666667,0.0,0.0,0.0,0.0,42.266278174025494,optimal
2021-02-09 13:30:00,3,87,0.0,0.0,0.0,0.22643333333333332,14.595,6.0,3,20.043115964956947,55.0,0.02,0.0,0.0,0.0,0.0,42.22401189585147,optimal
2021-02-09 14:00:00,3,87,0.0,0.0,0.0,0.6752999999999999,14.994,6.0,3,20.056685730259357,55.0,0.018666666666666668,0.0,0.0,0.0,0.0,42.181787883955614,optimal
2021-02-09 14:30:00,3,87,0.0,0.0,0.0,0.5051333333333333,14.3325,6.0,3,20.067851142673884,55.0,0.017333333333333333,0.0,0.0,0.0,0.0,42.13960609607166,optimal
2021-02-09 15:00:00,3,87,0.0,0.0,0.0,0.4326666666666667,13.8915,6.0,3,20.078173159143333,55.0,0.017333333333333333,0.0,0.0,0.0,0.0,42.09746648997559,optimal
2021-02-09 15:30:00,3,87,2.4554816423356867,0.0,0.0,0.3057333333333333,13.8915,6.0,3,20.060139468923737,55.0,0.014666666666666666,8594.185748174903,0.0,0.0,0.0,42.05536902348561,optimal
2021-02-09 16:00:00,3,87,3.5714285714285716,0.0,0.0,0.37760000000000005,13.4715,6.0,3,20.182034204540518,55.0,0.014,12500.0,0.0,0.0,0.0,42.013313654462124,optimal
2021-02-09 16:30:00,3,87,3.5714285714285716,0.0,0.0,0.2765,13.23,6.0,3,20.331739838848556,55.0,0.014,12500.0,0.0,0.0,0.0,41.97130034080766,optimal
2021-02-09 17:00:00,3,87,3.5714285714285716,0.0,0.0,0.2517333333333333,13.8915,6.0,3,20.480254538766886,55.0,0.014,12500.0,0.0,0.0,0.0,41.929329040466854,optimal
2021-02-09 17:30:00,3,87,0.0,0.0,0.0,1.0331,26.9325,6.0,3,20.58966935213503,55.0,0.014,0.0,0.0,0.0,0.0,41.88739971142639,optimal
2021-02-09 18:00:00,3,87,0.0,0.0,0.0,1.0087000000000002,30.303,6.0,3,20.49560056135394,55.0,0.012666666666666666,0.0,0.0,0.0,0.0,41.84551231171496,optimal
2021-02-09 18:30:00,3,87,0.0,0.0,0.0,1.2129,32.886,6.0,3,20.387590985914926,55.0,0.012666666666666666,0.0,0.0,0.0,0.0,41.803666799403246,optimal
2021-02-09 19:00:00,3,87,0.0,0.0,0.0,1.3123666666666665,34.9965,6.0,3,20.290620671916923,55.0,0.012,0.0,0.0,0.0,0.0,41.76186313260384,optimal
2021-02-09 19:30:00,3,87,0.0,0.0,0.0,1.5167,33.327,6.0,3,20.195478221928866,55.0,0.01,0.0,0.0,0.0,0.0,41.720101269471236,optimal
2021-02-09 20:00:00,3,87,0.0,0.0,0.0,3.0524,31.122,6.0,3,20.094509783481197,55.0,0.008666666666666666,0.0,0.0,0.0,0.0,41.67838116820177,optimal
2021-02-09 20:30:00,3,87,0.0,0.0,0.0,2.1249000000000002,17.9025,6.0,3,20.0,55.0,0.008,0.0,0.0,0.0,0.0,41.63670278703356,optimal
2021-02-09 21:00:00,3,87,0.0,0.0,0.0,0.2724,15.6555,6.0,3,19.901895655877947,55.0,0.002,0.0,0.0,0.0,0.0,41.59506608424653,optimal
2021-02-09 21:30:00,3,87,0.0,0.0,0.0,0.34213333333333334,14.553,6.0,3,19.791410723628303,55.0,0.0,0.0,0.0,0.0,0.0,41.553471018162284,optimal
2021-02-09 22:00:00,3,87,0.0,0.0,0.0,0.10940000000000001,14.3325,6.0,3,19.68054516659322,55.0,0.0,0.0,0.0,0.0,0.0,41.51191754714412,optimal
2021-02-09 22:30:00,3,87,0.0,0.0,0.0,0.11370000000000001,13.335,6.0,3,19.563416228668668,55.0,0.0,0.0,0.0,0.0,0.0,41.470405629596975,optimal
2021-02-09 23:00:00,3,87,0.0,0.0,0.0,0.2293,12.1275,6.0,3,19.447386481490316,55.0,0.0,0.0,0.0,0.0,0.0,41.42893522396738,optimal
2021-02-09 23:30:00,3,87,0.0,0.0,0.0,0.0997,12.2955,6.0,3,19.334272518615297,55.0,0.0,0.0,0.0,0.0,0.0,41.38750628874341,optimal
2021-02-10 00:00:00,3,87,3.5714285714285716,0.0,0.0,0.064,11.907,6.0,2,19.334272518615297,55.0,0.0,12500.0,0.0,0.0,0.0,41.34611878245467,optimal
2021-02-10 00:30:00,3,87,3.5714285714285716,0.0,0.0,0.064,11.7075,6.0,2,19.423608485112116,55.0,0.078,4349.0,0.0,8151.0,0.0,41.30477266367221,optimal
2021-02-10 01:00:00,3,87,3.5714285714285716,0.0,0.3845521743373806,0.1776,10.8045,6.0,2,19.378246186427265,55.0,0.078,12500.0,0.0,0.0,0.0,41.44613017381879,optimal
2021-02-10 01:30:00,3,87,3.5714285714285716,0.0,0.0,0.14486666666666667,11.508,6.0,2,19.46794143492484,55.0,0.078,12500.0,0.0,0.0,0.0,41.40468404364497,optimal
2021-02-10 02:00:00,3,87,3.5714285714285716,0.0,0.0,0.13506666666666667,11.508,6.0,2,19.555932782038013,55.0,0.078,12500.0,0.0,0.0,0.0,41.363279359601314,optimal
2021-02-10 02:30:00,3,87,3.5714285714285716,0.0,0.0,0.1492,11.508,6.0,2,19.642606418682654,55.0,0.078,12500.0,0.0,0.0,0.0,41.321916080241714,optimal
2021-02-10 03:00:00,3,87,3.5714285714285716,0.0,0.0,0.22246666666666667,11.844,6.0,2,19.7289780816107,55.0,0.078,12500.0,0.0,0.0,0.0,41.28059416416147,optimal
2021-02-10 03:30:00,3,87,3.5714285714285716,0.0,0.0,0.08586666666666666,11.508,6.0,2,19.816018374664313,55.0,0.078,12500.0,0.0,0.0,0.0,41.2393135699973,optimal
2021-02-10 04:00:00,3,87,3.5714285714285716,0.0,0.0,0.2584666666666666,11.508,6.0,2,19.9002850654856,55.0,0.078,12500.0,0.0,0.0,0.0,41.198074256427304,optimal
2021-02-10 04:30:00,3,87,3.5714285714285716,0.0,5.0,0.13506666666666667,10.4475,6.0,2,19.98686066036499,55.0,0.078,12500.0,0.0,0.0,0.0,43.531876182170876,optimal
2021-02-10 05:00:00,3,87,3.5714285714285716,0.0,5.0,0.1705,10.8675,6.0,2,20.07026622029624,55.0,0.078,12500.0,0.0,0.0,0.0,45.8633443059887,optimal
2021-02-10 05:30:00,3,87,3.5714285714285716,0.0,5.0,0.22303333333333333,10.542,6.0,2,20.153123327052256,55.0,0.078,12500.0,0.0,0.0,0.0,48.192480961682705,optimal
2021-02-10 06:00:00,3,87,3.5714285714285716,0.0,0.0,0.064,11.025,6.0,2,20.235715495379644,55.0,0.078,12500.0,0.0,0.0,0.0,48.144288480721016,optimal
2021-02-10 06:30:00,3,87,3.5714285714285716,0.0,0.0,0.1989,11.025,6.0,2,20.314578389358505,55.0,0.078,12500.0,0.0,0.0,0.0,48.096144192240295,optimal
2021-02-10 07:00:00,3,87,3.5714285714285716,0.0,0.0,0.0853,14.553,6.0,2,20.396396915245422,55.0,0.078,12500.0,0.0,0.0,0.0,48.048048048048045,optimal
2021-02-10 07:30:00,3,87,3.5714285714285716,0.0,0.0,0.30369999999999997,13.0935,6.0,2,20.477081857092205,55.0,0.07533333333333334,12500.0,0.0,0.0,0.0,48.0,optimal
2021-02-10 08:00:00,3,87,1.8165202397931777,0.0,0.0,0.4579666666666666,15.6345,6.0,2,20.561987403805357,55.0,0.054,6357.820839276123,0.0,0.0,0.0,47.633167169825605,optimal
2021-02-10 08:30:00,3,87,0.0,0.0,0.0,0.2866,18.102,6.0,2,20.549571180220717,55.0,0.051333333333333335,0.0,0.0,0.0,0.0,47.26670117248138,optimal
2021-02-10 09:00:00,3,87,0.0,0.0,0.0,2.9365666666666668,17.199,6.0,2,20.431095790384273,55.0,0.030666666666666665,0.0,0.0,0.0,0.0,46.90060164113451,optimal
2021-02-10 09:30:00,3,87,0.0,0.0,0.0,0.5788333333333334,18.2805,6.0,2,20.36711445949074,55.0,0.030666666666666665,0.0,0.0,0.0,0.0,46.53486820931898,optimal
2021-02-10 10:00:00,3,87,0.0,0.0,0.0,1.3927,17.4615,6.0,2,20.281302833286592,55.0,0.030666666666666665,0.0,0.0,0.0,0.0,46.169500510935265,optimal
2021-02-10 10:30:00,3,87,0.0,0.0,0.0,0.6055333333333333,18.3225,6.0,2,20.244652774598688,55.0,0.030666666666666665,0.0,0.0,0.0,0.0,45.80449818024994,optimal
2021-02-10 11:00:00,3,87,0.0,0.0,0.0,0.3396666666666667,17.094,6.0,2,20.200961631376092,55.0,0.030666666666666665,0.0,0.0,0.0,0.0,45.43986085189529,optimal
2021-02-10 11:30:00,3,87,0.0,0.0,0.0,0.29346666666666665,17.094,6.0,2,20.180436118921506,55.0,0.029333333333333333,0.0,0.0,0.0,0.0,45.075588160869,optimal
2021-02-10 12:00:00,3,87,0.0,0.0,0.0,2.3076,17.094,6.0,2,20.15780959995493,55.0,0.025333333333333333,0.0,0.0,0.0,0.0,44.71167974253374,optimal
2021-02-10 12:30:00,3,87,0.0,0.0,0.0,3.899533333333333,17.3565,6.0,2,20.18141452247782,55.0,0.02266666666666667,0.0,0.0,0.0,0.0,44.34813523261681,optimal
2021-02-10 13:00:00,3,87,0.0,0.0,0.0,0.865,17.115,6.0,2,20.21574686343066,55.0,0.021333333333333333,0.0,0.0,0.0,0.0,43.9849542672098,optimal
2021-02-10 13:30:00,3,87,0.0,0.0,0.0,0.3867,17.241,6.0,2,20.22213910410364,55.0,0.021333333333333333,0.0,0.0,0.0,0.0,43.6221364827682,optimal
2021-02-10 14:00:00,3,87,0.0,0.0,0.0,0.4103,17.094,6.0,2,20.22921331393054,55.0,0.021333333333333333,0.0,0.0,0.0,0.0,43.25968151611104,optimal
2021-02-10 14:30:00,3,87,3.5714285714285716,0.0,0.0,0.41753333333333337,16.5165,6.0,2,20.232518066837585,55.0,0.021333333333333333,12500.0,0.0,0.0,0.0,42.89758900442053,optimal
2021-02-10 15:00:00,3,87,0.0,0.0,0.0,0.2808,17.8185,6.0,2,20.44287419399625,55.0,0.021333333333333333,0.0,0.0,0.0,0.0,42.53585858524172,optimal
2021-02-10 15:30:00,3,87,3.5714285714285716,0.0,0.0,0.2985,17.094,6.0,2,20.422719943172897,55.0,0.021333333333333333,12500.0,0.0,0.0,0.0,42.174489896482086,optimal
2021-02-10 16:00:00,3,87,3.5714285714285716,0.0,0.0,0.43946666666666656,16.8945,6.0,2,20.607477543754047,55.0,0.021333333333333333,12500.0,0.0,0.0,0.0,41.81348257641121,optimal
2021-02-10 16:30:00,3,87,0.0,0.0,0.0,1.5344666666666666,18.123,6.0,2,20.75624395139984,55.0,0.019333333333333334,0.0,0.0,0.0,0.0,41.45283626366041,optimal
2021-02-10 17:00:00,3,87,0.0,0.0,0.0,2.4625,31.647,6.0,2,20.70252391215859,55.0,0.016666666666666666,0.0,0.0,0.0,0.0,41.092550597222356,optimal
2021-02-10 17:30:00,3,87,0.0,0.0,0.0,4.083233333333333,34.9965,6.0,2,20.61320648799075,55.0,0.013333333333333334,0.0,0.0,0.0,0.0,41.051458046625136,optimal
2021-02-10 18:00:00,3,87,0.0,0.0,0.0,1.9228,34.9965,6.0,2,20.529087132226095,55.0,0.013333333333333334,0.0,0.0,0.0,0.0,41.01040658857851,optimal
2021-02-10 18:30:00,3,87,0.0,0.0,0.0,0.44253333333333333,34.9965,6.0,2,20.423456628855607,55.0,0.008,0.0,0.0,0.0,0.0,40.969396181989936,optimal
2021-02-10 19:00:00,3,87,0.0,0.0,0.0,0.3372333333333333,34.9965,6.0,2,20.319275621625685,55.0,0.004666666666666667,0.0,0.0,0.0,0.0,40.92842678580794,optimal
2021-02-10 19:30:00,3,87,0.0,0.0,0.0,0.4085,34.9965,6.0,2,20.2122083272096,55.0,0.0006666666666666665,0.0,0.0,0.0,0.0,40.88749835902213,optimal
2021-02-10 20:00:00,3,87,0.0,0.0,0.0,0.237,27.741,6.0,2,20.10675134656076,55.0,0.0006666666666666665,0.0,0.0,0.0,0.0,40.84661086066311,optimal
2021-02-10 20:30:00,3,87,0.0,0.0,0.0,0.38123333333333337,19.026,6.0,2,20.0,55.0,0.0006666666666666665,0.0,0.0,0.0,0.0,40.80576424980245,optimal
2021-02-10 21:00:00,3,87,0.0,0.0,0.0,0.18409999999999999,18.7215,6.0,2,19.893617093808633,55.0,0.0006666666666666665,0.0,0.0,0.0,0.0,40.76495848555265,optimal
2021-02-10 21:30:00,3,87,0.0,0.0,0.0,0.14,17.4195,6.0,2,19.782993087162907,55.0,0.0006666666666666665,0.0,0.0,0.0,0.0,40.724193527067094,optimal
2021-02-10 22:00:00,3,87,0.0,0.0,0.0,0.313,16.758,6.0,2,19.65598754637483,55.0,0.0,0.0,0.0,0.0,0.0,40.683469333540025,optimal
2021-02-10 22:30:00,3,87,0.0,0.0,0.0,0.16256666666666666,14.217,6.0,2,19.52678251298366,55.0,0.0,0.0,0.0,0.0,0.0,40.64278586420649,optimal
2021-02-10 23:00:00,3,87,0.0,0.0,0.0,0.2302,13.3665,6.0,2,19.393107490860018,55.0,0.0,0.0,0.0,0.0,0.0,40.60214307834228,optimal
2021-02-10 23:30:00,3,87,0.0,0.0,0.0,0.18266666666666662,12.789,6.0,2,19.253392165919745,55.0,0.0,0.0,0.0,0.0,0.0,40.561540935263935,optimal
2021-02-11 00:00:00,3,87,3.5714285714285716,0.0,0.0,0.13383333333333333,12.306,6.0,4,19.253392165919745,55.0,0.0,12500.0,0.0,0.0,0.0,40.52097939432867,optimal
2021-02-11 00:30:00,3,87,3.5714285714285716,0.0,5.0,0.09906666666666666,10.6365,6.0,4,19.320160030906315,55.0,0.05333333333333334,6926.666666666667,0.0,5573.333333333333,0.0,42.85545841493434,optimal
2021-02-11 01:00:00,3,87,3.5714285714285716,0.0,0.0,0.0756,11.2455,6.0,4,19.294275453090723,55.0,0.05333333333333334,12500.0,0.0,0.0,0.0,42.812602956519406,optimal
2021-02-11 01:30:00,3,87,3.5714285714285716,0.0,0.0,0.1577333333333333,11.2455,6.0,4,19.36008580200272,55.0,0.05333333333333334,12500.0,0.0,0.0,0.0,42.76979035356289,optimal
2021-02-11 02:00:00,3,87,3.5714285714285716,0.0,0.0,0.133,11.025,6.0,4,19.426836601431223,55.0,0.05333333333333334,12500.0,0.0,0.0,0.0,42.72702056320933,optimal
2021-02-11 02:30:00,3,87,3.5714285714285716,0.0,0.0,0.058,12.0855,6.0,4,19.49277133157516,55.0,0.05333333333333334,12500.0,0.0,0.0,0.0,42.68429354264612,optimal
2021-02-11 03:00:00,3,87,3.5714285714285716,0.0,0.0,0.058,11.6865,6.0,4,19.556455987141494,55.0,0.05333333333333334,12500.0,0.0,0.0,0.0,42.64160924910347,optimal
2021-02-11 03:30:00,3,87,3.5714285714285716,0.0,0.0,0.058,11.2245,6.0,4,19.61913309717663,55.0,0.05333333333333334,12500.0,0.0,0.0,0.0,42.598967639854365,optimal
2021-02-11 04:00:00,3,87,3.5714285714285716,0.0,0.0,0.2503333333333333,11.025,6.0,4,19.682963255675727,55.0,0.05333333333333334,12500.0,0.0,0.0,0.0,42.55636867221451,optimal
2021-02-11 04:30:00,3,87,3.5714285714285716,0.0,2.4338414909147628,0.058,10.7835,6.0,4,19.751090243996778,55.0,0.05333333333333334,12500.0,0.0,0.0,0.0,43.6698870117268,optimal
2021-02-11 05:00:00,3,87,3.5714285714285716,0.0,0.0,0.19166666666666662,11.025,6.0,4,19.81564700419717,55.0,0.05333333333333334,12500.0,0.0,0.0,0.0,43.626217124715076,optimal
2021-02-11 05:30:00,3,87,3.5714285714285716,0.0,5.0,0.12133333333333332,10.584,6.0,4,19.881996170202086,55.0,0.05333333333333334,12500.0,0.0,0.0,0.0,45.95759090759036,optimal
2021-02-11 06:00:00,3,87,3.5714285714285716,0.0,0.0,0.09906666666666666,11.025,6.0,4,19.949080966181054,55.0,0.05333333333333334,12500.0,0.0,0.0,0.0,45.91163331668277,optimal
2021-02-11 06:30:00,3,87,3.5714285714285716,0.0,5.0,0.2179333333333333,10.4265,6.0,4,20.016169486110066,55.0,0.05333333333333334,12500.0,0.0,0.0,0.0,48.240721683366075,optimal
2021-02-11 07:00:00,3,87,3.5714285714285716,0.0,0.0,0.10413333333333334,12.789,6.0,4,20.086189239381937,55.0,0.05,12500.0,0.0,0.0,0.0,48.192480961682705,optimal
2021-02-11 07:30:00,3,87,3.5714285714285716,0.0,0.0,0.15553333333333333,12.684,6.0,4,20.15632865866436,55.0,0.048,12500.0,0.0,0.0,0.0,48.144288480721016,optimal
2021-02-11 08:00:00,3,87,3.5714285714285716,0.0,0.0,0.3606666666666667,16.254,6.0,4,20.22921780051642,55.0,0.048,12500.0,0.0,0.0,0.0,48.096144192240295,optimal
2021-02-11 08:30:00,3,87,2.4377512342811927,0.0,0.0,0.188,17.64,6.0,4,20.308699144475845,55.0,0.04466666666666667,8532.129319984175,0.0,0.0,0.0,48.048048048048045,optimal
2021-02-11 09:00:00,3,87,0.0,0.0,0.0,0.263,19.1625,6.0,4,20.32253625103346,55.0,0.04133333333333333,0.0,0.0,0.0,0.0,48.0,optimal
2021-02-11 09:30:00,3,87,0.0,0.0,0.0,0.21280000000000002,26.46,6.0,4,20.226617034258744,55.0,0.03933333333333333,0.0,0.0,0.0,0.0,47.50425223254614,optimal
2021-02-11 10:00:00,3,87,0.0,0.0,0.0,0.06386666666666667,20.79,6.0,4,20.130716381040962,55.0,0.03933333333333333,0.0,0.0,0.0,0.0,47.00900021285974,optimal
2021-02-11 10:30:00,3,87,0.0,0.0,0.0,0.11573333333333333,29.106,6.0,4,20.082934066142386,55.0,0.03933333333333333,0.0,0.0,0.0,0.0,46.514243445193024,optimal
2021-02-11 11:00:00,3,87,0.0,0.0,0.0,0.1926,19.1835,6.0,4,20.032602326859024,55.0,0.03933333333333333,0.0,0.0,0.0,0.0,46.019981434293975,optimal
2021-02-11 11:30:00,3,87,0.0,0.0,0.0,0.058,19.6665,6.0,4,20.01504137328671,55.0,0.03933333333333333,0.0,0.0,0.0,0.0,45.52621368540583,optimal
2021-02-11 12:00:00,3,87,0.0,0.0,0.0,0.337,19.404,6.0,4,20.0,55.0,0.03933333333333333,0.0,0.0,0.0,0.0,45.03293970426657,optimal
2021-02-11 12:30:00,3,87,0.0,0.0,0.0,0.058,19.047,6.0,4,20.02271705480937,55.0,0.03933333333333333,0.0,0.0,0.0,0.0,44.54015899710845,optimal
2021-02-11 13:00:00,3,87,0.0,0.0,0.0,0.133,18.858,6.0,4,20.043119131511563,55.0,0.03933333333333333,0.0,0.0,0.0,0.0,44.047871070657486,optimal
2021-02-11 13:30:00,3,87,0.0,0.0,0.0,0.0932,19.2675,6.0,4,20.05338384226741,55.0,0.03933333333333333,0.0,0.0,0.0,0.0,43.55607543213297,optimal
2021-02-11 14:00:00,3,87,0.0,0.0,0.0,0.14013333333333333,18.963,6.0,4,20.06354889122339,55.0,0.03933333333333333,0.0,0.0,0.0,0.0,43.06477158924698,optimal
2021-02-11 14:30:00,3,87,0.3552569945538399,0.0,0.0,0.06666666666666667,18.438,6.0,4,20.078244522497176,55.0,0.03933333333333333,1243.3994809384396,0.0,0.0,0.0,42.573959050203875,optimal
2021-02-11 15:00:00,3,87,0.0,0.0,0.0,0.12153333333333331,18.7425,6.0,4,20.109719613918642,55.0,0.038,0.0,0.0,0.0,0.0,42.08363732369982,optimal
2021-02-11 15:30:00,3,87,3.5714285714285716,0.0,0.0,0.34933333333333333,15.2145,6.0,4,20.092754190495818,55.0,0.038,12500.0,0.0,0.0,0.0,41.593805918922264,optimal
2021-02-11 16:00:00,3,87,3.5714285714285716,0.0,0.0,0.08883333333333333,17.7765,6.0,4,20.283354925066853,55.0,0.038,12500.0,0.0,0.0,0.0,41.10446434554949,optimal
2021-02-11 16:30:00,3,87,3.5714285714285716,0.0,0.0,0.2395,16.758,6.0,4,20.41903556244993,55.0,0.038,12500.0,0.0,0.0,0.0,40.61561211375008,optimal
2021-02-11 17:00:00,3,87,3.5714285714285716,0.0,0.0,0.10133333333333332,16.422,6.0,4,20.550809444333254,55.0,0.038,12500.0,0.0,0.0,0.0,40.12724873418248,optimal
2021-02-11 17:30:00,3,87,3.5714285714285716,0.0,0.0,0.10966666666666669,16.758,6.0,4,20.63065096078973,55.0,0.038,12500.0,0.0,0.0,0.0,39.639373717994445,optimal
2021-02-11 18:00:00,3,87,0.0,0.0,0.0,1.4487,29.358,6.0,4,20.707367607411726,55.0,0.014666666666666666,0.0,0.0,0.0,0.0,39.151986576822594,optimal
2021-02-11 18:30:00,3,87,0.0,0.0,0.0,0.44360000000000005,34.9965,6.0,4,20.573730235830553,55.0,0.012666666666666666,0.0,0.0,0.0,0.0,39.11283459024577,optimal
2021-02-11 19:00:00,3,87,0.0,0.0,0.0,0.22733333333333328,34.65,6.0,4,20.4346559127199,55.0,0.009333333333333334,0.0,0.0,0.0,0.0,39.07372175565552,optimal
2021-02-11 19:30:00,3,87,0.0,0.0,0.0,0.31506666666666666,34.9965,6.0,4,20.290602572336628,55.0,0.009333333333333334,0.0,0.0,0.0,0.0,39.03464803389986,optimal
2021-02-11 20:00:00,3,87,0.0,0.0,0.0,0.5567333333333333,34.9965,6.0,4,20.145154638752555,55.0,0.004666666666666667,0.0,0.0,0.0,0.0,38.995613385865965,optimal
2021-02-11 20:30:00,3,87,0.0,0.0,0.0,0.3668,30.4815,6.0,4,20.0,55.0,0.004666666666666667,0.0,0.0,0.0,0.0,38.9566177724801,optimal
2021-02-11 21:00:00,3,87,0.0,0.0,0.0,0.2024,21.4305,6.0,4,19.852004208927145,55.0,0.0,0.0,0.0,0.0,0.0,38.91766115470762,optimal
2021-02-11 21:30:00,3,87,0.09952380952380951,0.0,0.0,0.5122333333333333,14.3325,6.0,4,19.703467475596526,55.0,0.0,0.0,0.0,348.3333333333333,0.0,38.87874349355292,optimal
2021-02-11 22:00:00,3,87,0.15923809523809523,0.0,0.0,0.269,13.692,6.0,4,19.56209994945465,55.0,0.0033333333333333335,0.0,0.0,557.3333333333334,0.0,38.83986475005936,optimal
2021-02-11 22:30:00,3,87,0.0,0.0,0.0,0.47533333333333333,14.007,6.0,4,19.4199153205577,55.0,0.0,0.0,0.0,0.0,0.0,38.8010248853093,optimal
2021-02-11 23:00:00,3,87,0.18431809523809525,0.0,0.0,0.259,12.873,6.0,4,19.279080877110314,55.0,0.0,0.0,0.0,645.1133333333333,0.0,38.762223860423994,optimal
2021-02-11 23:30:00,3,87,0.0,0.0,0.0,0.068,12.684,6.0,4,19.131418412450223,55.0,0.0,0.0,0.0,0.0,0.0,38.72346163656357,optimal
2021-02-12 00:00:00,3,87,3.5714285714285716,0.0,0.0,0.10706666666666666,11.7285,6.0,4,19.131418412450223,55.0,0.0,12500.0,0.0,0.0,0.0,38.684738174927006,optimal
2021-02-12 00:30:00,3,87,3.5714285714285716,0.0,0.0,0.04986666666666667,11.025,6.0,4,19.177811777881658,55.0,0.029333333333333333,9225.666666666666,0.0,3274.3333333333335,0.0,38.64605343675208,optimal
2021-02-12 01:00:00,3,87,3.5714285714285716,0.0,0.0,0.108,10.689,6.0,4,19.16994725771168,55.0,0.028,12500.0,0.0,0.0,0.0,38.607407383315326,optimal
2021-02-12 01:30:00,3,87,3.5714285714285716,0.0,5.0,0.10706666666666666,8.1585,6.0,4,19.220119331254825,55.0,0.028,12500.0,0.0,0.0,0.0,40.94379997593201,optimal
2021-02-12 02:00:00,3,87,3.5714285714285716,0.0,0.0,0.05053333333333333,10.3635,6.0,4,19.26658224711984,55.0,0.028,12500.0,0.0,0.0,0.0,40.902856175956074,optimal
2021-02-12 02:30:00,3,87,3.5714285714285716,0.0,0.0,0.047,10.8045,6.0,4,19.312448554611755,55.0,0.028,12500.0,0.0,0.0,0.0,40.86195331978012,optimal
2021-02-12 03:00:00,3,87,3.5714285714285716,0.0,0.0,0.05406666666666667,11.025,6.0,4,19.359821273761437,55.0,0.028,12500.0,0.0,0.0,0.0,40.82109136646034,optimal
2021-02-12 03:30:00,3,87,3.5714285714285716,0.0,0.0,0.10353333333333331,10.3635,6.0,4,19.408864785281203,55.0,0.028,12500.0,0.0,0.0,0.0,40.780270275093876,optimal
2021-02-12 04:00:00,3,87,3.5714285714285716,0.0,0.0,0.047,10.8045,6.0,4,19.462725580366328,55.0,0.028,12500.0,0.0,0.0,0.0,40.739490004818784,optimal
2021-02-12 04:30:00,3,87,3.5714285714285716,0.0,5.0,0.11059999999999999,10.059,6.0,4,19.519637473801406,55.0,0.028,12500.0,0.0,0.0,0.0,43.073750514813966,optimal
2021-02-12 05:00:00,3,87,3.5714285714285716,0.0,0.0,0.049,10.584,6.0,4,19.581549755432775,55.0,0.028,12500.0,0.0,0.0,0.0,43.03067676429915,optimal
2021-02-12 05:30:00,3,87,3.5714285714285716,0.0,5.0,0.1206,9.4185,6.0,4,19.646347806385926,55.0,0.028,12500.0,0.0,0.0,0.0,45.362646087534856,optimal
2021-02-12 06:00:00,3,87,3.5714285714285716,0.0,1.0480424060168647,0.055,10.3635,6.0,4,19.71671324364544,55.0,0.028,12500.0,0.0,0.0,0.0,45.81510358430533,optimal
2021-02-12 06:30:00,3,87,3.5714285714285716,0.0,5.0,0.11059999999999999,9.8385,6.0,4,19.79052795823317,55.0,0.028,12500.0,0.0,0.0,0.0,48.144288480721016,optimal
2021-02-12 07:00:00,3,87,3.5714285714285716,0.0,0.0,0.08833333333333333,11.067,6.0,4,19.86554577361426,55.0,0.010666666666666666,12500.0,0.0,0.0,0.0,48.096144192240295,optimal
2021-02-12 07:30:00,3,87,3.5714285714285716,0.0,0.0,0.3825,10.8465,6.0,4,19.941321874517936,55.0,0.009333333333333334,12500.0,0.0,0.0,0.0,48.048048048048045,optimal
2021-02-12 08:00:00,3,87,3.5714285714285716,0.0,0.0,0.1512666666666667,13.671,6.0,4,20.021004112710823,55.0,0.006666666666666667,12500.0,0.0,0.0,0.0,48.0,optimal
2021-02-12 08:30:00,3,87,3.5714285714285716,0.0,0.0,0.2657,12.348,6.0,4,20.093364245925386,55.0,0.006,12500.0,0.0,0.0,0.0,47.80355256362884,optimal
2021-02-12 09:00:00,3,87,0.828705982642756,0.0,0.0,0.0768,14.3325,6.0,4,20.163180171548355,55.0,0.006,2900.470939249646,0.0,0.0,0.0,47.607301574694056,optimal
2021-02-12 09:30:00,3,87,0.0,0.0,0.0,0.0852,15.393,6.0,4,20.09822080531861,55.0,0.005333333333333333,0.0,0.0,0.0,0.0,47.411246836748205,optimal
2021-02-12 10:00:00,3,87,1.4607184404785662,0.0,0.0,0.1118,13.587,6.0,4,20.0,55.0,0.004666666666666667,5112.514541674982,0.0,0.0,0.0,47.2153881535403,optimal
2021-02-12 10:30:00,3,87,0.0,0.0,0.0,0.1076,16.1385,6.0,4,20.041699640951894,55.0,0.004666666666666667,0.0,0.0,0.0,0.0,47.01972532901561,optimal
2021-02-12 11:00:00,3,87,0.0,0.0,0.0,0.2531,14.595,6.0,4,20.00191183434238,55.0,0.0023066666666666665,0.0,0.0,0.0,0.0,46.824258167315435,optimal
2021-02-12 11:30:00,3,87,0.0,0.0,0.0,0.39836666666666665,14.637,6.0,4,20.000944092316438,55.0,0.0,0.0,0.0,0.0,0.0,46.628986472776965,optimal
2021-02-12 12:00:00,3,87,0.0,0.0,0.0,0.047,13.9125,6.0,4,20.0,55.0,0.0,0.0,0.0,0.0,0.0,46.43391004993303,optimal
2021-02-12 12:30:00,3,87,0.0,0.0,0.0,0.05606666666666667,13.3665,6.0,4,20.002772639954976,55.0,0.0,0.0,0.0,0.0,0.0,46.23902870351194,optimal
2021-02-12 13:00:00,3,87,0.0,0.0,0.0,0.11353333333333332,13.0095,6.0,4,20.005951752349745,55.0,0.0,0.0,0.0,0.0,0.0,46.044342238437274,optimal
2021-02-12 13:30:00,3,87,0.0,0.0,0.0,0.055,13.8915,6.0,4,20.009427265396916,55.0,0.0,0.0,0.0,0.0,0.0,45.84985045982768,optimal
2021-02-12 14:00:00,3,87,0.0,0.0,0.0,0.11059999999999999,13.188,6.0,4,20.01133969376883,55.0,0.0,0.0,0.0,0.0,0.0,45.65555317299669,optimal
2021-02-12 14:30:00,3,87,0.09890187618970135,0.0,0.0,0.048,12.5685,6.0,4,20.00363944278337,55.0,0.0,346.1565666639547,0.0,0.0,0.0,45.461450183452534,optimal
2021-02-12 15:00:00,3,87,0.42735968404448005,0.0,0.0,0.1206,12.285,6.0,4,20.0,55.0,0.0,1495.75889415568,0.0,0.0,0.0,45.267541296897924,optimal
2021-02-12 15:30:00,3,87,3.5714285714285716,0.0,0.0,2.5308,11.487,6.0,4,20.0,55.0,0.005333333333333333,11942.666666666666,0.0,557.3333333333334,0.0,45.073826319229866,optimal
2021-02-12 16:00:00,3,87,2.032750326829515,0.0,0.0,0.4568,11.802,6.0,4,20.197301826080096,55.0,0.005333333333333333,7114.626143903302,0.0,0.0,0.0,44.88030505653948,optimal
2021-02-12 16:30:00,3,87,3.5714285714285716,0.0,0.0,0.18746666666666667,11.2245,6.0,4,20.255885532337018,55.0,0.005333333333333333,12500.0,0.0,0.0,0.0,44.68697731511178,optimal
2021-02-12 17:00:00,3,87,3.5714285714285716,0.0,0.0,0.3373333333333333,11.025,6.0,4,20.3978445843833,55.0,0.004,12500.0,0.0,0.0,0.0,44.493842901425516,optimal
2021-02-12 17:30:00,3,87,3.5714285714285716,0.0,0.0,0.2796,11.907,6.0,4,20.50268982712464,55.0,0.004,12500.0,0.0,0.0,0.0,44.300901622152935,optimal
2021-02-12 18:00:00,3,87,0.0,0.0,0.0,0.10446666666666668,25.83,6.0,4,20.605115929539153,55.0,0.004,0.0,0.0,0.0,0.0,44.10815328415963,optimal
2021-02-12 18:30:00,3,87,0.0,0.0,0.0,0.1418,28.035,6.0,4,20.483638802735786,55.0,0.0,0.0,0.0,0.0,0.0,43.915597694504314,optimal
2021-02-12 19:00:00,3,87,0.0,0.0,0.0,0.2767333333333333,28.119,6.0,4,20.363384724710393,55.0,0.0,0.0,0.0,0.0,0.0,43.72323466043865,optimal
2021-02-12 19:30:00,3,87,0.0,0.0,0.0,0.2755,30.156,6.0,4,20.24627218957368,55.0,0.0,0.0,0.0,0.0,0.0,43.53106398940705,optimal
2021-02-12 20:00:00,3,87,0.0,0.0,0.0,0.057,29.1585,6.0,4,20.126390426438892,55.0,0.0,0.0,0.0,0.0,0.0,43.33908548904649,optimal
2021-02-12 20:30:00,3,87,0.0,0.0,0.0,0.11706666666666667,26.712,6.0,4,20.0,55.0,0.0,0.0,0.0,0.0,0.0,43.14729896718629,optimal
2021-02-12 21:00:00,3,87,0.0,0.0,0.0,0.060533333333333335,15.435,6.0,4,19.87444828234534,55.0,0.0,0.0,0.0,0.0,0.0,42.955704231847946,optimal
2021-02-12 21:30:00,3,87,0.0,0.0,0.0,0.17176666666666668,13.566,6.0,4,19.74781992471521,55.0,0.0,0.0,0.0,0.0,0.0,42.912748527616095,optimal
2021-02-12 22:00:00,3,87,0.0,0.0,0.0,0.3206666666666667,12.789,6.0,4,19.62523143833245,55.0,0.0,0.0,0.0,0.0,0.0,42.86983577908848,optimal
2021-02-12 22:30:00,3,87,0.0,0.0,0.0,0.057,12.1275,6.0,4,19.509142617972074,55.0,0.0,0.0,0.0,0.0,0.0,42.826965943309396,optimal
2021-02-12 23:00:00,3,87,0.0,0.0,0.0,0.057,13.671,6.0,4,19.38669664164284,55.0,0.0,0.0,0.0,0.0,0.0,42.784138977366084,optimal
2021-02-12 23:30:00,3,87,0.0,0.0,0.0,0.1206,10.668,6.0,4,19.265004370026098,55.0,0.0,0.0,0.0,0.0,0.0,42.741354838388716,optimal
2021-02-13 00:00:00,3,87,3.5714285714285716,0.0,0.0,0.16866666666666666,8.2005,6.0,3,19.265004370026098,55.0,0.0,12500.0,0.0,0.0,0.0,42.698613483550325,optimal
2021-02-13 00:30:00,3,87,1.0151428571428571,0.0,0.0,0.06,9.5655,6.0,3,19.35219718909872,55.0,0.034,0.0,0.0,3553.0,0.0,42.65591487006677,optimal
2021-02-13 01:00:00,3,87,3.5714285714285716,0.0,5.0,0.06,7.056,6.0,3,19.23260103142891,55.0,0.034,12500.0,0.0,0.0,0.0,44.988258955196706,optimal
2021-02-13 01:30:00,3,87,3.5714285714285716,0.0,0.0,0.16866666666666666,9.3975,6.0,3,19.318828627582327,55.0,0.034,12500.0,0.0,0.0,0.0,44.94327069624151,optimal
2021-02-13 02:00:00,3,87,0.0,0.0,0.0,0.06,10.059,6.0,3,19.40661344740892,55.0,0.034,0.0,0.0,0.0,0.0,44.89832742554527,optimal
2021-02-13 02:30:00,3,87,3.5714285714285716,0.0,0.0,0.06,9.261,6.0,3,19.287605646488007,55.0,0.034,12500.0,0.0,0.0,0.0,44.853429098119726,optimal
2021-02-13 03:00:00,3,87,3.5714285714285716,0.0,0.0,0.16866666666666666,8.1585,6.0,3,19.374110207509418,55.0,0.034,12500.0,0.0,0.0,0.0,44.80857566902161,optimal
2021-02-13 03:30:00,3,87,3.5714285714285716,0.0,0.0,0.06,9.4815,6.0,3,19.461862517066585,55.0,0.034,12500.0,0.0,0.0,0.0,44.763767093352584,optimal
2021-02-13 04:00:00,3,87,3.5714285714285716,0.0,0.0,0.06,8.379,6.0,3,19.5469866859736,55.0,0.034,12500.0,0.0,0.0,0.0,44.719003326259234,optimal
2021-02-13 04:30:00,3,87,3.5714285714285716,0.0,0.0,0.1632333333333333,9.5235,6.0,3,19.631279110743893,55.0,0.034,12500.0,0.0,0.0,0.0,44.67428432293298,optimal
2021-02-13 05:00:00,3,87,3.5714285714285716,0.0,0.0,0.06543333333333334,8.1375,6.0,3,19.7161283490726,55.0,0.034,12500.0,0.0,0.0,0.0,44.629610038610046,optimal
2021-02-13 05:30:00,3,87,3.5714285714285716,0.0,0.0,0.06,10.0905,6.0,3,19.798237567951436,55.0,0.034,12500.0,0.0,0.0,0.0,44.584980428571434,optimal
2021-02-13 06:00:00,3,87,3.5714285714285716,0.0,5.0,0.07656666666666666,7.539,6.0,3,19.879136819667217,55.0,0.03266666666666666,12500.0,0.0,0.0,0.0,46.91539544814286,optimal
2021-02-13 06:30:00,3,87,3.5714285714285716,0.0,2.6859124800553875,0.17523333333333332,7.938,6.0,3,19.9614001258107,55.0,0.03,12500.0,0.0,0.0,0.0,48.144288480721016,optimal
2021-02-13 07:00:00,3,87,3.5714285714285716,0.0,0.0,0.059866666666666665,8.274,6.0,3,20.04663908946946,55.0,0.027333333333333334,12500.0,0.0,0.0,0.0,48.096144192240295,optimal
2021-02-13 07:30:00,3,87,3.5714285714285716,0.0,0.0,0.6207999999999999,9.261,6.0,3,20.129353301945773,55.0,0.024666666666666667,12500.0,0.0,0.0,0.0,48.048048048048045,optimal
2021-02-13 08:00:00,3,87,3.5714285714285716,0.0,0.0,0.06133333333333334,9.9225,6.0,3,20.22325583518035,55.0,0.02,12500.0,0.0,0.0,0.0,48.0,optimal
2021-02-13 08:30:00,3,87,3.5714285714285716,0.0,0.0,0.5992999999999999,9.702,6.0,3,20.306689483142307,55.0,0.02,12500.0,0.0,0.0,0.0,47.75258051762906,optimal
2021-02-13 09:00:00,3,87,2.2450986649090074,0.0,0.0,0.8107333333333333,10.584,6.0,3,20.39888232092879,55.0,0.02,7857.845327181526,0.0,0.0,0.0,47.5054084547405,optimal
2021-02-13 09:30:00,3,87,3.5714285714285716,0.0,0.0,0.3629333333333333,10.143,6.0,3,20.444257234424757,55.0,0.015333333333333332,12500.0,0.0,0.0,0.0,47.25848356391482,optimal
2021-02-13 10:00:00,3,87,0.0,0.0,0.0,0.7929666666666667,13.0095,6.0,3,20.558443177002452,55.0,0.014666666666666666,0.0,0.0,0.0,0.0,47.01180559797997,optimal
2021-02-13 10:30:00,3,87,0.0,0.0,0.0,0.5622,11.025,6.0,3,20.507794814813668,55.0,0.014666666666666666,0.0,0.0,0.0,0.0,46.765374310011055,optimal
2021-02-13 11:00:00,3,87,0.0,0.0,0.0,0.23196666666666668,12.789,6.0,3,20.452241079218098,55.0,0.014666666666666666,0.0,0.0,0.0,0.0,46.51918945333011,optimal
2021-02-13 11:30:00,3,87,0.0,0.0,0.0,1.4748666666666665,12.1275,6.0,3,20.433672229429664,55.0,0.010666666666666666,0.0,0.0,0.0,0.0,46.273250781505844,optimal
2021-02-13 12:00:00,3,87,0.0,0.0,0.0,0.33646666666666664,12.1695,6.0,3,20.429450039696,55.0,0.010666666666666666,0.0,0.0,0.0,0.0,46.027558048353406,optimal
2021-02-13 12:30:00,3,87,0.0,0.0,0.0,0.32053333333333334,12.306,6.0,3,20.432327143013083,55.0,0.010666666666666666,0.0,0.0,0.0,0.0,45.78211100793412,optimal
2021-02-13 13:00:00,3,87,0.0,0.0,0.0,0.3674666666666666,13.23,6.0,3,20.437427319075297,55.0,0.010666666666666666,0.0,0.0,0.0,0.0,45.536909414555254,optimal
2021-02-13 13:30:00,3,87,0.0,0.0,0.0,0.5383,13.671,6.0,3,20.4527924610406,55.0,0.01,0.0,0.0,0.0,0.0,45.29195302276976,optimal
2021-02-13 14:00:00,3,87,0.0,0.0,0.0,0.37606666666666666,13.9335,6.0,3,20.477647921071405,55.0,0.006666666666666667,0.0,0.0,0.0,0.0,45.04724158737606,optimal
2021-02-13 14:30:00,3,87,0.0,0.0,0.0,0.212,13.293,6.0,3,20.468480504548797,55.0,0.006666666666666667,0.0,0.0,0.0,0.0,44.802774863417746,optimal
2021-02-13 15:00:00,3,87,0.0,0.0,0.0,0.2283,12.1065,6.0,3,20.455096553933075,55.0,0.006666666666666667,0.0,0.0,0.0,0.0,44.55855260618339,optimal
2021-02-13 15:30:00,3,87,0.0,0.0,0.0,0.2753,11.571,6.0,3,20.408181985052842,55.0,0.006666666666666667,0.0,0.0,0.0,0.0,44.31457457120627,optimal
2021-02-13 16:00:00,3,87,3.5714285714285716,0.0,0.0,0.1874333333333333,11.025,6.0,3,20.3608718477651,55.0,0.006666666666666667,12500.0,0.0,0.0,0.0,44.070840514264134,optimal
2021-02-13 16:30:00,3,87,3.5714285714285716,0.0,0.0,0.22683333333333328,10.8465,6.0,3,20.48634598296593,55.0,0.006666666666666667,12500.0,0.0,0.0,0.0,43.82735019137893,optimal
2021-02-13 17:00:00,3,87,3.5714285714285716,0.0,0.0,0.11726666666666669,11.2455,6.0,3,20.6119608188667,55.0,0.006666666666666667,12500.0,0.0,0.0,0.0,43.58410335881662,optimal
2021-02-13 17:30:00,3,87,0.0,0.0,0.0,0.17866666666666667,23.8665,6.0,3,20.70919784650579,55.0,0.006666666666666667,0.0,0.0,0.0,0.0,43.34109977308687,optimal
2021-02-13 18:00:00,3,87,0.0,0.0,0.0,0.077,27.4575,6.0,3,20.594892811602044,55.0,0.006666666666666667,0.0,0.0,0.0,0.0,43.098339190942845,optimal
2021-02-13 18:30:00,3,87,0.0,0.0,0.0,0.18353333333333333,27.3735,6.0,3,20.472033685827306,55.0,0.006666666666666667,0.0,0.0,0.0,0.0,42.85582136938097,optimal
2021-02-13 19:00:00,3,87,0.0,0.0,0.0,0.139,30.4605,6.0,3,20.352809957649505,55.0,0.004,0.0,0.0,0.0,0.0,42.613546065640655,optimal
2021-02-13 19:30:00,3,87,0.0,0.0,0.0,0.2158333333333333,30.0195,6.0,3,20.233457512838086,55.0,0.004,0.0,0.0,0.0,0.0,42.37151303720408,optimal
2021-02-13 20:00:00,3,87,0.0,0.0,0.0,0.14,26.9325,6.0,3,20.116433081848793,55.0,0.004,0.0,0.0,0.0,0.0,42.32914152416688,optimal
2021-02-13 20:30:00,3,87,0.0,0.0,0.0,0.2781,14.595,6.0,3,20.0,55.0,0.0,0.0,0.0,0.0,0.0,42.286812382642715,optimal
2021-02-13 21:00:00,3,87,0.0,0.0,0.0,0.33666666666666667,12.4845,6.0,3,19.888798050461165,55.0,0.0,0.0,0.0,0.0,0.0,42.24452557026007,optimal
2021-02-13 21:30:00,3,87,0.0,0.0,0.0,0.07,12.1275,6.0,3,19.778100933920868,55.0,0.0,0.0,0.0,0.0,0.0,42.20228104468981,optimal
2021-02-13 22:00:00,3,87,0.0,0.0,0.0,0.1678,12.1275,6.0,3,19.656498706344507,55.0,0.0,0.0,0.0,0.0,0.0,42.160078763645124,optimal
2021-02-13 22:30:00,3,87,0.0,0.0,0.0,0.08086666666666666,12.789,6.0,3,19.536939416874567,55.0,0.0,0.0,0.0,0.0,0.0,42.11791868488148,optimal
2021-02-13 23:00:00,3,87,0.0,0.0,0.0,0.1515,11.907,6.0,3,19.416999658301023,55.0,0.0,0.0,0.0,0.0,0.0,42.0758007661966,optimal
2021-02-13 23:30:00,3,87,0.0,0.0,0.0,0.09716666666666668,11.025,6.0,3,19.299263090464276,55.0,0.0,0.0,0.0,0.0,0.0,42.0337249654304,optimal
2021-02-07 00:00:00,4,87,0.5652248869470902,0.0,0.0,0.061,6.678,6.0,3,21.0,55.0,0.12,1978.2871043148155,0.0,0.0,0.0,47.952,optimal
2021-02-07 00:30:00,4,87,0.0,0.0,0.0,0.061,7.938,6.0,3,20.922678355460825,55.0,0.12,0.0,0.0,0.0,0.0,47.904047999999996,optimal
2021-02-07 01:00:00,4,87,3.5714285714285716,0.0,0.0,0.16866666666666666,5.292,6.0,3,20.812808054168894,55.0,0.12,12500.0,0.0,0.0,0.0,47.856143952,optimal
2021-02-07 01:30:00,4,87,0.0,0.0,0.0,0.1411,9.261,6.0,3,20.90954216604049,55.0,0.12,0.0,0.0,0.0,0.0,47.80828780804799,optimal
2021-02-07 02:00:00,4,87,0.0,0.0,0.0,0.23863333333333334,10.3635,6.0,3,20.80014164150121,55.0,0.12,0.0,0.0,0.0,0.0,47.76047952023995,optimal
2021-02-07 02:30:00,4,87,0.0,0.0,0.0,0.14033333333333334,8.274,6.0,3,20.692704579994587,55.0,0.12,0.0,0.0,0.0,0.0,47.712719040719705,optimal
2021-02-07 03:00:00,4,87,0.0,0.0,0.0,0.2790666666666667,7.7175,6.0,3,20.583702908112738,55.0,0.12,0.0,0.0,0.0,0.0,47.66500632167899,optimal
2021-02-07 03:30:00,4,87,3.5714285714285716,0.0,0.0,0.061,6.615,6.0,3,20.477029428145965,55.0,0.12,12500.0,0.0,0.0,0.0,47.61734131535731,optimal
2021-02-07 04:00:00,4,87,3.5714285714285716,0.0,0.0,0.16653333333333334,6.174,6.0,3,20.57191216483037,55.0,0.12,12500.0,0.0,0.0,0.0,47.56972397404195,optimal
2021-02-07 04:30:00,4,87,3.5714285714285716,0.0,0.0,0.2381,3.906,6.0,3,20.667631977195548,55.0,0.12,12500.0,0.0,0.0,0.0,47.522154250067906,optimal
2021-02-07 05:00:00,4,87,3.5714285714285716,0.0,0.0,0.10976666666666668,2.3415,6.0,3,20.763935027974405,55.0,0.12,12500.0,0.0,0.0,0.0,47.47463209581784,optimal
2021-02-07 05:30:00,4,87,3.5714285714285716,0.0,0.0,0.18166666666666662,2.205,6.0,3,20.857542888206673,55.0,0.12,12500.0,0.0,0.0,0.0,47.42715746372202,optimal
2021-02-07 06:00:00,4,87,3.5714285714285716,0.0,1.914274500635474,0.12813333333333332,0.882,6.0,3,20.951632310076175,55.0,0.12,12500.0,0.0,0.0,0.0,48.289010694060146,optimal
2021-02-07 06:30:00,4,87,3.5714285714285716,0.0,0.0,0.061,1.5435,6.0,3,21.04434748155871,55.0,0.12,12500.0,0.0,0.0,0.0,48.240721683366075,optimal
2021-02-07 07:00:00,4,87,3.5714285714285716,0.0,0.0,0.08573333333333333,1.5435,6.0,3,21.135122604610817,55.0,0.12,12500.0,0.0,0.0,0.0,48.192480961682705,optimal
2021-02-07 07:30:00,4,87,3.5714285714285716,0.0,0.0,0.3676666666666667,5.0715,6.0,3,21.22543639061347,55.0,0.12,12500.0,0.0,0.0,0.0,48.144288480721016,optimal
2021-02-07 08:00:00,4,87,3.5714285714285716,0.0,0.0,0.07246666666666667,5.376,6.0,3,21.3188896882598,55.0,0.118,12500.0,0.0,0.0,0.0,48.096144192240295,optimal
2021-02-07 08:30:00,4,87,3.5714285714285716,0.0,0.0,0.11833333333333332,5.0715,6.0,3,21.408340657380535,55.0,0.11333333333333333,12500.0,0.0,0.0,0.0,48.048048048048045,optimal
2021-02-07 09:00:00,4,87,3.5714285714285716,0.0,0.0,0.16826666666666668,5.5125,6.0,3,21.498474831641452,55.0,0.10933333333333334,12500.0,0.0,0.0,0.0,48.0,optimal
2021-02-07 09:30:00,4,87,0.0,0.0,0.0,0.3023333333333333,9.261,6.0,3,21.6042512814881,55.0,0.10933333333333334,0.0,0.0,0.0,0.0,47.73887815398283,optimal
2021-02-07 10:00:00,4,87,0.0,0.0,0.0,0.12146666666666668,11.7075,6.0,3,21.507043577524087,55.0,0.10733333333333334,0.0,0.0,0.0,0.0,47.47801742981168,optimal
2021-02-07 10:30:00,4,87,0.0,0.0,0.0,0.2945,12.348,6.0,3,21.419286353292044,55.0,0.10733333333333334,0.0,0.0,0.0,0.0,47.2174175663647,optimal
2021-02-07 11:00:00,4,87,0.0,0.0,0.0,0.5772999999999999,12.348,6.0,3,21.333774061690303,55.0,0.10733333333333334,0.0,0.0,0.0,0.0,46.95707830278117,optimal
2021-02-07 11:30:00,4,87,0.0,0.0,0.0,0.431,12.1275,6.0,3,21.275614798624538,55.0,0.10733333333333334,0.0,0.0,0.0,0.0,46.69699937846122,optimal
2021-02-07 12:00:00,4,87,0.0,0.0,0.0,0.44889999999999997,12.5265,6.0,3,21.220573961424414,55.0,0.10733333333333334,0.0,0.0,0.0,0.0,46.43718053306559,optimal
2021-02-07 12:30:00,4,87,0.0,0.0,0.0,0.1174,11.7495,6.0,3,21.17702518619654,55.0,0.10333333333333333,0.0,0.0,0.0,0.0,46.17762150651536,optimal
2021-02-07 13:00:00,4,87,0.0,0.0,0.0,1.5857,13.23,6.0,3,21.1275175265817,55.0,0.10333333333333333,0.0,0.0,0.0,0.0,45.918322038991676,optimal
2021-02-07 13:30:00,4,87,0.0,0.0,0.0,0.29553333333333337,14.3325,6.0,3,21.081270661269205,55.0,0.102,0.0,0.0,0.0,0.0,45.659281870935516,optimal
2021-02-07 14:00:00,4,87,0.0,0.0,0.0,0.21930000000000002,14.994,6.0,3,21.020676044869674,55.0,0.102,0.0,0.0,0.0,0.0,45.40050074304742,optimal
2021-02-07 14:30:00,4,87,0.0,0.0,0.0,0.31010000000000004,14.8155,6.0,3,20.962603785207246,55.0,0.102,0.0,0.0,0.0,0.0,45.1419783962872,optimal
2021-02-07 15:00:00,4,87,0.0,0.0,0.0,0.20356666666666665,14.112,6.0,3,20.907884011519467,55.0,0.102,0.0,0.0,0.0,0.0,44.883714571873746,optimal
2021-02-07 15:30:00,4,87,0.0,0.0,0.0,0.23526666666666668,14.007,6.0,3,20.866453452769868,55.0,0.09866666666666667,0.0,0.0,0.0,0.0,44.625709011284705,optimal
2021-02-07 16:00:00,4,87,0.0,0.0,0.0,0.09176666666666668,13.23,6.0,3,20.82503938873684,55.0,0.096,0.0,0.0,0.0,0.0,44.36796145625625,optimal
2021-02-07 16:30:00,4,87,0.0,0.0,0.0,0.4080666666666667,11.382,6.0,3,20.750458656426304,55.0,0.09533333333333334,0.0,0.0,0.0,0.0,44.11047164878283,optimal
2021-02-07 17:00:00,4,87,0.0,0.0,0.0,0.5722999999999999,11.7495,6.0,3,20.684876371826725,55.0,0.09333333333333334,0.0,0.0,0.0,0.0,43.853239331116875,optimal
2021-02-07 17:30:00,4,87,0.0,0.0,0.0,0.31760000000000005,24.3285,6.0,3,20.593983800038455,55.0,0.09,0.0,0.0,0.0,0.0,43.596264245768594,optimal
2021-02-07 18:00:00,4,87,0.0,0.0,0.0,0.17959999999999998,28.917,6.0,3,20.499145661881563,55.0,0.09,0.0,0.0,0.0,0.0,43.33954613550566,optimal
2021-02-07 18:30:00,4,87,0.0,0.0,0.0,0.39163333333333333,31.3635,6.0,3,20.399190669797985,55.0,0.088,0.0,0.0,0.0,0.0,43.083084743352984,optimal
2021-02-07 19:00:00,4,87,0.0,0.0,0.0,0.301,33.306,6.0,3,20.303798877681835,55.0,0.088,0.0,0.0,0.0,0.0,42.826879812592466,optimal
2021-02-07 19:30:00,4,87,0.0,0.0,0.0,0.3419333333333333,31.3425,6.0,3,20.203392904590075,55.0,0.08733333333333333,0.0,0.0,0.0,0.0,42.570931086762705,optimal
2021-02-07 20:00:00,4,87,0.0,0.0,0.0,0.44356666666666666,28.2555,6.0,3,20.101715535895217,55.0,0.08666666666666667,0.0,0.0,0.0,0.0,42.315238309658774,optimal
2021-02-07 20:30:00,4,87,0.0,0.0,0.0,0.4358666666666667,15.6975,6.0,3,20.0,55.0,0.08666666666666667,0.0,0.0,0.0,0.0,42.059801225331945,optimal
2021-02-07 21:00:00,4,87,0.0,0.0,0.0,0.42156666666666665,12.5475,6.0,3,19.898979807645006,55.0,0.08666666666666667,0.0,0.0,0.0,0.0,41.804619578089444,optimal
2021-02-07 21:30:00,4,87,0.0,0.0,0.0,0.26266666666666666,12.0855,6.0,3,19.801925517599322,55.0,0.08666666666666667,0.0,0.0,0.0,0.0,41.54969311249419,optimal
2021-02-07 22:00:00,4,87,0.0,0.0,0.0,0.11586666666666666,11.907,6.0,3,19.693186215525326,55.0,0.08666666666666667,0.0,0.0,0.0,0.0,41.29502157336453,optimal
2021-02-07 22:30:00,4,87,0.0,0.0,0.0,0.19640000000000002,12.5685,6.0,3,19.5827113138041,55.0,0.08666666666666667,0.0,0.0,0.0,0.0,41.040604705774,optimal
2021-02-07 23:00:00,4,87,0.0,0.0,0.0,0.12766666666666668,13.146,6.0,3,19.47423575809358,55.0,0.08666666666666667,0.0,0.0,0.0,0.0,40.786442255051064,optimal
2021-02-07 23:30:00,4,87,0.0,0.0,0.0,0.2184333333333333,10.584,6.0,3,19.36530189750942,55.0,0.08666666666666667,0.0,0.0,0.0,0.0,40.74565581279601,optimal
2021-02-08 00:00:00,4,87,3.5714285714285716,0.0,0.0,0.035666666666666666,5.9745,6.0,0,19.36530189750942,55.0,0.08666666666666667,12430.333333333334,0.0,69.66666666666667,0.0,40.70491015698321,optimal
2021-02-08 00:30:00,4,87,3.5714285714285716,0.0,0.0,0.044,7.938,6.0,0,19.460757467276533,55.0,0.08666666666666667,12500.0,0.0,0.0,0.0,40.66420524682623,optimal
2021-02-08 01:00:00,4,87,3.5714285714285716,0.0,0.0,0.2177666666666667,8.6835,6.0,0,19.555789293101462,55.0,0.08666666666666667,12500.0,0.0,0.0,0.0,40.6235410415794,optimal
2021-02-08 01:30:00,4,87,3.5714285714285716,0.0,0.0,0.0567,7.665,6.0,0,19.65308287198982,55.0,0.08666666666666667,12500.0,0.0,0.0,0.0,40.582917500537825,optimal
2021-02-08 02:00:00,4,87,3.5714285714285716,0.0,0.0,0.1451,6.7725,6.0,0,19.746831142832423,55.0,0.08666666666666667,12500.0,0.0,0.0,0.0,40.54233458303729,optimal
2021-02-08 02:30:00,4,87,3.5714285714285716,0.0,1.76673691892549,0.13636666666666666,5.5755,6.0,0,19.84114278757969,55.0,0.08666666666666667,12500.0,0.0,0.0,0.0,41.34099228494385,optimal
2021-02-08 03:00:00,4,87,3.5714285714285716,0.0,5.0,0.051,5.0925,6.0,0,19.935038603322884,55.0,0.08666666666666667,12500.0,0.0,0.0,0.0,43.67465129265891,optimal
2021-02-08 03:30:00,4,87,3.5714285714285716,0.0,5.0,0.23046666666666668,4.1895,6.0,0,20.027265712838265,55.0,0.08666666666666667,12500.0,0.0,0.0,0.0,46.005976641366246,optimal
2021-02-08 04:00:00,4,87,3.5714285714285716,0.0,0.0,0.037,7.056,6.0,0,20.12155744887704,55.0,0.08666666666666667,12500.0,0.0,0.0,0.0,45.95997066472487,optimal
2021-02-08 04:30:00,4,87,3.5714285714285716,0.0,5.0,0.12276666666666668,5.271,6.0,0,20.211791565136934,55.0,0.08666666666666667,12500.0,0.0,0.0,0.0,48.289010694060146,optimal
2021-02-08 05:00:00,4,87,3.5714285714285716,0.0,0.0,0.15869999999999998,7.938,6.0,0,20.30225977576175,55.0,0.08666666666666667,12500.0,0.0,0.0,0.0,48.240721683366075,optimal
2021-02-08 05:30:00,4,87,3.5714285714285716,0.0,0.0,0.037,7.938,6.0,0,20.39214425092083,55.0,0.08666666666666667,12500.0,0.0,0.0,0.0,48.192480961682705,optimal
2021-02-08 06:00:00,4,87,3.5714285714285716,0.0,0.0,0.24446666666666667,11.907,6.0,0,20.479173943991608,55.0,0.08666666666666667,12500.0,0.0,0.0,0.0,48.144288480721016,optimal
2021-02-08 06:30:00,4,87,3.5714285714285716,0.0,0.0,0.4714666666666666,11.025,6.0,0,20.568758962592927,55.0,0.086,12500.0,0.0,0.0,0.0,48.096144192240295,optimal
2021-02-08 07:00:00,4,87,3.5714285714285716,0.0,0.0,1.2269333333333334,11.2875,6.0,0,20.66166676490823,55.0,0.08133333333333333,12500.0,0.0,0.0,0.0,48.048048048048045,optimal
2021-02-08 07:30:00,4,87,0.0,0.0,0.0,0.9185333333333332,12.936,6.0,0,20.75831681951689,55.0,0.05266666666666667,0.0,0.0,0.0,0.0,48.0,optimal
2021-02-08 08:00:00,4,87,0.0,0.0,0.0,0.0645,13.0095,6.0,0,20.648109090202674,55.0,0.05266666666666667,0.0,0.0,0.0,0.0,47.694268645229805,optimal
2021-02-08 08:30:00,4,87,0.0,0.0,0.0,0.23696666666666666,13.671,6.0,0,20.527026707872707,55.0,0.05266666666666667,0.0,0.0,0.0,0.0,47.38884302181438,optimal
2021-02-08 09:00:00,4,87,0.0,0.0,0.0,0.047,13.188,6.0,0,20.408899511612734,55.0,0.05266666666666667,0.0,0.0,0.0,0.0,47.083722824022374,optimal
2021-02-08 09:30:00,4,87,0.0,0.0,0.0,0.0575,13.8495,6.0,0,20.307826361811887,55.0,0.05266666666666667,0.0,0.0,0.0,0.0,46.77890774642816,optimal
2021-02-08 10:00:00,4,87,0.0,0.0,0.0,0.24396666666666667,13.23,6.0,0,20.20847068426407,55.0,0.05266666666666667,0.0,0.0,0.0,0.0,46.47439748391154,optimal
2021-02-08 10:30:00,4,87,0.0,0.0,0.0,0.047,13.3665,6.0,0,20.145390886993056,55.0,0.05266666666666667,0.0,0.0,0.0,0.0,46.17019173165743,optimal
2021-02-08 11:00:00,4,87,0.43869092115201264,0.0,0.0,0.15596666666666667,13.0515,6.0,0,20.07854927668084,55.0,0.05266666666666667,1535.4182240320442,0.0,0.0,0.0,45.866290185155584,optimal
2021-02-08 11:30:00,4,87,0.0,0.0,0.0,0.1455,13.5345,6.0,0,20.075436246660036,55.0,0.05266666666666667,0.0,0.0,0.0,0.0,45.56269254020024,optimal
2021-02-08 12:00:00,4,87,0.0,0.0,0.0,0.06406666666666666,14.154,6.0,0,20.04763263676932,55.0,0.05266666666666667,0.0,0.0,0.0,0.0,45.259398492889844,optimal
2021-02-08 12:30:00,4,87,0.0,0.0,0.0,0.2374,14.112,6.0,0,20.03091329030101,55.0,0.05266666666666667,0.0,0.0,0.0,0.0,44.95640773962676,optimal
2021-02-08 13:00:00,4,87,0.0,0.0,0.0,0.047,14.2485,6.0,0,20.018367552937296,55.0,0.05266666666666667,0.0,0.0,0.0,0.0,44.65371997711694,optimal
2021-02-08 13:30:00,4,87,3.5714285714285716,0.0,0.0,0.11266666666666668,12.789,6.0,0,20.0,55.0,0.05266666666666667,12500.0,0.0,0.0,0.0,44.35133490236963,optimal
2021-02-08 14:00:00,4,87,0.5685879353100471,0.0,0.0,0.1258,13.0095,6.0,0,20.188216644676192,55.0,0.05266666666666667,1990.0577735851648,0.0,0.0,0.0,44.04925221269706,optimal
2021-02-08 14:30:00,4,87,3.5714285714285716,0.0,0.0,0.05356666666666667,12.1275,6.0,0,20.20472969165718,55.0,0.05266666666666667,12500.0,0.0,0.0,0.0,43.747471605714175,optimal
2021-02-08 15:00:00,4,87,3.5714285714285716,0.0,0.0,0.2479,12.348,6.0,0,20.391212355573646,55.0,0.05266666666666667,12500.0,0.0,0.0,0.0,43.44599277933827,optimal
2021-02-08 15:30:00,4,87,3.5714285714285716,0.0,0.0,0.047,12.348,6.0,0,20.553538713169818,55.0,0.05266666666666667,12500.0,0.0,0.0,0.0,43.144815431788736,optimal
2021-02-08 16:00:00,4,87,0.0,0.0,0.0,0.103,25.389,6.0,0,20.71188243514,55.0,0.05266666666666667,0.0,0.0,0.0,0.0,42.843939261586755,optimal
2021-02-08 16:30:00,4,87,0.0,0.0,0.0,0.06056666666666667,29.1375,6.0,0,20.635614990404306,55.0,0.05266666666666667,0.0,0.0,0.0,0.0,42.543363967554974,optimal
2021-02-08 17:00:00,4,87,0.0,0.0,0.0,0.1849,30.597,6.0,0,20.558198532615457,55.0,0.05266666666666667,0.0,0.0,0.0,0.0,42.24308924881723,optimal
2021-02-08 17:30:00,4,87,0.0,0.0,0.0,0.11,33.684,6.0,0,20.450284852825458,55.0,0.05266666666666667,0.0,0.0,0.0,0.0,41.94311480479821,optimal
2021-02-08 18:00:00,4,87,0.0,0.0,0.0,0.22313333333333332,32.445,6.0,0,20.340577303651138,55.0,0.050666666666666665,0.0,0.0,0.0,0.0,41.643440335223225,optimal
2021-02-08 18:30:00,4,87,0.0,0.0,0.0,0.1447,28.917,6.0,0,20.222603318168286,55.0,0.050666666666666665,0.0,0.0,0.0,0.0,41.34406554011781,optimal
2021-02-08 19:00:00,4,87,0.0,0.0,0.0,0.3131333333333333,15.876,6.0,0,20.10874655497906,55.0,0.046,0.0,0.0,0.0,0.0,41.0449901198075,optimal
2021-02-08 19:30:00,4,87,1.8202525682732738,0.0,0.0,0.3841,12.348,6.0,0,20.0,55.0,0.04466666666666667,6370.883988956458,0.0,0.0,0.0,41.00394512968769,optimal
2021-02-08 20:00:00,4,87,1.8751078004985011,0.0,0.0,0.2615,12.1275,6.0,0,20.0,55.0,0.042,6562.877301744754,0.0,0.0,0.0,40.962941184558005,optimal
2021-02-08 20:30:00,4,87,0.0,0.0,0.0,0.3898666666666667,12.348,6.0,0,20.0,55.0,0.042,0.0,0.0,0.0,0.0,40.921978243373445,optimal
2021-02-08 21:00:00,4,87,0.0,0.0,0.0,0.30056666666666665,12.1275,6.0,0,19.892432426538452,55.0,0.04133333333333333,0.0,0.0,0.0,0.0,40.88105626513007,optimal
2021-02-08 21:30:00,4,87,0.0,0.0,0.0,0.3650333333333334,12.1275,6.0,0,19.782751690057047,55.0,0.04133333333333333,0.0,0.0,0.0,0.0,40.84017520886494,optimal
2021-02-08 22:00:00,4,87,0.0,0.0,0.0,0.46623333333333333,11.2665,6.0,0,19.676184764643544,55.0,0.030493333333333334,0.0,0.0,0.0,0.0,40.79933503365608,optimal
2021-02-08 22:30:00,4,87,0.0,0.0,0.0,0.3249666666666666,10.143,6.0,0,19.57215329809612,55.0,0.024666666666666667,0.0,0.0,0.0,0.0,40.758535698622424,optimal
2021-02-08 23:00:00,4,87,0.0,0.0,0.0,0.15906666666666666,11.2455,6.0,0,19.464911999312196,55.0,0.024666666666666667,0.0,0.0,0.0,0.0,40.7177771629238,optimal
2021-02-08 23:30:00,4,87,0.0,0.0,0.0,0.2509333333333333,11.025,6.0,0,19.35687027009925,55.0,0.024666666666666667,0.0,0.0,0.0,0.0,40.67705938576088,optimal
2021-02-09 00:00:00,4,87,3.5714285714285716,0.0,0.0,0.054,11.7705,6.0,-4,19.35687027009925,55.0,0.024666666666666667,12500.0,0.0,0.0,0.0,40.63638232637511,optimal
2021-02-09 00:30:00,4,87,3.5714285714285716,0.0,5.0,0.10809999999999999,11.13,6.0,-4,19.44717862806768,55.0,0.056666666666666664,9156.0,0.0,3344.0,0.0,42.97074594404874,optimal
2021-02-09 01:00:00,4,87,3.5714285714285716,0.0,0.0,0.15636666666666668,11.6865,6.0,-4,19.4833424611804,55.0,0.056666666666666664,12500.0,0.0,0.0,0.0,42.92777519810469,optimal
2021-02-09 01:30:00,4,87,3.5714285714285716,0.0,5.0,0.054,10.7205,6.0,-4,19.575164882272546,55.0,0.056666666666666664,12500.0,0.0,0.0,0.0,45.25984742290659,optimal
2021-02-09 02:00:00,4,87,3.5714285714285716,0.0,0.0,0.054,11.424,6.0,-4,19.66412954824848,55.0,0.056666666666666664,12500.0,0.0,0.0,0.0,45.214587575483684,optimal
2021-02-09 02:30:00,4,87,3.5714285714285716,0.0,5.0,0.1326,10.689,6.0,-4,19.751931059962338,55.0,0.056666666666666664,12500.0,0.0,0.0,0.0,47.5443729879082,optimal
2021-02-09 03:00:00,4,87,3.5714285714285716,0.0,2.177585602678496,0.1318666666666667,11.361,6.0,-4,19.840787543531423,55.0,0.056666666666666664,12500.0,0.0,0.0,0.0,48.53118177619257,optimal
2021-02-09 03:30:00,4,87,3.5714285714285716,0.0,0.0,0.1055,11.571,6.0,-4,19.929392835914136,55.0,0.056666666666666664,12500.0,0.0,0.0,0.0,48.48265059441637,optimal
2021-02-09 04:00:00,4,87,3.5714285714285716,0.0,0.0,0.10216666666666668,14.3745,6.0,-4,20.017636318448314,55.0,0.056666666666666664,12500.0,0.0,0.0,0.0,48.434167943821954,optimal
2021-02-09 04:30:00,4,87,3.5714285714285716,0.0,0.0,0.14856666666666665,13.23,6.0,-4,20.105897559169932,55.0,0.056666666666666664,12500.0,0.0,0.0,0.0,48.38573377587813,optimal
2021-02-09 05:00:00,4,87,3.5714285714285716,0.0,0.0,0.07803333333333333,13.9755,6.0,-4,20.193760118191648,55.0,0.056666666666666664,12500.0,0.0,0.0,0.0,48.33734804210225,optimal
2021-02-09 05:30:00,4,87,1.610352413888274,0.0,0.0,0.07803333333333333,14.994,6.0,-4,20.2793108025995,55.0,0.056666666666666664,5636.233448608959,0.0,0.0,0.0,48.289010694060146,optimal
2021-02-09 06:00:00,4,87,3.5714285714285716,0.0,0.0,0.9760333333333332,13.671,6.0,-4,20.251890017160264,55.0,0.051333333333333335,12500.0,0.0,0.0,0.0,48.240721683366075,optimal
2021-02-09 06:30:00,4,87,0.0,0.0,0.0,1.3032000000000001,15.981,6.0,-4,20.342209701412532,55.0,0.050666666666666665,0.0,0.0,0.0,0.0,48.192480961682705,optimal
2021-02-09 07:00:00,4,87,0.0,0.0,0.0,0.2389333333333333,15.6345,6.0,-4,20.2266904531725,55.0,0.042666666666666665,0.0,0.0,0.0,0.0,48.144288480721016,optimal
2021-02-09 07:30:00,4,87,0.0,0.0,0.0,2.112,16.5375,6.0,-4,20.11165990935146,55.0,0.03249333333333333,0.0,0.0,0.0,0.0,48.096144192240295,optimal
2021-02-09 08:00:00,4,87,3.5714285714285716,0.0,0.0,0.42019999999999996,14.7735,6.0,-4,20.0,55.0,0.02,12500.0,0.0,0.0,0.0,48.048048048048045,optimal
2021-02-09 08:30:00,4,87,0.19599147669014483,0.0,0.0,2.142733333333333,15.2145,6.0,-4,20.09649180115391,55.0,0.011333333333333334,685.9701684155069,0.0,0.0,0.0,48.0,optimal
2021-02-09 09:00:00,4,87,1.635651439077517,0.0,0.0,0.19806666666666664,14.553,6.0,-4,20.0,55.0,0.011333333333333334,5724.780036771309,0.0,0.0,0.0,47.2993042478939,optimal
2021-02-09 09:30:00,4,87,3.5714285714285716,0.0,0.0,0.07773333333333333,14.3325,6.0,-4,20.0,55.0,0.011333333333333334,12500.0,0.0,0.0,0.0,46.59930919153991,optimal
2021-02-09 10:00:00,4,87,0.1934315330929269,0.0,0.0,0.064,14.595,6.0,-4,20.1069268469036,55.0,0.011333333333333334,677.0103658252442,0.0,0.0,0.0,45.90001413024227,optimal
2021-02-09 10:30:00,4,87,0.0,0.0,0.0,0.1688,14.994,6.0,-4,20.05682551766587,55.0,0.009333333333333334,0.0,0.0,0.0,0.0,45.20141836400593,optimal
2021-02-09 11:00:00,4,87,0.25675473161428125,0.0,0.0,2.480033333333333,14.3325,6.0,-4,20.0,55.0,0.0,898.6415606499843,0.0,0.0,0.0,44.503521193535825,optimal
2021-02-09 11:30:00,4,87,0.2594575907138302,0.0,0.0,1.521,13.8915,6.0,-4,20.0,55.0,0.0,908.1015674984056,0.0,0.0,0.0,43.80632192023619,optimal
2021-02-09 12:00:00,4,87,0.0,0.0,0.0,0.19093333333333332,13.8915,6.0,-4,20.0,55.0,0.0,0.0,0.0,0.0,0.0,43.10981984620986,optimal
2021-02-09 12:30:00,4,87,3.5714285714285716,0.0,0.0,0.14780000000000001,13.4715,6.0,-4,20.000848790090856,55.0,0.012,11246.0,0.0,1254.0,0.0,42.41401427425755,optimal
2021-02-09 13:00:00,4,87,3.5714285714285716,0.0,0.0,0.255,13.23,6.0,-4,20.18475961759998,55.0,0.012,12500.0,0.0,0.0,0.0,41.7189045078772,optimal
2021-02-09 13:30:00,4,87,0.0,0.0,0.0,0.23616666666666664,13.8915,6.0,-4,20.39499096314357,55.0,0.012,0.0,0.0,0.0,0.0,41.024489851263226,optimal
2021-02-09 14:00:00,4,87,0.0,0.0,0.0,0.064,26.9325,6.0,-4,20.39832898196176,55.0,0.012,0.0,0.0,0.0,0.0,40.33076960930587,optimal
2021-02-09 14:30:00,4,87,0.0,0.0,0.0,0.22046666666666667,30.303,6.0,-4,20.393155694364413,55.0,0.012,0.0,0.0,0.0,0.0,39.637743087590465,optimal
2021-02-09 15:00:00,4,87,0.0,0.0,0.0,0.1396,32.886,6.0,-4,20.390269777421384,55.0,0.012,0.0,0.0,0.0,0.0,38.94540959239678,optimal
2021-02-09 15:30:00,4,87,0.0,0.0,0.0,1.4488666666666665,34.9965,6.0,-4,20.360556018636206,55.0,0.010666666666666666,0.0,0.0,0.0,0.0,38.906464182804385,optimal
2021-02-09 16:00:00,4,87,0.0,0.0,0.0,2.952233333333333,33.327,6.0,-4,20.342250370749582,55.0,0.01,0.0,0.0,0.0,0.0,38.86755771862158,optimal
2021-02-09 16:30:00,4,87,0.0,0.0,0.0,1.9097333333333328,31.122,6.0,-4,20.290075781550993,55.0,0.006,0.0,0.0,0.0,0.0,38.82869016090296,optimal
2021-02-09 17:00:00,4,87,0.0,0.0,0.0,1.4046666666666667,17.9025,6.0,-4,20.236143314408043,55.0,0.003999999999999999,0.0,0.0,0.0,0.0,38.78986147074205,optimal
2021-02-09 17:30:00,4,87,0.0,0.0,0.0,0.1809333333333333,15.6555,6.0,-4,20.14628585811697,55.0,0.003999999999999999,0.0,0.0,0.0,0.0,38.751071609271314,optimal
2021-02-09 18:00:00,4,87,1.0719033490606282,0.0,0.0,0.204,14.553,6.0,-4,20.04619196278352,55.0,0.002666666666666666,3751.661721712199,0.0,0.0,0.0,38.712320537662045,optimal
2021-02-09 18:30:00,4,87,1.6851459133466857,0.0,0.0,2.1629,14.3325,6.0,-4,20.0,55.0,0.0,5898.010696713401,0.0,0.0,0.0,38.67360821712438,optimal
2021-02-09 19:00:00,4,87,1.9199230581604985,0.0,0.0,0.4695666666666667,13.335,6.0,-4,20.0,55.0,0.0,6301.730703561744,0.0,418.0,0.0,38.63493460890726,optimal
2021-02-09 19:30:00,4,87,3.571104203016334,0.0,0.0,2.0831999999999997,12.1275,6.0,-4,20.0,55.0,0.0,12498.864710557169,0.0,0.0,0.0,38.59629967429835,optimal
2021-02-09 20:00:00,4,87,0.0,0.0,0.0,0.34703333333333336,12.2955,6.0,-4,20.10293643771929,55.0,0.0,0.0,0.0,0.0,0.0,38.557703374624055,optimal
2021-02-09 20:30:00,4,87,0.0,0.0,0.0,2.2668000000000004,11.6865,6.0,-4,20.0,55.0,0.0,0.0,0.0,0.0,0.0,38.51914567124943,optimal
2021-02-09 21:00:00,4,87,0.0,0.0,0.0,0.4941666666666667,11.466,6.0,-4,19.9013784093551,55.0,0.0,0.0,0.0,0.0,0.0,38.48062652557818,optimal
2021-02-09 21:30:00,4,87,0.1592380952380952,0.0,0.0,2.4644,10.8045,6.0,-4,19.796285264471003,55.0,0.0,0.0,0.0,557.3333333333333,0.0,38.442145899052605,optimal
2021-02-09 22:00:00,4,87,1.8312380952380949,0.0,0.0,2.2611666666666665,10.584,6.0,-4,19.69398772472478,55.0,0.06133333333333332,0.0,0.0,6409.333333333332,0.0,38.40370375315355,optimal
2021-02-09 22:30:00,4,87,0.0,0.0,0.0,0.7754666666666667,11.2455,6.0,-4,19.590899406278346,55.0,0.001333333333333333,0.0,0.0,0.0,0.0,38.365300049400396,optimal
2021-02-09 23:00:00,4,87,0.0,0.0,0.0,2.182866666666667,12.1275,6.0,-4,19.49173314612221,55.0,0.001333333333333333,0.0,0.0,0.0,0.0,38.326934749351,optimal
2021-02-09 23:30:00,4,87,0.0,0.0,0.0,1.3392666666666668,11.823,6.0,-4,19.388712111426766,55.0,0.0,0.0,0.0,0.0,0.0,38.28860781460165,optimal
2021-02-10 00:00:00,4,87,3.5714285714285716,0.0,0.0,0.06,13.3665,6.0,4,19.388712111426766,55.0,0.0,12500.0,0.0,0.0,0.0,38.25031920678705,optimal
2021-02-10 00:30:00,4,87,3.5714285714285716,0.0,0.0,0.06,12.789,6.0,4,19.477704788927813,55.0,0.06333333333333334,5881.666666666667,0.0,6618.333333333333,0.0,38.21206888758026,optimal
2021-02-10 01:00:00,4,87,3.5714285714285716,0.0,0.0,0.06,11.907,6.0,4,19.45711005073302,55.0,0.06333333333333334,12500.0,0.0,0.0,0.0,38.17385681869268,optimal
2021-02-10 01:30:00,4,87,3.5714285714285716,0.0,0.0,0.129,11.7075,6.0,4,19.544450629914927,55.0,0.06333333333333334,12500.0,0.0,0.0,0.0,38.13568296187398,optimal
2021-02-10 02:00:00,4,87,3.5714285714285716,0.0,5.0,0.06,10.8045,6.0,4,19.631768436358243,55.0,0.06333333333333334,12500.0,0.0,0.0,0.0,40.47254727891211,optimal
2021-02-10 02:30:00,4,87,3.5714285714285716,0.0,0.0,0.129,11.508,6.0,4,19.71680284101905,55.0,0.06333333333333334,12500.0,0.0,0.0,0.0,40.4320747316332,optimal
2021-02-10 03:00:00,4,87,3.5714285714285716,0.0,0.0,0.06,11.508,6.0,4,19.80244420899439,55.0,0.06333333333333334,12500.0,0.0,0.0,0.0,40.39164265690157,optimal
2021-02-10 03:30:00,4,87,3.5714285714285716,0.0,0.0,0.129,11.508,6.0,4,19.88642803495918,55.0,0.06333333333333334,12500.0,0.0,0.0,0.0,40.35125101424467,optimal
2021-02-10 04:00:00,4,87,3.5714285714285716,0.0,0.0,0.06,11.844,6.0,4,19.971025290977042,55.0,0.06333333333333334,12500.0,0.0,0.0,0.0,40.310899763230424,optimal
2021-02-10 04:30:00,4,87,3.5714285714285716,0.0,0.0,0.129,11.508,6.0,4,20.05397143191749,55.0,0.06333333333333334,12500.0,0.0,0.0,0.0,40.2705888634672,optimal
2021-02-10 05:00:00,4,87,3.5714285714285716,0.0,0.0,0.06,11.508,6.0,4,20.13692184967141,55.0,0.06333333333333334,12500.0,0.0,0.0,0.0,40.23031827460373,optimal
2021-02-10 05:30:00,4,87,3.5714285714285716,0.0,5.0,0.06383333333333334,10.4475,6.0,4,20.217615748693902,55.0,0.06333333333333334,12500.0,0.0,0.0,0.0,42.56508795632913,optimal
2021-02-10 06:00:00,4,87,3.5714285714285716,0.0,5.0,0.12516666666666668,10.8675,6.0,4,20.297260202528857,55.0,0.06333333333333334,12500.0,0.0,0.0,0.0,44.8975228683728,optimal
2021-02-10 06:30:00,4,87,3.5714285714285716,0.0,5.0,0.9059333333333331,10.542,6.0,4,20.376803658112348,55.0,0.058666666666666666,12500.0,0.0,0.0,0.0,47.22762534550443,optimal
2021-02-10 07:00:00,4,87,3.5714285714285716,0.0,0.0,0.4714666666666666,11.025,6.0,4,20.459923162227618,55.0,0.042,12500.0,0.0,0.0,0.0,47.18039772015892,optimal
2021-02-10 07:30:00,4,87,3.5714285714285716,0.0,1.9259594223353518,0.27736666666666665,11.025,6.0,4,20.549747035603684,55.0,0.015333333333333332,12500.0,0.0,0.0,0.0,48.048048048048045,optimal
2021-02-10 08:00:00,4,87,3.5714285714285716,0.0,0.0,2.1887,14.553,6.0,4,20.63765269865185,55.0,0.008666666666666666,12500.0,0.0,0.0,0.0,48.0,optimal
2021-02-10 08:30:00,4,87,3.5714285714285716,0.0,0.0,0.5906666666666667,13.0935,6.0,4,20.732306109896644,55.0,0.008666666666666666,12500.0,0.0,0.0,0.0,47.51297680150823,optimal
2021-02-10 09:00:00,4,87,0.3754831546446174,0.0,0.0,0.08533333333333333,15.6345,6.0,4,20.81584257967042,55.0,0.008666666666666666,1314.1910412561608,0.0,0.0,0.0,47.026440626214956,optimal
2021-02-10 09:30:00,4,87,0.0,0.0,0.0,0.07,18.102,6.0,4,20.733749356661118,55.0,0.008666666666666666,0.0,0.0,0.0,0.0,46.54039098709698,optimal
2021-02-10 10:00:00,4,87,0.0,0.0,0.0,0.07,17.199,6.0,4,20.631611750971626,55.0,0.008666666666666666,0.0,0.0,0.0,0.0,46.05482739761811,optimal
2021-02-10 10:30:00,4,87,0.0,0.0,0.0,0.139,18.2805,6.0,4,20.5690365229382,55.0,0.008666666666666666,0.0,0.0,0.0,0.0,45.569749371728726,optimal
2021-02-10 11:00:00,4,87,0.0,0.0,0.0,0.07,17.4615,6.0,4,20.508900166374808,55.0,0.008666666666666666,0.0,0.0,0.0,0.0,45.08515642386523,optimal
2021-02-10 11:30:00,4,87,0.0,0.0,0.0,0.07766666666666668,18.3225,6.0,4,20.47499784523483,55.0,0.008666666666666666,0.0,0.0,0.0,0.0,44.601048068949595,optimal
2021-02-10 12:00:00,4,87,0.0,0.0,0.0,0.13133333333333333,17.094,6.0,4,20.44204534555231,55.0,0.008666666666666666,0.0,0.0,0.0,0.0,44.11742382238888,optimal
2021-02-10 12:30:00,4,87,0.0,0.0,0.0,0.07,17.094,6.0,4,20.444482093838534,55.0,0.008666666666666666,0.0,0.0,0.0,0.0,43.63428320007472,optimal
2021-02-10 13:00:00,4,87,0.0,0.0,0.0,0.07,17.094,6.0,4,20.44589905662971,55.0,0.008666666666666666,0.0,0.0,0.0,0.0,43.151625718382874,optimal
2021-02-10 13:30:00,4,87,0.0,0.0,0.0,0.08533333333333333,17.3565,6.0,4,20.44169201688806,55.0,0.008666666666666666,0.0,0.0,0.0,0.0,42.669450894172726,optimal
2021-02-10 14:00:00,4,87,0.0,0.0,0.0,0.12366666666666669,17.115,6.0,4,20.438993150989226,55.0,0.008666666666666666,0.0,0.0,0.0,0.0,42.187758244786785,optimal
2021-02-10 14:30:00,4,87,0.0,0.0,0.0,0.07,17.241,6.0,4,20.433757964233088,55.0,0.008666666666666666,0.0,0.0,0.0,0.0,41.70654728805023,optimal
2021-02-10 15:00:00,4,87,0.0,0.0,0.0,0.0815,17.094,6.0,4,20.427675814147808,55.0,0.008666666666666666,0.0,0.0,0.0,0.0,41.22581754227041,optimal
2021-02-10 15:30:00,4,87,3.5714285714285716,0.0,0.0,0.1275,16.5165,6.0,4,20.39775401152399,55.0,0.008666666666666666,12500.0,0.0,0.0,0.0,40.745568526236376,optimal
2021-02-10 16:00:00,4,87,0.0,0.0,0.0,0.09683333333333331,17.8185,6.0,4,20.572318718858153,55.0,0.008666666666666666,0.0,0.0,0.0,0.0,40.265799759218375,optimal
2021-02-10 16:30:00,4,87,3.5714285714285716,0.0,0.0,0.11216666666666669,17.094,6.0,4,20.50319738242745,55.0,0.008666666666666666,12500.0,0.0,0.0,0.0,39.78651076096739,optimal
2021-02-10 17:00:00,4,87,3.5714285714285716,0.0,0.0,0.07,16.8945,6.0,4,20.638301451845297,55.0,0.008666666666666666,12500.0,0.0,0.0,0.0,39.30770105171465,optimal
2021-02-10 17:30:00,4,87,0.0,0.0,0.0,0.139,18.123,6.0,4,20.73254833957161,55.0,0.008666666666666666,0.0,0.0,0.0,0.0,38.82937015217117,optimal
2021-02-10 18:00:00,4,87,0.0,0.0,0.0,0.07,31.647,6.0,4,20.622873433748172,55.0,0.008666666666666666,0.0,0.0,0.0,0.0,38.35151758352723,optimal
2021-02-10 18:30:00,4,87,0.0,0.0,0.0,0.08916666666666667,34.9965,6.0,4,20.499814988765568,55.0,0.008666666666666666,0.0,0.0,0.0,0.0,37.87414286745194,optimal
2021-02-10 19:00:00,4,87,0.0,0.0,0.0,0.11983333333333332,34.9965,6.0,4,20.375365851764276,55.0,0.008666666666666666,0.0,0.0,0.0,0.0,37.39724552609272,optimal
2021-02-10 19:30:00,4,87,0.0,0.0,0.0,0.11216666666666669,34.9965,6.0,4,20.249722980453402,55.0,0.008666666666666666,0.0,0.0,0.0,0.0,36.920825082074856,optimal
2021-02-10 20:00:00,4,87,0.0,0.0,0.0,0.6108,34.9965,6.0,4,20.123189042221135,55.0,0.008666666666666666,0.0,0.0,0.0,0.0,36.44488105850101,optimal
2021-02-10 20:30:00,4,87,0.0,0.0,0.0,0.8403999999999999,34.9965,6.0,4,20.0,55.0,0.008666666666666666,0.0,0.0,0.0,0.0,36.40843617744251,optimal
2021-02-10 21:00:00,4,87,0.0,0.0,0.0,0.5587333333333333,27.741,6.0,4,19.882935013855025,55.0,0.005333333333333332,0.0,0.0,0.0,0.0,36.372027741265065,optimal
2021-02-10 21:30:00,4,87,0.0,0.0,0.0,1.3321333333333334,19.026,6.0,4,19.768815010678047,55.0,0.0,0.0,0.0,0.0,0.0,36.3356557135238,optimal
2021-02-10 22:00:00,4,87,0.0,0.0,0.0,0.185,18.7215,6.0,4,19.647780639338,55.0,0.0,0.0,0.0,0.0,0.0,36.29932005781028,optimal
2021-02-10 22:30:00,4,87,0.0,0.0,0.0,0.139,17.4195,6.0,4,19.51033390525733,55.0,0.0,0.0,0.0,0.0,0.0,36.26302073775247,optimal
2021-02-10 23:00:00,4,87,0.0,0.0,0.0,0.07,16.758,6.0,4,19.36999912043762,55.0,0.0,0.0,0.0,0.0,0.0,36.22675771701472,optimal
2021-02-10 23:30:00,4,87,0.0,0.0,0.0,0.066,14.217,6.0,4,19.22785891707116,55.0,0.0,0.0,0.0,0.0,0.0,36.1905309592977,optimal
2021-02-11 00:00:00,4,87,3.5714285714285716,0.0,0.0,0.13536666666666666,12.306,6.0,4,19.22785891707116,55.0,0.0,12500.0,0.0,0.0,0.0,36.15434042833841,optimal
2021-02-11 00:30:00,4,87,3.5714285714285716,0.0,5.0,0.13536666666666666,10.6365,6.0,4,19.293794999560447,55.0,0.06,6230.0,0.0,6270.0,0.0,38.49318608791007,optimal
2021-02-11 01:00:00,4,87,3.5714285714285716,0.0,0.0,0.069,11.2455,6.0,4,19.257223201285328,55.0,0.06,12500.0,0.0,0.0,0.0,38.454692901822156,optimal
2021-02-11 01:30:00,4,87,3.5714285714285716,0.0,0.0,0.20906666666666662,11.2455,6.0,4,19.323122371576968,55.0,0.06,12500.0,0.0,0.0,0.0,38.41623820892033,optimal
2021-02-11 02:00:00,4,87,3.5714285714285716,0.0,0.0,0.07333333333333333,11.025,6.0,4,19.39079039436723,55.0,0.06,12500.0,0.0,0.0,0.0,38.377821970711416,optimal
2021-02-11 02:30:00,4,87,3.5714285714285716,0.0,0.0,0.07503333333333333,12.0855,6.0,4,19.455867404340673,55.0,0.06,12500.0,0.0,0.0,0.0,38.339444148740704,optimal
2021-02-11 03:00:00,4,87,3.5714285714285716,0.0,0.0,0.19569999999999999,11.6865,6.0,4,19.520027138669487,55.0,0.06,12500.0,0.0,0.0,0.0,38.301104704591964,optimal
2021-02-11 03:30:00,4,87,3.5714285714285716,0.0,0.0,0.069,11.2245,6.0,4,19.585153211032534,55.0,0.06,12500.0,0.0,0.0,0.0,38.26280359988737,optimal
2021-02-11 04:00:00,4,87,3.5714285714285716,0.0,0.0,0.069,11.025,6.0,4,19.64934160924027,55.0,0.06,12500.0,0.0,0.0,0.0,38.224540796287485,optimal
2021-02-11 04:30:00,4,87,3.5714285714285716,0.0,5.0,0.13536666666666666,10.7835,6.0,4,19.7146737533195,55.0,0.06,12500.0,0.0,0.0,0.0,40.5613162554912,optimal
2021-02-11 05:00:00,4,87,3.5714285714285716,0.0,1.2225114914851152,0.1354,11.025,6.0,4,19.78069099584648,55.0,0.058666666666666666,12500.0,0.0,0.0,0.0,41.10144789769113,optimal
2021-02-11 05:30:00,4,87,3.5714285714285716,0.0,5.0,0.079,10.584,6.0,4,19.846995942506496,55.0,0.05733333333333333,12500.0,0.0,0.0,0.0,43.435346449793435,optimal
2021-02-11 06:00:00,4,87,3.5714285714285716,0.0,5.0,0.9111,11.025,6.0,4,19.9170243923912,55.0,0.05533333333333333,12500.0,0.0,0.0,0.0,45.76691110334364,optimal
2021-02-11 06:30:00,4,87,3.5714285714285716,0.0,5.0,0.18703333333333333,10.4265,6.0,4,19.98904801948012,55.0,0.05533333333333333,12500.0,0.0,0.0,0.0,48.096144192240295,optimal
2021-02-11 07:00:00,4,87,3.5714285714285716,0.0,0.0,0.9792000000000001,12.789,6.0,4,20.062459862048268,55.0,0.05266666666666667,12500.0,0.0,0.0,0.0,48.048048048048045,optimal
2021-02-11 07:30:00,4,87,3.5714285714285716,0.0,0.0,0.1494,12.684,6.0,4,20.136524761654155,55.0,0.043333333333333335,12500.0,0.0,0.0,0.0,48.0,optimal
2021-02-11 08:00:00,4,87,3.5714285714285716,0.0,0.0,0.1536,16.254,6.0,4,20.212819489914356,55.0,0.04,12500.0,0.0,0.0,0.0,47.77806115587476,optimal
2021-02-11 08:30:00,4,87,2.6029141480497193,0.0,0.0,0.198,17.64,6.0,4,20.28751315904211,55.0,0.04,9110.199518174017,0.0,0.0,0.0,47.55634425059365,optimal
2021-02-11 09:00:00,4,87,0.0,0.0,0.0,0.068,19.1625,6.0,4,20.305480764294607,55.0,0.03866666666666667,0.0,0.0,0.0,0.0,47.33484906221781,optimal
2021-02-11 09:30:00,4,87,0.0,0.0,0.0,0.33496666666666663,26.46,6.0,4,20.197528821441047,55.0,0.03866666666666667,0.0,0.0,0.0,0.0,47.11357536903036,optimal
2021-02-11 10:00:00,4,87,0.0,0.0,0.0,0.2834333333333333,20.79,6.0,4,20.10388122800956,55.0,0.03866666666666667,0.0,0.0,0.0,0.0,46.89252294953609,optimal
2021-02-11 10:30:00,4,87,0.0,0.0,0.0,0.2552,29.106,6.0,4,20.063876442907222,55.0,0.03866666666666667,0.0,0.0,0.0,0.0,46.671691582461314,optimal
2021-02-11 11:00:00,4,87,0.0,0.0,0.0,0.32723333333333327,19.1835,6.0,4,20.019607178786156,55.0,0.037333333333333336,0.0,0.0,0.0,0.0,46.451081046753615,optimal
2021-02-11 11:30:00,4,87,0.0,0.0,0.0,0.2712,19.6665,6.0,4,20.007528034255422,55.0,0.03666666666666667,0.0,0.0,0.0,0.0,46.23069112158162,optimal
2021-02-11 12:00:00,4,87,0.0,0.0,0.0,2.484866666666667,19.404,6.0,4,20.0,55.0,0.03333333333333333,0.0,0.0,0.0,0.0,46.010521586334804,optimal
2021-02-11 12:30:00,4,87,0.0,0.0,0.0,0.2463333333333333,19.047,6.0,4,20.048568568577284,55.0,0.03,0.0,0.0,0.0,0.0,45.79057222062323,optimal
2021-02-11 13:00:00,4,87,0.0,0.0,0.0,1.6924666666666668,18.858,6.0,4,20.078529440663615,55.0,0.03,0.0,0.0,0.0,0.0,45.57084280427737,optimal
2021-02-11 13:30:00,4,87,0.0,0.0,0.0,0.46826666666666666,19.2675,6.0,4,20.105754756175813,55.0,0.03,0.0,0.0,0.0,0.0,45.351333117347856,optimal
2021-02-11 14:00:00,4,87,0.0,0.0,0.0,0.47486666666666666,18.963,6.0,4,20.127390028156334,55.0,0.025333333333333333,0.0,0.0,0.0,0.0,45.13204294010527,optimal
2021-02-11 14:30:00,4,87,0.0,0.0,0.0,0.3398,18.438,6.0,4,20.15456105523115,55.0,0.024,0.0,0.0,0.0,0.0,44.91297205303993,optimal
2021-02-11 15:00:00,4,87,0.0,0.0,0.0,0.2542333333333333,18.7425,6.0,4,20.175100781871926,55.0,0.024,0.0,0.0,0.0,0.0,44.69412023686165,optimal
2021-02-11 15:30:00,4,87,3.5714285714285716,0.0,0.0,0.4411666666666667,15.2145,6.0,4,20.169590481539295,55.0,0.024,12500.0,0.0,0.0,0.0,44.47548727249955,optimal
2021-02-11 16:00:00,4,87,1.4690733540644598,0.0,0.0,0.571,17.7765,6.0,4,20.364771131347197,55.0,0.023333333333333334,5141.75673922561,0.0,0.0,0.0,44.25707294110181,optimal
2021-02-11 16:30:00,4,87,3.5714285714285716,0.0,0.0,0.39153333333333334,16.758,6.0,4,20.397364503434275,55.0,0.023333333333333334,12500.0,0.0,0.0,0.0,44.03887702403547,optimal
2021-02-11 17:00:00,4,87,3.5714285714285716,0.0,0.0,0.30110000000000003,16.422,6.0,4,20.539147081555374,55.0,0.023333333333333334,12500.0,0.0,0.0,0.0,43.8208993028862,optimal
2021-02-11 17:30:00,4,87,3.5714285714285716,0.0,0.0,0.3395666666666667,16.758,6.0,4,20.62844530724913,55.0,0.02133333333333333,12500.0,0.0,0.0,0.0,43.60313955945807,optimal
2021-02-11 18:00:00,4,87,0.0,0.0,0.0,0.42656666666666665,29.358,6.0,4,20.71552919829376,55.0,0.019999999999999997,0.0,0.0,0.0,0.0,43.385597575773375,optimal
2021-02-11 18:30:00,4,87,0.0,0.0,0.0,0.47823333333333334,34.9965,6.0,4,20.578706710096508,55.0,0.002666666666666666,0.0,0.0,0.0,0.0,43.168273134072365,optimal
2021-02-11 19:00:00,4,87,0.0,0.0,0.0,0.24280000000000002,34.65,6.0,4,20.438223886916813,55.0,0.002666666666666666,0.0,0.0,0.0,0.0,42.951166016813055,optimal
2021-02-11 19:30:00,4,87,0.0,0.0,0.0,0.33226666666666665,34.9965,6.0,4,20.293773427571995,55.0,0.001333333333333333,0.0,0.0,0.0,0.0,42.734276006671,optimal
2021-02-11 20:00:00,4,87,0.0,0.0,0.0,0.3073333333333333,34.9965,6.0,4,20.147517983336535,55.0,0.001333333333333333,0.0,0.0,0.0,0.0,42.517602886539095,optimal
2021-02-11 20:30:00,4,87,0.0,0.0,0.0,0.4548666666666667,30.4815,6.0,4,20.0,55.0,0.001333333333333333,0.0,0.0,0.0,0.0,42.301146439527315,optimal
2021-02-11 21:00:00,4,87,0.0,0.0,0.0,0.6085333333333333,21.4305,6.0,4,19.856695578097113,55.0,0.0,0.0,0.0,0.0,0.0,42.25884529308779,optimal
2021-02-11 21:30:00,4,87,0.0,0.0,0.0,0.2725666666666667,14.3325,6.0,4,19.718771419121182,55.0,0.0,0.0,0.0,0.0,0.0,42.2165864477947,optimal
2021-02-11 22:00:00,4,87,0.0,0.0,0.0,0.079,13.692,6.0,4,19.574010824601704,55.0,0.0,0.0,0.0,0.0,0.0,42.174369861346904,optimal
2021-02-11 22:30:00,4,87,0.0,0.0,0.0,0.2117333333333333,14.007,6.0,4,19.4214849461865,55.0,0.0,0.0,0.0,0.0,0.0,42.132195491485554,optimal
2021-02-11 23:00:00,4,87,0.0,0.0,0.0,0.079,12.873,6.0,4,19.268379171478156,55.0,0.0,0.0,0.0,0.0,0.0,42.09006329599407,optimal
2021-02-11 23:30:00,4,87,0.0,0.0,0.0,0.079,12.684,6.0,4,19.11034809266393,55.0,0.0,0.0,0.0,0.0,0.0,42.04797323269808,optimal
2021-02-12 00:00:00,4,87,3.5714285714285716,0.0,0.0,0.40503333333333336,10.3635,6.0,0,19.11034809266393,55.0,0.0,12500.0,0.0,0.0,0.0,42.00592525946538,optimal
2021-02-12 00:30:00,4,87,3.5714285714285716,0.0,0.0,0.09583333333333331,10.8045,6.0,0,19.15767514735044,55.0,0.005333333333333333,11942.666666666666,0.0,557.3333333333334,0.0,41.96391933420591,optimal
2021-02-12 01:00:00,4,87,3.5714285714285716,0.0,0.0,0.2732333333333333,11.025,6.0,0,19.19454162811984,55.0,0.005333333333333333,12500.0,0.0,0.0,0.0,41.921955414871704,optimal
2021-02-12 01:30:00,4,87,3.5714285714285716,0.0,0.0,0.062,10.3635,6.0,0,19.243217865542622,55.0,0.005333333333333333,12500.0,0.0,0.0,0.0,41.88003345945683,optimal
2021-02-12 02:00:00,4,87,3.5714285714285716,0.0,0.0,0.14996666666666666,10.8045,6.0,0,19.288749515639545,55.0,0.005333333333333333,12500.0,0.0,0.0,0.0,41.838153425997376,optimal
2021-02-12 02:30:00,4,87,3.5714285714285716,0.0,4.250874385397436,0.06876666666666667,10.059,6.0,0,19.33605754440847,55.0,0.005333333333333333,12500.0,0.0,0.0,0.0,43.81548060563516,optimal
2021-02-12 03:00:00,4,87,3.5714285714285716,0.0,0.0,0.19183333333333327,10.584,6.0,0,19.383590745169876,55.0,0.005333333333333333,12500.0,0.0,0.0,0.0,43.771665125029514,optimal
2021-02-12 03:30:00,4,87,3.5714285714285716,0.0,5.0,0.08926666666666666,9.4185,6.0,0,19.434694107207,55.0,0.005333333333333333,12500.0,0.0,0.0,0.0,46.10289345990448,optimal
2021-02-12 04:00:00,4,87,3.5714285714285716,0.0,0.0,0.14996666666666666,10.3635,6.0,0,19.48811140489503,55.0,0.005333333333333333,12500.0,0.0,0.0,0.0,46.056790566444576,optimal
2021-02-12 04:30:00,4,87,3.5714285714285716,0.0,5.0,0.2123333333333333,9.8385,6.0,0,19.54650309251703,55.0,0.005333333333333333,12500.0,0.0,0.0,0.0,48.38573377587813,optimal
2021-02-12 05:00:00,4,87,3.5714285714285716,0.0,0.0,0.1567333333333333,11.067,6.0,0,19.609865854658825,55.0,0.005333333333333333,12500.0,0.0,0.0,0.0,48.33734804210225,optimal
2021-02-12 05:30:00,4,87,3.5714285714285716,0.0,0.0,0.15766666666666665,10.8465,6.0,0,19.67623651691097,55.0,0.005333333333333333,12500.0,0.0,0.0,0.0,48.289010694060146,optimal
2021-02-12 06:00:00,4,87,3.5714285714285716,0.0,0.0,0.11666666666666668,13.671,6.0,0,19.747138255907664,55.0,0.005333333333333333,12500.0,0.0,0.0,0.0,48.240721683366075,optimal
2021-02-12 06:30:00,4,87,3.5714285714285716,0.0,0.0,0.18406666666666663,12.348,6.0,0,19.82185621299322,55.0,0.005333333333333333,12500.0,0.0,0.0,0.0,48.192480961682705,optimal
2021-02-12 07:00:00,4,87,3.5714285714285716,0.0,0.0,0.19333333333333327,14.3325,6.0,0,19.8978339641132,55.0,0.005333333333333333,12500.0,0.0,0.0,0.0,48.144288480721016,optimal
2021-02-12 07:30:00,4,87,3.4140509002277164,0.0,0.0,0.7855333333333333,15.393,6.0,0,19.97397487215764,55.0,0.005333333333333333,11949.178150797006,0.0,0.0,0.0,48.096144192240295,optimal
2021-02-12 08:00:00,4,87,3.5714285714285716,0.0,0.0,1.3849333333333333,13.587,6.0,0,20.03607109994525,55.0,0.001333333333333333,12500.0,0.0,0.0,0.0,48.048048048048045,optimal
2021-02-12 08:30:00,4,87,0.0,0.0,0.0,1.9936333333333327,16.1385,6.0,0,20.12037124277663,55.0,0.0,0.0,0.0,0.0,0.0,48.0,optimal
2021-02-12 09:00:00,4,87,1.980977475959839,0.0,0.0,0.23803333333333332,14.595,6.0,0,20.0,55.0,0.0,6933.421165859437,0.0,0.0,0.0,47.44381942885855,optimal
2021-02-12 09:30:00,4,87,1.7638251811012033,0.0,0.0,0.335,14.637,6.0,0,20.0,55.0,0.0,6173.388133854211,0.0,0.0,0.0,46.88819503828825,optimal
2021-02-12 10:00:00,4,87,0.860114182036405,0.0,0.0,0.2401,13.9125,6.0,0,20.0,55.0,0.0,3010.3996371274175,0.0,0.0,0.0,46.33312627210852,optimal
2021-02-12 10:30:00,4,87,0.7953789595945657,0.0,0.0,0.4234,13.3665,6.0,0,20.0,55.0,0.0,2296.1596919143135,0.0,487.6666666666667,0.0,45.77861257469497,optimal
2021-02-12 11:00:00,4,87,0.07695434633392949,0.0,0.0,0.18,13.0095,6.0,0,20.0,55.0,0.0,269.3402121687532,0.0,0.0,0.0,45.22465339097883,optimal
2021-02-12 11:30:00,4,87,0.0,0.0,0.0,0.20553333333333332,13.8915,6.0,0,20.001470916176554,55.0,0.0,0.0,0.0,0.0,0.0,44.671248166446404,optimal
2021-02-12 12:00:00,4,87,0.0,0.0,0.0,0.45426666666666665,13.188,6.0,0,20.0,55.0,0.0,0.0,0.0,0.0,0.0,44.118396347138514,optimal
2021-02-12 12:30:00,4,87,0.0796190476190476,0.0,0.0,0.3313333333333333,12.5685,6.0,0,20.01691063876891,55.0,0.0,0.0,0.0,278.66666666666663,0.0,43.56609737964993,optimal
2021-02-12 13:00:00,4,87,0.0199047619047619,0.0,0.0,0.18236666666666668,12.285,6.0,0,20.032396000781663,55.0,0.0,0.0,0.0,69.66666666666666,0.0,43.014350711128834,optimal
2021-02-12 13:30:00,4,87,3.5714285714285716,0.0,0.0,0.6071333333333333,11.487,6.0,0,20.04576861568681,55.0,0.027333333333333334,9643.666666666666,0.0,2856.3333333333335,0.0,42.463155789276264,optimal
2021-02-12 14:00:00,4,87,2.326264319075766,0.0,0.0,0.3023333333333333,11.802,6.0,0,20.223489358549877,55.0,0.027333333333333334,8141.925116765181,0.0,0.0,0.0,41.91251206234554,optimal
2021-02-12 14:30:00,4,87,3.5714285714285716,0.0,0.0,0.15766666666666665,11.2245,6.0,0,20.358190484672075,55.0,0.027333333333333334,12500.0,0.0,0.0,0.0,41.36241897914175,optimal
2021-02-12 15:00:00,4,87,3.5714285714285716,0.0,0.0,0.12566666666666668,11.025,6.0,0,20.553239785076762,55.0,0.027333333333333334,12500.0,0.0,0.0,0.0,40.812875989021165,optimal
2021-02-12 15:30:00,4,87,3.5714285714285716,0.0,0.0,0.16673333333333332,11.907,6.0,0,20.730158692149164,55.0,0.027333333333333334,12500.0,0.0,0.0,0.0,40.2638825418907,optimal
2021-02-12 16:00:00,4,87,0.0,0.0,0.0,0.22693333333333332,25.83,6.0,0,20.905721668164034,55.0,0.026,0.0,0.0,0.0,0.0,39.715438088207364,optimal
2021-02-12 16:30:00,4,87,0.0,0.0,0.0,0.206,28.035,6.0,0,20.837561688192892,55.0,0.024,0.0,0.0,0.0,0.0,39.16754207897771,optimal
2021-02-12 17:00:00,4,87,0.0,0.0,0.0,0.3007333333333333,28.119,6.0,0,20.77185016510751,55.0,0.021333333333333333,0.0,0.0,0.0,0.0,38.62019396575729,optimal
2021-02-12 17:30:00,4,87,0.0,0.0,0.0,0.2573333333333333,30.156,6.0,0,20.672451952364472,55.0,0.014306666666666667,0.0,0.0,0.0,0.0,38.07339320065009,optimal
2021-02-12 18:00:00,4,87,0.0,0.0,0.0,0.13090000000000002,29.1585,6.0,0,20.571481694990464,55.0,0.01,0.0,0.0,0.0,0.0,38.03531980744944,optimal
2021-02-12 18:30:00,4,87,0.0,0.0,0.0,0.1701,26.712,6.0,0,20.45467689280843,55.0,0.005333333333333332,0.0,0.0,0.0,0.0,37.99728448764199,optimal
2021-02-12 19:00:00,4,87,0.0,0.0,0.0,0.16983333333333334,15.435,6.0,0,20.341036088183152,55.0,0.003999999999999999,0.0,0.0,0.0,0.0,37.95928720315435,optimal
2021-02-12 19:30:00,4,87,0.0,0.0,0.0,0.10806666666666666,13.566,6.0,0,20.22731848232685,55.0,0.003999999999999999,0.0,0.0,0.0,0.0,37.921327915951196,optimal
2021-02-12 20:00:00,4,87,0.0,0.0,0.0,0.29496666666666665,12.789,6.0,0,20.112812678830135,55.0,0.002666666666666666,0.0,0.0,0.0,0.0,37.88340658803524,optimal
2021-02-12 20:30:00,4,87,0.0,0.0,0.0,0.13933333333333334,12.1275,6.0,0,20.0,55.0,0.002666666666666666,0.0,0.0,0.0,0.0,37.845523181447206,optimal
2021-02-12 21:00:00,4,87,0.0,0.0,0.0,0.28286666666666666,13.671,6.0,0,19.88645111022986,55.0,0.0,0.0,0.0,0.0,0.0,37.80767765826576,optimal
2021-02-12 21:30:00,4,87,0.05971428571428571,0.0,0.0,0.11906666666666667,10.668,6.0,0,19.774974659540405,55.0,0.0,0.0,0.0,209.0,0.0,37.769869980607496,optimal
2021-02-12 22:00:00,4,87,0.0,0.0,0.0,0.09313333333333335,11.7285,6.0,0,19.65998755201074,55.0,0.0,0.0,0.0,0.0,0.0,37.73210011062689,optimal
2021-02-12 22:30:00,4,87,0.0,0.0,0.0,0.33576666666666666,11.025,6.0,0,19.54498773939391,55.0,0.0,0.0,0.0,0.0,0.0,37.694368010516264,optimal
2021-02-12 23:00:00,4,87,0.0,0.0,0.0,0.072,10.689,6.0,0,19.436947861770534,55.0,0.0,0.0,0.0,0.0,0.0,37.65667364250575,optimal
2021-02-12 23:30:00,4,87,0.0,0.0,0.0,0.14893333333333333,8.1585,6.0,0,19.316517344269318,55.0,0.0,0.0,0.0,0.0,0.0,37.61901696886324,optimal
2021-02-13 00:00:00,4,87,0.0,0.0,0.0,0.057,11.025,6.0,4,19.316517344269318,55.0,0.0,0.0,0.0,0.0,0.0,37.58139795189438,optimal
2021-02-13 00:30:00,4,87,3.5714285714285716,0.0,3.0827801558334795,0.057,8.2005,6.0,4,19.196796998980254,55.0,0.10733333333333334,1283.666666666666,0.0,11216.333333333334,0.0,39.00813712796339,optimal
2021-02-13 01:00:00,4,87,3.5714285714285716,0.0,0.0,0.057,9.5655,6.0,4,19.099150873720248,55.0,0.10733333333333334,12500.0,0.0,0.0,0.0,38.96912899083542,optimal
2021-02-13 01:30:00,4,87,3.5714285714285716,0.0,5.0,0.057,7.056,6.0,4,19.18616386854318,55.0,0.10733333333333334,12500.0,0.0,0.0,0.0,41.30515986184458,optimal
2021-02-13 02:00:00,4,87,3.5714285714285716,0.0,0.0,0.057,9.3975,6.0,4,19.272949033351132,55.0,0.10733333333333334,12500.0,0.0,0.0,0.0,41.26385470198273,optimal
2021-02-13 02:30:00,4,87,0.0,0.0,0.0,0.057,10.059,6.0,4,19.35950777053037,55.0,0.10733333333333334,0.0,0.0,0.0,0.0,41.22259084728075,optimal
2021-02-13 03:00:00,4,87,3.5714285714285716,0.0,0.0,0.057,9.261,6.0,4,19.240753882932946,55.0,0.10733333333333334,12500.0,0.0,0.0,0.0,41.18136825643346,optimal
2021-02-13 03:30:00,4,87,3.5714285714285716,0.0,5.0,0.057,8.1585,6.0,4,19.327510794338217,55.0,0.10733333333333334,12500.0,0.0,0.0,0.0,43.51518688817703,optimal
2021-02-13 04:00:00,4,87,3.5714285714285716,0.0,0.0,0.061,9.4815,6.0,4,19.41342591141359,55.0,0.10733333333333334,12500.0,0.0,0.0,0.0,43.47167170128885,optimal
2021-02-13 04:30:00,4,87,3.5714285714285716,0.0,0.0,0.06233333333333334,8.379,6.0,4,19.498504415745042,55.0,0.10733333333333334,12500.0,0.0,0.0,0.0,43.42820002958756,optimal
2021-02-13 05:00:00,4,87,3.5714285714285716,0.0,0.0,0.057,9.5235,6.0,4,19.582443686717603,55.0,0.10733333333333334,12500.0,0.0,0.0,0.0,43.38477182955796,optimal
2021-02-13 05:30:00,4,87,3.5714285714285716,0.0,5.0,0.05666666666666666,8.1375,6.0,4,19.66525073677527,55.0,0.10733333333333334,12500.0,0.0,0.0,0.0,45.716387057728404,optimal
2021-02-13 06:00:00,4,87,3.5714285714285716,0.0,0.0,0.0663,10.0905,6.0,4,19.747819914420177,55.0,0.084,12500.0,0.0,0.0,0.0,45.670670670670674,optimal
2021-02-13 06:30:00,4,87,3.5714285714285716,0.0,5.0,0.077,7.539,6.0,4,19.83290710896052,55.0,0.08133333333333333,12500.0,0.0,0.0,0.0,48.0,optimal
2021-02-13 07:00:00,4,87,3.5714285714285716,0.0,0.0,0.11876666666666667,7.938,6.0,4,19.91577629105107,55.0,0.06266666666666666,12500.0,0.0,0.0,0.0,47.74642988373445,optimal
2021-02-13 07:30:00,4,87,3.5714285714285716,0.0,0.0,0.8592000000000001,8.274,6.0,4,19.999442912589416,55.0,0.06,12500.0,0.0,0.0,0.0,47.493113337585164,optimal
2021-02-13 08:00:00,4,87,3.5714285714285716,0.0,0.0,0.066,9.261,6.0,4,20.080717656889703,55.0,0.058666666666666666,12500.0,0.0,0.0,0.0,47.24005010798203,optimal
2021-02-13 08:30:00,4,87,3.5714285714285716,0.0,0.0,0.06633333333333333,9.9225,6.0,4,20.161514117426197,55.0,0.058666666666666666,12500.0,0.0,0.0,0.0,46.9872399416085,optimal
2021-02-13 09:00:00,4,87,3.5714285714285716,0.0,0.0,0.067,9.702,6.0,4,20.24003498946845,55.0,0.058666666666666666,12500.0,0.0,0.0,0.0,46.734682585401345,optimal
2021-02-13 09:30:00,4,87,3.5714285714285716,0.0,0.0,0.067,10.584,6.0,4,20.337057649042045,55.0,0.058666666666666666,12500.0,0.0,0.0,0.0,46.482377786550394,optimal
2021-02-13 10:00:00,4,87,3.5714285714285716,0.0,0.0,0.067,10.143,6.0,4,20.435021946273654,55.0,0.058666666666666666,12500.0,0.0,0.0,0.0,46.23032529249829,optimal
2021-02-13 10:30:00,4,87,0.0,0.0,0.0,0.067,13.0095,6.0,4,20.570822500053026,55.0,0.058666666666666666,0.0,0.0,0.0,0.0,45.978524850940246,optimal
2021-02-13 11:00:00,4,87,0.0,0.0,0.0,0.067,11.025,6.0,4,20.501315095982477,55.0,0.058666666666666666,0.0,0.0,0.0,0.0,45.72697620982376,optimal
2021-02-13 11:30:00,4,87,0.0,0.0,0.0,0.067,12.789,6.0,4,20.475861187058,55.0,0.058666666666666666,0.0,0.0,0.0,0.0,45.47567911734839,optimal
2021-02-13 12:00:00,4,87,0.0,0.0,0.0,0.067,12.1275,6.0,4,20.45087172758656,55.0,0.058666666666666666,0.0,0.0,0.0,0.0,45.2246333219655,optimal
2021-02-13 12:30:00,4,87,0.0,0.0,0.0,0.067,12.1695,6.0,4,20.44399188328321,55.0,0.058666666666666666,0.0,0.0,0.0,0.0,44.973838572377986,optimal
2021-02-13 13:00:00,4,87,0.0,0.0,0.0,0.067,12.306,6.0,4,20.437769927827965,55.0,0.058666666666666666,0.0,0.0,0.0,0.0,44.72329461754006,optimal
2021-02-13 13:30:00,4,87,0.0,0.0,0.0,0.067,13.23,6.0,4,20.4402236410069,55.0,0.058666666666666666,0.0,0.0,0.0,0.0,44.473001206656974,optimal
2021-02-13 14:00:00,4,87,0.0,0.0,0.0,0.067,13.671,6.0,4,20.443277791197055,55.0,0.058666666666666666,0.0,0.0,0.0,0.0,44.22295808918477,optimal
2021-02-13 14:30:00,4,87,0.0,0.0,0.0,0.067,13.9335,6.0,4,20.41444027356034,55.0,0.058666666666666666,0.0,0.0,0.0,0.0,43.97316501483004,optimal
2021-02-13 15:00:00,4,87,0.0,0.0,0.0,0.067,13.293,6.0,4,20.386395803168625,55.0,0.058666666666666666,0.0,0.0,0.0,0.0,43.723621733549656,optimal
2021-02-13 15:30:00,4,87,0.0,0.0,0.0,0.06633333333333333,12.1065,6.0,4,20.33186527867303,55.0,0.058,0.0,0.0,0.0,0.0,43.47432799555056,optimal
2021-02-13 16:00:00,4,87,1.1147855749433269,0.0,0.0,0.0996,11.571,6.0,4,20.279523150527062,55.0,0.05466666666666667,3901.7495123016433,0.0,0.0,0.0,43.22528355128946,optimal
2021-02-13 16:30:00,4,87,3.5714285714285716,0.0,0.0,0.129,11.025,6.0,4,20.260907895400358,55.0,0.051333333333333335,12500.0,0.0,0.0,0.0,42.97648815147262,optimal
2021-02-13 17:00:00,4,87,3.5714285714285716,0.0,0.0,0.171,10.8465,6.0,4,20.385070234694012,55.0,0.048666666666666664,12500.0,0.0,0.0,0.0,42.7279415470556,optimal
2021-02-13 17:30:00,4,87,3.5714285714285716,0.0,0.0,0.16563333333333333,11.2455,6.0,4,20.481551766629703,55.0,0.04666666666666667,12500.0,0.0,0.0,0.0,42.479643489242996,optimal
2021-02-13 18:00:00,4,87,0.0,0.0,0.0,0.21309999999999998,23.8665,6.0,4,20.578600817703816,55.0,0.04666666666666667,0.0,0.0,0.0,0.0,42.43716384575375,optimal
2021-02-13 18:30:00,4,87,0.0,0.0,0.0,0.232,27.4575,6.0,4,20.461530486144472,55.0,0.019333333333333334,0.0,0.0,0.0,0.0,42.394726681908,optimal
2021-02-13 19:00:00,4,87,0.0,0.0,0.0,0.2216,27.3735,6.0,4,20.34659151196915,55.0,0.017333333333333333,0.0,0.0,0.0,0.0,42.35233195522609,optimal
2021-02-13 19:30:00,4,87,0.0,0.0,0.0,0.12240000000000001,30.4605,6.0,4,20.230156275454174,55.0,0.016666666666666666,0.0,0.0,0.0,0.0,42.30997962327086,optimal
2021-02-13 20:00:00,4,87,0.0,0.0,0.0,0.5158666666666667,30.0195,6.0,4,20.113103563844263,55.0,0.016666666666666666,0.0,0.0,0.0,0.0,42.267669643647594,optimal
2021-02-13 20:30:00,4,87,0.0,0.0,0.0,1.0731666666666668,26.9325,6.0,4,20.0,55.0,0.016666666666666666,0.0,0.0,0.0,0.0,42.225401974003944,optimal
2021-02-13 21:00:00,4,87,0.0,0.0,0.0,0.2157666666666667,14.595,6.0,4,19.898699782778422,55.0,0.016666666666666666,0.0,0.0,0.0,0.0,42.18317657202994,optimal
2021-02-13 21:30:00,4,87,0.0,0.0,0.0,0.22933333333333328,12.4845,6.0,4,19.791697652003872,55.0,0.016666666666666666,0.0,0.0,0.0,0.0,42.14099339545791,optimal
2021-02-13 22:00:00,4,87,0.0,0.0,0.0,0.23383333333333328,12.1275,6.0,4,19.68448502274595,55.0,0.016666666666666666,0.0,0.0,0.0,0.0,42.098852402062455,optimal
2021-02-13 22:30:00,4,87,0.0,0.0,0.0,0.2673666666666667,12.1275,6.0,4,19.576701686065018,55.0,0.013333333333333334,0.0,0.0,0.0,0.0,42.05675354966039,optimal
2021-02-13 23:00:00,4,87,0.0,0.0,0.0,0.18346666666666667,12.789,6.0,4,19.474881282807722,55.0,0.004666666666666667,0.0,0.0,0.0,0.0,42.014696796110734,optimal
2021-02-13 23:30:00,4,87,0.0,0.0,0.0,0.08833333333333333,11.907,6.0,4,19.36861268994601,55.0,0.0,0.0,0.0,0.0,0.0,41.972682099314625,optimal
2021-02-07 00:00:00,5,87,0.2600697669686239,0.0,0.0,0.06,6.678,6.0,3,21.0,55.0,0.12,910.2441843901835,0.0,0.0,0.0,47.952,optimal
2021-02-07 00:30:00,5,87,0.0,0.0,0.0,0.06,7.938,6.0,3,20.905166520311283,55.0,0.12,0.0,0.0,0.0,0.0,47.904047999999996,optimal
2021-02-07 01:00:00,5,87,3.7142857142857144,0.0,0.0,0.19933333333333328,5.292,6.0,3,20.795389267329583,55.0,0.12,13000.0,0.0,0.0,0.0,47.856143952,optimal
2021-02-07 01:30:00,5,87,0.0,0.0,0.0,0.06,9.261,6.0,3,20.900925823130613,55.0,0.12,0.0,0.0,0.0,0.0,47.80828780804799,optimal
2021-02-07 02:00:00,5,87,0.0,0.0,0.0,0.06,10.3635,6.0,3,20.79025136244378,55.0,0.12,0.0,0.0,0.0,0.0,47.76047952023995,optimal
2021-02-07 02:30:00,5,87,0.0,0.0,0.0,0.19933333333333328,8.274,6.0,3,20.6799503777038,55.0,0.12,0.0,0.0,0.0,0.0,47.712719040719705,optimal
2021-02-07 03:00:00,5,87,0.0,0.0,0.0,0.06,7.7175,6.0,3,20.57199541210861,55.0,0.12,0.0,0.0,0.0,0.0,47.66500632167899,optimal
2021-02-07 03:30:00,5,87,3.7142857142857144,0.0,0.0,0.12966666666666665,6.615,6.0,3,20.46180680015711,55.0,0.12,13000.0,0.0,0.0,0.0,47.61734131535731,optimal
2021-02-07 04:00:00,5,87,3.7142857142857144,0.0,0.0,0.12966666666666665,6.174,6.0,3,20.566100993175926,55.0,0.12,13000.0,0.0,0.0,0.0,47.56972397404195,optimal
2021-02-07 04:30:00,5,87,3.7142857142857144,0.0,0.0,0.06,3.906,6.0,3,20.669445442774208,55.0,0.12,13000.0,0.0,0.0,0.0,47.522154250067906,optimal
2021-02-07 05:00:00,5,87,3.7142857142857144,0.0,1.1060376930150764,0.9442999999999999,2.3415,6.0,3,20.771012459114484,55.0,0.12,13000.0,0.0,0.0,0.0,48.0,optimal
2021-02-07 05:30:00,5,87,3.7142857142857144,0.0,0.0,0.8834,2.205,6.0,3,20.887756738416172,55.0,0.08513333333333334,13000.0,0.0,0.0,0.0,47.7719835223761,optimal
2021-02-07 06:00:00,5,87,3.7142857142857144,0.0,0.0,0.1616,0.882,6.0,3,21.004705829737166,55.0,0.040666666666666657,13000.0,0.0,0.0,0.0,47.54419506122982,optimal
2021-02-07 06:30:00,5,87,3.7142857142857144,0.0,0.0,1.1749666666666667,1.5435,6.0,3,21.109234752075746,55.0,0.03799999999999999,13000.0,0.0,0.0,0.0,47.31663438854469,optimal
2021-02-07 07:00:00,5,87,3.7142857142857144,0.0,0.0,0.184,1.5435,6.0,3,21.218334824517477,55.0,0.03533333333333332,13000.0,0.0,0.0,0.0,47.08930127653225,optimal
2021-02-07 07:30:00,5,87,3.7142857142857144,0.0,0.0,0.18619999999999998,5.0715,6.0,3,21.325565625602717,55.0,0.03466666666666666,13000.0,0.0,0.0,0.0,46.86219549763182,optimal
2021-02-07 08:00:00,5,87,3.7142857142857144,0.0,0.0,0.31543333333333334,5.376,6.0,3,21.429432301319903,55.0,0.02799999999999999,13000.0,0.0,0.0,0.0,46.635316824510284,optimal
2021-02-07 08:30:00,5,87,3.7142857142857144,0.0,0.0,3.2412666666666667,5.0715,6.0,3,21.532370868950917,55.0,0.025333333333333322,13000.0,0.0,0.0,0.0,46.40866503006187,optimal
2021-02-07 09:00:00,5,87,3.7142857142857144,0.0,0.0,0.9823666666666668,5.5125,6.0,3,21.649120321253978,55.0,0.021999999999999992,13000.0,0.0,0.0,0.0,46.1822398874079,optimal
2021-02-07 09:30:00,5,87,0.0,0.0,0.0,0.142,9.261,6.0,3,21.76434488862567,55.0,0.021999999999999992,0.0,0.0,0.0,0.0,45.956041169896594,optimal
2021-02-07 10:00:00,5,87,0.0,0.0,0.0,0.30493333333333333,11.7075,6.0,3,21.6533489091083,55.0,0.021999999999999992,0.0,0.0,0.0,0.0,45.7300686511028,optimal
2021-02-07 10:30:00,5,87,0.0,0.0,0.0,0.2409,12.348,6.0,3,21.56094533827194,55.0,0.021999999999999992,0.0,0.0,0.0,0.0,45.50432210482779,optimal
2021-02-07 11:00:00,5,87,0.0,0.0,0.0,0.07,12.348,6.0,3,21.466459114656605,55.0,0.021999999999999992,0.0,0.0,0.0,0.0,45.278801305099066,optimal
2021-02-07 11:30:00,5,87,0.0,0.0,0.0,0.07,12.1275,6.0,3,21.391834666432665,55.0,0.021999999999999992,0.0,0.0,0.0,0.0,45.05350602617006,optimal
2021-02-07 12:00:00,5,87,0.0,0.0,0.0,0.44,12.5265,6.0,3,21.317669561994283,55.0,0.021999999999999992,0.0,0.0,0.0,0.0,44.82843604251999,optimal
2021-02-07 12:30:00,5,87,0.0,0.0,0.0,0.07,11.7495,6.0,3,21.26586272038325,55.0,0.021999999999999992,0.0,0.0,0.0,0.0,44.603591128853566,optimal
2021-02-07 13:00:00,5,87,0.0,0.0,0.0,0.07,13.23,6.0,3,21.206511225811433,55.0,0.021999999999999992,0.0,0.0,0.0,0.0,44.37897106010081,optimal
2021-02-07 13:30:00,5,87,0.0,0.0,0.0,0.108,14.3325,6.0,3,21.134690136818147,55.0,0.021999999999999992,0.0,0.0,0.0,0.0,44.15457561141681,optimal
2021-02-07 14:00:00,5,87,0.0,0.0,0.0,0.17133333333333334,14.994,6.0,3,21.06424143675663,55.0,0.021999999999999992,0.0,0.0,0.0,0.0,43.93040455818149,optimal
2021-02-07 14:30:00,5,87,0.0,0.0,0.0,0.07,14.8155,6.0,3,21.000785887535496,55.0,0.021999999999999992,0.0,0.0,0.0,0.0,43.70645767599941,optimal
2021-02-07 15:00:00,5,87,0.0,0.0,0.0,0.2093333333333333,14.112,6.0,3,20.936368621551143,55.0,0.021999999999999992,0.0,0.0,0.0,0.0,43.482734740699506,optimal
2021-02-07 15:30:00,5,87,0.0,0.0,0.0,0.07,14.007,6.0,3,20.887372088213347,55.0,0.021999999999999992,0.0,0.0,0.0,0.0,43.259235528334905,optimal
2021-02-07 16:00:00,5,87,0.0,0.0,0.0,0.146,13.23,6.0,3,20.835471225118116,55.0,0.021999999999999992,0.0,0.0,0.0,0.0,43.03595981518267,optimal
2021-02-07 16:30:00,5,87,0.0,0.0,0.0,0.18066666666666664,11.382,6.0,3,20.755734089079223,55.0,0.021999999999999992,0.0,0.0,0.0,0.0,42.812907377743585,optimal
2021-02-07 17:00:00,5,87,0.0,0.0,0.0,0.13986666666666667,11.7495,6.0,3,20.678220805353295,55.0,0.021999999999999992,0.0,0.0,0.0,0.0,42.77009447036584,optimal
2021-02-07 17:30:00,5,87,0.0,0.0,0.0,0.8177000000000001,24.3285,6.0,3,20.575925558825237,55.0,0.014666666666666656,0.0,0.0,0.0,0.0,42.72732437589548,optimal
2021-02-07 18:00:00,5,87,0.0,0.0,0.0,2.0202,28.917,6.0,3,20.486458086781123,55.0,0.014666666666666656,0.0,0.0,0.0,0.0,42.68459705151958,optimal
2021-02-07 18:30:00,5,87,0.0,0.0,0.0,0.12113333333333334,31.3635,6.0,3,20.40165735530703,55.0,0.00999999999999999,0.0,0.0,0.0,0.0,42.64191245446806,optimal
2021-02-07 19:00:00,5,87,0.0,0.0,0.0,0.2668666666666667,33.306,6.0,3,20.295328789308023,55.0,0.009333333333333324,0.0,0.0,0.0,0.0,42.59927054201359,optimal
2021-02-07 19:30:00,5,87,0.0,0.0,0.0,0.22066666666666662,31.3425,6.0,3,20.19556253461533,55.0,0.00799999999999999,0.0,0.0,0.0,0.0,42.55667127147158,optimal
2021-02-07 20:00:00,5,87,0.0,0.0,0.0,0.20476666666666668,28.2555,6.0,3,20.09736984345713,55.0,0.00799999999999999,0.0,0.0,0.0,0.0,42.51411460020011,optimal
2021-02-07 20:30:00,5,87,0.0,0.0,0.0,0.2542,15.6975,6.0,3,20.0,55.0,0.00799999999999999,0.0,0.0,0.0,0.0,42.47160048559991,optimal
2021-02-07 21:00:00,5,87,0.0,0.0,0.0,0.10666666666666669,12.5475,6.0,3,19.903966605836157,55.0,0.00799999999999999,0.0,0.0,0.0,0.0,42.42912888511431,optimal
2021-02-07 21:30:00,5,87,0.0,0.0,0.0,0.19340000000000002,12.0855,6.0,3,19.805323655147262,55.0,0.00799999999999999,0.0,0.0,0.0,0.0,42.3866997562292,optimal
2021-02-07 22:00:00,5,87,0.0,0.0,0.0,0.4011,11.907,6.0,3,19.708178001501263,55.0,0.0033333333333333236,0.0,0.0,0.0,0.0,42.34431305647297,optimal
2021-02-07 22:30:00,5,87,0.0,0.0,0.0,1.1974666666666667,12.5685,6.0,3,19.613709243545276,55.0,0.0033333333333333236,0.0,0.0,0.0,0.0,42.301968743416495,optimal
2021-02-07 23:00:00,5,87,0.0,0.0,0.0,0.15866666666666665,13.146,6.0,3,19.533402430782886,55.0,0.0033333333333333236,0.0,0.0,0.0,0.0,42.25966677467308,optimal
2021-02-07 23:30:00,5,87,0.0,0.0,0.0,0.12066666666666669,10.584,6.0,3,19.427366108281795,55.0,0.0033333333333333236,0.0,0.0,0.0,0.0,42.2174071078984,optimal
2021-02-08 00:00:00,5,87,3.7142857142857144,0.0,0.0,0.061,5.9745,6.0,0,19.427366108281795,55.0,0.0033333333333333236,13000.0,0.0,0.0,0.0,42.175189700790504,optimal
2021-02-08 00:30:00,5,87,3.7142857142857144,0.0,0.0,0.061,7.938,6.0,0,19.531042038329463,55.0,0.10533333333333333,2341.0,0.0,10659.0,0.0,42.13301451108971,optimal
2021-02-08 01:00:00,5,87,3.7142857142857144,0.0,0.0,0.13219999999999998,8.6835,6.0,0,19.459459952304016,55.0,0.10533333333333333,13000.0,0.0,0.0,0.0,42.090881496578625,optimal
2021-02-08 01:30:00,5,87,3.7142857142857144,0.0,0.0,0.12033333333333332,7.665,6.0,0,19.564104757565776,55.0,0.10533333333333333,13000.0,0.0,0.0,0.0,42.04879061508205,optimal
2021-02-08 02:00:00,5,87,3.7142857142857144,0.0,0.0,0.061,6.7725,6.0,0,19.667603256936573,55.0,0.10533333333333333,13000.0,0.0,0.0,0.0,42.006741824466964,optimal
2021-02-08 02:30:00,5,87,3.7142857142857144,0.0,0.0,0.19153333333333333,5.5755,6.0,0,19.76918488915597,55.0,0.10533333333333333,13000.0,0.0,0.0,0.0,41.9647350826425,optimal
2021-02-08 03:00:00,5,87,3.7142857142857144,0.0,5.0,0.061,5.0925,6.0,0,19.872587462887083,55.0,0.10533333333333333,13000.0,0.0,0.0,0.0,44.297770347559855,optimal
2021-02-08 03:30:00,5,87,3.7142857142857144,0.0,5.0,0.12033333333333332,4.1895,6.0,0,19.9735228746823,55.0,0.10533333333333333,13000.0,0.0,0.0,0.0,46.62847257721229,optimal
2021-02-08 04:00:00,5,87,3.7142857142857144,0.0,0.0,0.13219999999999998,7.056,6.0,0,20.074501239267928,55.0,0.10533333333333333,13000.0,0.0,0.0,0.0,46.58184410463508,optimal
2021-02-08 04:30:00,5,87,3.7142857142857144,0.0,3.7938648033090625,0.06693333333333333,5.271,6.0,0,20.174744675013354,55.0,0.10533333333333333,13000.0,0.0,0.0,0.0,48.33734804210225,optimal
2021-02-08 05:00:00,5,87,3.7142857142857144,0.0,0.0,0.1856,7.938,6.0,0,20.272686307384934,55.0,0.10533333333333333,13000.0,0.0,0.0,0.0,48.289010694060146,optimal
2021-02-08 05:30:00,5,87,3.7142857142857144,0.0,0.0,0.061,7.938,6.0,0,20.37135357171737,55.0,0.10533333333333333,13000.0,0.0,0.0,0.0,48.240721683366075,optimal
2021-02-08 06:00:00,5,87,3.3030454573040475,0.0,0.0,0.10253333333333332,11.907,6.0,0,20.467064483408876,55.0,0.10533333333333333,11560.659100564166,0.0,0.0,0.0,48.192480961682705,optimal
2021-02-08 06:30:00,5,87,3.7142857142857144,0.0,0.0,0.15,11.025,6.0,0,20.538979062653183,55.0,0.10533333333333333,13000.0,0.0,0.0,0.0,48.144288480721016,optimal
2021-02-08 07:00:00,5,87,3.7142857142857144,0.0,0.0,0.06833333333333333,11.2875,6.0,0,20.634500663081614,55.0,0.10533333333333333,13000.0,0.0,0.0,0.0,48.096144192240295,optimal
2021-02-08 07:30:00,5,87,0.0,0.0,0.0,0.19086666666666668,12.936,6.0,0,20.729087747313635,55.0,0.10533333333333333,0.0,0.0,0.0,0.0,48.048048048048045,optimal
2021-02-08 08:00:00,5,87,0.0,0.0,0.0,0.3453,13.0095,6.0,0,20.61473280068037,55.0,0.10466666666666667,0.0,0.0,0.0,0.0,48.0,optimal
2021-02-08 08:30:00,5,87,0.0,0.0,0.0,0.059,13.671,6.0,0,20.50483752214646,55.0,0.10466666666666667,0.0,0.0,0.0,0.0,47.74187305329424,optimal
2021-02-08 09:00:00,5,87,0.0,0.0,0.0,0.18953333333333333,13.188,6.0,0,20.38733892698513,55.0,0.10466666666666667,0.0,0.0,0.0,0.0,47.48400423353519,optimal
2021-02-08 09:30:00,5,87,0.0,0.0,0.0,0.059,13.8495,6.0,0,20.295894268139833,55.0,0.10466666666666667,0.0,0.0,0.0,0.0,47.22639328259589,optimal
2021-02-08 10:00:00,5,87,0.0,0.0,0.0,1.4136666666666668,13.23,6.0,0,20.20073930649864,55.0,0.10266666666666667,0.0,0.0,0.0,0.0,46.969039942607544,optimal
2021-02-08 10:30:00,5,87,0.0,0.0,0.0,0.6369333333333332,13.3665,6.0,0,20.156154211316455,55.0,0.10066666666666667,0.0,0.0,0.0,0.0,46.71194395595918,optimal
2021-02-08 11:00:00,5,87,0.0,0.0,0.0,0.09659999999999999,13.0515,6.0,0,20.105263406819503,55.0,0.10066666666666667,0.0,0.0,0.0,0.0,46.45510506529746,optimal
2021-02-08 11:30:00,5,87,0.0,0.0,0.0,0.11120000000000001,13.5345,6.0,0,20.07599225669772,55.0,0.10066666666666667,0.0,0.0,0.0,0.0,46.198523013526405,optimal
2021-02-08 12:00:00,5,87,0.0,0.0,0.0,0.15133333333333335,14.154,6.0,0,20.047614025159834,55.0,0.10066666666666667,0.0,0.0,0.0,0.0,45.94219754380712,optimal
2021-02-08 12:30:00,5,87,0.0,0.0,0.0,0.06966666666666667,14.112,6.0,0,20.03243528358394,55.0,0.10066666666666667,0.0,0.0,0.0,0.0,45.68612839955755,optimal
2021-02-08 13:00:00,5,87,0.0,0.0,0.0,0.12440000000000001,14.2485,6.0,0,20.017123022228954,55.0,0.10066666666666667,0.0,0.0,0.0,0.0,45.43031532445224,optimal
2021-02-08 13:30:00,5,87,1.7618830226366844,0.0,0.0,0.15146666666666667,12.789,6.0,0,20.0,55.0,0.10066666666666667,6166.590579228396,0.0,0.0,0.0,45.17475806242203,optimal
2021-02-08 14:00:00,5,87,0.0,0.0,0.0,0.1066,13.0095,6.0,0,20.086195183720655,55.0,0.09933333333333333,0.0,0.0,0.0,0.0,44.91945635765385,optimal
2021-02-08 14:30:00,5,87,3.7142857142857144,0.0,0.0,0.12663333333333335,12.1275,6.0,0,20.07546173073753,55.0,0.09933333333333333,13000.0,0.0,0.0,0.0,44.66440995459044,optimal
2021-02-08 15:00:00,5,87,3.7142857142857144,0.0,0.0,0.1512,12.348,6.0,0,20.28276209711126,55.0,0.09933333333333333,13000.0,0.0,0.0,0.0,44.40961859793009,optimal
2021-02-08 15:30:00,5,87,3.7142857142857144,0.0,0.0,0.0768,12.348,6.0,0,20.457630509289416,55.0,0.09866666666666667,13000.0,0.0,0.0,0.0,44.1550820326264,optimal
2021-02-08 16:00:00,5,87,0.0,0.0,0.0,0.4242666666666666,25.389,6.0,0,20.628309117475865,55.0,0.096,0.0,0.0,0.0,0.0,43.90080000388802,optimal
2021-02-08 16:30:00,5,87,0.0,0.0,0.0,0.18653333333333333,29.1375,6.0,0,20.561187979449237,55.0,0.096,0.0,0.0,0.0,0.0,43.64677225717838,optimal
2021-02-08 17:00:00,5,87,0.0,0.0,0.0,0.2884,30.597,6.0,0,20.493514094165423,55.0,0.09533333333333334,0.0,0.0,0.0,0.0,43.392998538215444,optimal
2021-02-08 17:30:00,5,87,0.0,0.0,0.0,0.4482333333333334,33.684,6.0,0,20.396957297203198,55.0,0.09466666666666666,0.0,0.0,0.0,0.0,43.13947859297147,optimal
2021-02-08 18:00:00,5,87,0.0,0.0,0.0,0.2823333333333333,32.445,6.0,0,20.303613625942763,55.0,0.07466666666666667,0.0,0.0,0.0,0.0,42.886212167672745,optimal
2021-02-08 18:30:00,5,87,0.0,0.0,0.0,0.3111333333333333,28.917,6.0,0,20.202802294247437,55.0,0.05933333333333334,0.0,0.0,0.0,0.0,42.633199008799316,optimal
2021-02-08 19:00:00,5,87,0.0,0.0,0.0,0.2368,15.876,6.0,0,20.10110519137601,55.0,0.05666666666666668,0.0,0.0,0.0,0.0,42.38043886308476,optimal
2021-02-08 19:30:00,5,87,1.5730811397018594,0.0,0.0,0.8007333333333333,12.348,6.0,0,20.0,55.0,0.0,5505.783988956508,0.0,0.0,0.0,42.12793147751592,optimal
2021-02-08 20:00:00,5,87,1.480955419546103,0.0,0.0,1.1725,12.1275,6.0,0,20.0,55.0,0.0,5183.343968411361,0.0,0.0,0.0,41.87567659933265,optimal
2021-02-08 20:30:00,5,87,0.0,0.0,0.0,0.1487,12.348,6.0,0,20.0,55.0,0.0,0.0,0.0,0.0,0.0,41.62367397602756,optimal
2021-02-08 21:00:00,5,87,0.0,0.0,0.0,0.08286666666666666,12.1275,6.0,0,19.886560979522333,55.0,0.0,0.0,0.0,0.0,0.0,41.37192335534578,optimal
2021-02-08 21:30:00,5,87,0.0,0.0,0.0,0.18966666666666662,12.1275,6.0,0,19.76572612262545,55.0,0.0,0.0,0.0,0.0,0.0,41.12042448528467,optimal
2021-02-08 22:00:00,5,87,0.0,0.0,0.0,0.071,11.2665,6.0,0,19.648308003052335,55.0,0.0,0.0,0.0,0.0,0.0,40.86917711409363,optimal
2021-02-08 22:30:00,5,87,0.059714285714285706,0.0,0.0,0.275,10.143,6.0,0,19.53059190751312,55.0,0.0019999999999999996,0.0,0.0,208.99999999999997,0.0,40.61818099027378,optimal
2021-02-08 23:00:00,5,87,0.0,0.0,0.0,0.4172,11.2455,6.0,0,19.41966974869616,55.0,0.001333333333333333,0.0,0.0,0.0,0.0,40.577562809283506,optimal
2021-02-08 23:30:00,5,87,0.0,0.0,0.0,0.5655666666666668,11.025,6.0,0,19.315353903929484,55.0,0.0,0.0,0.0,0.0,0.0,40.536985246474224,optimal
2021-02-09 00:00:00,5,87,3.7142857142857144,0.0,0.0,0.056,11.6865,6.0,3,19.315353903929484,55.0,0.0,13000.0,0.0,0.0,0.0,40.49644826122775,optimal
2021-02-09 00:30:00,5,87,3.7142857142857144,0.0,0.0,0.056,11.466,6.0,3,19.41411064305486,55.0,0.07733333333333335,4918.666666666664,0.0,8081.333333333336,0.0,40.45595181296652,optimal
2021-02-09 01:00:00,5,87,3.7142857142857144,0.0,2.399900239832885,0.09406666666666666,10.8045,6.0,3,19.38017574543568,55.0,0.07733333333333335,13000.0,0.0,0.0,0.0,41.555448475074165,optimal
2021-02-09 01:30:00,5,87,3.7142857142857144,0.0,5.0,0.22866666666666663,10.584,6.0,3,19.479772643226912,55.0,0.07733333333333335,13000.0,0.0,0.0,0.0,43.888893026599085,optimal
2021-02-09 02:00:00,5,87,3.7142857142857144,0.0,0.0,0.056,11.2455,6.0,3,19.580346010159424,55.0,0.07733333333333335,13000.0,0.0,0.0,0.0,43.84500413357248,optimal
2021-02-09 02:30:00,5,87,3.7142857142857144,0.0,0.0,0.056,12.1275,6.0,3,19.676856074639083,55.0,0.07733333333333335,13000.0,0.0,0.0,0.0,43.8011591294389,optimal
2021-02-09 03:00:00,5,87,3.7142857142857144,0.0,0.0,0.19540000000000002,11.823,6.0,3,19.773079850783038,55.0,0.07733333333333335,13000.0,0.0,0.0,0.0,43.75735797030946,optimal
2021-02-09 03:30:00,5,87,3.7142857142857144,0.0,0.0,0.12733333333333333,11.7705,6.0,3,19.87130280537155,55.0,0.07733333333333335,13000.0,0.0,0.0,0.0,43.71360061233915,optimal
2021-02-09 04:00:00,5,87,3.7142857142857144,0.0,0.0,0.07583333333333332,11.13,6.0,3,19.968421604013184,55.0,0.07733333333333335,13000.0,0.0,0.0,0.0,43.6698870117268,optimal
2021-02-09 04:30:00,5,87,3.7142857142857144,0.0,0.0,0.2469,11.6865,6.0,3,20.06471444475845,55.0,0.07733333333333335,13000.0,0.0,0.0,0.0,43.626217124715076,optimal
2021-02-09 05:00:00,5,87,3.7142857142857144,0.0,5.0,0.0752,10.7205,6.0,3,20.16260150345459,55.0,0.07733333333333335,13000.0,0.0,0.0,0.0,45.95759090759036,optimal
2021-02-09 05:30:00,5,87,3.7142857142857144,0.0,0.0,0.12153333333333331,11.424,6.0,3,20.25640302337,55.0,0.07733333333333335,13000.0,0.0,0.0,0.0,45.91163331668277,optimal
2021-02-09 06:00:00,5,87,3.7142857142857144,0.0,5.0,0.164,10.689,6.0,3,20.350276991466025,55.0,0.07733333333333335,13000.0,0.0,0.0,0.0,48.240721683366075,optimal
2021-02-09 06:30:00,5,87,3.7142857142857144,0.0,0.0,0.094,11.361,6.0,3,20.444323440426658,55.0,0.07733333333333335,13000.0,0.0,0.0,0.0,48.192480961682705,optimal
2021-02-09 07:00:00,5,87,3.7142857142857144,0.0,0.0,0.1307333333333333,11.571,6.0,3,20.53644567390227,55.0,0.07733333333333335,13000.0,0.0,0.0,0.0,48.144288480721016,optimal
2021-02-09 07:30:00,5,87,0.0,0.0,0.0,0.065,14.3745,6.0,3,20.628240258992296,55.0,0.07600000000000003,0.0,0.0,0.0,0.0,48.096144192240295,optimal
2021-02-09 08:00:00,5,87,1.191239183623237,0.0,0.0,0.21873333333333328,13.23,6.0,3,20.506821421717273,55.0,0.07466666666666669,4169.33714268133,0.0,0.0,0.0,48.048048048048045,optimal
2021-02-09 08:30:00,5,87,0.0,0.0,0.0,0.122,13.9755,6.0,3,20.45911678880569,55.0,0.07333333333333335,0.0,0.0,0.0,0.0,48.0,optimal
2021-02-09 09:00:00,5,87,0.0,0.0,0.0,1.4034,14.994,6.0,3,20.341965263543337,55.0,0.07066666666666668,0.0,0.0,0.0,0.0,47.674168062215685,optimal
2021-02-09 09:30:00,5,87,0.0,0.0,0.0,0.7336,13.671,6.0,3,20.247158305142403,55.0,0.06466666666666669,0.0,0.0,0.0,0.0,47.348661956369156,optimal
2021-02-09 10:00:00,5,87,0.0,0.0,0.0,0.14463333333333334,15.981,6.0,3,20.154536681853333,55.0,0.06466666666666669,0.0,0.0,0.0,0.0,47.02348135662847,optimal
2021-02-09 10:30:00,5,87,0.0,0.0,0.0,0.101,15.6345,6.0,3,20.100454995999304,55.0,0.06466666666666669,0.0,0.0,0.0,0.0,46.698625937487535,optimal
2021-02-09 11:00:00,5,87,0.0,0.0,0.0,0.132,16.5375,6.0,3,20.045268923023766,55.0,0.06466666666666669,0.0,0.0,0.0,0.0,46.37409537376573,optimal
2021-02-09 11:30:00,5,87,0.0,0.0,0.0,0.17883333333333334,14.7735,6.0,3,20.022071072897717,55.0,0.06466666666666669,0.0,0.0,0.0,0.0,46.049889340607656,optimal
2021-02-09 12:00:00,5,87,0.0,0.0,0.0,0.0679,15.2145,6.0,3,20.000091026994394,55.0,0.06466666666666669,0.0,0.0,0.0,0.0,45.726007513482735,optimal
2021-02-09 12:30:00,5,87,0.0,0.0,0.0,1.1739666666666666,14.553,6.0,3,20.0,55.0,0.06466666666666669,0.0,0.0,0.0,0.0,45.40244956818494,optimal
2021-02-09 13:00:00,5,87,0.0,0.0,0.0,0.8042,14.3325,6.0,3,20.00912375162549,55.0,0.06466666666666669,0.0,0.0,0.0,0.0,45.07921518083244,optimal
2021-02-09 13:30:00,5,87,0.0,0.0,0.0,1.4740666666666666,14.595,6.0,3,20.020588795329022,55.0,0.06466666666666669,0.0,0.0,0.0,0.0,44.756304027867294,optimal
2021-02-09 14:00:00,5,87,0.0,0.0,0.0,0.8736333333333334,14.994,6.0,3,20.03088379063576,55.0,0.06466666666666669,0.0,0.0,0.0,0.0,44.43371578605512,optimal
2021-02-09 14:30:00,5,87,0.0,0.0,0.0,0.18830000000000002,14.3325,6.0,3,20.03586574768781,55.0,0.06333333333333335,0.0,0.0,0.0,0.0,44.11145013248475,optimal
2021-02-09 15:00:00,5,87,0.0,0.0,0.0,0.17103333333333334,13.8915,6.0,3,20.038708407418447,55.0,0.06333333333333335,0.0,0.0,0.0,0.0,43.78950674456795,optimal
2021-02-09 15:30:00,5,87,3.496093788022642,0.0,0.0,0.24986666666666668,13.8915,6.0,3,20.014588577118065,55.0,0.06333333333333335,12236.328258079247,0.0,0.0,0.0,43.46788530003907,optimal
2021-02-09 16:00:00,5,87,3.7142857142857144,0.0,0.0,2.1386,13.4715,6.0,3,20.192087163639478,55.0,0.06266666666666669,13000.0,0.0,0.0,0.0,43.14658547695472,optimal
2021-02-09 16:30:00,5,87,3.7142857142857144,0.0,0.0,0.49726666666666663,13.23,6.0,3,20.349924185827533,55.0,0.058666666666666686,13000.0,0.0,0.0,0.0,42.82560695369345,optimal
2021-02-09 17:00:00,5,87,3.7142857142857144,0.0,0.0,2.2059,13.8915,6.0,3,20.506099849615417,55.0,0.058666666666666686,13000.0,0.0,0.0,0.0,42.50494940895545,optimal
2021-02-09 17:30:00,5,87,0.0,0.0,0.0,1.1878,26.9325,6.0,3,20.623656529406567,55.0,0.058666666666666686,0.0,0.0,0.0,0.0,42.184612521762176,optimal
2021-02-09 18:00:00,5,87,0.0,0.0,0.0,3.5975333333333332,30.303,6.0,3,20.53007440288074,55.0,0.057333333333333354,0.0,0.0,0.0,0.0,41.8645959714561,optimal
2021-02-09 18:30:00,5,87,0.0,0.0,0.0,1.7521666666666667,32.886,6.0,3,20.434199321105762,55.0,0.057333333333333354,0.0,0.0,0.0,0.0,41.54489943770033,optimal
2021-02-09 19:00:00,5,87,0.0,0.0,0.0,1.4931333333333334,34.9965,6.0,3,20.325003614159037,55.0,0.05400000000000002,0.0,0.0,0.0,0.0,41.225522600478314,optimal
2021-02-09 19:30:00,5,87,0.0,0.0,0.0,0.5712,33.327,6.0,3,20.2156195389132,55.0,0.05400000000000002,0.0,0.0,0.0,0.0,40.90646514009352,optimal
2021-02-09 20:00:00,5,87,0.0,0.0,0.0,0.3182333333333333,31.122,6.0,3,20.109720421314698,55.0,0.05400000000000002,0.0,0.0,0.0,0.0,40.58772673716911,optimal
2021-02-09 20:30:00,5,87,0.0,0.0,0.0,0.1643,17.9025,6.0,3,20.0,55.0,0.05400000000000002,0.0,0.0,0.0,0.0,40.26930707264763,optimal
2021-02-09 21:00:00,5,87,0.0,0.0,0.0,2.2365333333333335,15.6555,6.0,3,19.890502580387235,55.0,0.05400000000000002,0.0,0.0,0.0,0.0,39.951205827790666,optimal
2021-02-09 21:30:00,5,87,0.0,0.0,0.0,0.4296666666666667,14.553,6.0,3,19.789147891702815,55.0,0.0,0.0,0.0,0.0,0.0,39.63342268417856,optimal
2021-02-09 22:00:00,5,87,0.0,0.0,0.0,0.3498,14.3325,6.0,3,19.682148745126128,55.0,0.0,0.0,0.0,0.0,0.0,39.31595732371007,optimal
2021-02-09 22:30:00,5,87,0.0,0.0,0.0,0.20633333333333329,13.335,6.0,3,19.574055743799573,55.0,0.0,0.0,0.0,0.0,0.0,38.99880942860205,optimal
2021-02-09 23:00:00,5,87,0.0,0.0,0.0,0.1009,12.1275,6.0,3,19.463408741471525,55.0,0.0,0.0,0.0,0.0,0.0,38.959810619173446,optimal
2021-02-09 23:30:00,5,87,0.0,0.0,0.0,0.11633333333333332,12.2955,6.0,3,19.354901176237316,55.0,0.0,0.0,0.0,0.0,0.0,38.92085080855427,optimal
2021-02-10 00:00:00,5,87,3.7142857142857144,0.0,0.0,1.0959666666666668,11.907,6.0,2,19.354901176237316,55.0,0.0,13000.0,0.0,0.0,0.0,38.88192995774572,optimal
2021-02-10 00:30:00,5,87,3.7142857142857144,0.0,0.0,0.1103,11.7075,6.0,2,19.458749956255012,55.0,0.04466666666666667,8332.333333333332,0.0,4667.666666666667,0.0,38.84304802778797,optimal
2021-02-10 01:00:00,5,87,3.7142857142857144,0.0,5.0,0.071,10.8045,6.0,2,19.479939398489112,55.0,0.04466666666666667,13000.0,0.0,0.0,0.0,41.179204979760186,optimal
2021-02-10 01:30:00,5,87,3.7142857142857144,0.0,0.0,0.071,11.508,6.0,2,19.575314264202227,55.0,0.04466666666666667,13000.0,0.0,0.0,0.0,41.138025774780424,optimal
2021-02-10 02:00:00,5,87,3.7142857142857144,0.0,0.0,0.071,11.508,6.0,2,19.669486518270556,55.0,0.04466666666666667,13000.0,0.0,0.0,0.0,41.096887749005646,optimal
2021-02-10 02:30:00,5,87,3.7142857142857144,0.0,0.0,0.071,11.508,6.0,2,19.762463563257178,55.0,0.04466666666666667,13000.0,0.0,0.0,0.0,41.05579086125664,optimal
2021-02-10 03:00:00,5,87,3.7142857142857144,0.0,0.0,0.071,11.844,6.0,2,19.854868296771745,55.0,0.04466666666666667,13000.0,0.0,0.0,0.0,41.01473507039538,optimal
2021-02-10 03:30:00,5,87,3.7142857142857144,0.0,0.0,0.071,11.508,6.0,2,19.946704241623795,55.0,0.04466666666666667,13000.0,0.0,0.0,0.0,40.973720335324984,optimal
2021-02-10 04:00:00,5,87,3.7142857142857144,0.0,0.0,0.071,11.508,6.0,2,20.037974898938547,55.0,0.04466666666666667,13000.0,0.0,0.0,0.0,40.93274661498966,optimal
2021-02-10 04:30:00,5,87,3.7142857142857144,0.0,5.0,0.071,10.4475,6.0,2,20.128683748290367,55.0,0.04466666666666667,13000.0,0.0,0.0,0.0,43.26681386837467,optimal
2021-02-10 05:00:00,5,87,3.7142857142857144,0.0,5.0,0.071,10.8675,6.0,2,20.218218707223084,55.0,0.04466666666666667,13000.0,0.0,0.0,0.0,45.59854705450629,optimal
2021-02-10 05:30:00,5,87,3.7142857142857144,0.0,5.0,0.071,10.542,6.0,2,20.306587001508966,55.0,0.04466666666666667,13000.0,0.0,0.0,0.0,47.92794850745179,optimal
2021-02-10 06:00:00,5,87,3.7142857142857144,0.0,0.0,0.071,11.025,6.0,2,20.39379581244273,55.0,0.04466666666666667,13000.0,0.0,0.0,0.0,47.88002055894434,optimal
2021-02-10 06:30:00,5,87,3.7142857142857144,0.0,0.6571535628118478,0.071,11.025,6.0,2,20.4798522771153,55.0,0.04466666666666667,13000.0,0.0,0.0,0.0,48.144288480721016,optimal
2021-02-10 07:00:00,5,87,3.7142857142857144,0.0,0.0,0.101,14.553,6.0,2,20.566610110522955,55.0,0.042,13000.0,0.0,0.0,0.0,48.096144192240295,optimal
2021-02-10 07:30:00,5,87,3.7142857142857144,0.0,0.0,0.116,13.0935,6.0,2,20.655608762263824,55.0,0.042,13000.0,0.0,0.0,0.0,48.048048048048045,optimal
2021-02-10 08:00:00,5,87,0.5993472089915494,0.0,0.0,0.08656666666666667,15.6345,6.0,2,20.746707749302967,55.0,0.03666666666666667,2097.7152314704226,0.0,0.0,0.0,48.0,optimal
2021-02-10 08:30:00,5,87,0.0,0.0,0.0,1.502733333333333,18.102,6.0,2,20.658550659102392,55.0,0.032,0.0,0.0,0.0,0.0,47.84246537332407,optimal
2021-02-10 09:00:00,5,87,0.0,0.0,0.0,0.9019666666666668,17.199,6.0,2,20.552813548182815,55.0,0.032,0.0,0.0,0.0,0.0,47.685088281274815,optimal
2021-02-10 09:30:00,5,87,0.0,0.0,0.0,0.4138,18.2805,6.0,2,20.4673720554741,55.0,0.014666666666666666,0.0,0.0,0.0,0.0,47.52786856631761,optimal
2021-02-10 10:00:00,5,87,0.0,0.0,0.0,0.2913,17.4615,6.0,2,20.381131700484662,55.0,0.014666666666666666,0.0,0.0,0.0,0.0,47.37080607107536,optimal
2021-02-10 10:30:00,5,87,0.0,0.0,0.0,0.233,18.3225,6.0,2,20.332875993613477,55.0,0.013333333333333334,0.0,0.0,0.0,0.0,47.213900638328354,optimal
2021-02-10 11:00:00,5,87,0.0,0.0,0.0,0.22790000000000002,17.094,6.0,2,20.285161308209528,55.0,0.012,0.0,0.0,0.0,0.0,47.0571521110141,optimal
2021-02-10 11:30:00,5,87,0.0,0.0,0.0,0.232,17.094,6.0,2,20.26384829534442,55.0,0.009999999999999998,0.0,0.0,0.0,0.0,46.90056033222715,optimal
2021-02-10 12:00:00,5,87,0.0,0.0,0.0,0.5153,17.094,6.0,2,20.24198125192114,55.0,0.006666666666666665,0.0,0.0,0.0,0.0,46.744125145218995,optimal
2021-02-10 12:30:00,5,87,0.0,0.0,0.0,0.337,17.3565,6.0,2,20.258618318512603,55.0,0.006666666666666665,0.0,0.0,0.0,0.0,46.58784639339785,optimal
2021-02-10 13:00:00,5,87,0.0,0.0,0.0,0.7006,17.115,6.0,2,20.271419977592913,55.0,0.005333333333333332,0.0,0.0,0.0,0.0,46.431723920328515,optimal
2021-02-10 13:30:00,5,87,0.0,0.0,0.0,1.0934333333333335,17.241,6.0,2,20.28341114587271,55.0,0.003999999999999999,0.0,0.0,0.0,0.0,46.27575756973226,optimal
2021-02-10 14:00:00,5,87,0.0,0.0,0.0,1.2638,17.094,6.0,2,20.293352569052164,55.0,0.003999999999999999,0.0,0.0,0.0,0.0,46.119947185486595,optimal
2021-02-10 14:30:00,5,87,3.7142857142857144,0.0,0.0,0.428,16.5165,6.0,2,20.303546127454428,55.0,0.003999999999999999,13000.0,0.0,0.0,0.0,45.964292611625176,optimal
2021-02-10 15:00:00,5,87,0.0,0.0,0.0,0.4492,17.8185,6.0,2,20.52241310709458,55.0,0.002666666666666666,0.0,0.0,0.0,0.0,45.80879369233762,optimal
2021-02-10 15:30:00,5,87,3.7142857142857144,0.0,0.0,0.5207,17.094,6.0,2,20.503592403049264,55.0,0.002666666666666666,13000.0,0.0,0.0,0.0,45.653450271969355,optimal
2021-02-10 16:00:00,5,87,3.7142857142857144,0.0,0.0,0.329,16.8945,6.0,2,20.69652514497345,55.0,0.002666666666666666,13000.0,0.0,0.0,0.0,45.498262195021454,optimal
2021-02-10 16:30:00,5,87,0.0,0.0,0.0,0.5187999999999999,18.123,6.0,2,20.849280257134772,55.0,0.002666666666666666,0.0,0.0,0.0,0.0,45.343229306150505,optimal
2021-02-10 17:00:00,5,87,0.0,0.0,0.0,0.3375,31.647,6.0,2,20.79166191736102,55.0,0.002666666666666666,0.0,0.0,0.0,0.0,45.188351450168426,optimal
2021-02-10 17:30:00,5,87,0.0,0.0,0.0,0.3808,34.9965,6.0,2,20.69113661334847,55.0,0.0,0.0,0.0,0.0,0.0,45.033628472042324,optimal
2021-02-10 18:00:00,5,87,0.0,0.0,0.0,0.42283333333333334,34.9965,6.0,2,20.590775526701844,55.0,0.0,0.0,0.0,0.0,0.0,44.87906021689435,optimal
2021-02-10 18:30:00,5,87,0.0,0.0,0.0,0.34646666666666665,34.9965,6.0,2,20.479274203580914,55.0,0.0,0.0,0.0,0.0,0.0,44.72464653000153,optimal
2021-02-10 19:00:00,5,87,0.0,0.0,0.0,0.3058,34.9965,6.0,2,20.36434297906681,55.0,0.0,0.0,0.0,0.0,0.0,44.5703872567956,optimal
2021-02-10 19:30:00,5,87,0.0,0.0,0.0,0.14366666666666666,34.9965,6.0,2,20.24938592823181,55.0,0.0,0.0,0.0,0.0,0.0,44.41628224286287,optimal
2021-02-10 20:00:00,5,87,0.0,0.0,0.0,0.071,27.741,6.0,2,20.128030898557515,55.0,0.0,0.0,0.0,0.0,0.0,44.262331333944076,optimal
2021-02-10 20:30:00,5,87,0.0,0.0,0.0,0.071,19.026,6.0,2,20.0,55.0,0.0,0.0,0.0,0.0,0.0,44.1085343759342,optimal
2021-02-10 21:00:00,5,87,0.0,0.0,0.0,0.071,18.7215,6.0,2,19.872449413313287,55.0,0.0,0.0,0.0,0.0,0.0,43.95489121488233,optimal
2021-02-10 21:30:00,5,87,0.0,0.0,0.0,0.071,17.4195,6.0,2,19.745376181982746,55.0,0.0,0.0,0.0,0.0,0.0,43.80140169699152,optimal
2021-02-10 22:00:00,5,87,0.0,0.0,0.0,0.071,16.758,6.0,2,19.610159799119398,55.0,0.0,0.0,0.0,0.0,0.0,43.6480656686186,optimal
2021-02-10 22:30:00,5,87,0.0,0.0,0.0,0.071,14.217,6.0,2,19.46685038912805,55.0,0.0,0.0,0.0,0.0,0.0,43.49488297627405,optimal
2021-02-10 23:00:00,5,87,0.0,0.0,0.0,0.072,13.3665,6.0,2,19.32288425522565,55.0,0.0,0.0,0.0,0.0,0.0,43.45138809329777,optimal
2021-02-10 23:30:00,5,87,0.0,0.0,0.0,0.0755,12.789,6.0,2,19.18211257004416,55.0,0.0,0.0,0.0,0.0,0.0,43.40793670520448,optimal
2021-02-11 00:00:00,5,87,3.7142857142857144,0.0,0.0,0.059,11.2245,6.0,-3,19.18211257004416,55.0,0.0,13000.0,0.0,0.0,0.0,43.36452876849927,optimal
2021-02-11 00:30:00,5,87,3.7142857142857144,0.0,0.0,0.15866666666666665,11.025,6.0,-3,19.255301491050666,55.0,0.07333333333333335,5336.666666666666,0.0,7663.333333333334,0.0,43.32116423973077,optimal
2021-02-11 01:00:00,5,87,3.7142857142857144,0.0,1.2342440422563672,0.16326666666666667,10.7835,6.0,-3,19.20474454089328,55.0,0.07333333333333335,13000.0,0.0,0.0,0.0,43.864108995562816,optimal
2021-02-11 01:30:00,5,87,3.7142857142857144,0.0,0.0,0.128,11.025,6.0,-3,19.280733370896066,55.0,0.07333333333333335,13000.0,0.0,0.0,0.0,43.82024488656725,optimal
2021-02-11 02:00:00,5,87,3.7142857142857144,0.0,5.0,0.07126666666666667,10.584,6.0,-3,19.355676706655494,55.0,0.07333333333333335,13000.0,0.0,0.0,0.0,46.15142464168068,optimal
2021-02-11 02:30:00,5,87,3.7142857142857144,0.0,0.0,0.32673333333333326,11.025,6.0,-3,19.42922930840133,55.0,0.07333333333333335,13000.0,0.0,0.0,0.0,46.10527321703899,optimal
2021-02-11 03:00:00,5,87,3.7142857142857144,0.0,5.0,0.059,10.4265,6.0,-3,19.505898776853083,55.0,0.07333333333333335,13000.0,0.0,0.0,0.0,48.434167943821954,optimal
2021-02-11 03:30:00,5,87,3.7142857142857144,0.0,0.0,0.27126666666666666,12.789,6.0,-3,19.577094662259494,55.0,0.07333333333333335,13000.0,0.0,0.0,0.0,48.38573377587813,optimal
2021-02-11 04:00:00,5,87,3.7142857142857144,0.0,0.0,0.1267333333333333,12.684,6.0,-3,19.65286859400126,55.0,0.07333333333333335,13000.0,0.0,0.0,0.0,48.33734804210225,optimal
2021-02-11 04:30:00,5,87,3.7142857142857144,0.0,0.0,0.08966666666666667,16.254,6.0,-3,19.727347157144845,55.0,0.07333333333333335,13000.0,0.0,0.0,0.0,48.289010694060146,optimal
2021-02-11 05:00:00,5,87,3.7142857142857144,0.0,0.0,0.3029,17.64,6.0,-3,19.80076003405678,55.0,0.07333333333333335,13000.0,0.0,0.0,0.0,48.240721683366075,optimal
2021-02-11 05:30:00,5,87,3.7142857142857144,0.0,0.0,0.06443333333333334,19.1625,6.0,-3,19.877214295596232,55.0,0.07333333333333335,13000.0,0.0,0.0,0.0,48.192480961682705,optimal
2021-02-11 06:00:00,5,87,2.5253405709015193,0.0,0.0,0.13413333333333333,26.46,6.0,-3,19.950830148739467,55.0,0.07333333333333335,8838.691998155316,0.0,0.0,0.0,48.144288480721016,optimal
2021-02-11 06:30:00,5,87,3.7142857142857144,0.0,0.0,0.2561333333333333,20.79,6.0,-3,19.958501417735064,55.0,0.04730666666666668,13000.0,0.0,0.0,0.0,48.096144192240295,optimal
2021-02-11 07:00:00,5,87,0.0,0.0,0.0,0.5893999999999999,29.106,6.0,-3,20.038561407783043,55.0,0.002666666666666666,0.0,0.0,0.0,0.0,48.048048048048045,optimal
2021-02-11 07:30:00,5,87,3.7142857142857144,0.0,0.0,0.18366666666666662,19.1835,6.0,-3,19.912999065595653,55.0,0.0,13000.0,0.0,0.0,0.0,48.0,optimal
2021-02-11 08:00:00,5,87,2.1818326590082764,0.0,0.0,0.31139999999999995,19.6665,6.0,-3,20.0,55.0,0.0,7636.414306528967,0.0,0.0,0.0,47.734700711142025,optimal
2021-02-11 08:30:00,5,87,2.422971700757298,0.0,0.0,1.1802000000000001,19.404,6.0,-3,20.0,55.0,0.0,7783.734285983876,0.0,696.6666666666666,0.0,47.469666721572914,optimal
2021-02-11 09:00:00,5,87,3.4364496328807363,0.0,0.0,0.9431,19.047,6.0,-3,20.0,55.0,0.0,6245.240381749244,0.0,5782.333333333333,0.0,47.204897765993366,optimal
2021-02-11 09:30:00,5,87,2.513004155188067,0.0,0.0,0.30746666666666667,18.858,6.0,-3,20.0,55.0,0.0,8795.514543158233,0.0,0.0,0.0,46.9403935793694,optimal
2021-02-11 10:00:00,5,87,0.0,0.0,0.0,0.11053333333333332,19.2675,6.0,-3,20.04666425243773,55.0,0.0,0.0,0.0,0.0,0.0,46.67615389693206,optimal
2021-02-11 10:30:00,5,87,0.8763468222404377,0.0,0.0,0.09966666666666668,18.963,6.0,-3,20.0,55.0,0.0,3067.213877841532,0.0,0.0,0.0,46.41217845417715,optimal
2021-02-11 11:00:00,5,87,0.5316067934033268,0.0,0.0,0.24226666666666669,18.438,6.0,-3,20.0,55.0,0.0,1860.6237769116437,0.0,0.0,0.0,46.148466986865,optimal
2021-02-11 11:30:00,5,87,0.0,0.0,0.0,0.14506666666666665,18.7425,6.0,-3,20.013771017879343,55.0,0.0,0.0,0.0,0.0,0.0,45.885019231020166,optimal
2021-02-11 12:00:00,5,87,3.7142857142857144,0.0,0.0,0.2039333333333333,15.2145,6.0,-3,20.0,55.0,0.012666666666666666,11676.333333333334,0.0,1323.6666666666667,0.0,45.62183492293117,optimal
2021-02-11 12:30:00,5,87,0.0,0.0,0.0,0.069,17.7765,6.0,-3,20.210054003326565,55.0,0.012666666666666666,0.0,0.0,0.0,0.0,45.358913799150265,optimal
2021-02-11 13:00:00,5,87,0.0,0.0,0.0,2.433,16.758,6.0,-3,20.229319327414345,55.0,0.008,0.0,0.0,0.0,0.0,45.096255596493144,optimal
2021-02-11 13:30:00,5,87,0.65556392371617,0.0,0.0,0.6013,16.422,6.0,-3,20.252156510085488,55.0,0.008,2294.473733006595,0.0,0.0,0.0,44.83386005203868,optimal
2021-02-11 14:00:00,5,87,0.0,0.0,0.0,2.8505333333333334,16.758,6.0,-3,20.306864090069514,55.0,0.008,0.0,0.0,0.0,0.0,44.57172690312867,optimal
2021-02-11 14:30:00,5,87,0.0,0.0,0.0,2.284733333333333,29.358,6.0,-3,20.331332771156255,55.0,0.006666666666666667,0.0,0.0,0.0,0.0,44.30985588736757,optimal
2021-02-11 15:00:00,5,87,0.0,0.0,0.0,0.6006333333333334,34.9965,6.0,-3,20.36641821593383,55.0,0.006,0.0,0.0,0.0,0.0,44.048246742622226,optimal
2021-02-11 15:30:00,5,87,0.0,0.0,0.0,1.561233333333333,34.65,6.0,-3,20.360104998863758,55.0,0.0,0.0,0.0,0.0,0.0,43.786899207021634,optimal
2021-02-11 16:00:00,5,87,0.0,0.0,0.0,0.9573333333333334,34.9965,6.0,-3,20.346866165002588,55.0,0.0,0.0,0.0,0.0,0.0,43.52581301895664,optimal
2021-02-11 16:30:00,5,87,0.0,0.0,0.0,1.8805,34.9965,6.0,-3,20.289847736076425,55.0,0.0,0.0,0.0,0.0,0.0,43.26498791707971,optimal
2021-02-11 17:00:00,5,87,0.0,0.0,0.0,0.6957333333333333,30.4815,6.0,-3,20.233265578377562,55.0,0.0,0.0,0.0,0.0,0.0,43.00442364030466,optimal
2021-02-11 17:30:00,5,87,0.0,0.0,0.0,0.4147666666666667,21.4305,6.0,-3,20.1174925381301,55.0,0.0,0.0,0.0,0.0,0.0,42.74411992780638,optimal
2021-02-11 18:00:00,5,87,2.3271209890378897,0.0,0.0,0.5125,14.3325,6.0,-3,20.0,55.0,0.0,8005.590128299281,0.0,139.33333333333331,0.0,42.484076519020604,optimal
2021-02-11 18:30:00,5,87,3.7142857142857144,0.0,0.0,0.43606666666666666,13.692,6.0,-3,20.0,55.0,0.002,12791.0,0.0,209.0,0.0,42.22429315364361,optimal
2021-02-11 19:00:00,5,87,1.2663045663828638,0.0,0.0,0.31603333333333333,14.007,6.0,-3,20.07327737325633,55.0,0.0,4432.065982340024,0.0,0.0,0.0,41.96476957163199,optimal
2021-02-11 19:30:00,5,87,2.7283304150136534,0.0,0.0,0.2039333333333333,12.873,6.0,-3,20.0,55.0,0.0,9549.156452547786,0.0,0.0,0.0,41.70550551320238,optimal
2021-02-11 20:00:00,5,87,2.8527646694211195,0.0,0.0,0.069,12.684,6.0,-3,20.0,55.0,0.0,9984.676342973919,0.0,0.0,0.0,41.44650071883121,optimal
2021-02-11 20:30:00,5,87,0.0,0.0,0.0,0.21406666666666663,12.306,6.0,-3,20.0,55.0,0.0,0.0,0.0,0.0,0.0,41.1877549292544,optimal
2021-02-11 21:00:00,5,87,0.0,0.0,0.0,0.2039333333333333,10.6365,6.0,-3,19.83941926027261,55.0,0.0,0.0,0.0,0.0,0.0,40.929267885467176,optimal
2021-02-11 21:30:00,5,87,0.0,0.0,0.0,0.21406666666666663,11.2455,6.0,-3,19.680276492651643,55.0,0.0,0.0,0.0,0.0,0.0,40.67103932872374,optimal
2021-02-11 22:00:00,5,87,0.0,0.0,0.0,0.069,11.2455,6.0,-3,19.524433713714785,55.0,0.0,0.0,0.0,0.0,0.0,40.41306900053704,optimal
2021-02-11 22:30:00,5,87,0.0,0.0,0.0,0.2039333333333333,11.025,6.0,-3,19.36932806443897,55.0,0.0,0.0,0.0,0.0,0.0,40.155356642678534,optimal
2021-02-11 23:00:00,5,87,0.0,0.0,0.0,0.14506666666666665,12.0855,6.0,-3,19.21369443965579,55.0,0.0,0.0,0.0,0.0,0.0,39.89790199717788,optimal
2021-02-11 23:30:00,5,87,0.0,0.0,0.0,1.7201333333333335,11.6865,6.0,-3,19.054361182930396,55.0,0.0,0.0,0.0,0.0,0.0,39.8580040951807,optimal
2021-02-12 00:00:00,5,87,3.7142857142857144,0.0,0.0,0.16363333333333333,11.025,6.0,3,19.054361182930396,55.0,0.0,13000.0,0.0,0.0,0.0,39.818146091085524,optimal
2021-02-12 00:30:00,5,87,3.7142857142857144,0.0,0.0,0.10433333333333332,10.689,6.0,3,19.11571799485059,55.0,0.07066666666666667,5545.666666666667,0.0,7454.333333333333,0.0,39.77832794499444,optimal
2021-02-12 01:00:00,5,87,3.7142857142857144,0.0,5.0,0.065,8.1585,6.0,3,19.049701423213815,55.0,0.07066666666666667,13000.0,0.0,0.0,0.0,42.11354961704944,optimal
2021-02-12 01:30:00,5,87,3.7142857142857144,0.0,0.0,0.10433333333333332,10.3635,6.0,3,19.104086724460256,55.0,0.07066666666666667,13000.0,0.0,0.0,0.0,42.071436067432394,optimal
2021-02-12 02:00:00,5,87,3.7142857142857144,0.0,0.0,0.229,10.8045,6.0,3,19.16031732053208,55.0,0.07066666666666667,13000.0,0.0,0.0,0.0,42.02936463136496,optimal
2021-02-12 02:30:00,5,87,3.7142857142857144,0.0,0.0,0.065,11.025,6.0,3,19.223252882222788,55.0,0.07066666666666667,13000.0,0.0,0.0,0.0,41.987335266733595,optimal
2021-02-12 03:00:00,5,87,3.7142857142857144,0.0,0.0,0.065,10.3635,6.0,3,19.279647606817452,55.0,0.07066666666666667,13000.0,0.0,0.0,0.0,41.94534793146686,optimal
2021-02-12 03:30:00,5,87,3.7142857142857144,0.0,0.0,0.065,10.8045,6.0,3,19.337541820816064,55.0,0.07066666666666667,13000.0,0.0,0.0,0.0,41.903402583535396,optimal
2021-02-12 04:00:00,5,87,3.7142857142857144,0.0,3.501538065290818,0.065,10.059,6.0,3,19.39938845670176,55.0,0.07066666666666667,13000.0,0.0,0.0,0.0,43.52472976196499,optimal
2021-02-12 04:30:00,5,87,3.7142857142857144,0.0,0.0,0.065,10.584,6.0,3,19.465163185712658,55.0,0.07066666666666667,13000.0,0.0,0.0,0.0,43.48120503220302,optimal
2021-02-12 05:00:00,5,87,3.7142857142857144,0.0,5.0,0.065,9.4185,6.0,3,19.53484182884028,55.0,0.07066666666666667,13000.0,0.0,0.0,0.0,45.812723827170814,optimal
2021-02-12 05:30:00,5,87,3.7142857142857144,0.0,0.0,0.065,10.3635,6.0,3,19.60840035590776,55.0,0.07066666666666667,13000.0,0.0,0.0,0.0,45.76691110334364,optimal
2021-02-12 06:00:00,5,87,3.7142857142857144,0.0,5.0,0.065,9.8385,6.0,3,19.686430425266096,55.0,0.07066666666666667,13000.0,0.0,0.0,0.0,48.096144192240295,optimal
2021-02-12 06:30:00,5,87,3.7142857142857144,0.0,0.0,0.065,11.067,6.0,3,19.768904512756485,55.0,0.07066666666666667,13000.0,0.0,0.0,0.0,48.048048048048045,optimal
2021-02-12 07:00:00,5,87,3.7142857142857144,0.0,0.0,0.20963333333333334,10.8465,6.0,3,19.85148647935606,55.0,0.014666666666666666,13000.0,0.0,0.0,0.0,48.0,optimal
2021-02-12 07:30:00,5,87,3.7142857142857144,0.0,0.0,0.17596666666666666,13.671,6.0,3,19.937964906825385,55.0,0.014,13000.0,0.0,0.0,0.0,47.73331256181449,optimal
2021-02-12 08:00:00,5,87,3.7142857142857144,0.0,0.0,0.081,12.348,6.0,3,20.018873552101432,55.0,0.007333333333333333,13000.0,0.0,0.0,0.0,47.46689181106717,optimal
2021-02-12 08:30:00,5,87,2.736809595672138,0.0,0.0,0.165,14.3325,6.0,3,20.093096917200956,55.0,0.005333333333333333,9578.833584852482,0.0,0.0,0.0,47.2007374810706,optimal
2021-02-12 09:00:00,5,87,0.0,0.0,0.0,0.073,15.393,6.0,3,20.111879538612158,55.0,0.005333333333333333,0.0,0.0,0.0,0.0,46.93484930540402,optimal
2021-02-12 09:30:00,5,87,3.315931169099959,0.0,0.0,0.26639999999999997,13.587,6.0,3,20.0,55.0,0.005333333333333333,11605.759091849855,0.0,0.0,0.0,46.669227017913116,optimal
2021-02-12 10:00:00,5,87,0.0,0.0,0.0,0.26839999999999997,16.1385,6.0,3,20.09459545994075,55.0,0.004,0.0,0.0,0.0,0.0,46.403870352709696,optimal
2021-02-12 10:30:00,5,87,0.0,0.0,0.0,0.075,14.595,6.0,3,20.051118864423103,55.0,0.004,0.0,0.0,0.0,0.0,46.13877904417148,optimal
2021-02-12 11:00:00,5,87,0.0,0.0,0.0,0.1147,14.637,6.0,3,20.006657614551287,55.0,0.004,0.0,0.0,0.0,0.0,45.8739528269418,optimal
2021-02-12 11:30:00,5,87,0.08451441147343787,0.0,0.0,0.216,13.9125,6.0,3,20.0,55.0,0.004,295.80044015703254,0.0,0.0,0.0,45.60939143592935,optimal
2021-02-12 12:00:00,5,87,0.0,0.0,0.0,0.204,13.3665,6.0,3,20.0,55.0,0.0,0.0,0.0,0.0,0.0,45.34509460630792,optimal
2021-02-12 12:30:00,5,87,0.0,0.0,0.0,0.075,13.0095,6.0,3,20.007210082147406,55.0,0.0,0.0,0.0,0.0,0.0,45.0810620735161,optimal
2021-02-12 13:00:00,5,87,0.0,0.0,0.0,0.075,13.8915,6.0,3,20.010527888457894,55.0,0.0,0.0,0.0,0.0,0.0,44.81729357325708,optimal
2021-02-12 13:30:00,5,87,0.0,0.0,0.0,0.075,13.188,6.0,3,20.01333085969337,55.0,0.0,0.0,0.0,0.0,0.0,44.55378884149832,optimal
2021-02-12 14:00:00,5,87,0.0,0.0,0.0,0.075,12.5685,6.0,3,20.015501036890186,55.0,0.0,0.0,0.0,0.0,0.0,44.290547614471315,optimal
2021-02-12 14:30:00,5,87,0.035478624254512106,0.0,0.0,0.075,12.285,6.0,3,20.007015028453743,55.0,0.0,124.17518489079238,0.0,0.0,0.0,44.02756962867134,optimal
2021-02-12 15:00:00,5,87,3.7142857142857144,0.0,0.0,0.075,11.487,6.0,3,20.0,55.0,0.034,9447.0,0.0,3553.0,0.0,43.76485462085716,optimal
2021-02-12 15:30:00,5,87,1.7620281027737836,0.0,0.0,0.075,11.802,6.0,3,20.129500155479437,55.0,0.034,6167.098359708242,0.0,0.0,0.0,43.50240232805079,optimal
2021-02-12 16:00:00,5,87,3.7142857142857144,0.0,0.0,0.075,11.2245,6.0,3,20.20354726043266,55.0,0.034,13000.0,0.0,0.0,0.0,43.240212487537235,optimal
2021-02-12 16:30:00,5,87,3.7142857142857144,0.0,0.0,0.16886666666666666,11.025,6.0,3,20.348847530368218,55.0,0.034,13000.0,0.0,0.0,0.0,42.97828483686419,optimal
2021-02-12 17:00:00,5,87,3.7142857142857144,0.0,0.0,0.4836333333333333,11.907,6.0,3,20.49378005789624,55.0,0.032,13000.0,0.0,0.0,0.0,42.71661911384182,optimal
2021-02-12 17:30:00,5,87,0.0,0.0,0.0,0.6398666666666667,25.83,6.0,3,20.609630231397876,55.0,0.012,0.0,0.0,0.0,0.0,42.67390249472798,optimal
2021-02-12 18:00:00,5,87,0.0,0.0,0.0,1.4739666666666666,28.035,6.0,3,20.519990646921954,55.0,0.012,0.0,0.0,0.0,0.0,42.631228592233256,optimal
2021-02-12 18:30:00,5,87,0.0,0.0,0.0,0.4321666666666667,28.119,6.0,3,20.42952894305143,55.0,0.006666666666666667,0.0,0.0,0.0,0.0,42.58859736364102,optimal
2021-02-12 19:00:00,5,87,0.0,0.0,0.0,0.7019,30.156,6.0,3,20.320821676163508,55.0,0.004,0.0,0.0,0.0,0.0,42.54600876627738,optimal
2021-02-12 19:30:00,5,87,0.0,0.0,0.0,0.45966666666666667,29.1585,6.0,3,20.217118544438225,55.0,0.002,0.0,0.0,0.0,0.0,42.5034627575111,optimal
2021-02-12 20:00:00,5,87,0.0,0.0,0.0,0.5206666666666666,26.712,6.0,3,20.10957360221836,55.0,0.002,0.0,0.0,0.0,0.0,42.46095929475359,optimal
2021-02-12 20:30:00,5,87,0.0,0.0,0.0,0.48393333333333327,15.435,6.0,3,20.0,55.0,0.0,0.0,0.0,0.0,0.0,42.41849833545884,optimal
2021-02-12 21:00:00,5,87,0.0,0.0,0.0,0.2322333333333333,13.566,6.0,3,19.890714353054904,55.0,0.0,0.0,0.0,0.0,0.0,42.376079837123385,optimal
2021-02-12 21:30:00,5,87,0.0,0.0,0.0,0.2877,12.789,6.0,3,19.77446895972946,55.0,0.0,0.0,0.0,0.0,0.0,42.33370375728626,optimal
2021-02-12 22:00:00,5,87,0.0,0.0,0.0,0.38839999999999997,12.1275,6.0,3,19.661032008272173,55.0,0.0,0.0,0.0,0.0,0.0,42.29137005352897,optimal
2021-02-12 22:30:00,5,87,0.0,0.0,0.0,0.2402,13.671,6.0,3,19.54991221455802,55.0,0.0,0.0,0.0,0.0,0.0,42.249078683475446,optimal
2021-02-12 23:00:00,5,87,0.0,0.0,0.0,0.2422,10.668,6.0,3,19.438782341230603,55.0,0.0,0.0,0.0,0.0,0.0,42.20682960479197,optimal
2021-02-12 23:30:00,5,87,0.0,0.0,0.0,0.178,11.7285,6.0,3,19.32513103061424,55.0,0.0,0.0,0.0,0.0,0.0,42.164622775187176,optimal
2021-02-13 00:00:00,5,87,3.7142857142857144,0.0,0.0,0.06533333333333333,9.3975,6.0,0,19.32513103061424,55.0,0.0,13000.0,0.0,0.0,0.0,42.12245815241199,optimal
2021-02-13 00:30:00,5,87,0.0,0.0,0.0,0.09026666666666668,10.059,6.0,0,19.41839420754971,55.0,0.0,0.0,0.0,0.0,0.0,42.080335694259574,optimal
2021-02-13 01:00:00,5,87,3.7142857142857144,0.0,0.0,0.1772,9.261,6.0,0,19.298806692942616,55.0,0.12440191387559808,0.0,0.0,13000.0,0.0,42.038255358565316,optimal
2021-02-13 01:30:00,5,87,3.7142857142857144,0.0,0.0,0.1015,8.1585,6.0,0,19.181616243415903,55.0,0.136,11788.0,0.0,1212.0,0.0,41.99621710320675,optimal
2021-02-13 02:00:00,5,87,3.7142857142857144,0.0,0.0,0.2557,9.4815,6.0,0,19.25733033442712,55.0,0.136,13000.0,0.0,0.0,0.0,41.95422088610355,optimal
2021-02-13 02:30:00,5,87,3.7142857142857144,0.0,0.0,0.071,8.379,6.0,0,19.3552677600369,55.0,0.136,13000.0,0.0,0.0,0.0,41.912266665217444,optimal
2021-02-13 03:00:00,5,87,3.7142857142857144,0.0,0.0,0.1713,9.5235,6.0,0,19.44957651438824,55.0,0.136,13000.0,0.0,0.0,0.0,41.87035439855223,optimal
2021-02-13 03:30:00,5,87,3.7142857142857144,0.0,3.474402591399664,0.1859,8.1375,6.0,0,19.544947913336006,55.0,0.136,13000.0,0.0,0.0,0.0,43.47882527506851,optimal
2021-02-13 04:00:00,5,87,3.7142857142857144,0.0,0.0,0.1182,10.0905,6.0,0,19.639663675114967,55.0,0.136,13000.0,0.0,0.0,0.0,43.435346449793435,optimal
2021-02-13 04:30:00,5,87,3.7142857142857144,0.0,5.0,0.1536,7.539,6.0,0,19.732379565099357,55.0,0.136,13000.0,0.0,0.0,0.0,45.76691110334364,optimal
2021-02-13 05:00:00,5,87,3.7142857142857144,0.0,5.0,0.1564,7.938,6.0,0,19.824489146966368,55.0,0.136,13000.0,0.0,0.0,0.0,48.096144192240295,optimal
2021-02-13 05:30:00,5,87,3.7142857142857144,0.0,0.0,0.071,8.274,6.0,0,19.91546208701659,55.0,0.136,13000.0,0.0,0.0,0.0,48.048048048048045,optimal
2021-02-13 06:00:00,5,87,3.7142857142857144,0.0,0.0,0.23063333333333333,9.261,6.0,0,20.00386045532789,55.0,0.13066666666666665,13000.0,0.0,0.0,0.0,48.0,optimal
2021-02-13 06:30:00,5,87,3.7142857142857144,0.0,0.0,0.13646666666666668,9.9225,6.0,0,20.09469727313698,55.0,0.11133333333333334,13000.0,0.0,0.0,0.0,47.803306488236004,optimal
2021-02-13 07:00:00,5,87,3.7142857142857144,0.0,0.0,0.082,9.702,6.0,0,20.185106777150192,55.0,0.108,13000.0,0.0,0.0,0.0,47.606809669983775,optimal
2021-02-13 07:30:00,5,87,3.7142857142857144,0.0,0.0,0.10556666666666667,10.584,6.0,0,20.275075761351356,55.0,0.108,13000.0,0.0,0.0,0.0,47.410509348549795,optimal
2021-02-13 08:00:00,5,87,3.7142857142857144,0.0,0.0,1.6450333333333333,10.143,6.0,0,20.36459656180791,55.0,0.07333333333333333,13000.0,0.0,0.0,0.0,47.21440532743725,optimal
2021-02-13 08:30:00,5,87,0.0,0.0,0.0,0.9925,13.0095,6.0,0,20.463650491156816,55.0,0.07133333333333333,0.0,0.0,0.0,0.0,47.018497410345816,optimal
2021-02-13 09:00:00,5,87,0.0,0.0,0.0,0.2429,11.025,6.0,0,20.34104411564102,55.0,0.07133333333333333,0.0,0.0,0.0,0.0,46.82278540117147,optimal
2021-02-13 09:30:00,5,87,0.0,0.0,0.0,1.2233,12.789,6.0,0,20.24329573247182,55.0,0.05733333333333333,0.0,0.0,0.0,0.0,46.62726910400631,optimal
2021-02-13 10:00:00,5,87,0.0,0.0,0.0,1.3111,12.1275,6.0,0,20.144878084259435,55.0,0.036,0.0,0.0,0.0,0.0,46.5806418349023,optimal
2021-02-13 10:30:00,5,87,0.0,0.0,0.0,2.9354333333333336,12.1695,6.0,0,20.088226399048615,55.0,0.036,0.0,0.0,0.0,0.0,46.5340611930674,optimal
2021-02-13 11:00:00,5,87,0.0,0.0,0.0,2.7405999999999997,12.306,6.0,0,20.04677100239994,55.0,0.035333333333333335,0.0,0.0,0.0,0.0,46.48752713187434,optimal
2021-02-13 11:30:00,5,87,0.0,0.0,0.0,0.4080666666666667,13.23,6.0,0,20.046666224543742,55.0,0.035333333333333335,0.0,0.0,0.0,0.0,46.441039604742464,optimal
2021-02-13 12:00:00,5,87,0.0,0.0,0.0,0.24769999999999998,13.671,6.0,0,20.035833704028573,55.0,0.032,0.0,0.0,0.0,0.0,46.39459856513772,optimal
2021-02-13 12:30:00,5,87,0.0,0.0,0.0,0.32056666666666667,13.9335,6.0,0,20.043875104162815,55.0,0.030666666666666665,0.0,0.0,0.0,0.0,46.348203966572584,optimal
2021-02-13 13:00:00,5,87,0.0,0.0,0.0,0.3634,13.293,6.0,0,20.051871483841122,55.0,0.030666666666666665,0.0,0.0,0.0,0.0,46.30185576260601,optimal
2021-02-13 13:30:00,5,87,0.0,0.0,0.0,0.3028333333333333,12.1065,6.0,0,20.06889560654134,55.0,0.030666666666666665,0.0,0.0,0.0,0.0,46.2555539068434,optimal
2021-02-13 14:00:00,5,87,1.9799069150635666,0.0,0.0,0.313,11.571,6.0,0,20.08556712774116,55.0,0.03,6929.674202722484,0.0,0.0,0.0,46.20929835293656,optimal
2021-02-13 14:30:00,5,87,3.7142857142857144,0.0,0.0,1.3719333333333334,11.025,6.0,0,20.182858328521124,55.0,0.026,13000.0,0.0,0.0,0.0,46.16308905458362,optimal
2021-02-13 15:00:00,5,87,3.7142857142857144,0.0,0.0,1.0363,10.8465,6.0,0,20.394879421071362,55.0,0.023333333333333334,13000.0,0.0,0.0,0.0,46.11692596552904,optimal
2021-02-13 15:30:00,5,87,3.7142857142857144,0.0,0.0,3.353,11.2455,6.0,0,20.573533738479043,55.0,0.022,13000.0,0.0,0.0,0.0,46.070809039563514,optimal
2021-02-13 16:00:00,5,87,0.0,0.0,0.0,1.0527666666666669,23.8665,6.0,0,20.7517157569941,55.0,0.022,0.0,0.0,0.0,0.0,46.02473823052395,optimal
2021-02-13 16:30:00,5,87,0.0,0.0,0.0,0.3773,27.4575,6.0,0,20.68376929510763,55.0,0.016666666666666666,0.0,0.0,0.0,0.0,45.97871349229343,optimal
2021-02-13 17:00:00,5,87,0.0,0.0,0.0,2.1845333333333334,27.3735,6.0,0,20.61270957502261,55.0,0.008666666666666666,0.0,0.0,0.0,0.0,45.932734778801134,optimal
2021-02-13 17:30:00,5,87,0.0,0.0,0.0,0.6901,30.4605,6.0,0,20.52054457799542,55.0,0.005333333333333332,0.0,0.0,0.0,0.0,45.88680204402233,optimal
2021-02-13 18:00:00,5,87,0.0,0.0,0.0,0.6297666666666667,30.0195,6.0,0,20.428716557837483,55.0,0.0033333333333333327,0.0,0.0,0.0,0.0,45.84091524197831,optimal
2021-02-13 18:30:00,5,87,0.0,0.0,0.0,2.2985,26.9325,6.0,0,20.321744708186294,55.0,0.0033333333333333327,0.0,0.0,0.0,0.0,45.79507432673633,optimal
2021-02-13 19:00:00,5,87,0.0,0.0,0.0,0.8264666666666667,14.595,6.0,0,20.216604292638056,55.0,0.0033333333333333327,0.0,0.0,0.0,0.0,45.74927925240959,optimal
2021-02-13 19:30:00,5,87,0.0,0.0,0.0,1.4473666666666665,12.4845,6.0,0,20.112153434930583,55.0,0.002666666666666666,0.0,0.0,0.0,0.0,45.70352997315718,optimal
2021-02-13 20:00:00,5,87,1.8739287215726594,0.0,0.0,1.3285666666666667,12.1275,6.0,0,20.0,55.0,0.001333333333333333,6558.750525504308,0.0,0.0,0.0,45.65782644318402,optimal
2021-02-13 20:30:00,5,87,0.0,0.0,0.0,0.8007666666666666,12.1275,6.0,0,20.0,55.0,0.0,0.0,0.0,0.0,0.0,45.61216861674084,optimal
2021-02-13 21:00:00,5,87,0.0,0.0,0.0,0.4663,12.789,6.0,0,19.897573002293576,55.0,0.0,0.0,0.0,0.0,0.0,45.566556448124096,optimal
2021-02-13 21:30:00,5,87,0.0,0.0,0.0,0.4298,11.907,6.0,0,19.788388574508474,55.0,0.0,0.0,0.0,0.0,0.0,45.520989891675974,optimal
2021-02-13 22:00:00,5,87,0.0,0.0,0.0,0.41313333333333335,11.025,6.0,0,19.679471794837255,55.0,0.0,0.0,0.0,0.0,0.0,45.475468901784296,optimal
2021-02-13 22:30:00,5,87,0.0,0.0,0.0,0.3097,8.2005,6.0,0,19.569018407296316,55.0,0.0,0.0,0.0,0.0,0.0,45.42999343288251,optimal
2021-02-13 23:00:00,5,87,0.0,0.0,0.0,0.308,9.5655,6.0,0,19.458302699494666,55.0,0.0,0.0,0.0,0.0,0.0,45.38456343944963,optimal
2021-02-13 23:30:00,5,87,0.0,0.0,0.0,0.13,7.056,6.0,0,19.34410660126076,55.0,0.0,0.0,0.0,0.0,0.0,45.33917887601018,optimal
2021-02-07 00:00:00,6,87,0.3847953822282071,0.0,0.0,0.129,7.938,6.0,2,21.0,55.0,0.12,1346.7838377987248,0.0,0.0,0.0,47.952,optimal
2021-02-07 00:30:00,6,87,3.5714285714285716,0.0,0.0,0.077,5.292,6.0,2,20.91347959240634,55.0,0.12,12500.0,0.0,0.0,0.0,47.904047999999996,optimal
2021-02-07 01:00:00,6,87,0.0,0.0,0.0,0.064,9.261,6.0,2,21.008740616774283,55.0,0.12,0.0,0.0,0.0,0.0,47.856143952,optimal
2021-02-07 01:30:00,6,87,0.0,0.0,0.0,0.064,10.3635,6.0,2,20.89780693862795,55.0,0.12,0.0,0.0,0.0,0.0,47.80828780804799,optimal
2021-02-07 02:00:00,6,87,0.0,0.0,0.0,0.064,8.274,6.0,2,20.787248332017203,55.0,0.12,0.0,0.0,0.0,0.0,47.76047952023995,optimal
2021-02-07 02:30:00,6,87,3.5714285714285716,0.0,0.0,0.064,7.7175,6.0,2,20.677062488224426,55.0,0.12,12500.0,0.0,0.0,0.0,47.712719040719705,optimal
2021-02-07 03:00:00,6,87,3.5714285714285716,0.0,0.0,0.142,6.615,6.0,2,20.77171916303268,55.0,0.12,12500.0,0.0,0.0,0.0,47.66500632167899,optimal
2021-02-07 03:30:00,6,87,3.5714285714285716,0.0,0.0,0.06833333333333333,6.174,6.0,2,20.866455473033366,55.0,0.12,12500.0,0.0,0.0,0.0,47.61734131535731,optimal
2021-02-07 04:00:00,6,87,3.5714285714285716,0.0,0.0,0.13766666666666666,3.906,6.0,2,20.959094036522465,55.0,0.12,12500.0,0.0,0.0,0.0,47.56972397404195,optimal
2021-02-07 04:30:00,6,87,3.5714285714285716,0.0,0.0,0.064,2.3415,6.0,2,21.05199044712932,55.0,0.12,12500.0,0.0,0.0,0.0,47.522154250067906,optimal
2021-02-07 05:00:00,6,87,3.5714285714285716,0.0,0.0,0.077,2.205,6.0,2,21.143108206858766,55.0,0.12,12500.0,0.0,0.0,0.0,47.47463209581784,optimal
2021-02-07 05:30:00,6,87,3.5714285714285716,0.0,2.939438488038745,0.129,0.882,6.0,2,21.233878070785433,55.0,0.12,12500.0,0.0,0.0,0.0,48.823390745540415,optimal
2021-02-07 06:00:00,6,87,3.5714285714285716,0.0,0.0,0.064,1.5435,6.0,2,21.324941093389537,55.0,0.12,12500.0,0.0,0.0,0.0,48.774567354794875,optimal
2021-02-07 06:30:00,6,87,3.5714285714285716,0.0,0.0,0.098,1.5435,6.0,2,21.414378731039584,55.0,0.12,12500.0,0.0,0.0,0.0,48.72579278744007,optimal
2021-02-07 07:00:00,6,87,3.5714285714285716,0.0,0.0,0.119,5.0715,6.0,2,21.503384015427827,55.0,0.116,12500.0,0.0,0.0,0.0,48.67706699465263,optimal
2021-02-07 07:30:00,6,87,3.5714285714285716,0.0,0.0,0.062,5.376,6.0,2,21.595672948610993,55.0,0.116,12500.0,0.0,0.0,0.0,48.62838992765797,optimal
2021-02-07 08:00:00,6,87,3.5714285714285716,0.0,0.0,0.06333333333333334,5.0715,6.0,2,21.686392405639605,55.0,0.116,12500.0,0.0,0.0,0.0,48.579761537730306,optimal
2021-02-07 08:30:00,6,87,3.5714285714285716,0.0,0.0,0.14366666666666666,5.5125,6.0,2,21.772988750002447,55.0,0.116,12500.0,0.0,0.0,0.0,48.53118177619257,optimal
2021-02-07 09:00:00,6,87,0.0,0.0,0.0,0.11366666666666668,9.261,6.0,2,21.858176365688305,55.0,0.11333333333333333,0.0,0.0,0.0,0.0,48.48265059441637,optimal
2021-02-07 09:30:00,6,87,0.0,0.0,0.0,0.15769999999999998,11.7075,6.0,2,21.752561307526502,55.0,0.10933333333333334,0.0,0.0,0.0,0.0,48.434167943821954,optimal
2021-02-07 10:00:00,6,87,0.0,0.0,0.0,1.0411666666666668,12.348,6.0,2,21.647893747735708,55.0,0.108,0.0,0.0,0.0,0.0,48.38573377587813,optimal
2021-02-07 10:30:00,6,87,0.0,0.0,0.0,0.11916666666666668,12.348,6.0,2,21.559892173373967,55.0,0.10533333333333333,0.0,0.0,0.0,0.0,48.33734804210225,optimal
2021-02-07 11:00:00,6,87,0.0,0.0,0.0,2.097933333333333,12.1275,6.0,2,21.471488440821197,55.0,0.10533333333333333,0.0,0.0,0.0,0.0,48.289010694060146,optimal
2021-02-07 11:30:00,6,87,0.0,0.0,0.0,1.1669,12.5265,6.0,2,21.41674997501129,55.0,0.10533333333333333,0.0,0.0,0.0,0.0,48.240721683366075,optimal
2021-02-07 12:00:00,6,87,0.0,0.0,0.0,0.26893333333333336,11.7495,6.0,2,21.36413489123594,55.0,0.10333333333333333,0.0,0.0,0.0,0.0,48.192480961682705,optimal
2021-02-07 12:30:00,6,87,0.0,0.0,0.0,0.4171,13.23,6.0,2,21.311614456387357,55.0,0.10333333333333333,0.0,0.0,0.0,0.0,48.144288480721016,optimal
2021-02-07 13:00:00,6,87,0.0,0.0,0.0,0.41843333333333327,14.3325,6.0,2,21.26215611337763,55.0,0.10333333333333333,0.0,0.0,0.0,0.0,48.096144192240295,optimal
2021-02-07 13:30:00,6,87,0.0,0.0,0.0,0.3758666666666667,14.994,6.0,2,21.198746162233746,55.0,0.10097333333333333,0.0,0.0,0.0,0.0,48.048048048048045,optimal
2021-02-07 14:00:00,6,87,0.0,0.0,0.0,0.358,14.8155,6.0,2,21.13713901426977,55.0,0.10066666666666667,0.0,0.0,0.0,0.0,48.0,optimal
2021-02-07 14:30:00,6,87,0.0,0.0,0.0,0.24969999999999998,14.112,6.0,2,21.080190165720094,55.0,0.10066666666666667,0.0,0.0,0.0,0.0,47.85827795061649,optimal
2021-02-07 15:00:00,6,87,0.0,0.0,0.0,0.074,14.007,6.0,2,21.019294542162125,55.0,0.10066666666666667,0.0,0.0,0.0,0.0,47.716697623282364,optimal
2021-02-07 15:30:00,6,87,0.0,0.0,0.0,0.173,13.23,6.0,2,20.967601609779884,55.0,0.10066666666666667,0.0,0.0,0.0,0.0,47.575258876275576,optimal
2021-02-07 16:00:00,6,87,0.0,0.0,0.0,0.173,11.382,6.0,2,20.91812132780304,55.0,0.10066666666666667,0.0,0.0,0.0,0.0,47.43396156801579,optimal
2021-02-07 16:30:00,6,87,0.0,0.0,0.0,0.152,11.7495,6.0,2,20.839708635769945,55.0,0.10066666666666667,0.0,0.0,0.0,0.0,47.29280555706426,optimal
2021-02-07 17:00:00,6,87,0.0,0.0,0.0,0.074,24.3285,6.0,2,20.760382607900368,55.0,0.10066666666666667,0.0,0.0,0.0,0.0,47.15179070212369,optimal
2021-02-07 17:30:00,6,87,0.0,0.0,0.0,0.074,28.917,6.0,2,20.648888582205622,55.0,0.10066666666666667,0.0,0.0,0.0,0.0,47.01091686203806,optimal
2021-02-07 18:00:00,6,87,0.0,0.0,0.0,0.074,31.3635,6.0,2,20.538696388131722,55.0,0.10066666666666667,0.0,0.0,0.0,0.0,46.870183895792515,optimal
2021-02-07 18:30:00,6,87,0.0,0.0,0.0,0.10433333333333332,33.306,6.0,2,20.422979457421086,55.0,0.10066666666666667,0.0,0.0,0.0,0.0,46.729591662513215,optimal
2021-02-07 19:00:00,6,87,0.0,0.0,0.0,0.5196333333333333,31.3425,6.0,2,20.308779514085156,55.0,0.10066666666666667,0.0,0.0,0.0,0.0,46.589140021467195,optimal
2021-02-07 19:30:00,6,87,0.0,0.0,0.0,0.3974,28.2555,6.0,2,20.205244427948085,55.0,0.09666666666666666,0.0,0.0,0.0,0.0,46.44882883206222,optimal
2021-02-07 20:00:00,6,87,0.0,0.0,0.0,0.39513333333333334,15.6975,6.0,2,20.102221590103774,55.0,0.09333333333333334,0.0,0.0,0.0,0.0,46.30865795384665,optimal
2021-02-07 20:30:00,6,87,0.0,0.0,0.0,0.10433333333333332,12.5475,6.0,2,20.0,55.0,0.09333333333333334,0.0,0.0,0.0,0.0,46.168627246509296,optimal
2021-02-07 21:00:00,6,87,0.0,0.0,0.0,0.12166666666666669,12.0855,6.0,2,19.88809589670022,55.0,0.09333333333333334,0.0,0.0,0.0,0.0,46.02873656987928,optimal
2021-02-07 21:30:00,6,87,0.0,0.0,0.0,0.1928,11.907,6.0,2,19.776549029342018,55.0,0.09333333333333334,0.0,0.0,0.0,0.0,45.88898578392589,optimal
2021-02-07 22:00:00,6,87,0.0,0.0,0.0,0.6541,12.5685,6.0,2,19.6682029283716,55.0,0.09333333333333334,0.0,0.0,0.0,0.0,45.749374748758456,optimal
2021-02-07 22:30:00,6,87,0.0,0.0,0.0,0.2029,13.146,6.0,2,19.569926684936792,55.0,0.09,0.0,0.0,0.0,0.0,45.60990332462619,optimal
2021-02-07 23:00:00,6,87,0.0,0.0,0.0,0.24206666666666662,10.584,6.0,2,19.46656194660053,55.0,0.09,0.0,0.0,0.0,0.0,45.564293421301564,optimal
2021-02-07 23:30:00,6,87,0.0,0.0,0.0,0.223,6.678,6.0,2,19.364526435120478,55.0,0.09,0.0,0.0,0.0,0.0,45.51872912788026,optimal
2021-02-08 00:00:00,6,87,0.0,0.0,0.0,0.06,11.2665,6.0,4,19.364526435120478,55.0,0.09,0.0,0.0,0.0,0.0,45.473210398752386,optimal
2021-02-08 00:30:00,6,87,3.5714285714285716,0.0,0.0,0.06,10.143,6.0,4,19.2542698851187,55.0,0.09,12500.0,0.0,0.0,0.0,45.42773718835363,optimal
2021-02-08 01:00:00,6,87,0.0,0.0,0.0,0.06,11.2455,6.0,4,19.349471829555743,55.0,0.09,0.0,0.0,0.0,0.0,45.38230945116528,optimal
2021-02-08 01:30:00,6,87,0.0,0.0,0.0,0.06,11.025,6.0,4,19.239307946765244,55.0,0.09,0.0,0.0,0.0,0.0,45.33692714171411,optimal
2021-02-08 02:00:00,6,87,3.5714285714285716,0.0,0.0,0.06,5.9745,6.0,4,19.129514397107286,55.0,0.09,12500.0,0.0,0.0,0.0,45.2915902145724,optimal
2021-02-08 02:30:00,6,87,3.5714285714285716,0.0,0.0,0.06,7.938,6.0,4,19.224868721626823,55.0,0.09,12500.0,0.0,0.0,0.0,45.24629862435783,optimal
2021-02-08 03:00:00,6,87,3.5714285714285716,0.0,0.0,0.06,8.6835,6.0,4,19.319943871859486,55.0,0.09,12500.0,0.0,0.0,0.0,45.20105232573347,optimal
2021-02-08 03:30:00,6,87,3.5714285714285716,0.0,0.0,0.06,7.665,6.0,4,19.41474156623639,55.0,0.09,12500.0,0.0,0.0,0.0,45.15585127340774,optimal
2021-02-08 04:00:00,6,87,3.5714285714285716,0.0,0.0,0.06,6.7725,6.0,4,19.50864797199866,55.0,0.09,12500.0,0.0,0.0,0.0,45.110695422134334,optimal
2021-02-08 04:30:00,6,87,3.5714285714285716,0.0,0.0,0.06066666666666666,5.5755,6.0,4,19.601668575389688,55.0,0.09,12500.0,0.0,0.0,0.0,45.0655847267122,optimal
2021-02-08 05:00:00,6,87,3.5714285714285716,0.0,1.7743687663225598,0.06666666666666667,5.0925,6.0,4,19.693501058576643,55.0,0.09,12500.0,0.0,0.0,0.0,45.8633443059887,optimal
2021-02-08 05:30:00,6,87,3.5714285714285716,0.0,5.0,0.06,4.1895,6.0,4,19.784152734921904,55.0,0.09,12500.0,0.0,0.0,0.0,48.192480961682705,optimal
2021-02-08 06:00:00,6,87,3.5714285714285716,0.0,0.0,0.05866666666666666,7.056,6.0,4,19.873938643077306,55.0,0.086,12500.0,0.0,0.0,0.0,48.144288480721016,optimal
2021-02-08 06:30:00,6,87,3.5714285714285716,0.0,0.0,0.06633333333333333,5.271,6.0,4,19.96451327235287,55.0,0.08066666666666666,12500.0,0.0,0.0,0.0,48.096144192240295,optimal
2021-02-08 07:00:00,6,87,3.5714285714285716,0.0,0.0,0.9655,7.938,6.0,4,20.056117503634496,55.0,0.07866666666666666,12500.0,0.0,0.0,0.0,48.048048048048045,optimal
2021-02-08 07:30:00,6,87,3.5714285714285716,0.0,0.0,1.145,7.938,6.0,4,20.150588017689053,55.0,0.05733333333333333,12500.0,0.0,0.0,0.0,48.0,optimal
2021-02-08 08:00:00,6,87,1.4134114443406056,0.0,0.0,0.07,11.907,6.0,4,20.245555097330044,55.0,0.05733333333333333,4946.94005519212,0.0,0.0,0.0,47.67627135816243,optimal
2021-02-08 08:30:00,6,87,3.5714285714285716,0.0,0.0,0.07,11.025,6.0,4,20.208096487102456,55.0,0.05733333333333333,12500.0,0.0,0.0,0.0,47.3528664449667,optimal
2021-02-08 09:00:00,6,87,3.5714285714285716,0.0,0.0,0.07,11.2875,6.0,4,20.293990050057044,55.0,0.05733333333333333,12500.0,0.0,0.0,0.0,47.029784936684166,optimal
2021-02-08 09:30:00,6,87,0.0,0.0,0.0,0.07,12.936,6.0,4,20.398793936033705,55.0,0.05733333333333333,0.0,0.0,0.0,0.0,46.707026509909916,optimal
2021-02-08 10:00:00,6,87,0.0,0.0,0.0,0.07,13.0095,6.0,4,20.299096201851594,55.0,0.05733333333333333,0.0,0.0,0.0,0.0,46.38459084156244,optimal
2021-02-08 10:30:00,6,87,0.0,0.0,0.0,0.07,13.671,6.0,4,20.23262168460002,55.0,0.05733333333333333,0.0,0.0,0.0,0.0,46.06247760888331,optimal
2021-02-08 11:00:00,6,87,0.0,0.0,0.0,0.24816666666666662,13.188,6.0,4,20.165633034080464,55.0,0.05733333333333333,0.0,0.0,0.0,0.0,45.74068648943686,optimal
2021-02-08 11:30:00,6,87,0.0,0.0,0.0,0.1542666666666667,13.8495,6.0,4,20.137606679769267,55.0,0.05533333333333333,0.0,0.0,0.0,0.0,45.419217161109856,optimal
2021-02-08 12:00:00,6,87,0.0,0.0,0.0,1.3542,13.23,6.0,4,20.111985321126788,55.0,0.05533333333333333,0.0,0.0,0.0,0.0,45.09806930211118,optimal
2021-02-08 12:30:00,6,87,0.0,0.0,0.0,0.17903333333333332,13.3665,6.0,4,20.120900376386217,55.0,0.05,0.0,0.0,0.0,0.0,44.7772425909715,optimal
2021-02-08 13:00:00,6,87,0.0,0.0,0.0,0.0818,13.0515,6.0,4,20.11178328991273,55.0,0.05,0.0,0.0,0.0,0.0,44.456736706542955,optimal
2021-02-08 13:30:00,6,87,0.0,0.0,0.0,0.07,13.5345,6.0,4,20.094472410786526,55.0,0.05,0.0,0.0,0.0,0.0,44.136551327998845,optimal
2021-02-08 14:00:00,6,87,0.0,0.0,0.0,0.07,14.154,6.0,4,20.076641842931963,55.0,0.05,0.0,0.0,0.0,0.0,43.816686134833276,optimal
2021-02-08 14:30:00,6,87,0.0,0.0,0.0,0.07,14.112,6.0,4,20.060338753012214,55.0,0.05,0.0,0.0,0.0,0.0,43.49714080686088,optimal
2021-02-08 15:00:00,6,87,0.0,0.0,0.0,0.07,14.2485,6.0,4,20.04321270431347,55.0,0.05,0.0,0.0,0.0,0.0,43.177915024216446,optimal
2021-02-08 15:30:00,6,87,3.5714285714285716,0.0,0.0,0.07,12.789,6.0,4,20.0,55.0,0.05,12500.0,0.0,0.0,0.0,42.85900846735466,optimal
2021-02-08 16:00:00,6,87,2.0767472587601454,0.0,0.0,0.6302666666666666,13.0095,6.0,4,20.162140878333236,55.0,0.048,7268.615405660509,0.0,0.0,0.0,42.54042081704974,optimal
2021-02-08 16:30:00,6,87,3.5714285714285716,0.0,0.0,1.2775,12.1275,6.0,4,20.21507822207073,55.0,0.04733333333333333,12500.0,0.0,0.0,0.0,42.22215175439513,optimal
2021-02-08 17:00:00,6,87,3.5714285714285716,0.0,0.0,1.0048,12.348,6.0,4,20.353485654788898,55.0,0.046,12500.0,0.0,0.0,0.0,41.904200960803166,optimal
2021-02-08 17:30:00,6,87,3.5714285714285716,0.0,0.0,0.2385,12.348,6.0,4,20.459576893182412,55.0,0.046,12500.0,0.0,0.0,0.0,41.5865681180048,optimal
2021-02-08 18:00:00,6,87,0.0,0.0,0.0,0.2125,25.389,6.0,4,20.561127994115658,55.0,0.046,0.0,0.0,0.0,0.0,41.269252908049225,optimal
2021-02-08 18:30:00,6,87,0.0,0.0,0.0,0.3831,29.1375,6.0,4,20.44512871601882,55.0,0.046,0.0,0.0,0.0,0.0,40.952255013303606,optimal
2021-02-08 19:00:00,6,87,0.0,0.0,0.0,0.24109999999999998,30.597,6.0,4,20.33347576302231,55.0,0.043333333333333335,0.0,0.0,0.0,0.0,40.63557411645274,optimal
2021-02-08 19:30:00,6,87,0.0,0.0,0.0,0.3053666666666667,33.684,6.0,4,20.22210248542927,55.0,0.043333333333333335,0.0,0.0,0.0,0.0,40.31920990049872,optimal
2021-02-08 20:00:00,6,87,0.0,0.0,0.0,0.2914,32.445,6.0,4,20.111293089410292,55.0,0.042666666666666665,0.0,0.0,0.0,0.0,40.00316204876066,optimal
2021-02-08 20:30:00,6,87,0.0,0.0,0.0,0.22,28.917,6.0,4,20.0,55.0,0.04133333333333333,0.0,0.0,0.0,0.0,39.68743024487433,optimal
2021-02-08 21:00:00,6,87,0.0,0.0,0.0,0.20116666666666663,15.876,6.0,4,19.88673299457163,55.0,0.04133333333333333,0.0,0.0,0.0,0.0,39.372014172791886,optimal
2021-02-08 21:30:00,6,87,0.0,0.0,0.0,0.2871666666666667,12.348,6.0,4,19.773028877404208,55.0,0.04133333333333333,0.0,0.0,0.0,0.0,39.05691351678153,optimal
2021-02-08 22:00:00,6,87,0.0,0.0,0.0,0.228,12.1275,6.0,4,19.662711803029122,55.0,0.04133333333333333,0.0,0.0,0.0,0.0,39.01785660326475,optimal
2021-02-08 22:30:00,6,87,0.0,0.0,0.0,0.29960000000000003,12.348,6.0,4,19.551487850565994,55.0,0.04,0.0,0.0,0.0,0.0,38.97883874666148,optimal
2021-02-08 23:00:00,6,87,0.0,0.0,0.0,0.3456666666666667,12.1275,6.0,4,19.4443803089586,55.0,0.04,0.0,0.0,0.0,0.0,38.93985990791482,optimal
2021-02-08 23:30:00,6,87,0.0,0.0,0.0,0.06766666666666667,12.1275,6.0,4,19.339678638622733,55.0,0.04,0.0,0.0,0.0,0.0,38.90092004800691,optimal
2021-02-09 00:00:00,6,87,3.5714285714285716,0.0,5.0,0.096,10.584,6.0,0,19.339678638622733,55.0,0.04,12500.0,0.0,0.0,0.0,41.2370191279589,optimal
2021-02-09 00:30:00,6,87,3.5714285714285716,0.0,0.6597374613746123,0.259,11.2455,6.0,0,19.43268942618998,55.0,0.11933333333333333,4209.666666666666,0.0,8290.333333333334,0.0,41.50915740298388,optimal
2021-02-09 01:00:00,6,87,3.5714285714285716,0.0,0.0,0.072,12.1275,6.0,0,19.394203818581936,55.0,0.11933333333333333,12500.0,0.0,0.0,0.0,41.46764824558089,optimal
2021-02-09 01:30:00,6,87,3.5714285714285716,0.0,0.0,0.1368,11.823,6.0,0,19.485017505425002,55.0,0.11933333333333333,12500.0,0.0,0.0,0.0,41.4261805973353,optimal
2021-02-09 02:00:00,6,87,3.5714285714285716,0.0,0.0,0.072,11.7705,6.0,0,19.575718235121595,55.0,0.11933333333333333,12500.0,0.0,0.0,0.0,41.38475441673797,optimal
2021-02-09 02:30:00,6,87,3.5714285714285716,0.0,5.0,0.072,11.13,6.0,0,19.66418354578889,55.0,0.11933333333333333,12500.0,0.0,0.0,0.0,43.71836966232123,optimal
2021-02-09 03:00:00,6,87,3.5714285714285716,0.0,0.0,0.1368,11.6865,6.0,0,19.752412086847364,55.0,0.11933333333333333,12500.0,0.0,0.0,0.0,43.67465129265891,optimal
2021-02-09 03:30:00,6,87,3.5714285714285716,0.0,5.0,0.072,10.7205,6.0,0,19.84146689430008,55.0,0.11933333333333333,12500.0,0.0,0.0,0.0,46.005976641366246,optimal
2021-02-09 04:00:00,6,87,3.5714285714285716,0.0,0.0,0.072,11.424,6.0,0,19.929527495268058,55.0,0.11933333333333333,12500.0,0.0,0.0,0.0,45.95997066472487,optimal
2021-02-09 04:30:00,6,87,3.5714285714285716,0.0,5.0,0.1368,10.689,6.0,0,20.017661588085947,55.0,0.11933333333333333,12500.0,0.0,0.0,0.0,48.289010694060146,optimal
2021-02-09 05:00:00,6,87,3.5714285714285716,0.0,0.0,0.072,11.361,6.0,0,20.105699217746835,55.0,0.11933333333333333,12500.0,0.0,0.0,0.0,48.240721683366075,optimal
2021-02-09 05:30:00,6,87,3.5714285714285716,0.0,0.0,0.072,11.571,6.0,0,20.19151782084069,55.0,0.11933333333333333,12500.0,0.0,0.0,0.0,48.192480961682705,optimal
2021-02-09 06:00:00,6,87,0.0,0.0,0.0,0.2014,14.3745,6.0,0,20.276808175579554,55.0,0.11733333333333333,0.0,0.0,0.0,0.0,48.144288480721016,optimal
2021-02-09 06:30:00,6,87,3.5714285714285716,0.0,0.0,0.4734,13.23,6.0,0,20.159585271465158,55.0,0.04533333333333334,12500.0,0.0,0.0,0.0,48.096144192240295,optimal
2021-02-09 07:00:00,6,87,3.5714285714285716,0.0,0.0,1.5038666666666665,13.9755,6.0,0,20.255007227294254,55.0,0.024666666666666667,12500.0,0.0,0.0,0.0,48.048048048048045,optimal
2021-02-09 07:30:00,6,87,0.0,0.0,0.0,1.7040333333333333,14.994,6.0,0,20.35348794070201,55.0,0.022,0.0,0.0,0.0,0.0,48.0,optimal
2021-02-09 08:00:00,6,87,3.5714285714285716,0.0,0.0,0.18853333333333333,13.671,6.0,0,20.24827494538941,55.0,0.017333333333333333,12500.0,0.0,0.0,0.0,47.68275327816666,optimal
2021-02-09 08:30:00,6,87,0.0,0.0,0.0,0.1368,15.981,6.0,0,20.33653003571735,55.0,0.017333333333333333,0.0,0.0,0.0,0.0,47.36582380305515,optimal
2021-02-09 09:00:00,6,87,0.0,0.0,0.0,0.072,15.6345,6.0,0,20.213935079135585,55.0,0.017333333333333333,0.0,0.0,0.0,0.0,47.049211257418754,optimal
2021-02-09 09:30:00,6,87,0.0,0.0,0.0,0.072,16.5375,6.0,0,20.11281323296254,55.0,0.017333333333333333,0.0,0.0,0.0,0.0,46.732915324328,optimal
2021-02-09 10:00:00,6,87,1.82286614171807,0.0,0.0,0.1368,14.7735,6.0,0,20.014160454657702,55.0,0.017333333333333333,6380.0314960132455,0.0,0.0,0.0,46.41693568717033,optimal
2021-02-09 10:30:00,6,87,0.0,0.0,0.0,0.072,15.2145,6.0,0,20.059240401755567,55.0,0.017333333333333333,0.0,0.0,0.0,0.0,46.10127202964982,optimal
2021-02-09 11:00:00,6,87,0.41937568399524006,0.0,0.0,0.072,14.553,6.0,0,20.0,55.0,0.017333333333333333,1467.8148939833402,0.0,0.0,0.0,45.78592403578683,optimal
2021-02-09 11:30:00,6,87,0.40682372499613195,0.0,0.0,0.1368,14.3325,6.0,0,20.0,55.0,0.017333333333333333,1423.8830374864617,0.0,0.0,0.0,45.4708913899177,optimal
2021-02-09 12:00:00,6,87,0.0,0.0,0.0,0.072,14.595,6.0,0,20.000649640280795,55.0,0.017333333333333333,0.0,0.0,0.0,0.0,45.156173776694445,optimal
2021-02-09 12:30:00,6,87,0.0,0.0,0.0,0.072,14.994,6.0,0,20.000478177582213,55.0,0.017333333333333333,0.0,0.0,0.0,0.0,44.84177088108441,optimal
2021-02-09 13:00:00,6,87,0.0,0.0,0.0,0.1368,14.3325,6.0,0,20.0,55.0,0.017333333333333333,0.0,0.0,0.0,0.0,44.52768238836998,optimal
2021-02-09 13:30:00,6,87,0.0,0.0,0.0,0.0756,13.8915,6.0,0,20.005893854630184,55.0,0.017333333333333333,0.0,0.0,0.0,0.0,44.21390798414827,optimal
2021-02-09 14:00:00,6,87,3.381615025668317,0.0,0.0,0.13319999999999999,13.8915,6.0,0,20.010441057883675,55.0,0.017333333333333333,11835.652589839108,0.0,0.0,0.0,43.90044735433078,optimal
2021-02-09 14:30:00,6,87,3.5714285714285716,0.0,0.0,0.072,13.4715,6.0,0,20.202673796524795,55.0,0.017333333333333333,12500.0,0.0,0.0,0.0,43.58730018514311,optimal
2021-02-09 15:00:00,6,87,3.5714285714285716,0.0,0.0,0.1368,13.23,6.0,0,20.403296487758816,55.0,0.017333333333333333,12500.0,0.0,0.0,0.0,43.27446616312462,optimal
2021-02-09 15:30:00,6,87,3.5714285714285716,0.0,0.0,0.072,13.8915,6.0,0,20.576564944781442,55.0,0.017333333333333333,12500.0,0.0,0.0,0.0,42.961944975128155,optimal
2021-02-09 16:00:00,6,87,0.0,0.0,0.0,0.2396,26.9325,6.0,0,20.747705285492735,55.0,0.016,0.0,0.0,0.0,0.0,42.64973630831969,optimal
2021-02-09 16:30:00,6,87,0.0,0.0,0.0,0.35553333333333337,30.303,6.0,0,20.681885651036858,55.0,0.016,0.0,0.0,0.0,0.0,42.33783985017803,optimal
2021-02-09 17:00:00,6,87,0.0,0.0,0.0,0.6301,32.886,6.0,0,20.618504654308833,55.0,0.014666666666666666,0.0,0.0,0.0,0.0,42.29550201032785,optimal
2021-02-09 17:30:00,6,87,0.0,0.0,0.0,0.3841333333333333,34.9965,6.0,0,20.52495123600477,55.0,0.008666666666666666,0.0,0.0,0.0,0.0,42.253206508317525,optimal
2021-02-09 18:00:00,6,87,0.0,0.0,0.0,0.32176666666666665,33.327,6.0,0,20.428530645825383,55.0,0.008666666666666666,0.0,0.0,0.0,0.0,42.210953301809205,optimal
2021-02-09 18:30:00,6,87,0.0,0.0,0.0,0.3238333333333333,31.122,6.0,0,20.318211160460482,55.0,0.004,0.0,0.0,0.0,0.0,42.168742348507394,optimal
2021-02-09 19:00:00,6,87,0.0,0.0,0.0,0.26680000000000004,17.9025,6.0,0,20.212325906657295,55.0,0.004,0.0,0.0,0.0,0.0,42.126573606158885,optimal
2021-02-09 19:30:00,6,87,0.0,0.0,0.0,0.10026666666666668,15.6555,6.0,0,20.10731718581265,55.0,0.0033333333333333335,0.0,0.0,0.0,0.0,42.084447032552724,optimal
2021-02-09 20:00:00,6,87,1.5688506772081274,0.0,0.0,0.8435666666666667,14.553,6.0,0,20.0,55.0,0.0033333333333333335,5490.9773702284465,0.0,0.0,0.0,42.04236258552017,optimal
2021-02-09 20:30:00,6,87,0.0,0.0,0.0,0.32153333333333334,14.3325,6.0,0,20.0,55.0,0.0033333333333333335,0.0,0.0,0.0,0.0,42.000320222934654,optimal
2021-02-09 21:00:00,6,87,0.0,0.0,0.0,0.30846666666666667,13.335,6.0,0,19.901135294752088,55.0,0.0,0.0,0.0,0.0,0.0,41.95831990271172,optimal
2021-02-09 21:30:00,6,87,0.059714285714285706,0.0,0.0,0.0964,12.1275,6.0,0,19.800273687527238,55.0,0.0006666666666666665,0.0,0.0,208.99999999999997,0.0,41.91636158280901,optimal
2021-02-09 22:00:00,6,87,0.0,0.0,0.0,0.15706666666666666,12.2955,6.0,0,19.691968750178788,55.0,0.0,0.0,0.0,0.0,0.0,41.8744452212262,optimal
2021-02-09 22:30:00,6,87,0.05971428571428571,0.0,0.0,0.6159,11.6865,6.0,0,19.58606733468003,55.0,0.0,0.0,0.0,209.0,0.0,41.83257077600498,optimal
2021-02-09 23:00:00,6,87,0.11942857142857143,0.0,0.0,0.4532,11.466,6.0,0,19.48792096927555,55.0,0.0,0.0,0.0,418.0,0.0,41.790738205228976,optimal
2021-02-09 23:30:00,6,87,0.0,0.0,0.0,0.45180000000000003,10.8045,6.0,0,19.386220666588297,55.0,0.0,0.0,0.0,0.0,0.0,41.74894746702375,optimal
2021-02-10 00:00:00,6,87,3.5714285714285716,0.0,0.0,0.06266666666666666,11.844,6.0,-4,19.386220666588297,55.0,0.0,12500.0,0.0,0.0,0.0,41.70719851955673,optimal
2021-02-10 00:30:00,6,87,3.5714285714285716,0.0,0.0,0.063,11.508,6.0,-4,19.475774759465747,55.0,0.052,7066.0,0.0,5434.0,0.0,41.66549132103717,optimal
2021-02-10 01:00:00,6,87,3.5714285714285716,0.0,0.0,0.063,11.508,6.0,-4,19.474610489173823,55.0,0.052,12500.0,0.0,0.0,0.0,41.62382582971614,optimal
2021-02-10 01:30:00,6,87,3.5714285714285716,0.0,5.0,0.1752,10.4475,6.0,-4,19.561859728435433,55.0,0.052,12500.0,0.0,0.0,0.0,43.95720200388642,optimal
2021-02-10 02:00:00,6,87,3.5714285714285716,0.0,4.716967572489816,0.15876666666666667,10.8675,6.0,-4,19.64979447625274,55.0,0.052,12500.0,0.0,0.0,0.0,46.15380439881519,optimal
2021-02-10 02:30:00,6,87,3.5714285714285716,0.0,5.0,0.1411,10.542,6.0,-4,19.73630319216837,55.0,0.052,12500.0,0.0,0.0,0.0,48.48265059441637,optimal
2021-02-10 03:00:00,6,87,3.5714285714285716,0.0,0.0,0.1252666666666667,11.025,6.0,-4,19.821989989657876,55.0,0.052,12500.0,0.0,0.0,0.0,48.434167943821954,optimal
2021-02-10 03:30:00,6,87,3.5714285714285716,0.0,0.0,0.16440000000000002,11.025,6.0,-4,19.906889962336656,55.0,0.052,12500.0,0.0,0.0,0.0,48.38573377587813,optimal
2021-02-10 04:00:00,6,87,3.5714285714285716,0.0,0.0,0.063,14.553,6.0,-4,19.99190843856207,55.0,0.052,12500.0,0.0,0.0,0.0,48.33734804210225,optimal
2021-02-10 04:30:00,6,87,3.5714285714285716,0.0,0.0,0.063,13.0935,6.0,-4,20.074742417633644,55.0,0.052,12500.0,0.0,0.0,0.0,48.289010694060146,optimal
2021-02-10 05:00:00,6,87,3.5714285714285716,0.0,0.0,0.1752,15.6345,6.0,-4,20.156450979310854,55.0,0.052,12500.0,0.0,0.0,0.0,48.240721683366075,optimal
2021-02-10 05:30:00,6,87,0.0,0.0,0.0,0.0968,18.102,6.0,-4,20.23887915466449,55.0,0.052,0.0,0.0,0.0,0.0,48.192480961682705,optimal
2021-02-10 06:00:00,6,87,3.5714285714285716,0.0,0.0,0.14186666666666667,17.199,6.0,-4,20.1141202108799,55.0,0.052,12500.0,0.0,0.0,0.0,48.144288480721016,optimal
2021-02-10 06:30:00,6,87,0.0,0.0,0.0,0.063,18.2805,6.0,-4,20.195031788558467,55.0,0.052,0.0,0.0,0.0,0.0,48.096144192240295,optimal
2021-02-10 07:00:00,6,87,2.920431347817793,0.0,0.0,0.22790000000000002,17.4615,6.0,-4,20.070604559097163,55.0,0.05,10221.509717362274,0.0,0.0,0.0,48.048048048048045,optimal
2021-02-10 07:30:00,6,87,0.0,0.0,0.0,0.13396666666666668,18.3225,6.0,-4,20.118874559996758,55.0,0.044,0.0,0.0,0.0,0.0,48.0,optimal
2021-02-10 08:00:00,6,87,2.067789811406131,0.0,0.0,0.1257666666666667,17.094,6.0,-4,20.0,55.0,0.044,7237.2643399214585,0.0,0.0,0.0,47.66536091024845,optimal
2021-02-10 08:30:00,6,87,1.9832336287566508,0.0,0.0,0.2738333333333333,17.094,6.0,-4,20.0,55.0,0.042666666666666665,6941.317700648277,0.0,0.0,0.0,47.331056459586655,optimal
2021-02-10 09:00:00,6,87,3.0995832347862224,0.0,0.0,0.3641333333333333,17.094,6.0,-4,20.0,55.0,0.04,10848.541321751778,0.0,0.0,0.0,46.997086313375526,optimal
2021-02-10 09:30:00,6,87,0.0,0.0,0.0,0.37,17.3565,6.0,-4,20.088851883193975,55.0,0.020666666666666667,0.0,0.0,0.0,0.0,46.663450137310605,optimal
2021-02-10 10:00:00,6,87,1.987248721479573,0.0,0.0,0.073,17.115,6.0,-4,20.0,55.0,0.020666666666666667,6955.370525178506,0.0,0.0,0.0,46.33014759742175,optimal
2021-02-10 10:30:00,6,87,0.0,0.0,0.0,0.2447333333333333,17.241,6.0,-4,20.055274543457692,55.0,0.020666666666666667,0.0,0.0,0.0,0.0,45.99717836007278,optimal
2021-02-10 11:00:00,6,87,0.5211695299584409,0.0,0.0,0.12613333333333335,17.094,6.0,-4,20.0,55.0,0.020666666666666667,1824.093354854543,0.0,0.0,0.0,45.66454209196116,optimal
2021-02-10 11:30:00,6,87,3.5714285714285716,0.0,0.0,0.13793333333333332,16.5165,6.0,-4,20.0,55.0,0.020666666666666667,12500.0,0.0,0.0,0.0,45.33223846011765,optimal
2021-02-10 12:00:00,6,87,0.0,0.0,0.0,0.2329333333333333,17.8185,6.0,-4,20.17570567256221,55.0,0.020666666666666667,0.0,0.0,0.0,0.0,45.000267131905986,optimal
2021-02-10 12:30:00,6,87,0.450076015106472,0.0,0.0,0.073,17.094,6.0,-4,20.181413535312995,55.0,0.020666666666666667,1575.266052872652,0.0,0.0,0.0,44.668627775022536,optimal
2021-02-10 13:00:00,6,87,3.5714285714285716,0.0,0.0,0.2927666666666667,16.8945,6.0,-4,20.2102727902817,55.0,0.020666666666666667,12500.0,0.0,0.0,0.0,44.337320057495965,optimal
2021-02-10 13:30:00,6,87,0.0,0.0,0.0,0.07809999999999999,18.123,6.0,-4,20.415912631170055,55.0,0.020666666666666667,0.0,0.0,0.0,0.0,44.006343647686926,optimal
2021-02-10 14:00:00,6,87,0.0,0.0,0.0,0.37906666666666666,31.647,6.0,-4,20.41322118383245,55.0,0.020666666666666667,0.0,0.0,0.0,0.0,43.67569821428769,optimal
2021-02-10 14:30:00,6,87,0.0,0.0,0.0,0.5357333333333334,34.9965,6.0,-4,20.41390140431735,55.0,0.020666666666666667,0.0,0.0,0.0,0.0,43.34538342632186,optimal
2021-02-10 15:00:00,6,87,0.0,0.0,0.0,0.396,34.9965,6.0,-4,20.418558357481295,55.0,0.020666666666666667,0.0,0.0,0.0,0.0,43.01539895314399,optimal
2021-02-10 15:30:00,6,87,0.0,0.0,0.0,0.2272333333333333,34.9965,6.0,-4,20.399835429144094,55.0,0.019333333333333334,0.0,0.0,0.0,0.0,42.6857444644393,optimal
2021-02-10 16:00:00,6,87,0.0,0.0,0.0,0.5678666666666666,34.9965,6.0,-4,20.38095339813175,55.0,0.015333333333333332,0.0,0.0,0.0,0.0,42.356419630223314,optimal
2021-02-10 16:30:00,6,87,0.0,0.0,0.0,2.2765,34.9965,6.0,-4,20.333237324527246,55.0,0.015333333333333332,0.0,0.0,0.0,0.0,42.027424120841545,optimal
2021-02-10 17:00:00,6,87,0.0,0.0,0.0,0.2840666666666667,27.741,6.0,-4,20.296603637859388,55.0,0.011333333333333334,0.0,0.0,0.0,0.0,41.985396696720706,optimal
2021-02-10 17:30:00,6,87,0.0,0.0,0.0,0.35333333333333333,19.026,6.0,-4,20.19959470092102,55.0,0.008,0.0,0.0,0.0,0.0,41.94341130002398,optimal
2021-02-10 18:00:00,6,87,0.0,0.0,0.0,0.41153333333333336,18.7215,6.0,-4,20.105022962830862,55.0,0.004666666666666667,0.0,0.0,0.0,0.0,41.90146788872396,optimal
2021-02-10 18:30:00,6,87,1.8569306498146878,0.0,0.0,0.3706333333333333,17.4195,6.0,-4,20.0,55.0,0.001333333333333333,6499.257274351407,0.0,0.0,0.0,41.859566420835236,optimal
2021-02-10 19:00:00,6,87,1.936557300827954,0.0,0.0,0.3052333333333333,16.758,6.0,-4,20.0,55.0,0.0,6777.950552897839,0.0,0.0,0.0,41.8177068544144,optimal
2021-02-10 19:30:00,6,87,2.008976338663607,0.0,0.0,0.36336666666666667,14.217,6.0,-4,20.0,55.0,0.0,6752.750518655957,0.0,278.66666666666663,0.0,41.77588914755999,optimal
2021-02-10 20:00:00,6,87,2.01648109078499,0.0,0.0,0.4439333333333333,13.3665,6.0,-4,20.0,55.0,0.0,6709.350484414133,0.0,348.3333333333333,0.0,41.73411325841243,optimal
2021-02-10 20:30:00,6,87,0.0199047619047619,0.0,0.0,0.32206666666666667,12.789,6.0,-4,20.0,55.0,0.0,0.0,0.0,69.66666666666666,0.0,41.692379145154014,optimal
2021-02-10 21:00:00,6,87,0.0,0.0,0.0,0.6389,11.907,6.0,-4,19.887871791161995,55.0,0.0,0.0,0.0,0.0,0.0,41.65068676600886,optimal
2021-02-10 21:30:00,6,87,0.0,0.0,0.0,0.3263333333333333,11.7075,6.0,-4,19.779809313054233,55.0,0.0,0.0,0.0,0.0,0.0,41.60903607924285,optimal
2021-02-10 22:00:00,6,87,0.0398095238095238,0.0,0.0,0.4106666666666667,10.8045,6.0,-4,19.66010260971158,55.0,0.001333333333333333,0.0,0.0,139.33333333333331,0.0,41.567427043163605,optimal
2021-02-10 22:30:00,6,87,0.0,0.0,0.0,0.5424,11.508,6.0,-4,19.533522370352614,55.0,0.001333333333333333,0.0,0.0,0.0,0.0,41.52585961612044,optimal
2021-02-10 23:00:00,6,87,0.0,0.0,0.0,0.4461333333333333,11.508,6.0,-4,19.407473364232274,55.0,0.001333333333333333,0.0,0.0,0.0,0.0,41.48433375650432,optimal
2021-02-10 23:30:00,6,87,0.0,0.0,0.0,0.5225333333333333,11.508,6.0,-4,19.276364835729336,55.0,0.0,0.0,0.0,0.0,0.0,41.44284942274781,optimal
2021-02-11 00:00:00,6,87,3.5714285714285716,0.0,0.0,0.052,11.2245,6.0,-3,19.276364835729336,55.0,0.0,12500.0,0.0,0.0,0.0,41.40140657332506,optimal
2021-02-11 00:30:00,6,87,3.5714285714285716,0.0,0.0,0.056100000000000004,11.025,6.0,-3,19.340649705614915,55.0,0.002,12291.0,0.0,209.0,0.0,41.36000516675173,optimal
2021-02-11 01:00:00,6,87,3.5714285714285716,0.0,5.0,0.1217,10.7835,6.0,-3,19.401797665811895,55.0,0.002,12500.0,0.0,0.0,0.0,43.69364516158498,optimal
2021-02-11 01:30:00,6,87,3.5714285714285716,0.0,0.0,0.052,11.025,6.0,-3,19.46768337919144,55.0,0.002,12500.0,0.0,0.0,0.0,43.6499515164234,optimal
2021-02-11 02:00:00,6,87,3.5714285714285716,0.0,5.0,0.056100000000000004,10.584,6.0,-3,19.53202168696775,55.0,0.002,12500.0,0.0,0.0,0.0,45.98130156490698,optimal
2021-02-11 02:30:00,6,87,3.5714285714285716,0.0,0.9723572927903715,0.1217,11.025,6.0,-3,19.596031134111556,55.0,0.002,12500.0,0.0,0.0,0.0,46.3971899774175,optimal
2021-02-11 03:00:00,6,87,3.5714285714285716,0.0,5.0,0.052,10.4265,6.0,-3,19.660105720998587,55.0,0.002,12500.0,0.0,0.0,0.0,48.72579278744007,optimal
2021-02-11 03:30:00,6,87,3.5714285714285716,0.0,0.0,0.1258,12.789,6.0,-3,19.722028509889142,55.0,0.002,12500.0,0.0,0.0,0.0,48.67706699465263,optimal
2021-02-11 04:00:00,6,87,3.5714285714285716,0.0,0.0,0.05533333333333334,12.684,6.0,-3,19.78631801045745,55.0,0.002,12500.0,0.0,0.0,0.0,48.62838992765797,optimal
2021-02-11 04:30:00,6,87,3.5714285714285716,0.0,0.0,0.062,16.254,6.0,-3,19.85054161451036,55.0,0.002,12500.0,0.0,0.0,0.0,48.579761537730306,optimal
2021-02-11 05:00:00,6,87,3.5714285714285716,0.0,0.0,0.062,17.64,6.0,-3,19.914369896197606,55.0,0.002,12500.0,0.0,0.0,0.0,48.53118177619257,optimal
2021-02-11 05:30:00,6,87,3.5714285714285716,0.0,0.0,0.1235,19.1625,6.0,-3,19.977805288888902,55.0,0.002,12500.0,0.0,0.0,0.0,48.48265059441637,optimal
2021-02-11 06:00:00,6,87,1.4487016407821167,0.0,0.0,0.07429999999999999,26.46,6.0,-3,20.04339657922379,55.0,0.002,5070.455742737408,0.0,0.0,0.0,48.434167943821954,optimal
2021-02-11 06:30:00,6,87,3.5714285714285716,0.0,0.0,0.062,20.79,6.0,-3,19.98760330747665,55.0,0.002,12500.0,0.0,0.0,0.0,48.38573377587813,optimal
2021-02-11 07:00:00,6,87,0.0,0.0,0.0,0.06933333333333333,29.106,6.0,-3,20.05520447337234,55.0,0.002,0.0,0.0,0.0,0.0,48.33734804210225,optimal
2021-02-11 07:30:00,6,87,3.5714285714285716,0.0,0.0,0.3053,19.1835,6.0,-3,19.920022284807146,55.0,0.0,12500.0,0.0,0.0,0.0,48.289010694060146,optimal
2021-02-11 08:00:00,6,87,2.338423135198755,0.0,0.0,0.1758,19.6665,6.0,-3,20.0,55.0,0.0,7487.814306528975,0.0,696.6666666666666,0.0,48.240721683366075,optimal
2021-02-11 08:30:00,6,87,2.263602176947788,0.0,0.0,0.061,19.404,6.0,-3,20.0,55.0,0.0,7713.607619317258,0.0,209.0,0.0,48.192480961682705,optimal
2021-02-11 09:00:00,6,87,1.7064934424045326,0.0,0.0,0.6433666666666666,19.047,6.0,-3,20.0,55.0,0.0,5554.7270484158635,0.0,418.0,0.0,48.144288480721016,optimal
2021-02-11 09:30:00,6,87,2.037353519341218,0.0,0.0,0.9501000000000001,18.858,6.0,-3,20.0,55.0,0.001333333333333333,6991.40398436093,0.0,139.33333333333331,0.0,48.096144192240295,optimal
2021-02-11 10:00:00,6,87,0.0,0.0,0.0,0.1135,19.2675,6.0,-3,20.034907970302772,55.0,0.0,0.0,0.0,0.0,0.0,48.048048048048045,optimal
2021-02-11 10:30:00,6,87,0.7269372984309103,0.0,0.0,0.1007,18.963,6.0,-3,20.0,55.0,0.0,2544.280544508186,0.0,0.0,0.0,48.0,optimal
2021-02-11 11:00:00,6,87,0.42060072130284815,0.0,0.0,0.09190000000000001,18.438,6.0,-3,20.0,55.0,0.0,1472.1025245599685,0.0,0.0,0.0,47.83364418100296,optimal
2021-02-11 11:30:00,6,87,0.0,0.0,0.0,0.11996666666666668,18.7425,6.0,-3,20.01060941536464,55.0,0.0,0.0,0.0,0.0,0.0,47.66745471782492,optimal
2021-02-11 12:00:00,6,87,3.5714285714285716,0.0,0.0,0.062,15.2145,6.0,-3,20.0,55.0,0.001333333333333333,12360.666666666666,0.0,139.33333333333331,0.0,47.501431444110054,optimal
2021-02-11 12:30:00,6,87,0.0,0.0,0.0,0.1358,17.7765,6.0,-3,20.218921788677648,55.0,0.001333333333333333,0.0,0.0,0.0,0.0,47.335574193668904,optimal
2021-02-11 13:00:00,6,87,0.0,0.0,0.0,0.062,16.758,6.0,-3,20.23920885068223,55.0,0.001333333333333333,0.0,0.0,0.0,0.0,47.1698828004782,optimal
2021-02-11 13:30:00,6,87,2.7192201568836305,0.0,0.0,0.1194,16.422,6.0,-3,20.246921555718266,55.0,0.001333333333333333,9517.270549092706,0.0,0.0,0.0,47.004357098680686,optimal
2021-02-11 14:00:00,6,87,0.0,0.0,0.0,0.07840000000000001,16.758,6.0,-3,20.4120582719194,55.0,0.001333333333333333,0.0,0.0,0.0,0.0,46.83899692258497,optimal
2021-02-11 14:30:00,6,87,0.0,0.0,0.0,0.11120000000000001,29.358,6.0,-3,20.42341550266248,55.0,0.001333333333333333,0.0,0.0,0.0,0.0,46.67380210666534,optimal
2021-02-11 15:00:00,6,87,0.0,0.0,0.0,0.0866,34.9965,6.0,-3,20.433085775143912,55.0,0.001333333333333333,0.0,0.0,0.0,0.0,46.508772485561636,optimal
2021-02-11 15:30:00,6,87,0.0,0.0,0.0,0.062,34.65,6.0,-3,20.412463813051776,55.0,0.001333333333333333,0.0,0.0,0.0,0.0,46.34390789407904,optimal
2021-02-11 16:00:00,6,87,0.0,0.0,0.0,0.16490000000000002,34.9965,6.0,-3,20.384487063782426,55.0,0.0006666666666666665,0.0,0.0,0.0,0.0,46.17920816718792,optimal
2021-02-11 16:30:00,6,87,0.0,0.0,0.0,0.07133333333333333,34.9965,6.0,-3,20.321309588170507,55.0,0.0,0.0,0.0,0.0,0.0,46.014673140023696,optimal
2021-02-11 17:00:00,6,87,0.0,0.0,0.0,0.1358,30.4815,6.0,-3,20.248283754022978,55.0,0.0,0.0,0.0,0.0,0.0,45.850302647886636,optimal
2021-02-11 17:30:00,6,87,0.0,0.0,0.0,0.062,21.4305,6.0,-3,20.125754243971436,55.0,0.0,0.0,0.0,0.0,0.0,45.68609652624171,optimal
2021-02-11 18:00:00,6,87,2.5008162271330834,0.0,0.0,0.062,14.3325,6.0,-3,20.0,55.0,0.0,8752.856794965792,0.0,0.0,0.0,45.522054610718435,optimal
2021-02-11 18:30:00,6,87,3.5714285714285716,0.0,0.0,0.1358,13.692,6.0,-3,20.0,55.0,0.0,12500.0,0.0,0.0,0.0,45.358176737110675,optimal
2021-02-11 19:00:00,6,87,1.6890248074319716,0.0,0.0,0.062,14.007,6.0,-3,20.057364069917714,55.0,0.0,5911.5868260119005,0.0,0.0,0.0,45.194462741376526,optimal
2021-02-11 19:30:00,6,87,2.763339938823169,0.0,0.0,0.0825,12.873,6.0,-3,20.0,55.0,0.0,9671.689785881092,0.0,0.0,0.0,45.03091245963811,optimal
2021-02-11 20:00:00,6,87,2.68270752656398,0.0,0.0,0.1923,12.684,6.0,-3,20.0,55.0,0.0,9389.47634297393,0.0,0.0,0.0,44.98588154717847,optimal
2021-02-11 20:30:00,6,87,0.0796190476190476,0.0,0.0,0.101,12.306,6.0,-3,20.0,55.0,0.0,0.0,0.0,278.66666666666663,0.0,44.940895665631295,optimal
2021-02-11 21:00:00,6,87,0.0,0.0,0.0,0.1441,10.6365,6.0,-3,19.848737015149478,55.0,0.0,0.0,0.0,0.0,0.0,44.89595476996566,optimal
2021-02-11 21:30:00,6,87,0.0,0.0,0.0,0.4337,11.2455,6.0,-3,19.70140429312625,55.0,0.0,0.0,0.0,0.0,0.0,44.8510588151957,optimal
2021-02-11 22:00:00,6,87,0.0,0.0,0.0,0.2437666666666667,11.2455,6.0,-3,19.561850436972584,55.0,0.0,0.0,0.0,0.0,0.0,44.8062077563805,optimal
2021-02-11 22:30:00,6,87,0.0,0.0,0.0,0.07429999999999999,11.025,6.0,-3,19.418156887969577,55.0,0.0,0.0,0.0,0.0,0.0,44.76140154862412,optimal
2021-02-11 23:00:00,6,87,0.0,0.0,0.0,0.11120000000000001,12.0855,6.0,-3,19.26283321885217,55.0,0.0,0.0,0.0,0.0,0.0,44.716640147075495,optimal
2021-02-11 23:30:00,6,87,0.0,0.0,0.0,0.0866,11.6865,6.0,-3,19.105376896355068,55.0,0.0,0.0,0.0,0.0,0.0,44.67192350692842,optimal
2021-02-12 00:00:00,6,87,3.5714285714285716,0.0,0.0,0.183,11.7285,6.0,4,19.105376896355068,55.0,0.0,12500.0,0.0,0.0,0.0,44.6272515834215,optimal
2021-02-12 00:30:00,6,87,3.5714285714285716,0.0,0.0,0.36889999999999995,11.025,6.0,4,19.154974951226997,55.0,0.012,11037.0,0.0,1463.0,0.0,44.582624331838076,optimal
2021-02-12 01:00:00,6,87,3.5714285714285716,0.0,0.0,0.3467,10.689,6.0,4,19.1853182044496,55.0,0.007333333333333333,12500.0,0.0,0.0,0.0,44.53804170750624,optimal
2021-02-12 01:30:00,6,87,3.5714285714285716,0.0,5.0,0.14433333333333334,8.1585,6.0,4,19.239593376855524,55.0,0.007333333333333333,12500.0,0.0,0.0,0.0,46.868503665798734,optimal
2021-02-12 02:00:00,6,87,3.5714285714285716,0.0,0.0,0.13419999999999999,10.3635,6.0,4,19.288942589827343,55.0,0.007333333333333333,12500.0,0.0,0.0,0.0,46.821635162132935,optimal
2021-02-12 02:30:00,6,87,3.5714285714285716,0.0,0.0,0.064,10.8045,6.0,4,19.33602389930381,55.0,0.007333333333333333,12500.0,0.0,0.0,0.0,46.7748135269708,optimal
2021-02-12 03:00:00,6,87,3.5714285714285716,0.0,0.0,0.064,11.025,6.0,4,19.38351198256421,55.0,0.007333333333333333,12500.0,0.0,0.0,0.0,46.72803871344383,optimal
2021-02-12 03:30:00,6,87,3.5714285714285716,0.0,0.0,0.13419999999999999,10.3635,6.0,4,19.432554379223163,55.0,0.007333333333333333,12500.0,0.0,0.0,0.0,46.68131067473038,optimal
2021-02-12 04:00:00,6,87,3.5714285714285716,0.0,0.0,0.07333333333333333,10.8045,6.0,4,19.486753727772324,55.0,0.007333333333333333,12500.0,0.0,0.0,0.0,46.634629364055655,optimal
2021-02-12 04:30:00,6,87,3.5714285714285716,0.0,0.0,0.0855,10.059,6.0,4,19.54377819813352,55.0,0.007333333333333333,12500.0,0.0,0.0,0.0,46.5879947346916,optimal
2021-02-12 05:00:00,6,87,3.5714285714285716,0.0,0.0,0.1147,10.584,6.0,4,19.605079900527244,55.0,0.007333333333333333,12500.0,0.0,0.0,0.0,46.541406739956905,optimal
2021-02-12 05:30:00,6,87,3.5714285714285716,0.0,3.7771481280909383,0.064,9.4185,6.0,4,19.67082418076533,55.0,0.007333333333333333,12500.0,0.0,0.0,0.0,48.289010694060146,optimal
2021-02-12 06:00:00,6,87,3.5714285714285716,0.0,0.0,0.06733333333333333,10.3635,6.0,4,19.740257516204714,55.0,0.007333333333333333,12500.0,0.0,0.0,0.0,48.240721683366075,optimal
2021-02-12 06:30:00,6,87,3.5714285714285716,0.0,0.0,0.07166666666666667,9.8385,6.0,4,19.81418778616476,55.0,0.007333333333333333,12500.0,0.0,0.0,0.0,48.192480961682705,optimal
2021-02-12 07:00:00,6,87,3.5714285714285716,0.0,0.0,0.13419999999999999,11.067,6.0,4,19.888278525900727,55.0,0.007333333333333333,12500.0,0.0,0.0,0.0,48.144288480721016,optimal
2021-02-12 07:30:00,6,87,3.5714285714285716,0.0,0.0,0.3926,10.8465,6.0,4,19.963678791128444,55.0,0.007333333333333333,12500.0,0.0,0.0,0.0,48.096144192240295,optimal
2021-02-12 08:00:00,6,87,3.5714285714285716,0.0,0.0,0.087,13.671,6.0,4,20.038777233955148,55.0,0.0006666666666666665,12500.0,0.0,0.0,0.0,48.048048048048045,optimal
2021-02-12 08:30:00,6,87,3.5714285714285716,0.0,0.0,0.1076,12.348,6.0,4,20.104621907522613,55.0,0.0,12500.0,0.0,0.0,0.0,48.0,optimal
2021-02-12 09:00:00,6,87,0.9105351318076661,0.0,0.0,0.12826666666666667,14.3325,6.0,4,20.17071308134894,55.0,0.0,3186.872961326831,0.0,0.0,0.0,47.6810278456392,optimal
2021-02-12 09:30:00,6,87,0.0,0.0,0.0,0.06466666666666668,15.393,6.0,4,20.10493467760348,55.0,0.0,0.0,0.0,0.0,0.0,47.36237466343276,optimal
2021-02-12 10:00:00,6,87,2.0435912836190018,0.0,0.0,0.064,13.587,6.0,4,20.0,55.0,0.0,7152.5694926665055,0.0,0.0,0.0,47.044040134408526,optimal
2021-02-12 10:30:00,6,87,0.0,0.0,0.0,0.07333333333333333,16.1385,6.0,4,20.067340612957388,55.0,0.0,0.0,0.0,0.0,0.0,46.72602393991332,optimal
2021-02-12 11:00:00,6,87,0.0,0.0,0.0,0.06533333333333333,14.595,6.0,4,20.019552727742244,55.0,0.0,0.0,0.0,0.0,0.0,46.40832576161261,optimal
2021-02-12 11:30:00,6,87,0.0,0.0,0.0,0.13419999999999999,14.637,6.0,4,20.009015025061995,55.0,0.0,0.0,0.0,0.0,0.0,46.0909452814902,optimal
2021-02-12 12:00:00,6,87,0.0,0.0,0.0,0.064,13.9125,6.0,4,20.0,55.0,0.0,0.0,0.0,0.0,0.0,45.77388218184791,optimal
2021-02-12 12:30:00,6,87,0.0,0.0,0.0,0.11423333333333333,13.3665,6.0,4,20.003033119886773,55.0,0.0,0.0,0.0,0.0,0.0,45.45713614530526,optimal
2021-02-12 13:00:00,6,87,0.0,0.0,0.0,0.09796666666666669,13.0095,6.0,4,20.007058144339283,55.0,0.0,0.0,0.0,0.0,0.0,45.14070685479916,optimal
2021-02-12 13:30:00,6,87,0.0,0.0,0.0,0.064,13.8915,6.0,4,20.010308415285788,55.0,0.0,0.0,0.0,0.0,0.0,44.82459399358356,optimal
2021-02-12 14:00:00,6,87,0.0,0.0,0.0,0.1264,13.188,6.0,4,20.01247589975408,55.0,0.0,0.0,0.0,0.0,0.0,44.50879724522918,optimal
2021-02-12 14:30:00,6,87,0.06838368581737536,0.0,0.0,0.07746666666666667,12.5685,6.0,4,20.005009476028363,55.0,0.0,239.3429003608138,0.0,0.0,0.0,44.193316293623155,optimal
2021-02-12 15:00:00,6,87,0.42538825547302805,0.0,0.0,0.12826666666666667,12.285,6.0,4,20.0,55.0,0.0,1488.8588941555981,0.0,0.0,0.0,43.878150822968735,optimal
2021-02-12 15:30:00,6,87,3.5714285714285716,0.0,0.0,0.10606666666666666,11.487,6.0,4,20.0,55.0,0.010666666666666666,10967.333333333334,0.0,1532.6666666666667,0.0,43.56330051778497,optimal
2021-02-12 16:00:00,6,87,1.30963877264944,0.0,0.0,1.2494,11.802,6.0,4,20.15759004954293,55.0,0.010666666666666666,4583.735704273041,0.0,0.0,0.0,43.248765062906386,optimal
2021-02-12 16:30:00,6,87,3.5714285714285716,0.0,0.0,1.3034666666666668,11.2245,6.0,4,20.17738240601274,55.0,0.010666666666666666,12500.0,0.0,0.0,0.0,42.93454414348268,optimal
2021-02-12 17:00:00,6,87,3.5714285714285716,0.0,0.0,0.5263333333333333,11.025,6.0,4,20.323523819362755,55.0,0.009333333333333334,12500.0,0.0,0.0,0.0,42.8916095993392,optimal
2021-02-12 17:30:00,6,87,3.5714285714285716,0.0,0.0,0.32780000000000004,11.907,6.0,4,20.433306354559512,55.0,0.008666666666666666,12500.0,0.0,0.0,0.0,42.84871798973986,optimal
2021-02-12 18:00:00,6,87,0.0,0.0,0.0,0.36323333333333335,25.83,6.0,4,20.543595505271398,55.0,0.008666666666666666,0.0,0.0,0.0,0.0,42.80586927175012,optimal
2021-02-12 18:30:00,6,87,0.0,0.0,0.0,0.4722,28.035,6.0,4,20.4326606937201,55.0,0.003999999999999999,0.0,0.0,0.0,0.0,42.763063402478366,optimal
2021-02-12 19:00:00,6,87,0.0,0.0,0.0,0.38139999999999996,28.119,6.0,4,20.32638932316399,55.0,0.001333333333333333,0.0,0.0,0.0,0.0,42.72030033907589,optimal
2021-02-12 19:30:00,6,87,0.0,0.0,0.0,0.3644,30.156,6.0,4,20.2172926958854,55.0,0.001333333333333333,0.0,0.0,0.0,0.0,42.677580038736814,optimal
2021-02-12 20:00:00,6,87,0.0,0.0,0.0,0.4632,29.1585,6.0,4,20.108060934209504,55.0,0.001333333333333333,0.0,0.0,0.0,0.0,42.63490245869808,optimal
2021-02-12 20:30:00,6,87,0.0,0.0,0.0,0.5859333333333333,26.712,6.0,4,20.0,55.0,0.001333333333333333,0.0,0.0,0.0,0.0,42.59226755623938,optimal
2021-02-12 21:00:00,6,87,0.0,0.0,0.0,0.6023999999999999,15.435,6.0,4,19.892470544796332,55.0,0.0,0.0,0.0,0.0,0.0,42.54967528868314,optimal
2021-02-12 21:30:00,6,87,0.0,0.0,0.0,0.4216333333333333,13.566,6.0,4,19.786090735624946,55.0,0.0,0.0,0.0,0.0,0.0,42.50712561339446,optimal
2021-02-12 22:00:00,6,87,0.0,0.0,0.0,0.6632666666666667,12.789,6.0,4,19.679667083130234,55.0,0.0,0.0,0.0,0.0,0.0,42.46461848778106,optimal
2021-02-12 22:30:00,6,87,0.0,0.0,0.0,0.4424333333333333,12.1275,6.0,4,19.57750951677004,55.0,0.0,0.0,0.0,0.0,0.0,42.422153869293275,optimal
2021-02-12 23:00:00,6,87,0.0,0.0,0.0,0.5184666666666667,13.671,6.0,4,19.470877658590133,55.0,0.0,0.0,0.0,0.0,0.0,42.37973171542398,optimal
2021-02-12 23:30:00,6,87,0.0,0.0,0.0,0.073,10.668,6.0,4,19.36190680741121,55.0,0.0,0.0,0.0,0.0,0.0,42.33735198370856,optimal
2021-02-13 00:00:00,6,87,3.5714285714285716,0.0,0.0,0.064,8.1585,6.0,-3,19.36190680741121,55.0,0.0,12500.0,0.0,0.0,0.0,42.29501463172485,optimal
2021-02-13 00:30:00,6,87,3.5714285714285716,0.0,0.0,0.19526666666666667,9.4815,6.0,-3,19.44680812179236,55.0,0.10866666666666666,1144.333333333334,0.0,11355.666666666666,0.0,42.25271961709312,optimal
2021-02-13 01:00:00,6,87,3.5714285714285716,0.0,0.0,0.064,8.379,6.0,-3,19.34761215494562,55.0,0.10866666666666666,12500.0,0.0,0.0,0.0,42.210466897476024,optimal
2021-02-13 01:30:00,6,87,3.5714285714285716,0.0,0.0,0.10576666666666668,9.5235,6.0,-3,19.433216999330437,55.0,0.10866666666666666,12500.0,0.0,0.0,0.0,42.16825643057855,optimal
2021-02-13 02:00:00,6,87,3.5714285714285716,0.0,3.5616356953363493,0.1535,8.1375,6.0,-3,19.519286919078652,55.0,0.10866666666666666,12500.0,0.0,0.0,0.0,43.81786512943274,optimal
2021-02-13 02:30:00,6,87,3.5714285714285716,0.0,0.0,0.064,10.0905,6.0,-3,19.605916799696892,55.0,0.10866666666666666,12500.0,0.0,0.0,0.0,43.7740472643033,optimal
2021-02-13 03:00:00,6,87,3.5714285714285716,0.0,5.0,0.09383333333333331,7.539,6.0,-3,19.69054721470203,55.0,0.10866666666666666,12500.0,0.0,0.0,0.0,46.10527321703899,optimal
2021-02-13 03:30:00,6,87,3.5714285714285716,0.0,5.0,0.16543333333333335,7.938,6.0,-3,19.775145436304232,55.0,0.10866666666666666,12500.0,0.0,0.0,0.0,48.434167943821954,optimal
2021-02-13 04:00:00,6,87,3.5714285714285716,0.0,0.0,0.064,8.274,6.0,-3,19.860088130001344,55.0,0.10866666666666666,12500.0,0.0,0.0,0.0,48.38573377587813,optimal
2021-02-13 04:30:00,6,87,3.5714285714285716,0.0,0.0,0.19526666666666667,9.261,6.0,-3,19.94253847663116,55.0,0.10866666666666666,12500.0,0.0,0.0,0.0,48.33734804210225,optimal
2021-02-13 05:00:00,6,87,3.5714285714285716,0.0,0.0,0.064,9.9225,6.0,-3,20.026016228436113,55.0,0.10866666666666666,12500.0,0.0,0.0,0.0,48.289010694060146,optimal
2021-02-13 05:30:00,6,87,3.5714285714285716,0.0,0.0,0.18930000000000002,9.702,6.0,-3,20.106214139008063,55.0,0.10866666666666666,12500.0,0.0,0.0,0.0,48.240721683366075,optimal
2021-02-13 06:00:00,6,87,3.5714285714285716,0.0,0.0,0.06996666666666666,10.584,6.0,-3,20.18735557117949,55.0,0.10866666666666666,12500.0,0.0,0.0,0.0,48.192480961682705,optimal
2021-02-13 06:30:00,6,87,3.5714285714285716,0.0,0.0,0.064,10.143,6.0,-3,20.265427039582825,55.0,0.10866666666666666,12500.0,0.0,0.0,0.0,48.144288480721016,optimal
2021-02-13 07:00:00,6,87,0.0,0.0,0.0,0.1843333333333333,13.0095,6.0,-3,20.342612427850938,55.0,0.06333333333333332,0.0,0.0,0.0,0.0,48.096144192240295,optimal
2021-02-13 07:30:00,6,87,3.5714285714285716,0.0,0.0,0.08393333333333333,11.025,6.0,-3,20.216588720543545,55.0,0.05599999999999999,12500.0,0.0,0.0,0.0,48.048048048048045,optimal
2021-02-13 08:00:00,6,87,0.0,0.0,0.0,1.3265333333333333,12.789,6.0,-3,20.297780315141715,55.0,0.05133333333333332,0.0,0.0,0.0,0.0,48.0,optimal
2021-02-13 08:30:00,6,87,2.277553414891857,0.0,0.0,0.12173333333333332,12.1275,6.0,-3,20.180824600219292,55.0,0.05133333333333332,7971.4369521214985,0.0,0.0,0.0,47.72626321732552,optimal
2021-02-13 09:00:00,6,87,3.5714285714285716,0.0,0.0,0.12173333333333332,12.1695,6.0,-3,20.182959563458247,55.0,0.05133333333333332,12500.0,0.0,0.0,0.0,47.45280017143371,optimal
2021-02-13 09:30:00,6,87,0.0,0.0,0.0,0.15753333333333333,12.306,6.0,-3,20.28123676098731,55.0,0.05133333333333332,0.0,0.0,0.0,0.0,47.17961058858779,optimal
2021-02-13 10:00:00,6,87,0.0,0.0,0.0,0.074,13.23,6.0,-3,20.176254542794172,55.0,0.05133333333333332,0.0,0.0,0.0,0.0,46.906694195324725,optimal
2021-02-13 10:30:00,6,87,0.0,0.0,0.0,0.20526666666666668,13.671,6.0,-3,20.108989324091493,55.0,0.05133333333333332,0.0,0.0,0.0,0.0,46.63405071845492,optimal
2021-02-13 11:00:00,6,87,0.0,0.0,0.0,0.074,13.9335,6.0,-3,20.044596381590097,55.0,0.05133333333333332,0.0,0.0,0.0,0.0,46.36167988506199,optimal
2021-02-13 11:30:00,6,87,0.0,0.0,0.0,0.074,13.293,6.0,-3,20.022074991490697,55.0,0.05133333333333332,0.0,0.0,0.0,0.0,46.08958142250245,optimal
2021-02-13 12:00:00,6,87,0.031965602569571025,0.0,0.0,0.20526666666666668,12.1065,6.0,-3,20.0,55.0,0.05133333333333332,111.87960899349858,0.0,0.0,0.0,45.81775505840547,optimal
2021-02-13 12:30:00,6,87,0.05873513029248831,0.0,0.0,0.074,11.571,6.0,-3,20.0,55.0,0.05133333333333332,205.57295602370908,0.0,0.0,0.0,45.54620052067258,optimal
2021-02-13 13:00:00,6,87,3.5714285714285716,0.0,0.0,0.15733333333333335,11.025,6.0,-3,20.0,55.0,0.05133333333333332,12500.0,0.0,0.0,0.0,45.27491753747742,optimal
2021-02-13 13:30:00,6,87,3.5714285714285716,0.0,0.0,0.20313333333333333,10.8465,6.0,-3,20.21366992235108,55.0,0.04799999999999999,12500.0,0.0,0.0,0.0,45.229642619939945,optimal
2021-02-13 14:00:00,6,87,3.5714285714285716,0.0,0.0,0.3628,11.2455,6.0,-3,20.429558409129434,55.0,0.046666666666666655,12500.0,0.0,0.0,0.0,45.18441297732001,optimal
2021-02-13 14:30:00,6,87,0.0,0.0,0.0,0.27386666666666665,23.8665,6.0,-3,20.61700422933284,55.0,0.04466666666666666,0.0,0.0,0.0,0.0,45.13922856434269,optimal
2021-02-13 15:00:00,6,87,0.0,0.0,0.0,0.317,27.4575,6.0,-3,20.59979381278347,55.0,0.04466666666666666,0.0,0.0,0.0,0.0,45.09408933577834,optimal
2021-02-13 15:30:00,6,87,0.0,0.0,0.0,0.25930000000000003,27.3735,6.0,-3,20.55737346367244,55.0,0.04333333333333333,0.0,0.0,0.0,0.0,45.048995246442566,optimal
2021-02-13 16:00:00,6,87,0.0,0.0,0.0,0.4724666666666666,30.4605,6.0,-3,20.514314180994994,55.0,0.041333333333333326,0.0,0.0,0.0,0.0,45.003946251196126,optimal
2021-02-13 16:30:00,6,87,0.0,0.0,0.0,0.7197,30.0195,6.0,-3,20.44721468276137,55.0,0.03799999999999999,0.0,0.0,0.0,0.0,44.95894230494493,optimal
2021-02-13 17:00:00,6,87,0.0,0.0,0.0,0.3599333333333333,26.9325,6.0,-3,20.38497984945005,55.0,0.03799999999999999,0.0,0.0,0.0,0.0,44.91398336263998,optimal
2021-02-13 17:30:00,6,87,0.0,0.0,0.0,0.26696666666666663,14.595,6.0,-3,20.288867881672097,55.0,0.03533333333333333,0.0,0.0,0.0,0.0,44.86906937927734,optimal
2021-02-13 18:00:00,6,87,0.0,0.0,0.0,0.5193,12.4845,6.0,-3,20.190245135335477,55.0,0.033999999999999996,0.0,0.0,0.0,0.0,44.82420030989807,optimal
2021-02-13 18:30:00,6,87,0.7721043169787882,0.0,0.0,0.3811666666666667,12.1275,6.0,-3,20.083755391386266,55.0,0.031999999999999994,2702.365109425759,0.0,0.0,0.0,44.77937610958817,optimal
2021-02-13 19:00:00,6,87,3.5714285714285716,0.0,0.0,0.30256666666666665,12.1275,6.0,-3,20.018701454604937,55.0,0.028666666666666663,12500.0,0.0,0.0,0.0,44.73459673347858,optimal
2021-02-13 19:30:00,6,87,0.0,0.0,0.0,0.4001,12.789,6.0,-3,20.11175705327363,55.0,0.028666666666666663,0.0,0.0,0.0,0.0,44.689862136745106,optimal
2021-02-13 20:00:00,6,87,1.9447134834774078,0.0,0.0,0.32963333333333333,11.907,6.0,-3,20.0,55.0,0.0,6806.4971921709275,0.0,0.0,0.0,44.64517227460836,optimal
2021-02-13 20:30:00,6,87,0.0,0.0,0.0,0.26463333333333333,11.025,6.0,-3,20.0,55.0,0.0,0.0,0.0,0.0,0.0,44.60052710233376,optimal
2021-02-13 21:00:00,6,87,0.11942857142857143,0.0,0.0,0.41806666666666664,8.2005,6.0,-3,19.889618261902594,55.0,0.004,0.0,0.0,418.0,0.0,44.555926575231425,optimal
2021-02-13 21:30:00,6,87,0.0,0.0,0.0,0.4489333333333333,9.5655,6.0,-3,19.784668498308182,55.0,0.0,0.0,0.0,0.0,0.0,44.5113706486562,optimal
2021-02-13 22:00:00,6,87,0.5175238095238094,0.0,0.0,0.41176666666666667,7.056,6.0,-3,19.68062271120945,55.0,0.017333333333333333,0.0,0.0,1811.333333333333,0.0,44.46685927800754,optimal
2021-02-13 22:30:00,6,87,0.0,0.0,0.0,0.4588,9.3975,6.0,-3,19.57633894477951,55.0,0.0,0.0,0.0,0.0,0.0,44.42239241872953,optimal
2021-02-13 23:00:00,6,87,0.0,0.0,0.0,0.4084,10.059,6.0,-3,19.47142177305713,55.0,0.0,0.0,0.0,0.0,0.0,44.3779700263108,optimal
2021-02-13 23:30:00,6,87,0.0,0.0,0.0,0.2019333333333333,9.261,6.0,-3,19.36413965418951,55.0,0.0,0.0,0.0,0.0,0.0,44.33359205628449,optimal
2021-02-07 00:00:00,7,87,3.5714285714285716,0.0,0.0,0.064,7.7175,6.0,-3,21.0,55.0,0.12,12500.0,0.0,0.0,0.0,47.952,optimal
2021-02-07 00:30:00,7,87,3.5714285714285716,0.0,0.0,0.14193333333333333,6.615,6.0,-3,21.095098260948873,55.0,0.12,12500.0,0.0,0.0,0.0,47.904047999999996,optimal
2021-02-07 01:00:00,7,87,3.5714285714285716,0.0,0.0,0.064,6.174,6.0,-3,21.190272346789094,55.0,0.12,12500.0,0.0,0.0,0.0,47.856143952,optimal
2021-02-07 01:30:00,7,87,3.5714285714285716,0.0,0.0,0.2385,3.906,6.0,-3,21.28296832294471,55.0,0.12,12500.0,0.0,0.0,0.0,47.80828780804799,optimal
2021-02-07 02:00:00,7,87,3.5714285714285716,0.0,0.0,0.22176666666666667,2.3415,6.0,-3,21.377644673710417,55.0,0.12,12500.0,0.0,0.0,0.0,47.76047952023995,optimal
2021-02-07 02:30:00,7,87,3.5714285714285716,0.0,0.0,0.064,2.205,6.0,-3,21.47115635086086,55.0,0.12,12500.0,0.0,0.0,0.0,47.712719040719705,optimal
2021-02-07 03:00:00,7,87,3.5714285714285716,0.0,1.6192876255641409,0.34946666666666665,0.882,6.0,-3,21.56089229067312,55.0,0.12,12500.0,0.0,0.0,0.0,48.434167943821954,optimal
2021-02-07 03:30:00,7,87,3.5714285714285716,0.0,0.0,0.1108,1.5435,6.0,-3,21.6541369537425,55.0,0.12,12500.0,0.0,0.0,0.0,48.38573377587813,optimal
2021-02-07 04:00:00,7,87,3.5714285714285716,0.0,0.0,0.11866666666666668,1.5435,6.0,-3,21.74258995836109,55.0,0.12,12500.0,0.0,0.0,0.0,48.33734804210225,optimal
2021-02-07 04:30:00,7,87,3.5714285714285716,0.0,0.0,0.274,5.0715,6.0,-3,21.83031960327433,55.0,0.12,12500.0,0.0,0.0,0.0,48.289010694060146,optimal
2021-02-07 05:00:00,7,87,3.5714285714285716,0.0,0.0,0.1316,5.376,6.0,-3,21.92005396716466,55.0,0.12,12500.0,0.0,0.0,0.0,48.240721683366075,optimal
2021-02-07 05:30:00,7,87,3.5714285714285716,0.0,0.0,0.1252333333333333,5.0715,6.0,-3,22.006903127885785,55.0,0.12,12500.0,0.0,0.0,0.0,48.192480961682705,optimal
2021-02-07 06:00:00,7,87,3.5714285714285716,0.0,0.0,0.19153333333333333,5.5125,6.0,-3,22.09311339556256,55.0,0.12,12500.0,0.0,0.0,0.0,48.144288480721016,optimal
2021-02-07 06:30:00,7,87,2.8624640761224303,0.0,0.0,0.21873333333333328,9.261,6.0,-3,22.17987915619821,55.0,0.12,10018.624266428507,0.0,0.0,0.0,48.096144192240295,optimal
2021-02-07 07:00:00,7,87,0.0,0.0,0.0,0.1985,11.7075,6.0,-3,22.22550498120018,55.0,0.11533333333333333,0.0,0.0,0.0,0.0,48.048048048048045,optimal
2021-02-07 07:30:00,7,87,0.0,0.0,0.0,0.4801,12.348,6.0,-3,22.109467446785956,55.0,0.11133333333333334,0.0,0.0,0.0,0.0,48.0,optimal
2021-02-07 08:00:00,7,87,0.0,0.0,0.0,0.28176666666666667,12.348,6.0,-3,22.0,55.0,0.11133333333333334,0.0,0.0,0.0,0.0,47.734325874792994,optimal
2021-02-07 08:30:00,7,87,0.0,0.0,0.0,0.074,12.1275,6.0,-3,21.883300776908854,55.0,0.11133333333333334,0.0,0.0,0.0,0.0,47.4689174237112,optimal
2021-02-07 09:00:00,7,87,0.0,0.0,0.0,0.28556666666666664,12.5265,6.0,-3,21.75896672503239,55.0,0.11133333333333334,0.0,0.0,0.0,0.0,47.20377438108048,optimal
2021-02-07 09:30:00,7,87,0.0,0.0,0.0,0.2949,11.7495,6.0,-3,21.65099003166419,55.0,0.10933333333333334,0.0,0.0,0.0,0.0,46.93889648149239,optimal
2021-02-07 10:00:00,7,87,0.0,0.0,0.0,0.20606666666666665,13.23,6.0,-3,21.545744125061233,55.0,0.10933333333333334,0.0,0.0,0.0,0.0,46.674283459803895,optimal
2021-02-07 10:30:00,7,87,0.0,0.0,0.0,0.1565,14.3325,6.0,-3,21.453634520126254,55.0,0.10933333333333334,0.0,0.0,0.0,0.0,46.40993505113709,optimal
2021-02-07 11:00:00,7,87,0.0,0.0,0.0,0.13776666666666668,14.994,6.0,-3,21.36066432635657,55.0,0.10933333333333334,0.0,0.0,0.0,0.0,46.14585099087895,optimal
2021-02-07 11:30:00,7,87,0.0,0.0,0.0,0.21066666666666664,14.8155,6.0,-3,21.287799629449193,55.0,0.10933333333333334,0.0,0.0,0.0,0.0,45.88203101468106,optimal
2021-02-07 12:00:00,7,87,0.0,0.0,0.0,0.21953333333333333,14.112,6.0,-3,21.21657772025706,55.0,0.10933333333333334,0.0,0.0,0.0,0.0,45.61847485845938,optimal
2021-02-07 12:30:00,7,87,0.0,0.0,0.0,0.2334,14.007,6.0,-3,21.1599776693721,55.0,0.10933333333333334,0.0,0.0,0.0,0.0,45.35518225839392,optimal
2021-02-07 13:00:00,7,87,0.0,0.0,0.0,0.4871666666666667,13.23,6.0,-3,21.10395318386793,55.0,0.10933333333333334,0.0,0.0,0.0,0.0,45.09215295092852,optimal
2021-02-07 13:30:00,7,87,0.0,0.0,0.0,0.41093333333333326,11.382,6.0,-3,21.042004138938367,55.0,0.10866666666666666,0.0,0.0,0.0,0.0,44.82938667277059,optimal
2021-02-07 14:00:00,7,87,0.0,0.0,0.0,0.3863666666666667,11.7495,6.0,-3,20.97949530197961,55.0,0.106,0.0,0.0,0.0,0.0,44.56688316089081,optimal
2021-02-07 14:30:00,7,87,0.0,0.0,0.0,0.3512,24.3285,6.0,-3,20.92314602650674,55.0,0.106,0.0,0.0,0.0,0.0,44.304642152522916,optimal
2021-02-07 15:00:00,7,87,0.0,0.0,0.0,0.4696,28.917,6.0,-3,20.869187906893995,55.0,0.106,0.0,0.0,0.0,0.0,44.04266338516339,optimal
2021-02-07 15:30:00,7,87,0.0,0.0,0.0,0.2971333333333333,31.3635,6.0,-3,20.82993739716253,55.0,0.09933333333333333,0.0,0.0,0.0,0.0,43.78094659657122,optimal
2021-02-07 16:00:00,7,87,0.0,0.0,0.0,0.3858333333333333,33.306,6.0,-3,20.787460994849415,55.0,0.09933333333333333,0.0,0.0,0.0,0.0,43.519491524767645,optimal
2021-02-07 16:30:00,7,87,0.0,0.0,0.0,0.2218333333333333,31.3425,6.0,-3,20.72142126489474,55.0,0.09533333333333334,0.0,0.0,0.0,0.0,43.25829790803587,optimal
2021-02-07 17:00:00,7,87,0.0,0.0,0.0,0.6424666666666667,28.2555,6.0,-3,20.652338779495867,55.0,0.09333333333333334,0.0,0.0,0.0,0.0,42.99736548492083,optimal
2021-02-07 17:30:00,7,87,0.0,0.0,0.0,0.3758333333333333,15.6975,6.0,-3,20.559140094014488,55.0,0.08933333333333333,0.0,0.0,0.0,0.0,42.7366939942289,optimal
2021-02-07 18:00:00,7,87,0.0,0.0,0.0,0.4782666666666667,12.5475,6.0,-3,20.464291557472034,55.0,0.08666666666666667,0.0,0.0,0.0,0.0,42.47628317502767,optimal
2021-02-07 18:30:00,7,87,0.0,0.0,0.0,0.3368,12.0855,6.0,-3,20.3665552184004,55.0,0.08266666666666667,0.0,0.0,0.0,0.0,42.216132766645636,optimal
2021-02-07 19:00:00,7,87,0.463667224830775,0.0,0.0,0.2735666666666667,11.907,6.0,-3,20.268175206335552,55.0,0.08,1622.8352869077125,0.0,0.0,0.0,41.956242508671984,optimal
2021-02-07 19:30:00,7,87,0.0,0.0,0.0,0.42169999999999996,12.5685,6.0,-3,20.194273535104898,55.0,0.07666666666666666,0.0,0.0,0.0,0.0,41.696612140956304,optimal
2021-02-07 20:00:00,7,87,0.0,0.0,0.0,0.4483666666666667,13.146,6.0,-3,20.09640004358948,55.0,0.07666666666666666,0.0,0.0,0.0,0.0,41.43724140360835,optimal
2021-02-07 20:30:00,7,87,0.0,0.0,0.0,0.37276666666666664,10.584,6.0,-3,20.0,55.0,0.07666666666666666,0.0,0.0,0.0,0.0,41.178130036997736,optimal
2021-02-07 21:00:00,7,87,0.0,0.0,0.0,0.498,6.678,6.0,-3,19.900493540078852,55.0,0.07466666666666667,0.0,0.0,0.0,0.0,40.919277781753735,optimal
2021-02-07 21:30:00,7,87,0.0,0.0,0.0,0.25643333333333335,7.938,6.0,-3,19.803363310693644,55.0,0.07266666666666667,0.0,0.0,0.0,0.0,40.66068437876498,optimal
2021-02-07 22:00:00,7,87,0.0,0.0,0.0,0.26426666666666665,5.292,6.0,-3,19.70209535570595,55.0,0.07266666666666667,0.0,0.0,0.0,0.0,40.62002369438621,optimal
2021-02-07 22:30:00,7,87,0.0,0.0,0.0,0.2952666666666667,9.261,6.0,-3,19.602217987836333,55.0,0.072,0.0,0.0,0.0,0.0,40.579403670691825,optimal
2021-02-07 23:00:00,7,87,0.0,0.0,0.0,0.0907,10.3635,6.0,-3,19.502155399229377,55.0,0.072,0.0,0.0,0.0,0.0,40.538824267021134,optimal
2021-02-07 23:30:00,7,87,0.0,0.0,0.0,0.3775333333333334,8.274,6.0,-3,19.395196320514568,55.0,0.072,0.0,0.0,0.0,0.0,40.49828544275411,optimal
2021-02-08 00:00:00,7,87,0.0,0.0,0.0,0.057,11.2455,6.0,2,19.395196320514568,55.0,0.072,0.0,0.0,0.0,0.0,40.45778715731136,optimal
2021-02-08 00:30:00,7,87,2.328857142857143,0.0,0.0,0.057,11.025,6.0,2,19.286066490479936,55.0,0.15,0.0,0.0,8151.000000000001,0.0,40.41732937015405,optimal
2021-02-08 01:00:00,7,87,3.5714285714285716,0.0,0.0,0.15566666666666665,5.9745,6.0,2,19.177608398869356,55.0,0.15,12500.0,0.0,0.0,0.0,40.37691204078389,optimal
2021-02-08 01:30:00,7,87,3.5714285714285716,0.0,0.0,0.057,7.938,6.0,2,19.276214126839704,55.0,0.15,12500.0,0.0,0.0,0.0,40.33653512874311,optimal
2021-02-08 02:00:00,7,87,3.5714285714285716,0.0,0.0,0.057,8.6835,6.0,2,19.372288730818216,55.0,0.15,12500.0,0.0,0.0,0.0,40.29619859361436,optimal
2021-02-08 02:30:00,7,87,3.5714285714285716,0.0,0.0,0.057,7.665,6.0,2,19.46746418628491,55.0,0.15,12500.0,0.0,0.0,0.0,40.25590239502075,optimal
2021-02-08 03:00:00,7,87,3.5714285714285716,0.0,0.0,0.057,6.7725,6.0,2,19.562361568476394,55.0,0.15,12500.0,0.0,0.0,0.0,40.21564649262573,optimal
2021-02-08 03:30:00,7,87,3.5714285714285716,0.0,1.8429301180570168,0.057,5.5755,6.0,2,19.656982589046606,55.0,0.15,12500.0,0.0,0.0,0.0,41.05082265221018,optimal
2021-02-08 04:00:00,7,87,3.5714285714285716,0.0,5.0,0.057,5.0925,6.0,2,19.750713408501216,55.0,0.15,12500.0,0.0,0.0,0.0,43.38477182955796,optimal
2021-02-08 04:30:00,7,87,3.5714285714285716,0.0,5.0,0.10633333333333331,4.1895,6.0,2,19.843559506389617,55.0,0.15,12500.0,0.0,0.0,0.0,45.716387057728404,optimal
2021-02-08 05:00:00,7,87,3.5714285714285716,0.0,0.0,0.10566666666666669,7.056,6.0,2,19.936026755918135,55.0,0.14733333333333334,12500.0,0.0,0.0,0.0,45.670670670670674,optimal
2021-02-08 05:30:00,7,87,3.5714285714285716,0.0,5.0,0.0847,5.271,6.0,2,20.027697007820663,55.0,0.14733333333333334,12500.0,0.0,0.0,0.0,48.0,optimal
2021-02-08 06:00:00,7,87,3.5714285714285716,0.0,0.0,0.17186666666666667,7.938,6.0,2,20.121875454025744,55.0,0.14666666666666667,12500.0,0.0,0.0,0.0,47.78170442119027,optimal
2021-02-08 06:30:00,7,87,3.5714285714285716,0.0,0.0,0.8280666666666667,7.938,6.0,2,20.213587161363744,55.0,0.14466666666666667,12500.0,0.0,0.0,0.0,47.56362713795935,optimal
2021-02-08 07:00:00,7,87,2.1749771596535687,0.0,0.0,0.6524666666666668,11.907,6.0,2,20.31896867325053,55.0,0.09266666666666666,7612.420058787491,0.0,0.0,0.0,47.34576793201166,optimal
2021-02-08 07:30:00,7,87,3.5714285714285716,0.0,0.0,0.14886666666666667,11.025,6.0,2,20.34074603400495,55.0,0.088,12500.0,0.0,0.0,0.0,47.12812658526992,optimal
2021-02-08 08:00:00,7,87,3.5714285714285716,0.0,0.0,0.0694,11.2875,6.0,2,20.43518862590192,55.0,0.084,12500.0,0.0,0.0,0.0,46.91070287987492,optimal
2021-02-08 08:30:00,7,87,0.0,0.0,0.0,0.23406666666666665,12.936,6.0,2,20.52797503280302,55.0,0.084,0.0,0.0,0.0,0.0,46.69349659818531,optimal
2021-02-08 09:00:00,7,87,0.0,0.0,0.0,0.28813333333333335,13.0095,6.0,2,20.418609305937075,55.0,0.06666666666666667,0.0,0.0,0.0,0.0,46.476507522777396,optimal
2021-02-08 09:30:00,7,87,0.0,0.0,0.0,1.3702,13.671,6.0,2,20.327790083117126,55.0,0.06666666666666667,0.0,0.0,0.0,0.0,46.25973543644489,optimal
2021-02-08 10:00:00,7,87,0.0,0.0,0.0,1.6033333333333333,13.188,6.0,2,20.249167499061357,55.0,0.06466666666666666,0.0,0.0,0.0,0.0,46.04318012219872,optimal
2021-02-08 10:30:00,7,87,0.0,0.0,0.0,0.067,13.8495,6.0,2,20.20557305635707,55.0,0.06466666666666666,0.0,0.0,0.0,0.0,45.826841363266794,optimal
2021-02-08 11:00:00,7,87,0.0,0.0,0.0,0.13606666666666667,13.23,6.0,2,20.13869028630254,55.0,0.06466666666666666,0.0,0.0,0.0,0.0,45.6107189430938,optimal
2021-02-08 11:30:00,7,87,0.0,0.0,0.0,0.09659999999999999,13.3665,6.0,2,20.109728879230474,55.0,0.06466666666666666,0.0,0.0,0.0,0.0,45.39481264534098,optimal
2021-02-08 12:00:00,7,87,0.0,0.0,0.0,0.10153333333333332,13.0515,6.0,2,20.080914723839633,55.0,0.06466666666666666,0.0,0.0,0.0,0.0,45.17912225388591,optimal
2021-02-08 12:30:00,7,87,0.0,0.0,0.0,0.13113333333333332,13.5345,6.0,2,20.064605944229605,55.0,0.06466666666666666,0.0,0.0,0.0,0.0,44.963647552822295,optimal
2021-02-08 13:00:00,7,87,0.0,0.0,0.0,0.067,14.154,6.0,2,20.050113551621322,55.0,0.06466666666666666,0.0,0.0,0.0,0.0,44.74838832645975,optimal
2021-02-08 13:30:00,7,87,0.0,0.0,0.0,0.16566666666666666,14.112,6.0,2,20.031879875120847,55.0,0.06466666666666666,0.0,0.0,0.0,0.0,44.53334435932356,optimal
2021-02-08 14:00:00,7,87,0.0,0.0,0.0,0.067,14.2485,6.0,2,20.015990370300607,55.0,0.06466666666666666,0.0,0.0,0.0,0.0,44.318515436154506,optimal
2021-02-08 14:30:00,7,87,3.5714285714285716,0.0,0.0,0.11633333333333332,12.789,6.0,2,20.0,55.0,0.06466666666666666,12500.0,0.0,0.0,0.0,44.103901341908625,optimal
2021-02-08 15:00:00,7,87,3.054014816133447,0.0,0.0,0.11633333333333332,13.0095,6.0,2,20.18877276429187,55.0,0.06466666666666666,10689.051856467064,0.0,0.0,0.0,43.88950186175699,optimal
2021-02-08 15:30:00,7,87,3.5714285714285716,0.0,0.0,0.067,12.1275,6.0,2,20.320523831279438,55.0,0.06466666666666666,12500.0,0.0,0.0,0.0,43.675316781085506,optimal
2021-02-08 16:00:00,7,87,3.5714285714285716,0.0,0.0,0.0818,12.348,6.0,2,20.480631140431992,55.0,0.06466666666666666,12500.0,0.0,0.0,0.0,43.461345885494694,optimal
2021-02-08 16:30:00,7,87,3.5714285714285716,0.0,0.0,0.15086666666666668,12.348,6.0,2,20.610221293590428,55.0,0.06466666666666666,12500.0,0.0,0.0,0.0,43.24758896079947,optimal
2021-02-08 17:00:00,7,87,0.0,0.0,0.0,0.129,25.389,6.0,2,20.73922193257678,55.0,0.06466666666666666,0.0,0.0,0.0,0.0,43.204341371838666,optimal
2021-02-08 17:30:00,7,87,0.0,0.0,0.0,0.17603333333333332,29.1375,6.0,2,20.633703087247888,55.0,0.06266666666666666,0.0,0.0,0.0,0.0,43.161137030466826,optimal
2021-02-08 18:00:00,7,87,0.0,0.0,0.0,0.21030000000000001,30.597,6.0,2,20.530718055711645,55.0,0.06133333333333333,0.0,0.0,0.0,0.0,43.11797589343636,optimal
2021-02-08 18:30:00,7,87,0.0,0.0,0.0,1.517766666666667,33.684,6.0,2,20.418143122539853,55.0,0.06066666666666667,0.0,0.0,0.0,0.0,43.07485791754292,optimal
2021-02-08 19:00:00,7,87,0.0,0.0,0.0,0.22533333333333327,32.445,6.0,2,20.31611770522969,55.0,0.058666666666666666,0.0,0.0,0.0,0.0,43.031783059625376,optimal
2021-02-08 19:30:00,7,87,0.0,0.0,0.0,1.5372333333333332,28.917,6.0,2,20.20848106411188,55.0,0.058666666666666666,0.0,0.0,0.0,0.0,42.98875127656575,optimal
2021-02-08 20:00:00,7,87,0.0,0.0,0.0,0.25806666666666667,15.876,6.0,2,20.10816280621143,55.0,0.058666666666666666,0.0,0.0,0.0,0.0,42.94576252528918,optimal
2021-02-08 20:30:00,7,87,0.0,0.0,0.0,0.22886666666666666,12.348,6.0,2,20.0,55.0,0.058,0.0,0.0,0.0,0.0,42.90281676276389,optimal
2021-02-08 21:00:00,7,87,0.0,0.0,0.0,0.2512666666666667,12.1275,6.0,2,19.89292990498262,55.0,0.0033333333333333335,0.0,0.0,0.0,0.0,42.85991394600113,optimal
2021-02-08 21:30:00,7,87,0.0,0.0,0.0,0.5311666666666667,12.348,6.0,2,19.782630128619,55.0,0.002,0.0,0.0,0.0,0.0,42.817054032055125,optimal
2021-02-08 22:00:00,7,87,0.0,0.0,0.0,0.4094666666666666,12.1275,6.0,2,19.677902601214708,55.0,0.002,0.0,0.0,0.0,0.0,42.77423697802307,optimal
2021-02-08 22:30:00,7,87,0.0,0.0,0.0,0.33636666666666665,12.1275,6.0,2,19.57500678160135,55.0,0.0,0.0,0.0,0.0,0.0,42.73146274104504,optimal
2021-02-08 23:00:00,7,87,0.0,0.0,0.0,1.2477,11.2665,6.0,2,19.473471377933354,55.0,0.0,0.0,0.0,0.0,0.0,42.688731278304,optimal
2021-02-08 23:30:00,7,87,0.05971428571428571,0.0,0.0,0.5798,10.143,6.0,2,19.373172192831557,55.0,0.0,0.0,0.0,209.0,0.0,42.646042547025694,optimal
2021-02-09 00:00:00,7,87,0.0,0.0,0.0,0.061,12.2955,6.0,4,19.373172192831557,55.0,0.0,0.0,0.0,0.0,0.0,42.60339650447867,optimal
2021-02-09 00:30:00,7,87,3.5714285714285716,0.0,0.0,0.061,11.6865,6.0,4,19.258683935415995,55.0,0.022,10201.0,0.0,2299.0,0.0,42.56079310797419,optimal
2021-02-09 01:00:00,7,87,3.5714285714285716,0.0,0.0,0.061,11.466,6.0,4,19.31232488601918,55.0,0.022,12500.0,0.0,0.0,0.0,42.51823231486622,optimal
2021-02-09 01:30:00,7,87,3.5714285714285716,0.0,0.0,0.061,10.8045,6.0,4,19.403606529696702,55.0,0.022,12500.0,0.0,0.0,0.0,42.47571408255135,optimal
2021-02-09 02:00:00,7,87,3.5714285714285716,0.0,5.0,0.061,10.584,6.0,4,19.49371075717342,55.0,0.022,12500.0,0.0,0.0,0.0,44.8082383684688,optimal
2021-02-09 02:30:00,7,87,3.5714285714285716,0.0,0.0,0.061,11.2455,6.0,4,19.582644815924226,55.0,0.022,12500.0,0.0,0.0,0.0,44.76343013010033,optimal
2021-02-09 03:00:00,7,87,3.5714285714285716,0.0,0.0,0.061,12.1275,6.0,4,19.671339219731387,55.0,0.022,12500.0,0.0,0.0,0.0,44.71866669997023,optimal
2021-02-09 03:30:00,7,87,3.5714285714285716,0.0,0.0,0.07659999999999999,11.823,6.0,4,19.759795443768404,55.0,0.022,12500.0,0.0,0.0,0.0,44.67394803327026,optimal
2021-02-09 04:00:00,7,87,3.5714285714285716,0.0,0.0,0.1156,11.7705,6.0,4,19.848578289650778,55.0,0.022,12500.0,0.0,0.0,0.0,44.629274085236986,optimal
2021-02-09 04:30:00,7,87,3.5714285714285716,0.0,0.0,0.061,11.13,6.0,4,19.938069094712553,55.0,0.022,12500.0,0.0,0.0,0.0,44.58464481115175,optimal
2021-02-09 05:00:00,7,87,3.5714285714285716,0.0,0.0,0.13119999999999998,11.6865,6.0,4,20.025499028656142,55.0,0.022,12500.0,0.0,0.0,0.0,44.540060166340595,optimal
2021-02-09 05:30:00,7,87,3.5714285714285716,0.0,2.9762809544715796,0.061,10.7205,6.0,4,20.112925298709076,55.0,0.022,12500.0,0.0,0.0,0.0,45.909253559548254,optimal
2021-02-09 06:00:00,7,87,3.5714285714285716,0.0,0.0,0.11446666666666669,11.424,6.0,4,20.198663381091503,55.0,0.022,12500.0,0.0,0.0,0.0,45.8633443059887,optimal
2021-02-09 06:30:00,7,87,3.5714285714285716,0.0,5.0,0.08473333333333334,10.689,6.0,4,20.28464040640493,55.0,0.022,12500.0,0.0,0.0,0.0,48.192480961682705,optimal
2021-02-09 07:00:00,7,87,3.5714285714285716,0.0,0.0,0.061,11.361,6.0,4,20.36939709007993,55.0,0.022,12500.0,0.0,0.0,0.0,48.144288480721016,optimal
2021-02-09 07:30:00,7,87,3.5714285714285716,0.0,0.0,0.061,11.571,6.0,4,20.452940943814898,55.0,0.022,12500.0,0.0,0.0,0.0,48.096144192240295,optimal
2021-02-09 08:00:00,7,87,0.0,0.0,0.0,0.0682,14.3745,6.0,4,20.535355010588656,55.0,0.019333333333333334,0.0,0.0,0.0,0.0,48.048048048048045,optimal
2021-02-09 08:30:00,7,87,0.3853862275877017,0.0,0.0,3.7921666666666667,13.23,6.0,4,20.41467900273829,55.0,0.017333333333333333,1348.8517965569558,0.0,0.0,0.0,48.0,optimal
2021-02-09 09:00:00,7,87,0.0,0.0,0.0,3.243,13.9755,6.0,4,20.332367054125584,55.0,0.017333333333333333,0.0,0.0,0.0,0.0,47.78408487094715,optimal
2021-02-09 09:30:00,7,87,0.0,0.0,0.0,1.6992333333333332,14.994,6.0,4,20.251777271142007,55.0,0.017333333333333333,0.0,0.0,0.0,0.0,47.56838565702335,optimal
2021-02-09 10:00:00,7,87,0.0,0.0,0.0,0.1,13.671,6.0,4,20.167493809807503,55.0,0.017333333333333333,0.0,0.0,0.0,0.0,47.352902142313475,optimal
2021-02-09 10:30:00,7,87,0.0,0.0,0.0,0.09653333333333332,15.981,6.0,4,20.106651084622083,55.0,0.017333333333333333,0.0,0.0,0.0,0.0,47.13763411111831,optimal
2021-02-09 11:00:00,7,87,0.0,0.0,0.0,0.104,15.6345,6.0,4,20.047593940042663,55.0,0.017333333333333333,0.0,0.0,0.0,0.0,46.92258134795434,optimal
2021-02-09 11:30:00,7,87,0.0,0.0,0.0,0.0649,16.5375,6.0,4,20.023857542151898,55.0,0.017333333333333333,0.0,0.0,0.0,0.0,46.707743637553534,optimal
2021-02-09 12:00:00,7,87,0.0,0.0,0.0,0.1273,14.7735,6.0,4,20.0,55.0,0.017333333333333333,0.0,0.0,0.0,0.0,46.49312076486313,optimal
2021-02-09 12:30:00,7,87,0.0,0.0,0.0,0.061666666666666654,15.2145,6.0,4,20.000882647021196,55.0,0.017333333333333333,0.0,0.0,0.0,0.0,46.27871251504541,optimal
2021-02-09 13:00:00,7,87,0.0,0.0,0.0,0.13119999999999998,14.553,6.0,4,20.0003659385169,55.0,0.017333333333333333,0.0,0.0,0.0,0.0,46.064518673477515,optimal
2021-02-09 13:30:00,7,87,0.0,0.0,0.0,0.061,14.3325,6.0,4,20.006309964280966,55.0,0.017333333333333333,0.0,0.0,0.0,0.0,45.85053902575119,optimal
2021-02-09 14:00:00,7,87,0.0,0.0,0.0,0.12340000000000001,14.595,6.0,4,20.01075958837381,55.0,0.017333333333333333,0.0,0.0,0.0,0.0,45.63677335767259,optimal
2021-02-09 14:30:00,7,87,0.0,0.0,0.0,0.07113333333333334,14.994,6.0,4,20.009077758826248,55.0,0.017333333333333333,0.0,0.0,0.0,0.0,45.423221455262066,optimal
2021-02-09 15:00:00,7,87,0.41453950469167844,0.0,0.0,0.08270000000000001,14.3325,6.0,4,20.006204033060047,55.0,0.017333333333333333,1450.8882664208745,0.0,0.0,0.0,45.209883104753956,optimal
2021-02-09 15:30:00,7,87,0.6543327365334489,0.0,0.0,0.21403333333333333,13.8915,6.0,4,20.0,55.0,0.017333333333333333,2290.1645778670713,0.0,0.0,0.0,44.99675809259635,optimal
2021-02-09 16:00:00,7,87,3.5714285714285716,0.0,0.0,0.3148333333333333,13.8915,6.0,4,20.0119849044261,55.0,0.017333333333333333,12500.0,0.0,0.0,0.0,44.78384620545091,optimal
2021-02-09 16:30:00,7,87,3.5714285714285716,0.0,0.0,0.676,13.4715,6.0,4,20.1595890035795,55.0,0.016666666666666666,12500.0,0.0,0.0,0.0,44.57114723019261,optimal
2021-02-09 17:00:00,7,87,3.5714285714285716,0.0,0.0,0.306,13.23,6.0,4,20.311061534220453,55.0,0.015333333333333332,12500.0,0.0,0.0,0.0,44.35866095390956,optimal
2021-02-09 17:30:00,7,87,3.5714285714285716,0.0,0.0,0.2929333333333333,13.8915,6.0,4,20.419195869119044,55.0,0.012,12500.0,0.0,0.0,0.0,44.1463871639028,optimal
2021-02-09 18:00:00,7,87,0.0,0.0,0.0,0.09606666666666666,26.9325,6.0,4,20.52627185310289,55.0,0.008666666666666666,0.0,0.0,0.0,0.0,43.934325647686045,optimal
2021-02-09 18:30:00,7,87,0.0,0.0,0.0,0.10766666666666669,30.303,6.0,4,20.416351694675267,55.0,0.007333333333333333,0.0,0.0,0.0,0.0,43.72247619298551,optimal
2021-02-09 19:00:00,7,87,0.0,0.0,0.0,0.2502333333333333,32.886,6.0,4,20.30958220723224,55.0,0.004666666666666667,0.0,0.0,0.0,0.0,43.51083858773968,optimal
2021-02-09 19:30:00,7,87,0.0,0.0,0.0,0.5185,34.9965,6.0,4,20.206539769872393,55.0,0.004666666666666667,0.0,0.0,0.0,0.0,43.29941262009908,optimal
2021-02-09 20:00:00,7,87,0.0,0.0,0.0,2.036966666666667,33.327,6.0,4,20.102299831415234,55.0,0.002666666666666666,0.0,0.0,0.0,0.0,43.25611320747898,optimal
2021-02-09 20:30:00,7,87,0.0,0.0,0.0,1.4723333333333333,31.122,6.0,4,20.0,55.0,0.002666666666666666,0.0,0.0,0.0,0.0,43.212857094271506,optimal
2021-02-09 21:00:00,7,87,0.0,0.0,0.0,1.9747333333333328,17.9025,6.0,4,19.902252901100972,55.0,0.0,0.0,0.0,0.0,0.0,43.16964423717724,optimal
2021-02-09 21:30:00,7,87,0.0,0.0,0.0,2.0934,15.6555,6.0,4,19.80323322138345,55.0,0.0,0.0,0.0,0.0,0.0,43.12647459294006,optimal
2021-02-09 22:00:00,7,87,0.0,0.0,0.0,1.8330333333333333,14.553,6.0,4,19.70548751801945,55.0,0.0,0.0,0.0,0.0,0.0,43.083348118347125,optimal
2021-02-09 22:30:00,7,87,0.0,0.0,0.0,0.2358,14.3325,6.0,4,19.60676410841291,55.0,0.0,0.0,0.0,0.0,0.0,43.04026477022878,optimal
2021-02-09 23:00:00,7,87,0.0,0.0,0.0,0.1412,13.335,6.0,4,19.49895688967276,55.0,0.0,0.0,0.0,0.0,0.0,42.997224505458554,optimal
2021-02-09 23:30:00,7,87,0.0,0.0,0.0,0.07066666666666667,12.1275,6.0,4,19.385459960448834,55.0,0.0,0.0,0.0,0.0,0.0,42.9542272809531,optimal
2021-02-10 00:00:00,7,87,3.5714285714285716,0.0,0.0,0.061,11.508,6.0,-2,19.385459960448834,55.0,0.0,12500.0,0.0,0.0,0.0,42.91127305367215,optimal
2021-02-10 00:30:00,7,87,3.5714285714285716,0.0,0.0,0.12819999999999998,11.508,6.0,-2,19.473088344672696,55.0,0.076,4558.0,0.0,7942.0,0.0,42.86836178061848,optimal
2021-02-10 01:00:00,7,87,3.5714285714285716,0.0,0.0,0.06846666666666666,11.844,6.0,-2,19.43055378949315,55.0,0.076,12500.0,0.0,0.0,0.0,42.82549341883786,optimal
2021-02-10 01:30:00,7,87,3.5714285714285716,0.0,0.0,0.12073333333333332,11.508,6.0,-2,19.516795843473716,55.0,0.076,12500.0,0.0,0.0,0.0,42.78266792541902,optimal
2021-02-10 02:00:00,7,87,3.5714285714285716,0.0,0.0,0.36019999999999996,11.508,6.0,-2,19.60274775466461,55.0,0.076,12500.0,0.0,0.0,0.0,42.7398852574936,optimal
2021-02-10 02:30:00,7,87,3.5714285714285716,0.0,5.0,0.19473333333333329,10.4475,6.0,-2,19.69365858713548,55.0,0.07533333333333334,12500.0,0.0,0.0,0.0,45.0721453722361,optimal
2021-02-10 03:00:00,7,87,3.5714285714285716,0.0,2.2698947161581815,0.1372,10.8675,6.0,-2,19.784234811274363,55.0,0.07533333333333334,12500.0,0.0,0.0,0.0,46.10527321703899,optimal
2021-02-10 03:30:00,7,87,3.5714285714285716,0.0,5.0,0.06486666666666666,10.542,6.0,-2,19.872322018700675,55.0,0.07533333333333334,12500.0,0.0,0.0,0.0,48.434167943821954,optimal
2021-02-10 04:00:00,7,87,3.5714285714285716,0.0,0.0,0.1262,11.025,6.0,-2,19.959385371452953,55.0,0.07266666666666667,12500.0,0.0,0.0,0.0,48.38573377587813,optimal
2021-02-10 04:30:00,7,87,3.5714285714285716,0.0,0.0,0.059,11.025,6.0,-2,20.04795788171892,55.0,0.056666666666666664,12500.0,0.0,0.0,0.0,48.33734804210225,optimal
2021-02-10 05:00:00,7,87,3.5714285714285716,0.0,0.0,2.720333333333333,14.553,6.0,-2,20.135251698423804,55.0,0.05533333333333333,12500.0,0.0,0.0,0.0,48.289010694060146,optimal
2021-02-10 05:30:00,7,87,3.5714285714285716,0.0,0.0,0.17543333333333333,13.0935,6.0,-2,20.230839056834608,55.0,0.048,12500.0,0.0,0.0,0.0,48.240721683366075,optimal
2021-02-10 06:00:00,7,87,3.5714285714285716,0.0,0.0,0.2552,15.6345,6.0,-2,20.31766169699766,55.0,0.04733333333333333,12500.0,0.0,0.0,0.0,48.192480961682705,optimal
2021-02-10 06:30:00,7,87,0.0,0.0,0.0,0.19323333333333328,18.102,6.0,-2,20.40600578895706,55.0,0.04066666666666666,0.0,0.0,0.0,0.0,48.144288480721016,optimal
2021-02-10 07:00:00,7,87,2.732960436353159,0.0,0.0,0.35910000000000003,17.199,6.0,-2,20.28878948602672,55.0,0.034666666666666665,9565.361527236058,0.0,0.0,0.0,48.096144192240295,optimal
2021-02-10 07:30:00,7,87,0.0,0.0,0.0,0.391,18.2805,6.0,-2,20.33238361259698,55.0,0.03133333333333333,0.0,0.0,0.0,0.0,48.048048048048045,optimal
2021-02-10 08:00:00,7,87,0.0,0.0,0.0,1.3306,17.4615,6.0,-2,20.222057013830312,55.0,0.011999999999999997,0.0,0.0,0.0,0.0,48.0,optimal
2021-02-10 08:30:00,7,87,0.0,0.0,0.0,0.22213333333333332,18.3225,6.0,-2,20.11292730491854,55.0,0.011999999999999997,0.0,0.0,0.0,0.0,47.66394662746304,optimal
2021-02-10 09:00:00,7,87,1.4033109560403798,0.0,0.0,1.8021666666666667,17.094,6.0,-2,20.0,55.0,0.009333333333333332,4911.58834614133,0.0,0.0,0.0,47.32822930829862,optimal
2021-02-10 09:30:00,7,87,1.7026871543432842,0.0,0.0,0.071,17.094,6.0,-2,20.0,55.0,0.009333333333333332,5959.405040201495,0.0,0.0,0.0,46.99284770645336,optimal
2021-02-10 10:00:00,7,87,2.0182790812362335,0.0,0.0,0.1382,17.094,6.0,-2,20.0,55.0,0.009333333333333332,7063.976784326817,0.0,0.0,0.0,46.65780148620995,optimal
2021-02-10 10:30:00,7,87,0.0,0.0,0.0,0.071,17.3565,6.0,-2,20.058130095815862,55.0,0.009333333333333332,0.0,0.0,0.0,0.0,46.32309031218678,optimal
2021-02-10 11:00:00,7,87,1.0650076683361303,0.0,0.0,0.071,17.115,6.0,-2,20.0,55.0,0.009333333333333332,3727.526839176456,0.0,0.0,0.0,45.988713849337636,optimal
2021-02-10 11:30:00,7,87,0.0,0.0,0.0,0.07473333333333333,17.241,6.0,-2,20.03028775705895,55.0,0.009333333333333332,0.0,0.0,0.0,0.0,45.65467176295134,optimal
2021-02-10 12:00:00,7,87,2.5696594702178563,0.0,0.0,0.13446666666666668,17.094,6.0,-2,20.0,55.0,0.009333333333333332,8993.808145762498,0.0,0.0,0.0,45.32096371865143,optimal
2021-02-10 12:30:00,7,87,3.5714285714285716,0.0,0.0,0.071,16.5165,6.0,-2,20.15252450829463,55.0,0.009333333333333332,12500.0,0.0,0.0,0.0,44.98758938239582,optimal
2021-02-10 13:00:00,7,87,0.0,0.0,0.0,0.13446666666666668,17.8185,6.0,-2,20.360510217998627,55.0,0.009333333333333332,0.0,0.0,0.0,0.0,44.654548420476466,optimal
2021-02-10 13:30:00,7,87,3.5714285714285716,0.0,0.0,0.07473333333333333,17.094,6.0,-2,20.357860325453448,55.0,0.009333333333333332,12500.0,0.0,0.0,0.0,44.321840499519034,optimal
2021-02-10 14:00:00,7,87,3.5714285714285716,0.0,0.0,0.11206666666666666,16.8945,6.0,-2,20.560259071390867,55.0,0.009333333333333332,12500.0,0.0,0.0,0.0,43.989465286482556,optimal
2021-02-10 14:30:00,7,87,0.0,0.0,0.0,0.09713333333333334,18.123,6.0,-2,20.75884265498952,55.0,0.009333333333333332,0.0,0.0,0.0,0.0,43.65742244865912,optimal
2021-02-10 15:00:00,7,87,0.0,0.0,0.0,0.071,31.647,6.0,-2,20.7511794117602,55.0,0.009333333333333332,0.0,0.0,0.0,0.0,43.3257116536735,optimal
2021-02-10 15:30:00,7,87,0.0,0.0,0.0,0.12326666666666668,34.9965,6.0,-2,20.7190697244829,55.0,0.009333333333333332,0.0,0.0,0.0,0.0,42.99433256948287,optimal
2021-02-10 16:00:00,7,87,0.0,0.0,0.0,0.08593333333333333,34.9965,6.0,-2,20.686782856836434,55.0,0.009333333333333332,0.0,0.0,0.0,0.0,42.66328486437643,optimal
2021-02-10 16:30:00,7,87,0.0,0.0,0.0,0.11206666666666666,34.9965,6.0,-2,20.61675380556787,55.0,0.009333333333333332,0.0,0.0,0.0,0.0,42.3325682069751,optimal
2021-02-10 17:00:00,7,87,0.0,0.0,0.0,1.3022333333333331,34.9965,6.0,-2,20.54635285667054,55.0,0.009333333333333332,0.0,0.0,0.0,0.0,42.002182266231166,optimal
2021-02-10 17:30:00,7,87,0.0,0.0,0.0,0.1307333333333333,34.9965,6.0,-2,20.447533080628997,55.0,0.009333333333333332,0.0,0.0,0.0,0.0,41.67212671142798,optimal
2021-02-10 18:00:00,7,87,0.0,0.0,0.0,0.3604666666666666,27.741,6.0,-2,20.33945255817592,55.0,0.007333333333333332,0.0,0.0,0.0,0.0,41.342401212179595,optimal
2021-02-10 18:30:00,7,87,0.0,0.0,0.0,0.4870333333333334,19.026,6.0,-2,20.224767543098906,55.0,0.007333333333333332,0.0,0.0,0.0,0.0,41.30105881096742,optimal
2021-02-10 19:00:00,7,87,0.0,0.0,0.0,0.286,18.7215,6.0,-2,20.11272234778127,55.0,0.006666666666666665,0.0,0.0,0.0,0.0,41.25975775215645,optimal
2021-02-10 19:30:00,7,87,2.0160906243779078,0.0,0.0,0.08,17.4195,6.0,-2,20.0,55.0,0.001333333333333333,7056.317185322678,0.0,0.0,0.0,41.218497994404295,optimal
2021-02-10 20:00:00,7,87,1.6873668050707165,0.0,0.0,1.6499666666666668,16.758,6.0,-2,20.0,55.0,0.0,5905.783817747508,0.0,0.0,0.0,41.17727949640989,optimal
2021-02-10 20:30:00,7,87,0.05971428571428571,0.0,0.0,0.1362,14.217,6.0,-2,20.0,55.0,0.0,0.0,0.0,209.0,0.0,41.13610221691348,optimal
2021-02-10 21:00:00,7,87,0.05971428571428571,0.0,0.0,0.38060000000000005,13.3665,6.0,-2,19.88473838686712,55.0,0.0,0.0,0.0,209.0,0.0,41.09496611469657,optimal
2021-02-10 21:30:00,7,87,0.0,0.0,0.0,0.343,12.789,6.0,-2,19.775159620520633,55.0,0.0,0.0,0.0,0.0,0.0,41.05387114858187,optimal
2021-02-10 22:00:00,7,87,0.05971428571428571,0.0,0.0,0.26480000000000004,11.907,6.0,-2,19.657147080464718,55.0,0.0,0.0,0.0,209.0,0.0,41.012817277433285,optimal
2021-02-10 22:30:00,7,87,0.0,0.0,0.0,0.071,11.7075,6.0,-2,19.525500487163068,55.0,0.0,0.0,0.0,0.0,0.0,40.97180446015585,optimal
2021-02-10 23:00:00,7,87,0.0,0.0,0.0,0.071,10.8045,6.0,-2,19.383933770069707,55.0,0.0,0.0,0.0,0.0,0.0,40.930832655695696,optimal
2021-02-10 23:30:00,7,87,0.0,0.0,0.0,0.13419999999999999,11.508,6.0,-2,19.24169960208275,55.0,0.0,0.0,0.0,0.0,0.0,40.88990182304,optimal
2021-02-11 00:00:00,7,87,3.5714285714285716,0.0,0.0,0.062,11.6865,6.0,-2,19.24169960208275,55.0,0.0,12500.0,0.0,0.0,0.0,40.849011921216956,optimal
2021-02-11 00:30:00,7,87,3.5714285714285716,0.0,0.0,0.09533333333333331,11.2245,6.0,-2,19.306368227370527,55.0,0.001333333333333333,12360.666666666666,0.0,139.33333333333331,0.0,40.80816290929574,optimal
2021-02-11 01:00:00,7,87,3.5714285714285716,0.0,0.0,0.1678,11.025,6.0,-2,19.369517798739906,55.0,0.001333333333333333,12500.0,0.0,0.0,0.0,40.767354746386445,optimal
2021-02-11 01:30:00,7,87,3.5714285714285716,0.0,5.0,0.06509999999999999,10.7835,6.0,-2,19.436363988743505,55.0,0.001333333333333333,12500.0,0.0,0.0,0.0,43.10158739164006,optimal
2021-02-11 02:00:00,7,87,3.5714285714285716,0.0,0.0,0.19803333333333334,11.025,6.0,-2,19.501116242293808,55.0,0.001333333333333333,12500.0,0.0,0.0,0.0,43.05848580424842,optimal
2021-02-11 02:30:00,7,87,3.5714285714285716,0.0,5.0,0.062,10.584,6.0,-2,19.567647684558192,55.0,0.001333333333333333,12500.0,0.0,0.0,0.0,45.390427318444175,optimal
2021-02-11 03:00:00,7,87,3.5714285714285716,0.0,1.3964621207895191,0.1355,11.025,6.0,-2,19.630925507635506,55.0,0.001333333333333333,12500.0,0.0,0.0,0.0,46.00835639850075,optimal
2021-02-11 03:30:00,7,87,3.5714285714285716,0.0,5.0,0.1179,10.4265,6.0,-2,19.694358708384193,55.0,0.001333333333333333,12500.0,0.0,0.0,0.0,48.33734804210225,optimal
2021-02-11 04:00:00,7,87,3.5714285714285716,0.0,0.0,0.07440000000000001,12.789,6.0,-2,19.758695659925763,55.0,0.001333333333333333,12500.0,0.0,0.0,0.0,48.289010694060146,optimal
2021-02-11 04:30:00,7,87,3.5714285714285716,0.0,0.0,0.11383333333333331,12.684,6.0,-2,19.823462809157046,55.0,0.001333333333333333,12500.0,0.0,0.0,0.0,48.240721683366075,optimal
2021-02-11 05:00:00,7,87,3.5714285714285716,0.0,0.0,0.14930000000000002,16.254,6.0,-2,19.88847730235539,55.0,0.001333333333333333,12500.0,0.0,0.0,0.0,48.192480961682705,optimal
2021-02-11 05:30:00,7,87,3.5714285714285716,0.0,0.0,0.06433333333333333,17.64,6.0,-2,19.953672633555154,55.0,0.0006666666666666665,12500.0,0.0,0.0,0.0,48.144288480721016,optimal
2021-02-11 06:00:00,7,87,3.5714285714285716,0.0,0.0,0.06833333333333333,19.1625,6.0,-2,20.018930281966895,55.0,0.0006666666666666665,12500.0,0.0,0.0,0.0,48.096144192240295,optimal
2021-02-11 06:30:00,7,87,1.7148919991597487,0.0,0.0,0.0837,26.46,6.0,-2,20.084970142891837,55.0,0.0006666666666666665,6002.12199705912,0.0,0.0,0.0,48.048048048048045,optimal
2021-02-11 07:00:00,7,87,3.5714285714285716,0.0,0.0,1.1314666666666666,20.79,6.0,-2,20.046047107616232,55.0,0.0006666666666666665,12500.0,0.0,0.0,0.0,48.0,optimal
2021-02-11 07:30:00,7,87,0.0,0.0,0.0,1.9854666666666667,29.106,6.0,-2,20.12750390590784,55.0,0.0,0.0,0.0,0.0,0.0,47.901006827923645,optimal
2021-02-11 08:00:00,7,87,3.5714285714285716,0.0,0.0,0.0775,19.1835,6.0,-2,20.0,55.0,0.0,12500.0,0.0,0.0,0.0,47.80211264901937,optimal
2021-02-11 08:30:00,7,87,1.1831752839833796,0.0,0.0,0.1492,19.6665,6.0,-2,20.068554588765178,55.0,0.0,4141.113493941829,0.0,0.0,0.0,47.703317364294,optimal
2021-02-11 09:00:00,7,87,1.9289334424044973,0.0,0.0,0.11393333333333333,19.404,6.0,-2,20.0,55.0,0.0,6751.267048415741,0.0,0.0,0.0,47.60462087485335,optimal
2021-02-11 09:30:00,7,87,1.7387925545938607,0.0,0.0,0.16246666666666668,19.047,6.0,-2,20.0,55.0,0.0,6085.7739410785125,0.0,0.0,0.0,47.50602308190215,optimal
2021-02-11 10:00:00,7,87,1.6855880787808868,0.0,0.0,0.11033333333333331,18.858,6.0,-2,20.0,55.0,0.0,5899.558275733103,0.0,0.0,0.0,47.407523886743896,optimal
2021-02-11 10:30:00,7,87,0.0,0.0,0.0,0.10640000000000001,19.2675,6.0,-2,20.050311687616464,55.0,0.0,0.0,0.0,0.0,0.0,47.309123190780795,optimal
2021-02-11 11:00:00,7,87,0.3212642065173295,0.0,0.0,0.13856666666666667,18.963,6.0,-2,20.0,55.0,0.0,1124.4247228106533,0.0,0.0,0.0,47.21082089551366,optimal
2021-02-11 11:30:00,7,87,0.23549280729597694,0.0,0.0,0.15696666666666667,18.438,6.0,-2,20.0,55.0,0.0,824.2248255359193,0.0,0.0,0.0,47.112616902541795,optimal
2021-02-11 12:00:00,7,87,0.0,0.0,0.0,0.072,18.7425,6.0,-2,20.0,55.0,0.0,0.0,0.0,0.0,0.0,47.0145111135629,optimal
2021-02-11 12:30:00,7,87,3.5714285714285716,0.0,0.0,0.2867,15.2145,6.0,-2,20.01659495729284,55.0,0.003999999999999999,12082.0,0.0,417.99999999999994,0.0,46.91650343037298,optimal
2021-02-11 13:00:00,7,87,0.0,0.0,0.0,0.49610000000000004,17.7765,6.0,-2,20.24177085222563,55.0,0.002666666666666666,0.0,0.0,0.0,0.0,46.81859375486625,optimal
2021-02-11 13:30:00,7,87,0.0,0.0,0.0,0.43746666666666656,16.758,6.0,-2,20.262187617398045,55.0,0.0,0.0,0.0,0.0,0.0,46.72078198903503,optimal
2021-02-11 14:00:00,7,87,3.5714285714285716,0.0,0.0,0.13613333333333333,16.422,6.0,-2,20.27962828297792,55.0,0.0,12500.0,0.0,0.0,0.0,46.62306803496964,optimal
2021-02-11 14:30:00,7,87,1.2792439816927588,0.0,0.0,0.0782,16.758,6.0,-2,20.497532857367304,55.0,0.0,4477.353935924656,0.0,0.0,0.0,46.52545179485832,optimal
2021-02-11 15:00:00,7,87,0.0,0.0,0.0,0.16743333333333335,29.358,6.0,-2,20.579562580517017,55.0,0.0,0.0,0.0,0.0,0.0,46.42793317098711,optimal
2021-02-11 15:30:00,7,87,0.0,0.0,0.0,0.4488333333333333,34.9965,6.0,-2,20.55936978999425,55.0,0.0,0.0,0.0,0.0,0.0,46.33051206573977,optimal
2021-02-11 16:00:00,7,87,0.0,0.0,0.0,0.1591,34.65,6.0,-2,20.53810494586245,55.0,0.0,0.0,0.0,0.0,0.0,46.23318838159768,optimal
2021-02-11 16:30:00,7,87,0.0,0.0,0.0,0.12403333333333331,34.9965,6.0,-2,20.46857734077333,55.0,0.0,0.0,0.0,0.0,0.0,46.135962021139726,optimal
2021-02-11 17:00:00,7,87,0.0,0.0,0.0,0.072,34.9965,6.0,-2,20.393363365162465,55.0,0.0,0.0,0.0,0.0,0.0,46.03883288704223,optimal
2021-02-11 17:30:00,7,87,0.0,0.0,0.0,0.103,30.4815,6.0,-2,20.268902187934053,55.0,0.0,0.0,0.0,0.0,0.0,45.94180088207884,optimal
2021-02-11 18:00:00,7,87,0.0,0.0,0.0,0.14263333333333333,21.4305,6.0,-2,20.142945040997596,55.0,0.0,0.0,0.0,0.0,0.0,45.84486590912041,optimal
2021-02-11 18:30:00,7,87,2.578380003393421,0.0,0.0,0.1095,14.3325,6.0,-2,20.0,55.0,0.0,9024.330011876975,0.0,0.0,0.0,45.74802787113494,optimal
2021-02-11 19:00:00,7,87,3.5714285714285716,0.0,0.0,0.072,13.692,6.0,-2,20.0,55.0,0.0,12500.0,0.0,0.0,0.0,45.65128667118745,optimal
2021-02-11 19:30:00,7,87,1.7780925167845596,0.0,0.0,0.30046666666666666,14.007,6.0,-2,20.051093331462678,55.0,0.0,6223.323808745959,0.0,0.0,0.0,45.55464221243991,optimal
2021-02-11 20:00:00,7,87,2.681126574183037,0.0,0.0,0.3501,12.873,6.0,-2,20.0,55.0,0.0,9383.94300964063,0.0,0.0,0.0,45.45809439815112,optimal
2021-02-11 20:30:00,7,87,0.0,0.0,0.0,0.4211666666666667,12.684,6.0,-2,20.0,55.0,0.0,0.0,0.0,0.0,0.0,45.361643131676615,optimal
2021-02-11 21:00:00,7,87,0.0398095238095238,0.0,0.0,0.7708666666666667,12.306,6.0,-2,19.848460698911556,55.0,0.0,0.0,0.0,139.33333333333331,0.0,45.31628148854494,optimal
2021-02-11 21:30:00,7,87,0.0796190476190476,0.0,0.0,0.7249333333333333,10.6365,6.0,-2,19.707122900476428,55.0,0.002666666666666666,0.0,0.0,278.66666666666663,0.0,45.27096520705639,optimal
2021-02-11 22:00:00,7,87,0.0,0.0,0.0,1.9032666666666669,11.2455,6.0,-2,19.571322543692844,55.0,0.0,0.0,0.0,0.0,0.0,45.22569424184933,optimal
2021-02-11 22:30:00,7,87,0.0,0.0,0.0,0.4801333333333333,11.2455,6.0,-2,19.456527648817417,55.0,0.0,0.0,0.0,0.0,0.0,45.18046854760748,optimal
2021-02-11 23:00:00,7,87,0.0,0.0,0.0,0.11366666666666668,11.025,6.0,-2,19.310304113664323,55.0,0.0,0.0,0.0,0.0,0.0,45.135288079059876,optimal
2021-02-11 23:30:00,7,87,0.0,0.0,0.0,0.072,12.0855,6.0,-2,19.152602551369466,55.0,0.0,0.0,0.0,0.0,0.0,45.09015279098082,optimal
2021-02-12 00:00:00,7,87,3.5714285714285716,0.0,0.0,0.06,10.3635,6.0,0,19.152602551369466,55.0,0.0,12500.0,0.0,0.0,0.0,45.04506263818983,optimal
2021-02-12 00:30:00,7,87,3.5714285714285716,0.0,0.0,0.07933333333333333,10.8045,6.0,0,19.19807643491378,55.0,0.056666666666666664,6578.333333333333,0.0,5921.666666666667,0.0,45.000017575551645,optimal
2021-02-12 01:00:00,7,87,3.5714285714285716,0.0,0.0,0.13733333333333334,11.025,6.0,0,19.146576107349144,55.0,0.056666666666666664,12500.0,0.0,0.0,0.0,44.95501755797609,optimal
2021-02-12 01:30:00,7,87,3.5714285714285716,0.0,0.0,0.06,10.3635,6.0,0,19.19335399059397,55.0,0.056666666666666664,12500.0,0.0,0.0,0.0,44.91006254041812,optimal
2021-02-12 02:00:00,7,87,3.5714285714285716,0.0,0.0,0.147,10.8045,6.0,0,19.23919257309209,55.0,0.056666666666666664,12500.0,0.0,0.0,0.0,44.8651524778777,optimal
2021-02-12 02:30:00,7,87,3.5714285714285716,0.0,0.0,0.06966666666666667,10.059,6.0,0,19.286789808662505,55.0,0.056666666666666664,12500.0,0.0,0.0,0.0,44.820287325399825,optimal
2021-02-12 03:00:00,7,87,3.5714285714285716,0.0,0.0,0.11316666666666668,10.584,6.0,0,19.33467378126459,55.0,0.056666666666666664,12500.0,0.0,0.0,0.0,44.775467038074424,optimal
2021-02-12 03:30:00,7,87,3.5714285714285716,0.0,5.0,0.1035,9.4185,6.0,0,19.384822264181228,55.0,0.056666666666666664,12500.0,0.0,0.0,0.0,47.10569157103635,optimal
2021-02-12 04:00:00,7,87,3.5714285714285716,0.0,0.0,0.06,10.3635,6.0,0,19.438812484044224,55.0,0.056666666666666664,12500.0,0.0,0.0,0.0,47.05858587946532,optimal
2021-02-12 04:30:00,7,87,3.5714285714285716,0.0,2.1821489567625165,0.10833333333333331,9.8385,6.0,0,19.496066522688043,55.0,0.056666666666666664,12500.0,0.0,0.0,0.0,48.048048048048045,optimal
2021-02-12 05:00:00,7,87,3.5714285714285716,0.0,0.0,1.2006666666666668,11.067,6.0,0,19.55806873906455,55.0,0.05466666666666667,12500.0,0.0,0.0,0.0,48.0,optimal
2021-02-12 05:30:00,7,87,3.5714285714285716,0.0,0.0,0.7408333333333333,10.8465,6.0,0,19.629048234320802,55.0,0.051333333333333335,12500.0,0.0,0.0,0.0,47.74117121960993,optimal
2021-02-12 06:00:00,7,87,3.5714285714285716,0.0,0.0,0.7947000000000001,13.671,6.0,0,19.705852222564722,55.0,0.04933333333333333,12500.0,0.0,0.0,0.0,47.48260126800025,optimal
2021-02-12 06:30:00,7,87,3.5714285714285716,0.0,0.0,0.7531666666666667,12.348,6.0,0,19.78870560464806,55.0,0.048,12500.0,0.0,0.0,0.0,47.224289886342184,optimal
2021-02-12 07:00:00,7,87,3.5714285714285716,0.0,0.0,0.5905333333333334,14.3325,6.0,0,19.870397080558714,55.0,0.048,12500.0,0.0,0.0,0.0,46.96623681606577,optimal
2021-02-12 07:30:00,7,87,3.5714285714285716,0.0,0.0,1.392766666666667,15.393,6.0,0,19.949082428899008,55.0,0.020666666666666667,12500.0,0.0,0.0,0.0,46.70844179885964,optimal
2021-02-12 08:00:00,7,87,3.5714285714285716,0.0,0.0,0.9905333333333332,13.587,6.0,0,20.02148478436787,55.0,0.016666666666666666,12500.0,0.0,0.0,0.0,46.45090457667071,optimal
2021-02-12 08:30:00,7,87,0.7868105533239466,0.0,0.0,1.3259,16.1385,6.0,0,20.092235283684754,55.0,0.0,2753.836936633813,0.0,0.0,0.0,46.19362489170397,optimal
2021-02-12 09:00:00,7,87,2.035434618816985,0.0,0.0,0.1425,14.595,6.0,0,20.0,55.0,0.0,7124.021165859447,0.0,0.0,0.0,45.936602486422196,optimal
2021-02-12 09:30:00,7,87,1.8130689906250241,0.0,0.0,0.09416666666666669,14.637,6.0,0,20.0,55.0,0.0,6345.741467187584,0.0,0.0,0.0,45.67983710354571,optimal
2021-02-12 10:00:00,7,87,0.8702913248935484,0.0,0.0,0.07,13.9125,6.0,0,20.0,55.0,0.0,3046.0196371274196,0.0,0.0,0.0,45.42332848605209,optimal
2021-02-12 10:30:00,7,87,0.8052551500707629,0.0,0.0,0.14733333333333334,13.3665,6.0,0,20.0,55.0,0.0,2818.39302524767,0.0,0.0,0.0,45.167076377175974,optimal
2021-02-12 11:00:00,7,87,0.33362534607260397,0.0,0.0,0.08933333333333333,13.0095,6.0,0,20.0,55.0,0.0,1167.688711254114,0.0,0.0,0.0,44.91108052040873,optimal
2021-02-12 11:30:00,7,87,0.0,0.0,0.0,0.14733333333333334,13.8915,6.0,0,20.008963375663946,55.0,0.0,0.0,0.0,0.0,0.0,44.65534065949826,optimal
2021-02-12 12:00:00,7,87,0.0,0.0,0.0,0.08933333333333333,13.188,6.0,0,20.0,55.0,0.0,0.0,0.0,0.0,0.0,44.399856538448695,optimal
2021-02-12 12:30:00,7,87,0.0,0.0,0.0,0.12316666666666669,12.5685,6.0,0,20.003284316466704,55.0,0.0,0.0,0.0,0.0,0.0,44.14462790152018,optimal
2021-02-12 13:00:00,7,87,0.0,0.0,0.0,0.1135,12.285,6.0,0,20.00741045765231,55.0,0.0,0.0,0.0,0.0,0.0,43.8896544932286,optimal
2021-02-12 13:30:00,7,87,3.5714285714285716,0.0,0.0,0.099,11.487,6.0,0,20.010858425072193,55.0,0.05533333333333333,6717.666666666667,0.0,5782.333333333333,0.0,43.6349360583453,optimal
2021-02-12 14:00:00,7,87,2.5876131686225237,0.0,0.0,1.401233333333333,11.802,6.0,0,20.12348348963385,55.0,0.050666666666666665,9056.646090178832,0.0,0.0,0.0,43.38047234189689,optimal
2021-02-12 14:30:00,7,87,3.5714285714285716,0.0,0.0,0.199,11.2245,6.0,0,20.271984643194134,55.0,0.050666666666666665,12500.0,0.0,0.0,0.0,43.12626308916493,optimal
2021-02-12 15:00:00,7,87,3.5714285714285716,0.0,0.0,0.49426666666666663,11.025,6.0,0,20.471703858336976,55.0,0.050666666666666665,12500.0,0.0,0.0,0.0,42.8723080456857,optimal
2021-02-12 15:30:00,7,87,3.5714285714285716,0.0,0.0,1.2933333333333332,11.907,6.0,0,20.66156871229008,55.0,0.050666666666666665,12500.0,0.0,0.0,0.0,42.618606957249945,optimal
2021-02-12 16:00:00,7,87,0.0,0.0,0.0,1.2889666666666666,25.83,6.0,0,20.846723108733983,55.0,0.048666666666666664,0.0,0.0,0.0,0.0,42.36515956990263,optimal
2021-02-12 16:30:00,7,87,0.0,0.0,0.0,2.0905,28.035,6.0,0,20.783925100797457,55.0,0.046,0.0,0.0,0.0,0.0,42.11196562994266,optimal
2021-02-12 17:00:00,7,87,0.0,0.0,0.0,0.6410666666666667,28.119,6.0,0,20.735266052840426,55.0,0.04533333333333334,0.0,0.0,0.0,0.0,41.85902488392265,optimal
2021-02-12 17:30:00,7,87,0.0,0.0,0.0,3.3230999999999997,30.156,6.0,0,20.63713440381373,55.0,0.04533333333333334,0.0,0.0,0.0,0.0,41.81716585903873,optimal
2021-02-12 18:00:00,7,87,0.0,0.0,0.0,1.0158333333333334,29.1585,6.0,0,20.550878477177815,55.0,0.04533333333333334,0.0,0.0,0.0,0.0,41.775348693179694,optimal
2021-02-12 18:30:00,7,87,0.0,0.0,0.0,0.9328,26.712,6.0,0,20.440666459960145,55.0,0.043333333333333335,0.0,0.0,0.0,0.0,41.733573344486516,optimal
2021-02-12 19:00:00,7,87,0.0,0.0,0.0,0.34276666666666666,15.435,6.0,0,20.329715329358187,55.0,0.04,0.0,0.0,0.0,0.0,41.69183977114203,optimal
2021-02-12 19:30:00,7,87,0.0,0.0,0.0,1.7329333333333334,13.566,6.0,0,20.217406940436536,55.0,0.020666666666666667,0.0,0.0,0.0,0.0,41.65014793137089,optimal
2021-02-12 20:00:00,7,87,0.0,0.0,0.0,0.3827,12.789,6.0,0,20.112844547607658,55.0,0.016,0.0,0.0,0.0,0.0,41.60849778343952,optimal
2021-02-12 20:30:00,7,87,0.0,0.0,0.0,0.8633666666666667,12.1275,6.0,0,20.0,55.0,0.016,0.0,0.0,0.0,0.0,41.566889285656075,optimal
2021-02-12 21:00:00,7,87,0.0,0.0,0.0,1.741766666666667,13.671,6.0,0,19.888178086716884,55.0,0.0,0.0,0.0,0.0,0.0,41.52532239637042,optimal
2021-02-12 21:30:00,7,87,0.0796190476190476,0.0,0.0,0.2035,10.668,6.0,0,19.776807047684123,55.0,0.0019999999999999996,0.0,0.0,278.66666666666663,0.0,41.48379707397405,optimal
2021-02-12 22:00:00,7,87,0.0,0.0,0.0,0.4317,11.7285,6.0,0,19.66551108021763,55.0,0.0006666666666666665,0.0,0.0,0.0,0.0,41.44231327690008,optimal
2021-02-12 22:30:00,7,87,0.0,0.0,0.0,0.6698,11.025,6.0,0,19.556225792557264,55.0,0.0006666666666666665,0.0,0.0,0.0,0.0,41.40087096362318,optimal
2021-02-12 23:00:00,7,87,0.0,0.0,0.0,0.4972,10.689,6.0,0,19.450571476818073,55.0,0.0,0.0,0.0,0.0,0.0,41.359470092659556,optimal
2021-02-12 23:30:00,7,87,0.0,0.0,0.0,0.3602333333333333,8.1585,6.0,0,19.343674139383708,55.0,0.0,0.0,0.0,0.0,0.0,41.3181106225669,optimal
2021-02-13 00:00:00,7,87,3.5714285714285716,0.0,0.0,0.063,9.261,6.0,-2,19.343674139383708,55.0,0.0,12500.0,0.0,0.0,0.0,41.27679251194433,optimal
2021-02-13 00:30:00,7,87,3.5714285714285716,0.0,0.5811279354469135,0.063,8.1585,6.0,-2,19.4286401743229,55.0,0.11866666666666667,99.33333333333394,0.0,12400.666666666666,0.0,41.51155148876966,optimal
2021-02-13 01:00:00,7,87,3.5714285714285716,0.0,0.0,0.09416666666666669,9.4815,6.0,-2,19.310238475495066,55.0,0.11866666666666667,12500.0,0.0,0.0,0.0,41.47003993728089,optimal
2021-02-13 01:30:00,7,87,3.5714285714285716,0.0,0.0,0.16896666666666668,8.379,6.0,-2,19.396536445489538,55.0,0.11866666666666667,12500.0,0.0,0.0,0.0,41.4285698973436,optimal
2021-02-13 02:00:00,7,87,3.5714285714285716,0.0,0.0,0.063,9.5235,6.0,-2,19.483836389183683,55.0,0.11866666666666667,12500.0,0.0,0.0,0.0,41.38714132744626,optimal
2021-02-13 02:30:00,7,87,3.5714285714285716,0.0,5.0,0.1565,8.1375,6.0,-2,19.569170749776873,55.0,0.11866666666666667,12500.0,0.0,0.0,0.0,43.7207541861188,optimal
2021-02-13 03:00:00,7,87,3.5714285714285716,0.0,0.0,0.10663333333333334,10.0905,6.0,-2,19.65551159578238,55.0,0.11866666666666667,12500.0,0.0,0.0,0.0,43.677033431932685,optimal
2021-02-13 03:30:00,7,87,3.5714285714285716,0.0,5.0,0.06333333333333334,7.539,6.0,-2,19.74050404385138,55.0,0.11866666666666667,12500.0,0.0,0.0,0.0,46.00835639850075,optimal
2021-02-13 04:00:00,7,87,3.5714285714285716,0.0,5.0,0.073,7.938,6.0,-2,19.823950740485152,55.0,0.11866666666666667,12500.0,0.0,0.0,0.0,48.33734804210225,optimal
2021-02-13 04:30:00,7,87,3.5714285714285716,0.0,0.0,0.07033333333333333,8.274,6.0,-2,19.906576018505305,55.0,0.11866666666666667,12500.0,0.0,0.0,0.0,48.289010694060146,optimal
2021-02-13 05:00:00,7,87,3.5714285714285716,0.0,0.0,0.20013333333333333,9.261,6.0,-2,19.988077163770825,55.0,0.11866666666666667,12500.0,0.0,0.0,0.0,48.240721683366075,optimal
2021-02-13 05:30:00,7,87,3.5714285714285716,0.0,0.0,0.063,9.9225,6.0,-2,20.070707666927174,55.0,0.11866666666666667,12500.0,0.0,0.0,0.0,48.192480961682705,optimal
2021-02-13 06:00:00,7,87,3.5714285714285716,0.0,0.0,0.20013333333333333,9.702,6.0,-2,20.14996743401424,55.0,0.11866666666666667,12500.0,0.0,0.0,0.0,48.144288480721016,optimal
2021-02-13 06:30:00,7,87,3.5714285714285716,0.0,0.0,0.06333333333333334,10.584,6.0,-2,20.230370355585098,55.0,0.11866666666666667,12500.0,0.0,0.0,0.0,48.096144192240295,optimal
2021-02-13 07:00:00,7,87,3.5714285714285716,0.0,0.0,0.07856666666666666,10.143,6.0,-2,20.30772402306218,55.0,0.09948,12500.0,0.0,0.0,0.0,48.048048048048045,optimal
2021-02-13 07:30:00,7,87,0.0,0.0,0.0,0.3843666666666667,13.0095,6.0,-2,20.385034806905416,55.0,0.06933333333333333,0.0,0.0,0.0,0.0,48.0,optimal
2021-02-13 08:00:00,7,87,3.5714285714285716,0.0,0.0,0.085,11.025,6.0,-2,20.26451897523628,55.0,0.06933333333333333,12500.0,0.0,0.0,0.0,47.72160067330276,optimal
2021-02-13 08:30:00,7,87,0.0,0.0,0.0,0.18159999999999998,12.789,6.0,-2,20.344948575342542,55.0,0.06933333333333333,0.0,0.0,0.0,0.0,47.443479745932216,optimal
2021-02-13 09:00:00,7,87,0.0,0.0,0.0,0.31110000000000004,12.1275,6.0,-2,20.221931006046578,55.0,0.06733333333333333,0.0,0.0,0.0,0.0,47.16563693948905,optimal
2021-02-13 09:30:00,7,87,2.1597730954108223,0.0,0.0,0.084,12.1695,6.0,-2,20.12391069847413,55.0,0.06533333333333333,7559.205833937878,0.0,0.0,0.0,46.88807197585232,optimal
2021-02-13 10:00:00,7,87,0.0,0.0,0.0,0.2297333333333333,12.306,6.0,-2,20.14729187325484,55.0,0.064,0.0,0.0,0.0,0.0,46.61078457717923,optimal
2021-02-13 10:30:00,7,87,0.0,0.0,0.0,0.3611333333333333,13.23,6.0,-2,20.08899681184317,55.0,0.059333333333333335,0.0,0.0,0.0,0.0,46.33377446590482,optimal
2021-02-13 11:00:00,7,87,0.0,0.0,0.0,0.2393333333333333,13.671,6.0,-2,20.03414134232629,55.0,0.059333333333333335,0.0,0.0,0.0,0.0,46.05704136474167,optimal
2021-02-13 11:30:00,7,87,0.0,0.0,0.0,1.6203666666666665,13.9335,6.0,-2,20.018885676322597,55.0,0.059333333333333335,0.0,0.0,0.0,0.0,45.78058499667969,optimal
2021-02-13 12:00:00,7,87,0.0,0.0,0.0,0.1948666666666667,13.293,6.0,-2,20.002996427887982,55.0,0.059333333333333335,0.0,0.0,0.0,0.0,45.50440508498578,optimal
2021-02-13 12:30:00,7,87,0.05477513029244882,0.0,0.0,0.15680000000000002,12.1065,6.0,-2,20.0,55.0,0.059333333333333335,191.71295602357088,0.0,0.0,0.0,45.228501353203555,optimal
2021-02-13 13:00:00,7,87,0.7483563693475797,0.0,0.0,0.1686,11.571,6.0,-2,20.0,55.0,0.059333333333333335,2619.2472927165286,0.0,0.0,0.0,44.952873525153116,optimal
2021-02-13 13:30:00,7,87,3.5714285714285716,0.0,0.0,0.4058333333333333,11.025,6.0,-2,20.04844483607824,55.0,0.042666666666666665,12500.0,0.0,0.0,0.0,44.67752132493072,optimal
2021-02-13 14:00:00,7,87,3.5714285714285716,0.0,0.0,0.4476,10.8465,6.0,-2,20.2659677478715,55.0,0.04,12500.0,0.0,0.0,0.0,44.402444476908556,optimal
2021-02-13 14:30:00,7,87,3.5714285714285716,0.0,0.0,0.41076666666666667,11.2455,6.0,-2,20.45447623514416,55.0,0.04,12500.0,0.0,0.0,0.0,44.12764270573441,optimal
2021-02-13 15:00:00,7,87,0.0,0.0,0.0,0.3741333333333333,23.8665,6.0,-2,20.64029928500765,55.0,0.037333333333333336,0.0,0.0,0.0,0.0,43.85311573633144,optimal
2021-02-13 15:30:00,7,87,0.0,0.0,0.0,0.2322333333333333,27.4575,6.0,-2,20.593319402600958,55.0,0.037333333333333336,0.0,0.0,0.0,0.0,43.57886329389787,optimal
2021-02-13 16:00:00,7,87,0.0,0.0,0.0,0.224,27.3735,6.0,-2,20.54492427727171,55.0,0.036,0.0,0.0,0.0,0.0,43.304885103906734,optimal
2021-02-13 16:30:00,7,87,0.0,0.0,0.0,0.4619333333333333,30.4605,6.0,-2,20.467992051033242,55.0,0.034,0.0,0.0,0.0,0.0,43.03118089210559,optimal
2021-02-13 17:00:00,7,87,0.0,0.0,0.0,0.1271,30.0195,6.0,-2,20.394134569084397,55.0,0.032,0.0,0.0,0.0,0.0,42.75775038451624,optimal
2021-02-13 17:30:00,7,87,0.0,0.0,0.0,0.24309999999999998,26.9325,6.0,-2,20.290025161886202,55.0,0.030666666666666665,0.0,0.0,0.0,0.0,42.48459330743449,optimal
2021-02-13 18:00:00,7,87,0.0,0.0,0.0,3.5863666666666667,14.595,6.0,-2,20.186240847415586,55.0,0.030666666666666665,0.0,0.0,0.0,0.0,42.21170938742981,optimal
2021-02-13 18:30:00,7,87,0.0,0.0,0.0,2.0252,12.4845,6.0,-2,20.09877942805195,55.0,0.029333333333333333,0.0,0.0,0.0,0.0,41.939098351345145,optimal
2021-02-13 19:00:00,7,87,2.49710141765599,0.0,0.0,0.41853333333333337,12.1275,6.0,-2,20.0,55.0,0.008666666666666666,8739.854961795965,0.0,0.0,0.0,41.666759926296564,optimal
2021-02-13 19:30:00,7,87,3.5714285714285716,0.0,0.0,0.20813333333333334,12.1275,6.0,-2,20.030443459477322,55.0,0.007333333333333333,12500.0,0.0,0.0,0.0,41.39469383967303,optimal
2021-02-13 20:00:00,7,87,0.0,0.0,0.0,0.10413333333333334,12.789,6.0,-2,20.119086432308215,55.0,0.002666666666666666,0.0,0.0,0.0,0.0,41.12289981913612,optimal
2021-02-13 20:30:00,7,87,0.0,0.0,0.0,0.35746666666666665,11.907,6.0,-2,20.0,55.0,0.002666666666666666,0.0,0.0,0.0,0.0,41.08177691931699,optimal
2021-02-13 21:00:00,7,87,0.0,0.0,0.0,0.6145333333333333,11.025,6.0,-2,19.885696864858065,55.0,0.0,0.0,0.0,0.0,0.0,41.04069514239767,optimal
2021-02-13 21:30:00,7,87,0.0,0.0,0.0,0.3118666666666667,8.2005,6.0,-2,19.779077300379065,55.0,0.0,0.0,0.0,0.0,0.0,40.99965444725527,optimal
2021-02-13 22:00:00,7,87,0.0,0.0,0.0,1.1260666666666665,9.5655,6.0,-2,19.668544101647967,55.0,0.0,0.0,0.0,0.0,0.0,40.95865479280801,optimal
2021-02-13 22:30:00,7,87,0.0,0.0,0.0,1.5629333333333333,7.056,6.0,-2,19.565886095886125,55.0,0.0,0.0,0.0,0.0,0.0,40.9176961380152,optimal
2021-02-13 23:00:00,7,87,0.0,0.0,0.0,0.21013333333333334,9.3975,6.0,-2,19.47094351685162,55.0,0.0,0.0,0.0,0.0,0.0,40.876778441877185,optimal
2021-02-13 23:30:00,7,87,0.0,0.0,0.0,0.073,10.059,6.0,-2,19.353823988866147,55.0,0.0,0.0,0.0,0.0,0.0,40.83590166343531,optimal
2021-02-07 00:00:00,8,87,2.788442511766107,0.0,0.0,0.1807333333333333,8.274,6.0,-2,21.0,55.0,0.12,9759.548791181374,0.0,0.0,0.0,47.952,optimal
2021-02-07 00:30:00,8,87,3.5714285714285716,0.0,0.0,0.19253333333333333,7.7175,6.0,-2,21.05619963162397,55.0,0.12,12500.0,0.0,0.0,0.0,47.904047999999996,optimal
2021-02-07 01:00:00,8,87,3.5714285714285716,0.0,0.0,0.06603333333333333,6.615,6.0,-2,21.15598888953182,55.0,0.12,12500.0,0.0,0.0,0.0,47.856143952,optimal
2021-02-07 01:30:00,8,87,3.5714285714285716,0.0,0.0,0.18669999999999998,6.174,6.0,-2,21.248929205140985,55.0,0.12,12500.0,0.0,0.0,0.0,47.80828780804799,optimal
2021-02-07 02:00:00,8,87,3.5714285714285716,0.0,0.0,0.0735,3.906,6.0,-2,21.34296647292431,55.0,0.12,12500.0,0.0,0.0,0.0,47.76047952023995,optimal
2021-02-07 02:30:00,8,87,3.5714285714285716,0.0,0.0,0.2089,2.3415,6.0,-2,21.434262646772194,55.0,0.12,12500.0,0.0,0.0,0.0,47.712719040719705,optimal
2021-02-07 03:00:00,8,87,3.5714285714285716,0.0,0.0,0.12033333333333332,2.205,6.0,-2,21.526599489996865,55.0,0.12,12500.0,0.0,0.0,0.0,47.66500632167899,optimal
2021-02-07 03:30:00,8,87,3.5714285714285716,0.0,1.312379722123736,0.15,0.882,6.0,-2,21.616301488550118,55.0,0.12,12500.0,0.0,0.0,0.0,48.240721683366075,optimal
2021-02-07 04:00:00,8,87,3.5714285714285716,0.0,0.0,0.19273333333333328,1.5435,6.0,-2,21.70562957534022,55.0,0.12,12500.0,0.0,0.0,0.0,48.192480961682705,optimal
2021-02-07 04:30:00,8,87,3.5714285714285716,0.0,0.0,0.15,1.5435,6.0,-2,21.7948001151184,55.0,0.12,12500.0,0.0,0.0,0.0,48.144288480721016,optimal
2021-02-07 05:00:00,8,87,3.5714285714285716,0.0,0.0,0.1468,5.0715,6.0,-2,21.882721700063314,55.0,0.12,12500.0,0.0,0.0,0.0,48.096144192240295,optimal
2021-02-07 05:30:00,8,87,3.5714285714285716,0.0,0.0,0.13326666666666667,5.376,6.0,-2,21.97001144274529,55.0,0.12,12500.0,0.0,0.0,0.0,48.048048048048045,optimal
2021-02-07 06:00:00,8,87,3.5714285714285716,0.0,0.0,0.29546666666666666,5.0715,6.0,-2,22.056465722191856,55.0,0.118,12500.0,0.0,0.0,0.0,48.0,optimal
2021-02-07 06:30:00,8,87,3.5714285714285716,0.0,0.0,0.21256666666666663,5.5125,6.0,-2,22.151872149568263,55.0,0.098,12500.0,0.0,0.0,0.0,47.84970381945348,optimal
2021-02-07 07:00:00,8,87,0.0,0.0,0.0,0.14933333333333335,9.261,6.0,-2,22.244147345690298,55.0,0.098,0.0,0.0,0.0,0.0,47.69955793508751,optimal
2021-02-07 07:30:00,8,87,0.0,0.0,0.0,0.10826666666666668,11.7075,6.0,-2,22.1238585075755,55.0,0.098,0.0,0.0,0.0,0.0,47.549562196605905,optimal
2021-02-07 08:00:00,8,87,0.0,0.0,0.0,0.2323,12.348,6.0,-2,22.0,55.0,0.098,0.0,0.0,0.0,0.0,47.39971645386278,optimal
2021-02-07 08:30:00,8,87,0.0,0.0,0.0,0.07383333333333333,12.348,6.0,-2,21.877974317255276,55.0,0.098,0.0,0.0,0.0,0.0,47.2500205568624,optimal
2021-02-07 09:00:00,8,87,0.0,0.0,0.0,0.2422333333333333,12.1275,6.0,-2,21.753681243094004,55.0,0.098,0.0,0.0,0.0,0.0,47.100474355759026,optimal
2021-02-07 09:30:00,8,87,0.0,0.0,0.0,0.1005,12.5265,6.0,-2,21.645191004492105,55.0,0.098,0.0,0.0,0.0,0.0,46.95107770085675,optimal
2021-02-07 10:00:00,8,87,0.0,0.0,0.0,0.10223333333333331,11.7495,6.0,-2,21.535354407549615,55.0,0.098,0.0,0.0,0.0,0.0,46.80183044260938,optimal
2021-02-07 10:30:00,8,87,0.0,0.0,0.0,0.1825,13.23,6.0,-2,21.441771541692155,55.0,0.098,0.0,0.0,0.0,0.0,46.65273243162025,optimal
2021-02-07 11:00:00,8,87,0.0,0.0,0.0,0.12903333333333333,14.3325,6.0,-2,21.349382223327645,55.0,0.098,0.0,0.0,0.0,0.0,46.503783518642116,optimal
2021-02-07 11:30:00,8,87,0.0,0.0,0.0,0.18669999999999998,14.994,6.0,-2,21.27660772336816,55.0,0.098,0.0,0.0,0.0,0.0,46.354983554576954,optimal
2021-02-07 12:00:00,8,87,0.0,0.0,0.0,0.069,14.8155,6.0,-2,21.205225897583706,55.0,0.098,0.0,0.0,0.0,0.0,46.20633239047586,optimal
2021-02-07 12:30:00,8,87,0.0,0.0,0.0,0.16513333333333333,14.112,6.0,-2,21.146393450514523,55.0,0.098,0.0,0.0,0.0,0.0,46.057829877538865,optimal
2021-02-07 13:00:00,8,87,0.0,0.0,0.0,0.17426666666666668,14.007,6.0,-2,21.08949803439055,55.0,0.098,0.0,0.0,0.0,0.0,45.90947586711481,optimal
2021-02-07 13:30:00,8,87,0.0,0.0,0.0,0.09133333333333331,13.23,6.0,-2,21.020174697955042,55.0,0.098,0.0,0.0,0.0,0.0,45.76127021070118,optimal
2021-02-07 14:00:00,8,87,0.0,0.0,0.0,0.15316666666666665,11.382,6.0,-2,20.950249042446455,55.0,0.098,0.0,0.0,0.0,0.0,45.613212759943956,optimal
2021-02-07 14:30:00,8,87,0.0,0.0,0.0,0.16256666666666666,11.7495,6.0,-2,20.88735973498593,55.0,0.098,0.0,0.0,0.0,0.0,45.46530336663749,optimal
2021-02-07 15:00:00,8,87,0.0,0.0,0.0,0.1145,24.3285,6.0,-2,20.825319301484917,55.0,0.098,0.0,0.0,0.0,0.0,45.317541882724335,optimal
2021-02-07 15:30:00,8,87,0.0,0.0,0.0,0.2389,28.917,6.0,-2,20.775532999262623,55.0,0.098,0.0,0.0,0.0,0.0,45.16992816029509,optimal
2021-02-07 16:00:00,8,87,0.0,0.0,0.0,0.06,31.3635,6.0,-2,20.727156888215504,55.0,0.098,0.0,0.0,0.0,0.0,45.02246205158828,optimal
2021-02-07 16:30:00,8,87,0.0,0.0,0.0,0.105,33.306,6.0,-2,20.646839771361456,55.0,0.098,0.0,0.0,0.0,0.0,44.87514340899017,optimal
2021-02-07 17:00:00,8,87,0.0,0.0,0.0,0.21359999999999998,31.3425,6.0,-2,20.568062016640635,55.0,0.098,0.0,0.0,0.0,0.0,44.727972085034665,optimal
2021-02-07 17:30:00,8,87,0.0,0.0,0.0,0.08413333333333334,28.2555,6.0,-2,20.460169842412604,55.0,0.098,0.0,0.0,0.0,0.0,44.58094793240311,optimal
2021-02-07 18:00:00,8,87,0.0,0.0,0.0,0.06,15.6975,6.0,-2,20.351436356084992,55.0,0.098,0.0,0.0,0.0,0.0,44.43407080392419,optimal
2021-02-07 18:30:00,8,87,0.0,0.0,0.0,0.09853333333333332,12.5475,6.0,-2,20.236773792608417,55.0,0.098,0.0,0.0,0.0,0.0,44.28734055257375,optimal
2021-02-07 19:00:00,8,87,0.06231070842899918,0.0,0.0,0.2542,12.0855,6.0,-2,20.12371783644382,55.0,0.098,218.08747950149714,0.0,0.0,0.0,44.140757031474664,optimal
2021-02-07 19:30:00,8,87,3.5714285714285716,0.0,0.0,0.06,11.907,6.0,-2,20.017701167746758,55.0,0.098,12500.0,0.0,0.0,0.0,43.99432009389667,optimal
2021-02-07 20:00:00,8,87,0.0,0.0,0.0,0.18669999999999998,12.5685,6.0,-2,20.110488241100246,55.0,0.098,0.0,0.0,0.0,0.0,43.84802959325626,optimal
2021-02-07 20:30:00,8,87,0.0,0.0,0.0,0.15603333333333333,13.146,6.0,-2,20.0,55.0,0.098,0.0,0.0,0.0,0.0,43.70188538311648,optimal
2021-02-07 21:00:00,8,87,0.0,0.0,0.0,0.06,10.584,6.0,-2,19.889073925123387,55.0,0.098,0.0,0.0,0.0,0.0,43.55588731718685,optimal
2021-02-07 21:30:00,8,87,0.0,0.0,0.0,0.171,6.678,6.0,-2,19.77664184957328,55.0,0.09666666666666666,0.0,0.0,0.0,0.0,43.410035249323144,optimal
2021-02-07 22:00:00,8,87,0.0,0.0,0.0,0.7022333333333334,7.938,6.0,-2,19.670649872153735,55.0,0.09666666666666666,0.0,0.0,0.0,0.0,43.264329033527304,optimal
2021-02-07 22:30:00,8,87,0.0,0.0,0.0,0.5580333333333333,5.292,6.0,-2,19.576844063976512,55.0,0.09666666666666666,0.0,0.0,0.0,0.0,43.22106470449378,optimal
2021-02-07 23:00:00,8,87,0.0,0.0,0.0,0.205,9.261,6.0,-2,19.48572681207583,55.0,0.09466666666666666,0.0,0.0,0.0,0.0,43.17784363978928,optimal
2021-02-07 23:30:00,8,87,0.0,0.0,0.0,0.2833333333333333,10.3635,6.0,-2,19.389722188478558,55.0,0.09466666666666666,0.0,0.0,0.0,0.0,43.13466579614949,optimal
2021-02-08 00:00:00,8,87,3.5714285714285716,0.0,0.0,0.061,7.938,6.0,-1,19.389722188478558,55.0,0.09466666666666666,12221.333333333334,0.0,278.6666666666667,0.0,43.09153113035334,optimal
2021-02-08 00:30:00,8,87,3.5714285714285716,0.0,0.0,0.0986,8.6835,6.0,-1,19.48334442435157,55.0,0.09266666666666666,12500.0,0.0,0.0,0.0,43.04843959922299,optimal
2021-02-08 01:00:00,8,87,3.5714285714285716,0.0,0.0,0.42876666666666663,7.665,6.0,-1,19.582038477832388,55.0,0.09266666666666666,12500.0,0.0,0.0,0.0,43.00539115962376,optimal
2021-02-08 01:30:00,8,87,3.5714285714285716,0.0,0.0,0.38289999999999996,6.7725,6.0,-1,19.6860527225389,55.0,0.08933333333333333,12500.0,0.0,0.0,0.0,42.96238576846414,optimal
2021-02-08 02:00:00,8,87,3.5714285714285716,0.0,0.0,0.11876666666666667,5.5755,6.0,-1,19.788911436802238,55.0,0.08933333333333333,12500.0,0.0,0.0,0.0,42.919423382695676,optimal
2021-02-08 02:30:00,8,87,3.5714285714285716,0.0,5.0,0.1052,5.0925,6.0,-1,19.883850347313864,55.0,0.08933333333333333,12500.0,0.0,0.0,0.0,45.25150395931298,optimal
2021-02-08 03:00:00,8,87,3.5714285714285716,0.0,5.0,0.1807333333333333,4.1895,6.0,-1,19.97694156979693,55.0,0.08933333333333333,12500.0,0.0,0.0,0.0,47.58125245535366,optimal
2021-02-08 03:30:00,8,87,3.5714285714285716,0.0,0.0,0.1618,7.056,6.0,-1,20.071004964501178,55.0,0.08933333333333333,12500.0,0.0,0.0,0.0,47.53367120289831,optimal
2021-02-08 04:00:00,8,87,3.5714285714285716,0.0,1.8938868298583527,0.1474,5.271,6.0,-1,20.163871417335226,55.0,0.08933333333333333,12500.0,0.0,0.0,0.0,48.38573377587813,optimal
2021-02-08 04:30:00,8,87,3.5714285714285716,0.0,0.0,0.22173333333333328,7.938,6.0,-1,20.255622562777333,55.0,0.08933333333333333,12500.0,0.0,0.0,0.0,48.33734804210225,optimal
2021-02-08 05:00:00,8,87,3.5714285714285716,0.0,0.0,0.07859999999999999,7.938,6.0,-1,20.34741115937774,55.0,0.08933333333333333,12500.0,0.0,0.0,0.0,48.289010694060146,optimal
2021-02-08 05:30:00,8,87,3.5714285714285716,0.0,0.0,0.11926666666666667,11.907,6.0,-1,20.435674353810512,55.0,0.08933333333333333,12500.0,0.0,0.0,0.0,48.240721683366075,optimal
2021-02-08 06:00:00,8,87,3.5714285714285716,0.0,0.0,0.26546666666666663,11.025,6.0,-1,20.52375269914596,55.0,0.08933333333333333,12500.0,0.0,0.0,0.0,48.192480961682705,optimal
2021-02-08 06:30:00,8,87,3.5714285714285716,0.0,0.0,0.07266666666666667,11.2875,6.0,-1,20.613376220970693,55.0,0.08933333333333333,12500.0,0.0,0.0,0.0,48.144288480721016,optimal
2021-02-08 07:00:00,8,87,0.0,0.0,0.0,0.4066666666666667,12.936,6.0,-1,20.698823416300073,55.0,0.08733333333333333,0.0,0.0,0.0,0.0,48.096144192240295,optimal
2021-02-08 07:30:00,8,87,0.0,0.0,0.0,0.20416666666666664,13.0095,6.0,-1,20.587404706394455,55.0,0.058,0.0,0.0,0.0,0.0,48.048048048048045,optimal
2021-02-08 08:00:00,8,87,0.0,0.0,0.0,1.1862000000000001,13.671,6.0,-1,20.474258807483682,55.0,0.05733333333333333,0.0,0.0,0.0,0.0,48.0,optimal
2021-02-08 08:30:00,8,87,0.0,0.0,0.0,1.4535333333333333,13.188,6.0,-1,20.36395693030143,55.0,0.05533333333333333,0.0,0.0,0.0,0.0,47.6521990765418,optimal
2021-02-08 09:00:00,8,87,0.0,0.0,0.0,0.1586,13.8495,6.0,-1,20.252135490039887,55.0,0.05533333333333333,0.0,0.0,0.0,0.0,47.30474595400705,optimal
2021-02-08 09:30:00,8,87,0.0,0.0,0.0,0.15819999999999998,13.23,6.0,-1,20.15656902983843,55.0,0.05266666666666667,0.0,0.0,0.0,0.0,46.957640284594845,optimal
2021-02-08 10:00:00,8,87,0.0,0.0,0.0,0.32723333333333327,13.3665,6.0,-1,20.062625968015844,55.0,0.05266666666666667,0.0,0.0,0.0,0.0,46.61088172085205,optimal
2021-02-08 10:30:00,8,87,2.3037625917239843,0.0,0.0,0.32889999999999997,13.0515,6.0,-1,20.00376570593413,55.0,0.05266666666666667,8063.169071033945,0.0,0.0,0.0,46.264469915673,optimal
2021-02-08 11:00:00,8,87,0.0,0.0,0.0,0.175,13.5345,6.0,-1,20.077913238587424,55.0,0.05266666666666667,0.0,0.0,0.0,0.0,45.91840452229913,optimal
2021-02-08 11:30:00,8,87,0.0,0.0,0.0,0.20463333333333333,14.154,6.0,-1,20.05233920572716,55.0,0.05266666666666667,0.0,0.0,0.0,0.0,45.57268519431863,optimal
2021-02-08 12:00:00,8,87,0.0,0.0,0.0,0.19676666666666667,14.112,6.0,-1,20.02802359673241,55.0,0.05266666666666667,0.0,0.0,0.0,0.0,45.227311585666115,optimal
2021-02-08 12:30:00,8,87,0.0,0.0,0.0,0.073,14.2485,6.0,-1,20.01517324170541,55.0,0.05266666666666667,0.0,0.0,0.0,0.0,44.88228335062225,optimal
2021-02-08 13:00:00,8,87,1.1860032943622425,0.0,0.0,0.33173333333333327,12.789,6.0,-1,20.0,55.0,0.05266666666666667,4151.011530267849,0.0,0.0,0.0,44.53760014381343,optimal
2021-02-08 13:30:00,8,87,0.0,0.0,0.0,0.073,13.0095,6.0,-1,20.05438246326795,55.0,0.05266666666666667,0.0,0.0,0.0,0.0,44.193261620211416,optimal
2021-02-08 14:00:00,8,87,3.5714285714285716,0.0,0.0,0.2262333333333333,12.1275,6.0,-1,20.03680358003752,55.0,0.05266666666666667,12500.0,0.0,0.0,0.0,43.84926743513301,optimal
2021-02-08 14:30:00,8,87,3.5714285714285716,0.0,0.0,0.1785,12.348,6.0,-1,20.22804077367737,55.0,0.05266666666666667,12500.0,0.0,0.0,0.0,43.50561724423967,optimal
2021-02-08 15:00:00,8,87,3.5714285714285716,0.0,0.0,0.1718,12.348,6.0,-1,20.416395527931005,55.0,0.05266666666666667,12500.0,0.0,0.0,0.0,43.16231070353723,optimal
2021-02-08 15:30:00,8,87,0.0,0.0,0.0,0.14083333333333334,25.389,6.0,-1,20.57728904679332,55.0,0.052,0.0,0.0,0.0,0.0,42.819347469375494,optimal
2021-02-08 16:00:00,8,87,0.0,0.0,0.0,0.20663333333333334,29.1375,6.0,-1,20.533015579435975,55.0,0.051333333333333335,0.0,0.0,0.0,0.0,42.47672719844792,optimal
2021-02-08 16:30:00,8,87,0.0,0.0,0.0,1.4381333333333335,30.597,6.0,-1,20.462740913193564,55.0,0.04733333333333333,0.0,0.0,0.0,0.0,42.13444954779127,optimal
2021-02-08 17:00:00,8,87,0.0,0.0,0.0,2.655733333333333,33.684,6.0,-1,20.39470819628548,55.0,0.04733333333333333,0.0,0.0,0.0,0.0,41.79251417478528,optimal
2021-02-08 17:30:00,8,87,0.0,0.0,0.0,1.2489666666666668,32.445,6.0,-1,20.301445208839276,55.0,0.04533333333333334,0.0,0.0,0.0,0.0,41.750721660610495,optimal
2021-02-08 18:00:00,8,87,0.0,0.0,0.0,1.566,28.917,6.0,-1,20.203763706771788,55.0,0.028666666666666667,0.0,0.0,0.0,0.0,41.70897093894988,optimal
2021-02-08 18:30:00,8,87,0.0,0.0,0.0,0.4061,15.876,6.0,-1,20.105251374164702,55.0,0.026,0.0,0.0,0.0,0.0,41.66726196801093,optimal
2021-02-08 19:00:00,8,87,1.7560925741433508,0.0,0.0,0.6139333333333333,12.348,6.0,-1,20.0,55.0,0.023333333333333334,6146.324009501728,0.0,0.0,0.0,41.625594706042925,optimal
2021-02-08 19:30:00,8,87,3.5714285714285716,0.0,0.0,0.5285666666666667,12.1275,6.0,-1,20.0,55.0,0.02266666666666667,12500.0,0.0,0.0,0.0,41.583969111336884,optimal
2021-02-08 20:00:00,8,87,0.1734599921451373,0.0,0.0,0.24686666666666668,12.348,6.0,-1,20.100910297093474,55.0,0.02266666666666667,607.1099725079806,0.0,0.0,0.0,41.54238514222555,optimal
2021-02-08 20:30:00,8,87,0.0,0.0,0.0,0.3206,12.1275,6.0,-1,20.0,55.0,0.007333333333333333,0.0,0.0,0.0,0.0,41.50084275708332,optimal
2021-02-08 21:00:00,8,87,0.0,0.0,0.0,0.4649,12.1275,6.0,-1,19.888908575385642,55.0,0.007333333333333333,0.0,0.0,0.0,0.0,41.45934191432624,optimal
2021-02-08 21:30:00,8,87,0.0,0.0,0.0,0.2573666666666667,11.2665,6.0,-1,19.78339372712854,55.0,0.007333333333333333,0.0,0.0,0.0,0.0,41.41788257241191,optimal
2021-02-08 22:00:00,8,87,1.0549523809523809,0.0,0.0,0.5457333333333334,10.143,6.0,-1,19.672869233979814,55.0,0.04266666666666666,0.0,0.0,3692.333333333333,0.0,41.3764646898395,optimal
2021-02-08 22:30:00,8,87,0.0,0.0,0.0,0.47153333333333336,11.2455,6.0,-1,19.567522465360334,55.0,0.04266666666666666,0.0,0.0,0.0,0.0,41.33508822514966,optimal
2021-02-08 23:00:00,8,87,0.0,0.0,0.0,0.5167666666666666,11.025,6.0,-1,19.461439509762755,55.0,0.0,0.0,0.0,0.0,0.0,41.293753136924515,optimal
2021-02-08 23:30:00,8,87,0.0199047619047619,0.0,0.0,0.2897333333333333,5.9745,6.0,-1,19.35805373203297,55.0,0.0,0.0,0.0,69.66666666666666,0.0,41.25245938378759,optimal
2021-02-09 00:00:00,8,87,3.5714285714285716,0.0,0.0,0.059,11.7705,6.0,-4,19.35805373203297,55.0,0.0,12500.0,0.0,0.0,0.0,41.211206924403804,optimal
2021-02-09 00:30:00,8,87,3.5714285714285716,0.0,5.0,0.15866666666666665,11.13,6.0,-4,19.44843671724081,55.0,0.11961722488038277,0.0,0.0,12500.0,0.0,43.5449957174794,optimal
2021-02-09 01:00:00,8,87,3.5714285714285716,0.0,0.0,0.16326666666666667,11.6865,6.0,-4,19.335424085947977,55.0,0.13533333333333333,10857.666666666666,0.0,1642.3333333333333,0.0,43.50145072176192,optimal
2021-02-09 01:30:00,8,87,3.5714285714285716,0.0,5.0,0.128,10.7205,6.0,-4,19.401364705145102,55.0,0.13533333333333333,12500.0,0.0,0.0,0.0,45.83294927104016,optimal
2021-02-09 02:00:00,8,87,3.5714285714285716,0.0,0.0,0.07126666666666667,11.424,6.0,-4,19.49261147833352,55.0,0.13533333333333333,12500.0,0.0,0.0,0.0,45.78711632176912,optimal
2021-02-09 02:30:00,8,87,3.5714285714285716,0.0,5.0,0.32673333333333326,10.689,6.0,-4,19.581751622617407,55.0,0.13533333333333333,12500.0,0.0,0.0,0.0,48.11632920544735,optimal
2021-02-09 03:00:00,8,87,3.5714285714285716,0.0,0.7704317212211645,0.059,11.361,6.0,-4,19.674835996870954,55.0,0.13533333333333333,12500.0,0.0,0.0,0.0,48.434167943821954,optimal
2021-02-09 03:30:00,8,87,3.5714285714285716,0.0,0.0,0.27126666666666666,11.571,6.0,-4,19.76326905858599,55.0,0.13533333333333333,12500.0,0.0,0.0,0.0,48.38573377587813,optimal
2021-02-09 04:00:00,8,87,3.5714285714285716,0.0,0.0,0.1267333333333333,14.3745,6.0,-4,19.855250753897252,55.0,0.13533333333333333,12500.0,0.0,0.0,0.0,48.33734804210225,optimal
2021-02-09 04:30:00,8,87,3.5714285714285716,0.0,0.0,0.08966666666666667,13.23,6.0,-4,19.944914004324687,55.0,0.13533333333333333,12500.0,0.0,0.0,0.0,48.289010694060146,optimal
2021-02-09 05:00:00,8,87,3.5714285714285716,0.0,0.0,0.3029,13.9755,6.0,-4,20.032802559991033,55.0,0.13533333333333333,12500.0,0.0,0.0,0.0,48.240721683366075,optimal
2021-02-09 05:30:00,8,87,3.5714285714285716,0.0,0.0,0.06443333333333334,14.994,6.0,-4,20.123027855990898,55.0,0.13533333333333333,12500.0,0.0,0.0,0.0,48.192480961682705,optimal
2021-02-09 06:00:00,8,87,3.5714285714285716,0.0,0.0,0.13413333333333333,13.671,6.0,-4,20.208791125753827,55.0,0.13533333333333333,12500.0,0.0,0.0,0.0,48.144288480721016,optimal
2021-02-09 06:30:00,8,87,0.0,0.0,0.0,0.2561333333333333,15.981,6.0,-4,20.295168340040526,55.0,0.10930666666666666,0.0,0.0,0.0,0.0,48.096144192240295,optimal
2021-02-09 07:00:00,8,87,0.7438208874031965,0.0,0.0,0.5893999999999999,15.6345,6.0,-4,20.17865121340424,55.0,0.06466666666666666,2603.373105911188,0.0,0.0,0.0,48.048048048048045,optimal
2021-02-09 07:30:00,8,87,0.0,0.0,0.0,0.18366666666666662,16.5375,6.0,-4,20.111495620308727,55.0,0.062,0.0,0.0,0.0,0.0,48.0,optimal
2021-02-09 08:00:00,8,87,3.5714285714285716,0.0,0.0,0.31139999999999995,14.7735,6.0,-4,20.0,55.0,0.062,12500.0,0.0,0.0,0.0,47.8882502686034,optimal
2021-02-09 08:30:00,8,87,0.32486522789001804,0.0,0.0,1.1802000000000001,15.2145,6.0,-4,20.093647928221383,55.0,0.05533333333333333,1137.0282976150631,0.0,0.0,0.0,47.776612286938196,optimal
2021-02-09 09:00:00,8,87,1.5812152486013005,0.0,0.0,0.9431,14.553,6.0,-4,20.0,55.0,0.0,5534.253370104552,0.0,0.0,0.0,47.66508594325466,optimal
2021-02-09 09:30:00,8,87,3.5714285714285716,0.0,0.0,0.30746666666666667,14.3325,6.0,-4,20.0,55.0,0.0,12500.0,0.0,0.0,0.0,47.5536711259148,optimal
2021-02-09 10:00:00,8,87,0.1488636562231272,0.0,0.0,0.11053333333333332,14.595,6.0,-4,20.11069042696639,55.0,0.0,521.0227967809452,0.0,0.0,0.0,47.44236772339229,optimal
2021-02-09 10:30:00,8,87,0.0,0.0,0.0,0.09966666666666668,14.994,6.0,-4,20.058772809864706,55.0,0.0,0.0,0.0,0.0,0.0,47.3311756242723,optimal
2021-02-09 11:00:00,8,87,0.37052806494761914,0.0,0.0,0.24226666666666669,14.3325,6.0,-4,20.0,55.0,0.0,1296.8482273166671,0.0,0.0,0.0,47.22009471725143,optimal
2021-02-09 11:30:00,8,87,0.39293187642809874,0.0,0.0,0.14506666666666665,13.8915,6.0,-4,20.0,55.0,0.0,1375.2615674983456,0.0,0.0,0.0,47.109124891137576,optimal
2021-02-09 12:00:00,8,87,0.0,0.0,0.0,0.2039333333333333,13.8915,6.0,-4,20.0,55.0,0.0,0.0,0.0,0.0,0.0,46.99826603484984,optimal
2021-02-09 12:30:00,8,87,3.5714285714285716,0.0,0.0,0.069,13.4715,6.0,-4,20.00200538651758,55.0,0.014,11037.0,0.0,1463.0,0.0,46.887518037418396,optimal
2021-02-09 13:00:00,8,87,3.5714285714285716,0.0,0.0,2.433,13.23,6.0,-4,20.1822925192504,55.0,0.009333333333333334,12500.0,0.0,0.0,0.0,46.77688078798438,optimal
2021-02-09 13:30:00,8,87,0.0,0.0,0.0,0.6013,13.8915,6.0,-4,20.405675758189428,55.0,0.009333333333333334,0.0,0.0,0.0,0.0,46.666354175799796,optimal
2021-02-09 14:00:00,8,87,0.0,0.0,0.0,2.8505333333333334,26.9325,6.0,-4,20.41640286695169,55.0,0.009333333333333334,0.0,0.0,0.0,0.0,46.5559380902274,optimal
2021-02-09 14:30:00,8,87,0.0,0.0,0.0,2.284733333333333,30.303,6.0,-4,20.423800150413662,55.0,0.008,0.0,0.0,0.0,0.0,46.44563242074057,optimal
2021-02-09 15:00:00,8,87,0.0,0.0,0.0,0.6006333333333334,32.886,6.0,-4,20.443765900788993,55.0,0.007333333333333333,0.0,0.0,0.0,0.0,46.33543705692323,optimal
2021-02-09 15:30:00,8,87,0.0,0.0,0.0,1.561233333333333,34.9965,6.0,-4,20.425074861949145,55.0,0.001333333333333333,0.0,0.0,0.0,0.0,46.22535188846971,optimal
2021-02-09 16:00:00,8,87,0.0,0.0,0.0,0.9573333333333334,33.327,6.0,-4,20.406613113880145,55.0,0.001333333333333333,0.0,0.0,0.0,0.0,46.115376805184646,optimal
2021-02-09 16:30:00,8,87,0.0,0.0,0.0,1.8805,31.122,6.0,-4,20.34987827107444,55.0,0.001333333333333333,0.0,0.0,0.0,0.0,46.005511696982865,optimal
2021-02-09 17:00:00,8,87,0.0,0.0,0.0,0.6957333333333333,17.9025,6.0,-4,20.298502278807096,55.0,0.001333333333333333,0.0,0.0,0.0,0.0,45.895756453889284,optimal
2021-02-09 17:30:00,8,87,0.0,0.0,0.0,0.4147666666666667,15.6555,6.0,-4,20.198844054846717,55.0,0.001333333333333333,0.0,0.0,0.0,0.0,45.7861109660388,optimal
2021-02-09 18:00:00,8,87,0.12216192617903869,0.0,0.0,0.5125,14.553,6.0,-4,20.099521531908064,55.0,0.0,427.5667416266354,0.0,0.0,0.0,45.67657512367616,optimal
2021-02-09 18:30:00,8,87,1.839827818108595,0.0,0.0,0.43606666666666666,14.3325,6.0,-4,20.0,55.0,0.0,6439.397363380082,0.0,0.0,0.0,45.56714881715588,optimal
2021-02-09 19:00:00,8,87,1.9627554391129127,0.0,0.0,0.31603333333333333,13.335,6.0,-4,20.0,55.0,0.0,6660.644036895194,0.0,209.0,0.0,45.45783193694213,optimal
2021-02-09 19:30:00,8,87,3.5714285714285716,0.0,0.0,0.2039333333333333,12.1275,6.0,-4,20.0,55.0,0.0,12500.0,0.0,0.0,0.0,45.34862437360859,optimal
2021-02-09 20:00:00,8,87,0.49488021238958485,0.0,0.0,0.069,12.2955,6.0,-4,20.089583078007717,55.0,0.0,1732.080743363547,0.0,0.0,0.0,45.23952601783838,optimal
2021-02-09 20:30:00,8,87,0.0,0.0,0.0,0.21406666666666663,11.6865,6.0,-4,20.0,55.0,0.0,0.0,0.0,0.0,0.0,45.130536760423944,optimal
2021-02-09 21:00:00,8,87,0.0,0.0,0.0,0.2039333333333333,11.466,6.0,-4,19.884353724974144,55.0,0.0,0.0,0.0,0.0,0.0,45.02165649226692,optimal
2021-02-09 21:30:00,8,87,0.0,0.0,0.0,0.21406666666666663,10.8045,6.0,-4,19.76863775095083,55.0,0.0,0.0,0.0,0.0,0.0,44.912885104378056,optimal
2021-02-09 22:00:00,8,87,0.0,0.0,0.0,0.069,10.584,6.0,-4,19.65256898269247,55.0,0.0,0.0,0.0,0.0,0.0,44.80422248787708,optimal
2021-02-09 22:30:00,8,87,0.0,0.0,0.0,0.2039333333333333,11.2455,6.0,-4,19.53360704553834,55.0,0.0,0.0,0.0,0.0,0.0,44.6956685339926,optimal
2021-02-09 23:00:00,8,87,0.0,0.0,0.0,0.14506666666666665,12.1275,6.0,-4,19.417895667630198,55.0,0.0,0.0,0.0,0.0,0.0,44.587223134062015,optimal
2021-02-09 23:30:00,8,87,0.0,0.0,0.0,1.7201333333333335,11.823,6.0,-4,19.30223993411724,55.0,0.0,0.0,0.0,0.0,0.0,44.542635910927956,optimal
2021-02-10 00:00:00,8,87,3.5714285714285716,0.0,0.0,0.2253,10.8045,6.0,0,19.30223993411724,55.0,0.0,12500.0,0.0,0.0,0.0,44.49809327501703,optimal
2021-02-10 00:30:00,8,87,3.5714285714285716,0.0,0.0,0.17356666666666667,11.508,6.0,0,19.394415552985798,55.0,0.09533333333333334,2537.666666666666,0.0,9962.333333333334,0.0,44.45359518174201,optimal
2021-02-10 01:00:00,8,87,3.5714285714285716,0.0,0.0,0.06256666666666667,11.508,6.0,0,19.321353950838446,55.0,0.09533333333333334,12500.0,0.0,0.0,0.0,44.40914158656027,optimal
2021-02-10 01:30:00,8,87,3.5714285714285716,0.0,0.0,0.21016666666666664,11.508,6.0,0,19.40951487372234,55.0,0.09533333333333334,12500.0,0.0,0.0,0.0,44.364732444973704,optimal
2021-02-10 02:00:00,8,87,3.5714285714285716,0.0,0.0,0.1994,11.844,6.0,0,19.498935629830907,55.0,0.09533333333333334,12500.0,0.0,0.0,0.0,44.32036771252873,optimal
2021-02-10 02:30:00,8,87,3.5714285714285716,0.0,0.0,0.10893333333333334,11.508,6.0,0,19.587014040571933,55.0,0.09533333333333334,12500.0,0.0,0.0,0.0,44.2760473448162,optimal
2021-02-10 03:00:00,8,87,3.5714285714285716,0.0,0.0,0.11926666666666667,11.508,6.0,0,19.67306823310254,55.0,0.09533333333333334,12500.0,0.0,0.0,0.0,44.23177129747138,optimal
2021-02-10 03:30:00,8,87,3.5714285714285716,0.0,5.0,0.2154,10.4475,6.0,0,19.758762011781187,55.0,0.09533333333333334,12500.0,0.0,0.0,0.0,46.562539526173914,optimal
2021-02-10 04:00:00,8,87,3.5714285714285716,0.0,0.0,0.12353333333333331,10.8675,6.0,0,19.84550320379007,55.0,0.09533333333333334,12500.0,0.0,0.0,0.0,46.51597698664774,optimal
2021-02-10 04:30:00,8,87,3.5714285714285716,0.0,3.4245961738509467,0.11486666666666666,10.542,6.0,0,19.93020001257779,55.0,0.09533333333333334,12500.0,0.0,0.0,0.0,48.096144192240295,optimal
2021-02-10 05:00:00,8,87,3.5714285714285716,0.0,0.0,0.23413333333333333,11.025,6.0,0,20.01345959376083,55.0,0.09533333333333334,12500.0,0.0,0.0,0.0,48.048048048048045,optimal
2021-02-10 05:30:00,8,87,3.5714285714285716,0.0,0.0,0.24059999999999998,11.025,6.0,0,20.097637843842584,55.0,0.08933333333333333,12500.0,0.0,0.0,0.0,48.0,optimal
2021-02-10 06:00:00,8,87,3.5714285714285716,0.0,0.0,0.10226666666666669,14.553,6.0,0,20.181531009572517,55.0,0.088,12500.0,0.0,0.0,0.0,47.8559873350991,optimal
2021-02-10 06:30:00,8,87,3.5714285714285716,0.0,0.0,1.0753666666666666,13.0935,6.0,0,20.261809760678904,55.0,0.088,12500.0,0.0,0.0,0.0,47.71211868286311,optimal
2021-02-10 07:00:00,8,87,3.5714285714285716,0.0,0.0,0.11123333333333332,15.6345,6.0,0,20.345245177661955,55.0,0.088,12500.0,0.0,0.0,0.0,47.56839389927935,optimal
2021-02-10 07:30:00,8,87,0.0,0.0,0.0,0.19690000000000002,18.102,6.0,0,20.425293708700877,55.0,0.04933333333333333,0.0,0.0,0.0,0.0,47.42481284047918,optimal
2021-02-10 08:00:00,8,87,2.2923099291391402,0.0,0.0,0.19313333333333332,17.199,6.0,0,20.30329723644247,55.0,0.028666666666666667,8023.084751986992,0.0,0.0,0.0,47.2813753627378,optimal
2021-02-10 08:30:00,8,87,0.0,0.0,0.0,0.09553333333333332,18.2805,6.0,0,20.3149188173576,55.0,0.026,0.0,0.0,0.0,0.0,47.138081322474164,optimal
2021-02-10 09:00:00,8,87,0.0,0.0,0.0,0.17346666666666666,17.4615,6.0,0,20.194272761679496,55.0,0.026,0.0,0.0,0.0,0.0,46.994930576250795,optimal
2021-02-10 09:30:00,8,87,0.0,0.0,0.0,0.21686666666666668,18.3225,6.0,0,20.09586246478679,55.0,0.026,0.0,0.0,0.0,0.0,46.851922980773644,optimal
2021-02-10 10:00:00,8,87,1.0237945748203436,0.0,0.0,0.07256666666666667,17.094,6.0,0,20.0,55.0,0.026,3583.2810118712023,0.0,0.0,0.0,46.709058392891976,optimal
2021-02-10 10:30:00,8,87,0.9442631521189225,0.0,0.0,0.29456666666666664,17.094,6.0,0,20.0,55.0,0.026,3304.921032416229,0.0,0.0,0.0,46.566336669598186,optimal
2021-02-10 11:00:00,8,87,1.0535927816591704,0.0,0.0,0.12073333333333332,17.094,6.0,0,20.0,55.0,0.026,3687.5747358070967,0.0,0.0,0.0,46.42375766802769,optimal
2021-02-10 11:30:00,8,87,0.0,0.0,0.0,0.069,17.3565,6.0,0,20.030415232169034,55.0,0.026,0.0,0.0,0.0,0.0,46.28132124545876,optimal
2021-02-10 12:00:00,8,87,0.0,0.0,0.0,0.27226666666666666,17.115,6.0,0,20.0,55.0,0.026,0.0,0.0,0.0,0.0,46.13902725931241,optimal
2021-02-10 12:30:00,8,87,0.0,0.0,0.0,0.16490000000000002,17.241,6.0,0,20.00740920278061,55.0,0.026,0.0,0.0,0.0,0.0,45.996875567152195,optimal
2021-02-10 13:00:00,8,87,3.5007971817146344,0.0,0.0,0.1966,17.094,6.0,0,20.01461935056349,55.0,0.026,12252.79013600122,0.0,0.0,0.0,45.95087869158504,optimal
2021-02-10 13:30:00,8,87,3.5714285714285716,0.0,0.0,0.7175666666666667,16.5165,6.0,0,20.22063003888699,55.0,0.026,12500.0,0.0,0.0,0.0,45.904927812893455,optimal
2021-02-10 14:00:00,8,87,0.0,0.0,0.0,2.9160999999999997,17.8185,6.0,0,20.437527610720526,55.0,0.023333333333333334,0.0,0.0,0.0,0.0,45.85902288508056,optimal
2021-02-10 14:30:00,8,87,3.5714285714285716,0.0,0.0,1.3728666666666665,17.094,6.0,0,20.46138929901254,55.0,0.022,12500.0,0.0,0.0,0.0,45.81316386219548,optimal
2021-02-10 15:00:00,8,87,3.5714285714285716,0.0,0.0,1.5015999999999998,16.8945,6.0,0,20.677982508600753,55.0,0.02,12500.0,0.0,0.0,0.0,45.76735069833329,optimal
2021-02-10 15:30:00,8,87,0.0,0.0,0.0,0.6856666666666666,18.123,6.0,0,20.8771322974135,55.0,0.019333333333333334,0.0,0.0,0.0,0.0,45.721583347634954,optimal
2021-02-10 16:00:00,8,87,0.0,0.0,0.0,0.47273333333333334,31.647,6.0,0,20.861511951144085,55.0,0.015333333333333332,0.0,0.0,0.0,0.0,45.67586176428732,optimal
2021-02-10 16:30:00,8,87,0.0,0.0,0.0,0.6474666666666667,34.9965,6.0,0,20.803512187697553,55.0,0.012306666666666667,0.0,0.0,0.0,0.0,45.63018590252303,optimal
2021-02-10 17:00:00,8,87,0.0,0.0,0.0,0.29553333333333337,34.9965,6.0,0,20.746687245490403,55.0,0.008666666666666666,0.0,0.0,0.0,0.0,45.58455571662051,optimal
2021-02-10 17:30:00,8,87,0.0,0.0,0.0,0.6681,34.9965,6.0,0,20.64684833848968,55.0,0.004666666666666666,0.0,0.0,0.0,0.0,45.538971160903884,optimal
2021-02-10 18:00:00,8,87,0.0,0.0,0.0,1.2406,34.9965,6.0,0,20.550246964162326,55.0,0.004666666666666666,0.0,0.0,0.0,0.0,45.49343218974298,optimal
2021-02-10 18:30:00,8,87,0.0,0.0,0.0,1.3793,34.9965,6.0,0,20.446841399801425,55.0,0.003999999999999999,0.0,0.0,0.0,0.0,45.44793875755324,optimal
2021-02-10 19:00:00,8,87,0.0,0.0,0.0,0.6813333333333333,27.741,6.0,0,20.339515633622188,55.0,0.001333333333333333,0.0,0.0,0.0,0.0,45.402490818795684,optimal
2021-02-10 19:30:00,8,87,0.0,0.0,0.0,0.351,19.026,6.0,0,20.22808606740889,55.0,0.0,0.0,0.0,0.0,0.0,45.35708832797689,optimal
2021-02-10 20:00:00,8,87,0.0,0.0,0.0,0.5511,18.7215,6.0,0,20.113484999466156,55.0,0.0,0.0,0.0,0.0,0.0,45.311731239648914,optimal
2021-02-10 20:30:00,8,87,0.0,0.0,0.0,0.6319666666666667,17.4195,6.0,0,20.0,55.0,0.0,0.0,0.0,0.0,0.0,45.266419508409264,optimal
2021-02-10 21:00:00,8,87,0.0,0.0,0.0,0.34846666666666665,16.758,6.0,0,19.88850196692991,55.0,0.0,0.0,0.0,0.0,0.0,45.221153088900856,optimal
2021-02-10 21:30:00,8,87,0.0796190476190476,0.0,0.0,0.5476333333333333,14.217,6.0,0,19.77206530292745,55.0,0.0,0.0,0.0,278.66666666666663,0.0,45.17593193581195,optimal
2021-02-10 22:00:00,8,87,0.0,0.0,0.0,0.5515666666666668,13.3665,6.0,0,19.65066754991541,55.0,0.0,0.0,0.0,0.0,0.0,45.130756003876144,optimal
2021-02-10 22:30:00,8,87,0.0398095238095238,0.0,0.0,0.4556,12.789,6.0,0,19.521084065383267,55.0,0.0,0.0,0.0,139.33333333333331,0.0,45.085625247872265,optimal
2021-02-10 23:00:00,8,87,0.05971428571428571,0.0,0.0,0.4401333333333333,11.907,6.0,0,19.390377658708854,55.0,0.0,0.0,0.0,209.0,0.0,45.040539622624394,optimal
2021-02-10 23:30:00,8,87,0.0,0.0,0.0,1.0107000000000002,11.7075,6.0,0,19.259338866047475,55.0,0.0,0.0,0.0,0.0,0.0,44.99549908300177,optimal
2021-02-11 00:00:00,8,87,3.5714285714285716,0.0,0.0,0.058,12.0855,6.0,-1,19.259338866047475,55.0,0.0,12500.0,0.0,0.0,0.0,44.95050358391877,optimal
2021-02-11 00:30:00,8,87,3.5714285714285716,0.0,0.0,0.09759999999999999,11.6865,6.0,-1,19.323812087857895,55.0,0.004,12082.0,0.0,418.0,0.0,44.90555308033485,optimal
2021-02-11 01:00:00,8,87,3.5714285714285716,0.0,0.0,0.245,11.2245,6.0,-1,19.382304896687256,55.0,0.004,12500.0,0.0,0.0,0.0,44.860647527254514,optimal
2021-02-11 01:30:00,8,87,3.5714285714285716,0.0,0.0,0.058,11.025,6.0,-1,19.450315799980505,55.0,0.004,12500.0,0.0,0.0,0.0,44.81578687972726,optimal
2021-02-11 02:00:00,8,87,3.5714285714285716,0.0,0.0,0.1391,10.7835,6.0,-1,19.514844562427044,55.0,0.004,12500.0,0.0,0.0,0.0,44.77097109284754,optimal
2021-02-11 02:30:00,8,87,3.5714285714285716,0.0,0.0,0.2035,11.025,6.0,-1,19.580304735610106,55.0,0.004,12500.0,0.0,0.0,0.0,44.726200121754694,optimal
2021-02-11 03:00:00,8,87,3.5714285714285716,0.0,3.299281834764528,0.0888,10.584,6.0,-1,19.64580145986567,55.0,0.004,12500.0,0.0,0.0,0.0,46.24863279314608,optimal
2021-02-11 03:30:00,8,87,3.5714285714285716,0.0,0.0,0.2223,11.025,6.0,-1,19.708400424937544,55.0,0.004,12500.0,0.0,0.0,0.0,46.20238416035293,optimal
2021-02-11 04:00:00,8,87,3.5714285714285716,0.0,5.0,0.0895,10.4265,6.0,-1,19.77433996797133,55.0,0.004,12500.0,0.0,0.0,0.0,48.53118177619257,optimal
2021-02-11 04:30:00,8,87,3.5714285714285716,0.0,0.0,0.08,12.789,6.0,-1,19.839236897055006,55.0,0.004,12500.0,0.0,0.0,0.0,48.48265059441637,optimal
2021-02-11 05:00:00,8,87,3.5714285714285716,0.0,0.0,0.1429,12.684,6.0,-1,19.903578726520355,55.0,0.004,12500.0,0.0,0.0,0.0,48.434167943821954,optimal
2021-02-11 05:30:00,8,87,3.5714285714285716,0.0,0.0,0.18703333333333333,16.254,6.0,-1,19.968554957951856,55.0,0.004,12500.0,0.0,0.0,0.0,48.38573377587813,optimal
2021-02-11 06:00:00,8,87,3.5714285714285716,0.0,0.0,0.1412,17.64,6.0,-1,20.036094807293217,55.0,0.004,12500.0,0.0,0.0,0.0,48.33734804210225,optimal
2021-02-11 06:30:00,8,87,3.5714285714285716,0.0,0.0,0.058,19.1625,6.0,-1,20.10447927240723,55.0,0.004,12500.0,0.0,0.0,0.0,48.289010694060146,optimal
2021-02-11 07:00:00,8,87,0.16873500103469133,0.0,0.0,0.2585,26.46,6.0,-1,20.171444569439497,55.0,0.004,590.5725036214196,0.0,0.0,0.0,48.240721683366075,optimal
2021-02-11 07:30:00,8,87,3.5714285714285716,0.0,0.0,0.1193,20.79,6.0,-1,20.04869383598067,55.0,0.004,12500.0,0.0,0.0,0.0,48.192480961682705,optimal
2021-02-11 08:00:00,8,87,0.0,0.0,0.0,1.5844,29.106,6.0,-1,20.12356724475343,55.0,0.0,0.0,0.0,0.0,0.0,48.144288480721016,optimal
2021-02-11 08:30:00,8,87,3.5714285714285716,0.0,0.0,1.0853,19.1835,6.0,-1,20.0,55.0,0.004666666666666667,11873.0,0.0,627.0,0.0,48.096144192240295,optimal
2021-02-11 09:00:00,8,87,0.2216637607808953,0.0,0.0,1.2700333333333333,19.6665,6.0,-1,20.078287364415033,55.0,0.0,775.8231627331336,0.0,0.0,0.0,48.048048048048045,optimal
2021-02-11 09:30:00,8,87,1.544640173641486,0.0,0.0,0.3972333333333333,19.404,6.0,-1,20.0,55.0,0.0,5406.2406077452015,0.0,0.0,0.0,48.0,optimal
2021-02-11 10:00:00,8,87,0.729403988577704,0.0,0.0,0.20776666666666668,19.047,6.0,-1,20.0,55.0,0.0,2552.913960021964,0.0,0.0,0.0,47.18694897989996,optimal
2021-02-11 10:30:00,8,87,1.220188161708073,0.0,0.0,0.179,18.858,6.0,-1,20.0,55.0,0.006666666666666667,3573.9918993115893,0.0,696.6666666666666,0.0,46.37471101082002,optimal
2021-02-11 11:00:00,8,87,0.0,0.0,0.0,0.13393333333333335,19.2675,6.0,-1,20.01398146001,55.0,0.002666666666666666,0.0,0.0,0.0,0.0,45.56328527970916,optimal
2021-02-11 11:30:00,8,87,0.18914995015315397,0.0,0.0,0.10679999999999999,18.963,6.0,-1,20.0,55.0,0.0,662.024825536039,0.0,0.0,0.0,44.75267097432941,optimal
2021-02-11 12:00:00,8,87,0.0,0.0,0.0,0.163,18.438,6.0,-1,20.0,55.0,0.0,0.0,0.0,0.0,0.0,43.94286728325504,optimal
2021-02-11 12:30:00,8,87,0.0,0.0,0.0,0.1776,18.7425,6.0,-1,20.018064457285433,55.0,0.0,0.0,0.0,0.0,0.0,43.133873395871746,optimal
2021-02-11 13:00:00,8,87,3.5714285714285716,0.0,0.0,0.1472,15.2145,6.0,-1,20.040257917310605,55.0,0.005333333333333333,11942.666666666666,0.0,557.3333333333334,0.0,42.32568850237583,optimal
2021-02-11 13:30:00,8,87,0.0,0.0,0.0,0.068,17.7765,6.0,-1,20.246225652245112,55.0,0.005333333333333333,0.0,0.0,0.0,0.0,41.51831179377342,optimal
2021-02-11 14:00:00,8,87,0.3154190032579883,0.0,0.0,0.2027,16.758,6.0,-1,20.254594256796995,55.0,0.005333333333333333,1103.966511402959,0.0,0.0,0.0,40.71174246187961,optimal
2021-02-11 14:30:00,8,87,3.5714285714285716,0.0,0.0,0.15990000000000001,16.422,6.0,-1,20.28702793402382,55.0,0.005333333333333333,12500.0,0.0,0.0,0.0,39.90597969931769,optimal
2021-02-11 15:00:00,8,87,3.5714285714285716,0.0,0.0,0.1353,16.758,6.0,-1,20.503100626010166,55.0,0.005333333333333333,12500.0,0.0,0.0,0.0,39.10102269951833,optimal
2021-02-11 15:30:00,8,87,0.0,0.0,0.0,0.2273,29.358,6.0,-1,20.687610592706015,55.0,0.005333333333333333,0.0,0.0,0.0,0.0,38.296870656718774,optimal
2021-02-11 16:00:00,8,87,0.0,0.0,0.0,0.09,34.9965,6.0,-1,20.660633467464795,55.0,0.005333333333333333,0.0,0.0,0.0,0.0,37.49352276596202,optimal
2021-02-11 16:30:00,8,87,0.0,0.0,0.0,0.1466,34.65,6.0,-1,20.589198329613907,55.0,0.005333333333333333,0.0,0.0,0.0,0.0,36.69097822309602,optimal
2021-02-11 17:00:00,8,87,0.0,0.0,0.0,0.194,34.9965,6.0,-1,20.513590281564486,55.0,0.005333333333333333,0.0,0.0,0.0,0.0,35.88923622477288,optimal
2021-02-11 17:30:00,8,87,0.0,0.0,0.0,0.07166666666666667,34.9965,6.0,-1,20.390366412786317,55.0,0.0033333333333333335,0.0,0.0,0.0,0.0,35.853346988548104,optimal
2021-02-11 18:00:00,8,87,0.0,0.0,0.0,0.1242,30.4815,6.0,-1,20.267567711034342,55.0,0.002,0.0,0.0,0.0,0.0,35.81749364155956,optimal
2021-02-11 18:30:00,8,87,0.0,0.0,0.0,0.44530000000000003,21.4305,6.0,-1,20.132431199697507,55.0,0.0,0.0,0.0,0.0,0.0,35.781676147918,optimal
2021-02-11 19:00:00,8,87,2.4694771129870903,0.0,0.0,0.2565,14.3325,6.0,-1,20.0,55.0,0.0,8503.836562121482,0.0,139.33333333333331,0.0,35.74589447177008,optimal
2021-02-11 19:30:00,8,87,3.5714285714285716,0.0,0.0,1.7245333333333333,13.692,6.0,-1,20.0,55.0,0.0,10619.0,0.0,1880.9999999999998,0.0,35.710148577298305,optimal
2021-02-11 20:00:00,8,87,1.7921848466789092,0.0,0.0,0.347,14.007,6.0,-1,20.04687945602147,55.0,0.0,6272.646963376183,0.0,0.0,0.0,35.674438428721004,optimal
2021-02-11 20:30:00,8,87,0.0,0.0,0.0,0.32946666666666663,12.873,6.0,-1,20.0,55.0,0.0,0.0,0.0,0.0,0.0,35.63876399029228,optimal
2021-02-11 21:00:00,8,87,0.0,0.0,0.0,0.4246333333333333,12.684,6.0,-1,19.85082358500147,55.0,0.0,0.0,0.0,0.0,0.0,35.60312522630199,optimal
2021-02-11 21:30:00,8,87,1.2938095238095242,0.0,0.0,0.3424,12.306,6.0,-1,19.70756433235345,55.0,0.0,0.0,0.0,4528.333333333334,0.0,35.56752210107569,optimal
2021-02-11 22:00:00,8,87,0.0,0.0,0.0,0.3472,10.6365,6.0,-1,19.564462905571354,55.0,0.0,0.0,0.0,0.0,0.0,35.53195457897461,optimal
2021-02-11 22:30:00,8,87,0.0,0.0,0.0,0.2001,11.2455,6.0,-1,19.419088279301814,55.0,0.0,0.0,0.0,0.0,0.0,35.49642262439564,optimal
2021-02-11 23:00:00,8,87,0.0,0.0,0.0,0.1247,11.2455,6.0,-1,19.265805037059888,55.0,0.0,0.0,0.0,0.0,0.0,35.460926201771244,optimal
2021-02-11 23:30:00,8,87,0.0,0.0,0.0,0.1807,11.025,6.0,-1,19.108536839873956,55.0,0.0,0.0,0.0,0.0,0.0,35.42546527556947,optimal
2021-02-12 00:00:00,8,87,3.5714285714285716,0.0,0.0,0.057,10.689,6.0,2,19.108536839873956,55.0,0.0,12500.0,0.0,0.0,0.0,35.3900398102939,optimal
2021-02-12 00:30:00,8,87,3.5714285714285716,0.0,5.0,0.057,8.1585,6.0,2,19.15404933589245,55.0,0.023595741468653713,10034.245016525687,0.0,2465.754983474313,0.0,37.729649770483604,optimal
2021-02-12 01:00:00,8,87,3.5714285714285716,0.0,0.0,0.057,10.3635,6.0,2,19.158886734962326,55.0,0.023595741468653713,12500.0,0.0,0.0,0.0,37.69192012071312,optimal
2021-02-12 01:30:00,8,87,3.5714285714285716,0.0,0.0,0.20106666666666664,10.8045,6.0,2,19.20408930692827,55.0,0.023595741468653713,12500.0,0.0,0.0,0.0,37.65422820059241,optimal
2021-02-12 02:00:00,8,87,3.5714285714285716,0.0,0.0,0.047,11.025,6.0,2,19.252104011710134,55.0,0.023595741468653713,12500.0,0.0,0.0,0.0,37.61657397239181,optimal
2021-02-12 02:30:00,8,87,3.5714285714285716,0.0,3.7931266223910445,0.13626666666666667,10.3635,6.0,2,19.297963874704667,55.0,0.023595741468653713,12500.0,0.0,0.0,0.0,39.380692544055165,optimal
2021-02-12 03:00:00,8,87,3.5714285714285716,0.0,0.0,0.1088,10.8045,6.0,2,19.34685047441357,55.0,0.023595741468653713,12500.0,0.0,0.0,0.0,39.3413118515111,optimal
2021-02-12 03:30:00,8,87,3.5714285714285716,0.0,5.0,0.054,10.059,6.0,2,19.396832809558525,55.0,0.023595741468653713,12500.0,0.0,0.0,0.0,41.67697053965959,optimal
2021-02-12 04:00:00,8,87,3.5714285714285716,0.0,0.0,0.20806666666666662,10.584,6.0,2,19.449803835985083,55.0,0.023595741468653713,12500.0,0.0,0.0,0.0,41.63529356911993,optimal
2021-02-12 04:30:00,8,87,3.5714285714285716,0.0,5.0,0.05,9.4185,6.0,2,19.5092324209095,55.0,0.023595741468653713,12500.0,0.0,0.0,0.0,43.96865827555081,optimal
2021-02-12 05:00:00,8,87,3.5714285714285716,0.0,5.0,0.1706,10.3635,6.0,2,19.570129150652967,55.0,0.023595741468653713,12500.0,0.0,0.0,0.0,46.299689617275256,optimal
2021-02-12 05:30:00,8,87,3.5714285714285716,0.0,5.0,0.08146666666666667,9.8385,6.0,2,19.63698468344577,55.0,0.023595741468653713,12500.0,0.0,0.0,0.0,48.62838992765797,optimal
2021-02-12 06:00:00,8,87,3.5714285714285716,0.0,0.0,0.05,11.067,6.0,2,19.70677812484117,55.0,0.023595741468653713,12500.0,0.0,0.0,0.0,48.579761537730306,optimal
2021-02-12 06:30:00,8,87,3.5714285714285716,0.0,0.0,0.13626666666666667,10.8465,6.0,2,19.78061631463303,55.0,0.023595741468653713,12500.0,0.0,0.0,0.0,48.53118177619257,optimal
2021-02-12 07:00:00,8,87,3.5714285714285716,0.0,0.0,0.1088,13.671,6.0,2,19.856077941950467,55.0,0.023595741468653713,12500.0,0.0,0.0,0.0,48.48265059441637,optimal
2021-02-12 07:30:00,8,87,3.5714285714285716,0.0,0.0,0.053666666666666654,12.348,6.0,2,19.931240643391586,55.0,0.01742240813532038,12500.0,0.0,0.0,0.0,48.434167943821954,optimal
2021-02-12 08:00:00,8,87,3.5714285714285716,0.0,0.0,0.0695,14.3325,6.0,2,20.0,55.0,0.03162777559087946,9988.65243422741,0.0,2511.3475657725903,0.0,48.38573377587813,optimal
2021-02-12 08:30:00,8,87,1.892020186745878,0.0,0.0,0.28946666666666665,15.393,6.0,2,20.025962121498846,55.0,0.02762777559087946,6622.070653610573,0.0,0.0,0.0,48.33734804210225,optimal
2021-02-12 09:00:00,8,87,3.571428571428572,0.0,0.0,1.4695333333333334,13.587,6.0,2,20.0,55.0,0.024,12043.102549246905,0.0,456.89745075309656,0.0,48.289010694060146,optimal
2021-02-12 09:30:00,8,87,0.0,0.0,0.0,0.251,16.1385,6.0,2,20.096185049789074,55.0,0.0,0.0,0.0,0.0,0.0,48.240721683366075,optimal
2021-02-12 10:00:00,8,87,0.8313294201316368,0.0,0.0,0.37256666666666666,14.595,6.0,2,20.0,55.0,0.004,2491.6529704607287,0.0,418.0,0.0,48.192480961682705,optimal
2021-02-12 10:30:00,8,87,0.716912292927891,0.0,0.0,0.2067333333333333,14.637,6.0,2,20.0,55.0,0.0,2509.1930252476186,0.0,0.0,0.0,48.144288480721016,optimal
2021-02-12 11:00:00,8,87,0.10031059999295891,0.0,0.0,0.22733333333333328,13.9125,6.0,2,20.0,55.0,0.0,211.7537666420229,0.0,139.33333333333331,0.0,48.096144192240295,optimal
2021-02-12 11:30:00,8,87,0.5175238095238094,0.0,0.0,0.3939666666666666,13.3665,6.0,2,20.0,55.0,0.0,0.0,0.0,1811.333333333333,0.0,48.048048048048045,optimal
2021-02-12 12:00:00,8,87,0.0,0.0,0.0,0.326,13.0095,6.0,2,20.000256650164324,55.0,0.0,0.0,0.0,0.0,0.0,48.0,optimal
2021-02-12 12:30:00,8,87,0.0,0.0,0.0,0.2977333333333333,13.8915,6.0,2,20.01254096167891,55.0,0.0,0.0,0.0,0.0,0.0,47.45917285521343,optimal
2021-02-12 13:00:00,8,87,0.0,0.0,0.0,0.057,13.188,6.0,2,20.020296707304134,55.0,0.0,0.0,0.0,0.0,0.0,46.91888653757165,optimal
2021-02-12 13:30:00,8,87,0.0,0.0,0.0,0.16,12.5685,6.0,2,20.022720090972133,55.0,0.0,0.0,0.0,0.0,0.0,46.379140506247516,optimal
2021-02-12 14:00:00,8,87,0.0,0.0,0.0,0.10506666666666667,12.285,6.0,2,20.026200402838818,55.0,0.0,0.0,0.0,0.0,0.0,45.8399342209547,optimal
2021-02-12 14:30:00,8,87,3.5714285714285716,0.0,0.0,0.08446666666666666,11.487,6.0,2,20.018116525609702,55.0,0.008,11664.0,0.0,836.0,0.0,45.30126714194718,optimal
2021-02-12 15:00:00,8,87,2.245703605762648,0.0,0.0,0.18059999999999998,11.802,6.0,2,20.20021353636563,55.0,0.008,7859.962620169267,0.0,0.0,0.0,44.76313873001867,optimal
2021-02-12 15:30:00,8,87,3.5714285714285716,0.0,0.0,0.057,11.2245,6.0,2,20.304187244169597,55.0,0.008,12500.0,0.0,0.0,0.0,44.22554844650208,optimal
2021-02-12 16:00:00,8,87,3.5714285714285716,0.0,0.0,0.057,11.025,6.0,2,20.48058765956724,55.0,0.008,12500.0,0.0,0.0,0.0,43.68849575326901,optimal
2021-02-12 16:30:00,8,87,3.5714285714285716,0.0,0.0,0.057,11.907,6.0,2,20.615671983989547,55.0,0.008,12500.0,0.0,0.0,0.0,43.15198011272918,optimal
2021-02-12 17:00:00,8,87,0.0,0.0,0.0,0.38739999999999997,25.83,6.0,2,20.748078187697068,55.0,0.008,0.0,0.0,0.0,0.0,43.108828132616445,optimal
2021-02-12 17:30:00,8,87,0.0,0.0,0.0,2.0522,28.035,6.0,2,20.644323329394332,55.0,0.006666666666666667,0.0,0.0,0.0,0.0,43.06571930448383,optimal
2021-02-12 18:00:00,8,87,0.0,0.0,0.0,1.2405666666666666,28.119,6.0,2,20.558999924442137,55.0,0.004666666666666666,0.0,0.0,0.0,0.0,43.02265358517934,optimal
2021-02-12 18:30:00,8,87,0.0,0.0,0.0,1.292266666666667,30.156,6.0,2,20.44806148771485,55.0,0.0019999999999999996,0.0,0.0,0.0,0.0,42.979630931594166,optimal
2021-02-12 19:00:00,8,87,0.0,0.0,0.0,1.3748666666666665,29.1585,6.0,2,20.33591615944011,55.0,0.0006666666666666665,0.0,0.0,0.0,0.0,42.93665130066257,optimal
2021-02-12 19:30:00,8,87,0.0,0.0,0.0,1.5820666666666665,26.712,6.0,2,20.221894229918764,55.0,0.0006666666666666665,0.0,0.0,0.0,0.0,42.893714649361904,optimal
2021-02-12 20:00:00,8,87,0.0,0.0,0.0,0.49,15.435,6.0,2,20.11343906514692,55.0,0.0006666666666666665,0.0,0.0,0.0,0.0,42.850820934712544,optimal
2021-02-12 20:30:00,8,87,0.0,0.0,0.0,0.371,13.566,6.0,2,20.0,55.0,0.0006666666666666665,0.0,0.0,0.0,0.0,42.807970113777834,optimal
2021-02-12 21:00:00,8,87,0.0,0.0,0.0,0.2780666666666667,12.789,6.0,2,19.883665558590238,55.0,0.0,0.0,0.0,0.0,0.0,42.76516214366406,optimal
2021-02-12 21:30:00,8,87,0.0,0.0,0.0,0.31610000000000005,12.1275,6.0,2,19.76537206888972,55.0,0.0,0.0,0.0,0.0,0.0,42.72239698152039,optimal
2021-02-12 22:00:00,8,87,0.0,0.0,0.0,0.24286666666666668,13.671,6.0,2,19.651599027393512,55.0,0.0,0.0,0.0,0.0,0.0,42.67967458453887,optimal
2021-02-12 22:30:00,8,87,0.21895238095238095,0.0,0.0,0.203,10.668,6.0,2,19.53911967506958,55.0,0.007333333333333333,0.0,0.0,766.3333333333334,0.0,42.63699490995433,optimal
2021-02-12 23:00:00,8,87,0.0,0.0,0.0,0.3834333333333333,11.7285,6.0,2,19.427564216556863,55.0,0.006,0.0,0.0,0.0,0.0,42.59435791504438,optimal
2021-02-12 23:30:00,8,87,0.0,0.0,0.0,0.3773,11.025,6.0,2,19.319400159067015,55.0,0.0,0.0,0.0,0.0,0.0,42.551763557129334,optimal
2021-02-13 00:00:00,8,87,3.5714285714285716,0.0,0.0,0.061,8.2005,6.0,3,19.319400159067015,55.0,0.0,12500.0,0.0,0.0,0.0,42.509211793572206,optimal
2021-02-13 00:30:00,8,87,1.2950738791218188,0.0,0.0,0.1961,9.5655,6.0,3,19.404482845441997,55.0,0.029333333333333333,1467.425243593033,0.0,3065.3333333333335,0.0,42.466702581778634,optimal
2021-02-13 01:00:00,8,87,3.5714285714285716,0.0,5.0,0.17323333333333332,7.056,6.0,3,19.310822949589305,55.0,0.029333333333333333,12500.0,0.0,0.0,0.0,44.79923587919686,optimal
2021-02-13 01:30:00,8,87,3.5714285714285716,0.0,0.0,0.08766666666666667,9.3975,6.0,3,19.398412622533566,55.0,0.029333333333333333,12500.0,0.0,0.0,0.0,44.75443664331766,optimal
2021-02-13 02:00:00,8,87,0.0,0.0,0.0,0.2112,10.059,6.0,3,19.484369129642886,55.0,0.029333333333333333,0.0,0.0,0.0,0.0,44.709682206674344,optimal
2021-02-13 02:30:00,8,87,3.5714285714285716,0.0,0.0,0.13146666666666668,9.261,6.0,3,19.36734825995939,55.0,0.029333333333333333,12500.0,0.0,0.0,0.0,44.66497252446767,optimal
2021-02-13 03:00:00,8,87,3.5714285714285716,0.0,0.0,0.19433333333333327,8.1585,6.0,3,19.454521299633868,55.0,0.029333333333333333,12500.0,0.0,0.0,0.0,44.620307551943206,optimal
2021-02-13 03:30:00,8,87,3.5714285714285716,0.0,0.0,0.16996666666666665,9.4815,6.0,3,19.542187659823842,55.0,0.029333333333333333,12500.0,0.0,0.0,0.0,44.57568724439126,optimal
2021-02-13 04:00:00,8,87,3.5714285714285716,0.0,0.0,0.07936666666666665,8.379,6.0,3,19.628607443527027,55.0,0.029333333333333333,12500.0,0.0,0.0,0.0,44.53111155714687,optimal
2021-02-13 04:30:00,8,87,3.5714285714285716,0.0,0.0,0.2346,9.5235,6.0,3,19.712703263918556,55.0,0.029333333333333333,12500.0,0.0,0.0,0.0,44.48658044558972,optimal
2021-02-13 05:00:00,8,87,3.5714285714285716,0.0,0.0,0.12140000000000001,8.1375,6.0,3,19.798208992101976,55.0,0.029333333333333333,12500.0,0.0,0.0,0.0,44.44209386514413,optimal
2021-02-13 05:30:00,8,87,3.5714285714285716,0.0,0.0,0.15433333333333335,10.0905,6.0,3,19.88071837113488,55.0,0.029333333333333333,12500.0,0.0,0.0,0.0,44.39765177127899,optimal
2021-02-13 06:00:00,8,87,3.5714285714285716,0.0,5.0,0.20996666666666666,7.539,6.0,3,19.962643857385814,55.0,0.029333333333333333,12500.0,0.0,0.0,0.0,46.72825411950771,optimal
2021-02-13 06:30:00,8,87,3.5714285714285716,0.0,3.3841785866777747,0.09936666666666666,7.938,6.0,3,20.044360925106194,55.0,0.029333333333333333,12500.0,0.0,0.0,0.0,48.289010694060146,optimal
2021-02-13 07:00:00,8,87,3.5714285714285716,0.0,0.0,0.19543333333333332,8.274,6.0,3,20.123455328928724,55.0,0.029333333333333333,12500.0,0.0,0.0,0.0,48.240721683366075,optimal
2021-02-13 07:30:00,8,87,3.5714285714285716,0.0,0.0,0.1559,9.261,6.0,3,20.20323061113479,55.0,0.029333333333333333,12500.0,0.0,0.0,0.0,48.192480961682705,optimal
2021-02-13 08:00:00,8,87,3.5714285714285716,0.0,0.0,1.2772666666666668,9.9225,6.0,3,20.281968983102672,55.0,0.027333333333333334,12500.0,0.0,0.0,0.0,48.144288480721016,optimal
2021-02-13 08:30:00,8,87,3.5714285714285716,0.0,0.0,1.9110666666666665,9.702,6.0,3,20.367524251379038,55.0,0.006666666666666667,12500.0,0.0,0.0,0.0,48.096144192240295,optimal
2021-02-13 09:00:00,8,87,3.5714285714285716,0.0,0.0,1.5552000000000001,10.584,6.0,3,20.45226325154272,55.0,0.006666666666666667,12500.0,0.0,0.0,0.0,48.048048048048045,optimal
2021-02-13 09:30:00,8,87,3.5714285714285716,0.0,0.0,0.159,10.143,6.0,3,20.560156587224267,55.0,0.006,12500.0,0.0,0.0,0.0,48.0,optimal
2021-02-13 10:00:00,8,87,0.0,0.0,0.0,0.16166666666666665,13.0095,6.0,3,20.6653620243387,55.0,0.006,0.0,0.0,0.0,0.0,47.036476111222676,optimal
2021-02-13 10:30:00,8,87,0.0,0.0,0.0,0.21366666666666662,11.025,6.0,3,20.596655036914594,55.0,0.006,0.0,0.0,0.0,0.0,46.07391574633413,optimal
2021-02-13 11:00:00,8,87,0.0,0.0,0.0,0.15656666666666666,12.789,6.0,3,20.52943232894757,55.0,0.006,0.0,0.0,0.0,0.0,45.112317941810474,optimal
2021-02-13 11:30:00,8,87,0.0,0.0,0.0,0.2194333333333333,12.1275,6.0,3,20.505248089131157,55.0,0.006,0.0,0.0,0.0,0.0,44.151681735091344,optimal
2021-02-13 12:00:00,8,87,0.0,0.0,0.0,0.07833333333333332,12.1695,6.0,3,20.4825503894165,55.0,0.006,0.0,0.0,0.0,0.0,43.19200616457893,optimal
2021-02-13 12:30:00,8,87,0.0,0.0,0.0,0.16166666666666665,12.306,6.0,3,20.47573493785689,55.0,0.006,0.0,0.0,0.0,0.0,42.233290269637024,optimal
2021-02-13 13:00:00,8,87,0.0,0.0,0.0,0.061,13.23,6.0,3,20.471007707128457,55.0,0.006,0.0,0.0,0.0,0.0,41.275533090590066,optimal
2021-02-13 13:30:00,8,87,0.0,0.0,0.0,0.067,13.671,6.0,3,20.473297784241268,55.0,0.006,0.0,0.0,0.0,0.0,40.31873366872215,optimal
2021-02-13 14:00:00,8,87,0.0,0.0,0.0,0.2629666666666666,13.9335,6.0,3,20.476189305611747,55.0,0.006,0.0,0.0,0.0,0.0,39.36289104627611,optimal
2021-02-13 14:30:00,8,87,0.0,0.0,0.0,0.17136666666666667,13.293,6.0,3,20.450335032166617,55.0,0.006,0.0,0.0,0.0,0.0,38.408004266452515,optimal
2021-02-13 15:00:00,8,87,0.0,0.0,0.0,1.9049333333333327,12.1065,6.0,3,20.424983495285172,55.0,0.006,0.0,0.0,0.0,0.0,38.369596262186064,optimal
2021-02-13 15:30:00,8,87,0.0,0.0,0.0,0.6726333333333333,11.571,6.0,3,20.39515151393115,55.0,0.006,0.0,0.0,0.0,0.0,38.33122666592388,optimal
2021-02-13 16:00:00,8,87,3.5714285714285716,0.0,0.0,0.23253333333333334,11.025,6.0,3,20.35551809670997,55.0,0.006,12500.0,0.0,0.0,0.0,38.292895439257954,optimal
2021-02-13 16:30:00,8,87,3.5714285714285716,0.0,0.0,1.586266666666667,10.8465,6.0,3,20.48641608345995,55.0,0.0,12500.0,0.0,0.0,0.0,38.2546025438187,optimal
2021-02-13 17:00:00,8,87,3.5714285714285716,0.0,0.0,0.3733333333333333,11.2455,6.0,3,20.63838537773463,55.0,0.0,12500.0,0.0,0.0,0.0,38.21634794127488,optimal
2021-02-13 17:30:00,8,87,0.0,0.0,0.0,0.14433333333333334,23.8665,6.0,3,20.7415316096828,55.0,0.0,0.0,0.0,0.0,0.0,38.17813159333361,optimal
2021-02-13 18:00:00,8,87,0.0,0.0,0.0,0.14433333333333334,27.4575,6.0,3,20.626453617758006,55.0,0.0,0.0,0.0,0.0,0.0,38.13995346174028,optimal
2021-02-13 18:30:00,8,87,0.0,0.0,0.0,0.17166666666666666,27.3735,6.0,3,20.50023787589427,55.0,0.0,0.0,0.0,0.0,0.0,38.10181350827854,optimal
2021-02-13 19:00:00,8,87,0.0,0.0,0.0,0.09766666666666668,30.4605,6.0,3,20.374939058082415,55.0,0.0,0.0,0.0,0.0,0.0,38.06371169477026,optimal
2021-02-13 19:30:00,8,87,0.0,0.0,0.0,0.27153333333333335,30.0195,6.0,3,20.248891438536887,55.0,0.0,0.0,0.0,0.0,0.0,38.025647983075494,optimal
2021-02-13 20:00:00,8,87,0.0,0.0,0.0,0.09113333333333334,26.9325,6.0,3,20.125852503452812,55.0,0.0,0.0,0.0,0.0,0.0,37.98762233509242,optimal
2021-02-13 20:30:00,8,87,0.0,0.0,0.0,0.111,14.595,6.0,3,20.0,55.0,0.0,0.0,0.0,0.0,0.0,37.94963471275732,optimal
2021-02-13 21:00:00,8,87,0.0,0.0,0.0,0.228,12.4845,6.0,3,19.875247633212464,55.0,0.0,0.0,0.0,0.0,0.0,37.91168507804456,optimal
2021-02-13 21:30:00,8,87,0.0,0.0,0.0,0.12133333333333332,12.1275,6.0,3,19.753179907028148,55.0,0.0,0.0,0.0,0.0,0.0,37.87377339296652,optimal
2021-02-13 22:00:00,8,87,0.0,0.0,0.0,0.24786666666666668,12.1275,6.0,3,19.629808332497813,55.0,0.0,0.0,0.0,0.0,0.0,37.83589961957355,optimal
2021-02-13 22:30:00,8,87,0.0,0.0,0.0,0.14146666666666666,12.789,6.0,3,19.50896130767058,55.0,0.0,0.0,0.0,0.0,0.0,37.79806371995398,optimal
2021-02-13 23:00:00,8,87,0.0,0.0,0.0,0.07603333333333333,11.907,6.0,3,19.38742282983324,55.0,0.0,0.0,0.0,0.0,0.0,37.760265656234026,optimal
2021-02-13 23:30:00,8,87,0.0,0.0,0.0,0.2529666666666667,11.025,6.0,3,19.26586828689192,55.0,0.0,0.0,0.0,0.0,0.0,37.722505390577794,optimal
2021-02-07 00:00:00,9,87,0.0,0.0,0.0,0.1016,7.938,6.0,2,21.0,55.0,0.12,0.0,0.0,0.0,0.0,47.952,optimal
2021-02-07 00:30:00,9,87,3.5714285714285716,0.0,0.0,0.21159999999999998,5.292,6.0,2,20.890936056292006,55.0,0.12,12500.0,0.0,0.0,0.0,47.904047999999996,optimal
2021-02-07 01:00:00,9,87,0.0,0.0,0.0,0.14806666666666665,9.261,6.0,2,20.988509787855644,55.0,0.12,0.0,0.0,0.0,0.0,47.856143952,optimal
2021-02-07 01:30:00,9,87,0.0,0.0,0.0,0.11786666666666666,10.3635,6.0,2,20.879046724698238,55.0,0.12,0.0,0.0,0.0,0.0,47.80828780804799,optimal
2021-02-07 02:00:00,9,87,0.0,0.0,0.0,0.2784,8.274,6.0,2,20.769454932797355,55.0,0.12,0.0,0.0,0.0,0.0,47.76047952023995,optimal
2021-02-07 02:30:00,9,87,0.0,0.0,0.0,0.1382,7.7175,6.0,2,20.66285987155322,55.0,0.12,0.0,0.0,0.0,0.0,47.712719040719705,optimal
2021-02-07 03:00:00,9,87,1.8742907645000926,0.0,0.0,0.065,6.615,6.0,2,20.55400859512165,55.0,0.12,6560.017675750324,0.0,0.0,0.0,47.66500632167899,optimal
2021-02-07 03:30:00,9,87,3.5714285714285716,0.0,0.0,0.2487666666666667,6.174,6.0,2,20.551481350681446,55.0,0.12,12500.0,0.0,0.0,0.0,47.61734131535731,optimal
2021-02-07 04:00:00,9,87,3.5714285714285716,0.0,0.0,0.1475,3.906,6.0,2,20.648983509729643,55.0,0.12,12500.0,0.0,0.0,0.0,47.56972397404195,optimal
2021-02-07 04:30:00,9,87,3.5714285714285716,0.0,0.0,0.22126666666666667,2.3415,6.0,2,20.743918743498224,55.0,0.12,12500.0,0.0,0.0,0.0,47.522154250067906,optimal
2021-02-07 05:00:00,9,87,3.5714285714285716,0.0,0.0,0.065,2.205,6.0,2,20.8394780863288,55.0,0.12,12500.0,0.0,0.0,0.0,47.47463209581784,optimal
2021-02-07 05:30:00,9,87,3.5714285714285716,0.0,2.0180553940128663,0.142,0.882,6.0,2,20.931889201798153,55.0,0.12,12500.0,0.0,0.0,0.0,48.38573377587813,optimal
2021-02-07 06:00:00,9,87,3.5714285714285716,0.0,0.0,0.2127333333333333,1.5435,6.0,2,21.024992933016335,55.0,0.12,12500.0,0.0,0.0,0.0,48.33734804210225,optimal
2021-02-07 06:30:00,9,87,3.5714285714285716,0.0,0.0,0.3303333333333333,1.5435,6.0,2,21.11868235370207,55.0,0.11733333333333333,12500.0,0.0,0.0,0.0,48.289010694060146,optimal
2021-02-07 07:00:00,9,87,3.5714285714285716,0.0,0.0,0.21416666666666662,5.0715,6.0,2,21.216376357604616,55.0,0.11,12500.0,0.0,0.0,0.0,48.240721683366075,optimal
2021-02-07 07:30:00,9,87,3.5714285714285716,0.0,0.0,0.1802666666666667,5.376,6.0,2,21.312967386700976,55.0,0.10666666666666667,12500.0,0.0,0.0,0.0,48.192480961682705,optimal
2021-02-07 08:00:00,9,87,3.5714285714285716,0.0,0.0,1.5245,5.0715,6.0,2,21.41004629794963,55.0,0.10466666666666667,12500.0,0.0,0.0,0.0,48.144288480721016,optimal
2021-02-07 08:30:00,9,87,3.5714285714285716,0.0,0.0,0.21553333333333333,5.5125,6.0,2,21.512360980075613,55.0,0.08266666666666667,12500.0,0.0,0.0,0.0,48.096144192240295,optimal
2021-02-07 09:00:00,9,87,0.0,0.0,0.0,0.4448666666666667,9.261,6.0,2,21.607757986633626,55.0,0.08266666666666667,0.0,0.0,0.0,0.0,48.048048048048045,optimal
2021-02-07 09:30:00,9,87,0.0,0.0,0.0,0.5111333333333333,11.7075,6.0,2,21.51425154011796,55.0,0.08066666666666666,0.0,0.0,0.0,0.0,48.0,optimal
2021-02-07 10:00:00,9,87,0.0,0.0,0.0,0.26739999999999997,12.348,6.0,2,21.4230591624085,55.0,0.07933333333333334,0.0,0.0,0.0,0.0,46.16665828146859,optimal
2021-02-07 10:30:00,9,87,0.0,0.0,0.0,0.3345666666666667,12.348,6.0,2,21.340716683588667,55.0,0.07866666666666666,0.0,0.0,0.0,0.0,44.335149904655715,optimal
2021-02-07 11:00:00,9,87,0.0,0.0,0.0,0.39886666666666665,12.1275,6.0,2,21.261931893462783,55.0,0.07866666666666666,0.0,0.0,0.0,0.0,42.505473036219655,optimal
2021-02-07 11:30:00,9,87,0.0,0.0,0.0,0.2318,12.5265,6.0,2,21.2039505456308,55.0,0.07866666666666666,0.0,0.0,0.0,0.0,40.67762584465203,optimal
2021-02-07 12:00:00,9,87,0.0,0.0,0.0,0.2773333333333333,11.7495,6.0,2,21.141079364498886,55.0,0.07866666666666666,0.0,0.0,0.0,0.0,40.636948218807376,optimal
2021-02-07 12:30:00,9,87,0.0,0.0,0.0,0.26793333333333336,13.23,6.0,2,21.09356936269877,55.0,0.07533333333333334,0.0,0.0,0.0,0.0,40.59631127058857,optimal
2021-02-07 13:00:00,9,87,0.0,0.0,0.0,0.16093333333333334,14.3325,6.0,2,21.046215284374256,55.0,0.07533333333333334,0.0,0.0,0.0,0.0,40.55571495931798,optimal
2021-02-07 13:30:00,9,87,0.0,0.0,0.0,0.22533333333333327,14.994,6.0,2,20.983407158808777,55.0,0.07533333333333334,0.0,0.0,0.0,0.0,40.515159244358664,optimal
2021-02-07 14:00:00,9,87,0.0,0.0,0.0,1.4570999999999998,14.8155,6.0,2,20.921177098132084,55.0,0.07266666666666667,0.0,0.0,0.0,0.0,40.474644085114306,optimal
2021-02-07 14:30:00,9,87,0.0,0.0,0.0,0.4398666666666667,14.112,6.0,2,20.87128923354204,55.0,0.07133333333333333,0.0,0.0,0.0,0.0,40.43416944102919,optimal
2021-02-07 15:00:00,9,87,0.0,0.0,0.0,0.2550666666666666,14.007,6.0,2,20.821203106917707,55.0,0.068,0.0,0.0,0.0,0.0,40.39373527158816,optimal
2021-02-07 15:30:00,9,87,0.0,0.0,0.0,0.5116333333333333,13.23,6.0,2,20.780092041166622,55.0,0.066,0.0,0.0,0.0,0.0,40.35334153631658,optimal
2021-02-07 16:00:00,9,87,0.0,0.0,0.0,1.4646666666666668,11.382,6.0,2,20.747009766581783,55.0,0.066,0.0,0.0,0.0,0.0,40.31298819478026,optimal
2021-02-07 16:30:00,9,87,0.0,0.0,0.0,0.6490666666666667,11.7495,6.0,2,20.689917531064676,55.0,0.066,0.0,0.0,0.0,0.0,40.27267520658548,optimal
2021-02-07 17:00:00,9,87,0.0,0.0,0.0,0.3417,24.3285,6.0,2,20.630358186488753,55.0,0.06466666666666666,0.0,0.0,0.0,0.0,40.232402531378895,optimal
2021-02-07 17:30:00,9,87,0.0,0.0,0.0,1.4209666666666667,28.917,6.0,2,20.536734413679113,55.0,0.06466666666666666,0.0,0.0,0.0,0.0,40.192170128847515,optimal
2021-02-07 18:00:00,9,87,0.0,0.0,0.0,0.8920333333333333,31.3635,6.0,2,20.46173223999635,55.0,0.064,0.0,0.0,0.0,0.0,40.15197795871867,optimal
2021-02-07 18:30:00,9,87,0.0,0.0,0.0,0.5990333333333333,33.306,6.0,2,20.370900120080307,55.0,0.06333333333333334,0.0,0.0,0.0,0.0,40.111825980759946,optimal
2021-02-07 19:00:00,9,87,0.0,0.0,0.0,0.5049666666666666,31.3425,6.0,2,20.280105711911997,55.0,0.06333333333333334,0.0,0.0,0.0,0.0,40.07171415477919,optimal
2021-02-07 19:30:00,9,87,0.0,0.0,0.0,0.34626666666666667,28.2555,6.0,2,20.18654160697162,55.0,0.062,0.0,0.0,0.0,0.0,40.03164244062441,optimal
2021-02-07 20:00:00,9,87,0.0,0.0,0.0,0.5521666666666666,15.6975,6.0,2,20.09189116103202,55.0,0.062,0.0,0.0,0.0,0.0,39.991610798183785,optimal
2021-02-07 20:30:00,9,87,0.0,0.0,0.0,0.5363666666666667,12.5475,6.0,2,20.0,55.0,0.06066666666666667,0.0,0.0,0.0,0.0,39.9516191873856,optimal
2021-02-07 21:00:00,9,87,0.0,0.0,0.0,2.5867,12.0855,6.0,2,19.909158729927423,55.0,0.058666666666666666,0.0,0.0,0.0,0.0,39.91166756819822,optimal
2021-02-07 21:30:00,9,87,0.0,0.0,0.0,0.5265,11.907,6.0,2,19.839187506715273,55.0,0.05466666666666667,0.0,0.0,0.0,0.0,39.87175590063002,optimal
2021-02-07 22:00:00,9,87,0.0,0.0,0.0,0.3976,12.5685,6.0,2,19.74720901412049,55.0,0.05333333333333334,0.0,0.0,0.0,0.0,39.83188414472939,optimal
2021-02-07 22:30:00,9,87,0.0,0.0,0.0,0.6527666666666666,13.146,6.0,2,19.656098668477693,55.0,0.05,0.0,0.0,0.0,0.0,39.79205226058466,optimal
2021-02-07 23:00:00,9,87,0.0,0.0,0.0,0.19066666666666662,10.584,6.0,2,19.568783026941226,55.0,0.05,0.0,0.0,0.0,0.0,39.752260208324074,optimal
2021-02-07 23:30:00,9,87,0.0,0.0,0.0,0.1802333333333333,6.678,6.0,2,19.466767045668938,55.0,0.05,0.0,0.0,0.0,0.0,39.71250794811575,optimal
2021-02-08 00:00:00,9,87,0.0,0.0,0.0,0.062,11.2665,6.0,4,19.466767045668938,55.0,0.05,0.0,0.0,0.0,0.0,39.67279544016763,optimal
2021-02-08 00:30:00,9,87,3.5714285714285716,0.0,0.0,0.062,10.143,6.0,4,19.357257283581323,55.0,0.05266666666666667,12221.333333333334,0.0,278.6666666666667,0.0,39.633122644727464,optimal
2021-02-08 01:00:00,9,87,0.0,0.0,0.0,0.062,11.2455,6.0,4,19.44863619434915,55.0,0.05266666666666667,0.0,0.0,0.0,0.0,39.593489522082734,optimal
2021-02-08 01:30:00,9,87,0.0,0.0,0.0,0.062,11.025,6.0,4,19.339238035014773,55.0,0.05266666666666667,0.0,0.0,0.0,0.0,39.55389603256065,optimal
2021-02-08 02:00:00,9,87,3.5714285714285716,0.0,0.0,0.062,5.9745,6.0,4,19.230205495474088,55.0,0.05266666666666667,12500.0,0.0,0.0,0.0,39.51434213652809,optimal
2021-02-08 02:30:00,9,87,3.5714285714285716,0.0,0.0,0.062,7.938,6.0,4,19.326316145784563,55.0,0.05266666666666667,12500.0,0.0,0.0,0.0,39.474827794391565,optimal
2021-02-08 03:00:00,9,87,3.5714285714285716,0.0,0.0,0.062,8.6835,6.0,4,19.422142966315757,55.0,0.05266666666666667,12500.0,0.0,0.0,0.0,39.43535296659717,optimal
2021-02-08 03:30:00,9,87,3.5714285714285716,0.0,0.0,0.062,7.665,6.0,4,19.517687704155236,55.0,0.05266666666666667,12500.0,0.0,0.0,0.0,39.39591761363057,optimal
2021-02-08 04:00:00,9,87,3.5714285714285716,0.0,0.0,0.062,6.7725,6.0,4,19.61233655502417,55.0,0.05266666666666667,12500.0,0.0,0.0,0.0,39.35652169601694,optimal
2021-02-08 04:30:00,9,87,3.5714285714285716,0.0,4.4651327451302185,0.062,5.5755,6.0,4,19.706095033470714,55.0,0.05266666666666667,12500.0,0.0,0.0,0.0,41.43810322825778,optimal
2021-02-08 05:00:00,9,87,3.5714285714285716,0.0,5.0,0.062,5.0925,6.0,4,19.798660849792547,55.0,0.05266666666666667,12500.0,0.0,0.0,0.0,43.771665125029514,optimal
2021-02-08 05:30:00,9,87,3.5714285714285716,0.0,5.0,0.062,4.1895,6.0,4,19.890041345309417,55.0,0.05266666666666667,12500.0,0.0,0.0,0.0,46.10289345990448,optimal
2021-02-08 06:00:00,9,87,3.5714285714285716,0.0,0.0,0.062,7.056,6.0,4,19.980551586458436,55.0,0.05266666666666667,12500.0,0.0,0.0,0.0,46.056790566444576,optimal
2021-02-08 06:30:00,9,87,3.5714285714285716,0.0,5.0,0.062,5.271,6.0,4,20.070196930008674,55.0,0.05266666666666667,12500.0,0.0,0.0,0.0,48.38573377587813,optimal
2021-02-08 07:00:00,9,87,3.5714285714285716,0.0,0.0,0.062,7.938,6.0,4,20.158982699756102,55.0,0.05266666666666667,12500.0,0.0,0.0,0.0,48.33734804210225,optimal
2021-02-08 07:30:00,9,87,3.5714285714285716,0.0,0.0,0.7674,7.938,6.0,4,20.246914186726574,55.0,0.03133333333333333,12500.0,0.0,0.0,0.0,48.289010694060146,optimal
2021-02-08 08:00:00,9,87,0.0,0.0,0.0,2.5340333333333334,11.907,6.0,4,20.34964728812968,55.0,0.03,0.0,0.0,0.0,0.0,48.240721683366075,optimal
2021-02-08 08:30:00,9,87,3.5714285714285716,0.0,0.0,0.8235666666666667,11.025,6.0,4,20.258865253091695,55.0,0.027333333333333334,12500.0,0.0,0.0,0.0,48.192480961682705,optimal
2021-02-08 09:00:00,9,87,3.5714285714285716,0.0,0.0,0.8382333333333334,11.2875,6.0,4,20.363398331117683,55.0,0.012666666666666666,12500.0,0.0,0.0,0.0,48.144288480721016,optimal
2021-02-08 09:30:00,9,87,0.0,0.0,0.0,2.716766666666667,12.936,6.0,4,20.486483337698,55.0,0.01,0.0,0.0,0.0,0.0,48.096144192240295,optimal
2021-02-08 10:00:00,9,87,0.0,0.0,0.0,2.287333333333333,13.0095,6.0,4,20.406239230728048,55.0,0.003999999999999999,0.0,0.0,0.0,0.0,48.048048048048045,optimal
2021-02-08 10:30:00,9,87,0.0,0.0,0.0,1.3262,13.671,6.0,4,20.35578203634614,55.0,0.003999999999999999,0.0,0.0,0.0,0.0,48.0,optimal
2021-02-08 11:00:00,9,87,0.0,0.0,0.0,0.6859,13.188,6.0,4,20.302107316251004,55.0,0.003999999999999999,0.0,0.0,0.0,0.0,47.771964778423786,optimal
2021-02-08 11:30:00,9,87,0.0,0.0,0.0,0.144,13.8495,6.0,4,20.274954067982765,55.0,0.003999999999999999,0.0,0.0,0.0,0.0,47.54415759206915,optimal
2021-02-08 12:00:00,9,87,0.0,0.0,0.0,0.1676,13.23,6.0,4,20.24493448701838,55.0,0.003999999999999999,0.0,0.0,0.0,0.0,47.316578212900865,optimal
2021-02-08 12:30:00,9,87,0.0,0.0,0.0,0.2405,13.3665,6.0,4,20.22742420680982,55.0,0.003999999999999999,0.0,0.0,0.0,0.0,47.08922641311175,optimal
2021-02-08 13:00:00,9,87,0.0,0.0,0.0,0.072,13.0515,6.0,4,20.21149164589472,55.0,0.003999999999999999,0.0,0.0,0.0,0.0,46.86210196512243,optimal
2021-02-08 13:30:00,9,87,0.0,0.0,0.0,0.072,13.5345,6.0,4,20.192325236511454,55.0,0.003999999999999999,0.0,0.0,0.0,0.0,46.63520464158109,optimal
2021-02-08 14:00:00,9,87,0.0,0.0,0.0,0.1257,14.154,6.0,4,20.173892344774224,55.0,0.003999999999999999,0.0,0.0,0.0,0.0,46.4085342153633,optimal
2021-02-08 14:30:00,9,87,0.0,0.0,0.0,0.072,14.112,6.0,4,20.159399395289654,55.0,0.003999999999999999,0.0,0.0,0.0,0.0,46.18209045957172,optimal
2021-02-08 15:00:00,9,87,0.0,0.0,0.0,0.072,14.2485,6.0,4,20.141663588106834,55.0,0.003999999999999999,0.0,0.0,0.0,0.0,45.95587314753593,optimal
2021-02-08 15:30:00,9,87,3.5714285714285716,0.0,0.0,0.072,12.789,6.0,4,20.0978448786204,55.0,0.003999999999999999,12500.0,0.0,0.0,0.0,45.72988205281219,optimal
2021-02-08 16:00:00,9,87,1.5693109549903128,0.0,0.0,0.072,13.0095,6.0,4,20.259383481988625,55.0,0.003999999999999999,5492.588342466095,0.0,0.0,0.0,45.504116949183164,optimal
2021-02-08 16:30:00,9,87,3.5714285714285716,0.0,0.0,0.072,12.1275,6.0,4,20.275355539692317,55.0,0.003999999999999999,12500.0,0.0,0.0,0.0,45.27857761065777,optimal
2021-02-08 17:00:00,9,87,3.5714285714285716,0.0,0.0,0.072,12.348,6.0,4,20.40510409214134,55.0,0.003999999999999999,12500.0,0.0,0.0,0.0,45.0532638114709,optimal
2021-02-08 17:30:00,9,87,3.5714285714285716,0.0,0.0,0.6609333333333333,12.348,6.0,4,20.5010433612011,55.0,0.001333333333333333,12500.0,0.0,0.0,0.0,44.82817532608322,optimal
2021-02-08 18:00:00,9,87,0.0,0.0,0.0,0.072,25.389,6.0,4,20.608003483628817,55.0,0.001333333333333333,0.0,0.0,0.0,0.0,44.603311929180926,optimal
2021-02-08 18:30:00,9,87,0.0,0.0,0.0,0.072,29.1375,6.0,4,20.485023463319717,55.0,0.001333333333333333,0.0,0.0,0.0,0.0,44.378673395675534,optimal
2021-02-08 19:00:00,9,87,0.0,0.0,0.0,0.072,30.597,6.0,4,20.363108205286867,55.0,0.001333333333333333,0.0,0.0,0.0,0.0,44.154259500703645,optimal
2021-02-08 19:30:00,9,87,0.0,0.0,0.0,0.072,33.684,6.0,4,20.242251155486038,55.0,0.001333333333333333,0.0,0.0,0.0,0.0,43.93007001962673,optimal
2021-02-08 20:00:00,9,87,0.0,0.0,0.0,0.072,32.445,6.0,4,20.121214718991098,55.0,0.001333333333333333,0.0,0.0,0.0,0.0,43.706104728030894,optimal
2021-02-08 20:30:00,9,87,0.0,0.0,0.0,0.072,28.917,6.0,4,20.0,55.0,0.001333333333333333,0.0,0.0,0.0,0.0,43.48236340172665,optimal
2021-02-08 21:00:00,9,87,0.0,0.0,0.0,0.072,15.876,6.0,4,19.878915866220087,55.0,0.001333333333333333,0.0,0.0,0.0,0.0,43.25884581674871,optimal
2021-02-08 21:30:00,9,87,0.0,0.0,0.0,0.15933333333333335,12.348,6.0,4,19.757961513846354,55.0,0.001333333333333333,0.0,0.0,0.0,0.0,43.03555174935575,optimal
2021-02-08 22:00:00,9,87,0.0,0.0,0.0,0.36460000000000004,12.1275,6.0,4,19.64123610850866,55.0,0.0,0.0,0.0,0.0,0.0,42.81248097603018,optimal
2021-02-08 22:30:00,9,87,0.0,0.0,0.0,0.45253333333333334,12.348,6.0,4,19.532657405625443,55.0,0.0,0.0,0.0,0.0,0.0,42.589633273477936,optimal
2021-02-08 23:00:00,9,87,0.0,0.0,0.0,0.3992,12.1275,6.0,4,19.425932259860684,55.0,0.0,0.0,0.0,0.0,0.0,42.367008418628245,optimal
2021-02-08 23:30:00,9,87,0.0,0.0,0.0,0.3006333333333333,12.1275,6.0,4,19.319994236181834,55.0,0.0,0.0,0.0,0.0,0.0,42.324641410209615,optimal
2021-02-09 00:00:00,9,87,3.5714285714285716,0.0,0.0,0.064,11.823,6.0,-3,19.319994236181834,55.0,0.0,12500.0,0.0,0.0,0.0,42.282316768799404,optimal
2021-02-09 00:30:00,9,87,3.5714285714285716,0.0,0.0,0.064,11.7705,6.0,-3,19.410647534291915,55.0,0.04466666666666667,7832.333333333333,0.0,4667.666666666667,0.0,42.240034452030606,optimal
2021-02-09 01:00:00,9,87,3.5714285714285716,0.0,3.508030690493133,0.064,11.13,6.0,-3,19.424583079433795,55.0,0.04466666666666667,12500.0,0.0,0.0,0.0,43.864108995562816,optimal
2021-02-09 01:30:00,9,87,3.5714285714285716,0.0,0.0,0.064,11.6865,6.0,-3,19.515208131350022,55.0,0.04466666666666667,12500.0,0.0,0.0,0.0,43.82024488656725,optimal
2021-02-09 02:00:00,9,87,3.5714285714285716,0.0,5.0,0.064,10.7205,6.0,-3,19.604659808654393,55.0,0.04466666666666667,12500.0,0.0,0.0,0.0,46.15142464168068,optimal
2021-02-09 02:30:00,9,87,3.5714285714285716,0.0,0.0,0.064,11.424,6.0,-3,19.692945333944177,55.0,0.04466666666666667,12500.0,0.0,0.0,0.0,46.10527321703899,optimal
2021-02-09 03:00:00,9,87,3.5714285714285716,0.0,5.0,0.064,10.689,6.0,-3,19.78099519627715,55.0,0.04466666666666667,12500.0,0.0,0.0,0.0,48.434167943821954,optimal
2021-02-09 03:30:00,9,87,3.5714285714285716,0.0,0.0,0.064,11.361,6.0,-3,19.868810846254522,55.0,0.04466666666666667,12500.0,0.0,0.0,0.0,48.38573377587813,optimal
2021-02-09 04:00:00,9,87,3.5714285714285716,0.0,0.0,0.064,11.571,6.0,-3,19.95670149585463,55.0,0.04466666666666667,12500.0,0.0,0.0,0.0,48.33734804210225,optimal
2021-02-09 04:30:00,9,87,3.5714285714285716,0.0,0.0,0.064,14.3745,6.0,-3,20.044666683424346,55.0,0.04466666666666667,12500.0,0.0,0.0,0.0,48.289010694060146,optimal
2021-02-09 05:00:00,9,87,3.5714285714285716,0.0,0.0,0.064,13.23,6.0,-3,20.131474868927487,55.0,0.04466666666666667,12500.0,0.0,0.0,0.0,48.240721683366075,optimal
2021-02-09 05:30:00,9,87,3.5714285714285716,0.0,0.0,1.8278666666666663,13.9755,6.0,-3,20.217133174181665,55.0,0.043333333333333335,12500.0,0.0,0.0,0.0,48.192480961682705,optimal
2021-02-09 06:00:00,9,87,1.034690184979066,0.0,0.0,0.064,14.994,6.0,-3,20.306842548488152,55.0,0.043333333333333335,3621.4156474267306,0.0,0.0,0.0,48.144288480721016,optimal
2021-02-09 06:30:00,9,87,3.5714285714285716,0.0,0.0,0.1936,13.671,6.0,-3,20.245969001584534,55.0,0.038,12500.0,0.0,0.0,0.0,48.096144192240295,optimal
2021-02-09 07:00:00,9,87,0.0,0.0,0.0,1.9316666666666666,15.981,6.0,-3,20.334699999548278,55.0,0.022,0.0,0.0,0.0,0.0,48.048048048048045,optimal
2021-02-09 07:30:00,9,87,0.0,0.0,0.0,1.1429666666666667,15.6345,6.0,-3,20.22421093526291,55.0,0.02133333333333333,0.0,0.0,0.0,0.0,48.0,optimal
2021-02-09 08:00:00,9,87,0.0,0.0,0.0,1.9256666666666666,16.5375,6.0,-3,20.111825136218336,55.0,0.0,0.0,0.0,0.0,0.0,47.72134997633701,optimal
2021-02-09 08:30:00,9,87,3.4681903839928263,0.0,0.0,1.3024333333333333,14.7735,6.0,-3,20.0,55.0,0.0,12138.666343974892,0.0,0.0,0.0,47.442978602697686,optimal
2021-02-09 09:00:00,9,87,0.0,0.0,0.0,3.5185333333333335,15.2145,6.0,-3,20.085695912604965,55.0,0.0,0.0,0.0,0.0,0.0,47.164885600432,optimal
2021-02-09 09:30:00,9,87,1.5819714508175629,0.0,0.0,2.2874666666666665,14.553,6.0,-3,20.0,55.0,0.0,5536.90007786147,0.0,0.0,0.0,46.88707069116858,optimal
2021-02-09 10:00:00,9,87,2.5114961844900727,0.0,0.0,0.074,14.3325,6.0,-3,20.0,55.0,0.0,8790.236645715255,0.0,0.0,0.0,46.60953359681442,optimal
2021-02-09 10:30:00,9,87,0.0,0.0,0.0,0.074,14.595,6.0,-3,20.083588803871045,55.0,0.0,0.0,0.0,0.0,0.0,46.33227403955462,optimal
2021-02-09 11:00:00,9,87,0.0,0.0,0.0,0.074,14.994,6.0,-3,20.02419688957343,55.0,0.0,0.0,0.0,0.0,0.0,46.05529174185207,optimal
2021-02-09 11:30:00,9,87,0.41403663833286436,0.0,0.0,0.074,14.3325,6.0,-3,20.0,55.0,0.0,1449.1282341650253,0.0,0.0,0.0,45.778586426447234,optimal
2021-02-09 12:00:00,9,87,0.002949197841795372,0.0,0.0,0.074,13.8915,6.0,-3,20.0,55.0,0.0,10.322192446283802,0.0,0.0,0.0,45.5021578163578,optimal
2021-02-09 12:30:00,9,87,0.008316814932750917,0.0,0.0,0.074,13.8915,6.0,-3,20.0,55.0,0.0,29.10885226462821,0.0,0.0,0.0,45.226005634878454,optimal
2021-02-09 13:00:00,9,87,3.5714285714285716,0.0,0.0,0.074,13.4715,6.0,-3,20.0,55.0,0.0,12500.0,0.0,0.0,0.0,44.950129605580585,optimal
2021-02-09 13:30:00,9,87,3.5714285714285716,0.0,0.0,0.074,13.23,6.0,-3,20.209610458397435,55.0,0.0,12500.0,0.0,0.0,0.0,44.674529452312015,optimal
2021-02-09 14:00:00,9,87,2.3421395957312168,0.0,0.0,0.074,13.8915,6.0,-3,20.41762290898953,55.0,0.0,8197.488585059258,0.0,0.0,0.0,44.39920489919671,optimal
2021-02-09 14:30:00,9,87,0.0,0.0,0.0,0.074,26.9325,6.0,-3,20.54674323195502,55.0,0.0,0.0,0.0,0.0,0.0,44.12415567063452,optimal
2021-02-09 15:00:00,9,87,0.0,0.0,0.0,0.074,30.303,6.0,-3,20.54046657724493,55.0,0.0,0.0,0.0,0.0,0.0,43.849381491300896,optimal
2021-02-09 15:30:00,9,87,0.0,0.0,0.0,0.074,32.886,6.0,-3,20.507047659234455,55.0,0.0,0.0,0.0,0.0,0.0,43.57488208614661,optimal
2021-02-09 16:00:00,9,87,0.0,0.0,0.0,0.074,34.9965,6.0,-3,20.473834448236545,55.0,0.0,0.0,0.0,0.0,0.0,43.30065718039747,optimal
2021-02-09 16:30:00,9,87,0.0,0.0,0.0,0.074,33.327,6.0,-3,20.403925262989038,55.0,0.0,0.0,0.0,0.0,0.0,43.02670649955409,optimal
2021-02-09 17:00:00,9,87,0.0,0.0,0.0,0.074,31.122,6.0,-3,20.333830856556137,55.0,0.0,0.0,0.0,0.0,0.0,42.753029769391546,optimal
2021-02-09 17:30:00,9,87,0.0,0.0,0.0,0.074,17.9025,6.0,-3,20.226250862529557,55.0,0.0,0.0,0.0,0.0,0.0,42.479626715959164,optimal
2021-02-09 18:00:00,9,87,0.0,0.0,0.0,0.074,15.6555,6.0,-3,20.118717526444627,55.0,0.0,0.0,0.0,0.0,0.0,42.206497065580216,optimal
2021-02-09 18:30:00,9,87,2.052361151441908,0.0,0.0,0.074,14.553,6.0,-3,20.0,55.0,0.0,7183.264030046676,0.0,0.0,0.0,41.93364054485165,optimal
2021-02-09 19:00:00,9,87,2.046993534350952,0.0,0.0,0.074,14.3325,6.0,-3,20.0,55.0,0.0,7164.477370228332,0.0,0.0,0.0,41.661056880643805,optimal
2021-02-09 19:30:00,9,87,2.046993534350952,0.0,0.0,0.074,13.335,6.0,-3,20.0,55.0,0.0,7164.477370228332,0.0,0.0,0.0,41.388745800100175,optimal
2021-02-09 20:00:00,9,87,2.046993534350952,0.0,0.0,0.074,12.1275,6.0,-3,20.0,55.0,0.0,7164.477370228332,0.0,0.0,0.0,41.11670703063709,optimal
2021-02-09 20:30:00,9,87,0.0,0.0,0.0,0.074,12.2955,6.0,-3,20.0,55.0,0.0,0.0,0.0,0.0,0.0,40.84494029994346,optimal
2021-02-09 21:00:00,9,87,0.0,0.0,0.0,0.074,11.6865,6.0,-3,19.882013228144615,55.0,0.0,0.0,0.0,0.0,0.0,40.57344533598053,optimal
2021-02-09 21:30:00,9,87,0.0,0.0,0.0,0.074,11.466,6.0,-3,19.76413717217485,55.0,0.0,0.0,0.0,0.0,0.0,40.30222186698156,optimal
2021-02-09 22:00:00,9,87,0.0,0.0,0.0,0.1187,10.8045,6.0,-3,19.645755609977115,55.0,0.0,0.0,0.0,0.0,0.0,40.26191964511458,optimal
2021-02-09 22:30:00,9,87,0.0,0.0,0.0,0.074,10.584,6.0,-3,19.53187155724721,55.0,0.0,0.0,0.0,0.0,0.0,40.22165772546947,optimal
2021-02-09 23:00:00,9,87,0.0,0.0,0.0,0.074,11.2455,6.0,-3,19.41674861410816,55.0,0.0,0.0,0.0,0.0,0.0,40.181436067744,optimal
2021-02-09 23:30:00,9,87,0.0,0.0,0.0,0.07066666666666667,12.1275,6.0,-3,19.302642069744444,55.0,0.0,0.0,0.0,0.0,0.0,40.14125463167626,optimal
2021-02-10 00:00:00,9,87,3.5714285714285716,0.0,3.4480232881220205,0.06,10.8045,6.0,0,19.302642069744444,55.0,0.0,12500.0,0.0,0.0,0.0,41.738924438902544,optimal
2021-02-10 00:30:00,9,87,3.5714285714285716,0.0,0.0,0.18906666666666663,11.508,6.0,0,19.392131778535816,55.0,0.020666666666666667,10340.333333333334,0.0,2159.6666666666665,0.0,41.69718551446364,optimal
2021-02-10 01:00:00,9,87,3.5714285714285716,0.0,0.0,0.14866666666666667,11.508,6.0,0,19.447189028917208,55.0,0.020666666666666667,12500.0,0.0,0.0,0.0,41.65548832894917,optimal
2021-02-10 01:30:00,9,87,3.5714285714285716,0.0,0.0,0.11746666666666668,11.508,6.0,0,19.53601048277368,55.0,0.020666666666666667,12500.0,0.0,0.0,0.0,41.61383284062021,optimal
2021-02-10 02:00:00,9,87,3.5714285714285716,0.0,0.0,0.1502666666666667,11.844,6.0,0,19.62315853346463,55.0,0.020666666666666667,12500.0,0.0,0.0,0.0,41.572219007779594,optimal
2021-02-10 02:30:00,9,87,3.5714285714285716,0.0,0.0,0.13933333333333334,11.508,6.0,0,19.709691954147598,55.0,0.020666666666666667,12500.0,0.0,0.0,0.0,41.530646788771804,optimal
2021-02-10 03:00:00,9,87,3.5714285714285716,0.0,0.0,0.18906666666666663,11.508,6.0,0,19.795513612399926,55.0,0.020666666666666667,12500.0,0.0,0.0,0.0,41.489116141983025,optimal
2021-02-10 03:30:00,9,87,3.5714285714285716,0.0,5.0,0.11133333333333331,10.4475,6.0,0,19.88162175413773,55.0,0.020666666666666667,12500.0,0.0,0.0,0.0,43.82262702584104,optimal
2021-02-10 04:00:00,9,87,3.5714285714285716,0.0,5.0,0.19,10.8675,6.0,0,19.96592640784825,55.0,0.020666666666666667,12500.0,0.0,0.0,0.0,46.15380439881519,optimal
2021-02-10 04:30:00,9,87,3.5714285714285716,0.0,5.0,0.10573333333333332,10.542,6.0,0,20.051000879848033,55.0,0.020666666666666667,12500.0,0.0,0.0,0.0,48.48265059441637,optimal
2021-02-10 05:00:00,9,87,3.5714285714285716,0.0,0.0,0.14866666666666667,11.025,6.0,0,20.13355565427899,55.0,0.020666666666666667,12500.0,0.0,0.0,0.0,48.434167943821954,optimal
2021-02-10 05:30:00,9,87,3.5714285714285716,0.0,0.0,0.0952,11.025,6.0,0,20.215690080357348,55.0,0.020666666666666667,12500.0,0.0,0.0,0.0,48.38573377587813,optimal
2021-02-10 06:00:00,9,87,3.5714285714285716,0.0,0.0,0.24253333333333332,14.553,6.0,0,20.295827483521492,55.0,0.020666666666666667,12500.0,0.0,0.0,0.0,48.33734804210225,optimal
2021-02-10 06:30:00,9,87,3.5714285714285716,0.0,0.0,0.06466666666666668,13.0935,6.0,0,20.37726973929655,55.0,0.020666666666666667,12500.0,0.0,0.0,0.0,48.289010694060146,optimal
2021-02-10 07:00:00,9,87,3.5714285714285716,0.0,0.0,0.17813333333333334,15.6345,6.0,0,20.456527885809205,55.0,0.020666666666666667,12500.0,0.0,0.0,0.0,48.240721683366075,optimal
2021-02-10 07:30:00,9,87,0.0,0.0,0.0,0.16426666666666667,18.102,6.0,0,20.538388102157665,55.0,0.020666666666666667,0.0,0.0,0.0,0.0,48.192480961682705,optimal
2021-02-10 08:00:00,9,87,0.0,0.0,0.0,0.06,17.199,6.0,0,20.4144296756462,55.0,0.020666666666666667,0.0,0.0,0.0,0.0,48.144288480721016,optimal
2021-02-10 08:30:00,9,87,0.0,0.0,0.0,0.43860000000000005,18.2805,6.0,0,20.29002053947855,55.0,0.019333333333333334,0.0,0.0,0.0,0.0,48.096144192240295,optimal
2021-02-10 09:00:00,9,87,0.0,0.0,0.0,0.30569999999999997,17.4615,6.0,0,20.175470726246022,55.0,0.018,0.0,0.0,0.0,0.0,48.048048048048045,optimal
2021-02-10 09:30:00,9,87,0.0,0.0,0.0,2.138133333333333,18.3225,6.0,0,20.08702345170631,55.0,0.016,0.0,0.0,0.0,0.0,48.0,optimal
2021-02-10 10:00:00,9,87,0.6005473390073691,0.0,0.0,0.18853333333333333,17.094,6.0,0,20.022317463002757,55.0,0.016,2101.915686525792,0.0,0.0,0.0,47.71611129115423,optimal
2021-02-10 10:30:00,9,87,1.0079964854523078,0.0,0.0,0.06,17.094,6.0,0,20.0,55.0,0.016,3527.9876990830776,0.0,0.0,0.0,47.432506471017305,optimal
2021-02-10 11:00:00,9,87,1.0032327207237701,0.0,0.0,0.18906666666666663,17.094,6.0,0,20.0,55.0,0.016,3511.314522533195,0.0,0.0,0.0,47.149185255700516,optimal
2021-02-10 11:30:00,9,87,0.0,0.0,0.0,0.15333333333333335,17.3565,6.0,0,20.028835529835042,55.0,0.016,0.0,0.0,0.0,0.0,46.86614736159905,optimal
2021-02-10 12:00:00,9,87,0.4686622267874949,0.0,0.0,0.0952,17.115,6.0,0,20.0,55.0,0.016,1640.3177937562323,0.0,0.0,0.0,46.58339250539168,optimal
2021-02-10 12:30:00,9,87,0.0,0.0,0.0,0.22386666666666669,17.241,6.0,0,20.031569144478915,55.0,0.016,0.0,0.0,0.0,0.0,46.30092040404052,optimal
2021-02-10 13:00:00,9,87,3.5714285714285716,0.0,0.0,0.08333333333333333,17.094,6.0,0,20.03817951632389,55.0,0.016,12500.0,0.0,0.0,0.0,46.018730774790704,optimal
2021-02-10 13:30:00,9,87,3.5714285714285716,0.0,0.0,0.067,16.5165,6.0,0,20.24161146742691,55.0,0.016,12500.0,0.0,0.0,0.0,45.73682333517014,optimal
2021-02-10 14:00:00,9,87,0.0,0.0,0.0,0.5372666666666667,17.8185,6.0,0,20.445431853118286,55.0,0.016,0.0,0.0,0.0,0.0,45.455197802989204,optimal
2021-02-10 14:30:00,9,87,3.5714285714285716,0.0,0.0,0.06,17.094,6.0,0,20.452008597392673,55.0,0.016,12500.0,0.0,0.0,0.0,45.17385389634045,optimal
2021-02-10 15:00:00,9,87,3.5714285714285716,0.0,0.0,0.13040000000000002,16.8945,6.0,0,20.650561163072773,55.0,0.016,12500.0,0.0,0.0,0.0,44.89279133359833,optimal
2021-02-10 15:30:00,9,87,0.0,0.0,0.0,0.11866666666666668,18.123,6.0,0,20.824979388946485,55.0,0.016,0.0,0.0,0.0,0.0,44.612009833418966,optimal
2021-02-10 16:00:00,9,87,0.0,0.0,0.0,0.162,31.647,6.0,0,20.792120877992524,55.0,0.016,0.0,0.0,0.0,0.0,44.331509114739774,optimal
2021-02-10 16:30:00,9,87,0.0,0.0,0.0,0.20086666666666667,34.9965,6.0,0,20.722703233879802,55.0,0.016,0.0,0.0,0.0,0.0,44.05128889677926,optimal
2021-02-10 17:00:00,9,87,0.0,0.0,0.0,1.2030666666666665,34.9965,6.0,0,20.654063248628553,55.0,0.016,0.0,0.0,0.0,0.0,43.77134889903671,optimal
2021-02-10 17:30:00,9,87,0.0,0.0,0.0,1.6546666666666667,34.9965,6.0,0,20.553899892473034,55.0,0.009333333333333334,0.0,0.0,0.0,0.0,43.491688841291904,optimal
2021-02-10 18:00:00,9,87,0.0,0.0,0.0,0.7166,34.9965,6.0,0,20.462003001143177,55.0,0.004666666666666667,0.0,0.0,0.0,0.0,43.21230844360484,optimal
2021-02-10 18:30:00,9,87,0.0,0.0,0.0,0.297,34.9965,6.0,0,20.354449681906253,55.0,0.0,0.0,0.0,0.0,0.0,42.93320742631546,optimal
2021-02-10 19:00:00,9,87,0.0,0.0,0.0,0.16906666666666667,27.741,6.0,0,20.25010258241779,55.0,0.0,0.0,0.0,0.0,0.0,42.654385510043376,optimal
2021-02-10 19:30:00,9,87,0.0,0.0,0.0,0.09933333333333332,19.026,6.0,0,20.126015473674624,55.0,0.0,0.0,0.0,0.0,0.0,42.375842415687565,optimal
2021-02-10 20:00:00,9,87,2.219442995546888,0.0,0.0,0.07,18.7215,6.0,0,20.0,55.0,0.0,7768.050484414109,0.0,0.0,0.0,42.09757786442611,optimal
2021-02-10 20:30:00,9,87,0.0,0.0,0.0,0.19906666666666664,17.4195,6.0,0,20.0,55.0,0.0,0.0,0.0,0.0,0.0,41.81959157771591,optimal
2021-02-10 21:00:00,9,87,0.0,0.0,0.0,0.10266666666666668,16.758,6.0,0,19.87454745083523,55.0,0.0,0.0,0.0,0.0,0.0,41.54188327729243,optimal
2021-02-10 21:30:00,9,87,0.0,0.0,0.0,0.17173333333333332,14.217,6.0,0,19.74798008077719,55.0,0.0,0.0,0.0,0.0,0.0,41.26445268516937,optimal
2021-02-10 22:00:00,9,87,0.0,0.0,0.0,0.158,13.3665,6.0,0,19.6143979221735,55.0,0.0,0.0,0.0,0.0,0.0,40.98729952363843,optimal
2021-02-10 22:30:00,9,87,0.0,0.0,0.0,0.20433333333333328,12.789,6.0,0,19.4724876923649,55.0,0.0,0.0,0.0,0.0,0.0,40.71042351526902,optimal
2021-02-10 23:00:00,9,87,0.0398095238095238,0.0,0.0,0.31156666666666666,11.907,6.0,0,19.33284457315391,55.0,0.0,0.0,0.0,139.33333333333331,0.0,40.66971309175375,optimal
2021-02-10 23:30:00,9,87,0.0,0.0,0.0,0.15966666666666665,11.7075,6.0,0,19.201989543188926,55.0,0.0,0.0,0.0,0.0,0.0,40.629043378662,optimal
2021-02-11 00:00:00,9,87,3.5714285714285716,0.0,0.0,0.049,11.2455,6.0,1,19.201989543188926,55.0,0.0,12500.0,0.0,0.0,0.0,40.58841433528333,optimal
2021-02-11 00:30:00,9,87,3.5714285714285716,0.0,0.0,0.049,11.025,6.0,1,19.266687990764396,55.0,0.014,11037.0,0.0,1463.0,0.0,40.54782592094805,optimal
2021-02-11 01:00:00,9,87,3.5714285714285716,0.0,0.0,0.23386666666666667,12.0855,6.0,1,19.307636303529296,55.0,0.014,12500.0,0.0,0.0,0.0,40.507278095027104,optimal
2021-02-11 01:30:00,9,87,3.5714285714285716,0.0,0.0,0.06046666666666667,11.6865,6.0,1,19.37594409064067,55.0,0.014,12500.0,0.0,0.0,0.0,40.466770816932076,optimal
2021-02-11 02:00:00,9,87,3.5714285714285716,0.0,0.0,0.08983333333333333,11.2245,6.0,1,19.44099070990967,55.0,0.014,12500.0,0.0,0.0,0.0,40.42630404611514,optimal
2021-02-11 02:30:00,9,87,3.5714285714285716,0.0,0.0,0.2045,11.025,6.0,1,19.50611803687863,55.0,0.014,12500.0,0.0,0.0,0.0,40.38587774206903,optimal
2021-02-11 03:00:00,9,87,3.5714285714285716,0.0,5.0,0.049,10.7835,6.0,1,19.57210745164227,55.0,0.014,12500.0,0.0,0.0,0.0,42.72049186432696,optimal
2021-02-11 03:30:00,9,87,3.5714285714285716,0.0,0.0,0.2223,11.025,6.0,1,19.634527673177633,55.0,0.014,12500.0,0.0,0.0,0.0,42.67777137246263,optimal
2021-02-11 04:00:00,9,87,3.5714285714285716,0.0,5.0,0.07203333333333334,10.584,6.0,1,19.700941591862737,55.0,0.014,12500.0,0.0,0.0,0.0,45.01009360109017,optimal
2021-02-11 04:30:00,9,87,3.5714285714285716,0.0,2.094499278391161,0.05483333333333334,11.025,6.0,1,19.766023830953635,55.0,0.014,12500.0,0.0,0.0,0.0,45.95997066472487,optimal
2021-02-11 05:00:00,9,87,3.5714285714285716,0.0,5.0,0.21656666666666663,10.4265,6.0,1,19.830423685398365,55.0,0.014,12500.0,0.0,0.0,0.0,48.289010694060146,optimal
2021-02-11 05:30:00,9,87,3.5714285714285716,0.0,0.0,0.07193333333333334,12.789,6.0,1,19.897076710423438,55.0,0.014,12500.0,0.0,0.0,0.0,48.240721683366075,optimal
2021-02-11 06:00:00,9,87,3.5714285714285716,0.0,0.0,0.1529,12.684,6.0,1,19.962488871496824,55.0,0.014,12500.0,0.0,0.0,0.0,48.192480961682705,optimal
2021-02-11 06:30:00,9,87,3.5714285714285716,0.0,0.0,0.14143333333333333,16.254,6.0,1,20.030363672842203,55.0,0.014,12500.0,0.0,0.0,0.0,48.144288480721016,optimal
2021-02-11 07:00:00,9,87,3.5714285714285716,0.0,0.0,0.8692333333333333,17.64,6.0,1,20.099171677395194,55.0,0.013333333333333334,12500.0,0.0,0.0,0.0,48.096144192240295,optimal
2021-02-11 07:30:00,9,87,3.5714285714285716,0.0,0.0,0.9704666666666668,19.1625,6.0,1,20.17279151376403,55.0,0.009333333333333332,12500.0,0.0,0.0,0.0,48.048048048048045,optimal
2021-02-11 08:00:00,9,87,0.0,0.0,0.0,0.3412333333333333,26.46,6.0,1,20.2526112952724,55.0,0.006666666666666665,0.0,0.0,0.0,0.0,48.0,optimal
2021-02-11 08:30:00,9,87,2.016905888413709,0.0,0.0,0.3285666666666667,20.79,6.0,1,20.126569117644557,55.0,0.005333333333333332,7059.170609447982,0.0,0.0,0.0,47.83516363970093,optimal
2021-02-11 09:00:00,9,87,0.0,0.0,0.0,0.3163666666666667,29.106,6.0,1,20.110433452433924,55.0,0.005333333333333332,0.0,0.0,0.0,0.0,47.67049211576216,optimal
2021-02-11 09:30:00,9,87,2.5272653174088715,0.0,0.0,0.08193333333333333,19.1835,6.0,1,20.0,55.0,0.005333333333333332,8845.42861093105,0.0,0.0,0.0,47.50598526334733,optimal
2021-02-11 10:00:00,9,87,0.0,0.0,0.0,0.22966666666666663,19.6665,6.0,1,20.043774083993636,55.0,0.005333333333333332,0.0,0.0,0.0,0.0,47.34164291778491,optimal
2021-02-11 10:30:00,9,87,0.762918250811893,0.0,0.0,0.28813333333333335,19.404,6.0,1,20.0,55.0,0.002666666666666666,2670.2138778416256,0.0,0.0,0.0,47.177464914568056,optimal
2021-02-11 11:00:00,9,87,0.12225468270780568,0.0,0.0,0.6205333333333333,19.047,6.0,1,20.0,55.0,0.001333333333333333,427.8913894773199,0.0,0.0,0.0,47.01345108935442,optimal
2021-02-11 11:30:00,9,87,0.13907375967697133,0.0,0.0,0.33353333333333335,18.858,6.0,1,20.0,55.0,0.0,486.75815886939967,0.0,0.0,0.0,46.849601277965995,optimal
2021-02-11 12:00:00,9,87,0.0,0.0,0.0,1.6917,19.2675,6.0,1,20.0,55.0,0.0,0.0,0.0,0.0,0.0,46.68591531638896,optimal
2021-02-11 12:30:00,9,87,0.0,0.0,0.0,0.4903333333333333,18.963,6.0,1,20.026431596931122,55.0,0.0,0.0,0.0,0.0,0.0,46.5223930407735,optimal
2021-02-11 13:00:00,9,87,0.05971428571428571,0.0,0.0,0.4134666666666666,18.438,6.0,1,20.055246645567497,55.0,0.002,0.0,0.0,209.0,0.0,46.35903428743366,optimal
2021-02-11 13:30:00,9,87,0.0,0.0,0.0,0.7461,18.7425,6.0,1,20.074748454551194,55.0,0.0,0.0,0.0,0.0,0.0,46.195838892847156,optimal
2021-02-11 14:00:00,9,87,3.5714285714285716,0.0,0.0,0.4544333333333333,15.2145,6.0,1,20.099458974943637,55.0,0.057333333333333354,6020.999999999998,0.0,6479.000000000002,0.0,46.03280669365524,optimal
2021-02-11 14:30:00,9,87,1.8776031773343735,0.0,0.0,0.47806666666666664,17.7765,6.0,1,20.22038128307511,55.0,0.057333333333333354,6571.611120670308,0.0,0.0,0.0,45.86993752666252,optimal
2021-02-11 15:00:00,9,87,3.5714285714285716,0.0,0.0,0.27003333333333335,16.758,6.0,1,20.351195985180606,55.0,0.057333333333333354,12500.0,0.0,0.0,0.0,45.70723122883679,optimal
2021-02-11 15:30:00,9,87,3.5714285714285716,0.0,0.0,0.2052,16.422,6.0,1,20.54540883943144,55.0,0.057333333333333354,12500.0,0.0,0.0,0.0,45.54468763730888,optimal
2021-02-11 16:00:00,9,87,3.5714285714285716,0.0,0.0,1.0865,16.758,6.0,1,20.731848272569223,55.0,0.057333333333333354,12500.0,0.0,0.0,0.0,45.382306589372504,optimal
2021-02-11 16:30:00,9,87,0.0,0.0,0.0,1.1561333333333335,29.358,6.0,1,20.880668557900737,55.0,0.057333333333333354,0.0,0.0,0.0,0.0,45.22008792248406,optimal
2021-02-11 17:00:00,9,87,0.0,0.0,0.0,0.262,34.9965,6.0,1,20.81722265577245,55.0,0.057333333333333354,0.0,0.0,0.0,0.0,45.058031474262506,optimal
2021-02-11 17:30:00,9,87,0.0,0.0,0.0,0.17593333333333333,34.65,6.0,1,20.698787061866483,55.0,0.056666666666666685,0.0,0.0,0.0,0.0,44.896137082489176,optimal
2021-02-11 18:00:00,9,87,0.0,0.0,0.0,0.3268666666666667,34.9965,6.0,1,20.574121359942993,55.0,0.056666666666666685,0.0,0.0,0.0,0.0,44.73440458510762,optimal
2021-02-11 18:30:00,9,87,0.0,0.0,0.0,0.1658,34.9965,6.0,1,20.431433185089233,55.0,0.056666666666666685,0.0,0.0,0.0,0.0,44.572833820223444,optimal
2021-02-11 19:00:00,9,87,0.0,0.0,0.0,0.2767333333333333,30.4815,6.0,1,20.292458888331794,55.0,0.056666666666666685,0.0,0.0,0.0,0.0,44.41142462610415,optimal
2021-02-11 19:30:00,9,87,0.0,0.0,0.0,0.28263333333333335,21.4305,6.0,1,20.14998254056843,55.0,0.0,0.0,0.0,0.0,0.0,44.25017684117898,optimal
2021-02-11 20:00:00,9,87,2.734307526563965,0.0,0.0,0.2822,14.3325,6.0,1,20.0,55.0,0.0,9430.743009640544,0.0,139.33333333333331,0.0,44.08909030403873,optimal
2021-02-11 20:30:00,9,87,0.05971428571428571,0.0,0.0,0.39936666666666665,13.692,6.0,1,20.0,55.0,0.002,0.0,0.0,209.0,0.0,43.92816485343562,optimal
2021-02-11 21:00:00,9,87,0.0,0.0,0.0,0.47783333333333333,14.007,6.0,1,19.849041181443003,55.0,0.0,0.0,0.0,0.0,0.0,43.76740032828312,optimal
2021-02-11 21:30:00,9,87,0.0199047619047619,0.0,0.0,0.47026666666666667,12.873,6.0,1,19.70199327890154,55.0,0.0,0.0,0.0,69.66666666666666,0.0,43.72363292795483,optimal
2021-02-11 22:00:00,9,87,0.0,0.0,0.0,0.27146666666666663,12.684,6.0,1,19.560720015444392,55.0,0.0,0.0,0.0,0.0,0.0,43.679909295026874,optimal
2021-02-11 22:30:00,9,87,0.09952380952380951,0.0,0.0,1.0690666666666666,12.306,6.0,1,19.419159858302052,55.0,0.0,0.0,0.0,348.3333333333333,0.0,43.636229385731845,optimal
2021-02-11 23:00:00,9,87,0.11942857142857143,0.0,0.0,0.32580000000000003,10.6365,6.0,1,19.27422769723368,55.0,0.0006666666666666665,0.0,0.0,418.0,0.0,43.59259315634611,optimal
2021-02-11 23:30:00,9,87,0.0,0.0,0.0,0.3494,11.2455,6.0,1,19.127997984157684,55.0,0.0,0.0,0.0,0.0,0.0,43.549000563189765,optimal
2021-02-12 00:00:00,9,87,3.5714285714285716,0.0,5.0,0.061,8.1585,6.0,1,19.127997984157684,55.0,0.0,12500.0,0.0,0.0,0.0,45.880451562626575,optimal
2021-02-12 00:30:00,9,87,3.5714285714285716,0.0,0.0,0.061,10.3635,6.0,1,19.173664274769802,55.0,0.008666666666666666,11594.333333333334,0.0,905.6666666666666,0.0,45.83457111106395,optimal
2021-02-12 01:00:00,9,87,3.5714285714285716,0.0,0.0,0.061,10.8045,6.0,1,19.20421249021548,55.0,0.008666666666666666,12500.0,0.0,0.0,0.0,45.788736539952886,optimal
2021-02-12 01:30:00,9,87,3.5714285714285716,0.0,0.0,0.18346666666666667,11.025,6.0,1,19.24940964959031,55.0,0.008666666666666666,12500.0,0.0,0.0,0.0,45.74294780341293,optimal
2021-02-12 02:00:00,9,87,3.5714285714285716,0.0,0.0,0.061,10.3635,6.0,1,19.296950438868222,55.0,0.008666666666666666,12500.0,0.0,0.0,0.0,45.69720485560952,optimal
2021-02-12 02:30:00,9,87,3.5714285714285716,0.0,0.0,0.10553333333333331,10.8045,6.0,1,19.34280783973073,55.0,0.008666666666666666,12500.0,0.0,0.0,0.0,45.65150765075391,optimal
2021-02-12 03:00:00,9,87,3.5714285714285716,0.0,0.0,0.13893333333333333,10.059,6.0,1,19.390959153745058,55.0,0.008666666666666666,12500.0,0.0,0.0,0.0,45.60585614310316,optimal
2021-02-12 03:30:00,9,87,3.5714285714285716,0.0,0.0,0.061,10.584,6.0,1,19.441207870383924,55.0,0.008666666666666666,12500.0,0.0,0.0,0.0,45.560250286960056,optimal
2021-02-12 04:00:00,9,87,3.5714285714285716,0.0,5.0,0.18346666666666667,9.4185,6.0,1,19.49417933612967,55.0,0.008666666666666666,12500.0,0.0,0.0,0.0,47.889690036673095,optimal
2021-02-12 04:30:00,9,87,3.5714285714285716,0.0,0.0,0.061,10.3635,6.0,1,19.553139821439558,55.0,0.008666666666666666,12500.0,0.0,0.0,0.0,47.84180034663642,optimal
2021-02-12 05:00:00,9,87,3.5714285714285716,0.0,0.636180307264244,0.061,9.8385,6.0,1,19.614039869141255,55.0,0.008666666666666666,12500.0,0.0,0.0,0.0,48.096144192240295,optimal
2021-02-12 05:30:00,9,87,3.5714285714285716,0.0,0.0,0.11633333333333332,11.067,6.0,1,19.678873836602857,55.0,0.003999999999999999,12500.0,0.0,0.0,0.0,48.048048048048045,optimal
2021-02-12 06:00:00,9,87,3.5714285714285716,0.0,0.0,0.41993333333333327,10.8465,6.0,1,19.750223509419126,55.0,0.001333333333333333,12500.0,0.0,0.0,0.0,48.0,optimal
2021-02-12 06:30:00,9,87,3.5714285714285716,0.0,0.0,0.178,13.671,6.0,1,19.8358238610058,55.0,0.001333333333333333,12500.0,0.0,0.0,0.0,47.8741361584181,optimal
2021-02-12 07:00:00,9,87,3.5714285714285716,0.0,0.0,0.3335,12.348,6.0,1,19.916872264502036,55.0,0.0,12500.0,0.0,0.0,0.0,47.74839818067779,optimal
2021-02-12 07:30:00,9,87,3.5714285714285716,0.0,0.0,0.09996666666666668,14.3325,6.0,1,20.005093216269888,55.0,0.0,12500.0,0.0,0.0,0.0,47.622785940915215,optimal
2021-02-12 08:00:00,9,87,2.277738852831994,0.0,0.0,0.061,15.393,6.0,1,20.070946083247037,55.0,0.0,7972.08598491198,0.0,0.0,0.0,47.4972993133924,optimal
2021-02-12 08:30:00,9,87,3.5714285714285716,0.0,0.0,0.061,13.587,6.0,1,20.057240607440896,55.0,0.0,12500.0,0.0,0.0,0.0,47.37193817249712,optimal
2021-02-12 09:00:00,9,87,0.0,0.0,0.0,0.18346666666666667,16.1385,6.0,1,20.116566446754387,55.0,0.0,0.0,0.0,0.0,0.0,47.246702392742726,optimal
2021-02-12 09:30:00,9,87,1.819259466815507,0.0,0.0,0.061,14.595,6.0,1,20.0,55.0,0.0,6367.408133854275,0.0,0.0,0.0,47.12159184876809,optimal
2021-02-12 10:00:00,9,87,0.8473103725125558,0.0,0.0,0.13893333333333333,14.637,6.0,1,20.0,55.0,0.0,2965.5863037939453,0.0,0.0,0.0,46.996606415337425,optimal
2021-02-12 10:30:00,9,87,0.8139122929279169,0.0,0.0,0.10686666666666667,13.9125,6.0,1,20.0,55.0,0.0,2848.693025247709,0.0,0.0,0.0,46.871745967340196,optimal
2021-02-12 11:00:00,9,87,0.1821105999929476,0.0,0.0,0.071,13.3665,6.0,1,20.0,55.0,0.0,637.3870999753166,0.0,0.0,0.0,46.747010379790964,optimal
2021-02-12 11:30:00,9,87,0.14175250671150885,0.0,0.0,0.19346666666666668,13.0095,6.0,1,20.0,55.0,0.0,496.13377349028104,0.0,0.0,0.0,46.62239952782928,optimal
2021-02-12 12:00:00,9,87,0.0,0.0,0.0,0.071,13.8915,6.0,1,20.0,55.0,0.0,0.0,0.0,0.0,0.0,46.49791328671956,optimal
2021-02-12 12:30:00,9,87,0.0,0.0,0.0,0.0877,13.188,6.0,1,20.0030085463083,55.0,0.0,0.0,0.0,0.0,0.0,46.37355153185094,optimal
2021-02-12 13:00:00,9,87,0.0,0.0,0.0,0.17676666666666668,12.5685,6.0,1,20.006579929938724,55.0,0.0,0.0,0.0,0.0,0.0,46.2493141387372,optimal
2021-02-12 13:30:00,9,87,0.0,0.0,0.0,0.071,12.285,6.0,1,20.01109404210443,55.0,0.0,0.0,0.0,0.0,0.0,46.12520098301657,optimal
2021-02-12 14:00:00,9,87,3.5714285714285716,0.0,0.0,0.17676666666666668,11.487,6.0,1,20.013232117142117,55.0,0.044,7902.0,0.0,4598.0,0.0,46.00121194045166,optimal
2021-02-12 14:30:00,9,87,3.5349202913402524,0.0,0.0,0.0877,11.802,6.0,1,20.135900525858208,55.0,0.044,12372.221019690884,0.0,0.0,0.0,45.87734688692932,optimal
2021-02-12 15:00:00,9,87,3.5714285714285716,0.0,0.0,0.071,11.2245,6.0,1,20.328972080280955,55.0,0.044,12500.0,0.0,0.0,0.0,45.75360569846049,optimal
2021-02-12 15:30:00,9,87,3.5714285714285716,0.0,0.0,0.19346666666666668,11.025,6.0,1,20.506416831705472,55.0,0.044,12500.0,0.0,0.0,0.0,45.62998825118014,optimal
2021-02-12 16:00:00,9,87,3.5714285714285716,0.0,0.0,0.071,11.907,6.0,1,20.683852323864283,55.0,0.044,12500.0,0.0,0.0,0.0,45.506494421347064,optimal
2021-02-12 16:30:00,9,87,0.0,0.0,0.0,0.1378,25.83,6.0,1,20.817959057567602,55.0,0.044,0.0,0.0,0.0,0.0,45.38312408534382,optimal
2021-02-12 17:00:00,9,87,0.0,0.0,0.0,0.29333333333333333,28.035,6.0,1,20.74570821078951,55.0,0.044,0.0,0.0,0.0,0.0,45.25987711967659,optimal
2021-02-12 17:30:00,9,87,0.0,0.0,0.0,0.40673333333333334,28.119,6.0,1,20.641759884359413,55.0,0.02548,0.0,0.0,0.0,0.0,45.13675340097502,optimal
2021-02-12 18:00:00,9,87,0.0,0.0,0.0,0.5053666666666666,30.156,6.0,1,20.548480043516815,55.0,0.002666666666666666,0.0,0.0,0.0,0.0,45.01375280599215,optimal
2021-02-12 18:30:00,9,87,0.0,0.0,0.0,0.36826666666666663,29.1585,6.0,1,20.43868322974557,55.0,0.001333333333333333,0.0,0.0,0.0,0.0,44.89087521160426,optimal
2021-02-12 19:00:00,9,87,0.0,0.0,0.0,0.36110000000000003,26.712,6.0,1,20.32713406286565,55.0,0.001333333333333333,0.0,0.0,0.0,0.0,44.845984336392654,optimal
2021-02-12 19:30:00,9,87,0.0,0.0,0.0,0.34136666666666665,15.435,6.0,1,20.21430640475641,55.0,0.0,0.0,0.0,0.0,0.0,44.80113835205626,optimal
2021-02-12 20:00:00,9,87,0.0,0.0,0.0,0.5623333333333334,13.566,6.0,1,20.104251516372447,55.0,0.0,0.0,0.0,0.0,0.0,44.75633721370421,optimal
2021-02-12 20:30:00,9,87,0.0,0.0,0.0,0.3917333333333333,12.789,6.0,1,20.0,55.0,0.0,0.0,0.0,0.0,0.0,44.7115808764905,optimal
2021-02-12 21:00:00,9,87,0.0,0.0,0.0,0.37560000000000004,12.1275,6.0,1,19.89078807379032,55.0,0.0,0.0,0.0,0.0,0.0,44.66686929561401,optimal
2021-02-12 21:30:00,9,87,0.0,0.0,0.0,0.5574666666666667,13.671,6.0,1,19.780645757496607,55.0,0.0,0.0,0.0,0.0,0.0,44.6222024263184,optimal
2021-02-12 22:00:00,9,87,0.0199047619047619,0.0,0.0,0.3072,10.668,6.0,1,19.6757147455353,55.0,0.0,0.0,0.0,69.66666666666666,0.0,44.577580223892085,optimal
2021-02-12 22:30:00,9,87,0.0,0.0,0.0,0.25930000000000003,11.7285,6.0,1,19.566041787463565,55.0,0.0,0.0,0.0,0.0,0.0,44.53300264366819,optimal
2021-02-12 23:00:00,9,87,0.0,0.0,0.0,0.09883333333333331,11.025,6.0,1,19.451579293216987,55.0,0.0,0.0,0.0,0.0,0.0,44.48846964102452,optimal
2021-02-12 23:30:00,9,87,0.0,0.0,0.0,0.0877,10.689,6.0,1,19.331555645677696,55.0,0.0,0.0,0.0,0.0,0.0,44.4439811713835,optimal
2021-02-13 00:00:00,9,87,3.5714285714285716,0.0,5.0,0.07933333333333333,7.056,6.0,1,19.331555645677696,55.0,0.0,12500.0,0.0,0.0,0.0,46.774537190212115,optimal
2021-02-13 00:30:00,9,87,3.5714285714285716,0.0,0.0,0.15693333333333334,9.3975,6.0,1,19.416894980365566,55.0,0.04,8320.0,0.0,4180.0,0.0,46.727762653021905,optimal
2021-02-13 01:00:00,9,87,0.0,0.0,0.0,0.047,10.059,6.0,1,19.434809688215324,55.0,0.04,0.0,0.0,0.0,0.0,46.681034890368885,optimal
2021-02-13 01:30:00,9,87,3.5714285714285716,0.0,0.0,0.047,9.261,6.0,1,19.314819475218105,55.0,0.04,12500.0,0.0,0.0,0.0,46.634353855478516,optimal
2021-02-13 02:00:00,9,87,3.5714285714285716,0.0,0.0,0.13106666666666666,8.1585,6.0,1,19.40065544161469,55.0,0.04,12500.0,0.0,0.0,0.0,46.587719501623035,optimal
2021-02-13 02:30:00,9,87,3.5714285714285716,0.0,0.0,0.1052,9.4815,6.0,1,19.487648035637722,55.0,0.04,12500.0,0.0,0.0,0.0,46.54113178212141,optimal
2021-02-13 03:00:00,9,87,3.5714285714285716,0.0,0.0,0.047,8.379,6.0,1,19.57368139720605,55.0,0.04,12500.0,0.0,0.0,0.0,46.49459065033929,optimal
2021-02-13 03:30:00,9,87,3.5714285714285716,0.0,0.0,0.0664,9.5235,6.0,1,19.658231733649068,55.0,0.04,12500.0,0.0,0.0,0.0,46.44809605968895,optimal
2021-02-13 04:00:00,9,87,3.5714285714285716,0.0,0.0,0.16986666666666667,8.1375,6.0,1,19.742271676408784,55.0,0.04,12500.0,0.0,0.0,0.0,46.40164796362926,optimal
2021-02-13 04:30:00,9,87,3.5714285714285716,0.0,0.0,0.047,10.0905,6.0,1,19.827181579719056,55.0,0.04,12500.0,0.0,0.0,0.0,46.35524631566563,optimal
2021-02-13 05:00:00,9,87,3.5714285714285716,0.0,3.76263815345332,0.18926666666666667,7.539,6.0,1,19.908940438361622,55.0,0.04,12500.0,0.0,0.0,0.0,48.096144192240295,optimal
2021-02-13 05:30:00,9,87,3.5714285714285716,0.0,0.0,0.047,7.938,6.0,1,19.99191116481084,55.0,0.04,12500.0,0.0,0.0,0.0,48.048048048048045,optimal
2021-02-13 06:00:00,9,87,3.5714285714285716,0.0,0.0,0.08173333333333334,8.274,6.0,1,20.07142496473191,55.0,0.036,12500.0,0.0,0.0,0.0,48.0,optimal
2021-02-13 06:30:00,9,87,3.5714285714285716,0.0,0.0,0.42826666666666663,9.261,6.0,1,20.152718176342727,55.0,0.03333333333333333,12500.0,0.0,0.0,0.0,47.86202572970309,optimal
2021-02-13 07:00:00,9,87,3.5714285714285716,0.0,0.0,0.0654,9.9225,6.0,1,20.238925046142025,55.0,0.030666666666666665,12500.0,0.0,0.0,0.0,47.72418943367648,optimal
2021-02-13 07:30:00,9,87,3.5714285714285716,0.0,0.0,0.11456666666666666,9.702,6.0,1,20.317949155459083,55.0,0.028666666666666667,12500.0,0.0,0.0,0.0,47.58649097394589,optimal
2021-02-13 08:00:00,9,87,3.5714285714285716,0.0,0.0,0.243,10.584,6.0,1,20.398266730994603,55.0,0.02666666666666667,12500.0,0.0,0.0,0.0,47.44893021267504,optimal
2021-02-13 08:30:00,9,87,3.5714285714285716,0.0,0.0,0.13169999999999998,10.143,6.0,1,20.48694125588157,55.0,0.02666666666666667,12500.0,0.0,0.0,0.0,47.31150701216546,optimal
2021-02-13 09:00:00,9,87,0.0,0.0,0.0,0.19726666666666667,13.0095,6.0,1,20.57136349279802,55.0,0.02,0.0,0.0,0.0,0.0,47.17422123485638,optimal
2021-02-13 09:30:00,9,87,0.0,0.0,0.0,0.06626666666666667,11.025,6.0,1,20.476873479267674,55.0,0.019333333333333334,0.0,0.0,0.0,0.0,47.03707274332462,optimal
2021-02-13 10:00:00,9,87,0.0,0.0,0.0,0.08746666666666666,12.789,6.0,1,20.377755490948303,55.0,0.014666666666666666,0.0,0.0,0.0,0.0,46.90006140028439,optimal
2021-02-13 10:30:00,9,87,0.0,0.0,0.0,0.1928,12.1275,6.0,1,20.314516342981666,55.0,0.014666666666666666,0.0,0.0,0.0,0.0,46.7631870685872,optimal
2021-02-13 11:00:00,9,87,0.0,0.0,0.0,0.057,12.1695,6.0,1,20.24865406446858,55.0,0.014666666666666666,0.0,0.0,0.0,0.0,46.62644961122171,optimal
2021-02-13 11:30:00,9,87,0.0,0.0,0.0,0.17986666666666667,12.306,6.0,1,20.224598115902438,55.0,0.014666666666666666,0.0,0.0,0.0,0.0,46.48984889131358,optimal
2021-02-13 12:00:00,9,87,0.0,0.0,0.0,0.07640000000000001,13.23,6.0,1,20.203010860892157,55.0,0.014666666666666666,0.0,0.0,0.0,0.0,46.35338477212536,optimal
2021-02-13 12:30:00,9,87,0.0,0.0,0.0,0.057,13.671,6.0,1,20.19781724826478,55.0,0.014666666666666666,0.0,0.0,0.0,0.0,46.21705711705633,optimal
2021-02-13 13:00:00,9,87,0.0,0.0,0.0,0.057,13.9335,6.0,1,20.192953326763156,55.0,0.014666666666666666,0.0,0.0,0.0,0.0,46.08086578964237,optimal
2021-02-13 13:30:00,9,87,0.0,0.0,0.0,0.057,13.293,6.0,1,20.1967567146452,55.0,0.014666666666666666,0.0,0.0,0.0,0.0,45.94481065355582,optimal
2021-02-13 14:00:00,9,87,0.0,0.0,0.0,0.19926666666666668,12.1065,6.0,1,20.201152231742537,55.0,0.014666666666666666,0.0,0.0,0.0,0.0,45.808891572605354,optimal
2021-02-13 14:30:00,9,87,3.5714285714285716,0.0,0.0,0.057,11.571,6.0,1,20.175978491753067,55.0,0.014666666666666666,12500.0,0.0,0.0,0.0,45.67310841073584,optimal
2021-02-13 15:00:00,9,87,3.5714285714285716,0.0,0.0,0.057,11.025,6.0,1,20.354024400166875,55.0,0.014666666666666666,12500.0,0.0,0.0,0.0,45.5374610320282,optimal
2021-02-13 15:30:00,9,87,3.5714285714285716,0.0,0.0,0.06346666666666667,10.8465,6.0,1,20.504315684497108,55.0,0.014666666666666666,12500.0,0.0,0.0,0.0,45.401949300699265,optimal
2021-02-13 16:00:00,9,87,3.5714285714285716,0.0,0.0,0.21159999999999998,11.2455,6.0,1,20.653172263750307,55.0,0.013333333333333334,12500.0,0.0,0.0,0.0,45.26657308110166,optimal
2021-02-13 16:30:00,9,87,0.0,0.0,0.0,0.09946666666666669,23.8665,6.0,1,20.776213718935637,55.0,0.013333333333333334,0.0,0.0,0.0,0.0,45.131332237723655,optimal
2021-02-13 17:00:00,9,87,0.0,0.0,0.0,0.3134666666666666,27.4575,6.0,1,20.69576796592253,55.0,0.010666666666666666,0.0,0.0,0.0,0.0,44.996226635189025,optimal
2021-02-13 17:30:00,9,87,0.0,0.0,0.0,0.23103333333333334,27.3735,6.0,1,20.590818682735588,55.0,0.009333333333333334,0.0,0.0,0.0,0.0,44.86125613825693,optimal
2021-02-13 18:00:00,9,87,0.0,0.0,0.0,0.1797,30.4605,6.0,1,20.488879274266466,55.0,0.005333333333333333,0.0,0.0,0.0,0.0,44.726420611821766,optimal
2021-02-13 18:30:00,9,87,0.0,0.0,0.0,0.2826,30.0195,6.0,1,20.37411413050931,55.0,0.0019999999999999996,0.0,0.0,0.0,0.0,44.591719920913036,optimal
2021-02-13 19:00:00,9,87,0.0,0.0,0.0,0.4654,26.9325,6.0,1,20.259800612228215,55.0,0.0019999999999999996,0.0,0.0,0.0,0.0,44.45715393069521,optimal
2021-02-13 19:30:00,9,87,0.0,0.0,0.0,1.2268666666666665,14.595,6.0,1,20.146971197041996,55.0,0.0019999999999999996,0.0,0.0,0.0,0.0,44.41269677676452,optimal
2021-02-13 20:00:00,9,87,1.0887287321415673,0.0,0.0,0.3602333333333333,12.4845,6.0,1,20.04429067692648,55.0,0.0006666666666666665,3810.5505624954853,0.0,0.0,0.0,44.36828407998775,optimal
2021-02-13 20:30:00,9,87,0.0,0.0,0.0,0.24146666666666666,12.1275,6.0,1,20.0,55.0,0.0006666666666666665,0.0,0.0,0.0,0.0,44.323915795907766,optimal
2021-02-13 21:00:00,9,87,0.0,0.0,0.0,0.18963333333333332,12.1275,6.0,1,19.890828920201955,55.0,0.0006666666666666665,0.0,0.0,0.0,0.0,44.27959188011186,optimal
2021-02-13 21:30:00,9,87,0.0,0.0,0.0,0.49269999999999997,12.789,6.0,1,19.77920844219161,55.0,0.0006666666666666665,0.0,0.0,0.0,0.0,44.235312288231746,optimal
2021-02-13 22:00:00,9,87,0.0,0.0,0.0,0.11206666666666666,11.907,6.0,1,19.670662711767502,55.0,0.0006666666666666665,0.0,0.0,0.0,0.0,44.19107697594352,optimal
2021-02-13 22:30:00,9,87,0.0,0.0,0.0,0.2049,11.025,6.0,1,19.55694010774204,55.0,0.0,0.0,0.0,0.0,0.0,44.146885898967575,optimal
2021-02-13 23:00:00,9,87,0.0,0.0,0.0,0.21306666666666663,8.2005,6.0,1,19.446336426266413,55.0,0.0,0.0,0.0,0.0,0.0,44.10273901306861,optimal
2021-02-13 23:30:00,9,87,0.0,0.0,0.0,0.056,9.5655,6.0,1,19.332303542345546,55.0,0.0,0.0,0.0,0.0,0.0,44.05863627405554,optimal
2021-02-07 00:00:00,10,87,0.9925714611513116,0.0,0.0,0.10790000000000001,7.938,6.0,2,21.0,55.0,0.12,3334.6667806962573,0.0,139.33333333333334,0.0,47.952,optimal
2021-02-07 00:30:00,10,87,3.5714285714285716,0.0,0.0,0.10873333333333332,5.292,6.0,2,20.945963945471057,55.0,0.12,12500.0,0.0,0.0,0.0,47.904047999999996,optimal
2021-02-07 01:00:00,10,87,0.0,0.0,0.0,0.1633666666666667,9.261,6.0,2,21.043425034950612,55.0,0.12,0.0,0.0,0.0,0.0,47.856143952,optimal
2021-02-07 01:30:00,10,87,0.0,0.0,0.0,0.2429,10.3635,6.0,2,20.935278021015854,55.0,0.12,0.0,0.0,0.0,0.0,47.80828780804799,optimal
2021-02-07 02:00:00,10,87,0.0,0.0,0.0,0.1854333333333333,8.274,6.0,2,20.828289478145383,55.0,0.10933333333333334,0.0,0.0,0.0,0.0,47.76047952023995,optimal
2021-02-07 02:30:00,10,87,3.5714285714285716,0.0,0.0,0.3683,7.7175,6.0,2,20.72033894773077,55.0,0.10933333333333334,12500.0,0.0,0.0,0.0,47.712719040719705,optimal
2021-02-07 03:00:00,10,87,3.5714285714285716,0.0,0.0,0.2568333333333333,6.615,6.0,2,20.820977480241197,55.0,0.10933333333333334,12500.0,0.0,0.0,0.0,47.66500632167899,optimal
2021-02-07 03:30:00,10,87,3.5714285714285716,0.0,0.0,0.11956666666666667,6.174,6.0,2,20.918391087323336,55.0,0.10733333333333334,12500.0,0.0,0.0,0.0,47.61734131535731,optimal
2021-02-07 04:00:00,10,87,3.5714285714285716,0.0,0.0,0.2089,3.906,6.0,2,21.011195976788418,55.0,0.10733333333333334,12500.0,0.0,0.0,0.0,47.56972397404195,optimal
2021-02-07 04:30:00,10,87,3.5714285714285716,0.0,0.0,0.067,2.3415,6.0,2,21.103531403803622,55.0,0.10733333333333334,12500.0,0.0,0.0,0.0,47.522154250067906,optimal
2021-02-07 05:00:00,10,87,3.5714285714285716,0.0,0.0,0.13040000000000002,2.205,6.0,2,21.19292466108561,55.0,0.10733333333333334,12500.0,0.0,0.0,0.0,47.47463209581784,optimal
2021-02-07 05:30:00,10,87,3.5714285714285716,0.0,2.0180553940128663,0.064,0.882,6.0,2,21.282740780271794,55.0,0.10733333333333334,12500.0,0.0,0.0,0.0,48.38573377587813,optimal
2021-02-07 06:00:00,10,87,3.5714285714285716,0.0,0.0,0.2317,1.5435,6.0,2,21.371030931060485,55.0,0.10733333333333334,12500.0,0.0,0.0,0.0,48.33734804210225,optimal
2021-02-07 06:30:00,10,87,3.5714285714285716,0.0,0.0,0.25003333333333333,1.5435,6.0,2,21.461524946187474,55.0,0.10466666666666667,12500.0,0.0,0.0,0.0,48.289010694060146,optimal
2021-02-07 07:00:00,10,87,3.5714285714285716,0.0,0.0,0.19916666666666663,5.0715,6.0,2,21.552825166929498,55.0,0.104,12500.0,0.0,0.0,0.0,48.240721683366075,optimal
2021-02-07 07:30:00,10,87,3.5714285714285716,0.0,0.0,1.3349333333333333,5.376,6.0,2,21.643536312301613,55.0,0.06696,12500.0,0.0,0.0,0.0,48.192480961682705,optimal
2021-02-07 08:00:00,10,87,3.5714285714285716,0.0,0.0,0.9328333333333334,5.0715,6.0,2,21.746892532391303,55.0,0.05533333333333333,12500.0,0.0,0.0,0.0,48.144288480721016,optimal
2021-02-07 08:30:00,10,87,3.5714285714285716,0.0,0.0,0.3095,5.5125,6.0,2,21.843739031189223,55.0,0.05466666666666667,12500.0,0.0,0.0,0.0,48.096144192240295,optimal
2021-02-07 09:00:00,10,87,0.0,0.0,0.0,0.3418,9.261,6.0,2,21.932618419185186,55.0,0.05333333333333334,0.0,0.0,0.0,0.0,48.048048048048045,optimal
2021-02-07 09:30:00,10,87,0.0,0.0,0.0,0.14996666666666666,11.7075,6.0,2,21.8320556284038,55.0,0.05333333333333334,0.0,0.0,0.0,0.0,48.0,optimal
2021-02-07 10:00:00,10,87,0.0,0.0,0.0,0.2051,12.348,6.0,2,21.724455589003906,55.0,0.05333333333333334,0.0,0.0,0.0,0.0,47.88219976907563,optimal
2021-02-07 10:30:00,10,87,0.0,0.0,0.0,0.074,12.348,6.0,2,21.63123174436187,55.0,0.05333333333333334,0.0,0.0,0.0,0.0,47.76451733838219,optimal
2021-02-07 11:00:00,10,87,0.0,0.0,0.0,0.2258,12.1275,6.0,2,21.53581845897324,55.0,0.05333333333333334,0.0,0.0,0.0,0.0,47.64695259011945,optimal
2021-02-07 11:30:00,10,87,0.0,0.0,0.0,0.074,12.5265,6.0,2,21.463319451500478,55.0,0.05333333333333334,0.0,0.0,0.0,0.0,47.52950540660496,optimal
2021-02-07 12:00:00,10,87,0.0,0.0,0.0,0.0947,11.7495,6.0,2,21.388779858720945,55.0,0.05333333333333334,0.0,0.0,0.0,0.0,47.41217567027399,optimal
2021-02-07 12:30:00,10,87,0.0,0.0,0.0,0.2216,13.23,6.0,2,21.329076404168614,55.0,0.05333333333333334,0.0,0.0,0.0,0.0,47.29496326367935,optimal
2021-02-07 13:00:00,10,87,0.0,0.0,0.0,0.1169,14.3325,6.0,2,21.27181937336472,55.0,0.05333333333333334,0.0,0.0,0.0,0.0,47.1778680694913,optimal
2021-02-07 13:30:00,10,87,0.0,0.0,0.0,0.074,14.994,6.0,2,21.200364620086948,55.0,0.05333333333333334,0.0,0.0,0.0,0.0,47.06088997049745,optimal
2021-02-07 14:00:00,10,87,0.0,0.0,0.0,0.26539999999999997,14.8155,6.0,2,21.128954665796943,55.0,0.05333333333333334,0.0,0.0,0.0,0.0,46.94402884960259,optimal
2021-02-07 14:30:00,10,87,0.0,0.0,0.0,0.0938,14.112,6.0,2,21.066641816779423,55.0,0.05333333333333334,0.0,0.0,0.0,0.0,46.82728458982862,optimal
2021-02-07 15:00:00,10,87,0.0,0.0,0.0,0.5092,14.007,6.0,2,21.00220908158335,55.0,0.05333333333333334,0.0,0.0,0.0,0.0,46.710657074314426,optimal
2021-02-07 15:30:00,10,87,0.0,0.0,0.0,0.3363,13.23,6.0,2,20.96061948711054,55.0,0.05333333333333334,0.0,0.0,0.0,0.0,46.59414618631575,optimal
2021-02-07 16:00:00,10,87,0.0,0.0,0.0,0.46823333333333333,11.382,6.0,2,20.915038596515792,55.0,0.050666666666666665,0.0,0.0,0.0,0.0,46.47775180920507,optimal
2021-02-07 16:30:00,10,87,0.0,0.0,0.0,0.1376,11.7495,6.0,2,20.841671869589682,55.0,0.050666666666666665,0.0,0.0,0.0,0.0,46.361473826471496,optimal
2021-02-07 17:00:00,10,87,0.0,0.0,0.0,0.2861,24.3285,6.0,2,20.766178703130137,55.0,0.05,0.0,0.0,0.0,0.0,46.24531212172066,optimal
2021-02-07 17:30:00,10,87,0.0,0.0,0.0,0.07440000000000001,28.917,6.0,2,20.66344961768525,55.0,0.05,0.0,0.0,0.0,0.0,46.129266578674574,optimal
2021-02-07 18:00:00,10,87,0.0,0.0,0.0,0.09409999999999999,31.3635,6.0,2,20.557435405985608,55.0,0.05,0.0,0.0,0.0,0.0,46.013337081171535,optimal
2021-02-07 18:30:00,10,87,0.0,0.0,0.0,0.27026666666666666,33.306,6.0,2,20.44190128842851,55.0,0.05,0.0,0.0,0.0,0.0,45.897523513166,optimal
2021-02-07 19:00:00,10,87,0.0,0.0,0.0,0.12346666666666668,31.3425,6.0,2,20.332205252370297,55.0,0.04933333333333333,0.0,0.0,0.0,0.0,45.781825758728466,optimal
2021-02-07 19:30:00,10,87,0.0,0.0,0.0,0.074,28.2555,6.0,2,20.22221219987173,55.0,0.04933333333333333,0.0,0.0,0.0,0.0,45.66624370204537,optimal
2021-02-07 20:00:00,10,87,0.0,0.0,0.0,0.2852,15.6975,6.0,2,20.109027771951116,55.0,0.04933333333333333,0.0,0.0,0.0,0.0,45.55077722741896,optimal
2021-02-07 20:30:00,10,87,0.0,0.0,0.0,0.19466666666666663,12.5475,6.0,2,20.0,55.0,0.04933333333333333,0.0,0.0,0.0,0.0,45.50522645019154,optimal
2021-02-07 21:00:00,10,87,0.0,0.0,0.0,0.3043666666666667,12.0855,6.0,2,19.895933776073587,55.0,0.04666666666666667,0.0,0.0,0.0,0.0,45.459721223741354,optimal
2021-02-07 21:30:00,10,87,0.0,0.0,0.0,0.3746666666666667,11.907,6.0,2,19.794472807146338,55.0,0.044,0.0,0.0,0.0,0.0,45.41426150251761,optimal
2021-02-07 22:00:00,10,87,0.0,0.0,0.0,0.4526,12.5685,6.0,2,19.694010436160806,55.0,0.043333333333333335,0.0,0.0,0.0,0.0,45.3688472410151,optimal
2021-02-07 22:30:00,10,87,0.0,0.0,0.0,0.3624,13.146,6.0,2,19.597896721080794,55.0,0.03866666666666667,0.0,0.0,0.0,0.0,45.32347839377408,optimal
2021-02-07 23:00:00,10,87,0.0,0.0,0.0,0.13340000000000002,10.584,6.0,2,19.501037276202766,55.0,0.03866666666666667,0.0,0.0,0.0,0.0,45.278154915380306,optimal
2021-02-07 23:30:00,10,87,0.0,0.0,0.0,0.22413333333333332,6.678,6.0,2,19.394786246095002,55.0,0.03866666666666667,0.0,0.0,0.0,0.0,45.232876760464926,optimal
2021-02-08 00:00:00,10,87,3.5714285714285716,0.0,0.0,0.06520000000000001,7.938,6.0,-1,19.394786246095002,55.0,0.03866666666666667,12500.0,0.0,0.0,0.0,45.18764388370446,optimal
2021-02-08 00:30:00,10,87,3.5714285714285716,0.0,0.0,0.2618333333333333,8.6835,6.0,-1,19.491531465953447,55.0,0.14533333333333334,1353.333333333334,0.0,11146.666666666666,0.0,45.14245623982075,optimal
2021-02-08 01:00:00,10,87,3.5714285714285716,0.0,0.0,0.127,7.665,6.0,-1,19.410674417485854,55.0,0.14533333333333334,12500.0,0.0,0.0,0.0,45.09731378358093,optimal
2021-02-08 01:30:00,10,87,3.5714285714285716,0.0,0.0,0.06,6.7725,6.0,-1,19.507253033177108,55.0,0.14533333333333334,12500.0,0.0,0.0,0.0,45.05221646979735,optimal
2021-02-08 02:00:00,10,87,3.5714285714285716,0.0,0.0,0.057,5.5755,6.0,-1,19.60189730766396,55.0,0.14533333333333334,12500.0,0.0,0.0,0.0,45.00716425332755,optimal
2021-02-08 02:30:00,10,87,3.5714285714285716,0.0,1.998897321281142,0.12,5.0925,6.0,-1,19.69565123789791,55.0,0.14533333333333334,12500.0,0.0,0.0,0.0,45.91163331668277,optimal
2021-02-08 03:00:00,10,87,3.5714285714285716,0.0,5.0,0.057,4.1895,6.0,-1,19.790167935217568,55.0,0.14533333333333334,12500.0,0.0,0.0,0.0,48.240721683366075,optimal
2021-02-08 03:30:00,10,87,3.5714285714285716,0.0,0.0,0.106,7.056,6.0,-1,19.883378523890144,55.0,0.14533333333333334,12500.0,0.0,0.0,0.0,48.192480961682705,optimal
2021-02-08 04:00:00,10,87,3.5714285714285716,0.0,0.0,0.071,5.271,6.0,-1,19.97651033012499,55.0,0.14533333333333334,12500.0,0.0,0.0,0.0,48.144288480721016,optimal
2021-02-08 04:30:00,10,87,3.5714285714285716,0.0,0.0,0.071,7.938,6.0,-1,20.06818771846561,55.0,0.14533333333333334,12500.0,0.0,0.0,0.0,48.096144192240295,optimal
2021-02-08 05:00:00,10,87,3.5714285714285716,0.0,0.0,0.2201,7.938,6.0,-1,20.158685254636296,55.0,0.14466666666666667,12500.0,0.0,0.0,0.0,48.048048048048045,optimal
2021-02-08 05:30:00,10,87,3.5714285714285716,0.0,0.0,0.2445,11.907,6.0,-1,20.250796844904993,55.0,0.14333333333333334,12500.0,0.0,0.0,0.0,48.0,optimal
2021-02-08 06:00:00,10,87,3.5714285714285716,0.0,0.0,0.24553333333333333,11.025,6.0,-1,20.344945376629845,55.0,0.116,12500.0,0.0,0.0,0.0,47.86210898672326,optimal
2021-02-08 06:30:00,10,87,3.5714285714285716,0.0,0.0,0.237,11.2875,6.0,-1,20.437737533290775,55.0,0.11533333333333333,12500.0,0.0,0.0,0.0,47.724355864459795,optimal
2021-02-08 07:00:00,10,87,0.0,0.0,0.0,0.22733333333333328,12.936,6.0,-1,20.53016624530459,55.0,0.11133333333333334,0.0,0.0,0.0,0.0,47.586740495318594,optimal
2021-02-08 07:30:00,10,87,0.05941363765981862,0.0,0.0,0.067,13.0095,6.0,-1,20.419062679495504,55.0,0.09,207.94773180936517,0.0,0.0,0.0,47.449262741546534,optimal
2021-02-08 08:00:00,10,87,0.0,0.0,0.0,0.13,13.671,6.0,-1,20.309350519109106,55.0,0.038,0.0,0.0,0.0,0.0,47.31192246552825,optimal
2021-02-08 08:30:00,10,87,0.0,0.0,0.0,0.19633333333333328,13.188,6.0,-1,20.199130469512532,55.0,0.03666666666666667,0.0,0.0,0.0,0.0,47.17471952978598,optimal
2021-02-08 09:00:00,10,87,0.0,0.0,0.0,0.18416666666666662,13.8495,6.0,-1,20.090445012782514,55.0,0.034,0.0,0.0,0.0,0.0,47.037653796979455,optimal
2021-02-08 09:30:00,10,87,2.5522649781821105,0.0,0.0,0.0775,13.23,6.0,-1,20.0,55.0,0.03133333333333333,8932.927423637388,0.0,0.0,0.0,46.90072512990574,optimal
2021-02-08 10:00:00,10,87,0.0,0.0,0.0,0.2099333333333333,13.3665,6.0,-1,20.05658040983662,55.0,0.030666666666666665,0.0,0.0,0.0,0.0,46.76393339149909,optimal
2021-02-08 10:30:00,10,87,2.0281828213588664,0.0,0.0,0.194,13.0515,6.0,-1,20.0,55.0,0.028306666666666667,7098.6398747560315,0.0,0.0,0.0,46.62727844483085,optimal
2021-02-08 11:00:00,10,87,0.0,0.0,0.0,0.39866666666666667,13.5345,6.0,-1,20.05967739251092,55.0,0.020666666666666667,0.0,0.0,0.0,0.0,46.49076015310928,optimal
2021-02-08 11:30:00,10,87,0.0,0.0,0.0,0.13363333333333333,14.154,6.0,-1,20.041726932508716,55.0,0.020666666666666667,0.0,0.0,0.0,0.0,46.354378379679424,optimal
2021-02-08 12:00:00,10,87,0.0,0.0,0.0,0.24096666666666666,14.112,6.0,-1,20.018194740936412,55.0,0.020666666666666667,0.0,0.0,0.0,0.0,46.218132988023,optimal
2021-02-08 12:30:00,10,87,0.0,0.0,0.0,0.2236,14.2485,6.0,-1,20.00859453699416,55.0,0.017333333333333333,0.0,0.0,0.0,0.0,46.082023841758236,optimal
2021-02-08 13:00:00,10,87,0.4317885732498867,0.0,0.0,0.22619999999999998,12.789,6.0,-1,20.0,55.0,0.016666666666666666,1511.2600063746033,0.0,0.0,0.0,45.94605080463974,optimal
2021-02-08 13:30:00,10,87,0.0,0.0,0.0,0.2415,13.0095,6.0,-1,20.01347917085762,55.0,0.016666666666666666,0.0,0.0,0.0,0.0,45.81021374055836,optimal
2021-02-08 14:00:00,10,87,3.5714285714285716,0.0,0.0,0.13319999999999999,12.1275,6.0,-1,20.003133690687278,55.0,0.016666666666666666,12500.0,0.0,0.0,0.0,45.67451251354106,optimal
2021-02-08 14:30:00,10,87,3.5714285714285716,0.0,0.0,0.1881,12.348,6.0,-1,20.197818572051318,55.0,0.016666666666666666,12500.0,0.0,0.0,0.0,45.538946987750776,optimal
2021-02-08 15:00:00,10,87,3.5714285714285716,0.0,0.0,0.2145,12.348,6.0,-1,20.39019447271002,55.0,0.016666666666666666,12500.0,0.0,0.0,0.0,45.40351702748629,optimal
2021-02-08 15:30:00,10,87,0.0,0.0,0.0,0.2285,25.389,6.0,-1,20.55645668402596,55.0,0.014666666666666666,0.0,0.0,0.0,0.0,45.26822249718206,optimal
2021-02-08 16:00:00,10,87,0.0,0.0,0.0,0.40426666666666666,29.1375,6.0,-1,20.516775648410945,55.0,0.014666666666666666,0.0,0.0,0.0,0.0,45.13306326140813,optimal
2021-02-08 16:30:00,10,87,0.0,0.0,0.0,0.278,30.597,6.0,-1,20.45017121345156,55.0,0.012666666666666666,0.0,0.0,0.0,0.0,44.99803918486998,optimal
2021-02-08 17:00:00,10,87,0.0,0.0,0.0,0.30019999999999997,33.684,6.0,-1,20.38852898428342,55.0,0.006,0.0,0.0,0.0,0.0,44.86315013240837,optimal
2021-02-08 17:30:00,10,87,0.0,0.0,0.0,1.1571,32.445,6.0,-1,20.296055437818318,55.0,0.006,0.0,0.0,0.0,0.0,44.72839596899922,optimal
2021-02-08 18:00:00,10,87,0.0,0.0,0.0,0.40493333333333326,28.917,6.0,-1,20.214743736164127,55.0,0.002,0.0,0.0,0.0,0.0,44.59377655975348,optimal
2021-02-08 18:30:00,10,87,0.0,0.0,0.0,1.0939666666666668,15.876,6.0,-1,20.107198556471204,55.0,0.002,0.0,0.0,0.0,0.0,44.45929176991699,optimal
2021-02-08 19:00:00,10,87,1.8171973360480715,0.0,0.0,0.3228333333333333,12.348,6.0,-1,20.0,55.0,0.002,6360.19067616825,0.0,0.0,0.0,44.41483247814707,optimal
2021-02-08 19:30:00,10,87,3.5714285714285716,0.0,0.0,0.36373333333333335,12.1275,6.0,-1,20.0,55.0,0.002,12500.0,0.0,0.0,0.0,44.37041764566892,optimal
2021-02-08 20:00:00,10,87,0.15078951277906655,0.0,0.0,0.19516666666666663,12.348,6.0,-1,20.10014731478591,55.0,0.002,527.7632947267329,0.0,0.0,0.0,44.326047228023256,optimal
2021-02-08 20:30:00,10,87,0.0,0.0,0.0,0.10723333333333332,12.1275,6.0,-1,20.0,55.0,0.002,0.0,0.0,0.0,0.0,44.28172118079523,optimal
2021-02-08 21:00:00,10,87,0.0,0.0,0.0,0.2528,12.1275,6.0,-1,19.89070626917071,55.0,0.0,0.0,0.0,0.0,0.0,44.237439459614436,optimal
2021-02-08 21:30:00,10,87,0.0,0.0,0.0,0.15833333333333335,11.2665,6.0,-1,19.781695275871495,55.0,0.0,0.0,0.0,0.0,0.0,44.19320202015482,optimal
2021-02-08 22:00:00,10,87,0.0199047619047619,0.0,0.0,0.4156,10.143,6.0,-1,19.67333388285414,55.0,0.0006666666666666665,0.0,0.0,69.66666666666666,0.0,44.14900881813467,optimal
2021-02-08 22:30:00,10,87,0.0,0.0,0.0,1.7538,11.2455,6.0,-1,19.571711356082883,55.0,0.0006666666666666665,0.0,0.0,0.0,0.0,44.10485980931653,optimal
2021-02-08 23:00:00,10,87,0.0,0.0,0.0,0.3521,11.025,6.0,-1,19.47392322983215,55.0,0.0,0.0,0.0,0.0,0.0,44.06075494950721,optimal
2021-02-08 23:30:00,10,87,0.0,0.0,0.0,0.20696666666666666,5.9745,6.0,-1,19.370030299072393,55.0,0.0,0.0,0.0,0.0,0.0,44.01669419455771,optimal
2021-02-09 00:00:00,10,87,3.5714285714285716,0.0,0.0,0.06533333333333333,11.823,6.0,-3,19.370030299072393,55.0,0.0,12500.0,0.0,0.0,0.0,43.97267750036315,optimal
2021-02-09 00:30:00,10,87,3.5714285714285716,0.0,0.0,0.09026666666666668,11.7705,6.0,-3,19.46036577546317,55.0,0.10066666666666667,1980.333333333334,0.0,10519.666666666666,0.0,43.928704822862784,optimal
2021-02-09 01:00:00,10,87,3.5714285714285716,0.0,0.0,0.1772,11.13,6.0,-3,19.378502358698665,55.0,0.10066666666666667,12500.0,0.0,0.0,0.0,43.88477611803992,optimal
2021-02-09 01:30:00,10,87,3.5714285714285716,0.0,0.0,0.1015,11.6865,6.0,-3,19.471141036089875,55.0,0.10066666666666667,12500.0,0.0,0.0,0.0,43.84089134192188,optimal
2021-02-09 02:00:00,10,87,3.5714285714285716,0.0,4.650370927971129,0.2557,10.7205,6.0,-3,19.56135379759312,55.0,0.10066666666666667,12500.0,0.0,0.0,0.0,46.005976641366246,optimal
2021-02-09 02:30:00,10,87,3.5714285714285716,0.0,0.0,0.071,11.424,6.0,-3,19.65292188616631,55.0,0.10066666666666667,12500.0,0.0,0.0,0.0,45.95997066472487,optimal
2021-02-09 03:00:00,10,87,3.5714285714285716,0.0,5.0,0.1713,10.689,6.0,-3,19.741208279643434,55.0,0.10066666666666667,12500.0,0.0,0.0,0.0,48.289010694060146,optimal
2021-02-09 03:30:00,10,87,3.5714285714285716,0.0,0.0,0.1859,11.361,6.0,-3,19.83090215810016,55.0,0.10066666666666667,12500.0,0.0,0.0,0.0,48.240721683366075,optimal
2021-02-09 04:00:00,10,87,3.5714285714285716,0.0,0.0,0.1182,11.571,6.0,-3,19.920898657750996,55.0,0.10066666666666667,12500.0,0.0,0.0,0.0,48.192480961682705,optimal
2021-02-09 04:30:00,10,87,3.5714285714285716,0.0,0.0,0.1536,14.3745,6.0,-3,20.00984764550079,55.0,0.10066666666666667,12500.0,0.0,0.0,0.0,48.144288480721016,optimal
2021-02-09 05:00:00,10,87,3.5714285714285716,0.0,0.0,0.1564,13.23,6.0,-3,20.09821351194629,55.0,0.10066666666666667,12500.0,0.0,0.0,0.0,48.096144192240295,optimal
2021-02-09 05:30:00,10,87,3.5714285714285716,0.0,0.0,0.071,13.9755,6.0,-3,20.185465780663826,55.0,0.10066666666666667,12500.0,0.0,0.0,0.0,48.048048048048045,optimal
2021-02-09 06:00:00,10,87,1.6730619290232411,0.0,0.0,0.23063333333333333,14.994,6.0,-3,20.2707819204979,55.0,0.09533333333333334,5855.716751581344,0.0,0.0,0.0,48.0,optimal
2021-02-09 06:30:00,10,87,3.5714285714285716,0.0,0.0,0.13646666666666668,13.671,6.0,-3,20.250321812282248,55.0,0.076,12500.0,0.0,0.0,0.0,47.051461646181615,optimal
2021-02-09 07:00:00,10,87,0.0,0.0,0.0,0.082,15.981,6.0,-3,20.338968678578606,55.0,0.07266666666666667,0.0,0.0,0.0,0.0,46.10387183071705,optimal
2021-02-09 07:30:00,10,87,0.0,0.0,0.0,0.10556666666666667,15.6345,6.0,-3,20.22240605421812,55.0,0.07266666666666667,0.0,0.0,0.0,0.0,45.15722960506795,optimal
2021-02-09 08:00:00,10,87,0.0,0.0,0.0,1.6450333333333333,16.5375,6.0,-3,20.10635876173489,55.0,0.038,0.0,0.0,0.0,0.0,44.211534021644496,optimal
2021-02-09 08:30:00,10,87,3.539905708015903,0.0,0.0,0.9925,14.7735,6.0,-3,20.0,55.0,0.036,12389.66997805566,0.0,0.0,0.0,43.26678413380447,optimal
2021-02-09 09:00:00,10,87,0.0,0.0,0.0,0.2429,15.2145,6.0,-3,20.08980423759669,55.0,0.036,0.0,0.0,0.0,0.0,42.32297899585228,optimal
2021-02-09 09:30:00,10,87,1.5733733555794656,0.0,0.0,1.2233,14.553,6.0,-3,20.0,55.0,0.022,5506.8067445281295,0.0,0.0,0.0,41.38011766303804,optimal
2021-02-09 10:00:00,10,87,1.4932883084339572,0.0,0.0,1.3111,14.3325,6.0,-3,20.0,55.0,0.0006666666666666665,5226.50907951885,0.0,0.0,0.0,41.338737545375004,optimal
2021-02-09 10:30:00,10,87,0.0,0.0,0.0,2.9354333333333336,14.595,6.0,-3,20.035672713865083,55.0,0.0006666666666666665,0.0,0.0,0.0,0.0,41.29739880782963,optimal
2021-02-09 11:00:00,10,87,0.0,0.0,0.0,2.7405999999999997,14.994,6.0,-3,20.0015818160139,55.0,0.0,0.0,0.0,0.0,0.0,41.2561014090218,optimal
2021-02-09 11:30:00,10,87,0.21452425738047146,0.0,0.0,0.4080666666666667,14.3325,6.0,-3,20.0,55.0,0.0,750.8349008316501,0.0,0.0,0.0,41.214845307612784,optimal
2021-02-09 12:00:00,10,87,0.09952380952380951,0.0,0.0,0.24769999999999998,13.8915,6.0,-3,20.0,55.0,0.0,0.0,0.0,348.3333333333333,0.0,41.17363046230517,optimal
2021-02-09 12:30:00,10,87,0.0398095238095238,0.0,0.0,0.32056666666666667,13.8915,6.0,-3,20.012122055734533,55.0,0.0,0.0,0.0,139.33333333333331,0.0,41.132456831842866,optimal
2021-02-09 13:00:00,10,87,3.5714285714285716,0.0,0.0,0.3634,13.4715,6.0,-3,20.023250662002138,55.0,0.027333333333333334,9643.666666666666,0.0,2856.3333333333335,0.0,41.09132437501102,optimal
2021-02-09 13:30:00,10,87,3.5714285714285716,0.0,0.0,0.3028333333333333,13.23,6.0,-3,20.198044137829505,55.0,0.027333333333333334,12500.0,0.0,0.0,0.0,41.05023305063601,optimal
2021-02-09 14:00:00,10,87,0.0,0.0,0.0,0.313,13.8915,6.0,-3,20.417384121000556,55.0,0.02666666666666667,0.0,0.0,0.0,0.0,41.009182817585376,optimal
2021-02-09 14:30:00,10,87,0.0,0.0,0.0,1.3719333333333334,26.9325,6.0,-3,20.42253840429311,55.0,0.02266666666666667,0.0,0.0,0.0,0.0,40.968173634767794,optimal
2021-02-09 15:00:00,10,87,0.0,0.0,0.0,1.0363,30.303,6.0,-3,20.44261999036556,55.0,0.02,0.0,0.0,0.0,0.0,40.92720546113303,optimal
2021-02-09 15:30:00,10,87,0.0,0.0,0.0,3.353,32.886,6.0,-3,20.4299940474584,55.0,0.018666666666666668,0.0,0.0,0.0,0.0,40.8862782556719,optimal
2021-02-09 16:00:00,10,87,0.0,0.0,0.0,1.0527666666666669,34.9965,6.0,-3,20.418688753956612,55.0,0.018666666666666668,0.0,0.0,0.0,0.0,40.84539197741623,optimal
2021-02-09 16:30:00,10,87,0.0,0.0,0.0,0.3773,33.327,6.0,-3,20.369590441958678,55.0,0.013333333333333334,0.0,0.0,0.0,0.0,40.804546585438814,optimal
2021-02-09 17:00:00,10,87,0.0,0.0,0.0,2.1845333333333334,31.122,6.0,-3,20.316647313132606,55.0,0.005333333333333333,0.0,0.0,0.0,0.0,40.76374203885337,optimal
2021-02-09 17:30:00,10,87,0.0,0.0,0.0,0.6901,17.9025,6.0,-3,20.231844565076337,55.0,0.002,0.0,0.0,0.0,0.0,40.72297829681452,optimal
2021-02-09 18:00:00,10,87,0.0,0.0,0.0,0.6297666666666667,15.6555,6.0,-3,20.147333476256925,55.0,0.0,0.0,0.0,0.0,0.0,40.682255318517704,optimal
2021-02-09 18:30:00,10,87,0.8661606878394166,0.0,0.0,2.2985,14.553,6.0,-3,20.047633519260298,55.0,0.0,3031.562407437958,0.0,0.0,0.0,40.64157306319919,optimal
2021-02-09 19:00:00,10,87,1.6803173438747674,0.0,0.0,0.8264666666666667,14.3325,6.0,-3,20.0,55.0,0.0,5881.110703561686,0.0,0.0,0.0,40.60093149013599,optimal
2021-02-09 19:30:00,10,87,1.8350354391128851,0.0,0.0,1.4473666666666665,13.335,6.0,-3,20.0,55.0,0.0,6352.957370228431,0.0,69.66666666666666,0.0,40.56033055864586,optimal
2021-02-09 20:00:00,10,87,1.813989724827173,0.0,0.0,1.3285666666666667,12.1275,6.0,-3,20.0,55.0,0.001333333333333333,6070.297370228438,0.0,278.66666666666663,0.0,40.51977022808721,optimal
2021-02-09 20:30:00,10,87,0.0,0.0,0.0,0.8007666666666666,12.2955,6.0,-3,20.0,55.0,0.0,0.0,0.0,0.0,0.0,40.47925045785912,optimal
2021-02-09 21:00:00,10,87,0.0,0.0,0.0,0.4663,11.6865,6.0,-3,19.904959489641776,55.0,0.0,0.0,0.0,0.0,0.0,40.43877120740127,optimal
2021-02-09 21:30:00,10,87,0.0,0.0,0.0,0.4298,11.466,6.0,-3,19.802500541763067,55.0,0.0,0.0,0.0,0.0,0.0,40.39833243619387,optimal
2021-02-09 22:00:00,10,87,0.0,0.0,0.0,0.41313333333333335,10.8045,6.0,-3,19.699344533019516,55.0,0.0,0.0,0.0,0.0,0.0,40.35793410375767,optimal
2021-02-09 22:30:00,10,87,0.0,0.0,0.0,0.3097,10.584,6.0,-3,19.593693145603076,55.0,0.0,0.0,0.0,0.0,0.0,40.31757616965391,optimal
2021-02-09 23:00:00,10,87,0.0,0.0,0.0,0.308,11.2455,6.0,-3,19.487749879664957,55.0,0.0,0.0,0.0,0.0,0.0,40.277258593484255,optimal
2021-02-09 23:30:00,10,87,0.0,0.0,0.0,0.13,12.1275,6.0,-3,19.378296846976703,55.0,0.0,0.0,0.0,0.0,0.0,40.23698133489077,optimal
2021-02-10 00:00:00,10,87,3.5714285714285716,0.0,0.0,0.07266666666666667,11.508,6.0,-1,19.378296846976703,55.0,0.0,12500.0,0.0,0.0,0.0,40.19674435355588,optimal
2021-02-10 00:30:00,10,87,3.5714285714285716,0.0,0.0,0.07133333333333333,11.508,6.0,-1,19.467410973010086,55.0,0.11961722488038277,0.0,0.0,12500.0,0.0,40.15654760920232,optimal
2021-02-10 01:00:00,10,87,3.5714285714285716,0.0,0.0,0.09673333333333332,11.508,6.0,-1,19.350581204198257,55.0,0.12533333333333332,11902.666666666666,0.0,597.3333333333334,0.0,40.11639106159312,optimal
2021-02-10 01:30:00,10,87,3.5714285714285716,0.0,0.0,0.2008,11.844,6.0,-1,19.429336207950602,55.0,0.12533333333333332,12500.0,0.0,0.0,0.0,40.076274670531525,optimal
2021-02-10 02:00:00,10,87,3.5714285714285716,0.0,0.0,0.06766666666666667,11.508,6.0,-1,19.518481507351517,55.0,0.12533333333333332,12500.0,0.0,0.0,0.0,40.03619839586099,optimal
2021-02-10 02:30:00,10,87,3.5714285714285716,0.0,0.0,0.10673333333333332,11.508,6.0,-1,19.604270577418614,55.0,0.12533333333333332,12500.0,0.0,0.0,0.0,39.99616219746513,optimal
2021-02-10 03:00:00,10,87,3.5714285714285716,0.0,5.0,0.20113333333333333,10.4475,6.0,-1,19.690018683851747,55.0,0.12533333333333332,12500.0,0.0,0.0,0.0,42.331166035267664,optimal
2021-02-10 03:30:00,10,87,3.5714285714285716,0.0,5.0,0.067,10.8675,6.0,-1,19.776943836131863,55.0,0.12533333333333332,12500.0,0.0,0.0,0.0,44.663834869232396,optimal
2021-02-10 04:00:00,10,87,3.5714285714285716,0.0,5.0,0.07443333333333334,10.542,6.0,-1,19.861141965597692,55.0,0.12533333333333332,12500.0,0.0,0.0,0.0,46.99417103436316,optimal
2021-02-10 04:30:00,10,87,3.5714285714285716,0.0,0.0,0.22676666666666667,11.025,6.0,-1,19.94494359711513,55.0,0.12466666666666666,12500.0,0.0,0.0,0.0,46.9471768633288,optimal
2021-02-10 05:00:00,10,87,3.5714285714285716,0.0,2.7205290004573466,0.067,11.025,6.0,-1,20.030382478118874,55.0,0.12466666666666666,12500.0,0.0,0.0,0.0,48.192480961682705,optimal
2021-02-10 05:30:00,10,87,3.5714285714285716,0.0,0.0,0.11159999999999999,14.553,6.0,-1,20.11178950859118,55.0,0.12466666666666666,12500.0,0.0,0.0,0.0,48.144288480721016,optimal
2021-02-10 06:00:00,10,87,3.5714285714285716,0.0,0.0,0.1859333333333333,13.0935,6.0,-1,20.19281055951716,55.0,0.12466666666666666,12500.0,0.0,0.0,0.0,48.096144192240295,optimal
2021-02-10 06:30:00,10,87,3.5714285714285716,0.0,0.0,0.067,15.6345,6.0,-1,20.27393510969093,55.0,0.12466666666666666,12500.0,0.0,0.0,0.0,48.048048048048045,optimal
2021-02-10 07:00:00,10,87,0.0,0.0,0.0,0.22853333333333334,18.102,6.0,-1,20.353842974803467,55.0,0.12133333333333333,0.0,0.0,0.0,0.0,48.0,optimal
2021-02-10 07:30:00,10,87,3.5714285714285716,0.0,0.0,1.304266666666667,17.199,6.0,-1,20.235731307987727,55.0,0.11897333333333333,12500.0,0.0,0.0,0.0,47.79744750989827,optimal
2021-02-10 08:00:00,10,87,0.0,0.0,0.0,0.7098666666666666,18.2805,6.0,-1,20.32599700877032,55.0,0.11666666666666667,0.0,0.0,0.0,0.0,47.59509757228664,optimal
2021-02-10 08:30:00,10,87,0.05944805626656842,0.0,0.0,0.8483333333333334,17.4615,6.0,-1,20.208408740387114,55.0,0.11666666666666667,208.06819693298948,0.0,0.0,0.0,47.39294998461263,optimal
2021-02-10 09:00:00,10,87,0.0,0.0,0.0,0.09673333333333332,18.3225,6.0,-1,20.098916592145063,55.0,0.11666666666666667,0.0,0.0,0.0,0.0,47.19100454452629,optimal
2021-02-10 09:30:00,10,87,1.68667763053373,0.0,0.0,0.11903333333333331,17.094,6.0,-1,20.0,55.0,0.11666666666666667,5903.371706868055,0.0,0.0,0.0,46.98926104988003,optimal
2021-02-10 10:00:00,10,87,0.9906707652965403,0.0,0.0,0.1785,17.094,6.0,-1,20.0,55.0,0.11666666666666667,3467.3476785378907,0.0,0.0,0.0,46.78771929872842,optimal
2021-02-10 10:30:00,10,87,1.5090503544355771,0.0,0.0,0.067,17.094,6.0,-1,20.0,55.0,0.11666666666666667,5281.67624052452,0.0,0.0,0.0,46.58637908932796,optimal
2021-02-10 11:00:00,10,87,0.0,0.0,0.0,0.1933666666666667,17.3565,6.0,-1,20.028819705112845,55.0,0.11666666666666667,0.0,0.0,0.0,0.0,46.38524022013691,optimal
2021-02-10 11:30:00,10,87,0.48809143863371707,0.0,0.0,0.14683333333333334,17.115,6.0,-1,20.0,55.0,0.11666666666666667,1708.3200352180097,0.0,0.0,0.0,46.18430248981504,optimal
2021-02-10 12:00:00,10,87,0.0,0.0,0.0,0.067,17.241,6.0,-1,20.0,55.0,0.11666666666666667,0.0,0.0,0.0,0.0,45.9835656972235,optimal
2021-02-10 12:30:00,10,87,1.763506814207562,0.0,0.0,0.067,17.094,6.0,-1,20.004210268943144,55.0,0.11666666666666667,6172.273849726467,0.0,0.0,0.0,45.78302964142455,optimal
2021-02-10 13:00:00,10,87,3.5714285714285716,0.0,0.0,2.399633333333333,16.5165,6.0,-1,20.109511192500257,55.0,0.11533333333333333,12500.0,0.0,0.0,0.0,45.58269412168139,optimal
2021-02-10 13:30:00,10,87,0.0,0.0,0.0,2.6549666666666667,17.8185,6.0,-1,20.323145410588236,55.0,0.11533333333333333,0.0,0.0,0.0,0.0,45.38255893745798,optimal
2021-02-10 14:00:00,10,87,3.5714285714285716,0.0,0.0,0.5959666666666666,17.094,6.0,-1,20.33280009589228,55.0,0.11133333333333334,12500.0,0.0,0.0,0.0,45.182623888418796,optimal
2021-02-10 14:30:00,10,87,3.5714285714285716,0.0,0.0,0.22130000000000002,16.8945,6.0,-1,20.54018654507212,55.0,0.10733333333333334,12500.0,0.0,0.0,0.0,45.13744126453037,optimal
2021-02-10 15:00:00,10,87,0.0,0.0,0.0,0.36410000000000003,18.123,6.0,-1,20.745789029341292,55.0,0.10733333333333334,0.0,0.0,0.0,0.0,45.092303823265844,optimal
2021-02-10 15:30:00,10,87,0.0,0.0,0.0,1.6078333333333332,31.647,6.0,-1,20.725893371865492,55.0,0.10733333333333334,0.0,0.0,0.0,0.0,45.04721151944258,optimal
2021-02-10 16:00:00,10,87,0.0,0.0,0.0,0.436,34.9965,6.0,-1,20.711968801582447,55.0,0.084,0.0,0.0,0.0,0.0,45.00216430792313,optimal
2021-02-10 16:30:00,10,87,0.0,0.0,0.0,0.4532333333333333,34.9965,6.0,-1,20.658284185692462,55.0,0.08133333333333333,0.0,0.0,0.0,0.0,44.95716214361521,optimal
2021-02-10 17:00:00,10,87,0.0,0.0,0.0,0.2965,34.9965,6.0,-1,20.606666662959185,55.0,0.08,0.0,0.0,0.0,0.0,44.91220498147159,optimal
2021-02-10 17:30:00,10,87,0.0,0.0,0.0,0.30693333333333334,34.9965,6.0,-1,20.51324053784654,55.0,0.029333333333333333,0.0,0.0,0.0,0.0,44.86729277649012,optimal
2021-02-10 18:00:00,10,87,0.0,0.0,0.0,0.48886666666666667,34.9965,6.0,-1,20.42227269820247,55.0,0.027333333333333334,0.0,0.0,0.0,0.0,44.82242548371363,optimal
2021-02-10 18:30:00,10,87,0.0,0.0,0.0,0.381,27.741,6.0,-1,20.321282512043954,55.0,0.021159999999999998,0.0,0.0,0.0,0.0,44.777603058229914,optimal
2021-02-10 19:00:00,10,87,0.0,0.0,0.0,0.4330333333333334,19.026,6.0,-1,20.212900354629863,55.0,0.005333333333333332,0.0,0.0,0.0,0.0,44.732825455171685,optimal
2021-02-10 19:30:00,10,87,0.0,0.0,0.0,0.48569999999999997,18.7215,6.0,-1,20.102800168174344,55.0,0.005333333333333332,0.0,0.0,0.0,0.0,44.688092629716515,optimal
2021-02-10 20:00:00,10,87,1.9877191860231025,0.0,0.0,0.3782,17.4195,6.0,-1,20.0,55.0,0.0,6957.017151080859,0.0,0.0,0.0,44.643404537086795,optimal
2021-02-10 20:30:00,10,87,0.0,0.0,0.0,0.6316,16.758,6.0,-1,20.0,55.0,0.0,0.0,0.0,0.0,0.0,44.59876113254971,optimal
2021-02-10 21:00:00,10,87,0.0,0.0,0.0,0.9690333333333332,14.217,6.0,-1,19.893394293363823,55.0,0.0,0.0,0.0,0.0,0.0,44.55416237141716,optimal
2021-02-10 21:30:00,10,87,0.09952380952380951,0.0,0.0,1.9972999999999999,13.3665,6.0,-1,19.791496916741263,55.0,0.0,0.0,0.0,348.3333333333333,0.0,44.509608209045744,optimal
2021-02-10 22:00:00,10,87,0.0,0.0,0.0,0.5560333333333333,12.789,6.0,-1,19.68995841963141,55.0,0.0,0.0,0.0,0.0,0.0,44.4650986008367,optimal
2021-02-10 22:30:00,10,87,0.4976190476190476,0.0,0.0,0.45339999999999997,11.907,6.0,-1,19.563461984602824,55.0,0.0,0.0,0.0,1741.6666666666667,0.0,44.42063350223586,optimal
2021-02-10 23:00:00,10,87,0.0,0.0,0.0,0.3571333333333333,11.7075,6.0,-1,19.43522184575576,55.0,0.0,0.0,0.0,0.0,0.0,44.376212868733624,optimal
2021-02-10 23:30:00,10,87,0.0199047619047619,0.0,0.0,0.3588,10.8045,6.0,-1,19.303440120919873,55.0,0.0,0.0,0.0,69.66666666666666,0.0,44.33183665586489,optimal
2021-02-11 00:00:00,10,87,3.5714285714285716,0.0,0.0,0.18359999999999999,12.0855,6.0,-1,19.303440120919873,55.0,0.0,12500.0,0.0,0.0,0.0,44.287504819209026,optimal
2021-02-11 00:30:00,10,87,3.571428571428572,0.0,0.0,0.056,11.6865,6.0,-1,19.36970770042617,55.0,0.014648883729296548,10969.191650288512,0.0,1530.8083497114894,0.0,44.24321731438982,optimal
2021-02-11 01:00:00,10,87,3.5714285714285716,0.0,0.0,0.0676,11.2245,6.0,-1,19.40901423153385,55.0,0.014648883729296548,12500.0,0.0,0.0,0.0,44.19897409707543,optimal
2021-02-11 01:30:00,10,87,3.5714285714285716,0.0,0.0,0.172,11.025,6.0,-1,19.473962684002757,55.0,0.014648883729296548,12500.0,0.0,0.0,0.0,44.15477512297835,optimal
2021-02-11 02:00:00,10,87,3.5714285714285716,0.0,0.0,0.056,10.7835,6.0,-1,19.540221673431244,55.0,0.014648883729296548,12500.0,0.0,0.0,0.0,44.110620347855374,optimal
2021-02-11 02:30:00,10,87,3.5714285714285716,0.0,0.0,0.1024,11.025,6.0,-1,19.60417245513533,55.0,0.014648883729296548,12500.0,0.0,0.0,0.0,44.066509727507515,optimal
2021-02-11 03:00:00,10,87,3.5714285714285716,0.0,4.4820661555803705,0.1372,10.584,6.0,-1,19.66787419588782,55.0,0.014648883729296548,12500.0,0.0,0.0,0.0,46.15142464168068,optimal
2021-02-11 03:30:00,10,87,3.5714285714285716,0.0,0.0,0.056,11.025,6.0,-1,19.73113839296339,55.0,0.014648883729296548,12500.0,0.0,0.0,0.0,46.10527321703899,optimal
2021-02-11 04:00:00,10,87,3.5714285714285716,0.0,5.0,0.18359999999999999,10.4265,6.0,-1,19.794221775029172,55.0,0.014648883729296548,12500.0,0.0,0.0,0.0,48.434167943821954,optimal
2021-02-11 04:30:00,10,87,3.5714285714285716,0.0,0.0,0.056,12.789,6.0,-1,19.860546097198206,55.0,0.014648883729296548,12500.0,0.0,0.0,0.0,48.38573377587813,optimal
2021-02-11 05:00:00,10,87,3.5714285714285716,0.0,0.0,0.056,12.684,6.0,-1,19.924371773819782,55.0,0.014648883729296548,12500.0,0.0,0.0,0.0,48.33734804210225,optimal
2021-02-11 05:30:00,10,87,3.5714285714285716,0.0,0.0,0.16040000000000001,16.254,6.0,-1,19.98780457748065,55.0,0.014648883729296548,12500.0,0.0,0.0,0.0,48.289010694060146,optimal
2021-02-11 06:00:00,10,87,3.5714285714285716,0.0,0.0,0.0792,17.64,6.0,-1,20.05409609906592,55.0,0.014648883729296548,12500.0,0.0,0.0,0.0,48.240721683366075,optimal
2021-02-11 06:30:00,10,87,3.5714285714285716,0.0,0.0,0.11933333333333332,19.1625,6.0,-1,20.12018817122957,55.0,0.014648883729296548,12500.0,0.0,0.0,0.0,48.192480961682705,optimal
2021-02-11 07:00:00,10,87,0.0,0.0,0.0,0.14386666666666667,26.46,6.0,-1,20.18798237839893,55.0,0.011315550395963216,0.0,0.0,0.0,0.0,48.144288480721016,optimal
2021-02-11 07:30:00,10,87,3.5714285714285716,0.0,0.0,0.16086666666666669,20.79,6.0,-1,20.052951632975372,55.0,0.009982217062629882,12500.0,0.0,0.0,0.0,48.096144192240295,optimal
2021-02-11 08:00:00,10,87,0.0,0.0,0.0,0.2085,29.106,6.0,-1,20.127047864720346,55.0,0.0006488837292965488,0.0,0.0,0.0,0.0,48.048048048048045,optimal
2021-02-11 08:30:00,10,87,3.5714285714285716,0.0,0.0,0.09409999999999999,19.1835,6.0,-1,20.0,55.0,0.0,11871.141683044823,0.0,628.8583169551773,0.0,48.0,optimal
2021-02-11 09:00:00,10,87,0.7556168080919896,0.0,0.0,0.07883333333333332,19.6665,6.0,-1,20.065629487108705,55.0,0.0,2644.6588283219635,0.0,0.0,0.0,47.85286346617351,optimal
2021-02-11 09:30:00,10,87,1.732125887927191,0.0,0.0,0.1936,19.404,6.0,-1,20.0,55.0,0.0,6062.440607745169,0.0,0.0,0.0,47.705874068880846,optimal
2021-02-11 10:00:00,10,87,0.8219830361967427,0.0,0.0,0.056,19.047,6.0,-1,20.0,55.0,0.0,2876.9406266886,0.0,0.0,0.0,47.559031660985475,optimal
2021-02-11 10:30:00,10,87,1.194098253187303,0.0,0.0,0.0792,18.858,6.0,-1,20.0,55.0,0.0,4179.3438861555605,0.0,0.0,0.0,47.412336095498,optimal
2021-02-11 11:00:00,10,87,0.0,0.0,0.0,0.1607333333333333,19.2675,6.0,-1,20.018023300138285,55.0,0.0,0.0,0.0,0.0,0.0,47.26578722557601,optimal
2021-02-11 11:30:00,10,87,0.2617118549150486,0.0,0.0,0.066,18.963,6.0,-1,20.0,55.0,0.0,915.9914922026701,0.0,0.0,0.0,47.11938490452395,optimal
2021-02-11 12:00:00,10,87,0.0,0.0,0.0,0.05966666666666666,18.438,6.0,-1,20.0,55.0,0.0,0.0,0.0,0.0,0.0,46.97312898579293,optimal
2021-02-11 12:30:00,10,87,0.0,0.0,0.0,0.14880000000000002,18.7425,6.0,-1,20.016483557070433,55.0,0.0,0.0,0.0,0.0,0.0,46.827019322980654,optimal
2021-02-11 13:00:00,10,87,3.5714285714285716,0.0,0.0,0.09113333333333334,15.2145,6.0,-1,20.038386950521115,55.0,0.004666666666666667,12012.333333333334,0.0,487.6666666666667,0.0,46.68105576983118,optimal
2021-02-11 13:30:00,10,87,0.0,0.0,0.0,0.1182,17.7765,6.0,-1,20.244755556714953,55.0,0.004666666666666667,0.0,0.0,0.0,0.0,46.53523818023486,optimal
2021-02-11 14:00:00,10,87,0.5518538168975039,0.0,0.0,0.14006666666666667,16.758,6.0,-1,20.2539637972542,55.0,0.004666666666666667,1931.4883591412636,0.0,0.0,0.0,46.38956640822814,optimal
2021-02-11 14:30:00,10,87,3.5714285714285716,0.0,0.0,0.2437333333333333,16.422,6.0,-1,20.298962088209695,55.0,0.004666666666666667,12500.0,0.0,0.0,0.0,46.24404030799342,optimal
2021-02-11 15:00:00,10,87,3.5714285714285716,0.0,0.0,0.172,16.758,6.0,-1,20.519313574417346,55.0,0.004666666666666667,12500.0,0.0,0.0,0.0,46.09865973385894,optimal
2021-02-11 15:30:00,10,87,0.0,0.0,0.0,0.06333333333333334,29.358,6.0,-1,20.70449699243386,55.0,0.004666666666666667,0.0,0.0,0.0,0.0,45.95342454029859,optimal
2021-02-11 16:00:00,10,87,0.0,0.0,0.0,0.1008,34.9965,6.0,-1,20.674781636932213,55.0,0.004666666666666667,0.0,0.0,0.0,0.0,45.8083345819318,optimal
2021-02-11 16:30:00,10,87,0.0,0.0,0.0,0.15213333333333331,34.65,6.0,-1,20.603444532310164,55.0,0.004666666666666667,0.0,0.0,0.0,0.0,45.66338971352338,optimal
2021-02-11 17:00:00,10,87,0.0,0.0,0.0,0.056,34.9965,6.0,-1,20.527956849395157,55.0,0.004666666666666667,0.0,0.0,0.0,0.0,45.518589789983366,optimal
2021-02-11 17:30:00,10,87,0.0,0.0,0.0,0.3,34.9965,6.0,-1,20.402555794387315,55.0,0.004666666666666667,0.0,0.0,0.0,0.0,45.37393466636689,optimal
2021-02-11 18:00:00,10,87,0.0,0.0,0.0,1.1105999999999998,30.4815,6.0,-1,20.281048899083725,55.0,0.0,0.0,0.0,0.0,0.0,45.22942419787404,optimal
2021-02-11 18:30:00,10,87,0.0,0.0,0.0,0.1662,21.4305,6.0,-1,20.147669420507412,55.0,0.0,0.0,0.0,0.0,0.0,45.08505823984968,optimal
2021-02-11 19:00:00,10,87,2.6773152082251666,0.0,0.0,0.07606666666666666,14.3325,6.0,-1,20.0,55.0,0.0,9370.603228788084,0.0,0.0,0.0,44.94083664778334,optimal
2021-02-11 19:30:00,10,87,3.5714285714285716,0.0,0.0,0.1124,13.692,6.0,-1,20.0,55.0,0.0,12500.0,0.0,0.0,0.0,44.79675927730907,optimal
2021-02-11 20:00:00,10,87,2.019359174670493,0.0,0.0,0.1472,14.007,6.0,-1,20.046817749035526,55.0,0.0,7067.757111346725,0.0,0.0,0.0,44.65282598420527,optimal
2021-02-11 20:30:00,10,87,0.0,0.0,0.0,0.057,12.873,6.0,-1,20.0,55.0,0.0,0.0,0.0,0.0,0.0,44.509036624394575,optimal
2021-02-11 21:00:00,10,87,0.0,0.0,0.0,0.8013666666666667,12.684,6.0,-1,19.83696900145924,55.0,0.0,0.0,0.0,0.0,0.0,44.36539105394369,optimal
2021-02-11 21:30:00,10,87,0.09952380952380951,0.0,0.0,0.3512,12.306,6.0,-1,19.68705122034773,55.0,0.0,0.0,0.0,348.3333333333333,0.0,44.22188912906326,optimal
2021-02-11 22:00:00,10,87,0.0398095238095238,0.0,0.0,0.22319999999999998,10.6365,6.0,-1,19.53803205195594,55.0,0.0,0.0,0.0,139.33333333333331,0.0,44.078530706107706,optimal
2021-02-11 22:30:00,10,87,0.0,0.0,0.0,0.257,11.2455,6.0,-1,19.393332886995367,55.0,0.0,0.0,0.0,0.0,0.0,43.93531564157511,optimal
2021-02-11 23:00:00,10,87,0.0,0.0,0.0,0.12826666666666667,11.2455,6.0,-1,19.24891924018134,55.0,0.0,0.0,0.0,0.0,0.0,43.89138032593353,optimal
2021-02-11 23:30:00,10,87,0.0,0.0,0.0,0.1936,11.025,6.0,-1,19.093809333093134,55.0,0.0,0.0,0.0,0.0,0.0,43.8474889456076,optimal
2021-02-12 00:00:00,10,87,3.5714285714285716,0.0,0.0,0.066,10.689,6.0,2,19.093809333093134,55.0,0.0,12500.0,0.0,0.0,0.0,43.80364145666199,optimal
2021-02-12 00:30:00,10,87,3.5714285714285716,0.0,5.0,0.09536666666666666,8.1585,6.0,2,19.139641836296114,55.0,0.018337480748369796,10583.733261795356,0.0,1916.2667382046438,0.0,46.13483781520533,optimal
2021-02-12 01:00:00,10,87,3.5714285714285716,0.0,0.0,0.1021,10.3635,6.0,2,19.154231150020745,55.0,0.018337480748369796,12500.0,0.0,0.0,0.0,46.08870297739013,optimal
2021-02-12 01:30:00,10,87,3.5714285714285716,0.0,0.0,0.059,10.8045,6.0,2,19.20070361775532,55.0,0.018337480748369796,12500.0,0.0,0.0,0.0,46.042614274412735,optimal
2021-02-12 02:00:00,10,87,3.5714285714285716,0.0,0.0,0.060333333333333336,11.025,6.0,2,19.246493683836274,55.0,0.018337480748369796,12500.0,0.0,0.0,0.0,45.99657166013832,optimal
2021-02-12 02:30:00,10,87,3.5714285714285716,0.0,0.0,0.1255,10.3635,6.0,2,19.29261743407643,55.0,0.018337480748369796,12500.0,0.0,0.0,0.0,45.95057508847818,optimal
2021-02-12 03:00:00,10,87,3.5714285714285716,0.0,0.0,0.0793,10.8045,6.0,2,19.34122950052806,55.0,0.018337480748369796,12500.0,0.0,0.0,0.0,45.904624513389706,optimal
2021-02-12 03:30:00,10,87,3.5714285714285716,0.0,0.0,0.059,10.059,6.0,2,19.39064847797395,55.0,0.018337480748369796,12500.0,0.0,0.0,0.0,45.858719888876315,optimal
2021-02-12 04:00:00,10,87,3.5714285714285716,0.0,0.0,0.10796666666666668,10.584,6.0,2,19.443886924872082,55.0,0.018337480748369796,12500.0,0.0,0.0,0.0,45.81286116898744,optimal
2021-02-12 04:30:00,10,87,3.5714285714285716,0.0,5.0,0.07783333333333332,9.4185,6.0,2,19.50190864261184,55.0,0.018337480748369796,12500.0,0.0,0.0,0.0,48.14204830781845,optimal
2021-02-12 05:00:00,10,87,3.5714285714285716,0.0,0.0,0.06276666666666667,10.3635,6.0,2,19.563388341513857,55.0,0.018337480748369796,12500.0,0.0,0.0,0.0,48.09390625951063,optimal
2021-02-12 05:30:00,10,87,3.5714285714285716,0.0,0.3087760177507149,0.13003333333333333,9.8385,6.0,2,19.628551564243473,55.0,0.018337480748369796,12500.0,0.0,0.0,0.0,48.192480961682705,optimal
2021-02-12 06:00:00,10,87,3.5714285714285716,0.0,0.0,0.069,11.067,6.0,2,19.699225317546702,55.0,0.018337480748369796,12500.0,0.0,0.0,0.0,48.144288480721016,optimal
2021-02-12 06:30:00,10,87,3.5714285714285716,0.0,0.0,1.0257,10.8465,6.0,2,19.773339351333902,55.0,0.018337480748369796,12500.0,0.0,0.0,0.0,48.096144192240295,optimal
2021-02-12 07:00:00,10,87,3.5714285714285716,0.0,0.0,0.9551000000000001,13.671,6.0,2,19.85045834414304,55.0,0.012337480748369796,12500.0,0.0,0.0,0.0,48.048048048048045,optimal
2021-02-12 07:30:00,10,87,3.5714285714285716,0.0,0.0,0.1248,12.348,6.0,2,19.92818343859635,55.0,0.008337480748369798,12500.0,0.0,0.0,0.0,48.0,optimal
2021-02-12 08:00:00,10,87,3.5714285714285716,0.0,0.0,0.2084,14.3325,6.0,2,20.0,55.0,0.026,10654.266738204644,0.0,1845.7332617953562,0.0,47.57349822536687,optimal
2021-02-12 08:30:00,10,87,1.798923858528977,0.0,0.0,0.2828,15.393,6.0,2,20.036903932774383,55.0,0.023333333333333334,6296.23350485142,0.0,0.0,0.0,47.14742295250837,optimal
2021-02-12 09:00:00,10,87,3.5714285714285716,0.0,0.0,0.215,13.587,6.0,2,20.003428603200764,55.0,0.019333333333333334,12500.0,0.0,0.0,0.0,46.72177375492274,optimal
2021-02-12 09:30:00,10,87,0.0,0.0,0.0,0.22943333333333332,16.1385,6.0,2,20.097414195570337,55.0,0.0,0.0,0.0,0.0,0.0,46.29655020653468,optimal
2021-02-12 10:00:00,10,87,0.6949389439411388,0.0,0.0,0.3378,14.595,6.0,2,20.0,55.0,0.0,2432.2863037939856,0.0,0.0,0.0,45.87175188169502,optimal
2021-02-12 10:30:00,10,87,0.8274075310231258,0.0,0.0,0.069,14.637,6.0,2,20.0,55.0,0.0,2895.9263585809404,0.0,0.0,0.0,45.44737835518019,optimal
2021-02-12 11:00:00,10,87,0.1497391714215198,0.0,0.0,0.136,13.9125,6.0,2,20.0,55.0,0.0,524.0870999753192,0.0,0.0,0.0,45.023429202191885,optimal
2021-02-12 11:30:00,10,87,0.12500012575912653,0.0,0.0,0.2038,13.3665,6.0,2,20.0,55.0,0.0,437.50044015694283,0.0,0.0,0.0,44.59990399835657,optimal
2021-02-12 12:00:00,10,87,0.0199047619047619,0.0,0.0,0.242,13.0095,6.0,2,20.0,55.0,0.0,0.0,0.0,69.66666666666666,0.0,44.176802319725084,optimal
2021-02-12 12:30:00,10,87,0.0,0.0,0.0,0.2938,13.8915,6.0,2,20.008206677274305,55.0,0.0,0.0,0.0,0.0,0.0,43.75412374277223,optimal
2021-02-12 13:00:00,10,87,0.0,0.0,0.0,0.0803,13.188,6.0,2,20.01591374320632,55.0,0.0,0.0,0.0,0.0,0.0,43.33186784439633,optimal
2021-02-12 13:30:00,10,87,0.0,0.0,0.0,0.1255,12.5685,6.0,2,20.01877858015525,55.0,0.0,0.0,0.0,0.0,0.0,42.910034201918805,optimal
2021-02-12 14:00:00,10,87,0.0,0.0,0.0,0.1029,12.285,6.0,2,20.021750726088207,55.0,0.0,0.0,0.0,0.0,0.0,42.48862239308376,optimal
2021-02-12 14:30:00,10,87,3.5714285714285716,0.0,0.0,0.1029,11.487,6.0,2,20.013691508029,55.0,0.015333333333333332,10897.666666666666,0.0,1602.3333333333333,0.0,42.06763199605754,optimal
2021-02-12 15:00:00,10,87,2.0538377068337264,0.0,0.0,0.19366666666666663,11.802,6.0,2,20.18359613511065,55.0,0.015333333333333332,7188.431973918042,0.0,0.0,0.0,41.64706258942836,optimal
2021-02-12 15:30:00,10,87,3.5714285714285716,0.0,0.0,0.33546666666666664,11.2245,6.0,2,20.27896002110145,55.0,0.015333333333333332,12500.0,0.0,0.0,0.0,41.2269137522058,optimal
2021-02-12 16:00:00,10,87,3.5714285714285716,0.0,0.0,1.4906333333333335,11.025,6.0,2,20.466193759267597,55.0,0.014666666666666666,12500.0,0.0,0.0,0.0,40.80718506382047,optimal
2021-02-12 16:30:00,10,87,3.5714285714285716,0.0,0.0,0.7421333333333333,11.907,6.0,2,20.6184114640993,55.0,0.011333333333333334,12500.0,0.0,0.0,0.0,40.38787610412352,optimal
2021-02-12 17:00:00,10,87,0.0,0.0,0.0,1.8432333333333328,25.83,6.0,2,20.761795570281844,55.0,0.009333333333333334,0.0,0.0,0.0,0.0,39.968986453386265,optimal
2021-02-12 17:30:00,10,87,0.0,0.0,0.0,0.3077,28.035,6.0,2,20.665440295761723,55.0,0.009333333333333334,0.0,0.0,0.0,0.0,39.55051569229975,optimal
2021-02-12 18:00:00,10,87,0.0,0.0,0.0,2.2299333333333333,28.119,6.0,2,20.563751417049087,55.0,0.008666666666666666,0.0,0.0,0.0,0.0,39.51096517660745,optimal
2021-02-12 18:30:00,10,87,0.0,0.0,0.0,0.2916666666666667,30.156,6.0,2,20.453203122027695,55.0,0.006666666666666667,0.0,0.0,0.0,0.0,39.47145421143084,optimal
2021-02-12 19:00:00,10,87,0.0,0.0,0.0,2.0544333333333333,29.1585,6.0,2,20.338239501106955,55.0,0.006,0.0,0.0,0.0,0.0,39.43198275721941,optimal
2021-02-12 19:30:00,10,87,0.0,0.0,0.0,0.3303333333333333,26.712,6.0,2,20.226200283284534,55.0,0.001333333333333333,0.0,0.0,0.0,0.0,39.39255077446219,optimal
2021-02-12 20:00:00,10,87,0.0,0.0,0.0,0.4363333333333333,15.435,6.0,2,20.11262805970519,55.0,0.001333333333333333,0.0,0.0,0.0,0.0,39.35315822368772,optimal
2021-02-12 20:30:00,10,87,0.0,0.0,0.0,1.2278666666666667,13.566,6.0,2,20.0,55.0,0.001333333333333333,0.0,0.0,0.0,0.0,39.31380506546403,optimal
2021-02-12 21:00:00,10,87,0.0,0.0,0.0,0.6454666666666667,12.789,6.0,2,19.89450032237808,55.0,0.001333333333333333,0.0,0.0,0.0,0.0,39.27449126039857,optimal
2021-02-12 21:30:00,10,87,0.0,0.0,0.0,0.4588666666666667,12.1275,6.0,2,19.783605593445834,55.0,0.0,0.0,0.0,0.0,0.0,39.23521676913817,optimal
2021-02-12 22:00:00,10,87,0.0,0.0,0.0,0.4019666666666666,13.671,6.0,2,19.673659188790136,55.0,0.0,0.0,0.0,0.0,0.0,39.195981552369034,optimal
2021-02-12 22:30:00,10,87,0.0,0.0,0.0,0.45480000000000004,10.668,6.0,2,19.56272761037872,55.0,0.0,0.0,0.0,0.0,0.0,39.156785570816666,optimal
2021-02-12 23:00:00,10,87,0.0,0.0,0.0,0.1368,11.7285,6.0,2,19.44411128437504,55.0,0.0,0.0,0.0,0.0,0.0,39.11762878524585,optimal
2021-02-12 23:30:00,10,87,0.0,0.0,0.0,0.069,11.025,6.0,2,19.32474412236824,55.0,0.0,0.0,0.0,0.0,0.0,39.0785111564606,optimal
2021-02-13 00:00:00,10,87,3.5714285714285716,0.0,0.0,0.06,9.4815,6.0,-4,19.32474412236824,55.0,0.0,12500.0,0.0,0.0,0.0,39.03943264530414,optimal
2021-02-13 00:30:00,10,87,3.5714285714285716,0.0,1.420750583544406,0.06,8.379,6.0,-4,19.409797190955924,55.0,0.064,5812.0,0.0,6688.0,0.0,39.67524973984243,optimal
2021-02-13 01:00:00,10,87,3.5714285714285716,0.0,0.0,0.06,9.5235,6.0,-4,19.385069098459006,55.0,0.064,12500.0,0.0,0.0,0.0,39.635574490102584,optimal
2021-02-13 01:30:00,10,87,3.5714285714285716,0.0,5.0,0.2132666666666667,8.1375,6.0,-4,19.47036638293181,55.0,0.064,12500.0,0.0,0.0,0.0,41.97093891561247,optimal
2021-02-13 02:00:00,10,87,3.5714285714285716,0.0,0.0,0.06,10.0905,6.0,-4,19.557957271923893,55.0,0.064,12500.0,0.0,0.0,0.0,41.92896797669685,optimal
2021-02-13 02:30:00,10,87,3.5714285714285716,0.0,5.0,0.06,7.539,6.0,-4,19.64280590008742,55.0,0.064,12500.0,0.0,0.0,0.0,44.26203900872016,optimal
2021-02-13 03:00:00,10,87,3.5714285714285716,0.0,5.0,0.068,7.938,6.0,-4,19.72713225048558,55.0,0.064,12500.0,0.0,0.0,0.0,46.59277696971143,optimal
2021-02-13 03:30:00,10,87,3.5714285714285716,0.0,5.0,0.1987,8.274,6.0,-4,19.81093953795013,55.0,0.064,12500.0,0.0,0.0,0.0,48.92118419274172,optimal
2021-02-13 04:00:00,10,87,3.5714285714285716,0.0,0.0,0.0809,9.261,6.0,-4,19.896091668998277,55.0,0.064,12500.0,0.0,0.0,0.0,48.87226300854897,optimal
2021-02-13 04:30:00,10,87,3.5714285714285716,0.0,0.0,0.1227,9.9225,6.0,-4,19.978585793871176,55.0,0.064,12500.0,0.0,0.0,0.0,48.823390745540415,optimal
2021-02-13 05:00:00,10,87,3.5714285714285716,0.0,0.0,0.15056666666666665,9.702,6.0,-4,20.0606413770104,55.0,0.064,12500.0,0.0,0.0,0.0,48.774567354794875,optimal
2021-02-13 05:30:00,10,87,3.5714285714285716,0.0,0.0,0.07393333333333334,10.584,6.0,-4,20.1420328565784,55.0,0.064,12500.0,0.0,0.0,0.0,48.72579278744007,optimal
2021-02-13 06:00:00,10,87,3.5714285714285716,0.0,0.0,0.19933333333333328,10.143,6.0,-4,20.221052361102185,55.0,0.064,12500.0,0.0,0.0,0.0,48.67706699465263,optimal
2021-02-13 06:30:00,10,87,0.0,0.0,0.0,0.06,13.0095,6.0,-4,20.301024279031815,55.0,0.064,0.0,0.0,0.0,0.0,48.62838992765797,optimal
2021-02-13 07:00:00,10,87,3.5714285714285716,0.0,0.0,0.12373333333333332,11.025,6.0,-4,20.173133734025914,55.0,0.064,12500.0,0.0,0.0,0.0,48.579761537730306,optimal
2021-02-13 07:30:00,10,87,0.0,0.0,0.0,0.1965,12.789,6.0,-4,20.251415502513584,55.0,0.064,0.0,0.0,0.0,0.0,48.53118177619257,optimal
2021-02-13 08:00:00,10,87,3.311997203906964,0.0,0.0,0.17346666666666666,12.1275,6.0,-4,20.12590149030831,55.0,0.064,11591.990213674373,0.0,0.0,0.0,48.48265059441637,optimal
2021-02-13 08:30:00,10,87,3.5714285714285716,0.0,0.0,0.2281,12.1695,6.0,-4,20.194556088070016,55.0,0.06333333333333334,12500.0,0.0,0.0,0.0,48.434167943821954,optimal
2021-02-13 09:00:00,10,87,0.0,0.0,0.0,0.518,12.306,6.0,-4,20.284901520906352,55.0,0.058,0.0,0.0,0.0,0.0,48.38573377587813,optimal
2021-02-13 09:30:00,10,87,0.0,0.0,0.0,0.4323666666666667,13.23,6.0,-4,20.2019174018966,55.0,0.05266666666666667,0.0,0.0,0.0,0.0,48.33734804210225,optimal
2021-02-13 10:00:00,10,87,0.0,0.0,0.0,1.439,13.671,6.0,-4,20.116773208340103,55.0,0.050666666666666665,0.0,0.0,0.0,0.0,48.289010694060146,optimal
2021-02-13 10:30:00,10,87,0.0,0.0,0.0,1.040266666666667,13.9335,6.0,-4,20.06554562073421,55.0,0.04933333333333333,0.0,0.0,0.0,0.0,48.240721683366075,optimal
2021-02-13 11:00:00,10,87,0.0,0.0,0.0,0.3014,13.293,6.0,-4,20.014411978984516,55.0,0.04933333333333333,0.0,0.0,0.0,0.0,48.192480961682705,optimal
2021-02-13 11:30:00,10,87,0.17433400522844564,0.0,0.0,0.5628666666666666,12.1065,6.0,-4,20.0,55.0,0.04933333333333333,610.1690182995598,0.0,0.0,0.0,48.144288480721016,optimal
2021-02-13 12:00:00,10,87,0.0,0.0,0.0,0.8585,11.571,6.0,-4,20.0,55.0,0.04933333333333333,0.0,0.0,0.0,0.0,48.096144192240295,optimal
2021-02-13 12:30:00,10,87,3.5714285714285716,0.0,0.0,2.9175999999999997,11.025,6.0,-4,20.00514167274909,55.0,0.048,12500.0,0.0,0.0,0.0,48.048048048048045,optimal
2021-02-13 13:00:00,10,87,3.5714285714285716,0.0,0.0,3.5304,10.8465,6.0,-4,20.224292042528663,55.0,0.04466666666666667,12500.0,0.0,0.0,0.0,48.0,optimal
2021-02-13 13:30:00,10,87,3.5714285714285716,0.0,0.0,0.058,11.2455,6.0,-4,20.4514796069916,55.0,0.04466666666666667,12500.0,0.0,0.0,0.0,47.446572685577394,optimal
2021-02-13 14:00:00,10,87,0.0,0.0,0.0,0.11423333333333333,23.8665,6.0,-4,20.662046226760868,55.0,0.041333333333333326,0.0,0.0,0.0,0.0,46.89369879846921,optimal
2021-02-13 14:30:00,10,87,0.0,0.0,0.0,0.2945,27.4575,6.0,-4,20.63506649518894,55.0,0.041333333333333326,0.0,0.0,0.0,0.0,46.341377785248135,optimal
2021-02-13 15:00:00,10,87,0.0,0.0,0.0,0.19269999999999998,27.3735,6.0,-4,20.61228574108039,55.0,0.04066666666666666,0.0,0.0,0.0,0.0,45.78960909304028,optimal
2021-02-13 15:30:00,10,87,0.0,0.0,0.0,0.39339999999999997,30.4605,6.0,-4,20.563421211855704,55.0,0.04066666666666666,0.0,0.0,0.0,0.0,45.23839216952464,optimal
2021-02-13 16:00:00,10,87,0.0,0.0,0.0,0.181,30.0195,6.0,-4,20.518610559213794,55.0,0.03866666666666666,0.0,0.0,0.0,0.0,44.68772646293251,optimal
2021-02-13 16:30:00,10,87,0.0,0.0,0.0,0.5331,26.9325,6.0,-4,20.441708699431896,55.0,0.03866666666666666,0.0,0.0,0.0,0.0,44.13761142204697,optimal
2021-02-13 17:00:00,10,87,0.0,0.0,0.0,0.2072333333333333,14.595,6.0,-4,20.369415662045597,55.0,0.03533333333333333,0.0,0.0,0.0,0.0,43.588046496202324,optimal
2021-02-13 17:30:00,10,87,0.0,0.0,0.0,0.3126333333333333,12.4845,6.0,-4,20.264617447295908,55.0,0.031999999999999994,0.0,0.0,0.0,0.0,43.039031135283516,optimal
2021-02-13 18:00:00,10,87,0.0,0.0,0.0,0.6946333333333333,12.1275,6.0,-4,20.16711107906428,55.0,0.02666666666666666,0.0,0.0,0.0,0.0,42.490564789725624,optimal
2021-02-13 18:30:00,10,87,2.5184399469441496,0.0,0.0,0.5483333333333333,12.1275,6.0,-4,20.067121738496564,55.0,0.002,8814.539814304524,0.0,0.0,0.0,41.9426469105133,optimal
2021-02-13 19:00:00,10,87,0.0,0.0,0.0,0.4162,12.789,6.0,-4,20.107243665356158,55.0,0.0,0.0,0.0,0.0,0.0,41.39527694918018,optimal
2021-02-13 19:30:00,10,87,1.8931115826288467,0.0,0.0,0.3153666666666667,11.907,6.0,-4,20.0,55.0,0.0,6625.890539200964,0.0,0.0,0.0,41.353881672231,optimal
2021-02-13 20:00:00,10,87,1.9682468168107505,0.0,0.0,0.30696666666666667,11.025,6.0,-4,20.0,55.0,0.0,6401.19719217096,0.0,487.6666666666667,0.0,41.31252779055877,optimal
2021-02-13 20:30:00,10,87,0.11942857142857143,0.0,0.0,0.7493333333333334,8.2005,6.0,-4,20.0,55.0,0.0,0.0,0.0,418.0,0.0,41.27121526276821,optimal
2021-02-13 21:00:00,10,87,0.0,0.0,0.0,0.2653333333333333,9.5655,6.0,-4,19.90399107491081,55.0,0.0,0.0,0.0,0.0,0.0,41.22994404750544,optimal
2021-02-13 21:30:00,10,87,0.0,0.0,0.0,0.09090000000000001,7.056,6.0,-4,19.790042461261432,55.0,0.0,0.0,0.0,0.0,0.0,41.18871410345793,optimal
2021-02-13 22:00:00,10,87,0.0,0.0,0.0,0.20236666666666667,9.3975,6.0,-4,19.668717311787415,55.0,0.0,0.0,0.0,0.0,0.0,41.14752538935448,optimal
2021-02-13 22:30:00,10,87,0.0,0.0,0.0,0.07,10.059,6.0,-4,19.54965728749542,55.0,0.0,0.0,0.0,0.0,0.0,41.10637786396512,optimal
2021-02-13 23:00:00,10,87,0.0,0.0,0.0,0.13269999999999998,9.261,6.0,-4,19.429469414531965,55.0,0.0,0.0,0.0,0.0,0.0,41.06527148610115,optimal
2021-02-13 23:30:00,10,87,0.0,0.0,0.0,0.1562333333333333,8.1585,6.0,-4,19.311356292624,55.0,0.0,0.0,0.0,0.0,0.0,41.02420621461505,optimal
