time,run,dwelling_id,hp_elec_kw,boiler_gas_kw,ev_charge_kw,appliance_kw,tariff_elec_price,tariff_gas_price,tariff_offset_steps,Tin_C,T_tank_C,V_stor_m3,Q_hp_space_w,Q_bo_space_w,Q_hp_hw_w,Q_bo_hw_w,ev_soc_kwh,solve_status
2021-02-07 00:00:00,1,35,0.0,0.0,0.0,0.055,6.615,6.0,-4,21.0,55.0,0.12,0.0,0.0,0.0,0.0,47.952,optimal
2021-02-07 00:30:00,1,35,0.0,0.0,0.0,0.1105,6.174,6.0,-4,20.745690655240043,55.0,0.12,0.0,0.0,0.0,0.0,47.904047999999996,optimal
2021-02-07 01:00:00,1,35,2.0,0.0,0.0,0.13516666666666666,3.906,6.0,-4,20.50031932222935,55.0,0.12,7000.0,0.0,0.0,0.0,47.856143952,optimal
2021-02-07 01:30:00,1,35,2.0,0.0,0.0,0.055,2.3415,6.0,-4,21.102306864980815,55.0,0.12,7000.0,0.0,0.0,0.0,47.80828780804799,optimal
2021-02-07 02:00:00,1,35,2.0,0.0,0.0,0.261,2.205,6.0,-4,21.68509922234173,55.0,0.12,7000.0,0.0,0.0,0.0,47.76047952023995,optimal
2021-02-07 02:30:00,1,35,2.0,0.0,1.8253526252854912,0.092,0.882,6.0,-4,22.283409996985316,55.0,0.12,7000.0,0.0,0.0,0.0,48.579761537730306,optimal
2021-02-07 03:00:00,1,35,2.0,0.0,0.0,0.055,1.5435,6.0,-4,22.85115841423627,55.0,0.12,7000.0,0.0,0.0,0.0,48.53118177619257,optimal
2021-02-07 03:30:00,1,35,2.0,0.0,0.0,0.2548333333333333,1.5435,6.0,-4,23.404674753089303,55.0,0.12,7000.0,0.0,0.0,0.0,48.48265059441637,optimal
2021-02-07 04:00:00,1,35,0.0,0.0,0.0,0.09816666666666668,5.0715,6.0,-4,23.97339630559431,55.0,0.12,0.0,0.0,0.0,0.0,48.434167943821954,optimal
2021-02-07 04:30:00,1,35,0.0,0.0,0.0,0.17466666666666666,5.376,6.0,-4,23.671943446520448,55.0,0.12,0.0,0.0,0.0,0.0,48.38573377587813,optimal
2021-02-07 05:00:00,1,35,0.09118654991877238,0.0,0.0,0.17833333333333334,5.0715,6.0,-4,23.384110510056743,55.0,0.12,319.15292471570336,0.0,0.0,0.0,48.33734804210225,optimal
2021-02-07 05:30:00,1,35,0.0,0.0,0.0,0.055,5.5125,6.0,-4,23.139335951204693,55.0,0.12,0.0,0.0,0.0,0.0,48.289010694060146,optimal
2021-02-07 06:00:00,1,35,0.0,0.0,0.0,0.296,9.261,6.0,-4,22.84490514267888,55.0,0.11866666666666667,0.0,0.0,0.0,0.0,48.240721683366075,optimal
2021-02-07 06:30:00,1,35,0.0,0.0,0.0,0.3455,11.7075,6.0,-4,22.615750397944744,55.0,0.116,0.0,0.0,0.0,0.0,48.192480961682705,optimal
2021-02-07 07:00:00,1,35,0.0,0.0,0.0,0.2568333333333333,12.348,6.0,-4,22.398427554938035,55.0,0.116,0.0,0.0,0.0,0.0,48.144288480721016,optimal
2021-02-07 07:30:00,1,35,0.0,0.0,0.0,0.2964,12.348,6.0,-4,22.18194787581335,55.0,0.11,0.0,0.0,0.0,0.0,48.096144192240295,optimal
2021-02-07 08:00:00,1,35,0.0,0.0,0.0,0.163,12.1275,6.0,-4,22.0,55.0,0.10866666666666666,0.0,0.0,0.0,0.0,48.048048048048045,optimal
2021-02-07 08:30:00,1,35,0.0,0.0,0.0,0.4963666666666667,12.5265,6.0,-4,21.79727499657568,55.0,0.10466666666666667,0.0,0.0,0.0,0.0,48.0,optimal
2021-02-07 09:00:00,1,35,0.5396177027266967,0.0,0.0,0.121,11.7495,6.0,-4,21.616457689947495,55.0,0.10466666666666667,1888.6619595434386,0.0,0.0,0.0,47.86479560466983,optimal
2021-02-07 09:30:00,1,35,0.0,0.0,0.0,0.10866666666666669,13.23,6.0,-4,21.57901428817429,55.0,0.10466666666666667,0.0,0.0,0.0,0.0,47.729726413734994,optimal
2021-02-07 10:00:00,1,35,0.0,0.0,0.0,0.166,14.3325,6.0,-4,21.314117962574148,55.0,0.10466666666666667,0.0,0.0,0.0,0.0,47.59479229199109,optimal
2021-02-07 10:30:00,1,35,0.0,0.0,0.0,0.141,14.994,6.0,-4,21.08147541954744,55.0,0.10466666666666667,0.0,0.0,0.0,0.0,47.459993104368934,optimal
2021-02-07 11:00:00,1,35,0.0,0.0,0.0,0.101,14.8155,6.0,-4,20.847767537233057,55.0,0.10466666666666667,0.0,0.0,0.0,0.0,47.3253287159344,optimal
2021-02-07 11:30:00,1,35,0.0,0.0,0.0,0.055,14.112,6.0,-4,20.63904456883347,55.0,0.10466666666666667,0.0,0.0,0.0,0.0,47.19079899188829,optimal
2021-02-07 12:00:00,1,35,0.0,0.0,0.0,0.928,14.007,6.0,-4,20.427843781770655,55.0,0.10466666666666667,0.0,0.0,0.0,0.0,47.05640379756623,optimal
2021-02-07 12:30:00,1,35,0.0,0.0,0.0,0.17,13.23,6.0,-4,20.324331433015974,55.0,0.10466666666666667,0.0,0.0,0.0,0.0,46.922142998438495,optimal
2021-02-07 13:00:00,1,35,2.0,0.0,0.0,0.065,11.382,6.0,-4,20.149760283277644,55.0,0.10466666666666667,7000.0,0.0,0.0,0.0,46.78801646010989,optimal
2021-02-07 13:30:00,1,35,2.0,0.0,0.0,0.20066666666666663,11.7495,6.0,-4,20.78962511289161,55.0,0.10466666666666667,7000.0,0.0,0.0,0.0,46.654024048319606,optimal
2021-02-07 14:00:00,1,35,0.0,0.0,0.0,0.17233333333333334,24.3285,6.0,-4,21.437174369307346,55.0,0.10466666666666667,0.0,0.0,0.0,0.0,46.520165628941115,optimal
2021-02-07 14:30:00,1,35,0.0,0.0,0.0,0.065,28.917,6.0,-4,21.237397119854993,55.0,0.10466666666666667,0.0,0.0,0.0,0.0,46.386441067982005,optimal
2021-02-07 15:00:00,1,35,0.0,0.0,0.0,0.2093333333333333,31.3635,6.0,-4,21.028363532848076,55.0,0.10466666666666667,0.0,0.0,0.0,0.0,46.25285023158386,optimal
2021-02-07 15:30:00,1,35,0.0,0.0,0.0,0.16366666666666665,33.306,6.0,-4,20.857412542110787,55.0,0.10466666666666667,0.0,0.0,0.0,0.0,46.119392986022106,optimal
2021-02-07 16:00:00,1,35,0.0,0.0,0.0,0.09566666666666669,31.3425,6.0,-4,20.681273653238097,55.0,0.10466666666666667,0.0,0.0,0.0,0.0,45.986069197705916,optimal
2021-02-07 16:30:00,1,35,0.0,0.0,0.0,0.1848333333333333,28.2555,6.0,-4,20.458578688414683,55.0,0.10466666666666667,0.0,0.0,0.0,0.0,45.852878733178045,optimal
2021-02-07 17:00:00,1,35,0.0,0.0,0.0,0.1575,15.6975,6.0,-4,20.2506065386811,55.0,0.10466666666666667,0.0,0.0,0.0,0.0,45.7198214591147,optimal
2021-02-07 17:30:00,1,35,0.5983624777756603,0.0,0.0,0.10333333333333332,12.5475,6.0,-4,20.0,55.0,0.10466666666666667,2094.268672214811,0.0,0.0,0.0,45.58689724232541,optimal
2021-02-07 18:00:00,1,35,0.6081582014276956,0.0,0.0,0.134,12.0855,6.0,-4,20.0,55.0,0.10466666666666667,2128.553704996935,0.0,0.0,0.0,45.45410594975292,optimal
2021-02-07 18:30:00,1,35,1.412589326059151,0.0,0.0,0.7309333333333333,11.907,6.0,-4,20.0,55.0,0.10466666666666667,4944.062641207029,0.0,0.0,0.0,45.40865184380317,optimal
2021-02-07 19:00:00,1,35,0.0,0.0,0.0,0.5079666666666666,12.5685,6.0,-4,20.41396906327394,55.0,0.10333333333333333,0.0,0.0,0.0,0.0,45.36324319195937,optimal
2021-02-07 19:30:00,1,35,0.0,0.0,0.0,0.18356666666666663,13.146,6.0,-4,20.226128032564237,55.0,0.10333333333333333,0.0,0.0,0.0,0.0,45.31787994876741,optimal
2021-02-07 20:00:00,1,35,0.494489846813313,0.0,0.0,0.25066666666666665,10.584,6.0,-4,20.0,55.0,0.10333333333333333,1730.7144638465954,0.0,0.0,0.0,45.272562068818644,optimal
2021-02-07 20:30:00,1,35,0.0,0.0,0.0,0.3784333333333333,6.678,6.0,-4,20.0,55.0,0.10333333333333333,0.0,0.0,0.0,0.0,45.22728950674983,optimal
2021-02-07 21:00:00,1,35,0.0,0.0,0.0,0.1802,7.938,6.0,-4,19.814186588251545,55.0,0.10333333333333333,0.0,0.0,0.0,0.0,45.18206221724308,optimal
2021-02-07 21:30:00,1,35,0.0,0.0,0.0,0.26276666666666665,5.292,6.0,-4,19.598458329955644,55.0,0.088,0.0,0.0,0.0,0.0,45.136880155025835,optimal
2021-02-07 22:00:00,1,35,0.0,0.0,0.0,0.5755666666666667,9.261,6.0,-4,19.401339204955978,55.0,0.088,0.0,0.0,0.0,0.0,45.09174327487081,optimal
2021-02-07 22:30:00,1,35,0.0,0.0,0.0,0.208,10.3635,6.0,-4,19.24893549150457,55.0,0.088,0.0,0.0,0.0,0.0,45.046651531595934,optimal
2021-02-07 23:00:00,1,35,0.0,0.0,0.0,0.3215,8.274,6.0,-4,19.050726952429002,55.0,0.08333333333333333,0.0,0.0,0.0,0.0,45.001604880064335,optimal
2021-02-07 23:30:00,1,35,0.0,0.0,0.0,0.163,7.7175,6.0,-4,18.873650409220463,55.0,0.08333333333333333,0.0,0.0,0.0,0.0,44.95660327518427,optimal
2021-02-08 00:00:00,1,35,0.0,0.0,0.0,0.063,10.143,6.0,3,18.873650409220463,55.0,0.08333333333333333,0.0,0.0,0.0,0.0,44.91164667190909,optimal
2021-02-08 00:30:00,1,35,0.0,0.0,0.0,0.13206666666666667,11.2455,6.0,3,18.629381169740487,55.0,0.08333333333333333,0.0,0.0,0.0,0.0,44.86673502523718,optimal
2021-02-08 01:00:00,1,35,0.0,0.0,0.0,0.13126666666666667,11.025,6.0,3,18.396999915835327,55.0,0.08333333333333333,0.0,0.0,0.0,0.0,44.821868290211945,optimal
2021-02-08 01:30:00,1,35,2.0,0.0,0.0,0.213,5.9745,6.0,3,18.167925956797813,55.0,0.08333333333333333,7000.0,0.0,0.0,0.0,44.77704642192173,optimal
2021-02-08 02:00:00,1,35,0.0,0.0,0.0,0.1994,7.938,6.0,3,18.79357093486074,55.0,0.08333333333333333,0.0,0.0,0.0,0.0,44.73226937549981,optimal
2021-02-08 02:30:00,1,35,0.0,0.0,0.0,0.063,8.6835,6.0,3,18.565422002550786,55.0,0.08333333333333333,0.0,0.0,0.0,0.0,44.68753710612431,optimal
2021-02-08 03:00:00,1,35,0.0,0.0,0.0,0.23406666666666665,7.665,6.0,3,18.324934884667453,55.0,0.08333333333333333,0.0,0.0,0.0,0.0,44.64284956901819,optimal
2021-02-08 03:30:00,1,35,2.0,0.0,0.0,0.093,6.7725,6.0,3,18.10928563552788,55.0,0.08333333333333333,7000.0,0.0,0.0,0.0,44.59820671944917,optimal
2021-02-08 04:00:00,1,35,2.0,0.0,0.0,0.2399333333333333,5.5755,6.0,3,18.721350711719413,55.0,0.08333333333333333,7000.0,0.0,0.0,0.0,44.553608512729724,optimal
2021-02-08 04:30:00,1,35,2.0,0.0,0.0,0.16393333333333335,5.0925,6.0,3,19.34139837992456,55.0,0.08333333333333333,7000.0,0.0,0.0,0.0,44.509054904216995,optimal
2021-02-08 05:00:00,1,35,2.0,0.0,8.663611975615865,0.08006666666666666,4.1895,6.0,3,19.941755371855358,55.0,0.08333333333333333,7000.0,0.0,0.0,0.0,48.579761537730306,optimal
2021-02-08 05:30:00,1,35,2.0,0.0,0.0,0.12273333333333332,7.056,6.0,3,20.521763543657933,55.0,0.08333333333333333,7000.0,0.0,0.0,0.0,48.53118177619257,optimal
2021-02-08 06:00:00,1,35,2.0,0.0,0.0,0.20313333333333333,5.271,6.0,3,21.09767813724627,55.0,0.08333333333333333,7000.0,0.0,0.0,0.0,48.48265059441637,optimal
2021-02-08 06:30:00,1,35,0.6587080816693298,0.0,0.0,0.2007333333333333,7.938,6.0,3,21.674099300720197,55.0,0.08333333333333333,2305.4782858426543,0.0,0.0,0.0,48.434167943821954,optimal
2021-02-08 07:00:00,1,35,2.0,0.0,0.0,0.061666666666666654,7.938,6.0,3,21.67619743153068,55.0,0.08,7000.0,0.0,0.0,0.0,48.38573377587813,optimal
2021-02-08 07:30:00,1,35,0.0,0.0,0.0,0.46,11.907,6.0,3,22.230712578518325,55.0,0.059333333333333335,0.0,0.0,0.0,0.0,48.33734804210225,optimal
2021-02-08 08:00:00,1,35,0.6181854481554012,0.0,0.0,0.071,11.025,6.0,3,22.0,55.0,0.05,2163.6490685439044,0.0,0.0,0.0,48.289010694060146,optimal
2021-02-08 08:30:00,1,35,0.15157938754234426,0.0,0.0,0.3025333333333334,11.2875,6.0,3,22.0,55.0,0.037333333333333336,530.5278563982049,0.0,0.0,0.0,48.240721683366075,optimal
2021-02-08 09:00:00,1,35,0.0,0.0,0.0,0.31339999999999996,12.936,6.0,3,21.868395345931145,55.0,0.03666666666666667,0.0,0.0,0.0,0.0,48.192480961682705,optimal
2021-02-08 09:30:00,1,35,0.0,0.0,0.0,0.43673333333333336,13.0095,6.0,3,21.669171755075247,55.0,0.034,0.0,0.0,0.0,0.0,48.144288480721016,optimal
2021-02-08 10:00:00,1,35,0.0,0.0,0.0,0.157,13.671,6.0,3,21.4700495767491,55.0,0.034,0.0,0.0,0.0,0.0,48.096144192240295,optimal
2021-02-08 10:30:00,1,35,0.0,0.0,0.0,0.20556666666666665,13.188,6.0,3,21.26589366465865,55.0,0.034,0.0,0.0,0.0,0.0,48.048048048048045,optimal
2021-02-08 11:00:00,1,35,0.0,0.0,0.0,0.14553333333333332,13.8495,6.0,3,21.08365566928075,55.0,0.03266666666666666,0.0,0.0,0.0,0.0,48.0,optimal
2021-02-08 11:30:00,1,35,0.0,0.0,0.0,0.1866,13.23,6.0,3,20.93761158663868,55.0,0.03266666666666666,0.0,0.0,0.0,0.0,47.25748327808671,optimal
2021-02-08 12:00:00,1,35,0.0,0.0,0.0,0.11246666666666669,13.3665,6.0,3,20.782545264366963,55.0,0.03266666666666666,0.0,0.0,0.0,0.0,46.51570907289533,optimal
2021-02-08 12:30:00,1,35,0.0,0.0,0.0,0.2818,13.0515,6.0,3,20.638125099472358,55.0,0.03266666666666666,0.0,0.0,0.0,0.0,45.77467664190915,optimal
2021-02-08 13:00:00,1,35,0.0,0.0,0.0,0.14206666666666667,13.5345,6.0,3,20.519124169309343,55.0,0.03266666666666666,0.0,0.0,0.0,0.0,45.03438524335395,optimal
2021-02-08 13:30:00,1,35,0.0,0.0,0.0,0.20980000000000001,14.154,6.0,3,20.382523587278484,55.0,0.03266666666666666,0.0,0.0,0.0,0.0,44.29483413619731,optimal
2021-02-08 14:00:00,1,35,0.0,0.0,0.0,0.1894,14.112,6.0,3,20.25753824164076,55.0,0.03266666666666666,0.0,0.0,0.0,0.0,43.556022580147825,optimal
2021-02-08 14:30:00,1,35,0.0,0.0,0.0,0.09766666666666668,14.2485,6.0,3,20.134485279389104,55.0,0.03266666666666666,0.0,0.0,0.0,0.0,42.81794983565439,optimal
2021-02-08 15:00:00,1,35,0.7632407997631527,0.0,0.0,0.085,12.789,6.0,3,20.0,55.0,0.03266666666666666,2671.3427991710346,0.0,0.0,0.0,42.08061516390545,optimal
2021-02-08 15:30:00,1,35,0.0,0.0,0.0,0.26206666666666667,13.0095,6.0,3,20.150797687337274,55.0,0.03266666666666666,0.0,0.0,0.0,0.0,41.34401782682826,optimal
2021-02-08 16:00:00,1,35,2.0,0.0,0.0,0.18146666666666667,12.1275,6.0,3,20.0,55.0,0.03266666666666666,7000.0,0.0,0.0,0.0,40.60815708708814,optimal
2021-02-08 16:30:00,1,35,0.6271433148782741,0.0,0.0,0.35083333333333333,12.348,6.0,3,20.650464524205926,55.0,0.03266666666666666,2195.0016020739595,0.0,0.0,0.0,39.873032208087764,optimal
2021-02-08 17:00:00,1,35,2.0,0.0,0.0,0.2713333333333333,12.348,6.0,3,20.767769082483387,55.0,0.03266666666666666,7000.0,0.0,0.0,0.0,39.13864245396639,optimal
2021-02-08 17:30:00,1,35,0.0,0.0,0.0,0.073,25.389,6.0,3,21.454445316873926,55.0,0.03266666666666666,0.0,0.0,0.0,0.0,38.40498708959914,optimal
2021-02-08 18:00:00,1,35,0.0,0.0,0.0,0.2740666666666667,29.1375,6.0,3,21.17060364802629,55.0,0.03266666666666666,0.0,0.0,0.0,0.0,37.67206538059625,optimal
2021-02-08 18:30:00,1,35,0.0,0.0,0.0,0.1608,30.597,6.0,3,20.897990240697048,55.0,0.03266666666666666,0.0,0.0,0.0,0.0,37.634393315215654,optimal
2021-02-08 19:00:00,1,35,0.0,0.0,0.0,0.2137333333333333,33.684,6.0,3,20.62842546276779,55.0,0.028,0.0,0.0,0.0,0.0,37.59675892190044,optimal
2021-02-08 19:30:00,1,35,0.0,0.0,0.0,0.5471333333333334,32.445,6.0,3,20.391167349615788,55.0,0.028,0.0,0.0,0.0,0.0,37.55916216297854,optimal
2021-02-08 20:00:00,1,35,0.0,0.0,0.0,0.24430000000000002,28.917,6.0,3,20.204206888454753,55.0,0.028,0.0,0.0,0.0,0.0,37.52160300081556,optimal
2021-02-08 20:30:00,1,35,0.0,0.0,0.0,1.5866,15.876,6.0,3,20.0,55.0,0.02666666666666667,0.0,0.0,0.0,0.0,37.48408139781474,optimal
2021-02-08 21:00:00,1,35,0.0,0.0,0.0,1.0294333333333334,12.348,6.0,3,19.89117219355687,55.0,0.025333333333333333,0.0,0.0,0.0,0.0,37.44659731641693,optimal
2021-02-08 21:30:00,1,35,0.0,0.0,0.0,0.7474333333333333,12.1275,6.0,3,19.74259940796686,55.0,0.024666666666666667,0.0,0.0,0.0,0.0,37.40915071910051,optimal
2021-02-08 22:00:00,1,35,0.0,0.0,0.0,0.20446666666666666,12.348,6.0,3,19.64623850698904,55.0,0.024666666666666667,0.0,0.0,0.0,0.0,37.37174156838141,optimal
2021-02-08 22:30:00,1,35,0.0,0.0,0.0,0.3592333333333333,12.1275,6.0,3,19.38701729080873,55.0,0.024666666666666667,0.0,0.0,0.0,0.0,37.33436982681303,optimal
2021-02-08 23:00:00,1,35,0.0,0.0,0.0,0.19446666666666668,12.1275,6.0,3,19.142003138043894,55.0,0.024666666666666667,0.0,0.0,0.0,0.0,37.297035456986215,optimal
2021-02-08 23:30:00,1,35,0.0,0.0,0.0,0.09433333333333331,11.2665,6.0,3,18.89670160272687,55.0,0.024666666666666667,0.0,0.0,0.0,0.0,37.25973842152923,optimal
2021-02-09 00:00:00,1,35,0.0,0.0,0.0,0.38966666666666666,10.8045,6.0,1,18.89670160272687,55.0,0.024666666666666667,0.0,0.0,0.0,0.0,37.222478683107695,optimal
2021-02-09 00:30:00,1,35,2.0,0.0,9.0,0.4651666666666667,10.584,6.0,1,18.722228696954897,55.0,0.030666666666666665,6233.666666666667,0.0,766.3333333333334,0.0,41.46025620442459,optimal
2021-02-09 01:00:00,1,35,0.0,0.0,0.0,0.15066666666666667,11.2455,6.0,1,19.34611854075957,55.0,0.030666666666666665,0.0,0.0,0.0,0.0,41.418795948220165,optimal
2021-02-09 01:30:00,1,35,0.0,0.0,0.0,0.19786666666666666,12.1275,6.0,1,19.093772556962886,55.0,0.030666666666666665,0.0,0.0,0.0,0.0,41.37737715227195,optimal
2021-02-09 02:00:00,1,35,0.0,0.0,0.0,0.06,11.823,6.0,1,18.849337146933937,55.0,0.030666666666666665,0.0,0.0,0.0,0.0,41.335999775119674,optimal
2021-02-09 02:30:00,1,35,0.0,0.0,0.0,0.25839999999999996,11.7705,6.0,1,18.59042865309052,55.0,0.030666666666666665,0.0,0.0,0.0,0.0,41.29466377534455,optimal
2021-02-09 03:00:00,1,35,2.0,0.0,0.0,0.1128,11.13,6.0,1,18.359916666734495,55.0,0.030666666666666665,7000.0,0.0,0.0,0.0,41.25336911156921,optimal
2021-02-09 03:30:00,1,35,1.2772807274413158,0.0,0.0,0.1164,11.6865,6.0,1,18.95825586881172,55.0,0.030666666666666665,4470.482546044605,0.0,0.0,0.0,41.212115742457634,optimal
2021-02-09 04:00:00,1,35,2.0,0.0,7.195361136236628,0.14146666666666666,10.7205,6.0,1,19.245369954332077,55.0,0.030666666666666665,7000.0,0.0,0.0,0.0,44.58870016642757,optimal
2021-02-09 04:30:00,1,35,2.0,0.0,0.0,0.17393333333333333,11.424,6.0,1,19.837118982291788,55.0,0.030666666666666665,7000.0,0.0,0.0,0.0,44.544111466261135,optimal
2021-02-09 05:00:00,1,35,2.0,0.0,9.0,0.19726666666666667,10.689,6.0,1,20.422642853878656,55.0,0.030666666666666665,7000.0,0.0,0.0,0.0,48.774567354794875,optimal
2021-02-09 05:30:00,1,35,2.0,0.0,0.0,0.06,11.361,6.0,1,21.000933794317632,55.0,0.030666666666666665,7000.0,0.0,0.0,0.0,48.72579278744007,optimal
2021-02-09 06:00:00,1,35,2.0,0.0,0.0,0.2673333333333333,11.571,6.0,1,21.554238491420552,55.0,0.030666666666666665,7000.0,0.0,0.0,0.0,48.67706699465263,optimal
2021-02-09 06:30:00,1,35,0.0,0.0,0.0,0.10386666666666666,14.3745,6.0,1,22.124386246238195,55.0,0.030666666666666665,0.0,0.0,0.0,0.0,48.62838992765797,optimal
2021-02-09 07:00:00,1,35,0.0,0.0,0.0,0.06,13.23,6.0,1,21.823520503604207,55.0,0.030666666666666665,0.0,0.0,0.0,0.0,48.579761537730306,optimal
2021-02-09 07:30:00,1,35,0.0,0.0,0.0,0.33853333333333335,13.9755,6.0,1,21.521050872352586,55.0,0.029333333333333333,0.0,0.0,0.0,0.0,48.53118177619257,optimal
2021-02-09 08:00:00,1,35,0.0,0.0,0.0,0.23466666666666663,14.994,6.0,1,21.257587477049473,55.0,0.02666666666666667,0.0,0.0,0.0,0.0,48.48265059441637,optimal
2021-02-09 08:30:00,1,35,0.0,0.0,0.0,0.06866666666666667,13.671,6.0,1,20.98456654784256,55.0,0.02666666666666667,0.0,0.0,0.0,0.0,48.434167943821954,optimal
2021-02-09 09:00:00,1,35,0.0,0.0,0.0,0.23453333333333334,15.981,6.0,1,20.694198139749783,55.0,0.02666666666666667,0.0,0.0,0.0,0.0,48.38573377587813,optimal
2021-02-09 09:30:00,1,35,0.0,0.0,0.0,0.145,15.6345,6.0,1,20.45866262107403,55.0,0.02666666666666667,0.0,0.0,0.0,0.0,48.33734804210225,optimal
2021-02-09 10:00:00,1,35,0.0,0.0,0.0,0.37523333333333336,16.5375,6.0,1,20.221200544174334,55.0,0.02666666666666667,0.0,0.0,0.0,0.0,48.289010694060146,optimal
2021-02-09 10:30:00,1,35,0.0,0.0,0.0,1.8703666666666663,14.7735,6.0,1,20.07547575811722,55.0,0.02666666666666667,0.0,0.0,0.0,0.0,48.240721683366075,optimal
2021-02-09 11:00:00,1,35,0.0,0.0,0.0,4.1889666666666665,15.2145,6.0,1,20.0,55.0,0.024666666666666667,0.0,0.0,0.0,0.0,48.192480961682705,optimal
2021-02-09 11:30:00,1,35,0.15700567204303278,0.0,0.0,1.6431,14.553,6.0,1,20.00242222691613,55.0,0.018,549.5198521506147,0.0,0.0,0.0,48.144288480721016,optimal
2021-02-09 12:00:00,1,35,0.5018741314515555,0.0,0.0,0.3387,14.3325,6.0,1,20.0,55.0,0.012666666666666666,1756.559460080444,0.0,0.0,0.0,48.096144192240295,optimal
2021-02-09 12:30:00,1,35,0.0,0.0,0.0,0.13426666666666667,14.595,6.0,1,20.15022976564446,55.0,0.008,0.0,0.0,0.0,0.0,48.048048048048045,optimal
2021-02-09 13:00:00,1,35,0.0,0.0,0.0,0.18059999999999998,14.994,6.0,1,20.062777371028343,55.0,0.006666666666666667,0.0,0.0,0.0,0.0,48.0,optimal
2021-02-09 13:30:00,1,35,0.22308131891514205,0.0,0.0,0.17766666666666667,14.3325,6.0,1,20.0,55.0,0.006666666666666667,780.7846162029972,0.0,0.0,0.0,46.905155778900934,optimal
2021-02-09 14:00:00,1,35,0.24717957448875602,0.0,0.0,0.17653333333333332,13.8915,6.0,1,20.0,55.0,0.006666666666666667,865.1285107106461,0.0,0.0,0.0,45.81140640202297,optimal
2021-02-09 14:30:00,1,35,0.23802327560547262,0.0,0.0,0.21466666666666662,13.8915,6.0,1,20.0,55.0,0.006666666666666667,833.0814646191542,0.0,0.0,0.0,44.71875077452188,optimal
2021-02-09 15:00:00,1,35,2.0,0.0,0.0,0.13893333333333333,13.4715,6.0,1,20.0,55.0,0.006666666666666667,7000.0,0.0,0.0,0.0,43.627187802648294,optimal
2021-02-09 15:30:00,1,35,2.0,0.0,0.0,0.14626666666666668,13.23,6.0,1,20.695604540764982,55.0,0.004666666666666667,7000.0,0.0,0.0,0.0,42.53671639374658,optimal
2021-02-09 16:00:00,1,35,1.6855318926862852,0.0,0.0,0.1403,13.8915,6.0,1,21.396823400031405,55.0,0.002,5899.361624401998,0.0,0.0,0.0,41.44733545625377,optimal
2021-02-09 16:30:00,1,35,0.0,0.0,0.0,0.5027333333333334,26.9325,6.0,1,21.91863972490012,55.0,0.0,0.0,0.0,0.0,0.0,40.35904389969845,optimal
2021-02-09 17:00:00,1,35,0.0,0.0,0.0,0.0888,30.303,6.0,1,21.816546335409825,55.0,0.0,0.0,0.0,0.0,0.0,39.271840634699686,optimal
2021-02-09 17:30:00,1,35,0.0,0.0,0.0,0.08253333333333333,32.886,6.0,1,21.53333534935546,55.0,0.0,0.0,0.0,0.0,0.0,38.185724572965924,optimal
2021-02-09 18:00:00,1,35,0.0,0.0,0.0,0.19533333333333328,34.9965,6.0,1,21.25205372348563,55.0,0.0,0.0,0.0,0.0,0.0,37.10069462729389,optimal
2021-02-09 18:30:00,1,35,0.0,0.0,0.0,0.138,33.327,6.0,1,20.971715241257023,55.0,0.0,0.0,0.0,0.0,0.0,36.016749711567535,optimal
2021-02-09 19:00:00,1,35,0.0,0.0,0.0,0.15373333333333333,31.122,6.0,1,20.689316510351805,55.0,0.0,0.0,0.0,0.0,0.0,35.98073296185596,optimal
2021-02-09 19:30:00,1,35,0.0,0.0,0.0,0.4004666666666666,17.9025,6.0,1,20.429000456315592,55.0,0.0,0.0,0.0,0.0,0.0,35.94475222889411,optimal
2021-02-09 20:00:00,1,35,0.0,0.0,0.0,0.37073333333333336,15.6555,6.0,1,20.21453799338688,55.0,0.0,0.0,0.0,0.0,0.0,35.90880747666522,optimal
2021-02-09 20:30:00,1,35,0.0,0.0,0.0,0.6492333333333333,14.553,6.0,1,20.0,55.0,0.0,0.0,0.0,0.0,0.0,35.87289866918855,optimal
2021-02-09 21:00:00,1,35,0.0,0.0,0.0,0.5053333333333333,14.3325,6.0,1,19.824419686880777,55.0,0.0,0.0,0.0,0.0,0.0,35.83702577051936,optimal
2021-02-09 21:30:00,1,35,0.0,0.0,0.0,0.5362666666666667,13.335,6.0,1,19.674504300509184,55.0,0.0,0.0,0.0,0.0,0.0,35.80118874474884,optimal
2021-02-09 22:00:00,1,35,0.0,0.0,0.0,0.38446666666666657,12.1275,6.0,1,19.514020945407136,55.0,0.0,0.0,0.0,0.0,0.0,35.76538755600409,optimal
2021-02-09 22:30:00,1,35,0.0,0.0,0.0,0.6074666666666667,12.2955,6.0,1,19.33942647437963,55.0,0.0,0.0,0.0,0.0,0.0,35.72962216844809,optimal
2021-02-09 23:00:00,1,35,0.0,0.0,0.0,0.48353333333333337,11.6865,6.0,1,19.174859602104902,55.0,0.0,0.0,0.0,0.0,0.0,35.69389254627964,optimal
2021-02-09 23:30:00,1,35,0.0,0.0,0.0,0.5411333333333334,11.466,6.0,1,18.997560737929668,55.0,0.0,0.0,0.0,0.0,0.0,35.658198653733365,optimal
2021-02-10 00:00:00,1,35,2.0,0.0,0.0,0.056,10.8045,6.0,0,18.997560737929668,55.0,0.0,7000.0,0.0,0.0,0.0,35.62254045507963,optimal
2021-02-10 00:30:00,1,35,1.5724761904761906,0.0,0.0,0.056,11.508,6.0,0,19.576797101090477,55.0,0.05266666666666667,0.0,0.0,5503.666666666667,0.0,35.58691791462455,optimal
2021-02-10 01:00:00,1,35,0.0,0.0,0.0,0.1148,11.508,6.0,0,19.30382334717584,55.0,0.05266666666666667,0.0,0.0,0.0,0.0,35.55133099670993,optimal
2021-02-10 01:30:00,1,35,0.049782544623851205,0.0,0.0,0.056,11.508,6.0,0,19.04045803802563,55.0,0.05266666666666667,174.2389061834792,0.0,0.0,0.0,35.51577966571322,optimal
2021-02-10 02:00:00,1,35,0.0,0.0,0.0,0.105,11.844,6.0,0,18.793375413392393,55.0,0.05266666666666667,0.0,0.0,0.0,0.0,35.4802638860475,optimal
2021-02-10 02:30:00,1,35,2.0,0.0,0.0,0.0658,11.508,6.0,0,18.53337788851342,55.0,0.05266666666666667,7000.0,0.0,0.0,0.0,35.44478362216145,optimal
2021-02-10 03:00:00,1,35,2.0,0.0,0.0,0.1148,11.508,6.0,0,19.114733467048698,55.0,0.05266666666666667,7000.0,0.0,0.0,0.0,35.40933883853929,optimal
2021-02-10 03:30:00,1,35,2.0,0.0,0.0,0.056,10.4475,6.0,0,19.693470099998176,55.0,0.05266666666666667,7000.0,0.0,0.0,0.0,35.37392949970075,optimal
2021-02-10 04:00:00,1,35,2.0,0.0,0.0,0.09846666666666669,10.8675,6.0,0,20.256655314798902,55.0,0.05266666666666667,7000.0,0.0,0.0,0.0,35.33855557020105,optimal
2021-02-10 04:30:00,1,35,2.0,0.0,0.0,0.07233333333333333,10.542,6.0,0,20.816701603831497,55.0,0.05266666666666667,7000.0,0.0,0.0,0.0,35.30321701463085,optimal
2021-02-10 05:00:00,1,35,2.0,0.0,0.0,0.056,11.025,6.0,0,21.36393613414421,55.0,0.05266666666666667,7000.0,0.0,0.0,0.0,35.267913797616224,optimal
2021-02-10 05:30:00,1,35,2.0,0.0,0.0,0.056,11.025,6.0,0,21.89972571856187,55.0,0.05266666666666667,7000.0,0.0,0.0,0.0,35.232645883818606,optimal
2021-02-10 06:00:00,1,35,0.0,0.0,0.0,0.1168,14.553,6.0,0,22.426203261949038,55.0,0.05266666666666667,0.0,0.0,0.0,0.0,35.19741323793479,optimal
2021-02-10 06:30:00,1,35,2.0,0.0,0.0,0.066,13.0935,6.0,0,22.108318414657603,55.0,0.05266666666666667,7000.0,0.0,0.0,0.0,35.16221582469685,optimal
2021-02-10 07:00:00,1,35,0.0,0.0,0.0,0.066,15.6345,6.0,0,22.633205463852292,55.0,0.05266666666666667,0.0,0.0,0.0,0.0,35.12705360887215,optimal
2021-02-10 07:30:00,1,35,0.0,0.0,0.0,0.1248,18.102,6.0,0,22.31107234470874,55.0,0.05266666666666667,0.0,0.0,0.0,0.0,35.09192655526328,optimal
2021-02-10 08:00:00,1,35,0.0,0.0,0.0,0.14013333333333333,17.199,6.0,0,22.0,55.0,0.05266666666666667,0.0,0.0,0.0,0.0,35.05683462870802,optimal
2021-02-10 08:30:00,1,35,0.0,0.0,0.0,1.1745,18.2805,6.0,0,21.711370241008826,55.0,0.050666666666666665,0.0,0.0,0.0,0.0,35.02177779407931,optimal
2021-02-10 09:00:00,1,35,0.0,0.0,0.0,0.5626,17.4615,6.0,0,21.480353449424904,55.0,0.050666666666666665,0.0,0.0,0.0,0.0,34.986756016285234,optimal
2021-02-10 09:30:00,1,35,0.0,0.0,0.0,0.20996666666666666,18.3225,6.0,0,21.260908818604868,55.0,0.050666666666666665,0.0,0.0,0.0,0.0,34.95176926026895,optimal
2021-02-10 10:00:00,1,35,0.0,0.0,0.0,1.5122,17.094,6.0,0,21.02741091556438,55.0,0.030666666666666665,0.0,0.0,0.0,0.0,34.91681749100868,optimal
2021-02-10 10:30:00,1,35,0.0,0.0,0.0,0.28186666666666665,17.094,6.0,0,20.892586749111317,55.0,0.029333333333333333,0.0,0.0,0.0,0.0,34.88190067351767,optimal
2021-02-10 11:00:00,1,35,0.0,0.0,0.0,0.37023333333333336,17.094,6.0,0,20.7143584811222,55.0,0.029333333333333333,0.0,0.0,0.0,0.0,34.84701877284415,optimal
2021-02-10 11:30:00,1,35,0.0,0.0,0.0,0.1035,17.3565,6.0,0,20.59622206978677,55.0,0.029333333333333333,0.0,0.0,0.0,0.0,34.81217175407131,optimal
2021-02-10 12:00:00,1,35,0.0,0.0,0.0,0.13386666666666666,17.115,6.0,0,20.450189085481988,55.0,0.029333333333333333,0.0,0.0,0.0,0.0,34.77735958231724,optimal
2021-02-10 12:30:00,1,35,0.0,0.0,0.0,1.7243666666666666,17.241,6.0,0,20.359751776472667,55.0,0.029333333333333333,0.0,0.0,0.0,0.0,34.742582222734924,optimal
2021-02-10 13:00:00,1,35,0.0,0.0,0.0,0.2874,17.094,6.0,0,20.32046484809557,55.0,0.029333333333333333,0.0,0.0,0.0,0.0,34.70783964051219,optimal
2021-02-10 13:30:00,1,35,1.5460604448901547,0.0,0.0,0.29919999999999997,16.5165,6.0,0,20.234987659137516,55.0,0.029333333333333333,5411.211557115542,0.0,0.0,0.0,34.67313180087168,optimal
2021-02-10 14:00:00,1,35,0.0,0.0,0.0,0.21746666666666667,17.8185,6.0,0,20.815557592768993,55.0,0.02666666666666667,0.0,0.0,0.0,0.0,34.63845866907081,optimal
2021-02-10 14:30:00,1,35,0.0,0.0,0.0,0.22130000000000002,17.094,6.0,0,20.725521059288717,55.0,0.024,0.0,0.0,0.0,0.0,34.603820210401736,optimal
2021-02-10 15:00:00,1,35,2.0,0.0,0.0,0.064,16.8945,6.0,0,20.66114380068193,55.0,0.024,7000.0,0.0,0.0,0.0,34.569216390191336,optimal
2021-02-10 15:30:00,1,35,0.0,0.0,0.0,1.384,18.123,6.0,0,21.401317378803004,55.0,0.023333333333333334,0.0,0.0,0.0,0.0,34.53464717380115,optimal
2021-02-10 16:00:00,1,35,0.0,0.0,0.0,0.1666,31.647,6.0,0,21.319129459510005,55.0,0.021333333333333333,0.0,0.0,0.0,0.0,34.50011252662735,optimal
2021-02-10 16:30:00,1,35,0.0,0.0,0.0,0.23633333333333328,34.9965,6.0,0,21.157065559065522,55.0,0.02,0.0,0.0,0.0,0.0,34.46561241410072,optimal
2021-02-10 17:00:00,1,35,0.0,0.0,0.0,1.571,34.9965,6.0,0,21.003879362035455,55.0,0.014666666666666666,0.0,0.0,0.0,0.0,34.431146801686616,optimal
2021-02-10 17:30:00,1,35,0.0,0.0,0.0,0.2424333333333333,34.9965,6.0,0,20.853538361088162,55.0,0.008666666666666666,0.0,0.0,0.0,0.0,34.39671565488493,optimal
2021-02-10 18:00:00,1,35,0.0,0.0,0.0,0.17773333333333333,34.9965,6.0,0,20.65105574249053,55.0,0.007333333333333333,0.0,0.0,0.0,0.0,34.36231893923004,optimal
2021-02-10 18:30:00,1,35,0.0,0.0,0.0,0.2572,34.9965,6.0,0,20.416786383622263,55.0,0.004,0.0,0.0,0.0,0.0,34.32795662029081,optimal
2021-02-10 19:00:00,1,35,0.0,0.0,0.0,0.47103333333333336,27.741,6.0,0,20.19731191136556,55.0,0.004,0.0,0.0,0.0,0.0,34.293628663670525,optimal
2021-02-10 19:30:00,1,35,0.4241897303988676,0.0,0.0,0.4725666666666667,19.026,6.0,0,20.0,55.0,0.004,1484.6640563960366,0.0,0.0,0.0,34.259335035006856,optimal
2021-02-10 20:00:00,1,35,0.46681775979196877,0.0,0.0,0.4265333333333334,18.7215,6.0,0,20.0,55.0,0.004,1633.8621592718905,0.0,0.0,0.0,34.225075699971846,optimal
2021-02-10 20:30:00,1,35,0.0,0.0,0.0,0.5272333333333333,17.4195,6.0,0,20.0,55.0,0.004,0.0,0.0,0.0,0.0,34.190850624271874,optimal
2021-02-10 21:00:00,1,35,0.0,0.0,0.0,0.35836666666666667,16.758,6.0,0,19.805287321955074,55.0,0.0,0.0,0.0,0.0,0.0,34.156659773647604,optimal
2021-02-10 21:30:00,1,35,0.0,0.0,0.0,0.43176666666666663,14.217,6.0,0,19.605330392476883,55.0,0.0,0.0,0.0,0.0,0.0,34.122503113873954,optimal
2021-02-10 22:00:00,1,35,0.0,0.0,0.0,0.066,13.3665,6.0,0,19.40981389609041,55.0,0.0,0.0,0.0,0.0,0.0,34.08838061076008,optimal
2021-02-10 22:30:00,1,35,0.0,0.0,0.0,0.1248,12.789,6.0,0,19.085094095743454,55.0,0.0,0.0,0.0,0.0,0.0,34.05429223014932,optimal
2021-02-10 23:00:00,1,35,0.0,0.0,0.0,0.066,11.907,6.0,0,18.76854367152965,55.0,0.0,0.0,0.0,0.0,0.0,34.02023793791917,optimal
2021-02-10 23:30:00,1,35,0.0,0.0,0.0,0.2337,11.7075,6.0,0,18.445892974168554,55.0,0.0,0.0,0.0,0.0,0.0,33.98621769998125,optimal
2021-02-11 00:00:00,1,35,0.40571571457892414,0.0,9.0,0.05,10.6365,6.0,3,18.445892974168554,55.0,0.0,1420.0050010262344,0.0,0.0,0.0,38.22723148228127,optimal
2021-02-11 00:30:00,1,35,0.0,0.0,0.0,0.16746666666666668,11.2455,6.0,3,18.301022678384797,55.0,0.0,0.0,0.0,0.0,0.0,38.18900425079899,optimal
2021-02-11 01:00:00,1,35,0.0,0.0,0.0,0.22433333333333327,11.2455,6.0,3,18.003013398688275,55.0,0.0,0.0,0.0,0.0,0.0,38.15081524654819,optimal
2021-02-11 01:30:00,1,35,2.0,0.0,0.0,0.09746666666666669,11.025,6.0,3,17.7176759038216,55.0,0.008666666666666666,6094.333333333333,0.0,905.6666666666666,0.0,38.112664431301646,optimal
2021-02-11 02:00:00,1,35,0.0,0.0,0.0,0.14880000000000002,12.0855,6.0,3,18.154541701052075,55.0,0.008666666666666666,0.0,0.0,0.0,0.0,38.07455176687034,optimal
2021-02-11 02:30:00,1,35,0.0,0.0,0.0,0.15313333333333332,11.6865,6.0,3,17.85789645387613,55.0,0.008666666666666666,0.0,0.0,0.0,0.0,38.036477215103474,optimal
2021-02-11 03:00:00,1,35,2.0,0.0,0.0,0.11359999999999999,11.2245,6.0,3,17.564652755625076,55.0,0.008666666666666666,7000.0,0.0,0.0,0.0,37.99844073788837,optimal
2021-02-11 03:30:00,1,35,2.0,0.0,0.0,0.05,11.025,6.0,3,18.111744348531865,55.0,0.008666666666666666,7000.0,0.0,0.0,0.0,37.960442297150486,optimal
2021-02-11 04:00:00,1,35,2.0,0.0,3.973781564744277,0.15533333333333335,10.7835,6.0,3,18.646832063819648,55.0,0.008666666666666666,7000.0,0.0,0.0,0.0,39.81002809810687,optimal
2021-02-11 04:30:00,1,35,2.0,0.0,0.0,0.18346666666666667,11.025,6.0,3,19.19041829855274,55.0,0.008666666666666666,7000.0,0.0,0.0,0.0,39.77021807000876,optimal
2021-02-11 05:00:00,1,35,2.0,0.0,9.0,0.15006666666666665,10.584,6.0,3,19.729428031229173,55.0,0.008666666666666666,7000.0,0.0,0.0,0.0,44.00544785193874,optimal
2021-02-11 05:30:00,1,35,2.0,0.0,0.0,0.11886666666666666,11.025,6.0,3,20.256524409479344,55.0,0.008666666666666666,7000.0,0.0,0.0,0.0,43.9614424040868,optimal
2021-02-11 06:00:00,1,35,2.0,0.0,9.0,0.2519333333333333,10.4265,6.0,3,20.775808237022346,55.0,0.008666666666666666,7000.0,0.0,0.0,0.0,48.192480961682705,optimal
2021-02-11 06:30:00,1,35,2.0,0.0,0.0,0.15046666666666667,12.789,6.0,3,21.30715901516566,55.0,0.008666666666666666,7000.0,0.0,0.0,0.0,48.144288480721016,optimal
2021-02-11 07:00:00,1,35,2.0,0.0,0.0,0.1504,12.684,6.0,3,21.82218022735151,55.0,0.008666666666666666,7000.0,0.0,0.0,0.0,48.096144192240295,optimal
2021-02-11 07:30:00,1,35,0.0,0.0,0.0,0.1884,16.254,6.0,3,22.333311806120516,55.0,0.008666666666666666,0.0,0.0,0.0,0.0,48.048048048048045,optimal
2021-02-11 08:00:00,1,35,0.0,0.0,0.0,0.11326666666666668,17.64,6.0,3,22.0,55.0,0.008666666666666666,0.0,0.0,0.0,0.0,48.0,optimal
2021-02-11 08:30:00,1,35,0.0,0.0,0.0,0.22206666666666663,19.1625,6.0,3,21.66758689690945,55.0,0.008666666666666666,0.0,0.0,0.0,0.0,47.83927427883003,optimal
2021-02-11 09:00:00,1,35,0.0,0.0,0.0,0.1238,26.46,6.0,3,21.338142289660034,55.0,0.008666666666666666,0.0,0.0,0.0,0.0,47.67870928338124,optimal
2021-02-11 09:30:00,1,35,0.0,0.0,0.0,0.1118,20.79,6.0,3,21.036075608974578,55.0,0.008666666666666666,0.0,0.0,0.0,0.0,47.51830485292789,optimal
2021-02-11 10:00:00,1,35,0.0,0.0,0.0,0.28353333333333336,29.106,6.0,3,20.761155838718796,55.0,0.008666666666666666,0.0,0.0,0.0,0.0,47.358060826904996,optimal
2021-02-11 10:30:00,1,35,0.0,0.0,0.0,0.08886666666666666,19.1835,6.0,3,20.59513871161573,55.0,0.008666666666666666,0.0,0.0,0.0,0.0,47.19797704490813,optimal
2021-02-11 11:00:00,1,35,0.0,0.0,0.0,0.16953333333333334,19.6665,6.0,3,20.39934239144784,55.0,0.008666666666666666,0.0,0.0,0.0,0.0,47.03805334669325,optimal
2021-02-11 11:30:00,1,35,0.0,0.0,0.0,0.103,19.404,6.0,3,20.254822903978834,55.0,0.008666666666666666,0.0,0.0,0.0,0.0,46.87828957217659,optimal
2021-02-11 12:00:00,1,35,0.0,0.0,0.0,0.2467333333333333,19.047,6.0,3,20.11539942699844,55.0,0.008666666666666666,0.0,0.0,0.0,0.0,46.71868556143445,optimal
2021-02-11 12:30:00,1,35,0.26645391928654966,0.0,0.0,0.1165,18.858,6.0,3,20.042870716469707,55.0,0.004666666666666666,932.5887175029238,0.0,0.0,0.0,46.559241154703045,optimal
2021-02-11 13:00:00,1,35,0.0,0.0,0.0,0.11866666666666668,19.2675,6.0,3,20.08925802020129,55.0,0.004666666666666666,0.0,0.0,0.0,0.0,46.399956192378376,optimal
2021-02-11 13:30:00,1,35,0.1651376801725935,0.0,0.0,0.2594666666666666,18.963,6.0,3,20.0,55.0,0.004666666666666666,577.9818806040772,0.0,0.0,0.0,46.24083051501603,optimal
2021-02-11 14:00:00,1,35,0.2097527456105806,0.0,0.0,0.4985333333333334,18.438,6.0,3,20.0,55.0,0.003999999999999999,734.1346096370321,0.0,0.0,0.0,46.081863963331045,optimal
2021-02-11 14:30:00,1,35,0.0,0.0,0.0,0.19326666666666667,18.7425,6.0,3,20.072125569258667,55.0,0.002666666666666666,0.0,0.0,0.0,0.0,45.92305637819775,optimal
2021-02-11 15:00:00,1,35,2.0,0.0,0.0,0.21453333333333333,15.2145,6.0,3,20.0,55.0,0.002666666666666666,7000.0,0.0,0.0,0.0,45.764407600649584,optimal
2021-02-11 15:30:00,1,35,0.0,0.0,0.0,0.11793333333333333,17.7765,6.0,3,20.72402133952056,55.0,0.002666666666666666,0.0,0.0,0.0,0.0,45.60591747187897,optimal
2021-02-11 16:00:00,1,35,1.1899872373538933,0.0,0.0,0.2348,16.758,6.0,3,20.566710027909657,55.0,0.002666666666666666,4164.955330738627,0.0,0.0,0.0,45.44758583323712,optimal
2021-02-11 16:30:00,1,35,2.0,0.0,0.0,0.06606666666666666,16.422,6.0,3,20.86202472175577,55.0,0.002666666666666666,7000.0,0.0,0.0,0.0,45.28941252623392,optimal
2021-02-11 17:00:00,1,35,2.0,0.0,0.0,0.24580000000000002,16.758,6.0,3,21.460651194370293,55.0,0.002666666666666666,7000.0,0.0,0.0,0.0,45.13139739253772,optimal
2021-02-11 17:30:00,1,35,0.0,0.0,0.0,0.12940000000000002,29.358,6.0,3,22.0,55.0,0.002666666666666666,0.0,0.0,0.0,0.0,44.97354027397522,optimal
2021-02-11 18:00:00,1,35,0.0,0.0,0.0,0.17313333333333333,34.9965,6.0,3,21.669593734698477,55.0,0.002666666666666666,0.0,0.0,0.0,0.0,44.81584101253128,optimal
2021-02-11 18:30:00,1,35,0.0,0.0,0.0,0.11040000000000001,34.65,6.0,3,21.3216094917135,55.0,0.002666666666666666,0.0,0.0,0.0,0.0,44.658299450348785,optimal
2021-02-11 19:00:00,1,35,0.0,0.0,0.0,0.2157333333333333,34.9965,6.0,3,20.957761660998884,55.0,0.002666666666666666,0.0,0.0,0.0,0.0,44.50091542972847,optimal
2021-02-11 19:30:00,1,35,0.0,0.0,0.0,0.051333333333333335,34.9965,6.0,3,20.60043006021122,55.0,0.002666666666666666,0.0,0.0,0.0,0.0,44.34368879312878,optimal
2021-02-11 20:00:00,1,35,0.37309211213389487,0.0,0.0,0.19213333333333332,30.4815,6.0,3,20.21667340300589,55.0,0.002666666666666666,1305.8223924686322,0.0,0.0,0.0,44.186619383165684,optimal
2021-02-11 20:30:00,1,35,0.0,0.0,0.0,0.11359999999999999,21.4305,6.0,3,20.0,55.0,0.002666666666666666,0.0,0.0,0.0,0.0,44.02970704261255,optimal
2021-02-11 21:00:00,1,35,0.0,0.0,0.0,0.24353333333333332,14.3325,6.0,3,19.622437549166754,55.0,0.002666666666666666,0.0,0.0,0.0,0.0,43.98567733556994,optimal
2021-02-11 21:30:00,1,35,0.0,0.0,0.0,0.11159999999999999,13.692,6.0,3,19.288536139293434,55.0,0.002666666666666666,0.0,0.0,0.0,0.0,43.94169165823437,optimal
2021-02-11 22:00:00,1,35,0.0,0.0,0.0,0.08586666666666666,14.007,6.0,3,18.989470082263377,55.0,0.0,0.0,0.0,0.0,0.0,43.897749966576136,optimal
2021-02-11 22:30:00,1,35,0.0,0.0,0.0,0.37856666666666666,12.873,6.0,3,18.67226829102139,55.0,0.0,0.0,0.0,0.0,0.0,43.85385221660956,optimal
2021-02-11 23:00:00,1,35,0.0,0.0,0.0,0.09073333333333332,12.684,6.0,3,18.38124995182862,55.0,0.0,0.0,0.0,0.0,0.0,43.80999836439295,optimal
2021-02-11 23:30:00,1,35,0.0,0.0,0.0,0.3135333333333334,12.306,6.0,3,18.04216922735705,55.0,0.0,0.0,0.0,0.0,0.0,43.76618836602856,optimal
2021-02-12 00:00:00,1,35,0.0,0.0,0.0,0.05,11.025,6.0,-2,18.04216922735705,55.0,0.0,0.0,0.0,0.0,0.0,43.72242217766253,optimal
2021-02-12 00:30:00,1,35,2.0,0.0,0.0,0.16746666666666668,10.3635,6.0,-2,17.685484085151103,55.0,0.006,6373.0,0.0,627.0,0.0,43.678699755484864,optimal
2021-02-12 01:00:00,1,35,2.0,0.0,0.0,0.22433333333333327,10.8045,6.0,-2,18.11497620663431,55.0,0.006,7000.0,0.0,0.0,0.0,43.63502105572938,optimal
2021-02-12 01:30:00,1,35,2.0,0.0,0.0,0.09746666666666669,10.059,6.0,-2,18.62046276715719,55.0,0.006,7000.0,0.0,0.0,0.0,43.591386034673654,optimal
2021-02-12 02:00:00,1,35,2.0,0.0,0.0,0.14880000000000002,10.584,6.0,-2,19.104745410094843,55.0,0.006,7000.0,0.0,0.0,0.0,43.547794648638984,optimal
2021-02-12 02:30:00,1,35,2.0,0.0,9.0,0.15313333333333332,9.4185,6.0,-2,19.589576274265305,55.0,0.006,7000.0,0.0,0.0,0.0,47.779246853990344,optimal
2021-02-12 03:00:00,1,35,2.0,0.0,0.0,0.11359999999999999,10.3635,6.0,-2,20.07222142816662,55.0,0.006,7000.0,0.0,0.0,0.0,47.73146760713635,optimal
2021-02-12 03:30:00,1,35,2.0,0.0,1.579856430089975,0.05,9.8385,6.0,-2,20.547434711081078,55.0,0.006,7000.0,0.0,0.0,0.0,48.434167943821954,optimal
2021-02-12 04:00:00,1,35,2.0,0.0,0.0,0.15533333333333335,11.067,6.0,-2,21.018287765084658,55.0,0.006,7000.0,0.0,0.0,0.0,48.38573377587813,optimal
2021-02-12 04:30:00,1,35,2.0,0.0,0.0,0.18346666666666667,10.8465,6.0,-2,21.505171035155414,55.0,0.006,7000.0,0.0,0.0,0.0,48.33734804210225,optimal
2021-02-12 05:00:00,1,35,0.0,0.0,0.0,0.15006666666666665,13.671,6.0,-2,21.998560792302293,55.0,0.006,0.0,0.0,0.0,0.0,48.289010694060146,optimal
2021-02-12 05:30:00,1,35,2.0,0.0,0.0,0.11886666666666666,12.348,6.0,-2,21.648696121753186,55.0,0.006,7000.0,0.0,0.0,0.0,48.240721683366075,optimal
2021-02-12 06:00:00,1,35,0.0,0.0,0.0,0.2519333333333333,14.3325,6.0,-2,22.15418050706327,55.0,0.006,0.0,0.0,0.0,0.0,48.192480961682705,optimal
2021-02-12 06:30:00,1,35,0.0,0.0,0.0,0.15046666666666667,15.393,6.0,-2,21.837727749881445,55.0,0.006,0.0,0.0,0.0,0.0,48.144288480721016,optimal
2021-02-12 07:00:00,1,35,0.0,0.0,0.0,0.1504,13.587,6.0,-2,21.515165750118676,55.0,0.006,0.0,0.0,0.0,0.0,48.096144192240295,optimal
2021-02-12 07:30:00,1,35,0.0,0.0,0.0,0.1884,16.1385,6.0,-2,21.19878474917097,55.0,0.006,0.0,0.0,0.0,0.0,48.048048048048045,optimal
2021-02-12 08:00:00,1,35,0.0,0.0,0.0,0.11326666666666668,14.595,6.0,-2,20.87842809747381,55.0,0.006,0.0,0.0,0.0,0.0,48.0,optimal
2021-02-12 08:30:00,1,35,0.0,0.0,0.0,0.22206666666666663,14.637,6.0,-2,20.544866303559257,55.0,0.006,0.0,0.0,0.0,0.0,47.707290973174835,optimal
2021-02-12 09:00:00,1,35,0.21108613423132144,0.0,0.0,0.1238,13.9125,6.0,-2,20.21355750871365,55.0,0.006,738.801469809625,0.0,0.0,0.0,47.4148746553765,optimal
2021-02-12 09:30:00,1,35,0.6376789669199063,0.0,0.0,0.1118,13.3665,6.0,-2,20.0,55.0,0.006,2231.876384219672,0.0,0.0,0.0,47.122750753895964,optimal
2021-02-12 10:00:00,1,35,0.8077460200758482,0.0,0.0,0.28353333333333336,13.0095,6.0,-2,20.0,55.0,0.006,2827.1110702654687,0.0,0.0,0.0,46.83091897631691,optimal
2021-02-12 10:30:00,1,35,0.0,0.0,0.0,0.08886666666666666,13.8915,6.0,-2,20.180185089536444,55.0,0.006,0.0,0.0,0.0,0.0,46.53937903051543,optimal
2021-02-12 11:00:00,1,35,0.273160594606519,0.0,0.0,0.16953333333333334,13.188,6.0,-2,20.0,55.0,0.006,956.0620811228165,0.0,0.0,0.0,46.24813062465975,optimal
2021-02-12 11:30:00,1,35,0.2904311792040922,0.0,0.0,0.103,12.5685,6.0,-2,20.0,55.0,0.006,1016.5091272143228,0.0,0.0,0.0,45.95717346720993,optimal
2021-02-12 12:00:00,1,35,0.2061469722189357,0.0,0.0,0.2467333333333333,12.285,6.0,-2,20.0,55.0,0.006,721.5144027662749,0.0,0.0,0.0,45.666507266917556,optimal
2021-02-12 12:30:00,1,35,0.4590644576705107,0.0,0.0,0.1165,11.487,6.0,-2,20.0,55.0,0.0019999999999999996,1606.7256018467874,0.0,0.0,0.0,45.37613173282548,optimal
2021-02-12 13:00:00,1,35,0.0,0.0,0.0,0.11866666666666668,11.802,6.0,-2,20.103365266440544,55.0,0.0019999999999999996,0.0,0.0,0.0,0.0,45.08604657426749,optimal
2021-02-12 13:30:00,1,35,2.0,0.0,0.0,0.2594666666666666,11.2245,6.0,-2,20.0,55.0,0.0019999999999999996,7000.0,0.0,0.0,0.0,44.79625150086806,optimal
2021-02-12 14:00:00,1,35,2.0,0.0,0.0,0.4985333333333334,11.025,6.0,-2,20.755887252167053,55.0,0.001333333333333333,7000.0,0.0,0.0,0.0,44.50674622254203,optimal
2021-02-12 14:30:00,1,35,1.1286514935472411,0.0,0.0,0.19326666666666667,11.907,6.0,-2,21.533097174795802,55.0,0.0,3950.280227415344,0.0,0.0,0.0,44.21753044949432,optimal
2021-02-12 15:00:00,1,35,0.0,0.0,0.0,0.21453333333333333,25.83,6.0,-2,21.880772205388915,55.0,0.0,0.0,0.0,0.0,0.0,43.92860389221966,optimal
2021-02-12 15:30:00,1,35,0.0,0.0,0.0,0.11793333333333333,28.035,6.0,-2,21.720911628659447,55.0,0.0,0.0,0.0,0.0,0.0,43.63996626150228,optimal
2021-02-12 16:00:00,1,35,0.0,0.0,0.0,0.2348,28.119,6.0,-2,21.54957226211341,55.0,0.0,0.0,0.0,0.0,0.0,43.351617268415616,optimal
2021-02-12 16:30:00,1,35,0.0,0.0,0.0,0.06606666666666666,30.156,6.0,-2,21.339111698273374,55.0,0.0,0.0,0.0,0.0,0.0,43.06355662432204,optimal
2021-02-12 17:00:00,1,35,0.0,0.0,0.0,0.24580000000000002,29.1585,6.0,-2,21.107037183665778,55.0,0.0,0.0,0.0,0.0,0.0,42.77578404087255,optimal
2021-02-12 17:30:00,1,35,0.0,0.0,0.0,0.12940000000000002,26.712,6.0,-2,20.846465353656505,55.0,0.0,0.0,0.0,0.0,0.0,42.48829923000652,optimal
2021-02-12 18:00:00,1,35,0.0,0.0,0.0,0.17313333333333333,15.435,6.0,-2,20.57524240914514,55.0,0.0,0.0,0.0,0.0,0.0,42.20110190395135,optimal
2021-02-12 18:30:00,1,35,0.0,0.0,0.0,0.11040000000000001,13.566,6.0,-2,20.29015503758269,55.0,0.0,0.0,0.0,0.0,0.0,41.914191775222235,optimal
2021-02-12 19:00:00,1,35,0.6482569391010032,0.0,0.0,0.2157333333333333,12.789,6.0,-2,20.0,55.0,0.0,2268.8992868535115,0.0,0.0,0.0,41.62756855662185,optimal
2021-02-12 19:30:00,1,35,1.3733951390826569,0.0,0.0,0.051333333333333335,12.1275,6.0,-2,20.0,55.0,0.0,4806.882986789299,0.0,0.0,0.0,41.34123196124007,optimal
2021-02-12 20:00:00,1,35,0.0,0.0,0.0,0.19213333333333332,13.671,6.0,-2,20.283971888425295,55.0,0.0,0.0,0.0,0.0,0.0,41.055181702453666,optimal
2021-02-12 20:30:00,1,35,0.0796190476190476,0.0,0.0,0.11359999999999999,10.668,6.0,-2,20.0,55.0,0.002666666666666666,0.0,0.0,278.66666666666663,0.0,40.76941749392605,optimal
2021-02-12 21:00:00,1,35,0.0,0.0,0.0,0.24353333333333332,11.7285,6.0,-2,19.7095837457849,55.0,0.002666666666666666,0.0,0.0,0.0,0.0,40.72864807643212,optimal
2021-02-12 21:30:00,1,35,0.0,0.0,0.0,0.11159999999999999,11.025,6.0,-2,19.45789054786762,55.0,0.002666666666666666,0.0,0.0,0.0,0.0,40.68791942835569,optimal
2021-02-12 22:00:00,1,35,0.0,0.0,0.0,0.08586666666666666,10.689,6.0,-2,19.23543472094685,55.0,0.0,0.0,0.0,0.0,0.0,40.647231508927334,optimal
2021-02-12 22:30:00,1,35,0.0,0.0,0.0,0.37856666666666666,8.1585,6.0,-2,18.98932716835843,55.0,0.0,0.0,0.0,0.0,0.0,40.606584277418406,optimal
2021-02-12 23:00:00,1,35,0.0,0.0,0.0,0.09073333333333332,10.3635,6.0,-2,18.7771496435286,55.0,0.0,0.0,0.0,0.0,0.0,40.56597769314099,optimal
2021-02-12 23:30:00,1,35,0.0,0.0,0.0,0.3135333333333334,10.8045,6.0,-2,18.524542849531038,55.0,0.0,0.0,0.0,0.0,0.0,40.525411715447845,optimal
2021-02-13 00:00:00,1,35,0.0,0.0,0.0,0.064,8.2005,6.0,3,18.524542849531038,55.0,0.0,0.0,0.0,0.0,0.0,40.484886303732395,optimal
2021-02-13 00:30:00,1,35,0.0,0.0,0.0,0.064,9.5655,6.0,3,18.259059327507813,55.0,0.0,0.0,0.0,0.0,0.0,40.444401417428665,optimal
2021-02-13 01:00:00,1,35,2.0,0.0,9.0,0.064,7.056,6.0,3,17.998196509524927,55.0,0.036,3238.0,0.0,3762.0,0.0,44.67895701601123,optimal
2021-02-13 01:30:00,1,35,0.0,0.0,0.0,0.064,9.3975,6.0,3,18.13149293340037,55.0,0.036,0.0,0.0,0.0,0.0,44.63427805899522,optimal
2021-02-13 02:00:00,1,35,0.0,0.0,0.0,0.064,10.059,6.0,3,17.873963148312367,55.0,0.036,0.0,0.0,0.0,0.0,44.58964378093623,optimal
2021-02-13 02:30:00,1,35,0.0,0.0,0.0,0.064,9.261,6.0,3,17.620937573496168,55.0,0.036,0.0,0.0,0.0,0.0,44.54505413715529,optimal
2021-02-13 03:00:00,1,35,2.0,0.0,0.0,0.064,8.1585,6.0,3,17.371617917418178,55.0,0.036,7000.0,0.0,0.0,0.0,44.50050908301814,optimal
2021-02-13 03:30:00,1,35,0.0,0.0,0.0,0.064,9.4815,6.0,3,17.96821163793079,55.0,0.036,0.0,0.0,0.0,0.0,44.45600857393512,optimal
2021-02-13 04:00:00,1,35,2.0,0.0,0.0,0.064,8.379,6.0,3,17.713073339209014,55.0,0.036,7000.0,0.0,0.0,0.0,44.411552565361184,optimal
2021-02-13 04:30:00,1,35,0.0,0.0,0.0,0.064,9.5235,6.0,3,18.303201318379518,55.0,0.036,0.0,0.0,0.0,0.0,44.36714101279582,optimal
2021-02-13 05:00:00,1,35,2.0,0.0,0.0,0.064,8.1375,6.0,3,18.040959657296376,55.0,0.036,7000.0,0.0,0.0,0.0,44.32277387178302,optimal
2021-02-13 05:30:00,1,35,0.0,0.0,0.0,0.064,10.0905,6.0,3,18.62335599195124,55.0,0.036,0.0,0.0,0.0,0.0,44.27845109791124,optimal
2021-02-13 06:00:00,1,35,2.0,0.0,8.434840076953169,0.064,7.539,6.0,3,18.353495927262223,55.0,0.036,7000.0,0.0,0.0,0.0,48.240721683366075,optimal
2021-02-13 06:30:00,1,35,2.0,0.0,0.0,0.064,7.938,6.0,3,18.92838544064711,55.0,0.036,7000.0,0.0,0.0,0.0,48.192480961682705,optimal
2021-02-13 07:00:00,1,35,2.0,0.0,0.0,0.8423666666666667,8.274,6.0,3,19.494122560015512,55.0,0.013333333333333334,7000.0,0.0,0.0,0.0,48.144288480721016,optimal
2021-02-13 07:30:00,1,35,2.0,0.0,0.0,0.805,9.261,6.0,3,20.081913573853452,55.0,0.013333333333333334,7000.0,0.0,0.0,0.0,48.096144192240295,optimal
2021-02-13 08:00:00,1,35,0.9740482002073142,0.0,0.0,0.15319999999999998,9.9225,6.0,3,20.66719678310627,55.0,0.008666666666666666,3409.1687007255996,0.0,0.0,0.0,48.048048048048045,optimal
2021-02-13 08:30:00,1,35,2.0,0.0,0.0,0.17626666666666668,9.702,6.0,3,20.812123322305084,55.0,0.008666666666666666,7000.0,0.0,0.0,0.0,48.0,optimal
2021-02-13 09:00:00,1,35,0.0,0.0,0.0,0.24969999999999998,10.584,6.0,3,21.379860796626296,55.0,0.008666666666666666,0.0,0.0,0.0,0.0,47.915394287917536,optimal
2021-02-13 09:30:00,1,35,2.0,0.0,0.0,0.074,10.143,6.0,3,21.091934266341735,55.0,0.008666666666666666,7000.0,0.0,0.0,0.0,47.830873181547155,optimal
2021-02-13 10:00:00,1,35,0.0,0.0,0.0,0.074,13.0095,6.0,3,21.64992001611057,55.0,0.008666666666666666,0.0,0.0,0.0,0.0,47.74643659628315,optimal
2021-02-13 10:30:00,1,35,0.0,0.0,0.0,0.074,11.025,6.0,3,21.411353409033154,55.0,0.008666666666666666,0.0,0.0,0.0,0.0,47.6620844476044,optimal
2021-02-13 11:00:00,1,35,0.0,0.0,0.0,0.074,12.789,6.0,3,21.177013269565453,55.0,0.008666666666666666,0.0,0.0,0.0,0.0,47.577816651074336,optimal
2021-02-13 11:30:00,1,35,0.0,0.0,0.0,0.074,12.1275,6.0,3,21.005791922705,55.0,0.008666666666666666,0.0,0.0,0.0,0.0,47.493633122340796,optimal
2021-02-13 12:00:00,1,35,0.0,0.0,0.0,0.074,12.1695,6.0,3,20.83781067651508,55.0,0.008666666666666666,0.0,0.0,0.0,0.0,47.40953377713599,optimal
2021-02-13 12:30:00,1,35,0.0,0.0,0.0,0.074,12.306,6.0,3,20.697040464150284,55.0,0.008666666666666666,0.0,0.0,0.0,0.0,47.325518531276394,optimal
2021-02-13 13:00:00,1,35,0.0,0.0,0.0,0.074,13.23,6.0,3,20.559796673342884,55.0,0.008666666666666666,0.0,0.0,0.0,0.0,47.24158730066266,optimal
2021-02-13 13:30:00,1,35,0.0,0.0,0.0,0.074,13.671,6.0,3,20.436945104201513,55.0,0.008666666666666666,0.0,0.0,0.0,0.0,47.157740001279535,optimal
2021-02-13 14:00:00,1,35,0.0,0.0,0.0,0.074,13.9335,6.0,3,20.317357512650236,55.0,0.008666666666666666,0.0,0.0,0.0,0.0,47.07397654919579,optimal
2021-02-13 14:30:00,1,35,0.0,0.0,0.0,0.074,13.293,6.0,3,20.156770422392025,55.0,0.008666666666666666,0.0,0.0,0.0,0.0,46.990296860564136,optimal
2021-02-13 15:00:00,1,35,0.45147244698621214,0.0,0.0,0.074,12.1065,6.0,3,20.0,55.0,0.008666666666666666,1580.1535644517426,0.0,0.0,0.0,46.90670085162111,optimal
2021-02-13 15:30:00,1,35,0.4549503254101146,0.0,0.0,0.074,11.571,6.0,3,20.0,55.0,0.008666666666666666,1592.326138935401,0.0,0.0,0.0,46.823188438687026,optimal
2021-02-13 16:00:00,1,35,1.2116380440639951,0.0,0.0,0.074,11.025,6.0,3,20.0,55.0,0.008666666666666666,4240.733154223983,0.0,0.0,0.0,46.77636525024834,optimal
2021-02-13 16:30:00,1,35,2.0,0.0,0.0,0.074,10.8465,6.0,3,20.282451699480898,55.0,0.008666666666666666,7000.0,0.0,0.0,0.0,46.729588884998094,optimal
2021-02-13 17:00:00,1,35,2.0,0.0,0.0,0.074,11.2455,6.0,3,20.896139094716823,55.0,0.008666666666666666,7000.0,0.0,0.0,0.0,46.682859296113094,optimal
2021-02-13 17:30:00,1,35,0.0,0.0,0.0,0.07946666666666667,23.8665,6.0,3,21.463718838360386,55.0,0.008666666666666666,0.0,0.0,0.0,0.0,46.63617643681698,optimal
2021-02-13 18:00:00,1,35,0.0,0.0,0.0,0.072,27.4575,6.0,3,21.185355563331754,55.0,0.004666666666666667,0.0,0.0,0.0,0.0,46.58954026038016,optimal
2021-02-13 18:30:00,1,35,0.0,0.0,0.0,1.0766666666666667,27.3735,6.0,3,20.902963452010994,55.0,0.0026666666666666666,0.0,0.0,0.0,0.0,46.542950720119784,optimal
2021-02-13 19:00:00,1,35,0.0,0.0,0.0,0.7426666666666666,30.4605,6.0,3,20.689900082395013,55.0,0.0026666666666666666,0.0,0.0,0.0,0.0,46.49640776939967,optimal
2021-02-13 19:30:00,1,35,0.0,0.0,0.0,0.4924666666666666,30.0195,6.0,3,20.450592119047975,55.0,0.002,0.0,0.0,0.0,0.0,46.44991136163027,optimal
2021-02-13 20:00:00,1,35,0.0,0.0,0.0,0.22663333333333333,26.9325,6.0,3,20.23199304943212,55.0,0.002,0.0,0.0,0.0,0.0,46.403461450268644,optimal
2021-02-13 20:30:00,1,35,0.0,0.0,0.0,0.2556333333333333,14.595,6.0,3,20.0,55.0,0.002,0.0,0.0,0.0,0.0,46.357057988818376,optimal
2021-02-13 21:00:00,1,35,0.0,0.0,0.0,0.32239999999999996,12.4845,6.0,3,19.761770948158944,55.0,0.002,0.0,0.0,0.0,0.0,46.310700930829555,optimal
2021-02-13 21:30:00,1,35,0.0,0.0,0.0,0.7102999999999999,12.1275,6.0,3,19.530372070525953,55.0,0.0,0.0,0.0,0.0,0.0,46.26439022989872,optimal
2021-02-13 22:00:00,1,35,0.0,0.0,0.0,0.074,12.1275,6.0,3,19.367936089466827,55.0,0.0,0.0,0.0,0.0,0.0,46.21812583966882,optimal
2021-02-13 22:30:00,1,35,0.0,0.0,0.0,0.074,12.789,6.0,3,19.091564518123928,55.0,0.0,0.0,0.0,0.0,0.0,46.17190771382916,optimal
2021-02-13 23:00:00,1,35,0.0,0.0,0.0,0.074,11.907,6.0,3,18.819973121760327,55.0,0.0,0.0,0.0,0.0,0.0,46.12573580611533,optimal
2021-02-13 23:30:00,1,35,0.0,0.0,0.0,0.074,11.025,6.0,3,18.55309188792752,55.0,0.0,0.0,0.0,0.0,0.0,46.079610070309215,optimal
2021-02-07 00:00:00,2,35,0.0,0.0,0.0,0.2194,8.274,6.0,-2,21.0,55.0,0.12,0.0,0.0,0.0,0.0,47.952,optimal
2021-02-07 00:30:00,2,35,0.0,0.0,0.0,0.061,7.7175,6.0,-2,20.76537551524827,55.0,0.12,0.0,0.0,0.0,0.0,47.904047999999996,optimal
2021-02-07 01:00:00,2,35,0.0,0.0,0.0,0.1114,6.615,6.0,-2,20.51366361732734,55.0,0.12,0.0,0.0,0.0,0.0,47.856143952,optimal
2021-02-07 01:30:00,2,35,0.0,0.0,0.0,0.169,6.174,6.0,-2,20.27023804002293,55.0,0.12,0.0,0.0,0.0,0.0,47.80828780804799,optimal
2021-02-07 02:00:00,2,35,1.572402523759795,0.0,0.0,0.061,3.906,6.0,-2,20.03657606574368,55.0,0.12,5503.408833159283,0.0,0.0,0.0,47.76047952023995,optimal
2021-02-07 02:30:00,2,35,2.0,0.0,0.0,0.1474,2.3415,6.0,-2,20.45479642635117,55.0,0.12,7000.0,0.0,0.0,0.0,47.712719040719705,optimal
2021-02-07 03:00:00,2,35,2.0,0.0,0.0,0.133,2.205,6.0,-2,21.0558971267864,55.0,0.12,7000.0,0.0,0.0,0.0,47.66500632167899,optimal
2021-02-07 03:30:00,2,35,2.0,0.0,2.128523394317199,0.061,0.882,6.0,-2,21.644996559466758,55.0,0.12,7000.0,0.0,0.0,0.0,48.62838992765797,optimal
2021-02-07 04:00:00,2,35,2.0,0.0,0.0,0.169,1.5435,6.0,-2,22.216072210116856,55.0,0.12,7000.0,0.0,0.0,0.0,48.579761537730306,optimal
2021-02-07 04:30:00,2,35,2.0,0.0,0.0,0.1114,1.5435,6.0,-2,22.791046221544335,55.0,0.12,7000.0,0.0,0.0,0.0,48.53118177619257,optimal
2021-02-07 05:00:00,2,35,0.0,0.0,0.0,0.08979999999999999,5.0715,6.0,-2,23.350668311482895,55.0,0.12,0.0,0.0,0.0,0.0,48.48265059441637,optimal
2021-02-07 05:30:00,2,35,0.0,0.0,0.0,0.18993333333333332,5.376,6.0,-2,23.057233226109737,55.0,0.12,0.0,0.0,0.0,0.0,48.434167943821954,optimal
2021-02-07 06:00:00,2,35,0.0,0.0,0.0,0.059,5.0715,6.0,-2,22.782911699140634,55.0,0.11866666666666667,0.0,0.0,0.0,0.0,48.38573377587813,optimal
2021-02-07 06:30:00,2,35,0.0,0.0,0.0,0.4714666666666666,5.5125,6.0,-2,22.517649538467996,55.0,0.116,0.0,0.0,0.0,0.0,48.33734804210225,optimal
2021-02-07 07:00:00,2,35,0.0,0.0,0.0,0.7518666666666667,9.261,6.0,-2,22.311799270938714,55.0,0.11466666666666667,0.0,0.0,0.0,0.0,48.289010694060146,optimal
2021-02-07 07:30:00,2,35,0.0,0.0,0.0,3.084,11.7075,6.0,-2,22.118535320396383,55.0,0.11133333333333334,0.0,0.0,0.0,0.0,48.240721683366075,optimal
2021-02-07 08:00:00,2,35,0.0,0.0,0.0,2.5031333333333334,12.348,6.0,-2,22.0,55.0,0.11,0.0,0.0,0.0,0.0,48.192480961682705,optimal
2021-02-07 08:30:00,2,35,0.0,0.0,0.0,0.059,12.348,6.0,-2,21.8298745365404,55.0,0.104,0.0,0.0,0.0,0.0,48.144288480721016,optimal
2021-02-07 09:00:00,2,35,0.0,0.0,0.0,0.059333333333333335,12.1275,6.0,-2,21.577903976770703,55.0,0.104,0.0,0.0,0.0,0.0,48.096144192240295,optimal
2021-02-07 09:30:00,2,35,0.0,0.0,0.0,0.22740000000000002,12.5265,6.0,-2,21.347674606741947,55.0,0.104,0.0,0.0,0.0,0.0,48.048048048048045,optimal
2021-02-07 10:00:00,2,35,1.5568552015421497,0.0,0.0,0.6951333333333334,11.7495,6.0,-2,21.17138742381831,55.0,0.102,5448.9932053975235,0.0,0.0,0.0,48.0,optimal
2021-02-07 10:30:00,2,35,0.0,0.0,0.0,0.133,13.23,6.0,-2,21.67689270102914,55.0,0.102,0.0,0.0,0.0,0.0,47.83729972777961,optimal
2021-02-07 11:00:00,2,35,0.0,0.0,0.0,0.1534,14.3325,6.0,-2,21.43340524404764,55.0,0.102,0.0,0.0,0.0,0.0,47.67476215583144,optimal
2021-02-07 11:30:00,2,35,0.0,0.0,0.0,0.09259999999999999,14.994,6.0,-2,21.22159151365707,55.0,0.102,0.0,0.0,0.0,0.0,47.51238712145522,optimal
2021-02-07 12:00:00,2,35,0.0,0.0,0.0,0.2078,14.8155,6.0,-2,21.005083158822803,55.0,0.102,0.0,0.0,0.0,0.0,47.35017446211337,optimal
2021-02-07 12:30:00,2,35,0.0,0.0,0.0,0.071,14.112,6.0,-2,20.82471263464483,55.0,0.102,0.0,0.0,0.0,0.0,47.18812401543087,optimal
2021-02-07 13:00:00,2,35,0.0,0.0,0.0,0.16426666666666667,14.007,6.0,-2,20.6305236920581,55.0,0.102,0.0,0.0,0.0,0.0,47.026235619195056,optimal
2021-02-07 13:30:00,2,35,0.0,0.0,0.0,0.1258,13.23,6.0,-2,20.43297324555791,55.0,0.102,0.0,0.0,0.0,0.0,46.864509111355474,optimal
2021-02-07 14:00:00,2,35,2.0,0.0,0.0,0.1114,11.382,6.0,-2,20.235583221339937,55.0,0.102,7000.0,0.0,0.0,0.0,46.702944330023726,optimal
2021-02-07 14:30:00,2,35,2.0,0.0,0.0,0.16933333333333334,11.7495,6.0,-2,20.889442001012988,55.0,0.102,7000.0,0.0,0.0,0.0,46.541541113473315,optimal
2021-02-07 15:00:00,2,35,0.0,0.0,0.0,0.07066666666666667,24.3285,6.0,-2,21.541387022478638,55.0,0.102,0.0,0.0,0.0,0.0,46.380299300139455,optimal
2021-02-07 15:30:00,2,35,0.0,0.0,0.0,0.06133333333333334,28.917,6.0,-2,21.34618111974635,55.0,0.102,0.0,0.0,0.0,0.0,46.21921872861893,optimal
2021-02-07 16:00:00,2,35,0.0,0.0,0.0,0.2294,31.3635,6.0,-2,21.151637321633867,55.0,0.102,0.0,0.0,0.0,0.0,46.05829923766992,optimal
2021-02-07 16:30:00,2,35,0.0,0.0,0.0,0.071,33.306,6.0,-2,20.938048164607903,55.0,0.102,0.0,0.0,0.0,0.0,45.89754066621186,optimal
2021-02-07 17:00:00,2,35,0.0,0.0,0.0,0.179,31.3425,6.0,-2,20.709260465116408,55.0,0.102,0.0,0.0,0.0,0.0,45.73694285332526,optimal
2021-02-07 17:30:00,2,35,0.0,0.0,0.0,0.12140000000000001,28.2555,6.0,-2,20.45442697685501,55.0,0.102,0.0,0.0,0.0,0.0,45.57650563825155,optimal
2021-02-07 18:00:00,2,35,0.0,0.0,0.0,0.7886666666666666,15.6975,6.0,-2,20.197859917892075,55.0,0.102,0.0,0.0,0.0,0.0,45.530929132613295,optimal
2021-02-07 18:30:00,2,35,0.337965928882411,0.0,0.0,0.7512000000000001,12.5475,6.0,-2,20.0,55.0,0.102,1182.8807510884385,0.0,0.0,0.0,45.485398203480685,optimal
2021-02-07 19:00:00,2,35,0.5174803230037869,0.0,0.0,0.104,12.0855,6.0,-2,20.0,55.0,0.102,1811.1811305132542,0.0,0.0,0.0,45.4399128052772,optimal
2021-02-07 19:30:00,2,35,0.926183197001619,0.0,0.0,0.1509,11.907,6.0,-2,20.0,55.0,0.058,3241.6411895056663,0.0,0.0,0.0,45.394472892471924,optimal
2021-02-07 20:00:00,2,35,0.0,0.0,0.0,0.4118,12.5685,6.0,-2,20.175358098440366,55.0,0.058,0.0,0.0,0.0,0.0,45.34907841957945,optimal
2021-02-07 20:30:00,2,35,0.0,0.0,0.0,0.3073,13.146,6.0,-2,20.0,55.0,0.058,0.0,0.0,0.0,0.0,45.30372934115987,optimal
2021-02-07 21:00:00,2,35,0.0,0.0,0.0,0.3486666666666667,10.584,6.0,-2,19.83952262343328,55.0,0.058,0.0,0.0,0.0,0.0,45.258425611818716,optimal
2021-02-07 21:30:00,2,35,0.0,0.0,0.0,0.26566666666666666,6.678,6.0,-2,19.692729391521528,55.0,0.058,0.0,0.0,0.0,0.0,45.213167186206896,optimal
2021-02-07 22:00:00,2,35,0.0,0.0,0.0,0.1492666666666667,7.938,6.0,-2,19.553179832998243,55.0,0.058,0.0,0.0,0.0,0.0,45.16795401902069,optimal
2021-02-07 22:30:00,2,35,0.0,0.0,0.0,0.2078,5.292,6.0,-2,19.358111602343655,55.0,0.058,0.0,0.0,0.0,0.0,45.12278606500167,optimal
2021-02-07 23:00:00,2,35,0.0,0.0,0.0,0.071,9.261,6.0,-2,19.12882486336821,55.0,0.058,0.0,0.0,0.0,0.0,45.07766327893667,optimal
2021-02-07 23:30:00,2,35,0.0,0.0,0.0,0.22086666666666668,10.3635,6.0,-2,18.88643615339117,55.0,0.058,0.0,0.0,0.0,0.0,45.03258561565773,optimal
2021-02-08 00:00:00,2,35,1.1990302196474873,0.0,0.0,0.049,7.938,6.0,-1,18.88643615339117,55.0,0.058,4196.605768766206,0.0,0.0,0.0,44.98755303004207,optimal
2021-02-08 00:30:00,2,35,0.0,0.0,0.0,0.049,8.6835,6.0,-1,19.135473526257755,55.0,0.058,0.0,0.0,0.0,0.0,44.94256547701203,optimal
2021-02-08 01:00:00,2,35,2.0,0.0,0.0,0.21980000000000002,7.665,6.0,-1,18.875914755931163,55.0,0.10933333333333334,1635.666666666667,0.0,5364.333333333333,0.0,44.89762291153502,optimal
2021-02-08 01:30:00,2,35,2.0,0.0,0.0,0.09706666666666666,6.7725,6.0,-1,18.837517271011627,55.0,0.10933333333333334,7000.0,0.0,0.0,0.0,44.85272528862348,optimal
2021-02-08 02:00:00,2,35,2.0,0.0,0.0,0.17173333333333332,5.5755,6.0,-1,19.42963543892418,55.0,0.10933333333333334,7000.0,0.0,0.0,0.0,44.80787256333486,optimal
2021-02-08 02:30:00,2,35,2.0,0.0,0.0,0.14513333333333334,5.0925,6.0,-1,20.021332999904033,55.0,0.10933333333333334,7000.0,0.0,0.0,0.0,44.76306469077153,optimal
2021-02-08 03:00:00,2,35,2.0,0.0,8.334242881203947,0.049,4.1895,6.0,-1,20.60189603651173,55.0,0.10933333333333334,7000.0,0.0,0.0,0.0,48.67706699465263,optimal
2021-02-08 03:30:00,2,35,2.0,0.0,0.0,0.20006666666666664,7.056,6.0,-1,21.16312116308276,55.0,0.10933333333333334,7000.0,0.0,0.0,0.0,48.62838992765797,optimal
2021-02-08 04:00:00,2,35,2.0,0.0,0.0,0.06043333333333333,5.271,6.0,-1,21.7335708404034,55.0,0.10933333333333334,7000.0,0.0,0.0,0.0,48.579761537730306,optimal
2021-02-08 04:30:00,2,35,2.0,0.0,0.0,0.12303333333333331,7.938,6.0,-1,22.277209558015798,55.0,0.10933333333333334,7000.0,0.0,0.0,0.0,48.53118177619257,optimal
2021-02-08 05:00:00,2,35,2.0,0.0,0.0,0.20696666666666666,7.938,6.0,-1,22.818672745371902,55.0,0.10933333333333334,7000.0,0.0,0.0,0.0,48.48265059441637,optimal
2021-02-08 05:30:00,2,35,0.0,0.0,0.0,0.12990000000000002,11.907,6.0,-1,23.360839913023415,55.0,0.10933333333333334,0.0,0.0,0.0,0.0,48.434167943821954,optimal
2021-02-08 06:00:00,2,35,0.0,0.0,0.0,0.4134666666666666,11.025,6.0,-1,23.042799314931536,55.0,0.10733333333333334,0.0,0.0,0.0,0.0,48.38573377587813,optimal
2021-02-08 06:30:00,2,35,0.0,0.0,0.0,0.1673,11.2875,6.0,-1,22.782577270721315,55.0,0.10733333333333334,0.0,0.0,0.0,0.0,48.33734804210225,optimal
2021-02-08 07:00:00,2,35,0.0,0.0,0.0,0.5290333333333334,12.936,6.0,-1,22.48735196398873,55.0,0.10266666666666667,0.0,0.0,0.0,0.0,48.289010694060146,optimal
2021-02-08 07:30:00,2,35,0.0,0.0,0.0,0.3494333333333333,13.0095,6.0,-1,22.248821729237243,55.0,0.09266666666666666,0.0,0.0,0.0,0.0,48.240721683366075,optimal
2021-02-08 08:00:00,2,35,0.0,0.0,0.0,0.3883333333333333,13.671,6.0,-1,22.0,55.0,0.047453333333333333,0.0,0.0,0.0,0.0,48.192480961682705,optimal
2021-02-08 08:30:00,2,35,0.0,0.0,0.0,2.1528,13.188,6.0,-1,21.74789312593735,55.0,0.035333333333333335,0.0,0.0,0.0,0.0,48.144288480721016,optimal
2021-02-08 09:00:00,2,35,0.0,0.0,0.0,1.6771666666666667,13.8495,6.0,-1,21.619303773772614,55.0,0.028,0.0,0.0,0.0,0.0,48.096144192240295,optimal
2021-02-08 09:30:00,2,35,0.0,0.0,0.0,0.31876666666666664,13.23,6.0,-1,21.470522138207645,55.0,0.024,0.0,0.0,0.0,0.0,48.048048048048045,optimal
2021-02-08 10:00:00,2,35,0.0,0.0,0.0,0.18416666666666662,13.3665,6.0,-1,21.248419944057876,55.0,0.02266666666666667,0.0,0.0,0.0,0.0,48.0,optimal
2021-02-08 10:30:00,2,35,0.0,0.0,0.0,0.14826666666666669,13.0515,6.0,-1,21.052800318421504,55.0,0.02266666666666667,0.0,0.0,0.0,0.0,46.64010220564709,optimal
2021-02-08 11:00:00,2,35,0.0,0.0,0.0,0.0703,13.5345,6.0,-1,20.841737593179946,55.0,0.02266666666666667,0.0,0.0,0.0,0.0,45.28156430908853,optimal
2021-02-08 11:30:00,2,35,0.0,0.0,0.0,0.2528333333333333,14.154,6.0,-1,20.672954167246683,55.0,0.02266666666666667,0.0,0.0,0.0,0.0,43.924384950426536,optimal
2021-02-08 12:00:00,2,35,0.0,0.0,0.0,0.0991,14.112,6.0,-1,20.530070433617468,55.0,0.02266666666666667,0.0,0.0,0.0,0.0,42.5685627711232,optimal
2021-02-08 12:30:00,2,35,0.0,0.0,0.0,0.10043333333333333,14.2485,6.0,-1,20.388076706887595,55.0,0.02266666666666667,0.0,0.0,0.0,0.0,41.214096413999165,optimal
2021-02-08 13:00:00,2,35,0.0,0.0,0.0,0.2591666666666667,12.789,6.0,-1,20.251252394586782,55.0,0.02266666666666667,0.0,0.0,0.0,0.0,41.17288231758516,optimal
2021-02-08 13:30:00,2,35,0.0,0.0,0.0,0.2828,13.0095,6.0,-1,20.144793579587184,55.0,0.019333333333333334,0.0,0.0,0.0,0.0,41.13170943526758,optimal
2021-02-08 14:00:00,2,35,2.0,0.0,0.0,0.176,12.1275,6.0,-1,20.050098115228707,55.0,0.016666666666666666,7000.0,0.0,0.0,0.0,41.09057772583231,optimal
2021-02-08 14:30:00,2,35,0.18226778312420358,0.0,0.0,0.9829666666666668,12.348,6.0,-1,20.788757215950724,55.0,0.015333333333333332,637.9372409347126,0.0,0.0,0.0,41.04948714810648,optimal
2021-02-08 15:00:00,2,35,2.0,0.0,0.0,0.2952666666666667,12.348,6.0,-1,20.85040607835553,55.0,0.014,7000.0,0.0,0.0,0.0,41.00843766095837,optimal
2021-02-08 15:30:00,2,35,0.0,0.0,0.0,0.2079,25.389,6.0,-1,21.558605470175408,55.0,0.014,0.0,0.0,0.0,0.0,40.967429223297415,optimal
2021-02-08 16:00:00,2,35,0.0,0.0,0.0,0.14096666666666666,29.1375,6.0,-1,21.408200864270412,55.0,0.014,0.0,0.0,0.0,0.0,40.926461794074115,optimal
2021-02-08 16:30:00,2,35,0.0,0.0,0.0,0.08873333333333333,30.597,6.0,-1,21.194651525025797,55.0,0.011333333333333334,0.0,0.0,0.0,0.0,40.88553533228004,optimal
2021-02-08 17:00:00,2,35,0.0,0.0,0.0,0.1071,33.684,6.0,-1,20.981339092829142,55.0,0.008973333333333333,0.0,0.0,0.0,0.0,40.84464979694776,optimal
2021-02-08 17:30:00,2,35,0.0,0.0,0.0,0.1645,32.445,6.0,-1,20.738656070602755,55.0,0.006,0.0,0.0,0.0,0.0,40.80380514715082,optimal
2021-02-08 18:00:00,2,35,0.0,0.0,0.0,0.23913333333333334,28.917,6.0,-1,20.497276021988885,55.0,0.006,0.0,0.0,0.0,0.0,40.76300134200367,optimal
2021-02-08 18:30:00,2,35,0.0,0.0,0.0,0.098,15.876,6.0,-1,20.252123713117,55.0,0.002666666666666666,0.0,0.0,0.0,0.0,40.72223834066167,optimal
2021-02-08 19:00:00,2,35,0.5506417475715384,0.0,0.0,0.19669999999999999,12.348,6.0,-1,20.0,55.0,0.002666666666666666,1927.2461165003845,0.0,0.0,0.0,40.681516102321005,optimal
2021-02-08 19:30:00,2,35,1.083328414402825,0.0,0.0,0.26813333333333333,12.1275,6.0,-1,20.0,55.0,0.002666666666666666,3791.6494504098873,0.0,0.0,0.0,40.64083458621869,optimal
2021-02-08 20:00:00,2,35,0.0,0.0,0.0,0.2928,12.348,6.0,-1,20.23096154066322,55.0,0.0,0.0,0.0,0.0,0.0,40.60019375163247,optimal
2021-02-08 20:30:00,2,35,0.0,0.0,0.0,0.5557666666666666,12.1275,6.0,-1,20.0,55.0,0.0,0.0,0.0,0.0,0.0,40.55959355788084,optimal
2021-02-08 21:00:00,2,35,0.0,0.0,0.0,0.3618,12.1275,6.0,-1,19.810595018630785,55.0,0.0,0.0,0.0,0.0,0.0,40.51903396432296,optimal
2021-02-08 21:30:00,2,35,0.0,0.0,0.0,0.7179666666666666,11.2665,6.0,-1,19.593216867101212,55.0,0.0,0.0,0.0,0.0,0.0,40.478514930358635,optimal
2021-02-08 22:00:00,2,35,0.0,0.0,0.0,0.16633333333333333,10.143,6.0,-1,19.42134724570981,55.0,0.0,0.0,0.0,0.0,0.0,40.43803641542828,optimal
2021-02-08 22:30:00,2,35,0.0,0.0,0.0,0.162,11.2455,6.0,-1,19.181103596990315,55.0,0.0,0.0,0.0,0.0,0.0,40.39759837901285,optimal
2021-02-08 23:00:00,2,35,0.0,0.0,0.0,0.1146,11.025,6.0,-1,18.932392115471195,55.0,0.0,0.0,0.0,0.0,0.0,40.35720078063383,optimal
2021-02-08 23:30:00,2,35,0.0,0.0,0.0,0.11926666666666667,5.9745,6.0,-1,18.68088773050392,55.0,0.0,0.0,0.0,0.0,0.0,40.3168435798532,optimal
2021-02-09 00:00:00,2,35,0.0,0.0,0.0,0.036,10.8045,6.0,1,18.68088773050392,55.0,0.0,0.0,0.0,0.0,0.0,40.27652673627335,optimal
2021-02-09 00:30:00,2,35,2.0,0.0,9.0,0.036,10.584,6.0,1,18.423263951140765,55.0,0.06698564593301436,0.0,0.0,7000.0,0.0,44.511250209537074,optimal
2021-02-09 01:00:00,2,35,0.28904761904761905,0.0,0.0,0.036,11.2455,6.0,1,18.170145758729007,55.0,0.07666666666666666,0.0,0.0,1011.6666666666666,0.0,44.466738959327536,optimal
2021-02-09 01:30:00,2,35,0.0,0.0,0.0,0.036,12.1275,6.0,1,17.921467162551608,55.0,0.07666666666666666,0.0,0.0,0.0,0.0,44.42227222036821,optimal
2021-02-09 02:00:00,2,35,0.0,0.0,0.0,0.036,11.823,6.0,1,17.674966175479316,55.0,0.07666666666666666,0.0,0.0,0.0,0.0,44.37784994814784,optimal
2021-02-09 02:30:00,2,35,0.0,0.0,0.0,0.036,11.7705,6.0,1,17.430610903335456,55.0,0.07666666666666666,0.0,0.0,0.0,0.0,44.33347209819969,optimal
2021-02-09 03:00:00,2,35,2.0,0.0,0.0,0.036,11.13,6.0,1,17.190566882018793,55.0,0.07666666666666666,7000.0,0.0,0.0,0.0,44.28913862610149,optimal
2021-02-09 03:30:00,2,35,2.0,0.0,0.0,0.036,11.6865,6.0,1,17.797032703433945,55.0,0.07666666666666666,7000.0,0.0,0.0,0.0,44.24484948747539,optimal
2021-02-09 04:00:00,2,35,2.0,0.0,0.09897746543843093,0.036,10.7205,6.0,1,18.396080613915753,55.0,0.07666666666666666,7000.0,0.0,0.0,0.0,44.24761893407117,optimal
2021-02-09 04:30:00,2,35,2.0,0.0,0.0,0.036,11.424,6.0,1,18.9878192593003,55.0,0.07666666666666666,7000.0,0.0,0.0,0.0,44.20337131513709,optimal
2021-02-09 05:00:00,2,35,2.0,0.0,9.0,0.036,10.689,6.0,1,19.56942641023122,55.0,0.07666666666666666,7000.0,0.0,0.0,0.0,48.434167943821954,optimal
2021-02-09 05:30:00,2,35,2.0,0.0,0.0,0.13373333333333332,11.361,6.0,1,20.141050456827458,55.0,0.07666666666666666,7000.0,0.0,0.0,0.0,48.38573377587813,optimal
2021-02-09 06:00:00,2,35,2.0,0.0,0.0,0.037,11.571,6.0,1,20.716379488928382,55.0,0.07666666666666666,7000.0,0.0,0.0,0.0,48.33734804210225,optimal
2021-02-09 06:30:00,2,35,0.0,0.0,0.0,0.2613666666666667,14.3745,6.0,1,21.276739642311362,55.0,0.074,0.0,0.0,0.0,0.0,48.289010694060146,optimal
2021-02-09 07:00:00,2,35,0.0,0.0,0.0,0.035,13.23,6.0,1,21.02712918586438,55.0,0.07266666666666667,0.0,0.0,0.0,0.0,48.240721683366075,optimal
2021-02-09 07:30:00,2,35,0.0,0.0,0.0,0.03746666666666667,13.9755,6.0,1,20.77758663955595,55.0,0.06866666666666667,0.0,0.0,0.0,0.0,48.192480961682705,optimal
2021-02-09 08:00:00,2,35,0.0,0.0,0.0,0.29536666666666667,14.994,6.0,1,20.542812131390736,55.0,0.022,0.0,0.0,0.0,0.0,48.144288480721016,optimal
2021-02-09 08:30:00,2,35,1.9611845617816763,0.0,0.0,0.34203333333333336,13.671,6.0,1,20.34844319475388,55.0,0.016,6864.1459662358675,0.0,0.0,0.0,48.096144192240295,optimal
2021-02-09 09:00:00,2,35,0.0,0.0,0.0,0.31860000000000005,15.981,6.0,1,20.966226885818585,55.0,0.012666666666666666,0.0,0.0,0.0,0.0,48.048048048048045,optimal
2021-02-09 09:30:00,2,35,0.0,0.0,0.0,0.05486666666666667,15.6345,6.0,1,20.77664923017674,55.0,0.011333333333333334,0.0,0.0,0.0,0.0,48.0,optimal
2021-02-09 10:00:00,2,35,0.0,0.0,0.0,0.046,16.5375,6.0,1,20.561546335857194,55.0,0.011333333333333334,0.0,0.0,0.0,0.0,46.697341491281605,optimal
2021-02-09 10:30:00,2,35,0.0,0.0,0.0,0.046,14.7735,6.0,1,20.35257224422548,55.0,0.011333333333333334,0.0,0.0,0.0,0.0,45.39598564107193,optimal
2021-02-09 11:00:00,2,35,0.0,0.0,0.0,0.046,15.2145,6.0,1,20.150320479725192,55.0,0.011333333333333334,0.0,0.0,0.0,0.0,44.095931146712466,optimal
2021-02-09 11:30:00,2,35,0.34997791202856265,0.0,0.0,0.046,14.553,6.0,1,20.0,55.0,0.011333333333333334,1224.9226920999693,0.0,0.0,0.0,42.79717670684736,optimal
2021-02-09 12:00:00,2,35,0.7302295786912159,0.0,0.0,0.046,14.3325,6.0,1,20.0,55.0,0.011333333333333334,2555.8035254192555,0.0,0.0,0.0,41.49972102142212,optimal
2021-02-09 12:30:00,2,35,0.0,0.0,0.0,0.082,14.595,6.0,1,20.192528639195295,55.0,0.01,0.0,0.0,0.0,0.0,41.458221300400695,optimal
2021-02-09 13:00:00,2,35,0.0,0.0,0.0,0.058,14.994,6.0,1,20.096146401730458,55.0,0.01,0.0,0.0,0.0,0.0,41.41676307910029,optimal
2021-02-09 13:30:00,2,35,0.23612893796276002,0.0,0.0,0.046,14.3325,6.0,1,20.0,55.0,0.01,826.4512828696601,0.0,0.0,0.0,41.375346316021194,optimal
2021-02-09 14:00:00,2,35,0.25990338401256935,0.0,0.0,0.046,13.8915,6.0,1,20.0,55.0,0.01,909.6618440439928,0.0,0.0,0.0,41.33397096970517,optimal
2021-02-09 14:30:00,2,35,0.26164232322451636,0.0,0.0,0.046,13.8915,6.0,1,20.0,55.0,0.01,915.7481312858073,0.0,0.0,0.0,41.29263699873547,optimal
2021-02-09 15:00:00,2,35,2.0,0.0,0.0,0.046,13.4715,6.0,1,20.0,55.0,0.01,7000.0,0.0,0.0,0.0,41.251344361736734,optimal
2021-02-09 15:30:00,2,35,2.0,0.0,0.0,0.058,13.23,6.0,1,20.694770300569036,55.0,0.01,7000.0,0.0,0.0,0.0,41.210093017374994,optimal
2021-02-09 16:00:00,2,35,1.2861548238520706,0.0,0.0,0.13903333333333334,13.8915,6.0,1,21.383335366261637,55.0,0.01,4501.541883482248,0.0,0.0,0.0,41.16888292435762,optimal
2021-02-09 16:30:00,2,35,0.0,0.0,0.0,0.148,26.9325,6.0,1,21.732807545178996,55.0,0.01,0.0,0.0,0.0,0.0,41.12771404143326,optimal
2021-02-09 17:00:00,2,35,0.0,0.0,0.0,0.35496666666666665,30.303,6.0,1,21.56376083232571,55.0,0.01,0.0,0.0,0.0,0.0,41.08658632739183,optimal
2021-02-09 17:30:00,2,35,0.0,0.0,0.0,0.045,32.886,6.0,1,21.373973177584325,55.0,0.008666666666666666,0.0,0.0,0.0,0.0,41.04549974106444,optimal
2021-02-09 18:00:00,2,35,0.0,0.0,0.0,0.045,34.9965,6.0,1,21.147903630909095,55.0,0.007333333333333333,0.0,0.0,0.0,0.0,41.00445424132337,optimal
2021-02-09 18:30:00,2,35,0.0,0.0,0.0,0.045,33.327,6.0,1,20.91593637025631,55.0,0.007333333333333333,0.0,0.0,0.0,0.0,40.96344978708205,optimal
2021-02-09 19:00:00,2,35,0.0,0.0,0.0,0.0582,31.122,6.0,1,20.679255172185343,55.0,0.006666666666666667,0.0,0.0,0.0,0.0,40.92248633729496,optimal
2021-02-09 19:30:00,2,35,0.0,0.0,0.0,0.0659,17.9025,6.0,1,20.44992128181833,55.0,0.006,0.0,0.0,0.0,0.0,40.88156385095767,optimal
2021-02-09 20:00:00,2,35,0.0,0.0,0.0,0.0862,15.6555,6.0,1,20.22926058231705,55.0,0.004666666666666667,0.0,0.0,0.0,0.0,40.84068228710671,optimal
2021-02-09 20:30:00,2,35,0.0,0.0,0.0,0.148,14.553,6.0,1,20.0,55.0,0.001333333333333333,0.0,0.0,0.0,0.0,40.799841604819605,optimal
2021-02-09 21:00:00,2,35,0.0,0.0,0.0,0.9585333333333332,14.3325,6.0,1,19.785258526913314,55.0,0.001333333333333333,0.0,0.0,0.0,0.0,40.75904176321478,optimal
2021-02-09 21:30:00,2,35,0.0,0.0,0.0,0.045,13.335,6.0,1,19.56904634346216,55.0,0.0006666666666666665,0.0,0.0,0.0,0.0,40.718282721451565,optimal
2021-02-09 22:00:00,2,35,0.0,0.0,0.0,0.5197,12.1275,6.0,1,19.33076651429032,55.0,0.0006666666666666665,0.0,0.0,0.0,0.0,40.677564438730116,optimal
2021-02-09 22:30:00,2,35,0.0,0.0,0.0,0.082,12.2955,6.0,1,19.158844032243934,55.0,0.0006666666666666665,0.0,0.0,0.0,0.0,40.636886874291385,optimal
2021-02-09 23:00:00,2,35,0.0,0.0,0.0,0.07193333333333334,11.6865,6.0,1,18.946490622035967,55.0,0.0,0.0,0.0,0.0,0.0,40.596249987417096,optimal
2021-02-09 23:30:00,2,35,0.0,0.0,0.0,0.046,11.466,6.0,1,18.72130697834888,55.0,0.0,0.0,0.0,0.0,0.0,40.55565373742968,optimal
2021-02-10 00:00:00,2,35,2.0,0.0,0.0,0.054,11.844,6.0,-4,18.72130697834888,55.0,0.0,7000.0,0.0,0.0,0.0,40.51509808369225,optimal
2021-02-10 00:30:00,2,35,2.0,0.0,0.0,0.054,11.508,6.0,-4,19.30448117919384,55.0,0.044,2402.0,0.0,4598.0,0.0,40.474582985608556,optimal
2021-02-10 01:00:00,2,35,2.0,0.0,0.0,0.17016666666666666,11.508,6.0,-4,19.324403686394074,55.0,0.044,7000.0,0.0,0.0,0.0,40.43410840262295,optimal
2021-02-10 01:30:00,2,35,2.0,0.0,9.0,0.12236666666666667,10.4475,6.0,-4,19.909792929926166,55.0,0.044,7000.0,0.0,0.0,0.0,44.668674294220324,optimal
2021-02-10 02:00:00,2,35,2.0,0.0,0.14077778501775573,0.1633666666666667,10.8675,6.0,-4,20.479392230580544,55.0,0.044,7000.0,0.0,0.0,0.0,44.69087506780953,optimal
2021-02-10 02:30:00,2,35,2.0,0.0,9.0,0.12916666666666665,10.542,6.0,-4,21.044117546226452,55.0,0.044,7000.0,0.0,0.0,0.0,48.92118419274172,optimal
2021-02-10 03:00:00,2,35,2.0,0.0,0.0,0.06766666666666667,11.025,6.0,-4,21.59645660774353,55.0,0.044,7000.0,0.0,0.0,0.0,48.87226300854897,optimal
2021-02-10 03:30:00,2,35,2.0,0.0,0.0,0.25146666666666667,11.025,6.0,-4,22.13330600863547,55.0,0.044,7000.0,0.0,0.0,0.0,48.823390745540415,optimal
2021-02-10 04:00:00,2,35,0.0,0.0,0.0,0.0616,14.553,6.0,-4,22.684407874673056,55.0,0.044,0.0,0.0,0.0,0.0,48.774567354794875,optimal
2021-02-10 04:30:00,2,35,2.0,0.0,0.0,0.1958,13.0935,6.0,-4,22.362330988340844,55.0,0.044,7000.0,0.0,0.0,0.0,48.72579278744007,optimal
2021-02-10 05:00:00,2,35,0.0,0.0,0.0,0.2737333333333333,15.6345,6.0,-4,22.90745069311677,55.0,0.044,0.0,0.0,0.0,0.0,48.67706699465263,optimal
2021-02-10 05:30:00,2,35,0.0,0.0,0.0,0.054,18.102,6.0,-4,22.60458196243167,55.0,0.044,0.0,0.0,0.0,0.0,48.62838992765797,optimal
2021-02-10 06:00:00,2,35,0.0,0.0,0.0,0.14506666666666665,17.199,6.0,-4,22.278365858425765,55.0,0.044,0.0,0.0,0.0,0.0,48.579761537730306,optimal
2021-02-10 06:30:00,2,35,0.0,0.0,0.0,0.3116666666666667,18.2805,6.0,-4,21.96533752656483,55.0,0.034666666666666665,0.0,0.0,0.0,0.0,48.53118177619257,optimal
2021-02-10 07:00:00,2,35,0.0,0.0,0.0,0.16526666666666667,17.4615,6.0,-4,21.695912132933937,55.0,0.034666666666666665,0.0,0.0,0.0,0.0,48.48265059441637,optimal
2021-02-10 07:30:00,2,35,0.0,0.0,0.0,0.4239333333333333,18.3225,6.0,-4,21.41719071525208,55.0,0.03266666666666666,0.0,0.0,0.0,0.0,48.434167943821954,optimal
2021-02-10 08:00:00,2,35,0.0,0.0,0.0,0.14096666666666666,17.094,6.0,-4,21.18341895565757,55.0,0.026,0.0,0.0,0.0,0.0,48.38573377587813,optimal
2021-02-10 08:30:00,2,35,0.0,0.0,0.0,0.1406,17.094,6.0,-4,20.934399434850445,55.0,0.006,0.0,0.0,0.0,0.0,48.33734804210225,optimal
2021-02-10 09:00:00,2,35,0.0,0.0,0.0,0.2453333333333333,17.094,6.0,-4,20.693853536645257,55.0,0.006,0.0,0.0,0.0,0.0,48.289010694060146,optimal
2021-02-10 09:30:00,2,35,0.0,0.0,0.0,0.0734,17.3565,6.0,-4,20.490586422041627,55.0,0.006,0.0,0.0,0.0,0.0,48.240721683366075,optimal
2021-02-10 10:00:00,2,35,0.0,0.0,0.0,0.077,17.115,6.0,-4,20.278995514236055,55.0,0.006,0.0,0.0,0.0,0.0,48.192480961682705,optimal
2021-02-10 10:30:00,2,35,0.0,0.0,0.0,0.3211,17.241,6.0,-4,20.121969499534693,55.0,0.0019999999999999996,0.0,0.0,0.0,0.0,48.144288480721016,optimal
2021-02-10 11:00:00,2,35,0.04178915864634051,0.0,0.0,2.7677666666666667,17.094,6.0,-4,20.005870142152435,55.0,0.0019999999999999996,146.26205526219178,0.0,0.0,0.0,48.096144192240295,optimal
2021-02-10 11:30:00,2,35,0.9952223938981288,0.0,0.0,0.3400666666666667,16.5165,6.0,-4,20.0,55.0,0.0019999999999999996,3483.278378643451,0.0,0.0,0.0,48.048048048048045,optimal
2021-02-10 12:00:00,2,35,0.0,0.0,0.0,0.19683333333333328,17.8185,6.0,-4,20.333007463683924,55.0,0.0019999999999999996,0.0,0.0,0.0,0.0,48.0,optimal
2021-02-10 12:30:00,2,35,0.0,0.0,0.0,0.15283333333333335,17.094,6.0,-4,20.26049958322346,55.0,0.0019999999999999996,0.0,0.0,0.0,0.0,47.387298599316985,optimal
2021-02-10 13:00:00,2,35,2.0,0.0,0.0,0.06333333333333334,16.8945,6.0,-4,20.156566445204618,55.0,0.001333333333333333,7000.0,0.0,0.0,0.0,46.77520990003465,optimal
2021-02-10 13:30:00,2,35,0.0,0.0,0.0,2.7600333333333333,18.123,6.0,-4,20.88630845348155,55.0,0.001333333333333333,0.0,0.0,0.0,0.0,46.163733289451606,optimal
2021-02-10 14:00:00,2,35,0.0,0.0,0.0,3.4881666666666664,31.647,6.0,-4,20.892724115336726,55.0,0.001333333333333333,0.0,0.0,0.0,0.0,45.55286815547914,optimal
2021-02-10 14:30:00,2,35,0.0,0.0,0.0,2.429866666666667,34.9965,6.0,-4,20.907607345958592,55.0,0.001333333333333333,0.0,0.0,0.0,0.0,44.94261388664064,optimal
2021-02-10 15:00:00,2,35,0.0,0.0,0.0,1.0524,34.9965,6.0,-4,20.85654890187172,55.0,0.0,0.0,0.0,0.0,0.0,44.33296987207099,optimal
2021-02-10 15:30:00,2,35,0.0,0.0,0.0,0.12843333333333334,34.9965,6.0,-4,20.78713618771193,55.0,0.0,0.0,0.0,0.0,0.0,43.7239355015159,optimal
2021-02-10 16:00:00,2,35,0.0,0.0,0.0,0.24856666666666663,34.9965,6.0,-4,20.651744800013716,55.0,0.0,0.0,0.0,0.0,0.0,43.11551016533137,optimal
2021-02-10 16:30:00,2,35,0.0,0.0,0.0,0.064,34.9965,6.0,-4,20.458072568683406,55.0,0.0,0.0,0.0,0.0,0.0,42.50769325448303,optimal
2021-02-10 17:00:00,2,35,0.0,0.0,0.0,0.2759,27.741,6.0,-4,20.242100023751096,55.0,0.0,0.0,0.0,0.0,0.0,41.90048416054553,optimal
2021-02-10 17:30:00,2,35,0.6233123292448599,0.0,0.0,0.07083333333333333,19.026,6.0,-4,20.0,55.0,0.0,2181.59315235701,0.0,0.0,0.0,41.293882275701975,optimal
2021-02-10 18:00:00,2,35,0.6467767688525906,0.0,0.0,0.13233333333333333,18.7215,6.0,-4,20.0,55.0,0.0,2263.718690984067,0.0,0.0,0.0,40.68788699274326,optimal
2021-02-10 18:30:00,2,35,0.6524406635006096,0.0,0.0,0.16119999999999998,17.4195,6.0,-4,20.0,55.0,0.0,2283.5423222521335,0.0,0.0,0.0,40.0824977050675,optimal
2021-02-10 19:00:00,2,35,0.6789236057676671,0.0,0.0,0.1172,16.758,6.0,-4,20.0,55.0,0.0,2376.2326201868345,0.0,0.0,0.0,39.477713806679425,optimal
2021-02-10 19:30:00,2,35,0.6598659208750558,0.0,0.0,0.2143333333333333,14.217,6.0,-4,20.0,55.0,0.0,2309.5307230626954,0.0,0.0,0.0,38.87353469218973,optimal
2021-02-10 20:00:00,2,35,0.6919701407443507,0.0,0.0,0.13240000000000002,13.3665,6.0,-4,20.0,55.0,0.0,2421.8954926052274,0.0,0.0,0.0,38.26995975681453,optimal
2021-02-10 20:30:00,2,35,0.0,0.0,0.0,0.11303333333333332,12.789,6.0,-4,20.0,55.0,0.0,0.0,0.0,0.0,0.0,38.23168979705771,optimal
2021-02-10 21:00:00,2,35,0.0,0.0,0.0,0.22953333333333334,11.907,6.0,-4,19.714792314545626,55.0,0.0,0.0,0.0,0.0,0.0,38.19345810726065,optimal
2021-02-10 21:30:00,2,35,0.0,0.0,0.0,0.1172,11.7075,6.0,-4,19.447889483035805,55.0,0.0,0.0,0.0,0.0,0.0,38.155264649153395,optimal
2021-02-10 22:00:00,2,35,0.0,0.0,0.0,0.187,10.8045,6.0,-4,19.150142218486653,55.0,0.0,0.0,0.0,0.0,0.0,38.11710938450424,optimal
2021-02-10 22:30:00,2,35,0.0,0.0,0.0,0.1597333333333333,11.508,6.0,-4,18.843917129631095,55.0,0.0,0.0,0.0,0.0,0.0,38.07899227511974,optimal
2021-02-10 23:00:00,2,35,0.0,0.0,0.0,0.064,11.508,6.0,-4,18.535234727017574,55.0,0.0,0.0,0.0,0.0,0.0,38.04091328284462,optimal
2021-02-10 23:30:00,2,35,0.0,0.0,0.0,0.2804,11.508,6.0,-4,18.215892879559497,55.0,0.0,0.0,0.0,0.0,0.0,38.00287236956178,optimal
2021-02-11 00:00:00,2,35,2.0,0.0,0.0,0.049,11.2245,6.0,-3,18.215892879559497,55.0,0.0,7000.0,0.0,0.0,0.0,37.96486949719222,optimal
2021-02-11 00:30:00,2,35,2.0,0.0,0.0,0.049,11.025,6.0,-3,18.745865780724348,55.0,0.06698564593301436,0.0,0.0,7000.0,0.0,37.92690462769502,optimal
2021-02-11 01:00:00,2,35,2.0,0.0,4.760230287582069,0.18706666666666663,10.7835,6.0,-3,18.427279382069013,55.0,0.08199999999999998,5431.000000000002,0.0,1568.999999999998,0.0,40.1500871096688,optimal
2021-02-11 01:30:00,2,35,2.0,0.0,0.0,0.09973333333333333,11.025,6.0,-3,18.78491116976131,55.0,0.08199999999999998,7000.0,0.0,0.0,0.0,40.10993702255913,optimal
2021-02-11 02:00:00,2,35,2.0,0.0,9.0,0.109,10.584,6.0,-3,19.315583666410944,55.0,0.08199999999999998,7000.0,0.0,0.0,0.0,44.34482708553657,optimal
2021-02-11 02:30:00,2,35,2.0,0.0,0.0,0.26946666666666663,11.025,6.0,-3,19.839598705112678,55.0,0.08199999999999998,7000.0,0.0,0.0,0.0,44.30048225845103,optimal
2021-02-11 03:00:00,2,35,2.0,0.0,9.0,0.15146666666666667,10.4265,6.0,-3,20.37378200533305,55.0,0.08199999999999998,7000.0,0.0,0.0,0.0,48.53118177619257,optimal
2021-02-11 03:30:00,2,35,2.0,0.0,0.0,0.19119999999999998,12.789,6.0,-3,20.884478664423483,55.0,0.08199999999999998,7000.0,0.0,0.0,0.0,48.48265059441637,optimal
2021-02-11 04:00:00,2,35,2.0,0.0,0.0,0.25253333333333333,12.684,6.0,-3,21.396137888902647,55.0,0.08199999999999998,7000.0,0.0,0.0,0.0,48.434167943821954,optimal
2021-02-11 04:30:00,2,35,2.0,0.0,0.0,0.1168,16.254,6.0,-3,21.911344559705956,55.0,0.08199999999999998,7000.0,0.0,0.0,0.0,48.38573377587813,optimal
2021-02-11 05:00:00,2,35,0.0,0.0,0.0,0.22513333333333332,17.64,6.0,-3,22.40151031793426,55.0,0.08199999999999998,0.0,0.0,0.0,0.0,48.33734804210225,optimal
2021-02-11 05:30:00,2,35,0.0,0.0,0.0,0.09226666666666668,19.1625,6.0,-3,22.055230061860872,55.0,0.08199999999999998,0.0,0.0,0.0,0.0,48.289010694060146,optimal
2021-02-11 06:00:00,2,35,0.0,0.0,0.0,0.2967333333333333,26.46,6.0,-3,21.702859370058185,55.0,0.07799999999999999,0.0,0.0,0.0,0.0,48.240721683366075,optimal
2021-02-11 06:30:00,2,35,0.0,0.0,0.0,0.39026666666666665,20.79,6.0,-3,21.395624765306952,55.0,0.07399999999999998,0.0,0.0,0.0,0.0,48.192480961682705,optimal
2021-02-11 07:00:00,2,35,0.0,0.0,0.0,0.25793333333333335,29.106,6.0,-3,21.118053391288885,55.0,0.07399999999999998,0.0,0.0,0.0,0.0,48.144288480721016,optimal
2021-02-11 07:30:00,2,35,0.0,0.0,0.0,0.19546666666666668,19.1835,6.0,-3,20.830398822954027,55.0,0.06999999999999998,0.0,0.0,0.0,0.0,48.096144192240295,optimal
2021-02-11 08:00:00,2,35,0.0,0.0,0.0,0.3446,19.6665,6.0,-3,20.554815219395795,55.0,0.01,0.0,0.0,0.0,0.0,48.048048048048045,optimal
2021-02-11 08:30:00,2,35,0.0,0.0,0.0,0.05876666666666667,19.404,6.0,-3,20.317497019134635,55.0,0.01,0.0,0.0,0.0,0.0,48.0,optimal
2021-02-11 09:00:00,2,35,0.5910318335725623,0.0,0.0,0.3497333333333333,19.047,6.0,-3,20.007501522348402,55.0,0.01,2068.611417503968,0.0,0.0,0.0,47.89020086672401,optimal
2021-02-11 09:30:00,2,35,0.9481755163887466,0.0,0.0,0.16706666666666667,18.858,6.0,-3,20.0,55.0,0.007333333333333333,3318.614307360613,0.0,0.0,0.0,47.78051153258129,optimal
2021-02-11 10:00:00,2,35,0.0,0.0,0.0,0.1444,19.2675,6.0,-3,20.156991813393514,55.0,0.004,0.0,0.0,0.0,0.0,47.670931887772724,optimal
2021-02-11 10:30:00,2,35,0.35842214626700974,0.0,0.0,0.23626666666666668,18.963,6.0,-3,20.0,55.0,0.004,1254.477511934534,0.0,0.0,0.0,47.56146182260896,optimal
2021-02-11 11:00:00,2,35,0.30003137470969604,0.0,0.0,0.6688666666666667,18.438,6.0,-3,20.0,55.0,0.0033333333333333335,1050.109811483936,0.0,0.0,0.0,47.45210122751036,optimal
2021-02-11 11:30:00,2,35,0.0,0.0,0.0,0.2098333333333333,18.7425,6.0,-3,20.074767774825343,55.0,0.0,0.0,0.0,0.0,0.0,47.34284999300686,optimal
2021-02-11 12:00:00,2,35,2.0,0.0,0.0,0.3262,15.2145,6.0,-3,20.0,55.0,0.0,7000.0,0.0,0.0,0.0,47.23370800973786,optimal
2021-02-11 12:30:00,2,35,0.0,0.0,0.0,0.11273333333333332,17.7765,6.0,-3,20.77997417620234,55.0,0.0,0.0,0.0,0.0,0.0,47.124675168452136,optimal
2021-02-11 13:00:00,2,35,0.0,0.0,0.0,0.3323333333333333,16.758,6.0,-3,20.690097987602897,55.0,0.0,0.0,0.0,0.0,0.0,47.01575136000769,optimal
2021-02-11 13:30:00,2,35,2.0,0.0,0.0,0.119,16.422,6.0,-3,20.616738135851037,55.0,0.0,7000.0,0.0,0.0,0.0,46.906936475371694,optimal
2021-02-11 14:00:00,2,35,0.2749445141094817,0.0,0.0,0.08793333333333334,16.758,6.0,-3,21.362510192416828,55.0,0.0,962.3057993831859,0.0,0.0,0.0,46.79823040562033,optimal
2021-02-11 14:30:00,2,35,0.0,0.0,0.0,0.34686666666666666,29.358,6.0,-3,21.37297882812455,55.0,0.0,0.0,0.0,0.0,0.0,46.68963304193872,optimal
2021-02-11 15:00:00,2,35,0.0,0.0,0.0,0.11273333333333332,34.9965,6.0,-3,21.293535929724595,55.0,0.0,0.0,0.0,0.0,0.0,46.581144275620794,optimal
2021-02-11 15:30:00,2,35,0.0,0.0,0.0,0.059,34.65,6.0,-3,21.14429348781839,55.0,0.0,0.0,0.0,0.0,0.0,46.47276399806918,optimal
2021-02-11 16:00:00,2,35,0.0,0.0,0.0,0.3933333333333333,34.9965,6.0,-3,20.973928169280196,55.0,0.0,0.0,0.0,0.0,0.0,46.364492100795125,optimal
2021-02-11 16:30:00,2,35,0.0,0.0,0.0,0.06626666666666667,34.9965,6.0,-3,20.7814059569192,55.0,0.0,0.0,0.0,0.0,0.0,46.25632847541834,optimal
2021-02-11 17:00:00,2,35,0.0,0.0,0.0,0.32380000000000003,30.4815,6.0,-3,20.53916805108723,55.0,0.0,0.0,0.0,0.0,0.0,46.14827301366694,optimal
2021-02-11 17:30:00,2,35,0.0,0.0,0.0,0.19396666666666668,21.4305,6.0,-3,20.259329268366976,55.0,0.0,0.0,0.0,0.0,0.0,46.102124740653274,optimal
2021-02-11 18:00:00,2,35,0.6739759321469198,0.0,0.0,0.21446666666666667,14.3325,6.0,-3,20.0,55.0,0.0,2289.2490958475523,0.0,69.66666666666666,0.0,46.05602261591262,optimal
2021-02-11 18:30:00,2,35,1.3420809282345465,0.0,0.0,0.30056666666666665,13.692,6.0,-3,20.0,55.0,0.0006666666666666665,4627.616582154245,0.0,69.66666666666666,0.0,46.0099665932967,optimal
2021-02-11 19:00:00,2,35,0.0,0.0,0.0,0.22333333333333327,14.007,6.0,-3,20.30136934336441,55.0,0.0,0.0,0.0,0.0,0.0,45.96395662670341,optimal
2021-02-11 19:30:00,2,35,0.8502847975065282,0.0,0.0,0.12353333333333331,12.873,6.0,-3,20.0,55.0,0.0,2557.996791272849,0.0,418.0,0.0,45.91799267007671,optimal
2021-02-11 20:00:00,2,35,0.7913744915644676,0.0,0.0,0.19493333333333332,12.684,6.0,-3,20.0,55.0,0.0,2769.8107204756366,0.0,0.0,0.0,45.87207467740663,optimal
2021-02-11 20:30:00,2,35,0.0,0.0,0.0,0.2779,12.306,6.0,-3,20.0,55.0,0.0,0.0,0.0,0.0,0.0,45.826202602729225,optimal
2021-02-11 21:00:00,2,35,0.2587619047619047,0.0,0.0,0.2591333333333333,10.6365,6.0,-3,19.670434435824948,55.0,0.008666666666666666,0.0,0.0,905.6666666666665,0.0,45.78037640012649,optimal
2021-02-11 21:30:00,2,35,0.0,0.0,0.0,0.2937666666666667,11.2455,6.0,-3,19.381560844920703,55.0,0.0,0.0,0.0,0.0,0.0,45.73459602372637,optimal
2021-02-11 22:00:00,2,35,0.0,0.0,0.0,0.3946,11.2455,6.0,-3,19.120008704304084,55.0,0.0,0.0,0.0,0.0,0.0,45.68886142770264,optimal
2021-02-11 22:30:00,2,35,0.0,0.0,0.0,0.31210000000000004,11.025,6.0,-3,18.825120041473586,55.0,0.0,0.0,0.0,0.0,0.0,45.643172566274934,optimal
2021-02-11 23:00:00,2,35,0.0,0.0,0.0,0.1475,12.0855,6.0,-3,18.50067522254326,55.0,0.0,0.0,0.0,0.0,0.0,45.59752939370866,optimal
2021-02-11 23:30:00,2,35,0.0,0.0,0.0,0.12776666666666667,11.6865,6.0,-3,18.15238932369471,55.0,0.0,0.0,0.0,0.0,0.0,45.55193186431495,optimal
2021-02-12 00:00:00,2,35,0.0,0.0,0.0,0.062,10.8045,6.0,-1,18.15238932369471,55.0,0.0,0.0,0.0,0.0,0.0,45.506379932450635,optimal
2021-02-12 00:30:00,2,35,1.4686539257143971,0.0,0.0,0.062,11.025,6.0,-1,17.79569014900844,55.0,0.04918936593301808,0.0,0.0,5140.288740000389,0.0,45.46087355251819,optimal
2021-02-12 01:00:00,2,35,2.0,0.0,0.0,0.093,10.3635,6.0,-1,17.444215340105487,55.0,0.082,3571.2887400003874,0.0,3428.711259999612,0.0,45.415412678965666,optimal
2021-02-12 01:30:00,2,35,2.0,0.0,0.0,0.0868,10.8045,6.0,-1,17.53132694570134,55.0,0.082,7000.0,0.0,0.0,0.0,45.3699972662867,optimal
2021-02-12 02:00:00,2,35,2.0,0.0,0.0,0.11506666666666666,10.059,6.0,-1,18.030434502462526,55.0,0.082,7000.0,0.0,0.0,0.0,45.32462726902042,optimal
2021-02-12 02:30:00,2,35,2.0,0.0,0.0,0.19826666666666667,10.584,6.0,-1,18.527097695588534,55.0,0.082,7000.0,0.0,0.0,0.0,45.2793026417514,optimal
2021-02-12 03:00:00,2,35,2.0,0.0,7.043659365517191,0.08103333333333333,9.4185,6.0,-1,19.030891359419574,55.0,0.082,7000.0,0.0,0.0,0.0,48.579761537730306,optimal
2021-02-12 03:30:00,2,35,2.0,0.0,0.0,0.2013,10.3635,6.0,-1,19.517594297040564,55.0,0.082,7000.0,0.0,0.0,0.0,48.53118177619257,optimal
2021-02-12 04:00:00,2,35,2.0,0.0,0.0,0.062,9.8385,6.0,-1,20.021892131720087,55.0,0.082,7000.0,0.0,0.0,0.0,48.48265059441637,optimal
2021-02-12 04:30:00,2,35,2.0,0.0,0.0,0.2079333333333333,11.067,6.0,-1,20.512295293877226,55.0,0.082,7000.0,0.0,0.0,0.0,48.434167943821954,optimal
2021-02-12 05:00:00,2,35,2.0,0.0,0.0,0.062,10.8465,6.0,-1,21.023327451084807,55.0,0.082,7000.0,0.0,0.0,0.0,48.38573377587813,optimal
2021-02-12 05:30:00,2,35,0.0,0.0,0.0,0.07893333333333334,13.671,6.0,-1,21.519568158792147,55.0,0.082,0.0,0.0,0.0,0.0,48.33734804210225,optimal
2021-02-12 06:00:00,2,35,2.0,0.0,0.0,0.201,12.348,6.0,-1,21.17959240278726,55.0,0.082,7000.0,0.0,0.0,0.0,48.289010694060146,optimal
2021-02-12 06:30:00,2,35,0.0,0.0,0.0,0.062,14.3325,6.0,-1,21.71294152509059,55.0,0.082,0.0,0.0,0.0,0.0,48.240721683366075,optimal
2021-02-12 07:00:00,2,35,0.0,0.0,0.0,0.12443333333333334,15.393,6.0,-1,21.381719032734427,55.0,0.082,0.0,0.0,0.0,0.0,48.192480961682705,optimal
2021-02-12 07:30:00,2,35,0.0,0.0,0.0,0.2815,13.587,6.0,-1,21.06432457847584,55.0,0.07866666666666668,0.0,0.0,0.0,0.0,48.144288480721016,optimal
2021-02-12 08:00:00,2,35,0.0,0.0,0.0,0.20476666666666668,16.1385,6.0,-1,20.782523532374636,55.0,0.07733333333333334,0.0,0.0,0.0,0.0,48.096144192240295,optimal
2021-02-12 08:30:00,2,35,0.0,0.0,0.0,0.3605,14.595,6.0,-1,20.50539015296303,55.0,0.07133333333333335,0.0,0.0,0.0,0.0,48.048048048048045,optimal
2021-02-12 09:00:00,2,35,0.0,0.0,0.0,0.14713333333333334,14.637,6.0,-1,20.273412725578527,55.0,0.07133333333333335,0.0,0.0,0.0,0.0,48.0,optimal
2021-02-12 09:30:00,2,35,0.6488789669199104,0.0,0.0,0.0713,13.9125,6.0,-1,20.0,55.0,0.07133333333333335,2271.0763842196866,0.0,0.0,0.0,47.69420155002023,optimal
2021-02-12 10:00:00,2,35,0.4295240291382709,0.0,0.0,0.1085,13.3665,6.0,-1,20.0,55.0,0.07133333333333335,1503.3341019839481,0.0,0.0,0.0,47.38870889849044,optimal
2021-02-12 10:30:00,2,35,0.6786100169207409,0.0,0.0,0.10490000000000001,13.0095,6.0,-1,20.0,55.0,0.07133333333333335,2375.1350592225926,0.0,0.0,0.0,47.08352173961219,optimal
2021-02-12 11:00:00,2,35,0.0,0.0,0.0,0.2208333333333333,13.8915,6.0,-1,20.110323202939195,55.0,0.07133333333333335,0.0,0.0,0.0,0.0,46.778639767892805,optimal
2021-02-12 11:30:00,2,35,0.2955740363469464,0.0,0.0,0.0837,13.188,6.0,-1,20.0,55.0,0.07133333333333335,1034.5091272143125,0.0,0.0,0.0,46.474062678145145,optimal
2021-02-12 12:00:00,2,35,0.19490887698083595,0.0,0.0,0.1867666666666667,12.5685,6.0,-1,20.0,55.0,0.07133333333333335,682.1810694329258,0.0,0.0,0.0,46.169790165487235,optimal
2021-02-12 12:30:00,2,35,0.12809374729268883,0.0,0.0,0.34353333333333336,12.285,6.0,-1,20.0,55.0,0.07133333333333335,448.32811552441086,0.0,0.0,0.0,45.86582192534198,optimal
2021-02-12 13:00:00,2,35,0.2921813855140899,0.0,0.0,0.2169333333333333,11.487,6.0,-1,20.0,55.0,0.06733333333333334,1022.6348492993147,0.0,0.0,0.0,45.56215765343688,optimal
2021-02-12 13:30:00,2,35,0.0,0.0,0.0,0.2765,11.802,6.0,-1,20.05639779496849,55.0,0.06733333333333334,0.0,0.0,0.0,0.0,45.258797045803675,optimal
2021-02-12 14:00:00,2,35,1.714446478607391,0.0,0.0,0.34186666666666665,11.2245,6.0,-1,20.0,55.0,0.06666666666666668,6000.562675125868,0.0,0.0,0.0,44.955739798778104,optimal
2021-02-12 14:30:00,2,35,2.0,0.0,0.0,0.28426666666666667,11.025,6.0,-1,20.66079253919797,55.0,0.066,7000.0,0.0,0.0,0.0,44.65298560899956,optimal
2021-02-12 15:00:00,2,35,0.0,0.0,0.0,0.22583333333333327,11.907,6.0,-1,21.445565519035597,55.0,0.066,0.0,0.0,0.0,0.0,44.35053417341079,optimal
2021-02-12 15:30:00,2,35,0.0,0.0,0.0,0.36860000000000004,25.83,6.0,-1,21.369061884744255,55.0,0.066,0.0,0.0,0.0,0.0,44.048385189257615,optimal
2021-02-12 16:00:00,2,35,0.0,0.0,0.0,1.3729333333333333,28.035,6.0,-1,21.31151358346986,55.0,0.06400000000000002,0.0,0.0,0.0,0.0,43.74653835408859,optimal
2021-02-12 16:30:00,2,35,0.0,0.0,0.0,0.41806666666666664,28.119,6.0,-1,21.277309668276274,55.0,0.061333333333333344,0.0,0.0,0.0,0.0,43.44499336575474,optimal
2021-02-12 17:00:00,2,35,0.0,0.0,0.0,0.4204,30.156,6.0,-1,21.179534537310108,55.0,0.05933333333333334,0.0,0.0,0.0,0.0,43.14374992240922,optimal
2021-02-12 17:30:00,2,35,0.0,0.0,0.0,0.33473333333333327,29.1585,6.0,-1,21.010898608636786,55.0,0.05933333333333334,0.0,0.0,0.0,0.0,42.84280772250705,optimal
2021-02-12 18:00:00,2,35,0.0,0.0,0.0,0.2902,26.712,6.0,-1,20.821589737790305,55.0,0.05866666666666668,0.0,0.0,0.0,0.0,42.54216646480477,optimal
2021-02-12 18:30:00,2,35,0.0,0.0,0.0,0.2179333333333333,15.435,6.0,-1,20.577177173363417,55.0,0.05866666666666668,0.0,0.0,0.0,0.0,42.2418258483602,optimal
2021-02-12 19:00:00,2,35,0.0,0.0,0.0,0.072,13.566,6.0,-1,20.295672807549586,55.0,0.05866666666666668,0.0,0.0,0.0,0.0,41.941785572532076,optimal
2021-02-12 19:30:00,2,35,0.4804491032391958,0.0,0.0,0.5129333333333332,12.789,6.0,-1,20.0,55.0,0.05800000000000001,1681.5718613371855,0.0,0.0,0.0,41.89984378695954,optimal
2021-02-12 20:00:00,2,35,0.4344222197583448,0.0,0.0,0.5592,12.1275,6.0,-1,20.0,55.0,0.001333333333333333,1520.4777691542067,0.0,0.0,0.0,41.857943943172586,optimal
2021-02-12 20:30:00,2,35,0.0,0.0,0.0,0.5951333333333333,13.671,6.0,-1,20.0,55.0,0.0,0.0,0.0,0.0,0.0,41.816085999229415,optimal
2021-02-12 21:00:00,2,35,0.0,0.0,0.0,0.5728,10.668,6.0,-1,19.809977333980882,55.0,0.0,0.0,0.0,0.0,0.0,41.774269913230185,optimal
2021-02-12 21:30:00,2,35,0.0,0.0,0.0,0.4336333333333333,11.7285,6.0,-1,19.63011055435414,55.0,0.0,0.0,0.0,0.0,0.0,41.73249564331695,optimal
2021-02-12 22:00:00,2,35,0.0,0.0,0.0,0.45530000000000004,11.025,6.0,-1,19.44608629518962,55.0,0.0,0.0,0.0,0.0,0.0,41.690763147673636,optimal
2021-02-12 22:30:00,2,35,0.0,0.0,0.0,0.48303333333333337,10.689,6.0,-1,19.274606134124163,55.0,0.0,0.0,0.0,0.0,0.0,41.649072384525965,optimal
2021-02-12 23:00:00,2,35,0.0,0.0,0.0,0.13443333333333335,8.1585,6.0,-1,19.104506506261952,55.0,0.0,0.0,0.0,0.0,0.0,41.60742331214144,optimal
2021-02-12 23:30:00,2,35,0.0,0.0,0.0,0.12440000000000001,10.3635,6.0,-1,18.838040765703376,55.0,0.0,0.0,0.0,0.0,0.0,41.5658158888293,optimal
2021-02-13 00:00:00,2,35,0.0,0.0,0.0,0.07083333333333333,8.2005,6.0,3,18.838040765703376,55.0,0.0,0.0,0.0,0.0,0.0,41.52425007294047,optimal
2021-02-13 00:30:00,2,35,0.0,0.0,0.0,0.08256666666666666,9.5655,6.0,3,18.573680969152537,55.0,0.0,0.0,0.0,0.0,0.0,41.48272582286753,optimal
2021-02-13 01:00:00,2,35,2.0,0.0,0.0,0.057,7.056,6.0,3,18.319925530265802,55.0,0.06698564593301436,0.0,0.0,7000.0,0.0,41.44124309704466,optimal
2021-02-13 01:30:00,2,35,0.0,0.0,0.0,0.057,9.3975,6.0,3,18.058061299581574,55.0,0.06698564593301436,0.0,0.0,0.0,0.0,41.399801853947615,optimal
2021-02-13 02:00:00,2,35,0.0,0.0,0.0,0.057,10.059,6.0,3,17.80076476327808,55.0,0.06698564593301436,0.0,0.0,0.0,0.0,41.358402052093666,optimal
2021-02-13 02:30:00,2,35,0.0,0.0,0.0,0.057,9.261,6.0,3,17.547969020986823,55.0,0.06698564593301436,0.0,0.0,0.0,0.0,41.31704365004157,optimal
2021-02-13 03:00:00,2,35,2.0,0.0,0.0,0.057,8.1585,6.0,3,17.298875831210175,55.0,0.06733333333333333,6963.666666666667,0.0,36.333333333333336,0.0,41.27572660639153,optimal
2021-02-13 03:30:00,2,35,0.0,0.0,0.0,0.057,9.4815,6.0,3,17.89132096161527,55.0,0.06733333333333333,0.0,0.0,0.0,0.0,41.234450879785136,optimal
2021-02-13 04:00:00,2,35,2.0,0.0,0.0,0.057,8.379,6.0,3,17.636466574265828,55.0,0.06733333333333333,7000.0,0.0,0.0,0.0,41.19321642890535,optimal
2021-02-13 04:30:00,2,35,0.0,0.0,0.0,0.057,9.5235,6.0,3,18.226874306523573,55.0,0.06733333333333333,0.0,0.0,0.0,0.0,41.15202321247644,optimal
2021-02-13 05:00:00,2,35,2.0,0.0,0.0,0.057,8.1375,6.0,3,17.96490830114657,55.0,0.06733333333333333,7000.0,0.0,0.0,0.0,41.11087118926397,optimal
2021-02-13 05:30:00,2,35,0.0,0.0,0.0,0.057,10.0905,6.0,3,18.547576254138434,55.0,0.06733333333333333,0.0,0.0,0.0,0.0,41.06976031807471,optimal
2021-02-13 06:00:00,2,35,2.0,0.0,0.0,0.057,7.539,6.0,3,18.277983829550287,55.0,0.06733333333333333,7000.0,0.0,0.0,0.0,41.02869055775663,optimal
2021-02-13 06:30:00,2,35,2.0,0.0,0.0,0.057,7.938,6.0,3,18.853137063066818,55.0,0.06733333333333333,7000.0,0.0,0.0,0.0,40.987661867198874,optimal
2021-02-13 07:00:00,2,35,2.0,0.0,0.0,0.09,8.274,6.0,3,19.419134040011162,55.0,0.06066666666666667,7000.0,0.0,0.0,0.0,40.946674205331675,optimal
2021-02-13 07:30:00,2,35,2.0,0.0,0.0,0.06666666666666667,9.261,6.0,3,19.991831085836512,55.0,0.058666666666666666,7000.0,0.0,0.0,0.0,40.905727531126345,optimal
2021-02-13 08:00:00,2,35,0.0,0.0,0.0,0.055,9.9225,6.0,3,20.557092372917808,55.0,0.05533333333333333,0.0,0.0,0.0,0.0,40.86482180359522,optimal
2021-02-13 08:30:00,2,35,2.0,0.0,0.0,1.0523666666666665,9.702,6.0,3,20.272276981446588,55.0,0.052,7000.0,0.0,0.0,0.0,40.823956981791625,optimal
2021-02-13 09:00:00,2,35,0.0,0.0,0.0,0.167,10.584,6.0,3,20.869271403579347,55.0,0.052,0.0,0.0,0.0,0.0,40.783133024809835,optimal
2021-02-13 09:30:00,2,35,1.8907277489689958,0.0,0.0,0.2571666666666667,10.143,6.0,3,20.62197540388304,55.0,0.048,6617.547121391485,0.0,0.0,0.0,40.742349891785025,optimal
2021-02-13 10:00:00,2,35,0.0,0.0,0.0,0.2412,13.0095,6.0,3,21.18668960733127,55.0,0.04733333333333333,0.0,0.0,0.0,0.0,40.70160754189324,optimal
2021-02-13 10:30:00,2,35,0.0,0.0,0.0,0.7757000000000001,11.025,6.0,3,20.993034048455044,55.0,0.04733333333333333,0.0,0.0,0.0,0.0,40.66090593435135,optimal
2021-02-13 11:00:00,2,35,0.0,0.0,0.0,1.0375333333333332,12.789,6.0,3,20.80326081335943,55.0,0.04066666666666666,0.0,0.0,0.0,0.0,40.620245028416996,optimal
2021-02-13 11:30:00,2,35,0.0,0.0,0.0,0.25,12.1275,6.0,3,20.688415088216345,55.0,0.038,0.0,0.0,0.0,0.0,40.57962478338858,optimal
2021-02-13 12:00:00,2,35,0.0,0.0,0.0,0.2876,12.1695,6.0,3,20.557938505571347,55.0,0.036,0.0,0.0,0.0,0.0,40.53904515860519,optimal
2021-02-13 12:30:00,2,35,0.0,0.0,0.0,0.3536,12.306,6.0,3,20.460226435607222,55.0,0.036,0.0,0.0,0.0,0.0,40.49850611344659,optimal
2021-02-13 13:00:00,2,35,0.0,0.0,0.0,0.29753333333333337,13.23,6.0,3,20.367760450900985,55.0,0.032,0.0,0.0,0.0,0.0,40.458007607333144,optimal
2021-02-13 13:30:00,2,35,0.0,0.0,0.0,1.9413333333333334,13.671,6.0,3,20.297853745550047,55.0,0.032,0.0,0.0,0.0,0.0,40.41754959972581,optimal
2021-02-13 14:00:00,2,35,0.0,0.0,0.0,0.20113333333333333,13.9335,6.0,3,20.353015129582452,55.0,0.032,0.0,0.0,0.0,0.0,40.377132050126086,optimal
2021-02-13 14:30:00,2,35,0.0,0.0,0.0,0.3529,13.293,6.0,3,20.246131395641324,55.0,0.029333333333333333,0.0,0.0,0.0,0.0,40.33675491807596,optimal
2021-02-13 15:00:00,2,35,0.0,0.0,0.0,0.1557666666666667,12.1065,6.0,3,20.15590235395293,55.0,0.014666666666666666,0.0,0.0,0.0,0.0,40.29641816315789,optimal
2021-02-13 15:30:00,2,35,0.2899788968386919,0.0,0.0,0.3166666666666667,11.571,6.0,3,20.0,55.0,0.014666666666666666,1014.9261389354215,0.0,0.0,0.0,40.25612174499473,optimal
2021-02-13 16:00:00,2,35,0.45954940527156934,0.0,0.0,0.16586666666666666,11.025,6.0,3,20.0,55.0,0.014666666666666666,1608.4229184504927,0.0,0.0,0.0,40.215865623249734,optimal
2021-02-13 16:30:00,2,35,2.0,0.0,0.0,2.476,10.8465,6.0,3,20.0,55.0,0.013333333333333334,7000.0,0.0,0.0,0.0,40.17564975762648,optimal
2021-02-13 17:00:00,2,35,1.8070528082560722,0.0,0.0,0.3661666666666667,11.2455,6.0,3,20.832709334892606,55.0,0.01,6324.684828896253,0.0,0.0,0.0,40.13547410786885,optimal
2021-02-13 17:30:00,2,35,0.0,0.0,0.0,0.44489999999999996,23.8665,6.0,3,21.369871300924686,55.0,0.008666666666666666,0.0,0.0,0.0,0.0,40.09533863376098,optimal
2021-02-13 18:00:00,2,35,0.0,0.0,0.0,0.2965,27.4575,6.0,3,21.144047951402467,55.0,0.008666666666666666,0.0,0.0,0.0,0.0,40.05524329512722,optimal
2021-02-13 18:30:00,2,35,0.0,0.0,0.0,0.3108333333333333,27.3735,6.0,3,20.88556342340279,55.0,0.007333333333333333,0.0,0.0,0.0,0.0,40.01518805183209,optimal
2021-02-13 19:00:00,2,35,0.0,0.0,0.0,0.319,30.4605,6.0,3,20.646376066480183,55.0,0.005333333333333332,0.0,0.0,0.0,0.0,39.97517286378026,optimal
2021-02-13 19:30:00,2,35,0.0,0.0,0.0,0.3443,30.0195,6.0,3,20.418482513587275,55.0,0.002666666666666666,0.0,0.0,0.0,0.0,39.935197690916475,optimal
2021-02-13 20:00:00,2,35,0.0,0.0,0.0,0.3012666666666666,26.9325,6.0,3,20.204831358547125,55.0,0.001333333333333333,0.0,0.0,0.0,0.0,39.89526249322556,optimal
2021-02-13 20:30:00,2,35,0.0,0.0,0.0,0.35283333333333333,14.595,6.0,3,20.0,55.0,0.001333333333333333,0.0,0.0,0.0,0.0,39.855367230732334,optimal
2021-02-13 21:00:00,2,35,0.0,0.0,0.0,0.2283,12.4845,6.0,3,19.808003095941096,55.0,0.0006666666666666665,0.0,0.0,0.0,0.0,39.8155118635016,optimal
2021-02-13 21:30:00,2,35,0.0,0.0,0.0,0.222,12.1275,6.0,3,19.60866699979346,55.0,0.0006666666666666665,0.0,0.0,0.0,0.0,39.775696351638096,optimal
2021-02-13 22:00:00,2,35,0.0,0.0,0.0,0.16033333333333336,12.1275,6.0,3,19.393393472360387,55.0,0.0,0.0,0.0,0.0,0.0,39.735920655286456,optimal
2021-02-13 22:30:00,2,35,0.0,0.0,0.0,0.067,12.789,6.0,3,19.15787975888236,55.0,0.0,0.0,0.0,0.0,0.0,39.69618473463117,optimal
2021-02-13 23:00:00,2,35,0.0,0.0,0.0,0.067,11.907,6.0,3,18.884474819940465,55.0,0.0,0.0,0.0,0.0,0.0,39.65648854989654,optimal
2021-02-13 23:30:00,2,35,0.0,0.0,0.0,0.066,11.025,6.0,3,18.615806605434926,55.0,0.0,0.0,0.0,0.0,0.0,39.61683206134664,optimal
2021-02-07 00:00:00,3,35,0.0,0.0,0.0,0.07,6.678,6.0,3,21.0,55.0,0.12,0.0,0.0,0.0,0.0,47.952,optimal
2021-02-07 00:30:00,3,35,0.0,0.0,0.0,0.07,7.938,6.0,3,20.747399243333668,55.0,0.12,0.0,0.0,0.0,0.0,47.904047999999996,optimal
2021-02-07 01:00:00,3,35,0.0,0.0,0.0,0.07,5.292,6.0,3,20.4970335413807,55.0,0.12,0.0,0.0,0.0,0.0,47.856143952,optimal
2021-02-07 01:30:00,3,35,0.0,0.0,0.0,0.07,9.261,6.0,3,20.248870158591934,55.0,0.12,0.0,0.0,0.0,0.0,47.80828780804799,optimal
2021-02-07 02:00:00,3,35,0.0,0.0,0.0,0.1372,10.3635,6.0,3,20.00360915985679,55.0,0.12,0.0,0.0,0.0,0.0,47.76047952023995,optimal
2021-02-07 02:30:00,3,35,0.0,0.0,0.0,0.07,8.274,6.0,3,19.76929374830899,55.0,0.12,0.0,0.0,0.0,0.0,47.712719040719705,optimal
2021-02-07 03:00:00,3,35,0.0,0.0,0.0,0.09986666666666666,7.7175,6.0,3,19.528859863969007,55.0,0.12,0.0,0.0,0.0,0.0,47.66500632167899,optimal
2021-02-07 03:30:00,3,35,0.0,0.0,0.0,0.10733333333333331,6.615,6.0,3,19.294076483299936,55.0,0.12,0.0,0.0,0.0,0.0,47.61734131535731,optimal
2021-02-07 04:00:00,3,35,0.0,0.0,0.0,0.07,6.174,6.0,3,19.062897930077902,55.0,0.12,0.0,0.0,0.0,0.0,47.56972397404195,optimal
2021-02-07 04:30:00,3,35,1.490693149212715,0.0,0.0,0.1372,3.906,6.0,3,18.82988093137526,55.0,0.12,5217.426022244502,0.0,0.0,0.0,47.522154250067906,optimal
2021-02-07 05:00:00,3,35,2.0,0.0,0.0,0.07,2.3415,6.0,3,19.236139410146055,55.0,0.12,7000.0,0.0,0.0,0.0,47.47463209581784,optimal
2021-02-07 05:30:00,3,35,2.0,0.0,0.0,0.13346666666666668,2.205,6.0,3,19.842846780327495,55.0,0.12,7000.0,0.0,0.0,0.0,47.42715746372202,optimal
2021-02-07 06:00:00,3,35,2.0,0.0,1.812613425490078,0.07373333333333333,0.882,6.0,3,20.44830456620009,55.0,0.12,7000.0,0.0,0.0,0.0,48.240721683366075,optimal
2021-02-07 06:30:00,3,35,2.0,0.0,0.0,0.19813333333333333,1.5435,6.0,3,21.037707263141193,55.0,0.10533333333333333,7000.0,0.0,0.0,0.0,48.192480961682705,optimal
2021-02-07 07:00:00,3,35,2.0,0.0,0.0,0.9272,1.5435,6.0,3,21.640113065143574,55.0,0.10466666666666667,7000.0,0.0,0.0,0.0,48.144288480721016,optimal
2021-02-07 07:30:00,3,35,0.0,0.0,0.0,1.2248666666666665,5.0715,6.0,3,22.245655941309472,55.0,0.10333333333333333,0.0,0.0,0.0,0.0,48.096144192240295,optimal
2021-02-07 08:00:00,3,35,0.0,0.0,0.0,0.16696666666666668,5.376,6.0,3,22.0,55.0,0.098,0.0,0.0,0.0,0.0,48.048048048048045,optimal
2021-02-07 08:30:00,3,35,1.1724187804354682,0.0,0.0,0.08366666666666667,5.0715,6.0,3,21.75794538426096,55.0,0.098,4103.465731524139,0.0,0.0,0.0,48.0,optimal
2021-02-07 09:00:00,3,35,0.6566683963649471,0.0,0.0,0.08,5.5125,6.0,3,22.0,55.0,0.098,2298.339387277315,0.0,0.0,0.0,47.70699403531017,optimal
2021-02-07 09:30:00,3,35,0.6357294571529931,0.0,0.0,0.1472,9.261,6.0,3,22.0,55.0,0.098,2225.053100035476,0.0,0.0,0.0,47.41428107658503,optimal
2021-02-07 10:00:00,3,35,0.0,0.0,0.0,0.08,11.7075,6.0,3,22.0,55.0,0.098,0.0,0.0,0.0,0.0,47.12186083081861,optimal
2021-02-07 10:30:00,3,35,0.0,0.0,0.0,0.08,12.348,6.0,3,21.745664464275386,55.0,0.098,0.0,0.0,0.0,0.0,46.82973300529796,optimal
2021-02-07 11:00:00,3,35,0.0,0.0,0.0,0.08,12.348,6.0,3,21.493589391566136,55.0,0.098,0.0,0.0,0.0,0.0,46.53789730760283,optimal
2021-02-07 11:30:00,3,35,0.0,0.0,0.0,0.11733333333333332,12.1275,6.0,3,21.27158117055646,55.0,0.098,0.0,0.0,0.0,0.0,46.2463534456054,optimal
2021-02-07 12:00:00,3,35,0.0,0.0,0.0,0.10986666666666665,12.5265,6.0,3,21.057316637699834,55.0,0.098,0.0,0.0,0.0,0.0,45.955101127469966,optimal
2021-02-07 12:30:00,3,35,2.0,0.0,0.0,0.10986666666666665,11.7495,6.0,3,20.864397437305314,55.0,0.098,7000.0,0.0,0.0,0.0,45.66414006165267,optimal
2021-02-07 13:00:00,3,35,0.0,0.0,0.0,0.11733333333333332,13.23,6.0,3,21.516565548761843,55.0,0.098,0.0,0.0,0.0,0.0,45.37346995690118,optimal
2021-02-07 13:30:00,3,35,0.0,0.0,0.0,0.0912,14.3325,6.0,3,21.30035048934042,55.0,0.098,0.0,0.0,0.0,0.0,45.08309052225445,optimal
2021-02-07 14:00:00,3,35,0.0,0.0,0.0,0.136,14.994,6.0,3,21.084890083567544,55.0,0.098,0.0,0.0,0.0,0.0,44.793001467042366,optimal
2021-02-07 14:30:00,3,35,0.0,0.0,0.0,0.08,14.8155,6.0,3,20.885804539609985,55.0,0.098,0.0,0.0,0.0,0.0,44.50320250088549,optimal
2021-02-07 15:00:00,3,35,0.0,0.0,0.0,0.1472,14.112,6.0,3,20.6836291131551,55.0,0.098,0.0,0.0,0.0,0.0,44.21369333369478,optimal
2021-02-07 15:30:00,3,35,0.0,0.0,0.0,0.08,14.007,6.0,3,20.510154913292794,55.0,0.098,0.0,0.0,0.0,0.0,43.92447367567125,optimal
2021-02-07 16:00:00,3,35,0.09801701125071108,0.0,0.0,0.1472,13.23,6.0,3,20.32893881374303,55.0,0.098,343.05953937748876,0.0,0.0,0.0,43.63554323730575,optimal
2021-02-07 16:30:00,3,35,2.0,0.0,0.0,0.08,11.382,6.0,3,20.158786674062636,55.0,0.098,7000.0,0.0,0.0,0.0,43.34690172937861,optimal
2021-02-07 17:00:00,3,35,2.0,0.0,0.0,0.08,11.7495,6.0,3,20.78475700957944,55.0,0.098,7000.0,0.0,0.0,0.0,43.0585488629594,optimal
2021-02-07 17:30:00,3,35,0.0,0.0,0.0,0.15253333333333333,24.3285,6.0,3,21.359167516129453,55.0,0.098,0.0,0.0,0.0,0.0,42.77048434940661,optimal
2021-02-07 18:00:00,3,35,0.0,0.0,0.0,0.2427,28.917,6.0,3,21.106812140931932,55.0,0.098,0.0,0.0,0.0,0.0,42.48270790036737,optimal
2021-02-07 18:30:00,3,35,0.0,0.0,0.0,0.5592999999999999,31.3635,6.0,3,20.880542788454637,55.0,0.09466666666666666,0.0,0.0,0.0,0.0,42.19521922777717,optimal
2021-02-07 19:00:00,3,35,0.0,0.0,0.0,0.24466666666666662,33.306,6.0,3,20.70705867197642,55.0,0.09466666666666666,0.0,0.0,0.0,0.0,41.90801804385956,optimal
2021-02-07 19:30:00,3,35,0.0,0.0,0.0,0.1472,31.3425,6.0,3,20.490086228197047,55.0,0.09466666666666666,0.0,0.0,0.0,0.0,41.62110406112587,optimal
2021-02-07 20:00:00,3,35,0.0,0.0,0.0,0.24036666666666667,28.2555,6.0,3,20.229750676785372,55.0,0.09466666666666666,0.0,0.0,0.0,0.0,41.57948295706474,optimal
2021-02-07 20:30:00,3,35,0.0,0.0,0.0,0.5362666666666667,15.6975,6.0,3,20.0,55.0,0.09466666666666666,0.0,0.0,0.0,0.0,41.53790347410768,optimal
2021-02-07 21:00:00,3,35,0.0,0.0,0.0,0.23726666666666668,12.5475,6.0,3,19.832158849395974,55.0,0.09466666666666666,0.0,0.0,0.0,0.0,41.49636557063357,optimal
2021-02-07 21:30:00,3,35,0.0,0.0,0.0,0.2668666666666667,12.0855,6.0,3,19.627405539846453,55.0,0.09466666666666666,0.0,0.0,0.0,0.0,41.45486920506294,optimal
2021-02-07 22:00:00,3,35,0.0,0.0,0.0,0.08,11.907,6.0,3,19.41939032094324,55.0,0.09466666666666666,0.0,0.0,0.0,0.0,41.41341433585788,optimal
2021-02-07 22:30:00,3,35,0.0,0.0,0.0,0.136,12.5685,6.0,3,19.17382877530004,55.0,0.09466666666666666,0.0,0.0,0.0,0.0,41.37200092152202,optimal
2021-02-07 23:00:00,3,35,0.0,0.0,0.0,0.0912,13.146,6.0,3,18.93860192098223,55.0,0.09466666666666666,0.0,0.0,0.0,0.0,41.3306289206005,optimal
2021-02-07 23:30:00,3,35,0.0,0.0,0.0,0.075,10.584,6.0,3,18.701429822761593,55.0,0.09466666666666666,0.0,0.0,0.0,0.0,41.289298291679906,optimal
2021-02-08 00:00:00,3,35,2.0,0.0,0.0,0.055,5.9745,6.0,0,18.701429822761593,55.0,0.09466666666666666,7000.0,0.0,0.0,0.0,41.248008993388225,optimal
2021-02-08 00:30:00,3,35,0.0,0.0,0.0,0.15633333333333335,7.938,6.0,0,19.30122279591672,55.0,0.09466666666666666,0.0,0.0,0.0,0.0,41.20676098439484,optimal
2021-02-08 01:00:00,3,35,0.0,0.0,0.0,0.055,8.6835,6.0,0,19.062161954546227,55.0,0.09466666666666666,0.0,0.0,0.0,0.0,41.165554223410446,optimal
2021-02-08 01:30:00,3,35,0.06909672583628275,0.0,0.0,0.055,7.665,6.0,0,18.814409757242917,55.0,0.09466666666666666,241.8385404269896,0.0,0.0,0.0,41.124388669187034,optimal
2021-02-08 02:00:00,3,35,2.0,0.0,0.0,0.1462,6.7725,6.0,0,18.598652685735594,55.0,0.09466666666666666,7000.0,0.0,0.0,0.0,41.083264280517845,optimal
2021-02-08 02:30:00,3,35,2.0,0.0,0.0,0.06513333333333333,5.5755,6.0,0,19.209459801197735,55.0,0.09466666666666666,7000.0,0.0,0.0,0.0,41.04218101623733,optimal
2021-02-08 03:00:00,3,35,2.0,0.0,7.048361711910751,0.14113333333333333,5.0925,6.0,0,19.802298907272018,55.0,0.09466666666666666,7000.0,0.0,0.0,0.0,44.34911064837869,optimal
2021-02-08 03:30:00,3,35,2.0,0.0,9.0,0.0702,4.1895,6.0,0,20.396331920017662,55.0,0.09466666666666666,7000.0,0.0,0.0,0.0,48.579761537730306,optimal
2021-02-08 04:00:00,3,35,2.0,0.0,0.0,0.10566666666666669,7.056,6.0,0,20.972397236094803,55.0,0.09466666666666666,7000.0,0.0,0.0,0.0,48.53118177619257,optimal
2021-02-08 04:30:00,3,35,2.0,0.0,0.0,0.10566666666666669,5.271,6.0,0,21.54356039631976,55.0,0.09466666666666666,7000.0,0.0,0.0,0.0,48.48265059441637,optimal
2021-02-08 05:00:00,3,35,2.0,0.0,0.0,0.07526666666666666,7.938,6.0,0,22.1048934192802,55.0,0.09466666666666666,7000.0,0.0,0.0,0.0,48.434167943821954,optimal
2021-02-08 05:30:00,3,35,2.0,0.0,0.0,0.13606666666666667,7.938,6.0,0,22.65288245889362,55.0,0.09466666666666666,7000.0,0.0,0.0,0.0,48.38573377587813,optimal
2021-02-08 06:00:00,3,35,0.0,0.0,0.0,0.055,11.907,6.0,0,23.19942874491208,55.0,0.09466666666666666,0.0,0.0,0.0,0.0,48.33734804210225,optimal
2021-02-08 06:30:00,3,35,0.0,0.0,0.0,0.16466666666666666,11.025,6.0,0,22.885221834361335,55.0,0.09466666666666666,0.0,0.0,0.0,0.0,48.289010694060146,optimal
2021-02-08 07:00:00,3,35,0.0,0.0,0.0,0.065,11.2875,6.0,0,22.587077350409043,55.0,0.09466666666666666,0.0,0.0,0.0,0.0,48.240721683366075,optimal
2021-02-08 07:30:00,3,35,0.0,0.0,0.0,0.5658666666666666,12.936,6.0,0,22.280374553364677,55.0,0.09466666666666666,0.0,0.0,0.0,0.0,48.192480961682705,optimal
2021-02-08 08:00:00,3,35,0.0,0.0,0.0,2.7741333333333333,13.0095,6.0,0,22.0,55.0,0.051333333333333335,0.0,0.0,0.0,0.0,48.144288480721016,optimal
2021-02-08 08:30:00,3,35,0.0,0.0,0.0,1.1016666666666668,13.671,6.0,0,21.768780414843388,55.0,0.05,0.0,0.0,0.0,0.0,48.096144192240295,optimal
2021-02-08 09:00:00,3,35,0.0,0.0,0.0,2.270766666666667,13.188,6.0,0,21.54200229261324,55.0,0.05,0.0,0.0,0.0,0.0,48.048048048048045,optimal
2021-02-08 09:30:00,3,35,0.0,0.0,0.0,3.728433333333333,13.8495,6.0,0,21.374732159291547,55.0,0.05,0.0,0.0,0.0,0.0,48.0,optimal
2021-02-08 10:00:00,3,35,0.0,0.0,0.0,0.137,13.23,6.0,0,21.228960549427075,55.0,0.05,0.0,0.0,0.0,0.0,47.44224527979791,optimal
2021-02-08 10:30:00,3,35,0.0,0.0,0.0,0.2501333333333333,13.3665,6.0,0,21.00913216080418,55.0,0.05,0.0,0.0,0.0,0.0,46.88504831431602,optimal
2021-02-08 11:00:00,3,35,0.0,0.0,0.0,0.1606,13.0515,6.0,0,20.80280321191465,55.0,0.05,0.0,0.0,0.0,0.0,46.32840854579962,optimal
2021-02-08 11:30:00,3,35,0.0,0.0,0.0,0.1905,13.5345,6.0,0,20.63615664209576,55.0,0.05,0.0,0.0,0.0,0.0,45.77232541705173,optimal
2021-02-08 12:00:00,3,35,0.0,0.0,0.0,0.16633333333333333,14.154,6.0,0,20.474135021992257,55.0,0.05,0.0,0.0,0.0,0.0,45.21679837143259,optimal
2021-02-08 12:30:00,3,35,0.0,0.0,0.0,0.065,14.112,6.0,0,20.340954013725966,55.0,0.05,0.0,0.0,0.0,0.0,44.661826852859065,optimal
2021-02-08 13:00:00,3,35,0.0,0.0,0.0,0.16633333333333333,14.2485,6.0,0,20.200460172984005,55.0,0.05,0.0,0.0,0.0,0.0,44.107410305804116,optimal
2021-02-08 13:30:00,3,35,0.4794896657405399,0.0,0.0,0.065,12.789,6.0,0,20.071687364450828,55.0,0.05,1678.2138300918898,0.0,0.0,0.0,43.55354817529622,optimal
2021-02-08 14:00:00,3,35,0.0,0.0,0.0,0.065,13.0095,6.0,0,20.136000416339677,55.0,0.05,0.0,0.0,0.0,0.0,43.000239906918836,optimal
2021-02-08 14:30:00,3,35,2.0,0.0,0.0,0.065,12.1275,6.0,0,20.0,55.0,0.05,7000.0,0.0,0.0,0.0,42.44748494680983,optimal
2021-02-08 15:00:00,3,35,0.7286562028691678,0.0,0.0,0.11566666666666668,12.348,6.0,0,20.706056276177044,55.0,0.05,2550.296710042087,0.0,0.0,0.0,41.89528274166093,optimal
2021-02-08 15:30:00,3,35,2.0,0.0,0.0,0.11566666666666668,12.348,6.0,0,20.835878680487337,55.0,0.05,7000.0,0.0,0.0,0.0,41.343632738717176,optimal
2021-02-08 16:00:00,3,35,0.0,0.0,0.0,0.065,25.389,6.0,0,21.499934089369173,55.0,0.05,0.0,0.0,0.0,0.0,40.79253438577637,optimal
2021-02-08 16:30:00,3,35,0.0,0.0,0.0,0.14606666666666665,29.1375,6.0,0,21.265697242274992,55.0,0.05,0.0,0.0,0.0,0.0,40.2419871311885,optimal
2021-02-08 17:00:00,3,35,0.0,0.0,0.0,0.20186666666666667,30.597,6.0,0,21.042448356449416,55.0,0.048,0.0,0.0,0.0,0.0,40.20174514405731,optimal
2021-02-08 17:30:00,3,35,0.0,0.0,0.0,0.42910000000000004,33.684,6.0,0,20.810774268179564,55.0,0.04666666666666667,0.0,0.0,0.0,0.0,40.16154339891325,optimal
2021-02-08 18:00:00,3,35,0.0,0.0,0.0,0.15480000000000002,32.445,6.0,0,20.62055817383339,55.0,0.021333333333333333,0.0,0.0,0.0,0.0,40.121381855514336,optimal
2021-02-08 18:30:00,3,35,0.0,0.0,0.0,0.1507,28.917,6.0,0,20.387297002976638,55.0,0.016,0.0,0.0,0.0,0.0,40.08126047365882,optimal
2021-02-08 19:00:00,3,35,0.0,0.0,0.0,1.5023666666666666,15.876,6.0,0,20.162981475211254,55.0,0.016,0.0,0.0,0.0,0.0,40.04117921318517,optimal
2021-02-08 19:30:00,3,35,0.4044233271121658,0.0,0.0,2.3437666666666668,12.348,6.0,0,20.0,55.0,0.016,1415.4816448925803,0.0,0.0,0.0,40.00113803397198,optimal
2021-02-08 20:00:00,3,35,0.4842658590337447,0.0,0.0,0.3086666666666667,12.1275,6.0,0,20.0,55.0,0.016,1694.9305066181064,0.0,0.0,0.0,39.96113689593801,optimal
2021-02-08 20:30:00,3,35,0.0,0.0,0.0,2.2865666666666664,12.348,6.0,0,20.0,55.0,0.014666666666666666,0.0,0.0,0.0,0.0,39.92117575904207,optimal
2021-02-08 21:00:00,3,35,0.0,0.0,0.0,0.5832999999999999,12.1275,6.0,0,19.8077501793472,55.0,0.014,0.0,0.0,0.0,0.0,39.88125458328303,optimal
2021-02-08 21:30:00,3,35,0.0,0.0,0.0,2.4821666666666666,12.1275,6.0,0,19.636779400956375,55.0,0.012666666666666666,0.0,0.0,0.0,0.0,39.841373328699746,optimal
2021-02-08 22:00:00,3,35,0.0,0.0,0.0,0.24786666666666668,11.2665,6.0,0,19.48687644510935,55.0,0.01,0.0,0.0,0.0,0.0,39.80153195537105,optimal
2021-02-08 22:30:00,3,35,0.0,0.0,0.0,0.09540000000000001,10.143,6.0,0,19.2647883588831,55.0,0.01,0.0,0.0,0.0,0.0,39.76173042341568,optimal
2021-02-08 23:00:00,3,35,0.0,0.0,0.0,0.065,11.2455,6.0,0,19.006741417937743,55.0,0.01,0.0,0.0,0.0,0.0,39.72196869299226,optimal
2021-02-08 23:30:00,3,35,0.0,0.0,0.0,0.065,11.025,6.0,0,18.748083797388286,55.0,0.01,0.0,0.0,0.0,0.0,39.68224672429927,optimal
2021-02-09 00:00:00,3,35,0.0,0.0,0.0,0.061,11.2455,6.0,-1,18.748083797388286,55.0,0.01,0.0,0.0,0.0,0.0,39.64256447757497,optimal
2021-02-09 00:30:00,3,35,0.0,0.0,0.0,0.061,12.1275,6.0,-1,18.492483913863712,55.0,0.01,0.0,0.0,0.0,0.0,39.6029219130974,optimal
2021-02-09 01:00:00,3,35,0.0,0.0,0.0,0.1572666666666667,11.823,6.0,-1,18.241359974462856,55.0,0.01,0.0,0.0,0.0,0.0,39.563318991184296,optimal
2021-02-09 01:30:00,3,35,0.22933333333333275,0.0,0.0,0.24606666666666663,11.7705,6.0,-1,18.006229526889094,55.0,0.017681020733652294,0.0,0.0,802.6666666666646,0.0,39.52375567219311,optimal
2021-02-09 02:00:00,3,35,2.0,0.0,0.8899221055246411,0.08633333333333333,11.13,6.0,-1,17.7837629482916,55.0,0.08466666666666664,0.0,0.0,7000.0,0.0,39.90694491664512,optimal
2021-02-09 02:30:00,3,35,2.0,0.0,0.0,0.267,11.6865,6.0,-1,17.543870455923003,55.0,0.08466666666666664,7000.0,0.0,0.0,0.0,39.86703797172847,optimal
2021-02-09 03:00:00,3,35,2.0,0.0,9.0,0.111,10.7205,6.0,-1,18.17222396126638,55.0,0.08466666666666664,7000.0,0.0,0.0,0.0,44.10217093375673,optimal
2021-02-09 03:30:00,3,35,2.0,0.0,0.0,0.19293333333333332,11.424,6.0,-1,18.773336254084725,55.0,0.08466666666666664,7000.0,0.0,0.0,0.0,44.05806876282297,optimal
2021-02-09 04:00:00,3,35,2.0,0.0,9.0,0.18880000000000002,10.689,6.0,-1,19.376967519080694,55.0,0.08466666666666664,7000.0,0.0,0.0,0.0,48.289010694060146,optimal
2021-02-09 04:30:00,3,35,2.0,0.0,0.0,0.1586,11.361,6.0,-1,19.97272505374458,55.0,0.08466666666666664,7000.0,0.0,0.0,0.0,48.240721683366075,optimal
2021-02-09 05:00:00,3,35,2.0,0.0,0.0,0.08633333333333333,11.571,6.0,-1,20.554658473839556,55.0,0.08466666666666664,7000.0,0.0,0.0,0.0,48.192480961682705,optimal
2021-02-09 05:30:00,3,35,0.0,0.0,0.0,0.23233333333333328,14.3745,6.0,-1,21.117908661190086,55.0,0.08466666666666664,0.0,0.0,0.0,0.0,48.144288480721016,optimal
2021-02-09 06:00:00,3,35,1.2609232725877444,0.0,0.0,0.171,13.23,6.0,-1,20.848214687020818,55.0,0.08466666666666664,4413.231454057105,0.0,0.0,0.0,48.096144192240295,optimal
2021-02-09 06:30:00,3,35,0.0,0.0,0.0,0.1738,13.9755,6.0,-1,21.106104659293887,55.0,0.08466666666666664,0.0,0.0,0.0,0.0,48.048048048048045,optimal
2021-02-09 07:00:00,3,35,0.0,0.0,0.0,0.2612,14.994,6.0,-1,20.82880833808588,55.0,0.08199999999999998,0.0,0.0,0.0,0.0,48.0,optimal
2021-02-09 07:30:00,3,35,2.0,0.0,0.0,0.078,13.671,6.0,-1,20.571052627210307,55.0,0.08199999999999998,7000.0,0.0,0.0,0.0,47.63238970515609,optimal
2021-02-09 08:00:00,3,35,0.0,0.0,0.0,0.2743333333333333,15.981,6.0,-1,21.12002358161292,55.0,0.08199999999999998,0.0,0.0,0.0,0.0,47.26514702060703,optimal
2021-02-09 08:30:00,3,35,0.0,0.0,0.0,0.112,15.6345,6.0,-1,20.841397007611974,55.0,0.08199999999999998,0.0,0.0,0.0,0.0,46.898271578742516,optimal
2021-02-09 09:00:00,3,35,0.0,0.0,0.0,0.16086666666666669,16.5375,6.0,-1,20.549515827523763,55.0,0.08199999999999998,0.0,0.0,0.0,0.0,46.53176301231987,optimal
2021-02-09 09:30:00,3,35,0.0,0.0,0.0,0.20986666666666667,14.7735,6.0,-1,20.303505568358847,55.0,0.08199999999999998,0.0,0.0,0.0,0.0,46.16562095446365,optimal
2021-02-09 10:00:00,3,35,0.0,0.0,0.0,2.3641,15.2145,6.0,-1,20.084463347472862,55.0,0.08066666666666665,0.0,0.0,0.0,0.0,45.79984503866528,optimal
2021-02-09 10:30:00,3,35,0.3363795260632192,0.0,0.0,1.7438,14.553,6.0,-1,20.0,55.0,0.08066666666666665,1177.3283412212672,0.0,0.0,0.0,45.43443489878271,optimal
2021-02-09 11:00:00,3,35,0.424087366703392,0.0,0.0,1.3185666666666667,14.3325,6.0,-1,20.0,55.0,0.08066666666666665,1484.305783461872,0.0,0.0,0.0,45.06939016904003,optimal
2021-02-09 11:30:00,3,35,0.0,0.0,0.0,0.5498666666666667,14.595,6.0,-1,20.14874023055206,55.0,0.08066666666666665,0.0,0.0,0.0,0.0,44.70471048402708,optimal
2021-02-09 12:00:00,3,35,0.0,0.0,0.0,0.29796666666666666,14.994,6.0,-1,20.070366387366953,55.0,0.08066666666666665,0.0,0.0,0.0,0.0,44.34039547869915,optimal
2021-02-09 12:30:00,3,35,0.06100461418963283,0.0,0.0,1.6885,14.3325,6.0,-1,20.0,55.0,0.08066666666666665,213.5161496637149,0.0,0.0,0.0,43.97644478837655,optimal
2021-02-09 13:00:00,3,35,0.014912855893664347,0.0,0.0,3.950533333333333,13.8915,6.0,-1,20.0,55.0,0.07799999999999999,52.194995627825215,0.0,0.0,0.0,43.612858048744265,optimal
2021-02-09 13:30:00,3,35,0.08509274748657383,0.0,0.0,1.1681333333333335,13.8915,6.0,-1,20.0,55.0,0.07533333333333331,297.8246162030084,0.0,0.0,0.0,43.249634895851614,optimal
2021-02-09 14:00:00,3,35,1.2524996206808081,0.0,0.0,1.5612666666666668,13.4715,6.0,-1,20.0,55.0,0.07399999999999998,4383.748672382829,0.0,0.0,0.0,42.88677496611186,optimal
2021-02-09 14:30:00,3,35,2.0,0.0,0.0,1.1235,13.23,6.0,-1,20.48434423521639,55.0,0.07399999999999998,7000.0,0.0,0.0,0.0,42.52427789630184,optimal
2021-02-09 15:00:00,3,35,0.0,0.0,0.0,0.7393,13.8915,6.0,-1,21.28403381666467,55.0,0.07266666666666664,0.0,0.0,0.0,0.0,42.16214332356163,optimal
2021-02-09 15:30:00,3,35,0.0,0.0,0.0,0.9397333333333332,26.9325,6.0,-1,21.225100189637764,55.0,0.07199999999999998,0.0,0.0,0.0,0.0,41.800370885394166,optimal
2021-02-09 16:00:00,3,35,0.0,0.0,0.0,1.6241333333333334,30.303,6.0,-1,21.153355409413596,55.0,0.07199999999999998,0.0,0.0,0.0,0.0,41.438960219664864,optimal
2021-02-09 16:30:00,3,35,0.0,0.0,0.0,2.7935666666666665,32.886,6.0,-1,21.063157247667423,55.0,0.07066666666666664,0.0,0.0,0.0,0.0,41.077910964601294,optimal
2021-02-09 17:00:00,3,35,0.0,0.0,0.0,0.19716666666666663,34.9965,6.0,-1,20.958887723583185,55.0,0.06466666666666665,0.0,0.0,0.0,0.0,40.717222758792786,optimal
2021-02-09 17:30:00,3,35,0.0,0.0,0.0,1.9945333333333333,33.327,6.0,-1,20.757789130997878,55.0,0.06399999999999997,0.0,0.0,0.0,0.0,40.35689524119009,optimal
2021-02-09 18:00:00,3,35,0.0,0.0,0.0,0.1402,31.122,6.0,-1,20.57165949091172,55.0,0.06266666666666665,0.0,0.0,0.0,0.0,39.996928051104994,optimal
2021-02-09 18:30:00,3,35,0.0,0.0,0.0,1.9183333333333332,17.9025,6.0,-1,20.392475218755944,55.0,0.06266666666666665,0.0,0.0,0.0,0.0,39.63732082820999,optimal
2021-02-09 19:00:00,3,35,0.0,0.0,0.0,0.6607333333333334,15.6555,6.0,-1,20.217825237738555,55.0,0.010666666666666665,0.0,0.0,0.0,0.0,39.27807321253787,optimal
2021-02-09 19:30:00,3,35,0.43063837167610464,0.0,0.0,2.264333333333333,14.553,6.0,-1,20.0,55.0,0.0,1507.234300866366,0.0,0.0,0.0,38.91918484448143,optimal
2021-02-09 20:00:00,3,35,0.5256098002475315,0.0,0.0,0.3096666666666667,14.3325,6.0,-1,20.0,55.0,0.0,1839.63430086636,0.0,0.0,0.0,38.56065536479304,optimal
2021-02-09 20:30:00,3,35,0.0,0.0,0.0,0.21653333333333333,13.335,6.0,-1,20.0,55.0,0.0,0.0,0.0,0.0,0.0,38.20248441458435,optimal
2021-02-09 21:00:00,3,35,0.0,0.0,0.0,0.071,12.1275,6.0,-1,19.750898258842724,55.0,0.0,0.0,0.0,0.0,0.0,37.84467163532586,optimal
2021-02-09 21:30:00,3,35,0.0,0.0,0.0,0.19786666666666666,12.2955,6.0,-1,19.483100254829758,55.0,0.0,0.0,0.0,0.0,0.0,37.48721666884663,optimal
2021-02-09 22:00:00,3,35,0.09952380952380951,0.0,0.0,0.27503333333333335,11.6865,6.0,-1,19.22482214621901,55.0,0.0,0.0,0.0,348.3333333333333,0.0,37.449729452177785,optimal
2021-02-09 22:30:00,3,35,0.0,0.0,0.0,0.5444,11.466,6.0,-1,18.987391292551987,55.0,0.0,0.0,0.0,0.0,0.0,37.41227972272561,optimal
2021-02-09 23:00:00,3,35,0.0,0.0,0.0,0.4648,10.8045,6.0,-1,18.796688446375782,55.0,0.0,0.0,0.0,0.0,0.0,37.374867443002884,optimal
2021-02-09 23:30:00,3,35,0.0,0.0,0.0,0.35733333333333334,10.584,6.0,-1,18.608035071659916,55.0,0.0,0.0,0.0,0.0,0.0,37.33749257555988,optimal
2021-02-10 00:00:00,3,35,0.0,0.0,0.0,0.058,13.3665,6.0,4,18.608035071659916,55.0,0.0,0.0,0.0,0.0,0.0,37.30015508298432,optimal
2021-02-10 00:30:00,3,35,0.0,0.0,0.0,0.058,12.789,6.0,4,18.351184114990755,55.0,0.0,0.0,0.0,0.0,0.0,37.26285492790134,optimal
2021-02-10 01:00:00,3,35,0.0,0.0,0.0,0.058,11.907,6.0,4,18.09663046324758,55.0,0.0,0.0,0.0,0.0,0.0,37.225592072973434,optimal
2021-02-10 01:30:00,3,35,0.0,0.0,0.0,0.058,11.7075,6.0,4,17.844340469138498,55.0,0.0,0.0,0.0,0.0,0.0,37.18836648090046,optimal
2021-02-10 02:00:00,3,35,2.0,0.0,0.0,0.058,10.8045,6.0,4,17.594280978183974,55.0,0.06698564593301436,0.0,0.0,7000.0,0.0,37.151178114419565,optimal
2021-02-10 02:30:00,3,35,0.7866666666666667,0.0,0.0,0.058,11.508,6.0,4,17.346419321498885,55.0,0.09333333333333334,0.0,0.0,2753.3333333333335,0.0,37.114026936305144,optimal
2021-02-10 03:00:00,3,35,0.0,0.0,0.0,0.06333333333333334,11.508,6.0,4,17.102187950640282,55.0,0.09333333333333334,0.0,0.0,0.0,0.0,37.076912909368836,optimal
2021-02-10 03:30:00,3,35,2.0,0.0,0.0,0.062,11.508,6.0,4,16.86153369491868,55.0,0.09333333333333334,7000.0,0.0,0.0,0.0,37.039835996459466,optimal
2021-02-10 04:00:00,3,35,1.118328382316978,0.0,0.0,0.058,11.844,6.0,4,17.466665898698057,55.0,0.09333333333333334,3914.1493381094233,0.0,0.0,0.0,37.00279616046301,optimal
2021-02-10 04:30:00,3,35,2.0,0.0,0.0,0.058,11.508,6.0,4,17.691635948532515,55.0,0.09333333333333334,7000.0,0.0,0.0,0.0,36.96579336430254,optimal
2021-02-10 05:00:00,3,35,2.0,0.0,0.0,0.058,11.508,6.0,4,18.283145484434844,55.0,0.09333333333333334,7000.0,0.0,0.0,0.0,36.92882757093824,optimal
2021-02-10 05:30:00,3,35,2.0,0.0,9.0,0.063,10.4475,6.0,4,18.864526881517165,55.0,0.09333333333333334,7000.0,0.0,0.0,0.0,41.1668987433673,optimal
2021-02-10 06:00:00,3,35,2.0,0.0,6.2752055831051,0.06266666666666666,10.8675,6.0,4,19.4359284807504,55.0,0.09333333333333334,7000.0,0.0,0.0,0.0,44.10645449659885,optimal
2021-02-10 06:30:00,3,35,2.0,0.0,9.0,0.058,10.542,6.0,4,19.997496450441357,55.0,0.09333333333333334,7000.0,0.0,0.0,0.0,48.33734804210225,optimal
2021-02-10 07:00:00,3,35,2.0,0.0,0.0,0.05733333333333333,11.025,6.0,4,20.553768743934413,55.0,0.09066666666666667,7000.0,0.0,0.0,0.0,48.289010694060146,optimal
2021-02-10 07:30:00,3,35,2.0,0.0,0.0,0.06486666666666666,11.025,6.0,4,21.10767057074793,55.0,0.09066666666666667,7000.0,0.0,0.0,0.0,48.240721683366075,optimal
2021-02-10 08:00:00,3,35,0.0,0.0,0.0,0.4952,14.553,6.0,4,21.67272509809063,55.0,0.08733333333333333,0.0,0.0,0.0,0.0,48.192480961682705,optimal
2021-02-10 08:30:00,3,35,2.0,0.0,0.0,1.7756666666666667,13.0935,6.0,4,21.40853991417604,55.0,0.04466666666666667,7000.0,0.0,0.0,0.0,48.144288480721016,optimal
2021-02-10 09:00:00,3,35,0.0,0.0,0.0,2.046466666666667,15.6345,6.0,4,22.0,55.0,0.04133333333333333,0.0,0.0,0.0,0.0,48.096144192240295,optimal
2021-02-10 09:30:00,3,35,0.0,0.0,0.0,0.2985333333333334,18.102,6.0,4,21.78401252912564,55.0,0.03866666666666667,0.0,0.0,0.0,0.0,48.048048048048045,optimal
2021-02-10 10:00:00,3,35,0.0,0.0,0.0,0.078,17.199,6.0,4,21.552064966579657,55.0,0.03866666666666667,0.0,0.0,0.0,0.0,48.0,optimal
2021-02-10 10:30:00,3,35,0.0,0.0,0.0,0.068,18.2805,6.0,4,21.358039758188877,55.0,0.03866666666666667,0.0,0.0,0.0,0.0,47.34000046688641,optimal
2021-02-10 11:00:00,3,35,0.0,0.0,0.0,0.068,17.4615,6.0,4,21.141459188564024,55.0,0.03866666666666667,0.0,0.0,0.0,0.0,46.68066093330593,optimal
2021-02-10 11:30:00,3,35,0.0,0.0,0.0,0.066,18.3225,6.0,4,20.965729422843918,55.0,0.036,0.0,0.0,0.0,0.0,46.021980739259035,optimal
2021-02-10 12:00:00,3,35,0.0,0.0,0.0,0.06666666666666667,17.094,6.0,4,20.811484961220458,55.0,0.034,0.0,0.0,0.0,0.0,45.363959225406184,optimal
2021-02-10 12:30:00,3,35,0.0,0.0,0.0,0.068,17.094,6.0,4,20.705814866265072,55.0,0.034,0.0,0.0,0.0,0.0,44.70659573306719,optimal
2021-02-10 13:00:00,3,35,0.0,0.0,0.0,0.068,17.094,6.0,4,20.58524830215096,55.0,0.034,0.0,0.0,0.0,0.0,44.04988960422053,optimal
2021-02-10 13:30:00,3,35,0.0,0.0,0.0,0.068,17.3565,6.0,4,20.458805391833646,55.0,0.034,0.0,0.0,0.0,0.0,43.393840181502725,optimal
2021-02-10 14:00:00,3,35,0.0,0.0,0.0,0.068,17.115,6.0,4,20.337143701356187,55.0,0.034,0.0,0.0,0.0,0.0,42.738446808207634,optimal
2021-02-10 14:30:00,3,35,0.0,0.0,0.0,0.068,17.241,6.0,4,20.21418860570946,55.0,0.034,0.0,0.0,0.0,0.0,42.083708828285836,optimal
2021-02-10 15:00:00,3,35,0.022188234671927803,0.0,0.0,0.2785,17.094,6.0,4,20.093034361985495,55.0,0.034,77.6588213517473,0.0,0.0,0.0,42.04162511945755,optimal
2021-02-10 15:30:00,3,35,2.0,0.0,0.0,0.092,16.5165,6.0,4,20.0,55.0,0.034,7000.0,0.0,0.0,0.0,41.99958349433809,optimal
2021-02-10 16:00:00,3,35,0.0,0.0,0.0,0.1997,17.8185,6.0,4,20.736050475012952,55.0,0.022,0.0,0.0,0.0,0.0,41.95758391084375,optimal
2021-02-10 16:30:00,3,35,0.19549170110337885,0.0,0.0,0.11426666666666668,17.094,6.0,4,20.613265136639704,55.0,0.022,684.220953861826,0.0,0.0,0.0,41.91562632693291,optimal
2021-02-10 17:00:00,3,35,2.0,0.0,0.0,2.4020333333333332,16.8945,6.0,4,20.55996903159967,55.0,0.022,7000.0,0.0,0.0,0.0,41.873710700605976,optimal
2021-02-10 17:30:00,3,35,0.0,0.0,0.0,0.08833333333333333,18.123,6.0,4,21.24537651469899,55.0,0.018,0.0,0.0,0.0,0.0,41.83183698990537,optimal
2021-02-10 18:00:00,3,35,0.0,0.0,0.0,0.11236666666666666,31.647,6.0,4,21.03518558193355,55.0,0.018,0.0,0.0,0.0,0.0,41.79000515291546,optimal
2021-02-10 18:30:00,3,35,0.0,0.0,0.0,0.7038,34.9965,6.0,4,20.809014951787443,55.0,0.012666666666666666,0.0,0.0,0.0,0.0,41.748215147762544,optimal
2021-02-10 19:00:00,3,35,0.0,0.0,0.0,2.4064,34.9965,6.0,4,20.563639208761856,55.0,0.012666666666666666,0.0,0.0,0.0,0.0,41.70646693261478,optimal
2021-02-10 19:30:00,3,35,0.0,0.0,0.0,2.6150333333333333,34.9965,6.0,4,20.36483591699774,55.0,0.010666666666666665,0.0,0.0,0.0,0.0,41.664760465682164,optimal
2021-02-10 20:00:00,3,35,0.0,0.0,0.0,3.1066,34.9965,6.0,4,20.179384243613313,55.0,0.010666666666666665,0.0,0.0,0.0,0.0,41.623095705216485,optimal
2021-02-10 20:30:00,3,35,0.0,0.0,0.0,0.6140666666666668,34.9965,6.0,4,20.0,55.0,0.010666666666666665,0.0,0.0,0.0,0.0,41.581472609511266,optimal
2021-02-10 21:00:00,3,35,0.0,0.0,0.0,2.337,27.741,6.0,4,19.788777387615657,55.0,0.010666666666666665,0.0,0.0,0.0,0.0,41.53989113690176,optimal
2021-02-10 21:30:00,3,35,0.0,0.0,0.0,1.682,19.026,6.0,4,19.60596365507165,55.0,0.0,0.0,0.0,0.0,0.0,41.49835124576486,optimal
2021-02-10 22:00:00,3,35,0.0,0.0,0.0,0.068,18.7215,6.0,4,19.37681800375881,55.0,0.0,0.0,0.0,0.0,0.0,41.456852894519095,optimal
2021-02-10 22:30:00,3,35,0.0,0.0,0.0,0.068,17.4195,6.0,4,19.05305073520623,55.0,0.0,0.0,0.0,0.0,0.0,41.415396041624575,optimal
2021-02-10 23:00:00,3,35,0.0,0.0,0.0,0.068,16.758,6.0,4,18.730363893021593,55.0,0.0,0.0,0.0,0.0,0.0,41.373980645582954,optimal
2021-02-10 23:30:00,3,35,0.0,0.0,0.0,0.068,14.217,6.0,4,18.40874165282697,55.0,0.0,0.0,0.0,0.0,0.0,41.33260666493737,optimal
2021-02-11 00:00:00,3,35,2.0,0.0,0.0,0.06496666666666667,11.025,6.0,-4,18.40874165282697,55.0,0.0,7000.0,0.0,0.0,0.0,41.291274058272435,optimal
2021-02-11 00:30:00,3,35,2.0,0.0,0.0,0.13656666666666667,10.7835,6.0,-4,18.937678813436342,55.0,0.012,5746.0,0.0,1254.0,0.0,41.24998278421416,optimal
2021-02-11 01:00:00,3,35,2.0,0.0,0.0,0.059,11.025,6.0,-4,19.318063540839084,55.0,0.012,7000.0,0.0,0.0,0.0,41.208732801429946,optimal
2021-02-11 01:30:00,3,35,2.0,0.0,6.382239334034643,0.2387,10.584,6.0,-4,19.83589374758445,55.0,0.012,7000.0,0.0,0.0,0.0,44.19908775229497,optimal
2021-02-11 02:00:00,3,35,2.0,0.0,0.0,0.17203333333333334,11.025,6.0,-4,20.36776165784213,55.0,0.012,7000.0,0.0,0.0,0.0,44.154888664542675,optimal
2021-02-11 02:30:00,3,35,2.0,0.0,9.0,0.1274,10.4265,6.0,-4,20.883818067168914,55.0,0.012,7000.0,0.0,0.0,0.0,48.38573377587813,optimal
2021-02-11 03:00:00,3,35,2.0,0.0,0.0,0.2833333333333333,12.789,6.0,-4,21.385481034566208,55.0,0.012,7000.0,0.0,0.0,0.0,48.33734804210225,optimal
2021-02-11 03:30:00,3,35,2.0,0.0,0.0,0.059,12.684,6.0,-4,21.897094176553885,55.0,0.012,7000.0,0.0,0.0,0.0,48.289010694060146,optimal
2021-02-11 04:00:00,3,35,2.0,0.0,0.0,0.0718,16.254,6.0,-4,22.377883139428107,55.0,0.012,7000.0,0.0,0.0,0.0,48.240721683366075,optimal
2021-02-11 04:30:00,3,35,0.0,0.0,0.0,0.2733,17.64,6.0,-4,22.856832006059456,55.0,0.012,0.0,0.0,0.0,0.0,48.192480961682705,optimal
2021-02-11 05:00:00,3,35,0.0,0.0,0.0,0.12843333333333334,19.1625,6.0,-4,22.510749356024824,55.0,0.012,0.0,0.0,0.0,0.0,48.144288480721016,optimal
2021-02-11 05:30:00,3,35,0.0,0.0,0.0,0.12359999999999999,26.46,6.0,-4,22.152304770527678,55.0,0.012,0.0,0.0,0.0,0.0,48.096144192240295,optimal
2021-02-11 06:00:00,3,35,0.0,0.0,0.0,0.1998,20.79,6.0,-4,21.802190158057822,55.0,0.012,0.0,0.0,0.0,0.0,48.048048048048045,optimal
2021-02-11 06:30:00,3,35,0.0,0.0,0.0,0.41193333333333326,29.106,6.0,-4,21.47003369662518,55.0,0.01,0.0,0.0,0.0,0.0,48.0,optimal
2021-02-11 07:00:00,3,35,0.0,0.0,0.0,0.129,19.1835,6.0,-4,21.183338925520893,55.0,0.01,0.0,0.0,0.0,0.0,47.81553729827305,optimal
2021-02-11 07:30:00,3,35,0.0,0.0,0.0,0.1678,19.6665,6.0,-4,20.848943612027014,55.0,0.01,0.0,0.0,0.0,0.0,47.63125905924783,optimal
2021-02-11 08:00:00,3,35,0.0,0.0,0.0,0.10673333333333332,19.404,6.0,-4,20.524846850067892,55.0,0.01,0.0,0.0,0.0,0.0,47.44716509846163,optimal
2021-02-11 08:30:00,3,35,0.26482299920568303,0.0,0.0,0.1876,19.047,6.0,-4,20.200519152732458,55.0,0.01,926.8804972198905,0.0,0.0,0.0,47.26325523163622,optimal
2021-02-11 09:00:00,3,35,1.2969629768134328,0.0,0.0,0.1754,18.858,6.0,-4,20.0,55.0,0.01,4539.370418847015,0.0,0.0,0.0,47.07952927467764,optimal
2021-02-11 09:30:00,3,35,0.0,0.0,0.0,0.059,19.2675,6.0,-4,20.269992290932578,55.0,0.01,0.0,0.0,0.0,0.0,46.895987043676016,optimal
2021-02-11 10:00:00,3,35,0.39485963762832393,0.0,0.0,0.1918,18.963,6.0,-4,20.0,55.0,0.01,1382.0087316991337,0.0,0.0,0.0,46.71262835490539,optimal
2021-02-11 10:30:00,3,35,0.7630369984671669,0.0,0.0,0.20666666666666664,18.438,6.0,-4,20.0,55.0,0.01,2670.629494635084,0.0,0.0,0.0,46.52945302482354,optimal
2021-02-11 11:00:00,3,35,0.0,0.0,0.0,0.115,18.7425,6.0,-4,20.147329864708148,55.0,0.01,0.0,0.0,0.0,0.0,46.346460870071766,optimal
2021-02-11 11:30:00,3,35,2.0,0.0,0.0,0.14493333333333333,15.2145,6.0,-4,20.0,55.0,0.01,7000.0,0.0,0.0,0.0,46.16365170747475,optimal
2021-02-11 12:00:00,3,35,0.0,0.0,0.0,0.3524,17.7765,6.0,-4,20.72346787722623,55.0,0.007333333333333333,0.0,0.0,0.0,0.0,45.98102535404033,optimal
2021-02-11 12:30:00,3,35,0.0,0.0,0.0,0.27173333333333327,16.758,6.0,-4,20.672494940492733,55.0,0.004666666666666667,0.0,0.0,0.0,0.0,45.79858162695934,optimal
2021-02-11 13:00:00,3,35,0.7761219856136975,0.0,0.0,0.4682,16.422,6.0,-4,20.622082683700427,55.0,0.0033333333333333335,2716.426949647941,0.0,0.0,0.0,45.61632034360543,optimal
2021-02-11 13:30:00,3,35,0.0,0.0,0.0,0.5345333333333333,16.758,6.0,-4,20.911674209540628,55.0,0.0033333333333333335,0.0,0.0,0.0,0.0,45.43424132153488,optimal
2021-02-11 14:00:00,3,35,0.0,0.0,0.0,0.36856666666666665,29.358,6.0,-4,20.879761782351625,55.0,0.0033333333333333335,0.0,0.0,0.0,0.0,45.25234437848639,optimal
2021-02-11 14:30:00,3,35,0.0,0.0,0.0,0.6112000000000001,34.9965,6.0,-4,20.83841011758686,55.0,0.0033333333333333335,0.0,0.0,0.0,0.0,45.07062933238095,optimal
2021-02-11 15:00:00,3,35,0.0,0.0,0.0,0.534,34.65,6.0,-4,20.835529305278005,55.0,0.0033333333333333335,0.0,0.0,0.0,0.0,44.889096001321626,optimal
2021-02-11 15:30:00,3,35,0.0,0.0,0.0,0.3374,34.9965,6.0,-4,20.782154441514784,55.0,0.0,0.0,0.0,0.0,0.0,44.70774420359336,optimal
2021-02-11 16:00:00,3,35,0.0,0.0,0.0,0.2163333333333333,34.9965,6.0,-4,20.695940894229746,55.0,0.0,0.0,0.0,0.0,0.0,44.52657375766282,optimal
2021-02-11 16:30:00,3,35,0.0,0.0,0.0,0.059,30.4815,6.0,-4,20.487263886160957,55.0,0.0,0.0,0.0,0.0,0.0,44.345584482178204,optimal
2021-02-11 17:00:00,3,35,0.0,0.0,0.0,0.27853333333333335,21.4305,6.0,-4,20.249530636257703,55.0,0.0,0.0,0.0,0.0,0.0,44.164776195969075,optimal
2021-02-11 17:30:00,3,35,0.5332020055693106,0.0,0.0,0.45106666666666667,14.3325,6.0,-4,20.0,55.0,0.0,1866.207019492587,0.0,0.0,0.0,43.98414871804616,optimal
2021-02-11 18:00:00,3,35,1.4576253143806073,0.0,0.0,0.5973333333333334,13.692,6.0,-4,20.0,55.0,0.004666666666666667,4614.021933665458,0.0,487.6666666666667,0.0,43.80370186760116,optimal
2021-02-11 18:30:00,3,35,0.0,0.0,0.0,0.37796666666666656,14.007,6.0,-4,20.312644288273955,55.0,0.0,0.0,0.0,0.0,0.0,43.62343546400661,optimal
2021-02-11 19:00:00,3,35,0.8454522463057439,0.0,0.0,0.10933333333333331,12.873,6.0,-4,20.0,55.0,0.0,2959.0828620701036,0.0,0.0,0.0,43.44334932681566,optimal
2021-02-11 19:30:00,3,35,0.7726752736970051,0.0,0.0,0.3627666666666666,12.684,6.0,-4,20.0,55.0,0.0,2704.363457939518,0.0,0.0,0.0,43.39990597748884,optimal
2021-02-11 20:00:00,3,35,0.7014792534692276,0.0,0.0,0.5503333333333333,12.306,6.0,-4,20.0,55.0,0.0,2455.1773871422965,0.0,0.0,0.0,43.356506071511355,optimal
2021-02-11 20:30:00,3,35,0.5971428571428571,0.0,0.0,0.2991333333333333,10.6365,6.0,-4,20.0,55.0,0.02,0.0,0.0,2090.0,0.0,43.31314956543984,optimal
2021-02-11 21:00:00,3,35,0.0,0.0,0.0,0.394,11.2455,6.0,-4,19.67730889590117,55.0,0.02,0.0,0.0,0.0,0.0,43.2698364158744,optimal
2021-02-11 21:30:00,3,35,0.0,0.0,0.0,0.31343333333333334,11.2455,6.0,-4,19.37499078640514,55.0,0.006,0.0,0.0,0.0,0.0,43.22656657945853,optimal
2021-02-11 22:00:00,3,35,0.0,0.0,0.0,0.4491,11.025,6.0,-4,19.076182571002814,55.0,0.002666666666666666,0.0,0.0,0.0,0.0,43.18334001287907,optimal
2021-02-11 22:30:00,3,35,0.0,0.0,0.0,0.4868,12.0855,6.0,-4,18.802639399742198,55.0,0.0,0.0,0.0,0.0,0.0,43.14015667286619,optimal
2021-02-11 23:00:00,3,35,0.0,0.0,0.0,0.5323333333333333,11.6865,6.0,-4,18.523195799908464,55.0,0.0,0.0,0.0,0.0,0.0,43.09701651619332,optimal
2021-02-11 23:30:00,3,35,0.0,0.0,0.0,0.24666666666666662,11.2245,6.0,-4,18.248867540375258,55.0,0.0,0.0,0.0,0.0,0.0,43.05391949967713,optimal
2021-02-12 00:00:00,3,35,2.0,0.0,9.0,0.059,8.1585,6.0,1,18.248867540375258,55.0,0.0,7000.0,0.0,0.0,0.0,47.28586558017745,optimal
2021-02-12 00:30:00,3,35,1.0947619047619048,0.0,0.0,0.059,10.3635,6.0,1,18.732499652186192,55.0,0.03666666666666667,0.0,0.0,3831.6666666666665,0.0,47.23857971459727,optimal
2021-02-12 01:00:00,3,35,0.0,0.0,0.0,0.1808333333333333,10.8045,6.0,1,18.36678654886243,55.0,0.03666666666666667,0.0,0.0,0.0,0.0,47.19134113488268,optimal
2021-02-12 01:30:00,3,35,0.0,0.0,0.0,0.09483333333333331,11.025,6.0,1,18.021089198084724,55.0,0.03666666666666667,0.0,0.0,0.0,0.0,47.14414979374779,optimal
2021-02-12 02:00:00,3,35,2.0,0.0,0.0,0.08766666666666667,10.3635,6.0,1,17.67157193067509,55.0,0.03666666666666667,7000.0,0.0,0.0,0.0,47.09700564395405,optimal
2021-02-12 02:30:00,3,35,2.0,0.0,0.0,0.188,10.8045,6.0,1,18.17003790248732,55.0,0.03666666666666667,7000.0,0.0,0.0,0.0,47.04990863831009,optimal
2021-02-12 03:00:00,3,35,2.0,0.0,0.0,0.059,10.059,6.0,1,18.67766947662033,55.0,0.03666666666666667,7000.0,0.0,0.0,0.0,47.002858729671786,optimal
2021-02-12 03:30:00,3,35,2.0,0.0,0.0,0.21666666666666662,10.584,6.0,1,19.16673831102761,55.0,0.03666666666666667,7000.0,0.0,0.0,0.0,46.955855870942116,optimal
2021-02-12 04:00:00,3,35,2.0,0.0,3.3131591144109507,0.059,9.4185,6.0,1,19.677867474710276,55.0,0.03666666666666667,7000.0,0.0,0.0,0.0,48.48265059441637,optimal
2021-02-12 04:30:00,3,35,2.0,0.0,0.0,0.08766666666666667,10.3635,6.0,1,20.172791976994326,55.0,0.03666666666666667,7000.0,0.0,0.0,0.0,48.434167943821954,optimal
2021-02-12 05:00:00,3,35,2.0,0.0,0.0,0.188,9.8385,6.0,1,20.67416936341617,55.0,0.03666666666666667,7000.0,0.0,0.0,0.0,48.38573377587813,optimal
2021-02-12 05:30:00,3,35,2.0,0.0,0.0,0.059,11.067,6.0,1,21.19052827819867,55.0,0.03666666666666667,7000.0,0.0,0.0,0.0,48.33734804210225,optimal
2021-02-12 06:00:00,3,35,2.0,0.0,0.0,2.8607,10.8465,6.0,1,21.69551983876214,55.0,0.03266666666666666,7000.0,0.0,0.0,0.0,48.289010694060146,optimal
2021-02-12 06:30:00,3,35,0.0,0.0,0.0,1.1542666666666668,13.671,6.0,1,22.255030214044094,55.0,0.03133333333333333,0.0,0.0,0.0,0.0,48.240721683366075,optimal
2021-02-12 07:00:00,3,35,0.23453502599210588,0.0,0.0,2.1631,12.348,6.0,1,21.973758717809798,55.0,0.028666666666666667,820.8725909723706,0.0,0.0,0.0,48.192480961682705,optimal
2021-02-12 07:30:00,3,35,0.0,0.0,0.0,0.2891,14.3325,6.0,1,21.81011787442368,55.0,0.028666666666666667,0.0,0.0,0.0,0.0,48.144288480721016,optimal
2021-02-12 08:00:00,3,35,0.0,0.0,0.0,0.0695,15.393,6.0,1,21.509327967957837,55.0,0.027333333333333334,0.0,0.0,0.0,0.0,48.096144192240295,optimal
2021-02-12 08:30:00,3,35,0.0,0.0,0.0,1.5575333333333332,13.587,6.0,1,21.173532565306708,55.0,0.024666666666666667,0.0,0.0,0.0,0.0,48.048048048048045,optimal
2021-02-12 09:00:00,3,35,0.0,0.0,0.0,0.35163333333333335,16.1385,6.0,1,20.90208633590363,55.0,0.024666666666666667,0.0,0.0,0.0,0.0,48.0,optimal
2021-02-12 09:30:00,3,35,0.0,0.0,0.0,0.217,14.595,6.0,1,20.629808766958703,55.0,0.024666666666666667,0.0,0.0,0.0,0.0,47.56346286967891,optimal
2021-02-12 10:00:00,3,35,0.0,0.0,0.0,0.22626666666666667,14.637,6.0,1,20.35776540635924,55.0,0.024666666666666667,0.0,0.0,0.0,0.0,47.127362276488135,optimal
2021-02-12 10:30:00,3,35,0.0,0.0,0.0,0.24656666666666663,13.9125,6.0,1,20.17645091671794,55.0,0.024666666666666667,0.0,0.0,0.0,0.0,46.691697783890554,optimal
2021-02-12 11:00:00,3,35,0.26788440413033,0.0,0.0,0.198,13.3665,6.0,1,20.0,55.0,0.024666666666666667,937.595414456155,0.0,0.0,0.0,46.25646895578557,optimal
2021-02-12 11:30:00,3,35,0.5230099957518717,0.0,0.0,0.069,13.0095,6.0,1,20.0,55.0,0.024666666666666667,1830.534985131551,0.0,0.0,0.0,45.8216753565087,optimal
2021-02-12 12:00:00,3,35,0.0,0.0,0.0,0.2165,13.8915,6.0,1,20.092651902297153,55.0,0.024666666666666667,0.0,0.0,0.0,0.0,45.3873165508311,optimal
2021-02-12 12:30:00,3,35,0.255998509197454,0.0,0.0,0.06616666666666667,13.188,6.0,1,20.0,55.0,0.024666666666666667,895.9947821910888,0.0,0.0,0.0,44.95339210395918,optimal
2021-02-12 13:00:00,3,35,0.23432817303084522,0.0,0.0,0.145,12.5685,6.0,1,20.0,55.0,0.024666666666666667,820.1486056079583,0.0,0.0,0.0,44.519901581534135,optimal
2021-02-12 13:30:00,3,35,0.24190128954999673,0.0,0.0,0.13666666666666666,12.285,6.0,1,20.0,55.0,0.024666666666666667,846.6545134249885,0.0,0.0,0.0,44.08684454963151,optimal
2021-02-12 14:00:00,3,35,0.5712351051705769,0.0,0.0,0.059,11.487,6.0,1,20.0,55.0,0.024666666666666667,1999.322868097019,0.0,0.0,0.0,43.654220574760785,optimal
2021-02-12 14:30:00,3,35,0.0,0.0,0.0,0.17366666666666666,11.802,6.0,1,20.11495802590274,55.0,0.024666666666666667,0.0,0.0,0.0,0.0,43.222029223864936,optimal
2021-02-12 15:00:00,3,35,2.0,0.0,0.0,0.10866666666666669,11.2245,6.0,1,20.0,55.0,0.024666666666666667,7000.0,0.0,0.0,0.0,43.178807194641074,optimal
2021-02-12 15:30:00,3,35,2.0,0.0,0.0,0.13633333333333333,11.025,6.0,1,20.712322114397637,55.0,0.024666666666666667,7000.0,0.0,0.0,0.0,43.13562838744643,optimal
2021-02-12 16:00:00,3,35,0.7384830173247228,0.0,0.0,2.1523000000000003,11.907,6.0,1,21.420180225349586,55.0,0.024666666666666667,2584.69056063653,0.0,0.0,0.0,43.092492759058985,optimal
2021-02-12 16:30:00,3,35,0.0,0.0,0.0,0.1172,25.83,6.0,1,21.5762969445336,55.0,0.02,0.0,0.0,0.0,0.0,43.049400266299926,optimal
2021-02-12 17:00:00,3,35,0.0,0.0,0.0,0.14773333333333333,28.035,6.0,1,21.369080595787256,55.0,0.017333333333333333,0.0,0.0,0.0,0.0,43.00635086603363,optimal
2021-02-12 17:30:00,3,35,0.0,0.0,0.0,0.42233333333333334,28.119,6.0,1,21.125598966772518,55.0,0.017333333333333333,0.0,0.0,0.0,0.0,42.96334451516759,optimal
2021-02-12 18:00:00,3,35,0.0,0.0,0.0,0.33466666666666667,30.156,6.0,1,20.91685847756763,55.0,0.012,0.0,0.0,0.0,0.0,42.920381170652426,optimal
2021-02-12 18:30:00,3,35,0.0,0.0,0.0,0.5788333333333334,29.1585,6.0,1,20.678610868979007,55.0,0.01,0.0,0.0,0.0,0.0,42.87746078948177,optimal
2021-02-12 19:00:00,3,35,0.0,0.0,0.0,2.1244,26.712,6.0,1,20.458565889789952,55.0,0.01,0.0,0.0,0.0,0.0,42.83458332869229,optimal
2021-02-12 19:30:00,3,35,0.0,0.0,0.0,0.6646,15.435,6.0,1,20.365671812766564,55.0,0.008666666666666666,0.0,0.0,0.0,0.0,42.7917487453636,optimal
2021-02-12 20:00:00,3,35,0.0,0.0,0.0,2.5898000000000003,13.566,6.0,1,20.176798604894344,55.0,0.007333333333333333,0.0,0.0,0.0,0.0,42.74895699661823,optimal
2021-02-12 20:30:00,3,35,0.0,0.0,0.0,2.117766666666667,12.789,6.0,1,20.0,55.0,0.007333333333333333,0.0,0.0,0.0,0.0,42.706208039621615,optimal
2021-02-12 21:00:00,3,35,0.0,0.0,0.0,0.4299,12.1275,6.0,1,19.82174493366795,55.0,0.001333333333333333,0.0,0.0,0.0,0.0,42.663501831581996,optimal
2021-02-12 21:30:00,3,35,0.0,0.0,0.0,1.3840666666666666,13.671,6.0,1,19.616285539483147,55.0,0.001333333333333333,0.0,0.0,0.0,0.0,42.62083832975041,optimal
2021-02-12 22:00:00,3,35,0.0,0.0,0.0,1.5960666666666665,10.668,6.0,1,19.440436376236942,55.0,0.0,0.0,0.0,0.0,0.0,42.57821749142066,optimal
2021-02-12 22:30:00,3,35,0.0,0.0,0.0,0.8561666666666666,11.7285,6.0,1,19.263295543367683,55.0,0.0,0.0,0.0,0.0,0.0,42.53563927392924,optimal
2021-02-12 23:00:00,3,35,0.0,0.0,0.0,0.2195,11.025,6.0,1,19.0245568128488,55.0,0.0,0.0,0.0,0.0,0.0,42.49310363465531,optimal
2021-02-12 23:30:00,3,35,0.0,0.0,0.0,0.07616666666666667,10.689,6.0,1,18.76934111449113,55.0,0.0,0.0,0.0,0.0,0.0,42.45061053102066,optimal
2021-02-13 00:00:00,3,35,0.0,0.0,0.0,0.038,11.025,6.0,4,18.76934111449113,55.0,0.0,0.0,0.0,0.0,0.0,42.40815992048964,optimal
2021-02-13 00:30:00,3,35,0.0,0.0,0.0,0.038,8.2005,6.0,4,18.497276129042923,55.0,0.0,0.0,0.0,0.0,0.0,42.36575176056915,optimal
2021-02-13 01:00:00,3,35,0.0,0.0,0.0,0.1766,9.5655,6.0,4,18.22992824250996,55.0,0.0,0.0,0.0,0.0,0.0,42.323386008808576,optimal
2021-02-13 01:30:00,3,35,2.0,0.0,9.0,0.038,7.056,6.0,4,17.983905148660835,55.0,0.04,2820.0,0.0,4180.0,0.0,46.556062622799764,optimal
2021-02-13 02:00:00,3,35,0.0,0.0,0.0,0.038,9.3975,6.0,4,18.064852107497806,55.0,0.04,0.0,0.0,0.0,0.0,46.509506560176966,optimal
2021-02-13 02:30:00,3,35,0.0,0.0,0.0,0.038,10.059,6.0,4,17.806034647569327,55.0,0.04,0.0,0.0,0.0,0.0,46.46299705361679,optimal
2021-02-13 03:00:00,3,35,0.0,0.0,0.0,0.038,9.261,6.0,4,17.551007936758687,55.0,0.04,0.0,0.0,0.0,0.0,46.41653405656317,optimal
2021-02-13 03:30:00,3,35,2.0,0.0,0.0,0.038,8.1585,6.0,4,17.299716454163708,55.0,0.04,7000.0,0.0,0.0,0.0,46.37011752250661,optimal
2021-02-13 04:00:00,3,35,0.0,0.0,0.0,0.10729999999999999,9.4815,6.0,4,17.893634907377887,55.0,0.04,0.0,0.0,0.0,0.0,46.323747404984104,optimal
2021-02-13 04:30:00,3,35,2.0,0.0,0.0,0.10729999999999999,8.379,6.0,4,17.644198915634384,55.0,0.04,7000.0,0.0,0.0,0.0,46.27742365757912,optimal
2021-02-13 05:00:00,3,35,0.0,0.0,0.0,0.0569,9.5235,6.0,4,18.239213362422483,55.0,0.04,0.0,0.0,0.0,0.0,46.23114623392154,optimal
2021-02-13 05:30:00,3,35,2.0,0.0,0.0,0.15769999999999998,8.1375,6.0,4,17.975722315200535,55.0,0.04,7000.0,0.0,0.0,0.0,46.18491508768762,optimal
2021-02-13 06:00:00,3,35,0.0,0.0,0.0,0.038,10.0905,6.0,4,18.569016131752846,55.0,0.04,0.0,0.0,0.0,0.0,46.138730172599935,optimal
2021-02-13 06:30:00,3,35,2.0,0.0,4.929634739778147,0.1703,7.539,6.0,4,18.295491264178217,55.0,0.04,7000.0,0.0,0.0,0.0,48.434167943821954,optimal
2021-02-13 07:00:00,3,35,2.0,0.0,0.0,0.04496666666666667,7.938,6.0,4,18.883420718714223,55.0,0.04,7000.0,0.0,0.0,0.0,48.38573377587813,optimal
2021-02-13 07:30:00,3,35,2.0,0.0,0.0,0.14133333333333334,8.274,6.0,4,19.44684607953082,55.0,0.035333333333333335,7000.0,0.0,0.0,0.0,48.33734804210225,optimal
2021-02-13 08:00:00,3,35,2.0,0.0,0.0,0.17626666666666668,9.261,6.0,4,20.042337187838665,55.0,0.035333333333333335,7000.0,0.0,0.0,0.0,48.289010694060146,optimal
2021-02-13 08:30:00,3,35,0.0,0.0,0.0,0.037,9.9225,6.0,4,20.609131710440405,55.0,0.03133333333333333,0.0,0.0,0.0,0.0,48.240721683366075,optimal
2021-02-13 09:00:00,3,35,2.0,0.0,0.0,0.12233333333333331,9.702,6.0,4,20.32342814515914,55.0,0.028666666666666667,7000.0,0.0,0.0,0.0,48.192480961682705,optimal
2021-02-13 09:30:00,3,35,0.0,0.0,0.0,0.32366666666666666,10.584,6.0,4,20.95807361551987,55.0,0.024,0.0,0.0,0.0,0.0,48.144288480721016,optimal
2021-02-13 10:00:00,3,35,0.9849978959950106,0.0,0.0,0.4724,10.143,6.0,4,20.76529063082327,55.0,0.024,3447.492635982537,0.0,0.0,0.0,48.096144192240295,optimal
2021-02-13 10:30:00,3,35,0.0,0.0,0.0,1.7917,13.0095,6.0,4,21.042848556421184,55.0,0.024,0.0,0.0,0.0,0.0,48.048048048048045,optimal
2021-02-13 11:00:00,3,35,0.0,0.0,0.0,0.2803333333333333,11.025,6.0,4,20.905798855541057,55.0,0.024,0.0,0.0,0.0,0.0,48.0,optimal
2021-02-13 11:30:00,3,35,0.0,0.0,0.0,0.157,12.789,6.0,4,20.773182829232233,55.0,0.024,0.0,0.0,0.0,0.0,47.89183329079338,optimal
2021-02-13 12:00:00,3,35,0.0,0.0,0.0,0.4151,12.1275,6.0,4,20.610661185602467,55.0,0.024,0.0,0.0,0.0,0.0,47.78377474829597,optimal
2021-02-13 12:30:00,3,35,0.0,0.0,0.0,0.5484666666666667,12.1695,6.0,4,20.52448196003441,55.0,0.024,0.0,0.0,0.0,0.0,47.67582426434105,optimal
2021-02-13 13:00:00,3,35,0.0,0.0,0.0,0.43,12.306,6.0,4,20.455231730706743,55.0,0.019999999999999997,0.0,0.0,0.0,0.0,47.567981730870095,optimal
2021-02-13 13:30:00,3,35,0.0,0.0,0.0,0.2773,13.23,6.0,4,20.404641595588405,55.0,0.019999999999999997,0.0,0.0,0.0,0.0,47.460247039932604,optimal
2021-02-13 14:00:00,3,35,0.0,0.0,0.0,0.2092,13.671,6.0,4,20.362902912952958,55.0,0.019999999999999997,0.0,0.0,0.0,0.0,47.35262008368605,optimal
2021-02-13 14:30:00,3,35,0.0,0.0,0.0,1.6817666666666669,13.9335,6.0,4,20.25912709299783,55.0,0.019999999999999997,0.0,0.0,0.0,0.0,47.24510075439574,optimal
2021-02-13 15:00:00,3,35,0.0,0.0,0.0,0.636,13.293,6.0,4,20.185297058461803,55.0,0.019999999999999997,0.0,0.0,0.0,0.0,47.13768894443473,optimal
2021-02-13 15:30:00,3,35,0.0,0.0,0.0,0.1946,12.1065,6.0,4,20.104282430408105,55.0,0.019999999999999997,0.0,0.0,0.0,0.0,47.03038454628368,optimal
2021-02-13 16:00:00,3,35,0.3433494052715757,0.0,0.0,0.2115,11.571,6.0,4,20.0,55.0,0.019999999999999997,1201.722918450515,0.0,0.0,0.0,46.923187452530776,optimal
2021-02-13 16:30:00,3,35,0.5007922994851733,0.0,0.0,0.2191,11.025,6.0,4,20.0,55.0,0.017333333333333333,1752.7730481981068,0.0,0.0,0.0,46.81609755587163,optimal
2021-02-13 17:00:00,3,35,2.0,0.0,0.0,0.2093,10.8465,6.0,4,20.056011624306183,55.0,0.017333333333333333,7000.0,0.0,0.0,0.0,46.70911474910914,optimal
2021-02-13 17:30:00,3,35,2.0,0.0,0.0,1.0796,11.2455,6.0,4,20.699535117730818,55.0,0.014666666666666665,7000.0,0.0,0.0,0.0,46.602238925153415,optimal
2021-02-13 18:00:00,3,35,0.0,0.0,0.0,2.784266666666667,23.8665,6.0,4,21.374862500424214,55.0,0.014666666666666665,0.0,0.0,0.0,0.0,46.49546997702164,optimal
2021-02-13 18:30:00,3,35,0.0,0.0,0.0,1.9737,27.4575,6.0,4,21.155038258641405,55.0,0.014666666666666665,0.0,0.0,0.0,0.0,46.388807797838,optimal
2021-02-13 19:00:00,3,35,0.0,0.0,0.0,0.048,27.3735,6.0,4,20.896920624998696,55.0,0.014666666666666665,0.0,0.0,0.0,0.0,46.28225228083354,optimal
2021-02-13 19:30:00,3,35,0.0,0.0,0.0,0.1866,30.4605,6.0,4,20.589445644312253,55.0,0.014666666666666665,0.0,0.0,0.0,0.0,46.17580331934609,optimal
2021-02-13 20:00:00,3,35,0.0,0.0,0.0,0.048,30.0195,6.0,4,20.30168621162798,55.0,0.014666666666666665,0.0,0.0,0.0,0.0,46.069460806820125,optimal
2021-02-13 20:30:00,3,35,0.0,0.0,0.0,0.1866,26.9325,6.0,4,20.0,55.0,0.014666666666666665,0.0,0.0,0.0,0.0,45.963224636806686,optimal
2021-02-13 21:00:00,3,35,0.0,0.0,0.0,0.10833333333333331,14.595,6.0,4,19.719409193593567,55.0,0.014666666666666665,0.0,0.0,0.0,0.0,45.91726141216988,optimal
2021-02-13 21:30:00,3,35,0.0,0.0,0.0,0.4557333333333333,12.4845,6.0,4,19.460543340472626,55.0,0.014666666666666665,0.0,0.0,0.0,0.0,45.87134415075771,optimal
2021-02-13 22:00:00,3,35,0.0,0.0,0.0,0.48810000000000003,12.1275,6.0,4,19.263634784264475,55.0,0.0,0.0,0.0,0.0,0.0,45.825472806606946,optimal
2021-02-13 22:30:00,3,35,0.0,0.0,0.0,0.4958,12.1275,6.0,4,19.082165593995903,55.0,0.0,0.0,0.0,0.0,0.0,45.77964733380034,optimal
2021-02-13 23:00:00,3,35,0.0,0.0,0.0,0.4419333333333333,12.789,6.0,4,18.895728153572236,55.0,0.0,0.0,0.0,0.0,0.0,45.73386768646654,optimal
2021-02-13 23:30:00,3,35,0.0,0.0,0.0,0.13266666666666665,11.907,6.0,4,18.71597833432904,55.0,0.0,0.0,0.0,0.0,0.0,45.688133818780074,optimal
2021-02-07 00:00:00,4,35,0.0,0.0,0.0,0.062,6.615,6.0,-4,21.0,55.0,0.12,0.0,0.0,0.0,0.0,47.952,optimal
2021-02-07 00:30:00,4,35,0.0,0.0,0.0,0.22406666666666664,6.174,6.0,-4,20.74644869080271,55.0,0.12,0.0,0.0,0.0,0.0,47.904047999999996,optimal
2021-02-07 01:00:00,4,35,2.0,0.0,0.0,0.062,3.906,6.0,-4,20.514646723090273,55.0,0.12,7000.0,0.0,0.0,0.0,47.856143952,optimal
2021-02-07 01:30:00,4,35,2.0,0.0,0.0,0.12093333333333334,2.3415,6.0,-4,21.10753655401398,55.0,0.12,7000.0,0.0,0.0,0.0,47.80828780804799,optimal
2021-02-07 02:00:00,4,35,2.0,0.0,0.0,0.16513333333333333,2.205,6.0,-4,21.69810139238316,55.0,0.12,7000.0,0.0,0.0,0.0,47.76047952023995,optimal
2021-02-07 02:30:00,4,35,2.0,0.0,1.9277281830279425,0.062,0.882,6.0,-4,22.28460253059794,55.0,0.12,7000.0,0.0,0.0,0.0,48.62838992765797,optimal
2021-02-07 03:00:00,4,35,2.0,0.0,0.0,0.22406666666666664,1.5435,6.0,-4,22.848639562172043,55.0,0.12,7000.0,0.0,0.0,0.0,48.579761537730306,optimal
2021-02-07 03:30:00,4,35,2.0,0.0,0.0,0.062,1.5435,6.0,-4,23.422451193332257,55.0,0.12,7000.0,0.0,0.0,0.0,48.53118177619257,optimal
2021-02-07 04:00:00,4,35,0.0,0.0,0.0,0.062,5.0715,6.0,-4,23.967625853011057,55.0,0.12,0.0,0.0,0.0,0.0,48.48265059441637,optimal
2021-02-07 04:30:00,4,35,0.0,0.0,0.0,0.22406666666666664,5.376,6.0,-4,23.661821598595868,55.0,0.12,0.0,0.0,0.0,0.0,48.434167943821954,optimal
2021-02-07 05:00:00,4,35,0.6978037794278646,0.0,0.0,0.062,5.0715,6.0,-4,23.379996646186488,55.0,0.12,2442.3132279975266,0.0,0.0,0.0,48.38573377587813,optimal
2021-02-07 05:30:00,4,35,0.0,0.0,0.0,0.139,5.5125,6.0,-4,23.376665767129925,55.0,0.12,0.0,0.0,0.0,0.0,48.33734804210225,optimal
2021-02-07 06:00:00,4,35,0.0,0.0,0.0,0.15606666666666666,9.261,6.0,-4,23.088380764181164,55.0,0.12,0.0,0.0,0.0,0.0,48.289010694060146,optimal
2021-02-07 06:30:00,4,35,0.0,0.0,0.0,0.062,11.7075,6.0,-4,22.80609086476627,55.0,0.12,0.0,0.0,0.0,0.0,48.240721683366075,optimal
2021-02-07 07:00:00,4,35,0.0,0.0,0.0,0.1725,12.348,6.0,-4,22.516566618188648,55.0,0.12,0.0,0.0,0.0,0.0,48.192480961682705,optimal
2021-02-07 07:30:00,4,35,0.0,0.0,0.0,0.31753333333333333,12.348,6.0,-4,22.24384624735361,55.0,0.116,0.0,0.0,0.0,0.0,48.144288480721016,optimal
2021-02-07 08:00:00,4,35,0.0,0.0,0.0,0.26530000000000004,12.1275,6.0,-4,22.0,55.0,0.11066666666666666,0.0,0.0,0.0,0.0,48.096144192240295,optimal
2021-02-07 08:30:00,4,35,0.0,0.0,0.0,0.065,12.5265,6.0,-4,21.771950993704465,55.0,0.10933333333333334,0.0,0.0,0.0,0.0,48.048048048048045,optimal
2021-02-07 09:00:00,4,35,0.5212897971689018,0.0,0.0,0.2284,11.7495,6.0,-4,21.516818036275016,55.0,0.10697333333333334,1824.5142900911565,0.0,0.0,0.0,48.0,optimal
2021-02-07 09:30:00,4,35,0.0,0.0,0.0,0.062,13.23,6.0,-4,21.494946173950087,55.0,0.10697333333333334,0.0,0.0,0.0,0.0,47.881829298182474,optimal
2021-02-07 10:00:00,4,35,0.0,0.0,0.0,0.14506666666666665,14.3325,6.0,-4,21.225581840810243,55.0,0.10666666666666667,0.0,0.0,0.0,0.0,47.763776767066766,optimal
2021-02-07 10:30:00,4,35,0.0,0.0,0.0,0.22406666666666664,14.994,6.0,-4,21.00202093987808,55.0,0.10666666666666667,0.0,0.0,0.0,0.0,47.64584228848217,optimal
2021-02-07 11:00:00,4,35,0.0,0.0,0.0,0.062,14.8155,6.0,-4,20.77938739430906,55.0,0.10666666666666667,0.0,0.0,0.0,0.0,47.528025744376166,optimal
2021-02-07 11:30:00,4,35,0.0,0.0,0.0,0.06533333333333333,14.112,6.0,-4,20.566889122899187,55.0,0.10666666666666667,0.0,0.0,0.0,0.0,47.410327016814264,optimal
2021-02-07 12:00:00,4,35,0.0,0.0,0.0,0.06766666666666667,14.007,6.0,-4,20.35750319033659,55.0,0.10666666666666667,0.0,0.0,0.0,0.0,47.29274598797993,optimal
2021-02-07 12:30:00,4,35,0.0,0.0,0.0,0.17986666666666667,13.23,6.0,-4,20.170289548727848,55.0,0.10666666666666667,0.0,0.0,0.0,0.0,47.17528254017442,optimal
2021-02-07 13:00:00,4,35,2.0,0.0,0.0,0.1062,11.382,6.0,-4,20.0,55.0,0.10666666666666667,7000.0,0.0,0.0,0.0,47.057936555816724,optimal
2021-02-07 13:30:00,4,35,1.5072066048794075,0.0,0.0,0.062,11.7495,6.0,-4,20.648134598374046,55.0,0.10666666666666667,5275.223117077926,0.0,0.0,0.0,46.94070791744338,optimal
2021-02-07 14:00:00,4,35,0.0,0.0,0.0,0.18756666666666663,24.3285,6.0,-4,21.074659874889992,55.0,0.10666666666666667,0.0,0.0,0.0,0.0,46.823596507708416,optimal
2021-02-07 14:30:00,4,35,0.0,0.0,0.0,0.10816666666666669,28.917,6.0,-4,20.883103983979314,55.0,0.10666666666666667,0.0,0.0,0.0,0.0,46.706602209383185,optimal
2021-02-07 15:00:00,4,35,0.0,0.0,0.0,0.07673333333333333,31.3635,6.0,-4,20.684449459505355,55.0,0.10666666666666667,0.0,0.0,0.0,0.0,46.58972490535628,optimal
2021-02-07 15:30:00,4,35,0.0,0.0,0.0,1.3309333333333333,33.306,6.0,-4,20.503699739723206,55.0,0.10533333333333333,0.0,0.0,0.0,0.0,46.47296447863339,optimal
2021-02-07 16:00:00,4,35,0.0,0.0,0.0,0.3562333333333333,31.3425,6.0,-4,20.51642271857693,55.0,0.10533333333333333,0.0,0.0,0.0,0.0,46.35632081233724,optimal
2021-02-07 16:30:00,4,35,0.0,0.0,0.0,1.3045,28.2555,6.0,-4,20.375321651234824,55.0,0.04866666666666666,0.0,0.0,0.0,0.0,46.23979378970738,optimal
2021-02-07 17:00:00,4,35,0.0,0.0,0.0,0.23406666666666665,15.6975,6.0,-4,20.241342338403225,55.0,0.04866666666666666,0.0,0.0,0.0,0.0,46.123383294100144,optimal
2021-02-07 17:30:00,4,35,0.6075148587280398,0.0,0.0,0.072,12.5475,6.0,-4,20.0,55.0,0.04866666666666666,2126.3020055481393,0.0,0.0,0.0,46.00708920898852,optimal
2021-02-07 18:00:00,4,35,0.6218629633324553,0.0,0.0,0.08673333333333333,12.0855,6.0,-4,20.0,55.0,0.04866666666666666,2176.5203716635933,0.0,0.0,0.0,45.890911417962,optimal
2021-02-07 18:30:00,4,35,1.8401534737293426,0.0,0.0,0.2193333333333333,11.907,6.0,-4,20.0,55.0,0.04866666666666666,6440.537158052699,0.0,0.0,0.0,45.774849804726514,optimal
2021-02-07 19:00:00,4,35,0.0,0.0,0.0,0.072,12.5685,6.0,-4,20.529746905025707,55.0,0.04866666666666666,0.0,0.0,0.0,0.0,45.65890425310426,optimal
2021-02-07 19:30:00,4,35,0.0,0.0,0.0,0.12356666666666666,13.146,6.0,-4,20.25979420150022,55.0,0.04866666666666666,0.0,0.0,0.0,0.0,45.543074647033635,optimal
2021-02-07 20:00:00,4,35,0.5910231801466449,0.0,0.0,0.1825,10.584,6.0,-4,20.0,55.0,0.04866666666666666,2068.581130513257,0.0,0.0,0.0,45.427360870569075,optimal
2021-02-07 20:30:00,4,35,0.0,0.0,0.0,0.072,6.678,6.0,-4,20.0,55.0,0.04866666666666666,0.0,0.0,0.0,0.0,45.31176280788098,optimal
2021-02-07 21:00:00,4,35,0.0,0.0,0.0,0.23406666666666665,7.938,6.0,-4,19.736341549967186,55.0,0.04866666666666666,0.0,0.0,0.0,0.0,45.19628034325557,optimal
2021-02-07 21:30:00,4,35,0.0,0.0,0.0,0.072,5.292,6.0,-4,19.494580474844867,55.0,0.04866666666666666,0.0,0.0,0.0,0.0,45.080913361094794,optimal
2021-02-07 22:00:00,4,35,0.0,0.0,0.0,0.1123,9.261,6.0,-4,19.23685996929138,55.0,0.04866666666666666,0.0,0.0,0.0,0.0,45.035832447733696,optimal
2021-02-07 22:30:00,4,35,0.0,0.0,0.0,0.41313333333333335,10.3635,6.0,-4,18.994862230746524,55.0,0.047333333333333324,0.0,0.0,0.0,0.0,44.990796615285966,optimal
2021-02-07 23:00:00,4,35,0.0,0.0,0.0,0.072,8.274,6.0,-4,18.817713514714196,55.0,0.047333333333333324,0.0,0.0,0.0,0.0,44.94580581867068,optimal
2021-02-07 23:30:00,4,35,0.0,0.0,0.0,0.23406666666666665,7.7175,6.0,-4,18.580013827507468,55.0,0.047333333333333324,0.0,0.0,0.0,0.0,44.90086001285201,optimal
2021-02-08 00:00:00,4,35,1.0096049429774046,0.0,0.0,0.065,8.6835,6.0,-2,18.580013827507468,55.0,0.047333333333333324,3533.617300420916,0.0,0.0,0.0,44.855959152839155,optimal
2021-02-08 00:30:00,4,35,2.0,0.0,0.0,0.065,7.665,6.0,-2,18.76449918010316,55.0,0.047333333333333324,7000.0,0.0,0.0,0.0,44.811103193686314,optimal
2021-02-08 01:00:00,4,35,2.0,0.0,0.0,0.065,6.7725,6.0,-2,19.36336841298678,55.0,0.047333333333333324,7000.0,0.0,0.0,0.0,44.76629209049263,optimal
2021-02-08 01:30:00,4,35,2.0,0.0,0.0,0.065,5.5755,6.0,-2,19.95346635580024,55.0,0.047333333333333324,7000.0,0.0,0.0,0.0,44.72152579840213,optimal
2021-02-08 02:00:00,4,35,2.0,0.0,0.7541835026453507,0.065,5.0925,6.0,-2,20.534189155558362,55.0,0.047333333333333324,7000.0,0.0,0.0,0.0,45.03504143636027,optimal
2021-02-08 02:30:00,4,35,2.0,0.0,9.0,0.06433333333333333,4.1895,6.0,-2,21.105674124540133,55.0,0.047333333333333324,7000.0,0.0,0.0,0.0,49.26500639492391,optimal
2021-02-08 03:00:00,4,35,2.0,0.0,0.0,0.055,7.056,6.0,-2,21.669521205851265,55.0,0.047333333333333324,7000.0,0.0,0.0,0.0,49.215741388528976,optimal
2021-02-08 03:30:00,4,35,2.0,0.0,0.0,0.055,5.271,6.0,-2,22.22584226719944,55.0,0.047333333333333324,7000.0,0.0,0.0,0.0,49.16652564714044,optimal
2021-02-08 04:00:00,4,35,2.0,0.0,0.0,0.055,7.938,6.0,-2,22.773282895870977,55.0,0.047333333333333324,7000.0,0.0,0.0,0.0,49.1173591214933,optimal
2021-02-08 04:30:00,4,35,2.0,0.0,0.0,0.055,7.938,6.0,-2,23.311973158409096,55.0,0.047333333333333324,7000.0,0.0,0.0,0.0,49.0682417623718,optimal
2021-02-08 05:00:00,4,35,0.0,0.0,0.0,0.055,11.907,6.0,-2,23.841308895367842,55.0,0.047333333333333324,0.0,0.0,0.0,0.0,49.01917352060943,optimal
2021-02-08 05:30:00,4,35,0.0,0.0,0.0,0.055,11.025,6.0,-2,23.519165380760775,55.0,0.047333333333333324,0.0,0.0,0.0,0.0,48.97015434708881,optimal
2021-02-08 06:00:00,4,35,0.0,0.0,0.0,0.055,11.2875,6.0,-2,23.201007794259983,55.0,0.047333333333333324,0.0,0.0,0.0,0.0,48.92118419274172,optimal
2021-02-08 06:30:00,4,35,0.0,0.0,0.0,0.055666666666666656,12.936,6.0,-2,22.88677775628992,55.0,0.047333333333333324,0.0,0.0,0.0,0.0,48.87226300854897,optimal
2021-02-08 07:00:00,4,35,0.0,0.0,0.0,0.065,13.0095,6.0,-2,22.57641774232681,55.0,0.047333333333333324,0.0,0.0,0.0,0.0,48.823390745540415,optimal
2021-02-08 07:30:00,4,35,0.0,0.0,0.0,0.06433333333333333,13.671,6.0,-2,22.26987107037518,55.0,0.04533333333333332,0.0,0.0,0.0,0.0,48.774567354794875,optimal
2021-02-08 08:00:00,4,35,0.0,0.0,0.0,0.063,13.188,6.0,-2,21.97312919093373,55.0,0.04399999999999999,0.0,0.0,0.0,0.0,48.72579278744007,optimal
2021-02-08 08:30:00,4,35,0.0,0.0,0.0,0.10673333333333332,13.8495,6.0,-2,21.69261052663441,55.0,0.04266666666666666,0.0,0.0,0.0,0.0,48.67706699465263,optimal
2021-02-08 09:00:00,4,35,0.0,0.0,0.0,1.4623333333333333,13.23,6.0,-2,21.42336699184992,55.0,0.04199999999999999,0.0,0.0,0.0,0.0,48.62838992765797,optimal
2021-02-08 09:30:00,4,35,0.0,0.0,0.0,0.057,13.3665,6.0,-2,21.28935508371077,55.0,0.04199999999999999,0.0,0.0,0.0,0.0,48.579761537730306,optimal
2021-02-08 10:00:00,4,35,0.0,0.0,0.0,0.08993333333333334,13.0515,6.0,-2,21.040960609921527,55.0,0.040666666666666657,0.0,0.0,0.0,0.0,48.53118177619257,optimal
2021-02-08 10:30:00,4,35,0.0,0.0,0.0,0.096,13.5345,6.0,-2,20.84548775544818,55.0,0.040666666666666657,0.0,0.0,0.0,0.0,48.48265059441637,optimal
2021-02-08 11:00:00,4,35,0.0,0.0,0.0,0.06806666666666666,14.154,6.0,-2,20.650640807780118,55.0,0.03999999999999999,0.0,0.0,0.0,0.0,48.434167943821954,optimal
2021-02-08 11:30:00,4,35,0.0,0.0,0.0,0.053,14.112,6.0,-2,20.504305028626643,55.0,0.03999999999999999,0.0,0.0,0.0,0.0,48.38573377587813,optimal
2021-02-08 12:00:00,4,35,0.0,0.0,0.0,0.059733333333333326,14.2485,6.0,-2,20.359283026118206,55.0,0.03999999999999999,0.0,0.0,0.0,0.0,48.33734804210225,optimal
2021-02-08 12:30:00,4,35,0.0,0.0,0.0,0.07366666666666667,12.789,6.0,-2,20.22795264072261,55.0,0.038666666666666655,0.0,0.0,0.0,0.0,48.289010694060146,optimal
2021-02-08 13:00:00,4,35,0.0,0.0,0.0,0.1008,13.0095,6.0,-2,20.108967177860478,55.0,0.03733333333333332,0.0,0.0,0.0,0.0,48.240721683366075,optimal
2021-02-08 13:30:00,4,35,1.623122231657718,0.0,0.0,0.106,12.1275,6.0,-2,20.0,55.0,0.03399999999999999,5680.927810802013,0.0,0.0,0.0,48.192480961682705,optimal
2021-02-08 14:00:00,4,35,0.0,0.0,0.0,0.08113333333333334,12.348,6.0,-2,20.582597629568724,55.0,0.02999999999999999,0.0,0.0,0.0,0.0,48.144288480721016,optimal
2021-02-08 14:30:00,4,35,2.0,0.0,0.0,0.063,12.348,6.0,-2,20.47262762762555,55.0,0.028666666666666656,7000.0,0.0,0.0,0.0,48.096144192240295,optimal
2021-02-08 15:00:00,4,35,0.0,0.0,0.0,0.2828,25.389,6.0,-2,21.2031659317072,55.0,0.02599999999999999,0.0,0.0,0.0,0.0,48.048048048048045,optimal
2021-02-08 15:30:00,4,35,0.0,0.0,0.0,1.638,29.1375,6.0,-2,21.076657477083867,55.0,0.022666666666666658,0.0,0.0,0.0,0.0,48.0,optimal
2021-02-08 16:00:00,4,35,0.0,0.0,0.0,0.065,30.597,6.0,-2,21.0914980636352,55.0,0.022666666666666658,0.0,0.0,0.0,0.0,46.988719536972624,optimal
2021-02-08 16:30:00,4,35,0.0,0.0,0.0,0.065,33.684,6.0,-2,20.86324334195355,55.0,0.022666666666666658,0.0,0.0,0.0,0.0,45.97845035440828,optimal
2021-02-08 17:00:00,4,35,0.0,0.0,0.0,0.4598666666666667,32.445,6.0,-2,20.636134771761302,55.0,0.01999999999999999,0.0,0.0,0.0,0.0,45.93247190405387,optimal
2021-02-08 17:30:00,4,35,0.0,0.0,0.0,0.245,28.917,6.0,-2,20.43986681889107,55.0,0.01999999999999999,0.0,0.0,0.0,0.0,45.88653943214982,optimal
2021-02-08 18:00:00,4,35,0.0,0.0,0.0,0.24659999999999999,15.876,6.0,-2,20.22920169075459,55.0,0.01999999999999999,0.0,0.0,0.0,0.0,45.84065289271767,optimal
2021-02-08 18:30:00,4,35,0.5234759248787373,0.0,0.0,0.236,12.348,6.0,-2,20.0,55.0,0.01799999999999999,1832.1657370755804,0.0,0.0,0.0,45.79481223982496,optimal
2021-02-08 19:00:00,4,35,1.291399086129437,0.0,0.0,0.065,12.1275,6.0,-2,20.0,55.0,0.01799999999999999,4519.89680145303,0.0,0.0,0.0,45.74901742758513,optimal
2021-02-08 19:30:00,4,35,0.0,0.0,0.0,0.065,12.348,6.0,-2,20.275036641632006,55.0,0.01799999999999999,0.0,0.0,0.0,0.0,45.70326841015755,optimal
2021-02-08 20:00:00,4,35,0.6066468114146907,0.0,0.0,0.16766666666666666,12.1275,6.0,-2,20.0,55.0,0.017333333333333322,2123.263839951417,0.0,0.0,0.0,45.65756514174739,optimal
2021-02-08 20:30:00,4,35,0.0,0.0,0.0,0.2299333333333333,12.1275,6.0,-2,20.0,55.0,0.017333333333333322,0.0,0.0,0.0,0.0,45.611907576605645,optimal
2021-02-08 21:00:00,4,35,0.0,0.0,0.0,0.3028,11.2665,6.0,-2,19.759144858853784,55.0,0.017333333333333322,0.0,0.0,0.0,0.0,45.56629566902904,optimal
2021-02-08 21:30:00,4,35,0.0,0.0,0.0,0.2576666666666667,10.143,6.0,-2,19.52877134780033,55.0,0.017333333333333322,0.0,0.0,0.0,0.0,45.52072937336001,optimal
2021-02-08 22:00:00,4,35,0.0,0.0,0.0,0.6784,11.2455,6.0,-2,19.304113334520594,55.0,0.015333333333333324,0.0,0.0,0.0,0.0,45.475208643986655,optimal
2021-02-08 22:30:00,4,35,0.0,0.0,0.0,0.13733333333333334,11.025,6.0,-2,19.125796424690133,55.0,0.015333333333333324,0.0,0.0,0.0,0.0,45.42973343534267,optimal
2021-02-08 23:00:00,4,35,0.0,0.0,0.0,0.065,5.9745,6.0,-2,18.899749681895116,55.0,0.015333333333333324,0.0,0.0,0.0,0.0,45.38430370190733,optimal
2021-02-08 23:30:00,4,35,0.0,0.0,0.0,0.065,7.938,6.0,-2,18.64265910720544,55.0,0.015333333333333324,0.0,0.0,0.0,0.0,45.33891939820542,optimal
2021-02-09 00:00:00,4,35,0.0,0.0,0.0,0.052,11.6865,6.0,3,18.64265910720544,55.0,0.015333333333333324,0.0,0.0,0.0,0.0,45.293580478807215,optimal
2021-02-09 00:30:00,4,35,0.0,0.0,0.0,0.09720000000000001,11.466,6.0,3,18.387424151498642,55.0,0.015333333333333324,0.0,0.0,0.0,0.0,45.24828689832841,optimal
2021-02-09 01:00:00,4,35,0.0,0.0,0.0,0.11209999999999999,10.8045,6.0,3,18.141496783858045,55.0,0.015333333333333324,0.0,0.0,0.0,0.0,45.20303861143008,optimal
2021-02-09 01:30:00,4,35,2.0,0.0,0.0,0.1773,10.584,6.0,3,17.901696506882196,55.0,0.032,5258.333333333332,0.0,1741.6666666666677,0.0,45.15783557281865,optimal
2021-02-09 02:00:00,4,35,0.0,0.0,0.0,0.052,11.2455,6.0,3,18.305089480170185,55.0,0.032,0.0,0.0,0.0,0.0,45.11267773724583,optimal
2021-02-09 02:30:00,4,35,0.0,0.0,0.0,0.12053333333333331,12.1275,6.0,3,18.053334068905087,55.0,0.032,0.0,0.0,0.0,0.0,45.06756505950859,optimal
2021-02-09 03:00:00,4,35,0.0,0.0,0.0,0.20406666666666665,11.823,6.0,3,17.814244437485183,55.0,0.032,0.0,0.0,0.0,0.0,45.02249749444908,optimal
2021-02-09 03:30:00,4,35,0.0,0.0,0.0,0.052,11.7705,6.0,3,17.589439924162072,55.0,0.032,0.0,0.0,0.0,0.0,44.977474996954626,optimal
2021-02-09 04:00:00,4,35,2.0,0.0,0.0,0.14133333333333334,11.13,6.0,3,17.351095500500534,55.0,0.032,7000.0,0.0,0.0,0.0,44.93249752195767,optimal
2021-02-09 04:30:00,4,35,2.0,0.0,0.0,0.12956666666666666,11.6865,6.0,3,17.970717211593563,55.0,0.032,7000.0,0.0,0.0,0.0,44.887565024435716,optimal
2021-02-09 05:00:00,4,35,2.0,0.0,0.0,0.13696666666666668,10.7205,6.0,3,18.578383239281873,55.0,0.032,7000.0,0.0,0.0,0.0,44.84267745941128,optimal
2021-02-09 05:30:00,4,35,2.0,0.0,0.0,0.11006666666666666,11.424,6.0,3,19.176574884370577,55.0,0.032,7000.0,0.0,0.0,0.0,44.79783478195186,optimal
2021-02-09 06:00:00,4,35,2.0,0.0,0.0,0.13553333333333334,10.689,6.0,3,19.762768472094816,55.0,0.032,7000.0,0.0,0.0,0.0,44.75303694716991,optimal
2021-02-09 06:30:00,4,35,2.0,0.0,0.0,0.09973333333333333,11.361,6.0,3,20.34344065097864,55.0,0.032,7000.0,0.0,0.0,0.0,44.70828391022274,optimal
2021-02-09 07:00:00,4,35,2.0,0.0,0.0,0.052,11.571,6.0,3,20.910568173335065,55.0,0.032,7000.0,0.0,0.0,0.0,44.663575626312515,optimal
2021-02-09 07:30:00,4,35,0.0,0.0,0.0,0.1414,14.3745,6.0,3,21.462913564165056,55.0,0.032,0.0,0.0,0.0,0.0,44.618912050686205,optimal
2021-02-09 08:00:00,4,35,0.0,0.0,0.0,0.1832,13.23,6.0,3,21.174199579987313,55.0,0.032,0.0,0.0,0.0,0.0,44.57429313863552,optimal
2021-02-09 08:30:00,4,35,0.0,0.0,0.0,0.052,13.9755,6.0,3,20.89382495828081,55.0,0.032,0.0,0.0,0.0,0.0,44.52971884549688,optimal
2021-02-09 09:00:00,4,35,0.0,0.0,0.0,0.18230000000000002,14.994,6.0,3,20.60396739246864,55.0,0.032,0.0,0.0,0.0,0.0,44.485189126651385,optimal
2021-02-09 09:30:00,4,35,0.8355650957639416,0.0,0.0,0.06796666666666668,13.671,6.0,3,20.36401401906104,55.0,0.032,2924.4778351737955,0.0,0.0,0.0,44.44070393752473,optimal
2021-02-09 10:00:00,4,35,0.0,0.0,0.0,0.10533333333333332,15.981,6.0,3,20.469492726278006,55.0,0.029333333333333333,0.0,0.0,0.0,0.0,44.396263233587206,optimal
2021-02-09 10:30:00,4,35,0.0,0.0,0.0,1.3588,15.6345,6.0,3,20.285923489934458,55.0,0.028,0.0,0.0,0.0,0.0,44.35186697035362,optimal
2021-02-09 11:00:00,4,35,0.0,0.0,0.0,1.5131666666666668,16.5375,6.0,3,20.165158487196532,55.0,0.026,0.0,0.0,0.0,0.0,44.30751510338327,optimal
2021-02-09 11:30:00,4,35,0.0,0.0,0.0,1.3620666666666665,14.7735,6.0,3,20.062948860062356,55.0,0.026,0.0,0.0,0.0,0.0,44.26320758827988,optimal
2021-02-09 12:00:00,4,35,0.0,0.0,0.0,1.2820666666666667,15.2145,6.0,3,20.0,55.0,0.026,0.0,0.0,0.0,0.0,44.2189443806916,optimal
2021-02-09 12:30:00,4,35,0.0,0.0,0.0,0.6475,14.553,6.0,3,20.060397402432365,55.0,0.026,0.0,0.0,0.0,0.0,44.174725436310915,optimal
2021-02-09 13:00:00,4,35,0.49297984452506066,0.0,0.0,0.32639999999999997,14.3325,6.0,3,20.026227477276738,55.0,0.026,1725.4294558377123,0.0,0.0,0.0,44.1305507108746,optimal
2021-02-09 13:30:00,4,35,0.0,0.0,0.0,0.1515,14.595,6.0,3,20.159250914948345,55.0,0.026,0.0,0.0,0.0,0.0,44.086420160163726,optimal
2021-02-09 14:00:00,4,35,0.0,0.0,0.0,0.3826666666666667,14.994,6.0,3,20.06158029247438,55.0,0.026,0.0,0.0,0.0,0.0,44.04233374000356,optimal
2021-02-09 14:30:00,4,35,0.10471851370070764,0.0,0.0,0.48883333333333334,14.3325,6.0,3,20.0,55.0,0.024,366.5147979524768,0.0,0.0,0.0,43.99829140626356,optimal
2021-02-09 15:00:00,4,35,0.34588422636042954,0.0,0.0,0.052,13.8915,6.0,3,20.0,55.0,0.024,1210.5947922615032,0.0,0.0,0.0,43.9542931148573,optimal
2021-02-09 15:30:00,4,35,0.19278898826519178,0.0,0.0,0.4261666666666667,13.8915,6.0,3,20.0,55.0,0.011333333333333334,674.7614589281712,0.0,0.0,0.0,43.91033882174244,optimal
2021-02-09 16:00:00,4,35,1.980769395991271,0.0,0.0,0.27293333333333336,13.4715,6.0,3,20.0,55.0,0.009333333333333334,6932.692885969449,0.0,0.0,0.0,43.8664284829207,optimal
2021-02-09 16:30:00,4,35,2.0,0.0,0.0,0.2038,13.23,6.0,3,20.6887478639225,55.0,0.009333333333333334,7000.0,0.0,0.0,0.0,43.82256205443778,optimal
2021-02-09 17:00:00,4,35,0.0,0.0,0.0,1.2229666666666668,13.8915,6.0,3,21.374246545911628,55.0,0.006,0.0,0.0,0.0,0.0,43.778739492383345,optimal
2021-02-09 17:30:00,4,35,0.0,0.0,0.0,1.2203333333333333,26.9325,6.0,3,21.18046481795449,55.0,0.006,0.0,0.0,0.0,0.0,43.73496075289096,optimal
2021-02-09 18:00:00,4,35,0.0,0.0,0.0,1.4082000000000001,30.303,6.0,3,20.999459677214155,55.0,0.006,0.0,0.0,0.0,0.0,43.69122579213807,optimal
2021-02-09 18:30:00,4,35,0.0,0.0,0.0,1.0075333333333332,32.886,6.0,3,20.77381292319889,55.0,0.003999999999999999,0.0,0.0,0.0,0.0,43.64753456634593,optimal
2021-02-09 19:00:00,4,35,0.0,0.0,0.0,1.0592000000000001,34.9965,6.0,3,20.586756192243108,55.0,0.003999999999999999,0.0,0.0,0.0,0.0,43.603887031779585,optimal
2021-02-09 19:30:00,4,35,0.0,0.0,0.0,0.21906666666666663,33.327,6.0,3,20.42074668853515,55.0,0.0033333333333333327,0.0,0.0,0.0,0.0,43.56028314474781,optimal
2021-02-09 20:00:00,4,35,0.0,0.0,0.0,0.16626666666666667,31.122,6.0,3,20.210496099328914,55.0,0.0006666666666666665,0.0,0.0,0.0,0.0,43.51672286160306,optimal
2021-02-09 20:30:00,4,35,0.0,0.0,0.0,0.2316,17.9025,6.0,3,20.0,55.0,0.0006666666666666665,0.0,0.0,0.0,0.0,43.47320613874145,optimal
2021-02-09 21:00:00,4,35,0.0,0.0,0.0,0.48806666666666665,15.6555,6.0,3,19.7996652133741,55.0,0.0006666666666666665,0.0,0.0,0.0,0.0,43.42973293260271,optimal
2021-02-09 21:30:00,4,35,0.0,0.0,0.0,0.3025333333333334,14.553,6.0,3,19.63337945824743,55.0,0.0006666666666666665,0.0,0.0,0.0,0.0,43.38630319967011,optimal
2021-02-09 22:00:00,4,35,0.0,0.0,0.0,1.325,14.3325,6.0,3,19.44932953377967,55.0,0.0006666666666666665,0.0,0.0,0.0,0.0,43.34291689647044,optimal
2021-02-09 22:30:00,4,35,0.0,0.0,0.0,1.2674666666666667,13.335,6.0,3,19.277686341089698,55.0,0.0006666666666666665,0.0,0.0,0.0,0.0,43.29957397957397,optimal
2021-02-09 23:00:00,4,35,0.0,0.0,0.0,0.3721333333333333,12.1275,6.0,3,19.08276540229435,55.0,0.0,0.0,0.0,0.0,0.0,43.2562744055944,optimal
2021-02-09 23:30:00,4,35,0.0,0.0,0.0,0.0628,12.2955,6.0,3,18.890230853747607,55.0,0.0,0.0,0.0,0.0,0.0,43.213018131188804,optimal
2021-02-10 00:00:00,4,35,0.0,0.0,0.0,0.054,13.3665,6.0,4,18.890230853747607,55.0,0.0,0.0,0.0,0.0,0.0,43.16980511305761,optimal
2021-02-10 00:30:00,4,35,0.0,0.0,0.0,0.11040000000000001,12.789,6.0,4,18.628861705308132,55.0,0.0,0.0,0.0,0.0,0.0,43.126635307944554,optimal
2021-02-10 01:00:00,4,35,0.0,0.0,0.0,0.054,11.907,6.0,4,18.376642260259565,55.0,0.0,0.0,0.0,0.0,0.0,43.08350867263661,optimal
2021-02-10 01:30:00,4,35,0.0,0.0,0.0,0.19606666666666664,11.7075,6.0,4,18.119866061941995,55.0,0.0,0.0,0.0,0.0,0.0,43.040425163963974,optimal
2021-02-10 02:00:00,4,35,2.0,0.0,0.0,0.14880000000000002,10.8045,6.0,4,17.882479976084806,55.0,0.04066666666666666,2750.333333333333,0.0,4249.666666666667,0.0,42.99738473880001,optimal
2021-02-10 02:30:00,4,35,0.0,0.0,0.0,0.18646666666666667,11.508,6.0,4,17.972347479342957,55.0,0.04066666666666666,0.0,0.0,0.0,0.0,42.95438735406121,optimal
2021-02-10 03:00:00,4,35,0.0,0.0,0.0,0.102,11.508,6.0,4,17.734502268775522,55.0,0.04066666666666666,0.0,0.0,0.0,0.0,42.91143296670715,optimal
2021-02-10 03:30:00,4,35,1.153380948732887,0.0,0.0,0.07813333333333335,11.508,6.0,4,17.4899773473439,55.0,0.04066666666666666,4036.8333205651043,0.0,0.0,0.0,42.86852153374045,optimal
2021-02-10 04:00:00,4,35,0.0,0.0,0.0,0.2139333333333333,11.844,6.0,4,17.731886449314047,55.0,0.04066666666666666,0.0,0.0,0.0,0.0,42.82565301220671,optimal
2021-02-10 04:30:00,4,35,2.0,0.0,0.0,0.10679999999999999,11.508,6.0,4,17.500868006512196,55.0,0.04066666666666666,7000.0,0.0,0.0,0.0,42.7828273591945,optimal
2021-02-10 05:00:00,4,35,2.0,0.0,0.0,0.12246666666666668,11.508,6.0,4,18.10113963575669,55.0,0.04066666666666666,7000.0,0.0,0.0,0.0,42.7400445318353,optimal
2021-02-10 05:30:00,4,35,2.0,0.0,9.0,0.16,10.4475,6.0,4,18.693039854866743,55.0,0.04066666666666666,7000.0,0.0,0.0,0.0,46.97230448730347,optimal
2021-02-10 06:00:00,4,35,2.0,0.0,0.0,0.1728,10.8675,6.0,4,19.279322340261192,55.0,0.04066666666666666,7000.0,0.0,0.0,0.0,46.92533218281616,optimal
2021-02-10 06:30:00,4,35,2.0,0.0,3.2752865119760157,0.13846666666666668,10.542,6.0,4,19.857093380157004,55.0,0.04066666666666666,7000.0,0.0,0.0,0.0,48.434167943821954,optimal
2021-02-10 07:00:00,4,35,2.0,0.0,0.0,0.0818,11.025,6.0,4,20.42520033361188,55.0,0.03866666666666667,7000.0,0.0,0.0,0.0,48.38573377587813,optimal
2021-02-10 07:30:00,4,35,2.0,0.0,0.0,0.3511666666666667,11.025,6.0,4,20.996699424847378,55.0,0.037333333333333336,7000.0,0.0,0.0,0.0,48.33734804210225,optimal
2021-02-10 08:00:00,4,35,0.0,0.0,0.0,0.14506666666666665,14.553,6.0,4,21.592445333598857,55.0,0.037333333333333336,0.0,0.0,0.0,0.0,48.289010694060146,optimal
2021-02-10 08:30:00,4,35,2.0,0.0,0.0,1.8357666666666668,13.0935,6.0,4,21.343671788451797,55.0,0.036,7000.0,0.0,0.0,0.0,48.240721683366075,optimal
2021-02-10 09:00:00,4,35,0.0,0.0,0.0,0.5276333333333333,15.6345,6.0,4,22.0,55.0,0.036,0.0,0.0,0.0,0.0,48.192480961682705,optimal
2021-02-10 09:30:00,4,35,0.0,0.0,0.0,0.21663333333333332,18.102,6.0,4,21.768269454043267,55.0,0.035333333333333335,0.0,0.0,0.0,0.0,48.144288480721016,optimal
2021-02-10 10:00:00,4,35,0.0,0.0,0.0,0.1671,17.199,6.0,4,21.549736674892838,55.0,0.035333333333333335,0.0,0.0,0.0,0.0,48.096144192240295,optimal
2021-02-10 10:30:00,4,35,0.0,0.0,0.0,0.7874,18.2805,6.0,4,21.378815517673143,55.0,0.034,0.0,0.0,0.0,0.0,48.048048048048045,optimal
2021-02-10 11:00:00,4,35,0.0,0.0,0.0,0.8816,17.4615,6.0,4,21.258967231118707,55.0,0.034,0.0,0.0,0.0,0.0,48.0,optimal
2021-02-10 11:30:00,4,35,0.0,0.0,0.0,0.15986666666666668,18.3225,6.0,4,21.164627572822283,55.0,0.034,0.0,0.0,0.0,0.0,47.56148125192442,optimal
2021-02-10 12:00:00,4,35,0.0,0.0,0.0,0.0876,17.094,6.0,4,21.002376287317155,55.0,0.034,0.0,0.0,0.0,0.0,47.123401022596916,optimal
2021-02-10 12:30:00,4,35,0.0,0.0,0.0,0.12506666666666666,17.094,6.0,4,20.88112398259085,55.0,0.034,0.0,0.0,0.0,0.0,46.68575887349874,optimal
2021-02-10 13:00:00,4,35,0.0,0.0,0.0,0.1385,17.094,6.0,4,20.765112895426316,55.0,0.034,0.0,0.0,0.0,0.0,46.24855436654966,optimal
2021-02-10 13:30:00,4,35,0.0,0.0,0.0,0.22636666666666666,17.3565,6.0,4,20.64461465020444,55.0,0.034,0.0,0.0,0.0,0.0,45.811787064107534,optimal
2021-02-10 14:00:00,4,35,0.0,0.0,0.0,0.064,17.115,6.0,4,20.539382946938613,55.0,0.034,0.0,0.0,0.0,0.0,45.375456528967845,optimal
2021-02-10 14:30:00,4,35,0.0,0.0,0.0,0.19646666666666668,17.241,6.0,4,20.41308073650497,55.0,0.034,0.0,0.0,0.0,0.0,44.9395623243633,optimal
2021-02-10 15:00:00,4,35,0.0,0.0,0.0,0.15586666666666668,17.094,6.0,4,20.30456720190851,55.0,0.034,0.0,0.0,0.0,0.0,44.50410401396336,optimal
2021-02-10 15:30:00,4,35,2.0,0.0,0.0,0.1728,16.5165,6.0,4,20.16000553532618,55.0,0.034,7000.0,0.0,0.0,0.0,44.06908116187382,optimal
2021-02-10 16:00:00,4,35,0.0,0.0,0.0,0.19519999999999998,17.8185,6.0,4,20.858931103191736,55.0,0.034,0.0,0.0,0.0,0.0,43.63449333263637,optimal
2021-02-10 16:30:00,4,35,0.43312006079369075,0.0,0.0,0.0734,17.094,6.0,4,20.655995608251374,55.0,0.034,1515.9202127779176,0.0,0.0,0.0,43.20034009122815,optimal
2021-02-10 17:00:00,4,35,2.0,0.0,0.0,2.491766666666667,16.8945,6.0,4,20.620847980803898,55.0,0.03333333333333333,7000.0,0.0,0.0,0.0,43.157139751136924,optimal
2021-02-10 17:30:00,4,35,0.0,0.0,0.0,0.22369999999999998,18.123,6.0,4,21.300955968848452,55.0,0.03133333333333333,0.0,0.0,0.0,0.0,43.11398261138579,optimal
2021-02-10 18:00:00,4,35,0.0,0.0,0.0,0.29586666666666667,31.647,6.0,4,21.079883962942628,55.0,0.028666666666666667,0.0,0.0,0.0,0.0,43.0708686287744,optimal
2021-02-10 18:30:00,4,35,0.0,0.0,0.0,0.17413333333333333,34.9965,6.0,4,20.876268988542968,55.0,0.028666666666666667,0.0,0.0,0.0,0.0,43.027797760145624,optimal
2021-02-10 19:00:00,4,35,0.0,0.0,0.0,1.3480666666666665,34.9965,6.0,4,20.669023651862783,55.0,0.025333333333333333,0.0,0.0,0.0,0.0,42.98476996238548,optimal
2021-02-10 19:30:00,4,35,0.0,0.0,0.0,0.7574,34.9965,6.0,4,20.46244131093804,55.0,0.025333333333333333,0.0,0.0,0.0,0.0,42.94178519242309,optimal
2021-02-10 20:00:00,4,35,0.0,0.0,0.0,0.24880000000000002,34.9965,6.0,4,20.270871477666738,55.0,0.025333333333333333,0.0,0.0,0.0,0.0,42.898843407230665,optimal
2021-02-10 20:30:00,4,35,0.0,0.0,0.0,1.9554666666666667,34.9965,6.0,4,20.0,55.0,0.025333333333333333,0.0,0.0,0.0,0.0,42.855944563823435,optimal
2021-02-10 21:00:00,4,35,0.0,0.0,0.0,0.2432333333333333,27.741,6.0,4,19.773666409912522,55.0,0.023333333333333334,0.0,0.0,0.0,0.0,42.81308861925961,optimal
2021-02-10 21:30:00,4,35,0.0,0.0,0.0,0.3651333333333333,19.026,6.0,4,19.548972944584374,55.0,0.022,0.0,0.0,0.0,0.0,42.77027553064035,optimal
2021-02-10 22:00:00,4,35,0.0,0.0,0.0,0.4756666666666667,18.7215,6.0,4,19.319656904125306,55.0,0.0,0.0,0.0,0.0,0.0,42.727505255109705,optimal
2021-02-10 22:30:00,4,35,0.0,0.0,0.0,2.490466666666667,17.4195,6.0,4,19.06302808059567,55.0,0.0,0.0,0.0,0.0,0.0,42.6847777498546,optimal
2021-02-10 23:00:00,4,35,0.0,0.0,0.0,0.064,16.758,6.0,4,18.907761875228456,55.0,0.0,0.0,0.0,0.0,0.0,42.64209297210474,optimal
2021-02-10 23:30:00,4,35,0.0,0.0,0.0,0.22463333333333332,14.217,6.0,4,18.5831563558137,55.0,0.0,0.0,0.0,0.0,0.0,42.59945087913264,optimal
2021-02-11 00:00:00,4,35,2.0,0.0,0.0,0.054,11.2245,6.0,-3,18.5831563558137,55.0,0.0,7000.0,0.0,0.0,0.0,42.55685142825351,optimal
2021-02-11 00:30:00,4,35,2.0,0.0,0.0,0.11220000000000001,11.025,6.0,-3,19.108255519043468,55.0,0.04733333333333333,2053.666666666667,0.0,4946.333333333333,0.0,42.51429457682526,optimal
2021-02-11 01:00:00,4,35,2.0,0.0,0.0,0.06046666666666667,10.7835,6.0,-3,19.03897312033336,55.0,0.04733333333333333,7000.0,0.0,0.0,0.0,42.47178028224843,optimal
2021-02-11 01:30:00,4,35,2.0,0.0,0.0,0.10573333333333332,11.025,6.0,-3,19.561103573302866,55.0,0.04733333333333333,7000.0,0.0,0.0,0.0,42.42930850196618,optimal
2021-02-11 02:00:00,4,35,2.0,0.0,0.0,0.054,10.584,6.0,-3,20.081033310467102,55.0,0.04733333333333333,7000.0,0.0,0.0,0.0,42.38687919346422,optimal
2021-02-11 02:30:00,4,35,2.0,0.0,0.0,0.054,11.025,6.0,-3,20.58712322323025,55.0,0.04733333333333333,7000.0,0.0,0.0,0.0,42.34449231427075,optimal
2021-02-11 03:00:00,4,35,2.0,0.0,0.0,0.08956666666666667,10.4265,6.0,-3,21.08433608881593,55.0,0.04733333333333333,7000.0,0.0,0.0,0.0,42.30214782195648,optimal
2021-02-11 03:30:00,4,35,2.0,0.0,0.0,0.07663333333333334,12.789,6.0,-3,21.577081415956314,55.0,0.04733333333333333,7000.0,0.0,0.0,0.0,42.259845674134525,optimal
2021-02-11 04:00:00,4,35,2.0,0.0,0.0,0.054,12.684,6.0,-3,22.06471521435248,55.0,0.04733333333333333,7000.0,0.0,0.0,0.0,42.21758582846039,optimal
2021-02-11 04:30:00,4,35,2.0,0.0,0.0,0.11220000000000001,16.254,6.0,-3,22.54614521547892,55.0,0.04733333333333333,7000.0,0.0,0.0,0.0,42.17536824263193,optimal
2021-02-11 05:00:00,4,35,0.0,0.0,0.0,0.054,17.64,6.0,-3,23.027526795522736,55.0,0.04733333333333333,0.0,0.0,0.0,0.0,42.1331928743893,optimal
2021-02-11 05:30:00,4,35,0.0,0.0,0.0,0.11220000000000001,19.1625,6.0,-3,22.652593317942685,55.0,0.04733333333333333,0.0,0.0,0.0,0.0,42.09105968151491,optimal
2021-02-11 06:00:00,4,35,0.0,0.0,0.0,0.054,26.46,6.0,-3,22.29381568301892,55.0,0.04733333333333333,0.0,0.0,0.0,0.0,42.048968621833396,optimal
2021-02-11 06:30:00,4,35,0.0,0.0,0.0,0.11220000000000001,20.79,6.0,-3,21.9369516560574,55.0,0.04733333333333333,0.0,0.0,0.0,0.0,42.00691965321156,optimal
2021-02-11 07:00:00,4,35,0.0,0.0,0.0,0.058333333333333334,29.106,6.0,-3,21.595978818996464,55.0,0.04733333333333333,0.0,0.0,0.0,0.0,41.96491273355835,optimal
2021-02-11 07:30:00,4,35,0.0,0.0,0.0,0.12186666666666666,19.1835,6.0,-3,21.256658813357394,55.0,0.04733333333333333,0.0,0.0,0.0,0.0,41.92294782082479,optimal
2021-02-11 08:00:00,4,35,0.0,0.0,0.0,0.054,19.6665,6.0,-3,20.930043756601215,55.0,0.04733333333333333,0.0,0.0,0.0,0.0,41.881024873003966,optimal
2021-02-11 08:30:00,4,35,0.0,0.0,0.0,0.11153333333333332,19.404,6.0,-3,20.603579574705865,55.0,0.04733333333333333,0.0,0.0,0.0,0.0,41.83914384813096,optimal
2021-02-11 09:00:00,4,35,0.0,0.0,0.0,0.1774,19.047,6.0,-3,20.2909862685292,55.0,0.03982666666666667,0.0,0.0,0.0,0.0,41.79730470428283,optimal
2021-02-11 09:30:00,4,35,0.7368814686494898,0.0,0.0,0.3416,18.858,6.0,-3,20.04113169528452,55.0,0.02266666666666667,2579.085140273214,0.0,0.0,0.0,41.75550739957855,optimal
2021-02-11 10:00:00,4,35,0.0,0.0,0.0,0.07173333333333333,19.2675,6.0,-3,20.142541940376617,55.0,0.02266666666666667,0.0,0.0,0.0,0.0,41.71375189217897,optimal
2021-02-11 10:30:00,4,35,0.404622146267016,0.0,0.0,0.061700000000000005,18.963,6.0,-3,20.0,55.0,0.02266666666666667,1416.177511934556,0.0,0.0,0.0,41.67203814028679,optimal
2021-02-11 11:00:00,4,35,0.40162863899648843,0.0,0.0,0.4894666666666666,18.438,6.0,-3,20.0,55.0,0.02266666666666667,1405.7002364877094,0.0,0.0,0.0,41.6303661021465,optimal
2021-02-11 11:30:00,4,35,0.0,0.0,0.0,0.2531,18.7425,6.0,-3,20.093857888754712,55.0,0.02266666666666667,0.0,0.0,0.0,0.0,41.588735736044356,optimal
2021-02-11 12:00:00,4,35,2.0,0.0,0.0,0.3053666666666667,15.2145,6.0,-3,20.0,55.0,0.022,7000.0,0.0,0.0,0.0,41.547147000308314,optimal
2021-02-11 12:30:00,4,35,0.0,0.0,0.0,0.24896666666666667,17.7765,6.0,-3,20.805077586714052,55.0,0.020666666666666667,0.0,0.0,0.0,0.0,41.505599853308006,optimal
2021-02-11 13:00:00,4,35,0.0,0.0,0.0,0.09240000000000001,16.758,6.0,-3,20.757720888488887,55.0,0.020666666666666667,0.0,0.0,0.0,0.0,41.4640942534547,optimal
2021-02-11 13:30:00,4,35,1.33134668444368,0.0,0.0,0.1452,16.422,6.0,-3,20.6890979831629,55.0,0.020666666666666667,4659.71339555288,0.0,0.0,0.0,41.42263015920124,optimal
2021-02-11 14:00:00,4,35,0.0,0.0,0.0,0.15933333333333335,16.758,6.0,-3,21.169305556709677,55.0,0.004,0.0,0.0,0.0,0.0,41.38120752904204,optimal
2021-02-11 14:30:00,4,35,0.0,0.0,0.0,0.09846666666666669,29.358,6.0,-3,21.094803480927467,55.0,0.004,0.0,0.0,0.0,0.0,41.339826321512994,optimal
2021-02-11 15:00:00,4,35,0.0,0.0,0.0,0.073,34.9965,6.0,-3,21.03477204052573,55.0,0.004,0.0,0.0,0.0,0.0,41.29848649519148,optimal
2021-02-11 15:30:00,4,35,0.0,0.0,0.0,0.2896666666666667,34.65,6.0,-3,20.930766862083956,55.0,0.0026666666666666666,0.0,0.0,0.0,0.0,41.25718800869629,optimal
2021-02-11 16:00:00,4,35,0.0,0.0,0.0,0.29419999999999996,34.9965,6.0,-3,20.847542546912134,55.0,0.002,0.0,0.0,0.0,0.0,41.215930820687596,optimal
2021-02-11 16:30:00,4,35,0.0,0.0,0.0,0.11006666666666666,34.9965,6.0,-3,20.689976328414208,55.0,0.0,0.0,0.0,0.0,0.0,41.174714889866905,optimal
2021-02-11 17:00:00,4,35,0.0,0.0,0.0,0.08463333333333334,30.4815,6.0,-3,20.500074482032634,55.0,0.0,0.0,0.0,0.0,0.0,41.133540174977036,optimal
2021-02-11 17:30:00,4,35,0.0,0.0,0.0,0.06953333333333334,21.4305,6.0,-3,20.246352875359126,55.0,0.0,0.0,0.0,0.0,0.0,41.09240663480206,optimal
2021-02-11 18:00:00,4,35,0.5286406940516778,0.0,0.0,0.5027,14.3325,6.0,-3,20.0,55.0,0.0,1710.9090958475388,0.0,139.33333333333331,0.0,41.05131422816726,optimal
2021-02-11 18:30:00,4,35,1.2631121305242285,0.0,0.0,1.2454666666666667,13.692,6.0,-3,20.0,55.0,0.0,4420.8924568348,0.0,0.0,0.0,41.01026291393909,optimal
2021-02-11 19:00:00,4,35,0.0,0.0,0.0,0.064,14.007,6.0,-3,20.357801185478845,55.0,0.0,0.0,0.0,0.0,0.0,40.96925265102515,optimal
2021-02-11 19:30:00,4,35,0.9576657498874793,0.0,0.0,0.06266666666666666,12.873,6.0,-3,20.0,55.0,0.0,2933.830124606178,0.0,418.0,0.0,40.92828339837413,optimal
2021-02-11 20:00:00,4,35,0.9891744915644602,0.0,0.0,0.0705,12.684,6.0,-3,20.0,55.0,0.0,2835.110720475611,0.0,627.0,0.0,40.887355114975755,optimal
2021-02-11 20:30:00,4,35,0.0,0.0,0.0,0.3065333333333334,12.306,6.0,-3,20.0,55.0,0.0,0.0,0.0,0.0,0.0,40.84646775986078,optimal
2021-02-11 21:00:00,4,35,0.0,0.0,0.0,0.16419999999999998,10.6365,6.0,-3,19.688912054011155,55.0,0.0,0.0,0.0,0.0,0.0,40.805621292100916,optimal
2021-02-11 21:30:00,4,35,0.0,0.0,0.0,0.064,11.2455,6.0,-3,19.350106475877833,55.0,0.0,0.0,0.0,0.0,0.0,40.764815670808815,optimal
2021-02-11 22:00:00,4,35,0.0,0.0,0.0,0.07046666666666666,11.2455,6.0,-3,18.991685669364518,55.0,0.0,0.0,0.0,0.0,0.0,40.724050855138,optimal
2021-02-11 22:30:00,4,35,0.0,0.0,0.0,0.11573333333333333,11.025,6.0,-3,18.64441878065007,55.0,0.0,0.0,0.0,0.0,0.0,40.68332680428286,optimal
2021-02-11 23:00:00,4,35,0.0,0.0,0.0,0.064,12.0855,6.0,-3,18.298896882635702,55.0,0.0,0.0,0.0,0.0,0.0,40.64264347747858,optimal
2021-02-11 23:30:00,4,35,0.0,0.0,0.0,0.064,11.6865,6.0,-3,17.943423076252493,55.0,0.0,0.0,0.0,0.0,0.0,40.6020008340011,optimal
2021-02-12 00:00:00,4,35,1.7826939634750136,0.0,0.0,0.069,11.025,6.0,-2,17.943423076252493,55.0,0.0,6239.428872162547,0.0,0.0,0.0,40.561398833167104,optimal
2021-02-12 00:30:00,4,35,2.0,0.0,0.0,0.18966666666666662,10.3635,6.0,-2,18.340110834518253,55.0,0.06698564593301436,0.0,0.0,7000.0,0.0,40.520837434333934,optimal
2021-02-12 01:00:00,4,35,2.0,0.0,0.0,0.07193333333333334,10.8045,6.0,-2,17.995802869218988,55.0,0.07066666666666667,6615.333333333333,0.0,384.6666666666667,0.0,40.4803165968996,optimal
2021-02-12 01:30:00,4,35,2.0,0.0,0.0,0.059,10.059,6.0,-2,18.438509621906338,55.0,0.07066666666666667,7000.0,0.0,0.0,0.0,40.4398362803027,optimal
2021-02-12 02:00:00,4,35,2.0,0.0,0.0,0.2046,10.584,6.0,-2,18.920925056661524,55.0,0.07066666666666667,7000.0,0.0,0.0,0.0,40.3993964440224,optimal
2021-02-12 02:30:00,4,35,2.0,0.0,9.0,0.069,9.4185,6.0,-2,19.414857441595505,55.0,0.07066666666666667,7000.0,0.0,0.0,0.0,44.633997047578376,optimal
2021-02-12 03:00:00,4,35,2.0,0.0,0.0,0.16413333333333333,10.3635,6.0,-2,19.88883144434816,55.0,0.07066666666666667,7000.0,0.0,0.0,0.0,44.5893630505308,optimal
2021-02-12 03:30:00,4,35,2.0,0.0,7.882604224378695,0.0978,9.8385,6.0,-2,20.37270678147351,55.0,0.07066666666666667,7000.0,0.0,0.0,0.0,48.289010694060146,optimal
2021-02-12 04:00:00,4,35,2.0,0.0,0.0,0.07193333333333334,11.067,6.0,-2,20.851966676961887,55.0,0.07066666666666667,7000.0,0.0,0.0,0.0,48.240721683366075,optimal
2021-02-12 04:30:00,4,35,2.0,0.0,0.0,0.1883333333333333,10.8465,6.0,-2,21.331347266989305,55.0,0.07066666666666667,7000.0,0.0,0.0,0.0,48.192480961682705,optimal
2021-02-12 05:00:00,4,35,0.0,0.0,0.0,0.059,13.671,6.0,-2,21.82796475091052,55.0,0.07066666666666667,0.0,0.0,0.0,0.0,48.144288480721016,optimal
2021-02-12 05:30:00,4,35,2.0,0.0,0.0,0.20126666666666668,12.348,6.0,-2,21.46973753593767,55.0,0.07066666666666667,7000.0,0.0,0.0,0.0,48.096144192240295,optimal
2021-02-12 06:00:00,4,35,0.0,0.0,0.0,0.06233333333333334,14.3325,6.0,-2,21.987853906137946,55.0,0.07066666666666667,0.0,0.0,0.0,0.0,48.048048048048045,optimal
2021-02-12 06:30:00,4,35,0.0,0.0,0.0,0.28186666666666665,15.393,6.0,-2,21.650719158867698,55.0,0.068,0.0,0.0,0.0,0.0,48.0,optimal
2021-02-12 07:00:00,4,35,0.0,0.0,0.0,0.20413333333333333,13.587,6.0,-2,21.359717559859583,55.0,0.068,0.0,0.0,0.0,0.0,47.81698262574037,optimal
2021-02-12 07:30:00,4,35,0.0,0.0,0.0,0.06546666666666667,16.1385,6.0,-2,21.040944781851255,55.0,0.068,0.0,0.0,0.0,0.0,47.63414826885501,optimal
2021-02-12 08:00:00,4,35,0.0,0.0,0.0,0.06,14.595,6.0,-2,20.698097317796314,55.0,0.068,0.0,0.0,0.0,0.0,47.45149674632653,optimal
2021-02-12 08:30:00,4,35,0.0,0.0,0.0,0.069,14.637,6.0,-2,20.34794909193913,55.0,0.068,0.0,0.0,0.0,0.0,47.269027875320575,optimal
2021-02-12 09:00:00,4,35,0.7290494351030318,0.0,0.0,0.069,13.9125,6.0,-2,20.0,55.0,0.068,2551.673022860611,0.0,0.0,0.0,47.086741473185626,optimal
2021-02-12 09:30:00,4,35,0.652536109777051,0.0,0.0,0.06566666666666666,13.3665,6.0,-2,20.0,55.0,0.068,2283.8763842196786,0.0,0.0,0.0,46.90463735745281,optimal
2021-02-12 10:00:00,4,35,0.839450415482687,0.0,0.0,0.20126666666666668,13.0095,6.0,-2,20.0,55.0,0.068,2938.076454189404,0.0,0.0,0.0,46.72271534583574,optimal
2021-02-12 10:30:00,4,35,0.0,0.0,0.0,0.06,13.8915,6.0,-2,20.183734466795805,55.0,0.068,0.0,0.0,0.0,0.0,46.540975256230276,optimal
2021-02-12 11:00:00,4,35,0.26386535651128074,0.0,0.0,0.21126666666666669,13.188,6.0,-2,20.0,55.0,0.068,923.5287477894825,0.0,0.0,0.0,46.35941690671442,optimal
2021-02-12 11:30:00,4,35,0.302774036346949,0.0,0.0,0.063,12.5685,6.0,-2,20.0,55.0,0.068,1059.7091272143216,0.0,0.0,0.0,46.17804011554808,optimal
2021-02-12 12:00:00,4,35,0.23553744840941188,0.0,0.0,0.14306666666666668,12.285,6.0,-2,20.0,55.0,0.068,824.3810694329416,0.0,0.0,0.0,45.996844701172904,optimal
2021-02-12 12:30:00,4,35,0.3529216282942202,0.0,0.0,0.1277,11.487,6.0,-2,20.0,55.0,0.066,1235.2256990297706,0.0,0.0,0.0,45.81583048221211,optimal
2021-02-12 13:00:00,4,35,0.0,0.0,0.0,0.14759999999999998,11.802,6.0,-2,20.07242218625056,55.0,0.06333333333333334,0.0,0.0,0.0,0.0,45.63499727747027,optimal
2021-02-12 13:30:00,4,35,2.0,0.0,0.0,0.1270333333333333,11.2245,6.0,-2,20.0,55.0,0.06333333333333334,7000.0,0.0,0.0,0.0,45.454344905933176,optimal
2021-02-12 14:00:00,4,35,2.0,0.0,0.0,0.15606666666666666,11.025,6.0,-2,20.77450123653913,55.0,0.06333333333333334,7000.0,0.0,0.0,0.0,45.27387318676762,optimal
2021-02-12 14:30:00,4,35,0.22013739726146714,0.0,0.0,0.09509999999999999,11.907,6.0,-2,21.546174796167527,55.0,0.06333333333333334,770.4808904151349,0.0,0.0,0.0,45.093581939321226,optimal
2021-02-12 15:00:00,4,35,0.0,0.0,0.0,0.25826666666666664,25.83,6.0,-2,21.561719005161518,55.0,0.06333333333333334,0.0,0.0,0.0,0.0,44.91347098312228,optimal
2021-02-12 15:30:00,4,35,0.0,0.0,0.0,0.11686666666666666,28.035,6.0,-2,21.484865767722653,55.0,0.06333333333333334,0.0,0.0,0.0,0.0,44.73354013787953,optimal
2021-02-12 16:00:00,4,35,0.0,0.0,0.0,0.1664,28.119,6.0,-2,21.37657164035832,55.0,0.062,0.0,0.0,0.0,0.0,44.55378922348203,optimal
2021-02-12 16:30:00,4,35,0.0,0.0,0.0,0.11973333333333332,30.156,6.0,-2,21.228032390164532,55.0,0.06066666666666667,0.0,0.0,0.0,0.0,44.37421805999892,optimal
2021-02-12 17:00:00,4,35,0.0,0.0,0.0,0.07936666666666665,29.1585,6.0,-2,21.065567344141723,55.0,0.06,0.0,0.0,0.0,0.0,44.19482646767929,optimal
2021-02-12 17:30:00,4,35,0.0,0.0,0.0,0.21026666666666669,26.712,6.0,-2,20.84459159565288,55.0,0.06,0.0,0.0,0.0,0.0,44.015614266951985,optimal
2021-02-12 18:00:00,4,35,0.0,0.0,0.0,0.06566666666666666,15.435,6.0,-2,20.582340112472867,55.0,0.06,0.0,0.0,0.0,0.0,43.836581278425406,optimal
2021-02-12 18:30:00,4,35,0.0,0.0,0.0,0.156,13.566,6.0,-2,20.283512166381684,55.0,0.06,0.0,0.0,0.0,0.0,43.657727322887354,optimal
2021-02-12 19:00:00,4,35,0.645180748624813,0.0,0.0,0.16019999999999998,12.789,6.0,-2,20.0,55.0,0.06,2258.1326201868455,0.0,0.0,0.0,43.614069595564466,optimal
2021-02-12 19:30:00,4,35,1.0446200871278573,0.0,0.0,0.21719999999999998,12.1275,6.0,-2,20.0,55.0,0.029133333333333337,3656.1703049475,0.0,0.0,0.0,43.5704555259689,optimal
2021-02-12 20:00:00,4,35,0.0,0.0,0.0,0.35806666666666664,13.671,6.0,-2,20.20609724883114,55.0,0.0,0.0,0.0,0.0,0.0,43.52688507044294,optimal
2021-02-12 20:30:00,4,35,0.0,0.0,0.0,0.45953333333333335,10.668,6.0,-2,20.0,55.0,0.0,0.0,0.0,0.0,0.0,43.483358185372495,optimal
2021-02-12 21:00:00,4,35,0.0,0.0,0.0,0.22290000000000001,11.7285,6.0,-2,19.80870993060627,55.0,0.0,0.0,0.0,0.0,0.0,43.439874827187126,optimal
2021-02-12 21:30:00,4,35,0.0,0.0,0.0,0.2374,11.025,6.0,-2,19.599045648436373,55.0,0.0,0.0,0.0,0.0,0.0,43.39643495235994,optimal
2021-02-12 22:00:00,4,35,0.0,0.0,0.0,0.20836666666666667,10.689,6.0,-2,19.396533511392498,55.0,0.0,0.0,0.0,0.0,0.0,43.353038517407576,optimal
2021-02-12 22:30:00,4,35,0.0,0.0,0.0,0.15306666666666666,8.1585,6.0,-2,19.158510483852243,55.0,0.0,0.0,0.0,0.0,0.0,43.30968547889017,optimal
2021-02-12 23:00:00,4,35,0.0,0.0,0.0,0.08193333333333333,10.3635,6.0,-2,18.893435637351846,55.0,0.0,0.0,0.0,0.0,0.0,43.26637579341128,optimal
2021-02-12 23:30:00,4,35,0.0,0.0,0.0,0.19833333333333328,10.8045,6.0,-2,18.623684204729805,55.0,0.0,0.0,0.0,0.0,0.0,43.22310941761787,optimal
2021-02-13 00:00:00,4,35,2.0,0.0,0.0,0.055666666666666656,8.1585,6.0,-3,18.623684204729805,55.0,0.0,7000.0,0.0,0.0,0.0,43.17988630820025,optimal
2021-02-13 00:30:00,4,35,0.0,0.0,0.0,0.06233333333333334,9.4815,6.0,-3,19.198131994444037,55.0,0.0,0.0,0.0,0.0,0.0,43.13670642189205,optimal
2021-02-13 01:00:00,4,35,2.0,0.0,0.0,0.064,8.379,6.0,-3,18.922636765478753,55.0,0.066,103.0,0.0,6897.0,0.0,43.09356971547016,optimal
2021-02-13 01:30:00,4,35,0.0,0.0,0.0,0.064,9.5235,6.0,-3,18.664302156048624,55.0,0.066,0.0,0.0,0.0,0.0,43.050476145754686,optimal
2021-02-13 02:00:00,4,35,2.0,0.0,0.0,0.064,8.1375,6.0,-3,18.398090264851284,55.0,0.066,7000.0,0.0,0.0,0.0,43.007425669608935,optimal
2021-02-13 02:30:00,4,35,0.0,0.0,0.0,0.064,10.0905,6.0,-3,18.978771481988062,55.0,0.066,0.0,0.0,0.0,0.0,42.96441824393933,optimal
2021-02-13 03:00:00,4,35,2.0,0.0,9.0,0.064,7.539,6.0,-3,18.708686062071767,55.0,0.066,7000.0,0.0,0.0,0.0,47.196453825695386,optimal
2021-02-13 03:30:00,4,35,2.0,0.0,2.909314535416606,0.064,7.938,6.0,-3,19.284818162836554,55.0,0.066,7000.0,0.0,0.0,0.0,48.53118177619257,optimal
2021-02-13 04:00:00,4,35,2.0,0.0,0.0,0.064,8.274,6.0,-3,19.851779670128707,55.0,0.066,7000.0,0.0,0.0,0.0,48.48265059441637,optimal
2021-02-13 04:30:00,4,35,2.0,0.0,0.0,0.064,9.261,6.0,-3,20.409704900308203,55.0,0.066,7000.0,0.0,0.0,0.0,48.434167943821954,optimal
2021-02-13 05:00:00,4,35,2.0,0.0,0.0,0.064,9.9225,6.0,-3,20.957993881501267,55.0,0.066,7000.0,0.0,0.0,0.0,48.38573377587813,optimal
2021-02-13 05:30:00,4,35,2.0,0.0,0.0,0.064,9.702,6.0,-3,21.496787750253922,55.0,0.066,7000.0,0.0,0.0,0.0,48.33734804210225,optimal
2021-02-13 06:00:00,4,35,0.0,0.0,0.0,0.064,10.584,6.0,-3,22.026225575967118,55.0,0.066,0.0,0.0,0.0,0.0,48.289010694060146,optimal
2021-02-13 06:30:00,4,35,2.0,0.0,0.0,0.064,10.143,6.0,-3,21.70418265487977,55.0,0.066,7000.0,0.0,0.0,0.0,48.240721683366075,optimal
2021-02-13 07:00:00,4,35,0.0,0.0,0.0,0.064,13.0095,6.0,-3,22.228385924857026,55.0,0.066,0.0,0.0,0.0,0.0,48.192480961682705,optimal
2021-02-13 07:30:00,4,35,0.39339741359390884,0.0,0.0,0.06333333333333334,11.025,6.0,-3,21.90191743651345,55.0,0.06466666666666666,1376.8909475786809,0.0,0.0,0.0,48.144288480721016,optimal
2021-02-13 08:00:00,4,35,0.0,0.0,0.0,1.6904666666666668,12.789,6.0,-3,21.747616585775102,55.0,0.01061333333333334,0.0,0.0,0.0,0.0,48.096144192240295,optimal
2021-02-13 08:30:00,4,35,0.0,0.0,0.0,0.09466666666666669,12.1275,6.0,-3,21.601864529282413,55.0,0.004666666666666667,0.0,0.0,0.0,0.0,48.048048048048045,optimal
2021-02-13 09:00:00,4,35,0.0,0.0,0.0,0.06333333333333334,12.1695,6.0,-3,21.328272550384426,55.0,0.004666666666666667,0.0,0.0,0.0,0.0,48.0,optimal
2021-02-13 09:30:00,4,35,0.0,0.0,0.0,0.064,12.306,6.0,-3,21.049350955292205,55.0,0.004666666666666667,0.0,0.0,0.0,0.0,47.50079990152982,optimal
2021-02-13 10:00:00,4,35,0.0,0.0,0.0,0.064,13.23,6.0,-3,20.764820303141537,55.0,0.004666666666666667,0.0,0.0,0.0,0.0,47.00209900315811,optimal
2021-02-13 10:30:00,4,35,0.0,0.0,0.0,0.064,13.671,6.0,-3,20.538338879179978,55.0,0.004666666666666667,0.0,0.0,0.0,0.0,46.50389680568477,optimal
2021-02-13 11:00:00,4,35,0.0,0.0,0.0,0.064,13.9335,6.0,-3,20.315906918165286,55.0,0.004666666666666667,0.0,0.0,0.0,0.0,46.006192810408905,optimal
2021-02-13 11:30:00,4,35,0.0,0.0,0.0,0.064,13.293,6.0,-3,20.156419337579553,55.0,0.004666666666666667,0.0,0.0,0.0,0.0,45.508986519128314,optimal
2021-02-13 12:00:00,4,35,0.2934052972951199,0.0,0.0,0.06333333333333334,12.1065,6.0,-3,20.0,55.0,0.004666666666666667,1026.9185405329197,0.0,0.0,0.0,45.012277434139,optimal
2021-02-13 12:30:00,4,35,0.25735599029978795,0.0,0.0,0.062,11.571,6.0,-3,20.0,55.0,0.001333333333333333,900.7459660492577,0.0,0.0,0.0,44.51606505823468,optimal
2021-02-13 13:00:00,4,35,0.705197651832073,0.0,0.0,0.07266666666666667,11.025,6.0,-3,20.0,55.0,0.0,2468.1917814122553,0.0,0.0,0.0,44.02034889470627,optimal
2021-02-13 13:30:00,4,35,2.0,0.0,0.0,0.078,10.8465,6.0,-3,20.200982039231718,55.0,0.0,7000.0,0.0,0.0,0.0,43.52512844734138,optimal
2021-02-13 14:00:00,4,35,2.0,0.0,0.0,0.07426666666666666,11.2455,6.0,-3,20.946171377894512,55.0,0.0,7000.0,0.0,0.0,0.0,43.03040322042386,optimal
2021-02-13 14:30:00,4,35,0.0,0.0,0.0,0.06333333333333334,23.8665,6.0,-3,21.64179433918695,55.0,0.0,0.0,0.0,0.0,0.0,42.536172718733255,optimal
2021-02-13 15:00:00,4,35,0.0,0.0,0.0,0.064,27.4575,6.0,-3,21.4720211231409,55.0,0.0,0.0,0.0,0.0,0.0,42.04243644754434,optimal
2021-02-13 15:30:00,4,35,0.0,0.0,0.0,0.064,27.3735,6.0,-3,21.25945394190035,55.0,0.0,0.0,0.0,0.0,0.0,41.54919391262661,optimal
2021-02-13 16:00:00,4,35,0.0,0.0,0.0,0.064,30.4605,6.0,-3,21.048535466829396,55.0,0.0,0.0,0.0,0.0,0.0,41.0564446202438,optimal
2021-02-13 16:30:00,4,35,0.0,0.0,0.0,0.064,30.0195,6.0,-3,20.79775524196362,55.0,0.0,0.0,0.0,0.0,0.0,40.564188077153375,optimal
2021-02-13 17:00:00,4,35,0.0,0.0,0.0,0.064,26.9325,6.0,-3,20.550648049498534,55.0,0.0,0.0,0.0,0.0,0.0,40.07242379060604,optimal
2021-02-13 17:30:00,4,35,0.0,0.0,0.0,0.06333333333333334,14.595,6.0,-3,20.2700407641617,55.0,0.0,0.0,0.0,0.0,0.0,40.03235136681543,optimal
2021-02-13 18:00:00,4,35,0.6030647749628072,0.0,0.0,0.06720000000000001,12.4845,6.0,-3,20.0,55.0,0.0,2110.7267123698252,0.0,0.0,0.0,39.992319015448615,optimal
2021-02-13 18:30:00,4,35,0.692156095127143,0.0,0.0,0.064,12.1275,6.0,-3,20.0,55.0,0.0,2422.546332945001,0.0,0.0,0.0,39.95232669643317,optimal
2021-02-13 19:00:00,4,35,1.4016337858232923,0.0,0.0,0.064,12.1275,6.0,-3,20.0,55.0,0.0,4905.718250381523,0.0,0.0,0.0,39.91237436973673,optimal
2021-02-13 19:30:00,4,35,0.0,0.0,0.0,0.064,12.789,6.0,-3,20.29805063483354,55.0,0.0,0.0,0.0,0.0,0.0,39.872461995367,optimal
2021-02-13 20:00:00,4,35,0.700850791186912,0.0,0.0,0.064,11.907,6.0,-3,20.0,55.0,0.0,2452.9777691541917,0.0,0.0,0.0,39.83258953337163,optimal
2021-02-13 20:30:00,4,35,0.0,0.0,0.0,0.064,11.025,6.0,-3,20.0,55.0,0.0,0.0,0.0,0.0,0.0,39.79275694383826,optimal
2021-02-13 21:00:00,4,35,0.0,0.0,0.0,0.064,8.2005,6.0,-3,19.704850097866213,55.0,0.0,0.0,0.0,0.0,0.0,39.752964186894424,optimal
2021-02-13 21:30:00,4,35,0.0,0.0,0.0,0.064,9.5655,6.0,-3,19.414023085043887,55.0,0.0,0.0,0.0,0.0,0.0,39.71321122270753,optimal
2021-02-13 22:00:00,4,35,0.0,0.0,0.0,0.064,7.056,6.0,-3,19.126723325702294,55.0,0.0,0.0,0.0,0.0,0.0,39.673498011484824,optimal
2021-02-13 22:30:00,4,35,0.0,0.0,0.0,0.064,9.3975,6.0,-3,18.842899158206922,55.0,0.0,0.0,0.0,0.0,0.0,39.63382451347334,optimal
2021-02-13 23:00:00,4,35,0.0,0.0,0.0,0.064,10.059,6.0,-3,18.563964319541206,55.0,0.0,0.0,0.0,0.0,0.0,39.59419068895987,optimal
2021-02-13 23:30:00,4,35,0.0,0.0,0.0,0.064,9.261,6.0,-3,18.289847198543544,55.0,0.0,0.0,0.0,0.0,0.0,39.55459649827091,optimal
2021-02-07 00:00:00,5,35,0.0,0.0,0.0,0.061,9.261,6.0,0,21.0,55.0,0.12,0.0,0.0,0.0,0.0,47.952,optimal
2021-02-07 00:30:00,5,35,0.0,0.0,0.0,0.06420000000000001,10.3635,6.0,0,20.746328367697522,55.0,0.12,0.0,0.0,0.0,0.0,47.904047999999996,optimal
2021-02-07 01:00:00,5,35,0.0,0.0,0.0,0.1154,8.274,6.0,0,20.495292508538906,55.0,0.12,0.0,0.0,0.0,0.0,47.856143952,optimal
2021-02-07 01:30:00,5,35,0.0,0.0,0.0,0.1567666666666667,7.7175,6.0,0,20.252629326933587,55.0,0.12,0.0,0.0,0.0,0.0,47.80828780804799,optimal
2021-02-07 02:00:00,5,35,0.0,0.0,0.0,0.11476666666666668,6.615,6.0,0,20.017765336911946,55.0,0.12,0.0,0.0,0.0,0.0,47.76047952023995,optimal
2021-02-07 02:30:00,5,35,0.0,0.0,0.0,0.093,6.174,6.0,0,19.780555372039274,55.0,0.12,0.0,0.0,0.0,0.0,47.712719040719705,optimal
2021-02-07 03:00:00,5,35,2.0,0.0,0.0,0.1849333333333333,3.906,6.0,0,19.54273600896253,55.0,0.12,7000.0,0.0,0.0,0.0,47.66500632167899,optimal
2021-02-07 03:30:00,5,35,2.0,0.0,0.0,0.061,2.3415,6.0,0,20.160258646536256,55.0,0.12,7000.0,0.0,0.0,0.0,47.61734131535731,optimal
2021-02-07 04:00:00,5,35,2.0,0.0,0.0,0.13986666666666667,2.205,6.0,0,20.75309242396522,55.0,0.12,7000.0,0.0,0.0,0.0,47.56972397404195,optimal
2021-02-07 04:30:00,5,35,2.0,0.0,0.0,0.1572666666666667,0.882,6.0,0,21.346000470386013,55.0,0.12,7000.0,0.0,0.0,0.0,47.522154250067906,optimal
2021-02-07 05:00:00,5,35,2.0,0.0,0.0,0.0674,1.5435,6.0,0,21.93231815880511,55.0,0.12,7000.0,0.0,0.0,0.0,47.47463209581784,optimal
2021-02-07 05:30:00,5,35,2.0,0.0,0.0,0.17930000000000001,1.5435,6.0,0,22.499235355954966,55.0,0.12,7000.0,0.0,0.0,0.0,47.42715746372202,optimal
2021-02-07 06:00:00,5,35,0.0,0.0,0.0,0.06663333333333334,5.0715,6.0,0,23.071313401427254,55.0,0.12,0.0,0.0,0.0,0.0,47.379730306258296,optimal
2021-02-07 06:30:00,5,35,0.0,0.0,0.0,0.13423333333333332,5.376,6.0,0,22.779194412324408,55.0,0.12,0.0,0.0,0.0,0.0,47.332350575952034,optimal
2021-02-07 07:00:00,5,35,0.13992550175127383,0.0,0.0,0.11170000000000001,5.0715,6.0,0,22.498755441439503,55.0,0.12,489.7392561294584,0.0,0.0,0.0,47.285018225376085,optimal
2021-02-07 07:30:00,5,35,0.0,0.0,0.0,0.1186,5.5125,6.0,0,22.27790724380583,55.0,0.12,0.0,0.0,0.0,0.0,47.23773320715071,optimal
2021-02-07 08:00:00,5,35,0.6365062460963283,0.0,0.0,0.1849333333333333,9.261,6.0,0,22.0,55.0,0.12,2227.7718613371494,0.0,0.0,0.0,47.190495473943564,optimal
2021-02-07 08:30:00,5,35,0.0,0.0,0.0,0.2319,11.7075,6.0,0,22.0,55.0,0.12,0.0,0.0,0.0,0.0,47.14330497846962,optimal
2021-02-07 09:00:00,5,35,0.0,0.0,0.0,0.2817333333333333,12.348,6.0,0,21.737593979903586,55.0,0.12,0.0,0.0,0.0,0.0,47.09616167349115,optimal
2021-02-07 09:30:00,5,35,0.0,0.0,0.0,0.5106,12.348,6.0,0,21.50848701774222,55.0,0.11866666666666667,0.0,0.0,0.0,0.0,47.04906551181766,optimal
2021-02-07 10:00:00,5,35,0.0,0.0,0.0,0.45580000000000004,12.1275,6.0,0,21.3129952632742,55.0,0.11733333333333333,0.0,0.0,0.0,0.0,47.00201644630584,optimal
2021-02-07 10:30:00,5,35,0.0,0.0,0.0,0.2501,12.5265,6.0,0,21.136852840116422,55.0,0.11733333333333333,0.0,0.0,0.0,0.0,46.95501442985953,optimal
2021-02-07 11:00:00,5,35,0.7778631517870365,0.0,0.0,0.4016,11.7495,6.0,0,20.94569832397262,55.0,0.114,2722.521031254628,0.0,0.0,0.0,46.90805941542967,optimal
2021-02-07 11:30:00,5,35,0.0,0.0,0.0,0.36473333333333335,13.23,6.0,0,21.120826155066485,55.0,0.11133333333333334,0.0,0.0,0.0,0.0,46.86115135601424,optimal
2021-02-07 12:00:00,5,35,0.0,0.0,0.0,0.36186666666666667,14.3325,6.0,0,20.961852186660824,55.0,0.11133333333333334,0.0,0.0,0.0,0.0,46.81429020465823,optimal
2021-02-07 12:30:00,5,35,0.0,0.0,0.0,0.4269333333333333,14.994,6.0,0,20.819074088583413,55.0,0.108,0.0,0.0,0.0,0.0,46.76747591445357,optimal
2021-02-07 13:00:00,5,35,0.0,0.0,0.0,0.40173333333333333,14.8155,6.0,0,20.686577171133003,55.0,0.10666666666666667,0.0,0.0,0.0,0.0,46.72070843853912,optimal
2021-02-07 13:30:00,5,35,0.0,0.0,0.0,0.4081,14.112,6.0,0,20.53564112069226,55.0,0.088,0.0,0.0,0.0,0.0,46.67398773010058,optimal
2021-02-07 14:00:00,5,35,0.0,0.0,0.0,0.17866666666666667,14.007,6.0,0,20.38889541348273,55.0,0.08466666666666667,0.0,0.0,0.0,0.0,46.627313742370475,optimal
2021-02-07 14:30:00,5,35,0.0,0.0,0.0,0.081,13.23,6.0,0,20.22692799967255,55.0,0.08466666666666667,0.0,0.0,0.0,0.0,46.580686428628105,optimal
2021-02-07 15:00:00,5,35,2.0,0.0,0.0,0.07266666666666667,11.382,6.0,0,20.07133392723735,55.0,0.08466666666666667,7000.0,0.0,0.0,0.0,46.53410574219948,optimal
2021-02-07 15:30:00,5,35,2.0,0.0,0.0,0.13716666666666666,11.7495,6.0,0,20.79720660564348,55.0,0.08466666666666667,7000.0,0.0,0.0,0.0,46.48757163645728,optimal
2021-02-07 16:00:00,5,35,0.0,0.0,0.0,0.34876666666666667,24.3285,6.0,0,21.504519494708806,55.0,0.082,0.0,0.0,0.0,0.0,46.44108406482083,optimal
2021-02-07 16:30:00,5,35,0.0,0.0,0.0,0.11033333333333331,28.917,6.0,0,21.32126681918465,55.0,0.082,0.0,0.0,0.0,0.0,46.394642980756004,optimal
2021-02-07 17:00:00,5,35,0.0,0.0,0.0,0.18166666666666662,31.3635,6.0,0,21.122361654509298,55.0,0.08066666666666666,0.0,0.0,0.0,0.0,46.348248337775246,optimal
2021-02-07 17:30:00,5,35,0.0,0.0,0.0,0.2256,33.306,6.0,0,20.89445827602206,55.0,0.08066666666666666,0.0,0.0,0.0,0.0,46.301900089437474,optimal
2021-02-07 18:00:00,5,35,0.0,0.0,0.0,0.2194,31.3425,6.0,0,20.664811931082255,55.0,0.08066666666666666,0.0,0.0,0.0,0.0,46.255598189348035,optimal
2021-02-07 18:30:00,5,35,0.0,0.0,0.0,0.2061,28.2555,6.0,0,20.43502145987088,55.0,0.07866666666666666,0.0,0.0,0.0,0.0,46.20934259115869,optimal
2021-02-07 19:00:00,5,35,0.0,0.0,0.0,0.27003333333333335,15.6975,6.0,0,20.209834274342647,55.0,0.07733333333333334,0.0,0.0,0.0,0.0,46.163133248567526,optimal
2021-02-07 19:30:00,5,35,0.5204993706228337,0.0,0.0,0.198,12.5475,6.0,0,20.0,55.0,0.07333333333333333,1821.747797179918,0.0,0.0,0.0,46.116970115318956,optimal
2021-02-07 20:00:00,5,35,0.4355279420514062,0.0,0.0,0.47373333333333334,12.0855,6.0,0,20.0,55.0,0.07333333333333333,1524.3477971799218,0.0,0.0,0.0,46.070853145203635,optimal
2021-02-07 20:30:00,5,35,0.0,0.0,0.0,0.12340000000000001,11.907,6.0,0,20.0,55.0,0.07333333333333333,0.0,0.0,0.0,0.0,46.02478229205843,optimal
2021-02-07 21:00:00,5,35,0.0,0.0,0.0,0.2717,12.5685,6.0,0,19.79414476969794,55.0,0.06866666666666667,0.0,0.0,0.0,0.0,45.978757509766375,optimal
2021-02-07 21:30:00,5,35,0.0,0.0,0.0,0.3753666666666667,13.146,6.0,0,19.609757424193955,55.0,0.06866666666666667,0.0,0.0,0.0,0.0,45.93277875225661,optimal
2021-02-07 22:00:00,5,35,0.0,0.0,0.0,0.174,10.584,6.0,0,19.431652310885426,55.0,0.02666666666666666,0.0,0.0,0.0,0.0,45.88684597350435,optimal
2021-02-07 22:30:00,5,35,0.0,0.0,0.0,0.22519999999999998,6.678,6.0,0,19.233121946696734,55.0,0.02666666666666666,0.0,0.0,0.0,0.0,45.840959127530844,optimal
2021-02-07 23:00:00,5,35,0.0,0.0,0.0,0.30510000000000004,7.938,6.0,0,19.042785536613007,55.0,0.023999999999999994,0.0,0.0,0.0,0.0,45.79511816840331,optimal
2021-02-07 23:30:00,5,35,0.0,0.0,0.0,0.4539333333333333,5.292,6.0,0,18.86539214353406,55.0,0.02133333333333333,0.0,0.0,0.0,0.0,45.749323050234906,optimal
2021-02-08 00:00:00,5,35,2.0,0.0,0.0,0.056,6.7725,6.0,-4,18.86539214353406,55.0,0.02133333333333333,7000.0,0.0,0.0,0.0,45.70357372718467,optimal
2021-02-08 00:30:00,5,35,2.0,0.0,0.0,0.056,5.5755,6.0,-4,19.46266333263543,55.0,0.03133333333333333,5955.0,0.0,1045.0000000000005,0.0,45.65787015345748,optimal
2021-02-08 01:00:00,5,35,2.0,0.0,0.0,0.11546666666666669,5.0925,6.0,-4,19.925448992368356,55.0,0.03133333333333333,7000.0,0.0,0.0,0.0,45.612212283304025,optimal
2021-02-08 01:30:00,5,35,2.0,0.0,6.5483514181724445,0.16006666666666666,4.1895,6.0,-4,20.514349358050495,55.0,0.03133333333333333,7000.0,0.0,0.0,0.0,48.67706699465263,optimal
2021-02-08 02:00:00,5,35,2.0,0.0,0.0,0.056,7.056,6.0,-4,21.0992585313857,55.0,0.03133333333333333,7000.0,0.0,0.0,0.0,48.62838992765797,optimal
2021-02-08 02:30:00,5,35,2.0,0.0,0.0,0.1452,5.271,6.0,-4,21.662346934080986,55.0,0.03133333333333333,7000.0,0.0,0.0,0.0,48.579761537730306,optimal
2021-02-08 03:00:00,5,35,2.0,0.0,0.0,0.13033333333333336,7.938,6.0,-4,22.22865324972114,55.0,0.03133333333333333,7000.0,0.0,0.0,0.0,48.53118177619257,optimal
2021-02-08 03:30:00,5,35,2.0,0.0,0.0,0.056,7.938,6.0,-4,22.78560872292338,55.0,0.03133333333333333,7000.0,0.0,0.0,0.0,48.48265059441637,optimal
2021-02-08 04:00:00,5,35,0.0,0.0,0.0,0.21953333333333333,11.907,6.0,-4,23.324730454101374,55.0,0.03133333333333333,0.0,0.0,0.0,0.0,48.434167943821954,optimal
2021-02-08 04:30:00,5,35,1.399269095310788,0.0,0.0,0.056,11.025,6.0,-4,23.03263876338389,55.0,0.03133333333333333,4897.441833587758,0.0,0.0,0.0,48.38573377587813,optimal
2021-02-08 05:00:00,5,35,0.0,0.0,0.0,0.16006666666666666,11.2875,6.0,-4,23.312959098581345,55.0,0.03133333333333333,0.0,0.0,0.0,0.0,48.33734804210225,optimal
2021-02-08 05:30:00,5,35,0.0,0.0,0.0,0.11546666666666669,12.936,6.0,-4,23.0109553181678,55.0,0.03133333333333333,0.0,0.0,0.0,0.0,48.289010694060146,optimal
2021-02-08 06:00:00,5,35,0.0,0.0,0.0,0.06233333333333334,13.0095,6.0,-4,22.70727608037166,55.0,0.03133333333333333,0.0,0.0,0.0,0.0,48.240721683366075,optimal
2021-02-08 06:30:00,5,35,0.0,0.0,0.0,0.16916666666666666,13.671,6.0,-4,22.400157121147693,55.0,0.03133333333333333,0.0,0.0,0.0,0.0,48.192480961682705,optimal
2021-02-08 07:00:00,5,35,0.0,0.0,0.0,0.10803333333333331,13.188,6.0,-4,22.11022006031566,55.0,0.03133333333333333,0.0,0.0,0.0,0.0,48.144288480721016,optimal
2021-02-08 07:30:00,5,35,0.0,0.0,0.0,0.11146666666666669,13.8495,6.0,-4,21.816642004365765,55.0,0.03,0.0,0.0,0.0,0.0,48.096144192240295,optimal
2021-02-08 08:00:00,5,35,0.0,0.0,0.0,0.4047,13.23,6.0,-4,21.537904830669643,55.0,0.027333333333333334,0.0,0.0,0.0,0.0,48.048048048048045,optimal
2021-02-08 08:30:00,5,35,0.0,0.0,0.0,0.2891,13.3665,6.0,-4,21.317589191460243,55.0,0.012666666666666666,0.0,0.0,0.0,0.0,48.0,optimal
2021-02-08 09:00:00,5,35,0.0,0.0,0.0,0.11546666666666669,13.0515,6.0,-4,21.070727729707315,55.0,0.012666666666666666,0.0,0.0,0.0,0.0,47.86996234630154,optimal
2021-02-08 09:30:00,5,35,0.0,0.0,0.0,0.16006666666666666,13.5345,6.0,-4,20.811001271889207,55.0,0.012666666666666666,0.0,0.0,0.0,0.0,47.74005473025678,optimal
2021-02-08 10:00:00,5,35,0.0,0.0,0.0,0.062,14.154,6.0,-4,20.56264225018464,55.0,0.012666666666666666,0.0,0.0,0.0,0.0,47.61027702182807,optimal
2021-02-08 10:30:00,5,35,0.0,0.0,0.0,0.0732,14.112,6.0,-4,20.35072006313956,55.0,0.012666666666666666,0.0,0.0,0.0,0.0,47.48062909110779,optimal
2021-02-08 11:00:00,5,35,0.0,0.0,0.0,0.20466666666666664,14.2485,6.0,-4,20.141493617925544,55.0,0.012666666666666666,0.0,0.0,0.0,0.0,47.351110808318225,optimal
2021-02-08 11:30:00,5,35,0.6845484477166981,0.0,0.0,0.056,12.789,6.0,-4,20.0,55.0,0.012666666666666666,2395.919567008443,0.0,0.0,0.0,47.22172204381145,optimal
2021-02-08 12:00:00,5,35,0.0,0.0,0.0,0.12290000000000001,13.0095,6.0,-4,20.132439846037784,55.0,0.012666666666666666,0.0,0.0,0.0,0.0,47.09246266806918,optimal
2021-02-08 12:30:00,5,35,1.8362696474197804,0.0,0.0,0.15263333333333332,12.1275,6.0,-4,20.0,55.0,0.012666666666666666,6426.943765969231,0.0,0.0,0.0,46.963332551702656,optimal
2021-02-08 13:00:00,5,35,0.0,0.0,0.0,0.056,12.348,6.0,-4,20.649316645202273,55.0,0.012666666666666666,0.0,0.0,0.0,0.0,46.834331565452494,optimal
2021-02-08 13:30:00,5,35,2.0,0.0,0.0,0.17493333333333333,12.348,6.0,-4,20.501656632006373,55.0,0.012666666666666666,7000.0,0.0,0.0,0.0,46.70545958018859,optimal
2021-02-08 14:00:00,5,35,0.0,0.0,0.0,0.1006,25.389,6.0,-4,21.214196115551683,55.0,0.012666666666666666,0.0,0.0,0.0,0.0,46.57671646690994,optimal
2021-02-08 14:30:00,5,35,0.0,0.0,0.0,0.056,29.1375,6.0,-4,21.06765007997682,55.0,0.012666666666666666,0.0,0.0,0.0,0.0,46.44810209674458,optimal
2021-02-08 15:00:00,5,35,0.0,0.0,0.0,0.1664,30.597,6.0,-4,20.915687045698466,55.0,0.012666666666666666,0.0,0.0,0.0,0.0,46.31961634094937,optimal
2021-02-08 15:30:00,5,35,0.0,0.0,0.0,0.12046666666666668,33.684,6.0,-4,20.741884421214316,55.0,0.012666666666666666,0.0,0.0,0.0,0.0,46.191259070909965,optimal
2021-02-08 16:00:00,5,35,0.0,0.0,0.0,0.0621,32.445,6.0,-4,20.565993293384636,55.0,0.012666666666666666,0.0,0.0,0.0,0.0,46.145067811839056,optimal
2021-02-08 16:30:00,5,35,0.0,0.0,0.0,0.40393333333333326,28.917,6.0,-4,20.360407540124864,55.0,0.008666666666666666,0.0,0.0,0.0,0.0,46.09892274402721,optimal
2021-02-08 17:00:00,5,35,0.0,0.0,0.0,0.333,15.876,6.0,-4,20.20025573730378,55.0,0.006666666666666667,0.0,0.0,0.0,0.0,46.052823821283184,optimal
2021-02-08 17:30:00,5,35,0.10067012479618868,0.0,0.0,2.3805666666666667,12.348,6.0,-4,20.0,55.0,0.006666666666666667,352.3454367866604,0.0,0.0,0.0,46.0067709974619,optimal
2021-02-08 18:00:00,5,35,0.937053669590144,0.0,0.0,0.42006666666666664,12.1275,6.0,-4,20.0,55.0,0.0033333333333333327,3279.6878435655044,0.0,0.0,0.0,45.960764226464434,optimal
2021-02-08 18:30:00,5,35,0.0,0.0,0.0,0.5646333333333333,12.348,6.0,-4,20.19253732125944,55.0,0.0033333333333333327,0.0,0.0,0.0,0.0,45.91480346223797,optimal
2021-02-08 19:00:00,5,35,0.44781317614296734,0.0,0.0,0.5654,12.1275,6.0,-4,20.0,55.0,0.0006666666666666665,1567.3461165003857,0.0,0.0,0.0,45.86888865877573,optimal
2021-02-08 19:30:00,5,35,0.5111347556835967,0.0,0.0,0.34736666666666666,12.1275,6.0,-4,20.0,55.0,0.0006666666666666665,1788.9716448925885,0.0,0.0,0.0,45.82301977011696,optimal
2021-02-08 20:00:00,5,35,0.3360087161765959,0.0,0.0,0.8072333333333334,11.2665,6.0,-4,20.0,55.0,0.0006666666666666665,1176.0305066180856,0.0,0.0,0.0,45.77719675034684,optimal
2021-02-08 20:30:00,5,35,0.0,0.0,0.0,0.4473333333333333,10.143,6.0,-4,20.0,55.0,0.0,0.0,0.0,0.0,0.0,45.73141955359649,optimal
2021-02-08 21:00:00,5,35,0.0,0.0,0.0,0.42093333333333327,11.2455,6.0,-4,19.814088399451315,55.0,0.0,0.0,0.0,0.0,0.0,45.68568813404289,optimal
2021-02-08 21:30:00,5,35,0.0,0.0,0.0,0.7738333333333334,11.025,6.0,-4,19.630469874957335,55.0,0.0,0.0,0.0,0.0,0.0,45.64000244590885,optimal
2021-02-08 22:00:00,5,35,0.0,0.0,0.0,0.066,5.9745,6.0,-4,19.50597130163626,55.0,0.0,0.0,0.0,0.0,0.0,45.59436244346294,optimal
2021-02-08 22:30:00,5,35,0.0,0.0,0.0,0.22953333333333334,7.938,6.0,-4,19.24134606958824,55.0,0.0,0.0,0.0,0.0,0.0,45.54876808101948,optimal
2021-02-08 23:00:00,5,35,0.0,0.0,0.0,0.066,8.6835,6.0,-4,18.99954116721335,55.0,0.0,0.0,0.0,0.0,0.0,45.50321931293846,optimal
2021-02-08 23:30:00,5,35,0.0,0.0,0.0,0.066,7.665,6.0,-4,18.740868681452042,55.0,0.0,0.0,0.0,0.0,0.0,45.45771609362552,optimal
2021-02-09 00:00:00,5,35,0.0,0.0,0.0,0.061,11.466,6.0,2,18.740868681452042,55.0,0.0,0.0,0.0,0.0,0.0,45.4122583775319,optimal
2021-02-09 00:30:00,5,35,0.9262061387330272,0.0,0.0,0.09583333333333331,10.8045,6.0,2,18.485218053506195,55.0,0.031021258235077464,0.0,0.0,3241.7214855655952,0.0,45.36684611915437,optimal
2021-02-09 01:00:00,5,35,2.0,0.0,7.16697581979971,0.08316666666666667,10.584,6.0,2,18.238235367738753,55.0,0.06399999999999999,3553.7214855655957,0.0,3446.278514434404,0.0,48.72579278744007,optimal
2021-02-09 01:30:00,5,35,0.0,0.0,0.0,0.061,11.2455,6.0,2,18.421673126440233,55.0,0.06399999999999999,0.0,0.0,0.0,0.0,48.67706699465263,optimal
2021-02-09 02:00:00,5,35,0.0,0.0,0.0,0.10216666666666668,12.1275,6.0,2,18.17069757052744,55.0,0.06399999999999999,0.0,0.0,0.0,0.0,48.62838992765797,optimal
2021-02-09 02:30:00,5,35,0.0,0.0,0.0,0.07683333333333332,11.823,6.0,2,17.926886567119283,55.0,0.06399999999999999,0.0,0.0,0.0,0.0,48.579761537730306,optimal
2021-02-09 03:00:00,5,35,0.0,0.0,0.0,0.09583333333333331,11.7705,6.0,2,17.6843306576187,55.0,0.06399999999999999,0.0,0.0,0.0,0.0,48.53118177619257,optimal
2021-02-09 03:30:00,5,35,2.0,0.0,0.0,0.08316666666666667,11.13,6.0,2,17.44834578372354,55.0,0.06399999999999999,7000.0,0.0,0.0,0.0,48.48265059441637,optimal
2021-02-09 04:00:00,5,35,2.0,0.0,0.0,0.061,11.6865,6.0,2,18.058019528898154,55.0,0.06399999999999999,7000.0,0.0,0.0,0.0,48.434167943821954,optimal
2021-02-09 04:30:00,5,35,2.0,0.0,0.0,0.061,10.7205,6.0,2,18.657561216377065,55.0,0.06399999999999999,7000.0,0.0,0.0,0.0,48.38573377587813,optimal
2021-02-09 05:00:00,5,35,2.0,0.0,0.0,0.1085,11.424,6.0,2,19.24685712277369,55.0,0.06399999999999999,7000.0,0.0,0.0,0.0,48.33734804210225,optimal
2021-02-09 05:30:00,5,35,2.0,0.0,0.0,0.0705,10.689,6.0,2,19.831772659593156,55.0,0.06399999999999999,7000.0,0.0,0.0,0.0,48.289010694060146,optimal
2021-02-09 06:00:00,5,35,2.0,0.0,0.0,0.061,11.361,6.0,2,20.403549000032964,55.0,0.06399999999999999,7000.0,0.0,0.0,0.0,48.240721683366075,optimal
2021-02-09 06:30:00,5,35,2.0,0.0,0.0,0.118,11.571,6.0,2,20.965807794774268,55.0,0.06399999999999999,7000.0,0.0,0.0,0.0,48.192480961682705,optimal
2021-02-09 07:00:00,5,35,0.0,0.0,0.0,0.069,14.3745,6.0,2,21.525957607299716,55.0,0.06399999999999999,0.0,0.0,0.0,0.0,48.144288480721016,optimal
2021-02-09 07:30:00,5,35,0.0,0.0,0.0,0.08683333333333333,13.23,6.0,2,21.228050756363483,55.0,0.06399999999999999,0.0,0.0,0.0,0.0,48.096144192240295,optimal
2021-02-09 08:00:00,5,35,0.0,0.0,0.0,0.10283333333333332,13.9755,6.0,2,20.934947648039806,55.0,0.06333333333333332,0.0,0.0,0.0,0.0,48.048048048048045,optimal
2021-02-09 08:30:00,5,35,0.0,0.0,0.0,0.060333333333333336,14.994,6.0,2,20.65941680775637,55.0,0.06333333333333332,0.0,0.0,0.0,0.0,48.0,optimal
2021-02-09 09:00:00,5,35,2.0,0.0,0.0,0.061,13.671,6.0,2,20.37533878262547,55.0,0.06333333333333332,7000.0,0.0,0.0,0.0,47.67249770803314,optimal
2021-02-09 09:30:00,5,35,0.0,0.0,0.0,0.118,15.981,6.0,2,20.95683485654226,55.0,0.06333333333333332,0.0,0.0,0.0,0.0,47.34532291835825,optimal
2021-02-09 10:00:00,5,35,0.0,0.0,0.0,0.061,15.6345,6.0,2,20.6988047015471,55.0,0.06333333333333332,0.0,0.0,0.0,0.0,47.01847530347303,optimal
2021-02-09 10:30:00,5,35,0.0,0.0,0.0,0.061,16.5375,6.0,2,20.490671923890808,55.0,0.06333333333333332,0.0,0.0,0.0,0.0,46.6919545362027,optimal
2021-02-09 11:00:00,5,35,0.0,0.0,0.0,0.08166666666666667,14.7735,6.0,2,20.289249151128434,55.0,0.06333333333333332,0.0,0.0,0.0,0.0,46.365760289699644,optimal
2021-02-09 11:30:00,5,35,0.0,0.0,0.0,0.10733333333333331,15.2145,6.0,2,20.141269614045996,55.0,0.06333333333333332,0.0,0.0,0.0,0.0,46.039892237443084,optimal
2021-02-09 12:00:00,5,35,0.26357329402529533,0.0,0.0,0.0705,14.553,6.0,2,20.0,55.0,0.06333333333333332,922.5065290885337,0.0,0.0,0.0,45.71435005323878,optimal
2021-02-09 12:30:00,5,35,0.7540266000924367,0.0,0.0,0.1165,14.3325,6.0,2,20.0,55.0,0.06333333333333332,2639.0931003235287,0.0,0.0,0.0,45.38913341121869,optimal
2021-02-09 13:00:00,5,35,0.0,0.0,0.0,0.0725,14.595,6.0,2,20.21038498358647,55.0,0.06333333333333332,0.0,0.0,0.0,0.0,45.06424198584061,optimal
2021-02-09 13:30:00,5,35,0.0,0.0,0.0,0.1165,14.994,6.0,2,20.102482319437186,55.0,0.06333333333333332,0.0,0.0,0.0,0.0,44.73967545188791,optimal
2021-02-09 14:00:00,5,35,0.27713195544113467,0.0,0.0,0.071,14.3325,6.0,2,20.0,55.0,0.06333333333333332,969.9618440439714,0.0,0.0,0.0,44.41543348446917,optimal
2021-02-09 14:30:00,5,35,0.2625851803673754,0.0,0.0,0.128,13.8915,6.0,2,20.0,55.0,0.06333333333333332,919.0481312858137,0.0,0.0,0.0,44.091515759017845,optimal
2021-02-09 15:00:00,5,35,0.36745565493185717,0.0,0.0,0.071,13.8915,6.0,2,20.0,55.0,0.06333333333333332,1286.0947922615,0.0,0.0,0.0,43.76792195129197,optimal
2021-02-09 15:30:00,5,35,2.0,0.0,0.0,0.128,13.4715,6.0,2,20.0,55.0,0.06333333333333332,7000.0,0.0,0.0,0.0,43.44465173737382,optimal
2021-02-09 16:00:00,5,35,2.0,0.0,0.0,0.071,13.23,6.0,2,20.694373234321926,55.0,0.06333333333333332,7000.0,0.0,0.0,0.0,43.121704793669586,optimal
2021-02-09 16:30:00,5,35,1.5929476220806955,0.0,0.0,0.128,13.8915,6.0,2,21.32149770193083,55.0,0.06333333333333332,5575.316677282434,0.0,0.0,0.0,42.79908079690906,optimal
2021-02-09 17:00:00,5,35,0.0,0.0,0.0,0.071,26.9325,6.0,2,21.773408495187166,55.0,0.06333333333333332,0.0,0.0,0.0,0.0,42.47677942414529,optimal
2021-02-09 17:30:00,5,35,0.0,0.0,0.0,0.8471000000000001,30.303,6.0,2,21.48877179894266,55.0,0.05666666666666666,0.0,0.0,0.0,0.0,42.15480035275429,optimal
2021-02-09 18:00:00,5,35,0.0,0.0,0.0,0.43656666666666666,32.886,6.0,2,21.290779173863843,55.0,0.05599999999999999,0.0,0.0,0.0,0.0,41.83314326043468,optimal
2021-02-09 18:30:00,5,35,0.0,0.0,0.0,0.3155,34.9965,6.0,2,21.066507181588168,55.0,0.0,0.0,0.0,0.0,0.0,41.51180782520739,optimal
2021-02-09 19:00:00,5,35,0.0,0.0,0.0,0.09316666666666669,33.327,6.0,2,20.8447506596431,55.0,0.0,0.0,0.0,0.0,0.0,41.190793725415325,optimal
2021-02-09 19:30:00,5,35,0.0,0.0,0.0,0.071,31.122,6.0,2,20.559633566545664,55.0,0.0,0.0,0.0,0.0,0.0,40.870100639723056,optimal
2021-02-09 20:00:00,5,35,0.0,0.0,0.0,0.0995,17.9025,6.0,2,20.276025255863846,55.0,0.0,0.0,0.0,0.0,0.0,40.54972824711648,optimal
2021-02-09 20:30:00,5,35,0.0,0.0,0.0,0.0995,15.6555,6.0,2,20.0,55.0,0.0,0.0,0.0,0.0,0.0,40.229676226902505,optimal
2021-02-09 21:00:00,5,35,0.0,0.0,0.0,0.09,14.553,6.0,2,19.726552883893675,55.0,0.0,0.0,0.0,0.0,0.0,39.90994425870875,optimal
2021-02-09 21:30:00,5,35,0.0,0.0,0.0,0.109,14.3325,6.0,2,19.454503077528944,55.0,0.0,0.0,0.0,0.0,0.0,39.59053202248318,optimal
2021-02-09 22:00:00,5,35,0.0,0.0,0.0,0.071,13.335,6.0,2,19.18579468185882,55.0,0.0,0.0,0.0,0.0,0.0,39.5509414904607,optimal
2021-02-09 22:30:00,5,35,0.0,0.0,0.0,0.0995,12.1275,6.0,2,18.916889387129853,55.0,0.0,0.0,0.0,0.0,0.0,39.51139054897024,optimal
2021-02-09 23:00:00,5,35,0.0,0.0,0.0,0.0995,12.2955,6.0,2,18.66282221554816,55.0,0.0,0.0,0.0,0.0,0.0,39.47187915842127,optimal
2021-02-09 23:30:00,5,35,0.0,0.0,0.0,0.08683333333333333,11.6865,6.0,2,18.41320853934795,55.0,0.0,0.0,0.0,0.0,0.0,39.43240727926285,optimal
2021-02-10 00:00:00,5,35,2.0,0.0,0.0,0.06466666666666668,11.508,6.0,-3,18.41320853934795,55.0,0.0,7000.0,0.0,0.0,0.0,39.39297487198358,optimal
2021-02-10 00:30:00,5,35,1.5918125951845539,0.0,0.0,0.2035,11.844,6.0,-3,19.001508927044966,55.0,0.014666666666666666,4038.6774164792714,0.0,1532.6666666666667,0.0,39.353581897111596,optimal
2021-02-10 01:00:00,5,35,2.0,0.0,0.0,0.0925,11.508,6.0,-3,19.2397966459062,55.0,0.014666666666666666,7000.0,0.0,0.0,0.0,39.314228315214486,optimal
2021-02-10 01:30:00,5,35,2.0,0.0,0.0,0.24666666666666662,11.508,6.0,-3,19.815648140199983,55.0,0.014666666666666666,7000.0,0.0,0.0,0.0,39.27491408689927,optimal
2021-02-10 02:00:00,5,35,2.0,0.0,9.0,0.157,10.4475,6.0,-3,20.400150641970583,55.0,0.014666666666666666,7000.0,0.0,0.0,0.0,43.510639172812375,optimal
2021-02-10 02:30:00,5,35,2.0,0.0,1.4479160650591893,0.08533333333333333,10.8675,6.0,-3,20.963838661118313,55.0,0.014666666666666666,7000.0,0.0,0.0,0.0,44.154888664542675,optimal
2021-02-10 03:00:00,5,35,2.0,0.0,9.0,0.2335,10.542,6.0,-3,21.510647513142715,55.0,0.014666666666666666,7000.0,0.0,0.0,0.0,48.38573377587813,optimal
2021-02-10 03:30:00,5,35,2.0,0.0,0.0,0.20403333333333334,11.025,6.0,-3,22.06727544669775,55.0,0.014666666666666666,7000.0,0.0,0.0,0.0,48.33734804210225,optimal
2021-02-10 04:00:00,5,35,2.0,0.0,0.0,0.09179999999999999,11.025,6.0,-3,22.612205253144253,55.0,0.014666666666666666,7000.0,0.0,0.0,0.0,48.289010694060146,optimal
2021-02-10 04:30:00,5,35,0.0,0.0,0.0,0.136,14.553,6.0,-3,23.13564952582126,55.0,0.014666666666666666,0.0,0.0,0.0,0.0,48.240721683366075,optimal
2021-02-10 05:00:00,5,35,2.0,0.0,0.0,0.23266666666666663,13.0935,6.0,-3,22.81301911703955,55.0,0.014666666666666666,7000.0,0.0,0.0,0.0,48.192480961682705,optimal
2021-02-10 05:30:00,5,35,0.0,0.0,0.0,0.198,15.6345,6.0,-3,23.347542416434933,55.0,0.014666666666666666,0.0,0.0,0.0,0.0,48.144288480721016,optimal
2021-02-10 06:00:00,5,35,0.0,0.0,0.0,0.117,18.102,6.0,-3,23.026339284068623,55.0,0.014666666666666666,0.0,0.0,0.0,0.0,48.096144192240295,optimal
2021-02-10 06:30:00,5,35,0.0,0.0,0.0,0.1698,17.199,6.0,-3,22.698629814075748,55.0,0.014666666666666666,0.0,0.0,0.0,0.0,48.048048048048045,optimal
2021-02-10 07:00:00,5,35,0.0,0.0,0.0,0.1432,18.2805,6.0,-3,22.385002458360873,55.0,0.01,0.0,0.0,0.0,0.0,48.0,optimal
2021-02-10 07:30:00,5,35,0.0,0.0,0.0,0.2,17.4615,6.0,-3,22.086325850775754,55.0,0.01,0.0,0.0,0.0,0.0,47.86513076757732,optimal
2021-02-10 08:00:00,5,35,0.0,0.0,0.0,0.27266666666666667,18.3225,6.0,-3,21.777390135710938,55.0,0.01,0.0,0.0,0.0,0.0,47.730396404387065,optimal
2021-02-10 08:30:00,5,35,0.0,0.0,0.0,0.12833333333333335,17.094,6.0,-3,21.482082125710907,55.0,0.01,0.0,0.0,0.0,0.0,47.59579677556,optimal
2021-02-10 09:00:00,5,35,0.0,0.0,0.0,0.1828333333333333,17.094,6.0,-3,21.176661969808098,55.0,0.01,0.0,0.0,0.0,0.0,47.46133174636176,optimal
2021-02-10 09:30:00,5,35,0.0,0.0,0.0,0.14930000000000002,17.094,6.0,-3,20.91686262253482,55.0,0.01,0.0,0.0,0.0,0.0,47.32700118219272,optimal
2021-02-10 10:00:00,5,35,0.0,0.0,0.0,0.3272,17.3565,6.0,-3,20.659762854639506,55.0,0.01,0.0,0.0,0.0,0.0,47.19280494858785,optimal
2021-02-10 10:30:00,5,35,0.0,0.0,0.0,0.12466666666666669,17.115,6.0,-3,20.48207545508074,55.0,0.01,0.0,0.0,0.0,0.0,47.058742911216584,optimal
2021-02-10 11:00:00,5,35,0.0,0.0,0.0,0.2345,17.241,6.0,-3,20.284818063103362,55.0,0.01,0.0,0.0,0.0,0.0,46.92481493588269,optimal
2021-02-10 11:30:00,5,35,0.0,0.0,0.0,0.22256666666666663,17.094,6.0,-3,20.14134394738236,55.0,0.01,0.0,0.0,0.0,0.0,46.79102088852412,optimal
2021-02-10 12:00:00,5,35,2.0,0.0,0.0,0.08593333333333333,16.5165,6.0,-3,20.0,55.0,0.01,7000.0,0.0,0.0,0.0,46.65736063521292,optimal
2021-02-10 12:30:00,5,35,0.0,0.0,0.0,0.27846666666666664,17.8185,6.0,-3,20.73976158699317,55.0,0.009333333333333334,0.0,0.0,0.0,0.0,46.52383404215502,optimal
2021-02-10 13:00:00,5,35,0.40597583702551815,0.0,0.0,0.31410000000000005,17.094,6.0,-3,20.661384451912614,55.0,0.005333333333333332,1420.9154295893136,0.0,0.0,0.0,46.39044097569019,optimal
2021-02-10 13:30:00,5,35,2.0,0.0,0.0,0.23533333333333328,16.8945,6.0,-3,20.751769516556415,55.0,0.005333333333333332,7000.0,0.0,0.0,0.0,46.25718130229182,optimal
2021-02-10 14:00:00,5,35,0.0,0.0,0.0,0.15296666666666667,18.123,6.0,-3,21.50782140851636,55.0,0.005333333333333332,0.0,0.0,0.0,0.0,46.124054888566846,optimal
2021-02-10 14:30:00,5,35,0.0,0.0,0.0,0.12819999999999998,31.647,6.0,-3,21.383514488895152,55.0,0.005333333333333332,0.0,0.0,0.0,0.0,45.9910616012556,optimal
2021-02-10 15:00:00,5,35,0.0,0.0,0.0,0.14,34.9965,6.0,-3,21.252152386185397,55.0,0.005333333333333332,0.0,0.0,0.0,0.0,45.85820130723167,optimal
2021-02-10 15:30:00,5,35,0.0,0.0,0.0,0.1785,34.9965,6.0,-3,21.091381731917288,55.0,0.005333333333333332,0.0,0.0,0.0,0.0,45.725473873501755,optimal
2021-02-10 16:00:00,5,35,0.0,0.0,0.0,0.16796666666666668,34.9965,6.0,-3,20.93466894774058,55.0,0.005333333333333332,0.0,0.0,0.0,0.0,45.592879167205574,optimal
2021-02-10 16:30:00,5,35,0.0,0.0,0.0,0.19269999999999998,34.9965,6.0,-3,20.726926234450037,55.0,0.005333333333333332,0.0,0.0,0.0,0.0,45.46041705561569,optimal
2021-02-10 17:00:00,5,35,0.0,0.0,0.0,0.16416666666666666,34.9965,6.0,-3,20.52227291565542,55.0,0.005333333333333332,0.0,0.0,0.0,0.0,45.3280874061374,optimal
2021-02-10 17:30:00,5,35,0.0,0.0,0.0,0.1055,27.741,6.0,-3,20.262396646649872,55.0,0.005333333333333332,0.0,0.0,0.0,0.0,45.19589008630858,optimal
2021-02-10 18:00:00,5,35,0.5677481974240176,0.0,0.0,0.21816666666666662,19.026,6.0,-3,20.0,55.0,0.002666666666666666,1987.1186909840615,0.0,0.0,0.0,45.06382496379959,optimal
2021-02-10 18:30:00,5,35,0.48735494921489136,0.0,0.0,0.40403333333333336,18.7215,6.0,-3,20.0,55.0,0.002666666666666666,1705.7423222521197,0.0,0.0,0.0,44.931891906413114,optimal
2021-02-10 19:00:00,5,35,0.5243617010057635,0.0,0.0,0.991,17.4195,6.0,-3,20.0,55.0,0.002666666666666666,1835.2659535201722,0.0,0.0,0.0,44.80009078208402,optimal
2021-02-10 19:30:00,5,35,0.5649897303988681,0.0,0.0,0.24230000000000002,16.758,6.0,-3,20.0,55.0,0.0,1977.4640563960384,0.0,0.0,0.0,44.66842145887926,optimal
2021-02-10 20:00:00,5,35,0.38711299788720627,0.0,0.0,0.6297666666666667,14.217,6.0,-3,20.0,55.0,0.0,1354.895492605222,0.0,0.0,0.0,44.5368838049977,optimal
2021-02-10 20:30:00,5,35,0.0,0.0,0.0,0.10740000000000001,13.3665,6.0,-3,20.0,55.0,0.0,0.0,0.0,0.0,0.0,44.40547768877003,optimal
2021-02-10 21:00:00,5,35,0.0,0.0,0.0,0.071,12.789,6.0,-3,19.70462100138734,55.0,0.0,0.0,0.0,0.0,0.0,44.27420297865858,optimal
2021-02-10 21:30:00,5,35,0.0,0.0,0.0,0.4914,11.907,6.0,-3,19.408456165520594,55.0,0.0,0.0,0.0,0.0,0.0,44.22992877567992,optimal
2021-02-10 22:00:00,5,35,0.0,0.0,0.0,0.071,11.7075,6.0,-3,19.155882211437618,55.0,0.0,0.0,0.0,0.0,0.0,44.185698846904245,optimal
2021-02-10 22:30:00,5,35,0.0,0.0,0.0,0.3199666666666666,10.8045,6.0,-3,18.83538695813552,55.0,0.0,0.0,0.0,0.0,0.0,44.14151314805734,optimal
2021-02-10 23:00:00,5,35,0.0,0.0,0.0,0.1527,11.508,6.0,-3,18.545880650313897,55.0,0.0,0.0,0.0,0.0,0.0,44.09737163490929,optimal
2021-02-10 23:30:00,5,35,0.0,0.0,0.0,0.15940000000000001,11.508,6.0,-3,18.23682692372623,55.0,0.0,0.0,0.0,0.0,0.0,44.053274263274375,optimal
2021-02-11 00:00:00,5,35,1.607610672689292,0.0,0.0,0.059333333333333335,12.0855,6.0,-1,18.23682692372623,55.0,0.0,5626.637354412522,0.0,0.0,0.0,44.0092209890111,optimal
2021-02-11 00:30:00,5,35,2.0,0.0,0.0,0.059,11.6865,6.0,-1,18.602316833670617,55.0,0.043333333333333335,2471.666666666667,0.0,4528.333333333333,0.0,43.96521176802209,optimal
2021-02-11 01:00:00,5,35,2.0,0.0,0.0,0.059,11.2245,6.0,-1,18.58430239707803,55.0,0.043333333333333335,7000.0,0.0,0.0,0.0,43.92124655625406,optimal
2021-02-11 01:30:00,5,35,2.0,0.0,0.0,0.22106666666666663,11.025,6.0,-1,19.11287957742087,55.0,0.043333333333333335,7000.0,0.0,0.0,0.0,43.87732530969781,optimal
2021-02-11 02:00:00,5,35,2.0,0.0,0.0,0.059,10.7835,6.0,-1,19.65321535916986,55.0,0.043333333333333335,7000.0,0.0,0.0,0.0,43.83344798438811,optimal
2021-02-11 02:30:00,5,35,2.0,0.0,0.0,0.14003333333333334,11.025,6.0,-1,20.16613679175435,55.0,0.043333333333333335,7000.0,0.0,0.0,0.0,43.78961453640372,optimal
2021-02-11 03:00:00,5,35,2.0,0.0,1.4661158388449729,0.14003333333333334,10.584,6.0,-1,20.679831302145708,55.0,0.043333333333333335,7000.0,0.0,0.0,0.0,44.44222994531867,optimal
2021-02-11 03:30:00,5,35,2.0,0.0,0.0,0.059,11.025,6.0,-1,21.18453738523185,55.0,0.043333333333333335,7000.0,0.0,0.0,0.0,44.397787715373354,optimal
2021-02-11 04:00:00,5,35,2.0,0.0,9.0,0.06636666666666666,10.4265,6.0,-1,21.67576275386038,55.0,0.043333333333333335,7000.0,0.0,0.0,0.0,48.62838992765797,optimal
2021-02-11 04:30:00,5,35,2.0,0.0,0.0,0.2137,12.789,6.0,-1,22.164341414730075,55.0,0.043333333333333335,7000.0,0.0,0.0,0.0,48.579761537730306,optimal
2021-02-11 05:00:00,5,35,2.0,0.0,0.0,0.059,12.684,6.0,-1,22.66349175168911,55.0,0.043333333333333335,7000.0,0.0,0.0,0.0,48.53118177619257,optimal
2021-02-11 05:30:00,5,35,0.0,0.0,0.0,0.059,16.254,6.0,-1,23.136717338997638,55.0,0.043333333333333335,0.0,0.0,0.0,0.0,48.48265059441637,optimal
2021-02-11 06:00:00,5,35,0.0,0.0,0.0,0.13266666666666665,17.64,6.0,-1,22.764411734395825,55.0,0.043333333333333335,0.0,0.0,0.0,0.0,48.434167943821954,optimal
2021-02-11 06:30:00,5,35,0.0,0.0,0.0,0.14706666666666665,19.1625,6.0,-1,22.41008448088019,55.0,0.04066666666666666,0.0,0.0,0.0,0.0,48.38573377587813,optimal
2021-02-11 07:00:00,5,35,0.0,0.0,0.0,1.1615,26.46,6.0,-1,22.068867895818613,55.0,0.03933333333333333,0.0,0.0,0.0,0.0,48.33734804210225,optimal
2021-02-11 07:30:00,5,35,0.0,0.0,0.0,1.2946333333333335,20.79,6.0,-1,21.77410159781257,55.0,0.036,0.0,0.0,0.0,0.0,48.289010694060146,optimal
2021-02-11 08:00:00,5,35,0.0,0.0,0.0,0.7,29.106,6.0,-1,21.602785233634847,55.0,0.03266666666666666,0.0,0.0,0.0,0.0,48.240721683366075,optimal
2021-02-11 08:30:00,5,35,0.0,0.0,0.0,1.019966666666667,19.1835,6.0,-1,21.349651171169132,55.0,0.03266666666666666,0.0,0.0,0.0,0.0,48.192480961682705,optimal
2021-02-11 09:00:00,5,35,0.0,0.0,0.0,0.2319333333333333,19.6665,6.0,-1,21.129692683971765,55.0,0.03266666666666666,0.0,0.0,0.0,0.0,48.144288480721016,optimal
2021-02-11 09:30:00,5,35,0.0,0.0,0.0,1.0759,19.404,6.0,-1,20.87210628879172,55.0,0.032,0.0,0.0,0.0,0.0,48.096144192240295,optimal
2021-02-11 10:00:00,5,35,0.0,0.0,0.0,3.3502666666666667,19.047,6.0,-1,20.65099973838415,55.0,0.032,0.0,0.0,0.0,0.0,48.048048048048045,optimal
2021-02-11 10:30:00,5,35,0.0,0.0,0.0,2.5131666666666663,18.858,6.0,-1,20.57095934571728,55.0,0.030666666666666665,0.0,0.0,0.0,0.0,48.0,optimal
2021-02-11 11:00:00,5,35,0.0,0.0,0.0,0.141,19.2675,6.0,-1,20.457110670775872,55.0,0.030666666666666665,0.0,0.0,0.0,0.0,47.72074204657957,optimal
2021-02-11 11:30:00,5,35,0.0,0.0,0.0,0.26773333333333327,18.963,6.0,-1,20.300238185222437,55.0,0.030666666666666665,0.0,0.0,0.0,0.0,47.44176335111257,optimal
2021-02-11 12:00:00,5,35,0.0,0.0,0.0,0.3036333333333333,18.438,6.0,-1,20.16962538258703,55.0,0.030666666666666665,0.0,0.0,0.0,0.0,47.163063634341036,optimal
2021-02-11 12:30:00,5,35,0.0,0.0,0.0,0.069,18.7425,6.0,-1,20.08509315548054,55.0,0.030666666666666665,0.0,0.0,0.0,0.0,46.88464261728627,optimal
2021-02-11 13:00:00,5,35,2.0,0.0,0.0,0.23106666666666664,15.2145,6.0,-1,20.0,55.0,0.030666666666666665,7000.0,0.0,0.0,0.0,46.60650002124856,optimal
2021-02-11 13:30:00,5,35,0.0,0.0,0.0,0.219,17.7765,6.0,-1,20.766692274031957,55.0,0.030666666666666665,0.0,0.0,0.0,0.0,46.328635567806884,optimal
2021-02-11 14:00:00,5,35,0.0,0.0,0.0,0.4114666666666666,16.758,6.0,-1,20.699551010485276,55.0,0.03,0.0,0.0,0.0,0.0,46.051048978818656,optimal
2021-02-11 14:30:00,5,35,2.0,0.0,0.0,0.4903333333333333,16.422,6.0,-1,20.661227833008418,55.0,0.028666666666666667,7000.0,0.0,0.0,0.0,45.773739976419414,optimal
2021-02-11 15:00:00,5,35,0.0943895495486814,0.0,0.0,0.4132,16.758,6.0,-1,21.4831259275932,55.0,0.028666666666666667,330.3634234203849,0.0,0.0,0.0,45.49670828302257,optimal
2021-02-11 15:30:00,5,35,0.0,0.0,0.0,1.5223,29.358,6.0,-1,21.43742778730026,55.0,0.027333333333333334,0.0,0.0,0.0,0.0,45.21995362131912,optimal
2021-02-11 16:00:00,5,35,0.0,0.0,0.0,0.4729666666666666,34.9965,6.0,-1,21.37397813185681,55.0,0.027333333333333334,0.0,0.0,0.0,0.0,44.943475714277376,optimal
2021-02-11 16:30:00,5,35,0.0,0.0,0.0,0.2503333333333333,34.65,6.0,-1,21.22508952381574,55.0,0.024,0.0,0.0,0.0,0.0,44.667274285142675,optimal
2021-02-11 17:00:00,5,35,0.0,0.0,0.0,0.2708,34.9965,6.0,-1,21.030422434993365,55.0,0.023333333333333334,0.0,0.0,0.0,0.0,44.391349057437104,optimal
2021-02-11 17:30:00,5,35,0.0,0.0,0.0,0.4074,34.9965,6.0,-1,20.778206030306528,55.0,0.02266666666666667,0.0,0.0,0.0,0.0,44.115699754959245,optimal
2021-02-11 18:00:00,5,35,0.0,0.0,0.0,0.4516,30.4815,6.0,-1,20.53831367689867,55.0,0.021333333333333333,0.0,0.0,0.0,0.0,43.84032610178386,optimal
2021-02-11 18:30:00,5,35,0.0,0.0,0.0,0.3599,21.4305,6.0,-1,20.27528627854182,55.0,0.02,0.0,0.0,0.0,0.0,43.56522782226165,optimal
2021-02-11 19:00:00,5,35,0.6966903415438362,0.0,0.0,0.28733333333333333,14.3325,6.0,-1,20.0,55.0,0.0033333333333333335,2438.4161954034266,0.0,0.0,0.0,43.29040464101896,optimal
2021-02-11 19:30:00,5,35,1.5587025611327576,0.0,0.0,0.30269999999999997,13.692,6.0,-1,20.0,55.0,0.002,5455.458963964652,0.0,0.0,0.0,43.015856282957515,optimal
2021-02-11 20:00:00,5,35,0.0,0.0,0.0,0.2788333333333333,14.007,6.0,-1,20.352032778880172,55.0,0.0,0.0,0.0,0.0,0.0,42.741582473254134,optimal
2021-02-11 20:30:00,5,35,0.0,0.0,0.0,0.069,12.873,6.0,-1,20.0,55.0,0.0,0.0,0.0,0.0,0.0,42.467582937360454,optimal
2021-02-11 21:00:00,5,35,0.0,0.0,0.0,0.41806666666666664,12.684,6.0,-1,19.61592806917626,55.0,0.0,0.0,0.0,0.0,0.0,42.42511535442309,optimal
2021-02-11 21:30:00,5,35,0.0,0.0,0.0,0.13133333333333333,12.306,6.0,-1,19.30786713361762,55.0,0.0,0.0,0.0,0.0,0.0,42.382690239068666,optimal
2021-02-11 22:00:00,5,35,0.0,0.0,0.0,0.14266666666666666,10.6365,6.0,-1,18.96968165914995,55.0,0.0,0.0,0.0,0.0,0.0,42.3403075488296,optimal
2021-02-11 22:30:00,5,35,0.0,0.0,0.0,0.1574,11.2455,6.0,-1,18.631388281664766,55.0,0.0,0.0,0.0,0.0,0.0,42.29796724128077,optimal
2021-02-11 23:00:00,5,35,0.0,0.0,0.0,0.069,11.2455,6.0,-1,18.291034599590603,55.0,0.0,0.0,0.0,0.0,0.0,42.25566927403949,optimal
2021-02-11 23:30:00,5,35,0.0,0.0,0.0,0.16343333333333335,11.025,6.0,-1,17.936241466098252,55.0,0.0,0.0,0.0,0.0,0.0,42.21341360476545,optimal
2021-02-12 00:00:00,5,35,0.04921914177947171,0.0,0.0,0.048,10.8045,6.0,-1,17.936241466098252,55.0,0.0,172.266996228151,0.0,0.0,0.0,42.171200191160686,optimal
2021-02-12 00:30:00,5,35,2.0,0.0,0.0,0.048,11.025,6.0,-1,17.601691098511758,55.0,0.06698564593301436,0.0,0.0,7000.0,0.0,42.12902899096952,optimal
2021-02-12 01:00:00,5,35,2.0,0.0,0.0,0.14433333333333334,10.3635,6.0,-1,17.25131299607914,55.0,0.068,6894.0,0.0,106.0,0.0,42.08689996197855,optimal
2021-02-12 01:30:00,5,35,2.0,0.0,0.0,0.07633333333333332,10.8045,6.0,-1,17.747165291296408,55.0,0.068,7000.0,0.0,0.0,0.0,42.04481306201657,optimal
2021-02-12 02:00:00,5,35,2.0,0.0,0.0,0.048,10.059,6.0,-1,18.24179204569544,55.0,0.068,7000.0,0.0,0.0,0.0,42.00276824895455,optimal
2021-02-12 02:30:00,5,35,2.0,0.0,0.0,0.08766666666666667,10.584,6.0,-1,18.727229776417385,55.0,0.068,7000.0,0.0,0.0,0.0,41.9607654807056,optimal
2021-02-12 03:00:00,5,35,2.0,0.0,9.0,0.133,9.4185,6.0,-1,19.214724324831217,55.0,0.068,7000.0,0.0,0.0,0.0,46.19380471522489,optimal
2021-02-12 03:30:00,5,35,2.0,0.0,0.0,0.048,10.3635,6.0,-1,19.704927396851375,55.0,0.068,7000.0,0.0,0.0,0.0,46.14761091050967,optimal
2021-02-12 04:00:00,5,35,2.0,0.0,5.730373570402657,0.17266666666666666,9.8385,6.0,-1,20.18797577876874,55.0,0.068,7000.0,0.0,0.0,0.0,48.823390745540415,optimal
2021-02-12 04:30:00,5,35,2.0,0.0,0.0,0.048,11.067,6.0,-1,20.68920200556375,55.0,0.068,7000.0,0.0,0.0,0.0,48.774567354794875,optimal
2021-02-12 05:00:00,5,35,2.0,0.0,0.0,0.11033333333333331,10.8465,6.0,-1,21.178339276000163,55.0,0.068,7000.0,0.0,0.0,0.0,48.72579278744007,optimal
2021-02-12 05:30:00,5,35,0.0,0.0,0.0,0.11033333333333331,13.671,6.0,-1,21.678065070674883,55.0,0.068,0.0,0.0,0.0,0.0,48.67706699465263,optimal
2021-02-12 06:00:00,5,35,2.0,0.0,0.0,0.07066666666666667,12.348,6.0,-1,21.33992707106253,55.0,0.068,7000.0,0.0,0.0,0.0,48.62838992765797,optimal
2021-02-12 06:30:00,5,35,0.0,0.0,0.0,0.15,14.3325,6.0,-1,21.855947637942414,55.0,0.068,0.0,0.0,0.0,0.0,48.579761537730306,optimal
2021-02-12 07:00:00,5,35,0.0,0.0,0.0,0.048,15.393,6.0,-1,21.53315888975577,55.0,0.068,0.0,0.0,0.0,0.0,48.53118177619257,optimal
2021-02-12 07:30:00,5,35,0.0,0.0,0.0,0.047666666666666656,13.587,6.0,-1,21.204289526248257,55.0,0.068,0.0,0.0,0.0,0.0,48.48265059441637,optimal
2021-02-12 08:00:00,5,35,0.0,0.0,0.0,0.18366666666666662,16.1385,6.0,-1,20.869541821299585,55.0,0.06333333333333334,0.0,0.0,0.0,0.0,48.434167943821954,optimal
2021-02-12 08:30:00,5,35,0.0,0.0,0.0,0.08433333333333333,14.595,6.0,-1,20.565372758695485,55.0,0.019333333333333334,0.0,0.0,0.0,0.0,48.38573377587813,optimal
2021-02-12 09:00:00,5,35,0.0,0.0,0.0,0.14933333333333335,14.637,6.0,-1,20.25077730477657,55.0,0.019333333333333334,0.0,0.0,0.0,0.0,48.33734804210225,optimal
2021-02-12 09:30:00,5,35,0.520760871681813,0.0,0.0,0.13473333333333332,13.9125,6.0,-1,20.0,55.0,0.018666666666666668,1822.6630508863457,0.0,0.0,0.0,48.289010694060146,optimal
2021-02-12 10:00:00,5,35,0.25408974342398316,0.0,0.0,1.5341,13.3665,6.0,-1,20.0,55.0,0.016,889.314101983941,0.0,0.0,0.0,48.240721683366075,optimal
2021-02-12 10:30:00,5,35,0.5312222371894524,0.0,0.0,0.24466666666666662,13.0095,6.0,-1,20.0,55.0,0.012,1859.277830163083,0.0,0.0,0.0,48.192480961682705,optimal
2021-02-12 11:00:00,5,35,0.0,0.0,0.0,0.15280000000000002,13.8915,6.0,-1,20.09309406983894,55.0,0.009333333333333334,0.0,0.0,0.0,0.0,48.144288480721016,optimal
2021-02-12 11:30:00,5,35,0.2200349887278982,0.0,0.0,0.16606666666666667,13.188,6.0,-1,20.0,55.0,0.009333333333333334,770.1224605476436,0.0,0.0,0.0,48.096144192240295,optimal
2021-02-12 12:00:00,5,35,0.19900792459988273,0.0,0.0,0.1921,12.5685,6.0,-1,20.0,55.0,0.006666666666666667,696.5277360995896,0.0,0.0,0.0,48.048048048048045,optimal
2021-02-12 12:30:00,5,35,0.18985565205460084,0.0,0.0,0.1252,12.285,6.0,-1,20.0,55.0,0.006666666666666667,664.4947821911029,0.0,0.0,0.0,48.0,optimal
2021-02-12 13:00:00,5,35,0.5116204118143656,0.0,0.0,0.126,11.487,6.0,-1,20.0,55.0,0.006666666666666667,1790.6714413502793,0.0,0.0,0.0,47.88354648975708,optimal
2021-02-12 13:30:00,5,35,0.0,0.0,0.0,0.058,11.802,6.0,-1,20.11338320968301,55.0,0.006666666666666667,0.0,0.0,0.0,0.0,47.767209433024405,optimal
2021-02-12 14:00:00,5,35,2.0,0.0,0.0,0.08633333333333333,11.2245,6.0,-1,20.0,55.0,0.006666666666666667,7000.0,0.0,0.0,0.0,47.65098871334846,optimal
2021-02-12 14:30:00,5,35,2.0,0.0,0.0,0.15433333333333335,11.025,6.0,-1,20.71883688541368,55.0,0.006666666666666667,7000.0,0.0,0.0,0.0,47.53488421439219,optimal
2021-02-12 15:00:00,5,35,1.7528768691548113,0.0,0.0,0.058,11.907,6.0,-1,21.433862713372456,55.0,0.006666666666666667,6135.06904204184,0.0,0.0,0.0,47.41889581993488,optimal
2021-02-12 15:30:00,5,35,0.0,0.0,0.0,0.18266666666666662,25.83,6.0,-1,22.0,55.0,0.006666666666666667,0.0,0.0,0.0,0.0,47.303023413872026,optimal
2021-02-12 16:00:00,5,35,0.0,0.0,0.0,0.058,28.035,6.0,-1,21.83245816222169,55.0,0.006666666666666667,0.0,0.0,0.0,0.0,47.18726688021523,optimal
2021-02-12 16:30:00,5,35,0.0,0.0,0.0,0.058,28.119,6.0,-1,21.596677466277317,55.0,0.006666666666666667,0.0,0.0,0.0,0.0,47.0716261030921,optimal
2021-02-12 17:00:00,5,35,0.0,0.0,0.0,0.143,30.156,6.0,-1,21.35995618745934,55.0,0.006666666666666667,0.0,0.0,0.0,0.0,46.95610096674609,optimal
2021-02-12 17:30:00,5,35,0.0,0.0,0.0,0.10666666666666669,29.1585,6.0,-1,21.083407042866927,55.0,0.002,0.0,0.0,0.0,0.0,46.909144865779346,optimal
2021-02-12 18:00:00,5,35,0.0,0.0,0.0,0.07966666666666668,26.712,6.0,-1,20.834791778618435,55.0,0.002,0.0,0.0,0.0,0.0,46.86223572091357,optimal
2021-02-12 18:30:00,5,35,0.0,0.0,0.0,0.058,15.435,6.0,-1,20.553723939920857,55.0,0.002,0.0,0.0,0.0,0.0,46.81537348519265,optimal
2021-02-12 19:00:00,5,35,0.020113733045404807,0.0,0.0,0.18266666666666662,13.566,6.0,-1,20.26336638399871,55.0,0.002,70.39806565891682,0.0,0.0,0.0,46.768558111707456,optimal
2021-02-12 19:30:00,5,35,0.6754300556201491,0.0,0.0,0.058,12.789,6.0,-1,20.0,55.0,0.002,2364.005194670522,0.0,0.0,0.0,46.72178955359575,optimal
2021-02-12 20:00:00,5,35,0.6578031721392957,0.0,0.0,0.11086666666666666,12.1275,6.0,-1,20.0,55.0,0.0,2302.311102487535,0.0,0.0,0.0,46.675067764042154,optimal
2021-02-12 20:30:00,5,35,0.0,0.0,0.0,0.3263333333333333,13.671,6.0,-1,20.0,55.0,0.0,0.0,0.0,0.0,0.0,46.62839269627811,optimal
2021-02-12 21:00:00,5,35,0.0398095238095238,0.0,0.0,0.4476666666666667,10.668,6.0,-1,19.776226702976558,55.0,0.0,0.0,0.0,139.33333333333331,0.0,46.581764303581835,optimal
2021-02-12 21:30:00,5,35,0.0,0.0,0.0,0.23146666666666668,11.7285,6.0,-1,19.58947042136509,55.0,0.0,0.0,0.0,0.0,0.0,46.53518253927825,optimal
2021-02-12 22:00:00,5,35,0.0,0.0,0.0,0.18166666666666662,11.025,6.0,-1,19.382995509227865,55.0,0.0,0.0,0.0,0.0,0.0,46.48864735673897,optimal
2021-02-12 22:30:00,5,35,0.0,0.0,0.0,0.2823333333333333,10.689,6.0,-1,19.15316824067247,55.0,0.0,0.0,0.0,0.0,0.0,46.442158709382234,optimal
2021-02-12 23:00:00,5,35,0.0398095238095238,0.0,0.0,0.24380000000000002,8.1585,6.0,-1,18.93685436726504,55.0,0.0,0.0,0.0,139.33333333333331,0.0,46.39571655067285,optimal
2021-02-12 23:30:00,5,35,0.0,0.0,0.0,0.16466666666666666,10.3635,6.0,-1,18.720191272171192,55.0,0.0,0.0,0.0,0.0,0.0,46.34932083412218,optimal
2021-02-13 00:00:00,5,35,0.0,0.0,0.0,0.063,11.025,6.0,4,18.720191272171192,55.0,0.0,0.0,0.0,0.0,0.0,46.30297151328806,optimal
2021-02-13 00:30:00,5,35,0.0,0.0,0.0,0.3374,8.2005,6.0,4,18.44175912504148,55.0,0.0,0.0,0.0,0.0,0.0,46.25666854177477,optimal
2021-02-13 01:00:00,5,35,0.0,0.0,0.0,0.10479999999999999,9.5655,6.0,4,18.20115399301135,55.0,0.0,0.0,0.0,0.0,0.0,46.210411873233,optimal
2021-02-13 01:30:00,5,35,2.0,0.0,4.8809455432770745,0.12246666666666668,7.056,6.0,4,17.936818031416784,55.0,0.006666666666666665,6303.333333333334,0.0,696.6666666666665,0.0,48.48265059441637,optimal
2021-02-13 02:00:00,5,35,0.0,0.0,0.0,0.3001333333333333,9.3975,6.0,4,18.43764831408379,55.0,0.006666666666666665,0.0,0.0,0.0,0.0,48.434167943821954,optimal
2021-02-13 02:30:00,5,35,0.0,0.0,0.0,0.08259999999999999,10.059,6.0,4,18.19481631260258,55.0,0.006666666666666665,0.0,0.0,0.0,0.0,48.38573377587813,optimal
2021-02-13 03:00:00,5,35,0.0,0.0,0.0,0.27466666666666667,9.261,6.0,4,17.929366644359437,55.0,0.006666666666666665,0.0,0.0,0.0,0.0,48.33734804210225,optimal
2021-02-13 03:30:00,5,35,2.0,0.0,0.0,0.1692,8.1585,6.0,4,17.690914921075798,55.0,0.006666666666666665,7000.0,0.0,0.0,0.0,48.289010694060146,optimal
2021-02-13 04:00:00,5,35,0.0,0.0,0.0,0.12503333333333333,9.4815,6.0,4,18.28459446176343,55.0,0.006666666666666665,0.0,0.0,0.0,0.0,48.240721683366075,optimal
2021-02-13 04:30:00,5,35,2.0,0.0,0.0,0.22956666666666664,8.379,6.0,4,18.020267702494984,55.0,0.006666666666666665,7000.0,0.0,0.0,0.0,48.192480961682705,optimal
2021-02-13 05:00:00,5,35,0.0,0.0,0.0,0.18059999999999998,9.5235,6.0,4,18.61318725344945,55.0,0.006666666666666665,0.0,0.0,0.0,0.0,48.144288480721016,optimal
2021-02-13 05:30:00,5,35,2.0,0.0,0.0,0.17706666666666665,8.1375,6.0,4,18.347804456234698,55.0,0.006666666666666665,7000.0,0.0,0.0,0.0,48.096144192240295,optimal
2021-02-13 06:00:00,5,35,0.0,0.0,0.0,0.12113333333333334,10.0905,6.0,4,18.926680519517436,55.0,0.006666666666666665,0.0,0.0,0.0,0.0,48.048048048048045,optimal
2021-02-13 06:30:00,5,35,2.0,0.0,0.0,0.9901666666666666,7.539,6.0,4,18.653079010456167,55.0,0.003999999999999999,7000.0,0.0,0.0,0.0,48.0,optimal
2021-02-13 07:00:00,5,35,2.0,0.0,0.0,0.0953,7.938,6.0,4,19.277268117332596,55.0,0.003999999999999999,7000.0,0.0,0.0,0.0,47.81690895409215,optimal
2021-02-13 07:30:00,5,35,2.0,0.0,0.0,0.13973333333333332,8.274,6.0,4,19.829763162678354,55.0,0.003999999999999999,7000.0,0.0,0.0,0.0,47.63400099923021,optimal
2021-02-13 08:00:00,5,35,2.0,0.0,0.0,0.21446666666666667,9.261,6.0,4,20.37898070793226,55.0,0.003999999999999999,7000.0,0.0,0.0,0.0,47.45127595232313,optimal
2021-02-13 08:30:00,5,35,0.0,0.0,0.0,0.2394,9.9225,6.0,4,20.930853779782687,55.0,0.003999999999999999,0.0,0.0,0.0,0.0,47.268733630462954,optimal
2021-02-13 09:00:00,5,35,2.0,0.0,0.0,0.12503333333333333,9.702,6.0,4,20.635111835289845,55.0,0.003999999999999999,7000.0,0.0,0.0,0.0,47.086373850924645,optimal
2021-02-13 09:30:00,5,35,0.0,0.0,0.0,0.3127,10.584,6.0,4,21.202411670027313,55.0,0.003999999999999999,0.0,0.0,0.0,0.0,46.90419643116587,optimal
2021-02-13 10:00:00,5,35,1.8279766254575933,0.0,0.0,0.08746666666666666,10.143,6.0,4,20.945583636534717,55.0,0.003999999999999999,6397.918189101577,0.0,0.0,0.0,46.72220118882686,optimal
2021-02-13 10:30:00,5,35,0.0,0.0,0.0,0.2750666666666667,13.0095,6.0,4,21.489917850261822,55.0,0.003999999999999999,0.0,0.0,0.0,0.0,46.54038794173018,optimal
2021-02-13 11:00:00,5,35,0.0,0.0,0.0,0.11706666666666667,11.025,6.0,4,21.278764376430974,55.0,0.003999999999999999,0.0,0.0,0.0,0.0,46.3587565078806,optimal
2021-02-13 11:30:00,5,35,0.0,0.0,0.0,0.8645333333333333,12.789,6.0,4,21.111579581462788,55.0,0.003999999999999999,0.0,0.0,0.0,0.0,46.17730670546487,optimal
2021-02-13 12:00:00,5,35,0.0,0.0,0.0,0.426,12.1275,6.0,4,20.978048795751473,55.0,0.003999999999999999,0.0,0.0,0.0,0.0,45.996038352851556,optimal
2021-02-13 12:30:00,5,35,0.0,0.0,0.0,0.2014,12.1695,6.0,4,20.90102529250383,55.0,0.003999999999999999,0.0,0.0,0.0,0.0,45.81495126859085,optimal
2021-02-13 13:00:00,5,35,0.0,0.0,0.0,0.32530000000000003,12.306,6.0,4,20.802056657846425,55.0,0.001333333333333333,0.0,0.0,0.0,0.0,45.634045271414415,optimal
2021-02-13 13:30:00,5,35,0.0,0.0,0.0,0.4685,13.23,6.0,4,20.727335620996648,55.0,0.001333333333333333,0.0,0.0,0.0,0.0,45.45332018023515,optimal
2021-02-13 14:00:00,5,35,0.0,0.0,0.0,0.10479999999999999,13.671,6.0,4,20.670960013165708,55.0,0.001333333333333333,0.0,0.0,0.0,0.0,45.27277581414707,optimal
2021-02-13 14:30:00,5,35,0.0,0.0,0.0,0.09126666666666668,13.9335,6.0,4,20.510247482731206,55.0,0.001333333333333333,0.0,0.0,0.0,0.0,45.09241199242507,optimal
2021-02-13 15:00:00,5,35,0.0,0.0,0.0,0.3333666666666667,13.293,6.0,4,20.35152454621354,55.0,0.001333333333333333,0.0,0.0,0.0,0.0,44.91222853452479,optimal
2021-02-13 15:30:00,5,35,0.0,0.0,0.0,0.12883333333333336,12.1065,6.0,4,20.1875991771075,55.0,0.001333333333333333,0.0,0.0,0.0,0.0,44.732225260082416,optimal
2021-02-13 16:00:00,5,35,0.5366922624144328,0.0,0.0,0.14366666666666666,11.571,6.0,4,20.0,55.0,0.001333333333333333,1878.4229184505148,0.0,0.0,0.0,44.55240198891448,optimal
2021-02-13 16:30:00,5,35,1.21853920135965,0.0,0.0,0.3168666666666667,11.025,6.0,4,20.0,55.0,0.001333333333333333,4264.887204758776,0.0,0.0,0.0,44.37275854101772,optimal
2021-02-13 17:00:00,5,35,2.0,0.0,0.0,0.10479999999999999,10.8465,6.0,4,20.30818729366775,55.0,0.001333333333333333,7000.0,0.0,0.0,0.0,44.19329473656885,optimal
2021-02-13 17:30:00,5,35,2.0,0.0,0.0,0.26846666666666663,11.2455,6.0,4,20.879324855676114,55.0,0.001333333333333333,7000.0,0.0,0.0,0.0,44.01401039592444,optimal
2021-02-13 18:00:00,5,35,0.0,0.0,0.0,0.13893333333333333,23.8665,6.0,4,21.460325536890757,55.0,0.001333333333333333,0.0,0.0,0.0,0.0,43.83490533962066,optimal
2021-02-13 18:30:00,5,35,0.0,0.0,0.0,0.19366666666666663,27.4575,6.0,4,21.157377716077725,55.0,0.001333333333333333,0.0,0.0,0.0,0.0,43.65597938837319,optimal
2021-02-13 19:00:00,5,35,0.0,0.0,0.0,0.2165,27.3735,6.0,4,20.864359390493366,55.0,0.001333333333333333,0.0,0.0,0.0,0.0,43.477232363076965,optimal
2021-02-13 19:30:00,5,35,0.0,0.0,0.0,0.12503333333333333,30.4605,6.0,4,20.577647790844317,55.0,0.001333333333333333,0.0,0.0,0.0,0.0,43.29866408480604,optimal
2021-02-13 20:00:00,5,35,0.0,0.0,0.0,0.20366666666666663,30.0195,6.0,4,20.282665294273627,55.0,0.001333333333333333,0.0,0.0,0.0,0.0,43.120274374813384,optimal
2021-02-13 20:30:00,5,35,0.0,0.0,0.0,0.19013333333333332,26.9325,6.0,4,20.0,55.0,0.001333333333333333,0.0,0.0,0.0,0.0,42.94206305453072,optimal
2021-02-13 21:00:00,5,35,0.0,0.0,0.0,0.44926666666666665,14.595,6.0,4,19.719846367542406,55.0,0.0,0.0,0.0,0.0,0.0,42.89912099147619,optimal
2021-02-13 21:30:00,5,35,0.0,0.0,0.0,0.6732666666666667,12.4845,6.0,4,19.495811661109528,55.0,0.0,0.0,0.0,0.0,0.0,42.85622187048471,optimal
2021-02-13 22:00:00,5,35,0.0,0.0,0.0,0.2328,12.1275,6.0,4,19.31353121845134,55.0,0.0,0.0,0.0,0.0,0.0,42.81336564861422,optimal
2021-02-13 22:30:00,5,35,0.0,0.0,0.0,0.11813333333333334,12.1275,6.0,4,19.06615219799256,55.0,0.0,0.0,0.0,0.0,0.0,42.77055228296561,optimal
2021-02-13 23:00:00,5,35,0.0,0.0,0.0,0.3440666666666667,12.789,6.0,4,18.80038764856765,55.0,0.0,0.0,0.0,0.0,0.0,42.72778173068264,optimal
2021-02-13 23:30:00,5,35,0.0,0.0,0.0,0.069,11.907,6.0,4,18.56643291945973,55.0,0.0,0.0,0.0,0.0,0.0,42.68505394895196,optimal
2021-02-07 00:00:00,6,35,0.0,0.0,0.0,0.056,9.261,6.0,0,21.0,55.0,0.12,0.0,0.0,0.0,0.0,47.952,optimal
2021-02-07 00:30:00,6,35,0.0,0.0,0.0,0.056,10.3635,6.0,0,20.73561961133608,55.0,0.12,0.0,0.0,0.0,0.0,47.904047999999996,optimal
2021-02-07 01:00:00,6,35,0.0,0.0,0.0,0.10826666666666668,8.274,6.0,0,20.473646806818493,55.0,0.12,0.0,0.0,0.0,0.0,47.856143952,optimal
2021-02-07 01:30:00,6,35,0.0,0.0,0.0,0.14746666666666666,7.7175,6.0,0,20.220335211590598,55.0,0.12,0.0,0.0,0.0,0.0,47.80828780804799,optimal
2021-02-07 02:00:00,6,35,0.0,0.0,0.0,0.056,6.615,6.0,0,19.974718069019133,55.0,0.12,0.0,0.0,0.0,0.0,47.76047952023995,optimal
2021-02-07 02:30:00,6,35,0.0,0.0,0.0,0.12133333333333332,6.174,6.0,0,19.72096046384443,55.0,0.12,0.0,0.0,0.0,0.0,47.712719040719705,optimal
2021-02-07 03:00:00,6,35,2.0,0.0,0.0,0.13440000000000002,3.906,6.0,0,19.477315966610497,55.0,0.12,7000.0,0.0,0.0,0.0,47.66500632167899,optimal
2021-02-07 03:30:00,6,35,2.0,0.0,0.0,0.056,2.3415,6.0,0,20.079609305157216,55.0,0.12,7000.0,0.0,0.0,0.0,47.61734131535731,optimal
2021-02-07 04:00:00,6,35,2.0,0.0,0.0,0.1736,2.205,6.0,0,20.662915550319017,55.0,0.12,7000.0,0.0,0.0,0.0,47.56972397404195,optimal
2021-02-07 04:30:00,6,35,2.0,0.0,1.0059910524886182,0.08146666666666667,0.882,6.0,0,21.2510961236488,55.0,0.12,7000.0,0.0,0.0,0.0,48.0,optimal
2021-02-07 05:00:00,6,35,2.0,0.0,0.0,0.12786666666666666,1.5435,6.0,0,21.826113744125227,55.0,0.12,7000.0,0.0,0.0,0.0,47.606837870053916,optimal
2021-02-07 05:30:00,6,35,2.0,0.0,0.0,0.12786666666666666,1.5435,6.0,0,22.391754851953806,55.0,0.12,7000.0,0.0,0.0,0.0,47.21406890223778,optimal
2021-02-07 06:00:00,6,35,0.0,0.0,0.0,0.0722,5.0715,6.0,0,22.949111342774295,55.0,0.12,0.0,0.0,0.0,0.0,46.82169270338946,optimal
2021-02-07 06:30:00,6,35,0.0,0.0,0.0,0.2032,5.376,6.0,0,22.648181710731652,55.0,0.12,0.0,0.0,0.0,0.0,46.42970888073999,optimal
2021-02-07 07:00:00,6,35,0.48976980529735403,0.0,0.0,0.066,5.0715,6.0,0,22.366649518447375,55.0,0.12,1714.194318540739,0.0,0.0,0.0,46.03811704191317,optimal
2021-02-07 07:30:00,6,35,0.0,0.0,0.0,0.20006666666666664,5.5125,6.0,0,22.27825729706765,55.0,0.12,0.0,0.0,0.0,0.0,45.646916794925176,optimal
2021-02-07 08:00:00,6,35,0.6973443413344294,0.0,0.0,0.056,9.261,6.0,0,22.0,55.0,0.12,2440.705194670503,0.0,0.0,0.0,45.25610774818417,optimal
2021-02-07 08:30:00,6,35,0.0,0.0,0.0,0.154,11.7075,6.0,0,22.0,55.0,0.12,0.0,0.0,0.0,0.0,44.8656895104899,optimal
2021-02-07 09:00:00,6,35,0.0,0.0,0.0,0.10173333333333331,12.348,6.0,0,21.717386115464823,55.0,0.12,0.0,0.0,0.0,0.0,44.47566169103333,optimal
2021-02-07 09:30:00,6,35,0.0,0.0,0.0,0.056,12.348,6.0,0,21.448812350671854,55.0,0.12,0.0,0.0,0.0,0.0,44.08602389939622,optimal
2021-02-07 10:00:00,6,35,0.0,0.0,0.0,0.2094,12.1275,6.0,0,21.17940177423438,55.0,0.12,0.0,0.0,0.0,0.0,43.69677574555074,optimal
2021-02-07 10:30:00,6,35,0.0,0.0,0.0,0.066,12.5265,6.0,0,20.95270701427024,55.0,0.12,0.0,0.0,0.0,0.0,43.307916839859104,optimal
2021-02-07 11:00:00,6,35,2.0,0.0,0.0,0.5854,11.7495,6.0,0,20.710573437936397,55.0,0.12,7000.0,0.0,0.0,0.0,42.91944679307316,optimal
2021-02-07 11:30:00,6,35,0.0,0.0,0.0,1.7301333333333335,13.23,6.0,0,21.36840624940919,55.0,0.12,0.0,0.0,0.0,0.0,42.53136521633401,optimal
2021-02-07 12:00:00,6,35,0.0,0.0,0.0,0.6223333333333334,14.3325,6.0,0,21.196472254711054,55.0,0.118,0.0,0.0,0.0,0.0,42.14367172117159,optimal
2021-02-07 12:30:00,6,35,0.0,0.0,0.0,2.206866666666667,14.994,6.0,0,21.034317006618586,55.0,0.116,0.0,0.0,0.0,0.0,41.75636591950434,optimal
2021-02-07 13:00:00,6,35,0.0,0.0,0.0,0.11826666666666669,14.8155,6.0,0,20.905131709362312,55.0,0.116,0.0,0.0,0.0,0.0,41.36944742363875,optimal
2021-02-07 13:30:00,6,35,0.0,0.0,0.0,0.066,14.112,6.0,0,20.697996300385544,55.0,0.116,0.0,0.0,0.0,0.0,40.98291584626903,optimal
2021-02-07 14:00:00,6,35,0.0,0.0,0.0,0.066,14.007,6.0,0,20.488338116871596,55.0,0.116,0.0,0.0,0.0,0.0,40.596770800476676,optimal
2021-02-07 14:30:00,6,35,0.5392193543414756,0.0,0.0,0.19666666666666663,13.23,6.0,0,20.28957933827887,55.0,0.116,1887.2677401951646,0.0,0.0,0.0,40.21101189973012,optimal
2021-02-07 15:00:00,6,35,2.0,0.0,0.0,0.07906666666666666,11.382,6.0,0,20.33726811902927,55.0,0.116,7000.0,0.0,0.0,0.0,39.825638757884306,optimal
2021-02-07 15:30:00,6,35,2.0,0.0,0.0,0.1052,11.7495,6.0,0,21.0029426219904,55.0,0.116,7000.0,0.0,0.0,0.0,39.44065098918034,optimal
2021-02-07 16:00:00,6,35,0.0,0.0,0.0,0.17053333333333334,24.3285,6.0,0,21.65981485773988,55.0,0.116,0.0,0.0,0.0,0.0,39.05604820824508,optimal
2021-02-07 16:30:00,6,35,0.0,0.0,0.0,0.066,28.917,6.0,0,21.431711731474284,55.0,0.116,0.0,0.0,0.0,0.0,38.67183003009075,optimal
2021-02-07 17:00:00,6,35,0.0,0.0,0.0,0.2097333333333333,31.3635,6.0,0,21.195104045025978,55.0,0.116,0.0,0.0,0.0,0.0,38.28799607011458,optimal
2021-02-07 17:30:00,6,35,0.0,0.0,0.0,0.3135333333333334,33.306,6.0,0,20.93686465024328,55.0,0.116,0.0,0.0,0.0,0.0,38.24970807404446,optimal
2021-02-07 18:00:00,6,35,0.0,0.0,0.0,0.1606,31.3425,6.0,0,20.676687286266105,55.0,0.11,0.0,0.0,0.0,0.0,38.211458365970415,optimal
2021-02-07 18:30:00,6,35,0.0,0.0,0.0,1.9008333333333332,28.2555,6.0,0,20.443377901295676,55.0,0.11,0.0,0.0,0.0,0.0,38.173246907604444,optimal
2021-02-07 19:00:00,6,35,0.0,0.0,0.0,0.4129666666666666,15.6975,6.0,0,20.250632167930156,55.0,0.11,0.0,0.0,0.0,0.0,38.13507366069684,optimal
2021-02-07 19:30:00,6,35,0.5183755610990263,0.0,0.0,0.22576666666666667,12.5475,6.0,0,20.0,55.0,0.10866666666666666,1814.3144638465922,0.0,0.0,0.0,38.09693858703614,optimal
2021-02-07 20:00:00,6,35,0.4413507991942644,0.0,0.0,1.4943333333333333,12.0855,6.0,0,20.0,55.0,0.108,1544.7277971799256,0.0,0.0,0.0,38.0588416484491,optimal
2021-02-07 20:30:00,6,35,0.0,0.0,0.0,1.082,11.907,6.0,0,20.0,55.0,0.10666666666666667,0.0,0.0,0.0,0.0,38.02078280680065,optimal
2021-02-07 21:00:00,6,35,0.0,0.0,0.0,0.3103666666666667,12.5685,6.0,0,19.81503446506608,55.0,0.10666666666666667,0.0,0.0,0.0,0.0,37.98276202399385,optimal
2021-02-07 21:30:00,6,35,0.0,0.0,0.0,2.206333333333333,13.146,6.0,0,19.606108086934213,55.0,0.10666666666666667,0.0,0.0,0.0,0.0,37.944779261969856,optimal
2021-02-07 22:00:00,6,35,0.0,0.0,0.0,0.2991333333333333,10.584,6.0,0,19.431365308743032,55.0,0.106,0.0,0.0,0.0,0.0,37.906834482707886,optimal
2021-02-07 22:30:00,6,35,0.0,0.0,0.0,3.0041333333333333,6.678,6.0,0,19.260537526921667,55.0,0.106,0.0,0.0,0.0,0.0,37.86892764822518,optimal
2021-02-07 23:00:00,6,35,0.0,0.0,0.0,0.2318,7.938,6.0,0,19.117679348915548,55.0,0.10466666666666667,0.0,0.0,0.0,0.0,37.831058720576955,optimal
2021-02-07 23:30:00,6,35,0.0,0.0,0.0,0.15093333333333334,5.292,6.0,0,18.92345076747803,55.0,0.10466666666666667,0.0,0.0,0.0,0.0,37.79322766185638,optimal
2021-02-08 00:00:00,6,35,2.0,0.0,0.0,0.054,7.665,6.0,-3,18.92345076747803,55.0,0.10466666666666667,7000.0,0.0,0.0,0.0,37.75543443419452,optimal
2021-02-08 00:30:00,6,35,2.0,0.0,0.0,0.054,6.7725,6.0,-3,19.51963095940137,55.0,0.10466666666666667,7000.0,0.0,0.0,0.0,37.717678999760324,optimal
2021-02-08 01:00:00,6,35,2.0,0.0,0.0,0.054,5.5755,6.0,-3,20.107079246076776,55.0,0.10466666666666667,7000.0,0.0,0.0,0.0,37.67996132076056,optimal
2021-02-08 01:30:00,6,35,2.0,0.0,9.0,0.1176,5.0925,6.0,-3,20.685923518652416,55.0,0.10466666666666667,7000.0,0.0,0.0,0.0,41.9172813594398,optimal
2021-02-08 02:00:00,6,35,2.0,0.0,9.0,0.054,4.1895,6.0,-3,21.2632100236388,55.0,0.10466666666666667,7000.0,0.0,0.0,0.0,46.15036407808036,optimal
2021-02-08 02:30:00,6,35,2.0,0.0,0.0,0.054,7.056,6.0,-3,21.82365647777418,55.0,0.10466666666666667,7000.0,0.0,0.0,0.0,46.10421371400228,optimal
2021-02-08 03:00:00,6,35,2.0,0.0,4.900261632820747,0.054,5.271,6.0,-3,22.376626718959123,55.0,0.10466666666666667,7000.0,0.0,0.0,0.0,48.38573377587813,optimal
2021-02-08 03:30:00,6,35,2.0,0.0,0.0,0.1176,7.938,6.0,-3,22.922230246945514,55.0,0.10466666666666667,7000.0,0.0,0.0,0.0,48.33734804210225,optimal
2021-02-08 04:00:00,6,35,2.0,0.0,0.0,0.054,7.938,6.0,-3,23.466762865235708,55.0,0.10466666666666667,7000.0,0.0,0.0,0.0,48.289010694060146,optimal
2021-02-08 04:30:00,6,35,0.0,0.0,0.0,0.06459999999999999,11.907,6.0,-3,23.994935159842974,55.0,0.10466666666666667,0.0,0.0,0.0,0.0,48.240721683366075,optimal
2021-02-08 05:00:00,6,35,0.02722297287363373,0.0,0.0,0.107,11.025,6.0,-3,23.67292066806425,55.0,0.10466666666666667,95.28040505771806,0.0,0.0,0.0,48.192480961682705,optimal
2021-02-08 05:30:00,6,35,0.0,0.0,0.0,0.06813333333333334,11.2875,6.0,-3,23.37072402754897,55.0,0.10466666666666667,0.0,0.0,0.0,0.0,48.144288480721016,optimal
2021-02-08 06:00:00,6,35,0.0,0.0,0.0,0.10346666666666668,12.936,6.0,-3,23.05608017263098,55.0,0.10466666666666667,0.0,0.0,0.0,0.0,48.096144192240295,optimal
2021-02-08 06:30:00,6,35,0.0,0.0,0.0,0.08226666666666667,13.0095,6.0,-3,22.749563819039803,55.0,0.10466666666666667,0.0,0.0,0.0,0.0,48.048048048048045,optimal
2021-02-08 07:00:00,6,35,0.0,0.0,0.0,0.08733333333333333,13.671,6.0,-3,22.444253661767586,55.0,0.102,0.0,0.0,0.0,0.0,48.0,optimal
2021-02-08 07:30:00,6,35,0.0,0.0,0.0,0.09286666666666667,13.188,6.0,-3,22.16460976472167,55.0,0.102,0.0,0.0,0.0,0.0,47.68757841759749,optimal
2021-02-08 08:00:00,6,35,0.0,0.0,0.0,0.07873333333333334,13.8495,6.0,-3,21.85976769503496,55.0,0.102,0.0,0.0,0.0,0.0,47.37546925677739,optimal
2021-02-08 08:30:00,6,35,0.0,0.0,0.0,0.054,13.23,6.0,-3,21.559700418097133,55.0,0.102,0.0,0.0,0.0,0.0,47.06367220511811,optimal
2021-02-08 09:00:00,6,35,0.0,0.0,0.0,0.1176,13.3665,6.0,-3,21.25958741897726,55.0,0.102,0.0,0.0,0.0,0.0,46.752186950510485,optimal
2021-02-08 09:30:00,6,35,0.0,0.0,0.0,0.054,13.0515,6.0,-3,20.997351532195704,55.0,0.102,0.0,0.0,0.0,0.0,46.441013181157466,optimal
2021-02-08 10:00:00,6,35,0.0,0.0,0.0,0.054,13.5345,6.0,-3,20.733500875696247,55.0,0.102,0.0,0.0,0.0,0.0,46.1301505855738,optimal
2021-02-08 10:30:00,6,35,0.0,0.0,0.0,0.1176,14.154,6.0,-3,20.518835575319326,55.0,0.102,0.0,0.0,0.0,0.0,45.81959885258572,optimal
2021-02-08 11:00:00,6,35,0.0,0.0,0.0,0.05633333333333333,14.112,6.0,-3,20.312769939555015,55.0,0.102,0.0,0.0,0.0,0.0,45.509357671330626,optimal
2021-02-08 11:30:00,6,35,0.0,0.0,0.0,0.1276,14.2485,6.0,-3,20.15063905557422,55.0,0.102,0.0,0.0,0.0,0.0,45.19942673125679,optimal
2021-02-08 12:00:00,6,35,0.6569711927383929,0.0,0.0,0.064,12.789,6.0,-3,20.0,55.0,0.102,2299.399174584375,0.0,0.0,0.0,44.88980572212303,optimal
2021-02-08 12:30:00,6,35,0.0,0.0,0.0,0.064,13.0095,6.0,-3,20.13788051031701,55.0,0.102,0.0,0.0,0.0,0.0,44.5804943339984,optimal
2021-02-08 13:00:00,6,35,2.0,0.0,0.0,0.064,12.1275,6.0,-3,20.0,55.0,0.102,7000.0,0.0,0.0,0.0,44.2714922572619,optimal
2021-02-08 13:30:00,6,35,0.6113825336620413,0.0,0.0,0.064,12.348,6.0,-3,20.70387124092566,55.0,0.102,2139.8388678171445,0.0,0.0,0.0,43.96279918260213,optimal
2021-02-08 14:00:00,6,35,2.0,0.0,0.0,0.1252666666666667,12.348,6.0,-3,20.814108251150085,55.0,0.102,7000.0,0.0,0.0,0.0,43.654414801017026,optimal
2021-02-08 14:30:00,6,35,0.0,0.0,0.0,0.054,25.389,6.0,-3,21.517729299395363,55.0,0.102,0.0,0.0,0.0,0.0,43.3463388038135,optimal
2021-02-08 15:00:00,6,35,0.0,0.0,0.0,0.054,29.1375,6.0,-3,21.358933569805938,55.0,0.102,0.0,0.0,0.0,0.0,43.03857088260718,optimal
2021-02-08 15:30:00,6,35,0.0,0.0,0.0,0.054,30.597,6.0,-3,21.16587670005368,55.0,0.102,0.0,0.0,0.0,0.0,42.73111072932207,optimal
2021-02-08 16:00:00,6,35,0.0,0.0,0.0,0.07166666666666667,33.684,6.0,-3,20.976379743202397,55.0,0.102,0.0,0.0,0.0,0.0,42.42395803619024,optimal
2021-02-08 16:30:00,6,35,0.0,0.0,0.0,0.10226666666666669,32.445,6.0,-3,20.75157583162146,55.0,0.102,0.0,0.0,0.0,0.0,42.11711249575155,optimal
2021-02-08 17:00:00,6,35,0.0,0.0,0.0,0.064,28.917,6.0,-3,20.531268662623788,55.0,0.102,0.0,0.0,0.0,0.0,41.81057380085329,optimal
2021-02-08 17:30:00,6,35,0.0,0.0,0.0,0.10286666666666666,15.876,6.0,-3,20.262794602392216,55.0,0.102,0.0,0.0,0.0,0.0,41.504341644649934,optimal
2021-02-08 18:00:00,6,35,0.6595767688525951,0.0,0.0,0.08873333333333333,12.348,6.0,-3,20.0,55.0,0.102,2308.518690984083,0.0,0.0,0.0,41.19841572060278,optimal
2021-02-08 18:30:00,6,35,1.1637051312871716,0.0,0.0,0.062,12.1275,6.0,-3,20.0,55.0,0.09933333333333333,4072.9679595051007,0.0,0.0,0.0,40.892795722479676,optimal
2021-02-08 19:00:00,6,35,0.0,0.0,0.0,0.20533333333333328,12.348,6.0,-3,20.235689165845507,55.0,0.09933333333333333,0.0,0.0,0.0,0.0,40.58748134435469,optimal
2021-02-08 19:30:00,6,35,0.66838237473121,0.0,0.0,0.061666666666666654,12.1275,6.0,-3,20.0,55.0,0.09933333333333333,2339.338311559235,0.0,0.0,0.0,40.282472280607834,optimal
2021-02-08 20:00:00,6,35,0.5968563352242173,0.0,0.0,0.2246,12.1275,6.0,-3,20.0,55.0,0.09666666666666666,2088.9971732847607,0.0,0.0,0.0,40.242189808327225,optimal
2021-02-08 20:30:00,6,35,0.0,0.0,0.0,0.4458666666666667,11.2665,6.0,-3,20.0,55.0,0.09466666666666666,0.0,0.0,0.0,0.0,40.2019476185189,optimal
2021-02-08 21:00:00,6,35,0.0,0.0,0.0,0.33343333333333336,10.143,6.0,-3,19.786775054574377,55.0,0.094,0.0,0.0,0.0,0.0,40.16174567090038,optimal
2021-02-08 21:30:00,6,35,0.0,0.0,0.0,0.2149333333333333,11.2455,6.0,-3,19.560372610339332,55.0,0.094,0.0,0.0,0.0,0.0,40.12158392522948,optimal
2021-02-08 22:00:00,6,35,0.0,0.0,0.0,0.3612666666666666,11.025,6.0,-3,19.33289341884695,55.0,0.092,0.0,0.0,0.0,0.0,40.08146234130425,optimal
2021-02-08 22:30:00,6,35,0.0,0.0,0.0,0.3517,5.9745,6.0,-3,19.123424462761147,55.0,0.08933333333333333,0.0,0.0,0.0,0.0,40.04138087896295,optimal
2021-02-08 23:00:00,6,35,0.0,0.0,0.0,0.4191333333333333,7.938,6.0,-3,18.921693663342097,55.0,0.088,0.0,0.0,0.0,0.0,40.001339498083986,optimal
2021-02-08 23:30:00,6,35,0.0,0.0,0.0,0.1192,8.6835,6.0,-3,18.73728572657822,55.0,0.088,0.0,0.0,0.0,0.0,39.9613381585859,optimal
2021-02-09 00:00:00,6,35,0.0,0.0,0.0,0.057,11.7705,6.0,-4,18.73728572657822,55.0,0.088,0.0,0.0,0.0,0.0,39.92137682042732,optimal
2021-02-09 00:30:00,6,35,2.0,0.0,0.05366204850154669,0.10366666666666668,11.13,6.0,-4,18.481254412914197,55.0,0.088,7000.0,0.0,0.0,0.0,39.90694491664512,optimal
2021-02-09 01:00:00,6,35,2.0,0.0,0.0,0.1994,11.6865,6.0,-4,19.077582176815923,55.0,0.088,7000.0,0.0,0.0,0.0,39.86703797172847,optimal
2021-02-09 01:30:00,6,35,2.0,0.0,9.0,0.057,10.7205,6.0,-4,19.677427126984938,55.0,0.088,7000.0,0.0,0.0,0.0,44.10217093375673,optimal
2021-02-09 02:00:00,6,35,2.0,0.0,0.0,0.057,11.424,6.0,-4,20.249887844180748,55.0,0.088,7000.0,0.0,0.0,0.0,44.05806876282297,optimal
2021-02-09 02:30:00,6,35,2.0,0.0,9.0,0.13913333333333333,10.689,6.0,-4,20.8124994195482,55.0,0.088,7000.0,0.0,0.0,0.0,48.289010694060146,optimal
2021-02-09 03:00:00,6,35,2.0,0.0,0.0,0.13393333333333335,11.361,6.0,-4,21.377485608397002,55.0,0.088,7000.0,0.0,0.0,0.0,48.240721683366075,optimal
2021-02-09 03:30:00,6,35,2.0,0.0,0.0,0.11633333333333332,11.571,6.0,-4,21.93430341328892,55.0,0.088,7000.0,0.0,0.0,0.0,48.192480961682705,optimal
2021-02-09 04:00:00,6,35,0.0,0.0,0.0,0.1567333333333333,14.3745,6.0,-4,22.48231278627853,55.0,0.088,0.0,0.0,0.0,0.0,48.144288480721016,optimal
2021-02-09 04:30:00,6,35,0.0,0.0,0.0,0.057,13.23,6.0,-4,22.186359743162974,55.0,0.088,0.0,0.0,0.0,0.0,48.096144192240295,optimal
2021-02-09 05:00:00,6,35,0.0,0.0,0.0,0.18606666666666663,13.9755,6.0,-4,21.881276486181633,55.0,0.088,0.0,0.0,0.0,0.0,48.048048048048045,optimal
2021-02-09 05:30:00,6,35,0.0,0.0,0.0,0.11976666666666667,14.994,6.0,-4,21.594726666744087,55.0,0.08399999999999999,0.0,0.0,0.0,0.0,48.0,optimal
2021-02-09 06:00:00,6,35,1.0444252545089456,0.0,0.0,0.057,13.671,6.0,-4,21.323086543329854,55.0,0.08399999999999999,3655.48839078131,0.0,0.0,0.0,47.77599594374127,optimal
2021-02-09 06:30:00,6,35,0.0,0.0,0.0,0.10393333333333334,15.981,6.0,-4,21.45891507921255,55.0,0.08399999999999999,0.0,0.0,0.0,0.0,47.55221589153881,optimal
2021-02-09 07:00:00,6,35,0.0,0.0,0.0,0.13913333333333333,15.6345,6.0,-4,21.157829342642845,55.0,0.08399999999999999,0.0,0.0,0.0,0.0,47.328659619388546,optimal
2021-02-09 07:30:00,6,35,0.0,0.0,0.0,0.057,16.5375,6.0,-4,20.86465648642894,55.0,0.08399999999999999,0.0,0.0,0.0,0.0,47.10532690351043,optimal
2021-02-09 08:00:00,6,35,0.0,0.0,0.0,0.19006666666666663,14.7735,6.0,-4,20.564430383216575,55.0,0.08399999999999999,0.0,0.0,0.0,0.0,46.88221752034819,optimal
2021-02-09 08:30:00,6,35,0.0,0.0,0.0,0.121,15.2145,6.0,-4,20.283212450113766,55.0,0.08399999999999999,0.0,0.0,0.0,0.0,46.65933124656912,optimal
2021-02-09 09:00:00,6,35,0.6071781377082806,0.0,0.0,0.057,14.553,6.0,-4,20.0,55.0,0.08399999999999999,2125.123481978982,0.0,0.0,0.0,46.436667859063824,optimal
2021-02-09 09:30:00,6,35,1.4963141885499627,0.0,0.0,0.145,14.3325,6.0,-4,20.0,55.0,0.08399999999999999,5237.099659924869,0.0,0.0,0.0,46.214227134946036,optimal
2021-02-09 10:00:00,6,35,0.0,0.0,0.0,0.1514,14.595,6.0,-4,20.389424996127573,55.0,0.08399999999999999,0.0,0.0,0.0,0.0,45.99200885155236,optimal
2021-02-09 10:30:00,6,35,0.0,0.0,0.0,0.06366666666666666,14.994,6.0,-4,20.19674886140325,55.0,0.08399999999999999,0.0,0.0,0.0,0.0,45.77001278644209,optimal
2021-02-09 11:00:00,6,35,0.32547875600242343,0.0,0.0,0.1287333333333333,14.3325,6.0,-4,20.0,55.0,0.08399999999999999,1139.175646008482,0.0,0.0,0.0,45.54823871739692,optimal
2021-02-09 11:30:00,6,35,0.3107112453618979,0.0,0.0,0.17433333333333334,13.8915,6.0,-4,20.0,55.0,0.08399999999999999,1087.4893587666427,0.0,0.0,0.0,45.3266864224208,optimal
2021-02-09 12:00:00,6,35,0.2673161511681511,0.0,0.0,0.059333333333333335,13.8915,6.0,-4,20.0,55.0,0.08399999999999999,935.606529088529,0.0,0.0,0.0,45.10535567973965,optimal
2021-02-09 12:30:00,6,35,1.7798365510757637,0.0,0.0,0.11126666666666668,13.4715,6.0,-4,20.0,55.0,0.08399999999999999,6229.427928765173,0.0,0.0,0.0,44.88424626780119,optimal
2021-02-09 13:00:00,6,35,2.0,0.0,0.0,0.21180000000000002,13.23,6.0,-4,20.641563010912083,55.0,0.08399999999999999,7000.0,0.0,0.0,0.0,44.66335796527466,optimal
2021-02-09 13:30:00,6,35,0.0,0.0,0.0,0.07366666666666667,13.8915,6.0,-4,21.38545342169849,55.0,0.08399999999999999,0.0,0.0,0.0,0.0,44.44269055105066,optimal
2021-02-09 14:00:00,6,35,0.0,0.0,0.0,0.12033333333333332,26.9325,6.0,-4,21.258833812522933,55.0,0.08399999999999999,0.0,0.0,0.0,0.0,44.22224380424088,optimal
2021-02-09 14:30:00,6,35,0.0,0.0,0.0,0.11713333333333334,30.303,6.0,-4,21.129671652410206,55.0,0.08399999999999999,0.0,0.0,0.0,0.0,44.002017504177914,optimal
2021-02-09 15:00:00,6,35,0.0,0.0,0.0,0.2059333333333333,32.886,6.0,-4,21.001283900574318,55.0,0.08399999999999999,0.0,0.0,0.0,0.0,43.78201143041501,optimal
2021-02-09 15:30:00,6,35,0.0,0.0,0.0,0.067,34.9965,6.0,-4,20.848155484362927,55.0,0.08399999999999999,0.0,0.0,0.0,0.0,43.56222536272587,optimal
2021-02-09 16:00:00,6,35,0.0,0.0,0.0,0.1462,33.327,6.0,-4,20.680552961107672,55.0,0.08266666666666665,0.0,0.0,0.0,0.0,43.51866313736314,optimal
2021-02-09 16:30:00,6,35,0.0,0.0,0.0,1.8949,31.122,6.0,-4,20.501698998418554,55.0,0.08066666666666665,0.0,0.0,0.0,0.0,43.47514447422578,optimal
2021-02-09 17:00:00,6,35,0.0,0.0,0.0,0.3607666666666666,17.9025,6.0,-4,20.39069345684992,55.0,0.08066666666666665,0.0,0.0,0.0,0.0,43.43166932975155,optimal
2021-02-09 17:30:00,6,35,0.0,0.0,0.0,0.38256666666666667,15.6555,6.0,-4,20.184340418874307,55.0,0.07933333333333333,0.0,0.0,0.0,0.0,43.3882376604218,optimal
2021-02-09 18:00:00,6,35,0.4089962501000165,0.0,0.0,0.7192000000000001,14.553,6.0,-4,20.0,55.0,0.07933333333333333,1431.4868753500577,0.0,0.0,0.0,43.34484942276138,optimal
2021-02-09 18:30:00,6,35,0.11762683469758234,0.0,0.0,2.061233333333333,14.3325,6.0,-4,20.0,55.0,0.07933333333333333,411.6939214415382,0.0,0.0,0.0,43.30150457333862,optimal
2021-02-09 19:00:00,6,35,0.4597240859618155,0.0,0.0,0.3066333333333333,13.335,6.0,-4,20.0,55.0,0.07933333333333333,1609.0343008663544,0.0,0.0,0.0,43.25820306876528,optimal
2021-02-09 19:30:00,6,35,0.40219075262848736,0.0,0.0,0.37439999999999996,12.1275,6.0,-4,20.0,55.0,0.07933333333333333,1407.6676341997058,0.0,0.0,0.0,43.214944865696516,optimal
2021-02-09 20:00:00,6,35,0.441076466914204,0.0,0.0,0.49410000000000004,12.2955,6.0,-4,20.0,55.0,0.07933333333333333,1543.767634199714,0.0,0.0,0.0,43.17172992083082,optimal
2021-02-09 20:30:00,6,35,0.0,0.0,0.0,0.365,11.6865,6.0,-4,20.0,55.0,0.07799999999999999,0.0,0.0,0.0,0.0,43.12855819090999,optimal
2021-02-09 21:00:00,6,35,0.0,0.0,0.0,0.34713333333333335,11.466,6.0,-4,19.793308142650176,55.0,0.06666666666666665,0.0,0.0,0.0,0.0,43.085429632719084,optimal
2021-02-09 21:30:00,6,35,0.0,0.0,0.0,0.3405666666666667,10.8045,6.0,-4,19.591183005870416,55.0,0.06666666666666665,0.0,0.0,0.0,0.0,43.042344203086365,optimal
2021-02-09 22:00:00,6,35,0.0,0.0,0.0,0.4594,10.584,6.0,-4,19.388631766935937,55.0,0.06599999999999999,0.0,0.0,0.0,0.0,42.99930185888328,optimal
2021-02-09 22:30:00,6,35,0.0,0.0,0.0,0.17393333333333333,11.2455,6.0,-4,19.218753531413665,55.0,0.06599999999999999,0.0,0.0,0.0,0.0,42.956302557024394,optimal
2021-02-09 23:00:00,6,35,0.0,0.0,0.0,0.067,12.1275,6.0,-4,18.969269309950683,55.0,0.06599999999999999,0.0,0.0,0.0,0.0,42.91334625446737,optimal
2021-02-09 23:30:00,6,35,0.0,0.0,0.0,0.067,11.823,6.0,-4,18.711304909344314,55.0,0.06599999999999999,0.0,0.0,0.0,0.0,42.870432908212905,optimal
2021-02-10 00:00:00,6,35,0.0,0.0,0.0,0.07133333333333333,11.508,6.0,-2,18.711304909344314,55.0,0.06599999999999999,0.0,0.0,0.0,0.0,42.827562475304696,optimal
2021-02-10 00:30:00,6,35,2.0,0.0,0.0,0.2163333333333333,11.508,6.0,-2,18.454317113469713,55.0,0.06599999999999999,7000.0,0.0,0.0,0.0,42.78473491282939,optimal
2021-02-10 01:00:00,6,35,0.4481074817584445,0.0,0.0,0.2214,11.844,6.0,-2,19.05933721327054,55.0,0.06599999999999999,1568.3761861545559,0.0,0.0,0.0,42.741950177916564,optimal
2021-02-10 01:30:00,6,35,2.0,0.0,0.0,0.17476666666666668,11.508,6.0,-2,19.00109108645243,55.0,0.06599999999999999,7000.0,0.0,0.0,0.0,42.699208227738644,optimal
2021-02-10 02:00:00,6,35,2.0,0.0,0.0,0.2012,11.508,6.0,-2,19.59017219089331,55.0,0.06599999999999999,7000.0,0.0,0.0,0.0,42.65650901951091,optimal
2021-02-10 02:30:00,6,35,2.0,0.0,9.0,0.16476666666666667,10.4475,6.0,-2,20.172341265087383,55.0,0.06599999999999999,7000.0,0.0,0.0,0.0,46.8888525104914,optimal
2021-02-10 03:00:00,6,35,2.0,0.0,0.0,0.1815,10.8675,6.0,-2,20.74159987494395,55.0,0.06599999999999999,7000.0,0.0,0.0,0.0,46.841963657980905,optimal
2021-02-10 03:30:00,6,35,2.0,0.0,3.348657013800436,0.11270000000000001,10.542,6.0,-2,21.30453429096658,55.0,0.06599999999999999,7000.0,0.0,0.0,0.0,48.38573377587813,optimal
2021-02-10 04:00:00,6,35,2.0,0.0,0.0,0.2827333333333333,11.025,6.0,-2,21.850945503688326,55.0,0.06599999999999999,7000.0,0.0,0.0,0.0,48.33734804210225,optimal
2021-02-10 04:30:00,6,35,2.0,0.0,0.0,0.14213333333333333,11.025,6.0,-2,22.40981268716616,55.0,0.06599999999999999,7000.0,0.0,0.0,0.0,48.289010694060146,optimal
2021-02-10 05:00:00,6,35,0.0,0.0,0.0,0.26943333333333336,14.553,6.0,-2,22.942112396825333,55.0,0.06599999999999999,0.0,0.0,0.0,0.0,48.240721683366075,optimal
2021-02-10 05:30:00,6,35,2.0,0.0,0.0,0.12029999999999999,13.0935,6.0,-2,22.637564851393208,55.0,0.06599999999999999,7000.0,0.0,0.0,0.0,48.192480961682705,optimal
2021-02-10 06:00:00,6,35,0.0,0.0,0.0,0.16766666666666666,15.6345,6.0,-2,23.159769237855386,55.0,0.06599999999999999,0.0,0.0,0.0,0.0,48.144288480721016,optimal
2021-02-10 06:30:00,6,35,0.0,0.0,0.0,0.2114,18.102,6.0,-2,22.836939849146678,55.0,0.06599999999999999,0.0,0.0,0.0,0.0,48.096144192240295,optimal
2021-02-10 07:00:00,6,35,0.0,0.0,0.0,0.06816666666666667,17.199,6.0,-2,22.527591677334993,55.0,0.06599999999999999,0.0,0.0,0.0,0.0,48.048048048048045,optimal
2021-02-10 07:30:00,6,35,0.0,0.0,0.0,0.11683333333333332,18.2805,6.0,-2,22.20846935313736,55.0,0.06599999999999999,0.0,0.0,0.0,0.0,48.0,optimal
2021-02-10 08:00:00,6,35,0.0,0.0,0.0,0.2087333333333333,17.4615,6.0,-2,21.919222347361064,55.0,0.06599999999999999,0.0,0.0,0.0,0.0,47.84995144911708,optimal
2021-02-10 08:30:00,6,35,0.0,0.0,0.0,0.11653333333333332,18.3225,6.0,-2,21.615443835620976,55.0,0.06599999999999999,0.0,0.0,0.0,0.0,47.70005294678504,optimal
2021-02-10 09:00:00,6,35,0.0,0.0,0.0,0.2714,17.094,6.0,-2,21.307308361823452,55.0,0.06599999999999999,0.0,0.0,0.0,0.0,47.550304342955336,optimal
2021-02-10 09:30:00,6,35,0.0,0.0,0.0,0.12846666666666667,17.094,6.0,-2,21.056348387506876,55.0,0.06599999999999999,0.0,0.0,0.0,0.0,47.40070548772946,optimal
2021-02-10 10:00:00,6,35,0.0,0.0,0.0,0.13206666666666667,17.094,6.0,-2,20.79543690292338,55.0,0.06599999999999999,0.0,0.0,0.0,0.0,47.25125623135881,optimal
2021-02-10 10:30:00,6,35,0.0,0.0,0.0,0.1556,17.3565,6.0,-2,20.593582805268937,55.0,0.06599999999999999,0.0,0.0,0.0,0.0,47.101956424244534,optimal
2021-02-10 11:00:00,6,35,0.0,0.0,0.0,0.122,17.115,6.0,-2,20.399713714108625,55.0,0.06599999999999999,0.0,0.0,0.0,0.0,46.95280591693737,optimal
2021-02-10 11:30:00,6,35,0.0,0.0,0.0,0.30939999999999995,17.241,6.0,-2,20.242319928675535,55.0,0.06599999999999999,0.0,0.0,0.0,0.0,46.803804560137515,optimal
2021-02-10 12:00:00,6,35,0.0,0.0,0.0,0.065,17.094,6.0,-2,20.11124459053787,55.0,0.06599999999999999,0.0,0.0,0.0,0.0,46.65495220469446,optimal
2021-02-10 12:30:00,6,35,2.0,0.0,0.0,0.22266666666666662,16.5165,6.0,-2,20.0,55.0,0.06599999999999999,7000.0,0.0,0.0,0.0,46.50624870160684,optimal
2021-02-10 13:00:00,6,35,0.0,0.0,0.0,0.21406666666666663,17.8185,6.0,-2,20.751617423624037,55.0,0.06599999999999999,0.0,0.0,0.0,0.0,46.35769390202232,optimal
2021-02-10 13:30:00,6,35,0.5441495909226035,0.0,0.0,0.1656,17.094,6.0,-2,20.640645890166862,55.0,0.06599999999999999,1904.523568229112,0.0,0.0,0.0,46.209287657237375,optimal
2021-02-10 14:00:00,6,35,2.0,0.0,0.0,0.13256666666666667,16.8945,6.0,-2,20.756993998243637,55.0,0.06599999999999999,7000.0,0.0,0.0,0.0,46.06102981869722,optimal
2021-02-10 14:30:00,6,35,0.0,0.0,0.0,0.0845,18.123,6.0,-2,21.47769158319778,55.0,0.06599999999999999,0.0,0.0,0.0,0.0,45.91292023799561,optimal
2021-02-10 15:00:00,6,35,0.0,0.0,0.0,0.319,31.647,6.0,-2,21.339788262035764,55.0,0.06599999999999999,0.0,0.0,0.0,0.0,45.76495876687469,optimal
2021-02-10 15:30:00,6,35,0.0,0.0,0.0,0.13240000000000002,34.9965,6.0,-2,21.199368150270185,55.0,0.06599999999999999,0.0,0.0,0.0,0.0,45.6171452572249,optimal
2021-02-10 16:00:00,6,35,0.0,0.0,0.0,0.09183333333333331,34.9965,6.0,-2,21.035623115034344,55.0,0.06599999999999999,0.0,0.0,0.0,0.0,45.46947956108475,optimal
2021-02-10 16:30:00,6,35,0.0,0.0,0.0,0.30556666666666665,34.9965,6.0,-2,20.817979167286346,55.0,0.06533333333333333,0.0,0.0,0.0,0.0,45.42401008152367,optimal
2021-02-10 17:00:00,6,35,0.0,0.0,0.0,0.3963,34.9965,6.0,-2,20.6676817928813,55.0,0.06266666666666666,0.0,0.0,0.0,0.0,45.37858607144214,optimal
2021-02-10 17:30:00,6,35,0.0,0.0,0.0,0.1839333333333333,34.9965,6.0,-2,20.50226718251853,55.0,0.06133333333333332,0.0,0.0,0.0,0.0,45.3332074853707,optimal
2021-02-10 18:00:00,6,35,0.0,0.0,0.0,0.1746,27.741,6.0,-2,20.271399390350687,55.0,0.06133333333333332,0.0,0.0,0.0,0.0,45.28787427788533,optimal
2021-02-10 18:30:00,6,35,0.6339454254053722,0.0,0.0,0.22703333333333334,19.026,6.0,-2,20.0,55.0,0.06133333333333332,2218.8089889188027,0.0,0.0,0.0,45.24258640360745,optimal
2021-02-10 19:00:00,6,35,0.688580748624814,0.0,0.0,0.0845,18.7215,6.0,-2,20.0,55.0,0.06133333333333332,2410.032620186849,0.0,0.0,0.0,45.19734381720384,optimal
2021-02-10 19:30:00,6,35,0.6712278256369664,0.0,0.0,0.17566666666666667,17.4195,6.0,-2,20.0,55.0,0.06133333333333332,2349.2973897293823,0.0,0.0,0.0,45.15214647338664,optimal
2021-02-10 20:00:00,6,35,0.6694844264586358,0.0,0.0,0.20686666666666667,16.758,6.0,-2,20.0,55.0,0.06133333333333332,2343.1954926052254,0.0,0.0,0.0,45.10699432691325,optimal
2021-02-10 20:30:00,6,35,0.0,0.0,0.0,0.1722,14.217,6.0,-2,20.0,55.0,0.06133333333333332,0.0,0.0,0.0,0.0,45.06188733258634,optimal
2021-02-10 21:00:00,6,35,0.0,0.0,0.0,0.122,13.3665,6.0,-2,19.713717428139308,55.0,0.06133333333333332,0.0,0.0,0.0,0.0,45.01682544525375,optimal
2021-02-10 21:30:00,6,35,0.0,0.0,0.0,0.249,12.789,6.0,-2,19.42485533008991,55.0,0.06133333333333332,0.0,0.0,0.0,0.0,44.9718086198085,optimal
2021-02-10 22:00:00,6,35,0.0,0.0,0.0,0.1729,11.907,6.0,-2,19.1342677534739,55.0,0.06133333333333332,0.0,0.0,0.0,0.0,44.92683681118869,optimal
2021-02-10 22:30:00,6,35,0.0,0.0,0.0,0.1891,11.7075,6.0,-2,18.81754234771136,55.0,0.06133333333333332,0.0,0.0,0.0,0.0,44.88190997437751,optimal
2021-02-10 23:00:00,6,35,0.0,0.0,0.0,0.1948,10.8045,6.0,-2,18.50374346454357,55.0,0.06133333333333332,0.0,0.0,0.0,0.0,44.83702806440313,optimal
2021-02-10 23:30:00,6,35,0.0,0.0,0.0,0.16473333333333331,11.508,6.0,-2,18.191564848288202,55.0,0.06133333333333332,0.0,0.0,0.0,0.0,44.79219103633873,optimal
2021-02-11 00:00:00,6,35,0.0,0.0,0.0,0.0818,11.2455,6.0,2,18.191564848288202,55.0,0.06133333333333332,0.0,0.0,0.0,0.0,44.74739884530239,optimal
2021-02-11 00:30:00,6,35,1.6909250290264994,0.0,0.0,0.116,11.2455,6.0,2,17.883578929563917,55.0,0.11796718598015389,0.0,0.0,5918.237601592748,0.0,44.70265144645709,optimal
2021-02-11 01:00:00,6,35,1.9999999999999998,0.0,0.0,0.1572666666666667,11.025,6.0,2,17.58568359399335,55.0,0.13,5742.57093492608,0.0,1257.4290650739194,0.0,44.65794879501063,optimal
2021-02-11 01:30:00,6,35,0.0,0.0,0.0,0.161,12.0855,6.0,2,17.989545300572246,55.0,0.13,0.0,0.0,0.0,0.0,44.61329084621562,optimal
2021-02-11 02:00:00,6,35,0.0,0.0,0.0,0.20566666666666664,11.6865,6.0,2,17.696977118761712,55.0,0.13,0.0,0.0,0.0,0.0,44.568677555369405,optimal
2021-02-11 02:30:00,6,35,2.0,0.0,0.0,0.23746666666666666,11.2245,6.0,2,17.420204923699508,55.0,0.12666666666666668,7000.0,0.0,0.0,0.0,44.52410887781404,optimal
2021-02-11 03:00:00,6,35,2.0,0.0,0.0,0.09646666666666669,11.025,6.0,2,18.02636179669377,55.0,0.12666666666666668,7000.0,0.0,0.0,0.0,44.47958476893622,optimal
2021-02-11 03:30:00,6,35,2.0,0.0,0.0,0.10813333333333335,10.7835,6.0,2,18.57761634320287,55.0,0.12666666666666668,7000.0,0.0,0.0,0.0,44.435105184167284,optimal
2021-02-11 04:00:00,6,35,2.0,0.0,0.0,0.26053333333333334,11.025,6.0,2,19.113068001926656,55.0,0.12666666666666668,7000.0,0.0,0.0,0.0,44.39067007898311,optimal
2021-02-11 04:30:00,6,35,2.0,0.0,0.0,0.1262,10.584,6.0,2,19.662676057111504,55.0,0.12666666666666668,7000.0,0.0,0.0,0.0,44.34627940890413,optimal
2021-02-11 05:00:00,6,35,2.0,0.0,0.0,0.2122333333333333,11.025,6.0,2,20.188070918308266,55.0,0.12666666666666668,7000.0,0.0,0.0,0.0,44.301933129495225,optimal
2021-02-11 05:30:00,6,35,2.0,0.0,8.690742272657687,0.18916666666666662,10.4265,6.0,2,20.716122423728475,55.0,0.12666666666666668,7000.0,0.0,0.0,0.0,48.38573377587813,optimal
2021-02-11 06:00:00,6,35,2.0,0.0,0.0,0.069,12.789,6.0,2,21.2369249401531,55.0,0.12666666666666668,7000.0,0.0,0.0,0.0,48.33734804210225,optimal
2021-02-11 06:30:00,6,35,2.0,0.0,0.0,0.14880000000000002,12.684,6.0,2,21.738500188785917,55.0,0.12666666666666668,7000.0,0.0,0.0,0.0,48.289010694060146,optimal
2021-02-11 07:00:00,6,35,0.0,0.0,0.0,0.24059999999999998,16.254,6.0,2,22.24599254456011,55.0,0.12466666666666666,0.0,0.0,0.0,0.0,48.240721683366075,optimal
2021-02-11 07:30:00,6,35,0.0,0.0,0.0,0.09633333333333331,17.64,6.0,2,21.921986854061004,55.0,0.07,0.0,0.0,0.0,0.0,48.192480961682705,optimal
2021-02-11 08:00:00,6,35,0.0,0.0,0.0,0.2773333333333333,19.1625,6.0,2,21.605051283596232,55.0,0.048666666666666664,0.0,0.0,0.0,0.0,48.144288480721016,optimal
2021-02-11 08:30:00,6,35,0.0,0.0,0.0,0.13873333333333332,26.46,6.0,2,21.339065610139603,55.0,0.04533333333333334,0.0,0.0,0.0,0.0,48.096144192240295,optimal
2021-02-11 09:00:00,6,35,0.0,0.0,0.0,0.18636666666666668,20.79,6.0,2,21.079058203298377,55.0,0.032986666666666664,0.0,0.0,0.0,0.0,48.048048048048045,optimal
2021-02-11 09:30:00,6,35,0.0,0.0,0.0,0.2388,29.106,6.0,2,20.86258583452814,55.0,0.02666666666666667,0.0,0.0,0.0,0.0,48.0,optimal
2021-02-11 10:00:00,6,35,0.0,0.0,0.0,0.1446,19.1835,6.0,2,20.653970292512728,55.0,0.02666666666666667,0.0,0.0,0.0,0.0,47.75640895450882,optimal
2021-02-11 10:30:00,6,35,0.0,0.0,0.0,0.4991333333333333,19.6665,6.0,2,20.47179544573053,55.0,0.02666666666666667,0.0,0.0,0.0,0.0,47.51306150006314,optimal
2021-02-11 11:00:00,6,35,0.0,0.0,0.0,0.38646666666666657,19.404,6.0,2,20.346093035752098,55.0,0.02666666666666667,0.0,0.0,0.0,0.0,47.2699573930719,optimal
2021-02-11 11:30:00,6,35,0.0,0.0,0.0,0.2696,19.047,6.0,2,20.259651323379,55.0,0.02666666666666667,0.0,0.0,0.0,0.0,47.02709639018765,optimal
2021-02-11 12:00:00,6,35,0.0,0.0,0.0,0.4427,18.858,6.0,2,20.171158080859712,55.0,0.026,0.0,0.0,0.0,0.0,46.784478248306286,optimal
2021-02-11 12:30:00,6,35,0.0,0.0,0.0,0.39426666666666665,19.2675,6.0,2,20.13999397559781,55.0,0.026,0.0,0.0,0.0,0.0,46.5421027245668,optimal
2021-02-11 13:00:00,6,35,0.0,0.0,0.0,0.4438666666666667,18.963,6.0,2,20.1203586536947,55.0,0.008666666666666666,0.0,0.0,0.0,0.0,46.29996957635106,optimal
2021-02-11 13:30:00,6,35,0.0,0.0,0.0,0.2776666666666667,18.438,6.0,2,20.112059744303625,55.0,0.008666666666666666,0.0,0.0,0.0,0.0,46.05807856128353,optimal
2021-02-11 14:00:00,6,35,0.0,0.0,0.0,0.306,18.7425,6.0,2,20.042053062084324,55.0,0.008666666666666666,0.0,0.0,0.0,0.0,46.01202048272225,optimal
2021-02-11 14:30:00,6,35,2.0,0.0,0.0,0.2998,15.2145,6.0,2,20.0,55.0,0.008666666666666666,7000.0,0.0,0.0,0.0,45.96600846223953,optimal
2021-02-11 15:00:00,6,35,0.0,0.0,0.0,0.3527333333333333,17.7765,6.0,2,20.808669184880667,55.0,0.008666666666666666,0.0,0.0,0.0,0.0,45.92004245377729,optimal
2021-02-11 15:30:00,6,35,0.09440770485809603,0.0,0.0,0.111,16.758,6.0,2,20.77084843696456,55.0,0.008666666666666666,330.42696700333613,0.0,0.0,0.0,45.87412241132351,optimal
2021-02-11 16:00:00,6,35,2.0,0.0,0.0,0.27346666666666664,16.422,6.0,2,20.66207469235034,55.0,0.008666666666666666,7000.0,0.0,0.0,0.0,45.828248288912185,optimal
2021-02-11 16:30:00,6,35,2.0,0.0,0.0,0.069,16.758,6.0,2,21.312066164453352,55.0,0.008666666666666666,7000.0,0.0,0.0,0.0,45.78242004062327,optimal
2021-02-11 17:00:00,6,35,0.0,0.0,0.0,0.26193333333333335,29.358,6.0,2,21.9147537468399,55.0,0.008666666666666666,0.0,0.0,0.0,0.0,45.73663762058265,optimal
2021-02-11 17:30:00,6,35,0.0,0.0,0.0,0.37346666666666656,34.9965,6.0,2,21.632350775261983,55.0,0.004,0.0,0.0,0.0,0.0,45.69090098296206,optimal
2021-02-11 18:00:00,6,35,0.0,0.0,0.0,0.2536,34.65,6.0,2,21.38469701140526,55.0,0.0026666666666666666,0.0,0.0,0.0,0.0,45.6452100819791,optimal
2021-02-11 18:30:00,6,35,0.0,0.0,0.0,0.10686666666666667,34.9965,6.0,2,21.124698549673727,55.0,0.0006666666666666665,0.0,0.0,0.0,0.0,45.59956487189712,optimal
2021-02-11 19:00:00,6,35,0.0,0.0,0.0,0.42136666666666667,34.9965,6.0,2,20.833048889366758,55.0,0.0006666666666666665,0.0,0.0,0.0,0.0,45.55396530702522,optimal
2021-02-11 19:30:00,6,35,0.0,0.0,0.0,0.49069999999999997,30.4815,6.0,2,20.566951972854472,55.0,0.0006666666666666665,0.0,0.0,0.0,0.0,45.5084113417182,optimal
2021-02-11 20:00:00,6,35,0.0,0.0,0.0,0.30169999999999997,21.4305,6.0,2,20.291852110554874,55.0,0.0006666666666666665,0.0,0.0,0.0,0.0,45.46290293037648,optimal
2021-02-11 20:30:00,6,35,0.0,0.0,0.0,0.5110666666666667,14.3325,6.0,2,20.0,55.0,0.0006666666666666665,0.0,0.0,0.0,0.0,45.417440027446105,optimal
2021-02-11 21:00:00,6,35,0.0,0.0,0.0,0.2587333333333333,13.692,6.0,2,19.741806091050368,55.0,0.0006666666666666665,0.0,0.0,0.0,0.0,45.372022587418655,optimal
2021-02-11 21:30:00,6,35,0.0,0.0,0.0,0.34586666666666666,14.007,6.0,2,19.460662726074307,55.0,0.0006666666666666665,0.0,0.0,0.0,0.0,45.32665056483123,optimal
2021-02-11 22:00:00,6,35,0.0,0.0,0.0,0.42173333333333335,12.873,6.0,2,19.197522873706696,55.0,0.0006666666666666665,0.0,0.0,0.0,0.0,45.2813239142664,optimal
2021-02-11 22:30:00,6,35,0.0,0.0,0.0,0.1933666666666667,12.684,6.0,2,18.950045267998078,55.0,0.0,0.0,0.0,0.0,0.0,45.236042590352135,optimal
2021-02-11 23:00:00,6,35,0.0,0.0,0.0,0.27853333333333335,12.306,6.0,2,18.629658552395195,55.0,0.0,0.0,0.0,0.0,0.0,45.19080654776178,optimal
2021-02-11 23:30:00,6,35,0.0,0.0,0.0,0.0942,10.6365,6.0,2,18.295249847125643,55.0,0.0,0.0,0.0,0.0,0.0,45.145615741214016,optimal
2021-02-12 00:00:00,6,35,2.0,0.0,0.0,0.13146666666666668,10.3635,6.0,-3,18.295249847125643,55.0,0.0,7000.0,0.0,0.0,0.0,45.1004701254728,optimal
2021-02-12 00:30:00,6,35,2.0,0.0,0.0,0.14959999999999998,10.8045,6.0,-3,18.785758915215514,55.0,0.028666666666666667,4004.3333333333335,0.0,2995.6666666666665,0.0,45.05536965534733,optimal
2021-02-12 01:00:00,6,35,2.0,0.0,0.0,0.1024,10.059,6.0,-3,18.911940740867323,55.0,0.028666666666666667,7000.0,0.0,0.0,0.0,45.01031428569198,optimal
2021-02-12 01:30:00,6,35,2.0,0.0,0.0,0.12240000000000001,10.584,6.0,-3,19.39108322712356,55.0,0.028666666666666667,7000.0,0.0,0.0,0.0,44.96530397140629,optimal
2021-02-12 02:00:00,6,35,2.0,0.0,7.9089017415110545,0.22640000000000002,9.4185,6.0,-3,19.867079095541712,55.0,0.028666666666666667,7000.0,0.0,0.0,0.0,48.67706699465263,optimal
2021-02-12 02:30:00,6,35,2.0,0.0,0.0,0.06706666666666666,10.3635,6.0,-3,20.350081573642477,55.0,0.028666666666666667,7000.0,0.0,0.0,0.0,48.62838992765797,optimal
2021-02-12 03:00:00,6,35,2.0,0.0,0.0,0.1492666666666667,9.8385,6.0,-3,20.811232239235093,55.0,0.028666666666666667,7000.0,0.0,0.0,0.0,48.579761537730306,optimal
2021-02-12 03:30:00,6,35,2.0,0.0,0.0,0.1854,11.067,6.0,-3,21.27991318380686,55.0,0.028666666666666667,7000.0,0.0,0.0,0.0,48.53118177619257,optimal
2021-02-12 04:00:00,6,35,2.0,0.0,0.0,0.10806666666666666,10.8465,6.0,-3,21.75632979919317,55.0,0.028666666666666667,7000.0,0.0,0.0,0.0,48.48265059441637,optimal
2021-02-12 04:30:00,6,35,0.0,0.0,0.0,0.2266,13.671,6.0,-3,22.2267161238451,55.0,0.028666666666666667,0.0,0.0,0.0,0.0,48.434167943821954,optimal
2021-02-12 05:00:00,6,35,1.1281950351982764,0.0,0.0,0.06,12.348,6.0,-3,21.87246602917334,55.0,0.028666666666666667,3948.6826231939676,0.0,0.0,0.0,48.38573377587813,optimal
2021-02-12 05:30:00,6,35,0.0,0.0,0.0,0.25739999999999996,14.3325,6.0,-3,21.98872884903912,55.0,0.028666666666666667,0.0,0.0,0.0,0.0,48.33734804210225,optimal
2021-02-12 06:00:00,6,35,0.0,0.0,0.0,0.07726666666666666,15.393,6.0,-3,21.663639996892776,55.0,0.028666666666666667,0.0,0.0,0.0,0.0,48.289010694060146,optimal
2021-02-12 06:30:00,6,35,0.0,0.0,0.0,0.06706666666666666,13.587,6.0,-3,21.333355466147953,55.0,0.028666666666666667,0.0,0.0,0.0,0.0,48.240721683366075,optimal
2021-02-12 07:00:00,6,35,0.0,0.0,0.0,0.1252,16.1385,6.0,-3,21.008145767514783,55.0,0.027333333333333334,0.0,0.0,0.0,0.0,48.192480961682705,optimal
2021-02-12 07:30:00,6,35,0.0,0.0,0.0,0.07973333333333334,14.595,6.0,-3,20.717977241467235,55.0,0.026,0.0,0.0,0.0,0.0,48.144288480721016,optimal
2021-02-12 08:00:00,6,35,0.0,0.0,0.0,0.22146666666666667,14.637,6.0,-3,20.41978330182614,55.0,0.023333333333333334,0.0,0.0,0.0,0.0,48.096144192240295,optimal
2021-02-12 08:30:00,6,35,0.0,0.0,0.0,2.505866666666667,13.9125,6.0,-3,20.128678985045894,55.0,0.022,0.0,0.0,0.0,0.0,48.048048048048045,optimal
2021-02-12 09:00:00,6,35,0.6817446731982684,0.0,0.0,0.1032,13.3665,6.0,-3,20.0,55.0,0.020666666666666667,2386.1063561939395,0.0,0.0,0.0,48.0,optimal
2021-02-12 09:30:00,6,35,1.0402463125676251,0.0,0.0,0.22573333333333329,13.0095,6.0,-3,20.0,55.0,0.020666666666666667,3640.862093986688,0.0,0.0,0.0,47.91736363148841,optimal
2021-02-12 10:00:00,6,35,0.0,0.0,0.0,0.11646666666666668,13.8915,6.0,-3,20.182801163491806,55.0,0.020666666666666667,0.0,0.0,0.0,0.0,47.83480989934534,optimal
2021-02-12 10:30:00,6,35,0.4237839440140606,0.0,0.0,0.08120000000000001,13.188,6.0,-3,20.0,55.0,0.020666666666666667,1483.2438040492123,0.0,0.0,0.0,47.75233872093441,optimal
2021-02-12 11:00:00,6,35,0.27177011841604454,0.0,0.0,0.1744,12.5685,6.0,-3,20.0,55.0,0.020666666666666667,951.1954144561557,0.0,0.0,0.0,47.66995001370189,optimal
2021-02-12 11:30:00,6,35,0.27406927444218615,0.0,0.0,0.16026666666666667,12.285,6.0,-3,20.0,55.0,0.020666666666666667,959.2424605476515,0.0,0.0,0.0,47.58764369517661,optimal
2021-02-12 12:00:00,6,35,0.47743349160718035,0.0,0.0,0.104,11.487,6.0,-3,20.0,55.0,0.020666666666666667,1671.0172206251314,0.0,0.0,0.0,47.50541968296985,optimal
2021-02-12 12:30:00,6,35,0.0,0.0,0.0,0.18673333333333328,11.802,6.0,-3,20.095909886196292,55.0,0.020666666666666667,0.0,0.0,0.0,0.0,47.423277894775296,optimal
2021-02-12 13:00:00,6,35,2.0,0.0,0.0,0.12393333333333334,11.2245,6.0,-3,20.0,55.0,0.020666666666666667,7000.0,0.0,0.0,0.0,47.34121824836894,optimal
2021-02-12 13:30:00,6,35,2.0,0.0,0.0,0.15206666666666666,11.025,6.0,-3,20.741003994902584,55.0,0.020666666666666667,7000.0,0.0,0.0,0.0,47.259240661608985,optimal
2021-02-12 14:00:00,6,35,0.8229941352187303,0.0,0.0,0.20226666666666668,11.907,6.0,-3,21.471952366788287,55.0,0.020666666666666667,2880.479473265556,0.0,0.0,0.0,47.17734505243579,optimal
2021-02-12 14:30:00,6,35,0.0,0.0,0.0,0.060333333333333336,25.83,6.0,-3,21.687410118735176,55.0,0.020666666666666667,0.0,0.0,0.0,0.0,47.09553133887177,optimal
2021-02-12 15:00:00,6,35,0.0,0.0,0.0,0.26053333333333334,28.035,6.0,-3,21.535744573391067,55.0,0.020666666666666667,0.0,0.0,0.0,0.0,47.01379943902132,optimal
2021-02-12 15:30:00,6,35,0.0,0.0,0.0,0.07413333333333334,28.119,6.0,-3,21.387675510023673,55.0,0.020666666666666667,0.0,0.0,0.0,0.0,46.93214927107071,optimal
2021-02-12 16:00:00,6,35,0.0,0.0,0.0,0.09713333333333334,30.156,6.0,-3,21.217149938541702,55.0,0.020666666666666667,0.0,0.0,0.0,0.0,46.85058075328806,optimal
2021-02-12 16:30:00,6,35,0.0,0.0,0.0,0.22186666666666668,29.1585,6.0,-3,20.995033798424956,55.0,0.020666666666666667,0.0,0.0,0.0,0.0,46.769093804023186,optimal
2021-02-12 17:00:00,6,35,0.0,0.0,0.0,0.10533333333333332,26.712,6.0,-3,20.786745132901302,55.0,0.020666666666666667,0.0,0.0,0.0,0.0,46.68768834170758,optimal
2021-02-12 17:30:00,6,35,0.0,0.0,0.0,0.23166666666666663,15.435,6.0,-3,20.513963049153684,55.0,0.020666666666666667,0.0,0.0,0.0,0.0,46.60636428485429,optimal
2021-02-12 18:00:00,6,35,0.0,0.0,0.0,0.136,13.566,6.0,-3,20.258912423258952,55.0,0.020666666666666667,0.0,0.0,0.0,0.0,46.55975792056943,optimal
2021-02-12 18:30:00,6,35,0.6164037141747625,0.0,0.0,0.0718,12.789,6.0,-3,20.0,55.0,0.013826666666666666,2157.412999611669,0.0,0.0,0.0,46.51319816264886,optimal
2021-02-12 19:00:00,6,35,0.907783325850729,0.0,0.0,0.21706666666666663,12.1275,6.0,-3,20.0,55.0,0.0033333333333333335,3177.2416404775513,0.0,0.0,0.0,46.46668496448621,optimal
2021-02-12 19:30:00,6,35,0.0,0.0,0.0,0.2403,13.671,6.0,-3,20.162144491126178,55.0,0.0,0.0,0.0,0.0,0.0,46.42021827952173,optimal
2021-02-12 20:00:00,6,35,0.3445650769012026,0.0,0.0,0.5419666666666667,10.668,6.0,-3,20.0,55.0,0.0006666666666666665,1136.3111024875423,0.0,69.66666666666666,0.0,46.373798061242205,optimal
2021-02-12 20:30:00,6,35,0.0,0.0,0.0,0.4044666666666666,11.7285,6.0,-3,20.0,55.0,0.0006666666666666665,0.0,0.0,0.0,0.0,46.327424263180966,optimal
2021-02-12 21:00:00,6,35,0.0,0.0,0.0,0.252,11.025,6.0,-3,19.81071130492251,55.0,0.0,0.0,0.0,0.0,0.0,46.28109683891778,optimal
2021-02-12 21:30:00,6,35,0.0,0.0,0.0,0.13533333333333333,10.689,6.0,-3,19.56796094202018,55.0,0.0,0.0,0.0,0.0,0.0,46.234815742078865,optimal
2021-02-12 22:00:00,6,35,0.0,0.0,0.0,0.2193333333333333,8.1585,6.0,-3,19.293926803108093,55.0,0.0,0.0,0.0,0.0,0.0,46.18858092633678,optimal
2021-02-12 22:30:00,6,35,0.0,0.0,0.0,0.07,10.3635,6.0,-3,19.034745744994655,55.0,0.0,0.0,0.0,0.0,0.0,46.14239234541045,optimal
2021-02-12 23:00:00,6,35,0.0,0.0,0.0,0.24580000000000002,10.8045,6.0,-3,18.761392511036384,55.0,0.0,0.0,0.0,0.0,0.0,46.09624995306504,optimal
2021-02-12 23:30:00,6,35,0.0,0.0,0.0,0.10886666666666665,11.025,6.0,-3,18.513195725133073,55.0,0.0,0.0,0.0,0.0,0.0,46.050153703111974,optimal
2021-02-13 00:00:00,6,35,2.0,0.0,6.968878244696196,0.12423333333333332,7.056,6.0,1,18.513195725133073,55.0,0.0,7000.0,0.0,0.0,0.0,49.314320715639546,optimal
2021-02-13 00:30:00,6,35,0.0,0.0,0.0,0.07446666666666667,9.3975,6.0,1,19.10913915245693,55.0,0.0,0.0,0.0,0.0,0.0,49.26500639492391,optimal
2021-02-13 01:00:00,6,35,0.0,0.0,0.0,0.059,10.059,6.0,1,18.845226953949712,55.0,0.0,0.0,0.0,0.0,0.0,49.215741388528976,optimal
2021-02-13 01:30:00,6,35,0.0,0.0,0.0,0.059,9.261,6.0,1,18.576150230618637,55.0,0.0,0.0,0.0,0.0,0.0,49.16652564714044,optimal
2021-02-13 02:00:00,6,35,2.0,0.0,0.0,0.1298,8.1585,6.0,1,18.311746838861957,55.0,0.06698564593301436,0.0,0.0,7000.0,0.0,49.1173591214933,optimal
2021-02-13 02:30:00,6,35,0.0,0.0,0.0,0.059,9.4815,6.0,1,18.060467206951593,55.0,0.06698564593301436,0.0,0.0,0.0,0.0,49.0682417623718,optimal
2021-02-13 03:00:00,6,35,2.0,0.0,0.0,0.1062,8.379,6.0,1,17.804349046119963,55.0,0.10666666666666667,2853.333333333333,0.0,4146.666666666667,0.0,49.01917352060943,optimal
2021-02-13 03:30:00,6,35,0.0,0.0,0.0,0.08259999999999999,9.5235,6.0,1,17.90098327669751,55.0,0.10666666666666667,0.0,0.0,0.0,0.0,48.97015434708881,optimal
2021-02-13 04:00:00,6,35,2.0,0.0,0.0,0.06293333333333333,8.1375,6.0,1,17.649308288730165,55.0,0.10666666666666667,7000.0,0.0,0.0,0.0,48.92118419274172,optimal
2021-02-13 04:30:00,6,35,0.0,0.0,0.0,0.12586666666666665,10.0905,6.0,1,18.240482499150616,55.0,0.10666666666666667,0.0,0.0,0.0,0.0,48.87226300854897,optimal
2021-02-13 05:00:00,6,35,2.0,0.0,0.0,0.059,7.539,6.0,1,17.98684407986183,55.0,0.10666666666666667,7000.0,0.0,0.0,0.0,48.823390745540415,optimal
2021-02-13 05:30:00,6,35,2.0,0.0,0.0,0.1298,7.938,6.0,1,18.56967204465512,55.0,0.10666666666666667,7000.0,0.0,0.0,0.0,48.774567354794875,optimal
2021-02-13 06:00:00,6,35,2.0,0.0,0.0,0.069,8.274,6.0,1,19.15101790040873,55.0,0.05333333333333334,7000.0,0.0,0.0,0.0,48.72579278744007,optimal
2021-02-13 06:30:00,6,35,2.0,0.0,0.0,0.9652999999999999,9.261,6.0,1,19.735483654250906,55.0,0.051333333333333335,7000.0,0.0,0.0,0.0,48.67706699465263,optimal
2021-02-13 07:00:00,6,35,0.3986501081597438,0.0,0.0,0.7211666666666666,9.9225,6.0,1,20.36109299351799,55.0,0.04933333333333333,1395.275378559103,0.0,0.0,0.0,48.62838992765797,optimal
2021-02-13 07:30:00,6,35,2.0,0.0,0.0,0.08176666666666667,9.702,6.0,1,20.31546741643734,55.0,0.032,7000.0,0.0,0.0,0.0,48.579761537730306,optimal
2021-02-13 08:00:00,6,35,0.0,0.0,0.0,0.45326666666666665,10.584,6.0,1,20.901549228334364,55.0,0.030666666666666665,0.0,0.0,0.0,0.0,48.53118177619257,optimal
2021-02-13 08:30:00,6,35,2.0,0.0,0.0,1.241766666666667,10.143,6.0,1,20.64566160489662,55.0,0.010666666666666666,7000.0,0.0,0.0,0.0,48.48265059441637,optimal
2021-02-13 09:00:00,6,35,0.0,0.0,0.0,1.9429,13.0095,6.0,1,21.25304265580947,55.0,0.01,0.0,0.0,0.0,0.0,48.434167943821954,optimal
2021-02-13 09:30:00,6,35,0.0,0.0,0.0,0.4864666666666666,11.025,6.0,1,21.07166588889538,55.0,0.008666666666666666,0.0,0.0,0.0,0.0,48.38573377587813,optimal
2021-02-13 10:00:00,6,35,0.0,0.0,0.0,0.09453333333333332,12.789,6.0,1,20.84807612586986,55.0,0.008666666666666666,0.0,0.0,0.0,0.0,48.33734804210225,optimal
2021-02-13 10:30:00,6,35,0.0,0.0,0.0,0.4073,12.1275,6.0,1,20.680837662549845,55.0,0.005333333333333332,0.0,0.0,0.0,0.0,48.289010694060146,optimal
2021-02-13 11:00:00,6,35,0.0,0.0,0.0,0.2082333333333333,12.1695,6.0,1,20.547716035259803,55.0,0.005333333333333332,0.0,0.0,0.0,0.0,48.240721683366075,optimal
2021-02-13 11:30:00,6,35,0.0,0.0,0.0,0.14566666666666667,12.306,6.0,1,20.43759897347175,55.0,0.0,0.0,0.0,0.0,0.0,48.192480961682705,optimal
2021-02-13 12:00:00,6,35,0.0,0.0,0.0,0.26753333333333335,13.23,6.0,1,20.328154562193646,55.0,0.0,0.0,0.0,0.0,0.0,48.144288480721016,optimal
2021-02-13 12:30:00,6,35,0.0,0.0,0.0,0.067,13.671,6.0,1,20.256117512290825,55.0,0.0,0.0,0.0,0.0,0.0,48.096144192240295,optimal
2021-02-13 13:00:00,6,35,0.0,0.0,0.0,0.15353333333333333,13.9335,6.0,1,20.159262779709593,55.0,0.0,0.0,0.0,0.0,0.0,48.048048048048045,optimal
2021-02-13 13:30:00,6,35,0.0,0.0,0.0,0.166,13.293,6.0,1,20.08654045766557,55.0,0.0,0.0,0.0,0.0,0.0,48.0,optimal
2021-02-13 14:00:00,6,35,0.36889570029216084,0.0,0.0,0.07686666666666667,12.1065,6.0,1,20.0,55.0,0.0,1291.134951022563,0.0,0.0,0.0,47.86542815614122,optimal
2021-02-13 14:30:00,6,35,0.6251987813758395,0.0,0.0,0.12013333333333334,11.571,6.0,1,20.0,55.0,0.0,2188.1957348154383,0.0,0.0,0.0,47.7309908841263,optimal
2021-02-13 15:00:00,6,35,2.0,0.0,0.0,0.08866666666666667,11.025,6.0,1,20.11460776068972,55.0,0.0,7000.0,0.0,0.0,0.0,47.596688049383395,optimal
2021-02-13 15:30:00,6,35,2.0,0.0,0.0,0.069,10.8465,6.0,1,20.767067305173338,55.0,0.0,7000.0,0.0,0.0,0.0,47.462519517475236,optimal
2021-02-13 16:00:00,6,35,2.0,0.0,0.0,0.128,11.2455,6.0,1,21.4061396570347,55.0,0.0,7000.0,0.0,0.0,0.0,47.328485154098985,optimal
2021-02-13 16:30:00,6,35,0.0,0.0,0.0,0.0808,23.8665,6.0,1,22.0,55.0,0.0,0.0,0.0,0.0,0.0,47.19458482508611,optimal
2021-02-13 17:00:00,6,35,0.0,0.0,0.0,0.0808,27.4575,6.0,1,21.737221428340664,55.0,0.0,0.0,0.0,0.0,0.0,47.06081839640225,optimal
2021-02-13 17:30:00,6,35,0.0,0.0,0.0,0.128,27.3735,6.0,1,21.441172293404964,55.0,0.0,0.0,0.0,0.0,0.0,46.927185734147066,optimal
2021-02-13 18:00:00,6,35,0.0,0.0,0.0,0.069,30.4605,6.0,1,21.153673826926408,55.0,0.0,0.0,0.0,0.0,0.0,46.79368670455414,optimal
2021-02-13 18:30:00,6,35,0.0,0.0,0.0,0.069,30.0195,6.0,1,20.84653804907448,55.0,0.0,0.0,0.0,0.0,0.0,46.66032117399081,optimal
2021-02-13 19:00:00,6,35,0.0,0.0,0.0,0.069,26.9325,6.0,1,20.543168389719064,55.0,0.0,0.0,0.0,0.0,0.0,46.52708900895804,optimal
2021-02-13 19:30:00,6,35,0.11289952891617777,0.0,0.0,0.1162,14.595,6.0,1,20.2435096887084,55.0,0.0,395.1483512066222,0.0,0.0,0.0,46.393990076090304,optimal
2021-02-13 20:00:00,6,35,0.6535460292821487,0.0,0.0,0.10093333333333333,12.4845,6.0,1,20.0,55.0,0.0,2287.41110248752,0.0,0.0,0.0,46.261024242155436,optimal
2021-02-13 20:30:00,6,35,0.0,0.0,0.0,0.069,12.1275,6.0,1,20.0,55.0,0.0,0.0,0.0,0.0,0.0,46.1281913740545,optimal
2021-02-13 21:00:00,6,35,0.0,0.0,0.0,0.12013333333333334,12.1275,6.0,1,19.705367487218506,55.0,0.0,0.0,0.0,0.0,0.0,45.99549133882167,optimal
2021-02-13 21:30:00,6,35,0.0,0.0,0.0,0.13886666666666667,12.789,6.0,1,19.421202807292037,55.0,0.0,0.0,0.0,0.0,0.0,45.94949584748285,optimal
2021-02-13 22:00:00,6,35,0.0,0.0,0.0,0.4225,11.907,6.0,1,19.189086357558182,55.0,0.0,0.0,0.0,0.0,0.0,45.90354635163537,optimal
2021-02-13 22:30:00,6,35,0.0,0.0,0.0,0.0808,11.025,6.0,1,19.012695740379435,55.0,0.0,0.0,0.0,0.0,0.0,45.85764280528373,optimal
2021-02-13 23:00:00,6,35,0.0,0.0,0.0,0.128,8.2005,6.0,1,18.74331833255362,55.0,0.0,0.0,0.0,0.0,0.0,45.81178516247845,optimal
2021-02-13 23:30:00,6,35,0.0,0.0,0.0,0.069,9.5655,6.0,1,18.484297910818203,55.0,0.0,0.0,0.0,0.0,0.0,45.76597337731597,optimal
2021-02-07 00:00:00,7,35,0.0,0.0,0.0,0.06,9.261,6.0,0,21.0,55.0,0.12,0.0,0.0,0.0,0.0,47.952,optimal
2021-02-07 00:30:00,7,35,0.0,0.0,0.0,0.1797,10.3635,6.0,0,20.74620804459234,55.0,0.12,0.0,0.0,0.0,0.0,47.904047999999996,optimal
2021-02-07 01:00:00,7,35,0.0,0.0,0.0,0.108,8.274,6.0,0,20.50907126638525,55.0,0.12,0.0,0.0,0.0,0.0,47.856143952,optimal
2021-02-07 01:30:00,7,35,0.0,0.0,0.0,0.1395,7.7175,6.0,0,20.265315884332583,55.0,0.12,0.0,0.0,0.0,0.0,47.80828780804799,optimal
2021-02-07 02:00:00,7,35,0.0,0.0,0.0,0.1482,6.615,6.0,0,20.02818850271848,55.0,0.12,0.0,0.0,0.0,0.0,47.76047952023995,optimal
2021-02-07 02:30:00,7,35,0.0,0.0,0.0,0.0891,6.174,6.0,0,19.79484867826919,55.0,0.12,0.0,0.0,0.0,0.0,47.712719040719705,optimal
2021-02-07 03:00:00,7,35,2.0,0.0,0.0,0.21509999999999999,3.906,6.0,0,19.556350709321716,55.0,0.12,7000.0,0.0,0.0,0.0,47.66500632167899,optimal
2021-02-07 03:30:00,7,35,2.0,0.0,0.0,0.0726,2.3415,6.0,0,20.17730368728766,55.0,0.12,7000.0,0.0,0.0,0.0,47.61734131535731,optimal
2021-02-07 04:00:00,7,35,2.0,0.0,0.0,0.1167,2.205,6.0,0,20.771283563917834,55.0,0.12,7000.0,0.0,0.0,0.0,47.56972397404195,optimal
2021-02-07 04:30:00,7,35,2.0,0.0,1.61443461893103,0.1419,0.882,6.0,0,21.361137689999772,55.0,0.12,7000.0,0.0,0.0,0.0,48.289010694060146,optimal
2021-02-07 05:00:00,7,35,2.0,0.0,0.0,0.10526666666666668,1.5435,6.0,0,21.94538470729916,55.0,0.12,7000.0,0.0,0.0,0.0,48.240721683366075,optimal
2021-02-07 05:30:00,7,35,2.0,0.0,0.0,0.21153333333333332,1.5435,6.0,0,22.51666676121338,55.0,0.12,7000.0,0.0,0.0,0.0,48.192480961682705,optimal
2021-02-07 06:00:00,7,35,0.0,0.0,0.0,0.06646666666666667,5.0715,6.0,0,23.092367913767166,55.0,0.12,0.0,0.0,0.0,0.0,48.144288480721016,optimal
2021-02-07 06:30:00,7,35,0.0,0.0,0.0,0.11173333333333332,5.376,6.0,0,22.79992049759126,55.0,0.12,0.0,0.0,0.0,0.0,48.096144192240295,optimal
2021-02-07 07:00:00,7,35,0.05329576698160365,0.0,0.0,0.19793333333333332,5.0715,6.0,0,22.51647069389822,55.0,0.11933333333333333,186.53518443561276,0.0,0.0,0.0,48.048048048048045,optimal
2021-02-07 07:30:00,7,35,0.0,0.0,0.0,0.05866666666666666,5.5125,6.0,0,22.27382871626698,55.0,0.11316,0.0,0.0,0.0,0.0,48.0,optimal
2021-02-07 08:00:00,7,35,0.6832681508582371,0.0,0.0,0.10526666666666668,9.261,6.0,0,22.0,55.0,0.11316,2391.43852800383,0.0,0.0,0.0,47.89964505488796,optimal
2021-02-07 08:30:00,7,35,0.0,0.0,0.0,0.07293333333333334,11.7075,6.0,0,22.0,55.0,0.11316,0.0,0.0,0.0,0.0,47.799390464721036,optimal
2021-02-07 09:00:00,7,35,0.0,0.0,0.0,0.11040000000000001,12.348,6.0,0,21.707631922404513,55.0,0.11316,0.0,0.0,0.0,0.0,47.69923612914428,optimal
2021-02-07 09:30:00,7,35,0.0,0.0,0.0,0.18053333333333332,12.348,6.0,0,21.440243821860896,55.0,0.11316,0.0,0.0,0.0,0.0,47.599181947903105,optimal
2021-02-07 10:00:00,7,35,0.0,0.0,0.0,0.09253333333333331,12.1275,6.0,0,21.185942981057412,55.0,0.11316,0.0,0.0,0.0,0.0,47.49922782084317,optimal
2021-02-07 10:30:00,7,35,0.0,0.0,0.0,0.23446666666666666,12.5265,6.0,0,20.945451624923084,55.0,0.11316,0.0,0.0,0.0,0.0,47.39937364791029,optimal
2021-02-07 11:00:00,7,35,2.0,0.0,0.0,0.09566666666666669,11.7495,6.0,0,20.723694746519435,55.0,0.11316,7000.0,0.0,0.0,0.0,47.29961932915034,optimal
2021-02-07 11:30:00,7,35,0.0,0.0,0.0,0.10203333333333332,13.23,6.0,0,21.357923710148206,55.0,0.11316,0.0,0.0,0.0,0.0,47.19996476470915,optimal
2021-02-07 12:00:00,7,35,0.0,0.0,0.0,0.08283333333333333,14.3325,6.0,0,21.14176888808046,55.0,0.11316,0.0,0.0,0.0,0.0,47.10040985483241,optimal
2021-02-07 12:30:00,7,35,0.0,0.0,0.0,0.10713333333333334,14.994,6.0,0,20.94477313930837,55.0,0.11316,0.0,0.0,0.0,0.0,47.000954499865536,optimal
2021-02-07 13:00:00,7,35,0.0,0.0,0.0,0.219,14.8155,6.0,0,20.753265662774314,55.0,0.11316,0.0,0.0,0.0,0.0,46.901598600253635,optimal
2021-02-07 13:30:00,7,35,0.0,0.0,0.0,0.06,14.112,6.0,0,20.561678326152943,55.0,0.11316,0.0,0.0,0.0,0.0,46.80234205654135,optimal
2021-02-07 14:00:00,7,35,0.0,0.0,0.0,0.07136666666666666,14.007,6.0,0,20.354498005309324,55.0,0.11316,0.0,0.0,0.0,0.0,46.70318476937277,optimal
2021-02-07 14:30:00,7,35,1.0092698370326163,0.0,0.0,0.2471,13.23,6.0,0,20.15934793169084,55.0,0.11316,3532.4444296141573,0.0,0.0,0.0,46.60412663949136,optimal
2021-02-07 15:00:00,7,35,2.0,0.0,0.0,0.06,11.382,6.0,0,20.41416843043898,55.0,0.11316,7000.0,0.0,0.0,0.0,46.50516756773983,optimal
2021-02-07 15:30:00,7,35,2.0,0.0,0.0,0.12486666666666665,11.7495,6.0,0,21.077625689684844,55.0,0.11316,7000.0,0.0,0.0,0.0,46.40630745506006,optimal
2021-02-07 16:00:00,7,35,0.0,0.0,0.0,0.2086,24.3285,6.0,0,21.73617151730713,55.0,0.11316,0.0,0.0,0.0,0.0,46.307546202492965,optimal
2021-02-07 16:30:00,7,35,0.0,0.0,0.0,0.07,28.917,6.0,0,21.511530338903647,55.0,0.11316,0.0,0.0,0.0,0.0,46.20888371117844,optimal
2021-02-07 17:00:00,7,35,0.0,0.0,0.0,0.12040000000000001,31.3635,6.0,0,21.274234888059812,55.0,0.11316,0.0,0.0,0.0,0.0,46.11031988235522,optimal
2021-02-07 17:30:00,7,35,0.0,0.0,0.0,0.2002333333333333,33.306,6.0,0,21.004087645683587,55.0,0.11316,0.0,0.0,0.0,0.0,46.01185461736083,optimal
2021-02-07 18:00:00,7,35,0.0,0.0,0.0,0.0795,31.3425,6.0,0,20.748967529696788,55.0,0.11316,0.0,0.0,0.0,0.0,45.913487817631434,optimal
2021-02-07 18:30:00,7,35,0.0,0.0,0.0,0.257,28.2555,6.0,0,20.476043964280944,55.0,0.11316,0.0,0.0,0.0,0.0,45.81521938470177,optimal
2021-02-07 19:00:00,7,35,0.0,0.0,0.0,0.07766666666666668,15.6975,6.0,0,20.22880634705582,55.0,0.08133333333333333,0.0,0.0,0.0,0.0,45.76940416531707,optimal
2021-02-07 19:30:00,7,35,0.6102327039561672,0.0,0.0,0.11526666666666668,12.5475,6.0,0,20.0,55.0,0.08133333333333333,2135.8144638465856,0.0,0.0,0.0,45.72363476115175,optimal
2021-02-07 20:00:00,7,35,0.5798707991942603,0.0,0.0,0.22153333333333333,12.0855,6.0,0,20.0,55.0,0.08133333333333333,2029.5477971799112,0.0,0.0,0.0,45.6779111263906,optimal
2021-02-07 20:30:00,7,35,0.0,0.0,0.0,0.07,11.907,6.0,0,20.0,55.0,0.08133333333333333,0.0,0.0,0.0,0.0,45.63223321526421,optimal
2021-02-07 21:00:00,7,35,0.0,0.0,0.0,0.2038,12.5685,6.0,0,19.736100903756817,55.0,0.08133333333333333,0.0,0.0,0.0,0.0,45.58660098204894,optimal
2021-02-07 21:30:00,7,35,0.0,0.0,0.0,0.133,13.146,6.0,0,19.490701573922944,55.0,0.08133333333333333,0.0,0.0,0.0,0.0,45.541014381066894,optimal
2021-02-07 22:00:00,7,35,0.0,0.0,0.0,0.07,10.584,6.0,0,19.240377589796218,55.0,0.08133333333333333,0.0,0.0,0.0,0.0,45.49547336668583,optimal
2021-02-07 22:30:00,7,35,0.0,0.0,0.0,0.2086,6.678,6.0,0,18.98613960015024,55.0,0.08133333333333333,0.0,0.0,0.0,0.0,45.449977893319144,optimal
2021-02-07 23:00:00,7,35,0.0,0.0,0.0,0.12819999999999998,7.938,6.0,0,18.752302069157402,55.0,0.08133333333333333,0.0,0.0,0.0,0.0,45.404527915425824,optimal
2021-02-07 23:30:00,7,35,0.0,0.0,0.0,0.1708,5.292,6.0,0,18.51221544310479,55.0,0.08133333333333333,0.0,0.0,0.0,0.0,45.3591233875104,optimal
2021-02-08 00:00:00,7,35,2.0,0.0,0.0,0.13803333333333334,6.7725,6.0,-4,18.51221544310479,55.0,0.08133333333333333,7000.0,0.0,0.0,0.0,45.31376426412289,optimal
2021-02-08 00:30:00,7,35,2.0,0.0,0.0,0.11309999999999999,5.5755,6.0,-4,19.124770557959174,55.0,0.08133333333333333,7000.0,0.0,0.0,0.0,45.268450499858766,optimal
2021-02-08 01:00:00,7,35,2.0,0.0,0.0,0.057,5.0925,6.0,-4,19.725353877484192,55.0,0.08133333333333333,7000.0,0.0,0.0,0.0,45.223182049358904,optimal
2021-02-08 01:30:00,7,35,2.0,0.0,7.366543425985458,0.19413333333333332,4.1895,6.0,-4,20.310390675506007,55.0,0.08133333333333333,7000.0,0.0,0.0,0.0,48.67706699465263,optimal
2021-02-08 02:00:00,7,35,2.0,0.0,0.0,0.057,7.056,6.0,-4,20.902626766613754,55.0,0.08133333333333333,7000.0,0.0,0.0,0.0,48.62838992765797,optimal
2021-02-08 02:30:00,7,35,2.0,0.0,0.0,0.1879,5.271,6.0,-4,21.46895608995807,55.0,0.08133333333333333,7000.0,0.0,0.0,0.0,48.579761537730306,optimal
2021-02-08 03:00:00,7,35,2.0,0.0,0.0,0.06323333333333332,7.938,6.0,-4,22.043473331849746,55.0,0.08133333333333333,7000.0,0.0,0.0,0.0,48.53118177619257,optimal
2021-02-08 03:30:00,7,35,2.0,0.0,0.0,0.057,7.938,6.0,-4,22.59530799368304,55.0,0.08133333333333333,7000.0,0.0,0.0,0.0,48.48265059441637,optimal
2021-02-08 04:00:00,7,35,0.0,0.0,0.0,0.057,11.907,6.0,-4,23.13757791850717,55.0,0.08133333333333333,0.0,0.0,0.0,0.0,48.434167943821954,optimal
2021-02-08 04:30:00,7,35,2.0,0.0,0.0,0.057,11.025,6.0,-4,22.828911473202815,55.0,0.08133333333333333,7000.0,0.0,0.0,0.0,48.38573377587813,optimal
2021-02-08 05:00:00,7,35,0.013890929057206214,0.0,0.0,0.19413333333333332,11.2875,6.0,-4,23.365562980505995,55.0,0.08133333333333333,48.61825170022175,0.0,0.0,0.0,48.33734804210225,optimal
2021-02-08 05:30:00,7,35,0.0,0.0,0.0,0.057,12.936,6.0,-4,23.072978293905436,55.0,0.08133333333333333,0.0,0.0,0.0,0.0,48.289010694060146,optimal
2021-02-08 06:00:00,7,35,0.0,0.0,0.0,0.05866666666666666,13.0095,6.0,-4,22.761596396909056,55.0,0.08133333333333333,0.0,0.0,0.0,0.0,48.240721683366075,optimal
2021-02-08 06:30:00,7,35,0.0,0.0,0.0,0.20246666666666666,13.671,6.0,-4,22.454042808851852,55.0,0.08133333333333333,0.0,0.0,0.0,0.0,48.192480961682705,optimal
2021-02-08 07:00:00,7,35,0.0,0.0,0.0,0.05666666666666666,13.188,6.0,-4,22.16676176720574,55.0,0.07933333333333333,0.0,0.0,0.0,0.0,48.144288480721016,optimal
2021-02-08 07:30:00,7,35,0.0,0.0,0.0,0.1557333333333333,13.8495,6.0,-4,21.872953182447603,55.0,0.07866666666666666,0.0,0.0,0.0,0.0,48.096144192240295,optimal
2021-02-08 08:00:00,7,35,0.0,0.0,0.0,0.09340000000000001,13.23,6.0,-4,21.61044905715417,55.0,0.07599999999999998,0.0,0.0,0.0,0.0,48.048048048048045,optimal
2021-02-08 08:30:00,7,35,0.0,0.0,0.0,0.06496666666666667,13.3665,6.0,-4,21.360065014874273,55.0,0.07599999999999998,0.0,0.0,0.0,0.0,48.0,optimal
2021-02-08 09:00:00,7,35,0.0,0.0,0.0,0.1979,13.0515,6.0,-4,21.076829429068216,55.0,0.07599999999999998,0.0,0.0,0.0,0.0,47.451151561459454,optimal
2021-02-08 09:30:00,7,35,0.0,0.0,0.0,0.064,13.5345,6.0,-4,20.82596965299692,55.0,0.07599999999999998,0.0,0.0,0.0,0.0,46.90285197135745,optimal
2021-02-08 10:00:00,7,35,0.0,0.0,0.0,0.14426666666666668,14.154,6.0,-4,20.565230742937917,55.0,0.07599999999999998,0.0,0.0,0.0,0.0,46.355100680845545,optimal
2021-02-08 10:30:00,7,35,0.0,0.0,0.0,0.10686666666666667,14.112,6.0,-4,20.36413180936985,55.0,0.07599999999999998,0.0,0.0,0.0,0.0,45.80789714162415,optimal
2021-02-08 11:00:00,7,35,0.0,0.0,0.0,0.05866666666666666,14.2485,6.0,-4,20.159281208090004,55.0,0.07599999999999998,0.0,0.0,0.0,0.0,45.26124080594199,optimal
2021-02-08 11:30:00,7,35,0.6630388718043408,0.0,0.0,0.20246666666666666,12.789,6.0,-4,20.0,55.0,0.07599999999999998,2320.636051315193,0.0,0.0,0.0,44.7151311265955,optimal
2021-02-08 12:00:00,7,35,0.0,0.0,0.0,0.05866666666666666,13.0095,6.0,-4,20.140242777466906,55.0,0.07599999999999998,0.0,0.0,0.0,0.0,44.169567556928364,optimal
2021-02-08 12:30:00,7,35,2.0,0.0,0.0,0.17486666666666667,12.1275,6.0,-4,20.0,55.0,0.07599999999999998,7000.0,0.0,0.0,0.0,43.62454955083089,optimal
2021-02-08 13:00:00,7,35,0.13677638103743006,0.0,0.0,0.08193333333333333,12.348,6.0,-4,20.720502549712595,55.0,0.07599999999999998,478.7173336310052,0.0,0.0,0.0,43.08007656273952,optimal
2021-02-08 13:30:00,7,35,2.0,0.0,0.0,0.057,12.348,6.0,-4,20.632761699382733,55.0,0.07599999999999998,7000.0,0.0,0.0,0.0,42.53614804763624,optimal
2021-02-08 14:00:00,7,35,0.0,0.0,0.0,0.1567333333333333,25.389,6.0,-4,21.329431504438514,55.0,0.07599999999999998,0.0,0.0,0.0,0.0,41.99276346104806,optimal
2021-02-08 14:30:00,7,35,0.0,0.0,0.0,0.09606666666666666,29.1375,6.0,-4,21.188192466186692,55.0,0.07599999999999998,0.0,0.0,0.0,0.0,41.44992225904647,optimal
2021-02-08 15:00:00,7,35,0.0,0.0,0.0,0.06533333333333333,30.597,6.0,-4,21.039324970989824,55.0,0.07599999999999998,0.0,0.0,0.0,0.0,40.907623898246875,optimal
2021-02-08 15:30:00,7,35,0.0,0.0,0.0,0.1879,33.684,6.0,-4,20.851550838409416,55.0,0.07599999999999998,0.0,0.0,0.0,0.0,40.36586783580808,optimal
2021-02-08 16:00:00,7,35,0.0,0.0,0.0,0.06323333333333332,32.445,6.0,-4,20.683009540013416,55.0,0.07599999999999998,0.0,0.0,0.0,0.0,39.82465352943173,optimal
2021-02-08 16:30:00,7,35,0.0,0.0,0.0,0.14426666666666668,28.917,6.0,-4,20.461728372883073,55.0,0.07599999999999998,0.0,0.0,0.0,0.0,39.283980437361755,optimal
2021-02-08 17:00:00,7,35,0.0,0.0,0.0,0.11053333333333332,15.876,6.0,-4,20.251241401926215,55.0,0.07599999999999998,0.0,0.0,0.0,0.0,39.244696456924395,optimal
2021-02-08 17:30:00,7,35,0.6075006009866659,0.0,0.0,0.0616,12.348,6.0,-4,20.0,55.0,0.07599999999999998,2126.252103453331,0.0,0.0,0.0,39.20545176046747,optimal
2021-02-08 18:00:00,7,35,1.1864695924399584,0.0,0.0,0.20246666666666666,12.1275,6.0,-4,20.0,55.0,0.07599999999999998,4152.6435735398545,0.0,0.0,0.0,39.166246308707,optimal
2021-02-08 18:30:00,7,35,0.0,0.0,0.0,0.1661,12.348,6.0,-4,20.243107806431812,55.0,0.07333333333333332,0.0,0.0,0.0,0.0,39.12708006239829,optimal
2021-02-08 19:00:00,7,35,0.5704417475715435,0.0,0.0,0.15333333333333335,12.1275,6.0,-4,20.0,55.0,0.07333333333333332,1996.5461165004024,0.0,0.0,0.0,39.08795298233589,optimal
2021-02-08 19:30:00,7,35,0.5415061842550191,0.0,0.0,0.3030333333333334,12.1275,6.0,-4,20.0,55.0,0.07333333333333332,1895.2716448925669,0.0,0.0,0.0,39.04886502935356,optimal
2021-02-08 20:00:00,7,35,0.596284906652791,0.0,0.0,0.1192,11.2665,6.0,-4,20.0,55.0,0.072,2086.9971732847685,0.0,0.0,0.0,39.00981616432421,optimal
2021-02-08 20:30:00,7,35,0.0,0.0,0.0,0.14756666666666665,10.143,6.0,-4,20.0,55.0,0.072,0.0,0.0,0.0,0.0,38.97080634815988,optimal
2021-02-08 21:00:00,7,35,0.0,0.0,0.0,0.17533333333333334,11.2455,6.0,-4,19.75391080377825,55.0,0.072,0.0,0.0,0.0,0.0,38.93183554181172,optimal
2021-02-08 21:30:00,7,35,0.0,0.0,0.0,0.2327333333333333,11.025,6.0,-4,19.517782293060357,55.0,0.07133333333333332,0.0,0.0,0.0,0.0,38.89290370626991,optimal
2021-02-08 22:00:00,7,35,0.0,0.0,0.0,0.7135333333333334,5.9745,6.0,-4,19.299333471507964,55.0,0.07133333333333332,0.0,0.0,0.0,0.0,38.85401080256364,optimal
2021-02-08 22:30:00,7,35,0.0,0.0,0.0,0.3628,7.938,6.0,-4,19.14197867138706,55.0,0.07133333333333332,0.0,0.0,0.0,0.0,38.815156791761076,optimal
2021-02-08 23:00:00,7,35,0.0,0.0,0.0,0.10063333333333334,8.6835,6.0,-4,18.9441874279246,55.0,0.07133333333333332,0.0,0.0,0.0,0.0,38.77634163496931,optimal
2021-02-08 23:30:00,7,35,0.0,0.0,0.0,0.1505,7.665,6.0,-4,18.69193674372711,55.0,0.07133333333333332,0.0,0.0,0.0,0.0,38.73756529333434,optimal
2021-02-09 00:00:00,7,35,0.0,0.0,0.0,0.06093333333333333,11.466,6.0,2,18.69193674372711,55.0,0.07133333333333332,0.0,0.0,0.0,0.0,38.69882772804101,optimal
2021-02-09 00:30:00,7,35,0.0,0.0,0.0,0.17616666666666667,10.8045,6.0,2,18.43704290117473,55.0,0.07133333333333332,0.0,0.0,0.0,0.0,38.66012890031297,optimal
2021-02-09 01:00:00,7,35,2.0,0.0,9.0,0.15906666666666666,10.584,6.0,2,18.200479894261196,55.0,0.07133333333333332,7000.0,0.0,0.0,0.0,42.89646877141266,optimal
2021-02-09 01:30:00,7,35,0.0,0.0,0.0,0.10456666666666667,11.2455,6.0,2,18.808318220583235,55.0,0.07133333333333332,0.0,0.0,0.0,0.0,42.85357230264125,optimal
2021-02-09 02:00:00,7,35,0.0,0.0,0.0,0.053,12.1275,6.0,2,18.55696990424342,55.0,0.07133333333333332,0.0,0.0,0.0,0.0,42.81071873033861,optimal
2021-02-09 02:30:00,7,35,0.0,0.0,0.0,0.25706666666666667,11.823,6.0,2,18.301633637393067,55.0,0.07133333333333332,0.0,0.0,0.0,0.0,42.76790801160827,optimal
2021-02-09 03:00:00,7,35,0.0,0.0,0.0,0.06626666666666667,11.7705,6.0,2,18.07532338862404,55.0,0.07133333333333332,0.0,0.0,0.0,0.0,42.725140103596665,optimal
2021-02-09 03:30:00,7,35,2.0,0.0,0.0,0.12440000000000001,11.13,6.0,2,17.830102447228924,55.0,0.07133333333333332,7000.0,0.0,0.0,0.0,42.682414963493066,optimal
2021-02-09 04:00:00,7,35,1.4167177762185745,0.0,0.0,0.053,11.6865,6.0,2,18.439194276070722,55.0,0.07133333333333332,4958.512216765011,0.0,0.0,0.0,42.63973254852957,optimal
2021-02-09 04:30:00,7,35,2.0,0.0,3.987182519352494,0.24256666666666662,10.7205,6.0,2,18.786600513386777,55.0,0.07133333333333332,7000.0,0.0,0.0,0.0,44.49100451267347,optimal
2021-02-09 05:00:00,7,35,2.0,0.0,0.0,0.08843333333333334,11.424,6.0,2,19.395901250468,55.0,0.07133333333333332,7000.0,0.0,0.0,0.0,44.4465135081608,optimal
2021-02-09 05:30:00,7,35,2.0,0.0,9.0,0.10840000000000001,10.689,6.0,2,19.97534499291267,55.0,0.07133333333333332,7000.0,0.0,0.0,0.0,48.67706699465263,optimal
2021-02-09 06:00:00,7,35,2.0,0.0,0.0,0.14586666666666667,11.361,6.0,2,20.549346133732257,55.0,0.07133333333333332,7000.0,0.0,0.0,0.0,48.62838992765797,optimal
2021-02-09 06:30:00,7,35,2.0,0.0,0.0,0.13206666666666667,11.571,6.0,2,21.11972907257905,55.0,0.07133333333333332,7000.0,0.0,0.0,0.0,48.579761537730306,optimal
2021-02-09 07:00:00,7,35,0.0,0.0,0.0,0.06963333333333334,14.3745,6.0,2,21.67844268659971,55.0,0.07133333333333332,0.0,0.0,0.0,0.0,48.53118177619257,optimal
2021-02-09 07:30:00,7,35,0.0,0.0,0.0,0.2651,13.23,6.0,2,21.378186162874346,55.0,0.07133333333333332,0.0,0.0,0.0,0.0,48.48265059441637,optimal
2021-02-09 08:00:00,7,35,0.0,0.0,0.0,0.27253333333333335,13.9755,6.0,2,21.109134599171284,55.0,0.06266666666666665,0.0,0.0,0.0,0.0,48.434167943821954,optimal
2021-02-09 08:30:00,7,35,0.0,0.0,0.0,0.11733333333333332,14.994,6.0,2,20.855450058674073,55.0,0.06199999999999998,0.0,0.0,0.0,0.0,48.38573377587813,optimal
2021-02-09 09:00:00,7,35,0.0,0.0,0.0,0.4072,13.671,6.0,2,20.61038131043938,55.0,0.061333333333333316,0.0,0.0,0.0,0.0,48.33734804210225,optimal
2021-02-09 09:30:00,7,35,0.0,0.0,0.0,0.3398333333333333,15.981,6.0,2,20.440658840308213,55.0,0.05999999999999998,0.0,0.0,0.0,0.0,48.289010694060146,optimal
2021-02-09 10:00:00,7,35,0.0,0.0,0.0,1.8163333333333334,15.6345,6.0,2,20.27488264526559,55.0,0.05999999999999998,0.0,0.0,0.0,0.0,48.240721683366075,optimal
2021-02-09 10:30:00,7,35,0.0,0.0,0.0,0.17046666666666666,16.5375,6.0,2,20.19155567762552,55.0,0.05999999999999998,0.0,0.0,0.0,0.0,48.192480961682705,optimal
2021-02-09 11:00:00,7,35,0.0,0.0,0.0,1.5800333333333334,14.7735,6.0,2,20.044359738622898,55.0,0.05999999999999998,0.0,0.0,0.0,0.0,48.144288480721016,optimal
2021-02-09 11:30:00,7,35,0.0,0.0,0.0,1.2519333333333333,15.2145,6.0,2,20.012216780535404,55.0,0.05799999999999998,0.0,0.0,0.0,0.0,48.096144192240295,optimal
2021-02-09 12:00:00,7,35,0.06767615116815168,0.0,0.0,1.6473,14.553,6.0,2,20.0,55.0,0.05799999999999998,236.86652908853085,0.0,0.0,0.0,48.048048048048045,optimal
2021-02-09 12:30:00,7,35,0.42214665656783285,0.0,0.0,2.731133333333333,14.3325,6.0,2,20.0,55.0,0.05733333333333331,1477.513297987415,0.0,0.0,0.0,48.0,optimal
2021-02-09 13:00:00,7,35,0.0,0.0,0.0,1.2292,14.595,6.0,2,20.17684534287677,55.0,0.05733333333333331,0.0,0.0,0.0,0.0,47.77302531596345,optimal
2021-02-09 13:30:00,7,35,0.0,0.0,0.0,0.17576666666666668,14.994,6.0,2,20.095440550333176,55.0,0.05733333333333331,0.0,0.0,0.0,0.0,47.54627760661094,optimal
2021-02-09 14:00:00,7,35,0.26982719353637746,0.0,0.0,0.09616666666666669,14.3325,6.0,2,20.0,55.0,0.05733333333333331,944.3951773773211,0.0,0.0,0.0,47.31975664496778,optimal
2021-02-09 14:30:00,7,35,0.26064232322452235,0.0,0.0,0.13440000000000002,13.8915,6.0,2,20.0,55.0,0.05733333333333331,912.2481312858282,0.0,0.0,0.0,47.09346220428627,optimal
2021-02-09 15:00:00,7,35,0.32793184540804676,0.0,0.0,0.2089333333333333,13.8915,6.0,2,20.0,55.0,0.05733333333333331,1147.7614589281636,0.0,0.0,0.0,46.867394058045434,optimal
2021-02-09 15:30:00,7,35,2.0,0.0,0.0,0.063,13.4715,6.0,2,20.0,55.0,0.05733333333333331,7000.0,0.0,0.0,0.0,46.64155197995084,optimal
2021-02-09 16:00:00,7,35,2.0,0.0,0.0,0.26043333333333335,13.23,6.0,2,20.686600361726992,55.0,0.05733333333333331,7000.0,0.0,0.0,0.0,46.41593574393434,optimal
2021-02-09 16:30:00,7,35,1.2645172330551864,0.0,0.0,0.0829,13.8915,6.0,2,21.336680010223652,55.0,0.05733333333333331,4425.810315693152,0.0,0.0,0.0,46.19054512415386,optimal
2021-02-09 17:00:00,7,35,0.0,0.0,0.0,0.13440000000000002,26.9325,6.0,2,21.644677819364432,55.0,0.05733333333333331,0.0,0.0,0.0,0.0,45.965379894993156,optimal
2021-02-09 17:30:00,7,35,0.0,0.0,0.0,0.2089333333333333,30.303,6.0,2,21.369603180724173,55.0,0.05733333333333331,0.0,0.0,0.0,0.0,45.740439831061614,optimal
2021-02-09 18:00:00,7,35,0.0,0.0,0.0,0.13043333333333335,32.886,6.0,2,21.10606084080914,55.0,0.05733333333333331,0.0,0.0,0.0,0.0,45.515724707194,optimal
2021-02-09 18:30:00,7,35,0.0,0.0,0.0,0.7422000000000001,34.9965,6.0,2,20.820184017487996,55.0,0.05733333333333331,0.0,0.0,0.0,0.0,45.47020898248681,optimal
2021-02-09 19:00:00,7,35,0.0,0.0,0.0,0.6551333333333333,33.327,6.0,2,20.631025094770642,55.0,0.05733333333333331,0.0,0.0,0.0,0.0,45.42473877350432,optimal
2021-02-09 19:30:00,7,35,0.0,0.0,0.0,0.08886666666666666,31.122,6.0,2,20.445681834059897,55.0,0.05733333333333331,0.0,0.0,0.0,0.0,45.37931403473082,optimal
2021-02-09 20:00:00,7,35,0.0,0.0,0.0,0.2463333333333333,17.9025,6.0,2,20.210219313028873,55.0,0.05733333333333331,0.0,0.0,0.0,0.0,45.333934720696085,optimal
2021-02-09 20:30:00,7,35,0.0,0.0,0.0,0.16733333333333333,15.6555,6.0,2,20.0,55.0,0.05733333333333331,0.0,0.0,0.0,0.0,45.28860078597539,optimal
2021-02-09 21:00:00,7,35,0.0,0.0,0.0,0.24066666666666664,14.553,6.0,2,19.77954317941704,55.0,0.05666666666666665,0.0,0.0,0.0,0.0,45.24331218518942,optimal
2021-02-09 21:30:00,7,35,0.0,0.0,0.0,0.23036666666666666,14.3325,6.0,2,19.58232829424746,55.0,0.05666666666666665,0.0,0.0,0.0,0.0,45.198068873004225,optimal
2021-02-09 22:00:00,7,35,0.0,0.0,0.0,0.1875,13.335,6.0,2,19.368070962354835,55.0,0.05399999999999998,0.0,0.0,0.0,0.0,45.15287080413122,optimal
2021-02-09 22:30:00,7,35,0.0,0.0,0.0,0.27196666666666663,12.1275,6.0,2,19.1625212713237,55.0,0.05399999999999998,0.0,0.0,0.0,0.0,45.10771793332709,optimal
2021-02-09 23:00:00,7,35,0.0,0.0,0.0,0.4705,12.2955,6.0,2,18.966686505083313,55.0,0.05399999999999998,0.0,0.0,0.0,0.0,45.06261021539376,optimal
2021-02-09 23:30:00,7,35,0.0,0.0,0.0,0.10663333333333334,11.6865,6.0,2,18.797778977306624,55.0,0.05399999999999998,0.0,0.0,0.0,0.0,45.017547605178365,optimal
2021-02-10 00:00:00,7,35,0.0,0.0,0.0,0.055,12.789,6.0,3,18.797778977306624,55.0,0.05399999999999998,0.0,0.0,0.0,0.0,44.97253005757319,optimal
2021-02-10 00:30:00,7,35,0.0,0.0,0.0,0.15366666666666665,11.907,6.0,3,18.537547336252953,55.0,0.05399999999999998,0.0,0.0,0.0,0.0,44.92755752751562,optimal
2021-02-10 01:00:00,7,35,0.0,0.0,0.0,0.092,11.7075,6.0,3,18.291534394758862,55.0,0.05399999999999998,0.0,0.0,0.0,0.0,44.8826299699881,optimal
2021-02-10 01:30:00,7,35,2.0,0.0,0.0,0.055,10.8045,6.0,3,18.040240095253154,55.0,0.05399999999999998,7000.0,0.0,0.0,0.0,44.83774734001811,optimal
2021-02-10 02:00:00,7,35,0.0,0.0,0.0,0.19066666666666662,11.508,6.0,3,18.62897149694244,55.0,0.05399999999999998,0.0,0.0,0.0,0.0,44.79290959267809,optimal
2021-02-10 02:30:00,7,35,0.0,0.0,0.0,0.055,11.508,6.0,3,18.38167754784127,55.0,0.05399999999999998,0.0,0.0,0.0,0.0,44.748116683085414,optimal
2021-02-10 03:00:00,7,35,0.34495133973574277,0.0,0.0,0.15983333333333336,11.508,6.0,3,18.121681735079704,55.0,0.05399999999999998,1207.3296890750996,0.0,0.0,0.0,44.703368566402325,optimal
2021-02-10 03:30:00,7,35,0.0,0.0,0.0,0.08583333333333333,11.844,6.0,3,18.023377459450785,55.0,0.05399999999999998,0.0,0.0,0.0,0.0,44.65866519783592,optimal
2021-02-10 04:00:00,7,35,2.0,0.0,0.0,0.055,11.508,6.0,3,17.772339422536252,55.0,0.05399999999999998,7000.0,0.0,0.0,0.0,44.614006532638086,optimal
2021-02-10 04:30:00,7,35,2.0,0.0,0.0,0.19066666666666662,11.508,6.0,3,18.363529967929217,55.0,0.05399999999999998,7000.0,0.0,0.0,0.0,44.569392526105446,optimal
2021-02-10 05:00:00,7,35,2.0,0.0,7.51857064981254,0.055,10.4475,6.0,3,18.96092088117442,55.0,0.05399999999999998,7000.0,0.0,0.0,0.0,48.096144192240295,optimal
2021-02-10 05:30:00,7,35,2.0,0.0,0.0,1.0024,10.8675,6.0,3,19.531773679875826,55.0,0.053333333333333316,7000.0,0.0,0.0,0.0,48.048048048048045,optimal
2021-02-10 06:00:00,7,35,2.0,0.0,0.0,0.9693333333333334,10.542,6.0,3,20.118385589930273,55.0,0.04199999999999998,7000.0,0.0,0.0,0.0,48.0,optimal
2021-02-10 06:30:00,7,35,2.0,0.0,0.0,0.055,11.025,6.0,3,20.70869803554071,55.0,0.04199999999999998,7000.0,0.0,0.0,0.0,47.655910316435666,optimal
2021-02-10 07:00:00,7,35,2.0,0.0,0.0,0.14133333333333334,11.025,6.0,3,21.243845015836996,55.0,0.04199999999999998,7000.0,0.0,0.0,0.0,47.3121647225549,optimal
2021-02-10 07:30:00,7,35,0.0,0.0,0.0,0.10433333333333332,14.553,6.0,3,21.78447118757991,55.0,0.04199999999999998,0.0,0.0,0.0,0.0,46.96876287426801,optimal
2021-02-10 08:00:00,7,35,2.0,0.0,0.0,0.08583333333333333,13.0935,6.0,3,21.469733109399858,55.0,0.04199999999999998,7000.0,0.0,0.0,0.0,46.62570442782941,optimal
2021-02-10 08:30:00,7,35,0.0,0.0,0.0,0.15983333333333336,15.6345,6.0,3,22.0,55.0,0.04199999999999998,0.0,0.0,0.0,0.0,46.28298903983725,optimal
2021-02-10 09:00:00,7,35,0.0,0.0,0.0,0.055,18.102,6.0,3,21.69207183663097,55.0,0.04199999999999998,0.0,0.0,0.0,0.0,45.940616367233076,optimal
2021-02-10 09:30:00,7,35,0.0,0.0,0.0,0.189,17.199,6.0,3,21.410629733795076,55.0,0.04199999999999998,0.0,0.0,0.0,0.0,45.59858606730151,optimal
2021-02-10 10:00:00,7,35,0.0,0.0,0.0,1.3781333333333334,18.2805,6.0,3,21.188122356965938,55.0,0.04199999999999998,0.0,0.0,0.0,0.0,45.25689779766988,optimal
2021-02-10 10:30:00,7,35,0.0,0.0,0.0,1.4482000000000002,17.4615,6.0,3,21.031473658426638,55.0,0.04199999999999998,0.0,0.0,0.0,0.0,44.915551216307875,optimal
2021-02-10 11:00:00,7,35,0.0,0.0,0.0,0.8575666666666667,18.3225,6.0,3,20.90690715556874,55.0,0.04199999999999998,0.0,0.0,0.0,0.0,44.57454598152724,optimal
2021-02-10 11:30:00,7,35,0.0,0.0,0.0,0.127,17.094,6.0,3,20.766383652188857,55.0,0.04199999999999998,0.0,0.0,0.0,0.0,44.23388175198138,optimal
2021-02-10 12:00:00,7,35,0.0,0.0,0.0,0.2616,17.094,6.0,3,20.598743079304782,55.0,0.04199999999999998,0.0,0.0,0.0,0.0,43.89355818666507,optimal
2021-02-10 12:30:00,7,35,0.0,0.0,0.0,0.2629666666666666,17.094,6.0,3,20.494799560430494,55.0,0.04199999999999998,0.0,0.0,0.0,0.0,43.55357494491407,optimal
2021-02-10 13:00:00,7,35,0.0,0.0,0.0,0.05666666666666666,17.3565,6.0,3,20.38386036825526,55.0,0.04199999999999998,0.0,0.0,0.0,0.0,43.21393168640482,optimal
2021-02-10 13:30:00,7,35,0.0,0.0,0.0,0.19066666666666662,17.115,6.0,3,20.259765454594174,55.0,0.04199999999999998,0.0,0.0,0.0,0.0,42.874628071154085,optimal
2021-02-10 14:00:00,7,35,0.0,0.0,0.0,0.05633333333333333,17.241,6.0,3,20.15674120563209,55.0,0.04199999999999998,0.0,0.0,0.0,0.0,42.5356637595186,optimal
2021-02-10 14:30:00,7,35,0.17669766653324948,0.0,0.0,0.139,17.094,6.0,3,20.035826745108647,55.0,0.04199999999999998,618.4418328663731,0.0,0.0,0.0,42.19703841219475,optimal
2021-02-10 15:00:00,7,35,2.0,0.0,0.0,0.11666666666666668,16.5165,6.0,3,20.0,55.0,0.04199999999999998,7000.0,0.0,0.0,0.0,41.85875169021822,optimal
2021-02-10 15:30:00,7,35,0.0,0.0,0.0,0.055,17.8185,6.0,3,20.698310549380444,55.0,0.04199999999999998,0.0,0.0,0.0,0.0,41.52080325496367,optimal
2021-02-10 16:00:00,7,35,2.0,0.0,0.0,0.19566666666666663,17.094,6.0,3,20.53378240441088,55.0,0.04199999999999998,7000.0,0.0,0.0,0.0,41.18319276814437,optimal
2021-02-10 16:30:00,7,35,2.0,0.0,0.0,0.06366666666666666,16.8945,6.0,3,21.17819177165221,55.0,0.04199999999999998,7000.0,0.0,0.0,0.0,40.845919891811896,optimal
2021-02-10 17:00:00,7,35,0.652472733846602,0.0,0.0,0.13516666666666666,18.123,6.0,3,21.79390973038362,55.0,0.04199999999999998,2283.654568463107,0.0,0.0,0.0,40.50898428835575,optimal
2021-02-10 17:30:00,7,35,0.0,0.0,0.0,0.1105,31.647,6.0,3,21.78798303103309,55.0,0.04199999999999998,0.0,0.0,0.0,0.0,40.17238562050306,optimal
2021-02-10 18:00:00,7,35,0.0,0.0,0.0,0.05966666666666666,34.9965,6.0,3,21.505131078813363,55.0,0.04199999999999998,0.0,0.0,0.0,0.0,39.836123551318224,optimal
2021-02-10 18:30:00,7,35,0.0,0.0,0.0,0.14966666666666667,34.9965,6.0,3,21.20246249184125,55.0,0.04199999999999998,0.0,0.0,0.0,0.0,39.50019774420257,optimal
2021-02-10 19:00:00,7,35,0.0,0.0,0.0,0.10433333333333332,34.9965,6.0,3,20.908756242901312,55.0,0.04199999999999998,0.0,0.0,0.0,0.0,39.16460786289404,optimal
2021-02-10 19:30:00,7,35,0.0,0.0,0.0,0.055,34.9965,6.0,3,20.609041216190686,55.0,0.04199999999999998,0.0,0.0,0.0,0.0,38.82935357146681,optimal
2021-02-10 20:00:00,7,35,0.0,0.0,0.0,0.06,34.9965,6.0,3,20.304118396765894,55.0,0.04199999999999998,0.0,0.0,0.0,0.0,38.49443453433101,optimal
2021-02-10 20:30:00,7,35,0.0,0.0,0.0,0.1795,27.741,6.0,3,20.0,55.0,0.04199999999999998,0.0,0.0,0.0,0.0,38.15985041623235,optimal
2021-02-10 21:00:00,7,35,0.0,0.0,0.0,0.0735,19.026,6.0,3,19.713701385058616,55.0,0.04199999999999998,0.0,0.0,0.0,0.0,37.825600882251784,optimal
2021-02-10 21:30:00,7,35,0.0,0.0,0.0,0.055,18.7215,6.0,3,19.418991819070932,55.0,0.04199999999999998,0.0,0.0,0.0,0.0,37.4916855978052,optimal
2021-02-10 22:00:00,7,35,0.0,0.0,0.0,0.2407333333333333,17.4195,6.0,3,19.105135407181276,55.0,0.04066666666666665,0.0,0.0,0.0,0.0,37.454193912207394,optimal
2021-02-10 22:30:00,7,35,0.0,0.0,0.0,0.15833333333333335,16.758,6.0,3,18.803524126359346,55.0,0.03933333333333331,0.0,0.0,0.0,0.0,37.41673971829519,optimal
2021-02-10 23:00:00,7,35,0.0,0.0,0.0,0.055,14.217,6.0,3,18.510000453888335,55.0,0.03933333333333331,0.0,0.0,0.0,0.0,37.379322978576894,optimal
2021-02-10 23:30:00,7,35,0.0,0.0,0.0,0.19066666666666662,13.3665,6.0,3,18.180896992726243,55.0,0.03933333333333331,0.0,0.0,0.0,0.0,37.341943655598314,optimal
2021-02-11 00:00:00,7,35,2.0,0.0,0.0,0.051,11.025,6.0,-4,18.180896992726243,55.0,0.03933333333333331,7000.0,0.0,0.0,0.0,37.304601711942716,optimal
2021-02-11 00:30:00,7,35,2.0,0.0,5.966450961369674,0.10213333333333334,10.7835,6.0,-4,18.71153887837066,55.0,0.03933333333333331,7000.0,0.0,0.0,0.0,40.10136131688136,optimal
2021-02-11 01:00:00,7,35,2.0,0.0,0.0,0.166,11.025,6.0,-4,19.24202592370584,55.0,0.03933333333333331,7000.0,0.0,0.0,0.0,40.06125995556447,optimal
2021-02-11 01:30:00,7,35,2.0,0.0,9.0,0.16366666666666665,10.584,6.0,-4,19.77389251079394,55.0,0.03933333333333331,7000.0,0.0,0.0,0.0,44.29619869560891,optimal
2021-02-11 02:00:00,7,35,2.0,0.0,0.0,0.24086666666666667,11.025,6.0,-4,20.297688402764397,55.0,0.03933333333333331,7000.0,0.0,0.0,0.0,44.25190249691329,optimal
2021-02-11 02:30:00,7,35,2.0,0.0,9.0,0.051,10.4265,6.0,-4,20.823101504036725,55.0,0.03933333333333331,7000.0,0.0,0.0,0.0,48.48265059441637,optimal
2021-02-11 03:00:00,7,35,2.0,0.0,0.0,0.3083666666666667,12.789,6.0,-4,21.316509195700263,55.0,0.03933333333333331,7000.0,0.0,0.0,0.0,48.434167943821954,optimal
2021-02-11 03:30:00,7,35,2.0,0.0,0.0,0.09616666666666669,12.684,6.0,-4,21.832192745822397,55.0,0.03933333333333331,7000.0,0.0,0.0,0.0,48.38573377587813,optimal
2021-02-11 04:00:00,7,35,2.0,0.0,0.0,0.195,16.254,6.0,-4,22.318452420268503,55.0,0.03933333333333331,7000.0,0.0,0.0,0.0,48.33734804210225,optimal
2021-02-11 04:30:00,7,35,0.0,0.0,0.0,0.13873333333333332,17.64,6.0,-4,22.813143669950612,55.0,0.03933333333333331,0.0,0.0,0.0,0.0,48.289010694060146,optimal
2021-02-11 05:00:00,7,35,0.0,0.0,0.0,0.0864,19.1625,6.0,-4,22.451557547672625,55.0,0.03933333333333331,0.0,0.0,0.0,0.0,48.240721683366075,optimal
2021-02-11 05:30:00,7,35,0.0,0.0,0.0,0.1817333333333333,26.46,6.0,-4,22.08897045829161,55.0,0.03933333333333331,0.0,0.0,0.0,0.0,48.192480961682705,optimal
2021-02-11 06:00:00,7,35,0.0,0.0,0.0,0.1254,20.79,6.0,-4,21.746826379157298,55.0,0.03933333333333331,0.0,0.0,0.0,0.0,48.144288480721016,optimal
2021-02-11 06:30:00,7,35,0.0,0.0,0.0,0.13753333333333334,29.106,6.0,-4,21.406576889077385,55.0,0.03799999999999998,0.0,0.0,0.0,0.0,48.096144192240295,optimal
2021-02-11 07:00:00,7,35,0.0,0.0,0.0,1.5426666666666669,19.1835,6.0,-4,21.079360223266757,55.0,0.028666666666666642,0.0,0.0,0.0,0.0,48.048048048048045,optimal
2021-02-11 07:30:00,7,35,0.0,0.0,0.0,0.41106666666666664,19.6665,6.0,-4,20.83674298882864,55.0,0.028666666666666642,0.0,0.0,0.0,0.0,48.0,optimal
2021-02-11 08:00:00,7,35,0.0,0.0,0.0,0.0746,19.404,6.0,-4,20.56155577991608,55.0,0.028666666666666642,0.0,0.0,0.0,0.0,47.91520783804176,optimal
2021-02-11 08:30:00,7,35,0.17912404497064,0.0,0.0,0.22219999999999998,19.047,6.0,-4,20.232872174986504,55.0,0.028666666666666642,626.93415739724,0.0,0.0,0.0,47.830500468245475,optimal
2021-02-11 09:00:00,7,35,1.2896459397244813,0.0,0.0,0.0634,18.858,6.0,-4,20.0,55.0,0.028666666666666642,4513.760789035684,0.0,0.0,0.0,47.74587780581899,optimal
2021-02-11 09:30:00,7,35,0.0,0.0,0.0,0.1938,19.2675,6.0,-4,20.253482802212428,55.0,0.028666666666666642,0.0,0.0,0.0,0.0,47.66133976605494,optimal
2021-02-11 10:00:00,7,35,0.3882882090568996,0.0,0.0,0.2107333333333333,18.963,6.0,-4,20.0,55.0,0.028666666666666642,1359.0087316991485,0.0,0.0,0.0,47.576886264330646,optimal
2021-02-11 10:30:00,7,35,0.8025492779797576,0.0,0.0,0.051,18.438,6.0,-4,20.0,55.0,0.028666666666666642,2808.9224729291514,0.0,0.0,0.0,47.49251721610808,optimal
2021-02-11 11:00:00,7,35,0.0,0.0,0.0,0.12179999999999999,18.7425,6.0,-4,20.14645066116684,55.0,0.028666666666666642,0.0,0.0,0.0,0.0,47.40823253693373,optimal
2021-02-11 11:30:00,7,35,2.0,0.0,0.0,0.22456666666666664,15.2145,6.0,-4,20.0,55.0,0.028666666666666642,7000.0,0.0,0.0,0.0,47.32403214243856,optimal
2021-02-11 12:00:00,7,35,0.0,0.0,0.0,1.7953,17.7765,6.0,-4,20.72130607210308,55.0,0.028666666666666642,0.0,0.0,0.0,0.0,47.23991594833788,optimal
2021-02-11 12:30:00,7,35,0.0,0.0,0.0,0.9648333333333333,16.758,6.0,-4,20.70622910495991,55.0,0.025999999999999975,0.0,0.0,0.0,0.0,47.1558838704313,optimal
2021-02-11 13:00:00,7,35,0.9102044988330562,0.0,0.0,0.39963333333333334,16.422,6.0,-4,20.67688586712013,55.0,0.02333333333333331,3185.7157459156965,0.0,0.0,0.0,47.07193582460263,optimal
2021-02-11 13:30:00,7,35,0.0,0.0,0.0,0.5367999999999999,16.758,6.0,-4,21.013938982732494,55.0,0.017999999999999974,0.0,0.0,0.0,0.0,46.98807172681979,optimal
2021-02-11 14:00:00,7,35,0.0,0.0,0.0,0.3621333333333333,29.358,6.0,-4,20.984238705174924,55.0,0.015999999999999976,0.0,0.0,0.0,0.0,46.90429149313473,optimal
2021-02-11 14:30:00,7,35,0.0,0.0,0.0,0.2904,34.9965,6.0,-4,20.966019053352706,55.0,0.015999999999999976,0.0,0.0,0.0,0.0,46.820595039683354,optimal
2021-02-11 15:00:00,7,35,0.0,0.0,0.0,0.4273,34.65,6.0,-4,20.93246387564472,55.0,0.014666666666666642,0.0,0.0,0.0,0.0,46.73698228268543,optimal
2021-02-11 15:30:00,7,35,0.0,0.0,0.0,0.20213333333333333,34.9965,6.0,-4,20.88092601287053,55.0,0.014666666666666642,0.0,0.0,0.0,0.0,46.653453138444505,optimal
2021-02-11 16:00:00,7,35,0.0,0.0,0.0,0.1316,34.9965,6.0,-4,20.732759336879656,55.0,0.014666666666666642,0.0,0.0,0.0,0.0,46.57000752334782,optimal
2021-02-11 16:30:00,7,35,0.0,0.0,0.0,0.11773333333333331,30.4815,6.0,-4,20.513395821913566,55.0,0.014666666666666642,0.0,0.0,0.0,0.0,46.48664535386623,optimal
2021-02-11 17:00:00,7,35,0.0,0.0,0.0,0.262,21.4305,6.0,-4,20.282394939000916,55.0,0.014666666666666642,0.0,0.0,0.0,0.0,46.403366546554125,optimal
2021-02-11 17:30:00,7,35,0.7295924817597862,0.0,0.0,0.0808,14.3325,6.0,-4,20.0,55.0,0.014666666666666642,2553.573686159252,0.0,0.0,0.0,46.32017101804933,optimal
2021-02-11 18:00:00,7,35,1.5879176109375805,0.0,0.0,0.12413333333333335,13.692,6.0,-4,20.0,55.0,0.014666666666666642,5557.711638281532,0.0,0.0,0.0,46.23705868507304,optimal
2021-02-11 18:30:00,7,35,0.0,0.0,0.0,0.1874,14.007,6.0,-4,20.33912215418238,55.0,0.014666666666666642,0.0,0.0,0.0,0.0,46.154029464429726,optimal
2021-02-11 19:00:00,7,35,0.8497474844009782,0.0,0.0,0.10223333333333331,12.873,6.0,-4,20.0,55.0,0.014666666666666642,2974.1161954034237,0.0,0.0,0.0,46.071083273007055,optimal
2021-02-11 19:30:00,7,35,0.838675273697008,0.0,0.0,0.24003333333333332,12.684,6.0,-4,20.0,55.0,0.014666666666666642,2935.363457939528,0.0,0.0,0.0,45.98822002777581,optimal
2021-02-11 20:00:00,7,35,0.8946221106120825,0.0,0.0,0.1416,12.306,6.0,-4,20.0,55.0,0.014666666666666642,3131.177387142289,0.0,0.0,0.0,45.9054396457898,optimal
2021-02-11 20:30:00,7,35,0.1393333333333341,0.0,0.0,0.18780000000000002,10.6365,6.0,-4,20.0,55.0,0.019333333333333334,0.0,0.0,487.66666666666924,0.0,45.822742044185766,optimal
2021-02-11 21:00:00,7,35,0.0,0.0,0.0,0.183,11.2455,6.0,-4,19.63027058331428,55.0,0.019333333333333334,0.0,0.0,0.0,0.0,45.77691930214158,optimal
2021-02-11 21:30:00,7,35,0.0,0.0,0.0,0.44526666666666664,11.2455,6.0,-4,19.280640519253293,55.0,0.016666666666666666,0.0,0.0,0.0,0.0,45.73114238283944,optimal
2021-02-11 22:00:00,7,35,0.0,0.0,0.0,0.2801,11.025,6.0,-4,19.01552897273547,55.0,0.016666666666666666,0.0,0.0,0.0,0.0,45.685411240456595,optimal
2021-02-11 22:30:00,7,35,0.0,0.0,0.0,0.09593333333333334,12.0855,6.0,-4,18.74925930564045,55.0,0.016666666666666666,0.0,0.0,0.0,0.0,45.63972582921614,optimal
2021-02-11 23:00:00,7,35,0.0,0.0,0.0,0.356,11.6865,6.0,-4,18.465648242669936,55.0,0.015333333333333332,0.0,0.0,0.0,0.0,45.59408610338692,optimal
2021-02-11 23:30:00,7,35,0.0,0.0,0.0,0.47843333333333327,11.2245,6.0,-4,18.212144505808,55.0,0.0,0.0,0.0,0.0,0.0,45.548492017283536,optimal
2021-02-12 00:00:00,7,35,2.0,0.0,7.92013235717401,0.38966666666666666,8.1585,6.0,1,18.212144505808,55.0,0.0,7000.0,0.0,0.0,0.0,49.26500639492391,optimal
2021-02-12 00:30:00,7,35,0.9554285714285714,0.0,0.0,0.4651666666666667,10.3635,6.0,1,18.78011149981301,55.0,0.030666666666666665,0.0,0.0,3344.0,0.0,49.215741388528976,optimal
2021-02-12 01:00:00,7,35,0.0,0.0,0.0,0.15066666666666667,10.8045,6.0,1,18.542518969801776,55.0,0.030666666666666665,0.0,0.0,0.0,0.0,49.16652564714044,optimal
2021-02-12 01:30:00,7,35,0.0,0.0,0.0,0.19786666666666666,11.025,6.0,1,18.190630053553836,55.0,0.030666666666666665,0.0,0.0,0.0,0.0,49.1173591214933,optimal
2021-02-12 02:00:00,7,35,2.0,0.0,0.0,0.06,10.3635,6.0,1,17.85103894255043,55.0,0.030666666666666665,7000.0,0.0,0.0,0.0,49.0682417623718,optimal
2021-02-12 02:30:00,7,35,1.9810182570904697,0.0,0.0,0.25839999999999996,10.8045,6.0,1,18.343559458269507,55.0,0.030666666666666665,6933.563899816644,0.0,0.0,0.0,49.01917352060943,optimal
2021-02-12 03:00:00,7,35,2.0,0.0,0.0,0.1128,10.059,6.0,1,18.84913854393204,55.0,0.030666666666666665,7000.0,0.0,0.0,0.0,48.97015434708881,optimal
2021-02-12 03:30:00,7,35,2.0,0.0,0.0,0.1164,10.584,6.0,1,19.342181385800565,55.0,0.030666666666666665,7000.0,0.0,0.0,0.0,48.92118419274172,optimal
2021-02-12 04:00:00,7,35,2.0,0.0,0.0,0.14146666666666666,9.4185,6.0,1,19.838688572224907,55.0,0.030666666666666665,7000.0,0.0,0.0,0.0,48.87226300854897,optimal
2021-02-12 04:30:00,7,35,2.0,0.0,0.0,0.17393333333333333,10.3635,6.0,1,20.34119229895236,55.0,0.030666666666666665,7000.0,0.0,0.0,0.0,48.823390745540415,optimal
2021-02-12 05:00:00,7,35,2.0,0.0,0.0,0.19726666666666667,9.8385,6.0,1,20.850495129115874,55.0,0.030666666666666665,7000.0,0.0,0.0,0.0,48.774567354794875,optimal
2021-02-12 05:30:00,7,35,2.0,0.0,0.0,0.06,11.067,6.0,1,21.36539852916626,55.0,0.030666666666666665,7000.0,0.0,0.0,0.0,48.72579278744007,optimal
2021-02-12 06:00:00,7,35,2.0,0.0,0.0,0.2673333333333333,10.8465,6.0,1,21.86796122207426,55.0,0.030666666666666665,7000.0,0.0,0.0,0.0,48.67706699465263,optimal
2021-02-12 06:30:00,7,35,0.0,0.0,0.0,0.10386666666666666,13.671,6.0,1,22.399827297061503,55.0,0.030666666666666665,0.0,0.0,0.0,0.0,48.62838992765797,optimal
2021-02-12 07:00:00,7,35,0.0,0.0,0.0,0.06,12.348,6.0,1,22.06343752708285,55.0,0.030666666666666665,0.0,0.0,0.0,0.0,48.579761537730306,optimal
2021-02-12 07:30:00,7,35,0.0,0.0,0.0,0.33853333333333335,14.3325,6.0,1,21.728161131236877,55.0,0.029333333333333333,0.0,0.0,0.0,0.0,48.53118177619257,optimal
2021-02-12 08:00:00,7,35,0.0,0.0,0.0,0.23466666666666663,15.393,6.0,1,21.42065433729962,55.0,0.02666666666666667,0.0,0.0,0.0,0.0,48.48265059441637,optimal
2021-02-12 08:30:00,7,35,0.0,0.0,0.0,0.06866666666666667,13.587,6.0,1,21.093609696831646,55.0,0.02666666666666667,0.0,0.0,0.0,0.0,48.434167943821954,optimal
2021-02-12 09:00:00,7,35,0.0,0.0,0.0,0.23453333333333334,16.1385,6.0,1,20.744882584561374,55.0,0.02666666666666667,0.0,0.0,0.0,0.0,48.38573377587813,optimal
2021-02-12 09:30:00,7,35,0.0,0.0,0.0,0.145,14.595,6.0,1,20.45708843799743,55.0,0.02666666666666667,0.0,0.0,0.0,0.0,48.33734804210225,optimal
2021-02-12 10:00:00,7,35,0.0,0.0,0.0,0.37523333333333336,14.637,6.0,1,20.19596133224071,55.0,0.02666666666666667,0.0,0.0,0.0,0.0,48.289010694060146,optimal
2021-02-12 10:30:00,7,35,0.0,0.0,0.0,1.8703666666666663,13.9125,6.0,1,20.06184266472145,55.0,0.02666666666666667,0.0,0.0,0.0,0.0,48.240721683366075,optimal
2021-02-12 11:00:00,7,35,0.0,0.0,0.0,4.1889666666666665,13.3665,6.0,1,20.0,55.0,0.024666666666666667,0.0,0.0,0.0,0.0,48.192480961682705,optimal
2021-02-12 11:30:00,7,35,0.2154895949203099,0.0,0.0,1.6431,13.0095,6.0,1,20.01969022467931,55.0,0.018,754.2135822210846,0.0,0.0,0.0,48.144288480721016,optimal
2021-02-12 12:00:00,7,35,0.0,0.0,0.0,0.3387,13.8915,6.0,1,20.05891246639939,55.0,0.012666666666666666,0.0,0.0,0.0,0.0,48.096144192240295,optimal
2021-02-12 12:30:00,7,35,0.19165565205459514,0.0,0.0,0.13426666666666667,13.188,6.0,1,20.0,55.0,0.008,670.7947821910831,0.0,0.0,0.0,48.048048048048045,optimal
2021-02-12 13:00:00,7,35,0.15336626826894312,0.0,0.0,0.18059999999999998,12.5685,6.0,1,20.0,55.0,0.006666666666666667,536.781938941301,0.0,0.0,0.0,48.0,optimal
2021-02-12 13:30:00,7,35,0.23130128954999918,0.0,0.0,0.17766666666666667,12.285,6.0,1,20.0,55.0,0.006666666666666667,809.5545134249971,0.0,0.0,0.0,47.79963011012491,optimal
2021-02-12 14:00:00,7,35,0.5314649315573046,0.0,0.0,0.17653333333333332,11.487,6.0,1,20.0,55.0,0.006666666666666667,1860.1272604505662,0.0,0.0,0.0,47.59946059013969,optimal
2021-02-12 14:30:00,7,35,0.0,0.0,0.0,0.21466666666666662,11.802,6.0,1,20.111160355050693,55.0,0.006666666666666667,0.0,0.0,0.0,0.0,47.39949123967446,optimal
2021-02-12 15:00:00,7,35,2.0,0.0,0.0,0.13893333333333333,11.2245,6.0,1,20.0,55.0,0.006666666666666667,7000.0,0.0,0.0,0.0,47.1997218585597,optimal
2021-02-12 15:30:00,7,35,2.0,0.0,0.0,0.14626666666666668,11.025,6.0,1,20.700863344013875,55.0,0.004666666666666667,7000.0,0.0,0.0,0.0,47.00015224682605,optimal
2021-02-12 16:00:00,7,35,1.8651619244231916,0.0,0.0,0.1403,11.907,6.0,1,21.405067020950263,55.0,0.002,6528.06673548117,0.0,0.0,0.0,46.800782204704134,optimal
2021-02-12 16:30:00,7,35,0.0,0.0,0.0,0.5027333333333334,25.83,6.0,1,22.0,55.0,0.0,0.0,0.0,0.0,0.0,46.60161153262434,optimal
2021-02-12 17:00:00,7,35,0.0,0.0,0.0,0.0888,28.035,6.0,1,21.891375332363367,55.0,0.0,0.0,0.0,0.0,0.0,46.40264003121663,optimal
2021-02-12 17:30:00,7,35,0.0,0.0,0.0,0.08253333333333333,28.119,6.0,1,21.600437061516743,55.0,0.0,0.0,0.0,0.0,0.0,46.20386750131032,optimal
2021-02-12 18:00:00,7,35,0.0,0.0,0.0,0.19533333333333328,30.156,6.0,1,21.31154132791008,55.0,0.0,0.0,0.0,0.0,0.0,46.00529374393392,optimal
2021-02-12 18:30:00,7,35,0.0,0.0,0.0,0.138,29.1585,6.0,1,21.017149787626376,55.0,0.0,0.0,0.0,0.0,0.0,45.8069185603149,optimal
2021-02-12 19:00:00,7,35,0.0,0.0,0.0,0.15373333333333333,26.712,6.0,1,20.719439183691023,55.0,0.0,0.0,0.0,0.0,0.0,45.76111164175458,optimal
2021-02-12 19:30:00,7,35,0.0,0.0,0.0,0.4004666666666666,15.435,6.0,1,20.442570878781964,55.0,0.0,0.0,0.0,0.0,0.0,45.71535053011283,optimal
2021-02-12 20:00:00,7,35,0.055048946221840665,0.0,0.0,0.37073333333333336,13.566,6.0,1,20.21033395423204,55.0,0.0,192.67131177644234,0.0,0.0,0.0,45.66963517958272,optimal
2021-02-12 20:30:00,7,35,0.0,0.0,0.0,0.6492333333333333,12.789,6.0,1,20.0,55.0,0.0,0.0,0.0,0.0,0.0,45.623965544403134,optimal
2021-02-12 21:00:00,7,35,0.0,0.0,0.0,0.5053333333333333,12.1275,6.0,1,19.804647020421196,55.0,0.0,0.0,0.0,0.0,0.0,45.57834157885873,optimal
2021-02-12 21:30:00,7,35,0.0,0.0,0.0,0.5362666666666667,13.671,6.0,1,19.634516245379608,55.0,0.0,0.0,0.0,0.0,0.0,45.53276323727987,optimal
2021-02-12 22:00:00,7,35,0.0,0.0,0.0,0.38446666666666657,10.668,6.0,1,19.457775189572317,55.0,0.0,0.0,0.0,0.0,0.0,45.48723047404259,optimal
2021-02-12 22:30:00,7,35,0.0,0.0,0.0,0.6074666666666667,11.7285,6.0,1,19.270822739845748,55.0,0.0,0.0,0.0,0.0,0.0,45.441743243568546,optimal
2021-02-12 23:00:00,7,35,0.0,0.0,0.0,0.48353333333333337,11.025,6.0,1,19.093346568033407,55.0,0.0,0.0,0.0,0.0,0.0,45.396301500324974,optimal
2021-02-12 23:30:00,7,35,0.0,0.0,0.0,0.5411333333333334,10.689,6.0,1,18.902595158358338,55.0,0.0,0.0,0.0,0.0,0.0,45.35090519882465,optimal
2021-02-13 00:00:00,7,35,0.09952380952380951,0.0,0.0,0.27903333333333336,9.5655,6.0,2,18.902595158358338,55.0,0.0,0.0,0.0,348.3333333333333,0.0,45.305554293625825,optimal
2021-02-13 00:30:00,7,35,2.0,0.0,7.604240566772167,0.06066666666666666,7.056,6.0,2,18.675701017030814,55.0,0.06698564593301436,0.0,0.0,7000.0,0.0,48.87226300854897,optimal
2021-02-13 01:00:00,7,35,0.0,0.0,0.0,0.05333333333333334,9.3975,6.0,2,18.40761688516223,55.0,0.06698564593301436,0.0,0.0,0.0,0.0,48.823390745540415,optimal
2021-02-13 01:30:00,7,35,0.0,0.0,0.0,0.1884,10.059,6.0,2,18.144191546957,55.0,0.06698564593301436,0.0,0.0,0.0,0.0,48.774567354794875,optimal
2021-02-13 02:00:00,7,35,0.0,0.0,0.0,0.097,9.261,6.0,2,17.901768839315494,55.0,0.06698564593301436,0.0,0.0,0.0,0.0,48.72579278744007,optimal
2021-02-13 02:30:00,7,35,2.0,0.0,0.0,0.052,8.1585,6.0,2,17.660693193584077,55.0,0.08,5640.0,0.0,1360.0,0.0,48.67706699465263,optimal
2021-02-13 03:00:00,7,35,0.0,0.0,0.0,0.1884,9.4815,6.0,2,18.08829456837659,55.0,0.08,0.0,0.0,0.0,0.0,48.62838992765797,optimal
2021-02-13 03:30:00,7,35,2.0,0.0,0.0,0.052,8.379,6.0,2,17.84742287231771,55.0,0.08,7000.0,0.0,0.0,0.0,48.579761537730306,optimal
2021-02-13 04:00:00,7,35,0.0,0.0,0.0,0.083,9.5235,6.0,2,18.435196427955052,55.0,0.08,0.0,0.0,0.0,0.0,48.53118177619257,optimal
2021-02-13 04:30:00,7,35,2.0,0.0,0.0,0.1574,8.1375,6.0,2,18.175097164454435,55.0,0.08,7000.0,0.0,0.0,0.0,48.48265059441637,optimal
2021-02-13 05:00:00,7,35,0.0,0.0,0.0,0.052,10.0905,6.0,2,18.768556557263626,55.0,0.08,0.0,0.0,0.0,0.0,48.434167943821954,optimal
2021-02-13 05:30:00,7,35,2.0,0.0,0.0,0.19706666666666664,7.539,6.0,2,18.496915461250687,55.0,0.08,7000.0,0.0,0.0,0.0,48.38573377587813,optimal
2021-02-13 06:00:00,7,35,2.0,0.0,0.0,0.062,7.938,6.0,2,19.086462100590932,55.0,0.08,7000.0,0.0,0.0,0.0,48.33734804210225,optimal
2021-02-13 06:30:00,7,35,2.0,0.0,0.0,0.106,8.274,6.0,2,19.649497278970646,55.0,0.08,7000.0,0.0,0.0,0.0,48.289010694060146,optimal
2021-02-13 07:00:00,7,35,2.0,0.0,0.0,0.2927,9.261,6.0,2,20.21438276636507,55.0,0.03266666666666666,7000.0,0.0,0.0,0.0,48.240721683366075,optimal
2021-02-13 07:30:00,7,35,0.49062485961063007,0.0,0.0,0.16493333333333335,9.9225,6.0,2,20.815908958242275,55.0,0.025333333333333333,1717.1870086372053,0.0,0.0,0.0,48.192480961682705,optimal
2021-02-13 08:00:00,7,35,2.0,0.0,0.0,0.10540000000000001,9.702,6.0,2,20.756383158406333,55.0,0.025333333333333333,7000.0,0.0,0.0,0.0,48.144288480721016,optimal
2021-02-13 08:30:00,7,35,0.0,0.0,0.0,0.155,10.584,6.0,2,21.298890328553775,55.0,0.025333333333333333,0.0,0.0,0.0,0.0,48.096144192240295,optimal
2021-02-13 09:00:00,7,35,2.0,0.0,0.0,0.062,10.143,6.0,2,20.99789032175531,55.0,0.025333333333333333,7000.0,0.0,0.0,0.0,48.048048048048045,optimal
2021-02-13 09:30:00,7,35,0.0,0.0,0.0,0.10926666666666668,13.0095,6.0,2,21.56258000965475,55.0,0.025333333333333333,0.0,0.0,0.0,0.0,48.0,optimal
2021-02-13 10:00:00,7,35,0.0,0.0,0.0,0.186,11.025,6.0,2,21.289495310800252,55.0,0.025333333333333333,0.0,0.0,0.0,0.0,47.84508654631655,optimal
2021-02-13 10:30:00,7,35,0.0,0.0,0.0,0.062,12.789,6.0,2,21.070008695355597,55.0,0.025333333333333333,0.0,0.0,0.0,0.0,47.69032800608679,optimal
2021-02-13 11:00:00,7,35,0.0,0.0,0.0,0.14880000000000002,12.1275,6.0,2,20.839549028914334,55.0,0.025333333333333333,0.0,0.0,0.0,0.0,47.535724224397256,optimal
2021-02-13 11:30:00,7,35,0.0,0.0,0.0,0.11159999999999999,12.1695,6.0,2,20.68259536557417,55.0,0.025333333333333333,0.0,0.0,0.0,0.0,47.381275046489414,optimal
2021-02-13 12:00:00,7,35,0.0,0.0,0.0,0.0682,12.306,6.0,2,20.524196812912106,55.0,0.025333333333333333,0.0,0.0,0.0,0.0,47.22698031775948,optimal
2021-02-13 12:30:00,7,35,0.0,0.0,0.0,0.4201333333333333,13.23,6.0,2,20.387646919159845,55.0,0.020666666666666663,0.0,0.0,0.0,0.0,47.07283988375827,optimal
2021-02-13 13:00:00,7,35,0.0,0.0,0.0,0.147,13.671,6.0,2,20.3089396564109,55.0,0.017333333333333333,0.0,0.0,0.0,0.0,46.91885359019106,optimal
2021-02-13 13:30:00,7,35,0.0,0.0,0.0,0.1984,13.9335,6.0,2,20.232095923573212,55.0,0.017333333333333333,0.0,0.0,0.0,0.0,46.765021282917424,optimal
2021-02-13 14:00:00,7,35,0.0,0.0,0.0,0.06636666666666666,13.293,6.0,2,20.14090884658057,55.0,0.017333333333333333,0.0,0.0,0.0,0.0,46.61134280795106,optimal
2021-02-13 14:30:00,7,35,0.2878463932968188,0.0,0.0,0.099,12.1065,6.0,2,20.0,55.0,0.01533333333333333,1007.4623765388658,0.0,0.0,0.0,46.457818011459665,optimal
2021-02-13 15:00:00,7,35,0.22178673270049798,0.0,0.0,0.3868666666666667,11.571,6.0,2,20.0,55.0,0.012666666666666665,776.2535644517429,0.0,0.0,0.0,46.30444673976476,optimal
2021-02-13 15:30:00,7,35,1.9545992796244596,0.0,0.0,0.074,11.025,6.0,2,20.0,55.0,0.009999999999999998,6841.097478685609,0.0,0.0,0.0,46.15122883934154,optimal
2021-02-13 16:00:00,7,35,2.0,0.0,0.0,0.06133333333333334,10.8465,6.0,2,20.670156139687062,55.0,0.007999999999999998,7000.0,0.0,0.0,0.0,45.99816415681875,optimal
2021-02-13 16:30:00,7,35,2.0,0.0,0.0,0.1984,11.2455,6.0,2,21.30283530034411,55.0,0.007999999999999998,7000.0,0.0,0.0,0.0,45.845252538978485,optimal
2021-02-13 17:00:00,7,35,0.0,0.0,0.0,0.062,23.8665,6.0,2,21.906763655042614,55.0,0.007999999999999998,0.0,0.0,0.0,0.0,45.69249383275606,optimal
2021-02-13 17:30:00,7,35,0.0,0.0,0.0,0.1674,27.4575,6.0,2,21.606053485310927,55.0,0.007999999999999998,0.0,0.0,0.0,0.0,45.53988788523986,optimal
2021-02-13 18:00:00,7,35,0.0,0.0,0.0,0.093,27.3735,6.0,2,21.320965056229525,55.0,0.007999999999999998,0.0,0.0,0.0,0.0,45.38743454367117,optimal
2021-02-13 18:30:00,7,35,0.0,0.0,0.0,0.062,30.4605,6.0,2,21.01435104153594,55.0,0.007999999999999998,0.0,0.0,0.0,0.0,45.23513365544405,optimal
2021-02-13 19:00:00,7,35,0.0,0.0,0.0,0.08013333333333333,30.0195,6.0,2,20.70776548711599,55.0,0.006666666666666665,0.0,0.0,0.0,0.0,45.189898521788606,optimal
2021-02-13 19:30:00,7,35,0.0,0.0,0.0,0.205,26.9325,6.0,2,20.43327809443047,55.0,0.006666666666666665,0.0,0.0,0.0,0.0,45.144708623266816,optimal
2021-02-13 20:00:00,7,35,0.0,0.0,0.0,0.14583333333333334,14.595,6.0,2,20.19741918424747,55.0,0.005333333333333332,0.0,0.0,0.0,0.0,45.09956391464355,optimal
2021-02-13 20:30:00,7,35,0.0,0.0,0.0,0.1427,12.4845,6.0,2,20.0,55.0,0.0033333333333333327,0.0,0.0,0.0,0.0,45.0544643507289,optimal
2021-02-13 21:00:00,7,35,0.0,0.0,0.0,0.23706666666666665,12.1275,6.0,2,19.815198417631144,55.0,0.0033333333333333327,0.0,0.0,0.0,0.0,45.00940988637817,optimal
2021-02-13 21:30:00,7,35,0.0,0.0,0.0,0.2983,12.1275,6.0,2,19.625158181067984,55.0,0.0033333333333333327,0.0,0.0,0.0,0.0,44.9644004764918,optimal
2021-02-13 22:00:00,7,35,0.0,0.0,0.0,0.28413333333333335,12.789,6.0,2,19.450593080338813,55.0,0.0006666666666666665,0.0,0.0,0.0,0.0,44.9194360760153,optimal
2021-02-13 22:30:00,7,35,0.0,0.0,0.0,0.2184,11.907,6.0,2,19.283487544435218,55.0,0.0006666666666666665,0.0,0.0,0.0,0.0,44.87451663993929,optimal
2021-02-13 23:00:00,7,35,0.0,0.0,0.0,0.06133333333333334,11.025,6.0,2,19.087788505998766,55.0,0.0,0.0,0.0,0.0,0.0,44.82964212329935,optimal
2021-02-13 23:30:00,7,35,0.0,0.0,0.0,0.06066666666666666,8.2005,6.0,2,18.85699617891725,55.0,0.0,0.0,0.0,0.0,0.0,44.784812481176054,optimal
2021-02-07 00:00:00,8,35,0.0,0.0,0.0,0.061,6.615,6.0,-4,21.0,55.0,0.12,0.0,0.0,0.0,0.0,47.952,optimal
2021-02-07 00:30:00,8,35,0.0,0.0,0.0,0.22526666666666667,6.174,6.0,-4,20.746556981597376,55.0,0.12,0.0,0.0,0.0,0.0,47.904047999999996,optimal
2021-02-07 01:00:00,8,35,2.0,0.0,0.0,0.13513333333333333,3.906,6.0,-4,20.515126429438595,55.0,0.12,7000.0,0.0,0.0,0.0,47.856143952,optimal
2021-02-07 01:30:00,8,35,2.0,0.0,0.0,0.3007333333333333,2.3415,6.0,-4,21.116636401023584,55.0,0.12,7000.0,0.0,0.0,0.0,47.80828780804799,optimal
2021-02-07 02:00:00,8,35,2.0,0.0,0.0,0.0948,2.205,6.0,-4,21.72812851339267,55.0,0.12,7000.0,0.0,0.0,0.0,47.76047952023995,optimal
2021-02-07 02:30:00,8,35,2.0,0.0,2.1327868352007853,0.2889333333333333,0.882,6.0,-4,22.305955750628964,55.0,0.12,7000.0,0.0,0.0,0.0,48.72579278744007,optimal
2021-02-07 03:00:00,8,35,2.0,0.0,0.0,0.1628666666666667,1.5435,6.0,-4,22.897213971219134,55.0,0.12,7000.0,0.0,0.0,0.0,48.67706699465263,optimal
2021-02-07 03:30:00,8,35,2.0,0.0,0.0,0.09553333333333332,1.5435,6.0,-4,23.46317900106518,55.0,0.12,7000.0,0.0,0.0,0.0,48.62838992765797,optimal
2021-02-07 04:00:00,8,35,0.0,0.0,0.0,0.1998,5.0715,6.0,-4,24.012020592876258,55.0,0.12,0.0,0.0,0.0,0.0,48.579761537730306,optimal
2021-02-07 04:30:00,8,35,0.0,0.0,0.0,0.15059999999999998,5.376,6.0,-4,23.72237525226729,55.0,0.12,0.0,0.0,0.0,0.0,48.53118177619257,optimal
2021-02-07 05:00:00,8,35,0.5478459172874429,0.0,0.0,0.13993333333333333,5.0715,6.0,-4,23.431052282076887,55.0,0.12,1917.4607105060502,0.0,0.0,0.0,48.48265059441637,optimal
2021-02-07 05:30:00,8,35,0.0,0.0,0.0,0.3158,5.5125,6.0,-4,23.373427530649455,55.0,0.12,0.0,0.0,0.0,0.0,48.434167943821954,optimal
2021-02-07 06:00:00,8,35,0.0,0.0,0.0,0.089,9.261,6.0,-4,23.107092772184743,55.0,0.12,0.0,0.0,0.0,0.0,48.38573377587813,optimal
2021-02-07 06:30:00,8,35,0.0,0.0,0.0,0.31639999999999996,11.7075,6.0,-4,22.8169685070733,55.0,0.12,0.0,0.0,0.0,0.0,48.33734804210225,optimal
2021-02-07 07:00:00,8,35,0.0,0.0,0.0,0.13133333333333333,12.348,6.0,-4,22.556920522789195,55.0,0.12,0.0,0.0,0.0,0.0,48.289010694060146,optimal
2021-02-07 07:30:00,8,35,0.0,0.0,0.0,0.11526666666666668,12.348,6.0,-4,22.278082270436744,55.0,0.12,0.0,0.0,0.0,0.0,48.240721683366075,optimal
2021-02-07 08:00:00,8,35,0.0,0.0,0.0,0.2736,12.1275,6.0,-4,22.0,55.0,0.12,0.0,0.0,0.0,0.0,48.192480961682705,optimal
2021-02-07 08:30:00,8,35,0.0,0.0,0.0,0.16390000000000002,12.5265,6.0,-4,21.742844834560273,55.0,0.12,0.0,0.0,0.0,0.0,48.144288480721016,optimal
2021-02-07 09:00:00,8,35,0.08234002685060572,0.0,0.0,0.39716666666666667,11.7495,6.0,-4,21.477858574197636,55.0,0.12,288.19009397712006,0.0,0.0,0.0,48.096144192240295,optimal
2021-02-07 09:30:00,8,35,0.0,0.0,0.0,0.5685333333333333,13.23,6.0,-4,21.307911263775026,55.0,0.11933333333333333,0.0,0.0,0.0,0.0,48.048048048048045,optimal
2021-02-07 10:00:00,8,35,0.0,0.0,0.0,0.22163333333333332,14.3325,6.0,-4,21.146725459482795,55.0,0.11866666666666667,0.0,0.0,0.0,0.0,48.0,optimal
2021-02-07 10:30:00,8,35,0.0,0.0,0.0,0.20646666666666666,14.994,6.0,-4,20.94785873234397,55.0,0.11866666666666667,0.0,0.0,0.0,0.0,47.741643309711485,optimal
2021-02-07 11:00:00,8,35,0.0,0.0,0.0,0.2492666666666667,14.8155,6.0,-4,20.72412939644154,55.0,0.11866666666666667,0.0,0.0,0.0,0.0,47.48354497611326,optimal
2021-02-07 11:30:00,8,35,0.0,0.0,0.0,0.1318,14.112,6.0,-4,20.535201577585457,55.0,0.11866666666666667,0.0,0.0,0.0,0.0,47.225704740848634,optimal
2021-02-07 12:00:00,8,35,0.0,0.0,0.0,0.32393333333333335,14.007,6.0,-4,20.334906920749358,55.0,0.11866666666666667,0.0,0.0,0.0,0.0,46.968122345819275,optimal
2021-02-07 12:30:00,8,35,0.0,0.0,0.0,0.10033333333333332,13.23,6.0,-4,20.179769479504284,55.0,0.11866666666666667,0.0,0.0,0.0,0.0,46.710797533184945,optimal
2021-02-07 13:00:00,8,35,2.0,0.0,0.0,1.5913333333333333,11.382,6.0,-4,20.0,55.0,0.11466666666666667,7000.0,0.0,0.0,0.0,46.453730045363244,optimal
2021-02-07 13:30:00,8,35,1.65801748248665,0.0,0.0,0.6910666666666667,11.7495,6.0,-4,20.796168114682843,55.0,0.11333333333333333,5803.061188703276,0.0,0.0,0.0,46.196919625029366,optimal
2021-02-07 14:00:00,8,35,0.0,0.0,0.0,0.2514,24.3285,6.0,-4,21.376440480028524,55.0,0.11333333333333333,0.0,0.0,0.0,0.0,45.94036601511582,optimal
2021-02-07 14:30:00,8,35,0.0,0.0,0.0,0.255,28.917,6.0,-4,21.199002363486734,55.0,0.11333333333333333,0.0,0.0,0.0,0.0,45.68406895881219,optimal
2021-02-07 15:00:00,8,35,0.0,0.0,0.0,0.14993333333333334,31.3635,6.0,-4,21.01353689990334,55.0,0.11333333333333333,0.0,0.0,0.0,0.0,45.428028199564864,optimal
2021-02-07 15:30:00,8,35,0.0,0.0,0.0,0.09459999999999999,33.306,6.0,-4,20.835800261531656,55.0,0.11333333333333333,0.0,0.0,0.0,0.0,45.172243481076784,optimal
2021-02-07 16:00:00,8,35,0.0,0.0,0.0,0.3438,31.3425,6.0,-4,20.651811987116965,55.0,0.11333333333333333,0.0,0.0,0.0,0.0,44.916714547307194,optimal
2021-02-07 16:30:00,8,35,0.0,0.0,0.0,0.10833333333333331,28.2555,6.0,-4,20.459549091110393,55.0,0.11333333333333333,0.0,0.0,0.0,0.0,44.661441142471375,optimal
2021-02-07 17:00:00,8,35,0.0,0.0,0.0,0.157,15.6975,6.0,-4,20.24250239863134,55.0,0.11333333333333333,0.0,0.0,0.0,0.0,44.6167797013289,optimal
2021-02-07 17:30:00,8,35,0.3718481920613755,0.0,0.0,0.6032666666666666,12.5475,6.0,-4,20.0,55.0,0.11066666666666666,1301.4686722148142,0.0,0.0,0.0,44.57216292162757,optimal
2021-02-07 18:00:00,8,35,0.43411058238007627,0.0,0.0,0.3964666666666666,12.0855,6.0,-4,20.0,55.0,0.11066666666666666,1519.387038330267,0.0,0.0,0.0,44.52759075870595,optimal
2021-02-07 18:30:00,8,35,1.1411484613213996,0.0,0.0,0.5432666666666667,11.907,6.0,-4,20.0,55.0,0.11066666666666666,3994.019614624898,0.0,0.0,0.0,44.48306316794724,optimal
2021-02-07 19:00:00,8,35,0.0,0.0,0.0,0.6826666666666666,12.5685,6.0,-4,20.315890528530968,55.0,0.11066666666666666,0.0,0.0,0.0,0.0,44.4385801047793,optimal
2021-02-07 19:30:00,8,35,0.0,0.0,0.0,0.4935,13.146,6.0,-4,20.169818302052757,55.0,0.108,0.0,0.0,0.0,0.0,44.39414152467452,optimal
2021-02-07 20:00:00,8,35,0.43669937062283914,0.0,0.0,0.43539999999999995,10.584,6.0,-4,20.0,55.0,0.10666666666666667,1528.447797179937,0.0,0.0,0.0,44.34974738314984,optimal
2021-02-07 20:30:00,8,35,0.0,0.0,0.0,0.3466,6.678,6.0,-4,20.0,55.0,0.10666666666666667,0.0,0.0,0.0,0.0,44.30539763576669,optimal
2021-02-07 21:00:00,8,35,0.0,0.0,0.0,0.35606666666666664,7.938,6.0,-4,19.789343877801066,55.0,0.10466666666666667,0.0,0.0,0.0,0.0,44.26109223813092,optimal
2021-02-07 21:30:00,8,35,0.0,0.0,0.0,0.5031333333333333,5.292,6.0,-4,19.58368554008465,55.0,0.10466666666666667,0.0,0.0,0.0,0.0,44.21683114589279,optimal
2021-02-07 22:00:00,8,35,0.0,0.0,0.0,0.24986666666666668,9.261,6.0,-4,19.417112227610996,55.0,0.10466666666666667,0.0,0.0,0.0,0.0,44.172614314746895,optimal
2021-02-07 22:30:00,8,35,0.0,0.0,0.0,0.35046666666666665,10.3635,6.0,-4,19.2382550804615,55.0,0.10466666666666667,0.0,0.0,0.0,0.0,44.12844170043215,optimal
2021-02-07 23:00:00,8,35,0.0,0.0,0.0,0.382,8.274,6.0,-4,19.060497468242055,55.0,0.10333333333333333,0.0,0.0,0.0,0.0,44.08431325873172,optimal
2021-02-07 23:30:00,8,35,0.0,0.0,0.0,0.1893333333333333,7.7175,6.0,-4,18.90489988396091,55.0,0.10333333333333333,0.0,0.0,0.0,0.0,44.04022894547299,optimal
2021-02-08 00:00:00,8,35,0.0,0.0,0.0,0.061,11.2455,6.0,2,18.90489988396091,55.0,0.10333333333333333,0.0,0.0,0.0,0.0,43.99618871652752,optimal
2021-02-08 00:30:00,8,35,0.0,0.0,0.0,0.251,11.025,6.0,2,18.660028563835393,55.0,0.10333333333333333,0.0,0.0,0.0,0.0,43.95219252781099,optimal
2021-02-08 01:00:00,8,35,2.0,0.0,0.0,0.128,5.9745,6.0,2,18.44160512179747,55.0,0.10333333333333333,7000.0,0.0,0.0,0.0,43.90824033528318,optimal
2021-02-08 01:30:00,8,35,0.0,0.0,0.0,0.25989999999999996,7.938,6.0,2,19.053842795497545,55.0,0.10333333333333333,0.0,0.0,0.0,0.0,43.8643320949479,optimal
2021-02-08 02:00:00,8,35,0.0,0.0,0.0,0.15259999999999999,8.6835,6.0,2,18.829989939634523,55.0,0.10333333333333333,0.0,0.0,0.0,0.0,43.82046776285295,optimal
2021-02-08 02:30:00,8,35,0.0,0.0,0.0,0.22213333333333332,7.665,6.0,2,18.595772736460752,55.0,0.10333333333333333,0.0,0.0,0.0,0.0,43.77664729509009,optimal
2021-02-08 03:00:00,8,35,2.0,0.0,0.0,0.21716666666666662,6.7725,6.0,2,18.374084764282628,55.0,0.10333333333333333,7000.0,0.0,0.0,0.0,43.732870647795,optimal
2021-02-08 03:30:00,8,35,2.0,0.0,0.0,0.2374,5.5755,6.0,2,18.998040179682693,55.0,0.10333333333333333,7000.0,0.0,0.0,0.0,43.68913777714721,optimal
2021-02-08 04:00:00,8,35,2.0,0.0,0.9705386467974552,0.17533333333333334,5.0925,6.0,2,19.614559098772233,55.0,0.10333333333333333,7000.0,0.0,0.0,0.0,44.10645449659885,optimal
2021-02-08 04:30:00,8,35,2.0,0.0,9.0,0.18059999999999998,4.1895,6.0,2,20.21384784803986,55.0,0.10333333333333333,7000.0,0.0,0.0,0.0,48.33734804210225,optimal
2021-02-08 05:00:00,8,35,2.0,0.0,0.0,0.23213333333333333,7.056,6.0,2,20.803528222551673,55.0,0.10333333333333333,7000.0,0.0,0.0,0.0,48.289010694060146,optimal
2021-02-08 05:30:00,8,35,2.0,0.0,0.0,0.08766666666666667,5.271,6.0,2,21.389307899595902,55.0,0.10333333333333333,7000.0,0.0,0.0,0.0,48.240721683366075,optimal
2021-02-08 06:00:00,8,35,0.6937484694673199,0.0,0.0,0.26793333333333336,7.938,6.0,2,21.948393002788166,55.0,0.10333333333333333,2428.1196431356198,0.0,0.0,0.0,48.192480961682705,optimal
2021-02-08 06:30:00,8,35,2.0,0.0,0.0,0.1648,7.938,6.0,2,21.97014459401072,55.0,0.10333333333333333,7000.0,0.0,0.0,0.0,48.144288480721016,optimal
2021-02-08 07:00:00,8,35,0.0,0.0,0.0,0.19416666666666663,11.907,6.0,2,22.528538799477637,55.0,0.102,0.0,0.0,0.0,0.0,48.096144192240295,optimal
2021-02-08 07:30:00,8,35,0.0,0.0,0.0,0.162,11.025,6.0,2,22.2563397335928,55.0,0.09733333333333333,0.0,0.0,0.0,0.0,48.048048048048045,optimal
2021-02-08 08:00:00,8,35,0.15823847582741873,0.0,0.0,0.2369,11.2875,6.0,2,22.0,55.0,0.09266666666666666,553.8346653959655,0.0,0.0,0.0,48.0,optimal
2021-02-08 08:30:00,8,35,0.0,0.0,0.0,0.111,12.936,6.0,2,21.80855217430906,55.0,0.09266666666666666,0.0,0.0,0.0,0.0,47.66544751183475,optimal
2021-02-08 09:00:00,8,35,0.0,0.0,0.0,0.31506666666666666,13.0095,6.0,2,21.51054583237742,55.0,0.09266666666666666,0.0,0.0,0.0,0.0,47.33122957615767,optimal
2021-02-08 09:30:00,8,35,0.0,0.0,0.0,0.16433333333333333,13.671,6.0,2,21.26728713330725,55.0,0.09266666666666666,0.0,0.0,0.0,0.0,46.99734585841626,optimal
2021-02-08 10:00:00,8,35,0.0,0.0,0.0,0.1727,13.188,6.0,2,21.01165156343337,55.0,0.08866666666666667,0.0,0.0,0.0,0.0,46.663796024392596,optimal
2021-02-08 10:30:00,8,35,0.0,0.0,0.0,0.5407666666666666,13.8495,6.0,2,20.83759634186735,55.0,0.08866666666666667,0.0,0.0,0.0,0.0,46.33057974020296,optimal
2021-02-08 11:00:00,8,35,0.0,0.0,0.0,1.0028666666666668,13.23,6.0,2,20.71485428898586,55.0,0.08866666666666667,0.0,0.0,0.0,0.0,45.99769667229751,optimal
2021-02-08 11:30:00,8,35,0.0,0.0,0.0,2.649966666666667,13.3665,6.0,2,20.632252483433522,55.0,0.086,0.0,0.0,0.0,0.0,45.665146487459964,optimal
2021-02-08 12:00:00,8,35,0.0,0.0,0.0,1.8731,13.0515,6.0,2,20.58977691026477,55.0,0.086,0.0,0.0,0.0,0.0,45.33292885280726,optimal
2021-02-08 12:30:00,8,35,0.0,0.0,0.0,0.16433333333333333,13.5345,6.0,2,20.508212517362693,55.0,0.086,0.0,0.0,0.0,0.0,45.0010434357892,optimal
2021-02-08 13:00:00,8,35,0.0,0.0,0.0,0.0911,14.154,6.0,2,20.37707664578365,55.0,0.086,0.0,0.0,0.0,0.0,44.66948990418816,optimal
2021-02-08 13:30:00,8,35,0.0,0.0,0.0,0.29496666666666665,14.112,6.0,2,20.23652034227534,55.0,0.086,0.0,0.0,0.0,0.0,44.338267926118725,optimal
2021-02-08 14:00:00,8,35,0.0,0.0,0.0,0.16433333333333333,14.2485,6.0,2,20.124017197702567,55.0,0.086,0.0,0.0,0.0,0.0,44.007377170027354,optimal
2021-02-08 14:30:00,8,35,0.6668236401074372,0.0,0.0,0.19446666666666668,12.789,6.0,2,20.0,55.0,0.086,2333.88274037603,0.0,0.0,0.0,43.67681730469208,optimal
2021-02-08 15:00:00,8,35,0.0,0.0,0.0,0.1916,13.0095,6.0,2,20.160048001967972,55.0,0.086,0.0,0.0,0.0,0.0,43.34658799922214,optimal
2021-02-08 15:30:00,8,35,2.0,0.0,0.0,0.24166666666666664,12.1275,6.0,2,20.0,55.0,0.086,7000.0,0.0,0.0,0.0,43.016688923057664,optimal
2021-02-08 16:00:00,8,35,1.2395576189846114,0.0,0.0,0.18413333333333332,12.348,6.0,2,20.691314362297742,55.0,0.086,4338.45166644614,0.0,0.0,0.0,42.687119745969355,optimal
2021-02-08 16:30:00,8,35,2.0,0.0,0.0,0.17793333333333333,12.348,6.0,2,21.00512698009503,55.0,0.086,7000.0,0.0,0.0,0.0,42.357880138058135,optimal
2021-02-08 17:00:00,8,35,0.0,0.0,0.0,0.20766666666666664,25.389,6.0,2,21.631646160516777,55.0,0.086,0.0,0.0,0.0,0.0,42.02896976975483,optimal
2021-02-08 17:30:00,8,35,0.0,0.0,0.0,0.1313,29.1375,6.0,2,21.36443818766203,55.0,0.086,0.0,0.0,0.0,0.0,41.70038831181983,optimal
2021-02-08 18:00:00,8,35,0.0,0.0,0.0,0.2514333333333333,30.597,6.0,2,21.089025896512215,55.0,0.086,0.0,0.0,0.0,0.0,41.37213543534276,optimal
2021-02-08 18:30:00,8,35,0.0,0.0,0.0,0.4025,33.684,6.0,2,20.814980256698448,55.0,0.086,0.0,0.0,0.0,0.0,41.33076329990742,optimal
2021-02-08 19:00:00,8,35,0.0,0.0,0.0,0.306,32.445,6.0,2,20.60849740774162,55.0,0.08533333333333333,0.0,0.0,0.0,0.0,41.28943253660751,optimal
2021-02-08 19:30:00,8,35,0.0,0.0,0.0,0.4795,28.917,6.0,2,20.402466239588335,55.0,0.084,0.0,0.0,0.0,0.0,41.2481431040709,optimal
2021-02-08 20:00:00,8,35,0.0,0.0,0.0,0.25980000000000003,15.876,6.0,2,20.223341776638534,55.0,0.084,0.0,0.0,0.0,0.0,41.20689496096683,optimal
2021-02-08 20:30:00,8,35,0.0,0.0,0.0,0.3042333333333333,12.348,6.0,2,20.0,55.0,0.08266666666666667,0.0,0.0,0.0,0.0,41.16568806600586,optimal
2021-02-08 21:00:00,8,35,0.0,0.0,0.0,0.5508666666666667,12.1275,6.0,2,19.795161575005753,55.0,0.08,0.0,0.0,0.0,0.0,41.124522377939854,optimal
2021-02-08 21:30:00,8,35,0.0,0.0,0.0,0.24930000000000002,12.348,6.0,2,19.62963610183198,55.0,0.07866666666666666,0.0,0.0,0.0,0.0,41.08339785556191,optimal
2021-02-08 22:00:00,8,35,0.0,0.0,0.0,0.205,12.1275,6.0,2,19.44191192698702,55.0,0.07866666666666666,0.0,0.0,0.0,0.0,41.042314457706354,optimal
2021-02-08 22:30:00,8,35,0.0,0.0,0.0,0.1444,12.1275,6.0,2,19.19504610552423,55.0,0.07866666666666666,0.0,0.0,0.0,0.0,41.00127214324865,optimal
2021-02-08 23:00:00,8,35,0.0,0.0,0.0,0.10433333333333332,11.2665,6.0,2,18.943772083313227,55.0,0.07866666666666666,0.0,0.0,0.0,0.0,40.9602708711054,optimal
2021-02-08 23:30:00,8,35,0.0,0.0,0.0,0.24026666666666668,10.143,6.0,2,18.69062505913831,55.0,0.07866666666666666,0.0,0.0,0.0,0.0,40.9193106002343,optimal
2021-02-09 00:00:00,8,35,2.0,0.0,9.0,0.055,10.584,6.0,0,18.69062505913831,55.0,0.07866666666666666,7000.0,0.0,0.0,0.0,45.15339128963406,optimal
2021-02-09 00:30:00,8,35,0.0,0.0,0.0,0.09366666666666669,11.2455,6.0,0,19.277298247271272,55.0,0.07866666666666666,0.0,0.0,0.0,0.0,45.10823789834443,optimal
2021-02-09 01:00:00,8,35,0.0,0.0,0.0,0.13673333333333332,12.1275,6.0,0,19.018501851810182,55.0,0.07866666666666666,0.0,0.0,0.0,0.0,45.06312966044608,optimal
2021-02-09 01:30:00,8,35,0.0,0.0,0.0,0.12333333333333331,11.823,6.0,0,18.769410132991176,55.0,0.07866666666666666,0.0,0.0,0.0,0.0,45.01806653078563,optimal
2021-02-09 02:00:00,8,35,0.0,0.0,0.0,0.15156666666666666,11.7705,6.0,0,18.520889744435355,55.0,0.07866666666666666,0.0,0.0,0.0,0.0,44.973048464254845,optimal
2021-02-09 02:30:00,8,35,2.0,0.0,0.0,0.06983333333333333,11.13,6.0,0,18.277941770145812,55.0,0.07866666666666666,7000.0,0.0,0.0,0.0,44.92807541579059,optimal
2021-02-09 03:00:00,8,35,2.0,0.0,0.0,0.20506666666666665,11.6865,6.0,0,18.87171176263806,55.0,0.07866666666666666,7000.0,0.0,0.0,0.0,44.8831473403748,optimal
2021-02-09 03:30:00,8,35,2.0,0.0,0.0,0.055,10.7205,6.0,0,19.473789166245698,55.0,0.07866666666666666,7000.0,0.0,0.0,0.0,44.838264193034426,optimal
2021-02-09 04:00:00,8,35,2.0,0.0,0.0,0.07873333333333334,11.424,6.0,0,20.050456446210518,55.0,0.07866666666666666,7000.0,0.0,0.0,0.0,44.793425928841394,optimal
2021-02-09 04:30:00,8,35,2.0,0.0,7.657055311506485,0.1813333333333333,10.689,6.0,0,20.62299792554658,55.0,0.07866666666666666,7000.0,0.0,0.0,0.0,48.38573377587813,optimal
2021-02-09 05:00:00,8,35,2.0,0.0,0.0,0.055,11.361,6.0,0,21.198034230770052,55.0,0.07866666666666666,7000.0,0.0,0.0,0.0,48.33734804210225,optimal
2021-02-09 05:30:00,8,35,2.0,0.0,0.0,0.17173333333333332,11.571,6.0,0,21.74798285206719,55.0,0.07866666666666666,7000.0,0.0,0.0,0.0,48.289010694060146,optimal
2021-02-09 06:00:00,8,35,0.0,0.0,0.0,0.09833333333333331,14.3745,6.0,0,22.30324058131439,55.0,0.07866666666666666,0.0,0.0,0.0,0.0,48.240721683366075,optimal
2021-02-09 06:30:00,8,35,0.0,0.0,0.0,0.16290000000000002,13.23,6.0,0,21.999432751466188,55.0,0.07666666666666666,0.0,0.0,0.0,0.0,48.192480961682705,optimal
2021-02-09 07:00:00,8,35,0.0,0.0,0.0,0.32943333333333336,13.9755,6.0,0,21.721068639617823,55.0,0.05466666666666667,0.0,0.0,0.0,0.0,48.144288480721016,optimal
2021-02-09 07:30:00,8,35,0.0,0.0,0.0,0.20463333333333333,14.994,6.0,0,21.480004424656233,55.0,0.05333333333333334,0.0,0.0,0.0,0.0,48.096144192240295,optimal
2021-02-09 08:00:00,8,35,0.36684494049509686,0.0,0.0,0.32106666666666667,13.671,6.0,0,21.22262092490524,55.0,0.05333333333333334,1283.957291732839,0.0,0.0,0.0,48.048048048048045,optimal
2021-02-09 08:30:00,8,35,0.0,0.0,0.0,0.13566666666666666,15.981,6.0,0,21.139355182306407,55.0,0.052,0.0,0.0,0.0,0.0,48.0,optimal
2021-02-09 09:00:00,8,35,0.0,0.0,0.0,0.09763333333333334,15.6345,6.0,0,20.866023511765814,55.0,0.052,0.0,0.0,0.0,0.0,47.915095563025375,optimal
2021-02-09 09:30:00,8,35,0.0,0.0,0.0,0.18009999999999998,16.5375,6.0,0,20.601323809565386,55.0,0.052,0.0,0.0,0.0,0.0,47.830276030487724,optimal
2021-02-09 10:00:00,8,35,0.0,0.0,0.0,0.06093333333333333,14.7735,6.0,0,20.355098335470874,55.0,0.052,0.0,0.0,0.0,0.0,47.74554131748261,optimal
2021-02-09 10:30:00,8,35,0.0,0.0,0.0,0.2554666666666667,15.2145,6.0,0,20.152039733172945,55.0,0.052,0.0,0.0,0.0,0.0,47.660891339190506,optimal
2021-02-09 11:00:00,8,35,0.21930732743099252,0.0,0.0,0.36233333333333334,14.553,6.0,0,20.0,55.0,0.050666666666666665,767.5756460084739,0.0,0.0,0.0,47.57632601087669,optimal
2021-02-09 11:30:00,8,35,0.4560218660235563,0.0,0.0,0.3711333333333333,14.3325,6.0,0,20.0,55.0,0.048666666666666664,1596.076531082447,0.0,0.0,0.0,47.49184524789119,optimal
2021-02-09 12:00:00,8,35,0.0,0.0,0.0,0.5889666666666667,14.595,6.0,0,20.101358640340838,55.0,0.048666666666666664,0.0,0.0,0.0,0.0,47.40744896566868,optimal
2021-02-09 12:30:00,8,35,0.0,0.0,0.0,0.3252333333333333,14.994,6.0,0,20.06322851080311,55.0,0.04066666666666666,0.0,0.0,0.0,0.0,47.32313707972838,optimal
2021-02-09 13:00:00,8,35,0.25152333208413924,0.0,0.0,0.07093333333333333,14.3325,6.0,0,20.0,55.0,0.04066666666666666,880.3316622944873,0.0,0.0,0.0,47.23890950567403,optimal
2021-02-09 13:30:00,8,35,0.2220622712961002,0.0,0.0,0.1801333333333333,13.8915,6.0,0,20.0,55.0,0.04066666666666666,777.2179495363507,0.0,0.0,0.0,47.154766159193734,optimal
2021-02-09 14:00:00,8,35,0.26536052686970424,0.0,0.0,0.1118,13.8915,6.0,0,20.0,55.0,0.04066666666666666,928.7618440439649,0.0,0.0,0.0,47.070706956059915,optimal
2021-02-09 14:30:00,8,35,2.0,0.0,0.0,0.1006,13.4715,6.0,0,20.0,55.0,0.04066666666666666,7000.0,0.0,0.0,0.0,46.98673181212923,optimal
2021-02-09 15:00:00,8,35,2.0,0.0,0.0,0.12693333333333334,13.23,6.0,0,20.728430287482695,55.0,0.04066666666666666,7000.0,0.0,0.0,0.0,46.9397450803171,optimal
2021-02-09 15:30:00,8,35,0.12731289889217012,0.0,0.0,0.41733333333333333,13.8915,6.0,0,21.420356705019323,55.0,0.04066666666666666,445.59514612259545,0.0,0.0,0.0,46.89280533523679,optimal
2021-02-09 16:00:00,8,35,0.0,0.0,0.0,0.7542333333333333,26.9325,6.0,0,21.379407508735948,55.0,0.04066666666666666,0.0,0.0,0.0,0.0,46.84591252990155,optimal
2021-02-09 16:30:00,8,35,0.0,0.0,0.0,2.821333333333333,30.303,6.0,0,21.22021170350925,55.0,0.037333333333333336,0.0,0.0,0.0,0.0,46.79906661737164,optimal
2021-02-09 17:00:00,8,35,0.0,0.0,0.0,2.3339000000000003,32.886,6.0,0,21.10722305738016,55.0,0.037333333333333336,0.0,0.0,0.0,0.0,46.75226755075427,optimal
2021-02-09 17:30:00,8,35,0.0,0.0,0.0,0.5333666666666667,34.9965,6.0,0,20.935382684790962,55.0,0.035333333333333335,0.0,0.0,0.0,0.0,46.70551528320352,optimal
2021-02-09 18:00:00,8,35,0.0,0.0,0.0,0.2102,33.327,6.0,0,20.77021922053327,55.0,0.034,0.0,0.0,0.0,0.0,46.65880976792032,optimal
2021-02-09 18:30:00,8,35,0.0,0.0,0.0,0.2754,31.122,6.0,0,20.55384670659473,55.0,0.007333333333333333,0.0,0.0,0.0,0.0,46.6121509581524,optimal
2021-02-09 19:00:00,8,35,0.0,0.0,0.0,1.1839666666666666,17.9025,6.0,0,20.354113802334044,55.0,0.007333333333333333,0.0,0.0,0.0,0.0,46.565538807194244,optimal
2021-02-09 19:30:00,8,35,0.0,0.0,0.0,0.2542666666666667,15.6555,6.0,0,20.1736753806498,55.0,0.007333333333333333,0.0,0.0,0.0,0.0,46.51897326838705,optimal
2021-02-09 20:00:00,8,35,0.36009551453324556,0.0,0.0,0.47203333333333336,14.553,6.0,0,20.0,55.0,0.007333333333333333,1260.3343008663596,0.0,0.0,0.0,46.472454295118666,optimal
2021-02-09 20:30:00,8,35,0.0,0.0,0.0,0.41243333333333326,14.3325,6.0,0,20.0,55.0,0.007333333333333333,0.0,0.0,0.0,0.0,46.425981840823546,optimal
2021-02-09 21:00:00,8,35,0.0,0.0,0.0,0.6095333333333333,13.335,6.0,0,19.814990366204466,55.0,0.007333333333333333,0.0,0.0,0.0,0.0,46.37955585898272,optimal
2021-02-09 21:30:00,8,35,0.0,0.0,0.0,0.3653333333333333,12.1275,6.0,0,19.650690086824238,55.0,0.007333333333333333,0.0,0.0,0.0,0.0,46.333176303123736,optimal
2021-02-09 22:00:00,8,35,0.0,0.0,0.0,0.29906666666666665,12.2955,6.0,0,19.477340036968794,55.0,0.007333333333333333,0.0,0.0,0.0,0.0,46.286843126820614,optimal
2021-02-09 22:30:00,8,35,0.0,0.0,0.0,0.16976666666666668,11.6865,6.0,0,19.29538560344728,55.0,0.007333333333333333,0.0,0.0,0.0,0.0,46.24055628369379,optimal
2021-02-09 23:00:00,8,35,0.0,0.0,0.0,0.18836666666666668,11.466,6.0,0,19.062045362096512,55.0,0.007333333333333333,0.0,0.0,0.0,0.0,46.1943157274101,optimal
2021-02-09 23:30:00,8,35,0.0,0.0,0.0,0.09466666666666669,10.8045,6.0,0,18.81732533870087,55.0,0.007333333333333333,0.0,0.0,0.0,0.0,46.14812141168269,optimal
2021-02-10 00:00:00,8,35,0.0,0.0,0.0,0.053,11.7075,6.0,1,18.81732533870087,55.0,0.007333333333333333,0.0,0.0,0.0,0.0,46.101973290271005,optimal
2021-02-10 00:30:00,8,35,2.0,0.0,0.0,0.12596666666666667,10.8045,6.0,1,18.55648254105257,55.0,0.034666666666666665,4143.666666666666,0.0,2856.3333333333335,0.0,46.055871316980735,optimal
2021-02-10 01:00:00,8,35,0.0,0.0,0.0,0.12596666666666667,11.508,6.0,1,18.805353930600393,55.0,0.034666666666666665,0.0,0.0,0.0,0.0,46.009815445663754,optimal
2021-02-10 01:30:00,8,35,0.0,0.0,0.0,0.053,11.508,6.0,1,18.550536763206708,55.0,0.034666666666666665,0.0,0.0,0.0,0.0,45.96380563021809,optimal
2021-02-10 02:00:00,8,35,0.8985188966557895,0.0,0.0,0.1724,11.508,6.0,1,18.289207537099596,55.0,0.034666666666666665,3144.816138295263,0.0,0.0,0.0,45.917841824587875,optimal
2021-02-10 02:30:00,8,35,0.0,0.0,0.0,0.07953333333333333,11.844,6.0,1,18.423001828285585,55.0,0.034666666666666665,0.0,0.0,0.0,0.0,45.871923982763285,optimal
2021-02-10 03:00:00,8,35,2.0,0.0,0.0,0.1326,11.508,6.0,1,18.165268463446544,55.0,0.034666666666666665,7000.0,0.0,0.0,0.0,45.82605205878052,optimal
2021-02-10 03:30:00,8,35,2.0,0.0,0.0,0.11933333333333332,11.508,6.0,1,18.75995685202214,55.0,0.034666666666666665,7000.0,0.0,0.0,0.0,45.78022600672174,optimal
2021-02-10 04:00:00,8,35,2.0,0.0,5.276370321370657,0.053,10.4475,6.0,1,19.344338898398814,55.0,0.034666666666666665,7000.0,0.0,0.0,0.0,48.240721683366075,optimal
2021-02-10 04:30:00,8,35,2.0,0.0,0.0,0.11933333333333332,10.8675,6.0,1,19.91218040747381,55.0,0.034666666666666665,7000.0,0.0,0.0,0.0,48.192480961682705,optimal
2021-02-10 05:00:00,8,35,2.0,0.0,0.0,0.1326,10.542,6.0,1,20.47822186222472,55.0,0.034666666666666665,7000.0,0.0,0.0,0.0,48.144288480721016,optimal
2021-02-10 05:30:00,8,35,2.0,0.0,0.0,0.053,11.025,6.0,1,21.036104480887353,55.0,0.034666666666666665,7000.0,0.0,0.0,0.0,48.096144192240295,optimal
2021-02-10 06:00:00,8,35,2.0,0.0,0.0,0.2049333333333333,11.025,6.0,1,21.574773755497,55.0,0.034,7000.0,0.0,0.0,0.0,48.048048048048045,optimal
2021-02-10 06:30:00,8,35,0.0,0.0,0.0,0.06233333333333334,14.553,6.0,1,22.12612799402496,55.0,0.034,0.0,0.0,0.0,0.0,48.0,optimal
2021-02-10 07:00:00,8,35,2.0,0.0,0.0,0.063,13.0935,6.0,1,21.807313293923297,55.0,0.034,7000.0,0.0,0.0,0.0,47.72326117148572,optimal
2021-02-10 07:30:00,8,35,0.0,0.0,0.0,0.058333333333333334,15.6345,6.0,1,22.328973905702632,55.0,0.034,0.0,0.0,0.0,0.0,47.44679908179995,optimal
2021-02-10 08:00:00,8,35,0.0,0.0,0.0,0.13923333333333332,18.102,6.0,1,22.0,55.0,0.034,0.0,0.0,0.0,0.0,47.170613454203874,optimal
2021-02-10 08:30:00,8,35,0.0,0.0,0.0,0.11270000000000001,17.199,6.0,1,21.686579670570598,55.0,0.034,0.0,0.0,0.0,0.0,46.89470401223539,optimal
2021-02-10 09:00:00,8,35,0.0,0.0,0.0,0.053,18.2805,6.0,1,21.37748653765946,55.0,0.034,0.0,0.0,0.0,0.0,46.61907047970887,optimal
2021-02-10 09:30:00,8,35,0.0,0.0,0.0,0.05963333333333333,17.4615,6.0,1,21.1003271107282,55.0,0.034,0.0,0.0,0.0,0.0,46.34371258071488,optimal
2021-02-10 10:00:00,8,35,0.0,0.0,0.0,0.1923,18.3225,6.0,1,20.830954504244115,55.0,0.034,0.0,0.0,0.0,0.0,46.06863003961988,optimal
2021-02-10 10:30:00,8,35,0.0,0.0,0.0,0.053,17.094,6.0,1,20.635731404115703,55.0,0.034,0.0,0.0,0.0,0.0,45.79382258106598,optimal
2021-02-10 11:00:00,8,35,0.0,0.0,0.0,0.19896666666666668,17.094,6.0,1,20.428803577815042,55.0,0.034,0.0,0.0,0.0,0.0,45.51928992997063,optimal
2021-02-10 11:30:00,8,35,0.0,0.0,0.0,0.06796666666666668,17.094,6.0,1,20.27934618584235,55.0,0.034,0.0,0.0,0.0,0.0,45.24503181152638,optimal
2021-02-10 12:00:00,8,35,0.0,0.0,0.0,0.09943333333333333,17.3565,6.0,1,20.11757958621689,55.0,0.034,0.0,0.0,0.0,0.0,44.971047951200575,optimal
2021-02-10 12:30:00,8,35,0.21144226052801932,0.0,0.0,0.1525,17.115,6.0,1,20.010289077778527,55.0,0.034,740.0479118480677,0.0,0.0,0.0,44.69733807473509,optimal
2021-02-10 13:00:00,8,35,0.28209189828984366,0.0,0.0,0.059333333333333335,17.241,6.0,1,20.0,55.0,0.034,987.3216440144527,0.0,0.0,0.0,44.42390190814608,optimal
2021-02-10 13:30:00,8,35,0.26186947477536227,0.0,0.0,0.10943333333333334,17.094,6.0,1,20.0,55.0,0.034,916.543161713768,0.0,0.0,0.0,44.15073917772365,optimal
2021-02-10 14:00:00,8,35,1.394345012503089,0.0,0.0,0.1545,16.5165,6.0,1,20.0,55.0,0.034,4880.207543760812,0.0,0.0,0.0,43.877849610031646,optimal
2021-02-10 14:30:00,8,35,0.0,0.0,0.0,0.053,17.8185,6.0,1,20.480230239136013,55.0,0.034,0.0,0.0,0.0,0.0,43.60523293190733,optimal
2021-02-10 15:00:00,8,35,0.0,0.0,0.0,0.7056333333333333,17.094,6.0,1,20.354252950107973,55.0,0.034,0.0,0.0,0.0,0.0,43.56162769897542,optimal
2021-02-10 15:30:00,8,35,2.0,0.0,0.0,1.5926666666666667,16.8945,6.0,1,20.28746636980209,55.0,0.03266666666666666,7000.0,0.0,0.0,0.0,43.51806607127644,optimal
2021-02-10 16:00:00,8,35,0.0,0.0,0.0,0.3006333333333333,18.123,6.0,1,21.121631666853336,55.0,0.03,0.0,0.0,0.0,0.0,43.474548005205165,optimal
2021-02-10 16:30:00,8,35,0.0,0.0,0.0,0.5685333333333333,31.647,6.0,1,20.952140690295437,55.0,0.03,0.0,0.0,0.0,0.0,43.43107345719996,optimal
2021-02-10 17:00:00,8,35,0.0,0.0,0.0,0.26546666666666663,34.9965,6.0,1,20.811862511206666,55.0,0.028,0.0,0.0,0.0,0.0,43.38764238374276,optimal
2021-02-10 17:30:00,8,35,0.0,0.0,0.0,0.3982,34.9965,6.0,1,20.608062764102083,55.0,0.02266666666666667,0.0,0.0,0.0,0.0,43.344254741359016,optimal
2021-02-10 18:00:00,8,35,0.0,0.0,0.0,1.3795333333333333,34.9965,6.0,1,20.461159076309382,55.0,0.02266666666666667,0.0,0.0,0.0,0.0,43.30091048661766,optimal
2021-02-10 18:30:00,8,35,0.0,0.0,0.0,1.3688,34.9965,6.0,1,20.377453465790555,55.0,0.02266666666666667,0.0,0.0,0.0,0.0,43.257609576131046,optimal
2021-02-10 19:00:00,8,35,0.0,0.0,0.0,0.7457,34.9965,6.0,1,20.274439064709963,55.0,0.019333333333333334,0.0,0.0,0.0,0.0,43.214351966554915,optimal
2021-02-10 19:30:00,8,35,0.0,0.0,0.0,1.5697,27.741,6.0,1,20.116611377618046,55.0,0.019333333333333334,0.0,0.0,0.0,0.0,43.17113761458836,optimal
2021-02-10 20:00:00,8,35,0.2307225216967367,0.0,0.0,1.2766666666666668,19.026,6.0,1,20.0,55.0,0.016,807.5288259385785,0.0,0.0,0.0,43.127966476973775,optimal
2021-02-10 20:30:00,8,35,0.0,0.0,0.0,0.21003333333333332,18.7215,6.0,1,20.0,55.0,0.016,0.0,0.0,0.0,0.0,43.0848385104968,optimal
2021-02-10 21:00:00,8,35,0.0,0.0,0.0,0.30989999999999995,17.4195,6.0,1,19.768067374751258,55.0,0.0,0.0,0.0,0.0,0.0,43.04175367198631,optimal
2021-02-10 21:30:00,8,35,0.0,0.0,0.0,0.063,16.758,6.0,1,19.555387956505587,55.0,0.0,0.0,0.0,0.0,0.0,42.99871191831432,optimal
2021-02-10 22:00:00,8,35,0.0,0.0,0.0,0.16913333333333333,14.217,6.0,1,19.24931609800681,55.0,0.0,0.0,0.0,0.0,0.0,42.955713206396005,optimal
2021-02-10 22:30:00,8,35,0.0,0.0,0.0,0.1028,13.3665,6.0,1,18.93926008018598,55.0,0.0,0.0,0.0,0.0,0.0,42.91275749318961,optimal
2021-02-10 23:00:00,8,35,0.0,0.0,0.0,0.063,12.789,6.0,1,18.622102235357726,55.0,0.0,0.0,0.0,0.0,0.0,42.86984473569642,optimal
2021-02-10 23:30:00,8,35,0.0,0.0,0.0,0.1028,11.907,6.0,1,18.301139152917884,55.0,0.0,0.0,0.0,0.0,0.0,42.82697489096072,optimal
2021-02-11 00:00:00,8,35,0.0,0.0,0.0,0.065,12.306,6.0,4,18.301139152917884,55.0,0.0,0.0,0.0,0.0,0.0,42.784147916069756,optimal
2021-02-11 00:30:00,8,35,0.862203241786748,0.0,3.098593556786697,0.065,10.6365,6.0,4,17.98933441781525,55.0,0.016666666666666666,1276.0446795869516,0.0,1741.6666666666667,0.0,44.21319570762736,optimal
2021-02-11 01:00:00,8,35,0.0,0.0,0.0,0.1317333333333333,11.2455,6.0,4,17.837098805858442,55.0,0.016666666666666666,0.0,0.0,0.0,0.0,44.16898251191972,optimal
2021-02-11 01:30:00,8,35,0.0,0.0,0.0,0.11120000000000001,11.2455,6.0,4,17.543049446195955,55.0,0.016666666666666666,0.0,0.0,0.0,0.0,44.124813529407795,optimal
2021-02-11 02:00:00,8,35,2.0,0.0,0.0,0.065,11.025,6.0,4,17.250836222411642,55.0,0.016666666666666666,7000.0,0.0,0.0,0.0,44.08068871587839,optimal
2021-02-11 02:30:00,8,35,0.0,0.0,0.0,0.065,12.0855,6.0,4,17.799605684949153,55.0,0.016666666666666666,0.0,0.0,0.0,0.0,44.03660802716251,optimal
2021-02-11 03:00:00,8,35,0.0,0.0,0.0,0.17793333333333333,11.6865,6.0,4,17.49661126142164,55.0,0.016666666666666666,0.0,0.0,0.0,0.0,43.992571419135345,optimal
2021-02-11 03:30:00,8,35,2.0,0.0,0.0,0.065,11.2245,6.0,4,17.210178468743038,55.0,0.016666666666666666,7000.0,0.0,0.0,0.0,43.948578847716206,optimal
2021-02-11 04:00:00,8,35,2.0,0.0,0.0,0.065,11.025,6.0,4,17.760275742780742,55.0,0.016666666666666666,7000.0,0.0,0.0,0.0,43.90463026886849,optimal
2021-02-11 04:30:00,8,35,2.0,0.0,0.0,0.17793333333333333,10.7835,6.0,4,18.30597766622217,55.0,0.016666666666666666,7000.0,0.0,0.0,0.0,43.86072563859962,optimal
2021-02-11 05:00:00,8,35,2.0,0.0,0.0,0.065,11.025,6.0,4,18.85727549966204,55.0,0.016666666666666666,7000.0,0.0,0.0,0.0,43.816864912961016,optimal
2021-02-11 05:30:00,8,35,2.0,0.0,9.0,0.07526666666666666,10.584,6.0,4,19.386910304363425,55.0,0.016666666666666666,7000.0,0.0,0.0,0.0,48.048048048048045,optimal
2021-02-11 06:00:00,8,35,2.0,0.0,0.0,0.31460000000000005,11.025,6.0,4,19.913684777593712,55.0,0.015333333333333332,7000.0,0.0,0.0,0.0,48.0,optimal
2021-02-11 06:30:00,8,35,2.0,0.0,0.0,0.07433333333333333,10.4265,6.0,4,20.480383590699606,55.0,0.015333333333333332,7000.0,0.0,0.0,0.0,47.526819128790585,optimal
2021-02-11 07:00:00,8,35,2.0,0.0,0.0,0.08553333333333334,12.789,6.0,4,20.987123347108252,55.0,0.015333333333333332,7000.0,0.0,0.0,0.0,47.05411143845238,optimal
2021-02-11 07:30:00,8,35,2.0,0.0,0.0,0.1574,12.684,6.0,4,21.49257341974308,55.0,0.015333333333333332,7000.0,0.0,0.0,0.0,46.58187645580451,optimal
2021-02-11 08:00:00,8,35,0.5901677377615006,0.0,0.0,0.06833333333333333,16.254,6.0,4,22.0,55.0,0.015333333333333332,2065.587082165252,0.0,0.0,0.0,46.110113708139295,optimal
2021-02-11 08:30:00,8,35,0.0,0.0,0.0,0.1856,17.64,6.0,4,21.897522796603514,55.0,0.015333333333333332,0.0,0.0,0.0,0.0,45.63882272322174,optimal
2021-02-11 09:00:00,8,35,0.0,0.0,0.0,0.065,19.1625,6.0,4,21.559400191977325,55.0,0.015333333333333332,0.0,0.0,0.0,0.0,45.16800302928911,optimal
2021-02-11 09:30:00,8,35,0.0,0.0,0.0,0.09066666666666669,26.46,6.0,4,21.247017876629922,55.0,0.015333333333333332,0.0,0.0,0.0,0.0,44.69765415505041,optimal
2021-02-11 10:00:00,8,35,0.0,0.0,0.0,0.1522666666666667,20.79,6.0,4,20.96646572912118,55.0,0.015333333333333332,0.0,0.0,0.0,0.0,44.227775629685944,optimal
2021-02-11 10:30:00,8,35,0.0,0.0,0.0,0.065,29.106,6.0,4,20.781647134274724,55.0,0.015333333333333332,0.0,0.0,0.0,0.0,43.758366982846844,optimal
2021-02-11 11:00:00,8,35,0.0,0.0,0.0,0.07133333333333333,19.1835,6.0,4,20.580247422045943,55.0,0.015333333333333332,0.0,0.0,0.0,0.0,43.28942774465458,optimal
2021-02-11 11:30:00,8,35,0.0,0.0,0.0,0.169,19.6665,6.0,4,20.420500548329123,55.0,0.015333333333333332,0.0,0.0,0.0,0.0,42.820957445700515,optimal
2021-02-11 12:00:00,8,35,0.0,0.0,0.0,0.07526666666666666,19.404,6.0,4,20.286431381186567,55.0,0.015333333333333332,0.0,0.0,0.0,0.0,42.3529556170454,optimal
2021-02-11 12:30:00,8,35,0.0,0.0,0.0,0.065,19.047,6.0,4,20.19076626312283,55.0,0.015333333333333332,0.0,0.0,0.0,0.0,41.88542179021894,optimal
2021-02-11 13:00:00,8,35,0.0,0.0,0.0,0.24923333333333328,18.858,6.0,4,20.104787152045873,55.0,0.015333333333333332,0.0,0.0,0.0,0.0,41.84353636842872,optimal
2021-02-11 13:30:00,8,35,0.0,0.0,0.0,0.11446666666666669,19.2675,6.0,4,20.048659261190956,55.0,0.014666666666666666,0.0,0.0,0.0,0.0,41.8016928320603,optimal
2021-02-11 14:00:00,8,35,0.10142348480538271,0.0,0.0,0.063,18.963,6.0,4,20.0,55.0,0.014666666666666666,354.9821968188395,0.0,0.0,0.0,41.75989113922824,optimal
2021-02-11 14:30:00,8,35,0.3594502484224543,0.0,0.0,0.17893333333333333,18.438,6.0,4,20.0,55.0,0.014666666666666666,1258.07586947859,0.0,0.0,0.0,41.71813124808901,optimal
2021-02-11 15:00:00,8,35,0.0,0.0,0.0,0.07333333333333333,18.7425,6.0,4,20.126779201258746,55.0,0.014666666666666666,0.0,0.0,0.0,0.0,41.67641311684092,optimal
2021-02-11 15:30:00,8,35,2.0,0.0,0.0,0.10003333333333332,15.2145,6.0,4,20.0,55.0,0.009333333333333334,7000.0,0.0,0.0,0.0,41.63473670372408,optimal
2021-02-11 16:00:00,8,35,0.0,0.0,0.0,0.15613333333333332,17.7765,6.0,4,20.737840294952164,55.0,0.009333333333333334,0.0,0.0,0.0,0.0,41.59310196702035,optimal
2021-02-11 16:30:00,8,35,0.20406551485382188,0.0,0.0,0.10026666666666668,16.758,6.0,4,20.57007712504885,55.0,0.009333333333333334,714.2293019883765,0.0,0.0,0.0,41.55150886505333,optimal
2021-02-11 17:00:00,8,35,2.0,0.0,0.0,0.2147333333333333,16.422,6.0,4,20.460497864560956,55.0,0.006666666666666667,7000.0,0.0,0.0,0.0,41.50995735618827,optimal
2021-02-11 17:30:00,8,35,2.0,0.0,0.0,0.11513333333333334,16.758,6.0,4,21.04512959810311,55.0,0.0033333333333333335,7000.0,0.0,0.0,0.0,41.46844739883208,optimal
2021-02-11 18:00:00,8,35,0.0,0.0,0.0,0.3052333333333333,29.358,6.0,4,21.608900355188727,55.0,0.0033333333333333335,0.0,0.0,0.0,0.0,41.42697895143325,optimal
2021-02-11 18:30:00,8,35,0.0,0.0,0.0,0.09866666666666668,34.9965,6.0,4,21.303488987313138,55.0,0.0033333333333333335,0.0,0.0,0.0,0.0,41.385551972481814,optimal
2021-02-11 19:00:00,8,35,0.0,0.0,0.0,0.18516666666666662,34.65,6.0,4,20.97920408326267,55.0,0.002,0.0,0.0,0.0,0.0,41.34416642050933,optimal
2021-02-11 19:30:00,8,35,0.0,0.0,0.0,0.23113333333333333,34.9965,6.0,4,20.662019077264752,55.0,0.002,0.0,0.0,0.0,0.0,41.302822254088824,optimal
2021-02-11 20:00:00,8,35,0.0,0.0,0.0,0.21459999999999999,34.9965,6.0,4,20.331501748035883,55.0,0.002,0.0,0.0,0.0,0.0,41.261519431834735,optimal
2021-02-11 20:30:00,8,35,0.0,0.0,0.0,0.2062333333333333,30.4815,6.0,4,20.0,55.0,0.002,0.0,0.0,0.0,0.0,41.2202579124029,optimal
2021-02-11 21:00:00,8,35,0.0,0.0,0.0,0.1554,21.4305,6.0,4,19.670338177340803,55.0,0.002,0.0,0.0,0.0,0.0,41.1790376544905,optimal
2021-02-11 21:30:00,8,35,0.0,0.0,0.0,0.20980000000000001,14.3325,6.0,4,19.333176323397897,55.0,0.002,0.0,0.0,0.0,0.0,41.13785861683601,optimal
2021-02-11 22:00:00,8,35,0.0,0.0,0.0,0.1267333333333333,13.692,6.0,4,19.0442213546443,55.0,0.0,0.0,0.0,0.0,0.0,41.09672075821918,optimal
2021-02-11 22:30:00,8,35,0.0,0.0,0.0,0.10966666666666669,14.007,6.0,4,18.760232995129133,55.0,0.0,0.0,0.0,0.0,0.0,41.05562403746096,optimal
2021-02-11 23:00:00,8,35,0.0,0.0,0.0,0.183,12.873,6.0,4,18.451518227193013,55.0,0.0,0.0,0.0,0.0,0.0,41.0145684134235,optimal
2021-02-11 23:30:00,8,35,0.0,0.0,0.0,0.36133333333333334,12.684,6.0,4,18.154580254216192,55.0,0.0,0.0,0.0,0.0,0.0,40.97355384501007,optimal
2021-02-12 00:00:00,8,35,2.0,0.0,9.0,0.15386666666666668,8.1585,6.0,1,18.154580254216192,55.0,0.0,7000.0,0.0,0.0,0.0,45.20758029116506,optimal
2021-02-12 00:30:00,8,35,1.433142857142857,0.0,0.0,0.21053333333333332,10.3635,6.0,1,18.651248635305357,55.0,0.048,0.0,0.0,5016.0,0.0,45.162372710873896,optimal
2021-02-12 01:00:00,8,35,0.0,0.0,0.0,0.054,10.8045,6.0,1,18.305199175883764,55.0,0.048,0.0,0.0,0.0,0.0,45.11721033816302,optimal
2021-02-12 01:30:00,8,35,0.0,0.0,0.0,0.1032,11.025,6.0,1,17.94538352531552,55.0,0.048,0.0,0.0,0.0,0.0,45.07209312782486,optimal
2021-02-12 02:00:00,8,35,2.0,0.0,0.0,0.2612,10.3635,6.0,1,17.598222424479093,55.0,0.048,7000.0,0.0,0.0,0.0,45.02702103469703,optimal
2021-02-12 02:30:00,8,35,2.0,0.0,0.0,0.1032,10.8045,6.0,1,18.118883419666595,55.0,0.048,7000.0,0.0,0.0,0.0,44.98199401366233,optimal
2021-02-12 03:00:00,8,35,2.0,0.0,0.0,0.3569333333333333,10.059,6.0,1,18.617301470710103,55.0,0.048,7000.0,0.0,0.0,0.0,44.93701201964867,optimal
2021-02-12 03:30:00,8,35,2.0,0.0,0.0,0.18573333333333328,10.584,6.0,1,19.15601742402355,55.0,0.048,7000.0,0.0,0.0,0.0,44.89207500762902,optimal
2021-02-12 04:00:00,8,35,2.0,0.0,8.57684475814807,0.08396666666666666,9.4185,6.0,1,19.663822261805745,55.0,0.048,7000.0,0.0,0.0,0.0,48.92118419274172,optimal
2021-02-12 04:30:00,8,35,2.0,0.0,0.0,0.26676666666666665,10.3635,6.0,1,20.162197189241176,55.0,0.048,7000.0,0.0,0.0,0.0,48.87226300854897,optimal
2021-02-12 05:00:00,8,35,2.0,0.0,0.0,0.09226666666666668,9.8385,6.0,1,20.685520265718978,55.0,0.048,7000.0,0.0,0.0,0.0,48.823390745540415,optimal
2021-02-12 05:30:00,8,35,2.0,0.0,0.0,0.2457333333333333,11.067,6.0,1,21.190434644697532,55.0,0.048,7000.0,0.0,0.0,0.0,48.774567354794875,optimal
2021-02-12 06:00:00,8,35,2.0,0.0,0.0,0.128,10.8465,6.0,1,21.718136557375086,55.0,0.048,7000.0,0.0,0.0,0.0,48.72579278744007,optimal
2021-02-12 06:30:00,8,35,0.0,0.0,0.0,0.10833333333333331,13.671,6.0,1,22.234537606196948,55.0,0.048,0.0,0.0,0.0,0.0,48.67706699465263,optimal
2021-02-12 07:00:00,8,35,0.4239367660031035,0.0,0.0,0.2567333333333333,12.348,6.0,1,21.90125458008575,55.0,0.048,1483.778681010862,0.0,0.0,0.0,48.62838992765797,optimal
2021-02-12 07:30:00,8,35,0.0,0.0,0.0,0.09693333333333334,14.3325,6.0,1,21.770786621499425,55.0,0.048,0.0,0.0,0.0,0.0,48.579761537730306,optimal
2021-02-12 08:00:00,8,35,0.0,0.0,0.0,0.18186666666666668,15.393,6.0,1,21.431287283224474,55.0,0.048,0.0,0.0,0.0,0.0,48.53118177619257,optimal
2021-02-12 08:30:00,8,35,0.0,0.0,0.0,0.1396,13.587,6.0,1,21.095435676906124,55.0,0.048,0.0,0.0,0.0,0.0,48.48265059441637,optimal
2021-02-12 09:00:00,8,35,0.0,0.0,0.0,0.16066666666666665,16.1385,6.0,1,20.756488153638056,55.0,0.048,0.0,0.0,0.0,0.0,48.434167943821954,optimal
2021-02-12 09:30:00,8,35,0.0,0.0,0.0,0.199,14.595,6.0,1,20.465339475522498,55.0,0.024666666666666667,0.0,0.0,0.0,0.0,48.38573377587813,optimal
2021-02-12 10:00:00,8,35,0.0,0.0,0.0,0.0722,14.637,6.0,1,20.232676280629775,55.0,0.021333333333333333,0.0,0.0,0.0,0.0,48.33734804210225,optimal
2021-02-12 10:30:00,8,35,0.0,0.0,0.0,0.6355666666666667,13.9125,6.0,1,20.077729384266505,55.0,0.020666666666666667,0.0,0.0,0.0,0.0,48.289010694060146,optimal
2021-02-12 11:00:00,8,35,0.20555107079699161,0.0,0.0,0.15,13.3665,6.0,1,20.0,55.0,0.016666666666666666,719.4287477894707,0.0,0.0,0.0,48.240721683366075,optimal
2021-02-12 11:30:00,8,35,0.2380785530635403,0.0,0.0,0.26573333333333327,13.0095,6.0,1,20.0,55.0,0.015333333333333332,833.2749357223911,0.0,0.0,0.0,48.192480961682705,optimal
2021-02-12 12:00:00,8,35,0.0,0.0,0.0,0.3818666666666667,13.8915,6.0,1,20.033830743151473,55.0,0.012666666666666666,0.0,0.0,0.0,0.0,48.144288480721016,optimal
2021-02-12 12:30:00,8,35,0.009931842530785856,0.0,0.0,0.44339999999999996,13.188,6.0,1,20.0,55.0,0.011333333333333334,34.761448857750494,0.0,0.0,0.0,48.096144192240295,optimal
2021-02-12 13:00:00,8,35,0.09092817303085012,0.0,0.0,0.2902333333333333,12.5685,6.0,1,20.0,55.0,0.011333333333333334,318.24860560797543,0.0,0.0,0.0,48.048048048048045,optimal
2021-02-12 13:30:00,8,35,0.16174890859761037,0.0,0.0,0.2552,12.285,6.0,1,20.0,55.0,0.011333333333333334,566.1211800916363,0.0,0.0,0.0,48.0,optimal
2021-02-12 14:00:00,8,35,0.5612973043557312,0.0,0.0,0.17126666666666668,11.487,6.0,1,20.0,55.0,0.011333333333333334,1964.540565245059,0.0,0.0,0.0,47.13068172248569,optimal
2021-02-12 14:30:00,8,35,0.0,0.0,0.0,0.11320000000000001,11.802,6.0,1,20.123318600318715,55.0,0.011333333333333334,0.0,0.0,0.0,0.0,46.262232763248896,optimal
2021-02-12 15:00:00,8,35,2.0,0.0,0.0,0.17133333333333334,11.2245,6.0,1,20.0,55.0,0.011333333333333334,7000.0,0.0,0.0,0.0,45.39465225297134,optimal
2021-02-12 15:30:00,8,35,2.0,0.0,0.0,0.07113333333333334,11.025,6.0,1,20.70499042652171,55.0,0.011333333333333334,7000.0,0.0,0.0,0.0,44.52793932320406,optimal
2021-02-12 16:00:00,8,35,1.8754535467148212,0.0,0.0,0.26406666666666667,11.907,6.0,1,21.38540192936336,55.0,0.011333333333333334,6564.087413501874,0.0,0.0,0.0,43.66209310636655,optimal
2021-02-12 16:30:00,8,35,0.0,0.0,0.0,0.064,25.83,6.0,1,21.970919355821373,55.0,0.011333333333333334,0.0,0.0,0.0,0.0,42.79711273574587,optimal
2021-02-12 17:00:00,8,35,0.0,0.0,0.0,0.15856666666666666,28.035,6.0,1,21.729583099614683,55.0,0.011333333333333334,0.0,0.0,0.0,0.0,41.932997345495814,optimal
2021-02-12 17:30:00,8,35,0.0,0.0,0.0,0.1973,28.119,6.0,1,21.44963766156844,55.0,0.011333333333333334,0.0,0.0,0.0,0.0,41.06974607063601,optimal
2021-02-12 18:00:00,8,35,0.0,0.0,0.0,0.23826666666666668,30.156,6.0,1,21.17698829485369,55.0,0.009333333333333334,0.0,0.0,0.0,0.0,41.028676324565375,optimal
2021-02-12 18:30:00,8,35,0.0,0.0,0.0,0.33596666666666664,29.1585,6.0,1,20.910697642426495,55.0,0.006,0.0,0.0,0.0,0.0,40.98764764824081,optimal
2021-02-12 19:00:00,8,35,0.0,0.0,0.0,0.2583666666666667,26.712,6.0,1,20.66370218051517,55.0,0.006,0.0,0.0,0.0,0.0,40.946660000592566,optimal
2021-02-12 19:30:00,8,35,0.0,0.0,0.0,0.14243333333333333,15.435,6.0,1,20.448978909854517,55.0,0.004,0.0,0.0,0.0,0.0,40.90571334059197,optimal
2021-02-12 20:00:00,8,35,0.0,0.0,0.0,0.2553666666666667,13.566,6.0,1,20.231191183239353,55.0,0.004,0.0,0.0,0.0,0.0,40.86480762725138,optimal
2021-02-12 20:30:00,8,35,0.0,0.0,0.0,0.47736666666666666,12.789,6.0,1,20.0,55.0,0.004,0.0,0.0,0.0,0.0,40.82394281962413,optimal
2021-02-12 21:00:00,8,35,0.0,0.0,0.0,0.2404,12.1275,6.0,1,19.79827390661658,55.0,0.0,0.0,0.0,0.0,0.0,40.78311887680451,optimal
2021-02-12 21:30:00,8,35,0.0,0.0,0.0,0.3838666666666667,13.671,6.0,1,19.561633625384,55.0,0.0,0.0,0.0,0.0,0.0,40.742335757927705,optimal
2021-02-12 22:00:00,8,35,0.0,0.0,0.0,0.11320000000000001,10.668,6.0,1,19.331313295405952,55.0,0.0,0.0,0.0,0.0,0.0,40.70159342216978,optimal
2021-02-12 22:30:00,8,35,0.0,0.0,0.0,0.064,11.7285,6.0,1,19.048947872183536,55.0,0.0,0.0,0.0,0.0,0.0,40.66089182874761,optimal
2021-02-12 23:00:00,8,35,0.0,0.0,0.0,0.1567333333333333,11.025,6.0,1,18.76479819465499,55.0,0.0,0.0,0.0,0.0,0.0,40.62023093691886,optimal
2021-02-12 23:30:00,8,35,0.0,0.0,0.0,0.17846666666666666,10.689,6.0,1,18.49596825515344,55.0,0.0,0.0,0.0,0.0,0.0,40.57961070598194,optimal
2021-02-13 00:00:00,8,35,0.0,0.0,0.0,0.1446,11.025,6.0,4,18.49596825515344,55.0,0.0,0.0,0.0,0.0,0.0,40.53903109527596,optimal
2021-02-13 00:30:00,8,35,0.0,0.0,0.0,0.0648,8.2005,6.0,4,18.24092616329125,55.0,0.0,0.0,0.0,0.0,0.0,40.49849206418068,optimal
2021-02-13 01:00:00,8,35,0.0,0.0,0.0,0.10679999999999999,9.5655,6.0,4,17.980750062108292,55.0,0.0,0.0,0.0,0.0,0.0,40.4579935721165,optimal
2021-02-13 01:30:00,8,35,2.0,0.0,9.0,0.1674,7.056,6.0,4,17.73017050067082,55.0,0.018666666666666668,5049.333333333333,0.0,1950.6666666666667,0.0,44.69253557854438,optimal
2021-02-13 02:00:00,8,35,0.0,0.0,0.0,0.042,9.3975,6.0,4,18.098836399566963,55.0,0.018666666666666668,0.0,0.0,0.0,0.0,44.64784304296584,optimal
2021-02-13 02:30:00,8,35,0.0,0.0,0.0,0.10679999999999999,10.059,6.0,4,17.840195000826075,55.0,0.018666666666666668,0.0,0.0,0.0,0.0,44.60319519992287,optimal
2021-02-13 03:00:00,8,35,0.0,0.0,0.0,0.15030000000000002,9.261,6.0,4,17.593138709752967,55.0,0.018666666666666668,0.0,0.0,0.0,0.0,44.55859200472295,optimal
2021-02-13 03:30:00,8,35,2.0,0.0,0.0,0.0843,8.1585,6.0,4,17.354934963859197,55.0,0.018666666666666668,7000.0,0.0,0.0,0.0,44.51403341271822,optimal
2021-02-13 04:00:00,8,35,0.0,0.0,0.0,0.08159999999999999,9.4815,6.0,4,17.95380814034906,55.0,0.018666666666666668,0.0,0.0,0.0,0.0,44.4695193793055,optimal
2021-02-13 04:30:00,8,35,2.0,0.0,0.0,0.1674,8.379,6.0,4,17.70059103935184,55.0,0.018666666666666668,7000.0,0.0,0.0,0.0,44.4250498599262,optimal
2021-02-13 05:00:00,8,35,0.0,0.0,0.0,0.042,9.5235,6.0,4,18.302203479023756,55.0,0.018666666666666668,0.0,0.0,0.0,0.0,44.38062481006627,optimal
2021-02-13 05:30:00,8,35,2.0,0.0,0.0,0.042,8.1375,6.0,4,18.036189554824475,55.0,0.018666666666666668,7000.0,0.0,0.0,0.0,44.336244185256206,optimal
2021-02-13 06:00:00,8,35,0.0,0.0,0.0,0.16806666666666667,10.0905,6.0,4,18.614868876511636,55.0,0.018666666666666668,0.0,0.0,0.0,0.0,44.29190794107095,optimal
2021-02-13 06:30:00,8,35,2.0,0.0,8.406538211023586,0.052,7.539,6.0,4,18.356434757176675,55.0,0.018666666666666668,7000.0,0.0,0.0,0.0,48.240721683366075,optimal
2021-02-13 07:00:00,8,35,2.0,0.0,0.0,0.1701,7.938,6.0,4,18.92822667031545,55.0,0.015333333333333332,7000.0,0.0,0.0,0.0,48.192480961682705,optimal
2021-02-13 07:30:00,8,35,2.0,0.0,0.0,0.1361,8.274,6.0,4,19.524975029268504,55.0,0.015333333333333332,7000.0,0.0,0.0,0.0,48.144288480721016,optimal
2021-02-13 08:00:00,8,35,2.0,0.0,0.0,0.0688,9.261,6.0,4,20.118226887938427,55.0,0.015333333333333332,7000.0,0.0,0.0,0.0,48.096144192240295,optimal
2021-02-13 08:30:00,8,35,0.0,0.0,0.0,0.2414,9.9225,6.0,4,20.691907373873825,55.0,0.015333333333333332,0.0,0.0,0.0,0.0,48.048048048048045,optimal
2021-02-13 09:00:00,8,35,2.0,0.0,0.0,0.0724,9.702,6.0,4,20.452186174116903,55.0,0.015333333333333332,7000.0,0.0,0.0,0.0,48.0,optimal
2021-02-13 09:30:00,8,35,0.0,0.0,0.0,0.18359999999999999,10.584,6.0,4,21.050906393901922,55.0,0.015333333333333332,0.0,0.0,0.0,0.0,47.40639749110548,optimal
2021-02-13 10:00:00,8,35,2.0,0.0,0.0,0.07686666666666667,10.143,6.0,4,20.781946834576658,55.0,0.015333333333333332,7000.0,0.0,0.0,0.0,46.81338858471985,optimal
2021-02-13 10:30:00,8,35,0.0,0.0,0.0,0.088,13.0095,6.0,4,21.400147477477752,55.0,0.015333333333333332,0.0,0.0,0.0,0.0,46.22097268724062,optimal
2021-02-13 11:00:00,8,35,0.0,0.0,0.0,0.2062,11.025,6.0,4,21.167980860642203,55.0,0.015333333333333332,0.0,0.0,0.0,0.0,45.62914920565886,optimal
2021-02-13 11:30:00,8,35,0.0,0.0,0.0,0.052,12.789,6.0,4,21.01312339312226,55.0,0.015333333333333332,0.0,0.0,0.0,0.0,45.037917547558685,optimal
2021-02-13 12:00:00,8,35,0.0,0.0,0.0,0.19023333333333328,12.1275,6.0,4,20.84271253121026,55.0,0.015333333333333332,0.0,0.0,0.0,0.0,44.447277121116606,optimal
2021-02-13 12:30:00,8,35,0.0,0.0,0.0,0.0933,12.1695,6.0,4,20.71626116760488,55.0,0.015333333333333332,0.0,0.0,0.0,0.0,43.85722733510097,optimal
2021-02-13 13:00:00,8,35,0.0,0.0,0.0,0.0708,12.306,6.0,4,20.582586201675603,55.0,0.015333333333333332,0.0,0.0,0.0,0.0,43.26776759887135,optimal
2021-02-13 13:30:00,8,35,0.0,0.0,0.0,0.2814333333333333,13.23,6.0,4,20.46054391703905,55.0,0.015333333333333332,0.0,0.0,0.0,0.0,42.67889732237796,optimal
2021-02-13 14:00:00,8,35,0.0,0.0,0.0,0.2022,13.671,6.0,4,20.378889477902344,55.0,0.015333333333333332,0.0,0.0,0.0,0.0,42.09061591616107,optimal
2021-02-13 14:30:00,8,35,0.0,0.0,0.0,0.24336666666666668,13.9335,6.0,4,20.25613317222123,55.0,0.015333333333333332,0.0,0.0,0.0,0.0,41.50292279135039,optimal
2021-02-13 15:00:00,8,35,0.0,0.0,0.0,0.2839,13.293,6.0,4,20.16549694025507,55.0,0.011333333333333334,0.0,0.0,0.0,0.0,40.91581735966452,optimal
2021-02-13 15:30:00,8,35,0.19712054513801144,0.0,0.0,0.1705,12.1065,6.0,4,20.050945477403154,55.0,0.011333333333333334,689.92190798304,0.0,0.0,0.0,40.32929903341034,optimal
2021-02-13 16:00:00,8,35,0.3428922624144279,0.0,0.0,0.26780000000000004,11.571,6.0,4,20.0,55.0,0.011333333333333334,1200.1229184504975,0.0,0.0,0.0,39.74336722548241,optimal
2021-02-13 16:30:00,8,35,0.4379959393414222,0.0,0.0,0.3626333333333333,11.025,6.0,4,20.0,55.0,0.009333333333333334,1532.9857876949777,0.0,0.0,0.0,39.15802134936241,optimal
2021-02-13 17:00:00,8,35,2.0,0.0,0.0,0.1255,10.8465,6.0,4,20.043159440912138,55.0,0.009333333333333334,7000.0,0.0,0.0,0.0,38.573260819118524,optimal
2021-02-13 17:30:00,8,35,2.0,0.0,0.0,0.35896666666666666,11.2455,6.0,4,20.674714528413705,55.0,0.004,7000.0,0.0,0.0,0.0,37.989085049404885,optimal
2021-02-13 18:00:00,8,35,0.0,0.0,0.0,0.2866,23.8665,6.0,4,21.317349478262567,55.0,0.0,0.0,0.0,0.0,0.0,37.40549345546096,optimal
2021-02-13 18:30:00,8,35,0.0,0.0,0.0,0.43376666666666663,27.4575,6.0,4,21.094124201491937,55.0,0.0,0.0,0.0,0.0,0.0,36.822485453110986,optimal
2021-02-13 19:00:00,8,35,0.0,0.0,0.0,0.042,27.3735,6.0,4,20.88813552749356,55.0,0.0,0.0,0.0,0.0,0.0,36.24006045876336,optimal
2021-02-13 19:30:00,8,35,0.0,0.0,0.0,0.0648,30.4605,6.0,4,20.581463026420437,55.0,0.0,0.0,0.0,0.0,0.0,35.658217889410075,optimal
2021-02-13 20:00:00,8,35,0.0,0.0,0.0,0.2094,30.0195,6.0,4,20.28056090431596,55.0,0.0,0.0,0.0,0.0,0.0,35.076957162626144,optimal
2021-02-13 20:30:00,8,35,0.0,0.0,0.0,0.042,26.9325,6.0,4,20.0,55.0,0.0,0.0,0.0,0.0,0.0,34.496277696569,optimal
2021-02-13 21:00:00,8,35,0.0,0.0,0.0,0.1638,14.595,6.0,4,19.703406220603995,55.0,0.0,0.0,0.0,0.0,0.0,33.916178909977916,optimal
2021-02-13 21:30:00,8,35,0.0,0.0,0.0,0.11040000000000001,12.4845,6.0,4,19.425811832363184,55.0,0.0,0.0,0.0,0.0,0.0,33.33666022217342,optimal
2021-02-13 22:00:00,8,35,0.0,0.0,0.0,0.042,12.1275,6.0,4,19.145125633214217,55.0,0.0,0.0,0.0,0.0,0.0,32.75772105305673,optimal
2021-02-13 22:30:00,8,35,0.0,0.0,0.0,0.2936,12.1275,6.0,4,18.85958806053921,55.0,0.0,0.0,0.0,0.0,0.0,32.72496333200367,optimal
2021-02-13 23:00:00,8,35,0.0,0.0,0.0,0.081,12.789,6.0,4,18.64288856695954,55.0,0.0,0.0,0.0,0.0,0.0,32.69223836867167,optimal
2021-02-13 23:30:00,8,35,0.0,0.0,0.0,0.11313333333333334,11.907,6.0,4,18.3910383861269,55.0,0.0,0.0,0.0,0.0,0.0,32.65954613030299,optimal
2021-02-07 00:00:00,9,35,0.0,0.0,0.0,0.08666666666666667,8.274,6.0,-2,21.0,55.0,0.12,0.0,0.0,0.0,0.0,47.952,optimal
2021-02-07 00:30:00,9,35,0.0,0.0,0.0,0.1154,7.7175,6.0,-2,20.74859846361534,55.0,0.12,0.0,0.0,0.0,0.0,47.904047999999996,optimal
2021-02-07 01:00:00,9,35,0.0,0.0,0.0,0.1864,6.615,6.0,-2,20.50339310167205,55.0,0.12,0.0,0.0,0.0,0.0,47.856143952,optimal
2021-02-07 01:30:00,9,35,0.0,0.0,0.0,0.15466666666666665,6.174,6.0,-2,20.269057957364666,55.0,0.12,0.0,0.0,0.0,0.0,47.80828780804799,optimal
2021-02-07 02:00:00,9,35,2.0,0.0,0.0,1.043766666666667,3.906,6.0,-2,20.033604409723246,55.0,0.12,7000.0,0.0,0.0,0.0,47.76047952023995,optimal
2021-02-07 02:30:00,9,35,2.0,0.0,0.0,0.19333333333333327,2.3415,6.0,-2,20.666799592256044,55.0,0.12,7000.0,0.0,0.0,0.0,47.712719040719705,optimal
2021-02-07 03:00:00,9,35,2.0,0.0,0.0,0.07653333333333333,2.205,6.0,-2,21.270237820491495,55.0,0.12,7000.0,0.0,0.0,0.0,47.66500632167899,optimal
2021-02-07 03:30:00,9,35,2.0,0.0,0.0,0.26453333333333334,0.882,6.0,-2,21.849319458588166,55.0,0.12,7000.0,0.0,0.0,0.0,47.61734131535731,optimal
2021-02-07 04:00:00,9,35,2.0,0.0,0.0,0.06,1.5435,6.0,-2,22.44180804682555,55.0,0.12,7000.0,0.0,0.0,0.0,47.56972397404195,optimal
2021-02-07 04:30:00,9,35,2.0,0.0,0.0,0.17653333333333332,1.5435,6.0,-2,23.000276391831143,55.0,0.12,7000.0,0.0,0.0,0.0,47.522154250067906,optimal
2021-02-07 05:00:00,9,35,0.0,0.0,0.0,0.16453333333333334,5.0715,6.0,-2,23.56458682764684,55.0,0.12,0.0,0.0,0.0,0.0,47.47463209581784,optimal
2021-02-07 05:30:00,9,35,0.0,0.0,0.0,0.06666666666666667,5.376,6.0,-2,23.27692652247964,55.0,0.12,0.0,0.0,0.0,0.0,47.42715746372202,optimal
2021-02-07 06:00:00,9,35,0.2406373780823195,0.0,0.0,0.2744,5.0715,6.0,-2,22.981703789616684,55.0,0.12,842.2308232881182,0.0,0.0,0.0,47.379730306258296,optimal
2021-02-07 06:30:00,9,35,0.0,0.0,0.0,0.066,5.5125,6.0,-2,22.817139960431984,55.0,0.12,0.0,0.0,0.0,0.0,47.332350575952034,optimal
2021-02-07 07:00:00,9,35,0.0,0.0,0.0,0.07,9.261,6.0,-2,22.527116979468527,55.0,0.12,0.0,0.0,0.0,0.0,47.285018225376085,optimal
2021-02-07 07:30:00,9,35,0.0,0.0,0.0,1.1793333333333333,11.7075,6.0,-2,22.24060947579783,55.0,0.12,0.0,0.0,0.0,0.0,47.23773320715071,optimal
2021-02-07 08:00:00,9,35,0.0,0.0,0.0,1.9034666666666666,12.348,6.0,-2,22.0,55.0,0.11866666666666667,0.0,0.0,0.0,0.0,47.190495473943564,optimal
2021-02-07 08:30:00,9,35,0.0,0.0,0.0,0.05866666666666666,12.348,6.0,-2,21.782086209931194,55.0,0.11733333333333333,0.0,0.0,0.0,0.0,47.14330497846962,optimal
2021-02-07 09:00:00,9,35,0.0,0.0,0.0,0.06716666666666667,12.1275,6.0,-2,21.523664374826836,55.0,0.11666666666666667,0.0,0.0,0.0,0.0,47.09616167349115,optimal
2021-02-07 09:30:00,9,35,0.0,0.0,0.0,0.2944,12.5265,6.0,-2,21.271841301662363,55.0,0.116,0.0,0.0,0.0,0.0,47.04906551181766,optimal
2021-02-07 10:00:00,9,35,0.05574534434079598,0.0,0.0,2.6698000000000004,11.7495,6.0,-2,21.076205866492973,55.0,0.116,195.10870519278592,0.0,0.0,0.0,47.00201644630584,optimal
2021-02-07 10:30:00,9,35,0.0,0.0,0.0,1.8342,13.23,6.0,-2,20.955952170560803,55.0,0.116,0.0,0.0,0.0,0.0,46.95501442985953,optimal
2021-02-07 11:00:00,9,35,0.0,0.0,0.0,1.4099000000000002,14.3325,6.0,-2,20.79916236667079,55.0,0.11533333333333333,0.0,0.0,0.0,0.0,46.90805941542967,optimal
2021-02-07 11:30:00,9,35,0.0,0.0,0.0,1.4010666666666667,14.994,6.0,-2,20.651434769999593,55.0,0.11533333333333333,0.0,0.0,0.0,0.0,46.86115135601424,optimal
2021-02-07 12:00:00,9,35,0.0,0.0,0.0,0.7928333333333334,14.8155,6.0,-2,20.486464341137467,55.0,0.11066666666666666,0.0,0.0,0.0,0.0,46.81429020465823,optimal
2021-02-07 12:30:00,9,35,0.0,0.0,0.0,0.48673333333333335,14.112,6.0,-2,20.34545181692824,55.0,0.11066666666666666,0.0,0.0,0.0,0.0,46.76747591445357,optimal
2021-02-07 13:00:00,9,35,0.0,0.0,0.0,1.5947666666666669,14.007,6.0,-2,20.227111156311334,55.0,0.10666666666666667,0.0,0.0,0.0,0.0,46.72070843853912,optimal
2021-02-07 13:30:00,9,35,0.0,0.0,0.0,1.6747999999999998,13.23,6.0,-2,20.115294815677164,55.0,0.10466666666666667,0.0,0.0,0.0,0.0,46.67398773010058,optimal
2021-02-07 14:00:00,9,35,2.0,0.0,0.0,0.13506666666666667,11.382,6.0,-2,20.0,55.0,0.10466666666666667,7000.0,0.0,0.0,0.0,46.627313742370475,optimal
2021-02-07 14:30:00,9,35,1.7270004476473535,0.0,0.0,0.2523333333333333,11.7495,6.0,-2,20.672104961550996,55.0,0.10466666666666667,6044.501566765737,0.0,0.0,0.0,46.580686428628105,optimal
2021-02-07 15:00:00,9,35,0.0,0.0,0.0,0.21946666666666667,24.3285,6.0,-2,21.236265102719436,55.0,0.102,0.0,0.0,0.0,0.0,46.53410574219948,optimal
2021-02-07 15:30:00,9,35,0.0,0.0,0.0,0.14226666666666668,28.917,6.0,-2,21.088335093707567,55.0,0.102,0.0,0.0,0.0,0.0,46.48757163645728,optimal
2021-02-07 16:00:00,9,35,0.0,0.0,0.0,0.161,31.3635,6.0,-2,20.917368989027793,55.0,0.102,0.0,0.0,0.0,0.0,46.44108406482083,optimal
2021-02-07 16:30:00,9,35,0.0,0.0,0.0,0.1876,33.306,6.0,-2,20.709284592479452,55.0,0.09933333333333333,0.0,0.0,0.0,0.0,46.394642980756004,optimal
2021-02-07 17:00:00,9,35,0.0,0.0,0.0,0.25939999999999996,31.3425,6.0,-2,20.532421897817553,55.0,0.09933333333333333,0.0,0.0,0.0,0.0,46.348248337775246,optimal
2021-02-07 17:30:00,9,35,0.0,0.0,0.0,0.29306666666666664,28.2555,6.0,-2,20.335330562060744,55.0,0.096,0.0,0.0,0.0,0.0,46.301900089437474,optimal
2021-02-07 18:00:00,9,35,0.0,0.0,0.0,0.5881000000000001,15.6975,6.0,-2,20.161100255014443,55.0,0.096,0.0,0.0,0.0,0.0,46.255598189348035,optimal
2021-02-07 18:30:00,9,35,0.4357335479300285,0.0,0.0,0.31239999999999996,12.5475,6.0,-2,20.0,55.0,0.096,1525.0674177550998,0.0,0.0,0.0,46.20934259115869,optimal
2021-02-07 19:00:00,9,35,0.43387079919426214,0.0,0.0,0.2800666666666667,12.0855,6.0,-2,20.0,55.0,0.096,1518.5477971799176,0.0,0.0,0.0,46.163133248567526,optimal
2021-02-07 19:30:00,9,35,0.5852047162526429,0.0,0.0,2.2743,11.907,6.0,-2,20.0,55.0,0.096,2048.21650688425,0.0,0.0,0.0,46.116970115318956,optimal
2021-02-07 20:00:00,9,35,0.0,0.0,0.0,3.7141333333333333,12.5685,6.0,-2,20.07974959778705,55.0,0.096,0.0,0.0,0.0,0.0,46.070853145203635,optimal
2021-02-07 20:30:00,9,35,0.0,0.0,0.0,1.270733333333333,13.146,6.0,-2,20.0,55.0,0.096,0.0,0.0,0.0,0.0,46.02478229205843,optimal
2021-02-07 21:00:00,9,35,0.0,0.0,0.0,0.2317333333333333,10.584,6.0,-2,19.819526527659644,55.0,0.096,0.0,0.0,0.0,0.0,45.978757509766375,optimal
2021-02-07 21:30:00,9,35,0.0,0.0,0.0,2.205033333333333,6.678,6.0,-2,19.635750068970715,55.0,0.096,0.0,0.0,0.0,0.0,45.93277875225661,optimal
2021-02-07 22:00:00,9,35,0.0,0.0,0.0,0.2032,7.938,6.0,-2,19.486514803350694,55.0,0.094,0.0,0.0,0.0,0.0,45.88684597350435,optimal
2021-02-07 22:30:00,9,35,0.0,0.0,0.0,0.11546666666666669,5.292,6.0,-2,19.288408195749952,55.0,0.094,0.0,0.0,0.0,0.0,45.840959127530844,optimal
2021-02-07 23:00:00,9,35,0.0,0.0,0.0,0.24559999999999998,9.261,6.0,-2,19.048948302562653,55.0,0.094,0.0,0.0,0.0,0.0,45.79511816840331,optimal
2021-02-07 23:30:00,9,35,0.0,0.0,0.0,0.11973333333333332,10.3635,6.0,-2,18.82865368620298,55.0,0.094,0.0,0.0,0.0,0.0,45.749323050234906,optimal
2021-02-08 00:00:00,9,35,0.0,0.0,0.0,0.053,7.938,6.0,-1,18.82865368620298,55.0,0.094,0.0,0.0,0.0,0.0,45.70357372718467,optimal
2021-02-08 00:30:00,9,35,0.0,0.0,0.0,0.053,8.6835,6.0,-1,18.58409293507797,55.0,0.094,0.0,0.0,0.0,0.0,45.65787015345748,optimal
2021-02-08 01:00:00,9,35,1.99925876848258,0.0,0.0,0.053,7.665,6.0,-1,18.34311412333155,55.0,0.094,6997.405689689031,0.0,0.0,0.0,45.612212283304025,optimal
2021-02-08 01:30:00,9,35,2.0,0.0,0.0,0.053,6.7725,6.0,-1,18.947614369197403,55.0,0.094,7000.0,0.0,0.0,0.0,45.56660007102072,optimal
2021-02-08 02:00:00,9,35,2.0,0.0,0.0,0.053,5.5755,6.0,-1,19.542840685306636,55.0,0.094,7000.0,0.0,0.0,0.0,45.5210334709497,optimal
2021-02-08 02:30:00,9,35,2.0,0.0,0.0,0.053,5.0925,6.0,-1,20.128616746053375,55.0,0.094,7000.0,0.0,0.0,0.0,45.475512437478756,optimal
2021-02-08 03:00:00,9,35,2.0,0.0,6.018892145302878,0.053,4.1895,6.0,-1,20.706545605802944,55.0,0.094,7000.0,0.0,0.0,0.0,48.289010694060146,optimal
2021-02-08 03:30:00,9,35,2.0,0.0,0.0,0.053,7.056,6.0,-1,21.276742197953837,55.0,0.094,7000.0,0.0,0.0,0.0,48.240721683366075,optimal
2021-02-08 04:00:00,9,35,2.0,0.0,0.0,0.053,5.271,6.0,-1,21.837855130581787,55.0,0.094,7000.0,0.0,0.0,0.0,48.192480961682705,optimal
2021-02-08 04:30:00,9,35,2.0,0.0,0.0,0.053,7.938,6.0,-1,22.390017446775676,55.0,0.094,7000.0,0.0,0.0,0.0,48.144288480721016,optimal
2021-02-08 05:00:00,9,35,2.0,0.0,0.0,0.053,7.938,6.0,-1,22.932627920039486,55.0,0.094,7000.0,0.0,0.0,0.0,48.096144192240295,optimal
2021-02-08 05:30:00,9,35,0.0,0.0,0.0,0.10843333333333334,11.907,6.0,-1,23.46582645067272,55.0,0.094,0.0,0.0,0.0,0.0,48.048048048048045,optimal
2021-02-08 06:00:00,9,35,0.0,0.0,0.0,0.07906666666666666,11.025,6.0,-1,23.16437284610911,55.0,0.094,0.0,0.0,0.0,0.0,48.0,optimal
2021-02-08 06:30:00,9,35,0.0,0.0,0.0,0.063,11.2875,6.0,-1,22.865298636241626,55.0,0.094,0.0,0.0,0.0,0.0,47.90306234495057,optimal
2021-02-08 07:00:00,9,35,0.0,0.0,0.0,0.09526666666666668,12.936,6.0,-1,22.544917459748003,55.0,0.09066666666666667,0.0,0.0,0.0,0.0,47.80622162755619,optimal
2021-02-08 07:30:00,9,35,0.0,0.0,0.0,0.065,13.0095,6.0,-1,22.261777770311266,55.0,0.08733333333333333,0.0,0.0,0.0,0.0,47.70947775087921,optimal
2021-02-08 08:00:00,9,35,0.0,0.0,0.0,0.24819999999999998,13.671,6.0,-1,22.0,55.0,0.08666666666666667,0.0,0.0,0.0,0.0,47.6128306180789,optimal
2021-02-08 08:30:00,9,35,0.0,0.0,0.0,0.05243333333333333,13.188,6.0,-1,21.778102246879065,55.0,0.084,0.0,0.0,0.0,0.0,47.516280132411396,optimal
2021-02-08 09:00:00,9,35,0.0,0.0,0.0,0.052,13.8495,6.0,-1,21.52721120909234,55.0,0.08333333333333333,0.0,0.0,0.0,0.0,47.419826197229554,optimal
2021-02-08 09:30:00,9,35,0.0,0.0,0.0,0.3542,13.23,6.0,-1,21.30515401003611,55.0,0.08333333333333333,0.0,0.0,0.0,0.0,47.3234687159829,optimal
2021-02-08 10:00:00,9,35,0.0,0.0,0.0,0.06193333333333333,13.3665,6.0,-1,21.118386246918156,55.0,0.08333333333333333,0.0,0.0,0.0,0.0,47.22720759221749,optimal
2021-02-08 10:30:00,9,35,0.0,0.0,0.0,0.053,13.0515,6.0,-1,20.930996133934737,55.0,0.08333333333333333,0.0,0.0,0.0,0.0,47.131042729575846,optimal
2021-02-08 11:00:00,9,35,0.0,0.0,0.0,0.053,13.5345,6.0,-1,20.711373627612456,55.0,0.08333333333333333,0.0,0.0,0.0,0.0,47.03497403179684,optimal
2021-02-08 11:30:00,9,35,0.0,0.0,0.0,0.053,14.154,6.0,-1,20.543536982178097,55.0,0.08333333333333333,0.0,0.0,0.0,0.0,46.93900140271562,optimal
2021-02-08 12:00:00,9,35,0.0,0.0,0.0,0.053,14.112,6.0,-1,20.37962318463694,55.0,0.08333333333333333,0.0,0.0,0.0,0.0,46.84312474626348,optimal
2021-02-08 12:30:00,9,35,0.0,0.0,0.0,0.053,14.2485,6.0,-1,20.235405081172456,55.0,0.08333333333333333,0.0,0.0,0.0,0.0,46.74734396646779,optimal
2021-02-08 13:00:00,9,35,0.4328008953800682,0.0,0.0,0.06266666666666666,12.789,6.0,-1,20.09622854048512,55.0,0.08333333333333333,1514.8031338302387,0.0,0.0,0.0,46.651658967451894,optimal
2021-02-08 13:30:00,9,35,0.0,0.0,0.0,0.053,13.0095,6.0,-1,20.138826813757884,55.0,0.08333333333333333,0.0,0.0,0.0,0.0,46.55606965343502,optimal
2021-02-08 14:00:00,9,35,2.0,0.0,0.0,0.060333333333333336,12.1275,6.0,-1,20.0,55.0,0.08333333333333333,7000.0,0.0,0.0,0.0,46.460575928732155,optimal
2021-02-08 14:30:00,9,35,1.3612256463556318,0.0,0.0,0.063,12.348,6.0,-1,20.708024625217146,55.0,0.08333333333333333,4764.289762244712,0.0,0.0,0.0,46.36517769775399,optimal
2021-02-08 15:00:00,9,35,2.0,0.0,0.0,0.063,12.348,6.0,-1,21.13447466364645,55.0,0.08333333333333333,7000.0,0.0,0.0,0.0,46.26987486500681,optimal
2021-02-08 15:30:00,9,35,0.0,0.0,0.0,0.063,25.389,6.0,-1,21.78709940492562,55.0,0.08333333333333333,0.0,0.0,0.0,0.0,46.17466733509238,optimal
2021-02-08 16:00:00,9,35,0.0,0.0,0.0,0.063,29.1375,6.0,-1,21.58863611508963,55.0,0.08333333333333333,0.0,0.0,0.0,0.0,46.07955501270786,optimal
2021-02-08 16:30:00,9,35,0.0,0.0,0.0,0.063,30.597,6.0,-1,21.352871487007558,55.0,0.08333333333333333,0.0,0.0,0.0,0.0,45.98453780264572,optimal
2021-02-08 17:00:00,9,35,0.0,0.0,0.0,0.063,33.684,6.0,-1,21.11836300365518,55.0,0.08333333333333333,0.0,0.0,0.0,0.0,45.889615609793644,optimal
2021-02-08 17:30:00,9,35,0.0,0.0,0.0,0.063,32.445,6.0,-1,20.84142246877596,55.0,0.08333333333333333,0.0,0.0,0.0,0.0,45.79478833913442,optimal
2021-02-08 18:00:00,9,35,0.0,0.0,0.0,0.063,28.917,6.0,-1,20.565608837254807,55.0,0.08333333333333333,0.0,0.0,0.0,0.0,45.700055895745855,optimal
2021-02-08 18:30:00,9,35,0.0,0.0,0.0,0.068,15.876,6.0,-1,20.276712919566314,55.0,0.08333333333333333,0.0,0.0,0.0,0.0,45.65435583985011,optimal
2021-02-08 19:00:00,9,35,0.5669655570953489,0.0,0.0,0.1704,12.348,6.0,-1,20.0,55.0,0.08133333333333333,1984.379449833721,0.0,0.0,0.0,45.60870148401026,optimal
2021-02-08 19:30:00,9,35,1.1726522569376865,0.0,0.0,0.13156666666666667,12.1275,6.0,-1,20.0,55.0,0.08133333333333333,4104.282899281902,0.0,0.0,0.0,45.56309278252625,optimal
2021-02-08 20:00:00,9,35,0.0,0.0,0.0,0.2539333333333333,12.348,6.0,-1,20.241642235535426,55.0,0.08133333333333333,0.0,0.0,0.0,0.0,45.51752968974372,optimal
2021-02-08 20:30:00,9,35,0.0,0.0,0.0,0.1405,12.1275,6.0,-1,20.0,55.0,0.08133333333333333,0.0,0.0,0.0,0.0,45.47201216005397,optimal
2021-02-08 21:00:00,9,35,0.0,0.0,0.0,0.17696666666666666,12.1275,6.0,-1,19.746526975890077,55.0,0.08,0.0,0.0,0.0,0.0,45.42654014789392,optimal
2021-02-08 21:30:00,9,35,0.0,0.0,0.0,0.175,11.2665,6.0,-1,19.514982631326557,55.0,0.08,0.0,0.0,0.0,0.0,45.38111360774602,optimal
2021-02-08 22:00:00,9,35,0.0,0.0,0.0,0.19240000000000002,10.143,6.0,-1,19.296290050112386,55.0,0.08,0.0,0.0,0.0,0.0,45.33573249413828,optimal
2021-02-08 22:30:00,9,35,0.0,0.0,0.0,0.36519999999999997,11.2455,6.0,-1,19.08063916228435,55.0,0.07933333333333334,0.0,0.0,0.0,0.0,45.29039676164414,optimal
2021-02-08 23:00:00,9,35,0.0,0.0,0.0,0.18306666666666663,11.025,6.0,-1,18.89021168452884,55.0,0.07933333333333334,0.0,0.0,0.0,0.0,45.245106364882496,optimal
2021-02-08 23:30:00,9,35,0.0,0.0,0.0,0.2304,5.9745,6.0,-1,18.670252140654693,55.0,0.07733333333333334,0.0,0.0,0.0,0.0,45.199861258517615,optimal
2021-02-09 00:00:00,9,35,0.0,0.0,0.0,0.069,11.2455,6.0,-1,18.670252140654693,55.0,0.07733333333333334,0.0,0.0,0.0,0.0,45.1546613972591,optimal
2021-02-09 00:30:00,9,35,0.0,0.0,0.0,0.05966666666666666,12.1275,6.0,-1,18.415298887501525,55.0,0.07733333333333334,0.0,0.0,0.0,0.0,45.109506735861835,optimal
2021-02-09 01:00:00,9,35,0.0,0.0,0.0,0.059,11.823,6.0,-1,18.164812107652324,55.0,0.07733333333333334,0.0,0.0,0.0,0.0,45.06439722912597,optimal
2021-02-09 01:30:00,9,35,0.0,0.0,0.0,0.059,11.7705,6.0,-1,17.918726383264953,55.0,0.07733333333333334,0.0,0.0,0.0,0.0,45.01933283189685,optimal
2021-02-09 02:00:00,9,35,2.0,0.0,0.0,0.06566666666666666,11.13,6.0,-1,17.67478029169449,55.0,0.07733333333333334,7000.0,0.0,0.0,0.0,44.97431349906495,optimal
2021-02-09 02:30:00,9,35,2.0,0.0,0.0,0.059,11.6865,6.0,-1,18.27520423127413,55.0,0.07733333333333334,7000.0,0.0,0.0,0.0,44.92933918556588,optimal
2021-02-09 03:00:00,9,35,2.0,0.0,0.0,0.059,10.7205,6.0,-1,18.867566430876977,55.0,0.07733333333333334,7000.0,0.0,0.0,0.0,44.884409846380315,optimal
2021-02-09 03:30:00,9,35,2.0,0.0,0.0,0.059,11.424,6.0,-1,19.45198496612943,55.0,0.07733333333333334,7000.0,0.0,0.0,0.0,44.83952543653393,optimal
2021-02-09 04:00:00,9,35,2.0,0.0,8.17343386011629,0.059,10.689,6.0,-1,20.029308504252704,55.0,0.07733333333333334,7000.0,0.0,0.0,0.0,48.67706699465263,optimal
2021-02-09 04:30:00,9,35,2.0,0.0,0.0,0.059,11.361,6.0,-1,20.59964096155182,55.0,0.07733333333333334,7000.0,0.0,0.0,0.0,48.62838992765797,optimal
2021-02-09 05:00:00,9,35,2.0,0.0,0.0,0.059,11.571,6.0,-1,21.16015544841004,55.0,0.07733333333333334,7000.0,0.0,0.0,0.0,48.579761537730306,optimal
2021-02-09 05:30:00,9,35,0.0,0.0,0.0,0.059,14.3745,6.0,-1,21.710995762942066,55.0,0.07733333333333334,0.0,0.0,0.0,0.0,48.53118177619257,optimal
2021-02-09 06:00:00,9,35,0.14277574649539015,0.0,0.0,0.059,13.23,6.0,-1,21.4115065028018,55.0,0.07733333333333334,499.7151127338656,0.0,0.0,0.0,48.48265059441637,optimal
2021-02-09 06:30:00,9,35,0.0,0.0,0.0,0.059,13.9755,6.0,-1,21.176530962103026,55.0,0.07733333333333334,0.0,0.0,0.0,0.0,48.434167943821954,optimal
2021-02-09 07:00:00,9,35,0.0,0.0,0.0,0.059,14.994,6.0,-1,20.884137376717128,55.0,0.07733333333333334,0.0,0.0,0.0,0.0,48.38573377587813,optimal
2021-02-09 07:30:00,9,35,2.0,0.0,0.0,0.060333333333333336,13.671,6.0,-1,20.59529398949106,55.0,0.07733333333333334,7000.0,0.0,0.0,0.0,48.33734804210225,optimal
2021-02-09 08:00:00,9,35,0.0,0.0,0.0,0.067,15.981,6.0,-1,21.156331249955283,55.0,0.076,0.0,0.0,0.0,0.0,48.289010694060146,optimal
2021-02-09 08:30:00,9,35,0.0,0.0,0.0,0.065,15.6345,6.0,-1,20.88065023634895,55.0,0.076,0.0,0.0,0.0,0.0,48.240721683366075,optimal
2021-02-09 09:00:00,9,35,0.0,0.0,0.0,0.057,16.5375,6.0,-1,20.62249424352001,55.0,0.076,0.0,0.0,0.0,0.0,48.192480961682705,optimal
2021-02-09 09:30:00,9,35,0.0,0.0,0.0,0.08873333333333333,14.7735,6.0,-1,20.394550496347247,55.0,0.072,0.0,0.0,0.0,0.0,48.144288480721016,optimal
2021-02-09 10:00:00,9,35,0.0,0.0,0.0,0.11093333333333334,15.2145,6.0,-1,20.170376593889856,55.0,0.07066666666666667,0.0,0.0,0.0,0.0,48.096144192240295,optimal
2021-02-09 10:30:00,9,35,0.3858347641584585,0.0,0.0,0.172,14.553,6.0,-1,20.0,55.0,0.07066666666666667,1350.4216745546048,0.0,0.0,0.0,48.048048048048045,optimal
2021-02-09 11:00:00,9,35,0.9451899944675978,0.0,0.0,0.09666666666666669,14.3325,6.0,-1,20.0,55.0,0.07066666666666667,3308.164980636592,0.0,0.0,0.0,48.0,optimal
2021-02-09 11:30:00,9,35,0.0,0.0,0.0,0.059,14.595,6.0,-1,20.262872615376622,55.0,0.07066666666666667,0.0,0.0,0.0,0.0,47.54809715565018,optimal
2021-02-09 12:00:00,9,35,0.0,0.0,0.0,0.059,14.994,6.0,-1,20.11415072372418,55.0,0.07066666666666667,0.0,0.0,0.0,0.0,47.09664621414472,optimal
2021-02-09 12:30:00,9,35,0.2688265189515327,0.0,0.0,0.061,14.3325,6.0,-1,20.0,55.0,0.07066666666666667,940.8928163303644,0.0,0.0,0.0,46.64564672358076,optimal
2021-02-09 13:00:00,9,35,0.25241857017937863,0.0,0.0,0.069,13.8915,6.0,-1,20.0,55.0,0.07066666666666667,883.4649956278253,0.0,0.0,0.0,46.19509823250736,optimal
2021-02-09 13:30:00,9,35,0.2541575093913341,0.0,0.0,0.069,13.8915,6.0,-1,20.0,55.0,0.07066666666666667,889.5512828696693,0.0,0.0,0.0,45.74500028992504,optimal
2021-02-09 14:00:00,9,35,2.0,0.0,0.0,0.069,13.4715,6.0,-1,20.0,55.0,0.07066666666666667,7000.0,0.0,0.0,0.0,45.295352445285296,optimal
2021-02-09 14:30:00,9,35,2.0,0.0,0.0,0.069,13.23,6.0,-1,20.72521601061262,55.0,0.07066666666666667,7000.0,0.0,0.0,0.0,44.846154248490194,optimal
2021-02-09 15:00:00,9,35,0.44558420697907974,0.0,0.0,0.1623,13.8915,6.0,-1,21.43907788225341,55.0,0.068,1559.544724426779,0.0,0.0,0.0,44.801308094241705,optimal
2021-02-09 15:30:00,9,35,0.0,0.0,0.0,0.315,26.9325,6.0,-1,21.481605334376955,55.0,0.068,0.0,0.0,0.0,0.0,44.75650678614746,optimal
2021-02-09 16:00:00,9,35,0.0,0.0,0.0,0.151,30.303,6.0,-1,21.36309377714815,55.0,0.068,0.0,0.0,0.0,0.0,44.71175027936131,optimal
2021-02-09 16:30:00,9,35,0.0,0.0,0.0,0.151,32.886,6.0,-1,21.164328411406167,55.0,0.068,0.0,0.0,0.0,0.0,44.66703852908195,optimal
2021-02-09 17:00:00,9,35,0.0,0.0,0.0,0.3056666666666667,34.9965,6.0,-1,20.966215472158538,55.0,0.06533333333333333,0.0,0.0,0.0,0.0,44.622371490552865,optimal
2021-02-09 17:30:00,9,35,0.0,0.0,0.0,0.301,33.327,6.0,-1,20.75815915883769,55.0,0.064,0.0,0.0,0.0,0.0,44.57774911906231,optimal
2021-02-09 18:00:00,9,35,0.0,0.0,0.0,0.31753333333333333,31.122,6.0,-1,20.558022500495195,55.0,0.06066666666666667,0.0,0.0,0.0,0.0,44.53317136994325,optimal
2021-02-09 18:30:00,9,35,0.0,0.0,0.0,1.4910333333333332,17.9025,6.0,-1,20.332500995107853,55.0,0.058666666666666666,0.0,0.0,0.0,0.0,44.488638198573305,optimal
2021-02-09 19:00:00,9,35,0.0,0.0,0.0,2.915,15.6555,6.0,-1,20.147645257285564,55.0,0.058666666666666666,0.0,0.0,0.0,0.0,44.44414956037473,optimal
2021-02-09 19:30:00,9,35,0.4502383716761075,0.0,0.0,1.6945666666666666,14.553,6.0,-1,20.0,55.0,0.058666666666666666,1575.8343008663762,0.0,0.0,0.0,44.399705410814356,optimal
2021-02-09 20:00:00,9,35,0.5603050383427683,0.0,0.0,0.253,14.3325,6.0,-1,20.0,55.0,0.058,1961.0676341996893,0.0,0.0,0.0,44.355305705403545,optimal
2021-02-09 20:30:00,9,35,0.0,0.0,0.0,0.3000333333333334,13.335,6.0,-1,20.0,55.0,0.056,0.0,0.0,0.0,0.0,44.31095039969814,optimal
2021-02-09 21:00:00,9,35,0.0,0.0,0.0,0.32580000000000003,12.1275,6.0,-1,19.775913432410633,55.0,0.056,0.0,0.0,0.0,0.0,44.266639449298445,optimal
2021-02-09 21:30:00,9,35,0.0,0.0,0.0,0.362,12.2955,6.0,-1,19.56101608433452,55.0,0.054,0.0,0.0,0.0,0.0,44.22237280984915,optimal
2021-02-09 22:00:00,9,35,0.0,0.0,0.0,0.4124,11.6865,6.0,-1,19.351984093472588,55.0,0.052,0.0,0.0,0.0,0.0,44.1781504370393,optimal
2021-02-09 22:30:00,9,35,0.0,0.0,0.0,0.39836666666666665,11.466,6.0,-1,19.152589914248235,55.0,0.016666666666666666,0.0,0.0,0.0,0.0,44.13397228660226,optimal
2021-02-09 23:00:00,9,35,0.0,0.0,0.0,0.3386,10.8045,6.0,-1,18.96563606426718,55.0,0.014,0.0,0.0,0.0,0.0,44.08983831431566,optimal
2021-02-09 23:30:00,9,35,0.0,0.0,0.0,0.06666666666666667,10.584,6.0,-1,18.774311684110838,55.0,0.014,0.0,0.0,0.0,0.0,44.04574847600134,optimal
2021-02-10 00:00:00,9,35,2.0,0.0,0.0,0.065,11.844,6.0,-4,18.774311684110838,55.0,0.014,7000.0,0.0,0.0,0.0,44.00170272752534,optimal
2021-02-10 00:30:00,9,35,2.0,0.0,0.0,0.1199,11.508,6.0,-4,19.357804496051628,55.0,0.014,7000.0,0.0,0.0,0.0,43.957701024797814,optimal
2021-02-10 01:00:00,9,35,2.0,0.0,0.0,0.1443,11.508,6.0,-4,19.937892323950006,55.0,0.014,7000.0,0.0,0.0,0.0,43.91374332377302,optimal
2021-02-10 01:30:00,9,35,2.0,0.0,9.0,0.065,10.4475,6.0,-4,20.510955183922853,55.0,0.014,7000.0,0.0,0.0,0.0,48.14482958044925,optimal
2021-02-10 02:00:00,9,35,2.0,0.0,0.0,0.1748,10.8675,6.0,-4,21.064618460590417,55.0,0.014,7000.0,0.0,0.0,0.0,48.096684750868796,optimal
2021-02-10 02:30:00,9,35,2.0,0.0,0.811747110955842,0.08940000000000001,10.542,6.0,-4,21.621919387580288,55.0,0.014,7000.0,0.0,0.0,0.0,48.434167943821954,optimal
2021-02-10 03:00:00,9,35,2.0,0.0,0.0,0.1077,11.025,6.0,-4,22.16078225816739,55.0,0.014,7000.0,0.0,0.0,0.0,48.38573377587813,optimal
2021-02-10 03:30:00,9,35,2.0,0.0,0.0,0.1565,11.025,6.0,-4,22.693954629870067,55.0,0.014,7000.0,0.0,0.0,0.0,48.33734804210225,optimal
2021-02-10 04:00:00,9,35,0.0,0.0,0.0,0.065,14.553,6.0,-4,23.22518970283084,55.0,0.014,0.0,0.0,0.0,0.0,48.289010694060146,optimal
2021-02-10 04:30:00,9,35,2.0,0.0,0.0,0.1443,13.0935,6.0,-4,22.895372783589316,55.0,0.014,7000.0,0.0,0.0,0.0,48.240721683366075,optimal
2021-02-10 05:00:00,9,35,0.0,0.0,0.0,0.1199,15.6345,6.0,-4,23.420725217912494,55.0,0.014,0.0,0.0,0.0,0.0,48.192480961682705,optimal
2021-02-10 05:30:00,9,35,0.0,0.0,0.0,0.065,18.102,6.0,-4,23.091720858025152,55.0,0.014,0.0,0.0,0.0,0.0,48.144288480721016,optimal
2021-02-10 06:00:00,9,35,0.0,0.0,0.0,0.0988,17.199,6.0,-4,22.759464853608232,55.0,0.014,0.0,0.0,0.0,0.0,48.096144192240295,optimal
2021-02-10 06:30:00,9,35,0.0,0.0,0.0,3.3469,18.2805,6.0,-4,22.449356907874336,55.0,0.014,0.0,0.0,0.0,0.0,48.048048048048045,optimal
2021-02-10 07:00:00,9,35,0.0,0.0,0.0,0.1631,17.4615,6.0,-4,22.21698650412058,55.0,0.012,0.0,0.0,0.0,0.0,48.0,optimal
2021-02-10 07:30:00,9,35,0.0,0.0,0.0,0.0833,18.3225,6.0,-4,21.919354926829698,55.0,0.012,0.0,0.0,0.0,0.0,47.47668084198523,optimal
2021-02-10 08:00:00,9,35,0.0,0.0,0.0,0.1809,17.094,6.0,-4,21.600026262654733,55.0,0.012,0.0,0.0,0.0,0.0,46.95388500312847,optimal
2021-02-10 08:30:00,9,35,0.0,0.0,0.0,0.065,17.094,6.0,-4,21.297477579127374,55.0,0.012,0.0,0.0,0.0,0.0,46.43161196011057,optimal
2021-02-10 09:00:00,9,35,0.0,0.0,0.0,0.1321,17.094,6.0,-4,20.988343986597314,55.0,0.012,0.0,0.0,0.0,0.0,45.90986119013569,optimal
2021-02-10 09:30:00,9,35,0.0,0.0,0.0,0.1321,17.3565,6.0,-4,20.726401662373117,55.0,0.012,0.0,0.0,0.0,0.0,45.38863217093079,optimal
2021-02-10 10:00:00,9,35,0.0,0.0,0.0,0.1618666666666667,17.115,6.0,-4,20.471225139260365,55.0,0.012,0.0,0.0,0.0,0.0,44.86792438074509,optimal
2021-02-10 10:30:00,9,35,0.0,0.0,0.0,0.1138,17.241,6.0,-4,20.2835047853401,55.0,0.012,0.0,0.0,0.0,0.0,44.34773729834957,optimal
2021-02-10 11:00:00,9,35,0.1435926927431942,0.0,0.0,0.1504,17.094,6.0,-4,20.08905146268744,55.0,0.012,502.57442460117966,0.0,0.0,0.0,43.82807040303645,optimal
2021-02-10 11:30:00,9,35,2.0,0.0,0.0,0.202,16.5165,6.0,-4,20.0,55.0,0.012,7000.0,0.0,0.0,0.0,43.30892317461864,optimal
2021-02-10 12:00:00,9,35,0.0,0.0,0.0,0.33163333333333334,17.8185,6.0,-4,20.719404053989482,55.0,0.010666666666666666,0.0,0.0,0.0,0.0,42.79029509342925,optimal
2021-02-10 12:30:00,9,35,0.29155568177166125,0.0,0.0,0.1277,17.094,6.0,-4,20.640873471157853,55.0,0.009333333333333334,1020.4448862008143,0.0,0.0,0.0,42.27218564032105,optimal
2021-02-10 13:00:00,9,35,2.0,0.0,0.0,0.1177,16.8945,6.0,-4,20.66922880002879,55.0,0.009333333333333334,7000.0,0.0,0.0,0.0,41.75459429666596,optimal
2021-02-10 13:30:00,9,35,0.0,0.0,0.0,0.1665,18.123,6.0,-4,21.389472798338282,55.0,0.009333333333333334,0.0,0.0,0.0,0.0,41.237520544354524,optimal
2021-02-10 14:00:00,9,35,0.0,0.0,0.0,0.075,31.647,6.0,-4,21.265707115994097,55.0,0.009333333333333334,0.0,0.0,0.0,0.0,40.7209638657954,optimal
2021-02-10 14:30:00,9,35,0.0,0.0,0.0,0.2092,34.9965,6.0,-4,21.12966928030396,55.0,0.009333333333333334,0.0,0.0,0.0,0.0,40.20492374391483,optimal
2021-02-10 15:00:00,9,35,0.0,0.0,0.0,0.075,34.9965,6.0,-4,21.011771272552565,55.0,0.009333333333333334,0.0,0.0,0.0,0.0,39.68939966215615,optimal
2021-02-10 15:30:00,9,35,0.0,0.0,0.0,0.075,34.9965,6.0,-4,20.846700339101552,55.0,0.009333333333333334,0.0,0.0,0.0,0.0,39.17439110447922,optimal
2021-02-10 16:00:00,9,35,0.0,0.0,0.0,0.18480000000000002,34.9965,6.0,-4,20.681117819885642,55.0,0.009333333333333334,0.0,0.0,0.0,0.0,38.65989755535997,optimal
2021-02-10 16:30:00,9,35,0.0,0.0,0.0,0.0994,34.9965,6.0,-4,20.479114161740906,55.0,0.009333333333333334,0.0,0.0,0.0,0.0,38.145918499789836,optimal
2021-02-10 17:00:00,9,35,0.0,0.0,0.0,0.075,27.741,6.0,-4,20.26686425683132,55.0,0.009333333333333334,0.0,0.0,0.0,0.0,37.63245342327528,optimal
2021-02-10 17:30:00,9,35,0.5894151863877203,0.0,0.0,0.2987333333333333,19.026,6.0,-4,20.0,55.0,0.009333333333333334,2062.953152357021,0.0,0.0,0.0,37.11950181183723,optimal
2021-02-10 18:00:00,9,35,0.41846057837639994,0.0,0.0,3.1096,18.7215,6.0,-4,20.0,55.0,0.009333333333333334,1464.6120243173998,0.0,0.0,0.0,36.607063152010625,optimal
2021-02-10 18:30:00,9,35,0.5381930444529844,0.0,0.0,0.13063333333333332,17.4195,6.0,-4,20.0,55.0,0.009333333333333334,1883.6756555854454,0.0,0.0,0.0,36.09513693084384,optimal
2021-02-10 19:00:00,9,35,0.47263598672005186,0.0,0.0,0.4004,16.758,6.0,-4,20.0,55.0,0.006,1654.2259535201815,0.0,0.0,0.0,35.583722635898226,optimal
2021-02-10 19:30:00,9,35,0.37013830182743496,0.0,0.0,2.705033333333333,14.217,6.0,-4,20.0,55.0,0.0026666666666666666,1295.4840563960222,0.0,0.0,0.0,35.07281975524756,optimal
2021-02-10 20:00:00,9,35,0.6932272836014989,0.0,0.0,0.12990000000000002,13.3665,6.0,-4,20.0,55.0,0.0026666666666666666,2426.295492605246,0.0,0.0,0.0,34.56242777747754,optimal
2021-02-10 20:30:00,9,35,0.0,0.0,0.0,0.15430000000000002,12.789,6.0,-4,20.0,55.0,0.0026666666666666666,0.0,0.0,0.0,0.0,34.05254619168529,optimal
2021-02-10 21:00:00,9,35,0.0,0.0,0.0,0.075,11.907,6.0,-4,19.710264155020507,55.0,0.0026666666666666666,0.0,0.0,0.0,0.0,33.54317448747883,optimal
2021-02-10 21:30:00,9,35,0.0,0.0,0.0,0.1421,11.7075,6.0,-4,19.41449795957852,55.0,0.0026666666666666666,0.0,0.0,0.0,0.0,33.03431215497658,optimal
2021-02-10 22:00:00,9,35,0.0,0.0,0.0,0.1421,10.8045,6.0,-4,19.10990005187673,55.0,0.0026666666666666666,0.0,0.0,0.0,0.0,32.52595868480684,optimal
2021-02-10 22:30:00,9,35,0.0,0.0,0.0,0.075,11.508,6.0,-4,18.788526104520773,55.0,0.0026666666666666666,0.0,0.0,0.0,0.0,32.01811356810726,optimal
2021-02-10 23:00:00,9,35,0.0,0.0,0.0,0.2092,11.508,6.0,-4,18.460123849588385,55.0,0.0026666666666666666,0.0,0.0,0.0,0.0,31.986095454539154,optimal
2021-02-10 23:30:00,9,35,0.0,0.0,0.0,0.07166666666666667,11.508,6.0,-4,18.15912440853061,55.0,0.0026666666666666666,0.0,0.0,0.0,0.0,31.954109359084615,optimal
2021-02-11 00:00:00,9,35,2.0,0.0,0.0,0.051,11.2245,6.0,-3,18.15912440853061,55.0,0.0026666666666666666,7000.0,0.0,0.0,0.0,31.92215524972553,optimal
2021-02-11 00:30:00,9,35,2.0,0.0,0.0,0.051,11.025,6.0,-3,18.680122431469623,55.0,0.004666666666666667,6791.0,0.0,209.0,0.0,31.890233094475807,optimal
2021-02-11 01:00:00,9,35,2.0,0.0,9.0,0.1134,10.7835,6.0,-3,19.169806811730425,55.0,0.004666666666666667,7000.0,0.0,0.0,0.0,36.13334286138133,optimal
2021-02-11 01:30:00,9,35,2.0,0.0,1.187725888399209,0.051,11.025,6.0,-3,19.68643940179362,55.0,0.004666666666666667,7000.0,0.0,0.0,0.0,36.66137931550957,optimal
2021-02-11 02:00:00,9,35,2.0,0.0,9.0,0.1134,10.584,6.0,-3,20.187997012400352,55.0,0.004666666666666667,7000.0,0.0,0.0,0.0,40.89971793619405,optimal
2021-02-11 02:30:00,9,35,2.0,0.0,9.0,0.051,11.025,6.0,-3,20.689716761552244,55.0,0.004666666666666667,7000.0,0.0,0.0,0.0,45.13381821825786,optimal
2021-02-11 03:00:00,9,35,2.0,0.0,9.0,0.1134,10.4265,6.0,-3,21.175115309013112,55.0,0.004666666666666667,7000.0,0.0,0.0,0.0,49.363684400039595,optimal
2021-02-11 03:30:00,9,35,2.0,0.0,0.0,0.051,12.789,6.0,-3,21.659448025478348,55.0,0.004666666666666667,7000.0,0.0,0.0,0.0,49.314320715639546,optimal
2021-02-11 04:00:00,9,35,2.0,0.0,0.0,0.051,12.684,6.0,-3,22.132840444888767,55.0,0.004666666666666667,7000.0,0.0,0.0,0.0,49.26500639492391,optimal
2021-02-11 04:30:00,9,35,2.0,0.0,0.0,0.1134,16.254,6.0,-3,22.602960965189116,55.0,0.004666666666666667,7000.0,0.0,0.0,0.0,49.215741388528976,optimal
2021-02-11 05:00:00,9,35,0.0,0.0,0.0,0.061,17.64,6.0,-3,23.07370406485025,55.0,0.004666666666666667,0.0,0.0,0.0,0.0,49.16652564714044,optimal
2021-02-11 05:30:00,9,35,0.0,0.0,0.0,0.051,19.1625,6.0,-3,22.68778256549333,55.0,0.004666666666666667,0.0,0.0,0.0,0.0,49.1173591214933,optimal
2021-02-11 06:00:00,9,35,0.0,0.0,0.0,0.051,26.46,6.0,-3,22.311175039248454,55.0,0.004666666666666667,0.0,0.0,0.0,0.0,49.0682417623718,optimal
2021-02-11 06:30:00,9,35,0.0,0.0,0.0,0.051,20.79,6.0,-3,21.94374506975728,55.0,0.004666666666666667,0.0,0.0,0.0,0.0,49.01917352060943,optimal
2021-02-11 07:00:00,9,35,0.0,0.0,0.0,0.1134,29.106,6.0,-3,21.585358238672697,55.0,0.004666666666666667,0.0,0.0,0.0,0.0,48.97015434708881,optimal
2021-02-11 07:30:00,9,35,0.0,0.0,0.0,0.051,19.1835,6.0,-3,21.243390258158634,55.0,0.004666666666666667,0.0,0.0,0.0,0.0,48.92118419274172,optimal
2021-02-11 08:00:00,9,35,0.0,0.0,0.0,0.051,19.6665,6.0,-3,20.89965504339329,55.0,0.004666666666666667,0.0,0.0,0.0,0.0,48.87226300854897,optimal
2021-02-11 08:30:00,9,35,0.0,0.0,0.0,0.061,19.404,6.0,-3,20.563324257228345,55.0,0.004666666666666667,0.0,0.0,0.0,0.0,48.823390745540415,optimal
2021-02-11 09:00:00,9,35,0.14650256644763596,0.0,0.0,0.07659999999999999,19.047,6.0,-3,20.22972254994191,55.0,0.004666666666666667,512.7589825667259,0.0,0.0,0.0,48.774567354794875,optimal
2021-02-11 09:30:00,9,35,1.0626841804206864,0.0,0.0,0.08913333333333334,18.858,6.0,-3,20.0,55.0,0.004666666666666667,3719.3946314724017,0.0,0.0,0.0,48.72579278744007,optimal
2021-02-11 10:00:00,9,35,0.0,0.0,0.0,0.051,19.2675,6.0,-3,20.185309494119863,55.0,0.004666666666666667,0.0,0.0,0.0,0.0,48.67706699465263,optimal
2021-02-11 10:30:00,9,35,0.44355547960034375,0.0,0.0,0.08913333333333334,18.963,6.0,-3,20.0,55.0,0.004666666666666667,1552.444178601203,0.0,0.0,0.0,48.62838992765797,optimal
2021-02-11 11:00:00,9,35,0.6970799039855646,0.0,0.0,0.07526666666666666,18.438,6.0,-3,20.0,55.0,0.004666666666666667,2439.7796639494763,0.0,0.0,0.0,48.579761537730306,optimal
2021-02-11 11:30:00,9,35,0.0,0.0,0.0,0.051,18.7425,6.0,-3,20.14380153436522,55.0,0.004666666666666667,0.0,0.0,0.0,0.0,48.53118177619257,optimal
2021-02-11 12:00:00,9,35,2.0,0.0,0.0,0.2650666666666667,15.2145,6.0,-3,20.0,55.0,0.004666666666666667,7000.0,0.0,0.0,0.0,48.48265059441637,optimal
2021-02-11 12:30:00,9,35,0.0,0.0,0.0,0.1114,17.7765,6.0,-3,20.785673480617927,55.0,0.004666666666666667,0.0,0.0,0.0,0.0,48.434167943821954,optimal
2021-02-11 13:00:00,9,35,0.0,0.0,0.0,1.1399666666666668,16.758,6.0,-3,20.714504275874273,55.0,0.001333333333333333,0.0,0.0,0.0,0.0,48.38573377587813,optimal
2021-02-11 13:30:00,9,35,1.5840741382967585,0.0,0.0,0.07,16.422,6.0,-3,20.666046789931972,55.0,0.001333333333333333,5544.259484038655,0.0,0.0,0.0,48.33734804210225,optimal
2021-02-11 14:00:00,9,35,0.0,0.0,0.0,0.1359,16.758,6.0,-3,21.258096937241337,55.0,0.001333333333333333,0.0,0.0,0.0,0.0,48.289010694060146,optimal
2021-02-11 14:30:00,9,35,0.0,0.0,0.0,0.0757,29.358,6.0,-3,21.195674314939563,55.0,0.001333333333333333,0.0,0.0,0.0,0.0,48.240721683366075,optimal
2021-02-11 15:00:00,9,35,0.0,0.0,0.0,0.08746666666666666,34.9965,6.0,-3,21.134831265826204,55.0,0.001333333333333333,0.0,0.0,0.0,0.0,48.192480961682705,optimal
2021-02-11 15:30:00,9,35,0.0,0.0,0.0,0.13033333333333336,34.65,6.0,-3,21.03693291207215,55.0,0.001333333333333333,0.0,0.0,0.0,0.0,48.144288480721016,optimal
2021-02-11 16:00:00,9,35,0.0,0.0,0.0,0.0588,34.9965,6.0,-3,20.91881612270844,55.0,0.0,0.0,0.0,0.0,0.0,48.096144192240295,optimal
2021-02-11 16:30:00,9,35,0.0,0.0,0.0,1.2511666666666668,34.9965,6.0,-3,20.7298364497644,55.0,0.0,0.0,0.0,0.0,0.0,48.048048048048045,optimal
2021-02-11 17:00:00,9,35,0.0,0.0,0.0,0.5379666666666667,30.4815,6.0,-3,20.583304825644223,55.0,0.0,0.0,0.0,0.0,0.0,48.0,optimal
2021-02-11 17:30:00,9,35,0.0,0.0,0.0,0.12340000000000001,21.4305,6.0,-3,20.307083045897745,55.0,0.0,0.0,0.0,0.0,0.0,47.92720265489618,optimal
2021-02-11 18:00:00,9,35,0.8025378369088242,0.0,0.0,0.061,14.3325,6.0,-3,20.0,55.0,0.0,2808.8824291808846,0.0,0.0,0.0,47.85447810713746,optimal
2021-02-11 18:30:00,9,35,1.6886525157906924,0.0,0.0,0.1026,13.692,6.0,-3,20.0,55.0,0.0,5910.283805267423,0.0,0.0,0.0,47.7818262839265,optimal
2021-02-11 19:00:00,9,35,0.0,0.0,0.0,0.0818,14.007,6.0,-3,20.365726228510926,55.0,0.0,0.0,0.0,0.0,0.0,47.709247112538755,optimal
2021-02-11 19:30:00,9,35,0.8805705117922474,0.0,0.0,0.0922,12.873,6.0,-3,20.0,55.0,0.0,3081.996791272866,0.0,0.0,0.0,47.6367405203224,optimal
2021-02-11 20:00:00,9,35,0.9083935391835095,0.0,0.0,0.0922,12.684,6.0,-3,20.0,55.0,0.0,3179.377387142283,0.0,0.0,0.0,47.56430643469825,optimal
2021-02-11 20:30:00,9,35,0.0,0.0,0.0,0.061,12.306,6.0,-3,20.0,55.0,0.0,0.0,0.0,0.0,0.0,47.49194478315973,optimal
2021-02-11 21:00:00,9,35,0.0,0.0,0.0,0.12340000000000001,10.6365,6.0,-3,19.615158001303076,55.0,0.0,0.0,0.0,0.0,0.0,47.41965549327275,optimal
2021-02-11 21:30:00,9,35,0.0,0.0,0.0,0.061,11.2455,6.0,-3,19.24492536372215,55.0,0.0,0.0,0.0,0.0,0.0,47.34743849267566,optimal
2021-02-11 22:00:00,9,35,0.0,0.0,0.0,0.12340000000000001,11.2455,6.0,-3,18.877733393797097,55.0,0.0,0.0,0.0,0.0,0.0,47.27529370907916,optimal
2021-02-11 22:30:00,9,35,0.0,0.0,0.0,0.061,11.025,6.0,-3,18.52855388016062,55.0,0.0,0.0,0.0,0.0,0.0,47.20322107026626,optimal
2021-02-11 23:00:00,9,35,0.0,0.0,0.0,0.6860666666666667,12.0855,6.0,-3,18.168192582673136,55.0,0.0,0.0,0.0,0.0,0.0,47.15601784919599,optimal
2021-02-11 23:30:00,9,35,0.0,0.0,0.0,0.0707,11.6865,6.0,-3,17.863432167003424,55.0,0.0,0.0,0.0,0.0,0.0,47.10886183134679,optimal
2021-02-12 00:00:00,9,35,2.0,0.0,0.0,0.063,10.8045,6.0,-4,17.863432167003424,55.0,0.0,7000.0,0.0,0.0,0.0,47.061752969515446,optimal
2021-02-12 00:30:00,9,35,2.0,0.0,0.0,0.063,10.059,6.0,-4,18.353106593268436,55.0,0.022,4701.0,0.0,2299.0,0.0,47.01469121654593,optimal
2021-02-12 01:00:00,9,35,2.0,0.0,0.0,0.063,10.584,6.0,-4,18.558986223599398,55.0,0.022,7000.0,0.0,0.0,0.0,46.96767652532938,optimal
2021-02-12 01:30:00,9,35,2.0,0.0,3.3904693208179397,0.2123333333333333,9.4185,6.0,-4,19.03847327329724,55.0,0.022,7000.0,0.0,0.0,0.0,48.53118177619257,optimal
2021-02-12 02:00:00,9,35,2.0,0.0,0.0,0.07793333333333334,10.3635,6.0,-4,19.530370446806813,55.0,0.022,7000.0,0.0,0.0,0.0,48.48265059441637,optimal
2021-02-12 02:30:00,9,35,2.0,0.0,0.0,0.12273333333333332,9.8385,6.0,-4,20.000356304536407,55.0,0.022,7000.0,0.0,0.0,0.0,48.434167943821954,optimal
2021-02-12 03:00:00,9,35,2.0,0.0,0.0,0.16753333333333334,11.067,6.0,-4,20.473242953179952,55.0,0.022,7000.0,0.0,0.0,0.0,48.38573377587813,optimal
2021-02-12 03:30:00,9,35,2.0,0.0,0.0,0.063,10.8465,6.0,-4,20.94898790653656,55.0,0.022,7000.0,0.0,0.0,0.0,48.33734804210225,optimal
2021-02-12 04:00:00,9,35,0.0,0.0,0.0,0.16753333333333334,13.671,6.0,-4,21.415439618141672,55.0,0.022,0.0,0.0,0.0,0.0,48.289010694060146,optimal
2021-02-12 04:30:00,9,35,2.0,0.0,0.0,0.12273333333333332,12.348,6.0,-4,21.055628014944155,55.0,0.022,7000.0,0.0,0.0,0.0,48.240721683366075,optimal
2021-02-12 05:00:00,9,35,0.0,0.0,0.0,0.11526666666666668,14.3325,6.0,-4,21.548210118364644,55.0,0.022,0.0,0.0,0.0,0.0,48.192480961682705,optimal
2021-02-12 05:30:00,9,35,0.0,0.0,0.0,0.175,15.393,6.0,-4,21.200670002518972,55.0,0.022,0.0,0.0,0.0,0.0,48.144288480721016,optimal
2021-02-12 06:00:00,9,35,0.8647973127357239,0.0,0.0,0.063,13.587,6.0,-4,20.877124540867158,55.0,0.022,3026.790594575034,0.0,0.0,0.0,48.096144192240295,optimal
2021-02-12 06:30:00,9,35,0.0,0.0,0.0,0.08059999999999999,16.1385,6.0,-4,20.920751652788585,55.0,0.022,0.0,0.0,0.0,0.0,48.048048048048045,optimal
2021-02-12 07:00:00,9,35,0.0,0.0,0.0,0.4000666666666667,14.595,6.0,-4,20.602808407637024,55.0,0.022,0.0,0.0,0.0,0.0,48.0,optimal
2021-02-12 07:30:00,9,35,0.0,0.0,0.0,0.063,14.637,6.0,-4,20.332955233711253,55.0,0.022,0.0,0.0,0.0,0.0,47.50211550000337,optimal
2021-02-12 08:00:00,9,35,0.7329876152315711,0.0,0.0,0.15313333333333332,13.9125,6.0,-4,20.0,55.0,0.020666666666666667,2565.456653310499,0.0,0.0,0.0,47.00472888450673,optimal
2021-02-12 08:30:00,9,35,0.6970862292222465,0.0,0.0,0.15513333333333332,13.3665,6.0,-4,20.0,55.0,0.001333333333333333,2439.801802277863,0.0,0.0,0.0,46.50783965562559,optimal
2021-02-12 09:00:00,9,35,1.253660582661159,0.0,0.0,0.063,13.0095,6.0,-4,20.0,55.0,0.001333333333333333,4387.812039314057,0.0,0.0,0.0,46.01144731597333,optimal
2021-02-12 09:30:00,9,35,0.0,0.0,0.0,0.061,13.8915,6.0,-4,20.251351639771425,55.0,0.001333333333333333,0.0,0.0,0.0,0.0,45.515551368660724,optimal
2021-02-12 10:00:00,9,35,0.3494002196144563,0.0,0.0,0.1879333333333333,13.188,6.0,-4,20.0,55.0,0.0006666666666666665,1222.900768650597,0.0,0.0,0.0,45.02015131729543,optimal
2021-02-12 10:30:00,9,35,0.3673744202045373,0.0,0.0,0.09833333333333331,12.5685,6.0,-4,20.0,55.0,0.0,1285.8104707158807,0.0,0.0,0.0,44.5252466659815,optimal
2021-02-12 11:00:00,9,35,0.25778916603509144,0.0,0.0,0.0637,12.285,6.0,-4,20.0,55.0,0.0,902.2620811228202,0.0,0.0,0.0,44.03083691931889,optimal
2021-02-12 11:30:00,9,35,0.7383832672298947,0.0,0.0,0.076,11.487,6.0,-4,20.0,55.0,0.010666666666666666,1469.674768637964,0.0,1114.6666666666667,0.0,43.53692158240294,optimal
2021-02-12 12:00:00,9,35,0.0,0.0,0.0,0.2632,11.802,6.0,-4,20.068880843587667,55.0,0.006666666666666667,0.0,0.0,0.0,0.0,43.04350016082391,optimal
2021-02-12 12:30:00,9,35,2.0,0.0,0.0,0.2916,11.2245,6.0,-4,20.0,55.0,0.006666666666666667,7000.0,0.0,0.0,0.0,42.55057216066645,optimal
2021-02-12 13:00:00,9,35,2.0,0.0,0.0,0.1,11.025,6.0,-4,20.777977739786163,55.0,0.005333333333333333,7000.0,0.0,0.0,0.0,42.058137088509156,optimal
2021-02-12 13:30:00,9,35,0.2474649432775809,0.0,0.0,0.23726666666666668,11.907,6.0,-4,21.521147560226947,55.0,0.005333333333333333,866.1273014715331,0.0,0.0,0.0,41.56619445142401,optimal
2021-02-12 14:00:00,9,35,0.0,0.0,0.0,0.073,25.83,6.0,-4,21.512750206898406,55.0,0.005333333333333333,0.0,0.0,0.0,0.0,41.07474375697595,optimal
2021-02-12 14:30:00,9,35,0.0,0.0,0.0,0.1999333333333333,28.035,6.0,-4,21.365384189012197,55.0,0.005333333333333333,0.0,0.0,0.0,0.0,40.58378451322234,optimal
2021-02-12 15:00:00,9,35,0.0,0.0,0.0,0.11033333333333331,28.119,6.0,-4,21.233984926516833,55.0,0.005333333333333333,0.0,0.0,0.0,0.0,40.09331622871248,optimal
2021-02-12 15:30:00,9,35,0.0,0.0,0.0,0.073,30.156,6.0,-4,21.07097557393159,55.0,0.005333333333333333,0.0,0.0,0.0,0.0,39.60333841248713,optimal
2021-02-12 16:00:00,9,35,0.0,0.0,0.0,0.23726666666666668,29.1585,6.0,-4,20.903664699189466,55.0,0.005333333333333333,0.0,0.0,0.0,0.0,39.113850574078015,optimal
2021-02-12 16:30:00,9,35,0.0,0.0,0.0,0.073,26.712,6.0,-4,20.702876939357783,55.0,0.005333333333333333,0.0,0.0,0.0,0.0,38.624852223507304,optimal
2021-02-12 17:00:00,9,35,0.0,0.0,0.0,0.1405,15.435,6.0,-4,20.480871000015487,55.0,0.005333333333333333,0.0,0.0,0.0,0.0,38.13634287128717,optimal
2021-02-12 17:30:00,9,35,0.0,0.0,0.0,0.21753333333333333,13.566,6.0,-4,20.224537015358518,55.0,0.005333333333333333,0.0,0.0,0.0,0.0,37.648322028419244,optimal
2021-02-12 18:00:00,9,35,0.47423429877232776,0.0,0.0,1.9618666666666664,12.789,6.0,-4,20.0,55.0,0.0033333333333333335,1659.8200457031471,0.0,0.0,0.0,37.1607892063942,optimal
2021-02-12 18:30:00,9,35,0.5649677941623478,0.0,0.0,3.7210333333333327,12.1275,6.0,-4,20.0,55.0,0.001333333333333333,1977.387279568217,0.0,0.0,0.0,36.673743917191175,optimal
2021-02-12 19:00:00,9,35,0.0,0.0,0.0,2.5083,13.671,6.0,-4,20.127403832748495,55.0,0.0,0.0,0.0,0.0,0.0,36.187185673277355,optimal
2021-02-12 19:30:00,9,35,1.3276410289482312,0.0,0.0,0.073,10.668,6.0,-4,20.0,55.0,0.001333333333333333,4507.410267985476,0.0,139.33333333333331,0.0,35.70111398760744,optimal
2021-02-12 20:00:00,9,35,0.0,0.0,0.0,0.28253333333333336,11.7285,6.0,-4,20.24941837517447,55.0,0.001333333333333333,0.0,0.0,0.0,0.0,35.665412873619836,optimal
2021-02-12 20:30:00,9,35,0.0,0.0,0.0,0.3582333333333333,11.025,6.0,-4,20.0,55.0,0.0006666666666666665,0.0,0.0,0.0,0.0,35.629747460746216,optimal
2021-02-12 21:00:00,9,35,0.0,0.0,0.0,0.19013333333333332,10.689,6.0,-4,19.764804029524356,55.0,0.0,0.0,0.0,0.0,0.0,35.59411771328547,optimal
2021-02-12 21:30:00,9,35,0.11942857142857141,0.0,0.0,0.28556666666666664,8.1585,6.0,-4,19.506297929212295,55.0,0.003999999999999999,0.0,0.0,417.99999999999994,0.0,35.55852359557218,optimal
2021-02-12 22:00:00,9,35,0.0,0.0,0.0,0.44296666666666656,10.3635,6.0,-4,19.263865367562378,55.0,0.003999999999999999,0.0,0.0,0.0,0.0,35.52296507197661,optimal
2021-02-12 22:30:00,9,35,0.0,0.0,0.0,0.30826666666666663,10.8045,6.0,-4,19.046989020911656,55.0,0.001333333333333333,0.0,0.0,0.0,0.0,35.48744210690463,optimal
2021-02-12 23:00:00,9,35,0.0,0.0,0.0,0.35810000000000003,11.025,6.0,-4,18.83047758634408,55.0,0.001333333333333333,0.0,0.0,0.0,0.0,35.451954664797725,optimal
2021-02-12 23:30:00,9,35,0.0,0.0,0.0,0.5016333333333334,10.3635,6.0,-4,18.620582520673768,55.0,0.0,0.0,0.0,0.0,0.0,35.416502710132924,optimal
2021-02-13 00:00:00,9,35,0.0,0.0,0.0,0.052,9.261,6.0,-2,18.620582520673768,55.0,0.0,0.0,0.0,0.0,0.0,35.38108620742279,optimal
2021-02-13 00:30:00,9,35,2.0,0.0,3.1931450021999668,0.052,8.1585,6.0,-2,18.35248913027692,55.0,0.02,4910.0,0.0,2090.0,0.0,36.86244899726035,optimal
2021-02-13 01:00:00,9,35,0.0,0.0,0.0,0.1025,9.4815,6.0,-2,18.67984111560482,55.0,0.02,0.0,0.0,0.0,0.0,36.82558654826308,optimal
2021-02-13 01:30:00,9,35,2.0,0.0,0.0,0.1681,8.379,6.0,-2,18.418420757733525,55.0,0.02,7000.0,0.0,0.0,0.0,36.788760961714814,optimal
2021-02-13 02:00:00,9,35,0.0,0.0,0.0,0.0626,9.5235,6.0,-2,19.011716525088847,55.0,0.02,0.0,0.0,0.0,0.0,36.7519722007531,optimal
2021-02-13 02:30:00,9,35,2.0,0.0,9.0,0.09913333333333334,8.1375,6.0,-2,18.742099130778527,55.0,0.02,7000.0,0.0,0.0,0.0,40.99022022855234,optimal
2021-02-13 03:00:00,9,35,0.0,0.0,0.0,0.18206666666666663,10.0905,6.0,-2,19.323088206359298,55.0,0.02,0.0,0.0,0.0,0.0,40.94923000832378,optimal
2021-02-13 03:30:00,9,35,2.0,0.0,9.0,0.052,7.539,6.0,-2,19.063284932053037,55.0,0.02,7000.0,0.0,0.0,0.0,45.183280778315456,optimal
2021-02-13 04:00:00,9,35,2.0,0.0,9.0,0.1156,7.938,6.0,-2,19.63316623561452,55.0,0.02,7000.0,0.0,0.0,0.0,49.41309749753713,optimal
2021-02-13 04:30:00,9,35,2.0,0.0,0.0,0.1656,8.274,6.0,-2,20.201621046991793,55.0,0.02,7000.0,0.0,0.0,0.0,49.363684400039595,optimal
2021-02-13 05:00:00,9,35,2.0,0.0,0.0,0.052,9.261,6.0,-2,20.76630154397744,55.0,0.02,7000.0,0.0,0.0,0.0,49.314320715639546,optimal
2021-02-13 05:30:00,9,35,0.3360729916564277,0.0,0.0,0.2292,9.9225,6.0,-2,21.307578146755517,55.0,0.02,1176.2554707974969,0.0,0.0,0.0,49.26500639492391,optimal
2021-02-13 06:00:00,9,35,2.0,0.0,0.0,0.052,9.702,6.0,-2,21.160052572012248,55.0,0.02,7000.0,0.0,0.0,0.0,49.215741388528976,optimal
2021-02-13 06:30:00,9,35,0.0,0.0,0.0,0.09576666666666668,10.584,6.0,-2,21.69263284809598,55.0,0.02,0.0,0.0,0.0,0.0,49.16652564714044,optimal
2021-02-13 07:00:00,9,35,2.0,0.0,0.0,0.16726666666666667,10.143,6.0,-2,21.379684813949368,55.0,0.02,7000.0,0.0,0.0,0.0,49.1173591214933,optimal
2021-02-13 07:30:00,9,35,0.0,0.0,0.0,0.0875,13.0095,6.0,-2,21.92045017281452,55.0,0.02,0.0,0.0,0.0,0.0,49.0682417623718,optimal
2021-02-13 08:00:00,9,35,0.0,0.0,0.0,0.12116666666666669,11.025,6.0,-2,21.62094578209422,55.0,0.02,0.0,0.0,0.0,0.0,49.01917352060943,optimal
2021-02-13 08:30:00,9,35,0.0,0.0,0.0,0.18303333333333333,12.789,6.0,-2,21.327864391994876,55.0,0.016666666666666666,0.0,0.0,0.0,0.0,48.97015434708881,optimal
2021-02-13 09:00:00,9,35,0.0,0.0,0.0,2.762766666666667,12.1275,6.0,-2,21.050536726104077,55.0,0.014,0.0,0.0,0.0,0.0,48.92118419274172,optimal
2021-02-13 09:30:00,9,35,0.0,0.0,0.0,0.5704333333333332,12.1695,6.0,-2,20.93387054958747,55.0,0.014,0.0,0.0,0.0,0.0,48.87226300854897,optimal
2021-02-13 10:00:00,9,35,0.0,0.0,0.0,0.24109999999999998,12.306,6.0,-2,20.713793808963743,55.0,0.014,0.0,0.0,0.0,0.0,48.823390745540415,optimal
2021-02-13 10:30:00,9,35,0.0,0.0,0.0,0.17863333333333334,13.23,6.0,-2,20.527742300536545,55.0,0.014,0.0,0.0,0.0,0.0,48.774567354794875,optimal
2021-02-13 11:00:00,9,35,0.0,0.0,0.0,0.32630000000000003,13.671,6.0,-2,20.33527358538342,55.0,0.014,0.0,0.0,0.0,0.0,48.72579278744007,optimal
2021-02-13 11:30:00,9,35,0.0,0.0,0.0,0.0987,13.9335,6.0,-2,20.221460965719725,55.0,0.011333333333333334,0.0,0.0,0.0,0.0,48.67706699465263,optimal
2021-02-13 12:00:00,9,35,0.0,0.0,0.0,0.1055,13.293,6.0,-2,20.1028731487342,55.0,0.010666666666666666,0.0,0.0,0.0,0.0,48.62838992765797,optimal
2021-02-13 12:30:00,9,35,0.21578456172836144,0.0,0.0,0.22573333333333329,12.1065,6.0,-2,20.0,55.0,0.008666666666666666,755.245966049265,0.0,0.0,0.0,48.579761537730306,optimal
2021-02-13 13:00:00,9,35,0.19128731951762548,0.0,0.0,0.20836666666666667,11.571,6.0,-2,20.0,55.0,0.008666666666666666,669.5056183116892,0.0,0.0,0.0,48.53118177619257,optimal
2021-02-13 13:30:00,9,35,0.21919991728419572,0.0,0.0,0.13083333333333333,11.025,6.0,-2,20.0,55.0,0.008666666666666666,767.1997104946851,0.0,0.0,0.0,48.48265059441637,optimal
2021-02-13 14:00:00,9,35,2.0,0.0,0.0,0.056,10.8465,6.0,-2,20.0,55.0,0.008666666666666666,7000.0,0.0,0.0,0.0,48.434167943821954,optimal
2021-02-13 14:30:00,9,35,1.9995787694439175,0.0,0.0,0.08396666666666666,11.2455,6.0,-2,20.69522670711208,55.0,0.008666666666666666,6998.525693053712,0.0,0.0,0.0,48.38573377587813,optimal
2021-02-13 15:00:00,9,35,0.0,0.0,0.0,0.1989,23.8665,6.0,-2,21.38520387101218,55.0,0.008666666666666666,0.0,0.0,0.0,0.0,48.33734804210225,optimal
2021-02-13 15:30:00,9,35,0.0,0.0,0.0,0.060333333333333336,27.4575,6.0,-2,21.201365984277952,55.0,0.008666666666666666,0.0,0.0,0.0,0.0,48.289010694060146,optimal
2021-02-13 16:00:00,9,35,0.0,0.0,0.0,0.143,27.3735,6.0,-2,21.00108055825955,55.0,0.008666666666666666,0.0,0.0,0.0,0.0,48.240721683366075,optimal
2021-02-13 16:30:00,9,35,0.0,0.0,0.0,0.11090000000000001,30.4605,6.0,-2,20.77941168457122,55.0,0.008666666666666666,0.0,0.0,0.0,0.0,48.192480961682705,optimal
2021-02-13 17:00:00,9,35,0.0,0.0,0.0,0.2895,30.0195,6.0,-2,20.582667679003237,55.0,0.006666666666666667,0.0,0.0,0.0,0.0,48.144288480721016,optimal
2021-02-13 17:30:00,9,35,0.0,0.0,0.0,0.9404666666666668,26.9325,6.0,-2,20.366381402109063,55.0,0.004,0.0,0.0,0.0,0.0,48.096144192240295,optimal
2021-02-13 18:00:00,9,35,0.0,0.0,0.0,0.25266666666666665,14.595,6.0,-2,20.227798386824826,55.0,0.004,0.0,0.0,0.0,0.0,48.048048048048045,optimal
2021-02-13 18:30:00,9,35,0.46091799988904797,0.0,0.0,0.3733666666666667,12.4845,6.0,-2,20.0,55.0,0.0,1613.2129996116678,0.0,0.0,0.0,48.0,optimal
2021-02-13 19:00:00,9,35,0.6792759867200518,0.0,0.0,0.11586666666666666,12.1275,6.0,-2,20.0,55.0,0.0,2377.4659535201813,0.0,0.0,0.0,46.827425255103094,optimal
2021-02-13 19:30:00,9,35,1.3599642201348106,0.0,0.0,0.06873333333333334,12.1275,6.0,-2,20.0,55.0,0.0,4759.874770471837,0.0,0.0,0.0,45.65602308495109,optimal
2021-02-13 20:00:00,9,35,0.0,0.0,0.0,0.2286,12.789,6.0,-2,20.279522955690798,55.0,0.0,0.0,0.0,0.0,0.0,44.48579231696923,optimal
2021-02-13 20:30:00,9,35,0.0,0.0,0.0,0.0726,11.907,6.0,-2,20.0,55.0,0.0,0.0,0.0,0.0,0.0,43.31673177975536,optimal
2021-02-13 21:00:00,9,35,0.0,0.0,0.0,0.0673,11.025,6.0,-2,19.705800650397173,55.0,0.0,0.0,0.0,0.0,0.0,42.1488403030787,optimal
2021-02-13 21:30:00,9,35,0.0,0.0,0.0,0.1733,8.2005,6.0,-2,19.415272555457108,55.0,0.0,0.0,0.0,0.0,0.0,40.98211671787872,optimal
2021-02-13 22:00:00,9,35,0.0,0.0,0.0,0.3748,9.5655,6.0,-2,19.141021585070632,55.0,0.0,0.0,0.0,0.0,0.0,40.94113460116084,optimal
2021-02-13 22:30:00,9,35,0.05971428571428571,0.0,0.0,0.6875333333333333,7.056,6.0,-2,18.906332504705276,55.0,0.0,0.0,0.0,209.0,0.0,40.90019346655968,optimal
2021-02-13 23:00:00,9,35,0.0,0.0,0.0,0.2567,9.3975,6.0,-2,18.72992641123815,55.0,0.0,0.0,0.0,0.0,0.0,40.859293273093115,optimal
2021-02-13 23:30:00,9,35,0.0,0.0,0.0,0.14909999999999998,10.059,6.0,-2,18.503272520757797,55.0,0.0,0.0,0.0,0.0,0.0,40.81843397982002,optimal
2021-02-07 00:00:00,10,35,0.0,0.0,0.0,0.12366666666666669,7.7175,6.0,-3,21.0,55.0,0.12,0.0,0.0,0.0,0.0,47.952,optimal
2021-02-07 00:30:00,10,35,0.0,0.0,0.0,0.2832,6.615,6.0,-3,20.753952841796064,55.0,0.12,0.0,0.0,0.0,0.0,47.904047999999996,optimal
2021-02-07 01:00:00,10,35,0.0,0.0,0.0,0.128,6.174,6.0,-3,20.529240297599664,55.0,0.12,0.0,0.0,0.0,0.0,47.856143952,optimal
2021-02-07 01:30:00,10,35,2.0,0.0,0.0,0.0917,3.906,6.0,-3,20.287680199730236,55.0,0.12,7000.0,0.0,0.0,0.0,47.80828780804799,optimal
2021-02-07 02:00:00,10,35,2.0,0.0,0.0,0.1868333333333333,2.3415,6.0,-3,20.886819779007784,55.0,0.12,7000.0,0.0,0.0,0.0,47.76047952023995,optimal
2021-02-07 02:30:00,10,35,2.0,0.0,0.0,0.2103333333333333,2.205,6.0,-3,21.48789852570171,55.0,0.12,7000.0,0.0,0.0,0.0,47.712719040719705,optimal
2021-02-07 03:00:00,10,35,2.0,0.0,2.3359179644545014,0.13533333333333333,0.882,6.0,-3,22.081536571870974,55.0,0.12,7000.0,0.0,0.0,0.0,48.774567354794875,optimal
2021-02-07 03:30:00,10,35,2.0,0.0,0.0,0.20386666666666667,1.5435,6.0,-3,22.65599107127688,55.0,0.12,7000.0,0.0,0.0,0.0,48.72579278744007,optimal
2021-02-07 04:00:00,10,35,2.0,0.0,0.0,0.16513333333333333,1.5435,6.0,-3,23.229545691538902,55.0,0.12,7000.0,0.0,0.0,0.0,48.67706699465263,optimal
2021-02-07 04:30:00,10,35,0.0,0.0,0.0,0.2792,5.0715,6.0,-3,23.789306954248417,55.0,0.12,0.0,0.0,0.0,0.0,48.62838992765797,optimal
2021-02-07 05:00:00,10,35,0.0,0.0,0.0,0.1052,5.376,6.0,-3,23.512332837866815,55.0,0.12,0.0,0.0,0.0,0.0,48.579761537730306,optimal
2021-02-07 05:30:00,10,35,0.3837875059551176,0.0,0.0,0.154,5.0715,6.0,-3,23.218479180309846,55.0,0.12,1343.2562708429118,0.0,0.0,0.0,48.53118177619257,optimal
2021-02-07 06:00:00,10,35,0.0,0.0,0.0,0.25466666666666665,5.5125,6.0,-3,23.096425959822078,55.0,0.12,0.0,0.0,0.0,0.0,48.48265059441637,optimal
2021-02-07 06:30:00,10,35,0.0,0.0,0.0,0.14886666666666667,9.261,6.0,-3,22.82664814237029,55.0,0.12,0.0,0.0,0.0,0.0,48.434167943821954,optimal
2021-02-07 07:00:00,10,35,0.0,0.0,0.0,0.2359333333333333,11.7075,6.0,-3,22.546396513681586,55.0,0.12,0.0,0.0,0.0,0.0,48.38573377587813,optimal
2021-02-07 07:30:00,10,35,0.0,0.0,0.0,0.09293333333333334,12.348,6.0,-3,22.28095596349306,55.0,0.12,0.0,0.0,0.0,0.0,48.33734804210225,optimal
2021-02-07 08:00:00,10,35,0.0,0.0,0.0,0.11023333333333332,12.348,6.0,-3,22.0,55.0,0.12,0.0,0.0,0.0,0.0,48.289010694060146,optimal
2021-02-07 08:30:00,10,35,0.0,0.0,0.0,0.38930000000000003,12.1275,6.0,-3,21.723043662217037,55.0,0.12,0.0,0.0,0.0,0.0,48.240721683366075,optimal
2021-02-07 09:00:00,10,35,0.0,0.0,0.0,0.05,12.5265,6.0,-3,21.48298959007494,55.0,0.12,0.0,0.0,0.0,0.0,48.192480961682705,optimal
2021-02-07 09:30:00,10,35,0.49400422537529165,0.0,0.0,0.241,11.7495,6.0,-3,21.221815546846464,55.0,0.12,1729.0147888135207,0.0,0.0,0.0,48.144288480721016,optimal
2021-02-07 10:00:00,10,35,0.0,0.0,0.0,0.2905,13.23,6.0,-3,21.1953388611763,55.0,0.12,0.0,0.0,0.0,0.0,48.096144192240295,optimal
2021-02-07 10:30:00,10,35,0.0,0.0,0.0,0.3238333333333333,14.3325,6.0,-3,20.998708037835133,55.0,0.12,0.0,0.0,0.0,0.0,48.048048048048045,optimal
2021-02-07 11:00:00,10,35,0.0,0.0,0.0,0.4285,14.994,6.0,-3,20.80830543428627,55.0,0.118,0.0,0.0,0.0,0.0,48.0,optimal
2021-02-07 11:30:00,10,35,0.0,0.0,0.0,0.139,14.8155,6.0,-3,20.659660219918585,55.0,0.118,0.0,0.0,0.0,0.0,47.48724440972852,optimal
2021-02-07 12:00:00,10,35,0.0,0.0,0.0,0.29956666666666665,14.112,6.0,-3,20.458264628215176,55.0,0.118,0.0,0.0,0.0,0.0,46.97500157504731,optimal
2021-02-07 12:30:00,10,35,0.0,0.0,0.0,0.2685666666666667,14.007,6.0,-3,20.304140009657196,55.0,0.118,0.0,0.0,0.0,0.0,46.46327098320078,optimal
2021-02-07 13:00:00,10,35,0.0,0.0,0.0,0.2508666666666667,13.23,6.0,-3,20.160334412980642,55.0,0.118,0.0,0.0,0.0,0.0,45.952052121946096,optimal
2021-02-07 13:30:00,10,35,2.0,0.0,0.0,0.28946666666666665,11.382,6.0,-3,20.0,55.0,0.116,7000.0,0.0,0.0,0.0,45.44134447955267,optimal
2021-02-07 14:00:00,10,35,1.8235422966160344,0.0,0.0,0.34263333333333335,11.7495,6.0,-3,20.68965244124149,55.0,0.116,6382.3980381561205,0.0,0.0,0.0,44.93114754480164,optimal
2021-02-07 14:30:00,10,35,0.0,0.0,0.0,0.3006666666666667,24.3285,6.0,-3,21.311684892162592,55.0,0.116,0.0,0.0,0.0,0.0,44.42146080698536,optimal
2021-02-07 15:00:00,10,35,0.0,0.0,0.0,0.2633666666666667,28.917,6.0,-3,21.152339605659293,55.0,0.112,0.0,0.0,0.0,0.0,43.91228375590689,optimal
2021-02-07 15:30:00,10,35,0.0,0.0,0.0,0.28003333333333336,31.3635,6.0,-3,21.00977791951083,55.0,0.112,0.0,0.0,0.0,0.0,43.4036158818795,optimal
2021-02-07 16:00:00,10,35,0.0,0.0,0.0,0.128,33.306,6.0,-3,20.85218722365368,55.0,0.112,0.0,0.0,0.0,0.0,42.895456675726145,optimal
2021-02-07 16:30:00,10,35,0.0,0.0,0.0,0.0825,31.3425,6.0,-3,20.632082665082162,55.0,0.112,0.0,0.0,0.0,0.0,42.38780562877894,optimal
2021-02-07 17:00:00,10,35,0.0,0.0,0.0,0.3193666666666667,28.2555,6.0,-3,20.41045946992537,55.0,0.112,0.0,0.0,0.0,0.0,41.880662232878684,optimal
2021-02-07 17:30:00,10,35,0.0,0.0,0.0,0.2069333333333333,15.6975,6.0,-3,20.204862810799398,55.0,0.112,0.0,0.0,0.0,0.0,41.37402598037433,optimal
2021-02-07 18:00:00,10,35,0.6293010585705557,0.0,0.0,0.058333333333333334,12.5475,6.0,-3,20.0,55.0,0.112,2202.553704996945,0.0,0.0,0.0,40.86789636412247,optimal
2021-02-07 18:30:00,10,35,0.5134097384062142,0.0,0.0,0.4518666666666667,12.0855,6.0,-3,20.0,55.0,0.112,1796.9340844217497,0.0,0.0,0.0,40.36227287748687,optimal
2021-02-07 19:00:00,10,35,1.8138819106509187,0.0,0.0,0.05433333333333334,11.907,6.0,-3,20.0,55.0,0.112,6348.586687278216,0.0,0.0,0.0,39.857155014337906,optimal
2021-02-07 19:30:00,10,35,0.0,0.0,0.0,0.19690000000000002,12.5685,6.0,-3,20.500849604708897,55.0,0.112,0.0,0.0,0.0,0.0,39.35254226905209,optimal
2021-02-07 20:00:00,10,35,0.0,0.0,0.0,0.2124333333333333,13.146,6.0,-3,20.2476359562322,55.0,0.112,0.0,0.0,0.0,0.0,38.84843413651156,optimal
2021-02-07 20:30:00,10,35,0.0,0.0,0.0,0.15903333333333333,10.584,6.0,-3,20.0,55.0,0.112,0.0,0.0,0.0,0.0,38.344830112103566,optimal
2021-02-07 21:00:00,10,35,0.0,0.0,0.0,0.28203333333333336,6.678,6.0,-3,19.74810112811391,55.0,0.112,0.0,0.0,0.0,0.0,38.30648528199146,optimal
2021-02-07 21:30:00,10,35,0.0,0.0,0.0,0.2850666666666667,7.938,6.0,-3,19.54976488905434,55.0,0.112,0.0,0.0,0.0,0.0,38.26817879670947,optimal
2021-02-07 22:00:00,10,35,0.0,0.0,0.0,0.12090000000000001,5.292,6.0,-3,19.36412385576573,55.0,0.112,0.0,0.0,0.0,0.0,38.22991061791276,optimal
2021-02-07 22:30:00,10,35,0.0,0.0,0.0,0.4525,9.261,6.0,-3,19.160646601809855,55.0,0.108,0.0,0.0,0.0,0.0,38.19168070729484,optimal
2021-02-07 23:00:00,10,35,0.0,0.0,0.0,0.07866666666666668,10.3635,6.0,-3,19.001131610720336,55.0,0.10666666666666667,0.0,0.0,0.0,0.0,38.15348902658755,optimal
2021-02-07 23:30:00,10,35,0.0,0.0,0.0,0.29656666666666665,8.274,6.0,-3,18.80202034096587,55.0,0.104,0.0,0.0,0.0,0.0,38.11533553756096,optimal
2021-02-08 00:00:00,10,35,0.0,0.0,0.0,0.054,10.143,6.0,3,18.80202034096587,55.0,0.104,0.0,0.0,0.0,0.0,38.0772202020234,optimal
2021-02-08 00:30:00,10,35,0.0,0.0,0.0,0.1716,11.2455,6.0,3,18.557957963785213,55.0,0.104,0.0,0.0,0.0,0.0,38.03914298182137,optimal
2021-02-08 01:00:00,10,35,0.0,0.0,0.0,0.15513333333333332,11.025,6.0,3,18.331620223758964,55.0,0.104,0.0,0.0,0.0,0.0,38.00110383883955,optimal
2021-02-08 01:30:00,10,35,2.0,0.0,0.0,0.079,5.9745,6.0,3,18.106616200779012,55.0,0.104,7000.0,0.0,0.0,0.0,37.96310273500071,optimal
2021-02-08 02:00:00,10,35,0.0,0.0,0.0,0.089,7.938,6.0,3,18.717276497369756,55.0,0.104,0.0,0.0,0.0,0.0,37.92513963226571,optimal
2021-02-08 02:30:00,10,35,0.0,0.0,0.0,0.19086666666666668,8.6835,6.0,3,18.47720198080239,55.0,0.104,0.0,0.0,0.0,0.0,37.88721449263345,optimal
2021-02-08 03:00:00,10,35,0.0,0.0,0.0,0.12586666666666665,7.665,6.0,3,18.253632930968003,55.0,0.104,0.0,0.0,0.0,0.0,37.84932727814081,optimal
2021-02-08 03:30:00,10,35,2.0,0.0,0.0,0.069,6.7725,6.0,3,18.026249686389967,55.0,0.104,7000.0,0.0,0.0,0.0,37.811477950862674,optimal
2021-02-08 04:00:00,10,35,2.0,0.0,0.0,0.139,5.5755,6.0,3,18.63688383362037,55.0,0.104,7000.0,0.0,0.0,0.0,37.77366647291181,optimal
2021-02-08 04:30:00,10,35,2.0,0.0,9.0,0.059,5.0925,6.0,3,19.24626467329149,55.0,0.104,7000.0,0.0,0.0,0.0,42.0108928064389,optimal
2021-02-08 05:00:00,10,35,2.0,0.0,9.0,0.099,4.1895,6.0,3,19.8350281595881,55.0,0.104,7000.0,0.0,0.0,0.0,46.243881913632464,optimal
2021-02-08 05:30:00,10,35,2.0,0.0,0.0,0.129,7.056,6.0,3,20.417915035540933,55.0,0.104,7000.0,0.0,0.0,0.0,46.19763803171883,optimal
2021-02-08 06:00:00,10,35,2.0,0.0,5.009981857906242,0.2077333333333333,5.271,6.0,3,20.995142077904966,55.0,0.104,7000.0,0.0,0.0,0.0,48.53118177619257,optimal
2021-02-08 06:30:00,10,35,1.015548176106472,0.0,0.0,0.079,7.938,6.0,3,21.572655928970477,55.0,0.104,3554.4186163726517,0.0,0.0,0.0,48.48265059441637,optimal
2021-02-08 07:00:00,10,35,2.0,0.0,0.0,0.27246666666666663,7.938,6.0,3,21.71090630321641,55.0,0.104,7000.0,0.0,0.0,0.0,48.434167943821954,optimal
2021-02-08 07:30:00,10,35,0.0,0.0,0.0,0.08159999999999999,11.907,6.0,3,22.287991061079946,55.0,0.1,0.0,0.0,0.0,0.0,48.38573377587813,optimal
2021-02-08 08:00:00,10,35,0.29401223034482,0.0,0.0,0.16763333333333333,11.025,6.0,3,22.0,55.0,0.09733333333333333,1029.04280620687,0.0,0.0,0.0,48.33734804210225,optimal
2021-02-08 08:30:00,10,35,0.0,0.0,0.0,1.7107666666666668,11.2875,6.0,3,21.85192562248564,55.0,0.09733333333333333,0.0,0.0,0.0,0.0,48.289010694060146,optimal
2021-02-08 09:00:00,10,35,0.0,0.0,0.0,0.1842333333333333,12.936,6.0,3,21.638128649222498,55.0,0.09533333333333334,0.0,0.0,0.0,0.0,48.240721683366075,optimal
2021-02-08 09:30:00,10,35,0.0,0.0,0.0,0.4702,13.0095,6.0,3,21.42614231262115,55.0,0.092,0.0,0.0,0.0,0.0,48.192480961682705,optimal
2021-02-08 10:00:00,10,35,0.0,0.0,0.0,0.24359999999999998,13.671,6.0,3,21.247970344953636,55.0,0.09133333333333334,0.0,0.0,0.0,0.0,48.144288480721016,optimal
2021-02-08 10:30:00,10,35,0.0,0.0,0.0,0.23046666666666668,13.188,6.0,3,21.075110403524832,55.0,0.09133333333333334,0.0,0.0,0.0,0.0,48.096144192240295,optimal
2021-02-08 11:00:00,10,35,0.0,0.0,0.0,0.5410666666666667,13.8495,6.0,3,20.89220861379908,55.0,0.09133333333333334,0.0,0.0,0.0,0.0,48.048048048048045,optimal
2021-02-08 11:30:00,10,35,0.0,0.0,0.0,0.9966,13.23,6.0,3,20.817536671937344,55.0,0.048,0.0,0.0,0.0,0.0,48.0,optimal
2021-02-08 12:00:00,10,35,0.0,0.0,0.0,0.064,13.3665,6.0,3,20.799472187477388,55.0,0.048,0.0,0.0,0.0,0.0,47.85445705762013,optimal
2021-02-08 12:30:00,10,35,0.0,0.0,0.0,0.3077333333333333,13.0515,6.0,3,20.649213090143455,55.0,0.048,0.0,0.0,0.0,0.0,47.709059658182646,optimal
2021-02-08 13:00:00,10,35,0.0,0.0,0.0,0.064,13.5345,6.0,3,20.533410786021378,55.0,0.048,0.0,0.0,0.0,0.0,47.5638076561446,optimal
2021-02-08 13:30:00,10,35,0.0,0.0,0.0,0.164,14.154,6.0,3,20.38744837867311,55.0,0.048,0.0,0.0,0.0,0.0,47.41870090610858,optimal
2021-02-08 14:00:00,10,35,0.0,0.0,0.0,0.2077333333333333,14.112,6.0,3,20.257120750467088,55.0,0.048,0.0,0.0,0.0,0.0,47.27373926282261,optimal
2021-02-08 14:30:00,10,35,0.0,0.0,0.0,0.079,14.2485,6.0,3,20.13652047277176,55.0,0.048,0.0,0.0,0.0,0.0,47.12892258117992,optimal
2021-02-08 15:00:00,10,35,0.7709247701394492,0.0,0.0,0.149,12.789,6.0,3,20.0,55.0,0.048,2698.236695488072,0.0,0.0,0.0,46.984250716218874,optimal
2021-02-08 15:30:00,10,35,0.0,0.0,0.0,0.16853333333333334,13.0095,6.0,3,20.161974969394848,55.0,0.048,0.0,0.0,0.0,0.0,46.839723523122785,optimal
2021-02-08 16:00:00,10,35,2.0,0.0,0.0,0.1682,12.1275,6.0,3,20.0,55.0,0.048,7000.0,0.0,0.0,0.0,46.6953408572198,optimal
2021-02-08 16:30:00,10,35,0.9567925433123095,0.0,0.0,0.1186,12.348,6.0,3,20.642410897698895,55.0,0.048,3348.7739015930833,0.0,0.0,0.0,46.55110257398271,optimal
2021-02-08 17:00:00,10,35,2.0,0.0,0.0,0.23813333333333334,12.348,6.0,3,20.82792092498565,55.0,0.048,7000.0,0.0,0.0,0.0,46.40700852902886,optimal
2021-02-08 17:30:00,10,35,0.0,0.0,0.0,0.114,25.389,6.0,3,21.41855661713077,55.0,0.048,0.0,0.0,0.0,0.0,46.26305857811996,optimal
2021-02-08 18:00:00,10,35,0.0,0.0,0.0,0.12213333333333334,29.1375,6.0,3,21.140414482761404,55.0,0.048,0.0,0.0,0.0,0.0,46.21679551954184,optimal
2021-02-08 18:30:00,10,35,0.0,0.0,0.0,1.2189666666666668,30.597,6.0,3,20.85780320385413,55.0,0.048,0.0,0.0,0.0,0.0,46.1705787240223,optimal
2021-02-08 19:00:00,10,35,0.0,0.0,0.0,0.196,33.684,6.0,3,20.638544930268296,55.0,0.048,0.0,0.0,0.0,0.0,46.124408145298275,optimal
2021-02-08 19:30:00,10,35,0.0,0.0,0.0,0.4589666666666666,32.445,6.0,3,20.40474027476435,55.0,0.04133333333333333,0.0,0.0,0.0,0.0,46.07828373715298,optimal
2021-02-08 20:00:00,10,35,0.0,0.0,0.0,0.32766666666666666,28.917,6.0,3,20.196143452272647,55.0,0.04133333333333333,0.0,0.0,0.0,0.0,46.03220545341583,optimal
2021-02-08 20:30:00,10,35,0.0,0.0,0.0,0.2653666666666667,15.876,6.0,3,20.0,55.0,0.04133333333333333,0.0,0.0,0.0,0.0,45.98617324796241,optimal
2021-02-08 21:00:00,10,35,0.0,0.0,0.0,0.29819999999999997,12.348,6.0,3,19.791832635762308,55.0,0.04066666666666666,0.0,0.0,0.0,0.0,45.94018707471445,optimal
2021-02-08 21:30:00,10,35,0.0,0.0,0.0,0.33866666666666667,12.1275,6.0,3,19.585189374575645,55.0,0.04066666666666666,0.0,0.0,0.0,0.0,45.89424688763974,optimal
2021-02-08 22:00:00,10,35,0.0,0.0,0.0,0.129,12.348,6.0,3,19.377609117254263,55.0,0.04066666666666666,0.0,0.0,0.0,0.0,45.8483526407521,optimal
2021-02-08 22:30:00,10,35,0.0,0.0,0.0,0.099,12.1275,6.0,3,19.12268493345644,55.0,0.04066666666666666,0.0,0.0,0.0,0.0,45.802504288111344,optimal
2021-02-08 23:00:00,10,35,0.0,0.0,0.0,0.20086666666666667,12.1275,6.0,3,18.8671524620851,55.0,0.04066666666666666,0.0,0.0,0.0,0.0,45.75670178382323,optimal
2021-02-08 23:30:00,10,35,0.0,0.0,0.0,0.16586666666666666,11.2665,6.0,3,18.626887219178982,55.0,0.04066666666666666,0.0,0.0,0.0,0.0,45.71094508203941,optimal
2021-02-09 00:00:00,10,35,0.0,0.0,0.0,0.07233333333333333,10.8045,6.0,1,18.626887219178982,55.0,0.04066666666666666,0.0,0.0,0.0,0.0,45.665234136957366,optimal
2021-02-09 00:30:00,10,35,2.0,0.0,7.674605246533678,0.068,10.584,6.0,1,18.373844531776612,55.0,0.04066666666666666,7000.0,0.0,0.0,0.0,49.26500639492391,optimal
2021-02-09 01:00:00,10,35,0.0,0.0,0.0,0.068,11.2455,6.0,1,18.967502071023784,55.0,0.04066666666666666,0.0,0.0,0.0,0.0,49.215741388528976,optimal
2021-02-09 01:30:00,10,35,0.0,0.0,0.0,0.068,12.1275,6.0,1,18.710935237539374,55.0,0.04066666666666666,0.0,0.0,0.0,0.0,49.16652564714044,optimal
2021-02-09 02:00:00,10,35,0.0,0.0,0.0,0.068,11.823,6.0,1,18.456661547593576,55.0,0.04066666666666666,0.0,0.0,0.0,0.0,49.1173591214933,optimal
2021-02-09 02:30:00,10,35,0.0,0.0,0.0,0.068,11.7705,6.0,1,18.204647414843915,55.0,0.04066666666666666,0.0,0.0,0.0,0.0,49.0682417623718,optimal
2021-02-09 03:00:00,10,35,2.0,0.0,0.0,0.068,11.13,6.0,1,17.957056707807542,55.0,0.04066666666666666,7000.0,0.0,0.0,0.0,49.01917352060943,optimal
2021-02-09 03:30:00,10,35,2.0,0.0,0.0,0.07366666666666667,11.6865,6.0,1,18.556086375428624,55.0,0.04066666666666666,7000.0,0.0,0.0,0.0,48.97015434708881,optimal
2021-02-09 04:00:00,10,35,2.0,0.0,0.0,0.078,10.7205,6.0,1,19.14780704514503,55.0,0.04066666666666666,7000.0,0.0,0.0,0.0,48.92118419274172,optimal
2021-02-09 04:30:00,10,35,2.0,0.0,0.0,0.07233333333333333,11.424,6.0,1,19.73232576760693,55.0,0.04066666666666666,7000.0,0.0,0.0,0.0,48.87226300854897,optimal
2021-02-09 05:00:00,10,35,2.0,0.0,0.0,0.068,10.689,6.0,1,20.306818741635812,55.0,0.04066666666666666,7000.0,0.0,0.0,0.0,48.823390745540415,optimal
2021-02-09 05:30:00,10,35,2.0,0.0,0.0,0.068,11.361,6.0,1,20.871432808550026,55.0,0.04066666666666666,7000.0,0.0,0.0,0.0,48.774567354794875,optimal
2021-02-09 06:00:00,10,35,2.0,0.0,0.0,0.07366666666666667,11.571,6.0,1,21.427777300928327,55.0,0.04066666666666666,7000.0,0.0,0.0,0.0,48.72579278744007,optimal
2021-02-09 06:30:00,10,35,0.0,0.0,0.0,0.078,14.3745,6.0,1,21.97597333842928,55.0,0.04066666666666666,0.0,0.0,0.0,0.0,48.67706699465263,optimal
2021-02-09 07:00:00,10,35,0.0,0.0,0.0,0.07666666666666667,13.23,6.0,1,21.673146209468893,55.0,0.04066666666666666,0.0,0.0,0.0,0.0,48.62838992765797,optimal
2021-02-09 07:30:00,10,35,0.0,0.0,0.0,0.068,13.9755,6.0,1,21.374022092725443,55.0,0.04066666666666666,0.0,0.0,0.0,0.0,48.579761537730306,optimal
2021-02-09 08:00:00,10,35,0.0,0.0,0.0,0.068,14.994,6.0,1,21.077814431348234,55.0,0.04066666666666666,0.0,0.0,0.0,0.0,48.53118177619257,optimal
2021-02-09 08:30:00,10,35,0.6048882772311274,0.0,0.0,0.11806666666666667,13.671,6.0,1,20.785026382186153,55.0,0.03799999999999999,2117.108970308946,0.0,0.0,0.0,48.48265059441637,optimal
2021-02-09 09:00:00,10,35,0.0,0.0,0.0,0.07166666666666667,15.981,6.0,1,20.7796991763785,55.0,0.036,0.0,0.0,0.0,0.0,48.434167943821954,optimal
2021-02-09 09:30:00,10,35,0.0,0.0,0.0,0.138,15.6345,6.0,1,20.550776493952977,55.0,0.036,0.0,0.0,0.0,0.0,48.38573377587813,optimal
2021-02-09 10:00:00,10,35,0.0,0.0,0.0,0.44839999999999997,16.5375,6.0,1,20.353296265251103,55.0,0.036,0.0,0.0,0.0,0.0,48.33734804210225,optimal
2021-02-09 10:30:00,10,35,0.0,0.0,0.0,0.09309999999999999,14.7735,6.0,1,20.24686746721242,55.0,0.036,0.0,0.0,0.0,0.0,48.289010694060146,optimal
2021-02-09 11:00:00,10,35,0.0,0.0,0.0,0.07970000000000001,15.2145,6.0,1,20.099599390242503,55.0,0.036,0.0,0.0,0.0,0.0,48.240721683366075,optimal
2021-02-09 11:30:00,10,35,0.25326362631427646,0.0,0.0,0.1,14.553,6.0,1,20.0,55.0,0.033999999999999996,886.4226920999677,0.0,0.0,0.0,48.192480961682705,optimal
2021-02-09 12:00:00,10,35,0.5422757025037361,0.0,0.0,0.1,14.3325,6.0,1,20.0,55.0,0.033999999999999996,1897.9649587630768,0.0,0.0,0.0,48.144288480721016,optimal
2021-02-09 12:30:00,10,35,0.0,0.0,0.0,0.08413333333333334,14.595,6.0,1,20.151457722935913,55.0,0.03133333333333333,0.0,0.0,0.0,0.0,48.096144192240295,optimal
2021-02-09 13:00:00,10,35,0.0,0.0,0.0,0.21566666666666662,14.994,6.0,1,20.05721315232015,55.0,0.02933333333333333,0.0,0.0,0.0,0.0,48.048048048048045,optimal
2021-02-09 13:30:00,10,35,0.09132893796276653,0.0,0.0,0.3455,14.3325,6.0,1,20.0,55.0,0.02933333333333333,319.65128286968286,0.0,0.0,0.0,48.0,optimal
2021-02-09 14:00:00,10,35,0.2749033840125643,0.0,0.0,0.068,13.8915,6.0,1,20.0,55.0,0.02933333333333333,962.161844043975,0.0,0.0,0.0,40.592564569604065,optimal
2021-02-09 14:30:00,10,35,0.16233756131975952,0.0,0.0,0.2682,13.8915,6.0,1,20.0,55.0,0.027333333333333328,568.1814646191583,0.0,0.0,0.0,40.55197200503446,optimal
2021-02-09 15:00:00,10,35,2.0,0.0,0.0,0.227,13.4715,6.0,1,20.0,55.0,0.021999999999999995,7000.0,0.0,0.0,0.0,40.511420033029424,optimal
2021-02-09 15:30:00,10,35,2.0,0.0,0.0,0.1884,13.23,6.0,1,20.747953113060696,55.0,0.020666666666666663,7000.0,0.0,0.0,0.0,40.470908612996396,optimal
2021-02-09 16:00:00,10,35,0.49709798215404616,0.0,0.0,0.33003333333333335,13.8915,6.0,1,21.460995060744327,55.0,0.020666666666666663,1739.8429375391615,0.0,0.0,0.0,40.4304377043834,optimal
2021-02-09 16:30:00,10,35,0.0,0.0,0.0,0.5786666666666667,26.9325,6.0,1,21.496935052026554,55.0,0.019333333333333327,0.0,0.0,0.0,0.0,40.39000726667902,optimal
2021-02-09 17:00:00,10,35,0.0,0.0,0.0,1.0402,30.303,6.0,1,21.38051506899884,55.0,0.019333333333333327,0.0,0.0,0.0,0.0,40.34961725941234,optimal
2021-02-09 17:30:00,10,35,0.0,0.0,0.0,0.3821,32.886,6.0,1,21.268821809386456,55.0,0.019333333333333327,0.0,0.0,0.0,0.0,40.30926764215293,optimal
2021-02-09 18:00:00,10,35,0.0,0.0,0.0,0.6149,34.9965,6.0,1,21.08840280413206,55.0,0.019333333333333327,0.0,0.0,0.0,0.0,40.26895837451078,optimal
2021-02-09 18:30:00,10,35,0.0,0.0,0.0,0.6789333333333333,33.327,6.0,1,20.902961614432044,55.0,0.019333333333333327,0.0,0.0,0.0,0.0,40.22868941613627,optimal
2021-02-09 19:00:00,10,35,0.0,0.0,0.0,0.6688333333333334,31.122,6.0,1,20.744391692996718,55.0,0.019333333333333327,0.0,0.0,0.0,0.0,40.18846072672013,optimal
2021-02-09 19:30:00,10,35,0.0,0.0,0.0,0.078,17.9025,6.0,1,20.56124637842602,55.0,0.019333333333333327,0.0,0.0,0.0,0.0,40.14827226599341,optimal
2021-02-09 20:00:00,10,35,0.0,0.0,0.0,0.078,15.6555,6.0,1,20.278552966045112,55.0,0.019333333333333327,0.0,0.0,0.0,0.0,40.10812399372742,optimal
2021-02-09 20:30:00,10,35,0.0,0.0,0.0,0.078,14.553,6.0,1,20.0,55.0,0.019333333333333327,0.0,0.0,0.0,0.0,40.06801586973369,optimal
2021-02-09 21:00:00,10,35,0.0,0.0,0.0,0.078,14.3325,6.0,1,19.72406219561635,55.0,0.019333333333333327,0.0,0.0,0.0,0.0,40.02794785386396,optimal
2021-02-09 21:30:00,10,35,0.0,0.0,0.0,0.078,13.335,6.0,1,19.450701250139154,55.0,0.019333333333333327,0.0,0.0,0.0,0.0,39.98791990601009,optimal
2021-02-09 22:00:00,10,35,0.0,0.0,0.0,0.078,12.1275,6.0,1,19.178414779851646,55.0,0.019333333333333327,0.0,0.0,0.0,0.0,39.94793198610408,optimal
2021-02-09 22:30:00,10,35,0.0,0.0,0.0,0.078,12.2955,6.0,1,18.907187047539352,55.0,0.019333333333333327,0.0,0.0,0.0,0.0,39.907984054117975,optimal
2021-02-09 23:00:00,10,35,0.0,0.0,0.0,0.078,11.6865,6.0,1,18.64066415138156,55.0,0.019333333333333327,0.0,0.0,0.0,0.0,39.86807607006386,optimal
2021-02-09 23:30:00,10,35,0.0,0.0,0.0,0.07766666666666668,11.466,6.0,1,18.378777182373803,55.0,0.019333333333333327,0.0,0.0,0.0,0.0,39.82820799399379,optimal
2021-02-10 00:00:00,10,35,2.0,0.0,0.0,0.052,11.508,6.0,-3,18.378777182373803,55.0,0.019333333333333327,7000.0,0.0,0.0,0.0,39.7883797859998,optimal
2021-02-10 00:30:00,10,35,1.5253663723069115,0.0,0.0,0.14373333333333332,11.844,6.0,-3,18.966679442883564,55.0,0.019333333333333327,5338.78230307419,0.0,0.0,0.0,39.7485914062138,optimal
2021-02-10 01:00:00,10,35,2.0,0.0,0.0,0.0864,11.508,6.0,-3,19.355661166075972,55.0,0.019333333333333327,7000.0,0.0,0.0,0.0,39.70884281480758,optimal
2021-02-10 01:30:00,10,35,2.0,0.0,0.0,0.052,11.508,6.0,-3,19.930465404758632,55.0,0.019333333333333327,7000.0,0.0,0.0,0.0,39.66913397199277,optimal
2021-02-10 02:00:00,10,35,2.0,0.0,0.0,0.1724,10.4475,6.0,-3,20.49124706259554,55.0,0.019333333333333327,7000.0,0.0,0.0,0.0,39.62946483802078,optimal
2021-02-10 02:30:00,10,35,2.0,0.0,0.0,0.057733333333333324,10.8675,6.0,-3,21.056837536872237,55.0,0.019333333333333327,7000.0,0.0,0.0,0.0,39.58983537318276,optimal
2021-02-10 03:00:00,10,35,2.0,0.0,0.0,0.12653333333333333,10.542,6.0,-3,21.600347086346574,55.0,0.019333333333333327,7000.0,0.0,0.0,0.0,39.55024553780957,optimal
2021-02-10 03:30:00,10,35,2.0,0.0,0.0,0.1036,11.025,6.0,-3,22.14417439653958,55.0,0.019333333333333327,7000.0,0.0,0.0,0.0,39.51069529227176,optimal
2021-02-10 04:00:00,10,35,2.0,0.0,0.0,0.052,11.025,6.0,-3,22.677277173878824,55.0,0.019333333333333327,7000.0,0.0,0.0,0.0,39.47118459697949,optimal
2021-02-10 04:30:00,10,35,0.0,0.0,0.0,0.17813333333333334,14.553,6.0,-3,23.19636323202387,55.0,0.019333333333333327,0.0,0.0,0.0,0.0,39.431713412382514,optimal
2021-02-10 05:00:00,10,35,2.0,0.0,0.0,0.052,13.0935,6.0,-3,22.87929691403374,55.0,0.019333333333333327,7000.0,0.0,0.0,0.0,39.39228169897013,optimal
2021-02-10 05:30:00,10,35,0.0,0.0,0.0,0.052,15.6345,6.0,-3,23.392494822377117,55.0,0.019333333333333327,0.0,0.0,0.0,0.0,39.35288941727116,optimal
2021-02-10 06:00:00,10,35,0.0,0.0,0.0,0.17813333333333334,18.102,6.0,-3,23.054449840564015,55.0,0.019333333333333327,0.0,0.0,0.0,0.0,39.313536527853884,optimal
2021-02-10 06:30:00,10,35,0.0,0.0,0.0,0.06133333333333334,17.199,6.0,-3,22.735068119772116,55.0,0.019333333333333327,0.0,0.0,0.0,0.0,39.27422299132603,optimal
2021-02-10 07:00:00,10,35,0.0,0.0,0.0,0.17306666666666667,18.2805,6.0,-3,22.40811672726137,55.0,0.019333333333333327,0.0,0.0,0.0,0.0,39.234948768334704,optimal
2021-02-10 07:30:00,10,35,0.0,0.0,0.0,0.06706666666666666,17.4615,6.0,-3,22.10337018781822,55.0,0.019333333333333327,0.0,0.0,0.0,0.0,39.19571381956637,optimal
2021-02-10 08:00:00,10,35,0.0,0.0,0.0,0.13426666666666667,18.3225,6.0,-3,21.78855772368881,55.0,0.019333333333333327,0.0,0.0,0.0,0.0,39.156518105746805,optimal
2021-02-10 08:30:00,10,35,0.0,0.0,0.0,0.09786666666666666,17.094,6.0,-3,21.48768364108655,55.0,0.019333333333333327,0.0,0.0,0.0,0.0,39.11736158764106,optimal
2021-02-10 09:00:00,10,35,0.0,0.0,0.0,0.084,17.094,6.0,-3,21.190006455646333,55.0,0.019333333333333327,0.0,0.0,0.0,0.0,39.078244226053414,optimal
2021-02-10 09:30:00,10,35,0.0,0.0,0.0,0.15746666666666667,17.094,6.0,-3,20.929209505399566,55.0,0.019333333333333327,0.0,0.0,0.0,0.0,39.03916598182736,optimal
2021-02-10 10:00:00,10,35,0.0,0.0,0.0,0.052,17.3565,6.0,-3,20.68343981027308,55.0,0.019333333333333327,0.0,0.0,0.0,0.0,39.00012681584553,optimal
2021-02-10 10:30:00,10,35,0.0,0.0,0.0,0.052,17.115,6.0,-3,20.483783566085563,55.0,0.019333333333333327,0.0,0.0,0.0,0.0,38.96112668902969,optimal
2021-02-10 11:00:00,10,35,0.0,0.0,0.0,0.13386666666666666,17.241,6.0,-3,20.289248533966063,55.0,0.019333333333333327,0.0,0.0,0.0,0.0,38.92216556234066,optimal
2021-02-10 11:30:00,10,35,0.0,0.0,0.0,0.11059999999999999,17.094,6.0,-3,20.144209499665145,55.0,0.019333333333333327,0.0,0.0,0.0,0.0,38.88324339677832,optimal
2021-02-10 12:00:00,10,35,0.7162463090914011,0.0,0.0,0.0864,16.5165,6.0,-3,20.0,55.0,0.019333333333333327,2506.862081819904,0.0,0.0,0.0,38.844360153381544,optimal
2021-02-10 12:30:00,10,35,0.0,0.0,0.0,0.14373333333333332,17.8185,6.0,-3,20.204784455827916,55.0,0.019333333333333327,0.0,0.0,0.0,0.0,38.80551579322816,optimal
2021-02-10 13:00:00,10,35,0.0,0.0,0.0,0.11586666666666666,17.094,6.0,-3,20.111834647331072,55.0,0.015999999999999993,0.0,0.0,0.0,0.0,38.76671027743493,optimal
2021-02-10 13:30:00,10,35,2.0,0.0,0.0,0.28746666666666665,16.8945,6.0,-3,20.01755329643354,55.0,0.015999999999999993,7000.0,0.0,0.0,0.0,38.727943567157496,optimal
2021-02-10 14:00:00,10,35,0.0,0.0,0.0,0.5982000000000001,18.123,6.0,-3,20.80842745903743,55.0,0.015999999999999993,0.0,0.0,0.0,0.0,38.689215623590336,optimal
2021-02-10 14:30:00,10,35,0.0,0.0,0.0,1.5306333333333335,31.647,6.0,-3,20.78578565198514,55.0,0.013999999999999995,0.0,0.0,0.0,0.0,38.650526407966744,optimal
2021-02-10 15:00:00,10,35,0.0,0.0,0.0,0.18313333333333331,34.9965,6.0,-3,20.723590763432796,55.0,0.013999999999999995,0.0,0.0,0.0,0.0,38.611875881558774,optimal
2021-02-10 15:30:00,10,35,0.0,0.0,0.0,0.2794,34.9965,6.0,-3,20.590844109239786,55.0,0.013999999999999995,0.0,0.0,0.0,0.0,38.57326400567722,optimal
2021-02-10 16:00:00,10,35,0.0,0.0,0.0,0.2169333333333333,34.9965,6.0,-3,20.488552059555346,55.0,0.013999999999999995,0.0,0.0,0.0,0.0,38.53469074167154,optimal
2021-02-10 16:30:00,10,35,0.0,0.0,0.0,1.546,34.9965,6.0,-3,20.341711757554414,55.0,0.013333333333333329,0.0,0.0,0.0,0.0,38.49615605092987,optimal
2021-02-10 17:00:00,10,35,0.0,0.0,0.0,0.19496666666666668,34.9965,6.0,-3,20.346335274838953,55.0,0.007333333333333328,0.0,0.0,0.0,0.0,38.45765989487894,optimal
2021-02-10 17:30:00,10,35,0.0,0.0,0.0,1.7162666666666668,27.741,6.0,-3,20.14946132361393,55.0,0.006666666666666662,0.0,0.0,0.0,0.0,38.419202234984056,optimal
2021-02-10 18:00:00,10,35,0.4309386736144946,0.0,0.0,0.48936666666666667,19.026,6.0,-3,20.0,55.0,0.006666666666666662,1508.2853576507312,0.0,0.0,0.0,38.38078303274907,optimal
2021-02-10 18:30:00,10,35,0.42287113969108536,0.0,0.0,0.5239666666666667,18.7215,6.0,-3,20.0,55.0,0.006666666666666662,1480.0489889187988,0.0,0.0,0.0,38.34240224971632,optimal
2021-02-10 19:00:00,10,35,0.4132702724343345,0.0,0.0,0.6215333333333333,17.4195,6.0,-3,20.0,55.0,0.002666666666666662,1446.4459535201709,0.0,0.0,0.0,38.304059847466604,optimal
2021-02-10 19:30:00,10,35,0.6447592542083949,0.0,0.0,0.2801666666666667,16.758,6.0,-3,20.0,55.0,0.002666666666666662,2256.657389729382,0.0,0.0,0.0,38.265755787619135,optimal
2021-02-10 20:00:00,10,35,0.6881987121729233,0.0,0.0,0.062,14.217,6.0,-3,20.0,55.0,0.002666666666666662,2408.6954926052313,0.0,0.0,0.0,38.227490031831515,optimal
2021-02-10 20:30:00,10,35,0.0,0.0,0.0,0.18813333333333332,13.3665,6.0,-3,20.0,55.0,0.002666666666666662,0.0,0.0,0.0,0.0,38.189262541799685,optimal
2021-02-10 21:00:00,10,35,0.0,0.0,0.0,0.062,12.789,6.0,-3,19.72462271223922,55.0,0.002666666666666662,0.0,0.0,0.0,0.0,38.151073279257886,optimal
2021-02-10 21:30:00,10,35,0.0,0.0,0.0,0.1824,11.907,6.0,-3,19.437369640469257,55.0,0.002666666666666662,0.0,0.0,0.0,0.0,38.11292220597863,optimal
2021-02-10 22:00:00,10,35,0.0,0.0,0.0,0.06773333333333334,11.7075,6.0,-3,19.14757339116443,55.0,0.002666666666666662,0.0,0.0,0.0,0.0,38.07480928377265,optimal
2021-02-10 22:30:00,10,35,0.0,0.0,0.0,0.13653333333333334,10.8045,6.0,-3,18.826987261511267,55.0,0.002666666666666662,0.0,0.0,0.0,0.0,38.03673447448888,optimal
2021-02-10 23:00:00,10,35,0.0,0.0,0.0,0.11359999999999999,11.508,6.0,-3,18.51571319556764,55.0,0.002666666666666662,0.0,0.0,0.0,0.0,37.99869774001439,optimal
2021-02-10 23:30:00,10,35,0.0,0.0,0.0,0.062,11.508,6.0,-3,18.202577165425495,55.0,0.002666666666666662,0.0,0.0,0.0,0.0,37.96069904227438,optimal
2021-02-11 00:00:00,10,35,1.1198283776501834,0.0,4.64675353903887,0.062,10.6365,6.0,3,18.202577165425495,55.0,0.002666666666666662,3919.3993217756424,0.0,0.0,0.0,40.12994627427557,optimal
2021-02-11 00:30:00,10,35,0.0,0.0,0.0,0.062,11.2455,6.0,3,18.363593725813953,55.0,0.002666666666666662,0.0,0.0,0.0,0.0,40.089816328001284,optimal
2021-02-11 01:00:00,10,35,0.0,0.0,0.0,0.166,11.2455,6.0,3,18.052122315201398,55.0,0.002666666666666662,0.0,0.0,0.0,0.0,40.049726511673285,optimal
2021-02-11 01:30:00,10,35,2.0,0.0,0.0,0.062,11.025,6.0,3,17.75919109046116,55.0,0.007333333333333333,6512.333333333333,0.0,487.6666666666672,0.0,40.0096767851616,optimal
2021-02-11 02:00:00,10,35,0.0,0.0,0.0,0.166,12.0855,6.0,3,18.241620825077913,55.0,0.007333333333333333,0.0,0.0,0.0,0.0,39.969667108376434,optimal
2021-02-11 02:30:00,10,35,0.0,0.0,0.0,0.06933333333333333,11.6865,6.0,3,17.94591412564851,55.0,0.007333333333333333,0.0,0.0,0.0,0.0,39.929697441268054,optimal
2021-02-11 03:00:00,10,35,2.0,0.0,0.0,0.065,11.2245,6.0,3,17.640560225718204,55.0,0.007333333333333333,7000.0,0.0,0.0,0.0,39.88976774382679,optimal
2021-02-11 03:30:00,10,35,2.0,0.0,0.0,0.1088,11.025,6.0,3,18.180475761465942,55.0,0.007333333333333333,7000.0,0.0,0.0,0.0,39.84987797608295,optimal
2021-02-11 04:00:00,10,35,2.0,0.0,0.0,0.1192,10.7835,6.0,3,18.721776193951296,55.0,0.007333333333333333,7000.0,0.0,0.0,0.0,39.81002809810687,optimal
2021-02-11 04:30:00,10,35,2.0,0.0,0.0,0.065,11.025,6.0,3,19.260061478366826,55.0,0.007333333333333333,7000.0,0.0,0.0,0.0,39.77021807000876,optimal
2021-02-11 05:00:00,10,35,2.0,0.0,9.0,0.1678,10.584,6.0,3,19.783580329025895,55.0,0.007333333333333333,7000.0,0.0,0.0,0.0,44.00544785193874,optimal
2021-02-11 05:30:00,10,35,2.0,0.0,0.0,0.06720000000000001,11.025,6.0,3,20.311319425722118,55.0,0.007333333333333333,7000.0,0.0,0.0,0.0,43.9614424040868,optimal
2021-02-11 06:00:00,10,35,2.0,0.0,9.0,0.062,10.4265,6.0,3,20.8237283964236,55.0,0.007333333333333333,7000.0,0.0,0.0,0.0,48.192480961682705,optimal
2021-02-11 06:30:00,10,35,2.0,0.0,0.0,0.166,12.789,6.0,3,21.331668335086505,55.0,0.007333333333333333,7000.0,0.0,0.0,0.0,48.144288480721016,optimal
2021-02-11 07:00:00,10,35,2.0,0.0,0.0,0.062,12.684,6.0,3,21.848343980115448,55.0,0.007333333333333333,7000.0,0.0,0.0,0.0,48.096144192240295,optimal
2021-02-11 07:30:00,10,35,0.0,0.0,0.0,0.062,16.254,6.0,3,22.34860017881107,55.0,0.007333333333333333,0.0,0.0,0.0,0.0,48.048048048048045,optimal
2021-02-11 08:00:00,10,35,0.0,0.0,0.0,0.062,17.64,6.0,3,22.0,55.0,0.007333333333333333,0.0,0.0,0.0,0.0,48.0,optimal
2021-02-11 08:30:00,10,35,0.0,0.0,0.0,0.1577333333333333,19.1625,6.0,3,21.658875504094077,55.0,0.007333333333333333,0.0,0.0,0.0,0.0,47.05842538214266,optimal
2021-02-11 09:00:00,10,35,0.0,0.0,0.0,0.08726666666666666,26.46,6.0,3,21.32107971941378,55.0,0.007333333333333333,0.0,0.0,0.0,0.0,46.11779233890318,optimal
2021-02-11 09:30:00,10,35,0.0,0.0,0.0,0.0932,20.79,6.0,3,21.01384840455829,55.0,0.007333333333333333,0.0,0.0,0.0,0.0,45.178099928706935,optimal
2021-02-11 10:00:00,10,35,0.0,0.0,0.0,0.1348,29.106,6.0,3,20.737160561234703,55.0,0.007333333333333333,0.0,0.0,0.0,0.0,44.23934721092089,optimal
2021-02-11 10:30:00,10,35,0.0,0.0,0.0,0.062,19.1835,6.0,3,20.553743210249152,55.0,0.007333333333333333,0.0,0.0,0.0,0.0,43.30153324585263,optimal
2021-02-11 11:00:00,10,35,0.0,0.0,0.0,0.062,19.6665,6.0,3,20.355464892930737,55.0,0.007333333333333333,0.0,0.0,0.0,0.0,42.36465709474944,optimal
2021-02-11 11:30:00,10,35,0.0,0.0,0.0,0.166,19.404,6.0,3,20.198793696864687,55.0,0.007333333333333333,0.0,0.0,0.0,0.0,41.42871781979735,optimal
2021-02-11 12:00:00,10,35,0.061740789762110504,0.0,0.0,0.062,19.047,6.0,3,20.067915590514385,55.0,0.007333333333333333,216.09276416738675,0.0,0.0,0.0,40.49371448412021,optimal
2021-02-11 12:30:00,10,35,0.3518932095208564,0.0,0.0,0.1556,18.858,6.0,3,20.0,55.0,0.007333333333333333,1231.6262333229972,0.0,0.0,0.0,39.55964615177875,optimal
2021-02-11 13:00:00,10,35,0.0,0.0,0.0,0.08053333333333333,19.2675,6.0,3,20.076053685534582,55.0,0.007333333333333333,0.0,0.0,0.0,0.0,39.52008650562697,optimal
2021-02-11 13:30:00,10,35,0.08882053731545587,0.0,0.0,1.183733333333333,18.963,6.0,3,20.0,55.0,0.007333333333333333,310.87188060409557,0.0,0.0,0.0,39.480566419121345,optimal
2021-02-11 14:00:00,10,35,0.15603016791199414,0.0,0.0,0.2944,18.438,6.0,3,20.0,55.0,0.007333333333333333,546.1055876919795,0.0,0.0,0.0,39.44108585270222,optimal
2021-02-11 14:30:00,10,35,0.0,0.0,0.0,0.23226666666666668,18.7425,6.0,3,20.029606309108107,55.0,0.007333333333333333,0.0,0.0,0.0,0.0,39.40164476684952,optimal
2021-02-11 15:00:00,10,35,2.0,0.0,0.0,0.3358,15.2145,6.0,3,20.0,55.0,0.004666666666666667,7000.0,0.0,0.0,0.0,39.362243122082674,optimal
2021-02-11 15:30:00,10,35,0.0,0.0,0.0,0.23903333333333332,17.7765,6.0,3,20.783039822613677,55.0,0.004666666666666667,0.0,0.0,0.0,0.0,39.32288087896059,optimal
2021-02-11 16:00:00,10,35,0.09533488845367673,0.0,0.0,0.124,16.758,6.0,3,20.676695284478672,55.0,0.004666666666666667,333.67210958786853,0.0,0.0,0.0,39.283557998081626,optimal
2021-02-11 16:30:00,10,35,2.0,0.0,0.0,0.1813333333333333,16.422,6.0,3,20.506326922603485,55.0,0.004666666666666667,7000.0,0.0,0.0,0.0,39.244274440083544,optimal
2021-02-11 17:00:00,10,35,2.0,0.0,0.0,1.4678666666666667,16.758,6.0,3,21.136810651463325,55.0,0.004666666666666667,7000.0,0.0,0.0,0.0,39.20503016564346,optimal
2021-02-11 17:30:00,10,35,0.0,0.0,0.0,0.5046,29.358,6.0,3,21.846547369705508,55.0,0.004666666666666667,0.0,0.0,0.0,0.0,39.16582513547781,optimal
2021-02-11 18:00:00,10,35,0.0,0.0,0.0,0.209,34.9965,6.0,3,21.593165435118095,55.0,0.004666666666666667,0.0,0.0,0.0,0.0,39.12665931034233,optimal
2021-02-11 18:30:00,10,35,0.0,0.0,0.0,0.4066,34.65,6.0,3,21.281683607542718,55.0,0.002666666666666666,0.0,0.0,0.0,0.0,39.08753265103199,optimal
2021-02-11 19:00:00,10,35,0.0,0.0,0.0,0.3569,34.9965,6.0,3,20.984177125064026,55.0,0.002666666666666666,0.0,0.0,0.0,0.0,39.04844511838096,optimal
2021-02-11 19:30:00,10,35,0.0,0.0,0.0,0.31539999999999996,34.9965,6.0,3,20.667476778863225,55.0,0.002666666666666666,0.0,0.0,0.0,0.0,39.00939667326258,optimal
2021-02-11 20:00:00,10,35,0.0,0.0,0.0,0.18280000000000002,30.4815,6.0,3,20.345695186686566,55.0,0.002666666666666666,0.0,0.0,0.0,0.0,38.970387276589314,optimal
2021-02-11 20:30:00,10,35,0.0,0.0,0.0,0.15406666666666666,21.4305,6.0,3,20.0,55.0,0.002666666666666666,0.0,0.0,0.0,0.0,38.93141688931272,optimal
2021-02-11 21:00:00,10,35,0.0,0.0,0.0,0.15866666666666665,14.3325,6.0,3,19.660054562617677,55.0,0.001333333333333333,0.0,0.0,0.0,0.0,38.89248547242341,optimal
2021-02-11 21:30:00,10,35,0.0,0.0,0.0,0.332,13.692,6.0,3,19.3240620624349,55.0,0.0,0.0,0.0,0.0,0.0,38.853592986950986,optimal
2021-02-11 22:00:00,10,35,0.0,0.0,0.0,0.072,14.007,6.0,3,19.0160851466263,55.0,0.0,0.0,0.0,0.0,0.0,38.81473939396403,optimal
2021-02-11 22:30:00,10,35,0.0,0.0,0.0,0.072,12.873,6.0,3,18.66869351759989,55.0,0.0,0.0,0.0,0.0,0.0,38.77592465457007,optimal
2021-02-11 23:00:00,10,35,0.0,0.0,0.0,0.176,12.684,6.0,3,18.31760208037781,55.0,0.0,0.0,0.0,0.0,0.0,38.737148729915496,optimal
2021-02-11 23:30:00,10,35,0.0,0.0,0.0,0.07033333333333333,12.306,6.0,3,17.97537862684254,55.0,0.0,0.0,0.0,0.0,0.0,38.69841158118558,optimal
2021-02-12 00:00:00,10,35,0.0,0.0,0.0,0.058,11.025,6.0,-2,17.97537862684254,55.0,0.0,0.0,0.0,0.0,0.0,38.659713169604395,optimal
2021-02-12 00:30:00,10,35,2.0,0.0,0.0,0.058,10.3635,6.0,-2,17.620874958848894,55.0,0.015999999999999997,5328.0,0.0,1671.9999999999998,0.0,38.62105345643479,optimal
2021-02-12 01:00:00,10,35,2.0,0.0,0.0,0.058,10.8045,6.0,-2,17.912645004750644,55.0,0.015999999999999997,7000.0,0.0,0.0,0.0,38.582432402978355,optimal
2021-02-12 01:30:00,10,35,2.0,0.0,3.587021257250067,0.07133333333333333,10.059,6.0,-2,18.401321896002393,55.0,0.015999999999999997,7000.0,0.0,0.0,0.0,40.247685067769154,optimal
2021-02-12 02:00:00,10,35,2.0,0.0,0.0,0.1913333333333333,10.584,6.0,-2,18.885910370485295,55.0,0.015999999999999997,7000.0,0.0,0.0,0.0,40.207437382701386,optimal
2021-02-12 02:30:00,10,35,2.0,0.0,9.0,0.058,9.4185,6.0,-2,19.37930477341989,55.0,0.015999999999999997,7000.0,0.0,0.0,0.0,44.44222994531867,optimal
2021-02-12 03:00:00,10,35,2.0,0.0,0.0,0.17133333333333334,10.3635,6.0,-2,19.85382356008957,55.0,0.015999999999999997,7000.0,0.0,0.0,0.0,44.397787715373354,optimal
2021-02-12 03:30:00,10,35,2.0,0.0,9.0,0.09133333333333331,9.8385,6.0,-2,20.339422889969264,55.0,0.015999999999999997,7000.0,0.0,0.0,0.0,48.62838992765797,optimal
2021-02-12 04:00:00,10,35,2.0,0.0,0.0,0.098,11.067,6.0,-2,20.818536573611215,55.0,0.015999999999999997,7000.0,0.0,0.0,0.0,48.579761537730306,optimal
2021-02-12 04:30:00,10,35,2.0,0.0,0.0,0.16466666666666666,10.8465,6.0,-2,21.30168760496094,55.0,0.015999999999999997,7000.0,0.0,0.0,0.0,48.53118177619257,optimal
2021-02-12 05:00:00,10,35,0.0,0.0,0.0,0.058,13.671,6.0,-2,21.796036237640926,55.0,0.015999999999999997,0.0,0.0,0.0,0.0,48.48265059441637,optimal
2021-02-12 05:30:00,10,35,2.0,0.0,0.0,0.06666666666666667,12.348,6.0,-2,21.438300725691658,55.0,0.015999999999999997,7000.0,0.0,0.0,0.0,48.434167943821954,optimal
2021-02-12 06:00:00,10,35,0.0,0.0,0.0,0.17266666666666666,14.3325,6.0,-2,21.939783630129092,55.0,0.015999999999999997,0.0,0.0,0.0,0.0,48.38573377587813,optimal
2021-02-12 06:30:00,10,35,0.0,0.0,0.0,0.09133333333333331,15.393,6.0,-2,21.61701362350019,55.0,0.015999999999999997,0.0,0.0,0.0,0.0,48.33734804210225,optimal
2021-02-12 07:00:00,10,35,0.0,0.0,0.0,0.1038,13.587,6.0,-2,21.290809835367757,55.0,0.015999999999999997,0.0,0.0,0.0,0.0,48.289010694060146,optimal
2021-02-12 07:30:00,10,35,0.0,0.0,0.0,0.9564,16.1385,6.0,-2,20.992602824168692,55.0,0.010666666666666665,0.0,0.0,0.0,0.0,48.240721683366075,optimal
2021-02-12 08:00:00,10,35,0.0,0.0,0.0,0.20366666666666663,14.595,6.0,-2,20.70071914912977,55.0,0.007999999999999998,0.0,0.0,0.0,0.0,48.192480961682705,optimal
2021-02-12 08:30:00,10,35,0.0,0.0,0.0,0.057,14.637,6.0,-2,20.409334424334546,55.0,0.005333333333333332,0.0,0.0,0.0,0.0,48.144288480721016,optimal
2021-02-12 09:00:00,10,35,0.34728679456927475,0.0,0.0,0.07006666666666667,13.9125,6.0,-2,20.11908762005503,55.0,0.003999999999999999,1215.5037809924618,0.0,0.0,0.0,48.096144192240295,optimal
2021-02-12 09:30:00,10,35,0.5234313478722896,0.0,0.0,0.258,13.3665,6.0,-2,20.0,55.0,0.001333333333333333,1832.0097175530138,0.0,0.0,0.0,48.048048048048045,optimal
2021-02-12 10:00:00,10,35,0.7064019470564566,0.0,0.0,0.5085333333333334,13.0095,6.0,-2,20.0,55.0,0.001333333333333333,2472.4068146975983,0.0,0.0,0.0,48.0,optimal
2021-02-12 10:30:00,10,35,0.0,0.0,0.0,0.068,13.8915,6.0,-2,20.183710044475216,55.0,0.001333333333333333,0.0,0.0,0.0,0.0,47.641966709556044,optimal
2021-02-12 11:00:00,10,35,0.2625510707969976,0.0,0.0,0.21466666666666662,13.188,6.0,-2,20.0,55.0,0.001333333333333333,918.9287477894915,0.0,0.0,0.0,47.284291452402535,optimal
2021-02-12 11:30:00,10,35,0.30271689348980557,0.0,0.0,0.068,12.5685,6.0,-2,20.0,55.0,0.001333333333333333,1059.5091272143195,0.0,0.0,0.0,46.92697387050618,optimal
2021-02-12 12:00:00,10,35,0.2328326865046458,0.0,0.0,0.16133333333333336,12.285,6.0,-2,20.0,55.0,0.001333333333333333,814.9144027662603,0.0,0.0,0.0,46.57001360619172,optimal
2021-02-12 12:30:00,10,35,0.5049802753985959,0.0,0.0,0.12133333333333332,11.487,6.0,-2,20.0,55.0,0.001333333333333333,1767.4309638950858,0.0,0.0,0.0,46.213410302141575,optimal
2021-02-12 13:00:00,10,35,0.0,0.0,0.0,0.068,11.802,6.0,-2,20.11052914714751,55.0,0.001333333333333333,0.0,0.0,0.0,0.0,45.85716360139548,optimal
2021-02-12 13:30:00,10,35,2.0,0.0,0.0,0.13466666666666666,11.2245,6.0,-2,20.0,55.0,0.001333333333333333,7000.0,0.0,0.0,0.0,45.501273147350126,optimal
2021-02-12 14:00:00,10,35,2.0,0.0,0.0,0.148,11.025,6.0,-2,20.73990834379852,55.0,0.001333333333333333,7000.0,0.0,0.0,0.0,45.14573858375882,optimal
2021-02-12 14:30:00,10,35,1.33546612480367,0.0,0.0,0.07466666666666667,11.907,6.0,-2,21.455472533689566,55.0,0.001333333333333333,4674.131436812845,0.0,0.0,0.0,44.79055955473111,optimal
2021-02-12 15:00:00,10,35,0.0,0.0,0.0,0.208,25.83,6.0,-2,21.87041220609051,55.0,0.001333333333333333,0.0,0.0,0.0,0.0,44.43573570473242,optimal
2021-02-12 15:30:00,10,35,0.0,0.0,0.0,0.068,28.035,6.0,-2,21.710157901514314,55.0,0.001333333333333333,0.0,0.0,0.0,0.0,44.08126667858374,optimal
2021-02-12 16:00:00,10,35,0.0,0.0,0.0,0.068,28.119,6.0,-2,21.533208551059786,55.0,0.001333333333333333,0.0,0.0,0.0,0.0,43.7271521214612,optimal
2021-02-12 16:30:00,10,35,0.0,0.0,0.0,0.14133333333333334,30.156,6.0,-2,21.303158409263595,55.0,0.001333333333333333,0.0,0.0,0.0,0.0,43.373391678895786,optimal
2021-02-12 17:00:00,10,35,0.0,0.0,0.0,0.14133333333333334,29.1585,6.0,-2,21.080907446873432,55.0,0.001333333333333333,0.0,0.0,0.0,0.0,43.01998499677293,optimal
2021-02-12 17:30:00,10,35,0.0,0.0,0.0,0.068,26.712,6.0,-2,20.808389216441984,55.0,0.001333333333333333,0.0,0.0,0.0,0.0,42.666931721332205,optimal
2021-02-12 18:00:00,10,35,0.0,0.0,0.0,0.26466666666666666,15.435,6.0,-2,20.52957406602182,55.0,0.001333333333333333,0.0,0.0,0.0,0.0,42.62426478961087,optimal
2021-02-12 18:30:00,10,35,0.0,0.0,0.0,0.06733333333333333,13.566,6.0,-2,20.27628315948647,55.0,0.001333333333333333,0.0,0.0,0.0,0.0,42.58164052482126,optimal
2021-02-12 19:00:00,10,35,0.620323605767669,0.0,0.0,0.15766666666666665,12.789,6.0,-2,20.0,55.0,0.0,2171.1326201868415,0.0,0.0,0.0,42.53905888429644,optimal
2021-02-12 19:30:00,10,35,1.114057954844884,0.0,0.0,0.227,12.1275,6.0,-2,20.0,55.0,0.0,3899.2028419570934,0.0,0.0,0.0,42.49651982541214,optimal
2021-02-12 20:00:00,10,35,0.0,0.0,0.0,0.167,13.671,6.0,-2,20.2334746702147,55.0,0.0,0.0,0.0,0.0,0.0,42.45402330558673,optimal
2021-02-12 20:30:00,10,35,0.0,0.0,0.0,0.28486666666666666,10.668,6.0,-2,20.0,55.0,0.0,0.0,0.0,0.0,0.0,42.41156928228114,optimal
2021-02-12 21:00:00,10,35,0.0,0.0,0.0,0.2308,11.7285,6.0,-2,19.819310396173044,55.0,0.0,0.0,0.0,0.0,0.0,42.36915771299886,optimal
2021-02-12 21:30:00,10,35,0.0,0.0,0.0,0.088,11.025,6.0,-2,19.588446344039692,55.0,0.0,0.0,0.0,0.0,0.0,42.326788555285866,optimal
2021-02-12 22:00:00,10,35,0.0,0.0,0.0,0.19466666666666663,10.689,6.0,-2,19.30865751989892,55.0,0.0,0.0,0.0,0.0,0.0,42.28446176673058,optimal
2021-02-12 22:30:00,10,35,0.0,0.0,0.0,0.068,8.1585,6.0,-2,19.036426244973317,55.0,0.0,0.0,0.0,0.0,0.0,42.242177304963846,optimal
2021-02-12 23:00:00,10,35,0.0,0.0,0.0,0.11466666666666668,10.3635,6.0,-2,18.7529412568717,55.0,0.0,0.0,0.0,0.0,0.0,42.19993512765888,optimal
2021-02-12 23:30:00,10,35,0.0,0.0,0.0,0.168,10.8045,6.0,-2,18.47922338709799,55.0,0.0,0.0,0.0,0.0,0.0,42.15773519253123,optimal
2021-02-13 00:00:00,10,35,0.0,0.0,0.0,0.062,11.025,6.0,4,18.47922338709799,55.0,0.0,0.0,0.0,0.0,0.0,42.115577457338695,optimal
2021-02-13 00:30:00,10,35,0.6934399441114435,0.0,0.0,0.2072,8.2005,6.0,4,18.214259245211366,55.0,0.023225261286029208,0.0,0.0,2427.0398043900523,0.0,42.07346187988136,optimal
2021-02-13 01:00:00,10,35,0.0,0.0,0.0,0.06833333333333333,9.5655,6.0,4,17.971379115178497,55.0,0.0058919279526958735,0.0,0.0,0.0,0.0,42.03138841800148,optimal
2021-02-13 01:30:00,10,35,2.0,0.0,9.0,0.096,7.056,6.0,4,17.757330533110018,55.0,0.043333333333333335,3087.3731377233853,0.0,3912.6268622766147,0.0,46.26435702958347,optimal
2021-02-13 02:00:00,10,35,0.0,0.0,0.0,0.2072,9.3975,6.0,4,17.9373418830203,55.0,0.043333333333333335,0.0,0.0,0.0,0.0,46.21809267255389,optimal
2021-02-13 02:30:00,10,35,0.0,0.0,0.0,0.062,10.059,6.0,4,17.700714563808468,55.0,0.043333333333333335,0.0,0.0,0.0,0.0,46.17187457988133,optimal
2021-02-13 03:00:00,10,35,0.0,0.0,0.0,0.062,9.261,6.0,4,17.450082072729746,55.0,0.043333333333333335,0.0,0.0,0.0,0.0,46.12570270530145,optimal
2021-02-13 03:30:00,10,35,2.0,0.0,0.0,0.18080000000000002,8.1585,6.0,4,17.203120450280675,55.0,0.043333333333333335,7000.0,0.0,0.0,0.0,46.079577002596146,optimal
2021-02-13 04:00:00,10,35,0.0,0.0,0.0,0.0884,9.4815,6.0,4,17.815599731588208,55.0,0.043333333333333335,0.0,0.0,0.0,0.0,46.03349742559355,optimal
2021-02-13 04:30:00,10,35,2.0,0.0,0.0,0.062,8.379,6.0,4,17.564996472153307,55.0,0.043333333333333335,7000.0,0.0,0.0,0.0,45.98746392816796,optimal
2021-02-13 05:00:00,10,35,0.0,0.0,0.0,0.2072,9.5235,6.0,4,18.155684217565526,55.0,0.043333333333333335,0.0,0.0,0.0,0.0,45.94147646423979,optimal
2021-02-13 05:30:00,10,35,2.0,0.0,0.0,0.06833333333333333,8.1375,6.0,4,17.911465039025664,55.0,0.043333333333333335,7000.0,0.0,0.0,0.0,45.89553498777555,optimal
2021-02-13 06:00:00,10,35,0.0,0.0,0.0,0.072,10.0905,6.0,4,18.49414897650943,55.0,0.043333333333333335,0.0,0.0,0.0,0.0,45.84963945278777,optimal
2021-02-13 06:30:00,10,35,2.0,0.0,4.724754178343311,0.105,7.539,6.0,4,18.22457230229761,55.0,0.043333333333333335,7000.0,0.0,0.0,0.0,48.048048048048045,optimal
2021-02-13 07:00:00,10,35,2.0,0.0,0.0,1.482733333333333,7.938,6.0,4,18.804444038954927,55.0,0.02266666666666667,7000.0,0.0,0.0,0.0,48.0,optimal
2021-02-13 07:30:00,10,35,2.0,0.0,0.0,0.072,8.274,6.0,4,19.4536726277053,55.0,0.02266666666666667,7000.0,0.0,0.0,0.0,47.91138867537726,optimal
2021-02-13 08:00:00,10,35,2.0,0.0,0.0,0.21719999999999998,9.261,6.0,4,20.0,55.0,0.02266666666666667,7000.0,0.0,0.0,0.0,47.82286596207914,optimal
2021-02-13 08:30:00,10,35,0.0,0.0,0.0,0.072,9.9225,6.0,4,20.55670184368788,55.0,0.02266666666666667,0.0,0.0,0.0,0.0,47.73443177149432,optimal
2021-02-13 09:00:00,10,35,2.0,0.0,0.0,0.19080000000000003,9.702,6.0,4,20.246249668395116,55.0,0.02266666666666667,7000.0,0.0,0.0,0.0,47.64608601510009,optimal
2021-02-13 09:30:00,10,35,0.0,0.0,0.0,0.0984,10.584,6.0,4,20.82711006190428,55.0,0.02266666666666667,0.0,0.0,0.0,0.0,47.55782860446225,optimal
2021-02-13 10:00:00,10,35,2.0,0.0,0.0,0.0984,10.143,6.0,4,20.549744944048882,55.0,0.02266666666666667,7000.0,0.0,0.0,0.0,47.46965945123505,optimal
2021-02-13 10:30:00,10,35,0.0,0.0,0.0,0.19080000000000003,13.0095,6.0,4,21.172585841253888,55.0,0.02266666666666667,0.0,0.0,0.0,0.0,47.38157846716108,optimal
2021-02-13 11:00:00,10,35,0.0,0.0,0.0,0.072,11.025,6.0,4,20.955892788940407,55.0,0.02266666666666667,0.0,0.0,0.0,0.0,47.29358556407118,optimal
2021-02-13 11:30:00,10,35,0.0,0.0,0.0,0.21719999999999998,12.789,6.0,4,20.787765677695052,55.0,0.02266666666666667,0.0,0.0,0.0,0.0,47.20568065388437,optimal
2021-02-13 12:00:00,10,35,0.0,0.0,0.0,0.072,12.1275,6.0,4,20.64030426251989,55.0,0.02266666666666667,0.0,0.0,0.0,0.0,47.11786364860775,optimal
2021-02-13 12:30:00,10,35,0.0,0.0,0.0,0.171,12.1695,6.0,4,20.502282424241876,55.0,0.02266666666666667,0.0,0.0,0.0,0.0,47.030134460336406,optimal
2021-02-13 13:00:00,10,35,0.0,0.0,0.0,0.2347,12.306,6.0,4,20.37965874109446,55.0,0.020666666666666663,0.0,0.0,0.0,0.0,46.98310432587607,optimal
2021-02-13 13:30:00,10,35,0.0,0.0,0.0,0.2797,13.23,6.0,4,20.290669393490063,55.0,0.020666666666666663,0.0,0.0,0.0,0.0,46.936121221550195,optimal
2021-02-13 14:00:00,10,35,0.0,0.0,0.0,0.3873333333333333,13.671,6.0,4,20.22033071305494,55.0,0.01933333333333333,0.0,0.0,0.0,0.0,46.889185100328646,optimal
2021-02-13 14:30:00,10,35,0.0,0.0,0.0,3.5305,13.9335,6.0,4,20.117219241951418,55.0,0.01933333333333333,0.0,0.0,0.0,0.0,46.84229591522832,optimal
2021-02-13 15:00:00,10,35,0.0,0.0,0.0,0.7842333333333333,13.293,6.0,4,20.202662566883866,55.0,0.018,0.0,0.0,0.0,0.0,46.79545361931309,optimal
2021-02-13 15:30:00,10,35,0.0596948631038149,0.0,0.0,0.5167999999999999,12.1065,6.0,4,20.092470328282953,55.0,0.015999999999999997,208.93202086335216,0.0,0.0,0.0,46.74865816569378,optimal
2021-02-13 16:00:00,10,35,0.34207702431919434,0.0,0.0,0.6628333333333334,11.571,6.0,4,20.0,55.0,0.015999999999999997,1197.2695851171802,0.0,0.0,0.0,46.701909507528086,optimal
2021-02-13 16:30:00,10,35,0.36869416717633396,0.0,0.0,0.6685,11.025,6.0,4,20.0,55.0,0.012666666666666665,1290.429585117169,0.0,0.0,0.0,46.65520759802056,optimal
2021-02-13 17:00:00,10,35,2.0,0.0,0.0,0.3511666666666667,10.8465,6.0,4,20.0,55.0,0.009999999999999998,7000.0,0.0,0.0,0.0,46.60855239042254,optimal
2021-02-13 17:30:00,10,35,1.696177743151275,0.0,0.0,1.3035,11.2455,6.0,4,20.63312172823312,55.0,0.002666666666666666,5936.622101029463,0.0,0.0,0.0,46.561943838032114,optimal
2021-02-13 18:00:00,10,35,0.0,0.0,0.0,1.5972666666666668,23.8665,6.0,4,21.172479949625668,55.0,0.001333333333333333,0.0,0.0,0.0,0.0,46.515381894194086,optimal
2021-02-13 18:30:00,10,35,0.0,0.0,0.0,0.2058,27.4575,6.0,4,20.960396714877344,55.0,0.001333333333333333,0.0,0.0,0.0,0.0,46.46886651229989,optimal
2021-02-13 19:00:00,10,35,0.0,0.0,0.0,0.2339,27.3735,6.0,4,20.704142431339587,55.0,0.001333333333333333,0.0,0.0,0.0,0.0,46.42239764578759,optimal
2021-02-13 19:30:00,10,35,0.0,0.0,0.0,0.4526,30.4605,6.0,4,20.460960024635856,55.0,0.001333333333333333,0.0,0.0,0.0,0.0,46.375975248141806,optimal
2021-02-13 20:00:00,10,35,0.0,0.0,0.0,0.1146,30.0195,6.0,4,20.24967073915392,55.0,0.001333333333333333,0.0,0.0,0.0,0.0,46.32959927289367,optimal
2021-02-13 20:30:00,10,35,0.0,0.0,0.0,0.2522,26.9325,6.0,4,20.0,55.0,0.0,0.0,0.0,0.0,0.0,46.28326967362077,optimal
2021-02-13 21:00:00,10,35,0.0,0.0,0.0,0.2414333333333333,14.595,6.0,4,19.77432866957006,55.0,0.0,0.0,0.0,0.0,0.0,46.23698640394715,optimal
2021-02-13 21:30:00,10,35,0.0,0.0,0.0,0.10266666666666668,12.4845,6.0,4,19.561825099992195,55.0,0.0,0.0,0.0,0.0,0.0,46.1907494175432,optimal
2021-02-13 22:00:00,10,35,0.0,0.0,0.0,0.3557666666666667,12.1275,6.0,4,19.34451833650128,55.0,0.0,0.0,0.0,0.0,0.0,46.14455866812566,optimal
2021-02-13 22:30:00,10,35,0.0,0.0,0.0,0.0852,12.1275,6.0,4,19.117128361280244,55.0,0.0,0.0,0.0,0.0,0.0,46.098414109457536,optimal
2021-02-13 23:00:00,10,35,0.0,0.0,0.0,0.072,12.789,6.0,4,18.846606423405415,55.0,0.0,0.0,0.0,0.0,0.0,46.05231569534808,optimal
2021-02-13 23:30:00,10,35,0.0,0.0,0.0,0.21719999999999998,11.907,6.0,4,18.579190719335166,55.0,0.0,0.0,0.0,0.0,0.0,46.00626337965273,optimal
