time,run,dwelling_id,hp_elec_kw,boiler_gas_kw,ev_charge_kw,appliance_kw,tariff_elec_price,tariff_gas_price,tariff_offset_steps,Tin_C,T_tank_C,V_stor_m3,Q_hp_space_w,Q_bo_space_w,Q_hp_hw_w,Q_bo_hw_w,ev_soc_kwh,solve_status
2021-02-07 00:00:00,1,62,0.0,0.0,0.0,0.2514,7.938,6.0,2,21.0,55.0,0.12,0.0,0.0,0.0,0.0,47.952,optimal
2021-02-07 00:30:00,1,62,2.4285714285714284,0.0,0.0,0.051,5.292,6.0,2,20.657324546093058,55.0,0.12,8500.0,0.0,0.0,0.0,47.904047999999996,optimal
2021-02-07 01:00:00,1,62,0.0,0.0,0.0,0.2072,9.261,6.0,2,20.946836959150463,55.0,0.12,0.0,0.0,0.0,0.0,47.856143952,optimal
2021-02-07 01:30:00,1,62,0.0,0.0,0.0,0.051,10.3635,6.0,2,20.587035954115784,55.0,0.12,0.0,0.0,0.0,0.0,47.80828780804799,optimal
2021-02-07 02:00:00,1,62,0.0,0.0,0.0,0.051,8.274,6.0,2,20.221705106957902,55.0,0.12,0.0,0.0,0.0,0.0,47.76047952023995,optimal
2021-02-07 02:30:00,1,62,0.0,0.0,0.0,0.1149,7.7175,6.0,2,19.862963063905887,55.0,0.12,0.0,0.0,0.0,0.0,47.712719040719705,optimal
2021-02-07 03:00:00,1,62,0.0,0.0,0.0,0.1433,6.615,6.0,2,19.51453776739697,55.0,0.12,0.0,0.0,0.0,0.0,47.66500632167899,optimal
2021-02-07 03:30:00,1,62,0.8599889007205054,0.0,0.0,0.051,6.174,6.0,2,19.173485672674285,55.0,0.12,3009.961152521769,0.0,0.0,0.0,47.61734131535731,optimal
2021-02-07 04:00:00,1,62,2.4285714285714284,0.0,0.0,0.2072,3.906,6.0,2,19.062721103415285,55.0,0.12,8500.0,0.0,0.0,0.0,47.56972397404195,optimal
2021-02-07 04:30:00,1,62,2.4285714285714284,0.0,0.0,0.051,2.3415,6.0,2,19.387108238346123,55.0,0.12,8500.0,0.0,0.0,0.0,47.522154250067906,optimal
2021-02-07 05:00:00,1,62,2.4285714285714284,0.0,0.0,0.0865,2.205,6.0,2,19.69271423823979,55.0,0.12,8500.0,0.0,0.0,0.0,47.47463209581784,optimal
2021-02-07 05:30:00,1,62,2.4285714285714284,0.0,1.9161906913268019,0.1717,0.882,6.0,2,19.99466261111275,55.0,0.12,8500.0,0.0,0.0,0.0,48.33734804210225,optimal
2021-02-07 06:00:00,1,62,2.4285714285714284,0.0,0.0,0.051,1.5435,6.0,2,20.296848951115688,55.0,0.12,8500.0,0.0,0.0,0.0,48.289010694060146,optimal
2021-02-07 06:30:00,1,62,2.4285714285714284,0.0,0.0,0.2072,1.5435,6.0,2,20.583446016750006,55.0,0.12,8500.0,0.0,0.0,0.0,48.240721683366075,optimal
2021-02-07 07:00:00,1,62,2.4285714285714284,0.0,0.0,0.05,5.0715,6.0,2,20.875013023705908,55.0,0.102,8500.0,0.0,0.0,0.0,48.192480961682705,optimal
2021-02-07 07:30:00,1,62,2.4285714285714284,0.0,0.0,0.3579,5.376,6.0,2,21.15998093586747,55.0,0.10066666666666667,8500.0,0.0,0.0,0.0,48.144288480721016,optimal
2021-02-07 08:00:00,1,62,2.4285714285714284,0.0,0.0,0.0997,5.0715,6.0,2,21.464897190897602,55.0,0.09733333333333333,8500.0,0.0,0.0,0.0,48.096144192240295,optimal
2021-02-07 08:30:00,1,62,2.4285714285714284,0.0,0.0,0.05,5.5125,6.0,2,21.743630215838234,55.0,0.096,8500.0,0.0,0.0,0.0,48.048048048048045,optimal
2021-02-07 09:00:00,1,62,1.0837726903383504,0.0,0.0,1.7243666666666666,9.261,6.0,2,22.0,55.0,0.094,3793.2044161842264,0.0,0.0,0.0,48.0,optimal
2021-02-07 09:30:00,1,62,0.0,0.0,0.0,0.1291,11.7075,6.0,2,22.0,55.0,0.094,0.0,0.0,0.0,0.0,47.87418242869307,optimal
2021-02-07 10:00:00,1,62,0.0,0.0,0.0,0.1291,12.348,6.0,2,21.618928535387646,55.0,0.094,0.0,0.0,0.0,0.0,47.748490674957445,optimal
2021-02-07 10:30:00,1,62,0.0,0.0,0.0,0.051,12.348,6.0,2,21.292718424739967,55.0,0.094,0.0,0.0,0.0,0.0,47.62292461297556,optimal
2021-02-07 11:00:00,1,62,0.4587396419773459,0.0,0.0,0.2072,12.1275,6.0,2,20.96523339961606,55.0,0.094,1605.5887469207107,0.0,0.0,0.0,47.497484117055656,optimal
2021-02-07 11:30:00,1,62,0.0,0.0,0.0,0.051,12.5265,6.0,2,20.83942642305965,55.0,0.094,0.0,0.0,0.0,0.0,47.372169061631666,optimal
2021-02-07 12:00:00,1,62,2.4285714285714284,0.0,0.0,0.1291,11.7495,6.0,2,20.580864508593237,55.0,0.094,8500.0,0.0,0.0,0.0,47.246979321263105,optimal
2021-02-07 12:30:00,1,62,0.0,0.0,0.0,1.3412,13.23,6.0,2,21.029118563493892,55.0,0.09266666666666666,0.0,0.0,0.0,0.0,47.12191477063491,optimal
2021-02-07 13:00:00,1,62,0.0,0.0,0.0,0.224,14.3325,6.0,2,20.90300282178724,55.0,0.09266666666666666,0.0,0.0,0.0,0.0,46.996975284557344,optimal
2021-02-07 13:30:00,1,62,0.0,0.0,0.0,0.33163333333333334,14.994,6.0,2,20.69319781920845,55.0,0.09266666666666666,0.0,0.0,0.0,0.0,46.87216073796586,optimal
2021-02-07 14:00:00,1,62,0.0,0.0,0.0,1.8099333333333327,14.8155,6.0,2,20.500294288360973,55.0,0.09266666666666666,0.0,0.0,0.0,0.0,46.74747100592096,optimal
2021-02-07 14:30:00,1,62,0.0,0.0,0.0,0.2906666666666667,14.112,6.0,2,20.373516470104118,55.0,0.09266666666666666,0.0,0.0,0.0,0.0,46.622905963608105,optimal
2021-02-07 15:00:00,1,62,2.4285714285714284,0.0,0.0,0.39180000000000004,14.007,6.0,2,20.198360566874953,55.0,0.09266666666666666,8500.0,0.0,0.0,0.0,46.498465486337565,optimal
2021-02-07 15:30:00,1,62,2.4285714285714284,0.0,0.0,0.15766666666666665,13.23,6.0,2,20.7241879740603,55.0,0.09266666666666666,8500.0,0.0,0.0,0.0,46.3741494495443,optimal
2021-02-07 16:00:00,1,62,2.4285714285714284,0.0,0.0,0.26053333333333334,11.382,6.0,2,21.204124501642337,55.0,0.09266666666666666,8500.0,0.0,0.0,0.0,46.24995772878783,optimal
2021-02-07 16:30:00,1,62,2.4285714285714284,0.0,0.0,0.211,11.7495,6.0,2,21.581217534890584,55.0,0.08866666666666667,8500.0,0.0,0.0,0.0,46.12589019975211,optimal
2021-02-07 17:00:00,1,62,0.0,0.0,0.0,0.2811,24.3285,6.0,2,21.968725008634788,55.0,0.08666666666666667,0.0,0.0,0.0,0.0,46.00194673824542,optimal
2021-02-07 17:30:00,1,62,0.0,0.0,0.0,0.19353333333333333,28.917,6.0,2,21.624250084168253,55.0,0.084,0.0,0.0,0.0,0.0,45.87812722020025,optimal
2021-02-07 18:00:00,1,62,0.0,0.0,0.0,0.8926000000000001,31.3635,6.0,2,21.288734545810485,55.0,0.08133333333333333,0.0,0.0,0.0,0.0,45.75443152167312,optimal
2021-02-07 18:30:00,1,62,0.0,0.0,0.0,0.9621000000000001,33.306,6.0,2,20.972889183811926,55.0,0.08066666666666666,0.0,0.0,0.0,0.0,45.63085951884452,optimal
2021-02-07 19:00:00,1,62,0.0,0.0,0.0,0.1163,31.3425,6.0,2,20.661147129696396,55.0,0.08,0.0,0.0,0.0,0.0,45.50741108801874,optimal
2021-02-07 19:30:00,1,62,0.0,0.0,0.0,0.325,28.2555,6.0,2,20.32732806814126,55.0,0.08,0.0,0.0,0.0,0.0,45.384086105623794,optimal
2021-02-07 20:00:00,1,62,1.1848615379479834,0.0,0.0,0.3899333333333333,15.6975,6.0,2,20.0,55.0,0.08,4147.015382817942,0.0,0.0,0.0,45.26088444821124,optimal
2021-02-07 20:30:00,1,62,0.0,0.0,0.0,0.1638,12.5475,6.0,2,20.0,55.0,0.08,0.0,0.0,0.0,0.0,45.1378059924561,optimal
2021-02-07 21:00:00,1,62,0.0,0.0,0.0,0.2892333333333333,12.0855,6.0,2,19.668764121008362,55.0,0.08,0.0,0.0,0.0,0.0,45.01485061515672,optimal
2021-02-07 21:30:00,1,62,0.0,0.0,0.0,0.182,11.907,6.0,2,19.34794904273348,55.0,0.08,0.0,0.0,0.0,0.0,44.969835764541564,optimal
2021-02-07 22:00:00,1,62,0.0,0.0,0.0,0.061,12.5685,6.0,2,19.025686727893152,55.0,0.08,0.0,0.0,0.0,0.0,44.924865928777024,optimal
2021-02-07 22:30:00,1,62,0.0,0.0,0.0,0.132,13.146,6.0,2,18.67521944624015,55.0,0.08,0.0,0.0,0.0,0.0,44.879941062848246,optimal
2021-02-07 23:00:00,1,62,0.0,0.0,0.0,0.1462,10.584,6.0,2,18.337531095606245,55.0,0.08,0.0,0.0,0.0,0.0,44.8350611217854,optimal
2021-02-07 23:30:00,1,62,0.0,0.0,0.0,0.06066666666666666,6.678,6.0,2,18.007989897685924,55.0,0.08,0.0,0.0,0.0,0.0,44.79022606066361,optimal
2021-02-08 00:00:00,1,62,0.0,0.0,0.0,0.07213333333333334,10.143,6.0,3,18.007989897685924,55.0,0.08,0.0,0.0,0.0,0.0,44.74543583460295,optimal
2021-02-08 00:30:00,1,62,0.0,0.0,0.0,0.088,11.2455,6.0,3,17.67634378483152,55.0,0.08,0.0,0.0,0.0,0.0,44.700690398768344,optimal
2021-02-08 01:00:00,1,62,0.0,0.0,0.0,0.06666666666666667,11.025,6.0,3,17.357385591478604,55.0,0.08,0.0,0.0,0.0,0.0,44.655989708369574,optimal
2021-02-08 01:30:00,1,62,2.4285714285714284,0.0,0.0,0.056,5.9745,6.0,3,17.03742804357242,55.0,0.08,8500.0,0.0,0.0,0.0,44.61133371866121,optimal
2021-02-08 02:00:00,1,62,2.4285714285714284,0.0,0.0,0.056,7.938,6.0,3,17.37277969928832,55.0,0.08,8500.0,0.0,0.0,0.0,44.566722384942544,optimal
2021-02-08 02:30:00,1,62,2.4285714285714284,0.0,0.0,0.056,8.6835,6.0,3,17.7000794736413,55.0,0.08,8500.0,0.0,0.0,0.0,44.5221556625576,optimal
2021-02-08 03:00:00,1,62,2.4285714285714284,0.0,0.0,0.056,7.665,6.0,3,18.021585099060612,55.0,0.08,8500.0,0.0,0.0,0.0,44.477633506895046,optimal
2021-02-08 03:30:00,1,62,2.4285714285714284,0.0,0.0,0.2418333333333333,6.7725,6.0,3,18.33741764366448,55.0,0.08,8500.0,0.0,0.0,0.0,44.43315587338815,optimal
2021-02-08 04:00:00,1,62,2.4285714285714284,0.0,0.0,0.056,5.5755,6.0,3,18.66490691726384,55.0,0.08,8500.0,0.0,0.0,0.0,44.38872271751477,optimal
2021-02-08 04:30:00,1,62,2.4285714285714284,0.0,0.0,0.056,5.0925,6.0,3,18.965207832495256,55.0,0.08,8500.0,0.0,0.0,0.0,44.34433399479725,optimal
2021-02-08 05:00:00,1,62,2.4285714285714284,0.0,8.601566558054058,0.056,4.1895,6.0,3,19.257144503195473,55.0,0.08,8500.0,0.0,0.0,0.0,48.38573377587813,optimal
2021-02-08 05:30:00,1,62,2.4285714285714284,0.0,0.0,0.056,7.056,6.0,3,19.540891699353555,55.0,0.08,8500.0,0.0,0.0,0.0,48.33734804210225,optimal
2021-02-08 06:00:00,1,62,2.4285714285714284,0.0,0.0,0.056,5.271,6.0,3,19.81766528377594,55.0,0.08,8500.0,0.0,0.0,0.0,48.289010694060146,optimal
2021-02-08 06:30:00,1,62,2.4285714285714284,0.0,0.0,0.063,7.938,6.0,3,20.087610969329134,55.0,0.08,8500.0,0.0,0.0,0.0,48.240721683366075,optimal
2021-02-08 07:00:00,1,62,2.4285714285714284,0.0,0.0,0.066,7.938,6.0,3,20.35087142422498,55.0,0.08,8500.0,0.0,0.0,0.0,48.192480961682705,optimal
2021-02-08 07:30:00,1,62,0.18989677585443868,0.0,0.0,0.2399333333333333,11.907,6.0,3,20.607586335638395,55.0,0.08,664.6387154905354,0.0,0.0,0.0,48.144288480721016,optimal
2021-02-08 08:00:00,1,62,2.4285714285714284,0.0,0.0,0.08293333333333333,11.025,6.0,3,20.27806218092421,55.0,0.07764,8500.0,0.0,0.0,0.0,48.096144192240295,optimal
2021-02-08 08:30:00,1,62,2.4285714285714284,0.0,0.0,0.19953333333333334,11.2875,6.0,3,20.585608379726985,55.0,0.07466666666666667,8500.0,0.0,0.0,0.0,48.048048048048045,optimal
2021-02-08 09:00:00,1,62,0.0,0.0,0.0,0.094,12.936,6.0,3,20.88761026273811,55.0,0.07466666666666667,0.0,0.0,0.0,0.0,48.0,optimal
2021-02-08 09:30:00,1,62,0.0,0.0,0.0,0.058333333333333334,13.0095,6.0,3,20.57307191903072,55.0,0.07466666666666667,0.0,0.0,0.0,0.0,47.83642916080287,optimal
2021-02-08 10:00:00,1,62,0.0,0.0,0.0,0.07659999999999999,13.671,6.0,3,20.223731757158205,55.0,0.072,0.0,0.0,0.0,0.0,47.67302189244494,optimal
2021-02-08 10:30:00,1,62,1.2627589111879955,0.0,0.0,0.10166666666666668,13.188,6.0,3,20.0,55.0,0.06933333333333333,4419.656189157985,0.0,0.0,0.0,47.509778031355374,optimal
2021-02-08 11:00:00,1,62,0.0,0.0,0.0,0.11306666666666666,13.8495,6.0,3,20.119770914290825,55.0,0.06733333333333333,0.0,0.0,0.0,0.0,47.34669741412689,optimal
2021-02-08 11:30:00,1,62,0.41712106670385407,0.0,0.0,0.14,13.23,6.0,3,20.0,55.0,0.06733333333333333,1459.9237334634893,0.0,0.0,0.0,47.18377987751564,optimal
2021-02-08 12:00:00,1,62,0.21712727349641506,0.0,0.0,0.2492666666666667,13.3665,6.0,3,20.0,55.0,0.06466666666666666,759.9454572374527,0.0,0.0,0.0,47.021025258441,optimal
2021-02-08 12:30:00,1,62,1.5476579011046485,0.0,0.0,0.23026666666666668,13.0515,6.0,3,20.0,55.0,0.06266666666666666,5416.80265386627,0.0,0.0,0.0,46.858433393985436,optimal
2021-02-08 13:00:00,1,62,0.0,0.0,0.0,0.0675,13.5345,6.0,3,20.362893197075465,55.0,0.06266666666666666,0.0,0.0,0.0,0.0,46.696004121394324,optimal
2021-02-08 13:30:00,1,62,0.0,0.0,0.0,0.066,14.154,6.0,3,20.26621374842872,55.0,0.06266666666666666,0.0,0.0,0.0,0.0,46.533737278075805,optimal
2021-02-08 14:00:00,1,62,0.0,0.0,0.0,0.066,14.112,6.0,3,20.165255044849676,55.0,0.06266666666666666,0.0,0.0,0.0,0.0,46.3716327016006,optimal
2021-02-08 14:30:00,1,62,0.0,0.0,0.0,0.2614666666666666,14.2485,6.0,3,20.070908728702133,55.0,0.06266666666666666,0.0,0.0,0.0,0.0,46.20969022970188,optimal
2021-02-08 15:00:00,1,62,1.6422089887277562,0.0,0.0,0.111,12.789,6.0,3,20.0,55.0,0.06266666666666666,5747.7314605471465,0.0,0.0,0.0,46.04790970027505,optimal
2021-02-08 15:30:00,1,62,2.4285714285714284,0.0,0.0,1.3802333333333332,13.0095,6.0,3,20.289707070172255,55.0,0.06266666666666666,8500.0,0.0,0.0,0.0,45.886290951377646,optimal
2021-02-08 16:00:00,1,62,2.4285714285714284,0.0,0.0,0.3343,12.1275,6.0,3,20.813525533519826,55.0,0.062,8500.0,0.0,0.0,0.0,45.72483382122914,optimal
2021-02-08 16:30:00,1,62,2.4285714285714284,0.0,0.0,0.8799666666666667,12.348,6.0,3,21.225024940320193,55.0,0.062,8500.0,0.0,0.0,0.0,45.56353814821078,optimal
2021-02-08 17:00:00,1,62,2.4285714285714284,0.0,0.0,1.2473333333333332,12.348,6.0,3,21.657313467016557,55.0,0.062,8500.0,0.0,0.0,0.0,45.40240377086545,optimal
2021-02-08 17:30:00,1,62,0.5080201847856042,0.0,0.0,0.9925666666666668,25.389,6.0,3,22.0,55.0,0.058,1778.0706467496145,0.0,0.0,0.0,45.24143052789746,optimal
2021-02-08 18:00:00,1,62,0.0,0.0,0.0,0.7817666666666666,29.1375,6.0,3,21.834575340485525,55.0,0.056666666666666664,0.0,0.0,0.0,0.0,45.080618258172436,optimal
2021-02-08 18:30:00,1,62,0.0,0.0,0.0,0.11173333333333332,30.597,6.0,3,21.481642816435176,55.0,0.056666666666666664,0.0,0.0,0.0,0.0,44.919966800717134,optimal
2021-02-08 19:00:00,1,62,0.0,0.0,0.0,0.2327,33.684,6.0,3,21.086727259072497,55.0,0.05533333333333333,0.0,0.0,0.0,0.0,44.75947599471929,optimal
2021-02-08 19:30:00,1,62,0.0,0.0,0.0,1.8120666666666663,32.445,6.0,3,20.716083095614817,55.0,0.05533333333333333,0.0,0.0,0.0,0.0,44.599145679527446,optimal
2021-02-08 20:00:00,1,62,0.0,0.0,0.0,0.06533333333333333,28.917,6.0,3,20.407997656760127,55.0,0.05533333333333333,0.0,0.0,0.0,0.0,44.43897569465079,optimal
2021-02-08 20:30:00,1,62,0.0,0.0,0.0,0.066,15.876,6.0,3,20.0,55.0,0.05533333333333333,0.0,0.0,0.0,0.0,44.27896587975901,optimal
2021-02-08 21:00:00,1,62,0.0,0.0,0.0,0.0761,12.348,6.0,3,19.589600811077513,55.0,0.05533333333333333,0.0,0.0,0.0,0.0,44.119116074682125,optimal
2021-02-08 21:30:00,1,62,0.0,0.0,0.0,0.19316666666666663,12.1275,6.0,3,19.204112113865005,55.0,0.05533333333333333,0.0,0.0,0.0,0.0,43.95942611941032,optimal
2021-02-08 22:00:00,1,62,0.0,0.0,0.0,0.2087,12.348,6.0,3,18.837732495119788,55.0,0.05466666666666667,0.0,0.0,0.0,0.0,43.79989585409378,optimal
2021-02-08 22:30:00,1,62,0.0,0.0,0.0,0.20966666666666664,12.1275,6.0,3,18.481409989304506,55.0,0.05466666666666667,0.0,0.0,0.0,0.0,43.640525119042564,optimal
2021-02-08 23:00:00,1,62,0.0,0.0,0.0,0.33126666666666665,12.1275,6.0,3,18.13346808421864,55.0,0.05466666666666667,0.0,0.0,0.0,0.0,43.59688459392352,optimal
2021-02-08 23:30:00,1,62,0.0,0.0,0.0,0.06333333333333334,11.2665,6.0,3,17.80109080352003,55.0,0.05466666666666667,0.0,0.0,0.0,0.0,43.553287709329595,optimal
2021-02-09 00:00:00,1,62,2.4285714285714284,0.0,0.0,0.057,11.2455,6.0,-1,17.80109080352003,55.0,0.05466666666666667,8500.0,0.0,0.0,0.0,43.509734421620266,optimal
2021-02-09 00:30:00,1,62,0.0,0.0,0.0,0.057,12.1275,6.0,-1,18.10283273178753,55.0,0.05466666666666667,0.0,0.0,0.0,0.0,43.46622468719865,optimal
2021-02-09 01:00:00,1,62,0.0013631984109769763,0.0,0.0,0.057,11.823,6.0,-1,17.746136840638385,55.0,0.05466666666666667,4.771194438419418,0.0,0.0,0.0,43.422758462511446,optimal
2021-02-09 01:30:00,1,62,2.4285714285714284,0.0,0.0,0.057,11.7705,6.0,-1,17.39830545609551,55.0,0.05466666666666667,8500.0,0.0,0.0,0.0,43.379335704048934,optimal
2021-02-09 02:00:00,1,62,2.4285714285714284,0.0,0.0,0.057,11.13,6.0,-1,17.708463540837435,55.0,0.05466666666666667,8500.0,0.0,0.0,0.0,43.33595636834489,optimal
2021-02-09 02:30:00,1,62,2.4285714285714284,0.0,0.0,0.057,11.6865,6.0,-1,18.010051416552365,55.0,0.05466666666666667,8500.0,0.0,0.0,0.0,43.29262041197654,optimal
2021-02-09 03:00:00,1,62,2.4285714285714284,0.0,1.6935945440342806,0.057,10.7205,6.0,-1,18.30638239068777,55.0,0.05466666666666667,8500.0,0.0,0.0,0.0,44.053785199980844,optimal
2021-02-09 03:30:00,1,62,2.4285714285714284,0.0,0.0,0.057,11.424,6.0,-1,18.59756630563625,55.0,0.05466666666666667,8500.0,0.0,0.0,0.0,44.009731414780866,optimal
2021-02-09 04:00:00,1,62,2.4285714285714284,0.0,9.0,0.057,10.689,6.0,-1,18.88475545326291,55.0,0.05466666666666667,8500.0,0.0,0.0,0.0,48.240721683366075,optimal
2021-02-09 04:30:00,1,62,2.4285714285714284,0.0,0.0,0.057,11.361,6.0,-1,19.168033303800897,55.0,0.05466666666666667,8500.0,0.0,0.0,0.0,48.192480961682705,optimal
2021-02-09 05:00:00,1,62,2.4285714285714284,0.0,0.0,0.057,11.571,6.0,-1,19.443302604911917,55.0,0.05466666666666667,8500.0,0.0,0.0,0.0,48.144288480721016,optimal
2021-02-09 05:30:00,1,62,0.0,0.0,0.0,0.05733333333333333,14.3745,6.0,-1,19.710730694374117,55.0,0.035333333333333335,0.0,0.0,0.0,0.0,48.096144192240295,optimal
2021-02-09 06:00:00,1,62,2.4285714285714284,0.0,0.0,0.06546666666666667,13.23,6.0,-1,19.329375295898416,55.0,0.03333333333333333,8500.0,0.0,0.0,0.0,48.048048048048045,optimal
2021-02-09 06:30:00,1,62,2.4285714285714284,0.0,0.0,0.079,13.9755,6.0,-1,19.62468342928795,55.0,0.03333333333333333,8500.0,0.0,0.0,0.0,48.0,optimal
2021-02-09 07:00:00,1,62,2.4285714285714284,0.0,0.0,0.07853333333333333,14.994,6.0,-1,19.909425969029563,55.0,0.03133333333333333,8500.0,0.0,0.0,0.0,47.89104644456949,optimal
2021-02-09 07:30:00,1,62,2.4285714285714284,0.0,0.0,0.067,13.671,6.0,-1,20.189469186568793,55.0,0.03133333333333333,8500.0,0.0,0.0,0.0,47.78220184269441,optimal
2021-02-09 08:00:00,1,62,0.0,0.0,0.0,0.067,15.981,6.0,-1,20.424217362054325,55.0,0.03133333333333333,0.0,0.0,0.0,0.0,47.67346608542121,optimal
2021-02-09 08:30:00,1,62,2.4285714285714284,0.0,0.0,0.067,15.6345,6.0,-1,20.0,55.0,0.03133333333333333,8500.0,0.0,0.0,0.0,47.56483906390528,optimal
2021-02-09 09:00:00,1,62,0.4105265147121917,0.0,0.0,0.067,16.5375,6.0,-1,20.240958546836683,55.0,0.03133333333333333,1436.842801492671,0.0,0.0,0.0,47.45632066941087,optimal
2021-02-09 09:30:00,1,62,2.1241624415927913,0.0,0.0,0.067,14.7735,6.0,-1,20.0,55.0,0.03133333333333333,7434.56854557477,0.0,0.0,0.0,47.34791079331095,optimal
2021-02-09 10:00:00,1,62,0.0,0.0,0.0,0.067,15.2145,6.0,-1,20.231236570859938,55.0,0.03133333333333333,0.0,0.0,0.0,0.0,47.23960932708713,optimal
2021-02-09 10:30:00,1,62,0.822370858863443,0.0,0.0,0.067,14.553,6.0,-1,20.0,55.0,0.03133333333333333,2878.2980060220507,0.0,0.0,0.0,47.131416162329536,optimal
2021-02-09 11:00:00,1,62,0.43056307797683413,0.0,0.0,0.067,14.3325,6.0,-1,20.0,55.0,0.03133333333333333,1506.9707729189195,0.0,0.0,0.0,47.0233311907367,optimal
2021-02-09 11:30:00,1,62,0.5927210303654253,0.0,0.0,0.067,14.595,6.0,-1,20.0,55.0,0.03133333333333333,2074.5236062789886,0.0,0.0,0.0,46.91535430411545,optimal
2021-02-09 12:00:00,1,62,0.0,0.0,0.0,0.067,14.994,6.0,-1,20.044658021524874,55.0,0.03133333333333333,0.0,0.0,0.0,0.0,46.80748539438083,optimal
2021-02-09 12:30:00,1,62,0.16645741673636774,0.0,0.0,0.067,14.3325,6.0,-1,20.0,55.0,0.03133333333333333,582.6009585772871,0.0,0.0,0.0,46.699724353555936,optimal
2021-02-09 13:00:00,1,62,0.1075298517800718,0.0,0.0,0.067,13.8915,6.0,-1,20.0,55.0,0.03133333333333333,376.3544812302513,0.0,0.0,0.0,46.59207107377187,optimal
2021-02-09 13:30:00,1,62,1.364954095200046,0.0,0.0,0.067,13.8915,6.0,-1,20.0,55.0,0.03133333333333333,4777.3393332001615,0.0,0.0,0.0,46.484525447267586,optimal
2021-02-09 14:00:00,1,62,2.4285714285714284,0.0,0.0,0.067,13.4715,6.0,-1,20.337146450513842,55.0,0.03133333333333333,8500.0,0.0,0.0,0.0,46.37708736638981,optimal
2021-02-09 14:30:00,1,62,2.4285714285714284,0.0,0.0,0.067,13.23,6.0,-1,20.931755569777184,55.0,0.03133333333333333,8500.0,0.0,0.0,0.0,46.26975672359291,optimal
2021-02-09 15:00:00,1,62,2.4285714285714284,0.0,0.0,0.067,13.8915,6.0,-1,21.512895650885966,55.0,0.03133333333333333,8500.0,0.0,0.0,0.0,46.16253341143881,optimal
2021-02-09 15:30:00,1,62,0.0,0.0,0.0,0.067,26.9325,6.0,-1,22.0,55.0,0.03133333333333333,0.0,0.0,0.0,0.0,46.05541732259686,optimal
2021-02-09 16:00:00,1,62,0.0,0.0,0.0,0.067,30.303,6.0,-1,21.82374865725066,55.0,0.03133333333333333,0.0,0.0,0.0,0.0,45.94840834984375,optimal
2021-02-09 16:30:00,1,62,0.0,0.0,0.0,0.067,32.886,6.0,-1,21.540164727473236,55.0,0.03133333333333333,0.0,0.0,0.0,0.0,45.8415063860634,optimal
2021-02-09 17:00:00,1,62,0.0,0.0,0.0,0.067,34.9965,6.0,-1,21.260416764145624,55.0,0.03133333333333333,0.0,0.0,0.0,0.0,45.73471132424683,optimal
2021-02-09 17:30:00,1,62,0.0,0.0,0.0,0.067,33.327,6.0,-1,20.87220258682374,55.0,0.03133333333333333,0.0,0.0,0.0,0.0,45.62802305749208,optimal
2021-02-09 18:00:00,1,62,0.0,0.0,0.0,0.067,31.122,6.0,-1,20.49001061371062,55.0,0.03133333333333333,0.0,0.0,0.0,0.0,45.52144147900408,optimal
2021-02-09 18:30:00,1,62,1.1918021221283066,0.0,0.0,0.067,17.9025,6.0,-1,20.079927734148523,55.0,0.03133333333333333,4171.307427449073,0.0,0.0,0.0,45.41496648209457,optimal
2021-02-09 19:00:00,1,62,1.478886422327941,0.0,0.0,0.067,15.6555,6.0,-1,20.0,55.0,0.03133333333333333,5176.102478147794,0.0,0.0,0.0,45.30859796018197,optimal
2021-02-09 19:30:00,1,62,1.478886422327941,0.0,0.0,0.067,14.553,6.0,-1,20.0,55.0,0.03133333333333333,5176.102478147794,0.0,0.0,0.0,45.20233580679128,optimal
2021-02-09 20:00:00,1,62,1.478886422327941,0.0,0.0,0.067,14.3325,6.0,-1,20.0,55.0,0.03133333333333333,5176.102478147794,0.0,0.0,0.0,45.09617991555398,optimal
2021-02-09 20:30:00,1,62,0.0,0.0,0.0,0.067,13.335,6.0,-1,20.0,55.0,0.03133333333333333,0.0,0.0,0.0,0.0,44.99013018020792,optimal
2021-02-09 21:00:00,1,62,0.0,0.0,0.0,0.067,12.1275,6.0,-1,19.60015583946154,55.0,0.03133333333333333,0.0,0.0,0.0,0.0,44.8841864945972,optimal
2021-02-09 21:30:00,1,62,0.0,0.0,0.0,0.067,12.2955,6.0,-1,19.206576890379182,55.0,0.03133333333333333,0.0,0.0,0.0,0.0,44.778348752672095,optimal
2021-02-09 22:00:00,1,62,0.0,0.0,0.0,0.067,11.6865,6.0,-1,18.81704275259904,55.0,0.03133333333333333,0.0,0.0,0.0,0.0,44.672616848488914,optimal
2021-02-09 22:30:00,1,62,0.0,0.0,0.0,0.067,11.466,6.0,-1,18.431468910224385,55.0,0.03133333333333333,0.0,0.0,0.0,0.0,44.56699067620992,optimal
2021-02-09 23:00:00,1,62,0.0,0.0,0.0,0.067,10.8045,6.0,-1,18.054996336396446,55.0,0.03133333333333333,0.0,0.0,0.0,0.0,44.4614701301032,optimal
2021-02-09 23:30:00,1,62,0.0,0.0,0.0,0.06433333333333333,10.584,6.0,-1,17.68743486108869,55.0,0.03133333333333333,0.0,0.0,0.0,0.0,44.35605510454259,optimal
2021-02-10 00:00:00,1,62,0.0,0.0,0.0,0.10063333333333334,11.907,6.0,2,17.68743486108869,55.0,0.03133333333333333,0.0,0.0,0.0,0.0,44.31169904943805,optimal
2021-02-10 00:30:00,1,62,1.1745003784139236,0.0,0.0,0.08476666666666667,11.7075,6.0,2,17.337401915070313,55.0,0.058666666666666666,1254.417991115399,0.0,2856.3333333333335,0.0,44.26738735038861,optimal
2021-02-10 01:00:00,1,62,2.4285714285714284,0.0,0.0,0.08183333333333333,10.8045,6.0,2,17.08776915749633,55.0,0.058666666666666666,8500.0,0.0,0.0,0.0,44.22311996303822,optimal
2021-02-10 01:30:00,1,62,2.4285714285714284,0.0,0.0,0.2029,11.508,6.0,2,17.397820206874798,55.0,0.058666666666666666,8500.0,0.0,0.0,0.0,44.17889684307519,optimal
2021-02-10 02:00:00,1,62,2.4285714285714284,0.0,0.0,0.057,11.508,6.0,2,17.708606583336305,55.0,0.058666666666666666,8500.0,0.0,0.0,0.0,44.13471794623211,optimal
2021-02-10 02:30:00,1,62,2.4285714285714284,0.0,0.0,0.057,11.508,6.0,2,17.99959801959201,55.0,0.058666666666666666,8500.0,0.0,0.0,0.0,44.09058322828587,optimal
2021-02-10 03:00:00,1,62,2.4285714285714284,0.0,0.0,0.21980000000000002,11.844,6.0,2,18.284509221112497,55.0,0.058666666666666666,8500.0,0.0,0.0,0.0,44.04649264505758,optimal
2021-02-10 03:30:00,1,62,2.4285714285714284,0.0,0.0,0.06493333333333334,11.508,6.0,2,18.575977507793333,55.0,0.058666666666666666,8500.0,0.0,0.0,0.0,44.002446152412524,optimal
2021-02-10 04:00:00,1,62,2.4285714285714284,0.0,0.0,0.057,11.508,6.0,2,18.849454954474346,55.0,0.058666666666666666,8500.0,0.0,0.0,0.0,43.95844370626011,optimal
2021-02-10 04:30:00,1,62,2.4285714285714284,0.0,9.0,0.2277333333333333,10.4475,6.0,2,19.116608486827925,55.0,0.058666666666666666,8500.0,0.0,0.0,0.0,48.18948526255385,optimal
2021-02-10 05:00:00,1,62,2.4285714285714284,0.0,0.0,0.059,10.8675,6.0,2,19.38921029221151,55.0,0.058666666666666666,8500.0,0.0,0.0,0.0,48.1412957772913,optimal
2021-02-10 05:30:00,1,62,2.4285714285714284,0.0,0.3106677933727934,0.19306666666666664,10.542,6.0,2,19.64090671641804,55.0,0.058666666666666666,8500.0,0.0,0.0,0.0,48.240721683366075,optimal
2021-02-10 06:00:00,1,62,2.4285714285714284,0.0,0.0,0.11033333333333331,11.025,6.0,2,19.89494200349452,55.0,0.058666666666666666,8500.0,0.0,0.0,0.0,48.192480961682705,optimal
2021-02-10 06:30:00,1,62,2.4285714285714284,0.0,0.0,0.057,11.025,6.0,2,20.13532462433693,55.0,0.058666666666666666,8500.0,0.0,0.0,0.0,48.144288480721016,optimal
2021-02-10 07:00:00,1,62,2.4285714285714284,0.0,0.0,0.2079,14.553,6.0,2,20.371431069893216,55.0,0.058666666666666666,8500.0,0.0,0.0,0.0,48.096144192240295,optimal
2021-02-10 07:30:00,1,62,2.4285714285714284,0.0,0.0,0.07683333333333332,13.0935,6.0,2,20.618378900423288,55.0,0.058666666666666666,8500.0,0.0,0.0,0.0,48.048048048048045,optimal
2021-02-10 08:00:00,1,62,2.4285714285714284,0.0,0.0,1.1342999999999999,15.6345,6.0,2,20.84905029403168,55.0,0.05333333333333334,8500.0,0.0,0.0,0.0,48.0,optimal
2021-02-10 08:30:00,1,62,0.0,0.0,0.0,0.7081666666666666,18.102,6.0,2,21.122451922389384,55.0,0.05266666666666667,0.0,0.0,0.0,0.0,47.78144536608278,optimal
2021-02-10 09:00:00,1,62,0.0,0.0,0.0,0.057,17.199,6.0,2,20.698487835921984,55.0,0.05266666666666667,0.0,0.0,0.0,0.0,47.563109286799474,optimal
2021-02-10 09:30:00,1,62,0.0,0.0,0.0,0.15633333333333335,18.2805,6.0,2,20.339588237543154,55.0,0.05266666666666667,0.0,0.0,0.0,0.0,47.344991543595455,optimal
2021-02-10 10:00:00,1,62,1.6256728231014,0.0,0.0,0.057,17.4615,6.0,2,20.0,55.0,0.05266666666666667,5689.854880854899,0.0,0.0,0.0,47.12709191813464,optimal
2021-02-10 10:30:00,1,62,0.0,0.0,0.0,0.17613333333333334,18.3225,6.0,2,20.214715588020482,55.0,0.05266666666666667,0.0,0.0,0.0,0.0,46.90941019229928,optimal
2021-02-10 11:00:00,1,62,0.4976648309739363,0.0,0.0,0.10859999999999999,17.094,6.0,2,20.0,55.0,0.05266666666666667,1741.8269084087772,0.0,0.0,0.0,46.691946148189764,optimal
2021-02-10 11:30:00,1,62,0.2729987856195449,0.0,0.0,2.9803,17.094,6.0,2,20.0,55.0,0.05,955.495749668407,0.0,0.0,0.0,46.47469956812436,optimal
2021-02-10 12:00:00,1,62,0.0,0.0,0.0,2.555366666666667,17.094,6.0,2,20.0,55.0,0.05,0.0,0.0,0.0,0.0,46.257670234639015,optimal
2021-02-10 12:30:00,1,62,0.0,0.0,0.0,0.07873333333333334,17.3565,6.0,2,20.042640547978472,55.0,0.048,0.0,0.0,0.0,0.0,46.04085793048716,optimal
2021-02-10 13:00:00,1,62,0.0,0.0,0.0,0.7293333333333334,17.115,6.0,2,20.02244172873863,55.0,0.046,0.0,0.0,0.0,0.0,45.82426243863945,optimal
2021-02-10 13:30:00,1,62,0.0,0.0,0.0,2.8966333333333334,17.241,6.0,2,20.0084281362427,55.0,0.044,0.0,0.0,0.0,0.0,45.60788354228359,optimal
2021-02-10 14:00:00,1,62,0.0,0.0,0.0,2.6361666666666665,17.094,6.0,2,20.070706680719773,55.0,0.044,0.0,0.0,0.0,0.0,45.391721024824086,optimal
2021-02-10 14:30:00,1,62,2.4285714285714284,0.0,0.0,1.2963666666666667,16.5165,6.0,2,20.118035013415668,55.0,0.044,8500.0,0.0,0.0,0.0,45.175774669882045,optimal
2021-02-10 15:00:00,1,62,0.03558167781116786,0.0,0.0,1.026733333333333,17.8185,6.0,2,20.74531169571171,55.0,0.04333333333333333,124.53587233908752,0.0,0.0,0.0,44.96004426129495,optimal
2021-02-10 15:30:00,1,62,2.4285714285714284,0.0,0.0,1.5773,17.094,6.0,2,20.64571316422446,55.0,0.04333333333333333,8500.0,0.0,0.0,0.0,44.74452958311643,optimal
2021-02-10 16:00:00,1,62,2.4285714285714284,0.0,0.0,0.9301,16.8945,6.0,2,21.210380251456602,55.0,0.04333333333333333,8500.0,0.0,0.0,0.0,44.5292304196161,optimal
2021-02-10 16:30:00,1,62,2.4285714285714284,0.0,0.0,0.15433333333333335,18.123,6.0,2,21.62161828916306,55.0,0.04333333333333333,8500.0,0.0,0.0,0.0,44.314146555279265,optimal
2021-02-10 17:00:00,1,62,0.2015704242012761,0.0,0.0,0.1385,31.647,6.0,2,22.0,55.0,0.04333333333333333,705.4964847044663,0.0,0.0,0.0,44.099277774806765,optimal
2021-02-10 17:30:00,1,62,0.0,0.0,0.0,0.358,34.9965,6.0,2,21.651480158357955,55.0,0.04333333333333333,0.0,0.0,0.0,0.0,43.88462386311474,optimal
2021-02-10 18:00:00,1,62,0.0,0.0,0.0,0.18416666666666662,34.9965,6.0,2,21.27883364958459,55.0,0.04333333333333333,0.0,0.0,0.0,0.0,43.670184605334406,optimal
2021-02-10 18:30:00,1,62,0.0,0.0,0.0,0.11063333333333333,34.9965,6.0,2,20.856947021028784,55.0,0.04333333333333333,0.0,0.0,0.0,0.0,43.45595978681185,optimal
2021-02-10 19:00:00,1,62,0.0,0.0,0.0,0.067,34.9965,6.0,2,20.429867083754544,55.0,0.04333333333333333,0.0,0.0,0.0,0.0,43.24194919310782,optimal
2021-02-10 19:30:00,1,62,1.4362047012788377,0.0,0.0,1.9856666666666667,34.9965,6.0,2,20.0,55.0,0.041333333333333326,5026.716454475933,0.0,0.0,0.0,43.19870724391471,optimal
2021-02-10 20:00:00,1,62,1.3746079099028974,0.0,0.0,0.9962666666666667,27.741,6.0,2,20.0,55.0,0.04066666666666666,4811.12768466014,0.0,0.0,0.0,43.155508536670794,optimal
2021-02-10 20:30:00,1,62,0.0,0.0,0.0,3.980566666666667,19.026,6.0,2,20.0,55.0,0.04066666666666666,0.0,0.0,0.0,0.0,43.11235302813412,optimal
2021-02-10 21:00:00,1,62,0.0,0.0,0.0,0.12843333333333334,18.7215,6.0,2,19.66110451957063,55.0,0.004666666666666667,0.0,0.0,0.0,0.0,43.06924067510599,optimal
2021-02-10 21:30:00,1,62,0.0,0.0,0.0,2.1110666666666664,17.4195,6.0,2,19.291149596472252,55.0,0.004666666666666667,0.0,0.0,0.0,0.0,43.02617143443088,optimal
2021-02-10 22:00:00,1,62,0.0,0.0,0.0,1.7730333333333332,16.758,6.0,2,18.918934670492973,55.0,0.0033333333333333335,0.0,0.0,0.0,0.0,42.983145262996445,optimal
2021-02-10 22:30:00,1,62,0.0,0.0,0.0,0.3173666666666667,14.217,6.0,2,18.528765637753708,55.0,0.0,0.0,0.0,0.0,0.0,42.94016211773345,optimal
2021-02-10 23:00:00,1,62,0.0,0.0,0.0,0.36436666666666667,13.3665,6.0,2,18.136810759618616,55.0,0.0,0.0,0.0,0.0,0.0,42.89722195561572,optimal
2021-02-10 23:30:00,1,62,0.0,0.0,0.0,0.48636666666666667,12.789,6.0,2,17.7508189463522,55.0,0.0,0.0,0.0,0.0,0.0,42.85432473366011,optimal
2021-02-11 00:00:00,1,62,2.4285714285714284,0.0,0.0,0.055,11.6865,6.0,-2,17.7508189463522,55.0,0.0,8500.0,0.0,0.0,0.0,42.811470408926446,optimal
2021-02-11 00:30:00,1,62,2.4285714285714284,0.0,0.0,0.055,11.2245,6.0,-2,17.96352504481121,55.0,0.07965551870263886,175.99829557423982,0.0,8324.00170442576,0.0,42.76865893851752,optimal
2021-02-11 01:00:00,1,62,2.4285714285714284,0.0,0.0,0.055,11.025,6.0,-2,17.53422295216404,55.0,0.07965551870263886,8500.0,0.0,0.0,0.0,42.725890279579,optimal
2021-02-11 01:30:00,1,62,2.4285714285714284,0.0,0.0,0.19140000000000001,10.7835,6.0,-2,17.75563377907488,55.0,0.07965551870263886,8500.0,0.0,0.0,0.0,42.68316438929942,optimal
2021-02-11 02:00:00,1,62,2.4285714285714284,0.0,0.0,0.055,11.025,6.0,-2,17.98289983154926,55.0,0.07965551870263886,8500.0,0.0,0.0,0.0,42.64048122491012,optimal
2021-02-11 02:30:00,1,62,2.4285714285714284,0.0,3.882924635017829,0.19140000000000001,10.584,6.0,-2,18.1949356033656,55.0,0.07965551870263886,8500.0,0.0,0.0,0.0,44.44222994531867,optimal
2021-02-11 03:00:00,1,62,2.4285714285714284,0.0,0.0,0.055,11.025,6.0,-2,18.410933002277492,55.0,0.07965551870263886,8500.0,0.0,0.0,0.0,44.397787715373354,optimal
2021-02-11 03:30:00,1,62,2.4285714285714284,0.0,9.0,0.055,10.4265,6.0,-2,18.609846088599497,55.0,0.07965551870263886,8500.0,0.0,0.0,0.0,48.62838992765797,optimal
2021-02-11 04:00:00,1,62,2.4285714285714284,0.0,0.0,0.16040000000000001,12.789,6.0,-2,18.809826630483276,55.0,0.07965551870263886,8500.0,0.0,0.0,0.0,48.579761537730306,optimal
2021-02-11 04:30:00,1,62,2.4285714285714284,0.0,0.0,0.086,12.684,6.0,-2,19.018951727026455,55.0,0.07965551870263886,8500.0,0.0,0.0,0.0,48.53118177619257,optimal
2021-02-11 05:00:00,1,62,2.4285714285714284,0.0,0.0,0.055,16.254,6.0,-2,19.217989951213287,55.0,0.07965551870263886,8500.0,0.0,0.0,0.0,48.48265059441637,optimal
2021-02-11 05:30:00,1,62,2.4285714285714284,0.0,0.0,0.117,17.64,6.0,-2,19.410487115642088,55.0,0.07965551870263886,8500.0,0.0,0.0,0.0,48.434167943821954,optimal
2021-02-11 06:00:00,1,62,2.4285714285714284,0.0,0.0,0.12940000000000002,19.1625,6.0,-2,19.60895015061034,55.0,0.07965551870263886,8500.0,0.0,0.0,0.0,48.38573377587813,optimal
2021-02-11 06:30:00,1,62,2.4285714285714284,0.0,0.0,0.053666666666666654,26.46,6.0,-2,19.80944291591104,55.0,0.07081551870263886,8500.0,0.0,0.0,0.0,48.33734804210225,optimal
2021-02-11 07:00:00,1,62,2.4285714285714284,0.0,0.0,0.19706666666666664,20.79,6.0,-2,20.02285027922823,55.0,0.02432218536930553,8500.0,0.0,0.0,0.0,48.289010694060146,optimal
2021-02-11 07:30:00,1,62,0.4967813787652833,0.0,0.0,0.143,29.106,6.0,-2,20.280009018782522,55.0,0.007975518702638861,1738.7348256784915,0.0,0.0,0.0,48.240721683366075,optimal
2021-02-11 08:00:00,1,62,2.4285714285714284,0.0,0.0,0.25739999999999996,19.1835,6.0,-2,20.0,55.0,0.0,4841.335037759094,0.0,3658.664962240906,0.0,48.192480961682705,optimal
2021-02-11 08:30:00,1,62,1.451196697867519,0.0,0.0,0.245,19.6665,6.0,-2,20.0,55.0,0.0,4939.855109202984,0.0,139.33333333333331,0.0,48.144288480721016,optimal
2021-02-11 09:00:00,1,62,1.295249688346939,0.0,0.0,0.111,19.404,6.0,-2,20.0,55.0,0.0,4324.373909214287,0.0,209.0,0.0,48.096144192240295,optimal
2021-02-11 09:30:00,1,62,1.1534913685709896,0.0,0.0,0.063,19.047,6.0,-2,20.0,55.0,0.0,3828.2197899984635,0.0,209.0,0.0,48.048048048048045,optimal
2021-02-11 10:00:00,1,62,1.0158917704036747,0.0,0.0,0.4957,18.858,6.0,-2,20.0,55.0,0.0,2580.2878630795276,0.0,975.3333333333334,0.0,48.0,optimal
2021-02-11 10:30:00,1,62,0.0,0.0,0.0,1.4395,19.2675,6.0,-2,20.080432248408005,55.0,0.0,0.0,0.0,0.0,0.0,47.87536976839454,optimal
2021-02-11 11:00:00,1,62,0.17778126978311404,0.0,0.0,0.34646666666666665,18.963,6.0,-2,20.0,55.0,0.0,622.234444240899,0.0,0.0,0.0,47.750864167020694,optimal
2021-02-11 11:30:00,1,62,0.0398095238095238,0.0,0.0,0.9848666666666668,18.438,6.0,-2,20.0,55.0,0.001333333333333333,0.0,0.0,139.33333333333331,0.0,47.62648307124822,optimal
2021-02-11 12:00:00,1,62,0.0,0.0,0.0,0.891,18.7425,6.0,-2,20.03248720779099,55.0,0.0,0.0,0.0,0.0,0.0,47.50222635657151,optimal
2021-02-11 12:30:00,1,62,2.4285714285714284,0.0,0.0,1.3814000000000002,15.2145,6.0,-2,20.16124778639522,55.0,0.007333333333333333,7524.666666666667,0.0,975.3333333333334,0.0,47.378093898609485,optimal
2021-02-11 13:00:00,1,62,0.0,0.0,0.0,0.49360000000000004,17.7765,6.0,-2,20.907220130439384,55.0,0.007333333333333333,0.0,0.0,0.0,0.0,47.25408557310542,optimal
2021-02-11 13:30:00,1,62,0.0,0.0,0.0,1.4449,16.758,6.0,-2,20.923182880400798,55.0,0.006666666666666667,0.0,0.0,0.0,0.0,47.130201255926856,optimal
2021-02-11 14:00:00,1,62,0.27853355926915957,0.0,0.0,0.6045666666666667,16.422,6.0,-2,20.955064009056535,55.0,0.006,974.8674574420585,0.0,0.0,0.0,47.006440823065475,optimal
2021-02-11 14:30:00,1,62,2.4285714285714284,0.0,0.0,0.3422,16.758,6.0,-2,21.086174905023697,55.0,0.006,8500.0,0.0,0.0,0.0,46.88280415063695,optimal
2021-02-11 15:00:00,1,62,0.0,0.0,0.0,0.5200333333333333,29.358,6.0,-2,21.782336220343712,55.0,0.002666666666666666,0.0,0.0,0.0,0.0,46.75929111488086,optimal
2021-02-11 15:30:00,1,62,0.0,0.0,0.0,0.2878,34.9965,6.0,-2,21.736464821518286,55.0,0.002666666666666666,0.0,0.0,0.0,0.0,46.63590159216052,optimal
2021-02-11 16:00:00,1,62,0.0,0.0,0.0,0.2578333333333333,34.65,6.0,-2,21.635380796385505,55.0,0.002666666666666666,0.0,0.0,0.0,0.0,46.512635458962905,optimal
2021-02-11 16:30:00,1,62,0.0,0.0,0.0,0.31939999999999996,34.9965,6.0,-2,21.396581033857743,55.0,0.002666666666666666,0.0,0.0,0.0,0.0,46.38949259189849,optimal
2021-02-11 17:00:00,1,62,0.0,0.0,0.0,0.26243333333333335,34.9965,6.0,-2,21.164936409903756,55.0,0.001333333333333333,0.0,0.0,0.0,0.0,46.26647286770113,optimal
2021-02-11 17:30:00,1,62,0.0,0.0,0.0,0.527,30.4815,6.0,-2,20.782603075377196,55.0,0.001333333333333333,0.0,0.0,0.0,0.0,46.143576163227976,optimal
2021-02-11 18:00:00,1,62,0.0,0.0,0.0,0.2016,21.4305,6.0,-2,20.42820786591281,55.0,0.0,0.0,0.0,0.0,0.0,46.020802355459296,optimal
2021-02-11 18:30:00,1,62,1.7301969508197084,0.0,0.0,0.183,14.3325,6.0,-2,20.0,55.0,0.0,5637.689327868979,0.0,418.0,0.0,45.89815132149838,optimal
2021-02-11 19:00:00,1,62,2.4285714285714284,0.0,0.0,0.31939999999999996,13.692,6.0,-2,20.0,55.0,0.0,8500.0,0.0,0.0,0.0,45.85225317017689,optimal
2021-02-11 19:30:00,1,62,0.949224584615454,0.0,0.0,0.21416666666666662,14.007,6.0,-2,20.210957376948762,55.0,0.0,3322.286046154089,0.0,0.0,0.0,45.80640091700671,optimal
2021-02-11 20:00:00,1,62,1.6815541096212239,0.0,0.0,0.3774333333333333,12.873,6.0,-2,20.0,55.0,0.0,5885.439383674284,0.0,0.0,0.0,45.760594516089704,optimal
2021-02-11 20:30:00,1,62,0.0398095238095238,0.0,0.0,0.3421,12.684,6.0,-2,20.0,55.0,0.0,0.0,0.0,139.33333333333331,0.0,45.714833921573614,optimal
2021-02-11 21:00:00,1,62,0.0796190476190476,0.0,0.0,0.19030000000000002,12.306,6.0,-2,19.545301623739977,55.0,0.0,0.0,0.0,278.66666666666663,0.0,45.66911908765204,optimal
2021-02-11 21:30:00,1,62,0.0398095238095238,0.0,0.0,0.46473333333333333,10.6365,6.0,-2,19.088393374374743,55.0,0.0,0.0,0.0,139.33333333333331,0.0,45.62344996856439,optimal
2021-02-11 22:00:00,1,62,0.0,0.0,0.0,0.1392,11.2455,6.0,-2,18.650940166443483,55.0,0.0,0.0,0.0,0.0,0.0,45.57782651859582,optimal
2021-02-11 22:30:00,1,62,0.0,0.0,0.0,0.065,11.2455,6.0,-2,18.197778750923415,55.0,0.0,0.0,0.0,0.0,0.0,45.532248692077225,optimal
2021-02-11 23:00:00,1,62,0.0,0.0,0.0,0.1394,11.025,6.0,-2,17.699909721051657,55.0,0.0,0.0,0.0,0.0,0.0,45.48671644338515,optimal
2021-02-11 23:30:00,1,62,0.0,0.0,0.0,0.127,12.0855,6.0,-2,17.205623901529993,55.0,0.0,0.0,0.0,0.0,0.0,45.44122972694176,optimal
2021-02-12 00:00:00,1,62,2.4285714285714284,0.0,0.0,0.057,10.3635,6.0,-3,17.205623901529993,55.0,0.0,8500.0,0.0,0.0,0.0,45.395788497214824,optimal
2021-02-12 00:30:00,1,62,2.4285714285714284,0.0,0.0,0.057,10.8045,6.0,-3,17.363065616216378,55.0,0.012666666666666666,7176.333333333333,0.0,1323.6666666666667,0.0,45.35039270871761,optimal
2021-02-12 01:00:00,1,62,2.4285714285714284,0.0,0.0,0.057,10.059,6.0,-3,17.415501185872717,55.0,0.012666666666666666,8500.0,0.0,0.0,0.0,45.30504231600889,optimal
2021-02-12 01:30:00,1,62,2.4285714285714284,0.0,0.0,0.057,10.584,6.0,-3,17.568557537296137,55.0,0.012666666666666666,8500.0,0.0,0.0,0.0,45.25973727369288,optimal
2021-02-12 02:00:00,1,62,2.4285714285714284,0.0,7.289662017333584,0.13726666666666668,9.4185,6.0,-3,17.7205052819681,55.0,0.012666666666666666,8500.0,0.0,0.0,0.0,48.67706699465263,optimal
2021-02-12 02:30:00,1,62,2.4285714285714284,0.0,0.0,0.057,10.3635,6.0,-3,17.87753563077014,55.0,0.012666666666666666,8500.0,0.0,0.0,0.0,48.62838992765797,optimal
2021-02-12 03:00:00,1,62,2.4285714285714284,0.0,0.0,0.06273333333333332,9.8385,6.0,-3,18.03138526838042,55.0,0.012666666666666666,8500.0,0.0,0.0,0.0,48.579761537730306,optimal
2021-02-12 03:30:00,1,62,2.4285714285714284,0.0,0.0,0.13153333333333334,11.067,6.0,-3,18.18872927684131,55.0,0.012666666666666666,8500.0,0.0,0.0,0.0,48.53118177619257,optimal
2021-02-12 04:00:00,1,62,2.4285714285714284,0.0,0.0,0.057,10.8465,6.0,-3,18.362698920967812,55.0,0.012666666666666666,8500.0,0.0,0.0,0.0,48.48265059441637,optimal
2021-02-12 04:30:00,1,62,2.4285714285714284,0.0,0.0,0.13726666666666668,13.671,6.0,-3,18.541932440851735,55.0,0.012666666666666666,8500.0,0.0,0.0,0.0,48.434167943821954,optimal
2021-02-12 05:00:00,1,62,2.4285714285714284,0.0,0.0,0.05633333333333333,12.348,6.0,-3,18.738215366939748,55.0,0.012666666666666666,8500.0,0.0,0.0,0.0,48.38573377587813,optimal
2021-02-12 05:30:00,1,62,2.4285714285714284,0.0,0.0,0.08566666666666667,14.3325,6.0,-3,18.942915308057028,55.0,0.012666666666666666,8500.0,0.0,0.0,0.0,48.33734804210225,optimal
2021-02-12 06:00:00,1,62,2.4285714285714284,0.0,0.0,0.10859999999999999,15.393,6.0,-3,19.158196905970478,55.0,0.012666666666666666,8500.0,0.0,0.0,0.0,48.289010694060146,optimal
2021-02-12 06:30:00,1,62,2.4285714285714284,0.0,0.0,0.057,13.587,6.0,-3,19.387458430996862,55.0,0.012666666666666666,8500.0,0.0,0.0,0.0,48.240721683366075,optimal
2021-02-12 07:00:00,1,62,2.2888333234839457,0.0,0.0,0.16996666666666665,16.1385,6.0,-3,19.61005387751822,55.0,0.012666666666666666,8010.916632193809,0.0,0.0,0.0,48.192480961682705,optimal
2021-02-12 07:30:00,1,62,2.4285714285714284,0.0,0.0,0.057,14.595,6.0,-3,19.802798963064273,55.0,0.012666666666666666,8500.0,0.0,0.0,0.0,48.144288480721016,optimal
2021-02-12 08:00:00,1,62,1.605436840755235,0.0,0.0,0.37796666666666656,14.637,6.0,-3,20.0,55.0,0.007333333333333333,5619.028942643323,0.0,0.0,0.0,48.096144192240295,optimal
2021-02-12 08:30:00,1,62,1.6002470267021158,0.0,0.0,1.1216333333333335,13.9125,6.0,-3,20.0,55.0,0.004666666666666667,5600.864593457405,0.0,0.0,0.0,48.048048048048045,optimal
2021-02-12 09:00:00,1,62,1.2786134161811293,0.0,0.0,0.3323666666666667,13.3665,6.0,-3,20.0,55.0,0.0,4475.146956633953,0.0,0.0,0.0,48.0,optimal
2021-02-12 09:30:00,1,62,2.100503704784163,0.0,0.0,0.067,13.0095,6.0,-3,20.0,55.0,0.0,7351.76296674457,0.0,0.0,0.0,47.854315295431576,optimal
2021-02-12 10:00:00,1,62,0.0,0.0,0.0,0.067,13.8915,6.0,-3,20.200035401524744,55.0,0.0,0.0,0.0,0.0,0.0,47.70877627556772,optimal
2021-02-12 10:30:00,1,62,0.6741995020584935,0.0,0.0,0.14726666666666668,13.188,6.0,-3,20.0,55.0,0.0,2359.6982572047273,0.0,0.0,0.0,47.56338279472373,optimal
2021-02-12 11:00:00,1,62,0.2802119830011588,0.0,0.0,0.067,12.5685,6.0,-3,20.0,55.0,0.0,980.7419405040557,0.0,0.0,0.0,47.418134707360586,optimal
2021-02-12 11:30:00,1,62,0.27632753175253055,0.0,0.0,0.067,12.285,6.0,-3,20.0,55.0,0.0,967.1463611338569,0.0,0.0,0.0,47.2730318680848,optimal
2021-02-12 12:00:00,1,62,0.23477871983262993,0.0,0.0,0.067,11.487,6.0,-3,20.0,55.0,0.0,821.7255194142048,0.0,0.0,0.0,47.12807413164829,optimal
2021-02-12 12:30:00,1,62,0.0,0.0,0.0,0.14153333333333334,11.802,6.0,-3,20.028483993430022,55.0,0.0,0.0,0.0,0.0,0.0,46.98326135294822,optimal
2021-02-12 13:00:00,1,62,2.4285714285714284,0.0,0.0,0.07273333333333333,11.2245,6.0,-3,20.0,55.0,0.004666666666666667,8012.333333333333,0.0,487.6666666666667,0.0,46.83859338702685,optimal
2021-02-12 13:30:00,1,62,2.4285714285714284,0.0,0.0,0.067,11.025,6.0,-3,20.58115887644631,55.0,0.004666666666666667,8500.0,0.0,0.0,0.0,46.694070089071396,optimal
2021-02-12 14:00:00,1,62,1.85352815264393,0.0,0.0,0.1358,11.907,6.0,-3,21.185118906284806,55.0,0.004666666666666667,6487.348534253755,0.0,0.0,0.0,46.5496913144139,optimal
2021-02-12 14:30:00,1,62,0.0,0.0,0.0,0.07846666666666667,25.83,6.0,-3,21.59482838722737,55.0,0.004666666666666667,0.0,0.0,0.0,0.0,46.405456918531065,optimal
2021-02-12 15:00:00,1,62,0.0,0.0,0.0,0.067,28.035,6.0,-3,21.490965161968933,55.0,0.004666666666666667,0.0,0.0,0.0,0.0,46.261366757044115,optimal
2021-02-12 15:30:00,1,62,0.0,0.0,0.0,0.067,28.119,6.0,-3,21.33924065826976,55.0,0.004666666666666667,0.0,0.0,0.0,0.0,46.11742068571865,optimal
2021-02-12 16:00:00,1,62,0.0,0.0,0.0,0.14153333333333334,30.156,6.0,-3,21.18755218788973,55.0,0.004666666666666667,0.0,0.0,0.0,0.0,45.97361856046451,optimal
2021-02-12 16:30:00,1,62,0.0,0.0,0.0,0.07273333333333333,29.1585,6.0,-3,20.923370999095873,55.0,0.004666666666666667,0.0,0.0,0.0,0.0,45.82996023733562,optimal
2021-02-12 17:00:00,1,62,0.0,0.0,0.0,0.33563333333333334,26.712,6.0,-3,20.653154482958236,55.0,0.0033333333333333335,0.0,0.0,0.0,0.0,45.68644557252986,optimal
2021-02-12 17:30:00,1,62,0.0,0.0,0.0,0.3494333333333333,15.435,6.0,-3,20.304571844905883,55.0,0.0026666666666666666,0.0,0.0,0.0,0.0,45.640759126957335,optimal
2021-02-12 18:00:00,1,62,1.2897849711099054,0.0,0.0,0.344,13.566,6.0,-3,20.0,55.0,0.0026666666666666666,4514.247398884669,0.0,0.0,0.0,45.59511836783038,optimal
2021-02-12 18:30:00,1,62,1.4352278948409622,0.0,0.0,0.339,12.789,6.0,-3,20.0,55.0,0.002,5023.297631943368,0.0,0.0,0.0,45.54952324946255,optimal
2021-02-12 19:00:00,1,62,2.4285714285714284,0.0,0.0,0.4543666666666667,12.1275,6.0,-3,20.039315251382458,55.0,0.0,8500.0,0.0,0.0,0.0,45.50397372621309,optimal
2021-02-12 19:30:00,1,62,0.0,0.0,0.0,0.3594333333333333,13.671,6.0,-3,20.35855811889645,55.0,0.0,0.0,0.0,0.0,0.0,45.45846975248688,optimal
2021-02-12 20:00:00,1,62,1.2746250119349702,0.0,0.0,0.9013,10.668,6.0,-3,20.0,55.0,0.004666666666666667,3973.5208751057294,0.0,487.6666666666667,0.0,45.41301128273439,optimal
2021-02-12 20:30:00,1,62,0.0,0.0,0.0,0.8128333333333334,11.7285,6.0,-3,20.0,55.0,0.004666666666666667,0.0,0.0,0.0,0.0,45.367598271451655,optimal
2021-02-12 21:00:00,1,62,0.0,0.0,0.0,0.2509333333333333,11.025,6.0,-3,19.670444370306413,55.0,0.002,0.0,0.0,0.0,0.0,45.3222306731802,optimal
2021-02-12 21:30:00,1,62,0.0,0.0,0.0,0.1707,10.689,6.0,-3,19.305201410556787,55.0,0.0,0.0,0.0,0.0,0.0,45.27690844250702,optimal
2021-02-12 22:00:00,1,62,0.0,0.0,0.0,0.07273333333333333,8.1585,6.0,-3,18.932223497879402,55.0,0.0,0.0,0.0,0.0,0.0,45.23163153406451,optimal
2021-02-12 22:30:00,1,62,0.0,0.0,0.0,0.067,10.3635,6.0,-3,18.538757265212485,55.0,0.0,0.0,0.0,0.0,0.0,45.18639990253045,optimal
2021-02-12 23:00:00,1,62,0.0,0.0,0.0,0.14726666666666668,10.8045,6.0,-3,18.15307189235871,55.0,0.0,0.0,0.0,0.0,0.0,45.14121350262791,optimal
2021-02-12 23:30:00,1,62,0.0,0.0,0.0,0.06366666666666666,11.025,6.0,-3,17.781613420514322,55.0,0.0,0.0,0.0,0.0,0.0,45.09607228912529,optimal
2021-02-13 00:00:00,1,62,2.4285714285714284,0.0,0.0,0.071,8.1585,6.0,-3,17.781613420514322,55.0,0.0,8500.0,0.0,0.0,0.0,45.05097621683616,optimal
2021-02-13 00:30:00,1,62,0.0,0.0,0.0,0.09720000000000001,9.4815,6.0,-3,18.065248932341987,55.0,0.0,0.0,0.0,0.0,0.0,45.00592524061933,optimal
2021-02-13 01:00:00,1,62,2.4285714285714284,0.0,0.0,0.11159999999999999,8.379,6.0,-3,17.692761436141584,55.0,0.024666666666666667,5922.333333333334,0.0,2577.6666666666665,0.0,44.96091931537871,optimal
2021-02-13 01:30:00,1,62,2.4285714285714284,0.0,0.0,0.072,9.5235,6.0,-3,17.785306690434705,55.0,0.024666666666666667,8500.0,0.0,0.0,0.0,44.91595839606333,optimal
2021-02-13 02:00:00,1,62,2.4285714285714284,0.0,0.0,0.072,8.1375,6.0,-3,18.071999265637405,55.0,0.024666666666666667,8500.0,0.0,0.0,0.0,44.87104243766727,optimal
2021-02-13 02:30:00,1,62,2.273554899328507,0.0,0.0,0.072,10.0905,6.0,-3,18.353746174961298,55.0,0.024666666666666667,7957.442147649775,0.0,0.0,0.0,44.8261713952296,optimal
2021-02-13 03:00:00,1,62,2.4285714285714284,0.0,8.099041481733908,0.072,7.539,6.0,-3,18.587913461235374,55.0,0.024666666666666667,8500.0,0.0,0.0,0.0,48.62838992765797,optimal
2021-02-13 03:30:00,1,62,2.4285714285714284,0.0,0.0,0.063,7.938,6.0,-3,18.858880398980627,55.0,0.024666666666666667,8500.0,0.0,0.0,0.0,48.579761537730306,optimal
2021-02-13 04:00:00,1,62,2.4285714285714284,0.0,0.0,0.062,8.274,6.0,-3,19.123140767113917,55.0,0.024666666666666667,8500.0,0.0,0.0,0.0,48.53118177619257,optimal
2021-02-13 04:30:00,1,62,2.4285714285714284,0.0,0.0,0.062,9.261,6.0,-3,19.38083469868532,55.0,0.024666666666666667,8500.0,0.0,0.0,0.0,48.48265059441637,optimal
2021-02-13 05:00:00,1,62,2.4285714285714284,0.0,0.0,0.062,9.9225,6.0,-3,19.631054654062442,55.0,0.024666666666666667,8500.0,0.0,0.0,0.0,48.434167943821954,optimal
2021-02-13 05:30:00,1,62,2.4285714285714284,0.0,0.0,0.0872,9.702,6.0,-3,19.873956801173282,55.0,0.024666666666666667,8500.0,0.0,0.0,0.0,48.38573377587813,optimal
2021-02-13 06:00:00,1,62,2.4285714285714284,0.0,0.0,0.1016,10.584,6.0,-3,20.111630524600027,55.0,0.024666666666666667,8500.0,0.0,0.0,0.0,48.33734804210225,optimal
2021-02-13 06:30:00,1,62,2.4285714285714284,0.0,0.0,0.062,10.143,6.0,-3,20.343355151792903,55.0,0.024666666666666667,8500.0,0.0,0.0,0.0,48.289010694060146,optimal
2021-02-13 07:00:00,1,62,0.0,0.0,0.0,0.1268,13.0095,6.0,-3,20.566150133595716,55.0,0.024666666666666667,0.0,0.0,0.0,0.0,48.240721683366075,optimal
2021-02-13 07:30:00,1,62,2.4285714285714284,0.0,0.0,0.3351,11.025,6.0,-3,20.135046914093504,55.0,0.023333333333333334,8500.0,0.0,0.0,0.0,48.192480961682705,optimal
2021-02-13 08:00:00,1,62,0.0,0.0,0.0,0.2056,12.789,6.0,-3,20.394879653258187,55.0,0.02,0.0,0.0,0.0,0.0,48.144288480721016,optimal
2021-02-13 08:30:00,1,62,1.3576250651707582,0.0,0.0,0.2864,12.1275,6.0,-3,20.0,55.0,0.019333333333333334,4751.687728097654,0.0,0.0,0.0,48.096144192240295,optimal
2021-02-13 09:00:00,1,62,1.8330871504839161,0.0,0.0,0.45103333333333334,12.1695,6.0,-3,20.0,55.0,0.019333333333333334,6415.805026693706,0.0,0.0,0.0,48.048048048048045,optimal
2021-02-13 09:30:00,1,62,2.4285714285714284,0.0,0.0,0.23953333333333332,12.306,6.0,-3,20.22184028620818,55.0,0.019333333333333334,8500.0,0.0,0.0,0.0,48.0,optimal
2021-02-13 10:00:00,1,62,0.0,0.0,0.0,1.6174666666666666,13.23,6.0,-3,20.57812851261596,55.0,0.019333333333333334,0.0,0.0,0.0,0.0,47.87670914542192,optimal
2021-02-13 10:30:00,1,62,0.0,0.0,0.0,0.135,13.671,6.0,-3,20.368283449980737,55.0,0.019333333333333334,0.0,0.0,0.0,0.0,47.75354158169842,optimal
2021-02-13 11:00:00,1,62,0.0,0.0,0.0,0.134,13.9335,6.0,-3,20.11582058272011,55.0,0.019333333333333334,0.0,0.0,0.0,0.0,47.630497185538644,optimal
2021-02-13 11:30:00,1,62,0.40852569178162856,0.0,0.0,0.1946,13.293,6.0,-3,20.0,55.0,0.019333333333333334,1429.8399212356999,0.0,0.0,0.0,47.50757583377503,optimal
2021-02-13 12:00:00,1,62,0.20167204674608621,0.0,0.0,0.2343,12.1065,6.0,-3,20.0,55.0,0.019333333333333334,705.8521636113018,0.0,0.0,0.0,47.384777403363174,optimal
2021-02-13 12:30:00,1,62,0.21280028710599114,0.0,0.0,0.062,11.571,6.0,-3,20.0,55.0,0.019333333333333334,744.801004870969,0.0,0.0,0.0,47.26210177138173,optimal
2021-02-13 13:00:00,1,62,2.3134709109170153,0.0,0.0,0.1268,11.025,6.0,-3,20.0,55.0,0.019333333333333334,8097.148188209553,0.0,0.0,0.0,47.13954881503227,optimal
2021-02-13 13:30:00,1,62,2.4285714285714284,0.0,0.0,0.071,10.8465,6.0,-3,20.59618974462952,55.0,0.019333333333333334,8500.0,0.0,0.0,0.0,47.01711841163916,optimal
2021-02-13 14:00:00,1,62,2.4285714285714284,0.0,0.0,0.07166666666666667,11.2455,6.0,-3,21.207989058494505,55.0,0.019333333333333334,8500.0,0.0,0.0,0.0,46.89481043864944,optimal
2021-02-13 14:30:00,1,62,0.0,0.0,0.0,0.14233333333333334,23.8665,6.0,-3,21.71628346543126,55.0,0.019333333333333334,0.0,0.0,0.0,0.0,46.772624773632714,optimal
2021-02-13 15:00:00,1,62,0.0,0.0,0.0,0.10623333333333332,27.4575,6.0,-3,21.582156858989617,55.0,0.018,0.0,0.0,0.0,0.0,46.650561294281005,optimal
2021-02-13 15:30:00,1,62,0.0,0.0,0.0,0.10903333333333332,27.3735,6.0,-3,21.370667690835088,55.0,0.018,0.0,0.0,0.0,0.0,46.52861987840865,optimal
2021-02-13 16:00:00,1,62,0.0,0.0,0.0,0.23616666666666664,30.4605,6.0,-3,21.159648441516232,55.0,0.016,0.0,0.0,0.0,0.0,46.40680040395216,optimal
2021-02-13 16:30:00,1,62,0.0,0.0,0.0,0.5945,30.0195,6.0,-3,20.87659207668824,55.0,0.014,0.0,0.0,0.0,0.0,46.28510274897013,optimal
2021-02-13 17:00:00,1,62,0.0,0.0,0.0,0.3441,26.9325,6.0,-3,20.648149024179155,55.0,0.014,0.0,0.0,0.0,0.0,46.163526791643086,optimal
2021-02-13 17:30:00,1,62,0.0,0.0,0.0,0.14483333333333334,14.595,6.0,-3,20.330210281419234,55.0,0.007333333333333333,0.0,0.0,0.0,0.0,46.04207241027336,optimal
2021-02-13 18:00:00,1,62,1.2625944949194343,0.0,0.0,0.34076666666666666,12.4845,6.0,-3,20.0,55.0,0.004666666666666667,4419.08073221802,0.0,0.0,0.0,45.92073948328501,optimal
2021-02-13 18:30:00,1,62,1.701331286473908,0.0,0.0,0.084,12.1275,6.0,-3,20.0,55.0,0.0033333333333333335,5954.659502658678,0.0,0.0,0.0,45.79952788922365,optimal
2021-02-13 19:00:00,1,62,2.4285714285714284,0.0,0.0,0.3078333333333333,12.1275,6.0,-3,20.091277089900693,55.0,0.0033333333333333335,8500.0,0.0,0.0,0.0,45.678437506756346,optimal
2021-02-13 19:30:00,1,62,0.0,0.0,0.0,0.31010000000000004,12.789,6.0,-3,20.380499729070742,55.0,0.0,0.0,0.0,0.0,0.0,45.55746821467151,optimal
2021-02-13 20:00:00,1,62,1.2917107262206797,0.0,0.0,0.5824666666666667,11.907,6.0,-3,20.0,55.0,0.0,4520.98754177238,0.0,0.0,0.0,45.436619891878756,optimal
2021-02-13 20:30:00,1,62,0.0,0.0,0.0,0.2397,11.025,6.0,-3,20.0,55.0,0.0,0.0,0.0,0.0,0.0,45.3158924174088,optimal
2021-02-13 21:00:00,1,62,0.059714285714285706,0.0,0.0,0.3041666666666667,8.2005,6.0,-3,19.646918708117997,55.0,0.0006666666666666665,0.0,0.0,208.99999999999997,0.0,45.19528567041331,optimal
2021-02-13 21:30:00,1,62,0.0,0.0,0.0,0.2379333333333333,9.5655,6.0,-3,19.296127910212416,55.0,0.0,0.0,0.0,0.0,0.0,45.07479953016482,optimal
2021-02-13 22:00:00,1,62,0.0,0.0,0.0,0.2514333333333333,7.056,6.0,-3,18.93940383845715,55.0,0.0,0.0,0.0,0.0,0.0,45.029724730634655,optimal
2021-02-13 22:30:00,1,62,0.0,0.0,0.0,0.16566666666666666,9.3975,6.0,-3,18.59753649806834,55.0,0.0,0.0,0.0,0.0,0.0,44.98469500590402,optimal
2021-02-13 23:00:00,1,62,0.0,0.0,0.0,0.1188,10.059,6.0,-3,18.244290028897396,55.0,0.0,0.0,0.0,0.0,0.0,44.93971031089812,optimal
2021-02-13 23:30:00,1,62,0.0,0.0,0.0,0.06933333333333333,9.261,6.0,-3,17.872855561910374,55.0,0.0,0.0,0.0,0.0,0.0,44.89477060058722,optimal
2021-02-07 00:00:00,2,62,0.0,0.0,0.0,0.063,7.938,6.0,2,21.0,55.0,0.12,0.0,0.0,0.0,0.0,47.952,optimal
2021-02-07 00:30:00,2,62,2.4285714285714284,0.0,0.0,0.063,5.292,6.0,2,20.63227069874721,55.0,0.12,8500.0,0.0,0.0,0.0,47.904047999999996,optimal
2021-02-07 01:00:00,2,62,0.0,0.0,0.0,0.063,9.261,6.0,2,20.923313271348544,55.0,0.12,0.0,0.0,0.0,0.0,47.856143952,optimal
2021-02-07 01:30:00,2,62,0.0,0.0,0.0,0.1248,10.3635,6.0,2,20.553007352565654,55.0,0.12,0.0,0.0,0.0,0.0,47.80828780804799,optimal
2021-02-07 02:00:00,2,62,0.0,0.0,0.0,0.063,8.274,6.0,2,20.19414317756803,55.0,0.12,0.0,0.0,0.0,0.0,47.76047952023995,optimal
2021-02-07 02:30:00,2,62,0.0,0.0,0.0,0.063,7.7175,6.0,2,19.83698370016426,55.0,0.12,0.0,0.0,0.0,0.0,47.712719040719705,optimal
2021-02-07 03:00:00,2,62,0.0,0.0,0.0,0.07673333333333333,6.615,6.0,2,19.48519754235752,55.0,0.12,0.0,0.0,0.0,0.0,47.66500632167899,optimal
2021-02-07 03:30:00,2,62,1.1239186255667286,0.0,0.0,0.11106666666666666,6.174,6.0,2,19.139727759456232,55.0,0.12,3933.71518948355,0.0,0.0,0.0,47.61734131535731,optimal
2021-02-07 04:00:00,2,62,2.4285714285714284,0.0,0.0,0.08016666666666668,3.906,6.0,2,19.10535423331519,55.0,0.12,8500.0,0.0,0.0,0.0,47.56972397404195,optimal
2021-02-07 04:30:00,2,62,2.4285714285714284,0.0,0.0,0.10763333333333334,2.3415,6.0,2,19.419173277717455,55.0,0.12,8500.0,0.0,0.0,0.0,47.522154250067906,optimal
2021-02-07 05:00:00,2,62,2.4285714285714284,0.0,0.0,0.09733333333333331,2.205,6.0,2,19.72854576745562,55.0,0.12,8500.0,0.0,0.0,0.0,47.47463209581784,optimal
2021-02-07 05:30:00,2,62,2.4285714285714284,0.0,1.5097495094715896,0.09046666666666668,0.882,6.0,2,20.030662454642563,55.0,0.12,8500.0,0.0,0.0,0.0,48.144288480721016,optimal
2021-02-07 06:00:00,2,62,2.4285714285714284,0.0,0.0,0.063,1.5435,6.0,2,20.325938781052233,55.0,0.12,8500.0,0.0,0.0,0.0,48.096144192240295,optimal
2021-02-07 06:30:00,2,62,2.4285714285714284,0.0,0.0,0.1248,1.5435,6.0,2,20.612934679922255,55.0,0.12,8500.0,0.0,0.0,0.0,48.048048048048045,optimal
2021-02-07 07:00:00,2,62,2.4285714285714284,0.0,0.0,0.48736666666666667,5.0715,6.0,2,20.8976380718565,55.0,0.09666666666666666,8500.0,0.0,0.0,0.0,48.0,optimal
2021-02-07 07:30:00,2,62,2.4285714285714284,0.0,0.0,2.2532666666666668,5.376,6.0,2,21.184000043550892,55.0,0.094,8500.0,0.0,0.0,0.0,47.60423382999065,optimal
2021-02-07 08:00:00,2,62,2.4285714285714284,0.0,0.0,1.7548666666666666,5.0715,6.0,2,21.48999997875727,55.0,0.092,8500.0,0.0,0.0,0.0,47.208863426151304,optimal
2021-02-07 08:30:00,2,62,2.4285714285714284,0.0,0.0,0.073,5.5125,6.0,2,21.76539392813583,55.0,0.092,8500.0,0.0,0.0,0.0,46.8138883927158,optimal
2021-02-07 09:00:00,2,62,1.4393126903383442,0.0,0.0,0.073,9.261,6.0,2,22.0,55.0,0.092,5037.594416184205,0.0,0.0,0.0,46.41930833431374,optimal
2021-02-07 09:30:00,2,62,0.0,0.0,0.0,0.073,11.7075,6.0,2,22.0,55.0,0.092,0.0,0.0,0.0,0.0,46.025122855970075,optimal
2021-02-07 10:00:00,2,62,0.0,0.0,0.0,0.1348,12.348,6.0,2,21.613933647101742,55.0,0.092,0.0,0.0,0.0,0.0,45.63133156310475,optimal
2021-02-07 10:30:00,2,62,0.0,0.0,0.0,0.073,12.348,6.0,2,21.28758200191456,55.0,0.092,0.0,0.0,0.0,0.0,45.23793406153229,optimal
2021-02-07 11:00:00,2,62,1.9376709410839628,0.0,0.0,0.073,12.1275,6.0,2,20.96121096389335,55.0,0.092,6781.84829379387,0.0,0.0,0.0,44.84492995746141,optimal
2021-02-07 11:30:00,2,62,0.0,0.0,0.0,0.073,12.5265,6.0,2,21.222258338186826,55.0,0.092,0.0,0.0,0.0,0.0,44.452318857494596,optimal
2021-02-07 12:00:00,2,62,2.4285714285714284,0.0,0.0,0.073,11.7495,6.0,2,20.95670385416655,55.0,0.092,8500.0,0.0,0.0,0.0,44.06010036862775,optimal
2021-02-07 12:30:00,2,62,0.0,0.0,0.0,0.10733333333333331,13.23,6.0,2,21.392109898114807,55.0,0.092,0.0,0.0,0.0,0.0,43.668274098249775,optimal
2021-02-07 13:00:00,2,62,0.0,0.0,0.0,0.10046666666666668,14.3325,6.0,2,21.167878806328215,55.0,0.092,0.0,0.0,0.0,0.0,43.27683965414217,optimal
2021-02-07 13:30:00,2,62,0.0,0.0,0.0,0.1157,14.994,6.0,2,20.909191302688342,55.0,0.092,0.0,0.0,0.0,0.0,42.88579664447868,optimal
2021-02-07 14:00:00,2,62,0.0,0.0,0.0,0.11376666666666668,14.8155,6.0,2,20.665747356071044,55.0,0.092,0.0,0.0,0.0,0.0,42.495144677824854,optimal
2021-02-07 14:30:00,2,62,0.0,0.0,0.0,0.2197666666666667,14.112,6.0,2,20.452205873906394,55.0,0.09,0.0,0.0,0.0,0.0,42.10488336313768,optimal
2021-02-07 15:00:00,2,62,2.4285714285714284,0.0,0.0,0.35846666666666666,14.007,6.0,2,20.254655205079267,55.0,0.09,8500.0,0.0,0.0,0.0,41.71501230976519,optimal
2021-02-07 15:30:00,2,62,2.4285714285714284,0.0,0.0,0.0805,13.23,6.0,2,20.761566035556655,55.0,0.08866666666666667,8500.0,0.0,0.0,0.0,41.32553112744608,optimal
2021-02-07 16:00:00,2,62,2.4285714285714284,0.0,0.0,0.1343,11.382,6.0,2,21.238672367629682,55.0,0.08866666666666667,8500.0,0.0,0.0,0.0,40.93643942630928,optimal
2021-02-07 16:30:00,2,62,2.4285714285714284,0.0,0.0,0.087,11.7495,6.0,2,21.619331446419572,55.0,0.08866666666666667,8500.0,0.0,0.0,0.0,40.89550298688297,optimal
2021-02-07 17:00:00,2,62,0.29209886622565373,0.0,0.0,0.1691,24.3285,6.0,2,22.0,55.0,0.08866666666666667,1022.3460317897881,0.0,0.0,0.0,40.85460748389608,optimal
2021-02-07 17:30:00,2,62,0.0,0.0,0.0,0.31743333333333335,28.917,6.0,2,21.71377894627977,55.0,0.086,0.0,0.0,0.0,0.0,40.81375287641219,optimal
2021-02-07 18:00:00,2,62,0.0,0.0,0.0,0.2605,31.3635,6.0,2,21.368754375130333,55.0,0.08333333333333333,0.0,0.0,0.0,0.0,40.77293912353578,optimal
2021-02-07 18:30:00,2,62,0.0,0.0,0.0,0.32889999999999997,33.306,6.0,2,21.007202328431912,55.0,0.08333333333333333,0.0,0.0,0.0,0.0,40.73216618441224,optimal
2021-02-07 19:00:00,2,62,0.0,0.0,0.0,0.41023333333333334,31.3425,6.0,2,20.660069302668873,55.0,0.08333333333333333,0.0,0.0,0.0,0.0,40.69143401822783,optimal
2021-02-07 19:30:00,2,62,0.0,0.0,0.0,0.46853333333333336,28.2555,6.0,2,20.32598075333981,55.0,0.08333333333333333,0.0,0.0,0.0,0.0,40.6507425842096,optimal
2021-02-07 20:00:00,2,62,1.1528901093765676,0.0,0.0,0.5468,15.6975,6.0,2,20.0,55.0,0.08333333333333333,4035.1153828179863,0.0,0.0,0.0,40.61009184162539,optimal
2021-02-07 20:30:00,2,62,0.0,0.0,0.0,0.4560666666666667,12.5475,6.0,2,20.0,55.0,0.08333333333333333,0.0,0.0,0.0,0.0,40.56948174978376,optimal
2021-02-07 21:00:00,2,62,0.0,0.0,0.0,0.5422666666666667,12.0855,6.0,2,19.679957793731127,55.0,0.08333333333333333,0.0,0.0,0.0,0.0,40.52891226803398,optimal
2021-02-07 21:30:00,2,62,0.0,0.0,0.0,0.6319,11.907,6.0,2,19.367087634252723,55.0,0.08066666666666666,0.0,0.0,0.0,0.0,40.48838335576594,optimal
2021-02-07 22:00:00,2,62,0.0,0.0,0.0,0.5120333333333333,12.5685,6.0,2,19.07054740559756,55.0,0.07933333333333334,0.0,0.0,0.0,0.0,40.447894972410175,optimal
2021-02-07 22:30:00,2,62,0.0,0.0,0.0,0.4363,13.146,6.0,2,18.773881617564335,55.0,0.07933333333333334,0.0,0.0,0.0,0.0,40.407447077437766,optimal
2021-02-07 23:00:00,2,62,0.0,0.0,0.0,0.08673333333333333,10.584,6.0,2,18.46443917671178,55.0,0.07933333333333334,0.0,0.0,0.0,0.0,40.36703963036033,optimal
2021-02-07 23:30:00,2,62,0.0,0.0,0.0,0.073,6.678,6.0,2,18.127761094565848,55.0,0.07933333333333334,0.0,0.0,0.0,0.0,40.32667259072997,optimal
2021-02-08 00:00:00,2,62,0.0,0.0,0.0,0.061,10.143,6.0,3,18.127761094565848,55.0,0.07933333333333334,0.0,0.0,0.0,0.0,40.28634591813924,optimal
2021-02-08 00:30:00,2,62,0.0,0.0,0.0,0.061,11.2455,6.0,3,17.788466359770997,55.0,0.07933333333333334,0.0,0.0,0.0,0.0,40.2460595722211,optimal
2021-02-08 01:00:00,2,62,0.0,0.0,0.0,0.1903333333333333,11.025,6.0,3,17.456261151934463,55.0,0.07933333333333334,0.0,0.0,0.0,0.0,40.20581351264888,optimal
2021-02-08 01:30:00,2,62,2.4285714285714284,0.0,0.0,0.07526666666666666,5.9745,6.0,3,17.140935883102003,55.0,0.07933333333333334,8500.0,0.0,0.0,0.0,40.16560769913623,optimal
2021-02-08 02:00:00,2,62,2.4285714285714284,0.0,0.0,0.071,7.938,6.0,3,17.475387563871518,55.0,0.07933333333333334,8500.0,0.0,0.0,0.0,40.125442091437094,optimal
2021-02-08 02:30:00,2,62,2.4285714285714284,0.0,0.0,0.065,8.6835,6.0,3,17.8008123134629,55.0,0.07933333333333334,8500.0,0.0,0.0,0.0,40.08531664934566,optimal
2021-02-08 03:00:00,2,62,2.4285714285714284,0.0,0.0,0.20326666666666668,7.665,6.0,3,18.120482092561158,55.0,0.07933333333333334,8500.0,0.0,0.0,0.0,40.04523133269631,optimal
2021-02-08 03:30:00,2,62,2.4285714285714284,0.0,0.0,0.061,6.7725,6.0,3,18.445449552298417,55.0,0.07933333333333334,8500.0,0.0,0.0,0.0,40.00518610136361,optimal
2021-02-08 04:00:00,2,62,2.4285714285714284,0.0,0.0,0.13213333333333332,5.5755,6.0,3,18.751649705686678,55.0,0.07933333333333334,8500.0,0.0,0.0,0.0,39.96518091526225,optimal
2021-02-08 04:30:00,2,62,2.4285714285714284,0.0,9.0,0.13213333333333332,5.0925,6.0,3,19.05587329603658,55.0,0.07933333333333334,8500.0,0.0,0.0,0.0,44.20021573434699,optimal
2021-02-08 05:00:00,2,62,2.4285714285714284,0.0,9.0,0.061,4.1895,6.0,3,19.35165067798096,55.0,0.07933333333333334,8500.0,0.0,0.0,0.0,48.43101551861264,optimal
2021-02-08 05:30:00,2,62,2.4285714285714284,0.0,0.0,0.2046,7.056,6.0,3,19.633692133313616,55.0,0.07933333333333334,8500.0,0.0,0.0,0.0,48.38258450309403,optimal
2021-02-08 06:00:00,2,62,2.4285714285714284,0.0,0.21045478996004058,0.071,5.271,6.0,3,19.919728019824692,55.0,0.07933333333333334,8500.0,0.0,0.0,0.0,48.434167943821954,optimal
2021-02-08 06:30:00,2,62,2.4285714285714284,0.0,0.0,0.12686666666666666,7.938,6.0,3,20.18781007101833,55.0,0.07933333333333334,8500.0,0.0,0.0,0.0,48.38573377587813,optimal
2021-02-08 07:00:00,2,62,2.4285714285714284,0.0,0.0,0.14506666666666665,7.938,6.0,3,20.453718178120702,55.0,0.07933333333333334,8500.0,0.0,0.0,0.0,48.33734804210225,optimal
2021-02-08 07:30:00,2,62,0.0,0.0,0.0,0.07759999999999999,11.907,6.0,3,20.715013128722482,55.0,0.07466666666666667,0.0,0.0,0.0,0.0,48.289010694060146,optimal
2021-02-08 08:00:00,2,62,2.4285714285714284,0.0,0.0,0.152,11.025,6.0,3,20.329163337152643,55.0,0.07200000000000001,8500.0,0.0,0.0,0.0,48.240721683366075,optimal
2021-02-08 08:30:00,2,62,2.4285714285714284,0.0,0.0,0.23553333333333334,11.2875,6.0,3,20.619240618851123,55.0,0.068,8500.0,0.0,0.0,0.0,48.192480961682705,optimal
2021-02-08 09:00:00,2,62,0.0,0.0,0.0,2.099,12.936,6.0,3,20.918734940212307,55.0,0.062000000000000006,0.0,0.0,0.0,0.0,48.144288480721016,optimal
2021-02-08 09:30:00,2,62,0.0,0.0,0.0,2.5545666666666667,13.0095,6.0,3,20.66882815887583,55.0,0.061333333333333344,0.0,0.0,0.0,0.0,48.096144192240295,optimal
2021-02-08 10:00:00,2,62,0.0,0.0,0.0,1.2194,13.671,6.0,3,20.41848638330206,55.0,0.05800000000000001,0.0,0.0,0.0,0.0,48.048048048048045,optimal
2021-02-08 10:30:00,2,62,0.04768101395000507,0.0,0.0,0.40773333333333334,13.188,6.0,3,20.278736164492344,55.0,0.05666666666666668,166.88354882501773,0.0,0.0,0.0,48.0,optimal
2021-02-08 11:00:00,2,62,0.0,0.0,0.0,0.10626666666666668,13.8495,6.0,3,20.131959534989765,55.0,0.05666666666666668,0.0,0.0,0.0,0.0,47.65896912731343,optimal
2021-02-08 11:30:00,2,62,0.45783535241814255,0.0,0.0,0.158,13.23,6.0,3,20.0,55.0,0.05666666666666668,1602.423733463499,0.0,0.0,0.0,47.31827928549956,optimal
2021-02-08 12:00:00,2,62,0.3476701306392697,0.0,0.0,0.06666666666666667,13.3665,6.0,3,20.0,55.0,0.05666666666666668,1216.845457237444,0.0,0.0,0.0,46.977930133527494,optimal
2021-02-08 12:30:00,2,62,0.9789408100050198,0.0,0.0,0.12266666666666669,13.0515,6.0,3,20.0,55.0,0.055333333333333345,3426.2928350175694,0.0,0.0,0.0,46.6379213307074,optimal
2021-02-08 13:00:00,2,62,0.0,0.0,0.0,0.2961333333333333,13.5345,6.0,3,20.185873601699228,55.0,0.05400000000000001,0.0,0.0,0.0,0.0,46.29825253669013,optimal
2021-02-08 13:30:00,2,62,0.0,0.0,0.0,0.205,14.154,6.0,3,20.114137883284336,55.0,0.05400000000000001,0.0,0.0,0.0,0.0,45.95892341146688,optimal
2021-02-08 14:00:00,2,62,0.0,0.0,0.0,1.3147666666666669,14.112,6.0,3,20.038987474693347,55.0,0.05200000000000001,0.0,0.0,0.0,0.0,45.61993361536884,optimal
2021-02-08 14:30:00,2,62,0.0,0.0,0.0,1.4022666666666668,14.2485,6.0,3,20.019085507533358,55.0,0.05200000000000001,0.0,0.0,0.0,0.0,45.28128280906691,optimal
2021-02-08 15:00:00,2,62,1.4474727292884892,0.0,0.0,0.7677,12.789,6.0,3,20.0,55.0,0.05000000000000001,5066.154552509713,0.0,0.0,0.0,44.94297065357128,optimal
2021-02-08 15:30:00,2,62,2.4285714285714284,0.0,0.0,0.4919333333333333,13.0095,6.0,3,20.307278044021587,55.0,0.04800000000000001,8500.0,0.0,0.0,0.0,44.60499681023114,optimal
2021-02-08 16:00:00,2,62,2.4285714285714284,0.0,0.0,0.39013333333333333,12.1275,6.0,3,20.861438449240058,55.0,0.04600000000000001,8500.0,0.0,0.0,0.0,44.26736094073435,optimal
2021-02-08 16:30:00,2,62,2.4285714285714284,0.0,0.0,0.3864333333333333,12.348,6.0,3,21.287157554246086,55.0,0.04600000000000001,8500.0,0.0,0.0,0.0,43.93006270710705,optimal
2021-02-08 17:00:00,2,62,2.4285714285714284,0.0,0.0,0.3684666666666666,12.348,6.0,3,21.698218990846676,55.0,0.04333333333333334,8500.0,0.0,0.0,0.0,43.59310177171338,optimal
2021-02-08 17:30:00,2,62,0.3977503463222896,0.0,0.0,1.3295,25.389,6.0,3,22.0,55.0,0.04133333333333334,1392.1262121280135,0.0,0.0,0.0,43.2564777972551,optimal
2021-02-08 18:00:00,2,62,0.0,0.0,0.0,2.3454,29.1375,6.0,3,21.759586101502997,55.0,0.03533333333333334,0.0,0.0,0.0,0.0,43.213221319457844,optimal
2021-02-08 18:30:00,2,62,0.0,0.0,0.0,0.5711,30.597,6.0,3,21.400680237401794,55.0,0.014666666666666679,0.0,0.0,0.0,0.0,43.17000809813839,optimal
2021-02-08 19:00:00,2,62,0.0,0.0,0.0,0.16213333333333332,33.684,6.0,3,21.039326333157586,55.0,0.011333333333333346,0.0,0.0,0.0,0.0,43.12683809004025,optimal
2021-02-08 19:30:00,2,62,0.0,0.0,0.0,1.5997666666666668,32.445,6.0,3,20.673985628942017,55.0,0.011333333333333346,0.0,0.0,0.0,0.0,43.08371125195021,optimal
2021-02-08 20:00:00,2,62,0.0,0.0,0.0,0.25806666666666667,28.917,6.0,3,20.352095865153565,55.0,0.008000000000000012,0.0,0.0,0.0,0.0,43.04062754069826,optimal
2021-02-08 20:30:00,2,62,0.0,0.0,0.0,0.17973333333333333,15.876,6.0,3,20.0,55.0,0.008000000000000012,0.0,0.0,0.0,0.0,42.99758691315756,optimal
2021-02-08 21:00:00,2,62,0.0,0.0,0.0,0.35146666666666665,12.348,6.0,3,19.646555344942655,55.0,0.008000000000000012,0.0,0.0,0.0,0.0,42.9545893262444,optimal
2021-02-08 21:30:00,2,62,0.0,0.0,0.0,0.6181,12.1275,6.0,3,19.305204559700478,55.0,0.008000000000000012,0.0,0.0,0.0,0.0,42.91163473691816,optimal
2021-02-08 22:00:00,2,62,0.0,0.0,0.0,0.5039333333333332,12.348,6.0,3,19.00522200061537,55.0,0.008000000000000012,0.0,0.0,0.0,0.0,42.86872310218124,optimal
2021-02-08 22:30:00,2,62,0.0,0.0,0.0,0.5811333333333333,12.1275,6.0,3,18.704170443629344,55.0,0.006000000000000012,0.0,0.0,0.0,0.0,42.82585437907906,optimal
2021-02-08 23:00:00,2,62,0.0,0.0,0.0,0.1201,12.1275,6.0,3,18.412785698404054,55.0,0.006000000000000012,0.0,0.0,0.0,0.0,42.78302852469998,optimal
2021-02-08 23:30:00,2,62,0.0,0.0,0.0,0.14726666666666668,11.2665,6.0,3,18.0634552779381,55.0,0.006000000000000012,0.0,0.0,0.0,0.0,42.74024549617528,optimal
2021-02-09 00:00:00,2,62,2.4285714285714284,0.0,0.0,0.057,11.7705,6.0,-4,18.0634552779381,55.0,0.006000000000000012,8500.0,0.0,0.0,0.0,42.6975052506791,optimal
2021-02-09 00:30:00,2,62,2.4285714285714284,0.0,0.0,0.1164,11.13,6.0,-4,18.35977660430441,55.0,0.07466666666666667,1324.333333333334,0.0,7175.666666666666,0.0,42.65480774542842,optimal
2021-02-09 01:00:00,2,62,2.4285714285714284,0.0,0.0,0.057,11.6865,6.0,-4,18.104105580570018,55.0,0.07466666666666667,8500.0,0.0,0.0,0.0,42.61215293768299,optimal
2021-02-09 01:30:00,2,62,2.4285714285714284,0.0,3.4306251948413995,0.057,10.7205,6.0,-4,18.401667012473816,55.0,0.07466666666666667,8500.0,0.0,0.0,0.0,44.19908775229497,optimal
2021-02-09 02:00:00,2,62,2.4285714285714284,0.0,0.0,0.057,11.424,6.0,-4,18.69092144105564,55.0,0.07466666666666667,8500.0,0.0,0.0,0.0,44.154888664542675,optimal
2021-02-09 02:30:00,2,62,2.4285714285714284,0.0,9.0,0.0702,10.689,6.0,-4,18.972042440255645,55.0,0.07466666666666667,8500.0,0.0,0.0,0.0,48.38573377587813,optimal
2021-02-09 03:00:00,2,62,2.4285714285714284,0.0,0.0,0.1032,11.361,6.0,-4,19.249348537601854,55.0,0.07466666666666667,8500.0,0.0,0.0,0.0,48.33734804210225,optimal
2021-02-09 03:30:00,2,62,2.4285714285714284,0.0,0.0,0.057,11.571,6.0,-4,19.524440964874145,55.0,0.07466666666666667,8500.0,0.0,0.0,0.0,48.289010694060146,optimal
2021-02-09 04:00:00,2,62,0.0,0.0,0.0,0.057,14.3745,6.0,-4,19.792324641822606,55.0,0.07466666666666667,0.0,0.0,0.0,0.0,48.240721683366075,optimal
2021-02-09 04:30:00,2,62,2.4285714285714284,0.0,0.0,0.1164,13.23,6.0,-4,19.40352270848836,55.0,0.07466666666666667,8500.0,0.0,0.0,0.0,48.192480961682705,optimal
2021-02-09 05:00:00,2,62,2.4285714285714284,0.0,0.0,0.06333333333333334,13.9755,6.0,-4,19.678497518836064,55.0,0.07466666666666667,8500.0,0.0,0.0,0.0,48.144288480721016,optimal
2021-02-09 05:30:00,2,62,2.4285714285714284,0.0,0.0,0.09670000000000001,14.994,6.0,-4,19.941072711438785,55.0,0.07466666666666667,8500.0,0.0,0.0,0.0,48.096144192240295,optimal
2021-02-09 06:00:00,2,62,2.4285714285714284,0.0,0.0,0.09923333333333333,13.671,6.0,-4,20.200443703382884,55.0,0.074,8500.0,0.0,0.0,0.0,48.048048048048045,optimal
2021-02-09 06:30:00,2,62,0.0,0.0,0.0,0.3203333333333333,15.981,6.0,-4,20.464912608064996,55.0,0.066,0.0,0.0,0.0,0.0,48.0,optimal
2021-02-09 07:00:00,2,62,2.4285714285714284,0.0,0.0,0.15753333333333333,15.6345,6.0,-4,20.097777038142922,55.0,0.066,8500.0,0.0,0.0,0.0,47.64078472978231,optimal
2021-02-09 07:30:00,2,62,0.04721734302529736,0.0,0.0,0.19406666666666664,16.5375,6.0,-4,20.348902554496078,55.0,0.03,165.26070058854077,0.0,0.0,0.0,47.281928674834845,optimal
2021-02-09 08:00:00,2,62,2.32957065230447,0.0,0.0,0.44023333333333337,14.7735,6.0,-4,20.0,55.0,0.027333333333333334,8153.497283065645,0.0,0.0,0.0,46.92343147594232,optimal
2021-02-09 08:30:00,2,62,0.0,0.0,0.0,0.2,15.2145,6.0,-4,20.326248995750454,55.0,0.02666666666666667,0.0,0.0,0.0,0.0,46.5652927742487,optimal
2021-02-09 09:00:00,2,62,0.9264067283451413,0.0,0.0,0.1882666666666667,14.553,6.0,-4,20.0,55.0,0.025333333333333333,3242.4235492079943,0.0,0.0,0.0,46.20751221125676,optimal
2021-02-09 09:30:00,2,62,0.789100020853409,0.0,0.0,0.4581,14.3325,6.0,-4,20.0,55.0,0.025333333333333333,2761.8500729869315,0.0,0.0,0.0,45.85008942882782,optimal
2021-02-09 10:00:00,2,62,0.8954096469407937,0.0,0.0,0.214,14.595,6.0,-4,20.0,55.0,0.020973333333333333,3133.933764292778,0.0,0.0,0.0,45.49302406918131,optimal
2021-02-09 10:30:00,2,62,0.0,0.0,0.0,0.26339999999999997,14.994,6.0,-4,20.116556962628177,55.0,0.020666666666666667,0.0,0.0,0.0,0.0,45.13631577489444,optimal
2021-02-09 11:00:00,2,62,0.1194297446435004,0.0,0.0,0.4038333333333333,14.3325,6.0,-4,20.0,55.0,0.016,418.0041062522514,0.0,0.0,0.0,44.77996418890186,optimal
2021-02-09 11:30:00,2,62,0.18193576958535443,0.0,0.0,0.22213333333333332,13.8915,6.0,-4,20.0,55.0,0.01364,636.7751935487405,0.0,0.0,0.0,44.423968954495265,optimal
2021-02-09 12:00:00,2,62,0.005096775011566494,0.0,0.0,0.0992,13.8915,6.0,-4,20.0,55.0,0.012666666666666666,17.838712540482728,0.0,0.0,0.0,44.06832971532308,optimal
2021-02-09 12:30:00,2,62,0.04003836911732975,0.0,0.0,0.1335,13.4715,6.0,-4,20.0,55.0,0.010666666666666666,140.13429191065413,0.0,0.0,0.0,43.71304611539007,optimal
2021-02-09 13:00:00,2,62,2.4285714285714284,0.0,0.0,0.1623,13.23,6.0,-4,20.0,55.0,0.010666666666666666,8500.0,0.0,0.0,0.0,43.35811779905699,optimal
2021-02-09 13:30:00,2,62,1.5986661618105422,0.0,0.0,0.20416666666666664,13.8915,6.0,-4,20.657179668899666,55.0,0.010666666666666666,5595.331566336898,0.0,0.0,0.0,43.003544411040245,optimal
2021-02-09 14:00:00,2,62,0.0,0.0,0.0,0.1557333333333333,26.9325,6.0,-4,21.075289221594474,55.0,0.010666666666666666,0.0,0.0,0.0,0.0,42.649325596411515,optimal
2021-02-09 14:30:00,2,62,0.0,0.0,0.0,0.3788666666666667,30.303,6.0,-4,21.02126653541076,55.0,0.010666666666666666,0.0,0.0,0.0,0.0,42.29546100059741,optimal
2021-02-09 15:00:00,2,62,0.0,0.0,0.0,0.12440000000000001,32.886,6.0,-4,20.990622012602326,55.0,0.010666666666666666,0.0,0.0,0.0,0.0,41.94195026937913,optimal
2021-02-09 15:30:00,2,62,0.0,0.0,0.0,0.2115,34.9965,6.0,-4,20.86501076104286,55.0,0.010666666666666666,0.0,0.0,0.0,0.0,41.588793048892065,optimal
2021-02-09 16:00:00,2,62,0.0,0.0,0.0,0.09240000000000001,33.327,6.0,-4,20.78354062990257,55.0,0.006,0.0,0.0,0.0,0.0,41.23598898562548,optimal
2021-02-09 16:30:00,2,62,0.0,0.0,0.0,0.11373333333333333,31.122,6.0,-4,20.563574513525335,55.0,0.006,0.0,0.0,0.0,0.0,40.88353772642217,optimal
2021-02-09 17:00:00,2,62,0.0,0.0,0.0,0.2408333333333333,17.9025,6.0,-4,20.33101514472494,55.0,0.0033333333333333335,0.0,0.0,0.0,0.0,40.53143891847806,optimal
2021-02-09 17:30:00,2,62,1.2127481042038,0.0,0.0,0.22366666666666662,15.6555,6.0,-4,20.0,55.0,0.0033333333333333335,4244.6183647133,0.0,0.0,0.0,40.179692209341894,optimal
2021-02-09 18:00:00,2,62,1.3469505629204286,0.0,0.0,0.196,14.553,6.0,-4,20.0,55.0,0.0033333333333333335,4714.3269702215,0.0,0.0,0.0,39.828297246914865,optimal
2021-02-09 18:30:00,2,62,1.1782184926241825,0.0,0.0,0.25680000000000003,14.3325,6.0,-4,20.0,55.0,0.0,4123.764724184639,0.0,0.0,0.0,39.78846894966795,optimal
2021-02-09 19:00:00,2,62,1.1602768985184186,0.0,0.0,0.207,13.335,6.0,-4,20.0,55.0,0.0,4060.9691448144654,0.0,0.0,0.0,39.748680480718285,optimal
2021-02-09 19:30:00,2,62,1.2094388032803216,0.0,0.0,0.2206,12.1275,6.0,-4,20.0,55.0,0.0,4233.035811481125,0.0,0.0,0.0,39.708931800237565,optimal
2021-02-09 20:00:00,2,62,1.2198292794708012,0.0,0.0,0.2804,12.2955,6.0,-4,20.0,55.0,0.0,4269.402478147804,0.0,0.0,0.0,39.66922286843733,optimal
2021-02-09 20:30:00,2,62,0.09952380952380951,0.0,0.0,0.3634666666666666,11.6865,6.0,-4,20.0,55.0,0.0,0.0,0.0,348.3333333333333,0.0,39.62955364556889,optimal
2021-02-09 21:00:00,2,62,0.0398095238095238,0.0,0.0,0.6041,11.466,6.0,-4,19.67677742576727,55.0,0.0,0.0,0.0,139.33333333333331,0.0,39.58992409192332,optimal
2021-02-09 21:30:00,2,62,0.0,0.0,0.0,0.35960000000000003,10.8045,6.0,-4,19.384791868874128,55.0,0.0,0.0,0.0,0.0,0.0,39.5503341678314,optimal
2021-02-09 22:00:00,2,62,0.09952380952380951,0.0,0.0,0.3518,10.584,6.0,-4,19.09030978526784,55.0,0.0,0.0,0.0,348.3333333333333,0.0,39.51078383366357,optimal
2021-02-09 22:30:00,2,62,0.0,0.0,0.0,0.3994666666666666,11.2455,6.0,-4,18.81947458682594,55.0,0.0,0.0,0.0,0.0,0.0,39.471273049829904,optimal
2021-02-09 23:00:00,2,62,0.0,0.0,0.0,0.067,12.1275,6.0,-4,18.548619317240266,55.0,0.0,0.0,0.0,0.0,0.0,39.43180177678008,optimal
2021-02-09 23:30:00,2,62,0.0,0.0,0.0,0.1036,11.823,6.0,-4,18.18371498354281,55.0,0.0,0.0,0.0,0.0,0.0,39.3923699750033,optimal
2021-02-10 00:00:00,2,62,0.0,0.0,0.0,0.08283333333333333,13.3665,6.0,4,18.18371498354281,55.0,0.0,0.0,0.0,0.0,0.0,39.35297760502829,optimal
2021-02-10 00:30:00,2,62,0.0,0.0,0.0,0.1107,12.789,6.0,4,17.822005962392662,55.0,0.0,0.0,0.0,0.0,0.0,39.313624627423266,optimal
2021-02-10 01:00:00,2,62,0.0,0.0,0.0,0.048,11.907,6.0,4,17.467906721326372,55.0,0.0,0.0,0.0,0.0,0.0,39.27431100279584,optimal
2021-02-10 01:30:00,2,62,1.035047619047619,0.0,0.0,0.1107,11.7075,6.0,4,17.114298710463252,55.0,0.034666666666666665,0.0,0.0,3622.6666666666665,0.0,39.23503669179304,optimal
2021-02-10 02:00:00,2,62,2.4285714285714284,0.0,9.0,0.08283333333333333,10.8045,6.0,4,16.77080795777113,55.0,0.034666666666666665,8500.0,0.0,0.0,0.0,43.47080165510125,optimal
2021-02-10 02:30:00,2,62,2.4285714285714284,0.0,0.0,0.048,11.508,6.0,4,17.08344121881024,55.0,0.034666666666666665,8500.0,0.0,0.0,0.0,43.42733085344614,optimal
2021-02-10 03:00:00,2,62,2.4285714285714284,0.0,0.0,0.12463333333333335,11.508,6.0,4,17.38686529369003,55.0,0.034666666666666665,8500.0,0.0,0.0,0.0,43.383903522592696,optimal
2021-02-10 03:30:00,2,62,2.4285714285714284,0.0,0.0,0.0689,11.508,6.0,4,17.68983820040395,55.0,0.034666666666666665,8500.0,0.0,0.0,0.0,43.3405196190701,optimal
2021-02-10 04:00:00,2,62,2.4285714285714284,0.0,0.0,0.048,11.844,6.0,4,17.982197724327236,55.0,0.034666666666666665,8500.0,0.0,0.0,0.0,43.29717909945103,optimal
2021-02-10 04:30:00,2,62,2.4285714285714284,0.0,1.08397231245726,0.14553333333333332,11.508,6.0,4,18.26684237877576,55.0,0.034666666666666665,8500.0,0.0,0.0,0.0,43.76876876876877,optimal
2021-02-10 05:00:00,2,62,2.4285714285714284,0.0,9.0,1.0333333333333332,11.508,6.0,4,18.550944818486766,55.0,0.029333333333333333,8500.0,0.0,0.0,0.0,48.0,optimal
2021-02-10 05:30:00,2,62,2.4285714285714284,0.0,0.0,0.9373333333333334,10.4475,6.0,4,18.869834075381906,55.0,0.027333333333333334,8500.0,0.0,0.0,0.0,47.85658009274157,optimal
2021-02-10 06:00:00,2,62,2.4285714285714284,0.0,0.0,0.046666666666666655,10.8675,6.0,4,19.190055237723,55.0,0.02266666666666667,8500.0,0.0,0.0,0.0,47.713303605390394,optimal
2021-02-10 06:30:00,2,62,2.4285714285714284,0.0,0.0,0.14553333333333332,10.542,6.0,4,19.448890785279318,55.0,0.02266666666666667,8500.0,0.0,0.0,0.0,47.57017039452657,optimal
2021-02-10 07:00:00,2,62,2.4285714285714284,0.0,0.0,0.048,11.025,6.0,4,19.706204961549478,55.0,0.02266666666666667,8500.0,0.0,0.0,0.0,47.42718031687361,optimal
2021-02-10 07:30:00,2,62,2.4285714285714284,0.0,0.0,0.048,11.025,6.0,4,19.95482667036634,55.0,0.02266666666666667,8500.0,0.0,0.0,0.0,47.284333229298305,optimal
2021-02-10 08:00:00,2,62,2.4285714285714284,0.0,0.0,0.1777,14.553,6.0,4,20.197208710724226,55.0,0.016666666666666666,8500.0,0.0,0.0,0.0,47.141628988810574,optimal
2021-02-10 08:30:00,2,62,2.4285714285714284,0.0,0.0,0.07093333333333333,13.0935,6.0,4,20.462485572826594,55.0,0.009333333333333334,8500.0,0.0,0.0,0.0,46.99906745256333,optimal
2021-02-10 09:00:00,2,62,2.4285714285714284,0.0,0.0,0.0533,15.6345,6.0,4,20.72949018969733,55.0,0.008,8500.0,0.0,0.0,0.0,46.85664847785234,optimal
2021-02-10 09:30:00,2,62,0.0,0.0,0.0,0.15553333333333333,18.102,6.0,4,21.051770666311096,55.0,0.008,0.0,0.0,0.0,0.0,46.71437192211606,optimal
2021-02-10 10:00:00,2,62,0.0,0.0,0.0,0.058,17.199,6.0,4,20.696533009233896,55.0,0.008,0.0,0.0,0.0,0.0,46.57223764293551,optimal
2021-02-10 10:30:00,2,62,0.0,0.0,0.0,0.11106666666666666,18.2805,6.0,4,20.458830806134543,55.0,0.008,0.0,0.0,0.0,0.0,46.43024549803415,optimal
2021-02-10 11:00:00,2,62,0.17053070616926014,0.0,0.0,0.08979999999999999,17.4615,6.0,4,20.233512395352662,55.0,0.008,596.8574715924104,0.0,0.0,0.0,46.28839534527768,optimal
2021-02-10 11:30:00,2,62,0.0,0.0,0.0,0.048,18.3225,6.0,4,20.139265449499998,55.0,0.008,0.0,0.0,0.0,0.0,46.14668704267397,optimal
2021-02-10 12:00:00,2,62,0.09447397636894314,0.0,0.0,0.1522,17.094,6.0,4,20.0,55.0,0.008,330.658917291301,0.0,0.0,0.0,46.005120448372864,optimal
2021-02-10 12:30:00,2,62,0.12234064303560835,0.0,0.0,0.057,17.094,6.0,4,20.0,55.0,0.008,428.19225062462925,0.0,0.0,0.0,45.86369542066606,optimal
2021-02-10 13:00:00,2,62,0.18515265924053256,0.0,0.0,0.048,17.094,6.0,4,20.0,55.0,0.008,648.034307341864,0.0,0.0,0.0,45.722411817986966,optimal
2021-02-10 13:30:00,2,62,0.14174818757938085,0.0,0.0,0.14553333333333332,17.3565,6.0,4,20.0,55.0,0.008,496.11865652783297,0.0,0.0,0.0,45.58126949891055,optimal
2021-02-10 14:00:00,2,62,0.20342934769827817,0.0,0.0,0.048,17.115,6.0,4,20.0,55.0,0.008,712.0027169439736,0.0,0.0,0.0,45.44026832215321,optimal
2021-02-10 14:30:00,2,62,0.20342934769827817,0.0,0.0,0.048,17.241,6.0,4,20.0,55.0,0.008,712.0027169439736,0.0,0.0,0.0,45.299408146572624,optimal
2021-02-10 15:00:00,2,62,0.0,0.0,0.0,1.9598666666666664,17.094,6.0,4,20.0,55.0,0.008,0.0,0.0,0.0,0.0,45.25410873842605,optimal
2021-02-10 15:30:00,2,62,2.4285714285714284,0.0,0.0,0.16436666666666666,16.5165,6.0,4,20.003945990433078,55.0,0.006666666666666667,8500.0,0.0,0.0,0.0,45.20885462968762,optimal
2021-02-10 16:00:00,2,62,2.063839019984559,0.0,0.0,0.24080000000000001,17.8185,6.0,4,20.58002529065696,55.0,0.005333333333333333,7223.436569945956,0.0,0.0,0.0,45.16364577505794,optimal
2021-02-10 16:30:00,2,62,2.4285714285714284,0.0,0.0,1.7386,17.094,6.0,4,20.93363543652583,55.0,0.0033333333333333335,8500.0,0.0,0.0,0.0,45.11848212928288,optimal
2021-02-10 17:00:00,2,62,2.4285714285714284,0.0,0.0,0.11066666666666669,16.8945,6.0,4,21.44958230132059,55.0,0.0033333333333333335,8500.0,0.0,0.0,0.0,45.0733636471536,optimal
2021-02-10 17:30:00,2,62,2.4285714285714284,0.0,0.0,0.15553333333333333,18.123,6.0,4,21.72855888659979,55.0,0.0033333333333333335,8500.0,0.0,0.0,0.0,45.02829028350644,optimal
2021-02-10 18:00:00,2,62,0.00990790387551141,0.0,0.0,0.429,31.647,6.0,4,22.0,55.0,0.0033333333333333335,34.67766356428994,0.0,0.0,0.0,44.98326199322294,optimal
2021-02-10 18:30:00,2,62,0.0,0.0,0.0,0.21353333333333332,34.9965,6.0,4,21.604948793733467,55.0,0.002,0.0,0.0,0.0,0.0,44.938278731229715,optimal
2021-02-10 19:00:00,2,62,0.0,0.0,0.0,0.3061333333333333,34.9965,6.0,4,21.192877316242637,55.0,0.002,0.0,0.0,0.0,0.0,44.893340452498485,optimal
2021-02-10 19:30:00,2,62,0.0,0.0,0.0,0.42769999999999997,34.9965,6.0,4,20.787764028683448,55.0,0.002,0.0,0.0,0.0,0.0,44.84844711204599,optimal
2021-02-10 20:00:00,2,62,0.0,0.0,0.0,0.14123333333333332,34.9965,6.0,4,20.403071670792123,55.0,0.002,0.0,0.0,0.0,0.0,44.80359866493394,optimal
2021-02-10 20:30:00,2,62,0.0,0.0,0.0,0.1461,34.9965,6.0,4,20.0,55.0,0.002,0.0,0.0,0.0,0.0,44.75879506626901,optimal
2021-02-10 21:00:00,2,62,0.0,0.0,0.0,0.20956666666666662,27.741,6.0,4,19.606785237535508,55.0,0.002,0.0,0.0,0.0,0.0,44.71403627120274,optimal
2021-02-10 21:30:00,2,62,0.0,0.0,0.0,0.3007333333333333,19.026,6.0,4,19.221361789029185,55.0,0.002,0.0,0.0,0.0,0.0,44.669322234931535,optimal
2021-02-10 22:00:00,2,62,0.0,0.0,0.0,0.20433333333333328,18.7215,6.0,4,18.818012785337938,55.0,0.0,0.0,0.0,0.0,0.0,44.624652912696604,optimal
2021-02-10 22:30:00,2,62,0.0,0.0,0.0,0.058,17.4195,6.0,4,18.383078423664866,55.0,0.0,0.0,0.0,0.0,0.0,44.58002825978391,optimal
2021-02-10 23:00:00,2,62,0.0,0.0,0.0,0.15553333333333333,16.758,6.0,4,17.92344773050002,55.0,0.0,0.0,0.0,0.0,0.0,44.53544823152412,optimal
2021-02-10 23:30:00,2,62,0.0,0.0,0.0,0.058,14.217,6.0,4,17.475692142012047,55.0,0.0,0.0,0.0,0.0,0.0,44.4909127832926,optimal
2021-02-11 00:00:00,2,62,2.4285714285714284,0.0,0.0,0.06,11.025,6.0,-4,17.475692142012047,55.0,0.0,8500.0,0.0,0.0,0.0,44.446421870509305,optimal
2021-02-11 00:30:00,2,62,2.4285714285714284,0.0,0.0,0.06,10.7835,6.0,-4,17.694584998710685,55.0,0.028666666666666667,5504.333333333334,0.0,2995.6666666666665,0.0,44.401975448638794,optimal
2021-02-11 01:00:00,2,62,2.4285714285714284,0.0,0.0,0.06866666666666667,11.025,6.0,-4,17.6807932890167,55.0,0.028666666666666667,8500.0,0.0,0.0,0.0,44.35757347319016,optimal
2021-02-11 01:30:00,2,62,2.4285714285714284,0.0,0.0,0.0852,10.584,6.0,-4,17.899579557797818,55.0,0.028666666666666667,8500.0,0.0,0.0,0.0,44.313215899716965,optimal
2021-02-11 02:00:00,2,62,2.4285714285714284,0.0,0.0,0.1232,11.025,6.0,-4,18.114962346459734,55.0,0.028666666666666667,8500.0,0.0,0.0,0.0,44.268902683817245,optimal
2021-02-11 02:30:00,2,62,2.4285714285714284,0.0,8.964245922700947,0.07,10.4265,6.0,-4,18.32876482347498,55.0,0.028666666666666667,8500.0,0.0,0.0,0.0,48.48265059441637,optimal
2021-02-11 03:00:00,2,62,2.4285714285714284,0.0,0.0,0.07,12.789,6.0,-4,18.53192230756304,55.0,0.028666666666666667,8500.0,0.0,0.0,0.0,48.434167943821954,optimal
2021-02-11 03:30:00,2,62,2.4285714285714284,0.0,0.0,0.13746666666666668,12.684,6.0,-4,18.72874534865611,55.0,0.028666666666666667,8500.0,0.0,0.0,0.0,48.38573377587813,optimal
2021-02-11 04:00:00,2,62,2.4285714285714284,0.0,0.0,0.14106666666666667,16.254,6.0,-4,18.9346303541397,55.0,0.027333333333333334,8500.0,0.0,0.0,0.0,48.33734804210225,optimal
2021-02-11 04:30:00,2,62,2.4285714285714284,0.0,0.0,0.06133333333333334,17.64,6.0,-4,19.14386029887367,55.0,0.027333333333333334,8500.0,0.0,0.0,0.0,48.289010694060146,optimal
2021-02-11 05:00:00,2,62,2.4285714285714284,0.0,0.0,0.09240000000000001,19.1625,6.0,-4,19.33834440768847,55.0,0.025333333333333333,8500.0,0.0,0.0,0.0,48.240721683366075,optimal
2021-02-11 05:30:00,2,62,2.349998541686611,0.0,0.0,0.06720000000000001,26.46,6.0,-4,19.547893933380305,55.0,0.02266666666666667,8224.994895903139,0.0,0.0,0.0,48.192480961682705,optimal
2021-02-11 06:00:00,2,62,2.4285714285714284,0.0,0.0,0.1264,20.79,6.0,-4,19.736023880807593,55.0,0.020666666666666667,8500.0,0.0,0.0,0.0,48.144288480721016,optimal
2021-02-11 06:30:00,2,62,0.0,0.0,0.0,0.07479999999999999,29.106,6.0,-4,19.94761916957155,55.0,0.018666666666666668,0.0,0.0,0.0,0.0,48.096144192240295,optimal
2021-02-11 07:00:00,2,62,2.4285714285714284,0.0,0.0,1.113733333333333,19.1835,6.0,-4,19.498468301245946,55.0,0.0033333333333333335,8500.0,0.0,0.0,0.0,48.048048048048045,optimal
2021-02-11 07:30:00,2,62,2.4285714285714284,0.0,0.0,2.649833333333333,19.6665,6.0,-4,19.74849527803799,55.0,0.0,8500.0,0.0,0.0,0.0,48.0,optimal
2021-02-11 08:00:00,2,62,1.6100671536454554,0.0,0.0,0.6667333333333334,19.404,6.0,-4,20.0,55.0,0.0,5635.235037759094,0.0,0.0,0.0,47.560233061539776,optimal
2021-02-11 08:30:00,2,62,1.7279224121532326,0.0,0.0,0.15380000000000002,19.047,6.0,-4,20.0,55.0,0.0,6047.728442536314,0.0,0.0,0.0,47.120905890018015,optimal
2021-02-11 09:00:00,2,62,2.4285714285714284,0.0,0.0,1.080266666666667,18.858,6.0,-4,20.0,55.0,0.004666666666666667,8012.333333333333,0.0,487.6666666666667,0.0,46.682018045667775,optimal
2021-02-11 09:30:00,2,62,0.29222901503805776,0.0,0.0,2.3661666666666665,19.2675,6.0,-4,20.23971463436375,55.0,0.0,1022.801552633202,0.0,0.0,0.0,46.24356908916189,optimal
2021-02-11 10:00:00,2,62,0.6884386357563327,0.0,0.0,0.089,18.963,6.0,-4,20.0,55.0,0.0,2409.5352251471645,0.0,0.0,0.0,45.8055585816125,optimal
2021-02-11 10:30:00,2,62,0.7220234793112271,0.0,0.0,0.1346,18.438,6.0,-4,20.0,55.0,0.0,2527.082177589295,0.0,0.0,0.0,45.36798608457067,optimal
2021-02-11 11:00:00,2,62,0.39567650787836467,0.0,0.0,0.07379999999999999,18.7425,6.0,-4,20.0,55.0,0.0,1384.8677775742763,0.0,0.0,0.0,44.930851160025874,optimal
2021-02-11 11:30:00,2,62,2.4285714285714284,0.0,0.0,0.1308,15.2145,6.0,-4,20.0,55.0,0.030499717125164288,5312.779560420332,0.0,3187.220439579668,0.0,44.49415337040563,optimal
2021-02-11 12:00:00,2,62,0.0,0.0,0.0,0.07759999999999999,17.7765,6.0,-4,20.321889464408184,55.0,0.030499717125164288,0.0,0.0,0.0,0.0,44.057892278575,optimal
2021-02-11 12:30:00,2,62,0.0,0.0,0.0,0.07,16.758,6.0,-4,20.321226711871724,55.0,0.030499717125164288,0.0,0.0,0.0,0.0,43.6220674478362,optimal
2021-02-11 13:00:00,2,62,0.0,0.0,0.0,0.108,16.422,6.0,-4,20.33357546979812,55.0,0.030499717125164288,0.0,0.0,0.0,0.0,43.186678441928144,optimal
2021-02-11 13:30:00,2,62,2.0122656371349987,0.0,0.0,0.1004,16.758,6.0,-4,20.316313808203972,55.0,0.030499717125164288,7042.929729972495,0.0,0.0,0.0,42.751724825025995,optimal
2021-02-11 14:00:00,2,62,0.0,0.0,0.0,0.1118,29.358,6.0,-4,20.842128255723967,55.0,0.030499717125164288,0.0,0.0,0.0,0.0,42.31720616174075,optimal
2021-02-11 14:30:00,2,62,0.0,0.0,0.0,0.1038,34.9965,6.0,-4,20.828364933551395,55.0,0.030499717125164288,0.0,0.0,0.0,0.0,41.88312201711879,optimal
2021-02-11 15:00:00,2,62,0.0,0.0,0.0,0.15553333333333333,34.65,6.0,-4,20.81825735867995,55.0,0.030499717125164288,0.0,0.0,0.0,0.0,41.84123889510167,optimal
2021-02-11 15:30:00,2,62,0.0,0.0,0.0,1.0059333333333331,34.9965,6.0,-4,20.74395691641598,55.0,0.030499717125164288,0.0,0.0,0.0,0.0,41.799397656206565,optimal
2021-02-11 16:00:00,2,62,0.0,0.0,0.0,1.7553666666666665,34.9965,6.0,-4,20.686146636173703,55.0,0.023166383791830954,0.0,0.0,0.0,0.0,41.75759825855036,optimal
2021-02-11 16:30:00,2,62,0.0,0.0,0.0,2.320266666666667,30.4815,6.0,-4,20.537641731028337,55.0,0.02183305045849762,0.0,0.0,0.0,0.0,41.71584066029181,optimal
2021-02-11 17:00:00,2,62,0.0,0.0,0.0,2.2546666666666666,21.4305,6.0,-4,20.34041231379824,55.0,0.021166383791830952,0.0,0.0,0.0,0.0,41.674124819631515,optimal
2021-02-11 17:30:00,2,62,2.4285714285714284,0.0,0.0,0.2592,14.3325,6.0,-4,20.0,55.0,0.0,4999.220439579668,0.0,3500.779560420332,0.0,41.63245069481189,optimal
2021-02-11 18:00:00,2,62,2.4285714285714284,0.0,0.0,1.1555,13.692,6.0,-4,20.0,55.0,0.002666666666666666,8221.333333333334,0.0,278.66666666666663,0.0,41.590818244117074,optimal
2021-02-11 18:30:00,2,62,0.5010475019448238,0.0,0.0,3.6187666666666667,14.007,6.0,-4,20.224922805286038,55.0,0.0,1753.6662568068834,0.0,0.0,0.0,41.54922742587296,optimal
2021-02-11 19:00:00,2,62,1.7748421458558012,0.0,0.0,0.2788333333333333,12.873,6.0,-4,20.0,55.0,0.0,6072.614177161971,0.0,139.33333333333331,0.0,41.50767819844708,optimal
2021-02-11 19:30:00,2,62,1.804372413452804,0.0,0.0,0.6643,12.684,6.0,-4,20.0,55.0,0.0,6315.303447084814,0.0,0.0,0.0,41.46617052024863,optimal
2021-02-11 20:00:00,2,62,1.8036645858117115,0.0,0.0,1.2386,12.306,6.0,-4,20.0,55.0,0.0,6312.82605034099,0.0,0.0,0.0,41.42470434972838,optimal
2021-02-11 20:30:00,2,62,0.059714285714285706,0.0,0.0,1.6778,10.6365,6.0,-4,20.0,55.0,0.0019999999999999996,0.0,0.0,208.99999999999997,0.0,41.38327964537865,optimal
2021-02-11 21:00:00,2,62,0.0,0.0,0.0,2.676133333333333,11.2455,6.0,-4,19.505356349451095,55.0,0.0019999999999999996,0.0,0.0,0.0,0.0,41.34189636573327,optimal
2021-02-11 21:30:00,2,62,0.0,0.0,0.0,0.3578,11.2455,6.0,-4,19.037227909599125,55.0,0.0006666666666666665,0.0,0.0,0.0,0.0,41.30055446936753,optimal
2021-02-11 22:00:00,2,62,0.0,0.0,0.0,0.5363666666666667,11.025,6.0,-4,18.557440524674934,55.0,0.0006666666666666665,0.0,0.0,0.0,0.0,41.25925391489817,optimal
2021-02-11 22:30:00,2,62,0.0,0.0,0.0,2.2558000000000002,12.0855,6.0,-4,18.113238937406706,55.0,0.0,0.0,0.0,0.0,0.0,41.217994660983265,optimal
2021-02-11 23:00:00,2,62,0.0,0.0,0.0,0.5955333333333332,11.6865,6.0,-4,17.680509963520453,55.0,0.0,0.0,0.0,0.0,0.0,41.17677666632228,optimal
2021-02-11 23:30:00,2,62,0.0,0.0,0.0,0.16066666666666665,11.2245,6.0,-4,17.246888344421365,55.0,0.0,0.0,0.0,0.0,0.0,41.135599889655964,optimal
2021-02-12 00:00:00,2,62,2.4285714285714284,0.0,9.0,0.073,8.1585,6.0,1,17.246888344421365,55.0,0.0,8500.0,0.0,0.0,0.0,45.369464289766306,optimal
2021-02-12 00:30:00,2,62,2.4285714285714284,0.0,0.0,0.12966666666666665,10.3635,6.0,1,17.404361799944787,55.0,0.008347303492695704,7627.706785013299,0.0,872.2932149867011,0.0,45.32409482547654,optimal
2021-02-12 01:00:00,2,62,2.4285714285714284,0.0,0.0,0.07286666666666666,10.8045,6.0,1,17.496275778660067,55.0,0.008347303492695704,8500.0,0.0,0.0,0.0,45.27877073065107,optimal
2021-02-12 01:30:00,2,62,2.4285714285714284,0.0,0.0,0.10753333333333331,11.025,6.0,1,17.642293419493768,55.0,0.008347303492695704,8500.0,0.0,0.0,0.0,45.233491959920414,optimal
2021-02-12 02:00:00,2,62,2.4285714285714284,0.0,0.0,0.059,10.3635,6.0,1,17.790013467095214,55.0,0.008347303492695704,8500.0,0.0,0.0,0.0,45.188258467960495,optimal
2021-02-12 02:30:00,2,62,2.4285714285714284,0.0,0.0,0.059,10.8045,6.0,1,17.933006892852305,55.0,0.008347303492695704,8500.0,0.0,0.0,0.0,45.143070209492535,optimal
2021-02-12 03:00:00,2,62,2.4285714285714284,0.0,0.0,0.059,10.059,6.0,1,18.079280954076378,55.0,0.008347303492695704,8500.0,0.0,0.0,0.0,45.097927139283044,optimal
2021-02-12 03:30:00,2,62,2.4285714285714284,0.0,0.0,0.111,10.584,6.0,1,18.228767102242507,55.0,0.008347303492695704,8500.0,0.0,0.0,0.0,45.05282921214376,optimal
2021-02-12 04:00:00,2,62,2.4285714285714284,0.0,7.930086256554229,0.0694,9.4185,6.0,1,18.39375208870839,55.0,0.008347303492695704,8500.0,0.0,0.0,0.0,48.774567354794875,optimal
2021-02-12 04:30:00,2,62,2.4285714285714284,0.0,0.0,0.059,10.3635,6.0,1,18.56671942778449,55.0,0.008347303492695704,8500.0,0.0,0.0,0.0,48.72579278744007,optimal
2021-02-12 05:00:00,2,62,2.4285714285714284,0.0,0.0,0.07633333333333332,9.8385,6.0,1,18.749899875449575,55.0,0.008347303492695704,8500.0,0.0,0.0,0.0,48.67706699465263,optimal
2021-02-12 05:30:00,2,62,2.4285714285714284,0.0,0.0,0.10406666666666667,11.067,6.0,1,18.945211182234427,55.0,0.008347303492695704,8500.0,0.0,0.0,0.0,48.62838992765797,optimal
2021-02-12 06:00:00,2,62,2.4285714285714284,0.0,0.0,0.0902,10.8465,6.0,1,19.155288546504337,55.0,0.008347303492695704,8500.0,0.0,0.0,0.0,48.579761537730306,optimal
2021-02-12 06:30:00,2,62,2.4285714285714284,0.0,0.0,0.0902,13.671,6.0,1,19.37662670457475,55.0,0.008347303492695704,8500.0,0.0,0.0,0.0,48.53118177619257,optimal
2021-02-12 07:00:00,2,62,2.4285714285714284,0.0,0.0,0.059,12.348,6.0,1,19.595429514894388,55.0,0.008347303492695704,8500.0,0.0,0.0,0.0,48.48265059441637,optimal
2021-02-12 07:30:00,2,62,2.4285714285714284,0.0,0.0,0.05966666666666666,14.3325,6.0,1,19.809352406904335,55.0,0.008347303492695704,8500.0,0.0,0.0,0.0,48.434167943821954,optimal
2021-02-12 08:00:00,2,62,2.4285714285714284,0.0,0.0,0.06833333333333333,15.393,6.0,1,20.0,55.0,0.008347303492695704,8500.0,0.0,0.0,0.0,48.38573377587813,optimal
2021-02-12 08:30:00,2,62,2.4285714285714284,0.0,0.0,0.059,13.587,6.0,1,20.17147869447686,55.0,0.008347303492695704,8500.0,0.0,0.0,0.0,48.33734804210225,optimal
2021-02-12 09:00:00,2,62,0.2560641081132672,0.0,0.0,0.11033333333333331,16.1385,6.0,1,20.335195381622462,55.0,0.008347303492695704,896.2243783964351,0.0,0.0,0.0,48.289010694060146,optimal
2021-02-12 09:30:00,2,62,1.2771642279084388,0.0,0.0,0.0674,14.595,6.0,1,20.0,55.0,0.008347303492695704,4470.074797679536,0.0,0.0,0.0,48.240721683366075,optimal
2021-02-12 10:00:00,2,62,0.5459608263331854,0.0,0.0,0.4048333333333333,14.637,6.0,1,20.0,55.0,0.008347303492695704,1910.862892166149,0.0,0.0,0.0,48.192480961682705,optimal
2021-02-12 10:30:00,2,62,0.5707042639632605,0.0,0.0,0.19733333333333328,13.9125,6.0,1,20.0,55.0,0.008347303492695704,1997.4649238714117,0.0,0.0,0.0,48.144288480721016,optimal
2021-02-12 11:00:00,2,62,0.13822912585830502,0.0,0.0,0.32076666666666664,13.3665,6.0,1,20.0,55.0,0.008347303492695704,483.80194050406755,0.0,0.0,0.0,48.096144192240295,optimal
2021-02-12 11:30:00,2,62,0.1113952274849137,0.0,0.0,1.5993333333333333,13.0095,6.0,1,20.0,55.0,0.008347303492695704,389.883296197198,0.0,0.0,0.0,48.048048048048045,optimal
2021-02-12 12:00:00,2,62,0.0,0.0,0.0,0.2768,13.8915,6.0,1,20.00986454076727,55.0,0.004347303492695704,0.0,0.0,0.0,0.0,48.0,optimal
2021-02-12 12:30:00,2,62,0.11213306840593544,0.0,0.0,0.18053333333333332,13.188,6.0,1,20.0,55.0,0.004347303492695704,392.46573942077407,0.0,0.0,0.0,47.81076844045392,optimal
2021-02-12 13:00:00,2,62,0.11654747661516375,0.0,0.0,0.19233333333333327,12.5685,6.0,1,20.0,55.0,0.004347303492695704,407.9161681530731,0.0,0.0,0.0,47.621726112467385,optimal
2021-02-12 13:30:00,2,62,0.12117542673145844,0.0,0.0,0.21956666666666663,12.285,6.0,1,20.0,55.0,0.004347303492695704,424.1139935601046,0.0,0.0,0.0,47.43287282680884,optimal
2021-02-12 14:00:00,2,62,2.4052820878166625,0.0,0.0,0.3985666666666667,11.487,6.0,1,20.0,55.0,0.016,7200.7805223450205,0.0,1217.706785013299,0.0,47.24420839443595,optimal
2021-02-12 14:30:00,2,62,0.0,0.0,0.0,1.5428666666666666,11.802,6.0,1,20.517356717308378,55.0,0.013333333333333334,0.0,0.0,0.0,0.0,47.055732626495434,optimal
2021-02-12 15:00:00,2,62,2.4285714285714284,0.0,0.0,0.258,11.2245,6.0,1,20.492795696487804,55.0,0.013333333333333334,8500.0,0.0,0.0,0.0,46.86744533432286,optimal
2021-02-12 15:30:00,2,62,2.4285714285714284,0.0,0.0,0.2369333333333333,11.025,6.0,1,21.046983168430852,55.0,0.013333333333333334,8500.0,0.0,0.0,0.0,46.67934632944246,optimal
2021-02-12 16:00:00,2,62,2.4285714285714284,0.0,0.0,0.203,11.907,6.0,1,21.58216111502786,55.0,0.009333333333333334,8500.0,0.0,0.0,0.0,46.49143542356694,optimal
2021-02-12 16:30:00,2,62,0.0,0.0,0.0,0.3442,25.83,6.0,1,22.0,55.0,0.005333333333333333,0.0,0.0,0.0,0.0,46.303712428597294,optimal
2021-02-12 17:00:00,2,62,0.0,0.0,0.0,1.7755999999999998,28.035,6.0,1,21.763094427088003,55.0,0.004666666666666667,0.0,0.0,0.0,0.0,46.11617715662262,optimal
2021-02-12 17:30:00,2,62,0.0,0.0,0.0,0.34036666666666665,28.119,6.0,1,21.470610363075785,55.0,0.0033333333333333335,0.0,0.0,0.0,0.0,45.92882941991992,optimal
2021-02-12 18:00:00,2,62,0.0,0.0,0.0,0.22876666666666667,30.156,6.0,1,21.105838634961156,55.0,0.0033333333333333335,0.0,0.0,0.0,0.0,45.74166903095392,optimal
2021-02-12 18:30:00,2,62,0.0,0.0,0.0,1.5634000000000001,29.1585,6.0,1,20.69156738505287,55.0,0.0033333333333333335,0.0,0.0,0.0,0.0,45.55469580237689,optimal
2021-02-12 19:00:00,2,62,0.30414566923839614,0.0,0.0,0.2717,26.712,6.0,1,20.317994708295746,55.0,0.0033333333333333335,1064.5098423343863,0.0,0.0,0.0,45.36790954702843,optimal
2021-02-12 19:30:00,2,62,1.3095970618186816,0.0,0.0,1.5041333333333335,15.435,6.0,1,20.0,55.0,0.002,4583.589716365385,0.0,0.0,0.0,45.18131007793533,optimal
2021-02-12 20:00:00,2,62,1.4097392976492615,0.0,0.0,0.22173333333333328,13.566,6.0,1,20.0,55.0,0.002,4934.0875417724155,0.0,0.0,0.0,44.994897208311315,optimal
2021-02-12 20:30:00,2,62,0.0,0.0,0.0,0.25,12.789,6.0,1,20.0,55.0,0.002,0.0,0.0,0.0,0.0,44.808670751556924,optimal
2021-02-12 21:00:00,2,62,0.0,0.0,0.0,0.23733333333333329,12.1275,6.0,1,19.61528287326185,55.0,0.002,0.0,0.0,0.0,0.0,44.62263052125929,optimal
2021-02-12 21:30:00,2,62,0.0,0.0,0.0,0.4754666666666666,13.671,6.0,1,19.24167660449988,55.0,0.0,0.0,0.0,0.0,0.0,44.43677633119195,optimal
2021-02-12 22:00:00,2,62,0.0,0.0,0.0,0.334,10.668,6.0,1,18.89022895010841,55.0,0.0,0.0,0.0,0.0,0.0,44.25110799531468,optimal
2021-02-12 22:30:00,2,62,0.0,0.0,0.0,0.2685,11.7285,6.0,1,18.540040386840815,55.0,0.0,0.0,0.0,0.0,0.0,44.06562532777329,optimal
2021-02-12 23:00:00,2,62,0.0,0.0,0.0,0.167,11.025,6.0,1,18.17766329677801,55.0,0.0,0.0,0.0,0.0,0.0,43.88032814289944,optimal
2021-02-12 23:30:00,2,62,0.0,0.0,0.0,0.12833333333333335,10.689,6.0,1,17.806369782696205,55.0,0.0,0.0,0.0,0.0,0.0,43.83644781475654,optimal
2021-02-13 00:00:00,2,62,0.0,0.0,0.0,0.057,9.261,6.0,-2,17.806369782696205,55.0,0.0,0.0,0.0,0.0,0.0,43.792611366941784,optimal
2021-02-13 00:30:00,2,62,2.4285714285714284,0.0,0.0,0.057,8.1585,6.0,-2,17.436018305221857,55.0,0.023333333333333334,6061.666666666666,0.0,2438.3333333333335,0.0,43.748818755574845,optimal
2021-02-13 01:00:00,2,62,0.14260033167323702,0.0,0.0,0.057,9.4815,6.0,-2,17.54025537779332,55.0,0.023333333333333334,499.10116085632956,0.0,0.0,0.0,43.70506993681927,optimal
2021-02-13 01:30:00,2,62,2.4285714285714284,0.0,0.0,0.057,8.379,6.0,-2,17.215906968194606,55.0,0.023333333333333334,8500.0,0.0,0.0,0.0,43.66136486688245,optimal
2021-02-13 02:00:00,2,62,2.4285714285714284,0.0,0.0,0.057,9.5235,6.0,-2,17.51420508044376,55.0,0.023333333333333334,8500.0,0.0,0.0,0.0,43.617703502015566,optimal
2021-02-13 02:30:00,2,62,2.4285714285714284,0.0,0.0,0.057,8.1375,6.0,-2,17.80731503036686,55.0,0.023333333333333334,8500.0,0.0,0.0,0.0,43.57408579851355,optimal
2021-02-13 03:00:00,2,62,2.4285714285714284,0.0,0.0,0.057,10.0905,6.0,-2,18.094300479439724,55.0,0.023333333333333334,8500.0,0.0,0.0,0.0,43.53051171271504,optimal
2021-02-13 03:30:00,2,62,2.4285714285714284,0.0,9.0,0.057,7.539,6.0,-2,18.37528939844832,55.0,0.023333333333333334,8500.0,0.0,0.0,0.0,47.76198120100232,optimal
2021-02-13 04:00:00,2,62,2.4285714285714284,0.0,1.1084262390837065,0.057,7.938,6.0,-2,18.649362339625323,55.0,0.023333333333333334,8500.0,0.0,0.0,0.0,48.240721683366075,optimal
2021-02-13 04:30:00,2,62,2.4285714285714284,0.0,0.0,0.057,8.274,6.0,-2,18.916663811583017,55.0,0.023333333333333334,8500.0,0.0,0.0,0.0,48.192480961682705,optimal
2021-02-13 05:00:00,2,62,2.4285714285714284,0.0,0.0,0.057,9.261,6.0,-2,19.176290558824313,55.0,0.023333333333333334,8500.0,0.0,0.0,0.0,48.144288480721016,optimal
2021-02-13 05:30:00,2,62,2.4285714285714284,0.0,0.0,0.05733333333333333,9.9225,6.0,-2,19.428402943895968,55.0,0.004,8500.0,0.0,0.0,0.0,48.096144192240295,optimal
2021-02-13 06:00:00,2,62,2.4285714285714284,0.0,0.0,0.06546666666666667,9.702,6.0,-2,19.683140070714888,55.0,0.002,8500.0,0.0,0.0,0.0,48.048048048048045,optimal
2021-02-13 06:30:00,2,62,2.4285714285714284,0.0,0.0,0.079,10.584,6.0,-2,19.94598245639806,55.0,0.002,8500.0,0.0,0.0,0.0,48.0,optimal
2021-02-13 07:00:00,2,62,2.4285714285714284,0.0,0.0,0.07853333333333333,10.143,6.0,-2,20.198937616736686,55.0,0.0,8500.0,0.0,0.0,0.0,47.7037887195404,optimal
2021-02-13 07:30:00,2,62,0.0,0.0,0.0,0.067,13.0095,6.0,-2,20.447857648743625,55.0,0.0,0.0,0.0,0.0,0.0,47.40787365036126,optimal
2021-02-13 08:00:00,2,62,2.4285714285714284,0.0,0.0,0.067,11.025,6.0,-2,20.0,55.0,0.0,8500.0,0.0,0.0,0.0,47.112254496251296,optimal
2021-02-13 08:30:00,2,62,0.8260318269071912,0.0,0.0,0.067,12.789,6.0,-2,20.21725330835321,55.0,0.0,2891.111394175169,0.0,0.0,0.0,46.81693096129545,optimal
2021-02-13 09:00:00,2,62,1.3707609323698016,0.0,0.0,0.067,12.1275,6.0,-2,20.0,55.0,0.0,4797.663263294306,0.0,0.0,0.0,46.52190274987455,optimal
2021-02-13 09:30:00,2,62,1.6794282509477878,0.0,0.0,0.067,12.1695,6.0,-2,20.0,55.0,0.0,5877.998878317258,0.0,0.0,0.0,46.227169566665076,optimal
2021-02-13 10:00:00,2,62,2.4285714285714284,0.0,0.0,0.067,12.306,6.0,-2,20.088241503215404,55.0,0.0,8500.0,0.0,0.0,0.0,45.93273111663881,optimal
2021-02-13 10:30:00,2,62,0.0,0.0,0.0,0.067,13.23,6.0,-2,20.492364467873895,55.0,0.0,0.0,0.0,0.0,0.0,45.63858710506258,optimal
2021-02-13 11:00:00,2,62,0.0,0.0,0.0,0.067,13.671,6.0,-2,20.235910372381714,55.0,0.0,0.0,0.0,0.0,0.0,45.34473723749792,optimal
2021-02-13 11:30:00,2,62,0.0,0.0,0.0,0.067,13.9335,6.0,-2,20.116181957714282,55.0,0.0,0.0,0.0,0.0,0.0,45.05118121980082,optimal
2021-02-13 12:00:00,2,62,0.22165490388895032,0.0,0.0,0.067,13.293,6.0,-2,20.0,55.0,0.0,775.7921636113261,0.0,0.0,0.0,44.75791875812142,optimal
2021-02-13 12:30:00,2,62,0.21388600139170708,0.0,0.0,0.067,12.1065,6.0,-2,20.0,55.0,0.0,748.6010048709747,0.0,0.0,0.0,44.4649495589037,optimal
2021-02-13 13:00:00,2,62,1.5193122488475315,0.0,0.0,0.067,11.571,6.0,-2,20.0,55.0,0.0,5317.59287096636,0.0,0.0,0.0,44.1722733288852,optimal
2021-02-13 13:30:00,2,62,2.4285714285714284,0.0,0.0,0.067,11.025,6.0,-2,20.377324858006027,55.0,0.0,8500.0,0.0,0.0,0.0,43.879889775096714,optimal
2021-02-13 14:00:00,2,62,2.4285714285714284,0.0,0.0,0.067,10.8465,6.0,-2,20.993405321262475,55.0,0.0,8500.0,0.0,0.0,0.0,43.587798604862016,optimal
2021-02-13 14:30:00,2,62,2.4285714285714284,0.0,0.0,0.067,11.2455,6.0,-2,21.500960572178435,55.0,0.0,8500.0,0.0,0.0,0.0,43.295999525797555,optimal
2021-02-13 15:00:00,2,62,0.0,0.0,0.0,0.067,23.8665,6.0,-2,22.0,55.0,0.0,0.0,0.0,0.0,0.0,43.00449224581216,optimal
2021-02-13 15:30:00,2,62,0.0,0.0,0.0,0.067,27.4575,6.0,-2,21.75546902658915,55.0,0.0,0.0,0.0,0.0,0.0,42.713276473106745,optimal
2021-02-13 16:00:00,2,62,0.0,0.0,0.0,0.067,27.3735,6.0,-2,21.5139580123089,55.0,0.0,0.0,0.0,0.0,0.0,42.42235191617404,optimal
2021-02-13 16:30:00,2,62,0.0,0.0,0.0,0.067,30.4605,6.0,-2,21.183695531205064,55.0,0.0,0.0,0.0,0.0,0.0,42.131718283798264,optimal
2021-02-13 17:00:00,2,62,0.0,0.0,0.0,0.067,30.0195,6.0,-2,20.860333849091,55.0,0.0,0.0,0.0,0.0,0.0,41.841375285054866,optimal
2021-02-13 17:30:00,2,62,0.0,0.0,0.0,0.067,26.9325,6.0,-2,20.461673958095464,55.0,0.0,0.0,0.0,0.0,0.0,41.551322629310214,optimal
2021-02-13 18:00:00,2,62,1.3044613930001798,0.0,0.0,0.067,14.595,6.0,-2,20.069254533371417,55.0,0.0,4565.61487550063,0.0,0.0,0.0,41.261560026221304,optimal
2021-02-13 18:30:00,2,62,1.5604598985490015,0.0,0.0,0.067,12.4845,6.0,-2,20.0,55.0,0.0,5461.609644921506,0.0,0.0,0.0,40.97208718573548,optimal
2021-02-13 19:00:00,2,62,2.3376422638624192,0.0,0.0,0.067,12.1275,6.0,-2,20.0,55.0,0.0,8181.747923518468,0.0,0.0,0.0,40.682903818090146,optimal
2021-02-13 19:30:00,2,62,2.4285714285714284,0.0,0.0,0.067,12.1275,6.0,-2,20.207982744979397,55.0,0.0,8500.0,0.0,0.0,0.0,40.39400963381246,optimal
2021-02-13 20:00:00,2,62,0.0,0.0,0.0,0.067,12.789,6.0,-2,20.433986124715098,55.0,0.0,0.0,0.0,0.0,0.0,40.105404343719044,optimal
2021-02-13 20:30:00,2,62,0.0,0.0,0.0,0.067,11.907,6.0,-2,20.0,55.0,0.0,0.0,0.0,0.0,0.0,39.817087658915725,optimal
2021-02-13 21:00:00,2,62,0.0,0.0,0.0,0.067,11.025,6.0,-2,19.57508196864204,55.0,0.0,0.0,0.0,0.0,0.0,39.52905929079721,optimal
2021-02-13 21:30:00,2,62,0.0,0.0,0.0,0.067,8.2005,6.0,-2,19.1590425538067,55.0,0.0,0.0,0.0,0.0,0.0,39.24131895104681,optimal
2021-02-13 22:00:00,2,62,0.0,0.0,0.0,0.067,9.5655,6.0,-2,18.750651493140047,55.0,0.0,0.0,0.0,0.0,0.0,38.95386635163616,optimal
2021-02-13 22:30:00,2,62,0.0,0.0,0.0,0.067,7.056,6.0,-2,18.34974897510508,55.0,0.0,0.0,0.0,0.0,0.0,38.666701204824925,optimal
2021-02-13 23:00:00,2,62,0.0,0.0,0.0,0.067,9.3975,6.0,-2,17.958268016644606,55.0,0.0,0.0,0.0,0.0,0.0,38.3798232231605,optimal
2021-02-13 23:30:00,2,62,0.0,0.0,0.0,0.06433333333333333,10.059,6.0,-2,17.576011755285556,55.0,0.0,0.0,0.0,0.0,0.0,38.09323211947774,optimal
2021-02-07 00:00:00,3,62,0.0,0.0,0.0,0.08356666666666666,6.678,6.0,3,21.0,55.0,0.12,0.0,0.0,0.0,0.0,47.952,optimal
2021-02-07 00:30:00,3,62,0.0,0.0,0.0,0.2413333333333333,7.938,6.0,3,20.634396728120183,55.0,0.06533333333333333,0.0,0.0,0.0,0.0,47.904047999999996,optimal
2021-02-07 01:00:00,3,62,2.4285714285714284,0.0,0.0,0.16243333333333335,5.292,6.0,3,20.291646013332592,55.0,0.09533333333333334,5225.666666666666,0.0,3274.3333333333344,0.0,47.856143952,optimal
2021-02-07 01:30:00,3,62,0.0,0.0,0.0,0.13733333333333334,9.261,6.0,3,20.35658372073485,55.0,0.09533333333333334,0.0,0.0,0.0,0.0,47.80828780804799,optimal
2021-02-07 02:00:00,3,62,0.0,0.0,0.0,0.28453333333333336,10.3635,6.0,3,19.995540483063696,55.0,0.09533333333333334,0.0,0.0,0.0,0.0,47.76047952023995,optimal
2021-02-07 02:30:00,3,62,0.0,0.0,0.0,0.13733333333333334,8.274,6.0,3,19.652307961216433,55.0,0.09533333333333334,0.0,0.0,0.0,0.0,47.712719040719705,optimal
2021-02-07 03:00:00,3,62,0.0,0.0,0.0,0.11,7.7175,6.0,3,19.302846255872403,55.0,0.09533333333333334,0.0,0.0,0.0,0.0,47.66500632167899,optimal
2021-02-07 03:30:00,3,62,0.0,0.0,0.0,0.25053333333333333,6.615,6.0,3,18.956496611445626,55.0,0.09533333333333334,0.0,0.0,0.0,0.0,47.61734131535731,optimal
2021-02-07 04:00:00,3,62,1.702913486350856,0.0,0.0,0.076,6.174,6.0,3,18.627138365559222,55.0,0.09533333333333334,5960.197202227996,0.0,0.0,0.0,47.56972397404195,optimal
2021-02-07 04:30:00,3,62,2.4285714285714284,0.0,0.0,0.1898333333333333,3.906,6.0,3,18.74821335222308,55.0,0.09533333333333334,8500.0,0.0,0.0,0.0,47.522154250067906,optimal
2021-02-07 05:00:00,3,62,2.4285714285714284,0.0,0.0,0.23203333333333334,2.3415,6.0,3,19.07067565970981,55.0,0.09533333333333334,8500.0,0.0,0.0,0.0,47.47463209581784,optimal
2021-02-07 05:30:00,3,62,2.4285714285714284,0.0,0.0,0.15596666666666667,2.205,6.0,3,19.389642987158883,55.0,0.09533333333333334,8500.0,0.0,0.0,0.0,47.42715746372202,optimal
2021-02-07 06:00:00,3,62,2.4285714285714284,0.0,1.812613425490078,0.26589999999999997,0.882,6.0,3,19.696100226602784,55.0,0.09533333333333334,8500.0,0.0,0.0,0.0,48.240721683366075,optimal
2021-02-07 06:30:00,3,62,2.4285714285714284,0.0,0.0,1.5241,1.5435,6.0,3,20.00460183992486,55.0,0.09533333333333334,8500.0,0.0,0.0,0.0,48.192480961682705,optimal
2021-02-07 07:00:00,3,62,2.4285714285714284,0.0,0.0,0.7732,1.5435,6.0,3,20.371066129024108,55.0,0.08933333333333333,8500.0,0.0,0.0,0.0,48.144288480721016,optimal
2021-02-07 07:30:00,3,62,2.4285714285714284,0.0,0.0,0.27996666666666664,5.0715,6.0,3,20.699186981509822,55.0,0.08733333333333335,8500.0,0.0,0.0,0.0,48.096144192240295,optimal
2021-02-07 08:00:00,3,62,2.4285714285714284,0.0,0.0,1.2398666666666665,5.376,6.0,3,21.00574990127884,55.0,0.08097333333333334,8500.0,0.0,0.0,0.0,48.048048048048045,optimal
2021-02-07 08:30:00,3,62,2.4285714285714284,0.0,0.0,0.5587666666666666,5.0715,6.0,3,21.38187152658778,55.0,0.024,8500.0,0.0,0.0,0.0,48.0,optimal
2021-02-07 09:00:00,3,62,2.4285714285714284,0.0,0.0,0.16516666666666666,5.5125,6.0,3,21.693758831606132,55.0,0.024,8500.0,0.0,0.0,0.0,47.681702956377535,optimal
2021-02-07 09:30:00,3,62,1.2598377628992552,0.0,0.0,0.36319999999999997,9.261,6.0,3,22.0,55.0,0.02266666666666667,4409.432170147394,0.0,0.0,0.0,47.3637242097987,optimal
2021-02-07 10:00:00,3,62,0.0,0.0,0.0,0.194,11.7075,6.0,3,22.0,55.0,0.02266666666666667,0.0,0.0,0.0,0.0,47.04606344196643,optimal
2021-02-07 10:30:00,3,62,0.0,0.0,0.0,0.17326666666666668,12.348,6.0,3,21.685968368579207,55.0,0.02266666666666667,0.0,0.0,0.0,0.0,46.728720334902,optimal
2021-02-07 11:00:00,3,62,0.0,0.0,0.0,0.16546666666666668,12.348,6.0,3,21.369539012552366,55.0,0.02266666666666667,0.0,0.0,0.0,0.0,46.41169457094463,optimal
2021-02-07 11:30:00,3,62,0.45505733836346,0.0,0.0,0.1814333333333333,12.1275,6.0,3,21.107989610137338,55.0,0.02266666666666667,1592.70068427211,0.0,0.0,0.0,46.09498583275123,optimal
2021-02-07 12:00:00,3,62,0.0,0.0,0.0,1.109233333333333,12.5265,6.0,3,20.975522388285512,55.0,0.02266666666666667,0.0,0.0,0.0,0.0,45.77859380329601,optimal
2021-02-07 12:30:00,3,62,2.4285714285714284,0.0,0.0,1.0082,11.7495,6.0,3,20.80639759140266,55.0,0.021333333333333333,8500.0,0.0,0.0,0.0,45.46251816587025,optimal
2021-02-07 13:00:00,3,62,0.0,0.0,0.0,0.24353333333333332,13.23,6.0,3,21.278957152424773,55.0,0.019333333333333334,0.0,0.0,0.0,0.0,45.14675860408192,optimal
2021-02-07 13:30:00,3,62,0.0,0.0,0.0,0.38203333333333334,14.3325,6.0,3,21.03732628376897,55.0,0.019333333333333334,0.0,0.0,0.0,0.0,44.83131480185537,optimal
2021-02-07 14:00:00,3,62,0.0,0.0,0.0,0.42369999999999997,14.994,6.0,3,20.81118606054809,55.0,0.019333333333333334,0.0,0.0,0.0,0.0,44.51618644343105,optimal
2021-02-07 14:30:00,3,62,0.0,0.0,0.0,2.7516,14.8155,6.0,3,20.606989389185316,55.0,0.019333333333333334,0.0,0.0,0.0,0.0,44.20137321336516,optimal
2021-02-07 15:00:00,3,62,0.0,0.0,0.0,2.8676666666666666,14.112,6.0,3,20.45184244551506,55.0,0.019333333333333334,0.0,0.0,0.0,0.0,43.886874796529334,optimal
2021-02-07 15:30:00,3,62,2.4285714285714284,0.0,0.0,0.4759,14.007,6.0,3,20.346988260223256,55.0,0.019333333333333334,8500.0,0.0,0.0,0.0,43.57269087811034,optimal
2021-02-07 16:00:00,3,62,2.4285714285714284,0.0,0.0,0.42583333333333334,13.23,6.0,3,20.855047159443387,55.0,0.019333333333333334,8500.0,0.0,0.0,0.0,43.25882114360977,optimal
2021-02-07 16:30:00,3,62,2.4285714285714284,0.0,0.0,0.5269333333333333,11.382,6.0,3,21.26289473223526,55.0,0.019333333333333334,8500.0,0.0,0.0,0.0,42.9452652788437,optimal
2021-02-07 17:00:00,3,62,2.4285714285714284,0.0,0.0,0.4928666666666667,11.7495,6.0,3,21.676582259130655,55.0,0.019333333333333334,8500.0,0.0,0.0,0.0,42.902320013564854,optimal
2021-02-07 17:30:00,3,62,0.1645720232382407,0.0,0.0,0.37206666666666666,24.3285,6.0,3,22.0,55.0,0.019333333333333334,576.0020813338424,0.0,0.0,0.0,42.859417693551286,optimal
2021-02-07 18:00:00,3,62,0.0,0.0,0.0,0.30739999999999995,28.917,6.0,3,21.69950743940073,55.0,0.014,0.0,0.0,0.0,0.0,42.81655827585774,optimal
2021-02-07 18:30:00,3,62,0.0,0.0,0.0,0.4997,31.3635,6.0,3,21.327524867899402,55.0,0.014,0.0,0.0,0.0,0.0,42.77374171758188,optimal
2021-02-07 19:00:00,3,62,0.0,0.0,0.0,0.4203,33.306,6.0,3,20.98659067189702,55.0,0.010666666666666665,0.0,0.0,0.0,0.0,42.730967975864296,optimal
2021-02-07 19:30:00,3,62,0.0,0.0,0.0,0.20553333333333332,31.3425,6.0,3,20.65322817872274,55.0,0.009333333333333332,0.0,0.0,0.0,0.0,42.68823700788843,optimal
2021-02-07 20:00:00,3,62,0.0,0.0,0.0,0.47633333333333333,28.2555,6.0,3,20.31360377018319,55.0,0.007999999999999998,0.0,0.0,0.0,0.0,42.645548770880545,optimal
2021-02-07 20:30:00,3,62,0.0,0.0,0.0,0.48003333333333337,15.6975,6.0,3,20.0,55.0,0.007999999999999998,0.0,0.0,0.0,0.0,42.60290322210967,optimal
2021-02-07 21:00:00,3,62,0.0,0.0,0.0,0.3595,12.5475,6.0,3,19.698136625610637,55.0,0.002666666666666666,0.0,0.0,0.0,0.0,42.560300318887556,optimal
2021-02-07 21:30:00,3,62,0.0,0.0,0.0,0.36056666666666665,12.0855,6.0,3,19.391438890235705,55.0,0.002666666666666666,0.0,0.0,0.0,0.0,42.51774001856867,optimal
2021-02-07 22:00:00,3,62,0.0,0.0,0.0,0.5610333333333333,11.907,6.0,3,19.08771974773564,55.0,0.0,0.0,0.0,0.0,0.0,42.4752222785501,optimal
2021-02-07 22:30:00,3,62,0.0,0.0,0.0,0.2599666666666666,12.5685,6.0,3,18.804578373415684,55.0,0.0,0.0,0.0,0.0,0.0,42.43274705627155,optimal
2021-02-07 23:00:00,3,62,0.0,0.0,0.0,0.20286666666666667,13.146,6.0,3,18.48526038752815,55.0,0.0,0.0,0.0,0.0,0.0,42.39031430921528,optimal
2021-02-07 23:30:00,3,62,0.0,0.0,0.0,0.07366666666666667,10.584,6.0,3,18.157048395497217,55.0,0.0,0.0,0.0,0.0,0.0,42.34792399490606,optimal
2021-02-08 00:00:00,3,62,2.4285714285714284,0.0,0.0,0.046,7.665,6.0,-3,18.157048395497217,55.0,0.0,8500.0,0.0,0.0,0.0,42.30557607091116,optimal
2021-02-08 00:30:00,3,62,2.4285714285714284,0.0,0.0,0.046,6.7725,6.0,-3,18.469374218075252,55.0,0.08133971291866028,0.0,0.0,8500.0,0.0,42.26327049484025,optimal
2021-02-08 01:00:00,3,62,2.4285714285714284,0.0,0.0,0.046,5.5755,6.0,-3,18.1219963272869,55.0,0.086,8013.0,0.0,487.0,0.0,42.221007224345406,optimal
2021-02-08 01:30:00,3,62,2.4285714285714284,0.0,4.671582101583783,0.1769,5.0925,6.0,-3,18.397631319130138,55.0,0.086,8500.0,0.0,0.0,0.0,44.397787715373354,optimal
2021-02-08 02:00:00,3,62,2.4285714285714284,0.0,9.0,0.052233333333333326,4.1895,6.0,-3,18.713944379363685,55.0,0.086,8500.0,0.0,0.0,0.0,48.62838992765797,optimal
2021-02-08 02:30:00,3,62,2.4285714285714284,0.0,0.0,0.046,7.056,6.0,-3,19.013023428053167,55.0,0.086,8500.0,0.0,0.0,0.0,48.579761537730306,optimal
2021-02-08 03:00:00,3,62,2.4285714285714284,0.0,0.0,0.18313333333333331,5.271,6.0,-3,19.306418999854532,55.0,0.086,8500.0,0.0,0.0,0.0,48.53118177619257,optimal
2021-02-08 03:30:00,3,62,2.4285714285714284,0.0,0.0,0.046,7.938,6.0,-3,19.60526678092741,55.0,0.086,8500.0,0.0,0.0,0.0,48.48265059441637,optimal
2021-02-08 04:00:00,3,62,2.4285714285714284,0.0,0.0,0.07716666666666668,7.938,6.0,-3,19.886287491625712,55.0,0.086,8500.0,0.0,0.0,0.0,48.434167943821954,optimal
2021-02-08 04:30:00,3,62,2.4285714285714284,0.0,0.0,0.15196666666666667,11.907,6.0,-3,20.162786545104552,55.0,0.086,8500.0,0.0,0.0,0.0,48.38573377587813,optimal
2021-02-08 05:00:00,3,62,2.4285714285714284,0.0,0.0,0.046,11.025,6.0,-3,20.437166655141777,55.0,0.086,8500.0,0.0,0.0,0.0,48.33734804210225,optimal
2021-02-08 05:30:00,3,62,2.4285714285714284,0.0,0.0,0.07716666666666668,11.2875,6.0,-3,20.69558118443534,55.0,0.086,8500.0,0.0,0.0,0.0,48.289010694060146,optimal
2021-02-08 06:00:00,3,62,0.0,0.0,0.0,0.15196666666666667,12.936,6.0,-3,20.949946410236333,55.0,0.086,0.0,0.0,0.0,0.0,48.240721683366075,optimal
2021-02-08 06:30:00,3,62,0.0,0.0,0.0,0.046,13.0095,6.0,-3,20.550522222234182,55.0,0.086,0.0,0.0,0.0,0.0,48.192480961682705,optimal
2021-02-08 07:00:00,3,62,0.0,0.0,0.0,1.0462,13.671,6.0,-3,20.15025626637807,55.0,0.082,0.0,0.0,0.0,0.0,48.144288480721016,optimal
2021-02-08 07:30:00,3,62,2.4285714285714284,0.0,0.0,0.08743333333333334,13.188,6.0,-3,19.785385218944292,55.0,0.06333333333333334,8500.0,0.0,0.0,0.0,48.096144192240295,optimal
2021-02-08 08:00:00,3,62,1.022406502625915,0.0,0.0,0.2652,13.8495,6.0,-3,20.07695574748507,55.0,0.058666666666666666,3578.422759190703,0.0,0.0,0.0,48.048048048048045,optimal
2021-02-08 08:30:00,3,62,1.3232925617629334,0.0,0.0,0.2552666666666667,13.23,6.0,-3,20.0,55.0,0.054,4631.523966170267,0.0,0.0,0.0,48.0,optimal
2021-02-08 09:00:00,3,62,1.1352280730520987,0.0,0.0,0.21786666666666668,13.3665,6.0,-3,20.0,55.0,0.054,3973.298255682346,0.0,0.0,0.0,47.53602747039179,optimal
2021-02-08 09:30:00,3,62,2.4285714285714284,0.0,0.0,1.0798666666666665,13.0515,6.0,-3,20.0,55.0,0.054,8500.0,0.0,0.0,0.0,47.07251891331318,optimal
2021-02-08 10:00:00,3,62,0.0,0.0,0.0,3.3819666666666666,13.5345,6.0,-3,20.392477713039835,55.0,0.03333333333333333,0.0,0.0,0.0,0.0,46.60947386479166,optimal
2021-02-08 10:30:00,3,62,0.0,0.0,0.0,0.266,14.154,6.0,-3,20.325651484524233,55.0,0.03333333333333333,0.0,0.0,0.0,0.0,46.14689186131866,optimal
2021-02-08 11:00:00,3,62,0.0,0.0,0.0,0.8019333333333333,14.112,6.0,-3,20.108361860739198,55.0,0.03,0.0,0.0,0.0,0.0,45.68477243984913,optimal
2021-02-08 11:30:00,3,62,0.051449321064614494,0.0,0.0,1.211266666666667,14.2485,6.0,-3,20.033816118926268,55.0,0.023333333333333334,180.07262372615074,0.0,0.0,0.0,45.22311513780107,optimal
2021-02-08 12:00:00,3,62,0.227079654448787,0.0,0.0,0.3893666666666667,12.789,6.0,-3,20.0,55.0,0.023333333333333334,794.7787905707545,0.0,0.0,0.0,44.76191949305505,optimal
2021-02-08 12:30:00,3,62,0.09817042088288021,0.0,0.0,0.6801666666666666,13.0095,6.0,-3,20.0,55.0,0.02,343.59647309008074,0.0,0.0,0.0,44.30118504395379,optimal
2021-02-08 13:00:00,3,62,1.4518772390637198,0.0,0.0,0.26116666666666666,12.1275,6.0,-3,20.0,55.0,0.018666666666666668,5081.570336723019,0.0,0.0,0.0,43.84091132930162,optimal
2021-02-08 13:30:00,3,62,2.4285714285714284,0.0,0.0,0.37860000000000005,12.348,6.0,-3,20.3240012007574,55.0,0.018666666666666668,8500.0,0.0,0.0,0.0,43.3810978883641,optimal
2021-02-08 14:00:00,3,62,2.4285714285714284,0.0,0.0,0.4393666666666667,12.348,6.0,-3,20.913035360029397,55.0,0.018666666666666668,8500.0,0.0,0.0,0.0,42.92174426086753,optimal
2021-02-08 14:30:00,3,62,0.0,0.0,0.0,0.3364,25.389,6.0,-3,21.498626782578004,55.0,0.017333333333333333,0.0,0.0,0.0,0.0,42.46284998699845,optimal
2021-02-08 15:00:00,3,62,0.0,0.0,0.0,0.33996666666666664,29.1375,6.0,-3,21.413803082838985,55.0,0.017333333333333333,0.0,0.0,0.0,0.0,42.00441460740324,optimal
2021-02-08 15:30:00,3,62,0.0,0.0,0.0,0.19143333333333332,30.597,6.0,-3,21.26360181954118,55.0,0.016666666666666666,0.0,0.0,0.0,0.0,41.546437663187625,optimal
2021-02-08 16:00:00,3,62,0.0,0.0,0.0,0.2607333333333333,33.684,6.0,-3,21.11284243843838,55.0,0.016,0.0,0.0,0.0,0.0,41.08891869591623,optimal
2021-02-08 16:30:00,3,62,0.0,0.0,0.0,0.16466666666666666,32.445,6.0,-3,20.879216336449737,55.0,0.013333333333333334,0.0,0.0,0.0,0.0,40.631857247612096,optimal
2021-02-08 17:00:00,3,62,0.0,0.0,0.0,0.12073333333333332,28.917,6.0,-3,20.635424143927597,55.0,0.009333333333333334,0.0,0.0,0.0,0.0,40.591225390364485,optimal
2021-02-08 17:30:00,3,62,0.0,0.0,0.0,0.38753333333333334,15.876,6.0,-3,20.30379846947655,55.0,0.004666666666666667,0.0,0.0,0.0,0.0,40.55063416497412,optimal
2021-02-08 18:00:00,3,62,1.2988217012482492,0.0,0.0,0.19733333333333328,12.348,6.0,-3,20.0,55.0,0.004666666666666667,4545.875954368872,0.0,0.0,0.0,40.51008353080915,optimal
2021-02-08 18:30:00,3,62,1.2590801071424882,0.0,0.0,0.23,12.1275,6.0,-3,20.0,55.0,0.0,4406.780374998709,0.0,0.0,0.0,40.469573447278336,optimal
2021-02-08 19:00:00,3,62,1.252214703512904,0.0,0.0,0.3532666666666667,12.348,6.0,-3,20.0,55.0,0.0,4382.751462295165,0.0,0.0,0.0,40.42910387383106,optimal
2021-02-08 19:30:00,3,62,1.3341442477349614,0.0,0.0,0.2548,12.1275,6.0,-3,20.0,55.0,0.0,4669.504867072365,0.0,0.0,0.0,40.38867476995723,optimal
2021-02-08 20:00:00,3,62,1.3329499824332098,0.0,0.0,0.31726666666666664,12.1275,6.0,-3,20.0,55.0,0.0,4665.324938516234,0.0,0.0,0.0,40.34828609518727,optimal
2021-02-08 20:30:00,3,62,0.0,0.0,0.0,0.36333333333333334,11.2665,6.0,-3,20.0,55.0,0.0,0.0,0.0,0.0,0.0,40.30793780909208,optimal
2021-02-08 21:00:00,3,62,0.05971428571428571,0.0,0.0,0.6131,10.143,6.0,-3,19.64171670700826,55.0,0.0,0.0,0.0,209.0,0.0,40.26762987128299,optimal
2021-02-08 21:30:00,3,62,0.0,0.0,0.0,0.17443333333333333,11.2455,6.0,-3,19.310021349357363,55.0,0.0,0.0,0.0,0.0,0.0,40.22736224141171,optimal
2021-02-08 22:00:00,3,62,0.0,0.0,0.0,0.0747,11.025,6.0,-3,18.936418511364774,55.0,0.0,0.0,0.0,0.0,0.0,40.1871348791703,optimal
2021-02-08 22:30:00,3,62,0.0,0.0,0.0,0.056,5.9745,6.0,-3,18.56609234663858,55.0,0.0,0.0,0.0,0.0,0.0,40.14694774429113,optimal
2021-02-08 23:00:00,3,62,0.0,0.0,0.0,0.16196666666666668,7.938,6.0,-3,18.20102237170346,55.0,0.0,0.0,0.0,0.0,0.0,40.10680079654684,optimal
2021-02-08 23:30:00,3,62,0.0,0.0,0.0,0.08716666666666667,8.6835,6.0,-3,17.8506786986238,55.0,0.0,0.0,0.0,0.0,0.0,40.0666939957503,optimal
2021-02-09 00:00:00,3,62,0.0,0.0,0.0,0.057,12.2955,6.0,4,17.8506786986238,55.0,0.0,0.0,0.0,0.0,0.0,40.02662730175455,optimal
2021-02-09 00:30:00,3,62,0.0,0.0,0.0,0.21246666666666666,11.6865,6.0,4,17.49823753200971,55.0,0.0,0.0,0.0,0.0,0.0,39.986600674452795,optimal
2021-02-09 01:00:00,3,62,2.4285714285714284,0.0,0.0,0.11833333333333332,11.466,6.0,4,17.166152078436472,55.0,0.08133971291866028,0.0,0.0,8500.0,0.0,39.94661407377834,optimal
2021-02-09 01:30:00,3,62,2.4285714285714284,0.0,0.0,0.24553333333333333,10.8045,6.0,4,16.83481663645353,55.0,0.16267942583732056,0.0,0.0,8500.0,0.0,39.906667459704565,optimal
2021-02-09 02:00:00,3,62,2.4285714285714284,0.0,9.0,0.13876666666666668,10.584,6.0,4,16.518089535780803,55.0,0.176,7108.0,0.0,1392.0,0.0,44.14176079224486,optimal
2021-02-09 02:30:00,3,62,2.4285714285714284,0.0,0.0,0.26103333333333334,11.2455,6.0,4,16.74389674552328,55.0,0.176,8500.0,0.0,0.0,0.0,44.097619031452616,optimal
2021-02-09 03:00:00,3,62,2.191015903910559,0.0,0.0,0.1739,12.1275,6.0,4,17.082393449237212,55.0,0.176,7668.555663686955,0.0,0.0,0.0,44.05352141242116,optimal
2021-02-09 03:30:00,3,62,2.4285714285714284,0.0,0.0,0.2117666666666667,11.823,6.0,4,17.34427446320218,55.0,0.176,8500.0,0.0,0.0,0.0,44.00946789100874,optimal
2021-02-09 04:00:00,3,62,2.4285714285714284,0.0,0.0,0.21246666666666666,11.7705,6.0,4,17.669574703815965,55.0,0.176,8500.0,0.0,0.0,0.0,43.96545842311773,optimal
2021-02-09 04:30:00,3,62,2.4285714285714284,0.0,0.0,0.1212,11.13,6.0,4,17.990221111260407,55.0,0.176,8500.0,0.0,0.0,0.0,43.921492964694615,optimal
2021-02-09 05:00:00,3,62,2.4285714285714284,0.0,0.0,0.21153333333333332,11.6865,6.0,4,18.295064821854417,55.0,0.176,8500.0,0.0,0.0,0.0,43.87757147172992,optimal
2021-02-09 05:30:00,3,62,2.4285714285714284,0.0,0.6671814767207707,0.18059999999999998,10.7205,6.0,4,18.598390980673983,55.0,0.176,8500.0,0.0,0.0,0.0,44.15060510170055,optimal
2021-02-09 06:00:00,3,62,2.4285714285714284,0.0,0.0,0.15653333333333333,11.424,6.0,4,18.893002117530344,55.0,0.176,8500.0,0.0,0.0,0.0,44.10645449659885,optimal
2021-02-09 06:30:00,3,62,2.4285714285714284,0.0,9.0,0.17713333333333334,10.689,6.0,4,19.17960799699073,55.0,0.176,8500.0,0.0,0.0,0.0,48.33734804210225,optimal
2021-02-09 07:00:00,3,62,2.4285714285714284,0.0,0.0,0.055666666666666656,11.361,6.0,4,19.46076352820001,55.0,0.176,8500.0,0.0,0.0,0.0,48.289010694060146,optimal
2021-02-09 07:30:00,3,62,2.4285714285714284,0.0,0.0,0.19646666666666668,11.571,6.0,4,19.732035966517405,55.0,0.176,8500.0,0.0,0.0,0.0,48.240721683366075,optimal
2021-02-09 08:00:00,3,62,1.4382437817408793,0.0,0.0,0.2598666666666667,14.3745,6.0,4,20.0,55.0,0.176,5033.853236093078,0.0,0.0,0.0,48.192480961682705,optimal
2021-02-09 08:30:00,3,62,2.4285714285714284,0.0,0.0,0.1723,13.23,6.0,4,20.0,55.0,0.17333333333333334,8500.0,0.0,0.0,0.0,48.144288480721016,optimal
2021-02-09 09:00:00,3,62,0.502110448527509,0.0,0.0,2.471233333333333,13.9755,6.0,4,20.264250095136017,55.0,0.17133333333333334,1757.3865698462812,0.0,0.0,0.0,48.096144192240295,optimal
2021-02-09 09:30:00,3,62,0.0,0.0,0.0,1.3473666666666666,14.994,6.0,4,20.204528932951526,55.0,0.16382666666666668,0.0,0.0,0.0,0.0,48.048048048048045,optimal
2021-02-09 10:00:00,3,62,2.0800282303020814,0.0,0.0,0.41923333333333335,13.671,6.0,4,20.0,55.0,0.12933333333333333,7280.0988060572845,0.0,0.0,0.0,48.0,optimal
2021-02-09 10:30:00,3,62,0.0,0.0,0.0,0.41063333333333335,15.981,6.0,4,20.38408049287522,55.0,0.12666666666666668,0.0,0.0,0.0,0.0,46.522302698597926,optimal
2021-02-09 11:00:00,3,62,0.0,0.0,0.0,0.08113333333333334,15.6345,6.0,4,20.19637254427762,55.0,0.124,0.0,0.0,0.0,0.0,45.04608309449725,optimal
2021-02-09 11:30:00,3,62,0.0,0.0,0.0,0.11133333333333331,16.5375,6.0,4,20.097998853979302,55.0,0.124,0.0,0.0,0.0,0.0,43.57133971000067,optimal
2021-02-09 12:00:00,3,62,0.20798993189354284,0.0,0.0,0.2435,14.7735,6.0,4,20.0,55.0,0.12266666666666666,727.9647616273999,0.0,0.0,0.0,42.0980710688886,optimal
2021-02-09 12:30:00,3,62,0.0,0.0,0.0,0.08426666666666667,15.2145,6.0,4,20.04017883391423,55.0,0.12266666666666666,0.0,0.0,0.0,0.0,40.626275696417636,optimal
2021-02-09 13:00:00,3,62,0.01297747082769261,0.0,0.0,0.34813333333333335,14.553,6.0,4,20.0,55.0,0.12266666666666666,45.42114789692413,0.0,0.0,0.0,39.15595211931914,optimal
2021-02-09 13:30:00,3,62,0.11130001731440996,0.0,0.0,0.067,14.3325,6.0,4,20.0,55.0,0.12266666666666666,389.55006060043485,0.0,0.0,0.0,37.68709886579775,optimal
2021-02-09 14:00:00,3,62,0.33654790300688564,0.0,0.0,0.0854,14.595,6.0,4,20.0,55.0,0.12266666666666666,1177.9176605240998,0.0,0.0,0.0,36.219714465529876,optimal
2021-02-09 14:30:00,3,62,0.0,0.0,0.0,0.23546666666666666,14.994,6.0,4,20.040437151805463,55.0,0.12266666666666666,0.0,0.0,0.0,0.0,34.75379744966227,optimal
2021-02-09 15:00:00,3,62,0.48165403971840703,0.0,0.0,0.1306,14.3325,6.0,4,20.0,55.0,0.12266666666666666,1685.7891390144246,0.0,0.0,0.0,33.28934635081053,optimal
2021-02-09 15:30:00,3,62,1.0829335190775153,0.0,0.0,0.28153333333333336,13.8915,6.0,4,20.0,55.0,0.12266666666666666,3790.2673167713033,0.0,0.0,0.0,31.826359703057644,optimal
2021-02-09 16:00:00,3,62,2.4285714285714284,0.0,0.0,0.08876666666666666,13.8915,6.0,4,20.173315823640504,55.0,0.12266666666666666,8500.0,0.0,0.0,0.0,30.36483604195251,optimal
2021-02-09 16:30:00,3,62,2.4285714285714284,0.0,0.0,0.4593333333333333,13.4715,6.0,4,20.586629348803182,55.0,0.072,8500.0,0.0,0.0,0.0,30.33447120591056,optimal
2021-02-09 17:00:00,3,62,2.4285714285714284,0.0,0.0,0.5079666666666666,13.23,6.0,4,21.033495006659646,55.0,0.07066666666666667,8500.0,0.0,0.0,0.0,30.30413673470465,optimal
2021-02-09 17:30:00,3,62,2.4285714285714284,0.0,0.0,0.13576666666666667,13.8915,6.0,4,21.365356936083824,55.0,0.06866666666666667,8500.0,0.0,0.0,0.0,30.273832597969943,optimal
2021-02-09 18:00:00,3,62,0.0,0.0,0.0,0.46403333333333335,26.9325,6.0,4,21.669014785964936,55.0,0.06666666666666667,0.0,0.0,0.0,0.0,30.243558765371972,optimal
2021-02-09 18:30:00,3,62,0.0,0.0,0.0,0.5706,30.303,6.0,4,21.30933020912281,55.0,0.06066666666666667,0.0,0.0,0.0,0.0,30.2133152066066,optimal
2021-02-09 19:00:00,3,62,0.0,0.0,0.0,0.46673333333333333,32.886,6.0,4,20.96273208464246,55.0,0.046,0.0,0.0,0.0,0.0,30.183101891399996,optimal
2021-02-09 19:30:00,3,62,0.0,0.0,0.0,0.6011333333333333,34.9965,6.0,4,20.622013042977255,55.0,0.046,0.0,0.0,0.0,0.0,30.152918789508597,optimal
2021-02-09 20:00:00,3,62,0.0,0.0,0.0,0.8182999999999999,33.327,6.0,4,20.294117707579712,55.0,0.0019999999999999996,0.0,0.0,0.0,0.0,30.12276587071909,optimal
2021-02-09 20:30:00,3,62,0.0,0.0,0.0,0.441,31.122,6.0,4,20.0,55.0,0.001333333333333333,0.0,0.0,0.0,0.0,30.09264310484837,optimal
2021-02-09 21:00:00,3,62,0.0,0.0,0.0,0.5341333333333333,17.9025,6.0,4,19.674238997925563,55.0,0.0006666666666666665,0.0,0.0,0.0,0.0,30.062550461743523,optimal
2021-02-09 21:30:00,3,62,0.0,0.0,0.0,0.6048666666666667,15.6555,6.0,4,19.353625576523147,55.0,0.0006666666666666665,0.0,0.0,0.0,0.0,30.03248791128178,optimal
2021-02-09 22:00:00,3,62,0.0,0.0,0.0,0.4649,14.553,6.0,4,19.03733051935977,55.0,0.0,0.0,0.0,0.0,0.0,30.0024554233705,optimal
2021-02-09 22:30:00,3,62,0.0,0.0,0.0,0.33346666666666663,14.3325,6.0,4,18.713163157621793,55.0,0.0,0.0,0.0,0.0,0.0,29.972452967947127,optimal
2021-02-09 23:00:00,3,62,0.0,0.0,0.0,0.21036666666666667,13.335,6.0,4,18.369293428913327,55.0,0.0,0.0,0.0,0.0,0.0,29.94248051497918,optimal
2021-02-09 23:30:00,3,62,0.0,0.0,0.0,0.20203333333333334,12.1275,6.0,4,18.01912228309577,55.0,0.0,0.0,0.0,0.0,0.0,29.912538034464202,optimal
2021-02-10 00:00:00,3,62,0.0,0.0,0.0,0.073,11.907,6.0,2,18.01912228309577,55.0,0.0,0.0,0.0,0.0,0.0,29.88262549642974,optimal
2021-02-10 00:30:00,3,62,2.4285714285714284,0.0,0.0,0.10666666666666669,11.7075,6.0,2,17.65934369629253,55.0,0.08133971291866028,0.0,0.0,8500.0,0.0,29.85274287093331,optimal
2021-02-10 01:00:00,3,62,2.4285714285714284,0.0,9.0,0.09813333333333334,10.8045,6.0,2,17.308271850995762,55.0,0.16267942583732056,0.0,0.0,8500.0,0.0,34.097890128062375,optimal
2021-02-10 01:30:00,3,62,2.4285714285714284,0.0,0.0,0.064,11.508,6.0,2,16.961790385698382,55.0,0.1746666666666667,7247.333333333331,0.0,1252.6666666666688,0.0,34.063792237934315,optimal
2021-02-10 02:00:00,3,62,2.4285714285714284,0.0,0.0,0.1408,11.508,6.0,2,17.174753403836355,55.0,0.1746666666666667,8500.0,0.0,0.0,0.0,34.02972844569638,optimal
2021-02-10 02:30:00,3,62,2.4285714285714284,0.0,2.8067913133611455,0.064,11.508,6.0,2,17.483339208475247,55.0,0.1746666666666667,8500.0,0.0,0.0,0.0,35.32892459109723,optimal
2021-02-10 03:00:00,3,62,2.4285714285714284,0.0,0.0,0.064,11.844,6.0,2,17.779575493324717,55.0,0.1746666666666667,8500.0,0.0,0.0,0.0,35.29359566650613,optimal
2021-02-10 03:30:00,3,62,2.4285714285714284,0.0,9.0,0.1408,11.508,6.0,2,18.06962195289222,55.0,0.1746666666666667,8500.0,0.0,0.0,0.0,39.53330207083961,optimal
2021-02-10 04:00:00,3,62,2.4285714285714284,0.0,9.0,0.064,11.508,6.0,2,18.359509575531565,55.0,0.1746666666666667,8500.0,0.0,0.0,0.0,43.76876876876877,optimal
2021-02-10 04:30:00,3,62,2.4285714285714284,0.0,9.0,0.07909999999999999,10.4475,6.0,2,18.6374383748815,55.0,0.1746666666666667,8500.0,0.0,0.0,0.0,48.0,optimal
2021-02-10 05:00:00,3,62,2.4285714285714284,0.0,0.0,0.1758,10.8675,6.0,2,18.913804935592207,55.0,0.118,8500.0,0.0,0.0,0.0,47.68788633695409,optimal
2021-02-10 05:30:00,3,62,2.4285714285714284,0.0,0.0,0.09713333333333334,10.542,6.0,2,19.197448272742093,55.0,0.11333333333333333,8500.0,0.0,0.0,0.0,47.37608478757122,optimal
2021-02-10 06:00:00,3,62,2.4285714285714284,0.0,0.0,0.14893333333333333,11.025,6.0,2,19.468362298304644,55.0,0.09148,8500.0,0.0,0.0,0.0,47.06459503973774,optimal
2021-02-10 06:30:00,3,62,2.4285714285714284,0.0,0.0,1.0222333333333333,11.025,6.0,2,19.726874465423297,55.0,0.08333333333333333,8500.0,0.0,0.0,0.0,46.75341678165209,optimal
2021-02-10 07:00:00,3,62,2.4285714285714284,0.0,0.0,0.08120000000000001,14.553,6.0,2,19.99688716023958,55.0,0.07733333333333334,8500.0,0.0,0.0,0.0,46.442549701824525,optimal
2021-02-10 07:30:00,3,62,2.4285714285714284,0.0,0.0,0.10186666666666666,13.0935,6.0,2,20.25131268400263,55.0,0.07333333333333333,8500.0,0.0,0.0,0.0,46.13199348907679,optimal
2021-02-10 08:00:00,3,62,2.4285714285714284,0.0,0.0,0.32903333333333334,15.6345,6.0,2,20.498467943402037,55.0,0.06933333333333333,8500.0,0.0,0.0,0.0,45.8217478325418,optimal
2021-02-10 08:30:00,3,62,0.0,0.0,0.0,1.2118,18.102,6.0,2,20.77608736327763,55.0,0.06933333333333333,0.0,0.0,0.0,0.0,45.51181242166335,optimal
2021-02-10 09:00:00,3,62,0.5033147165424245,0.0,0.0,1.4928,17.199,6.0,2,20.40784962172553,55.0,0.06933333333333333,1761.6015078984858,0.0,0.0,0.0,45.20218694619577,optimal
2021-02-10 09:30:00,3,62,0.0,0.0,0.0,1.4501333333333335,18.2805,6.0,2,20.26936671332064,55.0,0.06933333333333333,0.0,0.0,0.0,0.0,44.89287109620366,optimal
2021-02-10 10:00:00,3,62,1.20996089832532,0.0,0.0,0.07626666666666666,17.4615,6.0,2,20.0,55.0,0.06933333333333333,4234.863144138621,0.0,0.0,0.0,44.58386456206155,optimal
2021-02-10 10:30:00,3,62,0.0,0.0,0.0,0.17866666666666667,18.3225,6.0,2,20.150264233751514,55.0,0.06266666666666666,0.0,0.0,0.0,0.0,44.275167034453574,optimal
2021-02-10 11:00:00,3,62,0.2597543547834571,0.0,0.0,0.9659333333333332,17.094,6.0,2,20.0,55.0,0.058,909.1402417420998,0.0,0.0,0.0,43.966778204373206,optimal
2021-02-10 11:30:00,3,62,0.2194292618100226,0.0,0.0,1.6191,17.094,6.0,2,20.0,55.0,0.056666666666666664,768.002416335079,0.0,0.0,0.0,43.65869776312292,optimal
2021-02-10 12:00:00,3,62,0.015993976368944073,0.0,0.0,0.3970666666666667,17.094,6.0,2,20.0,55.0,0.041333333333333326,55.978917291304256,0.0,0.0,0.0,43.35092540231389,optimal
2021-02-10 12:30:00,3,62,0.0,0.0,0.0,0.3107,17.3565,6.0,2,20.0,55.0,0.041333333333333326,0.0,0.0,0.0,0.0,43.043460813865664,optimal
2021-02-10 13:00:00,3,62,0.0276912520147841,0.0,0.0,0.19833333333333328,17.115,6.0,2,20.009045185515614,55.0,0.04066666666666666,96.91938205174435,0.0,0.0,0.0,42.73630369000589,optimal
2021-02-10 13:30:00,3,62,0.00011961615079986678,0.0,0.0,0.27636666666666665,17.241,6.0,2,20.0,55.0,0.03799999999999999,0.4186565277995337,0.0,0.0,0.0,42.42945372326997,optimal
2021-02-10 14:00:00,3,62,0.014372204841145075,0.0,0.0,0.2188333333333333,17.094,6.0,2,20.0,55.0,0.03799999999999999,50.30271694400776,0.0,0.0,0.0,42.12291060650079,optimal
2021-02-10 14:30:00,3,62,2.4285714285714284,0.0,0.0,0.11426666666666668,16.5165,6.0,2,20.0,55.0,0.034666666666666665,8500.0,0.0,0.0,0.0,41.816674032848375,optimal
2021-02-10 15:00:00,3,62,0.05018272079313322,0.0,0.0,0.2,17.8185,6.0,2,20.644056055689184,55.0,0.034666666666666665,175.63952277596627,0.0,0.0,0.0,41.51074369576961,optimal
2021-02-10 15:30:00,3,62,2.4285714285714284,0.0,0.0,0.2213333333333333,17.094,6.0,2,20.572887626498353,55.0,0.029999999999999995,8500.0,0.0,0.0,0.0,41.205119289027934,optimal
2021-02-10 16:00:00,3,62,2.4285714285714284,0.0,0.0,0.8571,16.8945,6.0,2,21.155665059869357,55.0,0.028666666666666663,8500.0,0.0,0.0,0.0,40.899800506693,optimal
2021-02-10 16:30:00,3,62,2.4285714285714284,0.0,0.0,0.08253333333333333,18.123,6.0,2,21.627253466021937,55.0,0.028666666666666663,8500.0,0.0,0.0,0.0,40.59478704314039,optimal
2021-02-10 17:00:00,3,62,0.0,0.0,0.0,0.5744,31.647,6.0,2,22.0,55.0,0.028666666666666663,0.0,0.0,0.0,0.0,40.29007859305134,optimal
2021-02-10 17:30:00,3,62,0.0,0.0,0.0,1.4190666666666667,34.9965,6.0,2,21.61098341115547,55.0,0.02666666666666666,0.0,0.0,0.0,0.0,39.98567485141238,optimal
2021-02-10 18:00:00,3,62,0.0,0.0,0.0,0.46743333333333326,34.9965,6.0,2,21.267400354149,55.0,0.02666666666666666,0.0,0.0,0.0,0.0,39.68157551351505,optimal
2021-02-10 18:30:00,3,62,0.0,0.0,0.0,0.1778,34.9965,6.0,2,20.900982255514265,55.0,0.02666666666666666,0.0,0.0,0.0,0.0,39.377780274955626,optimal
2021-02-10 19:00:00,3,62,0.0,0.0,0.0,0.3618,34.9965,6.0,2,20.525518185598862,55.0,0.025999999999999995,0.0,0.0,0.0,0.0,39.07428883163476,optimal
2021-02-10 19:30:00,3,62,0.7625802292078375,0.0,0.0,0.27936666666666665,34.9965,6.0,2,20.15817363161615,55.0,0.023999999999999994,2669.030802227431,0.0,0.0,0.0,38.77110087975721,optimal
2021-02-10 20:00:00,3,62,1.4107983860933673,0.0,0.0,0.2586,27.741,6.0,2,20.0,55.0,0.02133333333333333,4937.7943513267855,0.0,0.0,0.0,38.468216115831545,optimal
2021-02-10 20:30:00,3,62,0.0,0.0,0.0,0.32953333333333334,19.026,6.0,2,20.0,55.0,0.020666666666666663,0.0,0.0,0.0,0.0,38.1656342366698,optimal
2021-02-10 21:00:00,3,62,0.0,0.0,0.0,0.278,18.7215,6.0,2,19.620558321798736,55.0,0.020666666666666663,0.0,0.0,0.0,0.0,38.12746860243313,optimal
2021-02-10 21:30:00,3,62,0.0,0.0,0.0,0.3103,17.4195,6.0,2,19.243463908842887,55.0,0.0,0.0,0.0,0.0,0.0,38.0893411338307,optimal
2021-02-10 22:00:00,3,62,0.0,0.0,0.0,0.27253333333333335,16.758,6.0,2,18.854911827080574,55.0,0.0,0.0,0.0,0.0,0.0,38.05125179269687,optimal
2021-02-10 22:30:00,3,62,0.0,0.0,0.0,0.15833333333333335,14.217,6.0,2,18.416752564939465,55.0,0.0,0.0,0.0,0.0,0.0,38.01320054090417,optimal
2021-02-10 23:00:00,3,62,0.0,0.0,0.0,0.1252,13.3665,6.0,2,17.97213550269069,55.0,0.0,0.0,0.0,0.0,0.0,37.97518734036327,optimal
2021-02-10 23:30:00,3,62,0.0,0.0,0.0,0.0996,12.789,6.0,2,17.527425097583254,55.0,0.0,0.0,0.0,0.0,0.0,37.937212153022905,optimal
2021-02-11 00:00:00,3,62,2.4285714285714284,0.0,0.0,0.06,11.2455,6.0,2,17.527425097583254,55.0,0.0,8500.0,0.0,0.0,0.0,37.89927494086988,optimal
2021-02-11 00:30:00,3,62,2.4285714285714284,0.0,0.0,0.06,11.2455,6.0,2,17.745244684187824,55.0,0.08133971291866028,0.0,0.0,8500.0,0.0,37.86137566592901,optimal
2021-02-11 01:00:00,3,62,2.4285714285714284,0.0,0.0,0.18,11.025,6.0,2,17.307424744287996,55.0,0.096,6968.0,0.0,1532.0,0.0,37.823514290263084,optimal
2021-02-11 01:30:00,3,62,2.4285714285714284,0.0,0.0,0.14880000000000002,12.0855,6.0,2,17.425515850604636,55.0,0.096,8500.0,0.0,0.0,0.0,37.785690775972824,optimal
2021-02-11 02:00:00,3,62,2.4285714285714284,0.0,0.0,0.18773333333333328,11.6865,6.0,2,17.65646758426706,55.0,0.096,8500.0,0.0,0.0,0.0,37.74790508519685,optimal
2021-02-11 02:30:00,3,62,2.4285714285714284,0.0,0.0,0.13119999999999998,11.2245,6.0,2,17.885585416325853,55.0,0.096,8500.0,0.0,0.0,0.0,37.71015718011165,optimal
2021-02-11 03:00:00,3,62,2.4285714285714284,0.0,0.0,0.12733333333333333,11.025,6.0,2,18.1034820946453,55.0,0.096,8500.0,0.0,0.0,0.0,37.672447022931536,optimal
2021-02-11 03:30:00,3,62,2.4285714285714284,0.0,5.603753168145507,0.162,10.7835,6.0,2,18.314439224276995,55.0,0.096,8500.0,0.0,0.0,0.0,40.29655733077771,optimal
2021-02-11 04:00:00,3,62,2.4285714285714284,0.0,0.0,0.134,11.025,6.0,2,18.5288760909012,55.0,0.096,8500.0,0.0,0.0,0.0,40.256260773446925,optimal
2021-02-11 04:30:00,3,62,2.4285714285714284,0.0,9.0,0.09453333333333332,10.584,6.0,2,18.741904401184208,55.0,0.096,8500.0,0.0,0.0,0.0,44.49100451267347,optimal
2021-02-11 05:00:00,3,62,2.4285714285714284,0.0,0.0,0.06,11.025,6.0,2,18.94744871414849,55.0,0.096,8500.0,0.0,0.0,0.0,44.4465135081608,optimal
2021-02-11 05:30:00,3,62,2.4285714285714284,0.0,9.0,0.18466666666666662,10.4265,6.0,2,19.146044506325854,55.0,0.096,8500.0,0.0,0.0,0.0,48.67706699465263,optimal
2021-02-11 06:00:00,3,62,2.4285714285714284,0.0,0.0,0.1144,12.789,6.0,2,19.354935716112113,55.0,0.096,8500.0,0.0,0.0,0.0,48.62838992765797,optimal
2021-02-11 06:30:00,3,62,2.4285714285714284,0.0,0.0,0.15880000000000002,12.684,6.0,2,19.55887645034583,55.0,0.096,8500.0,0.0,0.0,0.0,48.579761537730306,optimal
2021-02-11 07:00:00,3,62,2.4285714285714284,0.0,0.0,1.5565333333333333,16.254,6.0,2,19.767601317888445,55.0,0.09466666666666666,8500.0,0.0,0.0,0.0,48.53118177619257,optimal
2021-02-11 07:30:00,3,62,2.4285714285714284,0.0,0.0,0.7398666666666667,17.64,6.0,2,20.05034350256767,55.0,0.09266666666666666,8500.0,0.0,0.0,0.0,48.48265059441637,optimal
2021-02-11 08:00:00,3,62,2.4285714285714284,0.0,0.0,0.1977333333333333,19.1625,6.0,2,20.29867741591953,55.0,0.092,8500.0,0.0,0.0,0.0,48.434167943821954,optimal
2021-02-11 08:30:00,3,62,0.0,0.0,0.0,0.1574,26.46,6.0,2,20.533021010114105,55.0,0.08933333333333333,0.0,0.0,0.0,0.0,48.38573377587813,optimal
2021-02-11 09:00:00,3,62,1.9973044751564368,0.0,0.0,0.3801333333333333,20.79,6.0,2,20.108615109282475,55.0,0.08533333333333333,6990.565663047529,0.0,0.0,0.0,48.33734804210225,optimal
2021-02-11 09:30:00,3,62,0.0,0.0,0.0,0.2314,29.106,6.0,2,20.31448837317091,55.0,0.08533333333333333,0.0,0.0,0.0,0.0,48.289010694060146,optimal
2021-02-11 10:00:00,3,62,1.1853643067639026,0.0,0.0,0.17653333333333332,19.1835,6.0,2,20.0,55.0,0.08533333333333333,4148.775073673659,0.0,0.0,0.0,48.240721683366075,optimal
2021-02-11 10:30:00,3,62,0.0,0.0,0.0,0.1935,19.6665,6.0,2,20.16717813084488,55.0,0.084,0.0,0.0,0.0,0.0,48.192480961682705,optimal
2021-02-11 11:00:00,3,62,0.27557174597360146,0.0,0.0,0.17006666666666667,19.404,6.0,2,20.0,55.0,0.082,964.5011109076053,0.0,0.0,0.0,48.144288480721016,optimal
2021-02-11 11:30:00,3,62,0.0,0.0,0.0,1.9610333333333334,19.047,6.0,2,20.0,55.0,0.082,0.0,0.0,0.0,0.0,48.096144192240295,optimal
2021-02-11 12:00:00,3,62,0.0,0.0,0.0,1.7744000000000002,18.858,6.0,2,20.025307888361386,55.0,0.06333333333333334,0.0,0.0,0.0,0.0,48.048048048048045,optimal
2021-02-11 12:30:00,3,62,0.0,0.0,0.0,0.2887333333333333,19.2675,6.0,2,20.149284040742003,55.0,0.013333333333333334,0.0,0.0,0.0,0.0,48.0,optimal
2021-02-11 13:00:00,3,62,0.0,0.0,0.0,0.07,18.963,6.0,2,20.209705642828204,55.0,0.013333333333333334,0.0,0.0,0.0,0.0,47.3512357156586,optimal
2021-02-11 13:30:00,3,62,0.0,0.0,0.0,0.2837333333333333,18.438,6.0,2,20.192119823841097,55.0,0.013333333333333334,0.0,0.0,0.0,0.0,46.70312019560155,optimal
2021-02-11 14:00:00,3,62,0.0,0.0,0.0,0.0848,18.7425,6.0,2,20.193415165160076,55.0,0.013333333333333334,0.0,0.0,0.0,0.0,46.05565279106455,optimal
2021-02-11 14:30:00,3,62,2.4285714285714284,0.0,0.0,0.0848,15.2145,6.0,2,20.19113951787459,55.0,0.013333333333333334,8500.0,0.0,0.0,0.0,45.4088328539321,optimal
2021-02-11 15:00:00,3,62,0.0,0.0,0.0,0.16373333333333331,17.7765,6.0,2,20.834775906597425,55.0,0.013333333333333334,0.0,0.0,0.0,0.0,44.76265973673677,optimal
2021-02-11 15:30:00,3,62,2.115286963184198,0.0,0.0,0.184,16.758,6.0,2,20.72727675353758,55.0,0.013333333333333334,7403.504371144693,0.0,0.0,0.0,44.11713279265864,optimal
2021-02-11 16:00:00,3,62,2.4285714285714284,0.0,0.0,0.5167999999999999,16.422,6.0,2,21.168470149721664,55.0,0.013333333333333334,8500.0,0.0,0.0,0.0,43.472251375524586,optimal
2021-02-11 16:30:00,3,62,2.4285714285714284,0.0,0.0,0.4758,16.758,6.0,2,21.592791121944014,55.0,0.010666666666666666,8500.0,0.0,0.0,0.0,42.828014839807665,optimal
2021-02-11 17:00:00,3,62,1.0131656096041104,0.0,0.0,0.19,29.358,6.0,2,22.0,55.0,0.010666666666666666,3546.0796336143862,0.0,0.0,0.0,42.184422540626464,optimal
2021-02-11 17:30:00,3,62,0.0,0.0,0.0,0.7259333333333333,34.9965,6.0,2,21.820488548537018,55.0,0.010666666666666666,0.0,0.0,0.0,0.0,41.54147383374444,optimal
2021-02-11 18:00:00,3,62,0.0,0.0,0.0,1.2552,34.65,6.0,2,21.380994805939356,55.0,0.008,0.0,0.0,0.0,0.0,40.8991680755693,optimal
2021-02-11 18:30:00,3,62,0.0,0.0,0.0,1.7385333333333333,34.9965,6.0,2,20.91464081353613,55.0,0.008,0.0,0.0,0.0,0.0,40.257504623152336,optimal
2021-02-11 19:00:00,3,62,0.0,0.0,0.0,1.642266666666667,34.9965,6.0,2,20.462751162464023,55.0,0.0033333333333333327,0.0,0.0,0.0,0.0,39.61648283418779,optimal
2021-02-11 19:30:00,3,62,1.7470505086908945,0.0,0.0,1.7598,30.4815,6.0,2,20.0,55.0,0.002666666666666666,6114.676780418131,0.0,0.0,0.0,38.97610206701221,optimal
2021-02-11 20:00:00,3,62,1.884721728668846,0.0,0.0,0.4584666666666666,21.4305,6.0,2,20.0,55.0,0.0,6596.526050340961,0.0,0.0,0.0,38.3363616806038,optimal
2021-02-11 20:30:00,3,62,0.5374285714285714,0.0,0.0,0.40513333333333335,14.3325,6.0,2,20.0,55.0,0.0,0.0,0.0,1880.9999999999998,0.0,37.6972610345818,optimal
2021-02-11 21:00:00,3,62,0.0,0.0,0.0,0.3898333333333333,13.692,6.0,2,19.500274370805336,55.0,0.0,0.0,0.0,0.0,0.0,37.058799489205825,optimal
2021-02-11 21:30:00,3,62,0.0,0.0,0.0,0.5446,14.007,6.0,2,19.001683914336606,55.0,0.0,0.0,0.0,0.0,0.0,36.42097640537522,optimal
2021-02-11 22:00:00,3,62,0.0,0.0,0.0,0.4404333333333333,12.873,6.0,2,18.53666230219274,55.0,0.0,0.0,0.0,0.0,0.0,35.78379114462845,optimal
2021-02-11 22:30:00,3,62,0.05971428571428571,0.0,0.0,0.388,12.684,6.0,2,18.095368752162656,55.0,0.0,0.0,0.0,209.0,0.0,35.74800735348382,optimal
2021-02-11 23:00:00,3,62,0.0796190476190476,0.0,0.0,0.4449333333333333,12.306,6.0,2,17.651494193041703,55.0,0.0,0.0,0.0,278.66666666666663,0.0,35.71225934613034,optimal
2021-02-11 23:30:00,3,62,0.0,0.0,0.0,0.166,10.6365,6.0,2,17.207195530779416,55.0,0.0,0.0,0.0,0.0,0.0,35.67654708678421,optimal
2021-02-12 00:00:00,3,62,2.4285714285714284,0.0,0.0,0.062,10.3635,6.0,0,17.207195530779416,55.0,0.0,8500.0,0.0,0.0,0.0,35.640870539697424,optimal
2021-02-12 00:30:00,3,62,2.4285714285714284,0.0,0.0,0.062,10.8045,6.0,0,17.365019366391728,55.0,0.002,8291.0,0.0,209.0,0.0,35.60522966915773,optimal
2021-02-12 01:00:00,3,62,2.4285714285714284,0.0,0.0,0.062,11.025,6.0,0,17.503485002998666,55.0,0.002,8500.0,0.0,0.0,0.0,35.56962443948857,optimal
2021-02-12 01:30:00,3,62,2.4285714285714284,0.0,0.0,0.062,10.3635,6.0,0,17.65511790198464,55.0,0.002,8500.0,0.0,0.0,0.0,35.53405481504908,optimal
2021-02-12 02:00:00,3,62,2.4285714285714284,0.0,0.0,0.062,10.8045,6.0,0,17.805671937104606,55.0,0.002,8500.0,0.0,0.0,0.0,35.49852076023403,optimal
2021-02-12 02:30:00,3,62,2.4285714285714284,0.0,9.0,0.062,10.059,6.0,0,17.955169651102903,55.0,0.002,8500.0,0.0,0.0,0.0,39.73802223947379,optimal
2021-02-12 03:00:00,3,62,2.4285714285714284,0.0,0.0,0.062,10.584,6.0,0,18.10781209416557,55.0,0.002,8500.0,0.0,0.0,0.0,39.69828421723432,optimal
2021-02-12 03:30:00,3,62,2.4285714285714284,0.0,9.0,0.062,9.4185,6.0,0,18.26353355751734,55.0,0.002,8500.0,0.0,0.0,0.0,43.93358593301708,optimal
2021-02-12 04:00:00,3,62,2.4285714285714284,0.0,0.8649050765620515,0.062,10.3635,6.0,0,18.430627662300566,55.0,0.002,8500.0,0.0,0.0,0.0,44.30048225845103,optimal
2021-02-12 04:30:00,3,62,2.4285714285714284,0.0,9.0,0.062,9.8385,6.0,0,18.6088567783968,55.0,0.002,8500.0,0.0,0.0,0.0,48.53118177619257,optimal
2021-02-12 05:00:00,3,62,2.4285714285714284,0.0,0.0,0.062,11.067,6.0,0,18.79798824094335,55.0,0.002,8500.0,0.0,0.0,0.0,48.48265059441637,optimal
2021-02-12 05:30:00,3,62,2.4285714285714284,0.0,0.0,0.062,10.8465,6.0,0,18.99779424658478,55.0,0.002,8500.0,0.0,0.0,0.0,48.434167943821954,optimal
2021-02-12 06:00:00,3,62,2.4285714285714284,0.0,0.0,0.06233333333333334,13.671,6.0,0,19.2101412411272,55.0,0.002,8500.0,0.0,0.0,0.0,48.38573377587813,optimal
2021-02-12 06:30:00,3,62,2.4285714285714284,0.0,0.0,0.072,12.348,6.0,0,19.434767181957564,55.0,0.002,8500.0,0.0,0.0,0.0,48.33734804210225,optimal
2021-02-12 07:00:00,3,62,2.4285714285714284,0.0,0.0,0.06633333333333333,14.3325,6.0,0,19.656789077170313,55.0,0.002,8500.0,0.0,0.0,0.0,48.289010694060146,optimal
2021-02-12 07:30:00,3,62,2.4285714285714284,0.0,0.0,0.062,15.393,6.0,0,19.87866913032022,55.0,0.002,8500.0,0.0,0.0,0.0,48.240721683366075,optimal
2021-02-12 08:00:00,3,62,2.4285714285714284,0.0,0.0,0.062,13.587,6.0,0,20.074699828228493,55.0,0.002,8500.0,0.0,0.0,0.0,48.192480961682705,optimal
2021-02-12 08:30:00,3,62,0.865761612621511,0.0,0.0,0.062,16.1385,6.0,0,20.251449148122397,55.0,0.002,3030.1656441752884,0.0,0.0,0.0,48.144288480721016,optimal
2021-02-12 09:00:00,3,62,1.4718419876097046,0.0,0.0,0.061666666666666654,14.595,6.0,0,20.0,55.0,0.002,5151.446956633966,0.0,0.0,0.0,48.096144192240295,optimal
2021-02-12 09:30:00,3,62,1.2211432755274871,0.0,0.0,0.16340000000000002,14.637,6.0,0,20.0,55.0,0.002,4274.001464346205,0.0,0.0,0.0,48.048048048048045,optimal
2021-02-12 10:00:00,3,62,0.5444751120474676,0.0,0.0,0.277,13.9125,6.0,0,20.0,55.0,0.0,1905.6628921661363,0.0,0.0,0.0,48.0,optimal
2021-02-12 10:30:00,3,62,0.6955899782489685,0.0,0.0,0.062,13.3665,6.0,0,20.0,55.0,0.0,2434.5649238713895,0.0,0.0,0.0,47.61887227113884,optimal
2021-02-12 11:00:00,3,62,0.5593179269549378,0.0,0.0,0.06233333333333334,13.0095,6.0,0,20.0,55.0,0.0,1957.6127443422822,0.0,0.0,0.0,47.238125670006546,optimal
2021-02-12 11:30:00,3,62,0.0,0.0,0.0,0.072,13.8915,6.0,0,20.075482045102692,55.0,0.0,0.0,0.0,0.0,0.0,46.85775981547538,optimal
2021-02-12 12:00:00,3,62,0.1273299006069345,0.0,0.0,0.06366666666666666,13.188,6.0,0,20.0,55.0,0.0,445.65465212427074,0.0,0.0,0.0,46.47777432679875,optimal
2021-02-12 12:30:00,3,62,0.12344544935831948,0.0,0.0,0.062,12.5685,6.0,0,20.0,55.0,0.0,432.0590727541182,0.0,0.0,0.0,46.0981688236108,optimal
2021-02-12 13:00:00,3,62,0.1285341432818327,0.0,0.0,0.062,12.285,6.0,0,20.0,55.0,0.0,449.8695014864145,0.0,0.0,0.0,45.71894292592603,optimal
2021-02-12 13:30:00,3,62,2.235153153648304,0.0,0.0,0.07166666666666667,11.487,6.0,0,20.0,55.0,0.008666666666666666,6917.369371102397,0.0,905.6666666666666,0.0,45.34009625413895,optimal
2021-02-12 14:00:00,3,62,0.0,0.0,0.0,0.06333333333333334,11.802,6.0,0,20.494901885192984,55.0,0.008666666666666666,0.0,0.0,0.0,0.0,44.961628429023655,optimal
2021-02-12 14:30:00,3,62,2.4285714285714284,0.0,0.0,0.062,11.2245,6.0,0,20.415644805448615,55.0,0.008666666666666666,8500.0,0.0,0.0,0.0,44.583539071733476,optimal
2021-02-12 15:00:00,3,62,2.4285714285714284,0.0,0.0,0.062,11.025,6.0,0,20.989132003544107,55.0,0.008666666666666666,8500.0,0.0,0.0,0.0,44.20582780380059,optimal
2021-02-12 15:30:00,3,62,2.4285714285714284,0.0,0.0,0.06233333333333334,11.907,6.0,0,21.501485908543195,55.0,0.008666666666666666,8500.0,0.0,0.0,0.0,43.82849424713563,optimal
2021-02-12 16:00:00,3,62,0.0,0.0,0.0,0.072,25.83,6.0,0,22.0,55.0,0.008666666666666666,0.0,0.0,0.0,0.0,43.451538024027336,optimal
2021-02-12 16:30:00,3,62,0.0,0.0,0.0,0.07033333333333333,28.035,6.0,0,21.713530289681184,55.0,0.008666666666666666,0.0,0.0,0.0,0.0,43.07495875714215,optimal
2021-02-12 17:00:00,3,62,0.0,0.0,0.0,0.062,28.119,6.0,0,21.42677786541602,55.0,0.008666666666666666,0.0,0.0,0.0,0.0,42.698756069523846,optimal
2021-02-12 17:30:00,3,62,0.0,0.0,0.0,0.062,30.156,6.0,0,21.031146671574184,55.0,0.008666666666666666,0.0,0.0,0.0,0.0,42.32292958459316,optimal
2021-02-12 18:00:00,3,62,0.0,0.0,0.0,0.10136666666666666,29.1585,6.0,0,20.64169265970285,55.0,0.008666666666666666,0.0,0.0,0.0,0.0,41.94747892614741,optimal
2021-02-12 18:30:00,3,62,0.5578680122239664,0.0,0.0,0.0668,26.712,6.0,0,20.231346111419807,55.0,0.003999999999999999,1952.5380427838825,0.0,0.0,0.0,41.905531447221264,optimal
2021-02-12 19:00:00,3,62,1.324439587892868,0.0,0.0,0.2566666666666667,15.435,6.0,0,20.0,55.0,0.002666666666666666,4635.538557625038,0.0,0.0,0.0,41.863625915774044,optimal
2021-02-12 19:30:00,3,62,1.3199037284853528,0.0,0.0,0.2750666666666667,13.566,6.0,0,20.0,55.0,0.002666666666666666,4619.6630496987345,0.0,0.0,0.0,41.82176228985827,optimal
2021-02-12 20:00:00,3,62,1.303596440506397,0.0,0.0,0.3735,12.789,6.0,0,20.0,55.0,0.002666666666666666,4562.587541772389,0.0,0.0,0.0,41.779940527568414,optimal
2021-02-12 20:30:00,3,62,0.0,0.0,0.0,0.48419999999999996,12.1275,6.0,0,20.0,55.0,0.002666666666666666,0.0,0.0,0.0,0.0,41.738160587040845,optimal
2021-02-12 21:00:00,3,62,0.0,0.0,0.0,0.7074333333333332,13.671,6.0,0,19.64644073024119,55.0,0.0,0.0,0.0,0.0,0.0,41.69642242645381,optimal
2021-02-12 21:30:00,3,62,0.0398095238095238,0.0,0.0,0.388,10.668,6.0,0,19.319860270471015,55.0,0.0,0.0,0.0,139.33333333333331,0.0,41.65472600402735,optimal
2021-02-12 22:00:00,3,62,0.0,0.0,0.0,0.36186666666666667,11.7285,6.0,0,18.976148362627463,55.0,0.0,0.0,0.0,0.0,0.0,41.61307127802333,optimal
2021-02-12 22:30:00,3,62,0.0,0.0,0.0,0.17533333333333334,11.025,6.0,0,18.639899701325717,55.0,0.0,0.0,0.0,0.0,0.0,41.571458206745305,optimal
2021-02-12 23:00:00,3,62,0.0,0.0,0.0,0.072,10.689,6.0,0,18.270395066689645,55.0,0.0,0.0,0.0,0.0,0.0,41.52988674853856,optimal
2021-02-12 23:30:00,3,62,0.0,0.0,0.0,0.072,8.1585,6.0,0,17.89073205303461,55.0,0.0,0.0,0.0,0.0,0.0,41.48835686179002,optimal
2021-02-13 00:00:00,3,62,0.0,0.0,0.0,0.14283333333333334,9.3975,6.0,0,17.89073205303461,55.0,0.0,0.0,0.0,0.0,0.0,41.446868504928226,optimal
2021-02-13 00:30:00,3,62,0.0,0.0,0.0,0.13923333333333332,10.059,6.0,0,17.526681377733443,55.0,0.0,0.0,0.0,0.0,0.0,41.4054216364233,optimal
2021-02-13 01:00:00,3,62,1.5326666666666666,0.0,0.0,0.21126666666666669,9.261,6.0,0,17.16939187361484,55.0,0.051333333333333335,0.0,0.0,5364.333333333333,0.0,41.36401621478687,optimal
2021-02-13 01:30:00,3,62,2.4285714285714284,0.0,0.0,0.05,8.1585,6.0,0,16.826148000653156,55.0,0.051333333333333335,8500.0,0.0,0.0,0.0,41.32265219857209,optimal
2021-02-13 02:00:00,3,62,1.365940560487166,0.0,0.0,0.1355,9.4815,6.0,0,17.13190616909838,55.0,0.051333333333333335,4780.79196170508,0.0,0.0,0.0,41.28132954637351,optimal
2021-02-13 02:30:00,3,62,2.4285714285714284,0.0,0.0,0.2835666666666667,8.379,6.0,0,17.15309005637923,55.0,0.051333333333333335,8500.0,0.0,0.0,0.0,41.24004821682714,optimal
2021-02-13 03:00:00,3,62,2.4285714285714284,0.0,0.0,0.11483333333333332,9.5235,6.0,0,17.471009848956992,55.0,0.051333333333333335,8500.0,0.0,0.0,0.0,41.19880816861031,optimal
2021-02-13 03:30:00,3,62,2.4285714285714284,0.0,0.0,0.12843333333333334,8.1375,6.0,0,17.769320523999074,55.0,0.051333333333333335,8500.0,0.0,0.0,0.0,41.157609360441704,optimal
2021-02-13 04:00:00,3,62,2.4285714285714284,0.0,0.0,0.14686666666666667,10.0905,6.0,0,18.061065376747827,55.0,0.051333333333333335,8500.0,0.0,0.0,0.0,41.116451751081264,optimal
2021-02-13 04:30:00,3,62,2.4285714285714284,0.0,9.0,0.28403333333333336,7.539,6.0,0,18.34711162148735,55.0,0.051333333333333335,8500.0,0.0,0.0,0.0,45.35033529933018,optimal
2021-02-13 05:00:00,3,62,2.4285714285714284,0.0,6.078938942424971,0.12016666666666669,7.938,6.0,0,18.635939344265594,55.0,0.051333333333333335,8500.0,0.0,0.0,0.0,48.192480961682705,optimal
2021-02-13 05:30:00,3,62,2.4285714285714284,0.0,0.0,0.15213333333333331,8.274,6.0,0,18.904050312191032,55.0,0.051333333333333335,8500.0,0.0,0.0,0.0,48.144288480721016,optimal
2021-02-13 06:00:00,3,62,2.4285714285714284,0.0,0.0,0.16469999999999999,9.261,6.0,0,19.166926101513166,55.0,0.051333333333333335,8500.0,0.0,0.0,0.0,48.096144192240295,optimal
2021-02-13 06:30:00,3,62,2.4285714285714284,0.0,0.0,0.14766666666666667,9.9225,6.0,0,19.42318531868308,55.0,0.05,8500.0,0.0,0.0,0.0,48.048048048048045,optimal
2021-02-13 07:00:00,3,62,2.4285714285714284,0.0,0.0,1.7455333333333334,9.702,6.0,0,19.67301710618627,55.0,0.048666666666666664,8500.0,0.0,0.0,0.0,48.0,optimal
2021-02-13 07:30:00,3,62,2.4285714285714284,0.0,0.0,0.17396666666666666,10.584,6.0,0,19.983908887305738,55.0,0.048666666666666664,8500.0,0.0,0.0,0.0,47.63732180326734,optimal
2021-02-13 08:00:00,3,62,2.4285714285714284,0.0,0.0,0.1827666666666667,10.143,6.0,0,20.20776532992033,55.0,0.048666666666666664,8500.0,0.0,0.0,0.0,47.27500628473142,optimal
2021-02-13 08:30:00,3,62,0.0,0.0,0.0,0.31426666666666664,13.0095,6.0,0,20.430195868106985,55.0,0.048,0.0,0.0,0.0,0.0,46.91305308171403,optimal
2021-02-13 09:00:00,3,62,2.4285714285714284,0.0,0.0,0.43996666666666656,11.025,6.0,0,20.0,55.0,0.044,8500.0,0.0,0.0,0.0,46.55146183189966,optimal
2021-02-13 09:30:00,3,62,0.0,0.0,0.0,0.1762,12.789,6.0,0,20.35825414124448,55.0,0.044,0.0,0.0,0.0,0.0,46.190232173335104,optimal
2021-02-13 10:00:00,3,62,0.5165941567837057,0.0,0.0,0.17643333333333333,12.1275,6.0,0,20.04788211986086,55.0,0.03933333333333333,1808.0795487429698,0.0,0.0,0.0,45.82936374442911,optimal
2021-02-13 10:30:00,3,62,0.7611911002406836,0.0,0.0,0.2118333333333333,12.1695,6.0,0,20.0,55.0,0.03666666666666667,2664.1688508423927,0.0,0.0,0.0,45.46885618395202,optimal
2021-02-13 11:00:00,3,62,0.8408078332750892,0.0,0.0,0.3527666666666667,12.306,6.0,0,20.0,55.0,0.03666666666666667,2942.8274164628124,0.0,0.0,0.0,45.10870913103541,optimal
2021-02-13 11:30:00,3,62,0.0,0.0,0.0,0.2368,13.23,6.0,0,20.149419796888584,55.0,0.034,0.0,0.0,0.0,0.0,44.74892222517172,optimal
2021-02-13 12:00:00,3,62,0.0,0.0,0.0,0.24453333333333332,13.671,6.0,0,20.05751009508881,55.0,0.034,0.0,0.0,0.0,0.0,44.70417330294654,optimal
2021-02-13 12:30:00,3,62,0.0,0.0,0.0,0.079,13.9335,6.0,0,20.02978489248705,55.0,0.034,0.0,0.0,0.0,0.0,44.6594691296436,optimal
2021-02-13 13:00:00,3,62,0.0,0.0,0.0,0.3146333333333333,13.293,6.0,0,20.0,55.0,0.03266666666666666,0.0,0.0,0.0,0.0,44.614809660513956,optimal
2021-02-13 13:30:00,3,62,0.0,0.0,0.0,0.19626666666666667,12.1065,6.0,0,20.025439368312572,55.0,0.03266666666666666,0.0,0.0,0.0,0.0,44.57019485085344,optimal
2021-02-13 14:00:00,3,62,1.950589671165863,0.0,0.0,0.16196666666666668,11.571,6.0,0,20.047541682477586,55.0,0.03266666666666666,6827.06384908052,0.0,0.0,0.0,44.525624656002584,optimal
2021-02-13 14:30:00,3,62,2.4285714285714284,0.0,0.0,0.2005,11.025,6.0,0,20.466673716996063,55.0,0.025333333333333333,8500.0,0.0,0.0,0.0,44.48109903134658,optimal
2021-02-13 15:00:00,3,62,2.4285714285714284,0.0,0.0,0.2695666666666667,10.8465,6.0,0,21.022078633860442,55.0,0.025333333333333333,8500.0,0.0,0.0,0.0,44.43661793231524,optimal
2021-02-13 15:30:00,3,62,2.4285714285714284,0.0,0.0,0.1905,11.2455,6.0,0,21.49867439679243,55.0,0.024666666666666667,8500.0,0.0,0.0,0.0,44.392181314382924,optimal
2021-02-13 16:00:00,3,62,0.0,0.0,0.0,0.18869999999999998,23.8665,6.0,0,22.0,55.0,0.021333333333333333,0.0,0.0,0.0,0.0,44.34778913306854,optimal
2021-02-13 16:30:00,3,62,0.0,0.0,0.0,0.23146666666666668,27.4575,6.0,0,21.727189457946544,55.0,0.021333333333333333,0.0,0.0,0.0,0.0,44.30344134393547,optimal
2021-02-13 17:00:00,3,62,0.0,0.0,0.0,0.2002333333333333,27.3735,6.0,0,21.462494739546564,55.0,0.02,0.0,0.0,0.0,0.0,44.25913790259153,optimal
2021-02-13 17:30:00,3,62,0.0,0.0,0.0,0.48523333333333335,30.4605,6.0,0,21.109641724889435,55.0,0.017333333333333333,0.0,0.0,0.0,0.0,44.21487876468894,optimal
2021-02-13 18:00:00,3,62,0.0,0.0,0.0,0.19166666666666662,30.0195,6.0,0,20.773624326840718,55.0,0.012,0.0,0.0,0.0,0.0,44.17066388592425,optimal
2021-02-13 18:30:00,3,62,0.0,0.0,0.0,0.39053333333333334,26.9325,6.0,0,20.387844400239796,55.0,0.01,0.0,0.0,0.0,0.0,44.12649322203833,optimal
2021-02-13 19:00:00,3,62,1.205378482858749,0.0,0.0,0.2871666666666667,14.595,6.0,0,20.030356221675124,55.0,0.008666666666666666,4218.824690005622,0.0,0.0,0.0,44.08236672881629,optimal
2021-02-13 19:30:00,3,62,1.24575134753297,0.0,0.0,0.1355,12.4845,6.0,0,20.0,55.0,0.008666666666666666,4360.129716365394,0.0,0.0,0.0,44.038284362087474,optimal
2021-02-13 20:00:00,3,62,1.17291072622068,0.0,0.0,0.38663333333333333,12.1275,6.0,0,20.0,55.0,0.006666666666666667,4105.1875417723795,0.0,0.0,0.0,43.994246077725386,optimal
2021-02-13 20:30:00,3,62,0.0,0.0,0.0,0.24903333333333333,12.1275,6.0,0,20.0,55.0,0.006666666666666667,0.0,0.0,0.0,0.0,43.95025183164766,optimal
2021-02-13 21:00:00,3,62,0.0,0.0,0.0,0.5196000000000001,12.789,6.0,0,19.67870925094688,55.0,0.004666666666666667,0.0,0.0,0.0,0.0,43.90630157981602,optimal
2021-02-13 21:30:00,3,62,0.0,0.0,0.0,0.3305666666666667,11.907,6.0,0,19.38745412358155,55.0,0.0,0.0,0.0,0.0,0.0,43.8623952782362,optimal
2021-02-13 22:00:00,3,62,0.0,0.0,0.0,0.194,11.025,6.0,0,19.08545871062902,55.0,0.0,0.0,0.0,0.0,0.0,43.81853288295796,optimal
2021-02-13 22:30:00,3,62,0.05971428571428571,0.0,0.0,0.12276666666666668,8.2005,6.0,0,18.7646328613153,55.0,0.0,0.0,0.0,209.0,0.0,43.774714350075,optimal
2021-02-13 23:00:00,3,62,0.0,0.0,0.0,0.301,9.5655,6.0,0,18.43647593854235,55.0,0.0,0.0,0.0,0.0,0.0,43.73093963572493,optimal
2021-02-13 23:30:00,3,62,0.0,0.0,0.0,0.11506666666666666,7.056,6.0,0,18.09236548980476,55.0,0.0,0.0,0.0,0.0,0.0,43.68720869608921,optimal
2021-02-07 00:00:00,4,62,0.15923809523809523,0.0,0.0,2.3252333333333333,6.615,6.0,-4,21.0,55.0,0.12,0.0,0.0,557.3333333333334,0.0,47.952,optimal
2021-02-07 00:30:00,4,62,1.2811456968085075,0.0,0.0,0.082,6.174,6.0,-4,20.759359867849344,55.0,0.12,4484.009938829777,0.0,0.0,0.0,47.904047999999996,optimal
2021-02-07 01:00:00,4,62,2.5714285714285716,0.0,0.0,2.2338,3.906,6.0,-4,20.756179410811548,55.0,0.12,9000.0,0.0,0.0,0.0,47.856143952,optimal
2021-02-07 01:30:00,4,62,2.5714285714285716,0.0,0.0,1.019,2.3415,6.0,-4,21.11901645537591,55.0,0.12,9000.0,0.0,0.0,0.0,47.80828780804799,optimal
2021-02-07 02:00:00,4,62,2.5714285714285716,0.0,0.0,0.1176,2.205,6.0,-4,21.46657130551007,55.0,0.12,9000.0,0.0,0.0,0.0,47.76047952023995,optimal
2021-02-07 02:30:00,4,62,2.5714285714285716,0.0,1.518839796004736,0.12373333333333332,0.882,6.0,-4,21.779432191551606,55.0,0.12,9000.0,0.0,0.0,0.0,48.434167943821954,optimal
2021-02-07 03:00:00,4,62,2.5714285714285716,0.0,0.0,0.057,1.5435,6.0,-4,22.076786255395273,55.0,0.12,9000.0,0.0,0.0,0.0,48.38573377587813,optimal
2021-02-07 03:30:00,4,62,2.5714285714285716,0.0,0.0,0.161,1.5435,6.0,-4,22.3607095635434,55.0,0.12,9000.0,0.0,0.0,0.0,48.33734804210225,optimal
2021-02-07 04:00:00,4,62,2.5714285714285716,0.0,0.0,0.06566666666666666,5.0715,6.0,-4,22.645544942125305,55.0,0.12,9000.0,0.0,0.0,0.0,48.289010694060146,optimal
2021-02-07 04:30:00,4,62,2.5714285714285716,0.0,0.0,0.07753333333333333,5.376,6.0,-4,22.915494609506357,55.0,0.12,9000.0,0.0,0.0,0.0,48.240721683366075,optimal
2021-02-07 05:00:00,4,62,2.5714285714285716,0.0,0.0,0.13913333333333333,5.0715,6.0,-4,23.181381580049788,55.0,0.12,9000.0,0.0,0.0,0.0,48.192480961682705,optimal
2021-02-07 05:30:00,4,62,2.5714285714285716,0.0,0.0,0.057,5.5125,6.0,-4,23.446446488172885,55.0,0.12,9000.0,0.0,0.0,0.0,48.144288480721016,optimal
2021-02-07 06:00:00,4,62,0.0,0.0,0.0,0.057,9.261,6.0,-4,23.699661403966658,55.0,0.12,0.0,0.0,0.0,0.0,48.096144192240295,optimal
2021-02-07 06:30:00,4,62,0.0,0.0,0.0,0.057,11.7075,6.0,-4,23.255985504844137,55.0,0.12,0.0,0.0,0.0,0.0,48.048048048048045,optimal
2021-02-07 07:00:00,4,62,0.0,0.0,0.0,0.6721,12.348,6.0,-4,22.820535421254398,55.0,0.11266666666666666,0.0,0.0,0.0,0.0,48.0,optimal
2021-02-07 07:30:00,4,62,0.0,0.0,0.0,0.09266666666666669,12.348,6.0,-4,22.426785611605595,55.0,0.11266666666666666,0.0,0.0,0.0,0.0,47.82415851597497,optimal
2021-02-07 08:00:00,4,62,0.0,0.0,0.0,0.067,12.1275,6.0,-4,22.0,55.0,0.11266666666666666,0.0,0.0,0.0,0.0,47.64849287343397,optimal
2021-02-07 08:30:00,4,62,0.0,0.0,0.0,0.162,12.5265,6.0,-4,21.57702545345018,55.0,0.11266666666666666,0.0,0.0,0.0,0.0,47.47300289653551,optimal
2021-02-07 09:00:00,4,62,2.5714285714285716,0.0,0.0,0.057,11.7495,6.0,-4,21.169733531910204,55.0,0.11266666666666666,9000.0,0.0,0.0,0.0,47.29768840961395,optimal
2021-02-07 09:30:00,4,62,0.0,0.0,0.0,0.16066666666666665,13.23,6.0,-4,21.491025083886463,55.0,0.11266666666666666,0.0,0.0,0.0,0.0,47.12254923717931,optimal
2021-02-07 10:00:00,4,62,0.0,0.0,0.0,0.057,14.3325,6.0,-4,21.122937473589896,55.0,0.11266666666666666,0.0,0.0,0.0,0.0,46.9475852039171,optimal
2021-02-07 10:30:00,4,62,0.0,0.0,0.0,0.1456,14.994,6.0,-4,20.801550559009243,55.0,0.11266666666666666,0.0,0.0,0.0,0.0,46.77279613468816,optimal
2021-02-07 11:00:00,4,62,0.0,0.0,0.0,0.0824,14.8155,6.0,-4,20.49149545788533,55.0,0.11266666666666666,0.0,0.0,0.0,0.0,46.59818185452844,optimal
2021-02-07 11:30:00,4,62,0.0,0.0,0.0,0.12806666666666666,14.112,6.0,-4,20.241847994393915,55.0,0.11266666666666666,0.0,0.0,0.0,0.0,46.42374218864889,optimal
2021-02-07 12:00:00,4,62,0.7221737949126967,0.0,0.0,0.09293333333333334,14.007,6.0,-4,20.001361568782777,55.0,0.11266666666666666,2527.6082821944387,0.0,0.0,0.0,46.24947696243521,optimal
2021-02-07 12:30:00,4,62,2.395920705427485,0.0,0.0,0.06726666666666667,13.23,6.0,-4,20.0,55.0,0.11266666666666666,8385.722468996199,0.0,0.0,0.0,46.07538600144775,optimal
2021-02-07 13:00:00,4,62,2.5714285714285716,0.0,0.0,0.1494,11.382,6.0,-4,20.446858016380517,55.0,0.11266666666666666,9000.0,0.0,0.0,0.0,45.90146913142127,optimal
2021-02-07 13:30:00,4,62,2.5714285714285716,0.0,0.0,0.057,11.7495,6.0,-4,20.899280250871758,55.0,0.11266666666666666,9000.0,0.0,0.0,0.0,45.727726178264824,optimal
2021-02-07 14:00:00,4,62,0.0,0.0,0.0,0.15966666666666665,24.3285,6.0,-4,21.33619349028473,55.0,0.11266666666666666,0.0,0.0,0.0,0.0,45.554156968061534,optimal
2021-02-07 14:30:00,4,62,0.0,0.0,0.0,0.057,28.917,6.0,-4,21.096998614910408,55.0,0.11266666666666666,0.0,0.0,0.0,0.0,45.38076132706845,optimal
2021-02-07 15:00:00,4,62,0.0,0.0,0.0,0.057,31.3635,6.0,-4,20.855957073314528,55.0,0.11266666666666666,0.0,0.0,0.0,0.0,45.207539081716355,optimal
2021-02-07 15:30:00,4,62,0.0,0.0,0.0,1.1483333333333332,33.306,6.0,-4,20.658404156178904,55.0,0.10733333333333334,0.0,0.0,0.0,0.0,45.03449005860961,optimal
2021-02-07 16:00:00,4,62,0.0,0.0,0.0,0.6107333333333334,31.3425,6.0,-4,20.47978290477705,55.0,0.10733333333333334,0.0,0.0,0.0,0.0,44.861614084525975,optimal
2021-02-07 16:30:00,4,62,0.0,0.0,0.0,0.20763333333333334,28.2555,6.0,-4,20.22315321678751,55.0,0.10466666666666667,0.0,0.0,0.0,0.0,44.688910986416424,optimal
2021-02-07 17:00:00,4,62,1.087667940048021,0.0,0.0,0.21106666666666662,15.6975,6.0,-4,20.0,55.0,0.102,3806.837790168073,0.0,0.0,0.0,44.51638059140498,optimal
2021-02-07 17:30:00,4,62,1.2582990375507852,0.0,0.0,0.06466666666666668,12.5475,6.0,-4,20.0,55.0,0.102,4404.046631427748,0.0,0.0,0.0,44.34402272678855,optimal
2021-02-07 18:00:00,4,62,1.3227352023500003,0.0,0.0,0.0839,12.0855,6.0,-4,20.0,55.0,0.10133333333333333,4629.573208225001,0.0,0.0,0.0,44.171837220036736,optimal
2021-02-07 18:30:00,4,62,2.5714285714285716,0.0,0.0,2.2349,11.907,6.0,-4,20.0,55.0,0.10066666666666667,9000.0,0.0,0.0,0.0,43.999823898791675,optimal
2021-02-07 19:00:00,4,62,1.0338042169240673,0.0,0.0,0.12993333333333335,12.5685,6.0,-4,20.36969005076523,55.0,0.10066666666666667,3618.3147592342357,0.0,0.0,0.0,43.827982590867855,optimal
2021-02-07 19:30:00,4,62,0.0,0.0,0.0,0.5608333333333334,13.146,6.0,-4,20.30346882350199,55.0,0.08,0.0,0.0,0.0,0.0,43.65631312425196,optimal
2021-02-07 20:00:00,4,62,1.076853918900374,0.0,0.0,1.39,10.584,6.0,-4,20.0,55.0,0.07733333333333334,3768.9887161513093,0.0,0.0,0.0,43.48481532710268,optimal
2021-02-07 20:30:00,4,62,0.0,0.0,0.0,0.3105333333333334,6.678,6.0,-4,20.0,55.0,0.07533333333333334,0.0,0.0,0.0,0.0,43.31348902775055,optimal
2021-02-07 21:00:00,4,62,0.0,0.0,0.0,0.22516666666666663,7.938,6.0,-4,19.68337993257726,55.0,0.07533333333333334,0.0,0.0,0.0,0.0,43.14233405469777,optimal
2021-02-07 21:30:00,4,62,0.0,0.0,0.0,0.3215,5.292,6.0,-4,19.355858317043573,55.0,0.07533333333333334,0.0,0.0,0.0,0.0,42.97135023661804,optimal
2021-02-07 22:00:00,4,62,0.0,0.0,0.0,0.33093333333333336,9.261,6.0,-4,19.038271938183538,55.0,0.072,0.0,0.0,0.0,0.0,42.8005374023564,optimal
2021-02-07 22:30:00,4,62,0.0,0.0,0.0,0.3458,10.3635,6.0,-4,18.71961143419298,55.0,0.07133333333333333,0.0,0.0,0.0,0.0,42.629895380929014,optimal
2021-02-07 23:00:00,4,62,0.0,0.0,0.0,0.3376,8.274,6.0,-4,18.414151330043318,55.0,0.028120000000000006,0.0,0.0,0.0,0.0,42.58726548554809,optimal
2021-02-07 23:30:00,4,62,0.0,0.0,0.0,0.17406666666666668,7.7175,6.0,-4,18.132174230192945,55.0,0.02000000000000001,0.0,0.0,0.0,0.0,42.544678220062536,optimal
2021-02-08 00:00:00,4,62,2.5714285714285716,0.0,0.0,0.1376,5.9745,6.0,0,18.132174230192945,55.0,0.02000000000000001,8930.333333333334,0.0,69.66666666666667,0.0,42.502133541842475,optimal
2021-02-08 00:30:00,4,62,2.5714285714285716,0.0,0.0,0.061,7.938,6.0,0,18.488147454274593,55.0,0.058,5029.000000000001,0.0,3970.999999999999,0.0,42.45963140830063,optimal
2021-02-08 01:00:00,4,62,2.5714285714285716,0.0,0.0,0.1422,8.6835,6.0,0,18.52777314974783,55.0,0.058,9000.0,0.0,0.0,0.0,42.41717177689233,optimal
2021-02-08 01:30:00,4,62,2.5714285714285716,0.0,0.0,0.0958,7.665,6.0,0,18.877959890766512,55.0,0.058,9000.0,0.0,0.0,0.0,42.37475460511544,optimal
2021-02-08 02:00:00,4,62,2.5714285714285716,0.0,0.0,0.0842,6.7725,6.0,0,19.216219191120096,55.0,0.058,9000.0,0.0,0.0,0.0,42.33237985051033,optimal
2021-02-08 02:30:00,4,62,2.5714285714285716,0.0,0.0,0.15380000000000002,5.5755,6.0,0,19.545474459741122,55.0,0.058,9000.0,0.0,0.0,0.0,42.290047470659815,optimal
2021-02-08 03:00:00,4,62,2.5714285714285716,0.0,4.423901526714824,0.3685333333333334,5.0925,6.0,0,19.87424309227393,55.0,0.056,9000.0,0.0,0.0,0.0,44.34911064837869,optimal
2021-02-08 03:30:00,4,62,2.5714285714285716,0.0,9.0,0.061,4.1895,6.0,0,20.217786315826817,55.0,0.056,9000.0,0.0,0.0,0.0,48.579761537730306,optimal
2021-02-08 04:00:00,4,62,2.5714285714285716,0.0,0.0,0.06866666666666667,7.056,6.0,0,20.525375900917805,55.0,0.056,9000.0,0.0,0.0,0.0,48.53118177619257,optimal
2021-02-08 04:30:00,4,62,2.5714285714285716,0.0,0.0,0.10393333333333334,5.271,6.0,0,20.825493690122983,55.0,0.056,9000.0,0.0,0.0,0.0,48.48265059441637,optimal
2021-02-08 05:00:00,4,62,2.5714285714285716,0.0,0.0,0.1364,7.938,6.0,0,21.120370945263375,55.0,0.056,9000.0,0.0,0.0,0.0,48.434167943821954,optimal
2021-02-08 05:30:00,4,62,2.5714285714285716,0.0,0.0,0.06866666666666667,7.938,6.0,0,21.409671469010146,55.0,0.056,9000.0,0.0,0.0,0.0,48.38573377587813,optimal
2021-02-08 06:00:00,4,62,0.0,0.0,0.0,0.14453333333333332,11.907,6.0,0,21.686088274427426,55.0,0.056,0.0,0.0,0.0,0.0,48.33734804210225,optimal
2021-02-08 06:30:00,4,62,2.5714285714285716,0.0,0.0,0.0958,11.025,6.0,0,21.27032448746056,55.0,0.056,9000.0,0.0,0.0,0.0,48.289010694060146,optimal
2021-02-08 07:00:00,4,62,2.5714285714285716,0.0,0.0,0.11506666666666666,11.2875,6.0,0,21.550237630165437,55.0,0.056,9000.0,0.0,0.0,0.0,48.240721683366075,optimal
2021-02-08 07:30:00,4,62,0.0,0.0,0.0,0.13293333333333335,12.936,6.0,0,21.824148668716727,55.0,0.056,0.0,0.0,0.0,0.0,48.192480961682705,optimal
2021-02-08 08:00:00,4,62,0.0,0.0,0.0,1.5171,13.0095,6.0,0,21.404608729225494,55.0,0.052,0.0,0.0,0.0,0.0,48.144288480721016,optimal
2021-02-08 08:30:00,4,62,0.0,0.0,0.0,1.5674666666666668,13.671,6.0,0,21.04309698895415,55.0,0.051333333333333335,0.0,0.0,0.0,0.0,48.096144192240295,optimal
2021-02-08 09:00:00,4,62,0.0,0.0,0.0,0.0858,13.188,6.0,0,20.688076662294005,55.0,0.03,0.0,0.0,0.0,0.0,48.048048048048045,optimal
2021-02-08 09:30:00,4,62,0.0,0.0,0.0,0.207,13.8495,6.0,0,20.374615843913105,55.0,0.028666666666666667,0.0,0.0,0.0,0.0,48.0,optimal
2021-02-08 10:00:00,4,62,0.5467516114520472,0.0,0.0,0.08333333333333333,13.23,6.0,0,20.070828743515833,55.0,0.028666666666666667,1913.6306400821652,0.0,0.0,0.0,47.562330993056435,optimal
2021-02-08 10:30:00,4,62,0.870745008816529,0.0,0.0,0.1696,13.3665,6.0,0,20.0,55.0,0.028666666666666667,3047.607530857852,0.0,0.0,0.0,47.12509965511981,optimal
2021-02-08 11:00:00,4,62,2.058786777715539,0.0,0.0,0.0884,13.0515,6.0,0,20.0,55.0,0.028666666666666667,7205.753722004387,0.0,0.0,0.0,46.68830554852113,optimal
2021-02-08 11:30:00,4,62,0.0,0.0,0.0,0.071,13.5345,6.0,0,20.422378421753457,55.0,0.028666666666666667,0.0,0.0,0.0,0.0,46.251948236029044,optimal
2021-02-08 12:00:00,4,62,0.0,0.0,0.0,0.071,14.154,6.0,0,20.282961613191514,55.0,0.028666666666666667,0.0,0.0,0.0,0.0,45.816027280849454,optimal
2021-02-08 12:30:00,4,62,0.0,0.0,0.0,0.187,14.112,6.0,0,20.183541358896996,55.0,0.028666666666666667,0.0,0.0,0.0,0.0,45.38054224662504,optimal
2021-02-08 13:00:00,4,62,0.0,0.0,0.0,0.071,14.2485,6.0,0,20.099291413062698,55.0,0.028666666666666667,0.0,0.0,0.0,0.0,44.94549269743485,optimal
2021-02-08 13:30:00,4,62,0.3503770582994284,0.0,0.0,0.08259999999999999,12.789,6.0,0,20.0,55.0,0.028666666666666667,1226.3197040479993,0.0,0.0,0.0,44.51087819779385,optimal
2021-02-08 14:00:00,4,62,1.854174373992617,0.0,0.0,0.1754,13.0095,6.0,0,20.0,55.0,0.028666666666666667,6489.61030897416,0.0,0.0,0.0,44.076698312652496,optimal
2021-02-08 14:30:00,4,62,2.5714285714285716,0.0,0.0,0.071,12.1275,6.0,0,20.416088623431147,55.0,0.028666666666666667,9000.0,0.0,0.0,0.0,43.64295260739628,optimal
2021-02-08 15:00:00,4,62,2.5714285714285716,0.0,0.0,0.1696,12.348,6.0,0,21.005235804841615,55.0,0.028666666666666667,9000.0,0.0,0.0,0.0,43.20964064784532,optimal
2021-02-08 15:30:00,4,62,2.5714285714285716,0.0,0.0,0.0884,12.348,6.0,0,21.510494072738094,55.0,0.028666666666666667,9000.0,0.0,0.0,0.0,42.77676200025391,optimal
2021-02-08 16:00:00,4,62,0.5882497256489743,0.0,0.0,0.071,25.389,6.0,0,22.0,55.0,0.028666666666666667,2058.87403977141,0.0,0.0,0.0,42.344316231310096,optimal
2021-02-08 16:30:00,4,62,0.0,0.0,0.0,0.071,29.1375,6.0,0,21.85509686545458,55.0,0.028666666666666667,0.0,0.0,0.0,0.0,41.912302908135224,optimal
2021-02-08 17:00:00,4,62,0.0,0.0,0.0,0.1754,30.597,6.0,0,21.551874219786452,55.0,0.028666666666666667,0.0,0.0,0.0,0.0,41.48072159828352,optimal
2021-02-08 17:30:00,4,62,0.0,0.0,0.0,0.08259999999999999,33.684,6.0,0,21.163340625696325,55.0,0.028666666666666667,0.0,0.0,0.0,0.0,41.049571869741676,optimal
2021-02-08 18:00:00,4,62,0.0,0.0,0.0,0.08326666666666667,32.445,6.0,0,20.771615257175423,55.0,0.028,0.0,0.0,0.0,0.0,40.61885329092837,optimal
2021-02-08 18:30:00,4,62,0.0,0.0,0.0,0.1956,28.917,6.0,0,20.368121489533912,55.0,0.028,0.0,0.0,0.0,0.0,40.18856543069388,optimal
2021-02-08 19:00:00,4,62,1.2037004177986232,0.0,0.0,0.8453999999999999,15.876,6.0,0,20.0,55.0,0.028,4212.951462295181,0.0,0.0,0.0,39.75870785831962,optimal
2021-02-08 19:30:00,4,62,1.0889994858301988,0.0,0.0,1.5175666666666665,12.348,6.0,0,20.0,55.0,0.02666666666666667,3811.498200405696,0.0,0.0,0.0,39.329280143517735,optimal
2021-02-08 20:00:00,4,62,1.3143023633855906,0.0,0.0,0.38406666666666667,12.1275,6.0,0,20.0,55.0,0.02666666666666667,4600.058271849567,0.0,0.0,0.0,38.90028185643065,optimal
2021-02-08 20:30:00,4,62,0.0,0.0,0.0,0.09906666666666666,12.348,6.0,0,20.0,55.0,0.02666666666666667,0.0,0.0,0.0,0.0,38.47171256763066,optimal
2021-02-08 21:00:00,4,62,0.0,0.0,0.0,0.1118,12.1275,6.0,0,19.615156708733124,55.0,0.018493333333333334,0.0,0.0,0.0,0.0,38.04357184811947,optimal
2021-02-08 21:30:00,4,62,0.0,0.0,0.0,0.1257333333333333,12.1275,6.0,0,19.244134057534943,55.0,0.008666666666666666,0.0,0.0,0.0,0.0,37.615859269327785,optimal
2021-02-08 22:00:00,4,62,0.0,0.0,0.0,0.31510000000000005,11.2665,6.0,0,18.882097499515428,55.0,0.007333333333333333,0.0,0.0,0.0,0.0,37.18857440311489,optimal
2021-02-08 22:30:00,4,62,0.0,0.0,0.0,0.14709999999999998,10.143,6.0,0,18.544082153831692,55.0,0.002666666666666666,0.0,0.0,0.0,0.0,36.76171682176821,optimal
2021-02-08 23:00:00,4,62,0.0,0.0,0.0,0.111,11.2455,6.0,0,18.197868637285016,55.0,0.001333333333333333,0.0,0.0,0.0,0.0,36.724955104946446,optimal
2021-02-08 23:30:00,4,62,0.0,0.0,0.0,0.4911666666666667,11.025,6.0,0,17.863702577720026,55.0,0.0,0.0,0.0,0.0,0.0,36.6882301498415,optimal
2021-02-09 00:00:00,4,62,0.0,0.0,0.0,0.047,11.823,6.0,-3,17.863702577720026,55.0,0.0,0.0,0.0,0.0,0.0,36.65154191969166,optimal
2021-02-09 00:30:00,4,62,2.5714285714285716,0.0,0.0,0.047,11.7705,6.0,-3,17.51025157197664,55.0,0.0861244019138756,0.0,0.0,9000.0,0.0,36.61489037777197,optimal
2021-02-09 01:00:00,4,62,2.5714285714285716,0.0,7.417022798920348,0.233,11.13,6.0,-3,17.165230631566587,55.0,0.10066666666666664,7480.333333333336,0.0,1519.6666666666647,0.0,40.10136131688136,optimal
2021-02-09 01:30:00,4,62,2.5714285714285716,0.0,0.0,0.045,11.6865,6.0,-3,17.426154504954418,55.0,0.10066666666666664,9000.0,0.0,0.0,0.0,40.06125995556447,optimal
2021-02-09 02:00:00,4,62,2.5714285714285716,0.0,9.0,0.047,10.7205,6.0,-3,17.78853305970331,55.0,0.10066666666666664,9000.0,0.0,0.0,0.0,44.29619869560891,optimal
2021-02-09 02:30:00,4,62,2.5714285714285716,0.0,0.0,0.047,11.424,6.0,-3,18.12616314022137,55.0,0.10066666666666664,9000.0,0.0,0.0,0.0,44.25190249691329,optimal
2021-02-09 03:00:00,4,62,2.5714285714285716,0.0,9.0,0.047,10.689,6.0,-3,18.457783221170505,55.0,0.10066666666666664,9000.0,0.0,0.0,0.0,48.48265059441637,optimal
2021-02-09 03:30:00,4,62,2.5714285714285716,0.0,0.0,0.047,11.361,6.0,-3,18.783518880844728,55.0,0.10066666666666664,9000.0,0.0,0.0,0.0,48.434167943821954,optimal
2021-02-09 04:00:00,4,62,2.5714285714285716,0.0,0.0,0.047,11.571,6.0,-3,19.104537818210595,55.0,0.10066666666666664,9000.0,0.0,0.0,0.0,48.38573377587813,optimal
2021-02-09 04:30:00,4,62,0.0,0.0,0.0,0.053,14.3745,6.0,-3,19.420938588672982,55.0,0.10066666666666664,0.0,0.0,0.0,0.0,48.33734804210225,optimal
2021-02-09 05:00:00,4,62,2.5714285714285716,0.0,0.0,0.057,13.23,6.0,-3,19.037038793352796,55.0,0.10066666666666664,9000.0,0.0,0.0,0.0,48.289010694060146,optimal
2021-02-09 05:30:00,4,62,2.5714285714285716,0.0,0.0,0.045666666666666654,13.9755,6.0,-3,19.35067097020337,55.0,0.10066666666666664,9000.0,0.0,0.0,0.0,48.240721683366075,optimal
2021-02-09 06:00:00,4,62,2.5714285714285716,0.0,0.0,0.045666666666666654,14.994,6.0,-3,19.66512690225739,55.0,0.09933333333333332,9000.0,0.0,0.0,0.0,48.192480961682705,optimal
2021-02-09 06:30:00,4,62,2.5714285714285716,0.0,0.0,0.047,13.671,6.0,-3,19.976700844350507,55.0,0.09933333333333332,9000.0,0.0,0.0,0.0,48.144288480721016,optimal
2021-02-09 07:00:00,4,62,0.0,0.0,0.0,0.047,15.981,6.0,-3,20.26965413918302,55.0,0.09933333333333332,0.0,0.0,0.0,0.0,48.096144192240295,optimal
2021-02-09 07:30:00,4,62,2.5714285714285716,0.0,0.0,0.052333333333333336,15.6345,6.0,-3,19.863841545329596,55.0,0.09799999999999998,9000.0,0.0,0.0,0.0,48.048048048048045,optimal
2021-02-09 08:00:00,4,62,0.7984074906779008,0.0,0.0,0.10006666666666666,16.5375,6.0,-3,20.161423514486827,55.0,0.08333333333333333,2794.426217372653,0.0,0.0,0.0,48.0,optimal
2021-02-09 08:30:00,4,62,2.5714285714285716,0.0,0.0,0.055,14.7735,6.0,-3,20.0,55.0,0.08199999999999999,9000.0,0.0,0.0,0.0,47.17965012458407,optimal
2021-02-09 09:00:00,4,62,0.02333411687206229,0.0,0.0,0.1364,15.2145,6.0,-3,20.320984341620346,55.0,0.08133333333333333,81.66940905221801,0.0,0.0,0.0,46.36012059904356,optimal
2021-02-09 09:30:00,4,62,1.1393285922819836,0.0,0.0,0.2832333333333333,14.553,6.0,-3,20.0,55.0,0.07933333333333333,3987.650072986943,0.0,0.0,0.0,45.54141060302859,optimal
2021-02-09 10:00:00,4,62,0.6946883532017849,0.0,0.0,0.24259999999999998,14.3325,6.0,-3,20.0,55.0,0.07666666666666666,2431.4092362062474,0.0,0.0,0.0,44.72351931700963,optimal
2021-02-09 10:30:00,4,62,1.056560995614778,0.0,0.0,0.16636666666666666,14.595,6.0,-3,20.0,55.0,0.07533333333333332,3697.963484651723,0.0,0.0,0.0,43.906445922276696,optimal
2021-02-09 11:00:00,4,62,0.0,0.0,0.0,0.1776,14.994,6.0,-3,20.096580556305934,55.0,0.07533333333333332,0.0,0.0,0.0,0.0,43.090189600938494,optimal
2021-02-09 11:30:00,4,62,0.31250719815678163,0.0,0.0,0.178,14.3325,6.0,-3,20.0,55.0,0.07533333333333332,1093.7751935487356,0.0,0.0,0.0,42.27474953592163,optimal
2021-02-09 12:00:00,4,62,0.0,0.0,0.0,0.17930000000000001,13.8915,6.0,-3,20.0,55.0,0.07466666666666666,0.0,0.0,0.0,0.0,41.46012491096978,optimal
2021-02-09 12:30:00,4,62,0.0,0.0,0.0,0.177,13.8915,6.0,-3,20.0140954175288,55.0,0.07266666666666666,0.0,0.0,0.0,0.0,40.646314910642886,optimal
2021-02-09 13:00:00,4,62,0.0,0.0,0.0,0.1693,13.4715,6.0,-3,20.01424139639721,55.0,0.06999999999999999,0.0,0.0,0.0,0.0,39.83331872031631,optimal
2021-02-09 13:30:00,4,62,2.5714285714285716,0.0,0.0,0.166,13.23,6.0,-3,20.028540080055084,55.0,0.06933333333333333,9000.0,0.0,0.0,0.0,39.02113552618007,optimal
2021-02-09 14:00:00,4,62,2.2297460406558343,0.0,0.0,0.0846,13.8915,6.0,-3,20.725141767109324,55.0,0.06799999999999999,7804.111142295421,0.0,0.0,0.0,38.209764515237964,optimal
2021-02-09 14:30:00,4,62,0.0,0.0,0.0,0.055,26.9325,6.0,-3,21.27856309288396,55.0,0.06799999999999999,0.0,0.0,0.0,0.0,37.3992048753068,optimal
2021-02-09 15:00:00,4,62,0.0,0.0,0.0,0.5788,30.303,6.0,-3,21.22559562676955,55.0,0.06399999999999999,0.0,0.0,0.0,0.0,36.58945579501557,optimal
2021-02-09 15:30:00,4,62,0.0,0.0,0.0,1.2255999999999998,32.886,6.0,-3,21.10558694556801,55.0,0.06199999999999999,0.0,0.0,0.0,0.0,36.55286633922055,optimal
2021-02-09 16:00:00,4,62,0.0,0.0,0.0,0.9611000000000001,34.9965,6.0,-3,21.021241645134893,55.0,0.06199999999999999,0.0,0.0,0.0,0.0,36.51631347288133,optimal
2021-02-09 16:30:00,4,62,0.0,0.0,0.0,0.178,33.327,6.0,-3,20.835560929116664,55.0,0.055333333333333325,0.0,0.0,0.0,0.0,36.47979715940845,optimal
2021-02-09 17:00:00,4,62,0.0,0.0,0.0,0.9027000000000001,31.122,6.0,-3,20.615238555723046,55.0,0.05199999999999999,0.0,0.0,0.0,0.0,36.44331736224904,optimal
2021-02-09 17:30:00,4,62,0.0,0.0,0.0,1.2680666666666667,17.9025,6.0,-3,20.298566401344004,55.0,0.05199999999999999,0.0,0.0,0.0,0.0,36.40687404488679,optimal
2021-02-09 18:00:00,4,62,1.2676743724442308,0.0,0.0,0.4915,15.6555,6.0,-3,20.0,55.0,0.05199999999999999,4436.860303554808,0.0,0.0,0.0,36.370467170841906,optimal
2021-02-09 18:30:00,4,62,1.308885159290847,0.0,0.0,0.1676,14.553,6.0,-3,20.0,55.0,0.002666666666666666,4581.098057517965,0.0,0.0,0.0,36.334096703671065,optimal
2021-02-09 19:00:00,4,62,1.3157435651850884,0.0,0.0,0.178,14.3325,6.0,-3,20.0,55.0,0.001333333333333333,4605.102478147809,0.0,0.0,0.0,36.297762606967396,optimal
2021-02-09 19:30:00,4,62,1.312295946137466,0.0,0.0,0.2026,13.335,6.0,-3,20.0,55.0,0.0,4593.035811481131,0.0,0.0,0.0,36.261464844360425,optimal
2021-02-09 20:00:00,4,62,1.3629721366136567,0.0,0.0,0.23796666666666666,12.1275,6.0,-3,20.0,55.0,0.0,4422.069144814465,0.0,348.3333333333333,0.0,36.22520337951607,optimal
2021-02-09 20:30:00,4,62,0.0,0.0,0.0,0.09029999999999999,12.2955,6.0,-3,20.0,55.0,0.0,0.0,0.0,0.0,0.0,36.18897817613655,optimal
2021-02-09 21:00:00,4,62,0.0,0.0,0.0,0.11343333333333333,11.6865,6.0,-3,19.642048864033807,55.0,0.0,0.0,0.0,0.0,0.0,36.152789197960416,optimal
2021-02-09 21:30:00,4,62,0.0,0.0,0.0,0.096,11.466,6.0,-3,19.29614744033295,55.0,0.0,0.0,0.0,0.0,0.0,36.11663640876245,optimal
2021-02-09 22:00:00,4,62,0.0796190476190476,0.0,0.0,0.1749,10.8045,6.0,-3,18.960361737728228,55.0,0.0,0.0,0.0,278.66666666666663,0.0,36.08051977235369,optimal
2021-02-09 22:30:00,4,62,0.05971428571428571,0.0,0.0,0.19,10.584,6.0,-3,18.62812279304676,55.0,0.0,0.0,0.0,209.0,0.0,36.044439252581334,optimal
2021-02-09 23:00:00,4,62,0.0,0.0,0.0,0.057,11.2455,6.0,-3,18.291019738925016,55.0,0.0,0.0,0.0,0.0,0.0,36.008394813328756,optimal
2021-02-09 23:30:00,4,62,0.0,0.0,0.0,0.055,12.1275,6.0,-3,17.93072947633408,55.0,0.0,0.0,0.0,0.0,0.0,35.97238641851543,optimal
2021-02-10 00:00:00,4,62,0.0,0.0,0.0,0.062,11.907,6.0,2,17.93072947633408,55.0,0.0,0.0,0.0,0.0,0.0,35.93641403209691,optimal
2021-02-10 00:30:00,4,62,1.9668571428571429,0.0,0.0,0.062,11.7075,6.0,2,17.572790163269087,55.0,0.0658755980861244,0.0,0.0,6884.0,0.0,35.90047761806482,optimal
2021-02-10 01:00:00,4,62,2.5714285714285716,0.0,2.1421945212365086,0.062,10.8045,6.0,2,17.220240464383313,55.0,0.152,0.0,0.0,9000.0,0.0,36.8821195380341,optimal
2021-02-10 01:30:00,4,62,2.5714285714285716,0.0,0.0,0.2079333333333333,11.508,6.0,2,16.87296776426868,55.0,0.152,9000.0,0.0,0.0,0.0,36.84523741849606,optimal
2021-02-10 02:00:00,4,62,2.5714285714285716,0.0,0.0,0.062,11.508,6.0,2,17.23367588168555,55.0,0.152,9000.0,0.0,0.0,0.0,36.808392181077565,optimal
2021-02-10 02:30:00,4,62,2.5714285714285716,0.0,0.0,0.062,11.508,6.0,2,17.573543388012276,55.0,0.152,9000.0,0.0,0.0,0.0,36.771583788896486,optimal
2021-02-10 03:00:00,4,62,2.5714285714285716,0.0,0.0,0.2079333333333333,11.844,6.0,2,17.906309399381183,55.0,0.152,9000.0,0.0,0.0,0.0,36.73481220510758,optimal
2021-02-10 03:30:00,4,62,2.5714285714285716,0.0,0.0,0.062,11.508,6.0,2,18.243336465337077,55.0,0.152,9000.0,0.0,0.0,0.0,36.698077392902476,optimal
2021-02-10 04:00:00,4,62,2.5714285714285716,0.0,0.0,0.06466666666666668,11.508,6.0,2,18.562107222458785,55.0,0.152,9000.0,0.0,0.0,0.0,36.66137931550957,optimal
2021-02-10 04:30:00,4,62,2.5714285714285716,0.0,9.0,0.2179333333333333,10.4475,6.0,2,18.87421729892624,55.0,0.152,9000.0,0.0,0.0,0.0,40.89971793619405,optimal
2021-02-10 05:00:00,4,62,2.5714285714285716,0.0,9.0,0.06933333333333333,10.8675,6.0,2,19.188930544281874,55.0,0.152,9000.0,0.0,0.0,0.0,45.13381821825786,optimal
2021-02-10 05:30:00,4,62,2.5714285714285716,0.0,9.0,0.062,10.542,6.0,2,19.483764236447712,55.0,0.152,9000.0,0.0,0.0,0.0,49.363684400039595,optimal
2021-02-10 06:00:00,4,62,2.5714285714285716,0.0,0.0,0.2086,11.025,6.0,2,19.770347921119757,55.0,0.14933333333333335,9000.0,0.0,0.0,0.0,49.314320715639546,optimal
2021-02-10 06:30:00,4,62,2.5714285714285716,0.0,0.0,0.07,11.025,6.0,2,20.06742215833417,55.0,0.09,9000.0,0.0,0.0,0.0,49.26500639492391,optimal
2021-02-10 07:00:00,4,62,2.5714285714285716,0.0,0.0,0.11643333333333333,14.553,6.0,2,20.355726221366687,55.0,0.078,9000.0,0.0,0.0,0.0,49.215741388528976,optimal
2021-02-10 07:30:00,4,62,2.5714285714285716,0.0,0.0,0.3533,13.0935,6.0,2,20.662046905517794,55.0,0.072,9000.0,0.0,0.0,0.0,49.16652564714044,optimal
2021-02-10 08:00:00,4,62,2.35381836243032,0.0,0.0,0.18730000000000002,15.6345,6.0,2,20.98606324503734,55.0,0.072,8238.36426850612,0.0,0.0,0.0,49.1173591214933,optimal
2021-02-10 08:30:00,4,62,0.0,0.0,0.0,0.6522333333333333,18.102,6.0,2,21.227461896136155,55.0,0.07133333333333333,0.0,0.0,0.0,0.0,49.0682417623718,optimal
2021-02-10 09:00:00,4,62,0.0,0.0,0.0,1.7619666666666667,17.199,6.0,2,20.8550993528552,55.0,0.06666666666666667,0.0,0.0,0.0,0.0,49.01917352060943,optimal
2021-02-10 09:30:00,4,62,0.0,0.0,0.0,0.7079333333333333,18.2805,6.0,2,20.565477741819887,55.0,0.062,0.0,0.0,0.0,0.0,48.97015434708881,optimal
2021-02-10 10:00:00,4,62,0.0,0.0,0.0,0.5829333333333333,17.4615,6.0,2,20.291743496660008,55.0,0.06133333333333333,0.0,0.0,0.0,0.0,48.92118419274172,optimal
2021-02-10 10:30:00,4,62,0.0,0.0,0.0,1.3245666666666667,18.3225,6.0,2,20.14254817496434,55.0,0.06066666666666667,0.0,0.0,0.0,0.0,48.87226300854897,optimal
2021-02-10 11:00:00,4,62,0.13525340240250358,0.0,0.0,2.8608000000000002,17.094,6.0,2,20.0,55.0,0.059333333333333335,473.3869084087625,0.0,0.0,0.0,48.823390745540415,optimal
2021-02-10 11:30:00,4,62,0.1581530713338356,0.0,0.0,1.9090666666666665,17.094,6.0,2,20.0,55.0,0.056666666666666664,553.5357496684246,0.0,0.0,0.0,48.774567354794875,optimal
2021-02-10 12:00:00,4,62,0.0,0.0,0.0,0.4948,17.094,6.0,2,20.0,55.0,0.05533333333333333,0.0,0.0,0.0,0.0,48.72579278744007,optimal
2021-02-10 12:30:00,4,62,0.0,0.0,0.0,2.0174333333333325,17.3565,6.0,2,20.034784997519395,55.0,0.054,0.0,0.0,0.0,0.0,48.67706699465263,optimal
2021-02-10 13:00:00,4,62,0.0,0.0,0.0,0.43439999999999995,17.115,6.0,2,20.08923716705752,55.0,0.051333333333333335,0.0,0.0,0.0,0.0,48.62838992765797,optimal
2021-02-10 13:30:00,4,62,0.0,0.0,0.0,0.5094,17.241,6.0,2,20.08897597842497,55.0,0.051333333333333335,0.0,0.0,0.0,0.0,48.579761537730306,optimal
2021-02-10 14:00:00,4,62,0.0,0.0,0.0,0.29946666666666666,17.094,6.0,2,20.10234289455657,55.0,0.048,0.0,0.0,0.0,0.0,48.53118177619257,optimal
2021-02-10 14:30:00,4,62,2.5714285714285716,0.0,0.0,0.44339999999999996,16.5165,6.0,2,20.089985469021435,55.0,0.048,9000.0,0.0,0.0,0.0,48.48265059441637,optimal
2021-02-10 15:00:00,4,62,0.0,0.0,0.0,0.13253333333333334,17.8185,6.0,2,20.77952102571249,55.0,0.048,0.0,0.0,0.0,0.0,48.434167943821954,optimal
2021-02-10 15:30:00,4,62,2.5714285714285716,0.0,0.0,0.7821,17.094,6.0,2,20.67708403095726,55.0,0.04733333333333333,9000.0,0.0,0.0,0.0,48.38573377587813,optimal
2021-02-10 16:00:00,4,62,2.5714285714285716,0.0,0.0,0.6268666666666667,16.8945,6.0,2,21.264908437023994,55.0,0.04733333333333333,9000.0,0.0,0.0,0.0,48.33734804210225,optimal
2021-02-10 16:30:00,4,62,1.7160015701522662,0.0,0.0,0.22126666666666667,18.123,6.0,2,21.767758347410442,55.0,0.046,6006.0054955329315,0.0,0.0,0.0,48.289010694060146,optimal
2021-02-10 17:00:00,4,62,0.0,0.0,0.0,0.22713333333333333,31.647,6.0,2,22.0,55.0,0.046,0.0,0.0,0.0,0.0,48.240721683366075,optimal
2021-02-10 17:30:00,4,62,0.0,0.0,0.0,0.40053333333333335,34.9965,6.0,2,21.65245891429666,55.0,0.043333333333333335,0.0,0.0,0.0,0.0,48.192480961682705,optimal
2021-02-10 18:00:00,4,62,0.0,0.0,0.0,0.2566666666666667,34.9965,6.0,2,21.32192319684461,55.0,0.042,0.0,0.0,0.0,0.0,48.144288480721016,optimal
2021-02-10 18:30:00,4,62,0.0,0.0,0.0,0.4574333333333333,34.9965,6.0,2,20.950793607638328,55.0,0.020666666666666667,0.0,0.0,0.0,0.0,48.096144192240295,optimal
2021-02-10 19:00:00,4,62,0.0,0.0,0.0,0.27316666666666667,34.9965,6.0,2,20.59019040999988,55.0,0.018666666666666668,0.0,0.0,0.0,0.0,48.048048048048045,optimal
2021-02-10 19:30:00,4,62,0.5815869705574531,0.0,0.0,0.5883666666666667,34.9965,6.0,2,20.209309570913874,55.0,0.018666666666666668,2035.5543969510861,0.0,0.0,0.0,48.0,optimal
2021-02-10 20:00:00,4,62,1.4339126718076602,0.0,0.0,0.33473333333333327,27.741,6.0,2,20.0,55.0,0.014666666666666666,5018.694351326811,0.0,0.0,0.0,46.28623403859453,optimal
2021-02-10 20:30:00,4,62,0.0,0.0,0.0,0.339,19.026,6.0,2,20.0,55.0,0.014666666666666666,0.0,0.0,0.0,0.0,44.57418184315046,optimal
2021-02-10 21:00:00,4,62,0.0,0.0,0.0,0.3793333333333333,18.7215,6.0,2,19.620010164827875,55.0,0.002,0.0,0.0,0.0,0.0,42.86384169990184,optimal
2021-02-10 21:30:00,4,62,0.0,0.0,0.0,0.4064,17.4195,6.0,2,19.252768416216732,55.0,0.002,0.0,0.0,0.0,0.0,41.155211896796466,optimal
2021-02-10 22:00:00,4,62,0.0,0.0,0.0,0.48633333333333334,16.758,6.0,2,18.877864162029354,55.0,0.002,0.0,0.0,0.0,0.0,39.4482907234942,optimal
2021-02-10 22:30:00,4,62,0.0,0.0,0.0,0.7250666666666667,14.217,6.0,2,18.474827340133523,55.0,0.002,0.0,0.0,0.0,0.0,37.74307647136524,optimal
2021-02-10 23:00:00,4,62,0.0,0.0,0.0,0.29353333333333337,13.3665,6.0,2,18.082508714878472,55.0,0.002,0.0,0.0,0.0,0.0,36.03956743348841,optimal
2021-02-10 23:30:00,4,62,0.0,0.0,0.0,0.18856666666666663,12.789,6.0,2,17.66071497848731,55.0,0.0,0.0,0.0,0.0,0.0,34.33776190464945,optimal
2021-02-11 00:00:00,4,62,2.5714285714285716,0.0,0.0,0.3239666666666666,12.0855,6.0,-1,17.66071497848731,55.0,0.0,9000.0,0.0,0.0,0.0,34.303424142744795,optimal
2021-02-11 00:30:00,4,62,2.5714285714285716,0.0,0.0,0.1906,11.6865,6.0,-1,17.945793190034475,55.0,0.06630544917925954,1792.4138941007104,0.0,7207.58610589929,0.0,34.26912071860205,optimal
2021-02-11 01:00:00,4,62,2.5714285714285716,0.0,0.0,0.06,11.2245,6.0,-1,17.65848709525809,55.0,0.06630544917925954,9000.0,0.0,0.0,0.0,34.23485159788345,optimal
2021-02-11 01:30:00,4,62,2.5714285714285716,0.0,0.0,0.1092,11.025,6.0,-1,17.91610787603576,55.0,0.06630544917925954,9000.0,0.0,0.0,0.0,34.20061674628556,optimal
2021-02-11 02:00:00,4,62,2.5714285714285716,0.0,9.0,0.13106666666666666,10.7835,6.0,-1,18.17212644454232,55.0,0.06630544917925954,9000.0,0.0,0.0,0.0,38.44141612953928,optimal
2021-02-11 02:30:00,4,62,2.5714285714285716,0.0,0.0,0.06,11.025,6.0,-1,18.424475864269443,55.0,0.06630544917925954,9000.0,0.0,0.0,0.0,38.40297471340974,optimal
2021-02-11 03:00:00,4,62,2.5714285714285716,0.0,9.0,0.1802666666666667,10.584,6.0,-1,18.664001902942676,55.0,0.06630544917925954,9000.0,0.0,0.0,0.0,42.63957173869633,optimal
2021-02-11 03:30:00,4,62,2.5714285714285716,0.0,3.3819771540620245,0.06,11.025,6.0,-1,18.90567540565746,55.0,0.06630544917925954,9000.0,0.0,0.0,0.0,44.20337131513709,optimal
2021-02-11 04:00:00,4,62,2.5714285714285716,0.0,9.0,0.061666666666666654,10.4265,6.0,-1,19.13828106556716,55.0,0.06630544917925954,9000.0,0.0,0.0,0.0,48.434167943821954,optimal
2021-02-11 04:30:00,4,62,2.5714285714285716,0.0,0.0,0.1886,12.789,6.0,-1,19.37125017834054,55.0,0.06630544917925954,9000.0,0.0,0.0,0.0,48.38573377587813,optimal
2021-02-11 05:00:00,4,62,2.5714285714285716,0.0,0.0,0.06,12.684,6.0,-1,19.608593250651243,55.0,0.06630544917925954,9000.0,0.0,0.0,0.0,48.33734804210225,optimal
2021-02-11 05:30:00,4,62,2.5714285714285716,0.0,0.0,0.06,16.254,6.0,-1,19.831735240946593,55.0,0.06630544917925954,9000.0,0.0,0.0,0.0,48.289010694060146,optimal
2021-02-11 06:00:00,4,62,2.5714285714285716,0.0,0.0,0.1092,17.64,6.0,-1,20.055438426463446,55.0,0.06630544917925954,9000.0,0.0,0.0,0.0,48.240721683366075,optimal
2021-02-11 06:30:00,4,62,2.5714285714285716,0.0,0.0,0.16373333333333331,19.1625,6.0,-1,20.283471827298314,55.0,0.04630544917925954,9000.0,0.0,0.0,0.0,48.192480961682705,optimal
2021-02-11 07:00:00,4,62,0.0,0.0,0.0,0.1152,26.46,6.0,-1,20.54486900499684,55.0,0.03963878251259288,0.0,0.0,0.0,0.0,48.144288480721016,optimal
2021-02-11 07:30:00,4,62,2.2503348845945808,0.0,0.0,0.17186666666666667,20.79,6.0,-1,20.12949987860235,55.0,0.010972115845926222,7876.172096081032,0.0,0.0,0.0,48.096144192240295,optimal
2021-02-11 08:00:00,4,62,0.0,0.0,0.0,2.6049333333333333,29.106,6.0,-1,20.318925505759932,55.0,0.007638782512592889,0.0,0.0,0.0,0.0,48.048048048048045,optimal
2021-02-11 08:30:00,4,62,2.5714285714285716,0.0,0.0,0.7887333333333334,19.1835,6.0,-1,20.0,55.0,0.004972115845926223,9000.0,0.0,0.0,0.0,48.0,optimal
2021-02-11 09:00:00,4,62,0.15113443043673058,0.0,0.0,1.5721666666666667,19.6665,6.0,-1,20.296989261162974,55.0,0.004972115845926223,528.970506528557,0.0,0.0,0.0,47.77445433080388,optimal
2021-02-11 09:30:00,4,62,1.1867866066662334,0.0,0.0,0.23906666666666662,19.404,6.0,-1,20.0,55.0,0.002305449179259556,4153.753123331817,0.0,0.0,0.0,47.54913420727695,optimal
2021-02-11 10:00:00,4,62,0.4918405405182422,0.0,0.0,0.3948333333333333,19.047,6.0,-1,20.0,55.0,0.002305449179259556,1721.4418918138479,0.0,0.0,0.0,47.32403940387355,optimal
2021-02-11 10:30:00,4,62,0.8308271551919169,0.0,0.0,0.2788,18.858,6.0,-1,20.0,55.0,0.002305449179259556,2907.895043171709,0.0,0.0,0.0,47.09916969527355,optimal
2021-02-11 11:00:00,4,62,0.0,0.0,0.0,0.2457,19.2675,6.0,-1,20.069992437087873,55.0,0.002305449179259556,0.0,0.0,0.0,0.0,46.87452485638216,optimal
2021-02-11 11:30:00,4,62,0.14872973914903145,0.0,0.0,0.3458,18.963,6.0,-1,20.0,55.0,0.002305449179259556,520.55408702161,0.0,0.0,0.0,46.65010466232965,optimal
2021-02-11 12:00:00,4,62,0.0,0.0,0.0,1.7379,18.438,6.0,-1,20.0,55.0,0.002305449179259556,0.0,0.0,0.0,0.0,46.425908888471206,optimal
2021-02-11 12:30:00,4,62,0.0,0.0,0.0,0.2820666666666667,18.7425,6.0,-1,20.0699863927132,55.0,0.0016387825125928894,0.0,0.0,0.0,0.0,46.20193731038661,optimal
2021-02-11 13:00:00,4,62,2.5714285714285716,0.0,0.0,0.2538333333333333,15.2145,6.0,-1,20.11899623367768,55.0,0.025333333333333333,6175.5861058992905,0.0,2824.4138941007095,0.0,45.978189703880105,optimal
2021-02-11 13:30:00,4,62,0.0,0.0,0.0,0.3982,17.7765,6.0,-1,20.60571618895327,55.0,0.025333333333333333,0.0,0.0,0.0,0.0,45.7546658449801,optimal
2021-02-11 14:00:00,4,62,0.0,0.0,0.0,0.33643333333333336,16.758,6.0,-1,20.620199445889497,55.0,0.025333333333333333,0.0,0.0,0.0,0.0,45.531365509939,optimal
2021-02-11 14:30:00,4,62,2.5714285714285716,0.0,0.0,0.1833333333333333,16.422,6.0,-1,20.64919224052075,55.0,0.025333333333333333,9000.0,0.0,0.0,0.0,45.30828847523294,optimal
2021-02-11 15:00:00,4,62,2.5714285714285716,0.0,0.0,0.7203333333333334,16.758,6.0,-1,21.37137774220146,55.0,0.022,9000.0,0.0,0.0,0.0,45.08543451756159,optimal
2021-02-11 15:30:00,4,62,0.0,0.0,0.0,1.0688333333333333,29.358,6.0,-1,22.0,55.0,0.019333333333333334,0.0,0.0,0.0,0.0,44.86280341384791,optimal
2021-02-11 16:00:00,4,62,0.0,0.0,0.0,0.2919333333333333,34.9965,6.0,-1,21.913686120642105,55.0,0.013333333333333334,0.0,0.0,0.0,0.0,44.640394941237936,optimal
2021-02-11 16:30:00,4,62,0.0,0.0,0.0,0.3344,34.65,6.0,-1,21.68148157460328,55.0,0.008,0.0,0.0,0.0,0.0,44.418208877100575,optimal
2021-02-11 17:00:00,4,62,0.0,0.0,0.0,0.34103333333333335,34.9965,6.0,-1,21.431716948951852,55.0,0.004666666666666667,0.0,0.0,0.0,0.0,44.19624499902736,optimal
2021-02-11 17:30:00,4,62,0.0,0.0,0.0,0.23876666666666668,34.9965,6.0,-1,21.04503979933607,55.0,0.002666666666666666,0.0,0.0,0.0,0.0,43.97450308483221,optimal
2021-02-11 18:00:00,4,62,0.0,0.0,0.0,0.36626666666666663,30.4815,6.0,-1,20.653887879143895,55.0,0.002666666666666666,0.0,0.0,0.0,0.0,43.75298291255125,optimal
2021-02-11 18:30:00,4,62,0.7750365621371036,0.0,0.0,0.7217,21.4305,6.0,-1,20.21696854302045,55.0,0.0,2712.6279674798625,0.0,0.0,0.0,43.53168426044258,optimal
2021-02-11 19:00:00,4,62,1.5312345268081906,0.0,0.0,1.3129333333333333,14.3325,6.0,-1,20.0,55.0,0.0,5359.320843828667,0.0,0.0,0.0,43.48815257618214,optimal
2021-02-11 19:30:00,4,62,2.5714285714285716,0.0,0.0,0.3636666666666667,13.692,6.0,-1,20.0,55.0,0.0,9000.0,0.0,0.0,0.0,43.44466442360596,optimal
2021-02-11 20:00:00,4,62,1.0200404340231584,0.0,0.0,0.245,14.007,6.0,-1,20.219159551912817,55.0,0.0,3570.1415190810544,0.0,0.0,0.0,43.401219759182354,optimal
2021-02-11 20:30:00,4,62,0.0,0.0,0.0,0.2901,12.873,6.0,-1,20.0,55.0,0.0,0.0,0.0,0.0,0.0,43.35781853942317,optimal
2021-02-11 21:00:00,4,62,0.3037466666666666,0.0,0.0,0.15406666666666666,12.684,6.0,-1,19.516398894784693,55.0,0.0,0.0,0.0,1063.1133333333332,0.0,43.31446072088375,optimal
2021-02-11 21:30:00,4,62,0.4924438095238094,0.0,0.0,0.33913333333333334,12.306,6.0,-1,19.047576606340765,55.0,0.0,0.0,0.0,1723.553333333333,0.0,43.271146260162865,optimal
2021-02-11 22:00:00,4,62,0.0,0.0,0.0,0.29103333333333337,10.6365,6.0,-1,18.603015176900257,55.0,0.0,0.0,0.0,0.0,0.0,43.227875113902705,optimal
2021-02-11 22:30:00,4,62,0.0,0.0,0.0,0.11373333333333333,11.2455,6.0,-1,18.165212250848054,55.0,0.0,0.0,0.0,0.0,0.0,43.184647238788806,optimal
2021-02-11 23:00:00,4,62,0.0,0.0,0.0,0.14653333333333332,11.2455,6.0,-1,17.671768579963413,55.0,0.0,0.0,0.0,0.0,0.0,43.14146259155002,optimal
2021-02-11 23:30:00,4,62,0.0,0.0,0.0,0.07,11.025,6.0,-1,17.178618923526244,55.0,0.0,0.0,0.0,0.0,0.0,43.09832112895847,optimal
2021-02-12 00:00:00,4,62,2.5714285714285716,0.0,9.0,0.08166666666666667,8.1585,6.0,1,17.178618923526244,55.0,0.0,9000.0,0.0,0.0,0.0,47.33022280782951,optimal
2021-02-12 00:30:00,4,62,2.5714285714285716,0.0,0.0,0.16843333333333332,10.3635,6.0,1,17.376919564641696,55.0,0.0861244019138756,0.0,0.0,9000.0,0.0,47.28289258502168,optimal
2021-02-12 01:00:00,4,62,2.5714285714285716,0.0,0.0,0.08256666666666666,10.8045,6.0,1,16.886144354190094,55.0,0.1053333333333333,6992.666666666669,0.0,2007.3333333333312,0.0,47.235609692436654,optimal
2021-02-12 01:30:00,4,62,2.5714285714285716,0.0,0.0,0.038,11.025,6.0,1,16.93637298374513,55.0,0.1053333333333333,9000.0,0.0,0.0,0.0,47.18837408274422,optimal
2021-02-12 02:00:00,4,62,2.5714285714285716,0.0,0.0,0.08166666666666667,10.3635,6.0,1,17.13846927659374,55.0,0.1053333333333333,9000.0,0.0,0.0,0.0,47.141185708661475,optimal
2021-02-12 02:30:00,4,62,2.5714285714285716,0.0,0.0,0.11113333333333333,10.8045,6.0,1,17.341787818729635,55.0,0.1053333333333333,9000.0,0.0,0.0,0.0,47.094044522952814,optimal
2021-02-12 03:00:00,4,62,2.5714285714285716,0.0,0.0,0.13986666666666667,10.059,6.0,1,17.54939085887608,55.0,0.1053333333333333,9000.0,0.0,0.0,0.0,47.04695047842986,optimal
2021-02-12 03:30:00,4,62,2.5714285714285716,0.0,0.0,0.1166,10.584,6.0,1,17.761132520322583,55.0,0.1053333333333333,9000.0,0.0,0.0,0.0,46.99990352795143,optimal
2021-02-12 04:00:00,4,62,2.5714285714285716,0.0,2.305567207630684,0.17806666666666665,9.4185,6.0,1,17.98128837333371,55.0,0.1053333333333333,9000.0,0.0,0.0,0.0,48.048048048048045,optimal
2021-02-12 04:30:00,4,62,2.5714285714285716,0.0,0.0,0.11813333333333334,10.3635,6.0,1,18.216193889422392,55.0,0.1053333333333333,9000.0,0.0,0.0,0.0,48.0,optimal
2021-02-12 05:00:00,4,62,2.5714285714285716,0.0,0.0,0.16126666666666667,9.8385,6.0,1,18.456801102206686,55.0,0.10466666666666664,9000.0,0.0,0.0,0.0,47.76693193039052,optimal
2021-02-12 05:30:00,4,62,2.5714285714285716,0.0,0.0,0.1494,11.067,6.0,1,18.712665589735543,55.0,0.10466666666666664,9000.0,0.0,0.0,0.0,47.53409692885065,optimal
2021-02-12 06:00:00,4,62,2.5714285714285716,0.0,0.0,0.053399999999999996,10.8465,6.0,1,18.969036488569525,55.0,0.10466666666666664,9000.0,0.0,0.0,0.0,47.30149476231232,optimal
2021-02-12 06:30:00,4,62,2.5714285714285716,0.0,0.0,0.22636666666666666,13.671,6.0,1,19.229748000538486,55.0,0.08733333333333332,9000.0,0.0,0.0,0.0,47.06912519794053,optimal
2021-02-12 07:00:00,4,62,2.5714285714285716,0.0,0.0,0.07036666666666666,12.348,6.0,1,19.508738294227573,55.0,0.08199999999999999,9000.0,0.0,0.0,0.0,46.83698800313311,optimal
2021-02-12 07:30:00,4,62,2.5714285714285716,0.0,0.0,0.342,14.3325,6.0,1,19.782536245173734,55.0,0.07599999999999998,9000.0,0.0,0.0,0.0,46.60508294552049,optimal
2021-02-12 08:00:00,4,62,2.2521507190822687,0.0,0.0,1.4484000000000001,15.393,6.0,1,20.047215123545843,55.0,0.07333333333333332,7882.52751678794,0.0,0.0,0.0,46.3734097929655,optimal
2021-02-12 08:30:00,4,62,2.5714285714285716,0.0,0.0,0.2346,13.587,6.0,1,20.2023297323565,55.0,0.07333333333333332,9000.0,0.0,0.0,0.0,46.141968313563055,optimal
2021-02-12 09:00:00,4,62,0.0,0.0,0.0,0.13953333333333334,16.1385,6.0,1,20.40576048773682,55.0,0.07333333333333332,0.0,0.0,0.0,0.0,45.91075827564001,optimal
2021-02-12 09:30:00,4,62,1.2304347040989123,0.0,0.0,0.43189999999999995,14.595,6.0,1,20.0,55.0,0.07333333333333332,4306.521464346193,0.0,0.0,0.0,45.679779447754896,optimal
2021-02-12 10:00:00,4,62,0.7185036834760389,0.0,0.0,0.19206666666666664,14.637,6.0,1,20.0,55.0,0.07333333333333332,2514.762892166136,0.0,0.0,0.0,45.449031598697665,optimal
2021-02-12 10:30:00,4,62,0.6889233115823037,0.0,0.0,0.09603333333333332,13.9125,6.0,1,20.0,55.0,0.07333333333333332,2411.231590538063,0.0,0.0,0.0,45.21851449748949,optimal
2021-02-12 11:00:00,4,62,0.24570722109640128,0.0,0.0,0.18806666666666663,13.3665,6.0,1,20.0,55.0,0.07333333333333332,859.9752738374044,0.0,0.0,0.0,44.98822791338252,optimal
2021-02-12 11:30:00,4,62,0.3966396459238116,0.0,0.0,0.1266,13.0095,6.0,1,20.0,55.0,0.07333333333333332,1388.2387607333405,0.0,0.0,0.0,44.75817161585965,optimal
2021-02-12 12:00:00,4,62,0.0,0.0,0.0,0.048,13.8915,6.0,1,20.036915482606087,55.0,0.07333333333333332,0.0,0.0,0.0,0.0,44.52834537463431,optimal
2021-02-12 12:30:00,4,62,0.09048354459641175,0.0,0.0,0.18806666666666663,13.188,6.0,1,20.0,55.0,0.07333333333333332,316.6924060874411,0.0,0.0,0.0,44.2987489596502,optimal
2021-02-12 13:00:00,4,62,0.1131341432818283,0.0,0.0,0.1266,12.5685,6.0,1,20.0,55.0,0.07333333333333332,395.96950148639905,0.0,0.0,0.0,44.06938214108107,optimal
2021-02-12 13:30:00,4,62,0.13426495054097368,0.0,0.0,0.07983333333333333,12.285,6.0,1,20.0,55.0,0.07333333333333332,469.92732689340784,0.0,0.0,0.0,43.84024468933051,optimal
2021-02-12 14:00:00,4,62,2.193444135877711,0.0,0.0,0.23483333333333328,11.487,6.0,1,20.0,55.0,0.07333333333333332,7677.054475571988,0.0,0.0,0.0,43.611336375031705,optimal
2021-02-12 14:30:00,4,62,0.0,0.0,0.0,0.048,11.802,6.0,1,20.53348180121935,55.0,0.07333333333333332,0.0,0.0,0.0,0.0,43.3826569690472,optimal
2021-02-12 15:00:00,4,62,2.5714285714285716,0.0,0.0,0.16896666666666668,11.2245,6.0,1,20.44943105149915,55.0,0.07333333333333332,9000.0,0.0,0.0,0.0,43.154206242468675,optimal
2021-02-12 15:30:00,4,62,2.5714285714285716,0.0,0.0,0.06676666666666667,11.025,6.0,1,21.018881725001524,55.0,0.07333333333333332,9000.0,0.0,0.0,0.0,42.92598396661673,optimal
2021-02-12 16:00:00,4,62,2.5714285714285716,0.0,0.0,0.0732,11.907,6.0,1,21.569467578296532,55.0,0.06999999999999999,9000.0,0.0,0.0,0.0,42.69798991304063,optimal
2021-02-12 16:30:00,4,62,0.0,0.0,0.0,0.10779999999999999,25.83,6.0,1,22.0,55.0,0.06999999999999999,0.0,0.0,0.0,0.0,42.470223853518114,optimal
2021-02-12 17:00:00,4,62,0.0,0.0,0.0,0.9164,28.035,6.0,1,21.73191095529694,55.0,0.018,0.0,0.0,0.0,0.0,42.242685560055115,optimal
2021-02-12 17:30:00,4,62,0.0,0.0,0.0,0.8279,28.119,6.0,1,21.39788831018263,55.0,0.015333333333333332,0.0,0.0,0.0,0.0,42.01537480488558,optimal
2021-02-12 18:00:00,4,62,0.0,0.0,0.0,1.4809,30.156,6.0,1,21.069851856987075,55.0,0.011333333333333334,0.0,0.0,0.0,0.0,41.78829136047122,optimal
2021-02-12 18:30:00,4,62,0.0,0.0,0.0,0.24036666666666667,29.1585,6.0,1,20.714601120637074,55.0,0.008306666666666667,0.0,0.0,0.0,0.0,41.56143499950127,optimal
2021-02-12 19:00:00,4,62,0.09520837527863281,0.0,0.0,0.39816666666666667,26.712,6.0,1,20.334524601922297,55.0,0.008,333.22931347521484,0.0,0.0,0.0,41.334805494892294,optimal
2021-02-12 19:30:00,4,62,1.3891703951520205,0.0,0.0,0.22263333333333332,15.435,6.0,1,20.0,55.0,0.006666666666666667,4862.096383032072,0.0,0.0,0.0,41.108402619787924,optimal
2021-02-12 20:00:00,4,62,1.3388250119349738,0.0,0.0,0.42706666666666665,13.566,6.0,1,20.0,55.0,0.006,4685.887541772408,0.0,0.0,0.0,40.882226147558654,optimal
2021-02-12 20:30:00,4,62,0.0,0.0,0.0,0.1999,12.789,6.0,1,20.0,55.0,0.0,0.0,0.0,0.0,0.0,40.65627585180162,optimal
2021-02-12 21:00:00,4,62,0.0,0.0,0.0,0.3670333333333334,12.1275,6.0,1,19.61260356395567,55.0,0.0,0.0,0.0,0.0,0.0,40.430551506340336,optimal
2021-02-12 21:30:00,4,62,0.0,0.0,0.0,0.7056333333333333,13.671,6.0,1,19.235600402453016,55.0,0.0,0.0,0.0,0.0,0.0,40.20505288522452,optimal
2021-02-12 22:00:00,4,62,0.07961904761904762,0.0,0.0,0.2836,10.668,6.0,1,18.89547799303808,55.0,0.0026666666666666666,0.0,0.0,278.6666666666667,0.0,40.16484783233929,optimal
2021-02-12 22:30:00,4,62,0.0,0.0,0.0,0.3772,11.7285,6.0,1,18.54354552659563,55.0,0.002,0.0,0.0,0.0,0.0,40.124682984506954,optimal
2021-02-12 23:00:00,4,62,0.0,0.0,0.0,0.15203333333333333,11.025,6.0,1,18.212983076128406,55.0,0.0,0.0,0.0,0.0,0.0,40.08455830152245,optimal
2021-02-12 23:30:00,4,62,0.0,0.0,0.0,0.5064,10.689,6.0,1,17.8663845056186,55.0,0.0,0.0,0.0,0.0,0.0,40.04447374322093,optimal
2021-02-13 00:00:00,4,62,0.09952380952380951,0.0,0.0,0.2799,9.4815,6.0,-4,17.8663845056186,55.0,0.0,0.0,0.0,348.3333333333333,0.0,40.004429269477704,optimal
2021-02-13 00:30:00,4,62,2.5714285714285716,0.0,0.0,0.127,8.379,6.0,-4,17.528244778484943,55.0,0.05799999999999999,2939.000000000001,0.0,6060.999999999999,0.0,39.964424840208224,optimal
2021-02-13 01:00:00,4,62,2.5714285714285716,0.0,0.0,0.064,9.5235,6.0,-4,17.395882129748266,55.0,0.05799999999999999,9000.0,0.0,0.0,0.0,39.92446041536802,optimal
2021-02-13 01:30:00,4,62,2.5714285714285716,0.0,0.0,0.1389,8.1375,6.0,-4,17.72824285106151,55.0,0.05799999999999999,9000.0,0.0,0.0,0.0,39.884535954952646,optimal
2021-02-13 02:00:00,4,62,0.8252312482768299,0.0,0.0,0.1753,10.0905,6.0,-4,18.060459323693223,55.0,0.05799999999999999,2888.3093689689044,0.0,0.0,0.0,39.84465141899769,optimal
2021-02-13 02:30:00,4,62,2.5714285714285716,0.0,9.0,0.064,7.539,6.0,-4,17.919926636488697,55.0,0.05799999999999999,9000.0,0.0,0.0,0.0,44.079806767578695,optimal
2021-02-13 03:00:00,4,62,2.5714285714285716,0.0,8.852620468536768,0.2502,7.938,6.0,-4,18.243426993482164,55.0,0.05799999999999999,9000.0,0.0,0.0,0.0,48.240721683366075,optimal
2021-02-13 03:30:00,4,62,2.5714285714285716,0.0,0.0,0.064,8.274,6.0,-4,18.57447627916943,55.0,0.05799999999999999,9000.0,0.0,0.0,0.0,48.192480961682705,optimal
2021-02-13 04:00:00,4,62,2.5714285714285716,0.0,0.0,0.176,9.261,6.0,-4,18.88325514722415,55.0,0.05799999999999999,9000.0,0.0,0.0,0.0,48.144288480721016,optimal
2021-02-13 04:30:00,4,62,2.5714285714285716,0.0,0.0,0.0752,9.9225,6.0,-4,19.193143946192343,55.0,0.05799999999999999,9000.0,0.0,0.0,0.0,48.096144192240295,optimal
2021-02-13 05:00:00,4,62,2.5714285714285716,0.0,0.0,0.1256,9.702,6.0,-4,19.486722243765893,55.0,0.05799999999999999,9000.0,0.0,0.0,0.0,48.048048048048045,optimal
2021-02-13 05:30:00,4,62,2.5714285714285716,0.0,0.0,1.3890333333333333,10.584,6.0,-4,19.775949724712966,55.0,0.054666666666666655,9000.0,0.0,0.0,0.0,48.0,optimal
2021-02-13 06:00:00,4,62,2.5714285714285716,0.0,0.0,0.7802333333333333,10.143,6.0,-4,20.0735940692001,55.0,0.05199999999999999,9000.0,0.0,0.0,0.0,47.66216516805805,optimal
2021-02-13 06:30:00,4,62,0.0,0.0,0.0,2.129833333333333,13.0095,6.0,-4,20.36888256016008,55.0,0.05066666666666666,0.0,0.0,0.0,0.0,47.32466817094805,optimal
2021-02-13 07:00:00,4,62,2.5714285714285716,0.0,0.0,1.678,11.025,6.0,-4,19.989606423316424,55.0,0.03266666666666666,9000.0,0.0,0.0,0.0,46.987508670835155,optimal
2021-02-13 07:30:00,4,62,0.0,0.0,0.0,1.9307999999999998,12.789,6.0,-4,20.321330400088637,55.0,0.02666666666666666,0.0,0.0,0.0,0.0,46.65068633022237,optimal
2021-02-13 08:00:00,4,62,2.0360850338890955,0.0,0.0,1.0967333333333331,12.1275,6.0,-4,20.0,55.0,0.0,7126.297618611834,0.0,0.0,0.0,46.3142008119502,optimal
2021-02-13 08:30:00,4,62,2.5714285714285716,0.0,0.0,0.30506666666666665,12.1695,6.0,-4,20.203708525214118,55.0,0.0,9000.0,0.0,0.0,0.0,45.978051779196306,optimal
2021-02-13 09:00:00,4,62,2.5714285714285716,0.0,0.0,0.1899,12.306,6.0,-4,20.500884518814082,55.0,0.0,9000.0,0.0,0.0,0.0,45.64223889547517,optimal
2021-02-13 09:30:00,4,62,0.0,0.0,0.0,0.19966666666666663,13.23,6.0,-4,20.815571735361758,55.0,0.0,0.0,0.0,0.0,0.0,45.306761824637746,optimal
2021-02-13 10:00:00,4,62,0.0,0.0,0.0,0.2912,13.671,6.0,-4,20.45348213198413,55.0,0.0,0.0,0.0,0.0,0.0,44.97162023087116,optimal
2021-02-13 10:30:00,4,62,0.0,0.0,0.0,0.2275,13.9335,6.0,-4,20.227379819293937,55.0,0.0,0.0,0.0,0.0,0.0,44.63681377869835,optimal
2021-02-13 11:00:00,4,62,0.40337585731595765,0.0,0.0,0.15030000000000002,13.293,6.0,-4,20.0,55.0,0.0,1411.8155006058519,0.0,0.0,0.0,44.3023421329777,optimal
2021-02-13 11:30:00,4,62,0.38889140606733585,0.0,0.0,0.1874,12.1065,6.0,-4,20.0,55.0,0.0,1361.1199212356755,0.0,0.0,0.0,43.968204958902774,optimal
2021-02-13 12:00:00,4,62,0.20879776103180728,0.0,0.0,0.11320000000000001,11.571,6.0,-4,20.0,55.0,0.0,730.7921636113255,0.0,0.0,0.0,43.63440192200193,optimal
2021-02-13 12:30:00,4,62,1.886751411726821,0.0,0.0,0.221,11.025,6.0,-4,20.0,55.0,0.0,6603.629941043873,0.0,0.0,0.0,43.30093268813798,optimal
2021-02-13 13:00:00,4,62,2.5714285714285716,0.0,0.0,0.074,10.8465,6.0,-4,20.461668221184492,55.0,0.0,9000.0,0.0,0.0,0.0,42.9677969235079,optimal
2021-02-13 13:30:00,4,62,2.5714285714285716,0.0,0.0,0.1972,11.2455,6.0,-4,21.112764765019794,55.0,0.0,9000.0,0.0,0.0,0.0,42.634994294642446,optimal
2021-02-13 14:00:00,4,62,0.0,0.0,0.0,0.074,23.8665,6.0,-4,21.7618134403101,55.0,0.0,0.0,0.0,0.0,0.0,42.302524468405856,optimal
2021-02-13 14:30:00,4,62,0.0,0.0,0.0,0.1874,27.4575,6.0,-4,21.60058088509637,55.0,0.0,0.0,0.0,0.0,0.0,41.97038711199551,optimal
2021-02-13 15:00:00,4,62,0.0,0.0,0.0,0.1468,27.3735,6.0,-4,21.453520914950058,55.0,0.0,0.0,0.0,0.0,0.0,41.638581892941566,optimal
2021-02-13 15:30:00,4,62,0.0,0.0,0.0,0.074,30.4605,6.0,-4,21.22644853579681,55.0,0.0,0.0,0.0,0.0,0.0,41.30710847910668,optimal
2021-02-13 16:00:00,4,62,0.0,0.0,0.0,0.24969999999999998,30.0195,6.0,-4,20.99643704544636,55.0,0.0,0.0,0.0,0.0,0.0,40.975966538685626,optimal
2021-02-13 16:30:00,4,62,0.0,0.0,0.0,0.0845,26.9325,6.0,-4,20.690935374216707,55.0,0.0,0.0,0.0,0.0,0.0,40.64515574020499,optimal
2021-02-13 17:00:00,4,62,0.0,0.0,0.0,0.1916,14.595,6.0,-4,20.379122426830314,55.0,0.0,0.0,0.0,0.0,0.0,40.31467575252284,optimal
2021-02-13 17:30:00,4,62,1.4159253695361405,0.0,0.0,0.09359999999999999,12.4845,6.0,-4,20.0,55.0,0.0,4955.738793376491,0.0,0.0,0.0,39.984526244828366,optimal
2021-02-13 18:00:00,4,62,2.0807239191634235,0.0,0.0,0.179,12.1275,6.0,-4,20.0,55.0,0.0,7282.533717071982,0.0,0.0,0.0,39.65470688664159,optimal
2021-02-13 18:30:00,4,62,2.5714285714285716,0.0,0.0,0.1412,12.1275,6.0,-4,20.14948698984177,55.0,0.0,9000.0,0.0,0.0,0.0,39.325217347813,optimal
2021-02-13 19:00:00,4,62,0.0,0.0,0.0,0.1426,12.789,6.0,-4,20.423878727287516,55.0,0.0,0.0,0.0,0.0,0.0,38.99605729852324,optimal
2021-02-13 19:30:00,4,62,1.5368561094377235,0.0,0.0,0.1916,11.907,6.0,-4,20.0,55.0,0.0,5378.996383032032,0.0,0.0,0.0,38.66722640928277,optimal
2021-02-13 20:00:00,4,62,1.5782250119349763,0.0,0.0,0.074,11.025,6.0,-4,20.0,55.0,0.0,5523.787541772417,0.0,0.0,0.0,38.33872435093154,optimal
2021-02-13 20:30:00,4,62,0.0,0.0,0.0,0.158,8.2005,6.0,-4,20.0,55.0,0.0,0.0,0.0,0.0,0.0,38.01055079463867,optimal
2021-02-13 21:00:00,4,62,0.0,0.0,0.0,0.1762,9.5655,6.0,-4,19.5819825989201,55.0,0.0,0.0,0.0,0.0,0.0,37.682705411902084,optimal
2021-02-13 21:30:00,4,62,0.0398095238095238,0.0,0.0,0.1076,7.056,6.0,-4,19.174098195156066,55.0,0.001333333333333333,0.0,0.0,139.33333333333331,0.0,37.355187874548236,optimal
2021-02-13 22:00:00,4,62,0.0,0.0,0.0,0.2266,9.3975,6.0,-4,18.768420219229775,55.0,0.001333333333333333,0.0,0.0,0.0,0.0,37.027997854731744,optimal
2021-02-13 22:30:00,4,62,0.0,0.0,0.0,0.074,10.059,6.0,-4,18.37931858410654,55.0,0.001333333333333333,0.0,0.0,0.0,0.0,36.70113502493507,optimal
2021-02-13 23:00:00,4,62,0.0,0.0,0.0,0.168,9.261,6.0,-4,17.987665469573134,55.0,0.0,0.0,0.0,0.0,0.0,36.664433889910136,optimal
2021-02-13 23:30:00,4,62,0.0,0.0,0.0,0.074,8.1585,6.0,-4,17.643596268397143,55.0,0.0,0.0,0.0,0.0,0.0,36.627769456020225,optimal
2021-02-07 00:00:00,5,62,2.207024924779555,0.0,0.0,0.065,5.292,6.0,1,21.0,55.0,0.12,7724.587236728442,0.0,0.0,0.0,47.952,optimal
2021-02-07 00:30:00,5,62,0.0,0.0,0.0,0.064,9.261,6.0,1,21.225854557413868,55.0,0.12,0.0,0.0,0.0,0.0,47.904047999999996,optimal
2021-02-07 01:00:00,5,62,0.0,0.0,0.0,0.06983333333333333,10.3635,6.0,1,20.851308875818777,55.0,0.12,0.0,0.0,0.0,0.0,47.856143952,optimal
2021-02-07 01:30:00,5,62,0.0,0.0,0.0,0.17483333333333334,8.274,6.0,1,20.482948055890798,55.0,0.12,0.0,0.0,0.0,0.0,47.80828780804799,optimal
2021-02-07 02:00:00,5,62,0.0,0.0,0.0,0.064,7.7175,6.0,1,20.12930801671616,55.0,0.12,0.0,0.0,0.0,0.0,47.76047952023995,optimal
2021-02-07 02:30:00,5,62,0.0,0.0,0.0,0.07566666666666667,6.615,6.0,1,19.77349557857534,55.0,0.12,0.0,0.0,0.0,0.0,47.712719040719705,optimal
2021-02-07 03:00:00,5,62,0.0,0.0,0.0,0.169,6.174,6.0,1,19.423924832201447,55.0,0.12,0.0,0.0,0.0,0.0,47.66500632167899,optimal
2021-02-07 03:30:00,5,62,2.4285714285714284,0.0,0.0,0.064,3.906,6.0,1,19.08674098698896,55.0,0.12,8500.0,0.0,0.0,0.0,47.61734131535731,optimal
2021-02-07 04:00:00,5,62,2.4285714285714284,0.0,0.0,0.064,2.3415,6.0,1,19.40066685053974,55.0,0.12,8500.0,0.0,0.0,0.0,47.56972397404195,optimal
2021-02-07 04:30:00,5,62,2.4285714285714284,0.0,0.0,0.08733333333333333,2.205,6.0,1,19.706988522348393,55.0,0.12,8500.0,0.0,0.0,0.0,47.522154250067906,optimal
2021-02-07 05:00:00,5,62,2.4285714285714284,0.0,1.409802915585652,0.15733333333333335,0.882,6.0,1,20.00870267262084,55.0,0.12,8500.0,0.0,0.0,0.0,48.144288480721016,optimal
2021-02-07 05:30:00,5,62,2.4285714285714284,0.0,0.0,0.064,1.5435,6.0,1,20.30949164866474,55.0,0.12,8500.0,0.0,0.0,0.0,48.096144192240295,optimal
2021-02-07 06:00:00,5,62,2.4285714285714284,0.0,0.0,0.064,1.5435,6.0,1,20.59682352415194,55.0,0.12,8500.0,0.0,0.0,0.0,48.048048048048045,optimal
2021-02-07 06:30:00,5,62,2.4285714285714284,0.0,0.0,0.17283333333333334,5.0715,6.0,1,20.878151631032228,55.0,0.12,8500.0,0.0,0.0,0.0,48.0,optimal
2021-02-07 07:00:00,5,62,2.4285714285714284,0.0,0.0,0.06783333333333333,5.376,6.0,1,21.166888159945646,55.0,0.12,8500.0,0.0,0.0,0.0,47.79670790013464,optimal
2021-02-07 07:30:00,5,62,2.4285714285714284,0.0,0.0,0.1044,5.0715,6.0,1,21.44519128521689,55.0,0.12,8500.0,0.0,0.0,0.0,47.59361909236915,optimal
2021-02-07 08:00:00,5,62,2.4285714285714284,0.0,0.0,0.19126666666666667,5.5125,6.0,1,21.72904816918992,55.0,0.11466666666666667,8500.0,0.0,0.0,0.0,47.39073337341143,optimal
2021-02-07 08:30:00,5,62,1.3771691321149246,0.0,0.0,0.17980000000000002,9.261,6.0,1,22.0,55.0,0.11,4820.091962402236,0.0,0.0,0.0,47.18805054017266,optimal
2021-02-07 09:00:00,5,62,0.0,0.0,0.0,0.39516666666666667,11.7075,6.0,1,22.0,55.0,0.10866666666666666,0.0,0.0,0.0,0.0,46.98557038976713,optimal
2021-02-07 09:30:00,5,62,0.0,0.0,0.0,3.056833333333333,12.348,6.0,1,21.68414469803035,55.0,0.092,0.0,0.0,0.0,0.0,46.78329271951201,optimal
2021-02-07 10:00:00,5,62,0.0,0.0,0.0,0.7112333333333334,12.348,6.0,1,21.421691690575855,55.0,0.08666666666666667,0.0,0.0,0.0,0.0,46.581217326927145,optimal
2021-02-07 10:30:00,5,62,0.0,0.0,0.0,0.5704666666666667,12.1275,6.0,1,21.173921637299767,55.0,0.08266666666666667,0.0,0.0,0.0,0.0,46.379344009734865,optimal
2021-02-07 11:00:00,5,62,0.0,0.0,0.0,1.8329000000000002,12.5265,6.0,1,20.924579376830803,55.0,0.08266666666666667,0.0,0.0,0.0,0.0,46.17767256585977,optimal
2021-02-07 11:30:00,5,62,2.4285714285714284,0.0,0.0,0.4929,11.7495,6.0,1,20.75984189924296,55.0,0.08030666666666667,8500.0,0.0,0.0,0.0,45.976202793428556,optimal
2021-02-07 12:00:00,5,62,0.0,0.0,0.0,0.4604333333333333,13.23,6.0,1,21.215150951967154,55.0,0.074,0.0,0.0,0.0,0.0,45.77493449076977,optimal
2021-02-07 12:30:00,5,62,0.0,0.0,0.0,0.3334,14.3325,6.0,1,21.05219437210061,55.0,0.07133333333333333,0.0,0.0,0.0,0.0,45.573867456413645,optimal
2021-02-07 13:00:00,5,62,0.0,0.0,0.0,0.274,14.994,6.0,1,20.89051928453624,55.0,0.07,0.0,0.0,0.0,0.0,45.37300148909188,optimal
2021-02-07 13:30:00,5,62,0.0,0.0,0.0,0.16119999999999998,14.8155,6.0,1,20.692924433793035,55.0,0.07,0.0,0.0,0.0,0.0,45.17233638773743,optimal
2021-02-07 14:00:00,5,62,0.0,0.0,0.0,0.3075,14.112,6.0,1,20.476735067005045,55.0,0.07,0.0,0.0,0.0,0.0,44.97187195148434,optimal
2021-02-07 14:30:00,5,62,1.7236316190624923,0.0,0.0,0.34,14.007,6.0,1,20.27738633948103,55.0,0.07,6032.710666718723,0.0,0.0,0.0,44.7716079796675,optimal
2021-02-07 15:00:00,5,62,2.4285714285714284,0.0,0.0,0.074,13.23,6.0,1,20.549888940491257,55.0,0.07,8500.0,0.0,0.0,0.0,44.571544271822475,optimal
2021-02-07 15:30:00,5,62,2.4285714285714284,0.0,0.0,0.109,11.382,6.0,1,21.012446894014403,55.0,0.07,8500.0,0.0,0.0,0.0,44.37168062768529,optimal
2021-02-07 16:00:00,5,62,2.4285714285714284,0.0,0.0,0.15566666666666665,11.7495,6.0,1,21.464895070271677,55.0,0.07,8500.0,0.0,0.0,0.0,44.17201684719225,optimal
2021-02-07 16:30:00,5,62,0.0,0.0,0.0,0.074,24.3285,6.0,1,21.822666348531527,55.0,0.07,0.0,0.0,0.0,0.0,43.972552730479705,optimal
2021-02-07 17:00:00,5,62,0.0,0.0,0.0,1.8218333333333332,28.917,6.0,1,21.514553451266192,55.0,0.06466666666666666,0.0,0.0,0.0,0.0,43.928580177749225,optimal
2021-02-07 17:30:00,5,62,0.0,0.0,0.0,0.3025333333333334,31.3635,6.0,1,21.22062125134688,55.0,0.04000000000000001,0.0,0.0,0.0,0.0,43.88465159757148,optimal
2021-02-07 18:00:00,5,62,0.0,0.0,0.0,0.48386666666666667,33.306,6.0,1,20.89207944973192,55.0,0.03866666666666667,0.0,0.0,0.0,0.0,43.840766945973904,optimal
2021-02-07 18:30:00,5,62,0.0,0.0,0.0,0.8296666666666667,31.3425,6.0,1,20.572060291214687,55.0,0.038000000000000006,0.0,0.0,0.0,0.0,43.79692617902793,optimal
2021-02-07 19:00:00,5,62,0.0,0.0,0.0,0.6566666666666666,28.2555,6.0,1,20.288151293089392,55.0,0.03333333333333334,0.0,0.0,0.0,0.0,43.7531292528489,optimal
2021-02-07 19:30:00,5,62,1.1017282046146546,0.0,0.0,0.42356666666666665,15.6975,6.0,1,20.0,55.0,0.03133333333333334,3856.048716151291,0.0,0.0,0.0,43.70937612359605,optimal
2021-02-07 20:00:00,5,62,1.064147252233704,0.0,0.0,0.5872666666666666,12.5475,6.0,1,20.0,55.0,0.03133333333333334,3724.5153828179646,0.0,0.0,0.0,43.66566674747246,optimal
2021-02-07 20:30:00,5,62,0.0,0.0,0.0,0.5573666666666667,12.0855,6.0,1,20.0,55.0,0.02933333333333334,0.0,0.0,0.0,0.0,43.622001080724985,optimal
2021-02-07 21:00:00,5,62,0.0,0.0,0.0,0.8754333333333333,11.907,6.0,1,19.714860536184304,55.0,0.02933333333333334,0.0,0.0,0.0,0.0,43.57837907964426,optimal
2021-02-07 21:30:00,5,62,0.0,0.0,0.0,1.3131,12.5685,6.0,1,19.410560801203637,55.0,0.028000000000000004,0.0,0.0,0.0,0.0,43.53480070056461,optimal
2021-02-07 22:00:00,5,62,0.0,0.0,0.0,0.9103333333333333,13.146,6.0,1,19.109605537680117,55.0,0.02533333333333334,0.0,0.0,0.0,0.0,43.49126589986405,optimal
2021-02-07 22:30:00,5,62,0.0,0.0,0.0,0.3528,10.584,6.0,1,18.832124703767107,55.0,0.024000000000000004,0.0,0.0,0.0,0.0,43.44777463396418,optimal
2021-02-07 23:00:00,5,62,0.0,0.0,0.0,0.438,6.678,6.0,1,18.532804957047826,55.0,0.024000000000000004,0.0,0.0,0.0,0.0,43.40432685933022,optimal
2021-02-07 23:30:00,5,62,0.0,0.0,0.0,0.12266666666666669,7.938,6.0,1,18.24302072159601,55.0,0.024000000000000004,0.0,0.0,0.0,0.0,43.36092253247089,optimal
2021-02-08 00:00:00,5,62,2.4285714285714284,0.0,0.0,1.234,6.7725,6.0,-4,18.24302072159601,55.0,0.024000000000000004,8500.0,0.0,0.0,0.0,43.317561609938416,optimal
2021-02-08 00:30:00,5,62,2.4285714285714284,0.0,0.0,0.07753333333333333,5.5755,6.0,-4,18.588983130731002,55.0,0.046,6131.333333333334,0.0,2368.666666666666,0.0,43.27424404832848,optimal
2021-02-08 01:00:00,5,62,2.4285714285714284,0.0,3.073484765325023,0.066,5.0925,6.0,-4,18.716453409925844,55.0,0.046,8500.0,0.0,0.0,0.0,44.69087506780953,optimal
2021-02-08 01:30:00,5,62,2.4285714285714284,0.0,9.0,0.066,4.1895,6.0,-4,19.01785896929925,55.0,0.046,8500.0,0.0,0.0,0.0,48.92118419274172,optimal
2021-02-08 02:00:00,5,62,2.4285714285714284,0.0,0.0,0.066,7.056,6.0,-4,19.311921947338504,55.0,0.046,8500.0,0.0,0.0,0.0,48.87226300854897,optimal
2021-02-08 02:30:00,5,62,2.4285714285714284,0.0,0.0,0.10126666666666669,5.271,6.0,-4,19.598795766490152,55.0,0.046,8500.0,0.0,0.0,0.0,48.823390745540415,optimal
2021-02-08 03:00:00,5,62,2.4285714285714284,0.0,0.0,0.1216,7.938,6.0,-4,19.893932252576697,55.0,0.046,8500.0,0.0,0.0,0.0,48.774567354794875,optimal
2021-02-08 03:30:00,5,62,2.4285714285714284,0.0,0.0,0.066,7.938,6.0,-4,20.19834216236359,55.0,0.046,8500.0,0.0,0.0,0.0,48.72579278744007,optimal
2021-02-08 04:00:00,5,62,2.4285714285714284,0.0,0.0,0.066,11.907,6.0,-4,20.467739071163276,55.0,0.046,8500.0,0.0,0.0,0.0,48.67706699465263,optimal
2021-02-08 04:30:00,5,62,2.4285714285714284,0.0,0.0,0.066,11.025,6.0,-4,20.7304622159368,55.0,0.046,8500.0,0.0,0.0,0.0,48.62838992765797,optimal
2021-02-08 05:00:00,5,62,2.4285714285714284,0.0,0.0,0.066,11.2875,6.0,-4,20.98560629964758,55.0,0.046,8500.0,0.0,0.0,0.0,48.579761537730306,optimal
2021-02-08 05:30:00,5,62,0.0,0.0,0.0,0.066,12.936,6.0,-4,21.23332968596063,55.0,0.046,0.0,0.0,0.0,0.0,48.53118177619257,optimal
2021-02-08 06:00:00,5,62,0.0,0.0,0.0,0.066,13.0095,6.0,-4,20.821654475241097,55.0,0.046,0.0,0.0,0.0,0.0,48.48265059441637,optimal
2021-02-08 06:30:00,5,62,0.0,0.0,0.0,0.066,13.671,6.0,-4,20.417536429115064,55.0,0.046,0.0,0.0,0.0,0.0,48.434167943821954,optimal
2021-02-08 07:00:00,5,62,2.4285714285714284,0.0,0.0,0.066,13.188,6.0,-4,20.020817641441877,55.0,0.046,8500.0,0.0,0.0,0.0,48.38573377587813,optimal
2021-02-08 07:30:00,5,62,0.40294208712661217,0.0,0.0,0.066,13.8495,6.0,-4,20.284521204438317,55.0,0.046,1410.2973049431428,0.0,0.0,0.0,48.33734804210225,optimal
2021-02-08 08:00:00,5,62,1.4264569925990196,0.0,0.0,0.066,13.23,6.0,-4,20.0,55.0,0.046,4992.599474096568,0.0,0.0,0.0,48.289010694060146,optimal
2021-02-08 08:30:00,5,62,1.4342258950962625,0.0,0.0,0.066,13.3665,6.0,-4,20.0,55.0,0.046,5019.790632836919,0.0,0.0,0.0,48.240721683366075,optimal
2021-02-08 09:00:00,5,62,2.4285714285714284,0.0,0.0,0.066,13.0515,6.0,-4,20.0,55.0,0.046,8500.0,0.0,0.0,0.0,48.192480961682705,optimal
2021-02-08 09:30:00,5,62,0.7632608428741798,0.0,0.0,0.066,13.5345,6.0,-4,20.32567965768776,55.0,0.046,2671.4129500596296,0.0,0.0,0.0,48.144288480721016,optimal
2021-02-08 10:00:00,5,62,0.0,0.0,0.0,0.208,14.154,6.0,-4,20.19979402816157,55.0,0.02666666666666667,0.0,0.0,0.0,0.0,48.096144192240295,optimal
2021-02-08 10:30:00,5,62,0.6849964373879611,0.0,0.0,0.3466,14.112,6.0,-4,20.0,55.0,0.024666666666666667,2397.487530857864,0.0,0.0,0.0,48.048048048048045,optimal
2021-02-08 11:00:00,5,62,0.0,0.0,0.0,1.6903333333333332,14.2485,6.0,-4,20.0,55.0,0.024666666666666667,0.0,0.0,0.0,0.0,48.0,optimal
2021-02-08 11:30:00,5,62,0.2449208177500921,0.0,0.0,1.6941,12.789,6.0,-4,20.001167915624023,55.0,0.024666666666666667,857.2228621253224,0.0,0.0,0.0,47.46171294459803,optimal
2021-02-08 12:00:00,5,62,0.19539394016306985,0.0,0.0,0.28953333333333336,13.0095,6.0,-4,20.0,55.0,0.02266666666666667,683.8787905707445,0.0,0.0,0.0,46.92396417625146,optimal
2021-02-08 12:30:00,5,62,1.2521734066396555,0.0,0.0,0.3318,12.1275,6.0,-4,20.0,55.0,0.019333333333333334,4382.6069232387945,0.0,0.0,0.0,46.38675315667324,optimal
2021-02-08 13:00:00,5,62,2.4285714285714284,0.0,0.0,0.36939999999999995,12.348,6.0,-4,20.288349300077957,55.0,0.017333333333333333,8500.0,0.0,0.0,0.0,45.85007934811459,optimal
2021-02-08 13:30:00,5,62,2.4285714285714284,0.0,0.0,0.2035,12.348,6.0,-4,20.866039914837728,55.0,0.017333333333333333,8500.0,0.0,0.0,0.0,45.313942213364506,optimal
2021-02-08 14:00:00,5,62,0.0,0.0,0.0,0.066,25.389,6.0,-4,21.407931042298035,55.0,0.017333333333333333,0.0,0.0,0.0,0.0,44.77834121574917,optimal
2021-02-08 14:30:00,5,62,0.0,0.0,0.0,0.066,29.1375,6.0,-4,21.287711358280603,55.0,0.017333333333333333,0.0,0.0,0.0,0.0,44.243275819131455,optimal
2021-02-08 15:00:00,5,62,0.0,0.0,0.0,0.066,30.597,6.0,-4,21.16686941776658,55.0,0.017333333333333333,0.0,0.0,0.0,0.0,43.70874548791035,optimal
2021-02-08 15:30:00,5,62,0.0,0.0,0.0,0.066,33.684,6.0,-4,20.96939684870301,55.0,0.017333333333333333,0.0,0.0,0.0,0.0,43.174749687020466,optimal
2021-02-08 16:00:00,5,62,0.0,0.0,0.0,0.26026666666666665,32.445,6.0,-4,20.7770951923295,55.0,0.015333333333333332,0.0,0.0,0.0,0.0,42.641287881931476,optimal
2021-02-08 16:30:00,5,62,0.0,0.0,0.0,0.3038666666666667,28.917,6.0,-4,20.526014663266402,55.0,0.014,0.0,0.0,0.0,0.0,42.10835953864757,optimal
2021-02-08 17:00:00,5,62,0.0,0.0,0.0,1.8755,15.876,6.0,-4,20.292717342788585,55.0,0.01,0.0,0.0,0.0,0.0,41.57596412370695,optimal
2021-02-08 17:30:00,5,62,1.1105377709208024,0.0,0.0,0.512,12.348,6.0,-4,20.0,55.0,0.008,3886.8821982228083,0.0,0.0,0.0,41.04410110418127,optimal
2021-02-08 18:00:00,5,62,1.265659796486347,0.0,0.0,0.406,12.1275,6.0,-4,20.0,55.0,0.008,4429.8092877022145,0.0,0.0,0.0,40.51276994767512,optimal
2021-02-08 18:30:00,5,62,1.2848134404758136,0.0,0.0,0.4003,12.348,6.0,-4,20.0,55.0,0.005333333333333333,4496.847041665348,0.0,0.0,0.0,39.98197012232547,optimal
2021-02-08 19:00:00,5,62,1.243254703512907,0.0,0.0,0.5636,12.1275,6.0,-4,20.0,55.0,0.0033333333333333335,4351.391462295174,0.0,0.0,0.0,39.45170109680117,optimal
2021-02-08 19:30:00,5,62,1.3531061524968653,0.0,0.0,0.208,12.1275,6.0,-4,20.0,55.0,0.0033333333333333335,4735.871533739029,0.0,0.0,0.0,38.9219623403024,optimal
2021-02-08 20:00:00,5,62,1.3220452205284514,0.0,0.0,0.2698333333333333,11.2665,6.0,-4,20.0,55.0,0.0,4627.15827184958,0.0,0.0,0.0,38.8830403779621,optimal
2021-02-08 20:30:00,5,62,0.0,0.0,0.0,0.334,10.143,6.0,-4,20.0,55.0,0.0,0.0,0.0,0.0,0.0,38.844157337584136,optimal
2021-02-08 21:00:00,5,62,0.0,0.0,0.0,0.27476666666666666,11.2455,6.0,-4,19.66351491178417,55.0,0.0,0.0,0.0,0.0,0.0,38.80531318024655,optimal
2021-02-08 21:30:00,5,62,0.0,0.0,0.0,0.2847333333333333,11.025,6.0,-4,19.321015699055145,55.0,0.0,0.0,0.0,0.0,0.0,38.7665078670663,optimal
2021-02-08 22:00:00,5,62,1.2938095238095235,0.0,0.0,0.347,5.9745,6.0,-4,18.971847637516834,55.0,0.043333333333333335,0.0,0.0,4528.333333333333,0.0,38.727741359199236,optimal
2021-02-08 22:30:00,5,62,0.0,0.0,0.0,0.3133333333333333,7.938,6.0,-4,18.64844778814819,55.0,0.023333333333333334,0.0,0.0,0.0,0.0,38.68901361784004,optimal
2021-02-08 23:00:00,5,62,0.0,0.0,0.0,0.24163333333333334,8.6835,6.0,-4,18.334321058029936,55.0,0.023333333333333334,0.0,0.0,0.0,0.0,38.6503246042222,optimal
2021-02-08 23:30:00,5,62,0.0,0.0,0.0,0.216,7.665,6.0,-4,18.0193838075275,55.0,0.0,0.0,0.0,0.0,0.0,38.61167427961798,optimal
2021-02-09 00:00:00,5,62,1.0876679349228924,0.0,0.0,0.063,11.2455,6.0,-1,18.0193838075275,55.0,0.0,3806.8377722301234,0.0,0.0,0.0,38.573062605338365,optimal
2021-02-09 00:30:00,5,62,0.0,0.0,0.0,0.1174,12.1275,6.0,-1,17.956289979720943,55.0,0.0,0.0,0.0,0.0,0.0,38.53448954273303,optimal
2021-02-09 01:00:00,5,62,1.7914285714285714,0.0,0.0,0.15819999999999998,11.823,6.0,-1,17.60720527416277,55.0,0.06,0.0,0.0,6270.0,0.0,38.49595505319029,optimal
2021-02-09 01:30:00,5,62,2.4285714285714284,0.0,0.0,0.128,11.7705,6.0,-1,17.26959465352044,55.0,0.06,8500.0,0.0,0.0,0.0,38.4574590981371,optimal
2021-02-09 02:00:00,5,62,2.4285714285714284,0.0,3.234683072383904,0.19319999999999998,11.13,6.0,-1,17.587805878201102,55.0,0.06,8500.0,0.0,0.0,0.0,39.95547609842131,optimal
2021-02-09 02:30:00,5,62,2.4285714285714284,0.0,0.0,0.1174,11.6865,6.0,-1,17.902288881535615,55.0,0.06,8500.0,0.0,0.0,0.0,39.91552062232288,optimal
2021-02-09 03:00:00,5,62,2.4285714285714284,0.0,9.0,0.163,10.7205,6.0,-1,18.205420732801443,55.0,0.06,8500.0,0.0,0.0,0.0,44.15060510170055,optimal
2021-02-09 03:30:00,5,62,2.4285714285714284,0.0,0.0,0.21259999999999998,11.424,6.0,-1,18.506767527528467,55.0,0.06,8500.0,0.0,0.0,0.0,44.10645449659885,optimal
2021-02-09 04:00:00,5,62,2.4285714285714284,0.0,9.0,0.143,10.689,6.0,-1,18.80771868663906,55.0,0.06,8500.0,0.0,0.0,0.0,48.33734804210225,optimal
2021-02-09 04:30:00,5,62,2.4285714285714284,0.0,0.0,0.083,11.361,6.0,-1,19.099122620224836,55.0,0.06,8500.0,0.0,0.0,0.0,48.289010694060146,optimal
2021-02-09 05:00:00,5,62,2.4285714285714284,0.0,0.0,0.21259999999999998,11.571,6.0,-1,19.37773754464307,55.0,0.06,8500.0,0.0,0.0,0.0,48.240721683366075,optimal
2021-02-09 05:30:00,5,62,0.0,0.0,0.0,0.073,14.3745,6.0,-1,19.658400389771376,55.0,0.06,0.0,0.0,0.0,0.0,48.192480961682705,optimal
2021-02-09 06:00:00,5,62,2.4285714285714284,0.0,0.0,0.2954,13.23,6.0,-1,19.268525188537488,55.0,0.06,8500.0,0.0,0.0,0.0,48.144288480721016,optimal
2021-02-09 06:30:00,5,62,2.4285714285714284,0.0,0.0,0.14133333333333334,13.9755,6.0,-1,19.55706428897008,55.0,0.05733333333333333,8500.0,0.0,0.0,0.0,48.096144192240295,optimal
2021-02-09 07:00:00,5,62,2.4285714285714284,0.0,0.0,0.172,14.994,6.0,-1,19.838762746129678,55.0,0.05533333333333333,8500.0,0.0,0.0,0.0,48.048048048048045,optimal
2021-02-09 07:30:00,5,62,2.4285714285714284,0.0,0.0,0.2998,13.671,6.0,-1,20.123284520038364,55.0,0.03666666666666667,8500.0,0.0,0.0,0.0,48.0,optimal
2021-02-09 08:00:00,5,62,0.0,0.0,0.0,0.09040000000000001,15.981,6.0,-1,20.417193410920145,55.0,0.03133333333333333,0.0,0.0,0.0,0.0,47.839344202555694,optimal
2021-02-09 08:30:00,5,62,2.4285714285714284,0.0,0.0,1.6870333333333334,15.6345,6.0,-1,20.034031717074527,55.0,0.014666666666666666,8500.0,0.0,0.0,0.0,47.67884906090883,optimal
2021-02-09 09:00:00,5,62,0.0,0.0,0.0,0.2402,16.5375,6.0,-1,20.344749620265137,55.0,0.014666666666666666,0.0,0.0,0.0,0.0,47.51851441440362,optimal
2021-02-09 09:30:00,5,62,2.0824364883394075,0.0,0.0,0.245,14.7735,6.0,-1,20.0,55.0,0.014666666666666666,7288.527709187925,0.0,0.0,0.0,47.35834010254491,optimal
2021-02-09 10:00:00,5,62,0.0,0.0,0.0,0.1804,15.2145,6.0,-1,20.229174001948362,55.0,0.014666666666666666,0.0,0.0,0.0,0.0,47.198325964998055,optimal
2021-02-09 10:30:00,5,62,0.7435308588634434,0.0,0.0,0.45030000000000003,14.553,6.0,-1,20.0,55.0,0.014666666666666666,2602.358006022052,0.0,0.0,0.0,47.03847184158875,optimal
2021-02-09 11:00:00,5,62,0.4277630779768334,0.0,0.0,0.078,14.3325,6.0,-1,20.0,55.0,0.014666666666666666,1497.1707729189168,0.0,0.0,0.0,46.87877757230286,optimal
2021-02-09 11:30:00,5,62,0.5406234970304938,0.0,0.0,0.1002,14.595,6.0,-1,20.0,55.0,0.014666666666666666,1892.1822396067282,0.0,0.0,0.0,46.71924299728625,optimal
2021-02-09 12:00:00,5,62,0.0,0.0,0.0,0.2154,14.994,6.0,-1,20.0331051241206,55.0,0.014666666666666666,0.0,0.0,0.0,0.0,46.55986795684466,optimal
2021-02-09 12:30:00,5,62,0.1422288453077996,0.0,0.0,0.153,14.3325,6.0,-1,20.0,55.0,0.014666666666666666,497.8009585772987,0.0,0.0,0.0,46.400652291443514,optimal
2021-02-09 13:00:00,5,62,0.06924413749435464,0.0,0.0,0.2022,13.8915,6.0,-1,20.0,55.0,0.014666666666666666,242.35448123024122,0.0,0.0,0.0,46.24159584170776,optimal
2021-02-09 13:30:00,5,62,1.2504927581479646,0.0,0.0,0.1784,13.8915,6.0,-1,20.0,55.0,0.014666666666666666,4376.7246535178765,0.0,0.0,0.0,46.08269844842175,optimal
2021-02-09 14:00:00,5,62,2.4285714285714284,0.0,0.0,0.122,13.4715,6.0,-1,20.31482969848924,55.0,0.014666666666666666,8500.0,0.0,0.0,0.0,45.923959952529025,optimal
2021-02-09 14:30:00,5,62,2.4285714285714284,0.0,0.0,0.2686,13.23,6.0,-1,20.914039354495756,55.0,0.014666666666666666,8500.0,0.0,0.0,0.0,45.76538019513219,optimal
2021-02-09 15:00:00,5,62,2.4285714285714284,0.0,0.0,0.093,13.8915,6.0,-1,21.51094923882329,55.0,0.014666666666666666,8500.0,0.0,0.0,0.0,45.60695901749275,optimal
2021-02-09 15:30:00,5,62,0.0,0.0,0.0,0.2226,26.9325,6.0,-1,22.0,55.0,0.014666666666666666,0.0,0.0,0.0,0.0,45.44869626103095,optimal
2021-02-09 16:00:00,5,62,0.0,0.0,0.0,0.073,30.303,6.0,-1,21.835613438040557,55.0,0.014666666666666666,0.0,0.0,0.0,0.0,45.290591767325616,optimal
2021-02-09 16:30:00,5,62,0.0,0.0,0.0,0.209,32.886,6.0,-1,21.55215044823458,55.0,0.014666666666666666,0.0,0.0,0.0,0.0,45.132645378113985,optimal
2021-02-09 17:00:00,5,62,0.0,0.0,0.0,0.1366,34.9965,6.0,-1,21.282971741033542,55.0,0.014666666666666666,0.0,0.0,0.0,0.0,44.97485693529157,optimal
2021-02-09 17:30:00,5,62,0.0,0.0,0.0,0.12533333333333332,33.327,6.0,-1,20.899542439263108,55.0,0.012,0.0,0.0,0.0,0.0,44.817226280911974,optimal
2021-02-09 18:00:00,5,62,0.0,0.0,0.0,0.39966666666666667,31.122,6.0,-1,20.531733129960053,55.0,0.01,0.0,0.0,0.0,0.0,44.65975325718676,optimal
2021-02-09 18:30:00,5,62,0.5249701955268875,0.0,0.0,0.4644666666666666,17.9025,6.0,-1,20.188509148069198,55.0,0.01,1837.3956843441063,0.0,0.0,0.0,44.50243770648527,optimal
2021-02-09 19:00:00,5,62,1.265295946137475,0.0,0.0,0.36573333333333335,15.6555,6.0,-1,20.0,55.0,0.006,4428.535811481162,0.0,0.0,0.0,44.34527947133448,optimal
2021-02-09 19:30:00,5,62,1.1902483270898507,0.0,0.0,0.3619333333333333,14.553,6.0,-1,20.0,55.0,0.006,4165.869144814478,0.0,0.0,0.0,44.30093419186314,optimal
2021-02-09 20:00:00,5,62,0.8347149937565195,0.0,0.0,2.340333333333333,14.3325,6.0,-1,20.0,55.0,0.006,2921.5024781478182,0.0,0.0,0.0,44.25663325767128,optimal
2021-02-09 20:30:00,5,62,0.0,0.0,0.0,0.6620333333333333,13.335,6.0,-1,20.0,55.0,0.004,0.0,0.0,0.0,0.0,44.21237662441361,optimal
2021-02-09 21:00:00,5,62,0.0,0.0,0.0,0.5320666666666667,12.1275,6.0,-1,19.683996704303162,55.0,0.0006666666666666665,0.0,0.0,0.0,0.0,44.16816424778919,optimal
2021-02-09 21:30:00,5,62,0.0,0.0,0.0,0.4295,12.2955,6.0,-1,19.368343342719676,55.0,0.0,0.0,0.0,0.0,0.0,44.12399608354141,optimal
2021-02-09 22:00:00,5,62,0.0,0.0,0.0,0.073,11.6865,6.0,-1,19.05597488779374,55.0,0.0,0.0,0.0,0.0,0.0,44.079872087457865,optimal
2021-02-09 22:30:00,5,62,0.0,0.0,0.0,0.3226,11.466,6.0,-1,18.67868730257232,55.0,0.0,0.0,0.0,0.0,0.0,44.03579221537041,optimal
2021-02-09 23:00:00,5,62,0.0,0.0,0.0,0.073,10.8045,6.0,-1,18.329508216464276,55.0,0.0,0.0,0.0,0.0,0.0,43.99175642315504,optimal
2021-02-09 23:30:00,5,62,0.0,0.0,0.0,0.073,10.584,6.0,-1,17.969489563370804,55.0,0.0,0.0,0.0,0.0,0.0,43.947764666731885,optimal
2021-02-10 00:00:00,5,62,0.0,0.0,0.0,0.059,11.907,6.0,2,17.969489563370804,55.0,0.0,0.0,0.0,0.0,0.0,43.90381690206515,optimal
2021-02-10 00:30:00,5,62,2.4285714285714284,0.0,0.0,0.17633333333333334,11.7075,6.0,2,17.610509829154214,55.0,0.08133971291866028,0.0,0.0,8500.0,0.0,43.859913085163086,optimal
2021-02-10 01:00:00,5,62,2.4285714285714284,0.0,0.0,0.059,10.8045,6.0,2,17.265957862331152,55.0,0.14933333333333335,1394.666666666667,0.0,7105.333333333333,0.0,43.81605317207792,optimal
2021-02-10 01:30:00,5,62,2.4285714285714284,0.0,0.0,0.11766666666666668,11.508,6.0,2,17.024671741049637,55.0,0.14933333333333335,8500.0,0.0,0.0,0.0,43.77223711890584,optimal
2021-02-10 02:00:00,5,62,2.4285714285714284,0.0,0.0,0.11766666666666668,11.508,6.0,2,17.336851311604335,55.0,0.14933333333333335,8500.0,0.0,0.0,0.0,43.728464881786934,optimal
2021-02-10 02:30:00,5,62,2.4285714285714284,0.0,0.0,0.059,11.508,6.0,2,17.640418434403593,55.0,0.14933333333333335,8500.0,0.0,0.0,0.0,43.684736416905146,optimal
2021-02-10 03:00:00,5,62,2.4285714285714284,0.0,0.0,0.17633333333333334,11.844,6.0,2,17.933134347987917,55.0,0.14933333333333335,8500.0,0.0,0.0,0.0,43.64105168048824,optimal
2021-02-10 03:30:00,5,62,2.4285714285714284,0.0,0.0,0.059,11.508,6.0,2,18.228750407795236,55.0,0.14933333333333335,8500.0,0.0,0.0,0.0,43.59741062880775,optimal
2021-02-10 04:00:00,5,62,2.4285714285714284,0.0,0.0,0.14966666666666667,11.508,6.0,2,18.509173188129726,55.0,0.14933333333333335,8500.0,0.0,0.0,0.0,43.553813218178945,optimal
2021-02-10 04:30:00,5,62,2.4285714285714284,0.0,9.0,0.08566666666666667,10.4475,6.0,2,18.790703793445296,55.0,0.14933333333333335,8500.0,0.0,0.0,0.0,47.78525940496076,optimal
2021-02-10 05:00:00,5,62,2.4285714285714284,0.0,0.0,0.059,10.8675,6.0,2,19.059344313983992,55.0,0.14933333333333335,8500.0,0.0,0.0,0.0,47.7374741455558,optimal
2021-02-10 05:30:00,5,62,2.4285714285714284,0.0,0.8555947806948438,0.17633333333333334,10.542,6.0,2,19.31823294559253,55.0,0.14933333333333335,8500.0,0.0,0.0,0.0,48.096144192240295,optimal
2021-02-10 06:00:00,5,62,2.4285714285714284,0.0,0.0,0.14586666666666667,11.025,6.0,2,19.57863905160447,55.0,0.14333333333333334,8500.0,0.0,0.0,0.0,48.048048048048045,optimal
2021-02-10 06:30:00,5,62,2.4285714285714284,0.0,0.0,0.25,11.025,6.0,2,19.840674367501144,55.0,0.12982666666666667,8500.0,0.0,0.0,0.0,48.0,optimal
2021-02-10 07:00:00,5,62,2.4285714285714284,0.0,0.0,0.3546666666666667,14.553,6.0,2,20.102471353874428,55.0,0.08133333333333333,8500.0,0.0,0.0,0.0,47.612731569247984,optimal
2021-02-10 07:30:00,5,62,2.4285714285714284,0.0,0.0,0.21766666666666662,13.0935,6.0,2,20.379181028765615,55.0,0.07866666666666666,8500.0,0.0,0.0,0.0,47.225850406926725,optimal
2021-02-10 08:00:00,5,62,2.4285714285714284,0.0,0.0,0.2728666666666667,15.6345,6.0,2,20.65254519308348,55.0,0.078,8500.0,0.0,0.0,0.0,46.839356125767786,optimal
2021-02-10 08:30:00,5,62,0.0,0.0,0.0,0.1863333333333333,18.102,6.0,2,20.907182333577023,55.0,0.078,0.0,0.0,0.0,0.0,46.453248338890006,optimal
2021-02-10 09:00:00,5,62,0.7761816503412444,0.0,0.0,0.069,17.199,6.0,2,20.47907128303763,55.0,0.078,2716.6357761943555,0.0,0.0,0.0,46.0675266597991,optimal
2021-02-10 09:30:00,5,62,0.0,0.0,0.0,0.189,18.2805,6.0,2,20.33381440498626,55.0,0.078,0.0,0.0,0.0,0.0,45.68219070238729,optimal
2021-02-10 10:00:00,5,62,1.4687321811327645,0.0,0.0,0.24766666666666662,17.4615,6.0,2,20.0,55.0,0.072,5140.562633964676,0.0,0.0,0.0,45.29724008093289,optimal
2021-02-10 10:30:00,5,62,0.0,0.0,0.0,0.205,18.3225,6.0,2,20.199052726435475,55.0,0.072,0.0,0.0,0.0,0.0,44.91267441009994,optimal
2021-02-10 11:00:00,5,62,0.3627886404977509,0.0,0.0,0.27376666666666666,17.094,6.0,2,20.0,55.0,0.072,1269.7602417421283,0.0,0.0,0.0,44.528493304937825,optimal
2021-02-10 11:30:00,5,62,0.21157021419097552,0.0,0.0,1.344,17.094,6.0,2,20.0,55.0,0.06733333333333333,740.4957496684143,0.0,0.0,0.0,44.14469638088087,optimal
2021-02-10 12:00:00,5,62,0.0,0.0,0.0,1.0785333333333333,17.094,6.0,2,20.0,55.0,0.06,0.0,0.0,0.0,0.0,43.761283253747976,optimal
2021-02-10 12:30:00,5,62,0.0,0.0,0.0,0.3748,17.3565,6.0,2,20.032354664183156,55.0,0.042,0.0,0.0,0.0,0.0,43.37825353974221,optimal
2021-02-10 13:00:00,5,62,0.0,0.0,0.0,0.6891333333333334,17.115,6.0,2,20.050590627949195,55.0,0.04133333333333333,0.0,0.0,0.0,0.0,42.995606855450454,optimal
2021-02-10 13:30:00,5,62,0.0,0.0,0.0,0.2514333333333333,17.241,6.0,2,20.059480211065274,55.0,0.04133333333333333,0.0,0.0,0.0,0.0,42.61334281784299,optimal
2021-02-10 14:00:00,5,62,0.0,0.0,0.0,0.10629999999999999,17.094,6.0,2,20.036822474503953,55.0,0.04133333333333333,0.0,0.0,0.0,0.0,42.23146104427313,optimal
2021-02-10 14:30:00,5,62,2.4285714285714284,0.0,0.0,0.067,16.5165,6.0,2,20.00104253941871,55.0,0.04133333333333333,8500.0,0.0,0.0,0.0,41.849961152476844,optimal
2021-02-10 15:00:00,5,62,0.3675826126806124,0.0,0.0,0.2934,17.8185,6.0,2,20.618475829385076,55.0,0.04066666666666666,1286.5391443821434,0.0,0.0,0.0,41.46884276057235,optimal
2021-02-10 15:30:00,5,62,2.4285714285714284,0.0,0.0,1.7012333333333332,17.094,6.0,2,20.60175899668277,55.0,0.04066666666666666,8500.0,0.0,0.0,0.0,41.088105487059764,optimal
2021-02-10 16:00:00,5,62,2.4285714285714284,0.0,0.0,0.3655333333333334,16.8945,6.0,2,21.15987880848935,55.0,0.038,8500.0,0.0,0.0,0.0,40.70774895082069,optimal
2021-02-10 16:30:00,5,62,2.4285714285714284,0.0,0.0,0.5039,18.123,6.0,2,21.58107065400253,55.0,0.038,8500.0,0.0,0.0,0.0,40.32777277111785,optimal
2021-02-10 17:00:00,5,62,0.0,0.0,0.0,0.45289999999999997,31.647,6.0,2,22.0,55.0,0.038,0.0,0.0,0.0,0.0,40.28744499834673,optimal
2021-02-10 17:30:00,5,62,0.0,0.0,0.0,0.4625666666666667,34.9965,6.0,2,21.64268942510567,55.0,0.034,0.0,0.0,0.0,0.0,40.24715755334838,optimal
2021-02-10 18:00:00,5,62,0.0,0.0,0.0,0.3654,34.9965,6.0,2,21.302372674172883,55.0,0.03333333333333333,0.0,0.0,0.0,0.0,40.206910395795035,optimal
2021-02-10 18:30:00,5,62,0.0,0.0,0.0,0.7151333333333333,34.9965,6.0,2,20.931241754045644,55.0,0.029333333333333333,0.0,0.0,0.0,0.0,40.16670348539924,optimal
2021-02-10 19:00:00,5,62,0.0,0.0,0.0,1.5790666666666666,34.9965,6.0,2,20.57236164242085,55.0,0.029333333333333333,0.0,0.0,0.0,0.0,40.12653678191384,optimal
2021-02-10 19:30:00,5,62,0.6124495610392015,0.0,0.0,0.332,34.9965,6.0,2,20.220204319424916,55.0,0.029333333333333333,2143.573463637205,0.0,0.0,0.0,40.08641024513193,optimal
2021-02-10 20:00:00,5,62,1.3486764813314602,0.0,0.0,0.5595,27.741,6.0,2,20.0,55.0,0.028,4720.367684660111,0.0,0.0,0.0,40.0463238348868,optimal
2021-02-10 20:30:00,5,62,0.0,0.0,0.0,0.30019999999999997,19.026,6.0,2,20.0,55.0,0.026,0.0,0.0,0.0,0.0,40.00627751105191,optimal
2021-02-10 21:00:00,5,62,0.0,0.0,0.0,2.2748000000000004,18.7215,6.0,2,19.611694060054024,55.0,0.026,0.0,0.0,0.0,0.0,39.96627123354086,optimal
2021-02-10 21:30:00,5,62,0.0,0.0,0.0,2.713333333333333,17.4195,6.0,2,19.254605606204017,55.0,0.024666666666666667,0.0,0.0,0.0,0.0,39.92630496230732,optimal
2021-02-10 22:00:00,5,62,0.0,0.0,0.0,0.6433666666666666,16.758,6.0,2,18.890925796844044,55.0,0.004,0.0,0.0,0.0,0.0,39.88637865734501,optimal
2021-02-10 22:30:00,5,62,0.0,0.0,0.0,0.53,14.217,6.0,2,18.48061552545107,55.0,0.0,0.0,0.0,0.0,0.0,39.84649227868767,optimal
2021-02-10 23:00:00,5,62,0.0,0.0,0.0,0.12766666666666668,13.3665,6.0,2,18.08612933323028,55.0,0.0,0.0,0.0,0.0,0.0,39.806645786408986,optimal
2021-02-10 23:30:00,5,62,0.0,0.0,0.0,0.069,12.789,6.0,2,17.639372593338766,55.0,0.0,0.0,0.0,0.0,0.0,39.76683914062258,optimal
2021-02-11 00:00:00,5,62,2.4285714285714284,0.0,0.5404137803299286,0.06,10.6365,6.0,3,17.639372593338766,55.0,0.0,8500.0,0.0,0.0,0.0,39.98376884713866,optimal
2021-02-11 00:30:00,5,62,2.4285714285714284,0.0,0.0,0.06,11.2455,6.0,3,17.85482231129665,55.0,0.03666666666666667,4668.333333333334,0.0,3831.6666666666665,0.0,39.943785078291526,optimal
2021-02-11 01:00:00,5,62,2.4285714285714284,0.0,0.0,0.08186666666666666,11.2455,6.0,3,17.773417459075038,55.0,0.03666666666666667,8500.0,0.0,0.0,0.0,39.903841293213226,optimal
2021-02-11 01:30:00,5,62,2.4285714285714284,0.0,0.0,0.1584,11.025,6.0,3,17.991925634112267,55.0,0.03666666666666667,8500.0,0.0,0.0,0.0,39.86393745192001,optimal
2021-02-11 02:00:00,5,62,2.4285714285714284,0.0,0.0,0.06,12.0855,6.0,3,18.21174926512609,55.0,0.03666666666666667,8500.0,0.0,0.0,0.0,39.82407351446808,optimal
2021-02-11 02:30:00,5,62,2.4285714285714284,0.0,0.0,0.13106666666666666,11.6865,6.0,3,18.419418212613483,55.0,0.03666666666666667,8500.0,0.0,0.0,0.0,39.784249440953616,optimal
2021-02-11 03:00:00,5,62,2.4285714285714284,0.0,0.0,0.1092,11.2245,6.0,3,18.626119528423068,55.0,0.03666666666666667,8500.0,0.0,0.0,0.0,39.74446519151265,optimal
2021-02-11 03:30:00,5,62,2.4285714285714284,0.0,0.0,0.06,11.025,6.0,3,18.824732021606337,55.0,0.03666666666666667,8500.0,0.0,0.0,0.0,39.704720726321135,optimal
2021-02-11 04:00:00,5,62,2.4285714285714284,0.0,0.0,0.06,10.7835,6.0,3,19.020637505002405,55.0,0.03666666666666667,8500.0,0.0,0.0,0.0,39.66501600559481,optimal
2021-02-11 04:30:00,5,62,2.4285714285714284,0.0,0.0,0.06,11.025,6.0,3,19.21767328749961,55.0,0.03666666666666667,8500.0,0.0,0.0,0.0,39.62535098958921,optimal
2021-02-11 05:00:00,5,62,2.4285714285714284,0.0,9.0,0.1802666666666667,10.584,6.0,3,19.410592028532523,55.0,0.03666666666666667,8500.0,0.0,0.0,0.0,43.86072563859962,optimal
2021-02-11 05:30:00,5,62,2.4285714285714284,0.0,0.0,0.06,11.025,6.0,3,19.60872157730884,55.0,0.03666666666666667,8500.0,0.0,0.0,0.0,43.816864912961016,optimal
2021-02-11 06:00:00,5,62,2.4285714285714284,0.0,9.0,0.5971000000000001,10.4265,6.0,3,19.7986931295101,55.0,0.035333333333333335,8500.0,0.0,0.0,0.0,48.048048048048045,optimal
2021-02-11 06:30:00,5,62,2.4285714285714284,0.0,0.0,2.7816,12.789,6.0,3,20.011555801128083,55.0,0.034,8500.0,0.0,0.0,0.0,48.0,optimal
2021-02-11 07:00:00,5,62,2.4285714285714284,0.0,0.0,2.148833333333333,12.684,6.0,3,20.263588494515723,55.0,0.03266666666666666,8500.0,0.0,0.0,0.0,47.81249290577524,optimal
2021-02-11 07:30:00,5,62,2.4285714285714284,0.0,0.0,1.0944333333333334,16.254,6.0,3,20.488181112375383,55.0,0.03266666666666666,8500.0,0.0,0.0,0.0,47.6251733186447,optimal
2021-02-11 08:00:00,5,62,2.4285714285714284,0.0,0.0,0.22193333333333332,17.64,6.0,3,20.6953256564643,55.0,0.028666666666666667,8500.0,0.0,0.0,0.0,47.438041051101294,optimal
2021-02-11 08:30:00,5,62,1.2985271438686743,0.0,0.0,0.313,19.1625,6.0,3,20.905446353999423,55.0,0.028666666666666667,4544.84500354036,0.0,0.0,0.0,47.25109591582543,optimal
2021-02-11 09:00:00,5,62,0.0,0.0,0.0,0.4177666666666667,26.46,6.0,3,20.825568244402966,55.0,0.024,0.0,0.0,0.0,0.0,47.064337725684844,optimal
2021-02-11 09:30:00,5,62,0.0,0.0,0.0,0.28833333333333333,20.79,6.0,3,20.471149761555218,55.0,0.018666666666666668,0.0,0.0,0.0,0.0,46.877766293734396,optimal
2021-02-11 10:00:00,5,62,0.0,0.0,0.0,0.4108,29.106,6.0,3,20.147409468482632,55.0,0.018,0.0,0.0,0.0,0.0,46.6913814332159,optimal
2021-02-11 10:30:00,5,62,0.5252401789356231,0.0,0.0,4.0794,19.1835,6.0,3,20.0,55.0,0.015333333333333332,1838.340626274681,0.0,0.0,0.0,46.50518295755793,optimal
2021-02-11 11:00:00,5,62,0.0,0.0,0.0,2.727,19.6665,6.0,3,20.046475907475774,55.0,0.012666666666666666,0.0,0.0,0.0,0.0,46.319170680375606,optimal
2021-02-11 11:30:00,5,62,0.3042192629585591,0.0,0.0,0.19026666666666667,19.404,6.0,3,20.0,55.0,0.012666666666666666,1064.7674203549568,0.0,0.0,0.0,46.13334441547047,optimal
2021-02-11 12:00:00,5,62,0.0,0.0,0.0,0.07,19.047,6.0,3,20.0,55.0,0.012666666666666666,0.0,0.0,0.0,0.0,45.94770397683023,optimal
2021-02-11 12:30:00,5,62,0.0,0.0,0.0,0.12466666666666669,18.858,6.0,3,20.00545602213299,55.0,0.012666666666666666,0.0,0.0,0.0,0.0,45.76224917862864,optimal
2021-02-11 13:00:00,5,62,0.0,0.0,0.0,0.1356,19.2675,6.0,3,20.028580550420582,55.0,0.012666666666666666,0.0,0.0,0.0,0.0,45.57697983522525,optimal
2021-02-11 13:30:00,5,62,0.0,0.0,0.0,0.21006666666666662,18.963,6.0,3,20.019789577914075,55.0,0.012666666666666666,0.0,0.0,0.0,0.0,45.391895761165266,optimal
2021-02-11 14:00:00,5,62,0.0,0.0,0.0,1.1041333333333334,18.438,6.0,3,20.032357377281187,55.0,0.011333333333333334,0.0,0.0,0.0,0.0,45.20699677117934,optimal
2021-02-11 14:30:00,5,62,0.0,0.0,0.0,0.6668,18.7425,6.0,3,20.132417524669172,55.0,0.009333333333333334,0.0,0.0,0.0,0.0,45.0222826801834,optimal
2021-02-11 15:00:00,5,62,2.4285714285714284,0.0,0.0,0.16226666666666667,15.2145,6.0,3,20.198726835184342,55.0,0.009333333333333334,8500.0,0.0,0.0,0.0,44.837753303278454,optimal
2021-02-11 15:30:00,5,62,0.8599038252817118,0.0,0.0,0.21359999999999998,17.7765,6.0,3,20.790787333190732,55.0,0.007333333333333333,3009.6633884859916,0.0,0.0,0.0,44.653408455750416,optimal
2021-02-11 16:00:00,5,62,2.4285714285714284,0.0,0.0,0.14083333333333334,16.758,6.0,3,20.930281005177058,55.0,0.006666666666666667,8500.0,0.0,0.0,0.0,44.4692479530699,optimal
2021-02-11 16:30:00,5,62,2.4285714285714284,0.0,0.0,0.22606666666666664,16.422,6.0,3,21.348226429378062,55.0,0.0033333333333333335,8500.0,0.0,0.0,0.0,44.285271610892075,optimal
2021-02-11 17:00:00,5,62,2.4285714285714284,0.0,0.0,0.2057333333333333,16.758,6.0,3,21.751666342022208,55.0,0.0033333333333333335,8500.0,0.0,0.0,0.0,44.101479245056424,optimal
2021-02-11 17:30:00,5,62,1.5602124612533586,0.0,0.0,0.1809,29.358,6.0,3,22.0,55.0,0.0033333333333333335,5460.743614386754,0.0,0.0,0.0,43.917870671586606,optimal
2021-02-11 18:00:00,5,62,0.0,0.0,0.0,0.277,34.9965,6.0,3,22.0,55.0,0.0033333333333333335,0.0,0.0,0.0,0.0,43.73444570669026,optimal
2021-02-11 18:30:00,5,62,0.0,0.0,0.0,0.21580000000000002,34.65,6.0,3,21.515471170224608,55.0,0.0033333333333333335,0.0,0.0,0.0,0.0,43.55120416675881,optimal
2021-02-11 19:00:00,5,62,0.0,0.0,0.0,0.1822,34.9965,6.0,3,21.018182897345984,55.0,0.0033333333333333335,0.0,0.0,0.0,0.0,43.368145868367286,optimal
2021-02-11 19:30:00,5,62,0.017364064981749562,0.0,0.0,0.25066666666666665,34.9965,6.0,3,20.50979011134957,55.0,0.0033333333333333335,60.77422743612346,0.0,0.0,0.0,43.185270628274154,optimal
2021-02-11 20:00:00,5,62,1.9232398239069484,0.0,0.0,0.2554666666666667,30.4815,6.0,3,20.0,55.0,0.0033333333333333335,6731.33938367432,0.0,0.0,0.0,43.00257826342112,optimal
2021-02-11 20:30:00,5,62,0.0,0.0,0.0,0.21980000000000002,21.4305,6.0,3,20.0,55.0,0.0033333333333333335,0.0,0.0,0.0,0.0,42.9595756851577,optimal
2021-02-11 21:00:00,5,62,0.0,0.0,0.0,0.38666666666666666,14.3325,6.0,3,19.49111195265217,55.0,0.0,0.0,0.0,0.0,0.0,42.91661610947254,optimal
2021-02-11 21:30:00,5,62,0.0,0.0,0.0,1.4339666666666666,13.692,6.0,3,19.044270436959607,55.0,0.0,0.0,0.0,0.0,0.0,42.87369949336307,optimal
2021-02-11 22:00:00,5,62,0.0,0.0,0.0,0.6177,14.007,6.0,3,18.691158930392685,55.0,0.0,0.0,0.0,0.0,0.0,42.83082579386971,optimal
2021-02-11 22:30:00,5,62,0.0,0.0,0.0,0.6032000000000001,12.873,6.0,3,18.279990236291955,55.0,0.0,0.0,0.0,0.0,0.0,42.787994968075836,optimal
2021-02-11 23:00:00,5,62,0.0,0.0,0.0,0.37539999999999996,12.684,6.0,3,17.863364658490593,55.0,0.0,0.0,0.0,0.0,0.0,42.74520697310776,optimal
2021-02-11 23:30:00,5,62,0.0,0.0,0.0,0.3519333333333333,12.306,6.0,3,17.417395139402043,55.0,0.0,0.0,0.0,0.0,0.0,42.702461766134654,optimal
2021-02-12 00:00:00,5,62,2.4285714285714284,0.0,0.0,0.22076666666666667,10.3635,6.0,0,17.417395139402043,55.0,0.0,8291.0,0.0,209.0,0.0,42.65975930436852,optimal
2021-02-12 00:30:00,5,62,2.4285714285714284,0.0,0.0,0.2152333333333333,10.8045,6.0,0,17.57239808937132,55.0,0.08133971291866028,0.0,0.0,8500.0,0.0,42.61709954506415,optimal
2021-02-12 01:00:00,5,62,2.4285714285714284,0.0,0.0,1.2454333333333334,11.025,6.0,0,17.099208506906134,55.0,0.08666666666666667,7804.0,0.0,696.0,0.0,42.57448244551909,optimal
2021-02-12 01:30:00,5,62,2.4285714285714284,0.0,0.0,1.467,10.3635,6.0,0,17.284659166176166,55.0,0.08666666666666667,8500.0,0.0,0.0,0.0,42.53190796307357,optimal
2021-02-12 02:00:00,5,62,2.4285714285714284,0.0,0.0,0.075,10.8045,6.0,0,17.542448997578568,55.0,0.08666666666666667,8500.0,0.0,0.0,0.0,42.4893760551105,optimal
2021-02-12 02:30:00,5,62,2.4285714285714284,0.0,0.0,0.075,10.059,6.0,0,17.71021314872473,55.0,0.08666666666666667,8500.0,0.0,0.0,0.0,42.44688667905539,optimal
2021-02-12 03:00:00,5,62,2.4285714285714284,0.0,0.0,0.14780000000000001,10.584,6.0,0,17.86811225151822,55.0,0.08666666666666667,8500.0,0.0,0.0,0.0,42.40443979237634,optimal
2021-02-12 03:30:00,5,62,2.4285714285714284,0.0,9.0,0.075,9.4185,6.0,0,18.034574812141827,55.0,0.08666666666666667,8500.0,0.0,0.0,0.0,46.63703535258396,optimal
2021-02-12 04:00:00,5,62,2.4285714285714284,0.0,0.0,0.1426,10.3635,6.0,0,18.20659130524547,55.0,0.08666666666666667,8500.0,0.0,0.0,0.0,46.590398317231376,optimal
2021-02-12 04:30:00,5,62,2.4285714285714284,0.0,3.1668213244924313,0.08020000000000001,9.8385,6.0,0,18.394834640705405,55.0,0.08666666666666667,8500.0,0.0,0.0,0.0,48.048048048048045,optimal
2021-02-12 05:00:00,5,62,2.4285714285714284,0.0,0.0,0.07366666666666667,11.067,6.0,0,18.58897598382562,55.0,0.08266666666666667,8500.0,0.0,0.0,0.0,48.0,optimal
2021-02-12 05:30:00,5,62,2.4285714285714284,0.0,0.0,0.2844333333333333,10.8465,6.0,0,18.80761652374018,55.0,0.06266666666666666,8500.0,0.0,0.0,0.0,47.828359200590974,optimal
2021-02-12 06:00:00,5,62,2.4285714285714284,0.0,0.0,0.35646666666666665,13.671,6.0,0,19.07882211840668,55.0,0.06066666666666667,8500.0,0.0,0.0,0.0,47.656890041981356,optimal
2021-02-12 06:30:00,5,62,2.4285714285714284,0.0,0.0,0.306,12.348,6.0,0,19.367565047057013,55.0,0.04066666666666666,8500.0,0.0,0.0,0.0,47.48559235253035,optimal
2021-02-12 07:00:00,5,62,2.4285714285714284,0.0,0.0,0.2584666666666666,14.3325,6.0,0,19.645227925985544,55.0,0.018666666666666668,8500.0,0.0,0.0,0.0,47.31446596076879,optimal
2021-02-12 07:30:00,5,62,2.4285714285714284,0.0,0.0,0.209,15.393,6.0,0,19.91629433038439,55.0,0.018666666666666668,8500.0,0.0,0.0,0.0,47.143510695399,optimal
2021-02-12 08:00:00,5,62,2.4285714285714284,0.0,0.0,0.2544666666666667,13.587,6.0,0,20.159300231725602,55.0,0.016666666666666666,8500.0,0.0,0.0,0.0,46.97272638529458,optimal
2021-02-12 08:30:00,5,62,0.12481552563205545,0.0,0.0,0.2847333333333333,16.1385,6.0,0,20.39076761810632,55.0,0.014,436.854339712194,0.0,0.0,0.0,46.80211285950026,optimal
2021-02-12 09:00:00,5,62,1.3227562733239877,0.0,0.0,0.213,14.595,6.0,0,20.0,55.0,0.014,4629.6469566339565,0.0,0.0,0.0,46.631669947231735,optimal
2021-02-12 09:30:00,5,62,1.1352594660036788,0.0,0.0,0.42969999999999997,14.637,6.0,0,20.0,55.0,0.0,3973.408131012876,0.0,0.0,0.0,46.46139747787548,optimal
2021-02-12 10:00:00,5,62,0.5778179691903245,0.0,0.0,0.261,13.9125,6.0,0,20.0,55.0,0.0,2022.3628921661357,0.0,0.0,0.0,46.29129528098858,optimal
2021-02-12 10:30:00,5,62,0.6167709306299176,0.0,0.0,0.08206666666666666,13.3665,6.0,0,20.0,55.0,0.0,2158.698257204712,0.0,0.0,0.0,46.12136318629857,optimal
2021-02-12 11:00:00,5,62,0.5372564358701558,0.0,0.0,0.1114,13.0095,6.0,0,20.0,55.0,0.0,1880.3975255455452,0.0,0.0,0.0,45.95160102370324,optimal
2021-02-12 11:30:00,5,62,0.0,0.0,0.0,0.1114,13.8915,6.0,0,20.072483942651306,55.0,0.0,0.0,0.0,0.0,0.0,45.782008623270514,optimal
2021-02-12 12:00:00,5,62,0.12681561489265564,0.0,0.0,0.075,13.188,6.0,0,20.0,55.0,0.0,443.8546521242947,0.0,0.0,0.0,45.61258581523822,optimal
2021-02-12 12:30:00,5,62,0.10213116364402902,0.0,0.0,0.14780000000000001,12.5685,6.0,0,20.0,55.0,0.0,357.45907275410156,0.0,0.0,0.0,45.44333243001396,optimal
2021-02-12 13:00:00,5,62,0.12801985756754067,0.0,0.0,0.075,12.285,6.0,0,20.0,55.0,0.0,448.0695014863923,0.0,0.0,0.0,45.274248298174925,optimal
2021-02-12 13:30:00,5,62,2.328052669279656,0.0,0.0,0.0958,11.487,6.0,0,20.0,55.0,0.013333333333333334,6754.851009145464,0.0,1393.3333333333333,0.0,45.10533325046772,optimal
2021-02-12 14:00:00,5,62,0.0,0.0,0.0,0.127,11.802,6.0,0,20.484149937698813,55.0,0.013333333333333334,0.0,0.0,0.0,0.0,44.93658711780823,optimal
2021-02-12 14:30:00,5,62,2.4285714285714284,0.0,0.0,0.075,11.2245,6.0,0,20.409251749351906,55.0,0.013333333333333334,8500.0,0.0,0.0,0.0,44.768009731281396,optimal
2021-02-12 15:00:00,5,62,2.4285714285714284,0.0,0.0,0.075,11.025,6.0,0,20.983010849649624,55.0,0.013333333333333334,8500.0,0.0,0.0,0.0,44.59960092214109,optimal
2021-02-12 15:30:00,5,62,2.4285714285714284,0.0,0.0,0.14780000000000001,11.907,6.0,0,21.49563097548369,55.0,0.013333333333333334,8500.0,0.0,0.0,0.0,44.43136052180993,optimal
2021-02-12 16:00:00,5,62,0.0,0.0,0.0,0.075,25.83,6.0,0,22.0,55.0,0.013333333333333334,0.0,0.0,0.0,0.0,44.26328836187909,optimal
2021-02-12 16:30:00,5,62,0.0,0.0,0.0,0.11773333333333331,28.035,6.0,0,21.713668609664484,55.0,0.01,0.0,0.0,0.0,0.0,44.09538427410819,optimal
2021-02-12 17:00:00,5,62,0.0,0.0,0.0,0.2034,28.119,6.0,0,21.454234053401457,55.0,0.009333333333333334,0.0,0.0,0.0,0.0,43.92764809042506,optimal
2021-02-12 17:30:00,5,62,0.0,0.0,0.0,1.7745,30.156,6.0,0,21.085106582939268,55.0,0.008,0.0,0.0,0.0,0.0,43.76007964292561,optimal
2021-02-12 18:00:00,5,62,0.0,0.0,0.0,0.5882333333333334,29.1585,6.0,0,20.79782757102097,55.0,0.008,0.0,0.0,0.0,0.0,43.592678763873664,optimal
2021-02-12 18:30:00,5,62,0.0,0.0,0.0,0.33563333333333334,26.712,6.0,0,20.414623894384853,55.0,0.006666666666666667,0.0,0.0,0.0,0.0,43.42544528570077,optimal
2021-02-12 19:00:00,5,62,1.2085628330325757,0.0,0.0,0.2473333333333333,15.435,6.0,0,20.046366097220222,55.0,0.006666666666666667,4229.969915614015,0.0,0.0,0.0,43.38201984041507,optimal
2021-02-12 19:30:00,5,62,1.2953227761043946,0.0,0.0,0.217,13.566,6.0,0,20.0,55.0,0.006666666666666667,4533.629716365381,0.0,0.0,0.0,43.338637820574654,optimal
2021-02-12 20:00:00,5,62,1.2253297738397304,0.0,0.0,0.3684666666666666,12.789,6.0,0,20.0,55.0,0.006666666666666667,4288.654208439057,0.0,0.0,0.0,43.29529918275408,optimal
2021-02-12 20:30:00,5,62,0.0,0.0,0.0,0.36133333333333334,12.1275,6.0,0,20.0,55.0,0.002,0.0,0.0,0.0,0.0,43.25200388357133,optimal
2021-02-12 21:00:00,5,62,0.0,0.0,0.0,0.4099666666666666,13.671,6.0,0,19.651645659983217,55.0,0.0,0.0,0.0,0.0,0.0,43.20875187968775,optimal
2021-02-12 21:30:00,5,62,1.851142857142857,0.0,0.0,0.43306666666666666,10.668,6.0,0,19.307458965878705,55.0,0.004666666666666667,0.0,0.0,6478.999999999999,0.0,43.165543127808064,optimal
2021-02-12 22:00:00,5,62,0.0,0.0,0.0,0.4417,11.7285,6.0,0,18.965522578813584,55.0,0.004666666666666667,0.0,0.0,0.0,0.0,43.12237758468026,optimal
2021-02-12 22:30:00,5,62,0.0,0.0,0.0,0.44813333333333333,11.025,6.0,0,18.645938089765483,55.0,0.001333333333333333,0.0,0.0,0.0,0.0,43.07925520709558,optimal
2021-02-12 23:00:00,5,62,0.0,0.0,0.0,0.5732666666666667,10.689,6.0,0,18.355669654813045,55.0,0.0,0.0,0.0,0.0,0.0,43.03617595188848,optimal
2021-02-12 23:30:00,5,62,0.0,0.0,0.0,0.38676666666666665,8.1585,6.0,0,18.052444788376235,55.0,0.0,0.0,0.0,0.0,0.0,42.99313977593659,optimal
2021-02-13 00:00:00,5,62,0.0,0.0,0.0,0.069,10.059,6.0,-1,18.052444788376235,55.0,0.0,0.0,0.0,0.0,0.0,42.95014663616065,optimal
2021-02-13 00:30:00,5,62,0.9861652003026263,0.0,0.0,0.067,9.261,6.0,-1,17.67762783117776,55.0,0.03302945646946595,0.0,0.0,3451.578201059192,0.0,42.907196489524495,optimal
2021-02-13 01:00:00,5,62,2.4285714285714284,0.0,0.0,0.21806666666666663,8.1585,6.0,-1,17.31168737856822,55.0,0.034,8398.578201059192,0.0,101.421798940808,0.0,42.86428929303497,optimal
2021-02-13 01:30:00,5,62,0.0,0.0,0.0,0.067,9.4815,6.0,-1,17.61143058768478,55.0,0.034,0.0,0.0,0.0,0.0,42.821425003741936,optimal
2021-02-13 02:00:00,5,62,2.4285714285714284,0.0,0.0,0.067,8.379,6.0,-1,17.248962808586825,55.0,0.034,8500.0,0.0,0.0,0.0,42.77860357873819,optimal
2021-02-13 02:30:00,5,62,2.4285714285714284,0.0,0.0,0.21806666666666663,9.5235,6.0,-1,17.54829119825641,55.0,0.034,8500.0,0.0,0.0,0.0,42.73582497515945,optimal
2021-02-13 03:00:00,5,62,2.4285714285714284,0.0,0.0,0.067,8.1375,6.0,-1,17.85297378611935,55.0,0.034,8500.0,0.0,0.0,0.0,42.69308915018429,optimal
2021-02-13 03:30:00,5,62,2.4285714285714284,0.0,0.0,0.067,10.0905,6.0,-1,18.139681431435427,55.0,0.034,8500.0,0.0,0.0,0.0,42.65039606103411,optimal
2021-02-13 04:00:00,5,62,2.4285714285714284,0.0,9.0,0.21806666666666663,7.539,6.0,-1,18.419353606749347,55.0,0.034,8500.0,0.0,0.0,0.0,46.88274566497307,optimal
2021-02-13 04:30:00,5,62,2.4285714285714284,0.0,3.67136551246782,0.067,7.938,6.0,-1,18.703745950122094,55.0,0.034,8500.0,0.0,0.0,0.0,48.579761537730306,optimal
2021-02-13 05:00:00,5,62,2.4285714285714284,0.0,0.0,0.067,8.274,6.0,-1,18.968497824187395,55.0,0.034,8500.0,0.0,0.0,0.0,48.53118177619257,optimal
2021-02-13 05:30:00,5,62,2.4285714285714284,0.0,0.0,0.075,9.261,6.0,-1,19.225628247109793,55.0,0.034,8500.0,0.0,0.0,0.0,48.48265059441637,optimal
2021-02-13 06:00:00,5,62,2.4285714285714284,0.0,0.0,0.22473333333333328,9.9225,6.0,-1,19.47529646829047,55.0,0.034,8500.0,0.0,0.0,0.0,48.434167943821954,optimal
2021-02-13 06:30:00,5,62,2.4285714285714284,0.0,0.0,0.067,9.702,6.0,-1,19.729267042304173,55.0,0.034,8500.0,0.0,0.0,0.0,48.38573377587813,optimal
2021-02-13 07:00:00,5,62,2.4285714285714284,0.0,0.0,0.067,10.584,6.0,-1,19.965277551223753,55.0,0.034,8500.0,0.0,0.0,0.0,48.33734804210225,optimal
2021-02-13 07:30:00,5,62,2.4285714285714284,0.0,0.0,0.07266666666666667,10.143,6.0,-1,20.195311901348607,55.0,0.034,8500.0,0.0,0.0,0.0,48.289010694060146,optimal
2021-02-13 08:00:00,5,62,0.0,0.0,0.0,0.22473333333333328,13.0095,6.0,-1,20.419494963873415,55.0,0.034,0.0,0.0,0.0,0.0,48.240721683366075,optimal
2021-02-13 08:30:00,5,62,2.4285714285714284,0.0,0.0,0.06633333333333333,11.025,6.0,-1,20.0,55.0,0.034,8500.0,0.0,0.0,0.0,48.192480961682705,optimal
2021-02-13 09:00:00,5,62,0.3994847079531589,0.0,0.0,0.065,12.789,6.0,-1,20.235905674548786,55.0,0.034,1398.1964778360561,0.0,0.0,0.0,48.144288480721016,optimal
2021-02-13 09:30:00,5,62,1.14956724755526,0.0,0.0,0.25656666666666667,12.1275,6.0,-1,20.0,55.0,0.034,4023.4853664434104,0.0,0.0,0.0,48.096144192240295,optimal
2021-02-13 10:00:00,5,62,0.7268012657750238,0.0,0.0,0.3213333333333333,12.1695,6.0,-1,20.0,55.0,0.021333333333333333,2543.804430212583,0.0,0.0,0.0,48.048048048048045,optimal
2021-02-13 10:30:00,5,62,1.320378078166356,0.0,0.0,0.079,12.306,6.0,-1,20.0,55.0,0.02,4621.323273582247,0.0,0.0,0.0,48.0,optimal
2021-02-13 11:00:00,5,62,0.0,0.0,0.0,2.214566666666667,13.23,6.0,-1,20.150565483908817,55.0,0.018,0.0,0.0,0.0,0.0,47.448720893532965,optimal
2021-02-13 11:30:00,5,62,0.0,0.0,0.0,2.3836666666666666,13.671,6.0,-1,20.110030864005406,55.0,0.018,0.0,0.0,0.0,0.0,46.8979930661724,optimal
2021-02-13 12:00:00,5,62,0.0,0.0,0.0,0.442,13.9335,6.0,-1,20.05431056026335,55.0,0.018,0.0,0.0,0.0,0.0,46.34781596663919,optimal
2021-02-13 12:30:00,5,62,0.17801933472504147,0.0,0.0,0.1837333333333333,13.293,6.0,-1,20.0,55.0,0.018,623.0676715376451,0.0,0.0,0.0,45.798189044205515,optimal
2021-02-13 13:00:00,5,62,0.10406183764933027,0.0,0.0,0.106,12.1065,6.0,-1,20.0,55.0,0.018,364.21643177265594,0.0,0.0,0.0,45.249111748694276,optimal
2021-02-13 13:30:00,5,62,2.1103654245563694,0.0,0.0,0.11133333333333331,11.571,6.0,-1,20.0,55.0,0.018,7386.278985947293,0.0,0.0,0.0,44.700583530478546,optimal
2021-02-13 14:00:00,5,62,2.4285714285714284,0.0,0.0,0.19373333333333329,11.025,6.0,-1,20.541695919922905,55.0,0.018,8500.0,0.0,0.0,0.0,44.152603840481035,optimal
2021-02-13 14:30:00,5,62,2.4285714285714284,0.0,0.0,0.077,10.8465,6.0,-1,21.06833612824787,55.0,0.018,8500.0,0.0,0.0,0.0,43.60517213017352,optimal
2021-02-13 15:00:00,5,62,2.4285714285714284,0.0,0.0,0.1388,11.2455,6.0,-1,21.57709142828264,55.0,0.018,8500.0,0.0,0.0,0.0,43.05828785157632,optimal
2021-02-13 15:30:00,5,62,0.1581068534476585,0.0,0.0,0.16626666666666667,23.8665,6.0,-1,22.0,55.0,0.018,553.3739870668048,0.0,0.0,0.0,42.511950457257704,optimal
2021-02-13 16:00:00,5,62,0.0,0.0,0.0,0.077,27.4575,6.0,-1,21.80343912643563,55.0,0.018,0.0,0.0,0.0,0.0,41.96615940033341,optimal
2021-02-13 16:30:00,5,62,0.0,0.0,0.0,0.22806666666666664,27.3735,6.0,-1,21.467804199644355,55.0,0.018,0.0,0.0,0.0,0.0,41.420914134466045,optimal
2021-02-13 17:00:00,5,62,0.0,0.0,0.0,0.077,30.4605,6.0,-1,21.150790961189813,55.0,0.018,0.0,0.0,0.0,0.0,40.87621411386455,optimal
2021-02-13 17:30:00,5,62,0.0,0.0,0.0,0.2603666666666667,30.0195,6.0,-1,20.746738231134277,55.0,0.016666666666666666,0.0,0.0,0.0,0.0,40.33205879328365,optimal
2021-02-13 18:00:00,5,62,0.0,0.0,0.0,0.36269999999999997,26.9325,6.0,-1,20.3751170899566,55.0,0.011333333333333334,0.0,0.0,0.0,0.0,39.788447628023334,optimal
2021-02-13 18:30:00,5,62,1.410974184263296,0.0,0.0,0.14473333333333332,14.595,6.0,-1,20.0,55.0,0.0033333333333333335,4938.409644921536,0.0,0.0,0.0,39.245380073928274,optimal
2021-02-13 19:00:00,5,62,1.357906254559535,0.0,0.0,0.3674,12.4845,6.0,-1,20.0,55.0,0.0033333333333333335,4752.671890958372,0.0,0.0,0.0,38.70285558738731,optimal
2021-02-13 19:30:00,5,62,1.343713252294866,0.0,0.0,0.40626666666666666,12.1275,6.0,-1,20.0,55.0,0.001333333333333333,4702.996383032031,0.0,0.0,0.0,38.16087362533289,optimal
2021-02-13 20:00:00,5,62,1.3433869166968717,0.0,0.0,0.5602666666666667,12.1275,6.0,-1,20.0,55.0,0.001333333333333333,4701.854208439051,0.0,0.0,0.0,37.61943364524053,optimal
2021-02-13 20:30:00,5,62,0.0,0.0,0.0,0.4955333333333334,12.789,6.0,-1,20.0,55.0,0.001333333333333333,0.0,0.0,0.0,0.0,37.07853510512825,optimal
2021-02-13 21:00:00,5,62,0.0,0.0,0.0,0.1641,11.907,6.0,-1,19.6385810869023,55.0,0.001333333333333333,0.0,0.0,0.0,0.0,36.53817746355609,optimal
2021-02-13 21:30:00,5,62,0.0,0.0,0.0,0.48006666666666664,11.025,6.0,-1,19.267313841483734,55.0,0.0,0.0,0.0,0.0,0.0,35.9983601796255,optimal
2021-02-13 22:00:00,5,62,0.05971428571428571,0.0,0.0,0.4997,8.2005,6.0,-1,18.935902445461473,55.0,0.0,0.0,0.0,209.0,0.0,35.45908271297884,optimal
2021-02-13 22:30:00,5,62,0.0,0.0,0.0,0.6415333333333333,9.5655,6.0,-1,18.615184133387714,55.0,0.0,0.0,0.0,0.0,0.0,34.92034452379883,optimal
2021-02-13 23:00:00,5,62,0.11942857142857143,0.0,0.0,0.5834666666666667,7.056,6.0,-1,18.306300064487676,55.0,0.0,0.0,0.0,418.0,0.0,34.885424179275034,optimal
2021-02-13 23:30:00,5,62,0.0,0.0,0.0,0.7465666666666667,9.3975,6.0,-1,18.00252497763957,55.0,0.0,0.0,0.0,0.0,0.0,34.85053875509576,optimal
2021-02-07 00:00:00,6,62,0.0,0.0,0.0,0.065,7.938,6.0,2,21.0,55.0,0.12,0.0,0.0,0.0,0.0,47.952,optimal
2021-02-07 00:30:00,6,62,2.4285714285714284,0.0,0.0,0.17166666666666666,5.292,6.0,2,20.63243207206106,55.0,0.12,8500.0,0.0,0.0,0.0,47.904047999999996,optimal
2021-02-07 01:00:00,6,62,0.0,0.0,0.0,0.105,9.261,6.0,2,20.931829385849454,55.0,0.12,0.0,0.0,0.0,0.0,47.856143952,optimal
2021-02-07 01:30:00,6,62,0.0,0.0,0.0,0.065,10.3635,6.0,2,20.56458067449139,55.0,0.12,0.0,0.0,0.0,0.0,47.80828780804799,optimal
2021-02-07 02:00:00,6,62,0.0,0.0,0.0,0.15166666666666664,8.274,6.0,2,20.200887063398486,55.0,0.12,0.0,0.0,0.0,0.0,47.76047952023995,optimal
2021-02-07 02:30:00,6,62,0.0,0.0,0.0,0.125,7.7175,6.0,2,19.85040789758799,55.0,0.12,0.0,0.0,0.0,0.0,47.712719040719705,optimal
2021-02-07 03:00:00,6,62,0.0,0.0,0.0,0.065,6.615,6.0,2,19.503113282045113,55.0,0.12,0.0,0.0,0.0,0.0,47.66500632167899,optimal
2021-02-07 03:30:00,6,62,0.21992114065653603,0.0,0.0,0.21166666666666664,6.174,6.0,2,19.15637519476257,55.0,0.12,769.7239922978762,0.0,0.0,0.0,47.61734131535731,optimal
2021-02-07 04:00:00,6,62,2.4285714285714284,0.0,0.0,0.065,3.906,6.0,2,18.886256940450927,55.0,0.12,8500.0,0.0,0.0,0.0,47.56972397404195,optimal
2021-02-07 04:30:00,6,62,2.4285714285714284,0.0,0.0,0.18,2.3415,6.0,2,19.203496209711812,55.0,0.12,8500.0,0.0,0.0,0.0,47.522154250067906,optimal
2021-02-07 05:00:00,6,62,2.4285714285714284,0.0,0.0,0.10666666666666669,2.205,6.0,2,19.52281583457811,55.0,0.12,8500.0,0.0,0.0,0.0,47.47463209581784,optimal
2021-02-07 05:30:00,6,62,2.4285714285714284,0.0,1.8144278533434257,0.065,0.882,6.0,2,19.8293157554443,55.0,0.12,8500.0,0.0,0.0,0.0,48.289010694060146,optimal
2021-02-07 06:00:00,6,62,2.4285714285714284,0.0,0.0,0.085,1.5435,6.0,2,20.126849912286573,55.0,0.12,8500.0,0.0,0.0,0.0,48.240721683366075,optimal
2021-02-07 06:30:00,6,62,2.4285714285714284,0.0,0.0,1.6957666666666669,1.5435,6.0,2,20.419704013654663,55.0,0.11733333333333333,8500.0,0.0,0.0,0.0,48.192480961682705,optimal
2021-02-07 07:00:00,6,62,2.4285714285714284,0.0,0.0,0.3441,5.0715,6.0,2,20.74465429355836,55.0,0.08666666666666667,8500.0,0.0,0.0,0.0,48.144288480721016,optimal
2021-02-07 07:30:00,6,62,2.4285714285714284,0.0,0.0,0.6925333333333333,5.376,6.0,2,21.046544071342886,55.0,0.082,8500.0,0.0,0.0,0.0,48.096144192240295,optimal
2021-02-07 08:00:00,6,62,2.4285714285714284,0.0,0.0,1.8349000000000002,5.0715,6.0,2,21.38919694799109,55.0,0.082,8500.0,0.0,0.0,0.0,48.048048048048045,optimal
2021-02-07 08:30:00,6,62,2.4285714285714284,0.0,0.0,0.33816666666666667,5.5125,6.0,2,21.703691357676345,55.0,0.08066666666666666,8500.0,0.0,0.0,0.0,48.0,optimal
2021-02-07 09:00:00,6,62,1.1096269760526418,0.0,0.0,2.1692666666666667,9.261,6.0,2,22.0,55.0,0.08,3883.6944161842466,0.0,0.0,0.0,47.76742773818675,optimal
2021-02-07 09:30:00,6,62,0.0,0.0,0.0,0.075,11.7075,6.0,2,22.0,55.0,0.08,0.0,0.0,0.0,0.0,47.53508804863531,optimal
2021-02-07 10:00:00,6,62,0.0,0.0,0.0,0.075,12.348,6.0,2,21.614095020415593,55.0,0.08,0.0,0.0,0.0,0.0,47.302980698773425,optimal
2021-02-07 10:30:00,6,62,0.0,0.0,0.0,0.22166666666666662,12.348,6.0,2,21.28315239057088,55.0,0.08,0.0,0.0,0.0,0.0,47.0711054562614,optimal
2021-02-07 11:00:00,6,62,2.4285714285714284,0.0,0.0,0.075,12.1275,6.0,2,20.968305799273633,55.0,0.08,8500.0,0.0,0.0,0.0,46.83946208899189,optimal
2021-02-07 11:30:00,6,62,0.0,0.0,0.0,0.075,12.5265,6.0,2,21.36139669845532,55.0,0.08,0.0,0.0,0.0,0.0,46.608050365089646,optimal
2021-02-07 12:00:00,6,62,2.4285714285714284,0.0,0.0,0.075,11.7495,6.0,2,21.093096306689386,55.0,0.08,8500.0,0.0,0.0,0.0,46.37687005291131,optimal
2021-02-07 12:30:00,6,62,0.0,0.0,0.0,0.08166666666666667,13.23,6.0,2,21.52581381833874,55.0,0.08,0.0,0.0,0.0,0.0,46.145920921045146,optimal
2021-02-07 13:00:00,6,62,0.0,0.0,0.0,0.215,14.3325,6.0,2,21.29682434147323,55.0,0.08,0.0,0.0,0.0,0.0,45.91520273831085,optimal
2021-02-07 13:30:00,6,62,0.0,0.0,0.0,0.075,14.994,6.0,2,21.044251468508936,55.0,0.08,0.0,0.0,0.0,0.0,45.68471527375929,optimal
2021-02-07 14:00:00,6,62,0.0,0.0,0.0,0.195,14.8155,6.0,2,20.787242602229657,55.0,0.08,0.0,0.0,0.0,0.0,45.45445829667228,optimal
2021-02-07 14:30:00,6,62,0.11130880681796544,0.0,0.0,0.10166666666666668,14.112,6.0,2,20.561556935579567,55.0,0.08,389.5808238628791,0.0,0.0,0.0,45.22443157656235,optimal
2021-02-07 15:00:00,6,62,2.4285714285714284,0.0,0.0,0.075,14.007,6.0,2,20.364396662336052,55.0,0.08,8500.0,0.0,0.0,0.0,44.99463488317254,optimal
2021-02-07 15:30:00,6,62,2.4285714285714284,0.0,0.0,0.22166666666666662,13.23,6.0,2,20.830999514800304,55.0,0.08,8500.0,0.0,0.0,0.0,44.76506798647611,optimal
2021-02-07 16:00:00,6,62,2.4285714285714284,0.0,0.0,0.075,11.382,6.0,2,21.2959890341978,55.0,0.08,8500.0,0.0,0.0,0.0,44.535730656676385,optimal
2021-02-07 16:30:00,6,62,2.4285714285714284,0.0,0.0,0.075,11.7495,6.0,2,21.651183014783943,55.0,0.08,8500.0,0.0,0.0,0.0,44.30662266420646,optimal
2021-02-07 17:00:00,6,62,0.35762914882164754,0.0,0.0,0.18166666666666662,24.3285,6.0,2,22.0,55.0,0.08,1251.7020208757665,0.0,0.0,0.0,44.077743779729,optimal
2021-02-07 17:30:00,6,62,0.0,0.0,0.0,0.115,28.917,6.0,2,21.698450222432324,55.0,0.08,0.0,0.0,0.0,0.0,43.849093774136016,optimal
2021-02-07 18:00:00,6,62,0.0,0.0,0.0,0.322,31.3635,6.0,2,21.30398148710292,55.0,0.07733333333333334,0.0,0.0,0.0,0.0,43.62067241854863,optimal
2021-02-07 18:30:00,6,62,0.0,0.0,0.0,0.5022666666666666,33.306,6.0,2,20.94680541071027,55.0,0.020666666666666656,0.0,0.0,0.0,0.0,43.39247948431683,optimal
2021-02-07 19:00:00,6,62,0.0,0.0,0.0,0.6536333333333333,31.3425,6.0,2,20.604013272410324,55.0,0.014666666666666656,0.0,0.0,0.0,0.0,43.16451474301926,optimal
2021-02-07 19:30:00,6,62,0.0,0.0,0.0,0.7873666666666667,28.2555,6.0,2,20.286144709686067,55.0,0.014666666666666656,0.0,0.0,0.0,0.0,43.12135022827624,optimal
2021-02-07 20:00:00,6,62,1.0460462998527549,0.0,0.0,1.5864,15.6975,6.0,2,20.0,55.0,0.014666666666666656,3661.1620494846416,0.0,0.0,0.0,43.078228878047966,optimal
2021-02-07 20:30:00,6,62,0.0,0.0,0.0,1.1938,12.5475,6.0,2,20.0,55.0,0.014666666666666656,0.0,0.0,0.0,0.0,43.03515064916992,optimal
2021-02-07 21:00:00,6,62,0.0,0.0,0.0,0.7029666666666667,12.0855,6.0,2,19.70824269342766,55.0,0.013333333333333324,0.0,0.0,0.0,0.0,42.992115498520754,optimal
2021-02-07 21:30:00,6,62,0.0,0.0,0.0,0.4844,11.907,6.0,2,19.42890045322945,55.0,0.013333333333333324,0.0,0.0,0.0,0.0,42.94912338302223,optimal
2021-02-07 22:00:00,6,62,0.0,0.0,0.0,0.4721,12.5685,6.0,2,19.144759769241656,55.0,0.013333333333333324,0.0,0.0,0.0,0.0,42.90617425963921,optimal
2021-02-07 22:30:00,6,62,0.0,0.0,0.0,0.39826666666666666,13.146,6.0,2,18.86957872204119,55.0,0.013333333333333324,0.0,0.0,0.0,0.0,42.863268085379566,optimal
2021-02-07 23:00:00,6,62,0.0,0.0,0.0,0.5705333333333333,10.584,6.0,2,18.596102974427627,55.0,0.013333333333333324,0.0,0.0,0.0,0.0,42.82040481729419,optimal
2021-02-07 23:30:00,6,62,0.0,0.0,0.0,2.344133333333333,6.678,6.0,2,18.335943949239933,55.0,0.013333333333333324,0.0,0.0,0.0,0.0,42.7775844124769,optimal
2021-02-08 00:00:00,6,62,0.0,0.0,0.0,0.10293333333333334,11.2455,6.0,2,18.335943949239933,55.0,0.013333333333333324,0.0,0.0,0.0,0.0,42.73480682806442,optimal
2021-02-08 00:30:00,6,62,0.0,0.0,0.0,0.142,11.025,6.0,2,17.994837683949342,55.0,0.013333333333333324,0.0,0.0,0.0,0.0,42.692072021236356,optimal
2021-02-08 01:00:00,6,62,2.4285714285714284,0.0,0.0,0.21819999999999998,5.9745,6.0,2,17.66442437914355,55.0,0.09467304625199362,0.0,0.0,8500.0,0.0,42.64937994921512,optimal
2021-02-08 01:30:00,6,62,2.4285714285714284,0.0,0.0,0.17026666666666668,7.938,6.0,2,17.346975489226107,55.0,0.126,5226.333333333334,0.0,3273.6666666666665,0.0,42.6067305692659,optimal
2021-02-08 02:00:00,6,62,2.4285714285714284,0.0,0.0,0.1046,8.6835,6.0,2,17.433046138145023,55.0,0.126,8500.0,0.0,0.0,0.0,42.56412383869663,optimal
2021-02-08 02:30:00,6,62,2.4285714285714284,0.0,0.0,0.23746666666666666,7.665,6.0,2,17.762790553520887,55.0,0.126,8500.0,0.0,0.0,0.0,42.521559714857936,optimal
2021-02-08 03:00:00,6,62,2.4285714285714284,0.0,0.0,0.10840000000000001,6.7725,6.0,2,18.096899803404693,55.0,0.126,8500.0,0.0,0.0,0.0,42.47903815514308,optimal
2021-02-08 03:30:00,6,62,2.4285714285714284,0.0,0.0,0.204,5.5755,6.0,2,18.415154565997675,55.0,0.126,8500.0,0.0,0.0,0.0,42.43655911698794,optimal
2021-02-08 04:00:00,6,62,2.4285714285714284,0.0,3.604909344690315,0.18446666666666667,5.0925,6.0,2,18.73306101297109,55.0,0.126,8500.0,0.0,0.0,0.0,44.10645449659885,optimal
2021-02-08 04:30:00,6,62,2.4285714285714284,0.0,9.0,0.062,4.1895,6.0,2,19.041779066373334,55.0,0.126,8500.0,0.0,0.0,0.0,48.33734804210225,optimal
2021-02-08 05:00:00,6,62,2.4285714285714284,0.0,0.0,0.062,7.056,6.0,2,19.332546118221536,55.0,0.126,8500.0,0.0,0.0,0.0,48.289010694060146,optimal
2021-02-08 05:30:00,6,62,2.4285714285714284,0.0,0.0,0.17026666666666668,5.271,6.0,2,19.615148134587606,55.0,0.126,8500.0,0.0,0.0,0.0,48.240721683366075,optimal
2021-02-08 06:00:00,6,62,2.4285714285714284,0.0,0.0,0.15430000000000002,7.938,6.0,2,19.899120158473945,55.0,0.126,8500.0,0.0,0.0,0.0,48.192480961682705,optimal
2021-02-08 06:30:00,6,62,2.4285714285714284,0.0,0.0,0.2388333333333333,7.938,6.0,2,20.174886923391895,55.0,0.126,8500.0,0.0,0.0,0.0,48.144288480721016,optimal
2021-02-08 07:00:00,6,62,1.1739169154200888,0.0,0.0,0.07,11.907,6.0,2,20.44998413571454,55.0,0.08,4108.709203970311,0.0,0.0,0.0,48.096144192240295,optimal
2021-02-08 07:30:00,6,62,2.4285714285714284,0.0,0.0,0.19069999999999998,11.025,6.0,2,20.41115734557811,55.0,0.074,8500.0,0.0,0.0,0.0,48.048048048048045,optimal
2021-02-08 08:00:00,6,62,2.4285714285714284,0.0,0.0,0.22043333333333331,11.2875,6.0,2,20.712167852401645,55.0,0.06733333333333333,8500.0,0.0,0.0,0.0,48.0,optimal
2021-02-08 08:30:00,6,62,0.0,0.0,0.0,0.12986666666666669,12.936,6.0,2,21.034037467476786,55.0,0.06666666666666667,0.0,0.0,0.0,0.0,47.79096496068354,optimal
2021-02-08 09:00:00,6,62,0.0,0.0,0.0,0.1714,13.0095,6.0,2,20.683343230635842,55.0,0.06666666666666667,0.0,0.0,0.0,0.0,47.582138956406396,optimal
2021-02-08 09:30:00,6,62,0.0,0.0,0.0,0.16746666666666668,13.671,6.0,2,20.336633393418264,55.0,0.06666666666666667,0.0,0.0,0.0,0.0,47.37352177813353,optimal
2021-02-08 10:00:00,6,62,1.7842646037388974,0.0,0.0,0.1416,13.188,6.0,2,20.0,55.0,0.06666666666666667,6244.926113086141,0.0,0.0,0.0,47.165113217038936,optimal
2021-02-08 10:30:00,6,62,0.0,0.0,0.0,0.072,13.8495,6.0,2,20.246763259049008,55.0,0.06666666666666667,0.0,0.0,0.0,0.0,46.956913064505436,optimal
2021-02-08 11:00:00,6,62,0.48866139777253365,0.0,0.0,0.0862,13.23,6.0,2,20.0,55.0,0.06666666666666667,1710.3148922038677,0.0,0.0,0.0,46.74892111212447,optimal
2021-02-08 11:30:00,6,62,0.41344487622766474,0.0,0.0,0.32226666666666665,13.3665,6.0,2,20.0,55.0,0.06666666666666667,1447.0570667968266,0.0,0.0,0.0,46.541137151695885,optimal
2021-02-08 12:00:00,6,62,1.6914835080222563,0.0,0.0,0.072,13.0515,6.0,2,20.0,55.0,0.06666666666666667,5920.192278077897,0.0,0.0,0.0,46.333560975227726,optimal
2021-02-08 12:30:00,6,62,0.0,0.0,0.0,0.072,13.5345,6.0,2,20.361587403159227,55.0,0.06666666666666667,0.0,0.0,0.0,0.0,46.12619237493604,optimal
2021-02-08 13:00:00,6,62,0.0,0.0,0.0,0.28676666666666667,14.154,6.0,2,20.264864623231205,55.0,0.06666666666666667,0.0,0.0,0.0,0.0,45.919031143244645,optimal
2021-02-08 13:30:00,6,62,0.0,0.0,0.0,0.1217,14.112,6.0,2,20.178778572272762,55.0,0.06666666666666667,0.0,0.0,0.0,0.0,45.71207707278494,optimal
2021-02-08 14:00:00,6,62,0.0,0.0,0.0,0.1802666666666667,14.2485,6.0,2,20.083896314551836,55.0,0.06666666666666667,0.0,0.0,0.0,0.0,45.5053299563957,optimal
2021-02-08 14:30:00,6,62,1.4633390433115752,0.0,0.0,0.2282,12.789,6.0,2,20.0,55.0,0.06666666666666667,5121.686651590513,0.0,0.0,0.0,45.29878958712284,optimal
2021-02-08 15:00:00,6,62,2.4285714285714284,0.0,0.0,0.072,13.0095,6.0,2,20.311978983830045,55.0,0.06666666666666667,8500.0,0.0,0.0,0.0,45.09245575821926,optimal
2021-02-08 15:30:00,6,62,2.4285714285714284,0.0,0.0,0.2796666666666667,12.1275,6.0,2,20.785885072794628,55.0,0.06666666666666667,8500.0,0.0,0.0,0.0,44.88632826314458,optimal
2021-02-08 16:00:00,6,62,2.4285714285714284,0.0,0.0,0.1288,12.348,6.0,2,21.266891717367127,55.0,0.06666666666666667,8500.0,0.0,0.0,0.0,44.68040689556497,optimal
2021-02-08 16:30:00,6,62,2.4285714285714284,0.0,0.0,0.1829333333333333,12.348,6.0,2,21.636797624957193,55.0,0.06666666666666667,8500.0,0.0,0.0,0.0,44.474691449352946,optimal
2021-02-08 17:00:00,6,62,0.023277860840205895,0.0,0.0,0.8303333333333334,25.389,6.0,2,22.0,55.0,0.06533333333333333,81.47251294072063,0.0,0.0,0.0,44.430216757903594,optimal
2021-02-08 17:30:00,6,62,0.0,0.0,0.0,0.6247999999999999,29.1375,6.0,2,21.684749505249748,55.0,0.058,0.0,0.0,0.0,0.0,44.38578654114569,optimal
2021-02-08 18:00:00,6,62,0.0,0.0,0.0,1.3349000000000002,30.597,6.0,2,21.353131050934262,55.0,0.056666666666666664,0.0,0.0,0.0,0.0,44.34140075460454,optimal
2021-02-08 18:30:00,6,62,0.0,0.0,0.0,0.44646666666666657,33.684,6.0,2,21.051503223322094,55.0,0.03666666666666667,0.0,0.0,0.0,0.0,44.29705935384994,optimal
2021-02-08 19:00:00,6,62,0.0,0.0,0.0,0.19793333333333332,32.445,6.0,2,20.71307651790362,55.0,0.03133333333333333,0.0,0.0,0.0,0.0,44.25276229449609,optimal
2021-02-08 19:30:00,6,62,0.0,0.0,0.0,0.34763333333333335,28.917,6.0,2,20.346919554563527,55.0,0.03133333333333333,0.0,0.0,0.0,0.0,44.20850953220159,optimal
2021-02-08 20:00:00,6,62,1.2912547443379756,0.0,0.0,0.31393333333333334,15.876,6.0,2,20.0,55.0,0.01832,4519.391605182915,0.0,0.0,0.0,44.164301022669385,optimal
2021-02-08 20:30:00,6,62,0.0,0.0,0.0,0.6088333333333333,12.348,6.0,2,20.0,55.0,0.014666666666666666,0.0,0.0,0.0,0.0,44.120136721646716,optimal
2021-02-08 21:00:00,6,62,0.0,0.0,0.0,0.5417333333333334,12.1275,6.0,2,19.694296231031185,55.0,0.014666666666666666,0.0,0.0,0.0,0.0,44.07601658492507,optimal
2021-02-08 21:30:00,6,62,0.0,0.0,0.0,0.37923333333333337,12.348,6.0,2,19.4117610519669,55.0,0.014,0.0,0.0,0.0,0.0,44.03194056834015,optimal
2021-02-08 22:00:00,6,62,0.0,0.0,0.0,0.5344666666666666,12.1275,6.0,2,19.09847103889555,55.0,0.002666666666666666,0.0,0.0,0.0,0.0,43.98790862777181,optimal
2021-02-08 22:30:00,6,62,0.0,0.0,0.0,0.5766,12.1275,6.0,2,18.794249226773793,55.0,0.0,0.0,0.0,0.0,0.0,43.94392071914404,optimal
2021-02-08 23:00:00,6,62,0.0,0.0,0.0,0.6326,11.2665,6.0,2,18.496046320852777,55.0,0.0,0.0,0.0,0.0,0.0,43.899976798424895,optimal
2021-02-08 23:30:00,6,62,0.0,0.0,0.0,0.3718666666666667,10.143,6.0,2,18.192665835108883,55.0,0.0,0.0,0.0,0.0,0.0,43.85607682162647,optimal
2021-02-09 00:00:00,6,62,2.4285714285714284,0.0,9.0,0.22406666666666664,10.584,6.0,0,18.192665835108883,55.0,0.0,8500.0,0.0,0.0,0.0,48.087220744804846,optimal
2021-02-09 00:30:00,6,62,1.9108571428571428,0.0,0.0,0.059,11.2455,6.0,0,18.498810402243848,55.0,0.064,0.0,0.0,6688.0,0.0,48.03913352406004,optimal
2021-02-09 01:00:00,6,62,0.0,0.0,0.0,0.1979,12.1275,6.0,0,18.13397123583746,55.0,0.064,0.0,0.0,0.0,0.0,47.991094390535984,optimal
2021-02-09 01:30:00,6,62,0.0,0.0,0.0,0.14276666666666668,11.823,6.0,0,17.788473781200327,55.0,0.064,0.0,0.0,0.0,0.0,47.943103296145445,optimal
2021-02-09 02:00:00,6,62,2.4285714285714284,0.0,0.0,0.059,11.7705,6.0,0,17.44386927959102,55.0,0.064,8500.0,0.0,0.0,0.0,47.895160192849296,optimal
2021-02-09 02:30:00,6,62,2.4285714285714284,0.0,0.0,0.059,11.13,6.0,0,17.751116459450795,55.0,0.064,8500.0,0.0,0.0,0.0,47.847265032656445,optimal
2021-02-09 03:00:00,6,62,2.4285714285714284,0.0,0.0,0.22106666666666663,11.6865,6.0,0,18.05298848718017,55.0,0.064,8500.0,0.0,0.0,0.0,47.79941776762379,optimal
2021-02-09 03:30:00,6,62,2.4285714285714284,0.0,0.0,0.08593333333333333,10.7205,6.0,0,18.362051597463783,55.0,0.064,8500.0,0.0,0.0,0.0,47.751618349856166,optimal
2021-02-09 04:00:00,6,62,2.4285714285714284,0.0,0.0,0.09966666666666668,11.424,6.0,0,18.65636211189142,55.0,0.064,8500.0,0.0,0.0,0.0,47.70386673150631,optimal
2021-02-09 04:30:00,6,62,2.4285714285714284,0.0,1.1290907303324322,0.062,10.689,6.0,0,18.94712994823449,55.0,0.064,8500.0,0.0,0.0,0.0,48.192480961682705,optimal
2021-02-09 05:00:00,6,62,2.4285714285714284,0.0,0.0,0.1266,11.361,6.0,0,19.227145636719513,55.0,0.064,8500.0,0.0,0.0,0.0,48.144288480721016,optimal
2021-02-09 05:30:00,6,62,2.4285714285714284,0.0,0.0,0.59,11.571,6.0,0,19.503877711073656,55.0,0.06266666666666666,8500.0,0.0,0.0,0.0,48.096144192240295,optimal
2021-02-09 06:00:00,6,62,0.0,0.0,0.0,1.0672000000000001,14.3745,6.0,0,19.806307589835303,55.0,0.06266666666666666,0.0,0.0,0.0,0.0,48.048048048048045,optimal
2021-02-09 06:30:00,6,62,2.4285714285714284,0.0,0.0,0.17013333333333333,13.23,6.0,0,19.46650388841985,55.0,0.05333333333333334,8500.0,0.0,0.0,0.0,48.0,optimal
2021-02-09 07:00:00,6,62,2.4285714285714284,0.0,0.0,0.12593333333333334,13.9755,6.0,0,19.76492044842511,55.0,0.050666666666666665,8500.0,0.0,0.0,0.0,47.846799298600246,optimal
2021-02-09 07:30:00,6,62,1.585805389009275,0.0,0.0,0.46536666666666665,14.994,6.0,0,20.060777691716716,55.0,0.04533333333333334,5550.3188615324625,0.0,0.0,0.0,47.693751797901896,optimal
2021-02-09 08:00:00,6,62,2.4285714285714284,0.0,0.0,0.9796,13.671,6.0,0,20.134962870504648,55.0,0.04533333333333334,8500.0,0.0,0.0,0.0,47.54085734470424,optimal
2021-02-09 08:30:00,6,62,0.0,0.0,0.0,0.22106666666666663,15.981,6.0,0,20.438627651660862,55.0,0.04533333333333334,0.0,0.0,0.0,0.0,47.38811578595978,optimal
2021-02-09 09:00:00,6,62,2.4285714285714284,0.0,0.0,0.1196,15.6345,6.0,0,20.029827979008218,55.0,0.04533333333333334,8500.0,0.0,0.0,0.0,47.235526968774074,optimal
2021-02-09 09:30:00,6,62,0.0,0.0,0.0,0.14703333333333332,16.5375,6.0,0,20.340832716389077,55.0,0.04533333333333334,0.0,0.0,0.0,0.0,47.083090740405545,optimal
2021-02-09 10:00:00,6,62,1.6402655703191336,0.0,0.0,0.21063333333333334,14.7735,6.0,0,20.0,55.0,0.04533333333333334,5740.929496116967,0.0,0.0,0.0,46.930806948265385,optimal
2021-02-09 10:30:00,6,62,0.0,0.0,0.0,0.069,15.2145,6.0,0,20.225767945902984,55.0,0.04533333333333334,0.0,0.0,0.0,0.0,46.778675439917365,optimal
2021-02-09 11:00:00,6,62,0.36645831607207385,0.0,0.0,0.2916666666666667,14.553,6.0,0,20.0,55.0,0.04533333333333334,1282.6041062522584,0.0,0.0,0.0,46.626696063077695,optimal
2021-02-09 11:30:00,6,62,0.4261929124424996,0.0,0.0,0.069,14.3325,6.0,0,20.0,55.0,0.04533333333333334,1491.6751935487487,0.0,0.0,0.0,46.47486866561486,optimal
2021-02-09 12:00:00,6,62,0.2677367615673555,0.0,0.0,0.25146666666666667,14.595,6.0,0,20.0,55.0,0.04533333333333334,937.0786654857442,0.0,0.0,0.0,46.3231930955495,optimal
2021-02-09 12:30:00,6,62,0.0,0.0,0.0,0.1022,14.994,6.0,0,20.042436567261127,55.0,0.04533333333333334,0.0,0.0,0.0,0.0,46.17166920105419,optimal
2021-02-09 13:00:00,6,62,0.09261556606578693,0.0,0.0,0.1095,14.3325,6.0,0,20.0,55.0,0.04533333333333334,324.15448123025425,0.0,0.0,0.0,46.02029683045339,optimal
2021-02-09 13:30:00,6,62,0.10804287445726211,0.0,0.0,0.0691,13.8915,6.0,0,20.0,55.0,0.04533333333333334,378.1500606004174,0.0,0.0,0.0,45.86907583222318,optimal
2021-02-09 14:00:00,6,62,1.2974299938146812,0.0,0.0,0.2816666666666667,13.8915,6.0,0,20.0,55.0,0.04533333333333334,4541.004978351384,0.0,0.0,0.0,45.71800605499121,optimal
2021-02-09 14:30:00,6,62,2.4285714285714284,0.0,0.0,0.059,13.4715,6.0,0,20.31466835155294,55.0,0.04533333333333334,8500.0,0.0,0.0,0.0,45.567087347536464,optimal
2021-02-09 15:00:00,6,62,2.4285714285714284,0.0,0.0,0.21936666666666668,13.23,6.0,0,20.9088330391966,55.0,0.04533333333333334,8500.0,0.0,0.0,0.0,45.416319558789176,optimal
2021-02-09 15:30:00,6,62,2.4285714285714284,0.0,0.0,0.8471000000000001,13.8915,6.0,0,21.421013133013805,55.0,0.042,8500.0,0.0,0.0,0.0,45.265702537830634,optimal
2021-02-09 16:00:00,6,62,0.0,0.0,0.0,0.6102333333333333,26.9325,6.0,0,21.949494413425036,55.0,0.04133333333333333,0.0,0.0,0.0,0.0,45.11523613389305,optimal
2021-02-09 16:30:00,6,62,0.0,0.0,0.0,1.4779333333333333,30.303,6.0,0,21.733582890381534,55.0,0.04133333333333333,0.0,0.0,0.0,0.0,44.9649201963594,optimal
2021-02-09 17:00:00,6,62,0.0,0.0,0.0,1.4122666666666668,32.886,6.0,0,21.54916613743922,55.0,0.036,0.0,0.0,0.0,0.0,44.81475457476329,optimal
2021-02-09 17:30:00,6,62,0.0,0.0,0.0,2.6835666666666667,34.9965,6.0,0,21.246570930870895,55.0,0.034666666666666665,0.0,0.0,0.0,0.0,44.66473911878877,optimal
2021-02-09 18:00:00,6,62,0.0,0.0,0.0,0.3913333333333333,33.327,6.0,0,21.049026266793234,55.0,0.034666666666666665,0.0,0.0,0.0,0.0,44.514873678270234,optimal
2021-02-09 18:30:00,6,62,0.0,0.0,0.0,0.37696666666666656,31.122,6.0,0,20.70723481901729,55.0,0.034666666666666665,0.0,0.0,0.0,0.0,44.365158103192215,optimal
2021-02-09 19:00:00,6,62,0.0,0.0,0.0,0.2730666666666667,17.9025,6.0,0,20.36208777720392,55.0,0.020666666666666667,0.0,0.0,0.0,0.0,44.21559224368927,optimal
2021-02-09 19:30:00,6,62,1.3602768985184155,0.0,0.0,0.1138,15.6555,6.0,0,20.0,55.0,0.006666666666666667,4760.969144814454,0.0,0.0,0.0,44.06617595004583,optimal
2021-02-09 20:00:00,6,62,1.2760292794707981,0.0,0.0,0.37410000000000004,14.553,6.0,0,20.0,55.0,0.006,4466.102478147794,0.0,0.0,0.0,43.916909072696036,optimal
2021-02-09 20:30:00,6,62,0.0,0.0,0.0,0.23406666666666665,14.3325,6.0,0,20.0,55.0,0.006,0.0,0.0,0.0,0.0,43.767791462223585,optimal
2021-02-09 21:00:00,6,62,0.0,0.0,0.0,0.45616666666666666,13.335,6.0,0,19.639656440618918,55.0,0.0033333333333333335,0.0,0.0,0.0,0.0,43.61882296936161,optimal
2021-02-09 21:30:00,6,62,0.0,0.0,0.0,0.3838333333333333,12.1275,6.0,0,19.297603682926226,55.0,0.0033333333333333335,0.0,0.0,0.0,0.0,43.575204146392245,optimal
2021-02-09 22:00:00,6,62,0.0,0.0,0.0,0.1707,12.2955,6.0,0,18.966395656918174,55.0,0.001333333333333333,0.0,0.0,0.0,0.0,43.53162894224585,optimal
2021-02-09 22:30:00,6,62,0.0,0.0,0.0,0.2981333333333333,11.6865,6.0,0,18.632575712838943,55.0,0.001333333333333333,0.0,0.0,0.0,0.0,43.488097313303605,optimal
2021-02-09 23:00:00,6,62,0.0,0.0,0.0,0.34546666666666664,11.466,6.0,0,18.310820223943868,55.0,0.0,0.0,0.0,0.0,0.0,43.444609215990305,optimal
2021-02-09 23:30:00,6,62,0.0,0.0,0.0,0.069,10.8045,6.0,0,17.998041545082927,55.0,0.0,0.0,0.0,0.0,0.0,43.401164606774316,optimal
2021-02-10 00:00:00,6,62,0.0,0.0,0.0,0.06,13.3665,6.0,4,17.998041545082927,55.0,0.0,0.0,0.0,0.0,0.0,43.35776344216754,optimal
2021-02-10 00:30:00,6,62,0.0,0.0,0.0,0.06,12.789,6.0,4,17.6386035402654,55.0,0.0,0.0,0.0,0.0,0.0,43.31440567872537,optimal
2021-02-10 01:00:00,6,62,0.0,0.0,0.0,0.06,11.907,6.0,4,17.284586464629925,55.0,0.0,0.0,0.0,0.0,0.0,43.27109127304664,optimal
2021-02-10 01:30:00,6,62,1.360489981888919,0.0,0.0,0.06,11.7075,6.0,4,16.93587704844481,55.0,0.04133333333333333,442.3816032778831,0.0,4319.333333333333,0.0,43.227820181773595,optimal
2021-02-10 02:00:00,6,62,2.4285714285714284,0.0,0.0,0.06,10.8045,6.0,4,16.62635895316969,55.0,0.04133333333333333,8500.0,0.0,0.0,0.0,43.18459236159182,optimal
2021-02-10 02:30:00,6,62,2.4285714285714284,0.0,0.0,0.06,11.508,6.0,4,16.94040185043377,55.0,0.04133333333333333,8500.0,0.0,0.0,0.0,43.14140776923023,optimal
2021-02-10 03:00:00,6,62,2.4285714285714284,0.0,0.0,0.06,11.508,6.0,4,17.247882855166367,55.0,0.04133333333333333,8500.0,0.0,0.0,0.0,43.09826636146099,optimal
2021-02-10 03:30:00,6,62,2.4285714285714284,0.0,0.0,0.06,11.508,6.0,4,17.548939077405535,55.0,0.04133333333333333,8500.0,0.0,0.0,0.0,43.05516809509953,optimal
2021-02-10 04:00:00,6,62,2.4285714285714284,0.0,0.0,0.06,11.844,6.0,4,17.84370476228984,55.0,0.04133333333333333,8500.0,0.0,0.0,0.0,43.01211292700443,optimal
2021-02-10 04:30:00,6,62,2.4285714285714284,0.0,0.0,0.06,11.508,6.0,4,18.13231134992014,55.0,0.04133333333333333,8500.0,0.0,0.0,0.0,42.96910081407743,optimal
2021-02-10 05:00:00,6,62,2.4285714285714284,0.0,0.0,0.06,11.508,6.0,4,18.412798044735567,55.0,0.04133333333333333,8500.0,0.0,0.0,0.0,42.92613171326335,optimal
2021-02-10 05:30:00,6,62,2.4285714285714284,0.0,9.0,0.06,10.4475,6.0,4,18.685334511022376,55.0,0.04133333333333333,8500.0,0.0,0.0,0.0,47.158205581550085,optimal
2021-02-10 06:00:00,6,62,2.4285714285714284,0.0,0.0,0.06,10.8675,6.0,4,18.950086867949828,55.0,0.04133333333333333,8500.0,0.0,0.0,0.0,47.11104737596853,optimal
2021-02-10 06:30:00,6,62,2.4285714285714284,0.0,2.375883438084528,0.06266666666666666,10.542,6.0,4,19.207217763645026,55.0,0.04133333333333333,8500.0,0.0,0.0,0.0,48.192480961682705,optimal
2021-02-10 07:00:00,6,62,2.4285714285714284,0.0,0.0,0.35660000000000003,11.025,6.0,4,19.463154915424834,55.0,0.036,8500.0,0.0,0.0,0.0,48.144288480721016,optimal
2021-02-10 07:30:00,6,62,2.4285714285714284,0.0,0.0,0.7625,11.025,6.0,4,19.728016014554793,55.0,0.034,8500.0,0.0,0.0,0.0,48.096144192240295,optimal
2021-02-10 08:00:00,6,62,2.4285714285714284,0.0,0.0,0.22119999999999998,14.553,6.0,4,20.0,55.0,0.029333333333333333,8500.0,0.0,0.0,0.0,48.048048048048045,optimal
2021-02-10 08:30:00,6,62,2.4285714285714284,0.0,0.0,0.6012000000000001,13.0935,6.0,4,20.276830935245243,55.0,0.029333333333333333,8500.0,0.0,0.0,0.0,48.0,optimal
2021-02-10 09:00:00,6,62,2.177017035837447,0.0,0.0,0.21919999999999998,15.6345,6.0,4,20.577353684426633,55.0,0.029333333333333333,7619.559625431065,0.0,0.0,0.0,46.90842852383327,optimal
2021-02-10 09:30:00,6,62,0.0,0.0,0.0,0.24480000000000002,18.102,6.0,4,20.840483974496163,55.0,0.029333333333333333,0.0,0.0,0.0,0.0,45.81794861914271,optimal
2021-02-10 10:00:00,6,62,0.0,0.0,0.0,0.2516,17.199,6.0,4,20.526997279666155,55.0,0.026,0.0,0.0,0.0,0.0,44.72855919435684,optimal
2021-02-10 10:30:00,6,62,0.0,0.0,0.0,0.2467333333333333,18.2805,6.0,4,20.34920802354339,55.0,0.024666666666666667,0.0,0.0,0.0,0.0,43.64025915899576,optimal
2021-02-10 11:00:00,6,62,0.0,0.0,0.0,0.2576,17.4615,6.0,4,20.163923594076028,55.0,0.020666666666666667,0.0,0.0,0.0,0.0,42.55304742367004,optimal
2021-02-10 11:30:00,6,62,0.0,0.0,0.0,0.3221,18.3225,6.0,4,20.07239677702416,55.0,0.013333333333333334,0.0,0.0,0.0,0.0,41.466922900079645,optimal
2021-02-10 12:00:00,6,62,0.0,0.0,0.0,0.3454,17.094,6.0,4,20.0,55.0,0.01,0.0,0.0,0.0,0.0,40.38188450101284,optimal
2021-02-10 12:30:00,6,62,0.0,0.0,0.0,0.168,17.094,6.0,4,20.032490422685285,55.0,0.01,0.0,0.0,0.0,0.0,39.2979311403451,optimal
2021-02-10 13:00:00,6,62,0.06191290069609562,0.0,0.0,0.07,17.094,6.0,4,20.032762443812167,55.0,0.01,216.69515243633467,0.0,0.0,0.0,38.21506173303803,optimal
2021-02-10 13:30:00,6,62,0.16564342567461177,0.0,0.0,0.07,17.3565,6.0,4,20.0,55.0,0.01,579.7519898611412,0.0,0.0,0.0,37.13327519513826,optimal
2021-02-10 14:00:00,6,62,0.19945791912685712,0.0,0.0,0.07,17.115,6.0,4,20.0,55.0,0.01,698.1027169439999,0.0,0.0,0.0,36.052570443776396,optimal
2021-02-10 14:30:00,6,62,0.19945791912685712,0.0,0.0,0.07,17.241,6.0,4,20.0,55.0,0.01,698.1027169439999,0.0,0.0,0.0,34.97294639716589,optimal
2021-02-10 15:00:00,6,62,0.4686522742908235,0.0,0.0,0.07,17.094,6.0,4,20.0,55.0,0.01,1640.2829600178823,0.0,0.0,0.0,33.894401974602,optimal
2021-02-10 15:30:00,6,62,2.4285714285714284,0.0,0.0,0.07,16.5165,6.0,4,20.0,55.0,0.01,8500.0,0.0,0.0,0.0,32.81693609646067,optimal
2021-02-10 16:00:00,6,62,2.3319030836154426,0.0,0.0,0.07,17.8185,6.0,4,20.52295210287789,55.0,0.01,8161.660792654049,0.0,0.0,0.0,31.740547684197487,optimal
2021-02-10 16:30:00,6,62,2.4285714285714284,0.0,0.0,0.07,17.094,6.0,4,20.89619675120085,55.0,0.01,8500.0,0.0,0.0,0.0,30.665235660346564,optimal
2021-02-10 17:00:00,6,62,2.4285714285714284,0.0,0.0,0.3613,16.8945,6.0,4,21.283462999590725,55.0,0.008,8500.0,0.0,0.0,0.0,29.59099894851949,optimal
2021-02-10 17:30:00,6,62,2.4285714285714284,0.0,0.0,0.2241,18.123,6.0,4,21.581627878269728,55.0,0.008,8500.0,0.0,0.0,0.0,29.56140794957097,optimal
2021-02-10 18:00:00,6,62,0.0,0.0,0.0,0.36860000000000004,31.647,6.0,4,21.885849719388823,55.0,0.006666666666666667,0.0,0.0,0.0,0.0,29.531846541621398,optimal
2021-02-10 18:30:00,6,62,0.0,0.0,0.0,0.6091,34.9965,6.0,4,21.49602094703581,55.0,0.004666666666666667,0.0,0.0,0.0,0.0,29.502314695079775,optimal
2021-02-10 19:00:00,6,62,0.0,0.0,0.0,0.4398,34.9965,6.0,4,21.13568002216837,55.0,0.004666666666666667,0.0,0.0,0.0,0.0,29.472812380384696,optimal
2021-02-10 19:30:00,6,62,0.0,0.0,0.0,0.252,34.9965,6.0,4,20.761416133442772,55.0,0.002,0.0,0.0,0.0,0.0,29.443339568004312,optimal
2021-02-10 20:00:00,6,62,0.0,0.0,0.0,0.305,34.9965,6.0,4,20.370552985390145,55.0,0.0,0.0,0.0,0.0,0.0,29.413896228436307,optimal
2021-02-10 20:30:00,6,62,0.0,0.0,0.0,0.07,34.9965,6.0,4,20.0,55.0,0.0,0.0,0.0,0.0,0.0,29.38448233220787,optimal
2021-02-10 21:00:00,6,62,0.0,0.0,0.0,0.07,27.741,6.0,4,19.5809706302815,55.0,0.0,0.0,0.0,0.0,0.0,29.355097849875662,optimal
2021-02-10 21:30:00,6,62,0.0,0.0,0.0,0.3046333333333333,19.026,6.0,4,19.1696520895171,55.0,0.0,0.0,0.0,0.0,0.0,29.325742752025786,optimal
2021-02-10 22:00:00,6,62,0.0,0.0,0.0,0.07,18.7215,6.0,4,18.757042854938184,55.0,0.0,0.0,0.0,0.0,0.0,29.29641700927376,optimal
2021-02-10 22:30:00,6,62,0.0,0.0,0.0,0.07,17.4195,6.0,4,18.302345008529624,55.0,0.0,0.0,0.0,0.0,0.0,29.267120592264487,optimal
2021-02-10 23:00:00,6,62,0.0,0.0,0.0,0.07,16.758,6.0,4,17.851924301585964,55.0,0.0,0.0,0.0,0.0,0.0,29.23785347167222,optimal
2021-02-10 23:30:00,6,62,0.0,0.0,0.0,0.07,14.217,6.0,4,17.405691363738516,55.0,0.0,0.0,0.0,0.0,0.0,29.208615618200547,optimal
2021-02-11 00:00:00,6,62,2.4285714285714284,0.0,0.0,0.19416666666666663,11.025,6.0,0,17.405691363738516,55.0,0.0,8500.0,0.0,0.0,0.0,29.179407002582344,optimal
2021-02-11 00:30:00,6,62,2.4285714285714284,0.0,0.0,0.16216666666666665,12.0855,6.0,0,17.636356840881902,55.0,0.017333333333333333,6688.666666666667,0.0,1811.3333333333333,0.0,29.15022759557976,optimal
2021-02-11 01:00:00,6,62,2.4285714285714284,0.0,0.0,0.08683333333333333,11.6865,6.0,0,17.72264216812074,55.0,0.017333333333333333,8500.0,0.0,0.0,0.0,29.12107736798418,optimal
2021-02-11 01:30:00,6,62,2.4285714285714284,0.0,0.0,0.2695,11.2245,6.0,0,17.94261600142169,55.0,0.017333333333333333,8500.0,0.0,0.0,0.0,29.091956290616196,optimal
2021-02-11 02:00:00,6,62,2.4285714285714284,0.0,0.0,0.056,11.025,6.0,0,18.172030421980068,55.0,0.017333333333333333,8500.0,0.0,0.0,0.0,29.062864334325578,optimal
2021-02-11 02:30:00,6,62,2.4285714285714284,0.0,9.0,0.2554,10.7835,6.0,0,18.380244966009126,55.0,0.017333333333333333,8500.0,0.0,0.0,0.0,33.30880146999125,optimal
2021-02-11 03:00:00,6,62,2.4285714285714284,0.0,4.858910444391188,0.10093333333333333,11.025,6.0,0,18.597342180692564,55.0,0.017333333333333333,8500.0,0.0,0.0,0.0,35.583475129607066,optimal
2021-02-11 03:30:00,6,62,2.4285714285714284,0.0,9.0,0.062166666666666655,10.584,6.0,0,18.795943779458597,55.0,0.017333333333333333,8500.0,0.0,0.0,0.0,39.82289165447746,optimal
2021-02-11 04:00:00,6,62,2.4285714285714284,0.0,9.0,0.2941666666666667,11.025,6.0,0,18.99264033968202,55.0,0.017333333333333333,8500.0,0.0,0.0,0.0,44.05806876282297,optimal
2021-02-11 04:30:00,6,62,2.4285714285714284,0.0,9.0,0.056,10.4265,6.0,0,19.208278578500348,55.0,0.017333333333333333,8500.0,0.0,0.0,0.0,48.289010694060146,optimal
2021-02-11 05:00:00,6,62,2.4285714285714284,0.0,0.0,0.2181,12.789,6.0,0,19.401109296556335,55.0,0.017333333333333333,8500.0,0.0,0.0,0.0,48.240721683366075,optimal
2021-02-11 05:30:00,6,62,2.4285714285714284,0.0,0.0,0.13823333333333332,12.684,6.0,0,19.60236732045754,55.0,0.017333333333333333,8500.0,0.0,0.0,0.0,48.192480961682705,optimal
2021-02-11 06:00:00,6,62,2.4285714285714284,0.0,0.0,0.056,16.254,6.0,0,19.798506493813505,55.0,0.017333333333333333,8500.0,0.0,0.0,0.0,48.144288480721016,optimal
2021-02-11 06:30:00,6,62,2.4285714285714284,0.0,0.0,0.1955,17.64,6.0,0,19.9894519092921,55.0,0.017333333333333333,8500.0,0.0,0.0,0.0,48.096144192240295,optimal
2021-02-11 07:00:00,6,62,2.4285714285714284,0.0,0.0,0.15883333333333335,19.1625,6.0,0,20.19235106266291,55.0,0.016,8500.0,0.0,0.0,0.0,48.048048048048045,optimal
2021-02-11 07:30:00,6,62,1.0458917687750113,0.0,0.0,0.054,26.46,6.0,0,20.400614515958175,55.0,0.015333333333333332,3660.6211907125394,0.0,0.0,0.0,48.0,optimal
2021-02-11 08:00:00,6,62,2.4285714285714284,0.0,0.0,0.17683333333333334,20.79,6.0,0,20.227736296546137,55.0,0.011333333333333334,8500.0,0.0,0.0,0.0,47.83267671461924,optimal
2021-02-11 08:30:00,6,62,0.0,0.0,0.0,0.18573333333333328,29.106,6.0,0,20.445196377788083,55.0,0.0,0.0,0.0,0.0,0.0,47.66552075252386,optimal
2021-02-11 09:00:00,6,62,2.4285714285714284,0.0,0.0,0.07456666666666666,19.1835,6.0,0,20.0,55.0,0.0,8430.333333333334,0.0,69.66666666666666,0.0,47.49853194639058,optimal
2021-02-11 09:30:00,6,62,0.15540017063762523,0.0,0.0,0.2833,19.6665,6.0,0,20.28099905100949,55.0,0.0,543.9005972316883,0.0,0.0,0.0,47.33171012906343,optimal
2021-02-11 10:00:00,6,62,0.5347814928991852,0.0,0.0,0.2918,19.404,6.0,0,20.0,55.0,0.0,1871.7352251471482,0.0,0.0,0.0,47.16505513355361,optimal
2021-02-11 10:30:00,6,62,0.6394806221683619,0.0,0.0,0.09116666666666669,19.047,6.0,0,20.0,55.0,0.0,2238.1821775892663,0.0,0.0,0.0,46.998566793039295,optimal
2021-02-11 11:00:00,6,62,0.6904063862963228,0.0,0.0,0.22463333333333332,18.858,6.0,0,20.0,55.0,0.006,1789.4223520371297,0.0,627.0,0.0,46.8322449408655,optimal
2021-02-11 11:30:00,6,62,0.0,0.0,0.0,0.1477,19.2675,6.0,0,20.067499222632755,55.0,0.0033333333333333335,0.0,0.0,0.0,0.0,46.666089410543876,optimal
2021-02-11 12:00:00,6,62,0.0,0.0,0.0,0.14343333333333333,18.963,6.0,0,20.0,55.0,0.0,0.0,0.0,0.0,0.0,46.500100035752574,optimal
2021-02-11 12:30:00,6,62,0.0,0.0,0.0,0.354,18.438,6.0,0,20.02564561673272,55.0,0.0,0.0,0.0,0.0,0.0,46.334276650336065,optimal
2021-02-11 13:00:00,6,62,0.0,0.0,0.0,0.08013333333333333,18.7425,6.0,0,20.08175051239704,55.0,0.0,0.0,0.0,0.0,0.0,46.16861908830497,optimal
2021-02-11 13:30:00,6,62,2.4285714285714284,0.0,0.0,0.1983,15.2145,6.0,0,20.080903395202732,55.0,0.0,8500.0,0.0,0.0,0.0,46.00312718383591,optimal
2021-02-11 14:00:00,6,62,0.0,0.0,0.0,0.17803333333333332,17.7765,6.0,0,20.73112753006322,55.0,0.0,0.0,0.0,0.0,0.0,45.83780077127131,optimal
2021-02-11 14:30:00,6,62,0.9017822762408052,0.0,0.0,0.08773333333333333,16.758,6.0,0,20.72477321919333,55.0,0.0,3156.2379668428184,0.0,0.0,0.0,45.67263968511928,optimal
2021-02-11 15:00:00,6,62,2.4285714285714284,0.0,0.0,0.2886,16.422,6.0,0,20.946838739963976,55.0,0.0,8500.0,0.0,0.0,0.0,45.5076437600534,optimal
2021-02-11 15:30:00,6,62,2.4285714285714284,0.0,0.0,0.066,16.758,6.0,0,21.499763369017924,55.0,0.0,8500.0,0.0,0.0,0.0,45.342812830912585,optimal
2021-02-11 16:00:00,6,62,0.0,0.0,0.0,0.1501333333333333,29.358,6.0,0,22.0,55.0,0.0,0.0,0.0,0.0,0.0,45.17814673270092,optimal
2021-02-11 16:30:00,6,62,0.0,0.0,0.0,0.22619999999999998,34.9965,6.0,0,21.712854007825236,55.0,0.0,0.0,0.0,0.0,0.0,45.013645300587456,optimal
2021-02-11 17:00:00,6,62,0.0,0.0,0.0,0.12240000000000001,34.65,6.0,0,21.418747797166045,55.0,0.0,0.0,0.0,0.0,0.0,44.84930836990611,optimal
2021-02-11 17:30:00,6,62,0.0,0.0,0.0,0.5407666666666666,34.9965,6.0,0,20.99297064637063,55.0,0.0,0.0,0.0,0.0,0.0,44.68513577615545,optimal
2021-02-11 18:00:00,6,62,0.0,0.0,0.0,0.29296666666666665,34.9965,6.0,0,20.60693079244602,55.0,0.0,0.0,0.0,0.0,0.0,44.521127354998534,optimal
2021-02-11 18:30:00,6,62,1.245222538195092,0.0,0.0,0.066,30.4815,6.0,0,20.158881936611742,55.0,0.0,4358.278883682822,0.0,0.0,0.0,44.35728294226278,optimal
2021-02-11 19:00:00,6,62,1.8747659553796185,0.0,0.0,0.206,21.4305,6.0,0,20.0,55.0,0.0,6561.680843828665,0.0,0.0,0.0,44.193602373939754,optimal
2021-02-11 19:30:00,6,62,1.8831533658337491,0.0,0.0,0.6282666666666666,14.3325,6.0,0,20.0,55.0,0.0,6591.036780418122,0.0,0.0,0.0,44.03008548618506,optimal
2021-02-11 20:00:00,6,62,1.9231026810498004,0.0,0.0,1.1329,13.692,6.0,0,20.0,55.0,0.0,6730.859383674301,0.0,0.0,0.0,43.866732115318115,optimal
2021-02-11 20:30:00,6,62,0.0,0.0,0.0,0.3080333333333334,14.007,6.0,0,20.0,55.0,0.0,0.0,0.0,0.0,0.0,43.70354209782204,optimal
2021-02-11 21:00:00,6,62,0.0,0.0,0.0,0.2840666666666667,12.873,6.0,0,19.488045859688977,55.0,0.0,0.0,0.0,0.0,0.0,43.540515270343455,optimal
2021-02-11 21:30:00,6,62,0.0,0.0,0.0,0.35553333333333337,12.684,6.0,0,18.988680688916137,55.0,0.0,0.0,0.0,0.0,0.0,43.37765146969235,optimal
2021-02-11 22:00:00,6,62,0.0,0.0,0.0,0.30776666666666663,12.306,6.0,0,18.49809926473788,55.0,0.0,0.0,0.0,0.0,0.0,43.33427381822266,optimal
2021-02-11 22:30:00,6,62,0.0,0.0,0.0,0.1957333333333333,10.6365,6.0,0,18.033844013722945,55.0,0.0,0.0,0.0,0.0,0.0,43.29093954440444,optimal
2021-02-11 23:00:00,6,62,0.0,0.0,0.0,0.0845,11.2455,6.0,0,17.556621220458435,55.0,0.0,0.0,0.0,0.0,0.0,43.24764860486003,optimal
2021-02-11 23:30:00,6,62,0.0,0.0,0.0,0.21616666666666662,11.2455,6.0,0,17.061164430345507,55.0,0.0,0.0,0.0,0.0,0.0,43.20440095625517,optimal
2021-02-12 00:00:00,6,62,2.4285714285714284,0.0,9.0,0.052,8.1585,6.0,1,17.061164430345507,55.0,0.0,8500.0,0.0,0.0,0.0,47.43619655529891,optimal
2021-02-12 00:30:00,6,62,2.4285714285714284,0.0,0.0,0.1138,10.3635,6.0,1,17.221186596850714,55.0,0.023313273334274704,6063.762936568292,0.0,2436.2370634317067,0.0,47.38876035874362,optimal
2021-02-12 01:00:00,6,62,2.4285714285714284,0.0,0.0,0.17093333333333333,10.8045,6.0,1,17.195402842432536,55.0,0.023313273334274704,8500.0,0.0,0.0,0.0,47.341371598384875,optimal
2021-02-12 01:30:00,6,62,2.4285714285714284,0.0,0.0,0.11586666666666666,11.025,6.0,1,17.361759476590617,55.0,0.023313273334274704,8500.0,0.0,0.0,0.0,47.29403022678649,optimal
2021-02-12 02:00:00,6,62,2.4285714285714284,0.0,0.0,0.052,10.3635,6.0,1,17.522498029124716,55.0,0.023313273334274704,8500.0,0.0,0.0,0.0,47.2467361965597,optimal
2021-02-12 02:30:00,6,62,2.4285714285714284,0.0,0.0,0.173,10.8045,6.0,1,17.6770596582161,55.0,0.023313273334274704,8500.0,0.0,0.0,0.0,47.19948946036314,optimal
2021-02-12 03:00:00,6,62,2.4285714285714284,0.0,0.0,0.052,10.059,6.0,1,17.843958383066408,55.0,0.023313273334274704,8500.0,0.0,0.0,0.0,47.15228997090278,optimal
2021-02-12 03:30:00,6,62,2.4285714285714284,0.0,0.0,0.14766666666666667,10.584,6.0,1,18.004340068077273,55.0,0.023313273334274704,8500.0,0.0,0.0,0.0,47.105137680931875,optimal
2021-02-12 04:00:00,6,62,2.4285714285714284,0.0,2.897127159096861,0.14780000000000001,9.4185,6.0,1,18.182759329984457,55.0,0.023313273334274704,8500.0,0.0,0.0,0.0,48.434167943821954,optimal
2021-02-12 04:30:00,6,62,2.4285714285714284,0.0,0.0,0.052,10.3635,6.0,1,18.372599507424848,55.0,0.023313273334274704,8500.0,0.0,0.0,0.0,48.38573377587813,optimal
2021-02-12 05:00:00,6,62,2.4285714285714284,0.0,0.0,0.1633,9.8385,6.0,1,18.565814566984802,55.0,0.023313273334274704,8500.0,0.0,0.0,0.0,48.33734804210225,optimal
2021-02-12 05:30:00,6,62,2.4285714285714284,0.0,0.0,0.1235,11.067,6.0,1,18.77817162895381,55.0,0.023313273334274704,8500.0,0.0,0.0,0.0,48.289010694060146,optimal
2021-02-12 06:00:00,6,62,2.4285714285714284,0.0,0.0,0.12179999999999999,10.8465,6.0,1,18.999749018333294,55.0,0.023313273334274704,8500.0,0.0,0.0,0.0,48.240721683366075,optimal
2021-02-12 06:30:00,6,62,2.4285714285714284,0.0,0.0,0.40536666666666665,13.671,6.0,1,19.23266709487313,55.0,0.01664660666760804,8500.0,0.0,0.0,0.0,48.192480961682705,optimal
2021-02-12 07:00:00,6,62,2.4285714285714284,0.0,0.0,3.232266666666667,12.348,6.0,1,19.477441604449456,55.0,0.011979940000941372,8500.0,0.0,0.0,0.0,48.144288480721016,optimal
2021-02-12 07:30:00,6,62,2.4285714285714284,0.0,0.0,0.22236666666666668,14.3325,6.0,1,19.766800804485733,55.0,0.011979940000941372,8500.0,0.0,0.0,0.0,48.096144192240295,optimal
2021-02-12 08:00:00,6,62,2.4285714285714284,0.0,0.0,0.0843,15.393,6.0,1,20.0,55.0,0.020666666666666667,7452.903730098374,0.0,1047.0962699016266,0.0,48.048048048048045,optimal
2021-02-12 08:30:00,6,62,2.4285714285714284,0.0,0.0,0.063,13.587,6.0,1,20.12577959551992,55.0,0.016,8500.0,0.0,0.0,0.0,48.0,optimal
2021-02-12 09:00:00,6,62,0.1481213344333898,0.0,0.0,0.5034666666666666,16.1385,6.0,1,20.315691995890123,55.0,0.0,518.4246705168642,0.0,0.0,0.0,47.6198817240298,optimal
2021-02-12 09:30:00,6,62,1.2811927993370156,0.0,0.0,0.3201,14.595,6.0,1,20.0,55.0,0.002,4135.841464346222,0.0,348.3333333333333,0.0,47.240143566335576,optimal
2021-02-12 10:00:00,6,62,0.49899701680937775,0.0,0.0,1.3354000000000001,14.637,6.0,1,20.0,55.0,0.0,1746.489558832822,0.0,0.0,0.0,46.860785146799046,optimal
2021-02-12 10:30:00,6,62,0.47954616872516403,0.0,0.0,0.9395333333333332,13.9125,6.0,1,20.0,55.0,0.0,1678.411590538074,0.0,0.0,0.0,46.48180608568205,optimal
2021-02-12 11:00:00,6,62,0.09088817347735326,0.0,0.0,0.5342666666666667,13.3665,6.0,1,20.0,55.0,0.0,318.10860717073643,0.0,0.0,0.0,46.10320600362618,optimal
2021-02-12 11:30:00,6,62,0.21468372222873017,0.0,0.0,2.271266666666667,13.0095,6.0,1,20.0,55.0,0.0033333333333333335,403.0596944672223,0.0,348.3333333333333,0.0,45.72498452165235,optimal
2021-02-12 12:00:00,6,62,0.0,0.0,0.0,1.9037,13.8915,6.0,1,20.0,55.0,0.0,0.0,0.0,0.0,0.0,45.3471412611605,optimal
2021-02-12 12:30:00,6,62,0.0,0.0,0.0,4.1889666666666665,13.188,6.0,1,20.040987695784246,55.0,0.0,0.0,0.0,0.0,0.0,44.969675843929146,optimal
2021-02-12 13:00:00,6,62,0.05971428571428571,0.0,0.0,3.4719333333333333,12.5685,6.0,1,20.093726228706473,55.0,0.0,0.0,0.0,209.0,0.0,44.59258789211502,optimal
2021-02-12 13:30:00,6,62,0.39500692675563315,0.0,0.0,0.2104333333333333,12.285,6.0,1,20.148829727481573,55.0,0.010563230401703821,0.0,0.0,1382.524243644716,0.0,44.21587702825271,optimal
2021-02-12 14:00:00,6,62,2.4285714285714284,0.0,0.0,0.2845666666666667,11.487,6.0,1,20.144488335465052,55.0,0.09190294332036411,0.0,0.0,8500.0,0.0,43.83954287525427,optimal
2021-02-12 14:30:00,6,62,2.4285714285714284,0.0,0.0,0.1889,11.802,6.0,1,20.114576769232137,55.0,0.126,4936.857576978048,0.0,3563.142423021952,0.0,43.46358505640882,optimal
2021-02-12 15:00:00,6,62,2.4285714285714284,0.0,0.0,0.11309999999999999,11.2245,6.0,1,20.455209047837997,55.0,0.126,8500.0,0.0,0.0,0.0,43.088003195382214,optimal
2021-02-12 15:30:00,6,62,2.4285714285714284,0.0,0.0,0.5008333333333334,11.025,6.0,1,21.01335812541197,55.0,0.12466666666666666,8500.0,0.0,0.0,0.0,42.71279691621664,optimal
2021-02-12 16:00:00,6,62,2.4285714285714284,0.0,0.0,0.2092,11.907,6.0,1,21.581193141287013,55.0,0.06933333333333333,8500.0,0.0,0.0,0.0,42.337965843330224,optimal
2021-02-12 16:30:00,6,62,0.0,0.0,0.0,2.4316666666666666,25.83,6.0,1,22.0,55.0,0.068,0.0,0.0,0.0,0.0,41.9635096015167,optimal
2021-02-12 17:00:00,6,62,0.0,0.0,0.0,1.8323,28.035,6.0,1,21.79048178378178,55.0,0.06666666666666667,0.0,0.0,0.0,0.0,41.58942781594499,optimal
2021-02-12 17:30:00,6,62,0.0,0.0,0.0,0.9447666666666668,28.119,6.0,1,21.482538135326546,55.0,0.06466666666666666,0.0,0.0,0.0,0.0,41.21572011215885,optimal
2021-02-12 18:00:00,6,62,0.0,0.0,0.0,2.9511666666666665,30.156,6.0,1,21.1451432644338,55.0,0.06,0.0,0.0,0.0,0.0,40.8423861160765,optimal
2021-02-12 18:30:00,6,62,0.0,0.0,0.0,1.7564000000000002,29.1585,6.0,1,20.793741977872017,55.0,0.056,0.0,0.0,0.0,0.0,40.469425453990226,optimal
2021-02-12 19:00:00,6,62,0.0,0.0,0.0,2.5342333333333333,26.712,6.0,1,20.438021099287965,55.0,0.0,0.0,0.0,0.0,0.0,40.09683775256604,optimal
2021-02-12 19:30:00,6,62,0.973866919536398,0.0,0.0,0.42573333333333335,15.435,6.0,1,20.10431582218289,55.0,0.0,3408.5342183773932,0.0,0.0,0.0,39.72462263884328,optimal
2021-02-12 20:00:00,6,62,1.268548821458775,0.0,0.0,0.9721000000000001,13.566,6.0,1,20.0,55.0,0.0,4439.920875105712,0.0,0.0,0.0,39.35277974023424,optimal
2021-02-12 20:30:00,6,62,0.0,0.0,0.0,2.0228333333333333,12.789,6.0,1,20.0,55.0,0.0,0.0,0.0,0.0,0.0,38.98130868452381,optimal
2021-02-12 21:00:00,6,62,0.0398095238095238,0.0,0.0,0.5877,12.1275,6.0,1,19.660029387860014,55.0,0.0,0.0,0.0,139.33333333333331,0.0,38.61020909986909,optimal
2021-02-12 21:30:00,6,62,0.0,0.0,0.0,0.21159999999999998,13.671,6.0,1,19.29089133387725,55.0,0.0,0.0,0.0,0.0,0.0,38.23948061479902,optimal
2021-02-12 22:00:00,6,62,0.05971428571428571,0.0,0.0,0.7250666666666667,10.668,6.0,1,18.90971599566322,55.0,0.0,0.0,0.0,209.0,0.0,37.86912285821403,optimal
2021-02-12 22:30:00,6,62,0.0,0.0,0.0,1.2208333333333332,11.7285,6.0,1,18.55733233881831,55.0,0.0,0.0,0.0,0.0,0.0,37.831253735355816,optimal
2021-02-12 23:00:00,6,62,0.0,0.0,0.0,0.15130000000000002,11.025,6.0,1,18.2000985583196,55.0,0.0,0.0,0.0,0.0,0.0,37.79342248162046,optimal
2021-02-12 23:30:00,6,62,0.0,0.0,0.0,0.05733333333333333,10.689,6.0,1,17.827913617469623,55.0,0.0,0.0,0.0,0.0,0.0,37.75562905913884,optimal
2021-02-13 00:00:00,6,62,2.4285714285714284,0.0,0.0,0.15533333333333335,7.056,6.0,1,17.827913617469623,55.0,0.0,8500.0,0.0,0.0,0.0,37.7178734300797,optimal
2021-02-13 00:30:00,6,62,0.0,0.0,0.0,0.17413333333333333,9.3975,6.0,1,18.1178153144966,55.0,0.0,0.0,0.0,0.0,0.0,37.680155556649616,optimal
2021-02-13 01:00:00,6,62,0.0,0.0,0.0,0.07086666666666666,10.059,6.0,1,17.75097126784525,55.0,0.0,0.0,0.0,0.0,0.0,37.642475401092966,optimal
2021-02-13 01:30:00,6,62,2.4285714285714284,0.0,0.0,0.3932333333333333,9.261,6.0,1,17.38490166400359,55.0,0.08133971291866028,0.0,0.0,8500.0,0.0,37.60483292569187,optimal
2021-02-13 02:00:00,6,62,2.4285714285714284,0.0,0.0,0.12303333333333331,8.1585,6.0,1,17.052297874161038,55.0,0.12733333333333333,3693.666666666667,0.0,4806.333333333333,0.0,37.56722809276618,optimal
2021-02-13 02:30:00,6,62,1.6359889938214345,0.0,0.0,0.16643333333333335,9.4815,6.0,1,16.990762911635304,55.0,0.12733333333333333,5725.96147837502,0.0,0.0,0.0,37.52966086467341,optimal
2021-02-13 03:00:00,6,62,2.4285714285714284,0.0,0.0,0.3461666666666667,8.379,6.0,1,17.090019310913572,55.0,0.12733333333333333,8500.0,0.0,0.0,0.0,37.49213120380874,optimal
2021-02-13 03:30:00,6,62,2.4285714285714284,0.0,0.0,0.1501333333333333,9.5235,6.0,1,17.4141826882225,55.0,0.12733333333333333,8500.0,0.0,0.0,0.0,37.454639072604934,optimal
2021-02-13 04:00:00,6,62,2.4285714285714284,0.0,0.0,0.19406666666666664,8.1375,6.0,1,17.71546389126735,55.0,0.12733333333333333,8500.0,0.0,0.0,0.0,37.41718443353233,optimal
2021-02-13 04:30:00,6,62,2.4285714285714284,0.0,0.0,0.14813333333333334,10.0905,6.0,1,18.012781143575186,55.0,0.12733333333333333,8500.0,0.0,0.0,0.0,37.3797672490988,optimal
2021-02-13 05:00:00,6,62,2.4285714285714284,0.0,0.0,0.22386666666666669,7.539,6.0,1,18.298266773612045,55.0,0.12733333333333333,8500.0,0.0,0.0,0.0,37.3423874818497,optimal
2021-02-13 05:30:00,6,62,2.4285714285714284,0.0,0.0,0.1812,7.938,6.0,1,18.581517408130342,55.0,0.12733333333333333,8500.0,0.0,0.0,0.0,37.30504509436785,optimal
2021-02-13 06:00:00,6,62,2.4285714285714284,0.0,0.0,0.2347333333333333,8.274,6.0,1,18.85348136599698,55.0,0.12733333333333333,8500.0,0.0,0.0,0.0,37.26774004927348,optimal
2021-02-13 06:30:00,6,62,2.4285714285714284,0.0,0.0,0.12426666666666668,9.261,6.0,1,19.121786915768716,55.0,0.126,8500.0,0.0,0.0,0.0,37.230472309224204,optimal
2021-02-13 07:00:00,6,62,2.4285714285714284,0.0,0.0,0.458,9.9225,6.0,1,19.392755050886024,55.0,0.12333333333333334,8500.0,0.0,0.0,0.0,37.19324183691498,optimal
2021-02-13 07:30:00,6,62,2.4285714285714284,0.0,0.0,0.5981000000000001,9.702,6.0,1,19.690423428820992,55.0,0.11866666666666667,8500.0,0.0,0.0,0.0,37.15604859507806,optimal
2021-02-13 08:00:00,6,62,1.3225447675867377,0.0,0.0,0.6251333333333333,10.584,6.0,1,20.0,55.0,0.11733333333333333,4628.9066865535815,0.0,0.0,0.0,37.11889254648298,optimal
2021-02-13 08:30:00,6,62,2.4285714285714284,0.0,0.0,0.3462,10.143,6.0,1,20.00913859989408,55.0,0.11533333333333333,8500.0,0.0,0.0,0.0,37.0817736539365,optimal
2021-02-13 09:00:00,6,62,0.0,0.0,0.0,0.3665333333333334,13.0095,6.0,1,20.295148007199124,55.0,0.11266666666666666,0.0,0.0,0.0,0.0,37.04469188028256,optimal
2021-02-13 09:30:00,6,62,2.1377377139513998,0.0,0.0,0.3929666666666666,11.025,6.0,1,20.0,55.0,0.10466666666666667,7482.081998829899,0.0,0.0,0.0,37.00764718840228,optimal
2021-02-13 10:00:00,6,62,0.0,0.0,0.0,1.9285999999999999,12.789,6.0,1,20.287820573138337,55.0,0.10466666666666667,0.0,0.0,0.0,0.0,36.97063954121388,optimal
2021-02-13 10:30:00,6,62,0.0,0.0,0.0,0.503,12.1275,6.0,1,20.190979204218593,55.0,0.098,0.0,0.0,0.0,0.0,36.93366890167266,optimal
2021-02-13 11:00:00,6,62,0.0,0.0,0.0,1.6112,12.1695,6.0,1,20.02288725516302,55.0,0.098,0.0,0.0,0.0,0.0,36.896735232770986,optimal
2021-02-13 11:30:00,6,62,0.0,0.0,0.0,2.2229,12.306,6.0,1,20.0,55.0,0.07266666666666667,0.0,0.0,0.0,0.0,36.85983849753821,optimal
2021-02-13 12:00:00,6,62,0.0,0.0,0.0,0.38110000000000005,13.23,6.0,1,20.033943729954885,55.0,0.06933333333333333,0.0,0.0,0.0,0.0,36.82297865904067,optimal
2021-02-13 12:30:00,6,62,0.0,0.0,0.0,0.6049333333333333,13.671,6.0,1,20.03141386844092,55.0,0.06733333333333333,0.0,0.0,0.0,0.0,36.78615568038163,optimal
2021-02-13 13:00:00,6,62,0.0,0.0,0.0,0.7742,13.9335,6.0,1,20.038937748094543,55.0,0.06733333333333333,0.0,0.0,0.0,0.0,36.74936952470125,optimal
2021-02-13 13:30:00,6,62,0.0,0.0,0.0,0.9933,13.293,6.0,1,20.080067651841436,55.0,0.06733333333333333,0.0,0.0,0.0,0.0,36.71262015517655,optimal
2021-02-13 14:00:00,6,62,0.0,0.0,0.0,1.7828666666666666,12.1065,6.0,1,20.146835994002583,55.0,0.06466666666666666,0.0,0.0,0.0,0.0,36.67590753502137,optimal
2021-02-13 14:30:00,6,62,2.0591056144367332,0.0,0.0,0.4445,11.571,6.0,1,20.1534919630751,55.0,0.06266666666666666,7206.869650528566,0.0,0.0,0.0,36.63923162748635,optimal
2021-02-13 15:00:00,6,62,2.4285714285714284,0.0,0.0,0.3746333333333333,11.025,6.0,1,20.661550005883573,55.0,0.06066666666666667,8500.0,0.0,0.0,0.0,36.60259239585886,optimal
2021-02-13 15:30:00,6,62,2.4285714285714284,0.0,0.0,0.25726666666666664,10.8465,6.0,1,21.16110421530541,55.0,0.06066666666666667,8500.0,0.0,0.0,0.0,36.565989803463005,optimal
2021-02-13 16:00:00,6,62,2.4285714285714284,0.0,0.0,0.5336333333333333,11.2455,6.0,1,21.612690150564287,55.0,0.05533333333333333,8500.0,0.0,0.0,0.0,36.52942381365954,optimal
2021-02-13 16:30:00,6,62,0.0,0.0,0.0,0.6643666666666667,23.8665,6.0,1,22.0,55.0,0.05266666666666667,0.0,0.0,0.0,0.0,36.49289438984588,optimal
2021-02-13 17:00:00,6,62,0.0,0.0,0.0,0.8269666666666667,27.4575,6.0,1,21.749005593090658,55.0,0.050666666666666665,0.0,0.0,0.0,0.0,36.456401495456035,optimal
2021-02-13 17:30:00,6,62,0.0,0.0,0.0,0.6229666666666667,27.3735,6.0,1,21.461674834877645,55.0,0.050666666666666665,0.0,0.0,0.0,0.0,36.41994509396058,optimal
2021-02-13 18:00:00,6,62,0.0,0.0,0.0,0.6563666666666667,30.4605,6.0,1,21.156484718134607,55.0,0.04733333333333333,0.0,0.0,0.0,0.0,36.38352514886662,optimal
2021-02-13 18:30:00,6,62,0.0,0.0,0.0,0.5516666666666666,30.0195,6.0,1,20.817638490092914,55.0,0.04666666666666667,0.0,0.0,0.0,0.0,36.347141623717754,optimal
2021-02-13 19:00:00,6,62,0.0,0.0,0.0,1.3567333333333331,26.9325,6.0,1,20.474617608939116,55.0,0.041999999999999996,0.0,0.0,0.0,0.0,36.31079448209404,optimal
2021-02-13 19:30:00,6,62,0.35861123832560093,0.0,0.0,1.0663666666666665,14.595,6.0,1,20.203106297437422,55.0,0.02214666666666666,1255.1393341396033,0.0,0.0,0.0,36.27448368761195,optimal
2021-02-13 20:00:00,6,62,1.289539297649261,0.0,0.0,0.38326666666666664,12.4845,6.0,1,20.0,55.0,0.016666666666666663,4513.387541772414,0.0,0.0,0.0,36.238209203924335,optimal
2021-02-13 20:30:00,6,62,0.0,0.0,0.0,0.4366666666666667,12.1275,6.0,1,20.0,55.0,0.016666666666666663,0.0,0.0,0.0,0.0,36.20197099472041,optimal
2021-02-13 21:00:00,6,62,0.0,0.0,0.0,0.29233333333333333,12.1275,6.0,1,19.667489963412393,55.0,0.014666666666666665,0.0,0.0,0.0,0.0,36.165769023725694,optimal
2021-02-13 21:30:00,6,62,0.0,0.0,0.0,0.6614333333333333,12.789,6.0,1,19.33562644456069,55.0,0.0,0.0,0.0,0.0,0.0,36.12960325470197,optimal
2021-02-13 22:00:00,6,62,0.0,0.0,0.0,0.3375666666666667,11.907,6.0,1,19.027923478794374,55.0,0.0,0.0,0.0,0.0,0.0,36.09347365144727,optimal
2021-02-13 22:30:00,6,62,0.0,0.0,0.0,0.25103333333333333,11.025,6.0,1,18.6916476328553,55.0,0.0,0.0,0.0,0.0,0.0,36.05738017779582,optimal
2021-02-13 23:00:00,6,62,0.0,0.0,0.0,0.14266666666666666,8.2005,6.0,1,18.320043803632814,55.0,0.0,0.0,0.0,0.0,0.0,36.021322797618026,optimal
2021-02-13 23:30:00,6,62,0.0,0.0,0.0,0.22893333333333332,9.5655,6.0,1,17.948921965745093,55.0,0.0,0.0,0.0,0.0,0.0,35.98530147482041,optimal
2021-02-07 00:00:00,7,62,0.0,0.0,0.0,0.057,7.938,6.0,2,21.0,55.0,0.12,0.0,0.0,0.0,0.0,47.952,optimal
2021-02-07 00:30:00,7,62,1.5108309652268146,0.0,0.0,0.057,5.292,6.0,2,20.631932583232473,55.0,0.126,4660.9083782938515,0.0,627.0,0.0,47.904047999999996,optimal
2021-02-07 01:00:00,7,62,0.0,0.0,0.0,0.057,9.261,6.0,2,20.62763127797922,55.0,0.126,0.0,0.0,0.0,0.0,47.856143952,optimal
2021-02-07 01:30:00,7,62,0.0,0.0,0.0,0.10926666666666668,10.3635,6.0,2,20.263165487102746,55.0,0.126,0.0,0.0,0.0,0.0,47.80828780804799,optimal
2021-02-07 02:00:00,7,62,0.0,0.0,0.0,0.07193333333333334,8.274,6.0,2,19.90928682755237,55.0,0.126,0.0,0.0,0.0,0.0,47.76047952023995,optimal
2021-02-07 02:30:00,7,62,0.0,0.0,0.0,0.0906,7.7175,6.0,2,19.558888820967702,55.0,0.126,0.0,0.0,0.0,0.0,47.712719040719705,optimal
2021-02-07 03:00:00,7,62,0.0,0.0,0.0,0.0906,6.615,6.0,2,19.215157283231633,55.0,0.126,0.0,0.0,0.0,0.0,47.66500632167899,optimal
2021-02-07 03:30:00,7,62,0.0,0.0,0.0,0.08686666666666666,6.174,6.0,2,18.876518489738764,55.0,0.126,0.0,0.0,0.0,0.0,47.61734131535731,optimal
2021-02-07 04:00:00,7,62,2.5714285714285716,0.0,0.0,0.09433333333333331,3.906,6.0,2,18.543623886872545,55.0,0.126,9000.0,0.0,0.0,0.0,47.56972397404195,optimal
2021-02-07 04:30:00,7,62,2.5714285714285716,0.0,0.0,0.057,2.3415,6.0,2,18.90881402457156,55.0,0.126,9000.0,0.0,0.0,0.0,47.522154250067906,optimal
2021-02-07 05:00:00,7,62,2.5714285714285716,0.0,0.0,0.1242,2.205,6.0,2,19.263504694743293,55.0,0.126,9000.0,0.0,0.0,0.0,47.47463209581784,optimal
2021-02-07 05:30:00,7,62,2.5714285714285716,0.0,2.836652402258647,0.057,0.882,6.0,2,19.61594808758766,55.0,0.126,9000.0,0.0,0.0,0.0,48.774567354794875,optimal
2021-02-07 06:00:00,7,62,2.5714285714285716,0.0,0.0,0.057,1.5435,6.0,2,19.95586326763595,55.0,0.126,9000.0,0.0,0.0,0.0,48.72579278744007,optimal
2021-02-07 06:30:00,7,62,2.5714285714285716,0.0,0.0,0.063,1.5435,6.0,2,20.28867595658915,55.0,0.126,9000.0,0.0,0.0,0.0,48.67706699465263,optimal
2021-02-07 07:00:00,7,62,2.5714285714285716,0.0,0.0,0.1262,5.0715,6.0,2,20.613489815616607,55.0,0.12133333333333333,9000.0,0.0,0.0,0.0,48.62838992765797,optimal
2021-02-07 07:30:00,7,62,2.5714285714285716,0.0,0.0,0.08623333333333333,5.376,6.0,2,20.949595997840635,55.0,0.11666666666666667,9000.0,0.0,0.0,0.0,48.579761537730306,optimal
2021-02-07 08:00:00,7,62,2.5714285714285716,0.0,0.0,0.23353333333333334,5.0715,6.0,2,21.29514293616556,55.0,0.09533333333333334,9000.0,0.0,0.0,0.0,48.53118177619257,optimal
2021-02-07 08:30:00,7,62,2.5714285714285716,0.0,0.0,0.17843333333333333,5.5125,6.0,2,21.657920065304065,55.0,0.09133333333333334,9000.0,0.0,0.0,0.0,48.48265059441637,optimal
2021-02-07 09:00:00,7,62,1.1151907855764471,0.0,0.0,1.0222666666666667,9.261,6.0,2,22.0,55.0,0.042,3903.167749517565,0.0,0.0,0.0,48.434167943821954,optimal
2021-02-07 09:30:00,7,62,0.0,0.0,0.0,1.0564666666666667,11.7075,6.0,2,22.0,55.0,0.04133333333333333,0.0,0.0,0.0,0.0,48.38573377587813,optimal
2021-02-07 10:00:00,7,62,0.0,0.0,0.0,0.2062,12.348,6.0,2,21.709294517367475,55.0,0.04,0.0,0.0,0.0,0.0,48.33734804210225,optimal
2021-02-07 10:30:00,7,62,0.0,0.0,0.0,0.4545666666666667,12.348,6.0,2,21.433960169921594,55.0,0.04,0.0,0.0,0.0,0.0,48.289010694060146,optimal
2021-02-07 11:00:00,7,62,0.0,0.0,0.0,0.22266666666666662,12.1275,6.0,2,21.18975105443855,55.0,0.04,0.0,0.0,0.0,0.0,48.240721683366075,optimal
2021-02-07 11:30:00,7,62,0.0,0.0,0.0,0.49876666666666664,12.5265,6.0,2,20.98593639479704,55.0,0.03666666666666667,0.0,0.0,0.0,0.0,48.192480961682705,optimal
2021-02-07 12:00:00,7,62,2.5714285714285716,0.0,0.0,0.197,11.7495,6.0,2,20.794636074346194,55.0,0.03666666666666667,9000.0,0.0,0.0,0.0,48.144288480721016,optimal
2021-02-07 12:30:00,7,62,0.0,0.0,0.0,0.197,13.23,6.0,2,21.311522945086917,55.0,0.02666666666666667,0.0,0.0,0.0,0.0,48.096144192240295,optimal
2021-02-07 13:00:00,7,62,0.0,0.0,0.0,0.1041,14.3325,6.0,2,21.121245248816724,55.0,0.024666666666666667,0.0,0.0,0.0,0.0,48.048048048048045,optimal
2021-02-07 13:30:00,7,62,0.0,0.0,0.0,0.17683333333333334,14.994,6.0,2,20.891585490139494,55.0,0.024666666666666667,0.0,0.0,0.0,0.0,48.0,optimal
2021-02-07 14:00:00,7,62,0.0,0.0,0.0,0.17266666666666666,14.8155,6.0,2,20.700164244399875,55.0,0.022,0.0,0.0,0.0,0.0,47.59840450031435,optimal
2021-02-07 14:30:00,7,62,0.0,0.0,0.0,0.0782,14.112,6.0,2,20.49134677254963,55.0,0.022,0.0,0.0,0.0,0.0,47.19721059612839,optimal
2021-02-07 15:00:00,7,62,2.2409266809318753,0.0,0.0,0.067,14.007,6.0,2,20.264028398650037,55.0,0.022,7843.2433832615625,0.0,0.0,0.0,46.796417885846616,optimal
2021-02-07 15:30:00,7,62,2.5714285714285716,0.0,0.0,0.067,13.23,6.0,2,20.681760855094797,55.0,0.022,9000.0,0.0,0.0,0.0,46.396025968275126,optimal
2021-02-07 16:00:00,7,62,2.5714285714285716,0.0,0.0,0.13419999999999999,11.382,6.0,2,21.176520911818574,55.0,0.022,9000.0,0.0,0.0,0.0,45.9960344426212,optimal
2021-02-07 16:30:00,7,62,2.5714285714285716,0.0,0.0,0.38489999999999996,11.7495,6.0,2,21.57729784075958,55.0,0.022,9000.0,0.0,0.0,0.0,45.59644290849293,optimal
2021-02-07 17:00:00,7,62,0.15177039103915668,0.0,0.0,0.17343333333333333,24.3285,6.0,2,22.0,55.0,0.02,531.1963686370484,0.0,0.0,0.0,45.197250965898796,optimal
2021-02-07 17:30:00,7,62,0.0,0.0,0.0,0.3522666666666667,28.917,6.0,2,21.67964339332252,55.0,0.019333333333333334,0.0,0.0,0.0,0.0,44.79845821524725,optimal
2021-02-07 18:00:00,7,62,0.0,0.0,0.0,0.10893333333333334,31.3635,6.0,2,21.349164079207608,55.0,0.019333333333333334,0.0,0.0,0.0,0.0,44.40006425734636,optimal
2021-02-07 18:30:00,7,62,0.0,0.0,0.0,0.3691666666666667,33.306,6.0,2,20.991092585559127,55.0,0.012666666666666666,0.0,0.0,0.0,0.0,44.002068693403366,optimal
2021-02-07 19:00:00,7,62,0.0,0.0,0.0,0.23203333333333334,31.3425,6.0,2,20.654872526899446,55.0,0.01,0.0,0.0,0.0,0.0,43.60447112502432,optimal
2021-02-07 19:30:00,7,62,0.0,0.0,0.0,0.4076,28.2555,6.0,2,20.31786233141387,55.0,0.008,0.0,0.0,0.0,0.0,43.20727115421365,optimal
2021-02-07 20:00:00,7,62,1.1336805855670309,0.0,0.0,0.3788666666666667,15.6975,6.0,2,20.0,55.0,0.008,3967.882049484608,0.0,0.0,0.0,42.81046838337379,optimal
2021-02-07 20:30:00,7,62,0.0,0.0,0.0,0.6451,12.5475,6.0,2,20.0,55.0,0.006,0.0,0.0,0.0,0.0,42.41406241530477,optimal
2021-02-07 21:00:00,7,62,0.0,0.0,0.0,0.4024666666666666,12.0855,6.0,2,19.706761132717627,55.0,0.006,0.0,0.0,0.0,0.0,42.01805285320382,optimal
2021-02-07 21:30:00,7,62,0.0,0.0,0.0,0.38826666666666665,11.907,6.0,2,19.394688505377786,55.0,0.006,0.0,0.0,0.0,0.0,41.62243930066497,optimal
2021-02-07 22:00:00,7,62,0.0,0.0,0.0,0.4037,12.5685,6.0,2,19.08822471469414,55.0,0.0,0.0,0.0,0.0,0.0,41.580816861364305,optimal
2021-02-07 22:30:00,7,62,0.0,0.0,0.0,0.3684666666666666,13.146,6.0,2,18.786455943983977,55.0,0.0,0.0,0.0,0.0,0.0,41.53923604450294,optimal
2021-02-07 23:00:00,7,62,0.0,0.0,0.0,0.067,10.584,6.0,2,18.492562787210865,55.0,0.0,0.0,0.0,0.0,0.0,41.49769680845844,optimal
2021-02-07 23:30:00,7,62,0.0,0.0,0.0,0.13419999999999999,6.678,6.0,2,18.153903619493363,55.0,0.0,0.0,0.0,0.0,0.0,41.45619911164999,optimal
2021-02-08 00:00:00,7,62,0.0,0.0,0.0,0.06266666666666666,10.143,6.0,3,18.153903619493363,55.0,0.0,0.0,0.0,0.0,0.0,41.41474291253834,optimal
2021-02-08 00:30:00,7,62,0.0,0.0,0.0,0.063,11.2455,6.0,3,17.81681623171458,55.0,0.0,0.0,0.0,0.0,0.0,41.3733281696258,optimal
2021-02-08 01:00:00,7,62,0.0,0.0,0.0,0.063,11.025,6.0,3,17.484287611878745,55.0,0.0,0.0,0.0,0.0,0.0,41.331954841456174,optimal
2021-02-08 01:30:00,7,62,2.5714285714285716,0.0,0.0,0.1752,5.9745,6.0,3,17.158707141757535,55.0,0.06,2730.0,0.0,6270.0,0.0,41.29062288661472,optimal
2021-02-08 02:00:00,7,62,2.5714285714285716,0.0,0.0,0.15876666666666667,7.938,6.0,3,17.05729214952685,55.0,0.06,9000.0,0.0,0.0,0.0,41.24933226372811,optimal
2021-02-08 02:30:00,7,62,2.5714285714285716,0.0,0.0,0.1411,8.6835,6.0,3,17.43750326630766,55.0,0.06,9000.0,0.0,0.0,0.0,41.20808293146438,optimal
2021-02-08 03:00:00,7,62,2.5714285714285716,0.0,0.0,0.1252666666666667,7.665,6.0,3,17.80945707232941,55.0,0.06,9000.0,0.0,0.0,0.0,41.16687484853292,optimal
2021-02-08 03:30:00,7,62,2.5714285714285716,0.0,0.0,0.16440000000000002,6.7725,6.0,3,18.17346698467597,55.0,0.06,9000.0,0.0,0.0,0.0,41.125707973684385,optimal
2021-02-08 04:00:00,7,62,2.5714285714285716,0.0,0.0,0.063,5.5755,6.0,3,18.531833383368614,55.0,0.06,9000.0,0.0,0.0,0.0,41.0845822657107,optimal
2021-02-08 04:30:00,7,62,2.5714285714285716,0.0,6.244702592286055,0.063,5.0925,6.0,3,18.873874984395385,55.0,0.06,9000.0,0.0,0.0,0.0,44.009731414780866,optimal
2021-02-08 05:00:00,7,62,2.5714285714285716,0.0,9.0,0.1752,4.1895,6.0,3,19.206680173754666,55.0,0.06,9000.0,0.0,0.0,0.0,48.240721683366075,optimal
2021-02-08 05:30:00,7,62,2.5714285714285716,0.0,0.0,0.0968,7.056,6.0,3,19.53906389089976,55.0,0.06,9000.0,0.0,0.0,0.0,48.192480961682705,optimal
2021-02-08 06:00:00,7,62,2.5714285714285716,0.0,0.0,0.14186666666666667,5.271,6.0,3,19.857433137721728,55.0,0.06,9000.0,0.0,0.0,0.0,48.144288480721016,optimal
2021-02-08 06:30:00,7,62,2.5714285714285716,0.0,0.0,0.063,7.938,6.0,3,20.171568471331344,55.0,0.06,9000.0,0.0,0.0,0.0,48.096144192240295,optimal
2021-02-08 07:00:00,7,62,2.5714285714285716,0.0,0.0,0.22790000000000002,7.938,6.0,3,20.47203477189095,55.0,0.058,9000.0,0.0,0.0,0.0,48.048048048048045,optimal
2021-02-08 07:30:00,7,62,0.0,0.0,0.0,0.13396666666666668,11.907,6.0,3,20.780411245359616,55.0,0.052,0.0,0.0,0.0,0.0,48.0,optimal
2021-02-08 08:00:00,7,62,2.5714285714285716,0.0,0.0,0.1257666666666667,11.025,6.0,3,20.397116594857508,55.0,0.052,9000.0,0.0,0.0,0.0,47.85073095032921,optimal
2021-02-08 08:30:00,7,62,2.5714285714285716,0.0,0.0,0.2738333333333333,11.2875,6.0,3,20.712433896592295,55.0,0.050666666666666665,9000.0,0.0,0.0,0.0,47.70161116970809,optimal
2021-02-08 09:00:00,7,62,0.0,0.0,0.0,0.3641333333333333,12.936,6.0,3,21.03604043930145,55.0,0.048,0.0,0.0,0.0,0.0,47.55264050886759,optimal
2021-02-08 09:30:00,7,62,0.0,0.0,0.0,0.37,13.0095,6.0,3,20.72116193973703,55.0,0.028666666666666667,0.0,0.0,0.0,0.0,47.40381881868793,optimal
2021-02-08 10:00:00,7,62,0.0,0.0,0.0,0.073,13.671,6.0,3,20.412887388233525,55.0,0.028666666666666667,0.0,0.0,0.0,0.0,47.255145950198454,optimal
2021-02-08 10:30:00,7,62,0.7322467887362298,0.0,0.0,0.2447333333333333,13.188,6.0,3,20.165894799450207,55.0,0.028666666666666667,2562.8637605768045,0.0,0.0,0.0,47.10662175457747,optimal
2021-02-08 11:00:00,7,62,0.0,0.0,0.0,0.12613333333333335,13.8495,6.0,3,20.13106742946104,55.0,0.028666666666666667,0.0,0.0,0.0,0.0,46.9582460831521,optimal
2021-02-08 11:30:00,7,62,0.46599725718004503,0.0,0.0,0.13793333333333332,13.23,6.0,3,20.0,55.0,0.028666666666666667,1630.9904001301577,0.0,0.0,0.0,46.81001878739816,optimal
2021-02-08 12:00:00,7,62,0.30097489254403037,0.0,0.0,0.2329333333333333,13.3665,6.0,3,20.0,55.0,0.028666666666666667,1053.4121239041062,0.0,0.0,0.0,46.66193971893997,optimal
2021-02-08 12:30:00,7,62,1.413530493071743,0.0,0.0,0.073,13.0515,6.0,3,20.0,55.0,0.028666666666666667,4947.3567257511,0.0,0.0,0.0,46.51400872955024,optimal
2021-02-08 13:00:00,7,62,0.0,0.0,0.0,0.2927666666666667,13.5345,6.0,3,20.291116965308753,55.0,0.028666666666666667,0.0,0.0,0.0,0.0,46.3662256711499,optimal
2021-02-08 13:30:00,7,62,0.0,0.0,0.0,0.07809999999999999,14.154,6.0,3,20.20497417887375,55.0,0.028666666666666667,0.0,0.0,0.0,0.0,46.21859039580796,optimal
2021-02-08 14:00:00,7,62,0.0,0.0,0.0,0.37906666666666666,14.112,6.0,3,20.106224887173624,55.0,0.028666666666666667,0.0,0.0,0.0,0.0,46.07110275574136,optimal
2021-02-08 14:30:00,7,62,0.0,0.0,0.0,0.5357333333333334,14.2485,6.0,3,20.04470018563238,55.0,0.028666666666666667,0.0,0.0,0.0,0.0,45.92376260331483,optimal
2021-02-08 15:00:00,7,62,0.45485408123734244,0.0,0.0,0.396,12.789,6.0,3,20.0,55.0,0.028666666666666667,1591.9892843306984,0.0,0.0,0.0,45.77656979104072,optimal
2021-02-08 15:30:00,7,62,2.5714285714285716,0.0,0.0,0.2272333333333333,13.0095,6.0,3,20.002764146767284,55.0,0.027333333333333334,9000.0,0.0,0.0,0.0,45.62952417157889,optimal
2021-02-08 16:00:00,7,62,2.5714285714285716,0.0,0.0,0.5678666666666666,12.1275,6.0,3,20.58026739577873,55.0,0.023333333333333334,9000.0,0.0,0.0,0.0,45.48262559773652,optimal
2021-02-08 16:30:00,7,62,2.5714285714285716,0.0,0.0,2.2765,12.348,6.0,3,21.095550252538644,55.0,0.023333333333333334,9000.0,0.0,0.0,0.0,45.335873922468,optimal
2021-02-08 17:00:00,7,62,2.5714285714285716,0.0,0.0,0.2840666666666667,12.348,6.0,3,21.65331285770709,55.0,0.019333333333333334,9000.0,0.0,0.0,0.0,45.29053804854553,optimal
2021-02-08 17:30:00,7,62,0.4636908834120837,0.0,0.0,0.35333333333333333,25.389,6.0,3,22.0,55.0,0.016,1622.918091942293,0.0,0.0,0.0,45.24524751049698,optimal
2021-02-08 18:00:00,7,62,0.0,0.0,0.0,0.41153333333333336,29.1375,6.0,3,21.77556399706445,55.0,0.012666666666666666,0.0,0.0,0.0,0.0,45.20000226298648,optimal
2021-02-08 18:30:00,7,62,0.0,0.0,0.0,0.3706333333333333,30.597,6.0,3,21.40444079695306,55.0,0.009333333333333334,0.0,0.0,0.0,0.0,45.15480226072349,optimal
2021-02-08 19:00:00,7,62,0.0,0.0,0.0,0.3052333333333333,33.684,6.0,3,21.043830551678155,55.0,0.008,0.0,0.0,0.0,0.0,45.10964745846277,optimal
2021-02-08 19:30:00,7,62,0.0,0.0,0.0,0.36336666666666667,32.445,6.0,3,20.681933137800367,55.0,0.005333333333333333,0.0,0.0,0.0,0.0,45.06453781100431,optimal
2021-02-08 20:00:00,7,62,0.0,0.0,0.0,0.4439333333333333,28.917,6.0,3,20.33361803128436,55.0,0.0019999999999999996,0.0,0.0,0.0,0.0,45.019473273193306,optimal
2021-02-08 20:30:00,7,62,0.0,0.0,0.0,0.32206666666666667,15.876,6.0,3,20.0,55.0,0.001333333333333333,0.0,0.0,0.0,0.0,44.97445379992011,optimal
2021-02-08 21:00:00,7,62,0.0,0.0,0.0,0.6389,12.348,6.0,3,19.66232638452024,55.0,0.001333333333333333,0.0,0.0,0.0,0.0,44.929479346120196,optimal
2021-02-08 21:30:00,7,62,0.0,0.0,0.0,0.3263333333333333,12.1275,6.0,3,19.346896124157144,55.0,0.001333333333333333,0.0,0.0,0.0,0.0,44.88454986677407,optimal
2021-02-08 22:00:00,7,62,0.0,0.0,0.0,0.4106666666666667,12.348,6.0,3,19.025317480156094,55.0,0.001333333333333333,0.0,0.0,0.0,0.0,44.8396653169073,optimal
2021-02-08 22:30:00,7,62,0.0,0.0,0.0,0.5424,12.1275,6.0,3,18.719760467818602,55.0,0.001333333333333333,0.0,0.0,0.0,0.0,44.79482565159039,optimal
2021-02-08 23:00:00,7,62,0.0,0.0,0.0,0.4461333333333333,12.1275,6.0,3,18.4255986332343,55.0,0.001333333333333333,0.0,0.0,0.0,0.0,44.7500308259388,optimal
2021-02-08 23:30:00,7,62,0.0,0.0,0.0,0.5225333333333333,11.2665,6.0,3,18.116384800036194,55.0,0.0,0.0,0.0,0.0,0.0,44.70528079511286,optimal
2021-02-09 00:00:00,7,62,2.5714285714285716,0.0,0.0,0.048,11.7705,6.0,-4,18.116384800036194,55.0,0.0,9000.0,0.0,0.0,0.0,44.66057551431775,optimal
2021-02-09 00:30:00,7,62,2.5714285714285716,0.0,0.0,0.11696666666666668,11.13,6.0,-4,18.44912330742855,55.0,0.05733333333333333,3008.666666666667,0.0,5991.333333333333,0.0,44.61591493880343,optimal
2021-02-09 01:00:00,7,62,2.5714285714285716,0.0,0.0,0.1047,11.6865,6.0,-4,18.323696346890934,55.0,0.05733333333333333,9000.0,0.0,0.0,0.0,44.571299023864626,optimal
2021-02-09 01:30:00,7,62,2.5714285714285716,0.0,0.0,0.054299999999999994,10.7205,6.0,-4,18.6585496705379,55.0,0.05733333333333333,9000.0,0.0,0.0,0.0,44.52672772484076,optimal
2021-02-09 02:00:00,7,62,2.5714285714285716,0.0,0.0,0.2327,11.424,6.0,-4,18.980443821266952,55.0,0.05733333333333333,9000.0,0.0,0.0,0.0,44.48220099711592,optimal
2021-02-09 02:30:00,7,62,2.5714285714285716,0.0,8.515645891152792,0.093,10.689,6.0,-4,19.307231586367525,55.0,0.05733333333333333,9000.0,0.0,0.0,0.0,48.48265059441637,optimal
2021-02-09 03:00:00,7,62,2.5714285714285716,0.0,0.0,0.179,11.361,6.0,-4,19.61750073331971,55.0,0.05733333333333333,9000.0,0.0,0.0,0.0,48.434167943821954,optimal
2021-02-09 03:30:00,7,62,2.5714285714285716,0.0,0.0,0.153,11.571,6.0,-4,19.928940205888836,55.0,0.05733333333333333,9000.0,0.0,0.0,0.0,48.38573377587813,optimal
2021-02-09 04:00:00,7,62,0.0,0.0,0.0,0.174,14.3745,6.0,-4,20.233963718125814,55.0,0.05733333333333333,0.0,0.0,0.0,0.0,48.33734804210225,optimal
2021-02-09 04:30:00,7,62,2.5714285714285716,0.0,0.0,0.128,13.23,6.0,-4,19.844717102774514,55.0,0.05733333333333333,9000.0,0.0,0.0,0.0,48.289010694060146,optimal
2021-02-09 05:00:00,7,62,2.5714285714285716,0.0,0.0,0.078,13.9755,6.0,-4,20.14957933680522,55.0,0.05733333333333333,9000.0,0.0,0.0,0.0,48.240721683366075,optimal
2021-02-09 05:30:00,7,62,0.5459424421314345,0.0,0.0,0.156,14.994,6.0,-4,20.44213979628106,55.0,0.05733333333333333,1910.7985474600207,0.0,0.0,0.0,48.192480961682705,optimal
2021-02-09 06:00:00,7,62,2.5714285714285716,0.0,0.0,0.196,13.671,6.0,-4,20.1890469766312,55.0,0.05733333333333333,9000.0,0.0,0.0,0.0,48.144288480721016,optimal
2021-02-09 06:30:00,7,62,0.0,0.0,0.0,0.058,15.981,6.0,-4,20.489081963019697,55.0,0.05733333333333333,0.0,0.0,0.0,0.0,48.096144192240295,optimal
2021-02-09 07:00:00,7,62,2.5714285714285716,0.0,0.0,0.19490000000000002,15.6345,6.0,-4,20.079598557486396,55.0,0.05733333333333333,9000.0,0.0,0.0,0.0,48.048048048048045,optimal
2021-02-09 07:30:00,7,62,0.0,0.0,0.0,0.15936666666666668,16.5375,6.0,-4,20.37974643869711,55.0,0.05333333333333334,0.0,0.0,0.0,0.0,48.0,optimal
2021-02-09 08:00:00,7,62,2.5714285714285716,0.0,0.0,0.1865,14.7735,6.0,-4,20.0,55.0,0.032,9000.0,0.0,0.0,0.0,46.924277633309735,optimal
2021-02-09 08:30:00,7,62,0.194900458068606,0.0,0.0,0.3507333333333333,15.2145,6.0,-4,20.309899270209222,55.0,0.029333333333333333,682.1516032401211,0.0,0.0,0.0,45.84963098898616,optimal
2021-02-09 09:00:00,7,62,1.1001495854880006,0.0,0.0,0.1005,14.553,6.0,-4,20.0,55.0,0.029333333333333333,3850.5235492080024,0.0,0.0,0.0,44.77605899130691,optimal
2021-02-09 09:30:00,7,62,1.0282809732343645,0.0,0.0,0.20133333333333328,14.3325,6.0,-4,20.0,55.0,0.028666666666666667,3598.983406320275,0.0,0.0,0.0,43.70356056562534,optimal
2021-02-09 10:00:00,7,62,1.0891410607292835,0.0,0.0,0.2840666666666667,14.595,6.0,-4,20.0,55.0,0.024,3811.9937125524925,0.0,0.0,0.0,42.63213463836945,optimal
2021-02-09 10:30:00,7,62,0.0,0.0,0.0,0.196,14.994,6.0,-4,20.154289625504514,55.0,0.024,0.0,0.0,0.0,0.0,41.56178013704082,optimal
2021-02-09 11:00:00,7,62,0.08312307797683126,0.0,0.0,1.4530999999999998,14.3325,6.0,-4,20.0,55.0,0.02266666666666667,290.9307729189094,0.0,0.0,0.0,40.49249599021352,optimal
2021-02-09 11:30:00,7,62,0.09447862672821457,0.0,0.0,1.153,13.8915,6.0,-4,20.0,55.0,0.02266666666666667,330.675193548751,0.0,0.0,0.0,39.42428112753304,optimal
2021-02-09 12:00:00,7,62,0.0,0.0,0.0,1.3235999999999999,13.8915,6.0,-4,20.0,55.0,0.02266666666666667,0.0,0.0,0.0,0.0,38.35713447971525,optimal
2021-02-09 12:30:00,7,62,0.0,0.0,0.0,0.38180000000000003,13.4715,6.0,-4,20.028548318895144,55.0,0.019333333333333334,0.0,0.0,0.0,0.0,37.29105497854527,optimal
2021-02-09 13:00:00,7,62,2.5714285714285716,0.0,0.0,0.46366666666666667,13.23,6.0,-4,20.015207337759286,55.0,0.017333333333333333,9000.0,0.0,0.0,0.0,37.25376392356672,optimal
2021-02-09 13:30:00,7,62,1.0137649261294104,0.0,0.0,0.1321,13.8915,6.0,-4,20.72043308928317,55.0,0.011333333333333334,3548.1772414529364,0.0,0.0,0.0,37.21651015964316,optimal
2021-02-09 14:00:00,7,62,0.0,0.0,0.0,0.1699,26.9325,6.0,-4,20.97229326724634,55.0,0.01,0.0,0.0,0.0,0.0,37.17929364948351,optimal
2021-02-09 14:30:00,7,62,0.0,0.0,0.0,0.07473333333333333,30.303,6.0,-4,20.930755685490062,55.0,0.01,0.0,0.0,0.0,0.0,37.142114355834025,optimal
2021-02-09 15:00:00,7,62,0.0,0.0,0.0,0.508,32.886,6.0,-4,20.874581721198176,55.0,0.009333333333333334,0.0,0.0,0.0,0.0,37.104972241478194,optimal
2021-02-09 15:30:00,7,62,0.0,0.0,0.0,0.09783333333333331,34.9965,6.0,-4,20.794778925650334,55.0,0.008666666666666666,0.0,0.0,0.0,0.0,37.067867269236714,optimal
2021-02-09 16:00:00,7,62,0.0,0.0,0.0,0.18,33.327,6.0,-4,20.693551848156766,55.0,0.008666666666666666,0.0,0.0,0.0,0.0,37.03079940196748,optimal
2021-02-09 16:30:00,7,62,0.0,0.0,0.0,0.08963333333333334,31.122,6.0,-4,20.513309360525707,55.0,0.005333333333333333,0.0,0.0,0.0,0.0,36.99376860256551,optimal
2021-02-09 17:00:00,7,62,0.0,0.0,0.0,0.17880000000000001,17.9025,6.0,-4,20.315637442971692,55.0,0.004,0.0,0.0,0.0,0.0,36.956774833962946,optimal
2021-02-09 17:30:00,7,62,0.9346814375371444,0.0,0.0,0.7106,15.6555,6.0,-4,20.0,55.0,0.0033333333333333335,3271.3850313800053,0.0,0.0,0.0,36.919818059128986,optimal
2021-02-09 18:00:00,7,62,1.0087981819680456,0.0,0.0,0.8224,14.553,6.0,-4,20.0,55.0,0.001333333333333333,3530.79363688816,0.0,0.0,0.0,36.88289824106986,optimal
2021-02-09 18:30:00,7,62,1.2724565878622776,0.0,0.0,0.1256,14.3325,6.0,-4,20.0,55.0,0.0,4453.598057517971,0.0,0.0,0.0,36.84601534282879,optimal
2021-02-09 19:00:00,7,62,1.2282197556612835,0.0,0.0,0.1509,13.335,6.0,-4,20.0,55.0,0.0,4298.769144814492,0.0,0.0,0.0,36.80916932748596,optimal
2021-02-09 19:30:00,7,62,1.3958483270898494,0.0,0.0,0.3992,12.1275,6.0,-4,20.0,55.0,0.0033333333333333335,4119.13581148114,0.0,766.3333333333334,0.0,36.77236015815848,optimal
2021-02-09 20:00:00,7,62,1.2801721366136543,0.0,0.0,0.211,12.2955,6.0,-4,20.0,55.0,0.0,4480.60247814779,0.0,0.0,0.0,36.73558779800032,optimal
2021-02-09 20:30:00,7,62,0.0,0.0,0.0,0.08963333333333334,11.6865,6.0,-4,20.0,55.0,0.0,0.0,0.0,0.0,0.0,36.69885221020232,optimal
2021-02-09 21:00:00,7,62,0.05971428571428571,0.0,0.0,0.23863333333333334,11.466,6.0,-4,19.64770205298098,55.0,0.0,0.0,0.0,209.0,0.0,36.66215335799212,optimal
2021-02-09 21:30:00,7,62,0.0398095238095238,0.0,0.0,0.1422,10.8045,6.0,-4,19.29805801064689,55.0,0.0,0.0,0.0,139.33333333333331,0.0,36.62549120463412,optimal
2021-02-09 22:00:00,7,62,0.0,0.0,0.0,0.22236666666666668,10.584,6.0,-4,18.94259863369578,55.0,0.0,0.0,0.0,0.0,0.0,36.58886571342949,optimal
2021-02-09 22:30:00,7,62,0.0,0.0,0.0,0.3251,11.2455,6.0,-4,18.60599466847336,55.0,0.0,0.0,0.0,0.0,0.0,36.552276847716065,optimal
2021-02-09 23:00:00,7,62,0.0,0.0,0.0,0.126,12.1275,6.0,-4,18.293298705130738,55.0,0.0,0.0,0.0,0.0,0.0,36.51572457086835,optimal
2021-02-09 23:30:00,7,62,0.0,0.0,0.0,0.22266666666666662,11.823,6.0,-4,17.938055609837882,55.0,0.0,0.0,0.0,0.0,0.0,36.47920884629748,optimal
2021-02-10 00:00:00,7,62,0.0,0.0,0.0,0.054,11.7075,6.0,1,17.938055609837882,55.0,0.0,0.0,0.0,0.0,0.0,36.44272963745119,optimal
2021-02-10 00:30:00,7,62,2.5714285714285716,0.0,0.0,0.054,10.8045,6.0,1,17.579256249198448,55.0,0.0861244019138756,0.0,0.0,9000.0,0.0,36.40628690781374,optimal
2021-02-10 01:00:00,7,62,2.5714285714285716,0.0,0.0,0.18306666666666663,11.508,6.0,1,17.225864473339715,55.0,0.11933333333333335,5529.666666666664,0.0,3470.3333333333353,0.0,36.369880620905924,optimal
2021-02-10 01:30:00,7,62,2.5714285714285716,0.0,0.0,0.054,11.508,6.0,1,17.31260945812457,55.0,0.11933333333333335,9000.0,0.0,0.0,0.0,36.33351074028502,optimal
2021-02-10 02:00:00,7,62,2.5714285714285716,0.0,0.0,0.11853333333333332,11.508,6.0,1,17.65221017630025,55.0,0.11933333333333335,9000.0,0.0,0.0,0.0,36.29717722954474,optimal
2021-02-10 02:30:00,7,62,2.5714285714285716,0.0,0.0,0.11853333333333332,11.844,6.0,1,17.98758451234234,55.0,0.11933333333333335,9000.0,0.0,0.0,0.0,36.260880052315194,optimal
2021-02-10 03:00:00,7,62,2.5714285714285716,0.0,0.0,0.054,11.508,6.0,1,18.31595123773602,55.0,0.11933333333333335,9000.0,0.0,0.0,0.0,36.22461917226288,optimal
2021-02-10 03:30:00,7,62,2.5714285714285716,0.0,0.0,0.18306666666666663,11.508,6.0,1,18.63249774820192,55.0,0.11933333333333335,9000.0,0.0,0.0,0.0,36.18839455309061,optimal
2021-02-10 04:00:00,7,62,2.5714285714285716,0.0,9.0,0.9751333333333332,10.4475,6.0,1,18.952348108506982,55.0,0.11666666666666668,9000.0,0.0,0.0,0.0,40.427206158537516,optimal
2021-02-10 04:30:00,7,62,2.5714285714285716,0.0,7.424047852683068,0.17133333333333334,10.8675,6.0,1,19.26639484260005,55.0,0.11666666666666668,9000.0,0.0,0.0,0.0,43.913201682403425,optimal
2021-02-10 05:00:00,7,62,2.5714285714285716,0.0,9.0,0.06573333333333334,10.542,6.0,1,19.570008860749354,55.0,0.11666666666666668,9000.0,0.0,0.0,0.0,48.144288480721016,optimal
2021-02-10 05:30:00,7,62,2.5714285714285716,0.0,0.0,0.15706666666666666,11.025,6.0,1,19.857074635084935,55.0,0.06266666666666666,9000.0,0.0,0.0,0.0,48.096144192240295,optimal
2021-02-10 06:00:00,7,62,2.5714285714285716,0.0,0.0,0.26373333333333326,11.025,6.0,1,20.145504577259196,55.0,0.06266666666666666,9000.0,0.0,0.0,0.0,48.048048048048045,optimal
2021-02-10 06:30:00,7,62,2.5714285714285716,0.0,0.0,0.427,14.553,6.0,1,20.43739621250498,55.0,0.022986666666666666,9000.0,0.0,0.0,0.0,48.0,optimal
2021-02-10 07:00:00,7,62,2.5714285714285716,0.0,0.0,1.3086666666666666,13.0935,6.0,1,20.741248448396934,55.0,0.014666666666666666,9000.0,0.0,0.0,0.0,47.926573425925845,optimal
2021-02-10 07:30:00,7,62,2.5714285714285716,0.0,0.0,0.16373333333333331,15.6345,6.0,1,21.07083804037141,55.0,0.014666666666666666,9000.0,0.0,0.0,0.0,47.853220278425766,optimal
2021-02-10 08:00:00,7,62,0.0,0.0,0.0,0.064,18.102,6.0,1,21.3235308296027,55.0,0.014666666666666666,0.0,0.0,0.0,0.0,47.77994048407319,optimal
2021-02-10 08:30:00,7,62,0.0,0.0,0.0,0.19306666666666664,17.199,6.0,1,20.873048394364638,55.0,0.014666666666666666,0.0,0.0,0.0,0.0,47.70673396951496,optimal
2021-02-10 09:00:00,7,62,0.0,0.0,0.0,0.064,18.2805,6.0,1,20.44607577468515,55.0,0.014666666666666666,0.0,0.0,0.0,0.0,47.63360066147129,optimal
2021-02-10 09:30:00,7,62,1.761335150116574,0.0,0.0,0.064,17.4615,6.0,1,20.092273556952712,55.0,0.014666666666666666,6164.6730254080085,0.0,0.0,0.0,47.56054048673567,optimal
2021-02-10 10:00:00,7,62,0.0,0.0,0.0,0.11093333333333334,18.3225,6.0,1,20.223763793573912,55.0,0.014666666666666666,0.0,0.0,0.0,0.0,47.48755337217478,optimal
2021-02-10 10:30:00,7,62,0.792878736147443,0.0,0.0,0.14613333333333334,17.094,6.0,1,20.0,55.0,0.014666666666666666,2775.07557651605,0.0,0.0,0.0,47.414639244728455,optimal
2021-02-10 11:00:00,7,62,0.5130648309739407,0.0,0.0,0.064,17.094,6.0,1,20.0,55.0,0.014666666666666666,1795.7269084087927,0.0,0.0,0.0,47.341798031409574,optimal
2021-02-10 11:30:00,7,62,0.47177211895288573,0.0,0.0,0.1813333333333333,17.094,6.0,1,20.0,55.0,0.014666666666666666,1651.2024163351,0.0,0.0,0.0,47.26902965930401,optimal
2021-02-10 12:00:00,7,62,0.11730254779751088,0.0,0.0,0.07573333333333333,17.3565,6.0,1,20.0,55.0,0.014666666666666666,410.5589172912881,0.0,0.0,0.0,47.19633405557055,optimal
2021-02-10 12:30:00,7,62,0.10892159541656121,0.0,0.0,0.10506666666666667,17.115,6.0,1,20.0,55.0,0.014666666666666666,381.22558395796426,0.0,0.0,0.0,47.12371114744083,optimal
2021-02-10 13:00:00,7,62,0.158324087811958,0.0,0.0,0.152,17.241,6.0,1,20.0,55.0,0.014666666666666666,554.1343073418531,0.0,0.0,0.0,47.051160862219234,optimal
2021-02-10 13:30:00,7,62,0.16625294948414118,0.0,0.0,0.06986666666666666,17.094,6.0,1,20.0,55.0,0.014666666666666666,581.885323194494,0.0,0.0,0.0,46.97868312728286,optimal
2021-02-10 14:00:00,7,62,2.5714285714285716,0.0,0.0,0.18719999999999998,16.5165,6.0,1,20.0,55.0,0.014666666666666666,9000.0,0.0,0.0,0.0,46.906277870081425,optimal
2021-02-10 14:30:00,7,62,0.0,0.0,0.0,0.064,17.8185,6.0,1,20.64680708646819,55.0,0.014666666666666666,0.0,0.0,0.0,0.0,46.83394501813719,optimal
2021-02-10 15:00:00,7,62,2.5714285714285716,0.0,0.0,0.064,17.094,6.0,1,20.57903205757154,55.0,0.014666666666666666,9000.0,0.0,0.0,0.0,46.761684499044904,optimal
2021-02-10 15:30:00,7,62,2.5714285714285716,0.0,0.0,0.0992,16.8945,6.0,1,21.13187178851195,55.0,0.014666666666666666,9000.0,0.0,0.0,0.0,46.689496240471705,optimal
2021-02-10 16:00:00,7,62,2.1317826989687383,0.0,0.0,0.31,18.123,6.0,1,21.67168593843578,55.0,0.014666666666666666,7461.239446390584,0.0,0.0,0.0,46.61738017015708,optimal
2021-02-10 16:30:00,7,62,0.0,0.0,0.0,1.6670999999999998,31.647,6.0,1,22.0,55.0,0.014666666666666666,0.0,0.0,0.0,0.0,46.54533621591277,optimal
2021-02-10 17:00:00,7,62,0.0,0.0,0.0,0.37826666666666664,34.9965,6.0,1,21.763382911455118,55.0,0.010666666666666666,0.0,0.0,0.0,0.0,46.4733643056227,optimal
2021-02-10 17:30:00,7,62,0.0,0.0,0.0,0.16533333333333333,34.9965,6.0,1,21.40533762139511,55.0,0.010666666666666666,0.0,0.0,0.0,0.0,46.40146436724293,optimal
2021-02-10 18:00:00,7,62,0.0,0.0,0.0,0.1714,34.9965,6.0,1,21.01376399585854,55.0,0.010666666666666666,0.0,0.0,0.0,0.0,46.329636328801534,optimal
2021-02-10 18:30:00,7,62,0.0,0.0,0.0,0.7451,34.9965,6.0,1,20.58988623912851,55.0,0.010666666666666666,0.0,0.0,0.0,0.0,46.25788011839858,optimal
2021-02-10 19:00:00,7,62,0.41153834092064956,0.0,0.0,1.4610333333333334,34.9965,6.0,1,20.204345093135256,55.0,0.007333333333333333,1440.3841932222733,0.0,0.0,0.0,46.211622238280185,optimal
2021-02-10 19:30:00,7,62,1.303442796516926,0.0,0.0,0.5009,27.741,6.0,1,20.0,55.0,0.0026666666666666666,4562.049787809241,0.0,0.0,0.0,46.1654106160419,optimal
2021-02-10 20:00:00,7,62,1.2544079099028969,0.0,0.0,0.6809,19.026,6.0,1,20.0,55.0,0.0006666666666666665,4390.427684660139,0.0,0.0,0.0,46.11924520542586,optimal
2021-02-10 20:30:00,7,62,0.0,0.0,0.0,0.6015333333333333,18.7215,6.0,1,20.0,55.0,0.0006666666666666665,0.0,0.0,0.0,0.0,46.07312596022044,optimal
2021-02-10 21:00:00,7,62,0.0,0.0,0.0,0.4034,17.4195,6.0,1,19.653235137113224,55.0,0.0006666666666666665,0.0,0.0,0.0,0.0,46.02705283426022,optimal
2021-02-10 21:30:00,7,62,0.0,0.0,0.0,0.5206333333333333,16.758,6.0,1,19.30218956313273,55.0,0.0,0.0,0.0,0.0,0.0,45.981025781425956,optimal
2021-02-10 22:00:00,7,62,0.0,0.0,0.0,0.6789,14.217,6.0,1,18.949398203273265,55.0,0.0,0.0,0.0,0.0,0.0,45.93504475564453,optimal
2021-02-10 22:30:00,7,62,0.0,0.0,0.0,1.1518666666666666,13.3665,6.0,1,18.573678225511863,55.0,0.0,0.0,0.0,0.0,0.0,45.88910971088889,optimal
2021-02-10 23:00:00,7,62,0.0,0.0,0.0,0.11093333333333334,12.789,6.0,1,18.147755628566635,55.0,0.0,0.0,0.0,0.0,0.0,45.843220601178,optimal
2021-02-10 23:30:00,7,62,0.0,0.0,0.0,0.0992,11.907,6.0,1,17.698333136997494,55.0,0.0,0.0,0.0,0.0,0.0,45.79737738057682,optimal
2021-02-11 00:00:00,7,62,2.5714285714285716,0.0,0.0,0.1151,11.2455,6.0,2,17.698333136997494,55.0,0.0,9000.0,0.0,0.0,0.0,45.751580003196246,optimal
2021-02-11 00:30:00,7,62,2.5714285714285716,0.0,0.0,0.14163333333333333,11.2455,6.0,2,17.95517648893029,55.0,0.0861244019138756,0.0,0.0,9000.0,0.0,45.70582842319305,optimal
2021-02-11 01:00:00,7,62,2.5714285714285716,0.0,0.0,0.13753333333333334,11.025,6.0,2,17.51918163841234,55.0,0.092,8386.0,0.0,614.0,0.0,45.66012259476985,optimal
2021-02-11 01:30:00,7,62,2.5714285714285716,0.0,0.0,0.18746666666666667,12.0855,6.0,2,17.738488713728206,55.0,0.092,9000.0,0.0,0.0,0.0,45.614462472175084,optimal
2021-02-11 02:00:00,7,62,2.5714285714285716,0.0,0.0,0.1162,11.6865,6.0,2,18.004232973302866,55.0,0.092,9000.0,0.0,0.0,0.0,45.56884800970291,optimal
2021-02-11 02:30:00,7,62,2.5714285714285716,0.0,0.0,0.0906,11.2245,6.0,2,18.258948088434906,55.0,0.092,9000.0,0.0,0.0,0.0,45.52327916169321,optimal
2021-02-11 03:00:00,7,62,2.5714285714285716,0.0,0.0,0.15869999999999998,11.025,6.0,2,18.5042842518812,55.0,0.092,9000.0,0.0,0.0,0.0,45.47775588253152,optimal
2021-02-11 03:30:00,7,62,2.5714285714285716,0.0,0.0,0.17056666666666667,10.7835,6.0,2,18.747637759402785,55.0,0.092,9000.0,0.0,0.0,0.0,45.43227812664899,optimal
2021-02-11 04:00:00,7,62,2.5714285714285716,0.0,0.0,0.065,11.025,6.0,2,18.992042031966534,55.0,0.092,9000.0,0.0,0.0,0.0,45.38684584852234,optimal
2021-02-11 04:30:00,7,62,2.5714285714285716,0.0,0.0,0.26426666666666665,10.584,6.0,2,19.22845101578014,55.0,0.092,9000.0,0.0,0.0,0.0,45.34145900267382,optimal
2021-02-11 05:00:00,7,62,2.5714285714285716,0.0,0.0,0.0814,11.025,6.0,2,19.475232793774246,55.0,0.09,9000.0,0.0,0.0,0.0,45.29611754367115,optimal
2021-02-11 05:30:00,7,62,2.5714285714285716,0.0,6.294526857344427,0.17483333333333334,10.4265,6.0,2,19.705341673732857,55.0,0.09,9000.0,0.0,0.0,0.0,48.240721683366075,optimal
2021-02-11 06:00:00,7,62,2.5714285714285716,0.0,0.0,0.13736666666666666,12.789,6.0,2,19.940510141868746,55.0,0.09,9000.0,0.0,0.0,0.0,48.192480961682705,optimal
2021-02-11 06:30:00,7,62,2.5714285714285716,0.0,0.0,0.14880000000000002,12.684,6.0,2,20.1731094084287,55.0,0.09,9000.0,0.0,0.0,0.0,48.144288480721016,optimal
2021-02-11 07:00:00,7,62,2.5714285714285716,0.0,0.0,0.37056666666666666,16.254,6.0,2,20.4064129384366,55.0,0.09,9000.0,0.0,0.0,0.0,48.096144192240295,optimal
2021-02-11 07:30:00,7,62,2.5714285714285716,0.0,0.0,2.062733333333333,17.64,6.0,2,20.663651458021743,55.0,0.08866666666666667,9000.0,0.0,0.0,0.0,48.048048048048045,optimal
2021-02-11 08:00:00,7,62,1.9200561239739506,0.0,0.0,0.1792,19.1625,6.0,2,20.920309759485654,55.0,0.027333333333333334,6720.196433908827,0.0,0.0,0.0,48.0,optimal
2021-02-11 08:30:00,7,62,0.0,0.0,0.0,0.8862000000000001,26.46,6.0,2,21.00745789420688,55.0,0.02266666666666667,0.0,0.0,0.0,0.0,47.70496471076117,optimal
2021-02-11 09:00:00,7,62,0.0,0.0,0.0,3.270266666666667,20.79,6.0,2,20.59751015451702,55.0,0.02266666666666667,0.0,0.0,0.0,0.0,47.41022445681158,optimal
2021-02-11 09:30:00,7,62,0.0,0.0,0.0,0.21303333333333332,29.106,6.0,2,20.31479969445513,55.0,0.02266666666666667,0.0,0.0,0.0,0.0,47.115778943115934,optimal
2021-02-11 10:00:00,7,62,0.7401587189445279,0.0,0.0,2.414766666666667,19.1835,6.0,2,20.0,55.0,0.02266666666666667,2590.5555163058475,0.0,0.0,0.0,46.82162787493399,optimal
2021-02-11 10:30:00,7,62,0.0,0.0,0.0,1.4868,19.6665,6.0,2,20.10703766071151,55.0,0.02266666666666667,0.0,0.0,0.0,0.0,46.52777095782022,optimal
2021-02-11 11:00:00,7,62,0.1365431745450269,0.0,0.0,0.1338,19.404,6.0,2,20.0,55.0,0.020666666666666667,477.9011109075942,0.0,0.0,0.0,46.23420789762357,optimal
2021-02-11 11:30:00,7,62,0.06279069152998729,0.0,0.0,0.372,19.047,6.0,2,20.0,55.0,0.017333333333333333,219.7674203549555,0.0,0.0,0.0,45.94093840048711,optimal
2021-02-11 12:00:00,7,62,0.0,0.0,0.0,0.3963666666666667,18.858,6.0,2,20.0,55.0,0.016666666666666666,0.0,0.0,0.0,0.0,45.6479621728478,optimal
2021-02-11 12:30:00,7,62,0.0,0.0,0.0,2.3751666666666664,19.2675,6.0,2,20.05992335777987,55.0,0.016666666666666666,0.0,0.0,0.0,0.0,45.35527892143612,optimal
2021-02-11 13:00:00,7,62,0.0,0.0,0.0,3.6236666666666664,18.963,6.0,2,20.16997275121041,55.0,0.016666666666666666,0.0,0.0,0.0,0.0,45.06288835327585,optimal
2021-02-11 13:30:00,7,62,0.0,0.0,0.0,2.1509,18.438,6.0,2,20.305537417661494,55.0,0.016666666666666666,0.0,0.0,0.0,0.0,44.77079017568374,optimal
2021-02-11 14:00:00,7,62,0.0,0.0,0.0,0.5222,18.7425,6.0,2,20.34239153072901,55.0,0.016666666666666666,0.0,0.0,0.0,0.0,44.47898409626923,optimal
2021-02-11 14:30:00,7,62,2.5714285714285716,0.0,0.0,0.24416666666666662,15.2145,6.0,2,20.38934869911423,55.0,0.016666666666666666,9000.0,0.0,0.0,0.0,44.187469822934126,optimal
2021-02-11 15:00:00,7,62,0.0,0.0,0.0,0.30446666666666666,17.7765,6.0,2,21.10929196750945,55.0,0.016666666666666666,0.0,0.0,0.0,0.0,43.89624706387236,optimal
2021-02-11 15:30:00,7,62,0.5679742440185828,0.0,0.0,0.40753333333333336,16.758,6.0,2,21.046679383315936,55.0,0.014666666666666666,1987.9098540650398,0.0,0.0,0.0,43.60531552756966,optimal
2021-02-11 16:00:00,7,62,2.5714285714285716,0.0,0.0,0.2206,16.422,6.0,2,21.118145221835476,55.0,0.014666666666666666,9000.0,0.0,0.0,0.0,43.314674922803256,optimal
2021-02-11 16:30:00,7,62,2.5714285714285716,0.0,0.0,0.3964666666666666,16.758,6.0,2,21.568850776802133,55.0,0.012,9000.0,0.0,0.0,0.0,43.02432495864162,optimal
2021-02-11 17:00:00,7,62,0.0,0.0,0.0,2.7396666666666665,29.358,6.0,2,22.0,55.0,0.008666666666666666,0.0,0.0,0.0,0.0,42.73426534444415,optimal
2021-02-11 17:30:00,7,62,0.0,0.0,0.0,1.7468666666666666,34.9965,6.0,2,21.724132827138675,55.0,0.008666666666666666,0.0,0.0,0.0,0.0,42.691531079099704,optimal
2021-02-11 18:00:00,7,62,0.0,0.0,0.0,1.2115,34.65,6.0,2,21.390953891116283,55.0,0.004666666666666667,0.0,0.0,0.0,0.0,42.648839548020604,optimal
2021-02-11 18:30:00,7,62,0.0,0.0,0.0,3.6048666666666667,34.9965,6.0,2,20.981269494130363,55.0,0.001333333333333333,0.0,0.0,0.0,0.0,42.60619070847258,optimal
2021-02-11 19:00:00,7,62,0.0,0.0,0.0,1.2422666666666669,34.9965,6.0,2,20.570907310175958,55.0,0.001333333333333333,0.0,0.0,0.0,0.0,42.563584517764106,optimal
2021-02-11 19:30:00,7,62,1.2195377222676127,0.0,0.0,1.6769333333333334,30.4815,6.0,2,20.116380379086596,55.0,0.001333333333333333,4268.382027936645,0.0,0.0,0.0,42.52102093324634,optimal
2021-02-11 20:00:00,7,62,1.7590683953355115,0.0,0.0,0.2622,21.4305,6.0,2,20.0,55.0,0.001333333333333333,6156.73938367429,0.0,0.0,0.0,42.4784999123131,optimal
2021-02-11 20:30:00,7,62,0.0,0.0,0.0,2.4714,14.3325,6.0,2,20.0,55.0,0.0,0.0,0.0,0.0,0.0,42.436021412400784,optimal
2021-02-11 21:00:00,7,62,0.0,0.0,0.0,2.2005,13.692,6.0,2,19.558895660469265,55.0,0.0,0.0,0.0,0.0,0.0,42.393585390988385,optimal
2021-02-11 21:30:00,7,62,0.0,0.0,0.0,1.7375,14.007,6.0,2,19.104245122937208,55.0,0.0,0.0,0.0,0.0,0.0,42.351191805597395,optimal
2021-02-11 22:00:00,7,62,0.0,0.0,0.0,0.19746666666666668,12.873,6.0,2,18.64720732119491,55.0,0.0,0.0,0.0,0.0,0.0,42.308840613791794,optimal
2021-02-11 22:30:00,7,62,0.0,0.0,0.0,0.15180000000000002,12.684,6.0,2,18.162663791316803,55.0,0.0,0.0,0.0,0.0,0.0,42.266531773178,optimal
2021-02-11 23:00:00,7,62,0.0,0.0,0.0,0.13066666666666665,12.306,6.0,2,17.672198581718447,55.0,0.0,0.0,0.0,0.0,0.0,42.22426524140482,optimal
2021-02-11 23:30:00,7,62,0.0,0.0,0.0,0.2169333333333333,10.6365,6.0,2,17.1778206754029,55.0,0.0,0.0,0.0,0.0,0.0,42.18204097616342,optimal
2021-02-12 00:00:00,7,62,2.5714285714285716,0.0,0.0,0.06793333333333333,10.8045,6.0,-4,17.1778206754029,55.0,0.0,7049.333333333333,0.0,1950.6666666666667,0.0,42.139858935187256,optimal
2021-02-12 00:30:00,7,62,2.5714285714285716,0.0,0.0,0.11526666666666668,10.059,6.0,-4,17.239147421253467,55.0,0.05,3775.0,0.0,5225.0,0.0,42.09771907625207,optimal
2021-02-12 01:00:00,7,62,2.5714285714285716,0.0,0.0,0.1404,10.584,6.0,-4,17.05585203998689,55.0,0.05,9000.0,0.0,0.0,0.0,42.055621357175816,optimal
2021-02-12 01:30:00,7,62,2.5714285714285716,0.0,9.0,0.072,9.4185,6.0,-4,17.260516558496448,55.0,0.05,9000.0,0.0,0.0,0.0,46.288565735818636,optimal
2021-02-12 02:00:00,7,62,2.5714285714285716,0.0,0.0,0.072,10.3635,6.0,-4,17.45773796379346,55.0,0.05,9000.0,0.0,0.0,0.0,46.242277170082815,optimal
2021-02-12 02:30:00,7,62,2.5714285714285716,0.0,4.711859054545726,0.072,9.8385,6.0,-4,17.652927938292713,55.0,0.05,9000.0,0.0,0.0,0.0,48.434167943821954,optimal
2021-02-12 03:00:00,7,62,2.5714285714285716,0.0,0.0,0.072,11.067,6.0,-4,17.850307906991965,55.0,0.05,9000.0,0.0,0.0,0.0,48.38573377587813,optimal
2021-02-12 03:30:00,7,62,2.5714285714285716,0.0,0.0,0.1404,10.8465,6.0,-4,18.049832110198157,55.0,0.05,9000.0,0.0,0.0,0.0,48.33734804210225,optimal
2021-02-12 04:00:00,7,62,2.5714285714285716,0.0,0.0,0.072,13.671,6.0,-4,18.2650698606674,55.0,0.05,9000.0,0.0,0.0,0.0,48.289010694060146,optimal
2021-02-12 04:30:00,7,62,2.5714285714285716,0.0,0.0,0.072,12.348,6.0,-4,18.485180506790254,55.0,0.05,9000.0,0.0,0.0,0.0,48.240721683366075,optimal
2021-02-12 05:00:00,7,62,2.5714285714285716,0.0,0.0,0.18986666666666668,14.3325,6.0,-4,18.715318389302084,55.0,0.05,9000.0,0.0,0.0,0.0,48.192480961682705,optimal
2021-02-12 05:30:00,7,62,2.5714285714285716,0.0,0.0,0.3176333333333333,15.393,6.0,-4,18.96717463170428,55.0,0.04533333333333334,9000.0,0.0,0.0,0.0,48.144288480721016,optimal
2021-02-12 06:00:00,7,62,2.5714285714285716,0.0,0.0,0.1598,13.587,6.0,-4,19.25992850498868,55.0,0.02,9000.0,0.0,0.0,0.0,48.096144192240295,optimal
2021-02-12 06:30:00,7,62,0.8532310295491562,0.0,0.0,1.2069,16.1385,6.0,-4,19.55070692041093,55.0,0.001333333333333333,2986.308603422047,0.0,0.0,0.0,48.048048048048045,optimal
2021-02-12 07:00:00,7,62,2.5714285714285716,0.0,0.0,0.295,14.595,6.0,-4,19.463333901749095,55.0,0.0,9000.0,0.0,0.0,0.0,48.0,optimal
2021-02-12 07:30:00,7,62,2.5714285714285716,0.0,0.0,0.07133333333333333,14.637,6.0,-4,19.76540901521511,55.0,0.0,9000.0,0.0,0.0,0.0,47.79405645874718,optimal
2021-02-12 08:00:00,7,62,1.8135987455171476,0.0,0.0,0.072,13.9125,6.0,-4,20.0,55.0,0.0,6347.595609310017,0.0,0.0,0.0,47.58831886103561,optimal
2021-02-12 08:30:00,7,62,1.8095936933687735,0.0,0.0,0.1404,13.3665,6.0,-4,20.0,55.0,0.0,6333.577926790707,0.0,0.0,0.0,47.38278700092175,optimal
2021-02-12 09:00:00,7,62,2.5714285714285716,0.0,0.0,0.072,13.0095,6.0,-4,20.0,55.0,0.0,9000.0,0.0,0.0,0.0,47.17746067266801,optimal
2021-02-12 09:30:00,7,62,0.3122095694218703,0.0,0.0,0.1404,13.8915,6.0,-4,20.281139442148604,55.0,0.0,1092.7334929765461,0.0,0.0,0.0,46.97233967074252,optimal
2021-02-12 10:00:00,7,62,0.7266655882379415,0.0,0.0,0.072,13.188,6.0,-4,20.0,55.0,0.0,2543.329558832795,0.0,0.0,0.0,46.767423789818956,optimal
2021-02-12 10:30:00,7,62,0.6955899782489685,0.0,0.0,0.072,12.5685,6.0,-4,20.0,55.0,0.0,2434.5649238713895,0.0,0.0,0.0,46.56271282477632,optimal
2021-02-12 11:00:00,7,62,0.27541198300116115,0.0,0.0,0.0834,12.285,6.0,-4,20.0,55.0,0.0,963.9419405040641,0.0,0.0,0.0,46.35820657069873,optimal
2021-02-12 11:30:00,7,62,0.38854618366293875,0.0,0.0,0.129,11.487,6.0,-4,20.0,55.0,0.0,1359.9116428202856,0.0,0.0,0.0,46.153904822875205,optimal
2021-02-12 12:00:00,7,62,0.0,0.0,0.0,0.072,11.802,6.0,-4,20.034976918979147,55.0,0.0,0.0,0.0,0.0,0.0,45.94980737679951,optimal
2021-02-12 12:30:00,7,62,2.5714285714285716,0.0,0.0,0.1138,11.2245,6.0,-4,20.0,55.0,0.0,9000.0,0.0,0.0,0.0,45.74591402816989,optimal
2021-02-12 13:00:00,7,62,2.5714285714285716,0.0,0.0,0.0986,11.025,6.0,-4,20.66161067849461,55.0,0.0,9000.0,0.0,0.0,0.0,45.542224572888905,optimal
2021-02-12 13:30:00,7,62,0.473510319245198,0.0,0.0,0.07579999999999999,11.907,6.0,-4,21.306860405334167,55.0,0.0,1657.286117358193,0.0,0.0,0.0,45.338738807063194,optimal
2021-02-12 14:00:00,7,62,0.0,0.0,0.0,0.1366,25.83,6.0,-4,21.370539465326242,55.0,0.0,0.0,0.0,0.0,0.0,45.13545652700331,optimal
2021-02-12 14:30:00,7,62,0.0,0.0,0.0,0.072,28.035,6.0,-4,21.277950183119575,55.0,0.0,0.0,0.0,0.0,0.0,44.93237752922349,optimal
2021-02-12 15:00:00,7,62,0.0,0.0,0.0,0.072,28.119,6.0,-4,21.180241904250547,55.0,0.0,0.0,0.0,0.0,0.0,44.729501610441446,optimal
2021-02-12 15:30:00,7,62,0.0,0.0,0.0,0.1024,30.156,6.0,-4,21.035424889521813,55.0,0.0,0.0,0.0,0.0,0.0,44.526828567578185,optimal
2021-02-12 16:00:00,7,62,0.0,0.0,0.0,0.11,29.1585,6.0,-4,20.892835647702885,55.0,0.0,0.0,0.0,0.0,0.0,44.32435819775779,optimal
2021-02-12 16:30:00,7,62,0.0,0.0,0.0,0.072,26.712,6.0,-4,20.63242010587499,55.0,0.0,0.0,0.0,0.0,0.0,44.122090298307214,optimal
2021-02-12 17:00:00,7,62,0.0,0.0,0.0,0.1404,15.435,6.0,-4,20.36825736251849,55.0,0.0,0.0,0.0,0.0,0.0,43.920024666756085,optimal
2021-02-12 17:30:00,7,62,1.367915069931926,0.0,0.0,0.072,13.566,6.0,-4,20.0,55.0,0.0,4787.702744761741,0.0,0.0,0.0,43.71816110083651,optimal
2021-02-12 18:00:00,7,62,2.1217438045102965,0.0,0.0,0.1404,12.789,6.0,-4,20.0,55.0,0.0,7426.103315786039,0.0,0.0,0.0,43.51649939848286,optimal
2021-02-12 18:30:00,7,62,2.5714285714285716,0.0,0.0,0.072,12.1275,6.0,-4,20.157645532686935,55.0,0.0,9000.0,0.0,0.0,0.0,43.31503935783155,optimal
2021-02-12 19:00:00,7,62,0.0,0.0,0.0,0.1062,13.671,6.0,-4,20.4266413766668,55.0,0.0,0.0,0.0,0.0,0.0,43.1137807772209,optimal
2021-02-12 19:30:00,7,62,2.5714285714285716,0.0,0.0,0.1062,10.668,6.0,-4,20.0,55.0,0.0,9000.0,0.0,0.0,0.0,42.912723455190864,optimal
2021-02-12 20:00:00,7,62,0.5890528730407465,0.0,0.0,0.072,11.7285,6.0,-4,20.27178367624505,55.0,0.0,2061.6850556426125,0.0,0.0,0.0,42.711867190482856,optimal
2021-02-12 20:30:00,7,62,0.0,0.0,0.0,0.38626666666666665,11.025,6.0,-4,20.0,55.0,0.0,0.0,0.0,0.0,0.0,42.66915532329237,optimal
2021-02-12 21:00:00,7,62,0.0,0.0,0.0,0.42533333333333334,10.689,6.0,-4,19.621302354016656,55.0,0.0,0.0,0.0,0.0,0.0,42.62648616796908,optimal
2021-02-12 21:30:00,7,62,0.0,0.0,0.0,0.40593333333333326,8.1585,6.0,-4,19.268231215987736,55.0,0.0,0.0,0.0,0.0,0.0,42.58385968180111,optimal
2021-02-12 22:00:00,7,62,0.0,0.0,0.0,0.3302,10.3635,6.0,-4,18.92201970248208,55.0,0.0,0.0,0.0,0.0,0.0,42.54127582211931,optimal
2021-02-12 22:30:00,7,62,0.0,0.0,0.0,0.4026,10.8045,6.0,-4,18.57627190684223,55.0,0.0,0.0,0.0,0.0,0.0,42.49873454629719,optimal
2021-02-12 23:00:00,7,62,0.0,0.0,0.0,0.072,11.025,6.0,-4,18.24132174040768,55.0,0.0,0.0,0.0,0.0,0.0,42.456235811750894,optimal
2021-02-12 23:30:00,7,62,0.0,0.0,0.0,0.1404,10.3635,6.0,-4,17.86226621077555,55.0,0.0,0.0,0.0,0.0,0.0,42.413779575939145,optimal
2021-02-13 00:00:00,7,62,0.0,0.0,0.0,0.22419999999999998,10.059,6.0,-1,17.86226621077555,55.0,0.0,0.0,0.0,0.0,0.0,42.37136579636321,optimal
2021-02-13 00:30:00,7,62,0.0,0.0,0.0,0.22390000000000002,9.261,6.0,-1,17.51724274469959,55.0,0.0,0.0,0.0,0.0,0.0,42.328994430566844,optimal
2021-02-13 01:00:00,7,62,2.5714285714285716,0.0,0.0,0.1225,8.1585,6.0,-1,17.21941032672233,55.0,0.039999999999999994,4680.666666666667,0.0,4319.333333333333,0.0,42.286665436136275,optimal
2021-02-13 01:30:00,7,62,0.0,0.0,0.0,0.2614666666666666,9.4815,6.0,-1,17.296887128947848,55.0,0.039999999999999994,0.0,0.0,0.0,0.0,42.24437877070014,optimal
2021-02-13 02:00:00,7,62,2.5714285714285716,0.0,0.0,0.13813333333333333,8.379,6.0,-1,16.988194676601825,55.0,0.039999999999999994,9000.0,0.0,0.0,0.0,42.20213439192944,optimal
2021-02-13 02:30:00,7,62,2.5714285714285716,0.0,0.0,0.19669999999999999,9.5235,6.0,-1,17.336921682271033,55.0,0.039999999999999994,9000.0,0.0,0.0,0.0,42.15993225753751,optimal
2021-02-13 03:00:00,7,62,2.5714285714285716,0.0,0.0,0.14483333333333334,8.1375,6.0,-1,17.682862597117047,55.0,0.039999999999999994,9000.0,0.0,0.0,0.0,42.11777232527997,optimal
2021-02-13 03:30:00,7,62,1.0614924761102822,0.0,0.0,0.056,10.0905,6.0,-1,18.017589449084007,55.0,0.039999999999999994,3715.223666385988,0.0,0.0,0.0,42.075654552954695,optimal
2021-02-13 04:00:00,7,62,2.5714285714285716,0.0,9.0,0.18330000000000002,7.539,6.0,-1,17.931345475226752,55.0,0.039999999999999994,9000.0,0.0,0.0,0.0,46.30857889840174,optimal
2021-02-13 04:30:00,7,62,2.5714285714285716,0.0,4.26682184117223,0.1582333333333333,7.938,6.0,-1,18.26174676424272,55.0,0.039999999999999994,9000.0,0.0,0.0,0.0,48.289010694060146,optimal
2021-02-13 05:00:00,7,62,2.5714285714285716,0.0,0.0,0.056,8.274,6.0,-1,18.58122863081604,55.0,0.039999999999999994,9000.0,0.0,0.0,0.0,48.240721683366075,optimal
2021-02-13 05:30:00,7,62,2.5714285714285716,0.0,0.0,0.11693333333333333,9.261,6.0,-1,18.884089406189393,55.0,0.039999999999999994,9000.0,0.0,0.0,0.0,48.192480961682705,optimal
2021-02-13 06:00:00,7,62,2.5714285714285716,0.0,0.0,0.1987333333333333,9.9225,6.0,-1,19.18265131075444,55.0,0.039999999999999994,9000.0,0.0,0.0,0.0,48.144288480721016,optimal
2021-02-13 06:30:00,7,62,2.5714285714285716,0.0,0.0,0.0979,9.702,6.0,-1,19.479581019013235,55.0,0.039999999999999994,9000.0,0.0,0.0,0.0,48.096144192240295,optimal
2021-02-13 07:00:00,7,62,2.5714285714285716,0.0,0.0,1.2621,10.584,6.0,-1,19.76166687668935,55.0,0.022,9000.0,0.0,0.0,0.0,48.048048048048045,optimal
2021-02-13 07:30:00,7,62,2.5714285714285716,0.0,0.0,1.0920666666666665,10.143,6.0,-1,20.07416586686859,55.0,0.015999999999999997,9000.0,0.0,0.0,0.0,48.0,optimal
2021-02-13 08:00:00,7,62,0.0,0.0,0.0,0.572,13.0095,6.0,-1,20.42986620865263,55.0,0.01533333333333333,0.0,0.0,0.0,0.0,47.43359829025609,optimal
2021-02-13 08:30:00,7,62,2.5714285714285716,0.0,0.0,1.1193333333333333,11.025,6.0,-1,20.042588013339145,55.0,0.013999999999999997,9000.0,0.0,0.0,0.0,46.86776298222193,optimal
2021-02-13 09:00:00,7,62,0.0,0.0,0.0,0.14993333333333334,12.789,6.0,-1,20.344791979378368,55.0,0.011999999999999997,0.0,0.0,0.0,0.0,46.302493509495804,optimal
2021-02-13 09:30:00,7,62,1.151852961840982,0.0,0.0,0.4116,12.1275,6.0,-1,20.0,55.0,0.01133333333333333,4031.485366443437,0.0,0.0,0.0,45.737789306242405,optimal
2021-02-13 10:00:00,7,62,0.5932088848226394,0.0,0.0,1.3820666666666666,12.1695,6.0,-1,20.0,55.0,0.01133333333333333,2076.231096879238,0.0,0.0,0.0,45.173649807192255,optimal
2021-02-13 10:30:00,7,62,1.0960798204831215,0.0,0.0,0.2223333333333333,12.306,6.0,-1,20.0,55.0,0.01133333333333333,3836.279371690925,0.0,0.0,0.0,44.61007444764116,optimal
2021-02-13 11:00:00,7,62,0.0,0.0,0.0,3.3618,13.23,6.0,-1,20.071617260563805,55.0,0.005999999999999998,0.0,0.0,0.0,0.0,44.047062663449616,optimal
2021-02-13 11:30:00,7,62,0.0,0.0,0.0,3.2181333333333333,13.671,6.0,-1,20.039675406153897,55.0,0.005999999999999998,0.0,0.0,0.0,0.0,43.48461389104226,optimal
2021-02-13 12:00:00,7,62,0.0,0.0,0.0,1.2506333333333335,13.9335,6.0,-1,20.0,55.0,0.005999999999999998,0.0,0.0,0.0,0.0,42.922727567407314,optimal
2021-02-13 12:30:00,7,62,0.0,0.0,0.0,0.4043,13.293,6.0,-1,20.048785035700973,55.0,0.0006666666666666665,0.0,0.0,0.0,0.0,42.361403130096,optimal
2021-02-13 13:00:00,7,62,0.0,0.0,0.0,0.066,12.1065,6.0,-1,20.037875721606902,55.0,0.0006666666666666665,0.0,0.0,0.0,0.0,41.800640017222,optimal
2021-02-13 13:30:00,7,62,1.636850227176008,0.0,0.0,0.0727,11.571,6.0,-1,20.005674167656757,55.0,0.0006666666666666665,5728.975795116027,0.0,0.0,0.0,41.240437667460874,optimal
2021-02-13 14:00:00,7,62,2.5714285714285716,0.0,0.0,0.28883333333333333,11.025,6.0,-1,20.4169897177257,55.0,0.0006666666666666665,9000.0,0.0,0.0,0.0,40.68079552004951,optimal
2021-02-13 14:30:00,7,62,2.5714285714285716,0.0,0.0,0.066,10.8465,6.0,-1,20.992027247637346,55.0,0.0006666666666666665,9000.0,0.0,0.0,0.0,40.121713014785556,optimal
2021-02-13 15:00:00,7,62,2.5714285714285716,0.0,0.0,0.11040000000000001,11.2455,6.0,-1,21.540015417862936,55.0,0.0006666666666666665,9000.0,0.0,0.0,0.0,39.563189592026866,optimal
2021-02-13 15:30:00,7,62,0.44024691584557224,0.0,0.0,0.2511333333333333,23.8665,6.0,-1,22.0,55.0,0.0006666666666666665,1540.8642054595027,0.0,0.0,0.0,39.00522469269093,optimal
2021-02-13 16:00:00,7,62,0.0,0.0,0.0,0.066,27.4575,6.0,-1,21.885905261114363,55.0,0.0006666666666666665,0.0,0.0,0.0,0.0,38.44781775825433,optimal
2021-02-13 16:30:00,7,62,0.0,0.0,0.0,0.21513333333333332,27.3735,6.0,-1,21.54776340007778,55.0,0.0006666666666666665,0.0,0.0,0.0,0.0,37.89096823075217,optimal
2021-02-13 17:00:00,7,62,0.0,0.0,0.0,0.1464,30.4605,6.0,-1,21.22814704359112,55.0,0.0006666666666666665,0.0,0.0,0.0,0.0,37.33467555277751,optimal
2021-02-13 17:30:00,7,62,0.0,0.0,0.0,0.066,30.0195,6.0,-1,20.827872445869996,55.0,0.0006666666666666665,0.0,0.0,0.0,0.0,36.77893916748083,optimal
2021-02-13 18:00:00,7,62,0.0,0.0,0.0,0.066,26.9325,6.0,-1,20.42769376095609,55.0,0.0006666666666666665,0.0,0.0,0.0,0.0,36.22375851856944,optimal
2021-02-13 18:30:00,7,62,1.4952789461680585,0.0,0.0,0.29553333333333337,14.595,6.0,-1,20.0,55.0,0.0006666666666666665,5233.476311588204,0.0,0.0,0.0,35.66913305030697,optimal
2021-02-13 19:00:00,7,62,1.5647443497976317,0.0,0.0,0.066,12.4845,6.0,-1,20.0,55.0,0.0006666666666666665,5476.605224291711,0.0,0.0,0.0,35.11506220751276,optimal
2021-02-13 19:30:00,7,62,1.4221703951520206,0.0,0.0,0.28286666666666666,12.1275,6.0,-1,20.0,55.0,0.0006666666666666665,4977.596383032072,0.0,0.0,0.0,34.56154543556134,optimal
2021-02-13 20:00:00,7,62,1.3786916786016332,0.0,0.0,0.3935666666666667,12.1275,6.0,-1,20.0,55.0,0.0006666666666666665,4825.420875105716,0.0,0.0,0.0,34.00858218038188,optimal
2021-02-13 20:30:00,7,62,0.0,0.0,0.0,0.2194,12.789,6.0,-1,20.0,55.0,0.0006666666666666665,0.0,0.0,0.0,0.0,33.45617188845759,optimal
2021-02-13 21:00:00,7,62,0.0,0.0,0.0,0.9159333333333332,11.907,6.0,-1,19.617320793172563,55.0,0.0,0.0,0.0,0.0,0.0,32.904314006825224,optimal
2021-02-13 21:30:00,7,62,0.0,0.0,0.0,0.4605,11.025,6.0,-1,19.29290259681188,55.0,0.0,0.0,0.0,0.0,0.0,32.871409692818396,optimal
2021-02-13 22:00:00,7,62,0.4777142857142857,0.0,0.0,0.2774,8.2005,6.0,-1,18.962588190008404,55.0,0.002,0.0,0.0,1672.0,0.0,32.83853828312558,optimal
2021-02-13 22:30:00,7,62,0.0,0.0,0.0,1.2094333333333334,9.5655,6.0,-1,18.607078086307848,55.0,0.0,0.0,0.0,0.0,0.0,32.80569974484246,optimal
2021-02-13 23:00:00,7,62,0.0,0.0,0.0,0.066,7.056,6.0,-1,18.279475542520935,55.0,0.0,0.0,0.0,0.0,0.0,32.772894045097615,optimal
2021-02-13 23:30:00,7,62,0.0,0.0,0.0,0.066,9.3975,6.0,-1,17.903309967385763,55.0,0.0,0.0,0.0,0.0,0.0,32.74012115105252,optimal
2021-02-07 00:00:00,8,62,0.0,0.0,0.0,0.049,8.274,6.0,-2,21.0,55.0,0.12,0.0,0.0,0.0,0.0,47.952,optimal
2021-02-07 00:30:00,8,62,0.0,0.0,0.0,0.049,7.7175,6.0,-2,20.631256352202996,55.0,0.12,0.0,0.0,0.0,0.0,47.904047999999996,optimal
2021-02-07 01:00:00,8,62,0.0,0.0,0.0,0.23386666666666667,6.615,6.0,-2,20.268128073996348,55.0,0.12,0.0,0.0,0.0,0.0,47.856143952,optimal
2021-02-07 01:30:00,8,62,1.691217313711788,0.0,0.0,0.06046666666666667,6.174,6.0,-2,19.924703807418293,55.0,0.12,5919.260597991259,0.0,0.0,0.0,47.80828780804799,optimal
2021-02-07 02:00:00,8,62,2.4285714285714284,0.0,0.0,0.08983333333333333,3.906,6.0,-2,20.02894802150824,55.0,0.12,8500.0,0.0,0.0,0.0,47.76047952023995,optimal
2021-02-07 02:30:00,8,62,2.4285714285714284,0.0,0.0,0.2045,2.3415,6.0,-2,20.33054144592443,55.0,0.12,8500.0,0.0,0.0,0.0,47.712719040719705,optimal
2021-02-07 03:00:00,8,62,2.4285714285714284,0.0,0.0,0.049,2.205,6.0,-2,20.632555114201704,55.0,0.12,8500.0,0.0,0.0,0.0,47.66500632167899,optimal
2021-02-07 03:30:00,8,62,2.4285714285714284,0.0,1.7196350072939925,0.2223,0.882,6.0,-2,20.914219440488687,55.0,0.12,8500.0,0.0,0.0,0.0,48.434167943821954,optimal
2021-02-07 04:00:00,8,62,2.4285714285714284,0.0,0.0,0.07203333333333334,1.5435,6.0,-2,21.202270816996275,55.0,0.12,8500.0,0.0,0.0,0.0,48.38573377587813,optimal
2021-02-07 04:30:00,8,62,2.4285714285714284,0.0,0.0,0.05483333333333334,1.5435,6.0,-2,21.47171148925857,55.0,0.12,8500.0,0.0,0.0,0.0,48.33734804210225,optimal
2021-02-07 05:00:00,8,62,2.4285714285714284,0.0,0.0,0.21656666666666663,5.0715,6.0,-2,21.734200503394465,55.0,0.12,8500.0,0.0,0.0,0.0,48.289010694060146,optimal
2021-02-07 05:30:00,8,62,2.4285714285714284,0.0,0.0,0.07193333333333334,5.376,6.0,-2,22.003633144484834,55.0,0.12,8500.0,0.0,0.0,0.0,48.240721683366075,optimal
2021-02-07 06:00:00,8,62,2.4285714285714284,0.0,0.0,0.1529,5.0715,6.0,-2,22.256321752737726,55.0,0.12,8500.0,0.0,0.0,0.0,48.192480961682705,optimal
2021-02-07 06:30:00,8,62,2.4285714285714284,0.0,0.0,0.14143333333333333,5.5125,6.0,-2,22.509952297490628,55.0,0.12,8500.0,0.0,0.0,0.0,48.144288480721016,optimal
2021-02-07 07:00:00,8,62,0.0,0.0,0.0,0.8692333333333333,9.261,6.0,-2,22.756357365173614,55.0,0.11933333333333333,0.0,0.0,0.0,0.0,48.096144192240295,optimal
2021-02-07 07:30:00,8,62,0.0,0.0,0.0,0.9704666666666668,11.7075,6.0,-2,22.360730560301118,55.0,0.11533333333333333,0.0,0.0,0.0,0.0,48.048048048048045,optimal
2021-02-07 08:00:00,8,62,0.0,0.0,0.0,0.3412333333333333,12.348,6.0,-2,22.0,55.0,0.11266666666666666,0.0,0.0,0.0,0.0,48.0,optimal
2021-02-07 08:30:00,8,62,0.0,0.0,0.0,0.3285666666666667,12.348,6.0,-2,21.633813491039124,55.0,0.11133333333333334,0.0,0.0,0.0,0.0,47.82828995945372,optimal
2021-02-07 09:00:00,8,62,0.5431487902995558,0.0,0.0,0.3163666666666667,12.1275,6.0,-2,21.24800307334899,55.0,0.11133333333333334,1901.0207660484452,0.0,0.0,0.0,47.65675162894799,optimal
2021-02-07 09:30:00,8,62,0.0,0.0,0.0,0.08193333333333333,12.5265,6.0,-2,21.030649333451553,55.0,0.11133333333333334,0.0,0.0,0.0,0.0,47.48538483677276,optimal
2021-02-07 10:00:00,8,62,2.4285714285714284,0.0,0.0,0.22966666666666663,11.7495,6.0,-2,20.66558541088212,55.0,0.11133333333333334,8500.0,0.0,0.0,0.0,47.314189411389705,optimal
2021-02-07 10:30:00,8,62,0.0,0.0,0.0,0.28813333333333335,13.23,6.0,-2,21.02395868269522,55.0,0.10866666666666666,0.0,0.0,0.0,0.0,47.14316518143204,optimal
2021-02-07 11:00:00,8,62,0.0,0.0,0.0,0.6205333333333333,14.3325,6.0,-2,20.735775402345592,55.0,0.10733333333333334,0.0,0.0,0.0,0.0,46.97231197570433,optimal
2021-02-07 11:30:00,8,62,0.0,0.0,0.0,0.33353333333333335,14.994,6.0,-2,20.539018230932598,55.0,0.106,0.0,0.0,0.0,0.0,46.80162962318234,optimal
2021-02-07 12:00:00,8,62,0.0,0.0,0.0,1.6917,14.8155,6.0,-2,20.320193941854814,55.0,0.106,0.0,0.0,0.0,0.0,46.63111795301288,optimal
2021-02-07 12:30:00,8,62,0.0,0.0,0.0,0.4903333333333333,14.112,6.0,-2,20.16185488118324,55.0,0.106,0.0,0.0,0.0,0.0,46.46077679451359,optimal
2021-02-07 13:00:00,8,62,0.7573838312313366,0.0,0.0,0.4134666666666666,14.007,6.0,-2,20.0,55.0,0.106,2650.843409309678,0.0,0.0,0.0,46.2906059771728,optimal
2021-02-07 13:30:00,8,62,2.4285714285714284,0.0,0.0,0.7461,13.23,6.0,-2,20.01648754082359,55.0,0.104,8500.0,0.0,0.0,0.0,46.120605330649354,optimal
2021-02-07 14:00:00,8,62,2.4285714285714284,0.0,0.0,0.4544333333333333,11.382,6.0,-2,20.50525859929094,55.0,0.09933333333333333,8500.0,0.0,0.0,0.0,45.950774684772426,optimal
2021-02-07 14:30:00,8,62,2.4285714285714284,0.0,0.0,0.47806666666666664,11.7495,6.0,-2,20.971941399895286,55.0,0.09933333333333333,8500.0,0.0,0.0,0.0,45.78111386954138,optimal
2021-02-07 15:00:00,8,62,0.0,0.0,0.0,0.27003333333333335,24.3285,6.0,-2,21.447605198027755,55.0,0.09933333333333333,0.0,0.0,0.0,0.0,45.611622715125556,optimal
2021-02-07 15:30:00,8,62,0.0,0.0,0.0,0.2052,28.917,6.0,-2,21.284119264745755,55.0,0.09933333333333333,0.0,0.0,0.0,0.0,45.44230105186415,optimal
2021-02-07 16:00:00,8,62,0.0,0.0,0.0,1.0865,31.3635,6.0,-2,21.123263996822875,55.0,0.09933333333333333,0.0,0.0,0.0,0.0,45.27314871026601,optimal
2021-02-07 16:30:00,8,62,0.0,0.0,0.0,1.1561333333333335,33.306,6.0,-2,20.904650790473518,55.0,0.09933333333333333,0.0,0.0,0.0,0.0,45.10416552100946,optimal
2021-02-07 17:00:00,8,62,0.0,0.0,0.0,0.262,31.3425,6.0,-2,20.68681671318246,55.0,0.09933333333333333,0.0,0.0,0.0,0.0,44.935351314942174,optimal
2021-02-07 17:30:00,8,62,0.0,0.0,0.0,0.17593333333333333,28.2555,6.0,-2,20.348655767022755,55.0,0.09866666666666667,0.0,0.0,0.0,0.0,44.766705923080956,optimal
2021-02-07 18:00:00,8,62,1.3443294880642749,0.0,0.0,0.3268666666666667,15.6975,6.0,-2,20.0,55.0,0.09866666666666667,4705.153208224962,0.0,0.0,0.0,44.598229176611596,optimal
2021-02-07 18:30:00,8,62,1.199742179672802,0.0,0.0,0.1658,12.5475,6.0,-2,20.0,55.0,0.09866666666666667,4199.097628854807,0.0,0.0,0.0,44.429920906888704,optimal
2021-02-07 19:00:00,8,62,1.1806043950908505,0.0,0.0,0.2767333333333333,12.0855,6.0,-2,20.0,55.0,0.09866666666666667,4132.115382817977,0.0,0.0,0.0,44.26178094543554,optimal
2021-02-07 19:30:00,8,62,2.4285714285714284,0.0,0.0,0.28263333333333335,11.907,6.0,-2,20.0,55.0,0.04199999999999998,8500.0,0.0,0.0,0.0,44.09380912394383,optimal
2021-02-07 20:00:00,8,62,0.08707208654361545,0.0,0.0,0.2822,12.5685,6.0,-2,20.319423204540048,55.0,0.04066666666666665,304.7523029026541,0.0,0.0,0.0,43.92600527427361,optimal
2021-02-07 20:30:00,8,62,0.0,0.0,0.0,0.39936666666666665,13.146,6.0,-2,20.0,55.0,0.04066666666666665,0.0,0.0,0.0,0.0,43.758369228453056,optimal
2021-02-07 21:00:00,8,62,0.0,0.0,0.0,0.47783333333333333,10.584,6.0,-2,19.67545727131147,55.0,0.03866666666666665,0.0,0.0,0.0,0.0,43.59090081867832,optimal
2021-02-07 21:30:00,8,62,0.0,0.0,0.0,0.47026666666666667,6.678,6.0,-2,19.36670523668616,55.0,0.03799999999999998,0.0,0.0,0.0,0.0,43.54730991785964,optimal
2021-02-07 22:00:00,8,62,0.0,0.0,0.0,0.27146666666666663,7.938,6.0,-2,19.077140226975523,55.0,0.03799999999999998,0.0,0.0,0.0,0.0,43.50376260794178,optimal
2021-02-07 22:30:00,8,62,0.0,0.0,0.0,1.0690666666666666,5.292,6.0,-2,18.778095386623598,55.0,0.034666666666666644,0.0,0.0,0.0,0.0,43.46025884533384,optimal
2021-02-07 23:00:00,8,62,0.0,0.0,0.0,0.32580000000000003,9.261,6.0,-2,18.482718619885596,55.0,0.03133333333333331,0.0,0.0,0.0,0.0,43.416798586488504,optimal
2021-02-07 23:30:00,8,62,0.0,0.0,0.0,0.3494,10.3635,6.0,-2,18.200566501150842,55.0,0.030666666666666648,0.0,0.0,0.0,0.0,43.37338178790201,optimal
2021-02-08 00:00:00,8,62,2.4285714285714284,0.0,0.0,0.056,5.9745,6.0,0,18.200566501150842,55.0,0.030666666666666648,8500.0,0.0,0.0,0.0,43.33000840611411,optimal
2021-02-08 00:30:00,8,62,2.4285714285714284,0.0,0.0,0.16366666666666665,7.938,6.0,0,18.512574719746773,55.0,0.030666666666666648,8500.0,0.0,0.0,0.0,43.286678397707995,optimal
2021-02-08 01:00:00,8,62,2.4285714285714284,0.0,0.0,0.073,8.6835,6.0,0,18.82633714438935,55.0,0.030666666666666648,8500.0,0.0,0.0,0.0,43.24339171931029,optimal
2021-02-08 01:30:00,8,62,2.4285714285714284,0.0,0.0,0.12966666666666665,7.665,6.0,0,19.126576308157134,55.0,0.030666666666666648,8500.0,0.0,0.0,0.0,43.20014832759098,optimal
2021-02-08 02:00:00,8,62,2.4285714285714284,0.0,0.0,0.107,6.7725,6.0,0,19.423851780294225,55.0,0.030666666666666648,8500.0,0.0,0.0,0.0,43.15694817926339,optimal
2021-02-08 02:30:00,8,62,2.4285714285714284,0.0,0.0,0.08433333333333333,5.5755,6.0,0,19.712129161628223,55.0,0.030666666666666648,8500.0,0.0,0.0,0.0,43.11379123108412,optimal
2021-02-08 03:00:00,8,62,2.4285714285714284,0.0,2.486789593811074,0.15233333333333335,5.0925,6.0,0,19.993685955532772,55.0,0.030666666666666648,8500.0,0.0,0.0,0.0,44.25190249691329,optimal
2021-02-08 03:30:00,8,62,2.4285714285714284,0.0,9.0,0.056,4.1895,6.0,0,20.275629816747276,55.0,0.030666666666666648,8500.0,0.0,0.0,0.0,48.48265059441637,optimal
2021-02-08 04:00:00,8,62,2.4285714285714284,0.0,0.0,0.16366666666666665,7.056,6.0,0,20.543235066127778,55.0,0.030666666666666648,8500.0,0.0,0.0,0.0,48.434167943821954,optimal
2021-02-08 04:30:00,8,62,2.4285714285714284,0.0,0.0,0.073,5.271,6.0,0,20.8124775721992,55.0,0.030666666666666648,8500.0,0.0,0.0,0.0,48.38573377587813,optimal
2021-02-08 05:00:00,8,62,2.4285714285714284,0.0,0.0,0.056,7.938,6.0,0,21.06703756706683,55.0,0.030666666666666648,8500.0,0.0,0.0,0.0,48.33734804210225,optimal
2021-02-08 05:30:00,8,62,2.4285714285714284,0.0,0.0,0.18066666666666664,7.938,6.0,0,21.31288271361238,55.0,0.030666666666666648,8500.0,0.0,0.0,0.0,48.289010694060146,optimal
2021-02-08 06:00:00,8,62,0.0,0.0,0.0,0.056,11.907,6.0,0,21.56212614725296,55.0,0.030666666666666648,0.0,0.0,0.0,0.0,48.240721683366075,optimal
2021-02-08 06:30:00,8,62,2.4285714285714284,0.0,0.0,0.057,11.025,6.0,0,21.142359283051437,55.0,0.030666666666666648,8500.0,0.0,0.0,0.0,48.192480961682705,optimal
2021-02-08 07:00:00,8,62,2.4285714285714284,0.0,0.0,1.2138333333333333,11.2875,6.0,0,21.38349635659747,55.0,0.02599999999999998,8500.0,0.0,0.0,0.0,48.144288480721016,optimal
2021-02-08 07:30:00,8,62,0.0,0.0,0.0,1.0546666666666666,12.936,6.0,0,21.651722614254098,55.0,0.020666666666666646,0.0,0.0,0.0,0.0,48.096144192240295,optimal
2021-02-08 08:00:00,8,62,0.0,0.0,0.0,0.4923333333333333,13.0095,6.0,0,21.2869203472509,55.0,0.014666666666666647,0.0,0.0,0.0,0.0,48.048048048048045,optimal
2021-02-08 08:30:00,8,62,0.0,0.0,0.0,0.054,13.671,6.0,0,20.921346161987145,55.0,0.014666666666666647,0.0,0.0,0.0,0.0,48.0,optimal
2021-02-08 09:00:00,8,62,0.08387224686333136,0.0,0.0,1.3496666666666668,13.188,6.0,0,20.55062693684113,55.0,0.014666666666666647,293.55286402165973,0.0,0.0,0.0,47.39694750518075,optimal
2021-02-08 09:30:00,8,62,0.0,0.0,0.0,0.129,13.8495,6.0,0,20.339314942294937,55.0,0.014666666666666647,0.0,0.0,0.0,0.0,46.79449806285632,optimal
2021-02-08 10:00:00,8,62,0.7922630836420943,0.0,0.0,0.22153333333333333,13.23,6.0,0,20.0,55.0,0.013333333333333313,2772.9207927473303,0.0,0.0,0.0,46.19265106997421,optimal
2021-02-08 10:30:00,8,62,0.7169050088165306,0.0,0.0,1.0522,13.3665,6.0,0,20.0,55.0,0.013333333333333313,2509.1675308578574,0.0,0.0,0.0,45.59140592408499,optimal
2021-02-08 11:00:00,8,62,1.1045555814230252,0.0,0.0,0.7241333333333333,13.0515,6.0,0,20.0,55.0,0.013333333333333313,3865.9445349805883,0.0,0.0,0.0,44.99076202334165,optimal
2021-02-08 11:30:00,8,62,0.0,0.0,0.0,0.3865,13.5345,6.0,0,20.208435636127593,55.0,0.013333333333333313,0.0,0.0,0.0,0.0,44.39071876649906,optimal
2021-02-08 12:00:00,8,62,0.0,0.0,0.0,0.26326666666666665,14.154,6.0,0,20.12438320845185,55.0,0.013333333333333313,0.0,0.0,0.0,0.0,43.79127555291331,optimal
2021-02-08 12:30:00,8,62,0.0,0.0,0.0,0.6127,14.112,6.0,0,20.072322638499006,55.0,0.012666666666666647,0.0,0.0,0.0,0.0,43.19243178254115,optimal
2021-02-08 13:00:00,8,62,0.0,0.0,0.0,2.5846666666666667,14.2485,6.0,0,20.02705702668827,55.0,0.012666666666666647,0.0,0.0,0.0,0.0,42.594186855939355,optimal
2021-02-08 13:30:00,8,62,0.004178963061328997,0.0,0.0,2.7265333333333333,12.789,6.0,0,20.0,55.0,0.012666666666666647,14.62637071465149,0.0,0.0,0.0,41.99654017426417,optimal
2021-02-08 14:00:00,8,62,1.5806010416028915,0.0,0.0,0.11283333333333331,13.0095,6.0,0,20.0,55.0,0.012666666666666647,5532.10364561012,0.0,0.0,0.0,41.39949113927065,optimal
2021-02-08 14:30:00,8,62,2.4285714285714284,0.0,0.0,1.2107666666666668,12.1275,6.0,0,20.363116680746423,55.0,0.012666666666666647,8500.0,0.0,0.0,0.0,40.80303915331213,optimal
2021-02-08 15:00:00,8,62,2.4285714285714284,0.0,0.0,0.9202666666666668,12.348,6.0,0,21.027205399987153,55.0,0.012666666666666647,8500.0,0.0,0.0,0.0,40.20718361933957,optimal
2021-02-08 15:30:00,8,62,2.4285714285714284,0.0,0.0,0.057,12.348,6.0,0,21.551462907283153,55.0,0.012666666666666647,8500.0,0.0,0.0,0.0,39.61192394090098,optimal
2021-02-08 16:00:00,8,62,0.28334224834577443,0.0,0.0,0.19066666666666662,25.389,6.0,0,22.0,55.0,0.012666666666666647,991.6978692102105,0.0,0.0,0.0,39.017259522140826,optimal
2021-02-08 16:30:00,8,62,0.0,0.0,0.0,0.066,29.1375,6.0,0,21.782316770585826,55.0,0.012666666666666647,0.0,0.0,0.0,0.0,38.423189767799435,optimal
2021-02-08 17:00:00,8,62,0.0,0.0,0.0,0.066,30.597,6.0,0,21.480261372763405,55.0,0.012666666666666647,0.0,0.0,0.0,0.0,37.82971408321239,optimal
2021-02-08 17:30:00,8,62,0.0,0.0,0.0,1.0803666666666665,33.684,6.0,0,21.08484807796939,55.0,0.012666666666666647,0.0,0.0,0.0,0.0,37.23683187430993,optimal
2021-02-08 18:00:00,8,62,0.0,0.0,0.0,0.0644,32.445,6.0,0,20.76648555634728,55.0,0.01199999999999998,0.0,0.0,0.0,0.0,36.64454254761637,optimal
2021-02-08 18:30:00,8,62,0.0,0.0,0.0,0.3335,28.917,6.0,0,20.365573364064762,55.0,0.00999999999999998,0.0,0.0,0.0,0.0,36.052845510249504,optimal
2021-02-08 19:00:00,8,62,1.3075099416081537,0.0,0.0,0.26453333333333334,15.876,6.0,0,20.0,55.0,0.00999999999999998,4576.284795628538,0.0,0.0,0.0,35.461740169920006,optimal
2021-02-08 19:30:00,8,62,1.2373747239254478,0.0,0.0,0.5606,12.348,6.0,0,20.0,55.0,0.008666666666666647,4330.811533739067,0.0,0.0,0.0,34.871225934930834,optimal
2021-02-08 20:00:00,8,62,1.1694833157665396,0.0,0.0,0.3812,12.1275,6.0,0,20.0,55.0,0.00799999999999998,4093.191605182889,0.0,0.0,0.0,34.281302214176655,optimal
2021-02-08 20:30:00,8,62,0.0,0.0,0.0,0.5605,12.348,6.0,0,20.0,55.0,0.00799999999999998,0.0,0.0,0.0,0.0,33.69196841714323,optimal
2021-02-08 21:00:00,8,62,0.0,0.0,0.0,0.13786666666666667,12.1275,6.0,0,19.697380254362585,55.0,0.00799999999999998,0.0,0.0,0.0,0.0,33.103223953906834,optimal
2021-02-08 21:30:00,8,62,0.0,0.0,0.0,0.25516666666666665,12.1275,6.0,0,19.344654964909896,55.0,0.00799999999999998,0.0,0.0,0.0,0.0,32.515068235133676,optimal
2021-02-08 22:00:00,8,62,0.0,0.0,0.0,0.214,11.2665,6.0,0,19.00092023088893,55.0,0.006666666666666647,0.0,0.0,0.0,0.0,32.48255316689854,optimal
2021-02-08 22:30:00,8,62,0.0,0.0,0.0,0.2145,10.143,6.0,0,18.67169005270122,55.0,0.004666666666666647,0.0,0.0,0.0,0.0,32.45007061373164,optimal
2021-02-08 23:00:00,8,62,0.0,0.0,0.0,0.13566666666666666,11.2455,6.0,0,18.345361463085265,55.0,0.004666666666666647,0.0,0.0,0.0,0.0,32.417620543117906,optimal
2021-02-08 23:30:00,8,62,0.0,0.0,0.0,0.14876666666666669,11.025,6.0,0,18.003917850642686,55.0,0.004666666666666647,0.0,0.0,0.0,0.0,32.385202922574784,optimal
2021-02-09 00:00:00,8,62,2.4285714285714284,0.0,0.0,0.096,11.7705,6.0,-4,18.003917850642686,55.0,0.004666666666666647,8500.0,0.0,0.0,0.0,32.35281771965221,optimal
2021-02-09 00:30:00,8,62,2.4285714285714284,0.0,9.0,0.25606666666666666,11.13,6.0,-4,18.30839664282703,55.0,0.08600637958532693,0.0,0.0,8500.0,0.0,36.59546490193255,optimal
2021-02-09 01:00:00,8,62,2.4285714285714284,0.0,0.0,0.0733,11.6865,6.0,-4,17.962710365889993,55.0,0.09,8082.666666666664,0.0,417.3333333333354,0.0,36.558869437030616,optimal
2021-02-09 01:30:00,8,62,2.4285714285714284,0.0,9.0,0.2794333333333333,10.7205,6.0,-4,18.23235526449523,55.0,0.09,8500.0,0.0,0.0,0.0,40.797310567593584,optimal
2021-02-09 02:00:00,8,62,2.4285714285714284,0.0,0.0,0.0733,11.424,6.0,-4,18.54218641658244,55.0,0.09,8500.0,0.0,0.0,0.0,40.75651325702599,optimal
2021-02-09 02:30:00,8,62,2.4285714285714284,0.0,9.0,0.20096666666666668,10.689,6.0,-4,18.82761399129604,55.0,0.09,8500.0,0.0,0.0,0.0,44.99075674376897,optimal
2021-02-09 03:00:00,8,62,2.4285714285714284,0.0,7.446072857665642,0.13946666666666666,11.361,6.0,-4,19.117932805069625,55.0,0.09,8500.0,0.0,0.0,0.0,48.48265059441637,optimal
2021-02-09 03:30:00,8,62,2.4285714285714284,0.0,0.0,0.1348,11.571,6.0,-4,19.39850425033702,55.0,0.09,8500.0,0.0,0.0,0.0,48.434167943821954,optimal
2021-02-09 04:00:00,8,62,0.0,0.0,0.0,0.11806666666666667,14.3745,6.0,-4,19.674944067330024,55.0,0.09,0.0,0.0,0.0,0.0,48.38573377587813,optimal
2021-02-09 04:30:00,8,62,2.4285714285714284,0.0,0.0,0.18546666666666667,13.23,6.0,-4,19.29323363086669,55.0,0.09,8500.0,0.0,0.0,0.0,48.33734804210225,optimal
2021-02-09 05:00:00,8,62,2.4285714285714284,0.0,0.0,0.1102,13.9755,6.0,-4,19.575766517502935,55.0,0.09,8500.0,0.0,0.0,0.0,48.289010694060146,optimal
2021-02-09 05:30:00,8,62,2.4285714285714284,0.0,0.0,0.0938,14.994,6.0,-4,19.84452259616578,55.0,0.09,8500.0,0.0,0.0,0.0,48.240721683366075,optimal
2021-02-09 06:00:00,8,62,2.4285714285714284,0.0,0.0,0.20786666666666667,13.671,6.0,-4,20.10640279675992,55.0,0.09,8500.0,0.0,0.0,0.0,48.192480961682705,optimal
2021-02-09 06:30:00,8,62,0.0,0.0,0.0,0.16906666666666667,15.981,6.0,-4,20.371115360714615,55.0,0.09,0.0,0.0,0.0,0.0,48.144288480721016,optimal
2021-02-09 07:00:00,8,62,2.4285714285714284,0.0,0.0,1.0443333333333333,15.6345,6.0,-4,19.972785398773617,55.0,0.08866666666666667,8500.0,0.0,0.0,0.0,48.096144192240295,optimal
2021-02-09 07:30:00,8,62,0.3844596621344595,0.0,0.0,1.1829333333333334,16.5375,6.0,-4,20.253604117817797,55.0,0.08466666666666667,1345.6088174706083,0.0,0.0,0.0,48.048048048048045,optimal
2021-02-09 08:00:00,8,62,2.4285714285714284,0.0,0.0,0.4628,14.7735,6.0,-4,20.0,55.0,0.024,8500.0,0.0,0.0,0.0,48.0,optimal
2021-02-09 08:30:00,8,62,0.3821579004295046,0.0,0.0,0.13153333333333334,15.2145,6.0,-4,20.303405915437548,55.0,0.024,1337.5526515032661,0.0,0.0,0.0,47.45032521369323,optimal
2021-02-09 09:00:00,8,62,1.222959109297514,0.0,0.0,0.29353333333333337,14.553,6.0,-4,20.0,55.0,0.024,4280.3568825412995,0.0,0.0,0.0,46.90120010217277,optimal
2021-02-09 09:30:00,8,62,1.263233354186746,0.0,0.0,0.071,14.3325,6.0,-4,20.0,55.0,0.024,4421.316739653611,0.0,0.0,0.0,46.35262411576384,optimal
2021-02-09 10:00:00,8,62,1.6126679168843459,0.0,0.0,0.178,14.595,6.0,-4,20.0,55.0,0.024,5644.337709095211,0.0,0.0,0.0,45.80459670534131,optimal
2021-02-09 10:30:00,8,62,0.0,0.0,0.0,0.19473333333333329,14.994,6.0,-4,20.215868452293883,55.0,0.024,0.0,0.0,0.0,0.0,45.25711732232921,optimal
2021-02-09 11:00:00,8,62,0.4192011732149289,0.0,0.0,0.10666666666666669,14.3325,6.0,-4,20.0,55.0,0.024,1467.204106252251,0.0,0.0,0.0,44.710185418700114,optimal
2021-02-09 11:30:00,8,62,0.3908595791091656,0.0,0.0,0.19226666666666667,13.8915,6.0,-4,20.0,55.0,0.024,1368.0085268820794,0.0,0.0,0.0,44.16380044697465,optimal
2021-02-09 12:00:00,8,62,0.1403158226306089,0.0,0.0,0.1448,13.8915,6.0,-4,20.0,55.0,0.024,491.10537920713114,0.0,0.0,0.0,43.61796186022091,optimal
2021-02-09 12:30:00,8,62,0.035590750069708896,0.0,0.0,0.3779333333333333,13.4715,6.0,-4,20.0,55.0,0.02266666666666667,124.56762524398113,0.0,0.0,0.0,43.07266911205392,optimal
2021-02-09 13:00:00,8,62,2.4285714285714284,0.0,0.0,0.2948,13.23,6.0,-4,20.0,55.0,0.02266666666666667,8500.0,0.0,0.0,0.0,42.5279216566351,optimal
2021-02-09 13:30:00,8,62,0.5726913266775275,0.0,0.0,0.3898333333333333,13.8915,6.0,-4,20.653065930137018,55.0,0.02266666666666667,2004.4196433713462,0.0,0.0,0.0,41.9837189486717,optimal
2021-02-09 14:00:00,8,62,0.0,0.0,0.0,0.6178666666666667,26.9325,6.0,-4,20.800363396931278,55.0,0.022,0.0,0.0,0.0,0.0,41.440060443416264,optimal
2021-02-09 14:30:00,8,62,0.0,0.0,0.0,0.4338,30.303,6.0,-4,20.789029499205498,55.0,0.022,0.0,0.0,0.0,0.0,40.896945596666086,optimal
2021-02-09 15:00:00,8,62,0.0,0.0,0.0,0.47093333333333326,32.886,6.0,-4,20.785565975646723,55.0,0.02,0.0,0.0,0.0,0.0,40.35437386476266,optimal
2021-02-09 15:30:00,8,62,0.0,0.0,0.0,0.2720666666666667,34.9965,6.0,-4,20.710366500855084,55.0,0.013333333333333334,0.0,0.0,0.0,0.0,40.31401949089789,optimal
2021-02-09 16:00:00,8,62,0.0,0.0,0.0,0.4209666666666666,33.327,6.0,-4,20.62957384815516,55.0,0.007333333333333333,0.0,0.0,0.0,0.0,40.27370547140699,optimal
2021-02-09 16:30:00,8,62,0.0,0.0,0.0,0.32543333333333335,31.122,6.0,-4,20.463058058377086,55.0,0.006666666666666667,0.0,0.0,0.0,0.0,40.233431765935585,optimal
2021-02-09 17:00:00,8,62,0.0,0.0,0.0,0.4061,17.9025,6.0,-4,20.281392624936707,55.0,0.004666666666666667,0.0,0.0,0.0,0.0,40.19319833416965,optimal
2021-02-09 17:30:00,8,62,1.0602052470609542,0.0,0.0,0.3939333333333333,15.6555,6.0,-4,20.0,55.0,0.0033333333333333335,3710.7183647133397,0.0,0.0,0.0,40.15300513583548,optimal
2021-02-09 18:00:00,8,62,1.2368458010156629,0.0,0.0,0.2739,14.553,6.0,-4,20.0,55.0,0.002,4328.96030355482,0.0,0.0,0.0,40.11285213069964,optimal
2021-02-09 18:30:00,8,62,1.088932778338468,0.0,0.0,0.5193333333333334,14.3325,6.0,-4,20.0,55.0,0.0,3811.2647241846375,0.0,0.0,0.0,40.072739278568946,optimal
2021-02-09 19:00:00,8,62,1.0940673747089045,0.0,0.0,0.6971,13.335,6.0,-4,20.0,55.0,0.0,3829.2358114811655,0.0,0.0,0.0,40.032666539290375,optimal
2021-02-09 19:30:00,8,62,1.2435626128041362,0.0,0.0,0.3843666666666667,12.1275,6.0,-4,20.0,55.0,0.002666666666666666,4073.802478147809,0.0,278.66666666666663,0.0,39.992633872751085,optimal
2021-02-09 20:00:00,8,62,1.1581245175660395,0.0,0.0,0.5402333333333333,12.2955,6.0,-4,20.0,55.0,0.0,4053.435811481138,0.0,0.0,0.0,39.952641238878336,optimal
2021-02-09 20:30:00,8,62,0.0,0.0,0.0,0.42160000000000003,11.6865,6.0,-4,20.0,55.0,0.0,0.0,0.0,0.0,0.0,39.91268859763946,optimal
2021-02-09 21:00:00,8,62,0.0,0.0,0.0,1.4070666666666667,11.466,6.0,-4,19.672540735908356,55.0,0.0,0.0,0.0,0.0,0.0,39.87277590904182,optimal
2021-02-09 21:30:00,8,62,0.0,0.0,0.0,0.6102666666666666,10.8045,6.0,-4,19.370724624502284,55.0,0.0,0.0,0.0,0.0,0.0,39.83290313313278,optimal
2021-02-09 22:00:00,8,62,0.6568571428571429,0.0,0.0,1.284,10.584,6.0,-4,19.07342427482851,55.0,0.0,0.0,0.0,2299.0,0.0,39.79307022999965,optimal
2021-02-09 22:30:00,8,62,0.0,0.0,0.0,0.3541,11.2455,6.0,-4,18.762008403584367,55.0,0.0,0.0,0.0,0.0,0.0,39.75327715976965,optimal
2021-02-09 23:00:00,8,62,0.0,0.0,0.0,0.26063333333333333,12.1275,6.0,-4,18.439915241152814,55.0,0.0,0.0,0.0,0.0,0.0,39.713523882609884,optimal
2021-02-09 23:30:00,8,62,0.0,0.0,0.0,0.31939999999999996,11.823,6.0,-4,18.127730639110776,55.0,0.0,0.0,0.0,0.0,0.0,39.67381035872727,optimal
2021-02-10 00:00:00,8,62,0.0,0.0,0.0,0.22066666666666662,12.789,6.0,3,18.127730639110776,55.0,0.0,0.0,0.0,0.0,0.0,39.634136548368545,optimal
2021-02-10 00:30:00,8,62,1.0957367838658363,0.0,0.0,0.20633333333333329,11.907,6.0,3,17.781551068262473,55.0,0.03669931811990839,0.0,0.0,3835.078743530427,0.0,39.59450241182017,optimal
2021-02-10 01:00:00,8,62,2.4285714285714284,0.0,0.0,0.1134,11.7075,6.0,3,17.43569980844187,55.0,0.11803903103856868,0.0,0.0,8500.0,0.0,39.55490790940835,optimal
2021-02-10 01:30:00,8,62,2.4285714285714284,0.0,0.5389079999269902,0.08213333333333334,10.8045,6.0,3,17.087844174720974,55.0,0.14133333333333334,6065.745410197094,0.0,2434.2545898029057,0.0,39.77133430146426,optimal
2021-02-10 02:00:00,8,62,2.4285714285714284,0.0,0.0,0.29553333333333337,11.508,6.0,3,17.20888356836312,55.0,0.14133333333333334,8500.0,0.0,0.0,0.0,39.73156296716279,optimal
2021-02-10 02:30:00,8,62,2.4285714285714284,0.0,0.0,0.12593333333333334,11.508,6.0,3,17.52876188914272,55.0,0.14133333333333334,8500.0,0.0,0.0,0.0,39.691831404195625,optimal
2021-02-10 03:00:00,8,62,2.4285714285714284,0.0,0.0,0.22006666666666663,11.508,6.0,3,17.828923570640224,55.0,0.14133333333333334,8500.0,0.0,0.0,0.0,39.65213957279143,optimal
2021-02-10 03:30:00,8,62,2.4285714285714284,0.0,0.0,0.21246666666666666,11.844,6.0,3,18.13004702894582,55.0,0.14133333333333334,8500.0,0.0,0.0,0.0,39.612487433218625,optimal
2021-02-10 04:00:00,8,62,2.4285714285714284,0.0,0.0,0.17066666666666666,11.508,6.0,3,18.424294527298915,55.0,0.14133333333333334,8500.0,0.0,0.0,0.0,39.5728749457854,optimal
2021-02-10 04:30:00,8,62,2.4285714285714284,0.0,0.0,0.19846666666666668,11.508,6.0,3,18.709181658459777,55.0,0.14133333333333334,8500.0,0.0,0.0,0.0,39.53330207083961,optimal
2021-02-10 05:00:00,8,62,2.4285714285714284,0.0,9.0,0.12893333333333334,10.4475,6.0,3,18.988162889745954,55.0,0.14133333333333334,8500.0,0.0,0.0,0.0,43.76876876876877,optimal
2021-02-10 05:30:00,8,62,2.4285714285714284,0.0,9.0,0.1442,10.8675,6.0,3,19.253882099276566,55.0,0.13933333333333334,8500.0,0.0,0.0,0.0,48.0,optimal
2021-02-10 06:00:00,8,62,2.4285714285714284,0.0,0.0,1.188766666666667,10.542,6.0,3,19.530883868194497,55.0,0.13466666666666666,8500.0,0.0,0.0,0.0,47.68677663858801,optimal
2021-02-10 06:30:00,8,62,2.4285714285714284,0.0,0.0,0.7677666666666666,11.025,6.0,3,19.807693181548288,55.0,0.12533333333333332,8500.0,0.0,0.0,0.0,47.37386650053743,optimal
2021-02-10 07:00:00,8,62,2.4285714285714284,0.0,0.0,0.5478333333333334,11.025,6.0,3,20.084019501321556,55.0,0.10281333333333334,8500.0,0.0,0.0,0.0,47.061269272624905,optimal
2021-02-10 07:30:00,8,62,2.4285714285714284,0.0,0.0,1.7544000000000002,14.553,6.0,3,20.381811493557326,55.0,0.054,8500.0,0.0,0.0,0.0,46.74898464194029,optimal
2021-02-10 08:00:00,8,62,2.4285714285714284,0.0,0.0,0.6337666666666667,13.0935,6.0,3,20.736141368667507,55.0,0.054,8500.0,0.0,0.0,0.0,46.43701229588636,optimal
2021-02-10 08:30:00,8,62,2.4285714285714284,0.0,0.0,0.5983666666666667,15.6345,6.0,3,21.024368945731375,55.0,0.05333333333333334,8500.0,0.0,0.0,0.0,46.12535192217848,optimal
2021-02-10 09:00:00,8,62,0.0,0.0,0.0,0.1297333333333333,18.102,6.0,3,21.300749920796335,55.0,0.05333333333333334,0.0,0.0,0.0,0.0,45.81400320884431,optimal
2021-02-10 09:30:00,8,62,0.0,0.0,0.0,0.19533333333333328,17.199,6.0,3,20.93420209520676,55.0,0.05333333333333334,0.0,0.0,0.0,0.0,45.502965844223475,optimal
2021-02-10 10:00:00,8,62,0.0,0.0,0.0,0.175,18.2805,6.0,3,20.58453322039077,55.0,0.05333333333333334,0.0,0.0,0.0,0.0,45.19223951696726,optimal
2021-02-10 10:30:00,8,62,0.0,0.0,0.0,0.119,17.4615,6.0,3,20.35821583084171,55.0,0.05333333333333334,0.0,0.0,0.0,0.0,44.88182391603831,optimal
2021-02-10 11:00:00,8,62,0.0,0.0,0.0,0.133,18.3225,6.0,3,20.135458264267164,55.0,0.05333333333333334,0.0,0.0,0.0,0.0,44.57171873071028,optimal
2021-02-10 11:30:00,8,62,0.43047688085764035,0.0,0.0,0.32506666666666667,17.094,6.0,3,20.0,55.0,0.05333333333333334,1506.6690830017412,0.0,0.0,0.0,44.26192365056758,optimal
2021-02-10 12:00:00,8,62,0.11871207160703104,0.0,0.0,0.07,17.094,6.0,3,20.0,55.0,0.05333333333333334,415.49225062460863,0.0,0.0,0.0,43.952438365505024,optimal
2021-02-10 12:30:00,8,62,0.0,0.0,0.0,0.6255,17.094,6.0,3,20.0,55.0,0.05333333333333334,0.0,0.0,0.0,0.0,43.643262565727525,optimal
2021-02-10 13:00:00,8,62,0.0,0.0,0.0,0.5036,17.3565,6.0,3,20.026076473829953,55.0,0.052,0.0,0.0,0.0,0.0,43.334395941749804,optimal
2021-02-10 13:30:00,8,62,0.0,0.0,0.0,0.5401666666666667,17.115,6.0,3,20.035029506056016,55.0,0.04933333333333333,0.0,0.0,0.0,0.0,43.025838184396065,optimal
2021-02-10 14:00:00,8,62,0.0,0.0,0.0,0.3681333333333333,17.241,6.0,3,20.058737787993252,55.0,0.04733333333333333,0.0,0.0,0.0,0.0,42.98281234621167,optimal
2021-02-10 14:30:00,8,62,0.0,0.0,0.0,0.6407,17.094,6.0,3,20.08125518992108,55.0,0.04466666666666667,0.0,0.0,0.0,0.0,42.939829533865456,optimal
2021-02-10 15:00:00,8,62,2.4285714285714284,0.0,0.0,0.363,16.5165,6.0,3,20.134672553076268,55.0,0.024,8500.0,0.0,0.0,0.0,42.89688970433159,optimal
2021-02-10 15:30:00,8,62,0.057952538861224444,0.0,0.0,0.6210333333333333,17.8185,6.0,3,20.743272642417057,55.0,0.024,202.83388601428555,0.0,0.0,0.0,42.85399281462726,optimal
2021-02-10 16:00:00,8,62,2.4285714285714284,0.0,0.0,0.2768,17.094,6.0,3,20.73309568543767,55.0,0.024,8500.0,0.0,0.0,0.0,42.811138821812634,optimal
2021-02-10 16:30:00,8,62,2.4285714285714284,0.0,0.0,0.1664,16.8945,6.0,3,21.210910143715754,55.0,0.022,8500.0,0.0,0.0,0.0,42.76832768299082,optimal
2021-02-10 17:00:00,8,62,2.4285714285714284,0.0,0.0,0.239,18.123,6.0,3,21.670291752740972,55.0,0.022,8500.0,0.0,0.0,0.0,42.72555935530783,optimal
2021-02-10 17:30:00,8,62,0.0,0.0,0.0,0.3408,31.647,6.0,3,22.0,55.0,0.019333333333333334,0.0,0.0,0.0,0.0,42.68283379595252,optimal
2021-02-10 18:00:00,8,62,0.0,0.0,0.0,0.3582666666666667,34.9965,6.0,3,21.686769614898243,55.0,0.014,0.0,0.0,0.0,0.0,42.64015096215657,optimal
2021-02-10 18:30:00,8,62,0.0,0.0,0.0,0.3395666666666667,34.9965,6.0,3,21.340593516611364,55.0,0.014,0.0,0.0,0.0,0.0,42.59751081119441,optimal
2021-02-10 19:00:00,8,62,0.0,0.0,0.0,0.3078666666666667,34.9965,6.0,3,20.98950434303859,55.0,0.007333333333333333,0.0,0.0,0.0,0.0,42.55491330038322,optimal
2021-02-10 19:30:00,8,62,0.0,0.0,0.0,0.158,34.9965,6.0,3,20.626406990265078,55.0,0.007333333333333333,0.0,0.0,0.0,0.0,42.512358387082834,optimal
2021-02-10 20:00:00,8,62,0.16829361299888623,0.0,0.0,0.6121666666666666,34.9965,6.0,3,20.276489929493234,55.0,0.002666666666666666,589.0276454961019,0.0,0.0,0.0,42.46984602869575,optimal
2021-02-10 20:30:00,8,62,0.0,0.0,0.0,0.30326666666666663,27.741,6.0,3,20.0,55.0,0.002666666666666666,0.0,0.0,0.0,0.0,42.427376182667054,optimal
2021-02-10 21:00:00,8,62,0.0,0.0,0.0,0.4826666666666667,19.026,6.0,3,19.651378063263337,55.0,0.001333333333333333,0.0,0.0,0.0,0.0,42.38494880648439,optimal
2021-02-10 21:30:00,8,62,0.0,0.0,0.0,0.4466,18.7215,6.0,3,19.31908547408553,55.0,0.001333333333333333,0.0,0.0,0.0,0.0,42.3425638576779,optimal
2021-02-10 22:00:00,8,62,0.0,0.0,0.0,0.6651666666666667,17.4195,6.0,3,18.972606049995772,55.0,0.0,0.0,0.0,0.0,0.0,42.30022129382022,optimal
2021-02-10 22:30:00,8,62,0.0,0.0,0.0,0.2494,16.758,6.0,3,18.60678026848542,55.0,0.0,0.0,0.0,0.0,0.0,42.2579210725264,optimal
2021-02-10 23:00:00,8,62,0.0,0.0,0.0,0.098,14.217,6.0,3,18.163692097904452,55.0,0.0,0.0,0.0,0.0,0.0,42.215663151453874,optimal
2021-02-10 23:30:00,8,62,0.0,0.0,0.0,0.11746666666666668,13.3665,6.0,3,17.71300423637736,55.0,0.0,0.0,0.0,0.0,0.0,42.17344748830242,optimal
2021-02-11 00:00:00,8,62,2.4285714285714284,0.0,0.0,0.056,12.306,6.0,4,17.71300423637736,55.0,0.0,8500.0,0.0,0.0,0.0,42.13127404081412,optimal
2021-02-11 00:30:00,8,62,2.4285714285714284,0.0,9.0,0.056,10.6365,6.0,4,17.92669258021844,55.0,0.08133971291866028,0.0,0.0,8500.0,0.0,46.364142766773305,optimal
2021-02-11 01:00:00,8,62,2.4285714285714284,0.0,0.0,0.13836666666666667,11.2455,6.0,4,17.48482771942794,55.0,0.14430666666666667,1673.333333333333,0.0,6826.666666666667,0.0,46.31777862400653,optimal
2021-02-11 01:30:00,8,62,2.4285714285714284,0.0,0.0,0.41836666666666666,11.2455,6.0,4,17.1996388771726,55.0,0.12066666666666667,8500.0,0.0,0.0,0.0,46.27146084538252,optimal
2021-02-11 02:00:00,8,62,2.4285714285714284,0.0,0.0,0.12140000000000001,11.025,6.0,4,17.483922075566234,55.0,0.12066666666666667,8500.0,0.0,0.0,0.0,46.22518938453714,optimal
2021-02-11 02:30:00,8,62,2.4285714285714284,0.0,0.0,0.09093333333333334,12.0855,6.0,4,17.749396325723218,55.0,0.12066666666666667,8500.0,0.0,0.0,0.0,46.1789641951526,optimal
2021-02-11 03:00:00,8,62,2.4285714285714284,0.0,0.0,0.1792,11.6865,6.0,4,18.008174094356846,55.0,0.11866666666666667,8500.0,0.0,0.0,0.0,46.13278523095745,optimal
2021-02-11 03:30:00,8,62,2.4285714285714284,0.0,0.0,0.37460000000000004,11.2245,6.0,4,18.273663776199964,55.0,0.11733333333333333,8500.0,0.0,0.0,0.0,46.08665244572649,optimal
2021-02-11 04:00:00,8,62,2.4285714285714284,0.0,4.1251246457246955,0.2738,11.025,6.0,4,18.540686876658324,55.0,0.11333333333333333,8500.0,0.0,0.0,0.0,48.0,optimal
2021-02-11 04:30:00,8,62,2.4285714285714284,0.0,0.0,1.1208666666666665,10.7835,6.0,4,18.808017704888766,55.0,0.11333333333333333,8500.0,0.0,0.0,0.0,47.64331640262963,optimal
2021-02-11 05:00:00,8,62,2.4285714285714284,0.0,0.0,0.0824,11.025,6.0,4,19.032880429138512,55.0,0.11333333333333333,8500.0,0.0,0.0,0.0,47.286989488856634,optimal
2021-02-11 05:30:00,8,62,2.4285714285714284,0.0,0.0,0.22240000000000001,10.584,6.0,4,19.21778793182044,55.0,0.11333333333333333,8500.0,0.0,0.0,0.0,46.93101890199741,optimal
2021-02-11 06:00:00,8,62,2.4285714285714284,0.0,0.0,0.088,11.025,6.0,4,19.414813756150075,55.0,0.11333333333333333,8500.0,0.0,0.0,0.0,46.57540428572504,optimal
2021-02-11 06:30:00,8,62,2.4285714285714284,0.0,0.0,0.104,10.4265,6.0,4,19.602618578091107,55.0,0.108,8500.0,0.0,0.0,0.0,46.22014528406895,optimal
2021-02-11 07:00:00,8,62,2.4285714285714284,0.0,0.0,0.2176,12.789,6.0,4,19.827058594353637,55.0,0.10466666666666667,8500.0,0.0,0.0,0.0,45.86524154141451,optimal
2021-02-11 07:30:00,8,62,2.4285714285714284,0.0,0.0,0.0722,12.684,6.0,4,20.07189184725333,55.0,0.10466666666666667,8500.0,0.0,0.0,0.0,45.51069270250273,optimal
2021-02-11 08:00:00,8,62,2.4285714285714284,0.0,0.0,1.5589666666666666,16.254,6.0,4,20.296206809700497,55.0,0.09933333333333333,8500.0,0.0,0.0,0.0,45.15649841242986,optimal
2021-02-11 08:30:00,8,62,2.4285714285714284,0.0,0.0,0.8197666666666666,17.64,6.0,4,20.60311909582136,55.0,0.096,8500.0,0.0,0.0,0.0,44.80265831664706,optimal
2021-02-11 09:00:00,8,62,0.4745163864765136,0.0,0.0,0.14959999999999998,19.1625,6.0,4,20.865019517488154,55.0,0.09266666666666666,1660.8073526677977,0.0,0.0,0.0,44.449172060960045,optimal
2021-02-11 09:30:00,8,62,0.0,0.0,0.0,0.49796666666666656,26.46,6.0,4,20.61959309036485,55.0,0.09266666666666666,0.0,0.0,0.0,0.0,44.09603929152872,optimal
2021-02-11 10:00:00,8,62,0.0,0.0,0.0,0.25,20.79,6.0,4,20.308073870289217,55.0,0.09133333333333334,0.0,0.0,0.0,0.0,43.74325965486682,optimal
2021-02-11 10:30:00,8,62,0.0,0.0,0.0,0.3683666666666667,29.106,6.0,4,20.157794017849156,55.0,0.09133333333333334,0.0,0.0,0.0,0.0,43.39083279784158,optimal
2021-02-11 11:00:00,8,62,0.4740512440760223,0.0,0.0,0.2783,19.1835,6.0,4,20.0,55.0,0.09133333333333334,1659.179354266078,0.0,0.0,0.0,43.038758367673374,optimal
2021-02-11 11:30:00,8,62,0.0,0.0,0.0,0.2841666666666667,19.6665,6.0,4,20.05655327092544,55.0,0.09133333333333334,0.0,0.0,0.0,0.0,42.687036011935334,optimal
2021-02-11 12:00:00,8,62,0.0,0.0,0.0,0.2901333333333333,19.404,6.0,4,20.0,55.0,0.08933333333333333,0.0,0.0,0.0,0.0,42.33566537855303,optimal
2021-02-11 12:30:00,8,62,0.0,0.0,0.0,0.1398,19.047,6.0,4,20.037825459706806,55.0,0.08933333333333333,0.0,0.0,0.0,0.0,41.98464611580411,optimal
2021-02-11 13:00:00,8,62,0.0,0.0,0.0,0.0701,18.858,6.0,4,20.061521073411765,55.0,0.08933333333333333,0.0,0.0,0.0,0.0,41.633977872317935,optimal
2021-02-11 13:30:00,8,62,0.0,0.0,0.0,0.1357,19.2675,6.0,4,20.047093030598617,55.0,0.08933333333333333,0.0,0.0,0.0,0.0,41.28366029707525,optimal
2021-02-11 14:00:00,8,62,0.0,0.0,0.0,0.1485,18.963,6.0,4,20.040096944368827,55.0,0.08933333333333333,0.0,0.0,0.0,0.0,40.93369303940781,optimal
2021-02-11 14:30:00,8,62,0.0,0.0,0.0,0.14959999999999998,18.438,6.0,4,20.045973646426805,55.0,0.08933333333333333,0.0,0.0,0.0,0.0,40.58407574899803,optimal
2021-02-11 15:00:00,8,62,1.2748150648971357,0.0,0.0,0.0947,18.7425,6.0,4,20.044498871984246,55.0,0.08933333333333333,4461.852727139975,0.0,0.0,0.0,40.23480807587867,optimal
2021-02-11 15:30:00,8,62,2.4285714285714284,0.0,0.0,0.0906,15.2145,6.0,4,20.291129988704483,55.0,0.08933333333333333,8500.0,0.0,0.0,0.0,39.88588967043242,optimal
2021-02-11 16:00:00,8,62,2.4285714285714284,0.0,0.0,0.1152,17.7765,6.0,4,20.818572732711583,55.0,0.08933333333333333,8500.0,0.0,0.0,0.0,39.53732018339162,optimal
2021-02-11 16:30:00,8,62,2.4285714285714284,0.0,0.0,0.0715,16.758,6.0,4,21.2066672783109,55.0,0.08933333333333333,8500.0,0.0,0.0,0.0,39.18909926583786,optimal
2021-02-11 17:00:00,8,62,2.4285714285714284,0.0,0.0,0.1815,16.422,6.0,4,21.564489125227006,55.0,0.08933333333333333,8500.0,0.0,0.0,0.0,38.84122656920165,optimal
2021-02-11 17:30:00,8,62,2.4285714285714284,0.0,0.0,0.32380000000000003,16.758,6.0,4,21.774159452435935,55.0,0.08933333333333333,8500.0,0.0,0.0,0.0,38.49370174526208,optimal
2021-02-11 18:00:00,8,62,1.4049837066329984,0.0,0.0,0.8112666666666667,29.358,6.0,4,22.0,55.0,0.08866666666666667,4917.442973215495,0.0,0.0,0.0,38.14652444614645,optimal
2021-02-11 18:30:00,8,62,0.0,0.0,0.0,1.8159,34.9965,6.0,4,21.910532225970563,55.0,0.07298666666666667,0.0,0.0,0.0,0.0,37.799694324329934,optimal
2021-02-11 19:00:00,8,62,0.0,0.0,0.0,1.025766666666667,34.65,6.0,4,21.476851549148293,55.0,0.062,0.0,0.0,0.0,0.0,37.45321103263524,optimal
2021-02-11 19:30:00,8,62,0.0,0.0,0.0,0.49460000000000004,34.9965,6.0,4,21.00845444832232,55.0,0.011333333333333334,0.0,0.0,0.0,0.0,37.107074224232235,optimal
2021-02-11 20:00:00,8,62,0.0,0.0,0.0,0.2369,34.9965,6.0,4,20.514619789960797,55.0,0.009333333333333334,0.0,0.0,0.0,0.0,36.761283552637636,optimal
2021-02-11 20:30:00,8,62,0.0,0.0,0.0,0.07546666666666667,30.4815,6.0,4,20.0,55.0,0.009333333333333334,0.0,0.0,0.0,0.0,36.724522269085,optimal
2021-02-11 21:00:00,8,62,0.0,0.0,0.0,0.5175333333333333,21.4305,6.0,4,19.511916302733244,55.0,0.004,0.0,0.0,0.0,0.0,36.68779774681592,optimal
2021-02-11 21:30:00,8,62,0.0,0.0,0.0,0.1356,14.3325,6.0,4,19.05955041929606,55.0,0.004,0.0,0.0,0.0,0.0,36.6511099490691,optimal
2021-02-11 22:00:00,8,62,0.0,0.0,0.0,0.24923333333333328,13.692,6.0,4,18.58825052152052,55.0,0.002,0.0,0.0,0.0,0.0,36.61445883912003,optimal
2021-02-11 22:30:00,8,62,0.0,0.0,0.0,0.236,14.007,6.0,4,18.148389292749886,55.0,0.0,0.0,0.0,0.0,0.0,36.577844380280915,optimal
2021-02-11 23:00:00,8,62,0.0199047619047619,0.0,0.0,0.3679666666666666,12.873,6.0,4,17.710263960239182,55.0,0.0,0.0,0.0,69.66666666666666,0.0,36.54126653590063,optimal
2021-02-11 23:30:00,8,62,0.0,0.0,0.0,0.1265,12.684,6.0,4,17.24883563490052,55.0,0.0,0.0,0.0,0.0,0.0,36.504725269364734,optimal
2021-02-12 00:00:00,8,62,2.4285714285714284,0.0,0.0,0.17253333333333334,10.689,6.0,2,17.24883563490052,55.0,0.0,8500.0,0.0,0.0,0.0,36.46822054409537,optimal
2021-02-12 00:30:00,8,62,2.4285714285714284,0.0,9.0,0.1372,8.1585,6.0,2,17.43390422236649,55.0,0.029480343651274672,5419.304088441796,0.0,3080.695911558203,0.0,40.70675232355127,optimal
2021-02-12 01:00:00,8,62,2.4285714285714284,0.0,0.0,0.054,10.3635,6.0,2,17.35600463077672,55.0,0.029480343651274672,8500.0,0.0,0.0,0.0,40.66604557122772,optimal
2021-02-12 01:30:00,8,62,2.4285714285714284,0.0,0.0,0.054,10.8045,6.0,2,17.510073623008537,55.0,0.029480343651274672,8500.0,0.0,0.0,0.0,40.62537952565649,optimal
2021-02-12 02:00:00,8,62,2.4285714285714284,0.0,0.0,0.054,11.025,6.0,2,17.663012849468224,55.0,0.029480343651274672,8500.0,0.0,0.0,0.0,40.584754146130834,optimal
2021-02-12 02:30:00,8,62,2.4285714285714284,0.0,0.0,0.14413333333333334,10.3635,6.0,2,17.814845916489965,55.0,0.029480343651274672,8500.0,0.0,0.0,0.0,40.5441693919847,optimal
2021-02-12 03:00:00,8,62,2.4285714285714284,0.0,0.0,0.1164,10.8045,6.0,2,17.976701160715837,55.0,0.029480343651274672,8500.0,0.0,0.0,0.0,40.50362522259272,optimal
2021-02-12 03:30:00,8,62,2.4285714285714284,0.0,0.0,0.054,10.059,6.0,2,18.13931177240695,55.0,0.029480343651274672,8500.0,0.0,0.0,0.0,40.463121597370126,optimal
2021-02-12 04:00:00,8,62,2.4285714285714284,0.0,0.0,0.20653333333333332,10.584,6.0,2,18.308355984762112,55.0,0.029480343651274672,8500.0,0.0,0.0,0.0,40.42265847577276,optimal
2021-02-12 04:30:00,8,62,2.4285714285714284,0.0,9.0,0.054,9.4185,6.0,2,18.50021579898676,55.0,0.029480343651274672,8500.0,0.0,0.0,0.0,44.657235817296986,optimal
2021-02-12 05:00:00,8,62,2.4285714285714284,0.0,0.0,0.1372,10.3635,6.0,2,18.69097180984743,55.0,0.029480343651274672,8500.0,0.0,0.0,0.0,44.61257858147969,optimal
2021-02-12 05:30:00,8,62,2.4285714285714284,0.0,7.833778297183023,0.12333333333333331,9.8385,6.0,2,18.89876187604679,55.0,0.029480343651274672,8500.0,0.0,0.0,0.0,48.289010694060146,optimal
2021-02-12 06:00:00,8,62,2.4285714285714284,0.0,0.0,0.05433333333333334,11.067,6.0,2,19.117860528893612,55.0,0.029480343651274672,8500.0,0.0,0.0,0.0,48.240721683366075,optimal
2021-02-12 06:30:00,8,62,2.4285714285714284,0.0,0.0,0.21253333333333332,10.8465,6.0,2,19.34376917201663,55.0,0.029480343651274672,8500.0,0.0,0.0,0.0,48.192480961682705,optimal
2021-02-12 07:00:00,8,62,2.4285714285714284,0.0,0.0,0.054,13.671,6.0,2,19.57876830543996,55.0,0.029480343651274672,8500.0,0.0,0.0,0.0,48.144288480721016,optimal
2021-02-12 07:30:00,8,62,2.4285714285714284,0.0,0.0,0.10253333333333332,12.348,6.0,2,19.799225308658876,55.0,0.029480343651274672,8500.0,0.0,0.0,0.0,48.096144192240295,optimal
2021-02-12 08:00:00,8,62,2.4285714285714284,0.0,0.0,0.166,14.3325,6.0,2,20.0,55.0,0.022147010317941338,8500.0,0.0,0.0,0.0,48.048048048048045,optimal
2021-02-12 08:30:00,8,62,1.0235745060676182,0.0,0.0,0.3655,15.393,6.0,2,20.19231634381317,55.0,0.014813676984608006,3582.510771236664,0.0,0.0,0.0,48.0,optimal
2021-02-12 09:00:00,8,62,2.4285714285714284,0.0,0.0,1.912766666666667,13.587,6.0,2,20.012363311071713,55.0,0.014813676984608006,8500.0,0.0,0.0,0.0,47.57734477178698,optimal
2021-02-12 09:30:00,8,62,0.0,0.0,0.0,0.31389999999999996,16.1385,6.0,2,20.307185796742633,55.0,0.014813676984608006,0.0,0.0,0.0,0.0,47.15511219880218,optimal
2021-02-12 10:00:00,8,62,0.5897132072855613,0.0,0.0,0.06373333333333332,14.595,6.0,2,20.0,55.0,0.011480343651274672,2063.996225499465,0.0,0.0,0.0,46.73330185839036,optimal
2021-02-12 10:30:00,8,62,0.4459423592013491,0.0,0.0,0.43310000000000004,14.637,6.0,2,20.0,55.0,0.011480343651274672,1560.798257204722,0.0,0.0,0.0,46.31191332831896,optimal
2021-02-12 11:00:00,8,62,0.15213579252496773,0.0,0.0,0.07106666666666667,13.9125,6.0,2,20.0,55.0,0.011480343651274672,532.4752738373871,0.0,0.0,0.0,45.890946186777626,optimal
2021-02-12 11:30:00,8,62,0.15031800794301436,0.0,0.0,0.0983,13.3665,6.0,2,20.0,55.0,0.008147010317941338,526.1130278005502,0.0,0.0,0.0,45.47040001237783,optimal
2021-02-12 12:00:00,8,62,0.21456307288813242,0.0,0.0,0.17726666666666668,13.0095,6.0,2,20.0,55.0,0.014666666666666666,0.0,0.0,750.9707551084634,0.0,45.05027438415244,optimal
2021-02-12 12:30:00,8,62,0.0,0.0,0.0,0.37156666666666666,13.8915,6.0,2,20.00055420318393,55.0,0.012,0.0,0.0,0.0,0.0,44.63056888155527,optimal
2021-02-12 13:00:00,8,62,0.0,0.0,0.0,0.07233333333333333,13.188,6.0,2,20.017997139425745,55.0,0.0,0.0,0.0,0.0,0.0,44.211283084460696,optimal
2021-02-12 13:30:00,8,62,0.0398095238095238,0.0,0.0,2.423333333333333,12.5685,6.0,2,20.003007623206994,55.0,0.0,0.0,0.0,139.33333333333331,0.0,43.79241657316322,optimal
2021-02-12 14:00:00,8,62,0.0199047619047619,0.0,0.0,0.34996666666666665,12.285,6.0,2,20.031605653641726,55.0,0.0,0.0,0.0,69.66666666666666,0.0,43.373968928377046,optimal
2021-02-12 14:30:00,8,62,2.4285714285714284,0.0,0.0,0.17133333333333334,11.487,6.0,2,20.012277674937764,55.0,0.012666666666666666,7176.333333333333,0.0,1323.6666666666667,0.0,42.95593973123565,optimal
2021-02-12 15:00:00,8,62,0.38071831951421947,0.0,0.0,0.17573333333333332,11.802,6.0,2,20.54038927377938,55.0,0.012666666666666666,1332.5141182997681,0.0,0.0,0.0,42.5383285632914,optimal
2021-02-12 15:30:00,8,62,2.4285714285714284,0.0,0.0,2.083333333333333,11.2245,6.0,2,20.55930194060821,55.0,0.012666666666666666,8500.0,0.0,0.0,0.0,42.1211350065151,optimal
2021-02-12 16:00:00,8,62,2.4285714285714284,0.0,0.0,0.23686666666666667,11.025,6.0,2,21.14633498670942,55.0,0.010666666666666666,8500.0,0.0,0.0,0.0,41.70435864329556,optimal
2021-02-12 16:30:00,8,62,2.4285714285714284,0.0,0.0,0.116,11.907,6.0,2,21.577230215683528,55.0,0.009333333333333334,8500.0,0.0,0.0,0.0,41.66265428465227,optimal
2021-02-12 17:00:00,8,62,0.0,0.0,0.0,2.2354666666666665,25.83,6.0,2,22.0,55.0,0.009333333333333334,0.0,0.0,0.0,0.0,41.62099163036762,optimal
2021-02-12 17:30:00,8,62,0.0,0.0,0.0,2.2343,28.035,6.0,2,21.679430521596938,55.0,0.005333333333333333,0.0,0.0,0.0,0.0,41.57937063873725,optimal
2021-02-12 18:00:00,8,62,0.0,0.0,0.0,1.770233333333333,28.119,6.0,2,21.3751783491391,55.0,0.005333333333333333,0.0,0.0,0.0,0.0,41.537791268098516,optimal
2021-02-12 18:30:00,8,62,0.0,0.0,0.0,0.6295333333333333,30.156,6.0,2,21.01858807510676,55.0,0.0033333333333333335,0.0,0.0,0.0,0.0,41.49625347683042,optimal
2021-02-12 19:00:00,8,62,0.0,0.0,0.0,5.083733333333334,29.1585,6.0,2,20.679236475723226,55.0,0.0033333333333333335,0.0,0.0,0.0,0.0,41.45475722335359,optimal
2021-02-12 19:30:00,8,62,0.0,0.0,0.0,3.2495666666666665,26.712,6.0,2,20.45397386655769,55.0,0.0033333333333333335,0.0,0.0,0.0,0.0,41.41330246613023,optimal
2021-02-12 20:00:00,8,62,0.6824707118225595,0.0,0.0,0.2966333333333333,15.435,6.0,2,20.17884283231407,55.0,0.0033333333333333335,2388.647491378958,0.0,0.0,0.0,41.3718891636641,optimal
2021-02-12 20:30:00,8,62,0.0,0.0,0.0,0.4254333333333333,13.566,6.0,2,20.0,55.0,0.002,0.0,0.0,0.0,0.0,41.33051727450044,optimal
2021-02-12 21:00:00,8,62,0.0,0.0,0.0,0.3914333333333333,12.789,6.0,2,19.62889970717357,55.0,0.002,0.0,0.0,0.0,0.0,41.289186757225934,optimal
2021-02-12 21:30:00,8,62,0.0,0.0,0.0,0.4261333333333333,12.1275,6.0,2,19.259158515631924,55.0,0.0,0.0,0.0,0.0,0.0,41.24789757046871,optimal
2021-02-12 22:00:00,8,62,0.0,0.0,0.0,2.1481,13.671,6.0,2,18.912457782712874,55.0,0.0,0.0,0.0,0.0,0.0,41.20664967289824,optimal
2021-02-12 22:30:00,8,62,0.0199047619047619,0.0,0.0,2.072833333333333,10.668,6.0,2,18.562759926710083,55.0,0.0006666666666666665,0.0,0.0,69.66666666666666,0.0,41.165443023225336,optimal
2021-02-12 23:00:00,8,62,0.0,0.0,0.0,1.7672,11.7285,6.0,2,18.212732938240734,55.0,0.0,0.0,0.0,0.0,0.0,41.12427758020211,optimal
2021-02-12 23:30:00,8,62,0.0,0.0,0.0,0.9962333333333332,11.025,6.0,2,17.861607309548976,55.0,0.0,0.0,0.0,0.0,0.0,41.08315330262191,optimal
2021-02-13 00:00:00,8,62,2.4285714285714284,0.0,0.0,0.26106666666666667,8.2005,6.0,3,17.861607309548976,55.0,0.0,8500.0,0.0,0.0,0.0,41.04207014931929,optimal
2021-02-13 00:30:00,8,62,0.0,0.0,0.0,0.0878,9.5655,6.0,3,18.158535530684965,55.0,0.0,0.0,0.0,0.0,0.0,41.00102807916997,optimal
2021-02-13 01:00:00,8,62,2.4285714285714284,0.0,9.0,0.049,7.056,6.0,3,17.78429861658596,55.0,0.08133971291866028,0.0,0.0,8500.0,0.0,45.235027051090796,optimal
2021-02-13 01:30:00,8,62,1.1669153867860187,0.0,0.0,0.2511333333333333,9.3975,6.0,3,17.41594452305327,55.0,0.08902666666666667,3280.9171870843984,0.0,803.2866666666666,0.0,45.189792024039704,optimal
2021-02-13 02:00:00,8,62,0.0,0.0,0.0,0.161,10.059,6.0,3,17.32398494317108,55.0,0.08902666666666667,0.0,0.0,0.0,0.0,45.144602232015664,optimal
2021-02-13 02:30:00,8,62,2.4285714285714284,0.0,0.0,0.1186,9.261,6.0,3,16.975945120265173,55.0,0.08902666666666667,8500.0,0.0,0.0,0.0,45.09945762978365,optimal
2021-02-13 03:00:00,8,62,2.4285714285714284,0.0,0.0,0.203,8.1585,6.0,3,17.28509704686676,55.0,0.08902666666666667,8500.0,0.0,0.0,0.0,45.05435817215387,optimal
2021-02-13 03:30:00,8,62,2.4285714285714284,0.0,0.0,0.14446666666666666,9.4815,6.0,3,17.5942749475705,55.0,0.08902666666666667,8500.0,0.0,0.0,0.0,45.00930381398172,optimal
2021-02-13 04:00:00,8,62,2.4285714285714284,0.0,0.0,0.11366666666666668,8.379,6.0,3,17.891449903766198,55.0,0.08902666666666667,8500.0,0.0,0.0,0.0,44.96429451016773,optimal
2021-02-13 04:30:00,8,62,2.4285714285714284,0.0,0.0,0.049,9.5235,6.0,3,18.179003868022555,55.0,0.08902666666666667,8500.0,0.0,0.0,0.0,44.91933021565757,optimal
2021-02-13 05:00:00,8,62,2.4285714285714284,0.0,0.0,0.29353333333333337,8.1375,6.0,3,18.45349066044194,55.0,0.08902666666666667,8500.0,0.0,0.0,0.0,44.87441088544191,optimal
2021-02-13 05:30:00,8,62,2.4285714285714284,0.0,0.0,0.1186,10.0905,6.0,3,18.73894361752706,55.0,0.08902666666666667,8500.0,0.0,0.0,0.0,44.82953647455647,optimal
2021-02-13 06:00:00,8,62,2.4285714285714284,0.0,7.887315448654031,0.1866,7.539,6.0,3,19.002899923376052,55.0,0.08902666666666667,8500.0,0.0,0.0,0.0,48.53118177619257,optimal
2021-02-13 06:30:00,8,62,2.4285714285714284,0.0,0.0,0.22553333333333334,7.938,6.0,3,19.26447682298578,55.0,0.08902666666666667,8500.0,0.0,0.0,0.0,48.48265059441637,optimal
2021-02-13 07:00:00,8,62,2.4285714285714284,0.0,0.0,0.057,8.274,6.0,3,19.52253516682875,55.0,0.08902666666666667,8500.0,0.0,0.0,0.0,48.434167943821954,optimal
2021-02-13 07:30:00,8,62,2.4285714285714284,0.0,0.0,0.12793333333333334,9.261,6.0,3,19.76059106045145,55.0,0.08902666666666667,8500.0,0.0,0.0,0.0,48.38573377587813,optimal
2021-02-13 08:00:00,8,62,1.6334628998435705,0.0,0.0,0.20166666666666663,9.9225,6.0,3,20.0,55.0,0.08902666666666667,5717.120149452497,0.0,0.0,0.0,48.33734804210225,optimal
2021-02-13 08:30:00,8,62,2.4285714285714284,0.0,0.0,0.9057000000000001,9.702,6.0,3,20.055668939936997,55.0,0.08702666666666667,8500.0,0.0,0.0,0.0,48.289010694060146,optimal
2021-02-13 09:00:00,8,62,0.0,0.0,0.0,0.10033333333333332,10.584,6.0,3,20.32632722623539,55.0,0.08702666666666667,0.0,0.0,0.0,0.0,48.240721683366075,optimal
2021-02-13 09:30:00,8,62,2.4285714285714284,0.0,0.0,0.2892333333333333,10.143,6.0,3,20.0,55.0,0.08569333333333333,8500.0,0.0,0.0,0.0,48.192480961682705,optimal
2021-02-13 10:00:00,8,62,0.0,0.0,0.0,0.33493333333333336,13.0095,6.0,3,20.35018121556669,55.0,0.07969333333333334,0.0,0.0,0.0,0.0,48.144288480721016,optimal
2021-02-13 10:30:00,8,62,0.9662804839197396,0.0,0.0,0.21603333333333333,11.025,6.0,3,20.15520003201937,55.0,0.07969333333333334,3381.9816937190885,0.0,0.0,0.0,48.096144192240295,optimal
2021-02-13 11:00:00,8,62,0.0,0.0,0.0,0.188,12.789,6.0,3,20.228331253593304,55.0,0.07969333333333334,0.0,0.0,0.0,0.0,48.048048048048045,optimal
2021-02-13 11:30:00,8,62,0.0,0.0,0.0,0.34313333333333335,12.1275,6.0,3,20.169491360910115,55.0,0.07969333333333334,0.0,0.0,0.0,0.0,48.0,optimal
2021-02-13 12:00:00,8,62,0.0,0.0,0.0,0.3425,12.1695,6.0,3,20.137334020158324,55.0,0.07969333333333334,0.0,0.0,0.0,0.0,46.08272192979514,optimal
2021-02-13 12:30:00,8,62,0.0,0.0,0.0,0.4564,12.306,6.0,3,20.134016783568896,55.0,0.07969333333333334,0.0,0.0,0.0,0.0,44.16736113766049,optimal
2021-02-13 13:00:00,8,62,0.0,0.0,0.0,0.30596666666666666,13.23,6.0,3,20.125883436283807,55.0,0.07969333333333334,0.0,0.0,0.0,0.0,42.253915706317976,optimal
2021-02-13 13:30:00,8,62,0.0,0.0,0.0,0.5729333333333333,13.671,6.0,3,20.130892751080616,55.0,0.042653333333333335,0.0,0.0,0.0,0.0,40.3423837204068,optimal
2021-02-13 14:00:00,8,62,0.0,0.0,0.0,0.4723333333333333,13.9335,6.0,3,20.158683551656516,55.0,0.03036,0.0,0.0,0.0,0.0,38.43276326648154,optimal
2021-02-13 14:30:00,8,62,0.0,0.0,0.0,0.324,13.293,6.0,3,20.08237610497648,55.0,0.02836,0.0,0.0,0.0,0.0,36.525052433010195,optimal
2021-02-13 15:00:00,8,62,2.1046242713938987,0.0,0.0,0.26866666666666666,12.1065,6.0,3,20.0,55.0,0.02836,7366.184949878645,0.0,0.0,0.0,34.619249310372325,optimal
2021-02-13 15:30:00,8,62,2.4285714285714284,0.0,0.0,0.3116666666666667,11.571,6.0,3,20.406270295323797,55.0,0.02836,8500.0,0.0,0.0,0.0,32.715351990857094,optimal
2021-02-13 16:00:00,8,62,2.4285714285714284,0.0,0.0,0.3517333333333333,11.025,6.0,3,20.890483974788427,55.0,0.025693333333333332,8500.0,0.0,0.0,0.0,30.81335856866138,optimal
2021-02-13 16:30:00,8,62,2.4285714285714284,0.0,0.0,0.6792333333333334,10.8465,6.0,3,21.27662140055852,55.0,0.021693333333333332,8500.0,0.0,0.0,0.0,30.782545210092717,optimal
2021-02-13 17:00:00,8,62,2.4285714285714284,0.0,0.0,0.4498666666666667,11.2455,6.0,3,21.69210095890581,55.0,0.019026666666666667,8500.0,0.0,0.0,0.0,30.751762664882623,optimal
2021-02-13 17:30:00,8,62,0.11904845966175087,0.0,0.0,0.5053666666666666,23.8665,6.0,3,22.0,55.0,0.01836,416.66960881612806,0.0,0.0,0.0,30.721010902217742,optimal
2021-02-13 18:00:00,8,62,0.0,0.0,0.0,0.4178,27.4575,6.0,3,21.69455932623544,55.0,0.015693333333333333,0.0,0.0,0.0,0.0,30.690289891315523,optimal
2021-02-13 18:30:00,8,62,0.0,0.0,0.0,0.6922,27.3735,6.0,3,21.32177280251406,55.0,0.01036,0.0,0.0,0.0,0.0,30.65959960142421,optimal
2021-02-13 19:00:00,8,62,0.0,0.0,0.0,0.44053333333333333,30.4605,6.0,3,20.991852875948908,55.0,0.00836,0.0,0.0,0.0,0.0,30.628940001822784,optimal
2021-02-13 19:30:00,8,62,0.0,0.0,0.0,0.7099333333333333,30.0195,6.0,3,20.648750041005968,55.0,0.007026666666666666,0.0,0.0,0.0,0.0,30.59831106182096,optimal
2021-02-13 20:00:00,8,62,0.0,0.0,0.0,0.5824666666666667,26.9325,6.0,3,20.32704857165866,55.0,0.004,0.0,0.0,0.0,0.0,30.567712750759142,optimal
2021-02-13 20:30:00,8,62,0.0,0.0,0.0,0.7819333333333333,14.595,6.0,3,20.0,55.0,0.00236,0.0,0.0,0.0,0.0,30.537145038008383,optimal
2021-02-13 21:00:00,8,62,0.0,0.0,0.0,0.377,12.4845,6.0,3,19.673960264853516,55.0,0.00236,0.0,0.0,0.0,0.0,30.506607892970376,optimal
2021-02-13 21:30:00,8,62,0.0,0.0,0.0,0.39666666666666667,12.1275,6.0,3,19.324230977075363,55.0,0.0,0.0,0.0,0.0,0.0,30.476101285077405,optimal
2021-02-13 22:00:00,8,62,0.0,0.0,0.0,0.27466666666666667,12.1275,6.0,3,18.97056980543377,55.0,0.0,0.0,0.0,0.0,0.0,30.445625183792327,optimal
2021-02-13 22:30:00,8,62,0.0,0.0,0.0,0.11866666666666668,12.789,6.0,3,18.594001486297195,55.0,0.0,0.0,0.0,0.0,0.0,30.415179558608536,optimal
2021-02-13 23:00:00,8,62,0.0,0.0,0.0,0.14953333333333332,11.907,6.0,3,18.21435853438256,55.0,0.0,0.0,0.0,0.0,0.0,30.384764379049926,optimal
2021-02-13 23:30:00,8,62,0.0,0.0,0.0,0.27486666666666665,11.025,6.0,3,17.846064857262444,55.0,0.0,0.0,0.0,0.0,0.0,30.354379614670876,optimal
2021-02-07 00:00:00,9,62,0.0,0.0,0.0,0.061,7.7175,6.0,-3,21.0,55.0,0.12,0.0,0.0,0.0,0.0,47.952,optimal
2021-02-07 00:30:00,9,62,0.0,0.0,0.0,0.061,6.615,6.0,-3,20.632209223199077,55.0,0.12,0.0,0.0,0.0,0.0,47.904047999999996,optimal
2021-02-07 01:00:00,9,62,1.1956113555544474,0.0,0.0,0.119,6.174,6.0,-3,20.27001390585162,55.0,0.126,3557.639744440566,0.0,627.0,0.0,47.856143952,optimal
2021-02-07 01:30:00,9,62,2.5714285714285716,0.0,0.0,0.1306,3.906,6.0,-3,20.191138925366193,55.0,0.126,9000.0,0.0,0.0,0.0,47.80828780804799,optimal
2021-02-07 02:00:00,9,62,2.5714285714285716,0.0,0.0,0.061,2.3415,6.0,-3,20.53197377975527,55.0,0.126,9000.0,0.0,0.0,0.0,47.76047952023995,optimal
2021-02-07 02:30:00,9,62,2.5714285714285716,0.0,0.0,0.1886,2.205,6.0,-3,20.859293809247745,55.0,0.126,9000.0,0.0,0.0,0.0,47.712719040719705,optimal
2021-02-07 03:00:00,9,62,2.5714285714285716,0.0,1.823527272660185,0.069,0.882,6.0,-3,21.18749038265256,55.0,0.126,9000.0,0.0,0.0,0.0,48.53118177619257,optimal
2021-02-07 03:30:00,9,62,2.5714285714285716,0.0,0.0,0.16906666666666667,1.5435,6.0,-3,21.496934484824216,55.0,0.126,9000.0,0.0,0.0,0.0,48.48265059441637,optimal
2021-02-07 04:00:00,9,62,2.5714285714285716,0.0,0.0,0.0842,1.5435,6.0,-3,21.806890600206813,55.0,0.126,9000.0,0.0,0.0,0.0,48.434167943821954,optimal
2021-02-07 04:30:00,9,62,2.5714285714285716,0.0,0.0,0.11320000000000001,5.0715,6.0,-3,22.1030857031723,55.0,0.126,9000.0,0.0,0.0,0.0,48.38573377587813,optimal
2021-02-07 05:00:00,9,62,2.5714285714285716,0.0,0.0,0.1364,5.376,6.0,-3,22.39532032996671,55.0,0.126,9000.0,0.0,0.0,0.0,48.33734804210225,optimal
2021-02-07 05:30:00,9,62,2.5714285714285716,0.0,0.0,0.061,5.0715,6.0,-3,22.68323153658933,55.0,0.126,9000.0,0.0,0.0,0.0,48.289010694060146,optimal
2021-02-07 06:00:00,9,62,2.5714285714285716,0.0,0.0,0.061,5.5125,6.0,-3,22.95933279913168,55.0,0.126,9000.0,0.0,0.0,0.0,48.240721683366075,optimal
2021-02-07 06:30:00,9,62,0.0,0.0,0.0,0.1886,9.261,6.0,-3,23.229664955515624,55.0,0.126,0.0,0.0,0.0,0.0,48.192480961682705,optimal
2021-02-07 07:00:00,9,62,0.0,0.0,0.0,0.060333333333333336,11.7075,6.0,-3,22.811509239393736,55.0,0.126,0.0,0.0,0.0,0.0,48.144288480721016,optimal
2021-02-07 07:30:00,9,62,0.0,0.0,0.0,0.0938,12.348,6.0,-3,22.393725384137785,55.0,0.124,0.0,0.0,0.0,0.0,48.096144192240295,optimal
2021-02-07 08:00:00,9,62,0.0,0.0,0.0,0.16013333333333332,12.348,6.0,-3,22.0,55.0,0.10133333333333333,0.0,0.0,0.0,0.0,48.048048048048045,optimal
2021-02-07 08:30:00,9,62,0.0,0.0,0.0,0.069,12.1275,6.0,-3,21.621000962215494,55.0,0.09866666666666667,0.0,0.0,0.0,0.0,48.0,optimal
2021-02-07 09:00:00,9,62,0.0,0.0,0.0,0.17646666666666666,12.5265,6.0,-3,21.24242395283569,55.0,0.098,0.0,0.0,0.0,0.0,47.47517752828412,optimal
2021-02-07 09:30:00,9,62,2.5714285714285716,0.0,0.0,0.112,11.7495,6.0,-3,20.91116290710742,55.0,0.098,9000.0,0.0,0.0,0.0,46.95087987903996,optimal
2021-02-07 10:00:00,9,62,0.0,0.0,0.0,0.3115333333333334,13.23,6.0,-3,21.26602809468538,55.0,0.09333333333333334,0.0,0.0,0.0,0.0,46.42710652744504,optimal
2021-02-07 10:30:00,9,62,0.0,0.0,0.0,0.1974,14.3325,6.0,-3,20.98190499360273,55.0,0.07666666666666667,0.0,0.0,0.0,0.0,45.90385694920172,optimal
2021-02-07 11:00:00,9,62,0.0,0.0,0.0,0.233,14.994,6.0,-3,20.686249991938038,55.0,0.07333333333333335,0.0,0.0,0.0,0.0,45.38113062053664,optimal
2021-02-07 11:30:00,9,62,0.0,0.0,0.0,0.45913333333333334,14.8155,6.0,-3,20.465453309448847,55.0,0.07333333333333335,0.0,0.0,0.0,0.0,44.85892701820023,optimal
2021-02-07 12:00:00,9,62,0.0,0.0,0.0,0.2904,14.112,6.0,-3,20.27682553973009,55.0,0.017333333333333333,0.0,0.0,0.0,0.0,44.33724561946615,optimal
2021-02-07 12:30:00,9,62,0.03256604161016282,0.0,0.0,0.3447333333333333,14.007,6.0,-3,20.13268110917772,55.0,0.014666666666666666,113.98114563556986,0.0,0.0,0.0,43.81608590213081,optimal
2021-02-07 13:00:00,9,62,1.6019349698828358,0.0,0.0,0.8777,13.23,6.0,-3,20.0,55.0,0.014,5606.772394589925,0.0,0.0,0.0,43.2954473445128,optimal
2021-02-07 13:30:00,9,62,2.5714285714285716,0.0,0.0,1.6466333333333334,11.382,6.0,-3,20.27867888260346,55.0,0.012,9000.0,0.0,0.0,0.0,42.77532942545241,optimal
2021-02-07 14:00:00,9,62,2.5714285714285716,0.0,0.0,0.3472333333333333,11.7495,6.0,-3,20.841469610871506,55.0,0.012,9000.0,0.0,0.0,0.0,42.25573162431108,optimal
2021-02-07 14:30:00,9,62,0.0,0.0,0.0,0.32713333333333333,24.3285,6.0,-3,21.335938360009347,55.0,0.011333333333333334,0.0,0.0,0.0,0.0,41.736653420970896,optimal
2021-02-07 15:00:00,9,62,0.0,0.0,0.0,0.24580000000000002,28.917,6.0,-3,21.12797549282485,55.0,0.011333333333333334,0.0,0.0,0.0,0.0,41.21809429583405,optimal
2021-02-07 15:30:00,9,62,0.0,0.0,0.0,0.3390666666666667,31.3635,6.0,-3,20.960801873520666,55.0,0.008666666666666666,0.0,0.0,0.0,0.0,40.700053729822336,optimal
2021-02-07 16:00:00,9,62,0.0,0.0,0.0,0.2016,33.306,6.0,-3,20.80828016008429,55.0,0.007333333333333333,0.0,0.0,0.0,0.0,40.18253120437664,optimal
2021-02-07 16:30:00,9,62,0.0,0.0,0.0,0.1987,31.3425,6.0,-3,20.556842168445204,55.0,0.005333333333333332,0.0,0.0,0.0,0.0,39.66552620145638,optimal
2021-02-07 17:00:00,9,62,0.0,0.0,0.0,0.4066,28.2555,6.0,-3,20.314725238974752,55.0,0.004666666666666666,0.0,0.0,0.0,0.0,39.14903820353905,optimal
2021-02-07 17:30:00,9,62,1.1600895137412564,0.0,0.0,0.3176666666666667,15.6975,6.0,-3,20.0,55.0,0.004666666666666666,4060.313298094397,0.0,0.0,0.0,38.63306669361963,optimal
2021-02-07 18:00:00,9,62,1.2126685356833264,0.0,0.0,0.418,12.5475,6.0,-3,20.0,55.0,0.003999999999999999,4244.3398748916425,0.0,0.0,0.0,38.59443362692601,optimal
2021-02-07 18:30:00,9,62,1.1498221796728059,0.0,0.0,0.5618666666666666,12.0855,6.0,-3,20.0,55.0,0.001333333333333333,4024.37762885482,0.0,0.0,0.0,38.555839193299086,optimal
2021-02-07 19:00:00,9,62,2.5714285714285716,0.0,0.0,0.6596000000000001,11.907,6.0,-3,20.0,55.0,0.001333333333333333,9000.0,0.0,0.0,0.0,38.517283354105786,optimal
2021-02-07 19:30:00,9,62,0.9671799783721169,0.0,0.0,0.38206666666666667,12.5685,6.0,-3,20.38958729681052,55.0,0.001333333333333333,3385.129924302409,0.0,0.0,0.0,38.47876607075168,optimal
2021-02-07 20:00:00,9,62,0.0,0.0,0.0,0.41523333333333334,13.146,6.0,-3,20.32222658491247,55.0,0.001333333333333333,0.0,0.0,0.0,0.0,38.44028730468093,optimal
2021-02-07 20:30:00,9,62,0.0,0.0,0.0,0.4969333333333333,10.584,6.0,-3,20.0,55.0,0.001333333333333333,0.0,0.0,0.0,0.0,38.40184701737625,optimal
2021-02-07 21:00:00,9,62,0.0,0.0,0.0,0.5090666666666667,6.678,6.0,-3,19.68873598970845,55.0,0.0,0.0,0.0,0.0,0.0,38.36344517035887,optimal
2021-02-07 21:30:00,9,62,0.0,0.0,0.0,0.664,7.938,6.0,-3,19.380282830955455,55.0,0.0,0.0,0.0,0.0,0.0,38.32508172518851,optimal
2021-02-07 22:00:00,9,62,0.7364761904761905,0.0,0.0,0.4036,5.292,6.0,-3,19.092495086625394,55.0,0.004,0.0,0.0,2577.6666666666665,0.0,38.28675664346332,optimal
2021-02-07 22:30:00,9,62,0.0,0.0,0.0,0.257,9.261,6.0,-3,18.79556793821003,55.0,0.0,0.0,0.0,0.0,0.0,38.248469886819855,optimal
2021-02-07 23:00:00,9,62,0.0,0.0,0.0,0.1986,10.3635,6.0,-3,18.478876754472132,55.0,0.0,0.0,0.0,0.0,0.0,38.21022141693304,optimal
2021-02-07 23:30:00,9,62,0.0,0.0,0.0,0.066,8.274,6.0,-3,18.150585544829404,55.0,0.0,0.0,0.0,0.0,0.0,38.172011195516106,optimal
2021-02-08 00:00:00,9,62,2.5714285714285716,0.0,0.0,0.16963333333333333,7.665,6.0,-3,18.150585544829404,55.0,0.0,8721.333333333334,0.0,278.66666666666663,0.0,38.13383918432059,optimal
2021-02-08 00:30:00,9,62,2.5714285714285716,0.0,0.0,0.4159666666666666,6.7725,6.0,-3,18.50960132828219,55.0,0.035333333333333335,3287.333333333333,0.0,5712.666666666667,0.0,38.095705345136274,optimal
2021-02-08 01:00:00,9,62,2.5714285714285716,0.0,0.0,0.238,5.5755,6.0,-3,18.467085428340756,55.0,0.03,9000.0,0.0,0.0,0.0,38.05760963979114,optimal
2021-02-08 01:30:00,9,62,2.5714285714285716,0.0,9.0,0.17033333333333334,5.0925,6.0,-3,18.86898092000927,55.0,0.03,9000.0,0.0,0.0,0.0,42.294552030151344,optimal
2021-02-08 02:00:00,9,62,2.5714285714285716,0.0,9.0,0.3336,4.1895,6.0,-3,19.250665637177942,55.0,0.03,9000.0,0.0,0.0,0.0,46.52725747812119,optimal
2021-02-08 02:30:00,9,62,2.5714285714285716,0.0,0.0,0.3791333333333333,7.056,6.0,-3,19.633704347400055,55.0,0.03,9000.0,0.0,0.0,0.0,46.480730220643075,optimal
2021-02-08 03:00:00,9,62,2.5714285714285716,0.0,4.210354638735839,0.1338,5.271,6.0,-3,19.99931803755399,55.0,0.03,9000.0,0.0,0.0,0.0,48.434167943821954,optimal
2021-02-08 03:30:00,9,62,2.5714285714285716,0.0,0.0,0.10733333333333331,7.938,6.0,-3,20.31740454449543,55.0,0.03,9000.0,0.0,0.0,0.0,48.38573377587813,optimal
2021-02-08 04:00:00,9,62,2.5714285714285716,0.0,0.0,0.069,7.938,6.0,-3,20.625766107448225,55.0,0.03,9000.0,0.0,0.0,0.0,48.33734804210225,optimal
2021-02-08 04:30:00,9,62,0.08009326563895529,0.0,0.0,0.069,11.907,6.0,-3,20.923694040772798,55.0,0.03,280.3264297363435,0.0,0.0,0.0,48.289010694060146,optimal
2021-02-08 05:00:00,9,62,2.5714285714285716,0.0,0.0,0.1849333333333333,11.025,6.0,-3,20.543248922413856,55.0,0.03,9000.0,0.0,0.0,0.0,48.240721683366075,optimal
2021-02-08 05:30:00,9,62,2.5714285714285716,0.0,0.0,0.10740000000000001,11.2875,6.0,-3,20.847630896483906,55.0,0.03,9000.0,0.0,0.0,0.0,48.192480961682705,optimal
2021-02-08 06:00:00,9,62,0.0,0.0,0.0,0.08433333333333333,12.936,6.0,-3,21.13865009214846,55.0,0.03,0.0,0.0,0.0,0.0,48.144288480721016,optimal
2021-02-08 06:30:00,9,62,0.0,0.0,0.0,0.2724,13.0095,6.0,-3,20.729171266949773,55.0,0.026,0.0,0.0,0.0,0.0,48.096144192240295,optimal
2021-02-08 07:00:00,9,62,0.0,0.0,0.0,0.4044666666666666,13.671,6.0,-3,20.352132047873983,55.0,0.022,0.0,0.0,0.0,0.0,48.048048048048045,optimal
2021-02-08 07:30:00,9,62,2.5714285714285716,0.0,0.0,0.7092999999999999,13.188,6.0,-3,20.00009230254852,55.0,0.019333333333333334,9000.0,0.0,0.0,0.0,48.0,optimal
2021-02-08 08:00:00,9,62,0.0,0.0,0.0,1.1336666666666668,13.8495,6.0,-3,20.352453848180737,55.0,0.018666666666666668,0.0,0.0,0.0,0.0,47.760822779980295,optimal
2021-02-08 08:30:00,9,62,1.3754735141438843,0.0,0.0,0.19713333333333333,13.23,6.0,-3,20.0,55.0,0.016666666666666666,4814.157299503595,0.0,0.0,0.0,47.52188473718061,optimal
2021-02-08 09:00:00,9,62,1.2337633111473412,0.0,0.0,0.24659999999999999,13.3665,6.0,-3,20.0,55.0,0.016666666666666666,4318.171589015695,0.0,0.0,0.0,47.28318563242373,optimal
2021-02-08 09:30:00,9,62,2.5714285714285716,0.0,0.0,0.2891,13.0515,6.0,-3,20.0,55.0,0.016666666666666666,9000.0,0.0,0.0,0.0,47.044725226771604,optimal
2021-02-08 10:00:00,9,62,0.45235179855298696,0.0,0.0,0.18753333333333333,13.5345,6.0,-3,20.362693066116943,55.0,0.016666666666666666,1583.2312949354543,0.0,0.0,0.0,46.80650328152513,optimal
2021-02-08 10:30:00,9,62,0.0,0.0,0.0,0.11166666666666669,14.154,6.0,-3,20.243673591514035,55.0,0.016666666666666666,0.0,0.0,0.0,0.0,46.568519558223905,optimal
2021-02-08 11:00:00,9,62,0.4936613977725256,0.0,0.0,0.069,14.112,6.0,-3,20.0,55.0,0.016666666666666666,1727.8148922038397,0.0,0.0,0.0,46.33077381864598,optimal
2021-02-08 11:30:00,9,62,0.4615115428943319,0.0,0.0,0.15433333333333335,14.2485,6.0,-3,20.0,55.0,0.016666666666666666,1615.2904001301617,0.0,0.0,0.0,46.09326582480763,optimal
2021-02-08 12:00:00,9,62,0.328298702067831,0.0,0.0,0.138,12.789,6.0,-3,20.0,55.0,0.016666666666666666,1149.0454572374085,0.0,0.0,0.0,45.85599533896312,optimal
2021-02-08 12:30:00,9,62,0.3275989923114448,0.0,0.0,0.08606666666666667,13.0095,6.0,-3,20.0,55.0,0.016666666666666666,1146.5964730900569,0.0,0.0,0.0,45.618962123604454,optimal
2021-02-08 13:00:00,9,62,2.0685348056205943,0.0,0.0,0.20626666666666668,12.1275,6.0,-3,20.0,55.0,0.016666666666666666,7239.87181967208,0.0,0.0,0.0,45.382165941461146,optimal
2021-02-08 13:30:00,9,62,2.5714285714285716,0.0,0.0,0.069,12.348,6.0,-3,20.469583097139033,55.0,0.016666666666666666,9000.0,0.0,0.0,0.0,45.14560655549998,optimal
2021-02-08 14:00:00,9,62,2.5714285714285716,0.0,0.0,0.267,12.348,6.0,-3,21.056151671621844,55.0,0.016666666666666666,9000.0,0.0,0.0,0.0,44.90928372892478,optimal
2021-02-08 14:30:00,9,62,0.0,0.0,0.0,0.2911,25.389,6.0,-3,21.654126704242145,55.0,0.016666666666666666,0.0,0.0,0.0,0.0,44.673197225176146,optimal
2021-02-08 15:00:00,9,62,0.0,0.0,0.0,0.2483333333333333,29.1375,6.0,-3,21.559096867515734,55.0,0.014666666666666666,0.0,0.0,0.0,0.0,44.43734680793126,optimal
2021-02-08 15:30:00,9,62,0.0,0.0,0.0,0.4128,30.597,6.0,-3,21.383372463016794,55.0,0.014666666666666666,0.0,0.0,0.0,0.0,44.20173224110363,optimal
2021-02-08 16:00:00,9,62,0.0,0.0,0.0,0.2317333333333333,33.684,6.0,-3,21.222473687244968,55.0,0.013333333333333334,0.0,0.0,0.0,0.0,43.96635328884282,optimal
2021-02-08 16:30:00,9,62,0.0,0.0,0.0,0.15369999999999998,32.445,6.0,-3,20.962860589789805,55.0,0.013333333333333334,0.0,0.0,0.0,0.0,43.73120971553427,optimal
2021-02-08 17:00:00,9,62,0.0,0.0,0.0,0.13169999999999998,28.917,6.0,-3,20.699136704756608,55.0,0.013333333333333334,0.0,0.0,0.0,0.0,43.496301285799035,optimal
2021-02-08 17:30:00,9,62,0.0,0.0,0.0,0.1572333333333333,15.876,6.0,-3,20.345675106421805,55.0,0.013333333333333334,0.0,0.0,0.0,0.0,43.26162776449353,optimal
2021-02-08 18:00:00,9,62,1.328802653629201,0.0,0.0,0.20806666666666662,12.348,6.0,-3,20.0,55.0,0.013333333333333334,4650.809287702204,0.0,0.0,0.0,43.21836613672904,optimal
2021-02-08 18:30:00,9,62,0.8064267738091491,0.0,0.0,3.6915,12.1275,6.0,-3,20.0,55.0,0.010666666666666666,2822.4937083320215,0.0,0.0,0.0,43.17514777059231,optimal
2021-02-08 19:00:00,9,62,1.2076547035129137,0.0,0.0,1.0483333333333333,12.348,6.0,-3,20.0,55.0,0.01,4226.7914622951985,0.0,0.0,0.0,43.13197262282172,optimal
2021-02-08 19:30:00,9,62,1.292269962020682,0.0,0.0,0.8787,12.1275,6.0,-3,20.0,55.0,0.006,4522.944867072387,0.0,0.0,0.0,43.0888406501989,optimal
2021-02-08 20:00:00,9,62,1.2735595062427294,0.0,0.0,0.5630333333333333,12.1275,6.0,-3,20.0,55.0,0.001333333333333333,4457.458271849553,0.0,0.0,0.0,43.0457518095487,optimal
2021-02-08 20:30:00,9,62,0.0,0.0,0.0,0.4109,11.2665,6.0,-3,20.0,55.0,0.0,0.0,0.0,0.0,0.0,43.00270605773915,optimal
2021-02-08 21:00:00,9,62,0.0,0.0,0.0,0.33676666666666666,10.143,6.0,-3,19.659711112243368,55.0,0.0,0.0,0.0,0.0,0.0,42.959703351681405,optimal
2021-02-08 21:30:00,9,62,0.0,0.0,0.0,0.4515,11.2455,6.0,-3,19.317944557195194,55.0,0.0,0.0,0.0,0.0,0.0,42.91674364832972,optimal
2021-02-08 22:00:00,9,62,0.0,0.0,0.0,1.8878,11.025,6.0,-3,18.989388868799285,55.0,0.0,0.0,0.0,0.0,0.0,42.873826904681394,optimal
2021-02-08 22:30:00,9,62,0.0398095238095238,0.0,0.0,1.2659333333333334,5.9745,6.0,-3,18.717417183483064,55.0,0.001333333333333333,0.0,0.0,139.33333333333331,0.0,42.83095307777671,optimal
2021-02-08 23:00:00,9,62,0.0,0.0,0.0,0.29419999999999996,7.938,6.0,-3,18.468501646857177,55.0,0.0,0.0,0.0,0.0,0.0,42.78812212469894,optimal
2021-02-08 23:30:00,9,62,0.0,0.0,0.0,0.3921,8.6835,6.0,-3,18.140005047953487,55.0,0.0,0.0,0.0,0.0,0.0,42.74533400257424,optimal
2021-02-09 00:00:00,9,62,2.5714285714285716,0.0,9.0,0.06966666666666667,10.584,6.0,0,18.140005047953487,55.0,0.0,9000.0,0.0,0.0,0.0,46.97758866857166,optimal
2021-02-09 00:30:00,9,62,2.5714285714285716,0.0,0.0,0.060333333333333336,11.2455,6.0,0,18.473325834900688,55.0,0.0861244019138756,0.0,0.0,9000.0,0.0,46.930611079903095,optimal
2021-02-09 01:00:00,9,62,0.0,0.0,0.0,0.13019999999999998,12.1275,6.0,0,18.10912674799475,55.0,0.0861244019138756,0.0,0.0,0.0,0.0,46.883680468823194,optimal
2021-02-09 01:30:00,9,62,0.9119047619047618,0.0,0.0,0.06,11.823,6.0,0,17.758976785769782,55.0,0.11666666666666667,0.0,0.0,3191.6666666666665,0.0,46.83679678835437,optimal
2021-02-09 02:00:00,9,62,2.5714285714285716,0.0,0.0,0.13019999999999998,11.7705,6.0,0,17.408659200727982,55.0,0.11666666666666667,9000.0,0.0,0.0,0.0,46.789959991566015,optimal
2021-02-09 02:30:00,9,62,2.5714285714285716,0.0,0.0,0.06,11.13,6.0,0,17.760566370537088,55.0,0.11666666666666667,9000.0,0.0,0.0,0.0,46.74317003157445,optimal
2021-02-09 03:00:00,9,62,2.5714285714285716,0.0,0.0,0.13019999999999998,11.6865,6.0,0,18.100770743184693,55.0,0.11666666666666667,9000.0,0.0,0.0,0.0,46.696426861542875,optimal
2021-02-09 03:30:00,9,62,2.5714285714285716,0.0,0.0,0.06,10.7205,6.0,0,18.44030580605522,55.0,0.11666666666666667,9000.0,0.0,0.0,0.0,46.64973043468133,optimal
2021-02-09 04:00:00,9,62,2.5714285714285716,0.0,0.0,0.13986666666666667,11.424,6.0,0,18.769441330224346,55.0,0.11666666666666667,9000.0,0.0,0.0,0.0,46.60308070424665,optimal
2021-02-09 04:30:00,9,62,2.5714285714285716,0.0,3.953032253220101,0.07,10.689,6.0,0,19.099183571631265,55.0,0.11666666666666667,9000.0,0.0,0.0,0.0,48.434167943821954,optimal
2021-02-09 05:00:00,9,62,2.5714285714285716,0.0,0.0,0.0895,11.361,6.0,0,19.414551915817146,55.0,0.11666666666666667,9000.0,0.0,0.0,0.0,48.38573377587813,optimal
2021-02-09 05:30:00,9,62,2.5714285714285716,0.0,0.0,0.11103333333333332,11.571,6.0,0,19.722739649651608,55.0,0.11666666666666667,9000.0,0.0,0.0,0.0,48.33734804210225,optimal
2021-02-09 06:00:00,9,62,0.0,0.0,0.0,0.07746666666666667,14.3745,6.0,0,20.02688538034137,55.0,0.11666666666666667,0.0,0.0,0.0,0.0,48.289010694060146,optimal
2021-02-09 06:30:00,9,62,2.5714285714285716,0.0,0.0,0.13240000000000002,13.23,6.0,0,19.629779475951608,55.0,0.11666666666666667,9000.0,0.0,0.0,0.0,48.240721683366075,optimal
2021-02-09 07:00:00,9,62,2.5714285714285716,0.0,0.0,0.06866666666666667,13.9755,6.0,0,19.935721934737614,55.0,0.11666666666666667,9000.0,0.0,0.0,0.0,48.192480961682705,optimal
2021-02-09 07:30:00,9,62,0.6263548050869678,0.0,0.0,0.058,14.994,6.0,0,20.23245446919344,55.0,0.116,2192.2418178043877,0.0,0.0,0.0,48.144288480721016,optimal
2021-02-09 08:00:00,9,62,2.5714285714285716,0.0,0.0,0.11359999999999999,13.671,6.0,0,20.019531577745173,55.0,0.06678666666666666,9000.0,0.0,0.0,0.0,48.096144192240295,optimal
2021-02-09 08:30:00,9,62,0.0,0.0,0.0,0.8615,15.981,6.0,0,20.34820054727668,55.0,0.06666666666666667,0.0,0.0,0.0,0.0,48.048048048048045,optimal
2021-02-09 09:00:00,9,62,2.139453083509477,0.0,0.0,0.814,15.6345,6.0,0,20.0,55.0,0.04466666666666667,7488.08579228317,0.0,0.0,0.0,48.0,optimal
2021-02-09 09:30:00,9,62,0.0,0.0,0.0,0.218,16.5375,6.0,0,20.300510069719667,55.0,0.04466666666666667,0.0,0.0,0.0,0.0,47.43057264748144,optimal
2021-02-09 10:00:00,9,62,1.4760659090632124,0.0,0.0,0.16490000000000002,14.7735,6.0,0,20.0,55.0,0.04466666666666667,5166.230681721244,0.0,0.0,0.0,46.861714722315405,optimal
2021-02-09 10:30:00,9,62,0.0,0.0,0.0,0.29569999999999996,15.2145,6.0,0,20.19583610491978,55.0,0.04466666666666667,0.0,0.0,0.0,0.0,46.29342565507453,optimal
2021-02-09 11:00:00,9,62,0.29953450654826,0.0,0.0,0.3095,14.553,6.0,0,20.0,55.0,0.04466666666666667,1048.37077291891,0.0,0.0,0.0,45.7257048769009,optimal
2021-02-09 11:30:00,9,62,0.24079291244250312,0.0,0.0,0.3648333333333333,14.3325,6.0,0,20.0,55.0,0.03933333333333333,842.7751935487609,0.0,0.0,0.0,45.15855181950544,optimal
2021-02-09 12:00:00,9,62,0.053792198393296776,0.0,0.0,0.0875,14.595,6.0,0,20.0,55.0,0.034666666666666665,188.27269437653874,0.0,0.0,0.0,44.59196591516738,optimal
2021-02-09 12:30:00,9,62,0.0,0.0,0.0,0.22963333333333333,14.994,6.0,0,20.003063581315846,55.0,0.028,0.0,0.0,0.0,0.0,44.025946596733654,optimal
2021-02-09 13:00:00,9,62,0.0,0.0,0.0,0.2729,14.3325,6.0,0,20.0,55.0,0.025333333333333333,0.0,0.0,0.0,0.0,43.46049329761836,optimal
2021-02-09 13:30:00,9,62,0.014488956091716033,0.0,0.0,0.07,13.8915,6.0,0,20.026381630976058,55.0,0.025333333333333333,50.71134632100612,0.0,0.0,0.0,42.89560545180219,optimal
2021-02-09 14:00:00,9,62,1.1951509714592643,0.0,0.0,0.1285,13.8915,6.0,0,20.0,55.0,0.025333333333333333,4183.028400107425,0.0,0.0,0.0,42.33128249383183,optimal
2021-02-09 14:30:00,9,62,2.5714285714285716,0.0,0.0,0.08170000000000001,13.4715,6.0,0,20.274652131030376,55.0,0.025333333333333333,9000.0,0.0,0.0,0.0,41.76752385881944,optimal
2021-02-09 15:00:00,9,62,2.5714285714285716,0.0,0.0,0.07,13.23,6.0,0,20.90908183297865,55.0,0.025333333333333333,9000.0,0.0,0.0,0.0,41.204328982442064,optimal
2021-02-09 15:30:00,9,62,2.5714285714285716,0.0,0.0,0.2379333333333333,13.8915,6.0,0,21.447463242149926,55.0,0.025333333333333333,9000.0,0.0,0.0,0.0,40.64169730094106,optimal
2021-02-09 16:00:00,9,62,0.0,0.0,0.0,0.30226666666666663,26.9325,6.0,0,22.0,55.0,0.024,0.0,0.0,0.0,0.0,40.60105560364012,optimal
2021-02-09 16:30:00,9,62,0.0,0.0,0.0,0.37346666666666656,30.303,6.0,0,21.767269813027887,55.0,0.022,0.0,0.0,0.0,0.0,40.56045454803648,optimal
2021-02-09 17:00:00,9,62,0.0,0.0,0.0,0.5507000000000001,32.886,6.0,0,21.54767676184705,55.0,0.0026666666666666666,0.0,0.0,0.0,0.0,40.519894093488446,optimal
2021-02-09 17:30:00,9,62,0.0,0.0,0.0,0.9424666666666668,34.9965,6.0,0,21.218028086002178,55.0,0.0026666666666666666,0.0,0.0,0.0,0.0,40.47937419939496,optimal
2021-02-09 18:00:00,9,62,0.0,0.0,0.0,0.09340000000000001,33.327,6.0,0,20.874998550341562,55.0,0.0026666666666666666,0.0,0.0,0.0,0.0,40.43889482519557,optimal
2021-02-09 18:30:00,9,62,0.0,0.0,0.0,0.4866333333333333,31.122,6.0,0,20.471817631927795,55.0,0.002,0.0,0.0,0.0,0.0,40.398455930370375,optimal
2021-02-09 19:00:00,9,62,0.7910146849273464,0.0,0.0,0.366,17.9025,6.0,0,20.114073174047533,55.0,0.002,2768.5513972457125,0.0,0.0,0.0,40.35805747444,optimal
2021-02-09 19:30:00,9,62,1.275200708042235,0.0,0.0,0.30446666666666666,15.6555,6.0,0,20.0,55.0,0.0,4463.202478147822,0.0,0.0,0.0,40.31769941696556,optimal
2021-02-09 20:00:00,9,62,1.2232578508993706,0.0,0.0,0.4006,14.553,6.0,0,20.0,55.0,0.0,4281.402478147797,0.0,0.0,0.0,40.27738171754859,optimal
2021-02-09 20:30:00,9,62,0.0,0.0,0.0,0.32863333333333333,14.3325,6.0,0,20.0,55.0,0.0,0.0,0.0,0.0,0.0,40.23710433583104,optimal
2021-02-09 21:00:00,9,62,0.0,0.0,0.0,0.1981,13.335,6.0,0,19.665161108651084,55.0,0.0,0.0,0.0,0.0,0.0,40.19686723149521,optimal
2021-02-09 21:30:00,9,62,0.0,0.0,0.0,0.3639666666666666,12.1275,6.0,0,19.332918694639023,55.0,0.0,0.0,0.0,0.0,0.0,40.15667036426372,optimal
2021-02-09 22:00:00,9,62,0.0,0.0,0.0,1.3422333333333332,12.2955,6.0,0,19.02041184587917,55.0,0.0,0.0,0.0,0.0,0.0,40.116513693899456,optimal
2021-02-09 22:30:00,9,62,0.0,0.0,0.0,0.1685,11.6865,6.0,0,18.70945099822842,55.0,0.0,0.0,0.0,0.0,0.0,40.076397180205554,optimal
2021-02-09 23:00:00,9,62,0.05971428571428571,0.0,0.0,0.16016666666666665,11.466,6.0,0,18.370607616315663,55.0,0.0,0.0,0.0,209.0,0.0,40.036320783025346,optimal
2021-02-09 23:30:00,9,62,0.0398095238095238,0.0,0.0,0.2508666666666667,10.8045,6.0,0,18.033849102404638,55.0,0.0,0.0,0.0,139.33333333333331,0.0,39.99628446224232,optimal
2021-02-10 00:00:00,9,62,2.5714285714285716,0.0,0.0,0.13813333333333333,11.508,6.0,-3,18.033849102404638,55.0,0.0,9000.0,0.0,0.0,0.0,39.95628817778008,optimal
2021-02-10 00:30:00,9,62,2.5714285714285716,0.0,0.0,0.1975,11.844,6.0,-3,18.37093393835643,55.0,0.058,2939.0,0.0,6061.0,0.0,39.916331889602304,optimal
2021-02-10 01:00:00,9,62,2.5714285714285716,0.0,0.0,0.18969999999999998,11.508,6.0,-3,18.237232743518607,55.0,0.058,9000.0,0.0,0.0,0.0,39.876415557712704,optimal
2021-02-10 01:30:00,9,62,2.5714285714285716,0.0,0.0,0.14793333333333333,11.508,6.0,-3,18.570030836769277,55.0,0.058,9000.0,0.0,0.0,0.0,39.83653914215499,optimal
2021-02-10 02:00:00,9,62,2.5714285714285716,0.0,9.0,0.29769999999999996,10.4475,6.0,-3,18.890576124543536,55.0,0.058,9000.0,0.0,0.0,0.0,44.07170260301283,optimal
2021-02-10 02:30:00,9,62,2.5714285714285716,0.0,0.06407971034349202,0.08116666666666666,10.8675,6.0,-3,19.213842898708577,55.0,0.058,9000.0,0.0,0.0,0.0,44.05806876282297,optimal
2021-02-10 03:00:00,9,62,2.5714285714285716,0.0,9.0,0.1901,10.542,6.0,-3,19.51371566673226,55.0,0.058,9000.0,0.0,0.0,0.0,48.289010694060146,optimal
2021-02-10 03:30:00,9,62,2.5714285714285716,0.0,0.0,0.2494333333333333,11.025,6.0,-3,19.815693546020455,55.0,0.058,9000.0,0.0,0.0,0.0,48.240721683366075,optimal
2021-02-10 04:00:00,9,62,2.5714285714285716,0.0,0.0,0.14793333333333333,11.025,6.0,-3,20.115921066515583,55.0,0.058,9000.0,0.0,0.0,0.0,48.192480961682705,optimal
2021-02-10 04:30:00,9,62,2.5714285714285716,0.0,0.0,0.30306666666666665,14.553,6.0,-3,20.40207565512006,55.0,0.05733333333333333,9000.0,0.0,0.0,0.0,48.144288480721016,optimal
2021-02-10 05:00:00,9,62,2.5714285714285716,0.0,0.0,0.061,13.0935,6.0,-3,20.69492596264224,55.0,0.04133333333333333,9000.0,0.0,0.0,0.0,48.096144192240295,optimal
2021-02-10 05:30:00,9,62,2.5714285714285716,0.0,0.0,0.31076666666666664,15.6345,6.0,-3,20.97174494177917,55.0,0.03666666666666667,9000.0,0.0,0.0,0.0,48.048048048048045,optimal
2021-02-10 06:00:00,9,62,0.0,0.0,0.0,0.4267666666666666,18.102,6.0,-3,21.278997279842866,55.0,0.028,0.0,0.0,0.0,0.0,48.0,optimal
2021-02-10 06:30:00,9,62,0.0,0.0,0.0,0.2092,17.199,6.0,-3,20.89446502144396,55.0,0.020666666666666667,0.0,0.0,0.0,0.0,47.823634303369744,optimal
2021-02-10 07:00:00,9,62,0.0,0.0,0.0,1.1796333333333335,18.2805,6.0,-3,20.516913395624236,55.0,0.017333333333333333,0.0,0.0,0.0,0.0,47.64744497243612,optimal
2021-02-10 07:30:00,9,62,2.523597778801984,0.0,0.0,0.2790666666666667,17.4615,6.0,-3,20.144979070816245,55.0,0.017333333333333333,8832.592225806944,0.0,0.0,0.0,47.47143183083343,optimal
2021-02-10 08:00:00,9,62,0.0,0.0,0.0,0.147,18.3225,6.0,-3,20.4253366769913,55.0,0.017333333333333333,0.0,0.0,0.0,0.0,47.29559470237234,optimal
2021-02-10 08:30:00,9,62,1.5539997760540605,0.0,0.0,0.073,17.094,6.0,-3,20.0,55.0,0.017333333333333333,5438.999216189211,0.0,0.0,0.0,47.11993341103972,optimal
2021-02-10 09:00:00,9,62,1.2367359991629763,0.0,0.0,0.2182666666666667,17.094,6.0,-3,20.0,55.0,0.017333333333333333,4328.575997070417,0.0,0.0,0.0,46.94444778099842,optimal
2021-02-10 09:30:00,9,62,1.2420172417875408,0.0,0.0,0.1454,17.094,6.0,-3,20.0,55.0,0.017333333333333333,4347.060346256393,0.0,0.0,0.0,46.76913763658717,optimal
2021-02-10 10:00:00,9,62,0.806360661321876,0.0,0.0,0.13973333333333332,17.3565,6.0,-3,20.0,55.0,0.017333333333333333,2822.262314626566,0.0,0.0,0.0,46.594002802320325,optimal
2021-02-10 10:30:00,9,62,0.7775454028141032,0.0,0.0,0.1998,17.115,6.0,-3,20.0,55.0,0.017333333333333333,2721.4089098493614,0.0,0.0,0.0,46.41904310288775,optimal
2021-02-10 11:00:00,9,62,0.47274102145012137,0.0,0.0,0.20513333333333333,17.241,6.0,-3,20.0,55.0,0.017333333333333333,1654.5935750754247,0.0,0.0,0.0,46.24425836315461,optimal
2021-02-10 11:30:00,9,62,0.4784578332386032,0.0,0.0,0.15793333333333334,17.094,6.0,-3,20.0,55.0,0.017333333333333333,1674.6024163351112,0.0,0.0,0.0,46.0696484081612,optimal
2021-02-10 12:00:00,9,62,0.5484480975037745,0.0,0.0,0.19686666666666666,16.5165,6.0,-3,20.0,55.0,0.017333333333333333,1919.5683412632109,0.0,0.0,0.0,45.89521306312278,optimal
2021-02-10 12:30:00,9,62,0.0,0.0,0.0,0.2748,17.8185,6.0,-3,20.125267399427873,55.0,0.017333333333333333,0.0,0.0,0.0,0.0,45.7209521534294,optimal
2021-02-10 13:00:00,9,62,2.5714285714285716,0.0,0.0,0.10540000000000001,17.094,6.0,-3,20.106397948060316,55.0,0.017333333333333333,9000.0,0.0,0.0,0.0,45.546865504645716,optimal
2021-02-10 13:30:00,9,62,2.5714285714285716,0.0,0.0,0.14859999999999998,16.8945,6.0,-3,20.749611602365302,55.0,0.017333333333333333,9000.0,0.0,0.0,0.0,45.372952942510814,optimal
2021-02-10 14:00:00,9,62,0.0,0.0,0.0,0.2906666666666667,18.123,6.0,-3,21.38688403467496,55.0,0.017333333333333333,0.0,0.0,0.0,0.0,45.19921429293805,optimal
2021-02-10 14:30:00,9,62,0.0,0.0,0.0,0.13240000000000002,31.647,6.0,-3,21.32106324958647,55.0,0.017333333333333333,0.0,0.0,0.0,0.0,45.02564938201486,optimal
2021-02-10 15:00:00,9,62,0.0,0.0,0.0,0.28496666666666665,34.9965,6.0,-3,21.244455870110887,55.0,0.017333333333333333,0.0,0.0,0.0,0.0,44.852258036002596,optimal
2021-02-10 15:30:00,9,62,0.0,0.0,0.0,0.2612,34.9965,6.0,-3,21.108771784302853,55.0,0.016,0.0,0.0,0.0,0.0,44.67904008133634,optimal
2021-02-10 16:00:00,9,62,0.0,0.0,0.0,0.5137333333333334,34.9965,6.0,-3,20.98221259794243,55.0,0.016,0.0,0.0,0.0,0.0,44.50599534462475,optimal
2021-02-10 16:30:00,9,62,0.0,0.0,0.0,0.5947333333333333,34.9965,6.0,-3,20.771095861765303,55.0,0.016,0.0,0.0,0.0,0.0,44.333123652649874,optimal
2021-02-10 17:00:00,9,62,0.0,0.0,0.0,0.6896,34.9965,6.0,-3,20.577885628682452,55.0,0.012,0.0,0.0,0.0,0.0,44.288790528997225,optimal
2021-02-10 17:30:00,9,62,0.0,0.0,0.0,0.42923333333333336,27.741,6.0,-3,20.29578444758606,55.0,0.008,0.0,0.0,0.0,0.0,44.24450173846823,optimal
2021-02-10 18:00:00,9,62,1.2444597964863464,0.0,0.0,0.35760000000000003,19.026,6.0,-3,20.0,55.0,0.008,4355.609287702213,0.0,0.0,0.0,44.20025723672976,optimal
2021-02-10 18:30:00,9,62,1.276878263618175,0.0,0.0,0.4269,18.7215,6.0,-3,20.0,55.0,0.0026666666666666666,4469.073922663612,0.0,0.0,0.0,44.15605697949303,optimal
2021-02-10 19:00:00,9,62,1.2849824450357175,0.0,0.0,0.4209666666666666,17.4195,6.0,-3,20.0,55.0,0.0006666666666666665,4497.4385576250115,0.0,0.0,0.0,44.111900922513534,optimal
2021-02-10 19:30:00,9,62,1.471690415564541,0.0,0.0,0.11246666666666669,16.758,6.0,-3,20.0,55.0,0.0,5150.916454475893,0.0,0.0,0.0,44.06778902159102,optimal
2021-02-10 20:00:00,9,62,1.4743602908552762,0.0,0.0,0.27376666666666666,14.217,6.0,-3,20.0,55.0,0.0,5160.261017993466,0.0,0.0,0.0,44.02372123256943,optimal
2021-02-10 20:30:00,9,62,0.0,0.0,0.0,0.39803333333333335,13.3665,6.0,-3,20.0,55.0,0.0,0.0,0.0,0.0,0.0,43.97969751133686,optimal
2021-02-10 21:00:00,9,62,0.0398095238095238,0.0,0.0,0.35686666666666667,12.789,6.0,-3,19.62285340892908,55.0,0.0,0.0,0.0,139.33333333333331,0.0,43.93571781382552,optimal
2021-02-10 21:30:00,9,62,0.0,0.0,0.0,0.3168,11.907,6.0,-3,19.260777672629924,55.0,0.0,0.0,0.0,0.0,0.0,43.891782096011696,optimal
2021-02-10 22:00:00,9,62,0.0,0.0,0.0,0.09659999999999999,11.7075,6.0,-3,18.876272130734566,55.0,0.0,0.0,0.0,0.0,0.0,43.847890313915684,optimal
2021-02-10 22:30:00,9,62,0.0,0.0,0.0,0.3509333333333333,10.8045,6.0,-3,18.42097337454845,55.0,0.0,0.0,0.0,0.0,0.0,43.80404242360177,optimal
2021-02-10 23:00:00,9,62,0.0,0.0,0.0,0.09713333333333334,11.508,6.0,-3,17.98950841511667,55.0,0.0,0.0,0.0,0.0,0.0,43.76023838117817,optimal
2021-02-10 23:30:00,9,62,0.0,0.0,0.0,0.08513333333333334,11.508,6.0,-3,17.542332028831872,55.0,0.0,0.0,0.0,0.0,0.0,43.716478142796994,optimal
2021-02-11 00:00:00,9,62,2.5714285714285716,0.0,0.0,0.057,12.0855,6.0,-1,17.542332028831872,55.0,0.0,9000.0,0.0,0.0,0.0,43.672761664654196,optimal
2021-02-11 00:30:00,9,62,2.5714285714285716,0.0,0.0,0.214,11.6865,6.0,-1,17.79811634986978,55.0,0.05393494190943144,3363.798570464415,0.0,5636.201429535585,0.0,43.629088902989544,optimal
2021-02-11 01:00:00,9,62,2.5714285714285716,0.0,0.0,0.12186666666666666,11.2245,6.0,-1,17.62959943526702,55.0,0.05393494190943144,9000.0,0.0,0.0,0.0,43.585459814086555,optimal
2021-02-11 01:30:00,9,62,2.5714285714285716,0.0,0.0,0.1444,11.025,6.0,-1,17.892723934072965,55.0,0.05393494190943144,9000.0,0.0,0.0,0.0,43.541874354272466,optimal
2021-02-11 02:00:00,9,62,2.5714285714285716,0.0,0.0,0.19146666666666667,10.7835,6.0,-1,18.15208203607427,55.0,0.05393494190943144,9000.0,0.0,0.0,0.0,43.49833247991819,optimal
2021-02-11 02:30:00,9,62,2.5714285714285716,0.0,0.0,0.057,11.025,6.0,-1,18.40963768986949,55.0,0.05393494190943144,9000.0,0.0,0.0,0.0,43.45483414743827,optimal
2021-02-11 03:00:00,9,62,2.5714285714285716,0.0,1.6583335557981933,0.24453333333333332,10.584,6.0,-1,18.64938924172079,55.0,0.05393494190943144,9000.0,0.0,0.0,0.0,44.19908775229497,optimal
2021-02-11 03:30:00,9,62,2.5714285714285716,0.0,0.0,0.09133333333333331,11.025,6.0,-1,18.896452614545673,55.0,0.05393494190943144,9000.0,0.0,0.0,0.0,44.154888664542675,optimal
2021-02-11 04:00:00,9,62,2.5714285714285716,0.0,9.0,0.08059999999999999,10.4265,6.0,-1,19.131804780411557,55.0,0.05393494190943144,9000.0,0.0,0.0,0.0,48.38573377587813,optimal
2021-02-11 04:30:00,9,62,2.5714285714285716,0.0,0.0,0.2552666666666667,12.789,6.0,-1,19.36663821425736,55.0,0.05393494190943144,9000.0,0.0,0.0,0.0,48.33734804210225,optimal
2021-02-11 05:00:00,9,62,2.5714285714285716,0.0,0.0,0.10026666666666668,12.684,6.0,-1,19.609986990125503,55.0,0.05393494190943144,9000.0,0.0,0.0,0.0,48.289010694060146,optimal
2021-02-11 05:30:00,9,62,2.5714285714285716,0.0,0.0,0.08453333333333334,16.254,6.0,-1,19.836340132067477,55.0,0.05393494190943144,9000.0,0.0,0.0,0.0,48.240721683366075,optimal
2021-02-11 06:00:00,9,62,2.5714285714285716,0.0,0.0,0.1362,17.64,6.0,-1,20.06197835344968,55.0,0.0526016085760981,9000.0,0.0,0.0,0.0,48.192480961682705,optimal
2021-02-11 06:30:00,9,62,2.5714285714285716,0.0,0.0,0.19633333333333328,19.1625,6.0,-1,20.299524202790085,55.0,0.047934941909431435,9000.0,0.0,0.0,0.0,48.144288480721016,optimal
2021-02-11 07:00:00,9,62,0.0,0.0,0.0,0.060333333333333336,26.46,6.0,-1,20.55375962050669,55.0,0.0446016085760981,0.0,0.0,0.0,0.0,48.096144192240295,optimal
2021-02-11 07:30:00,9,62,2.5714285714285716,0.0,0.0,0.24786666666666668,20.79,6.0,-1,20.11988757379538,55.0,0.022601608576098102,9000.0,0.0,0.0,0.0,48.048048048048045,optimal
2021-02-11 08:00:00,9,62,0.0,0.0,0.0,0.09933333333333332,29.106,6.0,-1,20.404396017389615,55.0,0.02126827524276477,0.0,0.0,0.0,0.0,48.0,optimal
2021-02-11 08:30:00,9,62,2.5714285714285716,0.0,0.0,0.17809999999999998,19.1835,6.0,-1,20.0,55.0,0.01926827524276477,9000.0,0.0,0.0,0.0,47.489559927242055,optimal
2021-02-11 09:00:00,9,62,0.37768073126786894,0.0,0.0,0.19266666666666662,19.6665,6.0,-1,20.271118301323174,55.0,0.01326827524276477,1321.8825594375414,0.0,0.0,0.0,46.97963029455687,optimal
2021-02-11 09:30:00,9,62,1.3160913685709894,0.0,0.0,0.067,19.404,6.0,-1,20.0,55.0,0.01326827524276477,4606.319789998463,0.0,0.0,0.0,46.47021059150437,optimal
2021-02-11 10:00:00,9,62,0.6512195881372919,0.0,0.0,0.21806666666666663,19.047,6.0,-1,20.0,55.0,0.01326827524276477,2279.2685584805217,0.0,0.0,0.0,45.961300308154925,optimal
2021-02-11 10:30:00,9,62,1.126521045293989,0.0,0.0,0.1378,18.858,6.0,-1,20.0,55.0,0.01326827524276477,3942.823658528962,0.0,0.0,0.0,45.452898935088825,optimal
2021-02-11 11:00:00,9,62,0.0,0.0,0.0,0.067,19.2675,6.0,-1,20.10912996996106,55.0,0.01326827524276477,0.0,0.0,0.0,0.0,44.94500596339579,optimal
2021-02-11 11:30:00,9,62,0.29584783438712925,0.0,0.0,0.21806666666666663,18.963,6.0,-1,20.0,55.0,0.01326827524276477,1035.4674203549523,0.0,0.0,0.0,44.43762088467445,optimal
2021-02-11 12:00:00,9,62,0.0,0.0,0.0,0.09846666666666669,18.438,6.0,-1,20.0,55.0,0.01326827524276477,0.0,0.0,0.0,0.0,43.93074319103184,optimal
2021-02-11 12:30:00,9,62,0.0,0.0,0.0,0.2093333333333333,18.7425,6.0,-1,20.00775879370685,55.0,0.01326827524276477,0.0,0.0,0.0,0.0,43.42437237508286,optimal
2021-02-11 13:00:00,9,62,2.5714285714285716,0.0,0.0,0.11506666666666666,15.2145,6.0,-1,20.037456634660586,55.0,0.02666666666666667,7599.868096202252,0.0,1400.1319037977482,0.0,42.91850792994983,optimal
2021-02-11 13:30:00,9,62,0.0,0.0,0.0,0.20959999999999998,17.7765,6.0,-1,20.61102516278188,55.0,0.025333333333333333,0.0,0.0,0.0,0.0,42.41314934926194,optimal
2021-02-11 14:00:00,9,62,0.10211079839912922,0.0,0.0,0.16673333333333332,16.758,6.0,-1,20.605793449277716,55.0,0.018666666666666668,357.3877943969523,0.0,0.0,0.0,41.908296127154735,optimal
2021-02-11 14:30:00,9,62,2.5714285714285716,0.0,0.0,0.1358,16.422,6.0,-1,20.663094577454622,55.0,0.018666666666666668,9000.0,0.0,0.0,0.0,41.40394775826964,optimal
2021-02-11 15:00:00,9,62,2.5714285714285716,0.0,0.0,0.1474,16.758,6.0,-1,21.387271871026172,55.0,0.018666666666666668,9000.0,0.0,0.0,0.0,40.900103737753426,optimal
2021-02-11 15:30:00,9,62,0.0,0.0,0.0,0.25066666666666665,29.358,6.0,-1,22.0,55.0,0.018666666666666668,0.0,0.0,0.0,0.0,40.39676356125773,optimal
2021-02-11 16:00:00,9,62,0.0,0.0,0.0,0.21106666666666662,34.9965,6.0,-1,21.900454021202457,55.0,0.017333333333333333,0.0,0.0,0.0,0.0,40.356366797696474,optimal
2021-02-11 16:30:00,9,62,0.0,0.0,0.0,0.47103333333333336,34.65,6.0,-1,21.665782612121493,55.0,0.013333333333333334,0.0,0.0,0.0,0.0,40.31601043089878,optimal
2021-02-11 17:00:00,9,62,0.0,0.0,0.0,0.2518,34.9965,6.0,-1,21.43947875106778,55.0,0.012,0.0,0.0,0.0,0.0,40.27569442046788,optimal
2021-02-11 17:30:00,9,62,0.0,0.0,0.0,0.29006666666666664,34.9965,6.0,-1,21.06098626198027,55.0,0.008,0.0,0.0,0.0,0.0,40.23541872604741,optimal
2021-02-11 18:00:00,9,62,0.0,0.0,0.0,0.2916666666666667,30.4815,6.0,-1,20.69000836043288,55.0,0.006666666666666667,0.0,0.0,0.0,0.0,40.195183307321365,optimal
2021-02-11 18:30:00,9,62,0.6387801975323184,0.0,0.0,0.3762,21.4305,6.0,-1,20.25796698783908,55.0,0.0,2235.7306913631146,0.0,0.0,0.0,40.15498812401405,optimal
2021-02-11 19:00:00,9,62,1.6821278601415204,0.0,0.0,0.3487,14.3325,6.0,-1,20.0,55.0,0.0,5887.447510495322,0.0,0.0,0.0,40.11483313589003,optimal
2021-02-11 19:30:00,9,62,2.5714285714285716,0.0,0.0,0.5997666666666667,13.692,6.0,-1,20.0,55.0,0.0,9000.0,0.0,0.0,0.0,40.07471830275414,optimal
2021-02-11 20:00:00,9,62,0.8432448944133587,0.0,0.0,0.5660333333333333,14.007,6.0,-1,20.244715449568428,55.0,0.0,2951.3571304467555,0.0,0.0,0.0,40.03464358445139,optimal
2021-02-11 20:30:00,9,62,0.0,0.0,0.0,0.5276666666666666,12.873,6.0,-1,20.0,55.0,0.0,0.0,0.0,0.0,0.0,39.99460894086694,optimal
2021-02-11 21:00:00,9,62,0.05971428571428571,0.0,0.0,0.38039999999999996,12.684,6.0,-1,19.56544869775225,55.0,0.0,0.0,0.0,209.0,0.0,39.954614331926074,optimal
2021-02-11 21:30:00,9,62,0.0398095238095238,0.0,0.0,0.2978,12.306,6.0,-1,19.117929950334116,55.0,0.0,0.0,0.0,139.33333333333331,0.0,39.91465971759415,optimal
2021-02-11 22:00:00,9,62,0.0,0.0,0.0,0.067,10.6365,6.0,-1,18.66725452997913,55.0,0.0,0.0,0.0,0.0,0.0,39.87474505787655,optimal
2021-02-11 22:30:00,9,62,0.0,0.0,0.0,0.21806666666666663,11.2455,6.0,-1,18.172412482950172,55.0,0.0,0.0,0.0,0.0,0.0,39.83487031281867,optimal
2021-02-11 23:00:00,9,62,0.0,0.0,0.0,0.1378,11.2455,6.0,-1,17.68698180448685,55.0,0.0,0.0,0.0,0.0,0.0,39.795035442505856,optimal
2021-02-11 23:30:00,9,62,0.0,0.0,0.0,0.17,11.025,6.0,-1,17.19298916572066,55.0,0.0,0.0,0.0,0.0,0.0,39.75524040706335,optimal
2021-02-12 00:00:00,9,62,2.5714285714285716,0.0,0.0,0.17786666666666667,10.689,6.0,2,17.19298916572066,55.0,0.0,3496.333333333333,0.0,5503.666666666667,0.0,39.715485166656286,optimal
2021-02-12 00:30:00,9,62,2.5714285714285716,0.0,9.0,0.065,8.1585,6.0,2,16.983537293582625,55.0,0.06889971843818822,1799.9794232093323,0.0,7200.020576790668,0.0,43.95076968148963,optimal
2021-02-12 01:00:00,9,62,2.5714285714285716,0.0,0.0,0.065,10.3635,6.0,2,16.63055270722382,55.0,0.06889971843818822,9000.0,0.0,0.0,0.0,43.906818911808145,optimal
2021-02-12 01:30:00,9,62,2.5714285714285716,0.0,0.0,0.2747333333333333,10.8045,6.0,2,16.83822521021748,55.0,0.06889971843818822,9000.0,0.0,0.0,0.0,43.86291209289634,optimal
2021-02-12 02:00:00,9,62,2.5714285714285716,0.0,0.0,0.065,11.025,6.0,2,17.059764747387927,55.0,0.06889971843818822,9000.0,0.0,0.0,0.0,43.81904918080344,optimal
2021-02-12 02:30:00,9,62,2.5714285714285716,0.0,0.0,0.12440000000000001,10.3635,6.0,2,17.262647889477133,55.0,0.06889971843818822,9000.0,0.0,0.0,0.0,43.775230131622635,optimal
2021-02-12 03:00:00,9,62,2.5714285714285716,0.0,0.0,0.065,10.8045,6.0,2,17.472124837306673,55.0,0.06889971843818822,9000.0,0.0,0.0,0.0,43.73145490149101,optimal
2021-02-12 03:30:00,9,62,2.5714285714285716,0.0,0.0,0.2747333333333333,10.059,6.0,2,17.678928695117513,55.0,0.06889971843818822,9000.0,0.0,0.0,0.0,43.68772344658952,optimal
2021-02-12 04:00:00,9,62,2.5714285714285716,0.0,0.0,0.065,10.584,6.0,2,17.912154672762465,55.0,0.06889971843818822,9000.0,0.0,0.0,0.0,43.644035723142935,optimal
2021-02-12 04:30:00,9,62,2.5714285714285716,0.0,9.0,0.17223333333333332,9.4185,6.0,2,18.139017003820268,55.0,0.06889971843818822,9000.0,0.0,0.0,0.0,47.87539168741979,optimal
2021-02-12 05:00:00,9,62,2.5714285714285716,0.0,0.0,0.1675,10.3635,6.0,2,18.3840057804683,55.0,0.06889971843818822,9000.0,0.0,0.0,0.0,47.82751629573237,optimal
2021-02-12 05:30:00,9,62,2.5714285714285716,0.0,1.0722566623652752,0.065,9.8385,6.0,2,18.63813823731966,55.0,0.06889971843818822,9000.0,0.0,0.0,0.0,48.289010694060146,optimal
2021-02-12 06:00:00,9,62,2.5714285714285716,0.0,0.0,0.2747333333333333,11.067,6.0,2,18.895799983117556,55.0,0.06889971843818822,9000.0,0.0,0.0,0.0,48.240721683366075,optimal
2021-02-12 06:30:00,9,62,2.5714285714285716,0.0,0.0,0.065,10.8465,6.0,2,19.180910667889908,55.0,0.06889971843818822,9000.0,0.0,0.0,0.0,48.192480961682705,optimal
2021-02-12 07:00:00,9,62,2.5714285714285716,0.0,0.0,0.2104,13.671,6.0,2,19.44603664529534,55.0,0.06623305177152154,9000.0,0.0,0.0,0.0,48.144288480721016,optimal
2021-02-12 07:30:00,9,62,2.5714285714285716,0.0,0.0,0.34913333333333335,12.348,6.0,2,19.725968009493442,55.0,0.06423305177152155,9000.0,0.0,0.0,0.0,48.096144192240295,optimal
2021-02-12 08:00:00,9,62,2.5714285714285716,0.0,0.0,0.40903333333333336,14.3325,6.0,2,20.0,55.0,0.06423305177152155,9000.0,0.0,0.0,0.0,48.048048048048045,optimal
2021-02-12 08:30:00,9,62,0.7495330212767445,0.0,0.0,0.2966333333333333,15.393,6.0,2,20.262987609355754,55.0,0.062233051771521546,2623.3655744686057,0.0,0.0,0.0,48.0,optimal
2021-02-12 09:00:00,9,62,2.5714285714285716,0.0,0.0,0.1888333333333333,13.587,6.0,2,20.016655979583792,55.0,0.06089971843818821,9000.0,0.0,0.0,0.0,47.88929813314845,optimal
2021-02-12 09:30:00,9,62,0.0,0.0,0.0,0.14726666666666668,16.1385,6.0,2,20.331328108297466,55.0,0.010899718438188216,0.0,0.0,0.0,0.0,47.77870696816375,optimal
2021-02-12 10:00:00,9,62,0.41964082633317684,0.0,0.0,1.8114333333333328,14.595,6.0,2,20.0,55.0,0.010899718438188216,1468.742892166119,0.0,0.0,0.0,47.66822639434404,optimal
2021-02-12 10:30:00,9,62,0.5449995020584941,0.0,0.0,0.19976666666666668,14.637,6.0,2,20.0,55.0,0.010899718438188216,1907.4982572047297,0.0,0.0,0.0,47.55785630109815,optimal
2021-02-12 11:00:00,9,62,0.09596436395354305,0.0,0.0,0.25216666666666665,13.9125,6.0,2,20.0,55.0,0.010899718438188216,335.87527383740064,0.0,0.0,0.0,47.447596577945504,optimal
2021-02-12 11:30:00,9,62,0.1485618174668187,0.0,0.0,0.24530000000000002,13.3665,6.0,2,20.0,55.0,0.010899718438188216,519.9663611338655,0.0,0.0,0.0,47.33744711451601,optimal
2021-02-12 12:00:00,9,62,0.030251805368837443,0.0,0.0,0.2697,13.0095,6.0,2,20.0,55.0,0.010233051771521548,105.88131879093105,0.0,0.0,0.0,47.22740780054995,optimal
2021-02-12 12:30:00,9,62,0.0,0.0,0.0,0.2543333333333333,13.8915,6.0,2,20.0,55.0,0.007566385104854882,0.0,0.0,0.0,0.0,47.11747852589785,optimal
2021-02-12 13:00:00,9,62,0.0,0.0,0.0,1.0759,13.188,6.0,2,20.007006234556044,55.0,0.004899718438188215,0.0,0.0,0.0,0.0,47.007659180520406,optimal
2021-02-12 13:30:00,9,62,0.0,0.0,0.0,0.7240666666666667,12.5685,6.0,2,20.01439345062294,55.0,0.004899718438188215,0.0,0.0,0.0,0.0,46.897949654488336,optimal
2021-02-12 14:00:00,9,62,0.027291937754067224,0.0,0.0,0.3751333333333333,12.285,6.0,2,20.020840616287078,55.0,0.004899718438188215,95.52178213923528,0.0,0.0,0.0,46.7883498379823,optimal
2021-02-12 14:30:00,9,62,2.5714285714285716,0.0,0.0,0.27466666666666667,11.487,6.0,2,20.0,55.0,0.04333333333333333,4983.687243457336,0.0,4016.3127565426644,0.0,46.67885962129277,optimal
2021-02-12 15:00:00,9,62,1.2629150459633471,0.0,0.0,0.5083333333333333,11.802,6.0,2,20.32157519815845,55.0,0.04333333333333333,4420.202660871715,0.0,0.0,0.0,46.56947889481993,optimal
2021-02-12 15:30:00,9,62,2.5714285714285716,0.0,0.0,0.2221,11.2245,6.0,2,20.56703703949019,55.0,0.04066666666666666,9000.0,0.0,0.0,0.0,46.460207549073566,optimal
2021-02-12 16:00:00,9,62,2.5714285714285716,0.0,0.0,0.26789999999999997,11.025,6.0,2,21.155517071709124,55.0,0.04066666666666666,9000.0,0.0,0.0,0.0,46.351045474672944,optimal
2021-02-12 16:30:00,9,62,2.5714285714285716,0.0,0.0,0.065,11.907,6.0,2,21.593261953748158,55.0,0.04066666666666666,9000.0,0.0,0.0,0.0,46.241992562346724,optimal
2021-02-12 17:00:00,9,62,0.0,0.0,0.0,0.22690000000000002,25.83,6.0,2,22.0,55.0,0.04066666666666666,0.0,0.0,0.0,0.0,46.13304870293283,optimal
2021-02-12 17:30:00,9,62,0.0,0.0,0.0,0.31,28.035,6.0,2,21.60421006549243,55.0,0.03666666666666666,0.0,0.0,0.0,0.0,46.02421378737835,optimal
2021-02-12 18:00:00,9,62,0.0,0.0,0.0,0.33646666666666664,28.119,6.0,2,21.236522810289134,55.0,0.036,0.0,0.0,0.0,0.0,45.91548770673943,optimal
2021-02-12 18:30:00,9,62,0.0,0.0,0.0,0.40576666666666666,30.156,6.0,2,20.859072759386397,55.0,0.01,0.0,0.0,0.0,0.0,45.80687035218114,optimal
2021-02-12 19:00:00,9,62,0.0,0.0,0.0,0.38980000000000004,29.1585,6.0,2,20.4917921060899,55.0,0.01,0.0,0.0,0.0,0.0,45.76106348182896,optimal
2021-02-12 19:30:00,9,62,0.8363436936572936,0.0,0.0,0.2529,26.712,6.0,2,20.131725015595915,55.0,0.007333333333333333,2927.2029278005275,0.0,0.0,0.0,45.715302418347136,optimal
2021-02-12 20:00:00,9,62,0.9807354881254429,0.0,0.0,2.2461666666666664,15.435,6.0,2,20.0,55.0,0.004973333333333333,3432.57420843905,0.0,0.0,0.0,45.66958711592879,optimal
2021-02-12 20:30:00,9,62,0.0,0.0,0.0,0.26573333333333327,13.566,6.0,2,20.0,55.0,0.0006666666666666665,0.0,0.0,0.0,0.0,45.62391752881286,optimal
2021-02-12 21:00:00,9,62,0.0,0.0,0.0,1.4677666666666669,12.789,6.0,2,19.650044734250557,55.0,0.0,0.0,0.0,0.0,0.0,45.578293611284046,optimal
2021-02-12 21:30:00,9,62,0.0,0.0,0.0,1.4765666666666666,12.1275,6.0,2,19.334309075738144,55.0,0.0,0.0,0.0,0.0,0.0,45.53271531767276,optimal
2021-02-12 22:00:00,9,62,0.0,0.0,0.0,0.2358,13.671,6.0,2,19.005729978763625,55.0,0.0,0.0,0.0,0.0,0.0,45.48718260235509,optimal
2021-02-12 22:30:00,9,62,0.0796190476190476,0.0,0.0,0.3048,10.668,6.0,2,18.65898870285814,55.0,0.0,0.0,0.0,278.66666666666663,0.0,45.44169541975273,optimal
2021-02-12 23:00:00,9,62,0.0,0.0,0.0,0.3238333333333333,11.7285,6.0,2,18.3165980748612,55.0,0.0,0.0,0.0,0.0,0.0,45.39625372433298,optimal
2021-02-12 23:30:00,9,62,0.0,0.0,0.0,0.12273333333333332,11.025,6.0,2,17.969517373237245,55.0,0.0,0.0,0.0,0.0,0.0,45.350857470608645,optimal
2021-02-13 00:00:00,9,62,0.0,0.0,0.0,0.14283333333333334,9.5655,6.0,2,17.969517373237245,55.0,0.0,0.0,0.0,0.0,0.0,45.305506613138036,optimal
2021-02-13 00:30:00,9,62,2.5714285714285716,0.0,7.090923833964382,0.13923333333333332,7.056,6.0,2,17.603820487151715,55.0,0.05333333333333334,3426.666666666667,0.0,5573.333333333333,0.0,48.62838992765797,optimal
2021-02-13 01:00:00,9,62,0.0,0.0,0.0,0.21126666666666669,9.3975,6.0,2,17.50823943415393,55.0,0.05333333333333334,0.0,0.0,0.0,0.0,48.579761537730306,optimal
2021-02-13 01:30:00,9,62,0.0,0.0,0.0,0.05,10.059,6.0,2,17.15791537789186,55.0,0.05333333333333334,0.0,0.0,0.0,0.0,48.53118177619257,optimal
2021-02-13 02:00:00,9,62,0.0,0.0,0.0,0.1355,9.261,6.0,2,16.803563603778958,55.0,0.05333333333333334,0.0,0.0,0.0,0.0,48.48265059441637,optimal
2021-02-13 02:30:00,9,62,2.5714285714285716,0.0,0.0,0.2835666666666667,8.1585,6.0,2,16.46423091566435,55.0,0.05333333333333334,9000.0,0.0,0.0,0.0,48.434167943821954,optimal
2021-02-13 03:00:00,9,62,2.3788341747675186,0.0,0.0,0.11483333333333332,9.4815,6.0,2,16.834966563415232,55.0,0.05333333333333334,8325.919611686315,0.0,0.0,0.0,48.38573377587813,optimal
2021-02-13 03:30:00,9,62,2.5714285714285716,0.0,0.0,0.12843333333333334,8.379,6.0,2,17.13319018532464,55.0,0.05333333333333334,9000.0,0.0,0.0,0.0,48.33734804210225,optimal
2021-02-13 04:00:00,9,62,2.5714285714285716,0.0,0.0,0.14686666666666667,9.5235,6.0,2,17.47664913060416,55.0,0.05333333333333334,9000.0,0.0,0.0,0.0,48.289010694060146,optimal
2021-02-13 04:30:00,9,62,2.5714285714285716,0.0,0.0,0.28403333333333336,8.1375,6.0,2,17.813328907478063,55.0,0.05333333333333334,9000.0,0.0,0.0,0.0,48.240721683366075,optimal
2021-02-13 05:00:00,9,62,2.5714285714285716,0.0,0.0,0.12016666666666669,10.0905,6.0,2,18.151732180187455,55.0,0.05333333333333334,9000.0,0.0,0.0,0.0,48.192480961682705,optimal
2021-02-13 05:30:00,9,62,2.5714285714285716,0.0,0.0,0.15213333333333331,7.539,6.0,2,18.46838282226506,55.0,0.05333333333333334,9000.0,0.0,0.0,0.0,48.144288480721016,optimal
2021-02-13 06:00:00,9,62,2.5714285714285716,0.0,0.0,0.16469999999999999,7.938,6.0,2,18.778784054473267,55.0,0.05333333333333334,9000.0,0.0,0.0,0.0,48.096144192240295,optimal
2021-02-13 06:30:00,9,62,2.5714285714285716,0.0,0.0,0.14766666666666667,8.274,6.0,2,19.08157567551629,55.0,0.052,9000.0,0.0,0.0,0.0,48.048048048048045,optimal
2021-02-13 07:00:00,9,62,2.5714285714285716,0.0,0.0,1.7455333333333334,9.261,6.0,2,19.37696757732289,55.0,0.050666666666666665,9000.0,0.0,0.0,0.0,48.0,optimal
2021-02-13 07:30:00,9,62,2.5714285714285716,0.0,0.0,0.17396666666666666,9.9225,6.0,2,19.73246749906196,55.0,0.050666666666666665,9000.0,0.0,0.0,0.0,47.55809800354414,optimal
2021-02-13 08:00:00,9,62,2.5714285714285716,0.0,0.0,0.1827666666666667,9.702,6.0,2,20.0,55.0,0.050666666666666665,9000.0,0.0,0.0,0.0,47.11663790908474,optimal
2021-02-13 08:30:00,9,62,0.6006724821949656,0.0,0.0,0.31426666666666664,10.584,6.0,2,20.265193989973177,55.0,0.05,2102.3536876823796,0.0,0.0,0.0,46.67561927471979,optimal
2021-02-13 09:00:00,9,62,2.5714285714285716,0.0,0.0,0.43996666666666656,10.143,6.0,2,20.0,55.0,0.046,9000.0,0.0,0.0,0.0,46.23504165898921,optimal
2021-02-13 09:30:00,9,62,0.0,0.0,0.0,0.1762,13.0095,6.0,2,20.39667635882834,55.0,0.046,0.0,0.0,0.0,0.0,45.79490462087436,optimal
2021-02-13 10:00:00,9,62,2.289266227924402,0.0,0.0,0.17643333333333333,11.025,6.0,2,20.08550150934447,55.0,0.04133333333333333,8012.431797735406,0.0,0.0,0.0,45.355207719797626,optimal
2021-02-13 10:30:00,9,62,0.0,0.0,0.0,0.2118333333333333,12.789,6.0,2,20.513603280545492,55.0,0.03866666666666667,0.0,0.0,0.0,0.0,44.915950515621965,optimal
2021-02-13 11:00:00,9,62,0.0,0.0,0.0,0.3527666666666667,12.1275,6.0,2,20.298145044753685,55.0,0.03866666666666667,0.0,0.0,0.0,0.0,44.47713256865048,optimal
2021-02-13 11:30:00,9,62,0.0,0.0,0.0,0.2368,12.1695,6.0,2,20.215195222413413,55.0,0.036,0.0,0.0,0.0,0.0,44.03875343962597,optimal
2021-02-13 12:00:00,9,62,0.0,0.0,0.0,0.24453333333333332,12.306,6.0,2,20.121911150178054,55.0,0.036,0.0,0.0,0.0,0.0,43.99471468618634,optimal
2021-02-13 12:30:00,9,62,0.0,0.0,0.0,0.079,13.23,6.0,2,20.092840294463002,55.0,0.036,0.0,0.0,0.0,0.0,43.950719971500156,optimal
2021-02-13 13:00:00,9,62,0.0,0.0,0.0,0.3146333333333333,13.671,6.0,2,20.061737866139605,55.0,0.034666666666666665,0.0,0.0,0.0,0.0,43.90676925152866,optimal
2021-02-13 13:30:00,9,62,0.0,0.0,0.0,0.19626666666666667,13.9335,6.0,2,20.085887228385296,55.0,0.034666666666666665,0.0,0.0,0.0,0.0,43.86286248227713,optimal
2021-02-13 14:00:00,9,62,0.0,0.0,0.0,0.16196666666666668,13.293,6.0,2,20.106726491021327,55.0,0.034666666666666665,0.0,0.0,0.0,0.0,43.81899961979485,optimal
2021-02-13 14:30:00,9,62,0.4694949746244178,0.0,0.0,0.2005,12.1065,6.0,2,20.0,55.0,0.027333333333333334,1643.2324111854623,0.0,0.0,0.0,43.77518062017506,optimal
2021-02-13 15:00:00,9,62,2.5714285714285716,0.0,0.0,0.2695666666666667,11.571,6.0,2,20.03825158150461,55.0,0.027333333333333334,9000.0,0.0,0.0,0.0,43.731405439554884,optimal
2021-02-13 15:30:00,9,62,2.5714285714285716,0.0,0.0,0.1905,11.025,6.0,2,20.573826522370037,55.0,0.02666666666666667,9000.0,0.0,0.0,0.0,43.68767403411533,optimal
2021-02-13 16:00:00,9,62,2.5714285714285716,0.0,0.0,0.18869999999999998,10.8465,6.0,2,21.132898939937263,55.0,0.023333333333333334,9000.0,0.0,0.0,0.0,43.643986360081215,optimal
2021-02-13 16:30:00,9,62,2.5714285714285716,0.0,0.0,0.23146666666666668,11.2455,6.0,2,21.569806297699504,55.0,0.023333333333333334,9000.0,0.0,0.0,0.0,43.60034237372113,optimal
2021-02-13 17:00:00,9,62,0.7393553265667199,0.0,0.0,0.2002333333333333,23.8665,6.0,2,22.0,55.0,0.022,2587.7436429835197,0.0,0.0,0.0,43.55674203134741,optimal
2021-02-13 17:30:00,9,62,0.0,0.0,0.0,0.48523333333333335,27.4575,6.0,2,21.83476956939229,55.0,0.019333333333333334,0.0,0.0,0.0,0.0,43.51318528931606,optimal
2021-02-13 18:00:00,9,62,0.0,0.0,0.0,0.19166666666666662,27.3735,6.0,2,21.483600703093,55.0,0.014,0.0,0.0,0.0,0.0,43.46967210402675,optimal
2021-02-13 18:30:00,9,62,0.0,0.0,0.0,0.39053333333333334,30.4605,6.0,2,21.08298589653954,55.0,0.012,0.0,0.0,0.0,0.0,43.426202431922725,optimal
2021-02-13 19:00:00,9,62,0.0,0.0,0.0,0.2871666666666667,30.0195,6.0,2,20.710972811241955,55.0,0.010666666666666666,0.0,0.0,0.0,0.0,43.3827762294908,optimal
2021-02-13 19:30:00,9,62,0.0,0.0,0.0,0.1355,26.9325,6.0,2,20.342201978821375,55.0,0.010666666666666666,0.0,0.0,0.0,0.0,43.33939345326131,optimal
2021-02-13 20:00:00,9,62,1.17291072622068,0.0,0.0,0.38663333333333333,14.595,6.0,2,20.0,55.0,0.008666666666666666,4105.1875417723795,0.0,0.0,0.0,43.29605405980805,optimal
2021-02-13 20:30:00,9,62,0.0,0.0,0.0,0.24903333333333333,12.4845,6.0,2,20.0,55.0,0.008666666666666666,0.0,0.0,0.0,0.0,43.25275800574824,optimal
2021-02-13 21:00:00,9,62,0.0,0.0,0.0,0.5196000000000001,12.1275,6.0,2,19.67870925094688,55.0,0.006666666666666667,0.0,0.0,0.0,0.0,43.20950524774249,optimal
2021-02-13 21:30:00,9,62,0.0,0.0,0.0,0.3305666666666667,12.1275,6.0,2,19.38745412358155,55.0,0.002,0.0,0.0,0.0,0.0,43.166295742494746,optimal
2021-02-13 22:00:00,9,62,0.0,0.0,0.0,0.194,12.789,6.0,2,19.08545871062902,55.0,0.002,0.0,0.0,0.0,0.0,43.12312944675225,optimal
2021-02-13 22:30:00,9,62,0.0,0.0,0.0,0.12276666666666668,11.907,6.0,2,18.7646328613153,55.0,0.0,0.0,0.0,0.0,0.0,43.0800063173055,optimal
2021-02-13 23:00:00,9,62,0.0,0.0,0.0,0.301,11.025,6.0,2,18.43647593854235,55.0,0.0,0.0,0.0,0.0,0.0,43.03692631098819,optimal
2021-02-13 23:30:00,9,62,0.0,0.0,0.0,0.11506666666666666,8.2005,6.0,2,18.09236548980476,55.0,0.0,0.0,0.0,0.0,0.0,42.9938893846772,optimal
2021-02-07 00:00:00,10,62,0.0,0.0,0.0,0.0747,8.274,6.0,-2,21.0,55.0,0.12,0.0,0.0,0.0,0.0,47.952,optimal
2021-02-07 00:30:00,10,62,0.0,0.0,0.0,0.11923333333333332,7.7175,6.0,-2,20.633085249759986,55.0,0.12,0.0,0.0,0.0,0.0,47.904047999999996,optimal
2021-02-07 01:00:00,10,62,0.0,0.0,0.0,0.14806666666666665,6.615,6.0,-2,20.275169793338893,55.0,0.12,0.0,0.0,0.0,0.0,47.856143952,optimal
2021-02-07 01:30:00,10,62,1.7847596263834442,0.0,0.0,0.10946666666666668,6.174,6.0,-2,19.924859133829013,55.0,0.12,6246.658692342055,0.0,0.0,0.0,47.80828780804799,optimal
2021-02-07 02:00:00,10,62,2.4285714285714284,0.0,0.0,0.06356666666666667,3.906,6.0,-2,20.057878196922104,55.0,0.12,8500.0,0.0,0.0,0.0,47.76047952023995,optimal
2021-02-07 02:30:00,10,62,2.4285714285714284,0.0,0.0,0.2719,2.3415,6.0,-2,20.35670267684681,55.0,0.12,8500.0,0.0,0.0,0.0,47.712719040719705,optimal
2021-02-07 03:00:00,10,62,2.4285714285714284,0.0,0.0,0.058,2.205,6.0,-2,20.663203019523717,55.0,0.12,8500.0,0.0,0.0,0.0,47.66500632167899,optimal
2021-02-07 03:30:00,10,62,2.4285714285714284,0.0,1.4140407972691318,0.1545,0.882,6.0,-2,20.94477255661795,55.0,0.12,8500.0,0.0,0.0,0.0,48.289010694060146,optimal
2021-02-07 04:00:00,10,62,2.4285714285714284,0.0,0.0,0.15313333333333332,1.5435,6.0,-2,21.226829471921878,55.0,0.12,8500.0,0.0,0.0,0.0,48.240721683366075,optimal
2021-02-07 04:30:00,10,62,2.4285714285714284,0.0,0.0,0.09226666666666668,1.5435,6.0,-2,21.501843072998533,55.0,0.12,8500.0,0.0,0.0,0.0,48.192480961682705,optimal
2021-02-07 05:00:00,10,62,2.4285714285714284,0.0,0.0,0.1931,5.0715,6.0,-2,21.766433029865485,55.0,0.12,8500.0,0.0,0.0,0.0,48.144288480721016,optimal
2021-02-07 05:30:00,10,62,2.4285714285714284,0.0,0.0,0.13593333333333335,5.376,6.0,-2,22.033242888612996,55.0,0.12,8500.0,0.0,0.0,0.0,48.096144192240295,optimal
2021-02-07 06:00:00,10,62,2.4285714285714284,0.0,0.0,0.17823333333333333,5.0715,6.0,-2,22.290084843873753,55.0,0.11733333333333333,8500.0,0.0,0.0,0.0,48.048048048048045,optimal
2021-02-07 06:30:00,10,62,2.4285714285714284,0.0,0.0,0.9714333333333331,5.5125,6.0,-2,22.570579134328977,55.0,0.114,8500.0,0.0,0.0,0.0,48.0,optimal
2021-02-07 07:00:00,10,62,0.0,0.0,0.0,0.09073333333333332,9.261,6.0,-2,22.845570961549157,55.0,0.114,0.0,0.0,0.0,0.0,47.85182683793146,optimal
2021-02-07 07:30:00,10,62,0.0,0.0,0.0,0.14806666666666665,11.7075,6.0,-2,22.42165273463386,55.0,0.114,0.0,0.0,0.0,0.0,47.70380184902499,optimal
2021-02-07 08:00:00,10,62,0.0,0.0,0.0,0.19273333333333328,12.348,6.0,-2,22.0,55.0,0.114,0.0,0.0,0.0,0.0,47.55592488510743,optimal
2021-02-07 08:30:00,10,62,0.0,0.0,0.0,0.06666666666666667,12.348,6.0,-2,21.587045967796048,55.0,0.114,0.0,0.0,0.0,0.0,47.408195798153784,optimal
2021-02-07 09:00:00,10,62,1.8575447888824663,0.0,0.0,0.22736666666666666,12.1275,6.0,-2,21.171732151112142,55.0,0.114,6501.406761088632,0.0,0.0,0.0,47.26061444028709,optimal
2021-02-07 09:30:00,10,62,0.0,0.0,0.0,0.10809999999999999,12.5265,6.0,-2,21.314070686268703,55.0,0.114,0.0,0.0,0.0,0.0,47.113180663778266,optimal
2021-02-07 10:00:00,10,62,2.4285714285714284,0.0,0.0,0.16736666666666666,11.7495,6.0,-2,20.945717907687666,55.0,0.114,8500.0,0.0,0.0,0.0,46.96589432104595,optimal
2021-02-07 10:30:00,10,62,0.0,0.0,0.0,0.14026666666666668,13.23,6.0,-2,21.289692739945746,55.0,0.114,0.0,0.0,0.0,0.0,46.81875526465637,optimal
2021-02-07 11:00:00,10,62,0.0,0.0,0.0,0.08583333333333333,14.3325,6.0,-2,20.969130582759202,55.0,0.114,0.0,0.0,0.0,0.0,46.67176334732317,optimal
2021-02-07 11:30:00,10,62,0.0,0.0,0.0,0.19953333333333334,14.994,6.0,-2,20.710535261663587,55.0,0.114,0.0,0.0,0.0,0.0,46.52491842190731,optimal
2021-02-07 12:00:00,10,62,0.0,0.0,0.0,0.13593333333333335,14.8155,6.0,-2,20.46608047424294,55.0,0.114,0.0,0.0,0.0,0.0,46.37822034141686,optimal
2021-02-07 12:30:00,10,62,0.0,0.0,0.0,0.16093333333333334,14.112,6.0,-2,20.264080333899486,55.0,0.114,0.0,0.0,0.0,0.0,46.23166895900691,optimal
2021-02-07 13:00:00,10,62,2.4285714285714284,0.0,0.0,0.15783333333333335,14.007,6.0,-2,20.068222075622305,55.0,0.114,8500.0,0.0,0.0,0.0,46.085264127979364,optimal
2021-02-07 13:30:00,10,62,2.4285714285714284,0.0,0.0,0.0747,13.23,6.0,-2,20.490781704488096,55.0,0.114,8500.0,0.0,0.0,0.0,45.93900570178285,optimal
2021-02-07 14:00:00,10,62,2.4285714285714284,0.0,0.0,0.19866666666666663,11.382,6.0,-2,20.899168405971324,55.0,0.114,8500.0,0.0,0.0,0.0,45.79289353401253,optimal
2021-02-07 14:30:00,10,62,2.4285714285714284,0.0,0.0,0.1368,11.7495,6.0,-2,21.32527975458495,55.0,0.114,8500.0,0.0,0.0,0.0,45.64692747840998,optimal
2021-02-07 15:00:00,10,62,0.0,0.0,0.0,0.1545,24.3285,6.0,-2,21.738778188002136,55.0,0.114,0.0,0.0,0.0,0.0,45.50110738886303,optimal
2021-02-07 15:30:00,10,62,0.0,0.0,0.0,0.17516666666666666,28.917,6.0,-2,21.530271151140028,55.0,0.114,0.0,0.0,0.0,0.0,45.35543311940563,optimal
2021-02-07 16:00:00,10,62,0.0,0.0,0.0,0.07913333333333333,31.3635,6.0,-2,21.324164893854086,55.0,0.114,0.0,0.0,0.0,0.0,45.20990452421769,optimal
2021-02-07 16:30:00,10,62,0.0,0.0,0.0,0.20286666666666667,33.306,6.0,-2,21.025817854303398,55.0,0.114,0.0,0.0,0.0,0.0,45.064521457624934,optimal
2021-02-07 17:00:00,10,62,0.0,0.0,0.0,0.13593333333333335,31.3425,6.0,-2,20.744770002990286,55.0,0.114,0.0,0.0,0.0,0.0,44.91928377409877,optimal
2021-02-07 17:30:00,10,62,0.0,0.0,0.0,0.061,28.2555,6.0,-2,20.370423665152746,55.0,0.114,0.0,0.0,0.0,0.0,44.77419132825614,optimal
2021-02-07 18:00:00,10,62,1.352544726159517,0.0,0.0,0.1879,15.6975,6.0,-2,20.0,55.0,0.114,4733.90654155831,0.0,0.0,0.0,44.62924397485934,optimal
2021-02-07 18:30:00,10,62,1.3369269415775673,0.0,0.0,0.07529999999999999,12.5475,6.0,-2,20.0,55.0,0.114,4679.244295521486,0.0,0.0,0.0,44.484441568815946,optimal
2021-02-07 19:00:00,10,62,1.2735091569956096,0.0,0.0,0.237,12.0855,6.0,-2,20.0,55.0,0.106,4457.282049484634,0.0,0.0,0.0,44.33978396517859,optimal
2021-02-07 19:30:00,10,62,2.4285714285714284,0.0,0.0,0.3604,11.907,6.0,-2,20.0,55.0,0.10466666666666667,8500.0,0.0,0.0,0.0,44.195271019144876,optimal
2021-02-07 20:00:00,10,62,0.12218771700868634,0.0,0.0,0.27436666666666665,12.5685,6.0,-2,20.315762847944892,55.0,0.10466666666666667,427.6570095304022,0.0,0.0,0.0,44.0509025860572,optimal
2021-02-07 20:30:00,10,62,0.0,0.0,0.0,0.3361,13.146,6.0,-2,20.0,55.0,0.10333333333333333,0.0,0.0,0.0,0.0,43.906678521402604,optimal
2021-02-07 21:00:00,10,62,0.0,0.0,0.0,0.32743333333333335,10.584,6.0,-2,19.663802531977698,55.0,0.10066666666666667,0.0,0.0,0.0,0.0,43.8627718428812,optimal
2021-02-07 21:30:00,10,62,0.0,0.0,0.0,1.1328666666666665,6.678,6.0,-2,19.33715105073303,55.0,0.10066666666666667,0.0,0.0,0.0,0.0,43.81890907103832,optimal
2021-02-07 22:00:00,10,62,0.0,0.0,0.0,0.9003,7.938,6.0,-2,19.011036224598794,55.0,0.1,0.0,0.0,0.0,0.0,43.775090161967285,optimal
2021-02-07 22:30:00,10,62,0.0,0.0,0.0,0.30019999999999997,5.292,6.0,-2,18.714033738550967,55.0,0.1,0.0,0.0,0.0,0.0,43.73131507180532,optimal
2021-02-07 23:00:00,10,62,0.0,0.0,0.0,0.19933333333333328,9.261,6.0,-2,18.43432292184208,55.0,0.1,0.0,0.0,0.0,0.0,43.68758375673352,optimal
2021-02-07 23:30:00,10,62,0.0,0.0,0.0,1.0194666666666667,10.3635,6.0,-2,18.14362513975444,55.0,0.1,0.0,0.0,0.0,0.0,43.64389617297678,optimal
2021-02-08 00:00:00,10,62,2.4285714285714284,0.0,0.0,0.2827333333333333,6.7725,6.0,-4,18.14362513975444,55.0,0.1,8500.0,0.0,0.0,0.0,43.60025227680381,optimal
2021-02-08 00:30:00,10,62,2.4285714285714284,0.0,0.0,0.2443333333333333,5.5755,6.0,-4,18.4810035242331,55.0,0.1,8500.0,0.0,0.0,0.0,43.556652024527004,optimal
2021-02-08 01:00:00,10,62,2.4285714285714284,0.0,1.147312400674737,0.048,5.0925,6.0,-4,18.804595728203964,55.0,0.1,8500.0,0.0,0.0,0.0,44.05806876282297,optimal
2021-02-08 01:30:00,10,62,2.4285714285714284,0.0,9.0,0.16016666666666665,4.1895,6.0,-4,19.103452594521965,55.0,0.1,8500.0,0.0,0.0,0.0,48.289010694060146,optimal
2021-02-08 02:00:00,10,62,2.4285714285714284,0.0,0.0,0.2396,7.056,6.0,-4,19.403639518317483,55.0,0.1,8500.0,0.0,0.0,0.0,48.240721683366075,optimal
2021-02-08 02:30:00,10,62,2.4285714285714284,0.0,0.0,0.1925,5.271,6.0,-4,19.707198384969892,55.0,0.1,8500.0,0.0,0.0,0.0,48.192480961682705,optimal
2021-02-08 03:00:00,10,62,2.4285714285714284,0.0,0.0,0.3701333333333333,7.938,6.0,-4,20.018996594394697,55.0,0.098,8500.0,0.0,0.0,0.0,48.144288480721016,optimal
2021-02-08 03:30:00,10,62,2.4285714285714284,0.0,0.0,0.7153666666666667,7.938,6.0,-4,20.34079590469669,55.0,0.09666666666666666,8500.0,0.0,0.0,0.0,48.096144192240295,optimal
2021-02-08 04:00:00,10,62,1.6009553182702292,0.0,0.0,0.3133,11.907,6.0,-4,20.70844189544326,55.0,0.09666666666666666,5603.343613945802,0.0,0.0,0.0,48.048048048048045,optimal
2021-02-08 04:30:00,10,62,2.4285714285714284,0.0,0.0,0.3272,11.025,6.0,-4,20.8148604155519,55.0,0.09533333333333334,8500.0,0.0,0.0,0.0,48.0,optimal
2021-02-08 05:00:00,10,62,2.4285714285714284,0.0,0.0,0.15733333333333335,11.2875,6.0,-4,21.14342560333532,55.0,0.09533333333333334,8500.0,0.0,0.0,0.0,47.87344561116149,optimal
2021-02-08 05:30:00,10,62,0.0,0.0,0.0,0.15333333333333335,12.936,6.0,-4,21.382636196620414,55.0,0.09533333333333334,0.0,0.0,0.0,0.0,47.74701777671183,optimal
2021-02-08 06:00:00,10,62,0.0,0.0,0.0,0.0685,13.0095,6.0,-4,20.96231868902617,55.0,0.09533333333333334,0.0,0.0,0.0,0.0,47.62071637009661,optimal
2021-02-08 06:30:00,10,62,0.0,0.0,0.0,0.26843333333333336,13.671,6.0,-4,20.543219956304874,55.0,0.09533333333333334,0.0,0.0,0.0,0.0,47.49454126488801,optimal
2021-02-08 07:00:00,10,62,2.4285714285714284,0.0,0.0,0.07906666666666666,13.188,6.0,-4,20.14671058451863,55.0,0.09533333333333334,8500.0,0.0,0.0,0.0,47.36849233478461,optimal
2021-02-08 07:30:00,10,62,0.0,0.0,0.0,0.22783333333333328,13.8495,6.0,-4,20.395785650211057,55.0,0.09533333333333334,0.0,0.0,0.0,0.0,47.242569453611324,optimal
2021-02-08 08:00:00,10,62,1.4525617545037877,0.0,0.0,0.14383333333333334,13.23,6.0,-4,20.0,55.0,0.09533333333333334,5083.966140763257,0.0,0.0,0.0,47.11677249531921,optimal
2021-02-08 08:30:00,10,62,1.266873514143889,0.0,0.0,0.31726666666666664,13.3665,6.0,-4,20.0,55.0,0.07733333333333334,4434.057299503612,0.0,0.0,0.0,46.991101333985384,optimal
2021-02-08 09:00:00,10,62,2.4285714285714284,0.0,0.0,1.0295999999999998,13.0515,6.0,-4,20.0,55.0,0.07733333333333334,8500.0,0.0,0.0,0.0,46.86555584381289,optimal
2021-02-08 09:30:00,10,62,0.35575203200976113,0.0,0.0,0.057,13.5345,6.0,-4,20.379080392574515,55.0,0.07666666666666666,1245.132112034164,0.0,0.0,0.0,46.74013589913057,optimal
2021-02-08 10:00:00,10,62,0.0,0.0,0.0,0.2542666666666667,14.154,6.0,-4,20.177797478937123,55.0,0.076,0.0,0.0,0.0,0.0,46.61484137439294,optimal
2021-02-08 10:30:00,10,62,0.5240954850070104,0.0,0.0,0.7012,14.112,6.0,-4,20.0,55.0,0.076,1834.3341975245366,0.0,0.0,0.0,46.48967214418004,optimal
2021-02-08 11:00:00,10,62,0.16651282634395678,0.0,0.0,1.3474666666666666,14.2485,6.0,-4,20.0,55.0,0.072,582.7948922038488,0.0,0.0,0.0,46.36462808319735,optimal
2021-02-08 11:30:00,10,62,0.2720163047990913,0.0,0.0,0.2528,12.789,6.0,-4,20.0,55.0,0.072,952.0570667968196,0.0,0.0,0.0,46.23970906627565,optimal
2021-02-08 12:00:00,10,62,0.05605298778212005,0.0,0.0,0.4372,13.0095,6.0,-4,20.0,55.0,0.072,196.18545723742017,0.0,0.0,0.0,46.11491496837087,optimal
2021-02-08 12:30:00,10,62,0.13013803993049083,0.0,0.0,0.1714,12.1275,6.0,-4,20.0,55.0,0.07066666666666667,455.4831397567179,0.0,0.0,0.0,45.99024566456399,optimal
2021-02-08 13:00:00,10,62,1.8046057786257637,0.0,0.0,0.7807333333333334,12.348,6.0,-4,20.0,55.0,0.06933333333333333,6316.120225190172,0.0,0.0,0.0,45.865701030060926,optimal
2021-02-08 13:30:00,10,62,2.4285714285714284,0.0,0.0,1.6060999999999999,12.348,6.0,-4,20.449699989308556,55.0,0.06533333333333333,8500.0,0.0,0.0,0.0,45.74128094019236,optimal
2021-02-08 14:00:00,10,62,0.0,0.0,0.0,0.094,25.389,6.0,-4,21.098297887306543,55.0,0.06533333333333333,0.0,0.0,0.0,0.0,45.616985270413664,optimal
2021-02-08 14:30:00,10,62,0.0,0.0,0.0,0.29733333333333334,29.1375,6.0,-4,21.04779860931707,55.0,0.06533333333333333,0.0,0.0,0.0,0.0,45.492813896304746,optimal
2021-02-08 15:00:00,10,62,0.0,0.0,0.0,0.13156666666666667,30.597,6.0,-4,21.012704944934306,55.0,0.06333333333333334,0.0,0.0,0.0,0.0,45.36876669356994,optimal
2021-02-08 15:30:00,10,62,0.0,0.0,0.0,0.18780000000000002,33.684,6.0,-4,20.852216509266224,55.0,0.062,0.0,0.0,0.0,0.0,45.24484353803786,optimal
2021-02-08 16:00:00,10,62,0.0,0.0,0.0,0.5943666666666667,32.445,6.0,-4,20.711628290856755,55.0,0.062,0.0,0.0,0.0,0.0,45.12104430566132,optimal
2021-02-08 16:30:00,10,62,0.0,0.0,0.0,0.24780000000000002,28.917,6.0,-4,20.521903013225483,55.0,0.062,0.0,0.0,0.0,0.0,44.99736887251716,optimal
2021-02-08 17:00:00,10,62,0.0,0.0,0.0,0.38726666666666665,15.876,6.0,-4,20.309285913857597,55.0,0.062,0.0,0.0,0.0,0.0,44.87381711480614,optimal
2021-02-08 17:30:00,10,62,1.1901377709208043,0.0,0.0,0.25939999999999996,12.348,6.0,-4,20.0,55.0,0.062,4165.482198222815,0.0,0.0,0.0,44.75038890885283,optimal
2021-02-08 18:00:00,10,62,1.2890693202958716,0.0,0.0,0.37,12.1275,6.0,-4,20.0,55.0,0.012,4511.742621035551,0.0,0.0,0.0,44.62708413110547,optimal
2021-02-08 18:30:00,10,62,1.2415467738091444,0.0,0.0,0.5661333333333334,12.348,6.0,-4,20.0,55.0,0.012,4345.413708332005,0.0,0.0,0.0,44.50390265813586,optimal
2021-02-08 19:00:00,10,62,1.2307099416081526,0.0,0.0,0.46086666666666665,12.1275,6.0,-4,20.0,55.0,0.010666666666666666,4307.484795628534,0.0,0.0,0.0,44.45939875547772,optimal
2021-02-08 19:30:00,10,62,1.289401390592107,0.0,0.0,0.3821,12.1275,6.0,-4,20.0,55.0,0.010666666666666666,4512.904867072374,0.0,0.0,0.0,44.41493935672224,optimal
2021-02-08 20:00:00,10,62,1.254369030052259,0.0,0.0,0.2909333333333333,11.2665,6.0,-4,20.0,55.0,0.01,4390.291605182906,0.0,0.0,0.0,44.37052441736552,optimal
2021-02-08 20:30:00,10,62,0.0,0.0,0.0,0.3775,10.143,6.0,-4,20.0,55.0,0.01,0.0,0.0,0.0,0.0,44.326153892948156,optimal
2021-02-08 21:00:00,10,62,0.0,0.0,0.0,0.3690333333333334,11.2455,6.0,-4,19.687861790326476,55.0,0.01,0.0,0.0,0.0,0.0,44.28182773905521,optimal
2021-02-08 21:30:00,10,62,0.0,0.0,0.0,0.21156666666666663,11.025,6.0,-4,19.36940821070852,55.0,0.01,0.0,0.0,0.0,0.0,44.237545911316154,optimal
2021-02-08 22:00:00,10,62,0.0,0.0,0.0,0.6052333333333334,5.9745,6.0,-4,19.03221570239203,55.0,0.01,0.0,0.0,0.0,0.0,44.19330836540484,optimal
2021-02-08 22:30:00,10,62,0.0,0.0,0.0,0.3333,7.938,6.0,-4,18.737119084496662,55.0,0.008666666666666666,0.0,0.0,0.0,0.0,44.14911505703943,optimal
2021-02-08 23:00:00,10,62,0.0,0.0,0.0,0.5134333333333333,8.6835,6.0,-4,18.41717184285088,55.0,0.008666666666666666,0.0,0.0,0.0,0.0,44.10496594198239,optimal
2021-02-08 23:30:00,10,62,0.0,0.0,0.0,0.3635,7.665,6.0,-4,18.112980408908598,55.0,0.008,0.0,0.0,0.0,0.0,44.06086097604041,optimal
2021-02-09 00:00:00,10,62,2.4285714285714284,0.0,9.0,0.11146666666666669,10.584,6.0,0,18.112980408908598,55.0,0.008,8500.0,0.0,0.0,0.0,48.29180011506437,optimal
2021-02-09 00:30:00,10,62,1.6321904761904769,0.0,0.0,0.26526666666666665,11.2455,6.0,0,18.412452373230153,55.0,0.06266666666666669,0.0,0.0,5712.666666666669,0.0,48.2435083149493,optimal
2021-02-09 01:00:00,10,62,0.0,0.0,0.0,0.07166666666666667,12.1275,6.0,0,18.065352622916144,55.0,0.06266666666666669,0.0,0.0,0.0,0.0,48.195264806634356,optimal
2021-02-09 01:30:00,10,62,0.0,0.0,0.0,0.24159999999999998,11.823,6.0,0,17.711673146488522,55.0,0.06266666666666669,0.0,0.0,0.0,0.0,48.14706954182772,optimal
2021-02-09 02:00:00,10,62,2.4285714285714284,0.0,0.0,0.18366666666666662,11.7705,6.0,0,17.37635270642832,55.0,0.06266666666666669,8500.0,0.0,0.0,0.0,48.09892247228589,optimal
2021-02-09 02:30:00,10,62,2.4285714285714284,0.0,0.0,0.20296666666666666,11.13,6.0,0,17.69467510627907,55.0,0.06266666666666669,8500.0,0.0,0.0,0.0,48.05082354981361,optimal
2021-02-09 03:00:00,10,62,2.4285714285714284,0.0,0.0,0.1103,11.6865,6.0,0,18.008874036068693,55.0,0.06266666666666669,8500.0,0.0,0.0,0.0,48.00277272626379,optimal
2021-02-09 03:30:00,10,62,2.4285714285714284,0.0,0.0,0.22423333333333328,10.7205,6.0,0,18.310431640002612,55.0,0.06266666666666669,8500.0,0.0,0.0,0.0,47.95476995353753,optimal
2021-02-09 04:00:00,10,62,2.4285714285714284,0.0,0.0,0.21969999999999998,11.424,6.0,0,18.61653286214687,55.0,0.06266666666666669,8500.0,0.0,0.0,0.0,47.906815183583994,optimal
2021-02-09 04:30:00,10,62,2.4285714285714284,0.0,0.9054785803362926,0.10526666666666668,10.689,6.0,0,18.917979260001875,55.0,0.06266666666666669,8500.0,0.0,0.0,0.0,48.289010694060146,optimal
2021-02-09 05:00:00,10,62,2.4285714285714284,0.0,0.0,0.21769999999999998,11.361,6.0,0,19.202243913725216,55.0,0.06266666666666669,8500.0,0.0,0.0,0.0,48.240721683366075,optimal
2021-02-09 05:30:00,10,62,2.4285714285714284,0.0,0.0,0.21503333333333333,11.571,6.0,0,19.487119274869283,55.0,0.06266666666666669,8500.0,0.0,0.0,0.0,48.192480961682705,optimal
2021-02-09 06:00:00,10,62,0.0,0.0,0.0,0.20980000000000001,14.3745,6.0,0,19.765837277515413,55.0,0.06266666666666669,0.0,0.0,0.0,0.0,48.144288480721016,optimal
2021-02-09 06:30:00,10,62,2.4285714285714284,0.0,0.0,0.19240000000000002,13.23,6.0,0,19.3851516460307,55.0,0.06266666666666669,8500.0,0.0,0.0,0.0,48.096144192240295,optimal
2021-02-09 07:00:00,10,62,2.4285714285714284,0.0,0.0,0.7832666666666667,13.9755,6.0,0,19.67274497093191,55.0,0.06000000000000002,8500.0,0.0,0.0,0.0,48.048048048048045,optimal
2021-02-09 07:30:00,10,62,2.1979446413576693,0.0,0.0,0.808,14.994,6.0,0,19.960089662829827,55.0,0.05400000000000002,7692.806244751843,0.0,0.0,0.0,48.0,optimal
2021-02-09 08:00:00,10,62,2.4285714285714284,0.0,0.0,0.13319999999999999,13.671,6.0,0,20.19828870636313,55.0,0.05400000000000002,8500.0,0.0,0.0,0.0,47.70595003533871,optimal
2021-02-09 08:30:00,10,62,0.0,0.0,0.0,0.17593333333333333,15.981,6.0,0,20.437118375330012,55.0,0.05400000000000002,0.0,0.0,0.0,0.0,47.412194120642084,optimal
2021-02-09 09:00:00,10,62,2.4285714285714284,0.0,0.0,0.2813333333333333,15.6345,6.0,0,20.0241980778636,55.0,0.05400000000000002,8500.0,0.0,0.0,0.0,47.118731961860156,optimal
2021-02-09 09:30:00,10,62,0.0,0.0,0.0,0.053,16.5375,6.0,0,20.34757713883206,55.0,0.05400000000000002,0.0,0.0,0.0,0.0,46.82556326523701,optimal
2021-02-09 10:00:00,10,62,1.6262718935213347,0.0,0.0,0.1267333333333333,14.7735,6.0,0,20.0,55.0,0.05400000000000002,5691.951627324672,0.0,0.0,0.0,46.53268773731048,optimal
2021-02-09 10:30:00,10,62,0.0,0.0,0.0,0.17713333333333334,15.2145,6.0,0,20.216409994359708,55.0,0.05400000000000002,0.0,0.0,0.0,0.0,46.24010508491188,optimal
2021-02-09 11:00:00,10,62,0.40055355416730953,0.0,0.0,0.1612333333333333,14.553,6.0,0,20.0,55.0,0.05400000000000002,1401.9374395855834,0.0,0.0,0.0,45.94781501516568,optimal
2021-02-09 11:30:00,10,62,0.36196434101392944,0.0,0.0,0.28936666666666666,14.3325,6.0,0,20.0,55.0,0.05400000000000002,1266.875193548753,0.0,0.0,0.0,45.65581723548922,optimal
2021-02-09 12:00:00,10,62,0.2721484656502092,0.0,0.0,0.063,14.595,6.0,0,20.0,55.0,0.05400000000000002,952.5196297757324,0.0,0.0,0.0,45.36411145359244,optimal
2021-02-09 12:30:00,10,62,0.0,0.0,0.0,0.27643333333333336,14.994,6.0,0,20.02922503377118,55.0,0.05400000000000002,0.0,0.0,0.0,0.0,45.07269737747756,optimal
2021-02-09 13:00:00,10,62,0.07287270892293195,0.0,0.0,0.18016666666666664,14.3325,6.0,0,20.0,55.0,0.05400000000000002,255.05448123026184,0.0,0.0,0.0,44.78157471543879,optimal
2021-02-09 13:30:00,10,62,0.10112858874297766,0.0,0.0,0.0922,13.8915,6.0,0,20.0,55.0,0.05400000000000002,353.9500606004218,0.0,0.0,0.0,44.49074317606207,optimal
2021-02-09 14:00:00,10,62,1.6238227445485796,0.0,0.0,0.2064,13.8915,6.0,0,20.0,55.0,0.05400000000000002,5683.379605920029,0.0,0.0,0.0,44.20020246822472,optimal
2021-02-09 14:30:00,10,62,2.4285714285714284,0.0,0.0,0.07793333333333334,13.4715,6.0,0,20.396011359410156,55.0,0.05400000000000002,8500.0,0.0,0.0,0.0,43.9099523010952,optimal
2021-02-09 15:00:00,10,62,2.4285714285714284,0.0,0.0,0.321,13.23,6.0,0,20.9892473994941,55.0,0.05400000000000002,8500.0,0.0,0.0,0.0,43.61999238413282,optimal
2021-02-09 15:30:00,10,62,2.4285714285714284,0.0,0.0,0.14293333333333333,13.8915,6.0,0,21.506873284530748,55.0,0.05400000000000002,8500.0,0.0,0.0,0.0,43.3303224270874,optimal
2021-02-09 16:00:00,10,62,0.4043739073686706,0.0,0.0,0.13413333333333333,26.9325,6.0,0,22.0,55.0,0.05400000000000002,1415.3086757903473,0.0,0.0,0.0,43.040942139999025,optimal
2021-02-09 16:30:00,10,62,0.0,0.0,0.0,0.2840666666666667,30.303,6.0,0,21.8267122117975,55.0,0.05400000000000002,0.0,0.0,0.0,0.0,42.75185123319774,optimal
2021-02-09 17:00:00,10,62,0.0,0.0,0.0,0.10873333333333332,32.886,6.0,0,21.55771871057376,55.0,0.05400000000000002,0.0,0.0,0.0,0.0,42.46304941730325,optimal
2021-02-09 17:30:00,10,62,0.0,0.0,0.0,0.26839999999999997,34.9965,6.0,0,21.166560891061735,55.0,0.05400000000000002,0.0,0.0,0.0,0.0,42.174536403224664,optimal
2021-02-09 18:00:00,10,62,0.0,0.0,0.0,0.19553333333333334,33.327,6.0,0,20.793756277660265,55.0,0.05400000000000002,0.0,0.0,0.0,0.0,41.88631190216015,optimal
2021-02-09 18:30:00,10,62,0.0,0.0,0.0,0.1556,31.122,6.0,0,20.387265212096647,55.0,0.05333333333333335,0.0,0.0,0.0,0.0,41.5983756255967,optimal
2021-02-09 19:00:00,10,62,1.2538007080422269,0.0,0.0,0.4493333333333333,17.9025,6.0,0,20.0,55.0,0.007760000000000005,4388.302478147794,0.0,0.0,0.0,41.556777249971105,optimal
2021-02-09 19:30:00,10,62,1.223229279470798,0.0,0.0,0.287,15.6555,6.0,0,20.0,55.0,0.004666666666666667,4281.302478147793,0.0,0.0,0.0,41.51522047272113,optimal
2021-02-09 20:00:00,10,62,1.1290292794708088,0.0,0.0,0.5397000000000001,14.553,6.0,0,20.0,55.0,0.004666666666666667,3951.6024781478313,0.0,0.0,0.0,41.473705252248415,optimal
2021-02-09 20:30:00,10,62,0.0,0.0,0.0,0.23406666666666665,14.3325,6.0,0,20.0,55.0,0.0006666666666666665,0.0,0.0,0.0,0.0,41.432231546996164,optimal
2021-02-09 21:00:00,10,62,0.0,0.0,0.0,0.32796666666666663,13.335,6.0,0,19.679974154270248,55.0,0.0006666666666666665,0.0,0.0,0.0,0.0,41.390799315449165,optimal
2021-02-09 21:30:00,10,62,0.0,0.0,0.0,0.5665666666666668,12.1275,6.0,0,19.377896164770952,55.0,0.0,0.0,0.0,0.0,0.0,41.349408516133714,optimal
2021-02-09 22:00:00,10,62,0.0,0.0,0.0,0.10873333333333332,12.2955,6.0,0,19.076319420366776,55.0,0.0,0.0,0.0,0.0,0.0,41.30805910761758,optimal
2021-02-09 22:30:00,10,62,0.0,0.0,0.0,0.29919999999999997,11.6865,6.0,0,18.701506335014336,55.0,0.0,0.0,0.0,0.0,0.0,41.26675104850996,optimal
2021-02-09 23:00:00,10,62,0.0,0.0,0.0,0.119,11.466,6.0,0,18.350205976767306,55.0,0.0,0.0,0.0,0.0,0.0,41.22548429746145,optimal
2021-02-09 23:30:00,10,62,0.0,0.0,0.0,0.08209999999999999,10.8045,6.0,0,17.993443379088475,55.0,0.0,0.0,0.0,0.0,0.0,41.184258813163986,optimal
2021-02-10 00:00:00,10,62,2.4285714285714284,0.0,0.0,0.1635,11.844,6.0,-4,17.993443379088475,55.0,0.0,8500.0,0.0,0.0,0.0,41.143074554350825,optimal
2021-02-10 00:30:00,10,62,2.4285714285714284,0.0,0.0,0.11633333333333332,11.508,6.0,-4,18.326006185223388,55.0,0.059333333333333335,2299.666666666667,0.0,6200.333333333333,0.0,41.10193147979648,optimal
2021-02-10 01:00:00,10,62,2.4285714285714284,0.0,0.0,0.123,11.508,6.0,-4,18.14877899928157,55.0,0.059333333333333335,8500.0,0.0,0.0,0.0,41.06082954831668,optimal
2021-02-10 01:30:00,10,62,2.4285714285714284,0.0,9.0,0.14233333333333334,10.4475,6.0,-4,18.43996979590865,55.0,0.059333333333333335,8500.0,0.0,0.0,0.0,45.29476871876837,optimal
2021-02-10 02:00:00,10,62,2.4285714285714284,0.0,0.0,0.13433333333333333,10.8675,6.0,-4,18.724472362031968,55.0,0.059333333333333335,8500.0,0.0,0.0,0.0,45.2494739500496,optimal
2021-02-10 02:30:00,10,62,2.4285714285714284,0.0,6.291066285438242,0.189,10.542,6.0,-4,19.000326032946656,55.0,0.059333333333333335,8500.0,0.0,0.0,0.0,48.192480961682705,optimal
2021-02-10 03:00:00,10,62,2.4285714285714284,0.0,0.0,0.15366666666666665,11.025,6.0,-4,19.274616600225848,55.0,0.059333333333333335,8500.0,0.0,0.0,0.0,48.144288480721016,optimal
2021-02-10 03:30:00,10,62,2.4285714285714284,0.0,0.0,0.093,11.025,6.0,-4,19.540460725586644,55.0,0.059333333333333335,8500.0,0.0,0.0,0.0,48.096144192240295,optimal
2021-02-10 04:00:00,10,62,2.4285714285714284,0.0,0.0,0.153,14.553,6.0,-4,19.796088170832746,55.0,0.059333333333333335,8500.0,0.0,0.0,0.0,48.048048048048045,optimal
2021-02-10 04:30:00,10,62,2.4285714285714284,0.0,0.0,0.11633333333333332,13.0935,6.0,-4,20.050984974238897,55.0,0.056,8500.0,0.0,0.0,0.0,48.0,optimal
2021-02-10 05:00:00,10,62,2.4285714285714284,0.0,0.0,0.3451666666666667,15.6345,6.0,-4,20.297287965803427,55.0,0.05466666666666667,8500.0,0.0,0.0,0.0,47.86128567050113,optimal
2021-02-10 05:30:00,10,62,0.0,0.0,0.0,0.3368333333333333,18.102,6.0,-4,20.5781967885877,55.0,0.05266666666666667,0.0,0.0,0.0,0.0,47.72271005533177,optimal
2021-02-10 06:00:00,10,62,0.4341110215150423,0.0,0.0,0.11120000000000001,17.199,6.0,-4,20.19335819748921,55.0,0.051333333333333335,1519.388575302648,0.0,0.0,0.0,47.58427301577757,optimal
2021-02-10 06:30:00,10,62,0.0,0.0,0.0,0.2801666666666667,18.2805,6.0,-4,19.91156846696107,55.0,0.050666666666666665,0.0,0.0,0.0,0.0,47.445974413262924,optimal
2021-02-10 07:00:00,10,62,2.4285714285714284,0.0,0.0,0.09566666666666669,17.4615,6.0,-4,19.515770972408895,55.0,0.050666666666666665,8500.0,0.0,0.0,0.0,47.307814109350794,optimal
2021-02-10 07:30:00,10,62,2.4285714285714284,0.0,0.0,0.14166666666666666,18.3225,6.0,-4,19.75920936077539,55.0,0.050666666666666665,8500.0,0.0,0.0,0.0,47.169791965742576,optimal
2021-02-10 08:00:00,10,62,1.5571947239056958,0.0,0.0,0.115,17.094,6.0,-4,20.0,55.0,0.050666666666666665,5450.181533669936,0.0,0.0,0.0,47.03190784427797,optimal
2021-02-10 08:30:00,10,62,1.5277521570064425,0.0,0.0,0.15833333333333335,17.094,6.0,-4,20.0,55.0,0.050666666666666665,5347.132549522549,0.0,0.0,0.0,46.89416160693482,optimal
2021-02-10 09:00:00,10,62,1.2418979039248836,0.0,0.0,0.189,17.094,6.0,-4,20.0,55.0,0.050666666666666665,4346.642663737092,0.0,0.0,0.0,46.75655311582902,optimal
2021-02-10 09:30:00,10,62,1.2364553370256315,0.0,0.0,0.15366666666666665,17.3565,6.0,-4,20.0,55.0,0.050666666666666665,4327.5936795897105,0.0,0.0,0.0,46.61908223321433,optimal
2021-02-10 10:00:00,10,62,0.8199416137028254,0.0,0.0,0.08733333333333333,17.115,6.0,-4,20.0,55.0,0.050666666666666665,2869.795647959889,0.0,0.0,0.0,46.48174882148225,optimal
2021-02-10 10:30:00,10,62,0.7566692123379204,0.0,0.0,0.26766666666666666,17.241,6.0,-4,20.0,55.0,0.050666666666666665,2648.342243182721,0.0,0.0,0.0,46.3445527431619,optimal
2021-02-10 11:00:00,10,62,0.5118648309739348,0.0,0.0,0.057,17.094,6.0,-4,20.0,55.0,0.050666666666666665,1791.5269084087718,0.0,0.0,0.0,46.20749386091987,optimal
2021-02-10 11:30:00,10,62,0.560177375634467,0.0,0.0,0.189,16.5165,6.0,-4,20.0,55.0,0.050666666666666665,1960.6208147206346,0.0,0.0,0.0,46.07057203756008,optimal
2021-02-10 12:00:00,10,62,0.0,0.0,0.0,0.15366666666666665,17.8185,6.0,-4,20.025226880397934,55.0,0.050666666666666665,0.0,0.0,0.0,0.0,45.93378713602366,optimal
2021-02-10 12:30:00,10,62,1.5033663332042713,0.0,0.0,0.093,17.094,6.0,-4,20.0,55.0,0.050666666666666665,5261.78216621495,0.0,0.0,0.0,45.79713901938877,optimal
2021-02-10 13:00:00,10,62,2.4285714285714284,0.0,0.0,0.2911666666666667,16.8945,6.0,-4,20.374977015357157,55.0,0.050666666666666665,8500.0,0.0,0.0,0.0,45.660627550870515,optimal
2021-02-10 13:30:00,10,62,0.0,0.0,0.0,2.697333333333333,18.123,6.0,-4,21.00133127513624,55.0,0.05,0.0,0.0,0.0,0.0,45.524252593820776,optimal
2021-02-10 14:00:00,10,62,0.0,0.0,0.0,3.097,31.647,6.0,-4,21.0307638029473,55.0,0.04933333333333333,0.0,0.0,0.0,0.0,45.38801401172809,optimal
2021-02-10 14:30:00,10,62,0.0,0.0,0.0,0.6954666666666667,34.9965,6.0,-4,21.052240848790557,55.0,0.048666666666666664,0.0,0.0,0.0,0.0,45.251911668217495,optimal
2021-02-10 15:00:00,10,62,0.0,0.0,0.0,0.127,34.9965,6.0,-4,21.034669661991956,55.0,0.04733333333333333,0.0,0.0,0.0,0.0,45.11594542705041,optimal
2021-02-10 15:30:00,10,62,0.0,0.0,0.0,0.1715,34.9965,6.0,-4,20.930912643464275,55.0,0.04733333333333333,0.0,0.0,0.0,0.0,44.9801151521245,optimal
2021-02-10 16:00:00,10,62,0.0,0.0,0.0,0.2365,34.9965,6.0,-4,20.838290159575358,55.0,0.046,0.0,0.0,0.0,0.0,44.84442070747351,optimal
2021-02-10 16:30:00,10,62,0.0,0.0,0.0,0.199,34.9965,6.0,-4,20.62449161757102,55.0,0.046,0.0,0.0,0.0,0.0,44.708861957267175,optimal
2021-02-10 17:00:00,10,62,0.0,0.0,0.0,0.067,27.741,6.0,-4,20.374108873141797,55.0,0.046,0.0,0.0,0.0,0.0,44.57343876581104,optimal
2021-02-10 17:30:00,10,62,1.3188302095376385,0.0,0.0,0.20416666666666664,19.026,6.0,-4,20.0,55.0,0.046,4615.9057333817345,0.0,0.0,0.0,44.438150997546366,optimal
2021-02-10 18:00:00,10,62,1.4488597964863388,0.0,0.0,0.1893333333333333,18.7215,6.0,-4,20.0,55.0,0.046,5071.009287702186,0.0,0.0,0.0,44.30299851704996,optimal
2021-02-10 18:30:00,10,62,1.4485068350467474,0.0,0.0,0.094,17.4195,6.0,-4,20.0,55.0,0.046,5069.773922663616,0.0,0.0,0.0,44.167981189034045,optimal
2021-02-10 19:00:00,10,62,1.378211016464294,0.0,0.0,0.44646666666666657,16.758,6.0,-4,20.0,55.0,0.0006666666666666665,4823.738557625029,0.0,0.0,0.0,44.033098878346145,optimal
2021-02-10 19:30:00,10,62,1.4027666060407302,0.0,0.0,0.2255,14.217,6.0,-4,20.0,55.0,0.0,4909.683121142556,0.0,0.0,0.0,43.898351449968935,optimal
2021-02-10 20:00:00,10,62,1.3705602908552788,0.0,0.0,0.2512333333333333,13.3665,6.0,-4,20.0,55.0,0.0,4796.961017993475,0.0,0.0,0.0,43.85445309851897,optimal
2021-02-10 20:30:00,10,62,0.09952380952380951,0.0,0.0,0.33866666666666667,12.789,6.0,-4,20.0,55.0,0.0,0.0,0.0,348.3333333333333,0.0,43.81059864542045,optimal
2021-02-10 21:00:00,10,62,0.0,0.0,0.0,0.39380000000000004,11.907,6.0,-4,19.647038914157534,55.0,0.0,0.0,0.0,0.0,0.0,43.76678804677503,optimal
2021-02-10 21:30:00,10,62,0.0,0.0,0.0,0.243,11.7075,6.0,-4,19.30921453986008,55.0,0.0,0.0,0.0,0.0,0.0,43.72302125872825,optimal
2021-02-10 22:00:00,10,62,0.0,0.0,0.0,0.1888333333333333,10.8045,6.0,-4,18.91629935721272,55.0,0.0,0.0,0.0,0.0,0.0,43.679298237469524,optimal
2021-02-10 22:30:00,10,62,0.0,0.0,0.0,0.13783333333333334,11.508,6.0,-4,18.467344068164127,55.0,0.0,0.0,0.0,0.0,0.0,43.63561893923205,optimal
2021-02-10 23:00:00,10,62,0.0,0.0,0.0,0.1813333333333333,11.508,6.0,-4,18.01862686226903,55.0,0.0,0.0,0.0,0.0,0.0,43.59198332029282,optimal
2021-02-10 23:30:00,10,62,0.0,0.0,0.0,0.118,11.508,6.0,-4,17.57740456392892,55.0,0.0,0.0,0.0,0.0,0.0,43.54839133697253,optimal
2021-02-11 00:00:00,10,62,2.4285714285714284,0.0,0.0,0.045,11.2455,6.0,1,17.57740456392892,55.0,0.0,8500.0,0.0,0.0,0.0,43.50484294563556,optimal
2021-02-11 00:30:00,10,62,2.4285714285714284,0.0,0.0,0.045,11.025,6.0,1,17.79308095954161,55.0,0.018666666666666668,6549.333333333333,0.0,1950.6666666666667,0.0,43.46133810268992,optimal
2021-02-11 01:00:00,10,62,2.4285714285714284,0.0,0.0,0.045,12.0855,6.0,1,17.85644243112008,55.0,0.018666666666666668,8500.0,0.0,0.0,0.0,43.417876764587234,optimal
2021-02-11 01:30:00,10,62,2.4285714285714284,0.0,0.0,0.159,11.6865,6.0,1,18.070467339006267,55.0,0.018666666666666668,8500.0,0.0,0.0,0.0,43.37445888782265,optimal
2021-02-11 02:00:00,10,62,2.4285714285714284,0.0,0.0,0.045,11.2245,6.0,1,18.288780485091163,55.0,0.018666666666666668,8500.0,0.0,0.0,0.0,43.33108442893482,optimal
2021-02-11 02:30:00,10,62,2.4285714285714284,0.0,0.0,0.045,11.025,6.0,1,18.493771735880998,55.0,0.018666666666666668,8500.0,0.0,0.0,0.0,43.28775334450589,optimal
2021-02-11 03:00:00,10,62,2.4285714285714284,0.0,0.0,0.15330000000000002,10.7835,6.0,1,18.692390227318015,55.0,0.018666666666666668,8500.0,0.0,0.0,0.0,43.24446559116138,optimal
2021-02-11 03:30:00,10,62,2.4285714285714284,0.0,0.0,0.0507,11.025,6.0,1,18.893091369851522,55.0,0.018666666666666668,8500.0,0.0,0.0,0.0,43.20122112557022,optimal
2021-02-11 04:00:00,10,62,2.4285714285714284,0.0,2.1917217849480455,0.1248,10.584,6.0,1,19.08693836765654,55.0,0.018666666666666668,8500.0,0.0,0.0,0.0,44.19908775229497,optimal
2021-02-11 04:30:00,10,62,2.4285714285714284,0.0,0.0,0.0792,11.025,6.0,1,19.287652849043457,55.0,0.018666666666666668,8500.0,0.0,0.0,0.0,44.154888664542675,optimal
2021-02-11 05:00:00,10,62,2.4285714285714284,0.0,9.0,0.1191,10.4265,6.0,1,19.480669316705146,55.0,0.018666666666666668,8500.0,0.0,0.0,0.0,48.38573377587813,optimal
2021-02-11 05:30:00,10,62,2.4285714285714284,0.0,0.0,0.0849,12.789,6.0,1,19.672718819016538,55.0,0.018666666666666668,8500.0,0.0,0.0,0.0,48.33734804210225,optimal
2021-02-11 06:00:00,10,62,2.4285714285714284,0.0,0.0,0.0564,12.684,6.0,1,19.863351111056005,55.0,0.018666666666666668,8500.0,0.0,0.0,0.0,48.289010694060146,optimal
2021-02-11 06:30:00,10,62,2.4285714285714284,0.0,0.0,0.15593333333333334,16.254,6.0,1,20.053033818560067,55.0,0.018666666666666668,8500.0,0.0,0.0,0.0,48.240721683366075,optimal
2021-02-11 07:00:00,10,62,2.4285714285714284,0.0,0.0,0.04633333333333334,17.64,6.0,1,20.250985061884943,55.0,0.018666666666666668,8500.0,0.0,0.0,0.0,48.192480961682705,optimal
2021-02-11 07:30:00,10,62,2.4285714285714284,0.0,0.0,0.1191,19.1625,6.0,1,20.442139619329268,55.0,0.018666666666666668,8500.0,0.0,0.0,0.0,48.144288480721016,optimal
2021-02-11 08:00:00,10,62,0.0,0.0,0.0,0.08983333333333333,26.46,6.0,1,20.63603894013707,55.0,0.014,0.0,0.0,0.0,0.0,48.096144192240295,optimal
2021-02-11 08:30:00,10,62,2.0987083520408847,0.0,0.0,0.35969999999999996,20.79,6.0,1,20.190711499096,55.0,0.007333333333333333,7345.479232143097,0.0,0.0,0.0,48.048048048048045,optimal
2021-02-11 09:00:00,10,62,0.0,0.0,0.0,0.1772,29.106,6.0,1,20.347589474184034,55.0,0.004666666666666667,0.0,0.0,0.0,0.0,48.0,optimal
2021-02-11 09:30:00,10,62,1.813796754377387,0.0,0.0,0.20753333333333332,19.1835,6.0,1,20.0,55.0,0.004666666666666667,6348.288640320855,0.0,0.0,0.0,47.720332567081456,optimal
2021-02-11 10:00:00,10,62,0.0,0.0,0.0,0.1517666666666667,19.6665,6.0,1,20.164147565763557,55.0,0.0033333333333333335,0.0,0.0,0.0,0.0,47.44094480159583,optimal
2021-02-11 10:30:00,10,62,0.5637568126445567,0.0,0.0,0.5184,19.404,6.0,1,20.0,55.0,0.0033333333333333335,1973.1488442559485,0.0,0.0,0.0,47.1618364238757,optimal
2021-02-11 11:00:00,10,62,0.3682479364497805,0.0,0.0,0.159,19.047,6.0,1,20.0,55.0,0.0033333333333333335,1288.8677775742317,0.0,0.0,0.0,46.88300715453328,optimal
2021-02-11 11:30:00,10,62,0.34255259629188833,0.0,0.0,0.053,18.858,6.0,1,20.0,55.0,0.0033333333333333335,1198.9340870216092,0.0,0.0,0.0,46.604456714460206,optimal
2021-02-11 12:00:00,10,62,0.0,0.0,0.0,0.055,19.2675,6.0,1,20.0,55.0,0.0033333333333333335,0.0,0.0,0.0,0.0,46.3261848248272,optimal
2021-02-11 12:30:00,10,62,0.0,0.0,0.0,0.169,18.963,6.0,1,20.004387884484157,55.0,0.0033333333333333335,0.0,0.0,0.0,0.0,46.04819120708383,optimal
2021-02-11 13:00:00,10,62,0.0,0.0,0.0,0.055,18.438,6.0,1,20.031026030230723,55.0,0.0033333333333333335,0.0,0.0,0.0,0.0,45.770475582958206,optimal
2021-02-11 13:30:00,10,62,0.0,0.0,0.0,0.055,18.7425,6.0,1,20.016074827091007,55.0,0.0033333333333333335,0.0,0.0,0.0,0.0,45.49303767445671,optimal
2021-02-11 14:00:00,10,62,2.4285714285714284,0.0,0.0,0.055,15.2145,6.0,1,20.00352551696635,55.0,0.0033333333333333335,8500.0,0.0,0.0,0.0,45.21587720386371,optimal
2021-02-11 14:30:00,10,62,0.0,0.0,0.0,0.169,17.7765,6.0,1,20.656159119300412,55.0,0.0033333333333333335,0.0,0.0,0.0,0.0,44.938993893741305,optimal
2021-02-11 15:00:00,10,62,2.004409487621159,0.0,0.0,0.055,16.758,6.0,1,20.64342536713113,55.0,0.0033333333333333335,7015.433206674057,0.0,0.0,0.0,44.66238746692902,optimal
2021-02-11 15:30:00,10,62,2.4285714285714284,0.0,0.0,0.1462,16.422,6.0,1,21.070719704738913,55.0,0.0033333333333333335,8500.0,0.0,0.0,0.0,44.38605764654355,optimal
2021-02-11 16:00:00,10,62,2.4285714285714284,0.0,0.0,0.6038,16.758,6.0,1,21.586145556147958,55.0,0.0033333333333333335,8500.0,0.0,0.0,0.0,44.110004155978466,optimal
2021-02-11 16:30:00,10,62,0.5242029947005391,0.0,0.0,0.4070666666666667,29.358,6.0,1,22.0,55.0,0.0033333333333333335,1834.7104814518868,0.0,0.0,0.0,43.83422671890395,optimal
2021-02-11 17:00:00,10,62,0.0,0.0,0.0,0.2602,34.9965,6.0,1,21.867856153614213,55.0,0.001333333333333333,0.0,0.0,0.0,0.0,43.5587250592665,optimal
2021-02-11 17:30:00,10,62,0.0,0.0,0.0,0.10033333333333332,34.65,6.0,1,21.44252589679664,55.0,0.001333333333333333,0.0,0.0,0.0,0.0,43.283498901288695,optimal
2021-02-11 18:00:00,10,62,0.0,0.0,0.0,0.060700000000000004,34.9965,6.0,1,20.99345778004329,55.0,0.001333333333333333,0.0,0.0,0.0,0.0,43.008547969468864,optimal
2021-02-11 18:30:00,10,62,0.0,0.0,0.0,0.2613333333333333,34.9965,6.0,1,20.48673298533619,55.0,0.001333333333333333,0.0,0.0,0.0,0.0,42.73387198858085,optimal
2021-02-11 19:00:00,10,62,1.8315469077605613,0.0,0.0,0.27016666666666667,30.4815,6.0,1,20.0,55.0,0.0,6410.414177161964,0.0,0.0,0.0,42.45947068367373,optimal
2021-02-11 19:30:00,10,62,1.9896886039289923,0.0,0.0,0.1006,21.4305,6.0,1,20.0,55.0,0.0,6963.910113751473,0.0,0.0,0.0,42.18534378007151,optimal
2021-02-11 20:00:00,10,62,2.0453255381926554,0.0,0.0,0.12340000000000001,14.3325,6.0,1,20.0,55.0,0.0,7158.639383674295,0.0,0.0,0.0,41.9114910033729,optimal
2021-02-11 20:30:00,10,62,0.0796190476190476,0.0,0.0,0.0835,13.692,6.0,1,20.0,55.0,0.002666666666666666,0.0,0.0,278.66666666666663,0.0,41.637912079450984,optimal
2021-02-11 21:00:00,10,62,0.0,0.0,0.0,1.1080666666666665,14.007,6.0,1,19.44892179626392,55.0,0.0,0.0,0.0,0.0,0.0,41.59627416737153,optimal
2021-02-11 21:30:00,10,62,0.09952380952380951,0.0,0.0,0.31093333333333334,12.873,6.0,1,19.004293809556877,55.0,0.0,0.0,0.0,348.3333333333333,0.0,41.554677893204165,optimal
2021-02-11 22:00:00,10,62,0.0,0.0,0.0,0.4693,12.684,6.0,1,18.517934316873053,55.0,0.0,0.0,0.0,0.0,0.0,41.51312321531096,optimal
2021-02-11 22:30:00,10,62,0.0,0.0,0.0,0.35796666666666666,12.306,6.0,1,18.065459314143887,55.0,0.0,0.0,0.0,0.0,0.0,41.47161009209565,optimal
2021-02-11 23:00:00,10,62,0.0,0.0,0.0,0.34236666666666665,10.6365,6.0,1,17.59878496419028,55.0,0.0,0.0,0.0,0.0,0.0,41.43013848200356,optimal
2021-02-11 23:30:00,10,62,0.0,0.0,0.0,0.5183,11.2455,6.0,1,17.130582476387094,55.0,0.0,0.0,0.0,0.0,0.0,41.38870834352155,optimal
2021-02-12 00:00:00,10,62,2.4285714285714284,0.0,0.0,1.0386,10.3635,6.0,0,17.130582476387094,55.0,0.0,8360.666666666666,0.0,139.33333333333331,0.0,41.34731963517803,optimal
2021-02-12 00:30:00,10,62,2.4285714285714284,0.0,0.0,0.059,10.8045,6.0,0,17.298047110626985,55.0,0.014745041002706951,6959.143215217124,0.0,1540.8567847828763,0.0,41.30597231554285,optimal
2021-02-12 01:00:00,10,62,2.4285714285714284,0.0,0.0,0.06520000000000001,11.025,6.0,0,17.335251280773413,55.0,0.014745041002706951,8500.0,0.0,0.0,0.0,41.26466634322731,optimal
2021-02-12 01:30:00,10,62,2.4285714285714284,0.0,0.0,0.18919999999999998,10.3635,6.0,0,17.490560778588705,55.0,0.014745041002706951,8500.0,0.0,0.0,0.0,41.22340167688409,optimal
2021-02-12 02:00:00,10,62,2.4285714285714284,0.0,0.0,0.059,10.8045,6.0,0,17.654243300362033,55.0,0.014745041002706951,8500.0,0.0,0.0,0.0,41.18217827520721,optimal
2021-02-12 02:30:00,10,62,2.4285714285714284,0.0,0.0,0.07759999999999999,10.059,6.0,0,17.80659003723952,55.0,0.014745041002706951,8500.0,0.0,0.0,0.0,41.140996096932,optimal
2021-02-12 03:00:00,10,62,2.4285714285714284,0.0,0.0,0.1768,10.584,6.0,0,17.96345127964914,55.0,0.014745041002706951,8500.0,0.0,0.0,0.0,41.099855100835065,optimal
2021-02-12 03:30:00,10,62,2.4285714285714284,0.0,9.0,0.059,9.4185,6.0,0,18.13092635895829,55.0,0.014745041002706951,8500.0,0.0,0.0,0.0,45.33375524573423,optimal
2021-02-12 04:00:00,10,62,2.4285714285714284,0.0,0.0,0.19540000000000002,10.3635,6.0,0,18.300476214696,55.0,0.014745041002706951,8500.0,0.0,0.0,0.0,45.288421490488496,optimal
2021-02-12 04:30:00,10,62,2.4285714285714284,0.0,6.514136785482618,0.059,9.8385,6.0,0,18.491591350051763,55.0,0.014745041002706951,8500.0,0.0,0.0,0.0,48.33734804210225,optimal
2021-02-12 05:00:00,10,62,2.4285714285714284,0.0,0.0,0.15819999999999998,11.067,6.0,0,18.682857998915726,55.0,0.014745041002706951,8500.0,0.0,0.0,0.0,48.289010694060146,optimal
2021-02-12 05:30:00,10,62,2.4285714285714284,0.0,0.0,0.09620000000000001,10.8465,6.0,0,18.892377544354954,55.0,0.014745041002706951,8500.0,0.0,0.0,0.0,48.240721683366075,optimal
2021-02-12 06:00:00,10,62,2.4285714285714284,0.0,0.0,0.059,13.671,6.0,0,19.109470760346362,55.0,0.014745041002706951,8500.0,0.0,0.0,0.0,48.192480961682705,optimal
2021-02-12 06:30:00,10,62,2.4285714285714284,0.0,0.0,0.19540000000000002,12.348,6.0,0,19.335885137851232,55.0,0.014745041002706951,8500.0,0.0,0.0,0.0,48.144288480721016,optimal
2021-02-12 07:00:00,10,62,2.4285714285714284,0.0,0.0,0.059,14.3325,6.0,0,19.570139681503576,55.0,0.014745041002706951,8500.0,0.0,0.0,0.0,48.096144192240295,optimal
2021-02-12 07:30:00,10,62,2.4285714285714284,0.0,0.0,0.058,15.393,6.0,0,19.791107409961985,55.0,0.0017317076693736176,8500.0,0.0,0.0,0.0,48.048048048048045,optimal
2021-02-12 08:00:00,10,62,2.4285714285714284,0.0,0.0,2.1246,13.587,6.0,0,20.0,55.0,0.002666666666666666,7254.190118116209,0.0,1245.8098818837905,0.0,48.0,optimal
2021-02-12 08:30:00,10,62,1.1615114424835116,0.0,0.0,0.3893333333333333,16.1385,6.0,0,20.126315435968543,55.0,0.0,4065.29004869229,0.0,0.0,0.0,47.38868371941405,optimal
2021-02-12 09:00:00,10,62,1.527299130466856,0.0,0.0,0.059,14.595,6.0,0,20.0,55.0,0.0,5345.546956633996,0.0,0.0,0.0,46.777978755108684,optimal
2021-02-12 09:30:00,10,62,1.32272613267035,0.0,0.0,0.1768,14.637,6.0,0,20.0,55.0,0.0,4629.541464346225,0.0,0.0,0.0,46.16788449576762,optimal
2021-02-12 10:00:00,10,62,0.7225227310950852,0.0,0.0,0.07759999999999999,13.9125,6.0,0,20.0,55.0,0.0,2528.8295588327983,0.0,0.0,0.0,45.558400330685906,optimal
2021-02-12 10:30:00,10,62,0.6967614068204019,0.0,0.0,0.059,13.3665,6.0,0,20.0,55.0,0.0,2438.6649238714067,0.0,0.0,0.0,44.94952564976927,optimal
2021-02-12 11:00:00,10,62,0.2011927747794385,0.0,0.0,0.2651,13.0095,6.0,0,20.0,55.0,0.0,704.1747117280348,0.0,0.0,0.0,44.34125984353355,optimal
2021-02-12 11:30:00,10,62,0.0,0.0,0.0,0.30086666666666667,13.8915,6.0,0,20.017725406517044,55.0,0.0,0.0,0.0,0.0,0.0,43.733602303104064,optimal
2021-02-12 12:00:00,10,62,0.0,0.0,0.0,1.7449666666666668,13.188,6.0,0,20.0,55.0,0.0,0.0,0.0,0.0,0.0,43.126552420215006,optimal
2021-02-12 12:30:00,10,62,0.09952380952380951,0.0,0.0,1.1569333333333334,12.5685,6.0,0,20.102360784671532,55.0,0.0,0.0,0.0,348.3333333333333,0.0,42.52010958720884,optimal
2021-02-12 13:00:00,10,62,0.0199047619047619,0.0,0.0,0.173,12.285,6.0,0,20.11033783979417,55.0,0.0,0.0,0.0,69.66666666666666,0.0,41.91427319703568,optimal
2021-02-12 13:30:00,10,62,2.1069724435884982,0.0,0.0,0.5454,11.487,6.0,0,20.099689380491423,55.0,0.062,686.4035525597434,0.0,6688.0,0.0,41.309042643252695,optimal
2021-02-12 14:00:00,10,62,0.0,0.0,0.0,1.4730333333333332,11.802,6.0,0,20.16535265792121,55.0,0.062,0.0,0.0,0.0,0.0,40.70441732002349,optimal
2021-02-12 14:30:00,10,62,2.4285714285714284,0.0,0.0,1.7178666666666667,11.2245,6.0,0,20.153537450197913,55.0,0.062,8500.0,0.0,0.0,0.0,40.663712902703466,optimal
2021-02-12 15:00:00,10,62,2.4285714285714284,0.0,0.0,1.7023,11.025,6.0,0,20.82056610056008,55.0,0.062,8500.0,0.0,0.0,0.0,40.62304918980076,optimal
2021-02-12 15:30:00,10,62,2.4285714285714284,0.0,0.0,0.36256666666666665,11.907,6.0,0,21.44054332827754,55.0,0.05733333333333333,8500.0,0.0,0.0,0.0,40.582426140610956,optimal
2021-02-12 16:00:00,10,62,0.0,0.0,0.0,1.7160666666666666,25.83,6.0,0,22.0,55.0,0.056,0.0,0.0,0.0,0.0,40.541843714470346,optimal
2021-02-12 16:30:00,10,62,0.0,0.0,0.0,1.2495999999999998,28.035,6.0,0,21.804611949500543,55.0,0.050666666666666665,0.0,0.0,0.0,0.0,40.501301870755874,optimal
2021-02-12 17:00:00,10,62,0.0,0.0,0.0,1.6639000000000002,28.119,6.0,0,21.58690787534126,55.0,0.04933333333333333,0.0,0.0,0.0,0.0,40.46080056888512,optimal
2021-02-12 17:30:00,10,62,0.0,0.0,0.0,0.5695333333333333,30.156,6.0,0,21.27045555799542,55.0,0.048,0.0,0.0,0.0,0.0,40.42033976831623,optimal
2021-02-12 18:00:00,10,62,0.0,0.0,0.0,1.7392333333333332,29.1585,6.0,0,20.936950632605413,55.0,0.042666666666666665,0.0,0.0,0.0,0.0,40.379919428547915,optimal
2021-02-12 18:30:00,10,62,0.0,0.0,0.0,1.1461666666666668,26.712,6.0,0,20.599044508754854,55.0,0.03866666666666667,0.0,0.0,0.0,0.0,40.33953950911937,optimal
2021-02-12 19:00:00,10,62,0.4100819815018093,0.0,0.0,1.4075666666666666,15.435,6.0,0,20.24718791892743,55.0,0.001333333333333333,1435.2869352563325,0.0,0.0,0.0,40.29919996961025,optimal
2021-02-12 19:30:00,10,62,1.1569932522948723,0.0,0.0,1.2010333333333334,13.566,6.0,0,20.0,55.0,0.0,4049.476383032053,0.0,0.0,0.0,40.25890076964064,optimal
2021-02-12 20:00:00,10,62,1.1971678690778336,0.0,0.0,0.7287666666666667,12.789,6.0,0,20.0,55.0,0.0,4190.087541772417,0.0,0.0,0.0,40.218641868870996,optimal
2021-02-12 20:30:00,10,62,0.0,0.0,0.0,0.22393333333333332,12.1275,6.0,0,20.0,55.0,0.0,0.0,0.0,0.0,0.0,40.17842322700213,optimal
2021-02-12 21:00:00,10,62,0.0,0.0,0.0,0.3611666666666667,13.671,6.0,0,19.633615394011695,55.0,0.0,0.0,0.0,0.0,0.0,40.13824480377512,optimal
2021-02-12 21:30:00,10,62,0.0398095238095238,0.0,0.0,0.4963,10.668,6.0,0,19.28154210211199,55.0,0.0,0.0,0.0,139.33333333333331,0.0,40.098106558971345,optimal
2021-02-12 22:00:00,10,62,0.0,0.0,0.0,0.069,11.7285,6.0,0,18.94201712638106,55.0,0.0,0.0,0.0,0.0,0.0,40.05800845241237,optimal
2021-02-12 22:30:00,10,62,0.0,0.0,0.0,0.2054,11.025,6.0,0,18.54800557990498,55.0,0.0,0.0,0.0,0.0,0.0,40.01795044395996,optimal
2021-02-12 23:00:00,10,62,0.0,0.0,0.0,0.069,10.689,6.0,0,18.172708443233887,55.0,0.0,0.0,0.0,0.0,0.0,39.977932493516,optimal
2021-02-12 23:30:00,10,62,0.0,0.0,0.0,0.06666666666666667,8.1585,6.0,0,17.794771518875766,55.0,0.0,0.0,0.0,0.0,0.0,39.93795456102249,optimal
2021-02-13 00:00:00,10,62,0.0,0.0,0.0,0.049,11.025,6.0,4,17.794771518875766,55.0,0.0,0.0,0.0,0.0,0.0,39.89801660646146,optimal
2021-02-13 00:30:00,10,62,2.4285714285714284,0.0,0.0,0.11353333333333332,8.2005,6.0,4,17.42401689261998,55.0,0.08133971291866028,0.0,0.0,8500.0,0.0,39.858118589854996,optimal
2021-02-13 01:00:00,10,62,1.0945714285714288,0.0,0.0,0.1832,9.5655,6.0,4,17.067012916534892,55.0,0.118,0.0,0.0,3831.0,0.0,39.81826047126514,optimal
2021-02-13 01:30:00,10,62,2.4285714285714284,0.0,9.0,0.049,7.056,6.0,4,16.723866740365967,55.0,0.118,8500.0,0.0,0.0,0.0,44.053442210793875,optimal
2021-02-13 02:00:00,10,62,2.4285714285714284,0.0,0.0,0.16026666666666667,9.3975,6.0,4,17.031800486951855,55.0,0.118,8500.0,0.0,0.0,0.0,44.00938876858308,optimal
2021-02-13 02:30:00,10,62,1.0941143946724063,0.0,0.0,0.13646666666666668,10.059,6.0,4,17.3428949598225,55.0,0.118,3829.4003813534223,0.0,0.0,0.0,43.96537937981449,optimal
2021-02-13 03:00:00,10,62,2.4285714285714284,0.0,0.0,0.049,9.261,6.0,4,17.28675066002551,55.0,0.118,8500.0,0.0,0.0,0.0,43.92141400043468,optimal
2021-02-13 03:30:00,10,62,2.4285714285714284,0.0,0.0,0.08913333333333334,8.1585,6.0,4,17.583967752322277,55.0,0.118,8500.0,0.0,0.0,0.0,43.87749258643424,optimal
2021-02-13 04:00:00,10,62,2.4285714285714284,0.0,0.0,0.135,9.4815,6.0,4,17.877013804184966,55.0,0.118,8500.0,0.0,0.0,0.0,43.83361509384781,optimal
2021-02-13 04:30:00,10,62,2.4285714285714284,0.0,0.0,0.1216,8.379,6.0,4,18.166416543816062,55.0,0.118,8500.0,0.0,0.0,0.0,43.789781478753966,optimal
2021-02-13 05:00:00,10,62,2.4285714285714284,0.0,0.0,0.1522,9.5235,6.0,4,18.446653039690688,55.0,0.118,8500.0,0.0,0.0,0.0,43.745991697275215,optimal
2021-02-13 05:30:00,10,62,2.4285714285714284,0.0,0.0,0.07193333333333334,8.1375,6.0,4,18.72129597463276,55.0,0.118,8500.0,0.0,0.0,0.0,43.70224570557794,optimal
2021-02-13 06:00:00,10,62,2.4285714285714284,0.0,0.0,0.049,10.0905,6.0,4,18.981942739116892,55.0,0.118,8500.0,0.0,0.0,0.0,43.65854345987236,optimal
2021-02-13 06:30:00,10,62,2.4285714285714284,0.0,9.0,0.24806666666666663,7.539,6.0,4,19.23329152923439,55.0,0.11266666666666666,8500.0,0.0,0.0,0.0,47.88988491641249,optimal
2021-02-13 07:00:00,10,62,2.4285714285714284,0.0,1.4509194625189463,0.054666666666666655,7.938,6.0,4,19.505602951457867,55.0,0.10733333333333334,8500.0,0.0,0.0,0.0,48.53118177619257,optimal
2021-02-13 07:30:00,10,62,2.4285714285714284,0.0,0.0,0.14046666666666666,8.274,6.0,4,19.755908160461942,55.0,0.10733333333333334,8500.0,0.0,0.0,0.0,48.48265059441637,optimal
2021-02-13 08:00:00,10,62,2.4285714285714284,0.0,0.0,0.16793333333333332,9.261,6.0,4,20.0,55.0,0.10733333333333334,8500.0,0.0,0.0,0.0,48.434167943821954,optimal
2021-02-13 08:30:00,10,62,0.7221796030218894,0.0,0.0,0.1316,9.9225,6.0,4,20.237888600676914,55.0,0.10733333333333334,2527.628610576613,0.0,0.0,0.0,48.38573377587813,optimal
2021-02-13 09:00:00,10,62,2.4285714285714284,0.0,0.0,0.18906666666666663,9.702,6.0,4,20.010115768759118,55.0,0.10533333333333333,8500.0,0.0,0.0,0.0,48.33734804210225,optimal
2021-02-13 09:30:00,10,62,0.0,0.0,0.0,0.2544,10.584,6.0,4,20.326234779758007,55.0,0.102,0.0,0.0,0.0,0.0,48.289010694060146,optimal
2021-02-13 10:00:00,10,62,2.4285714285714284,0.0,0.0,0.6053,10.143,6.0,4,20.0,55.0,0.057453333333333335,8500.0,0.0,0.0,0.0,48.240721683366075,optimal
2021-02-13 10:30:00,10,62,0.0,0.0,0.0,1.5659,13.0095,6.0,4,20.46505654593928,55.0,0.043333333333333335,0.0,0.0,0.0,0.0,48.192480961682705,optimal
2021-02-13 11:00:00,10,62,1.2459326051040578,0.0,0.0,1.8659333333333328,11.025,6.0,4,20.32407750585004,55.0,0.043333333333333335,4360.7641178642025,0.0,0.0,0.0,48.144288480721016,optimal
2021-02-13 11:30:00,10,62,0.0,0.0,0.0,0.4771666666666667,12.789,6.0,4,20.609571605195285,55.0,0.043333333333333335,0.0,0.0,0.0,0.0,48.096144192240295,optimal
2021-02-13 12:00:00,10,62,0.0,0.0,0.0,0.5006,12.1275,6.0,4,20.540150124428383,55.0,0.04,0.0,0.0,0.0,0.0,48.048048048048045,optimal
2021-02-13 12:30:00,10,62,0.0,0.0,0.0,0.47636666666666666,12.1695,6.0,4,20.520592812907246,55.0,0.03866666666666667,0.0,0.0,0.0,0.0,48.0,optimal
2021-02-13 13:00:00,10,62,0.0,0.0,0.0,0.3679,12.306,6.0,4,20.500331274778393,55.0,0.037333333333333336,0.0,0.0,0.0,0.0,46.83075060755593,optimal
2021-02-13 13:30:00,10,62,0.0,0.0,0.0,0.26473333333333327,13.23,6.0,4,20.485689671430777,55.0,0.036,0.0,0.0,0.0,0.0,45.6626704645043,optimal
2021-02-13 14:00:00,10,62,0.0,0.0,0.0,0.5422666666666667,13.671,6.0,4,20.473300561394478,55.0,0.036,0.0,0.0,0.0,0.0,44.49575840159573,optimal
2021-02-13 14:30:00,10,62,0.0,0.0,0.0,0.12840000000000001,13.9335,6.0,4,20.386947394583743,55.0,0.03333333333333333,0.0,0.0,0.0,0.0,43.33001325075006,optimal
2021-02-13 15:00:00,10,62,0.0,0.0,0.0,0.24063333333333334,13.293,6.0,4,20.27717498339274,55.0,0.03333333333333333,0.0,0.0,0.0,0.0,42.16543384505524,optimal
2021-02-13 15:30:00,10,62,2.4285714285714284,0.0,0.0,0.1114,12.1065,6.0,4,20.09737438755028,55.0,0.030306666666666666,8500.0,0.0,0.0,0.0,42.123268411210184,optimal
2021-02-13 16:00:00,10,62,2.4285714285714284,0.0,0.0,0.2511333333333333,11.571,6.0,4,20.580802643369797,55.0,0.025333333333333333,8500.0,0.0,0.0,0.0,42.081145142798974,optimal
2021-02-13 16:30:00,10,62,2.4285714285714284,0.0,0.0,0.5654,11.025,6.0,4,20.981684411408946,55.0,0.019333333333333334,8500.0,0.0,0.0,0.0,42.03906399765617,optimal
2021-02-13 17:00:00,10,62,2.4285714285714284,0.0,0.0,0.2417333333333333,10.8465,6.0,4,21.401149899694246,55.0,0.019333333333333334,8500.0,0.0,0.0,0.0,41.997024933658516,optimal
2021-02-13 17:30:00,10,62,2.4285714285714284,0.0,0.0,0.24706666666666663,11.2455,6.0,4,21.69808167464828,55.0,0.017333333333333333,8500.0,0.0,0.0,0.0,41.95502790872486,optimal
2021-02-13 18:00:00,10,62,0.0,0.0,0.0,0.12166666666666669,23.8665,6.0,4,21.975861996501557,55.0,0.017333333333333333,0.0,0.0,0.0,0.0,41.91307288081613,optimal
2021-02-13 18:30:00,10,62,0.0,0.0,0.0,0.44980000000000003,27.4575,6.0,4,21.563542382645032,55.0,0.014,0.0,0.0,0.0,0.0,41.871159807935314,optimal
2021-02-13 19:00:00,10,62,0.0,0.0,0.0,0.1864,27.3735,6.0,4,21.182948165570565,55.0,0.014,0.0,0.0,0.0,0.0,41.82928864812738,optimal
2021-02-13 19:30:00,10,62,0.0,0.0,0.0,0.1906,30.4605,6.0,4,20.78091632842106,55.0,0.006666666666666667,0.0,0.0,0.0,0.0,41.78745935947926,optimal
2021-02-13 20:00:00,10,62,0.0,0.0,0.0,0.2113333333333333,30.0195,6.0,4,20.38545924655569,55.0,0.004666666666666667,0.0,0.0,0.0,0.0,41.74567190011978,optimal
2021-02-13 20:30:00,10,62,0.0,0.0,0.0,0.4076666666666667,26.9325,6.0,4,20.0,55.0,0.004666666666666667,0.0,0.0,0.0,0.0,41.703926228219665,optimal
2021-02-13 21:00:00,10,62,0.0,0.0,0.0,1.4279666666666666,14.595,6.0,4,19.648878241214774,55.0,0.001333333333333333,0.0,0.0,0.0,0.0,41.66222230199144,optimal
2021-02-13 21:30:00,10,62,0.0,0.0,0.0,1.1823333333333332,12.4845,6.0,4,19.3381157490537,55.0,0.001333333333333333,0.0,0.0,0.0,0.0,41.62056007968945,optimal
2021-02-13 22:00:00,10,62,0.0,0.0,0.0,0.2359,12.1275,6.0,4,19.010832549376925,55.0,0.0,0.0,0.0,0.0,0.0,41.578939519609754,optimal
2021-02-13 22:30:00,10,62,0.0,0.0,0.0,0.31589999999999996,12.1275,6.0,4,18.641550524299532,55.0,0.0,0.0,0.0,0.0,0.0,41.537360580090144,optimal
2021-02-13 23:00:00,10,62,0.0,0.0,0.0,0.06473333333333334,12.789,6.0,4,18.29196175364344,55.0,0.0,0.0,0.0,0.0,0.0,41.49582321951005,optimal
2021-02-13 23:30:00,10,62,0.0,0.0,0.0,0.12726666666666667,11.907,6.0,4,17.915437944186465,55.0,0.0,0.0,0.0,0.0,0.0,41.45432739629054,optimal
