time,run,dwelling_id,hp_elec_kw,boiler_gas_kw,ev_charge_kw,appliance_kw,tariff_elec_price,tariff_gas_price,tariff_offset_steps,Tin_C,T_tank_C,V_stor_m3,Q_hp_space_w,Q_bo_space_w,Q_hp_hw_w,Q_bo_hw_w,ev_soc_kwh,solve_status
2021-02-07 00:00:00,1,74,0.03980952380952381,0.0,0.0,0.1296,9.261,6.0,0,21.0,55.0,0.12,0.0,0.0,139.33333333333334,0.0,47.952,optimal
2021-02-07 00:30:00,1,74,0.0,0.0,0.0,0.2619666666666666,10.3635,6.0,0,20.85600526118388,55.0,0.12,0.0,0.0,0.0,0.0,47.904047999999996,optimal
2021-02-07 01:00:00,1,74,0.0,0.0,0.0,0.1156,8.274,6.0,0,20.72168910435515,55.0,0.12,0.0,0.0,0.0,0.0,47.856143952,optimal
2021-02-07 01:30:00,1,74,0.0,0.0,0.0,0.08066666666666668,7.7175,6.0,0,20.58627182511379,55.0,0.12,0.0,0.0,0.0,0.0,47.80828780804799,optimal
2021-02-07 02:00:00,1,74,0.28613750949023675,0.0,0.0,0.2354,6.615,6.0,0,20.444520507542045,55.0,0.12958355294943377,0.0,0.0,1001.4812832158286,0.0,47.76047952023995,optimal
2021-02-07 02:30:00,1,74,2.2857142857142856,0.0,0.0,0.09570000000000001,6.174,6.0,0,20.307788137403307,55.0,0.148,6075.481283215829,0.0,1924.5187167841714,0.0,47.712719040719705,optimal
2021-02-07 03:00:00,1,74,2.2857142857142856,0.0,0.0,0.1904,3.906,6.0,0,20.396517999869133,55.0,0.148,8000.0,0.0,0.0,0.0,47.66500632167899,optimal
2021-02-07 03:30:00,1,74,2.2857142857142856,0.0,0.0,0.2352,2.3415,6.0,0,20.56416223111818,55.0,0.148,8000.0,0.0,0.0,0.0,47.61734131535731,optimal
2021-02-07 04:00:00,1,74,2.2857142857142856,0.0,0.9058442651748441,0.3642666666666666,2.205,6.0,0,20.730081980667702,55.0,0.09866666666666667,8000.0,0.0,0.0,0.0,48.0,optimal
2021-02-07 04:30:00,1,74,2.2857142857142856,0.0,0.0,1.0345666666666666,0.882,6.0,0,20.895521809204077,55.0,0.09666666666666666,8000.0,0.0,0.0,0.0,47.791978154859464,optimal
2021-02-07 05:00:00,1,74,2.2857142857142856,0.0,0.0,0.8095,1.5435,6.0,0,21.048589384923176,55.0,0.09333333333333334,8000.0,0.0,0.0,0.0,47.58416433156407,optimal
2021-02-07 05:30:00,1,74,2.2857142857142856,0.0,0.0,1.6930999999999998,1.5435,6.0,0,21.22039651225238,55.0,0.092,8000.0,0.0,0.0,0.0,47.37655832209197,optimal
2021-02-07 06:00:00,1,74,2.2857142857142856,0.0,0.0,0.076,5.0715,6.0,0,21.420230892424378,55.0,0.09133333333333334,8000.0,0.0,0.0,0.0,47.16915991862934,optimal
2021-02-07 06:30:00,1,74,2.2857142857142856,0.0,0.0,0.2124,5.376,6.0,0,21.56278728698264,55.0,0.088,8000.0,0.0,0.0,0.0,46.961968913570175,optimal
2021-02-07 07:00:00,1,74,2.2857142857142856,0.0,0.0,0.06866666666666667,5.0715,6.0,0,21.70733452311371,55.0,0.066,8000.0,0.0,0.0,0.0,46.75498509951607,optimal
2021-02-07 07:30:00,1,74,2.2857142857142856,0.0,0.0,0.16419999999999998,5.5125,6.0,0,21.85150886797494,55.0,0.056666666666666664,8000.0,0.0,0.0,0.0,46.54820826927602,optimal
2021-02-07 08:00:00,1,74,1.1750767658235581,0.0,0.0,0.30760000000000004,9.261,6.0,0,22.0,55.0,0.04933333333333333,4112.768680382454,0.0,0.0,0.0,46.341638215866205,optimal
2021-02-07 08:30:00,1,74,1.3049436673271078,0.0,0.0,0.065,11.7075,6.0,0,22.0,55.0,0.04533333333333334,4567.302835644877,0.0,0.0,0.0,46.13527473250981,optimal
2021-02-07 09:00:00,1,74,0.0,0.0,0.0,1.1408666666666665,12.348,6.0,0,22.0,55.0,0.04533333333333334,0.0,0.0,0.0,0.0,45.929117612636766,optimal
2021-02-07 09:30:00,1,74,0.0,0.0,0.0,0.5722,12.348,6.0,0,21.8495860220077,55.0,0.04533333333333334,0.0,0.0,0.0,0.0,45.723166649883595,optimal
2021-02-07 10:00:00,1,74,2.2857142857142856,0.0,0.0,0.12279999999999999,12.1275,6.0,0,21.67709670054806,55.0,0.04533333333333334,8000.0,0.0,0.0,0.0,45.517421638093175,optimal
2021-02-07 10:30:00,1,74,0.38451459365402846,0.0,0.0,0.14759999999999998,12.5265,6.0,0,21.793017717395117,55.0,0.04533333333333334,1345.8010777890995,0.0,0.0,0.0,45.311882371314546,optimal
2021-02-07 11:00:00,1,74,2.2857142857142856,0.0,0.0,0.067,11.7495,6.0,0,21.657373463513878,55.0,0.04533333333333334,8000.0,0.0,0.0,0.0,45.1065486438027,optimal
2021-02-07 11:30:00,1,74,0.0,0.0,0.0,0.0732,13.23,6.0,0,21.769497612973154,55.0,0.04533333333333334,0.0,0.0,0.0,0.0,44.90142025001836,optimal
2021-02-07 12:00:00,1,74,0.0,0.0,0.0,0.1972,14.3325,6.0,0,21.57967667816855,55.0,0.04533333333333334,0.0,0.0,0.0,0.0,44.69649698462781,optimal
2021-02-07 12:30:00,1,74,0.0,0.0,0.0,0.1698,14.994,6.0,0,21.39630950755364,55.0,0.044,0.0,0.0,0.0,0.0,44.491778642502645,optimal
2021-02-07 13:00:00,1,74,0.0,0.0,0.0,0.3765,14.8155,6.0,0,21.220048023671914,55.0,0.04,0.0,0.0,0.0,0.0,44.28726501871961,optimal
2021-02-07 13:30:00,1,74,0.0,0.0,0.0,0.7587999999999999,14.112,6.0,0,21.05463080119869,55.0,0.04,0.0,0.0,0.0,0.0,44.08295590856036,optimal
2021-02-07 14:00:00,1,74,0.0,0.0,0.0,0.9371333333333333,14.007,6.0,0,20.900138250481312,55.0,0.04,0.0,0.0,0.0,0.0,43.87885110751127,optimal
2021-02-07 14:30:00,1,74,2.2857142857142856,0.0,0.0,0.2216,13.23,6.0,0,20.754836227568155,55.0,0.04,8000.0,0.0,0.0,0.0,43.67495041126322,optimal
2021-02-07 15:00:00,1,74,2.2857142857142856,0.0,0.0,0.067,11.382,6.0,0,20.886837711833692,55.0,0.04,8000.0,0.0,0.0,0.0,43.47125361571142,optimal
2021-02-07 15:30:00,1,74,2.2857142857142856,0.0,0.0,0.1972,11.7495,6.0,0,21.008095304667716,55.0,0.04,8000.0,0.0,0.0,0.0,43.26776051695517,optimal
2021-02-07 16:00:00,1,74,0.0,0.0,0.0,0.0732,24.3285,6.0,0,21.131700949333542,55.0,0.04,0.0,0.0,0.0,0.0,43.06447091129768,optimal
2021-02-07 16:30:00,1,74,0.0,0.0,0.0,0.067,28.917,6.0,0,20.946941068210926,55.0,0.04,0.0,0.0,0.0,0.0,42.86138459524585,optimal
2021-02-07 17:00:00,1,74,0.0,0.0,0.0,0.247,31.3635,6.0,0,20.76415707638662,55.0,0.03866666666666667,0.0,0.0,0.0,0.0,42.65850136551007,optimal
2021-02-07 17:30:00,1,74,0.0,0.0,0.0,0.14423333333333332,33.306,6.0,0,20.59273546028814,55.0,0.037333333333333336,0.0,0.0,0.0,0.0,42.45582101900403,optimal
2021-02-07 18:00:00,1,74,0.0,0.0,0.0,0.3692,31.3425,6.0,0,20.425681130525273,55.0,0.03666666666666667,0.0,0.0,0.0,0.0,42.25334335284449,optimal
2021-02-07 18:30:00,1,74,0.0,0.0,0.0,0.15619999999999998,28.2555,6.0,0,20.287313860951674,55.0,0.03266666666666666,0.0,0.0,0.0,0.0,42.05106816435111,optimal
2021-02-07 19:00:00,1,74,0.0,0.0,0.0,0.21153333333333332,15.6975,6.0,0,20.14713715085982,55.0,0.029333333333333333,0.0,0.0,0.0,0.0,41.848995251046226,optimal
2021-02-07 19:30:00,1,74,0.9433716645798088,0.0,0.0,0.6502666666666667,12.5475,6.0,0,20.0,55.0,0.029333333333333333,3301.800826029331,0.0,0.0,0.0,41.64712441065465,optimal
2021-02-07 20:00:00,1,74,0.7559545217226542,0.0,0.0,1.9265333333333332,12.0855,6.0,0,20.0,55.0,0.02266666666666667,2645.84082602929,0.0,0.0,0.0,41.44545544110346,optimal
2021-02-07 20:30:00,1,74,0.0,0.0,0.0,0.2082333333333333,11.907,6.0,0,20.0,55.0,0.004666666666666667,0.0,0.0,0.0,0.0,41.24398814052182,optimal
2021-02-07 21:00:00,1,74,0.0,0.0,0.0,1.806,12.5685,6.0,0,19.873663632527947,55.0,0.004666666666666667,0.0,0.0,0.0,0.0,41.042722307240766,optimal
2021-02-07 21:30:00,1,74,0.0,0.0,0.0,0.09763333333333334,13.146,6.0,0,19.767435193708184,55.0,0.004666666666666667,0.0,0.0,0.0,0.0,41.00167958493353,optimal
2021-02-07 22:00:00,1,74,0.0,0.0,0.0,0.169,10.584,6.0,0,19.627247533284027,55.0,0.004666666666666667,0.0,0.0,0.0,0.0,40.9606779053486,optimal
2021-02-07 22:30:00,1,74,0.0,0.0,0.0,0.23426666666666668,6.678,6.0,0,19.4917140802692,55.0,0.0,0.0,0.0,0.0,0.0,40.91971722744325,optimal
2021-02-07 23:00:00,1,74,0.0,0.0,0.0,0.07940000000000001,7.938,6.0,0,19.363915189303153,55.0,0.0,0.0,0.0,0.0,0.0,40.878797510215804,optimal
2021-02-07 23:30:00,1,74,0.0,0.0,0.0,0.18766666666666662,5.292,6.0,0,19.21055413672435,55.0,0.0,0.0,0.0,0.0,0.0,40.83791871270559,optimal
2021-02-08 00:00:00,1,74,2.2857142857142856,0.0,0.0,0.048,5.9745,6.0,0,19.21055413672435,55.0,0.0,8000.0,0.0,0.0,0.0,40.79708079399288,optimal
2021-02-08 00:30:00,1,74,2.2857142857142856,0.0,0.0,0.048,7.938,6.0,0,19.35209953688251,55.0,0.07655502392344497,0.0,0.0,8000.0,0.0,40.75628371319889,optimal
2021-02-08 01:00:00,1,74,2.2857142857142856,0.0,0.0,0.048,8.6835,6.0,0,19.191189607035877,55.0,0.128,2624.0,0.0,5376.0,0.0,40.71552742948569,optimal
2021-02-08 01:30:00,1,74,2.2857142857142856,0.0,0.0,0.048,7.665,6.0,0,19.13056239341575,55.0,0.128,8000.0,0.0,0.0,0.0,40.674811902056206,optimal
2021-02-08 02:00:00,1,74,2.2857142857142856,0.0,0.0,0.048,6.7725,6.0,0,19.272390037515454,55.0,0.128,8000.0,0.0,0.0,0.0,40.63413709015415,optimal
2021-02-08 02:30:00,1,74,2.2857142857142856,0.0,0.0,0.048,5.5755,6.0,0,19.41241244509353,55.0,0.128,8000.0,0.0,0.0,0.0,40.593502953064,optimal
2021-02-08 03:00:00,1,74,2.2857142857142856,0.0,7.78735378274182,0.048,5.0925,6.0,0,19.55158767687123,55.0,0.128,8000.0,0.0,0.0,0.0,44.25190249691329,optimal
2021-02-08 03:30:00,1,74,2.2857142857142856,0.0,9.0,0.048,4.1895,6.0,0,19.68992370538401,55.0,0.128,8000.0,0.0,0.0,0.0,48.48265059441637,optimal
2021-02-08 04:00:00,1,74,2.2857142857142856,0.0,0.0,0.048,7.056,6.0,0,19.826487355996807,55.0,0.128,8000.0,0.0,0.0,0.0,48.434167943821954,optimal
2021-02-08 04:30:00,1,74,2.2857142857142856,0.0,0.0,0.048,5.271,6.0,0,19.9612953080643,55.0,0.128,8000.0,0.0,0.0,0.0,48.38573377587813,optimal
2021-02-08 05:00:00,1,74,2.2857142857142856,0.0,0.0,0.048,7.938,6.0,0,20.093893547904813,55.0,0.128,8000.0,0.0,0.0,0.0,48.33734804210225,optimal
2021-02-08 05:30:00,1,74,2.2857142857142856,0.0,0.0,0.048,7.938,6.0,0,20.224302870504555,55.0,0.128,8000.0,0.0,0.0,0.0,48.289010694060146,optimal
2021-02-08 06:00:00,1,74,2.2857142857142856,0.0,0.0,0.048,11.907,6.0,0,20.353014411225534,55.0,0.128,8000.0,0.0,0.0,0.0,48.240721683366075,optimal
2021-02-08 06:30:00,1,74,2.2857142857142856,0.0,0.0,0.048,11.025,6.0,0,20.48004414742006,55.0,0.128,8000.0,0.0,0.0,0.0,48.192480961682705,optimal
2021-02-08 07:00:00,1,74,2.2857142857142856,0.0,0.0,0.048,11.2875,6.0,0,20.605407906082036,55.0,0.128,8000.0,0.0,0.0,0.0,48.144288480721016,optimal
2021-02-08 07:30:00,1,74,0.0,0.0,0.0,0.21923333333333328,12.936,6.0,0,20.729121365261932,55.0,0.12466666666666666,0.0,0.0,0.0,0.0,48.096144192240295,optimal
2021-02-08 08:00:00,1,74,0.0,0.0,0.0,0.05433333333333334,13.0095,6.0,0,20.559100523735168,55.0,0.07133333333333333,0.0,0.0,0.0,0.0,48.048048048048045,optimal
2021-02-08 08:30:00,1,74,0.0,0.0,0.0,1.0186,13.671,6.0,0,20.39277006037368,55.0,0.066,0.0,0.0,0.0,0.0,48.0,optimal
2021-02-08 09:00:00,1,74,2.2857142857142856,0.0,0.0,0.056,13.188,6.0,0,20.236576550055872,55.0,0.066,8000.0,0.0,0.0,0.0,47.67202071282948,optimal
2021-02-08 09:30:00,1,74,0.0,0.0,0.0,1.4452,13.8495,6.0,0,20.368578952880362,55.0,0.066,0.0,0.0,0.0,0.0,47.34436940494613,optimal
2021-02-08 10:00:00,1,74,2.2857142857142856,0.0,0.0,0.1941,13.23,6.0,0,20.20885586536605,55.0,0.062,8000.0,0.0,0.0,0.0,47.01704574837066,optimal
2021-02-08 10:30:00,1,74,2.2857142857142856,0.0,0.0,0.12933333333333336,13.3665,6.0,0,20.340482703630027,55.0,0.062,8000.0,0.0,0.0,0.0,46.690049415451774,optimal
2021-02-08 11:00:00,1,74,2.2857142857142856,0.0,0.0,0.1536,13.0515,6.0,0,20.462266649556867,55.0,0.062,8000.0,0.0,0.0,0.0,46.3633800788658,optimal
2021-02-08 11:30:00,1,74,2.2857142857142856,0.0,0.0,0.21209999999999998,13.5345,6.0,0,20.57856148080632,55.0,0.062,8000.0,0.0,0.0,0.0,46.03703741161642,optimal
2021-02-08 12:00:00,1,74,0.0,0.0,0.0,0.058,14.154,6.0,0,20.6951433587434,55.0,0.062,0.0,0.0,0.0,0.0,45.71102108703428,optimal
2021-02-08 12:30:00,1,74,0.9049772569725462,0.0,0.0,0.058,14.112,6.0,0,20.50928582721006,55.0,0.062,3167.4203994039112,0.0,0.0,0.0,45.385330778776726,optimal
2021-02-08 13:00:00,1,74,0.0,0.0,0.0,0.058,14.2485,6.0,0,20.44628249814089,55.0,0.062,0.0,0.0,0.0,0.0,45.05996616082743,optimal
2021-02-08 13:30:00,1,74,2.2857142857142856,0.0,0.0,0.058,12.789,6.0,0,20.266531215037165,55.0,0.062,8000.0,0.0,0.0,0.0,44.73492690749608,optimal
2021-02-08 14:00:00,1,74,2.2857142857142856,0.0,0.0,0.058,13.0095,6.0,0,20.390535879002936,55.0,0.062,8000.0,0.0,0.0,0.0,44.41021269341807,optimal
2021-02-08 14:30:00,1,74,2.2857142857142856,0.0,0.0,0.2292333333333333,12.1275,6.0,0,20.514314641838606,55.0,0.062,8000.0,0.0,0.0,0.0,44.08582319355413,optimal
2021-02-08 15:00:00,1,74,2.2857142857142856,0.0,0.0,0.058,12.348,6.0,0,20.64570871754287,55.0,0.062,8000.0,0.0,0.0,0.0,43.76175808319005,optimal
2021-02-08 15:30:00,1,74,2.2857142857142856,0.0,0.0,0.058,12.348,6.0,0,20.764262901068157,55.0,0.062,8000.0,0.0,0.0,0.0,43.43801703793634,optimal
2021-02-08 16:00:00,1,74,0.0,0.0,0.0,0.176,25.389,6.0,0,20.88217194026928,55.0,0.058666666666666666,0.0,0.0,0.0,0.0,43.114599733727886,optimal
2021-02-08 16:30:00,1,74,0.0,0.0,0.0,0.1717,29.1375,6.0,0,20.719816311148776,55.0,0.056,0.0,0.0,0.0,0.0,42.79150584682364,optimal
2021-02-08 17:00:00,1,74,0.0,0.0,0.0,0.121,30.597,6.0,0,20.568170223665973,55.0,0.050306666666666666,0.0,0.0,0.0,0.0,42.4687350538063,optimal
2021-02-08 17:30:00,1,74,0.0,0.0,0.0,0.41623333333333334,33.684,6.0,0,20.416289942640507,55.0,0.046,0.0,0.0,0.0,0.0,42.14628703158197,optimal
2021-02-08 18:00:00,1,74,0.0,0.0,0.0,1.1254666666666666,32.445,6.0,0,20.277825304202153,55.0,0.02666666666666667,0.0,0.0,0.0,0.0,41.824161457379866,optimal
2021-02-08 18:30:00,1,74,0.0,0.0,0.0,0.8642666666666666,28.917,6.0,0,20.142804830668304,55.0,0.02666666666666667,0.0,0.0,0.0,0.0,41.50235800875197,optimal
2021-02-08 19:00:00,1,74,1.170719688133766,0.0,0.0,0.117,15.876,6.0,0,20.0,55.0,0.007333333333333333,4097.5189084681815,0.0,0.0,0.0,41.1808763635727,optimal
2021-02-08 19:30:00,1,74,1.1856918212158203,0.0,0.0,0.07016666666666667,12.348,6.0,0,20.0,55.0,0.005333333333333332,4149.921374255371,0.0,0.0,0.0,40.859716200038605,optimal
2021-02-08 20:00:00,1,74,1.1578353828692622,0.0,0.0,0.30789999999999995,12.1275,6.0,0,20.0,55.0,0.005333333333333332,4052.423840042418,0.0,0.0,0.0,40.53887719666805,optimal
2021-02-08 20:30:00,1,74,0.0,0.0,0.0,0.12293333333333334,12.348,6.0,0,20.0,55.0,0.002666666666666666,0.0,0.0,0.0,0.0,40.21835903230086,optimal
2021-02-08 21:00:00,1,74,0.0,0.0,0.0,0.09833333333333331,12.1275,6.0,0,19.834106458656702,55.0,0.002666666666666666,0.0,0.0,0.0,0.0,39.89816138609804,optimal
2021-02-08 21:30:00,1,74,0.0,0.0,0.0,0.2696,12.1275,6.0,0,19.664808008489995,55.0,0.0,0.0,0.0,0.0,0.0,39.57828393754142,optimal
2021-02-08 22:00:00,1,74,0.7165714285714285,0.0,0.0,0.3551,11.2665,6.0,0,19.511941976271892,55.0,0.0,0.0,0.0,2508.0,0.0,39.25872636643336,optimal
2021-02-08 22:30:00,1,74,0.09952380952380951,0.0,0.0,0.4809,10.143,6.0,0,19.369292360290082,55.0,0.0026666666666666666,0.0,0.0,348.3333333333333,0.0,39.219467640066924,optimal
2021-02-08 23:00:00,1,74,0.0,0.0,0.0,0.29136666666666666,11.2455,6.0,0,19.238726467705003,55.0,0.0006666666666666665,0.0,0.0,0.0,0.0,39.18024817242686,optimal
2021-02-08 23:30:00,1,74,0.0,0.0,0.0,0.3007666666666666,11.025,6.0,0,19.1011234292341,55.0,0.0,0.0,0.0,0.0,0.0,39.14106792425443,optimal
2021-02-09 00:00:00,1,74,2.2857142857142856,0.0,9.0,0.11083333333333331,10.584,6.0,0,19.1011234292341,55.0,0.0,8000.0,0.0,0.0,0.0,43.37692685633017,optimal
2021-02-09 00:30:00,1,74,2.2857142857142856,0.0,0.0,0.147,11.2455,6.0,0,19.243054443394012,55.0,0.07655502392344497,0.0,0.0,8000.0,0.0,43.33354992947384,optimal
2021-02-09 01:00:00,1,74,2.2857142857142856,0.0,0.0,0.1519,12.1275,6.0,0,19.082044732323855,55.0,0.11533333333333333,3947.6666666666665,0.0,4052.3333333333335,0.0,43.29021637954437,optimal
2021-02-09 01:30:00,1,74,2.2857142857142856,0.0,0.0,0.2436333333333333,11.823,6.0,0,19.071797007553045,55.0,0.11533333333333333,8000.0,0.0,0.0,0.0,43.24692616316482,optimal
2021-02-09 02:00:00,1,74,2.2857142857142856,0.0,0.0,0.059,11.7705,6.0,0,19.21668902046193,55.0,0.11533333333333333,8000.0,0.0,0.0,0.0,43.20367923700166,optimal
2021-02-09 02:30:00,1,74,2.2857142857142856,0.0,0.0,0.2099333333333333,11.13,6.0,0,19.352326748359065,55.0,0.11533333333333333,8000.0,0.0,0.0,0.0,43.160475557764656,optimal
2021-02-09 03:00:00,1,74,2.2857142857142856,0.0,0.0,0.19226666666666667,11.6865,6.0,0,19.492839756111252,55.0,0.11533333333333333,8000.0,0.0,0.0,0.0,43.11731508220689,optimal
2021-02-09 03:30:00,1,74,2.2857142857142856,0.0,2.1641540350148456,0.09166666666666669,10.7205,6.0,0,19.631585054500896,55.0,0.11533333333333333,8000.0,0.0,0.0,0.0,44.10217093375673,optimal
2021-02-09 04:00:00,1,74,2.2857142857142856,0.0,0.0,0.29946666666666666,11.424,6.0,0,19.766304574398934,55.0,0.11533333333333333,8000.0,0.0,0.0,0.0,44.05806876282297,optimal
2021-02-09 04:30:00,1,74,2.2857142857142856,0.0,9.0,0.06673333333333334,10.689,6.0,0,19.908644503948025,55.0,0.11533333333333333,8000.0,0.0,0.0,0.0,48.289010694060146,optimal
2021-02-09 05:00:00,1,74,2.2857142857142856,0.0,0.0,0.11953333333333331,11.361,6.0,0,20.039943661675828,55.0,0.11533333333333333,8000.0,0.0,0.0,0.0,48.240721683366075,optimal
2021-02-09 05:30:00,1,74,2.2857142857142856,0.0,0.0,0.2349333333333333,11.571,6.0,0,20.171053541148186,55.0,0.11533333333333333,8000.0,0.0,0.0,0.0,48.192480961682705,optimal
2021-02-09 06:00:00,1,74,0.8767685040443263,0.0,0.0,0.10006666666666666,14.3745,6.0,0,20.305273285463663,55.0,0.11533333333333333,3068.689764155142,0.0,0.0,0.0,48.144288480721016,optimal
2021-02-09 06:30:00,1,74,2.2857142857142856,0.0,0.0,0.11866666666666668,13.23,6.0,0,20.247536945818503,55.0,0.11133333333333334,8000.0,0.0,0.0,0.0,48.096144192240295,optimal
2021-02-09 07:00:00,1,74,2.2857142857142856,0.0,0.0,0.26126666666666665,13.9755,6.0,0,20.376759689843766,55.0,0.10933333333333334,8000.0,0.0,0.0,0.0,48.048048048048045,optimal
2021-02-09 07:30:00,1,74,0.0,0.0,0.0,0.47303333333333336,14.994,6.0,0,20.512917981963813,55.0,0.09066666666666667,0.0,0.0,0.0,0.0,48.0,optimal
2021-02-09 08:00:00,1,74,2.2857142857142856,0.0,0.0,0.42,13.671,6.0,0,20.351897322463447,55.0,0.084,8000.0,0.0,0.0,0.0,47.874074773971444,optimal
2021-02-09 08:30:00,1,74,0.0,0.0,0.0,0.3681666666666667,15.981,6.0,0,20.493293128947464,55.0,0.062,0.0,0.0,0.0,0.0,47.74827547316892,optimal
2021-02-09 09:00:00,1,74,0.0,0.0,0.0,1.004,15.6345,6.0,0,20.32875412084193,55.0,0.059333333333333335,0.0,0.0,0.0,0.0,47.622601971667194,optimal
2021-02-09 09:30:00,1,74,0.0,0.0,0.0,0.27936666666666665,16.5375,6.0,0,20.161991316322933,55.0,0.059333333333333335,0.0,0.0,0.0,0.0,47.49705414366697,optimal
2021-02-09 10:00:00,1,74,2.2857142857142856,0.0,0.0,0.22226666666666667,14.7735,6.0,0,20.0,55.0,0.058666666666666666,8000.0,0.0,0.0,0.0,47.37163186349475,optimal
2021-02-09 10:30:00,1,74,0.22058709716975264,0.0,0.0,0.13826666666666668,15.2145,6.0,0,20.139302813387026,55.0,0.05733333333333333,772.0548400941342,0.0,0.0,0.0,47.2463350056027,optimal
2021-02-09 11:00:00,1,74,1.4626390496405346,0.0,0.0,0.26953333333333335,14.553,6.0,0,20.0,55.0,0.05733333333333333,5119.236673741871,0.0,0.0,0.0,47.121163444568545,optimal
2021-02-09 11:30:00,1,74,2.2857142857142856,0.0,0.0,0.12986666666666669,14.3325,6.0,0,20.03081555801627,55.0,0.05733333333333333,8000.0,0.0,0.0,0.0,46.996117055095425,optimal
2021-02-09 12:00:00,1,74,2.2857142857142856,0.0,0.0,0.11,14.595,6.0,0,20.166635556713466,55.0,0.05733333333333333,8000.0,0.0,0.0,0.0,46.871195712011776,optimal
2021-02-09 12:30:00,1,74,0.0,0.0,0.0,0.4358,14.994,6.0,0,20.301163622883045,55.0,0.056,0.0,0.0,0.0,0.0,46.746399290271206,optimal
2021-02-09 13:00:00,1,74,2.2857142857142856,0.0,0.0,0.2804333333333333,14.3325,6.0,0,20.143760628932977,55.0,0.056,8000.0,0.0,0.0,0.0,46.62172766495238,optimal
2021-02-09 13:30:00,1,74,2.2857142857142856,0.0,0.0,0.07959999999999999,13.8915,6.0,0,20.28278010492175,55.0,0.056,8000.0,0.0,0.0,0.0,46.49718071125887,optimal
2021-02-09 14:00:00,1,74,2.2857142857142856,0.0,0.0,0.1276,13.8915,6.0,0,20.413094684770144,55.0,0.056,8000.0,0.0,0.0,0.0,46.37275830451906,optimal
2021-02-09 14:30:00,1,74,2.2857142857142856,0.0,0.0,0.2879333333333333,13.4715,6.0,0,20.54566085277856,55.0,0.056,8000.0,0.0,0.0,0.0,46.248460320185984,optimal
2021-02-09 15:00:00,1,74,2.2857142857142856,0.0,0.0,0.08,13.23,6.0,0,20.68112114642914,55.0,0.056,8000.0,0.0,0.0,0.0,46.124286633837244,optimal
2021-02-09 15:30:00,1,74,2.2857142857142856,0.0,0.0,0.13203333333333334,13.8915,6.0,0,20.80697554995173,55.0,0.03614666666666667,8000.0,0.0,0.0,0.0,46.000237121174855,optimal
2021-02-09 16:00:00,1,74,0.0,0.0,0.0,0.2462666666666667,26.9325,6.0,0,20.947651530055673,55.0,0.032,0.0,0.0,0.0,0.0,45.876311658025124,optimal
2021-02-09 16:30:00,1,74,0.0,0.0,0.0,0.981,30.303,6.0,0,20.79538958097453,55.0,0.029333333333333333,0.0,0.0,0.0,0.0,45.75251012033854,optimal
2021-02-09 17:00:00,1,74,0.0,0.0,0.0,2.4158666666666666,32.886,6.0,0,20.640397435380983,55.0,0.018,0.0,0.0,0.0,0.0,45.62883238418965,optimal
2021-02-09 17:30:00,1,74,0.0,0.0,0.0,1.3491666666666668,34.9965,6.0,0,20.53901083730136,55.0,0.016666666666666666,0.0,0.0,0.0,0.0,45.50527832577691,optimal
2021-02-09 18:00:00,1,74,0.0,0.0,0.0,0.3405,33.327,6.0,0,20.411670674378122,55.0,0.013333333333333334,0.0,0.0,0.0,0.0,45.381847821422575,optimal
2021-02-09 18:30:00,1,74,0.0,0.0,0.0,0.8013333333333333,31.122,6.0,0,20.261913719515135,55.0,0.010666666666666666,0.0,0.0,0.0,0.0,45.258540747572596,optimal
2021-02-09 19:00:00,1,74,0.0,0.0,0.0,0.9412,17.9025,6.0,0,20.127046904202132,55.0,0.008,0.0,0.0,0.0,0.0,45.135356980796466,optimal
2021-02-09 19:30:00,1,74,1.0578806535482077,0.0,0.0,0.5427666666666666,15.6555,6.0,0,20.0,55.0,0.005333333333333333,3702.582287418727,0.0,0.0,0.0,45.01229639778712,optimal
2021-02-09 20:00:00,1,74,1.157756844024392,0.0,0.0,0.26053333333333334,14.553,6.0,0,20.0,55.0,0.005333333333333333,4052.1489540853718,0.0,0.0,0.0,44.88935887536078,optimal
2021-02-09 20:30:00,1,74,0.0,0.0,0.0,0.4392,14.3325,6.0,0,20.0,55.0,0.0033333333333333335,0.0,0.0,0.0,0.0,44.766544290456864,optimal
2021-02-09 21:00:00,1,74,0.0,0.0,0.0,0.4004666666666666,13.335,6.0,0,19.854312140502888,55.0,0.0,0.0,0.0,0.0,0.0,44.643852520137855,optimal
2021-02-09 21:30:00,1,74,0.05971428571428571,0.0,0.0,0.33416666666666667,12.1275,6.0,0,19.707061804317462,55.0,0.0,0.0,0.0,209.0,0.0,44.52128344158916,optimal
2021-02-09 22:00:00,1,74,0.0,0.0,0.0,0.19023333333333328,12.2955,6.0,0,19.553292590026754,55.0,0.0,0.0,0.0,0.0,0.0,44.47676215814757,optimal
2021-02-09 22:30:00,1,74,0.0,0.0,0.0,0.1746,11.6865,6.0,0,19.39014369442527,55.0,0.0,0.0,0.0,0.0,0.0,44.432285395989425,optimal
2021-02-09 23:00:00,1,74,0.0,0.0,0.0,0.20056666666666664,11.466,6.0,0,19.22841223861646,55.0,0.0,0.0,0.0,0.0,0.0,44.38785311059343,optimal
2021-02-09 23:30:00,1,74,0.0,0.0,0.0,0.0859,10.8045,6.0,0,19.069650724554794,55.0,0.0,0.0,0.0,0.0,0.0,44.34346525748284,optimal
2021-02-10 00:00:00,1,74,2.2857142857142856,0.0,0.0,0.06,10.8045,6.0,0,19.069650724554794,55.0,0.0,8000.0,0.0,0.0,0.0,44.29912179222536,optimal
2021-02-10 00:30:00,1,74,2.2857142857142856,0.0,0.0,0.08286666666666666,11.508,6.0,0,19.20576875716207,55.0,0.07655502392344497,0.0,0.0,8000.0,0.0,44.25482267043313,optimal
2021-02-10 01:00:00,1,74,2.2857142857142856,0.0,0.0,0.13346666666666668,11.508,6.0,0,19.039402173790343,55.0,0.08533333333333333,7082.666666666667,0.0,917.3333333333334,0.0,44.2105678477627,optimal
2021-02-10 01:30:00,1,74,2.2857142857142856,0.0,0.0,0.10246666666666668,11.508,6.0,0,19.145120280521436,55.0,0.08533333333333333,8000.0,0.0,0.0,0.0,44.16635727991493,optimal
2021-02-10 02:00:00,1,74,2.2857142857142856,0.0,0.0,0.07633333333333332,11.844,6.0,0,19.279303336506004,55.0,0.08533333333333333,8000.0,0.0,0.0,0.0,44.12219092263502,optimal
2021-02-10 02:30:00,1,74,2.2857142857142856,0.0,0.0,0.0698,11.508,6.0,0,19.41029889158668,55.0,0.08533333333333333,8000.0,0.0,0.0,0.0,44.078068731712385,optimal
2021-02-10 03:00:00,1,74,2.2857142857142856,0.0,0.0,0.109,11.508,6.0,0,19.539815766639666,55.0,0.08533333333333333,8000.0,0.0,0.0,0.0,44.03399066298067,optimal
2021-02-10 03:30:00,1,74,2.2857142857142856,0.0,9.0,0.06,10.4475,6.0,0,19.669589298560556,55.0,0.08533333333333333,8000.0,0.0,0.0,0.0,48.26495667231769,optimal
2021-02-10 04:00:00,1,74,2.2857142857142856,0.0,0.0,0.11226666666666668,10.8675,6.0,0,19.79629718779851,55.0,0.08533333333333333,8000.0,0.0,0.0,0.0,48.21669171564537,optimal
2021-02-10 04:30:00,1,74,2.2857142857142856,0.0,0.050538816322081834,0.06653333333333333,10.542,6.0,0,19.923780003187307,55.0,0.08533333333333333,8000.0,0.0,0.0,0.0,48.192480961682705,optimal
2021-02-10 05:00:00,1,74,2.2857142857142856,0.0,0.0,0.06,11.025,6.0,0,20.047400619720094,55.0,0.08533333333333333,8000.0,0.0,0.0,0.0,48.144288480721016,optimal
2021-02-10 05:30:00,1,74,2.2857142857142856,0.0,0.0,0.1188,11.025,6.0,0,20.168670887574216,55.0,0.08533333333333333,8000.0,0.0,0.0,0.0,48.096144192240295,optimal
2021-02-10 06:00:00,1,74,2.2857142857142856,0.0,0.0,0.17033333333333334,14.553,6.0,0,20.29007209872603,55.0,0.05533333333333333,8000.0,0.0,0.0,0.0,48.048048048048045,optimal
2021-02-10 06:30:00,1,74,2.2857142857142856,0.0,0.0,1.3022,13.0935,6.0,0,20.41632312840757,55.0,0.03266666666666666,8000.0,0.0,0.0,0.0,48.0,optimal
2021-02-10 07:00:00,1,74,2.2857142857142856,0.0,0.0,4.4432,15.6345,6.0,0,20.564190234993315,55.0,0.03,8000.0,0.0,0.0,0.0,47.79566159104703,optimal
2021-02-10 07:30:00,1,74,0.0,0.0,0.0,2.292733333333333,18.102,6.0,0,20.75586804746563,55.0,0.028666666666666667,0.0,0.0,0.0,0.0,47.591527520503014,optimal
2021-02-10 08:00:00,1,74,0.0,0.0,0.0,0.20466666666666664,17.199,6.0,0,20.608361967616826,55.0,0.02266666666666667,0.0,0.0,0.0,0.0,47.38759758402954,optimal
2021-02-10 08:30:00,1,74,0.0,0.0,0.0,1.6176,18.2805,6.0,0,20.433016467553205,55.0,0.018,0.0,0.0,0.0,0.0,47.183871577492546,optimal
2021-02-10 09:00:00,1,74,0.5637651985926531,0.0,0.0,0.4806,17.4615,6.0,0,20.260731228681234,55.0,0.016,1973.1781950742857,0.0,0.0,0.0,46.98034929696208,optimal
2021-02-10 09:30:00,1,74,0.0,0.0,0.0,1.7094,18.3225,6.0,0,20.1642965245465,55.0,0.016,0.0,0.0,0.0,0.0,46.777030538712154,optimal
2021-02-10 10:00:00,1,74,1.2557801006110292,0.0,0.0,0.3499333333333333,17.094,6.0,0,20.0,55.0,0.012,4395.230352138602,0.0,0.0,0.0,46.57391509922047,optimal
2021-02-10 10:30:00,1,74,1.2879108246718645,0.0,0.0,0.09513333333333333,17.094,6.0,0,20.0,55.0,0.010666666666666666,4507.687886351526,0.0,0.0,0.0,46.37100277516828,optimal
2021-02-10 11:00:00,1,74,2.2857142857142856,0.0,0.0,1.745,17.094,6.0,0,20.0,55.0,0.008666666666666666,8000.0,0.0,0.0,0.0,46.16829336344014,optimal
2021-02-10 11:30:00,1,74,1.830669342862436,0.0,0.0,1.6362,17.3565,6.0,0,20.13600539256696,55.0,0.008666666666666666,6407.342700018526,0.0,0.0,0.0,45.96578666112373,optimal
2021-02-10 12:00:00,1,74,2.2857142857142856,0.0,0.0,1.6612,17.115,6.0,0,20.21310532753315,55.0,0.008666666666666666,8000.0,0.0,0.0,0.0,45.76348246550964,optimal
2021-02-10 12:30:00,1,74,2.2857142857142856,0.0,0.0,0.42236666666666667,17.241,6.0,0,20.344832644152838,55.0,0.006,8000.0,0.0,0.0,0.0,45.56138057409116,optimal
2021-02-10 13:00:00,1,74,2.2857142857142856,0.0,0.0,1.8944,17.094,6.0,0,20.47411155263489,55.0,0.0033333333333333335,8000.0,0.0,0.0,0.0,45.3594807845641,optimal
2021-02-10 13:30:00,1,74,2.2857142857142856,0.0,0.0,0.18086666666666668,16.5165,6.0,0,20.60932151585085,55.0,0.0033333333333333335,8000.0,0.0,0.0,0.0,45.15778289482657,optimal
2021-02-10 14:00:00,1,74,2.2857142857142856,0.0,0.0,0.204,17.8185,6.0,0,20.7377712076377,55.0,0.0026666666666666666,8000.0,0.0,0.0,0.0,44.95628670297877,optimal
2021-02-10 14:30:00,1,74,2.2857142857142856,0.0,0.0,0.11246666666666669,17.094,6.0,0,20.86839232737418,55.0,0.0026666666666666666,8000.0,0.0,0.0,0.0,44.75499200732283,optimal
2021-02-10 15:00:00,1,74,2.2857142857142856,0.0,0.0,0.0994,16.8945,6.0,0,20.987827064826703,55.0,0.0026666666666666666,8000.0,0.0,0.0,0.0,44.55389860636254,optimal
2021-02-10 15:30:00,1,74,2.2857142857142856,0.0,0.0,0.12166666666666669,18.123,6.0,0,21.105645998269004,55.0,0.0026666666666666666,8000.0,0.0,0.0,0.0,44.35300629880321,optimal
2021-02-10 16:00:00,1,74,0.0,0.0,0.0,0.8847666666666667,31.647,6.0,0,21.22661945065125,55.0,0.0006666666666666665,0.0,0.0,0.0,0.0,44.15231488355143,optimal
2021-02-10 16:30:00,1,74,0.0,0.0,0.0,0.8838333333333334,34.9965,6.0,0,21.07443084426668,55.0,0.0,0.0,0.0,0.0,0.0,43.95182415971491,optimal
2021-02-10 17:00:00,1,74,0.0,0.0,0.0,2.0412,34.9965,6.0,0,20.91680720218117,55.0,0.0,0.0,0.0,0.0,0.0,43.75153392660223,optimal
2021-02-10 17:30:00,1,74,0.0,0.0,0.0,1.3583333333333332,34.9965,6.0,0,20.742883447434785,55.0,0.0,0.0,0.0,0.0,0.0,43.551443983722656,optimal
2021-02-10 18:00:00,1,74,0.0,0.0,0.0,0.07,34.9965,6.0,0,20.56484978466149,55.0,0.0,0.0,0.0,0.0,0.0,43.35155413078596,optimal
2021-02-10 18:30:00,1,74,0.0,0.0,0.0,0.11246666666666669,34.9965,6.0,0,20.37783181247228,55.0,0.0,0.0,0.0,0.0,0.0,43.15186416770221,optimal
2021-02-10 19:00:00,1,74,0.0,0.0,0.0,0.08633333333333333,27.741,6.0,0,20.19040798852405,55.0,0.0,0.0,0.0,0.0,0.0,42.952373894581534,optimal
2021-02-10 19:30:00,1,74,1.4542393750960618,0.0,0.0,0.07,19.026,6.0,0,20.0,55.0,0.0,5089.8378128362165,0.0,0.0,0.0,42.753083111733986,optimal
2021-02-10 20:00:00,1,74,1.4720976921375293,0.0,0.0,0.07,18.7215,6.0,0,20.0,55.0,0.0,5152.341922481352,0.0,0.0,0.0,42.55399161966928,optimal
2021-02-10 20:30:00,1,74,0.0,0.0,0.0,0.1288,17.4195,6.0,0,20.0,55.0,0.0,0.0,0.0,0.0,0.0,42.355099219096644,optimal
2021-02-10 21:00:00,1,74,0.0,0.0,0.0,0.07,16.758,6.0,0,19.80780645400148,55.0,0.0,0.0,0.0,0.0,0.0,42.15640571092458,optimal
2021-02-10 21:30:00,1,74,0.0,0.0,0.0,0.5172666666666667,14.217,6.0,0,19.61473779570411,55.0,0.0,0.0,0.0,0.0,0.0,41.957910896260685,optimal
2021-02-10 22:00:00,1,74,0.13933333333333334,0.0,0.0,0.1913,13.3665,6.0,0,19.44045219803998,55.0,0.0,0.0,0.0,487.6666666666667,0.0,41.91595298536443,optimal
2021-02-10 22:30:00,1,74,0.0398095238095238,0.0,0.0,0.20446666666666666,12.789,6.0,0,19.25600684231348,55.0,0.0,0.0,0.0,139.33333333333331,0.0,41.874037032379064,optimal
2021-02-10 23:00:00,1,74,0.0,0.0,0.0,1.8590666666666664,11.907,6.0,0,19.082625644214563,55.0,0.0,0.0,0.0,0.0,0.0,41.832162995346685,optimal
2021-02-10 23:30:00,1,74,0.0,0.0,0.0,0.0912,11.7075,6.0,0,18.899858083497076,55.0,0.0,0.0,0.0,0.0,0.0,41.79033083235134,optimal
2021-02-11 00:00:00,1,74,2.2857142857142856,0.0,0.0,0.064,11.025,6.0,0,18.899858083497076,55.0,0.0,8000.0,0.0,0.0,0.0,41.74854050151899,optimal
2021-02-11 00:30:00,1,74,2.2857142857142856,0.0,0.0,0.064,12.0855,6.0,0,18.99911047879266,55.0,0.04309894564328789,3496.1601802764158,0.0,4503.839819723584,0.0,41.70679196101747,optimal
2021-02-11 01:00:00,1,74,2.2857142857142856,0.0,0.0,0.10343333333333334,11.6865,6.0,0,18.92884352900485,55.0,0.04309894564328789,8000.0,0.0,0.0,0.0,41.665085169056454,optimal
2021-02-11 01:30:00,1,74,2.2857142857142856,0.0,0.0,0.13723333333333332,11.2245,6.0,0,19.031189581495923,55.0,0.04309894564328789,8000.0,0.0,0.0,0.0,41.623420083887396,optimal
2021-02-11 02:00:00,1,74,2.2857142857142856,0.0,0.0,0.08653333333333334,11.025,6.0,0,19.13384472967928,55.0,0.04309894564328789,8000.0,0.0,0.0,0.0,41.58179666380351,optimal
2021-02-11 02:30:00,1,74,2.2857142857142856,0.0,0.0,0.15413333333333332,10.7835,6.0,0,19.23362545003654,55.0,0.04309894564328789,8000.0,0.0,0.0,0.0,41.5402148671397,optimal
2021-02-11 03:00:00,1,74,2.2857142857142856,0.0,0.0,0.064,11.025,6.0,0,19.334070581450934,55.0,0.04309894564328789,8000.0,0.0,0.0,0.0,41.49867465227256,optimal
2021-02-11 03:30:00,1,74,2.2857142857142856,0.0,5.568410433971475,0.16540000000000002,10.584,6.0,0,19.42923672388587,55.0,0.04309894564328789,8000.0,0.0,0.0,0.0,44.10217093375673,optimal
2021-02-11 04:00:00,1,74,2.2857142857142856,0.0,0.0,0.07526666666666666,11.025,6.0,0,19.529676702268556,55.0,0.04309894564328789,8000.0,0.0,0.0,0.0,44.05806876282297,optimal
2021-02-11 04:30:00,1,74,2.2857142857142856,0.0,9.0,0.064,10.4265,6.0,0,19.62813149266682,55.0,0.04309894564328789,8000.0,0.0,0.0,0.0,48.289010694060146,optimal
2021-02-11 05:00:00,1,74,2.2857142857142856,0.0,0.0,0.064,12.789,6.0,0,19.72523567049832,55.0,0.04309894564328789,8000.0,0.0,0.0,0.0,48.240721683366075,optimal
2021-02-11 05:30:00,1,74,2.2857142857142856,0.0,0.0,0.17666666666666667,12.684,6.0,0,19.821426027962342,55.0,0.04309894564328789,8000.0,0.0,0.0,0.0,48.192480961682705,optimal
2021-02-11 06:00:00,1,74,2.2857142857142856,0.0,0.0,0.06993333333333333,16.254,6.0,0,19.923304664732434,55.0,0.04309894564328789,8000.0,0.0,0.0,0.0,48.144288480721016,optimal
2021-02-11 06:30:00,1,74,2.2857142857142856,0.0,0.0,0.07666666666666667,17.64,6.0,0,20.027810581180955,55.0,0.039765612309954554,8000.0,0.0,0.0,0.0,48.096144192240295,optimal
2021-02-11 07:00:00,1,74,2.2857142857142856,0.0,0.0,0.19,19.1625,6.0,0,20.131210217575507,55.0,0.03443227897662122,8000.0,0.0,0.0,0.0,48.048048048048045,optimal
2021-02-11 07:30:00,1,74,0.0,0.0,0.0,0.8723333333333334,26.46,6.0,0,20.25364282177645,55.0,0.03443227897662122,0.0,0.0,0.0,0.0,48.0,optimal
2021-02-11 08:00:00,1,74,2.2857142857142856,0.0,0.0,0.9734333333333332,20.79,6.0,0,20.073597737635346,55.0,0.00509894564328789,8000.0,0.0,0.0,0.0,47.5488735159612,optimal
2021-02-11 08:30:00,1,74,0.0,0.0,0.0,0.187,29.106,6.0,0,20.192396751660773,55.0,0.004432278976621223,0.0,0.0,0.0,0.0,47.09819815840643,optimal
2021-02-11 09:00:00,1,74,2.2857142857142856,0.0,0.0,0.31606666666666666,19.1835,6.0,0,20.0,55.0,0.0037656123099545566,8000.0,0.0,0.0,0.0,46.64797347620922,optimal
2021-02-11 09:30:00,1,74,0.5311497449164527,0.0,0.0,0.20363333333333333,19.6665,6.0,0,20.111599750227832,55.0,0.0017656123099545565,1859.0241072075844,0.0,0.0,0.0,46.19819901869421,optimal
2021-02-11 10:00:00,1,74,1.174181110076927,0.0,0.0,0.6657000000000001,19.404,6.0,0,20.0,55.0,0.0,4085.140371659496,0.0,24.493513609748852,0.0,45.748874335636714,optimal
2021-02-11 10:30:00,1,74,1.1741838766117947,0.0,0.0,1.0309666666666666,19.047,6.0,0,20.0,55.0,0.001333333333333333,3900.643568141282,0.0,208.99999999999997,0.0,45.29999897726228,optimal
2021-02-11 11:00:00,1,74,2.2857142857142856,0.0,0.0,0.2215,18.858,6.0,0,20.0,55.0,0.001333333333333333,8000.0,0.0,0.0,0.0,44.85157249424621,optimal
2021-02-11 11:30:00,1,74,0.2998182149243679,0.0,0.0,0.49946666666666656,19.2675,6.0,0,20.122909491113237,55.0,0.0,1049.3637522352876,0.0,0.0,0.0,44.40359443771317,optimal
2021-02-11 12:00:00,1,74,1.2162386530042055,0.0,0.0,0.6005333333333333,18.963,6.0,0,20.0,55.0,0.0,4117.5019521813865,0.0,139.33333333333331,0.0,43.956064359236656,optimal
2021-02-11 12:30:00,1,74,2.2857142857142856,0.0,0.0,0.21,18.438,6.0,0,20.0,55.0,0.02662659418733917,5217.520907423057,0.0,2782.479092576943,0.0,43.50898181083862,optimal
2021-02-11 13:00:00,1,74,2.2857142857142856,0.0,0.0,0.4854333333333333,18.7425,6.0,0,20.03440018514882,55.0,0.02662659418733917,8000.0,0.0,0.0,0.0,43.06234634498898,optimal
2021-02-11 13:30:00,1,74,2.2857142857142856,0.0,0.0,0.2494333333333333,15.2145,6.0,0,20.19488906353532,55.0,0.024626594187339167,8000.0,0.0,0.0,0.0,42.61615751460519,optimal
2021-02-11 14:00:00,1,74,2.2857142857142856,0.0,0.0,0.6988333333333334,17.7765,6.0,0,20.348999527884786,55.0,0.024626594187339167,8000.0,0.0,0.0,0.0,42.17041487305178,optimal
2021-02-11 14:30:00,1,74,2.2857142857142856,0.0,0.0,1.418233333333333,16.758,6.0,0,20.522837764443636,55.0,0.024626594187339167,8000.0,0.0,0.0,0.0,41.725117974139934,optimal
2021-02-11 15:00:00,1,74,2.2857142857142856,0.0,0.0,0.35553333333333337,16.422,6.0,0,20.707494551251276,55.0,0.020626594187339167,8000.0,0.0,0.0,0.0,41.280266372126995,optimal
2021-02-11 15:30:00,1,74,2.2857142857142856,0.0,0.0,0.5719666666666667,16.758,6.0,0,20.859438067589746,55.0,0.020626594187339167,8000.0,0.0,0.0,0.0,40.83585962171607,optimal
2021-02-11 16:00:00,1,74,0.0,0.0,0.0,1.1605,29.358,6.0,0,21.01031859559894,55.0,0.01862659418733917,0.0,0.0,0.0,0.0,40.39189727805555,optimal
2021-02-11 16:30:00,1,74,0.0,0.0,0.0,0.9598,34.9965,6.0,0,20.852387849103636,55.0,0.013293260854005834,0.0,0.0,0.0,0.0,39.948378896738696,optimal
2021-02-11 17:00:00,1,74,0.0,0.0,0.0,1.636266666666667,34.65,6.0,0,20.691790046944234,55.0,0.008626594187339168,0.0,0.0,0.0,0.0,39.50530403380316,optimal
2021-02-11 17:30:00,1,74,0.0,0.0,0.0,0.9873999999999999,34.9965,6.0,0,20.532300272609334,55.0,0.005293260854005834,0.0,0.0,0.0,0.0,39.06267224573055,optimal
2021-02-11 18:00:00,1,74,0.0,0.0,0.0,0.4408,34.9965,6.0,0,20.35951719758318,55.0,0.005293260854005834,0.0,0.0,0.0,0.0,38.62048308944602,optimal
2021-02-11 18:30:00,1,74,0.0,0.0,0.0,0.5077,30.4815,6.0,0,20.182722577187285,55.0,0.001959927520672501,0.0,0.0,0.0,0.0,38.17873612231777,optimal
2021-02-11 19:00:00,1,74,1.389751879368619,0.0,0.0,0.2688333333333333,21.4305,6.0,0,20.010648851802905,55.0,0.0006265941873391677,4864.131577790166,0.0,0.0,0.0,37.73743090215665,optimal
2021-02-11 19:30:00,1,74,2.2857142857142856,0.0,0.0,0.41503333333333337,14.3325,6.0,0,20.0,55.0,0.0,5206.359092576943,0.0,2793.640907423057,0.0,37.2965669872157,optimal
2021-02-11 20:00:00,1,74,2.2203673076500063,0.0,0.0,0.6381666666666667,13.692,6.0,0,20.0,55.0,0.0006666666666666665,5196.4055767750215,0.0,2574.88,0.0,36.85614393618968,optimal
2021-02-11 20:30:00,1,74,0.0,0.0,0.0,0.6232333333333333,14.007,6.0,0,20.0,55.0,0.0,0.0,0.0,0.0,0.0,36.41616130821469,optimal
2021-02-11 21:00:00,1,74,0.0398095238095238,0.0,0.0,0.4414333333333333,12.873,6.0,0,19.808090217962352,55.0,0.0,0.0,0.0,139.33333333333331,0.0,35.97661866286767,optimal
2021-02-11 21:30:00,1,74,0.0,0.0,0.0,0.48156666666666664,12.684,6.0,0,19.608194981793247,55.0,0.0,0.0,0.0,0.0,0.0,35.53751556016601,optimal
2021-02-11 22:00:00,1,74,0.4976190476190476,0.0,0.0,0.4799,12.306,6.0,0,19.402306746651217,55.0,0.0,0.0,0.0,1741.6666666666667,0.0,35.09885156056704,optimal
2021-02-11 22:30:00,1,74,0.0,0.0,0.0,0.26746666666666663,10.6365,6.0,0,19.19954195783785,55.0,0.0,0.0,0.0,0.0,0.0,34.66062622496767,optimal
2021-02-11 23:00:00,1,74,0.0,0.0,0.0,0.2592333333333333,11.2455,6.0,0,18.98727615222935,55.0,0.0,0.0,0.0,0.0,0.0,34.6259655987427,optimal
2021-02-11 23:30:00,1,74,0.0,0.0,0.0,0.2563666666666667,11.2455,6.0,0,18.77544296332891,55.0,0.0,0.0,0.0,0.0,0.0,34.59133963314396,optimal
2021-02-12 00:00:00,1,74,2.2857142857142856,0.0,0.0,0.065,10.3635,6.0,0,18.77544296332891,55.0,0.0,8000.0,0.0,0.0,0.0,34.556748293510815,optimal
2021-02-12 00:30:00,1,74,2.2857142857142856,0.0,0.0,0.16443333333333335,10.8045,6.0,0,18.845763178202393,55.0,0.03733333333333333,4098.666666666667,0.0,3901.333333333333,0.0,34.522191545217304,optimal
2021-02-12 01:00:00,1,74,2.2857142857142856,0.0,0.0,0.07023333333333333,11.025,6.0,0,18.7723165516472,55.0,0.03733333333333333,8000.0,0.0,0.0,0.0,34.48766935367209,optimal
2021-02-12 01:30:00,1,74,2.2857142857142856,0.0,0.0,0.31689999999999996,10.3635,6.0,0,18.842863173126148,55.0,0.03733333333333333,8000.0,0.0,0.0,0.0,34.453181684318416,optimal
2021-02-12 02:00:00,1,74,2.2857142857142856,0.0,0.0,0.1525,10.8045,6.0,0,18.922971606787204,55.0,0.03733333333333333,8000.0,0.0,0.0,0.0,34.418728502634096,optimal
2021-02-12 02:30:00,1,74,2.2857142857142856,0.0,9.0,0.1956,10.059,6.0,0,18.997079150917333,55.0,0.03733333333333333,8000.0,0.0,0.0,0.0,38.65930977413146,optimal
2021-02-12 03:00:00,1,74,2.2857142857142856,0.0,0.0,0.2048,10.584,6.0,0,19.074934807724862,55.0,0.03733333333333333,8000.0,0.0,0.0,0.0,38.620650464357325,optimal
2021-02-12 03:30:00,1,74,2.2857142857142856,0.0,9.0,0.065,9.4185,6.0,0,19.15522729484245,55.0,0.03733333333333333,8000.0,0.0,0.0,0.0,42.857029813892964,optimal
2021-02-12 04:00:00,1,74,2.2857142857142856,0.0,2.4153044631741762,0.26139999999999997,10.3635,6.0,0,19.236089547316094,55.0,0.03733333333333333,8000.0,0.0,0.0,0.0,43.9614424040868,optimal
2021-02-12 04:30:00,1,74,2.2857142857142856,0.0,9.0,0.208,9.8385,6.0,0,19.330170909323186,55.0,0.03733333333333333,8000.0,0.0,0.0,0.0,48.192480961682705,optimal
2021-02-12 05:00:00,1,74,2.2857142857142856,0.0,0.0,0.178,11.067,6.0,0,19.42794440491116,55.0,0.03733333333333333,8000.0,0.0,0.0,0.0,48.144288480721016,optimal
2021-02-12 05:30:00,1,74,2.2857142857142856,0.0,0.0,0.11773333333333331,10.8465,6.0,0,19.53025607404999,55.0,0.03733333333333333,8000.0,0.0,0.0,0.0,48.096144192240295,optimal
2021-02-12 06:00:00,1,74,2.2857142857142856,0.0,0.0,0.15816666666666665,13.671,6.0,0,19.636865031631675,55.0,0.034666666666666665,8000.0,0.0,0.0,0.0,48.048048048048045,optimal
2021-02-12 06:30:00,1,74,2.2857142857142856,0.0,0.0,0.3072333333333333,12.348,6.0,0,19.763066795075062,55.0,0.033999999999999996,8000.0,0.0,0.0,0.0,48.0,optimal
2021-02-12 07:00:00,1,74,2.2857142857142856,0.0,0.0,0.132,14.3325,6.0,0,19.893955384185272,55.0,0.031999999999999994,8000.0,0.0,0.0,0.0,47.80173360597707,optimal
2021-02-12 07:30:00,1,74,2.090875954255625,0.0,0.0,0.3462,15.393,6.0,0,20.012331448030643,55.0,0.0033333333333333335,7318.065839894687,0.0,0.0,0.0,47.60366547834816,optimal
2021-02-12 08:00:00,1,74,2.2857142857142856,0.0,0.0,0.32746666666666663,13.587,6.0,0,20.107653077121242,55.0,0.0,8000.0,0.0,0.0,0.0,47.405795418846886,optimal
2021-02-12 08:30:00,1,74,0.0,0.0,0.0,0.2075,16.1385,6.0,0,20.214315538405934,55.0,0.0,0.0,0.0,0.0,0.0,47.20812322940511,optimal
2021-02-12 09:00:00,1,74,1.6340560272925793,0.0,0.0,0.3297,14.595,6.0,0,20.0,55.0,0.0,5719.196095524027,0.0,0.0,0.0,47.01064871215278,optimal
2021-02-12 09:30:00,1,74,1.4789123611370016,0.0,0.0,0.15180000000000002,14.637,6.0,0,20.0,55.0,0.0,5176.193263979506,0.0,0.0,0.0,46.8133716694177,optimal
2021-02-12 10:00:00,1,74,0.9167781895401226,0.0,0.0,1.8465666666666665,13.9125,6.0,0,20.0,55.0,0.0,3208.723663390429,0.0,0.0,0.0,46.616291903725354,optimal
2021-02-12 10:30:00,1,74,1.0860698046043138,0.0,0.0,0.36223333333333335,13.3665,6.0,0,20.0,55.0,0.0011182828850747335,3684.3837546247883,0.0,116.86056149030965,0.0,46.4194092177987,optimal
2021-02-12 11:00:00,1,74,2.2857142857142856,0.0,0.0,0.1425,13.0095,6.0,0,20.0,55.0,0.0033333333333333335,7420.193894823643,0.0,579.806105176357,0.0,46.222723414557976,optimal
2021-02-12 11:30:00,1,74,0.0,0.0,0.0,0.6149333333333333,13.8915,6.0,0,20.139352960960025,55.0,0.0,0.0,0.0,0.0,0.0,46.02623429712049,optimal
2021-02-12 12:00:00,1,74,1.0886691667325537,0.0,0.0,0.35886666666666667,13.188,6.0,0,20.0,55.0,0.0,3810.342083563937,0.0,0.0,0.0,45.82994166880044,optimal
2021-02-12 12:30:00,1,74,2.223483554399364,0.0,0.0,1.3733666666666666,12.5685,6.0,0,20.0,55.0,0.03526403041878392,3052.101261634855,0.0,4730.091178762919,0.0,45.63384533310871,optimal
2021-02-12 13:00:00,1,74,2.2857142857142856,0.0,0.0,0.8671,12.285,6.0,0,20.0,55.0,0.064,4439.757845429586,0.0,3560.2421545704137,0.0,45.437945093752674,optimal
2021-02-12 13:30:00,1,74,2.2857142857142856,0.0,0.0,0.4866666666666667,11.487,6.0,0,20.049351499436053,55.0,0.06333333333333334,8000.0,0.0,0.0,0.0,45.24224075463599,optimal
2021-02-12 14:00:00,1,74,2.2857142857142856,0.0,0.0,2.1654,11.802,6.0,0,20.21889592515481,55.0,0.06333333333333334,8000.0,0.0,0.0,0.0,45.046732119858426,optimal
2021-02-12 14:30:00,1,74,2.2857142857142856,0.0,0.0,1.6735,11.2245,6.0,0,20.425805087137526,55.0,0.062,8000.0,0.0,0.0,0.0,44.85141899371564,optimal
2021-02-12 15:00:00,1,74,2.2857142857142856,0.0,0.0,0.502,11.025,6.0,0,20.601829451410392,55.0,0.062,8000.0,0.0,0.0,0.0,44.656301180698996,optimal
2021-02-12 15:30:00,1,74,2.2857142857142856,0.0,0.0,0.5349666666666667,11.907,6.0,0,20.761086744133742,55.0,0.062,8000.0,0.0,0.0,0.0,44.461378485495366,optimal
2021-02-12 16:00:00,1,74,0.0,0.0,0.0,1.118,25.83,6.0,0,20.916714770779834,55.0,0.06,0.0,0.0,0.0,0.0,44.266650712986944,optimal
2021-02-12 16:30:00,1,74,0.0,0.0,0.0,0.7155666666666667,28.035,6.0,0,20.7689504676537,55.0,0.058,0.0,0.0,0.0,0.0,44.07211766825103,optimal
2021-02-12 17:00:00,1,74,0.0,0.0,0.0,0.3561,28.119,6.0,0,20.622509798600447,55.0,0.032146666666666664,0.0,0.0,0.0,0.0,43.87777915655985,optimal
2021-02-12 17:30:00,1,74,0.0,0.0,0.0,0.2402333333333333,30.156,6.0,0,20.476350838635444,55.0,0.02666666666666667,0.0,0.0,0.0,0.0,43.683634983380365,optimal
2021-02-12 18:00:00,1,74,0.0,0.0,0.0,1.7167666666666668,29.1585,6.0,0,20.34013950518693,55.0,0.022,0.0,0.0,0.0,0.0,43.489684954374056,optimal
2021-02-12 18:30:00,1,74,0.0,0.0,0.0,1.5811,26.712,6.0,0,20.213982429386622,55.0,0.022,0.0,0.0,0.0,0.0,43.295928875396754,optimal
2021-02-12 19:00:00,1,74,0.0,0.0,0.0,1.3403,15.435,6.0,0,20.121937873673357,55.0,0.015333333333333332,0.0,0.0,0.0,0.0,43.10236655249843,optimal
2021-02-12 19:30:00,1,74,0.8009720039187669,0.0,0.0,1.6613,13.566,6.0,0,20.0,55.0,0.015333333333333332,2803.402013715684,0.0,0.0,0.0,42.90899779192301,optimal
2021-02-12 20:00:00,1,74,0.8819115212115728,0.0,0.0,0.7026333333333333,12.789,6.0,0,20.0,55.0,0.0,3086.6903242405047,0.0,0.0,0.0,42.86608879413108,optimal
2021-02-12 20:30:00,1,74,0.836,0.0,0.0,0.4497,12.1275,6.0,0,20.0,55.0,0.025333333333333333,0.0,0.0,2926.0,0.0,42.82322270533695,optimal
2021-02-12 21:00:00,1,74,0.0,0.0,0.0,0.47736666666666666,13.671,6.0,0,19.87035866694943,55.0,0.0,0.0,0.0,0.0,0.0,42.780399482631616,optimal
2021-02-12 21:30:00,1,74,0.0796190476190476,0.0,0.0,0.28326666666666667,10.668,6.0,0,19.741994974853483,55.0,0.001333333333333333,0.0,0.0,278.66666666666663,0.0,42.737619083148985,optimal
2021-02-12 22:00:00,1,74,0.0,0.0,0.0,0.3696666666666667,11.7285,6.0,0,19.596232398949677,55.0,0.0,0.0,0.0,0.0,0.0,42.69488146406584,optimal
2021-02-12 22:30:00,1,74,0.0,0.0,0.0,0.5495,11.025,6.0,0,19.445937059220775,55.0,0.0,0.0,0.0,0.0,0.0,42.65218658260177,optimal
2021-02-12 23:00:00,1,74,0.0,0.0,0.0,0.10116666666666668,10.689,6.0,0,19.300086160128718,55.0,0.0,0.0,0.0,0.0,0.0,42.60953439601917,optimal
2021-02-12 23:30:00,1,74,0.0,0.0,0.0,0.27403333333333335,8.1585,6.0,0,19.12744150388494,55.0,0.0,0.0,0.0,0.0,0.0,42.56692486162315,optimal
2021-02-13 00:00:00,1,74,2.2857142857142856,0.0,0.0,0.13340000000000002,9.3975,6.0,0,19.12744150388494,55.0,0.0,8000.0,0.0,0.0,0.0,42.524357936761525,optimal
2021-02-13 00:30:00,1,74,2.2857142857142856,0.0,0.0,0.13733333333333334,10.059,6.0,0,19.262049146563257,55.0,0.07655502392344497,0.0,0.0,8000.0,0.0,42.48183357882476,optimal
2021-02-13 01:00:00,1,74,2.2857142857142856,0.0,0.0,0.09559999999999999,9.261,6.0,0,19.09280256750095,55.0,0.15311004784688995,0.0,0.0,8000.0,0.0,42.439351745245936,optimal
2021-02-13 01:30:00,1,74,2.2857142857142856,0.0,0.0,0.21719999999999998,8.1585,6.0,0,18.923257948487347,55.0,0.172,6026.0,0.0,1974.0,0.0,42.39691239350069,optimal
2021-02-13 02:00:00,1,74,2.2857142857142856,0.0,0.0,0.084,9.4815,6.0,0,18.987177591601327,55.0,0.172,8000.0,0.0,0.0,0.0,42.35451548110719,optimal
2021-02-13 02:30:00,1,74,2.2857142857142856,0.0,0.0,0.10640000000000001,8.379,6.0,0,19.120254708865087,55.0,0.172,8000.0,0.0,0.0,0.0,42.312160965626084,optimal
2021-02-13 03:00:00,1,74,2.2857142857142856,0.0,0.0,0.1052,9.5235,6.0,0,19.25292261964916,55.0,0.172,8000.0,0.0,0.0,0.0,42.269848804660455,optimal
2021-02-13 03:30:00,1,74,2.2857142857142856,0.0,0.0,0.22119999999999998,8.1375,6.0,0,19.384296861188993,55.0,0.172,8000.0,0.0,0.0,0.0,42.2275789558558,optimal
2021-02-13 04:00:00,1,74,2.2857142857142856,0.0,0.0,0.08613333333333334,10.0905,6.0,0,19.518330527908983,55.0,0.172,8000.0,0.0,0.0,0.0,42.185351376899945,optimal
2021-02-13 04:30:00,1,74,2.2857142857142856,0.0,9.0,0.16053333333333333,7.539,6.0,0,19.645498153036577,55.0,0.172,8000.0,0.0,0.0,0.0,46.41816602552304,optimal
2021-02-13 05:00:00,1,74,2.2857142857142856,0.0,3.630308068932164,0.16240000000000002,7.938,6.0,0,19.773102571018185,55.0,0.172,8000.0,0.0,0.0,0.0,48.096144192240295,optimal
2021-02-13 05:30:00,1,74,2.2857142857142856,0.0,0.0,0.1028,8.274,6.0,0,19.898911359003943,55.0,0.172,8000.0,0.0,0.0,0.0,48.048048048048045,optimal
2021-02-13 06:00:00,1,74,2.2857142857142856,0.0,0.0,0.205,9.261,6.0,0,20.02035175491074,55.0,0.16933333333333334,8000.0,0.0,0.0,0.0,48.0,optimal
2021-02-13 06:30:00,1,74,2.2857142857142856,0.0,0.0,0.4194,9.9225,6.0,0,20.148925118840154,55.0,0.15133333333333332,8000.0,0.0,0.0,0.0,47.446638325657986,optimal
2021-02-13 07:00:00,1,74,2.2857142857142856,0.0,0.0,0.19733333333333328,9.702,6.0,0,20.285717406602934,55.0,0.13266666666666665,8000.0,0.0,0.0,0.0,46.893830012990314,optimal
2021-02-13 07:30:00,1,74,2.2857142857142856,0.0,0.0,0.3836,10.584,6.0,0,20.417834712349922,55.0,0.12266666666666666,8000.0,0.0,0.0,0.0,46.34157450863531,optimal
2021-02-13 08:00:00,1,74,2.2857142857142856,0.0,0.0,0.4322,10.143,6.0,0,20.549278292880466,55.0,0.10498666666666667,8000.0,0.0,0.0,0.0,45.78987125978466,optimal
2021-02-13 08:30:00,1,74,0.0,0.0,0.0,0.13826666666666668,13.0095,6.0,0,20.67647237612908,55.0,0.07666666666666666,0.0,0.0,0.0,0.0,45.238719714182864,optimal
2021-02-13 09:00:00,1,74,2.2857142857142856,0.0,0.0,0.1056,11.025,6.0,0,20.479617662134185,55.0,0.07666666666666666,8000.0,0.0,0.0,0.0,44.68811932012667,optimal
2021-02-13 09:30:00,1,74,0.0,0.0,0.0,0.21559999999999999,12.789,6.0,0,20.580792861699873,55.0,0.07666666666666666,0.0,0.0,0.0,0.0,44.13806952646453,optimal
2021-02-13 10:00:00,1,74,2.2857142857142856,0.0,0.0,0.066,12.1275,6.0,0,20.386385769508784,55.0,0.07666666666666666,8000.0,0.0,0.0,0.0,43.58856978259605,optimal
2021-02-13 10:30:00,1,74,2.2857142857142856,0.0,0.0,0.19519999999999998,12.1695,6.0,0,20.491653152372354,55.0,0.07666666666666666,8000.0,0.0,0.0,0.0,43.03961953847144,optimal
2021-02-13 11:00:00,1,74,2.2857142857142856,0.0,0.0,0.11159999999999999,12.306,6.0,0,20.601263570355137,55.0,0.07666666666666666,8000.0,0.0,0.0,0.0,42.49121824459096,optimal
2021-02-13 11:30:00,1,74,0.17205356712179581,0.0,0.0,0.1056,13.23,6.0,0,20.707166277044756,55.0,0.07666666666666666,602.1874849262854,0.0,0.0,0.0,41.943365352004356,optimal
2021-02-13 12:00:00,1,74,0.0,0.0,0.0,0.21559999999999999,13.671,6.0,0,20.533860355052855,55.0,0.07666666666666666,0.0,0.0,0.0,0.0,41.39606031231034,optimal
2021-02-13 12:30:00,1,74,0.0,0.0,0.0,0.1308,13.9335,6.0,0,20.344129765470733,55.0,0.07666666666666666,0.0,0.0,0.0,0.0,40.84930257765602,optimal
2021-02-13 13:00:00,1,74,2.2857142857142856,0.0,0.0,0.34313333333333335,13.293,6.0,0,20.15393384292942,55.0,0.07666666666666666,8000.0,0.0,0.0,0.0,40.30309160073635,optimal
2021-02-13 13:30:00,1,74,2.2857142857142856,0.0,0.0,0.10679999999999999,12.1065,6.0,0,20.28491929553522,55.0,0.07666666666666666,8000.0,0.0,0.0,0.0,39.757426834793606,optimal
2021-02-13 14:00:00,1,74,2.2857142857142856,0.0,0.0,0.5124,11.571,6.0,0,20.397382647091256,55.0,0.07333333333333333,8000.0,0.0,0.0,0.0,39.2123077336168,optimal
2021-02-13 14:30:00,1,74,2.2857142857142856,0.0,0.0,0.3078333333333333,11.025,6.0,0,20.54848327332375,55.0,0.07133333333333333,8000.0,0.0,0.0,0.0,38.66773375154117,optimal
2021-02-13 15:00:00,1,74,2.2857142857142856,0.0,0.0,0.349,10.8465,6.0,0,20.690603801059613,55.0,0.07133333333333333,8000.0,0.0,0.0,0.0,38.12370434344762,optimal
2021-02-13 15:30:00,1,74,2.2857142857142856,0.0,0.0,0.45380000000000004,11.2455,6.0,0,20.82996914260223,55.0,0.06933333333333333,8000.0,0.0,0.0,0.0,37.58021896476216,optimal
2021-02-13 16:00:00,1,74,0.0,0.0,0.0,0.22019999999999998,23.8665,6.0,0,20.969657742367925,55.0,0.066,0.0,0.0,0.0,0.0,37.037277071455385,optimal
2021-02-13 16:30:00,1,74,0.0,0.0,0.0,0.2412,27.4575,6.0,0,20.799313841012545,55.0,0.06466666666666666,0.0,0.0,0.0,0.0,36.49487812004192,optimal
2021-02-13 17:00:00,1,74,0.0,0.0,0.0,0.653,27.3735,6.0,0,20.63215138654958,55.0,0.062,0.0,0.0,0.0,0.0,35.95302156757986,optimal
2021-02-13 17:30:00,1,74,0.0,0.0,0.0,1.544,30.4605,6.0,0,20.466220775753367,55.0,0.058,0.0,0.0,0.0,0.0,35.41170687167027,optimal
2021-02-13 18:00:00,1,74,0.0,0.0,0.0,0.9355333333333332,30.0195,6.0,0,20.310860234800025,55.0,0.035333333333333335,0.0,0.0,0.0,0.0,34.870933490456586,optimal
2021-02-13 18:30:00,1,74,0.0,0.0,0.0,0.4348666666666667,26.9325,6.0,0,20.151769818368667,55.0,0.03,0.0,0.0,0.0,0.0,34.83606255696613,optimal
2021-02-13 19:00:00,1,74,1.1892762961498013,0.0,0.0,0.27326666666666666,14.595,6.0,0,20.0,55.0,0.02266666666666667,4162.467036524305,0.0,0.0,0.0,34.80122649440916,optimal
2021-02-13 19:30:00,1,74,1.185133908680668,0.0,0.0,0.2508333333333333,12.4845,6.0,0,20.0,55.0,0.02266666666666667,4147.968680382339,0.0,0.0,0.0,34.76642526791475,optimal
2021-02-13 20:00:00,1,74,1.1395724735925197,0.0,0.0,0.35956666666666665,12.1275,6.0,0,20.0,55.0,0.021333333333333333,3988.5036575738186,0.0,0.0,0.0,34.73165884264683,optimal
2021-02-13 20:30:00,1,74,0.0,0.0,0.0,0.3293333333333333,12.1275,6.0,0,20.0,55.0,0.021333333333333333,0.0,0.0,0.0,0.0,34.696927183804185,optimal
2021-02-13 21:00:00,1,74,0.0,0.0,0.0,0.19173333333333328,12.789,6.0,0,19.84440569657865,55.0,0.004666666666666667,0.0,0.0,0.0,0.0,34.66223025662038,optimal
2021-02-13 21:30:00,1,74,0.0,0.0,0.0,0.3511666666666667,11.907,6.0,0,19.68599718778596,55.0,0.004666666666666667,0.0,0.0,0.0,0.0,34.62756802636376,optimal
2021-02-13 22:00:00,1,74,0.0,0.0,0.0,0.36989999999999995,11.025,6.0,0,19.534441890249976,55.0,0.0,0.0,0.0,0.0,0.0,34.592940458337395,optimal
2021-02-13 22:30:00,1,74,0.0796190476190476,0.0,0.0,0.5940666666666667,8.2005,6.0,0,19.38605932151985,55.0,0.0,0.0,0.0,278.66666666666663,0.0,34.55834751787906,optimal
2021-02-13 23:00:00,1,74,0.0,0.0,0.0,0.5521,9.5655,6.0,0,19.24720349946038,55.0,0.0,0.0,0.0,0.0,0.0,34.52378917036118,optimal
2021-02-13 23:30:00,1,74,0.05971428571428571,0.0,0.0,0.29860000000000003,7.056,6.0,0,19.104512761696423,55.0,0.0,0.0,0.0,209.0,0.0,34.48926538119081,optimal
2021-02-07 00:00:00,2,74,0.07961904761904762,0.0,0.0,0.06073333333333333,9.261,6.0,0,21.0,55.0,0.12,0.0,0.0,278.6666666666667,0.0,47.952,optimal
2021-02-07 00:30:00,2,74,0.0,0.0,0.0,0.17,10.3635,6.0,0,20.85161513461483,55.0,0.12,0.0,0.0,0.0,0.0,47.904047999999996,optimal
2021-02-07 01:00:00,2,74,0.0,0.0,0.0,0.148,8.274,6.0,0,20.707272736859927,55.0,0.12,0.0,0.0,0.0,0.0,47.856143952,optimal
2021-02-07 01:30:00,2,74,0.0,0.0,0.0,0.059,7.7175,6.0,0,20.552667793859364,55.0,0.12,0.0,0.0,0.0,0.0,47.80828780804799,optimal
2021-02-07 02:00:00,2,74,2.03037780733879,0.0,0.0,0.059,6.615,6.0,0,20.395697262284695,55.0,0.18333333333333332,487.9889923524326,0.0,6618.333333333333,0.0,47.76047952023995,optimal
2021-02-07 02:30:00,2,74,2.4285714285714284,0.0,0.0,0.18953333333333333,6.174,6.0,0,20.25810150667786,55.0,0.18333333333333332,8500.0,0.0,0.0,0.0,47.712719040719705,optimal
2021-02-07 03:00:00,2,74,2.4285714285714284,0.0,0.0,0.059,3.906,6.0,0,20.42734826746677,55.0,0.18333333333333332,8500.0,0.0,0.0,0.0,47.66500632167899,optimal
2021-02-07 03:30:00,2,74,2.4285714285714284,0.0,0.0,0.0768,2.3415,6.0,0,20.58914789371544,55.0,0.18333333333333332,8500.0,0.0,0.0,0.0,47.61734131535731,optimal
2021-02-07 04:00:00,2,74,2.4285714285714284,0.0,0.0,0.17173333333333332,2.205,6.0,0,20.74962433199266,55.0,0.18333333333333332,8500.0,0.0,0.0,0.0,47.56972397404195,optimal
2021-02-07 04:30:00,2,74,2.4285714285714284,0.0,1.5127735437856342,0.059,0.882,6.0,0,20.91169336479787,55.0,0.18333333333333332,8500.0,0.0,0.0,0.0,48.240721683366075,optimal
2021-02-07 05:00:00,2,74,2.4285714285714284,0.0,0.0,0.15393333333333334,1.5435,6.0,0,21.067993882115264,55.0,0.18333333333333332,8500.0,0.0,0.0,0.0,48.192480961682705,optimal
2021-02-07 05:30:00,2,74,2.4285714285714284,0.0,0.0,0.09459999999999999,1.5435,6.0,0,21.22639682846113,55.0,0.18333333333333332,8500.0,0.0,0.0,0.0,48.144288480721016,optimal
2021-02-07 06:00:00,2,74,2.4285714285714284,0.0,0.0,0.09459999999999999,5.0715,6.0,0,21.38107575776948,55.0,0.18333333333333332,8500.0,0.0,0.0,0.0,48.096144192240295,optimal
2021-02-07 06:30:00,2,74,2.4285714285714284,0.0,0.0,0.15393333333333334,5.376,6.0,0,21.534299046762666,55.0,0.18333333333333332,8500.0,0.0,0.0,0.0,48.048048048048045,optimal
2021-02-07 07:00:00,2,74,2.4285714285714284,0.0,0.0,0.10133333333333332,5.0715,6.0,0,21.68784318903001,55.0,0.16,8500.0,0.0,0.0,0.0,48.0,optimal
2021-02-07 07:30:00,2,74,2.4285714285714284,0.0,0.0,0.2133333333333333,5.5125,6.0,0,21.845948494078016,55.0,0.15066666666666667,8500.0,0.0,0.0,0.0,47.33200611449533,optimal
2021-02-07 08:00:00,2,74,1.2711148610616543,0.0,0.0,0.21680000000000002,9.261,6.0,0,22.0,55.0,0.13733333333333334,4448.9020137157895,0.0,0.0,0.0,46.664680222876164,optimal
2021-02-07 08:30:00,2,74,0.6358000584125093,0.0,0.0,0.199,11.7075,6.0,0,22.0,55.0,0.13266666666666665,2225.3002044437826,0.0,0.0,0.0,45.99802165714862,optimal
2021-02-07 09:00:00,2,74,0.0,0.0,0.0,0.3479333333333333,12.348,6.0,0,21.92186844577099,55.0,0.132,0.0,0.0,0.0,0.0,45.3320297499868,optimal
2021-02-07 09:30:00,2,74,0.0,0.0,0.0,1.4756666666666667,12.348,6.0,0,21.766247074027834,55.0,0.13133333333333333,0.0,0.0,0.0,0.0,44.66670383473215,optimal
2021-02-07 10:00:00,2,74,0.0,0.0,0.0,1.9612,12.1275,6.0,0,21.62900007164389,55.0,0.13133333333333333,0.0,0.0,0.0,0.0,44.00204324539274,optimal
2021-02-07 10:30:00,2,74,0.0,0.0,0.0,0.7335666666666667,12.5265,6.0,0,21.515375244997536,55.0,0.12933333333333333,0.0,0.0,0.0,0.0,43.33804731664268,optimal
2021-02-07 11:00:00,2,74,2.4285714285714284,0.0,0.0,1.7278666666666667,11.7495,6.0,0,21.367718459464253,55.0,0.128,8500.0,0.0,0.0,0.0,42.674715383821365,optimal
2021-02-07 11:30:00,2,74,0.0,0.0,0.0,0.46736666666666665,13.23,6.0,0,21.53960122178473,55.0,0.12466666666666666,0.0,0.0,0.0,0.0,42.01204678293287,optimal
2021-02-07 12:00:00,2,74,0.0,0.0,0.0,2.6879333333333335,14.3325,6.0,0,21.37939492940612,55.0,0.12466666666666666,0.0,0.0,0.0,0.0,41.350040850645264,optimal
2021-02-07 12:30:00,2,74,0.0,0.0,0.0,2.4949333333333334,14.994,6.0,0,21.232014515703277,55.0,0.12466666666666666,0.0,0.0,0.0,0.0,40.68869692428995,optimal
2021-02-07 13:00:00,2,74,0.0,0.0,0.0,2.0754,14.8155,6.0,0,21.084871519875296,55.0,0.12266666666666666,0.0,0.0,0.0,0.0,40.02801434186099,optimal
2021-02-07 13:30:00,2,74,0.0,0.0,0.0,2.6813000000000002,14.112,6.0,0,20.932757786702584,55.0,0.12266666666666666,0.0,0.0,0.0,0.0,39.367992442014454,optimal
2021-02-07 14:00:00,2,74,0.0,0.0,0.0,0.9215,14.007,6.0,0,20.786265965892746,55.0,0.12266666666666666,0.0,0.0,0.0,0.0,38.70863056406777,optimal
2021-02-07 14:30:00,2,74,0.0,0.0,0.0,0.3356,13.23,6.0,0,20.64237633451366,55.0,0.122,0.0,0.0,0.0,0.0,38.04992804799903,optimal
2021-02-07 15:00:00,2,74,2.4285714285714284,0.0,0.0,0.28413333333333335,11.382,6.0,0,20.506381237075058,55.0,0.11933333333333333,8500.0,0.0,0.0,0.0,37.391884234446366,optimal
2021-02-07 15:30:00,2,74,2.4285714285714284,0.0,0.0,1.2776666666666667,11.7495,6.0,0,20.688404017376026,55.0,0.116,8500.0,0.0,0.0,0.0,36.73449846470725,optimal
2021-02-07 16:00:00,2,74,0.0,0.0,0.0,0.29046666666666665,24.3285,6.0,0,20.89350973614284,55.0,0.11066666666666666,0.0,0.0,0.0,0.0,36.07777008073787,optimal
2021-02-07 16:30:00,2,74,0.0,0.0,0.0,0.18203333333333332,28.917,6.0,0,20.774483250959506,55.0,0.048666666666666664,0.0,0.0,0.0,0.0,35.421698425152464,optimal
2021-02-07 17:00:00,2,74,0.0,0.0,0.0,0.507,31.3635,6.0,0,20.638116809716873,55.0,0.04733333333333333,0.0,0.0,0.0,0.0,34.76628284122264,optimal
2021-02-07 17:30:00,2,74,0.0,0.0,0.0,0.2898,33.306,6.0,0,20.503762170433877,55.0,0.03866666666666667,0.0,0.0,0.0,0.0,34.111522672876745,optimal
2021-02-07 18:00:00,2,74,0.0,0.0,0.0,0.27396666666666664,31.3425,6.0,0,20.363139869990807,55.0,0.038,0.0,0.0,0.0,0.0,33.457417264699195,optimal
2021-02-07 18:30:00,2,74,0.0,0.0,0.0,1.5378666666666665,28.2555,6.0,0,20.22647932993225,55.0,0.036,0.0,0.0,0.0,0.0,32.803965961929826,optimal
2021-02-07 19:00:00,2,74,0.0,0.0,0.0,1.512733333333333,15.6975,6.0,0,20.110447549339977,55.0,0.034666666666666665,0.0,0.0,0.0,0.0,32.151168110463225,optimal
2021-02-07 19:30:00,2,74,0.8669107121988492,0.0,0.0,0.4162,12.5475,6.0,0,20.0,55.0,0.034666666666666665,3034.187492695972,0.0,0.0,0.0,31.499023056848092,optimal
2021-02-07 20:00:00,2,74,0.9285145217226554,0.0,0.0,0.12919999999999998,12.0855,6.0,0,20.0,55.0,0.028666666666666667,3249.8008260292936,0.0,0.0,0.0,31.467524033791243,optimal
2021-02-07 20:30:00,2,74,0.0,0.0,0.0,0.2628666666666667,11.907,6.0,0,20.0,55.0,0.027333333333333334,0.0,0.0,0.0,0.0,31.436056509757453,optimal
2021-02-07 21:00:00,2,74,0.0,0.0,0.0,2.247333333333333,12.5685,6.0,0,19.88692811326188,55.0,0.02666666666666667,0.0,0.0,0.0,0.0,31.404620453247695,optimal
2021-02-07 21:30:00,2,74,0.0,0.0,0.0,3.9736666666666665,13.146,6.0,0,19.780672962112906,55.0,0.001333333333333333,0.0,0.0,0.0,0.0,31.373215832794447,optimal
2021-02-07 22:00:00,2,74,0.0,0.0,0.0,2.1006666666666667,10.584,6.0,0,19.68425295672988,55.0,0.001333333333333333,0.0,0.0,0.0,0.0,31.341842616961653,optimal
2021-02-07 22:30:00,2,74,0.0,0.0,0.0,2.712,6.678,6.0,0,19.56457418573839,55.0,0.0,0.0,0.0,0.0,0.0,31.310500774344693,optimal
2021-02-07 23:00:00,2,74,0.0,0.0,0.0,1.2314,7.938,6.0,0,19.445258832665015,55.0,0.0,0.0,0.0,0.0,0.0,31.279190273570347,optimal
2021-02-07 23:30:00,2,74,0.0,0.0,0.0,0.1758,5.292,6.0,0,19.300176013731324,55.0,0.0,0.0,0.0,0.0,0.0,31.247911083296778,optimal
2021-02-08 00:00:00,2,74,2.4285714285714284,0.0,0.6173414376120203,0.058,5.9745,6.0,0,19.300176013731324,55.0,0.0,8500.0,0.0,0.0,0.0,31.509900355079186,optimal
2021-02-08 00:30:00,2,74,2.4285714285714284,0.0,0.0,0.058,7.938,6.0,0,19.463161130510603,55.0,0.08133971291866028,0.0,0.0,8500.0,0.0,31.478390454724103,optimal
2021-02-08 01:00:00,2,74,2.4285714285714284,0.0,0.0,0.079,8.6835,6.0,0,19.304668948729766,55.0,0.16267942583732056,0.0,0.0,8500.0,0.0,31.446912064269377,optimal
2021-02-08 01:30:00,2,74,2.4285714285714284,0.0,0.0,0.058,7.665,6.0,0,19.149249189970647,55.0,0.17266666666666666,7456.333333333333,0.0,1043.6666666666667,0.0,31.415465152205105,optimal
2021-02-08 02:00:00,2,74,2.4285714285714284,0.0,0.0,0.058,6.7725,6.0,0,19.273900058996507,55.0,0.17266666666666666,8500.0,0.0,0.0,0.0,31.384049687052897,optimal
2021-02-08 02:30:00,2,74,2.4285714285714284,0.0,9.0,0.058,5.5755,6.0,0,19.436191379322935,55.0,0.17266666666666666,8500.0,0.0,0.0,0.0,35.62766563736584,optimal
2021-02-08 03:00:00,2,74,2.4285714285714284,0.0,9.0,0.058,5.0925,6.0,0,19.597425957314513,55.0,0.17266666666666666,8500.0,0.0,0.0,0.0,39.86703797172847,optimal
2021-02-08 03:30:00,2,74,2.4285714285714284,0.0,9.0,0.058,4.1895,6.0,0,19.75761373767898,55.0,0.17266666666666666,8500.0,0.0,0.0,0.0,44.10217093375673,optimal
2021-02-08 04:00:00,2,74,2.4285714285714284,0.0,0.0,0.058,7.056,6.0,0,19.915823499393976,55.0,0.17266666666666666,8500.0,0.0,0.0,0.0,44.05806876282297,optimal
2021-02-08 04:30:00,2,74,2.4285714285714284,0.0,9.0,0.058,5.271,6.0,0,20.072073857042,55.0,0.17266666666666666,8500.0,0.0,0.0,0.0,48.289010694060146,optimal
2021-02-08 05:00:00,2,74,2.4285714285714284,0.0,0.0,0.058,7.938,6.0,0,20.225912713957282,55.0,0.17266666666666666,8500.0,0.0,0.0,0.0,48.240721683366075,optimal
2021-02-08 05:30:00,2,74,2.4285714285714284,0.0,0.0,0.058,7.938,6.0,0,20.377362764101456,55.0,0.17266666666666666,8500.0,0.0,0.0,0.0,48.192480961682705,optimal
2021-02-08 06:00:00,2,74,2.4285714285714284,0.0,0.0,0.186,11.907,6.0,0,20.526917023941213,55.0,0.156,8500.0,0.0,0.0,0.0,48.144288480721016,optimal
2021-02-08 06:30:00,2,74,2.4285714285714284,0.0,0.0,0.0932,11.025,6.0,0,20.682002221738937,55.0,0.14866666666666667,8500.0,0.0,0.0,0.0,48.096144192240295,optimal
2021-02-08 07:00:00,2,74,2.4285714285714284,0.0,0.0,0.077,11.2875,6.0,0,20.841708106014075,55.0,0.12266666666666666,8500.0,0.0,0.0,0.0,48.048048048048045,optimal
2021-02-08 07:30:00,2,74,0.0,0.0,0.0,0.9415,12.936,6.0,0,21.002463031609544,55.0,0.12266666666666666,0.0,0.0,0.0,0.0,48.0,optimal
2021-02-08 08:00:00,2,74,0.0,0.0,0.0,0.5582,13.0095,6.0,0,20.849657537182843,55.0,0.116,0.0,0.0,0.0,0.0,47.783821164365264,optimal
2021-02-08 08:30:00,2,74,0.0,0.0,0.0,0.98,13.671,6.0,0,20.703446725409908,55.0,0.11266666666666666,0.0,0.0,0.0,0.0,47.567858507566164,optimal
2021-02-08 09:00:00,2,74,0.0,0.0,0.0,0.10876666666666668,13.188,6.0,0,20.55627056743534,55.0,0.092,0.0,0.0,0.0,0.0,47.35211181342387,optimal
2021-02-08 09:30:00,2,74,0.0,0.0,0.0,0.1142,13.8495,6.0,0,20.387934031963965,55.0,0.09,0.0,0.0,0.0,0.0,47.13658086597571,optimal
2021-02-08 10:00:00,2,74,2.4285714285714284,0.0,0.0,0.4031,13.23,6.0,0,20.223763889722672,55.0,0.08866666666666667,8500.0,0.0,0.0,0.0,46.921265449475,optimal
2021-02-08 10:30:00,2,74,1.571084716893589,0.0,0.0,1.4558,13.3665,6.0,0,20.389847992629825,55.0,0.08666666666666667,5498.796509127562,0.0,0.0,0.0,46.70616534839079,optimal
2021-02-08 11:00:00,2,74,2.4285714285714284,0.0,0.0,1.5388,13.0515,6.0,0,20.449985516864515,55.0,0.08666666666666667,8500.0,0.0,0.0,0.0,46.49128034740767,optimal
2021-02-08 11:30:00,2,74,2.4285714285714284,0.0,0.0,0.8675,13.5345,6.0,0,20.62614881975317,55.0,0.08666666666666667,8500.0,0.0,0.0,0.0,46.27661023142552,optimal
2021-02-08 12:00:00,2,74,0.0,0.0,0.0,0.22746666666666668,14.154,6.0,0,20.792732058037235,55.0,0.086,0.0,0.0,0.0,0.0,46.062154785559365,optimal
2021-02-08 12:30:00,2,74,0.0,0.0,0.0,0.26443333333333335,14.112,6.0,0,20.618000575994717,55.0,0.08333333333333333,0.0,0.0,0.0,0.0,45.84791379513907,optimal
2021-02-08 13:00:00,2,74,0.0,0.0,0.0,0.32293333333333335,14.2485,6.0,0,20.44975286914298,55.0,0.08133333333333333,0.0,0.0,0.0,0.0,45.6338870457092,optimal
2021-02-08 13:30:00,2,74,2.4285714285714284,0.0,0.0,0.068,12.789,6.0,0,20.28889502772124,55.0,0.08133333333333333,8500.0,0.0,0.0,0.0,45.42007432302876,optimal
2021-02-08 14:00:00,2,74,2.4285714285714284,0.0,0.0,0.068,13.0095,6.0,0,20.431810560715967,55.0,0.08133333333333333,8500.0,0.0,0.0,0.0,45.206475413071,optimal
2021-02-08 14:30:00,2,74,2.4285714285714284,0.0,0.0,0.068,12.1275,6.0,0,20.574322227660122,55.0,0.08133333333333333,8500.0,0.0,0.0,0.0,44.99309010202319,optimal
2021-02-08 15:00:00,2,74,2.4285714285714284,0.0,0.0,0.11366666666666668,12.348,6.0,0,20.714081148790985,55.0,0.08133333333333333,8500.0,0.0,0.0,0.0,44.77991817628643,optimal
2021-02-08 15:30:00,2,74,2.4285714285714284,0.0,0.0,0.14793333333333333,12.348,6.0,0,20.854676519266256,55.0,0.08066666666666666,8500.0,0.0,0.0,0.0,44.566959422475406,optimal
2021-02-08 16:00:00,2,74,0.0,0.0,0.0,0.4574,25.389,6.0,0,21.008248408841503,55.0,0.08,0.0,0.0,0.0,0.0,44.3542136274182,optimal
2021-02-08 16:30:00,2,74,0.0,0.0,0.0,0.4921333333333333,29.1375,6.0,0,20.861275617990305,55.0,0.076,0.0,0.0,0.0,0.0,44.14168057815604,optimal
2021-02-08 17:00:00,2,74,0.0,0.0,0.0,0.21786666666666668,30.597,6.0,0,20.7144725784135,55.0,0.07466666666666667,0.0,0.0,0.0,0.0,43.92936006194315,optimal
2021-02-08 17:30:00,2,74,0.0,0.0,0.0,0.2524666666666667,33.684,6.0,0,20.564663348303586,55.0,0.07466666666666667,0.0,0.0,0.0,0.0,43.71725186624647,optimal
2021-02-08 18:00:00,2,74,0.0,0.0,0.0,0.37606666666666666,32.445,6.0,0,20.410123401708194,55.0,0.07466666666666667,0.0,0.0,0.0,0.0,43.50535577874549,optimal
2021-02-08 18:30:00,2,74,0.0,0.0,0.0,0.4022,28.917,6.0,0,20.2722569354972,55.0,0.074,0.0,0.0,0.0,0.0,43.29367158733201,optimal
2021-02-08 19:00:00,2,74,0.0,0.0,0.0,0.6209333333333332,15.876,6.0,0,20.13290378742019,55.0,0.04498666666666667,0.0,0.0,0.0,0.0,43.08219908010994,optimal
2021-02-08 19:30:00,2,74,1.0929299164539148,0.0,0.0,0.3465,12.348,6.0,0,20.0,55.0,0.0,3825.2547075887014,0.0,0.0,0.0,42.87093804539509,optimal
2021-02-08 20:00:00,2,74,1.0735591923930838,0.0,0.0,0.3796333333333333,12.1275,6.0,0,20.0,55.0,0.0,3757.457173375793,0.0,0.0,0.0,42.828067107349696,optimal
2021-02-08 20:30:00,2,74,0.0,0.0,0.0,1.1650333333333334,12.348,6.0,0,20.0,55.0,0.0,0.0,0.0,0.0,0.0,42.785239040242345,optimal
2021-02-08 21:00:00,2,74,0.0,0.0,0.0,0.5225333333333333,12.1275,6.0,0,19.853862781025658,55.0,0.0,0.0,0.0,0.0,0.0,42.7424538012021,optimal
2021-02-08 21:30:00,2,74,0.0,0.0,0.0,0.068,12.1275,6.0,0,19.714661374708545,55.0,0.0,0.0,0.0,0.0,0.0,42.6997113474009,optimal
2021-02-08 22:00:00,2,74,0.0,0.0,0.0,0.068,11.2665,6.0,0,19.54580328097201,55.0,0.0,0.0,0.0,0.0,0.0,42.6570116360535,optimal
2021-02-08 22:30:00,2,74,0.0,0.0,0.0,0.068,10.143,6.0,0,19.379945871932048,55.0,0.0,0.0,0.0,0.0,0.0,42.614354624417444,optimal
2021-02-08 23:00:00,2,74,0.0,0.0,0.0,0.068,11.2455,6.0,0,19.21517876469442,55.0,0.0,0.0,0.0,0.0,0.0,42.571740269793025,optimal
2021-02-08 23:30:00,2,74,0.0,0.0,0.0,0.068,11.025,6.0,0,19.051491698732594,55.0,0.0,0.0,0.0,0.0,0.0,42.52916852952323,optimal
2021-02-09 00:00:00,2,74,2.4285714285714284,0.0,9.0,0.087,10.584,6.0,0,19.051491698732594,55.0,0.0,8500.0,0.0,0.0,0.0,46.761639360993705,optimal
2021-02-09 00:30:00,2,74,2.4285714285714284,0.0,0.0,0.164,11.2455,6.0,0,19.20949926160358,55.0,0.08133971291866028,0.0,0.0,8500.0,0.0,46.71487772163271,optimal
2021-02-09 01:00:00,2,74,2.4285714285714284,0.0,0.0,0.17433333333333334,12.1275,6.0,0,19.049445215983912,55.0,0.15133333333333332,1185.666666666667,0.0,7314.333333333333,0.0,46.66816284391108,optimal
2021-02-09 01:30:00,2,74,2.4285714285714284,0.0,0.0,0.2586,11.823,6.0,0,18.936385861681536,55.0,0.15133333333333332,8500.0,0.0,0.0,0.0,46.62149468106717,optimal
2021-02-09 02:00:00,2,74,2.4285714285714284,0.0,0.0,0.17433333333333334,11.7705,6.0,0,19.10193574799794,55.0,0.15133333333333332,8500.0,0.0,0.0,0.0,46.5748731863861,optimal
2021-02-09 02:30:00,2,74,2.4285714285714284,0.0,0.0,0.1431,11.13,6.0,0,19.26181478636542,55.0,0.15133333333333332,8500.0,0.0,0.0,0.0,46.52829831319971,optimal
2021-02-09 03:00:00,2,74,2.4285714285714284,0.0,0.0,0.1805,11.6865,6.0,0,19.419484148217098,55.0,0.15133333333333332,8500.0,0.0,0.0,0.0,46.481770014886514,optimal
2021-02-09 03:30:00,2,74,2.4285714285714284,0.0,0.0,0.22676666666666667,10.7205,6.0,0,19.577548015058127,55.0,0.15133333333333332,8500.0,0.0,0.0,0.0,46.43528824487163,optimal
2021-02-09 04:00:00,2,74,2.4285714285714284,0.0,0.0,0.20616666666666664,11.424,6.0,0,19.736806955358517,55.0,0.15133333333333332,8500.0,0.0,0.0,0.0,46.38885295662676,optimal
2021-02-09 04:30:00,2,74,2.4285714285714284,0.0,3.894772332658064,0.10936666666666665,10.689,6.0,0,19.89473283381876,55.0,0.15133333333333332,8500.0,0.0,0.0,0.0,48.192480961682705,optimal
2021-02-09 05:00:00,2,74,2.4285714285714284,0.0,0.0,0.09323333333333332,11.361,6.0,0,20.046587851929992,55.0,0.15133333333333332,8500.0,0.0,0.0,0.0,48.144288480721016,optimal
2021-02-09 05:30:00,2,74,2.4285714285714284,0.0,0.0,0.33566666666666667,11.571,6.0,0,20.19546546733169,55.0,0.15133333333333332,8500.0,0.0,0.0,0.0,48.096144192240295,optimal
2021-02-09 06:00:00,2,74,0.0,0.0,0.0,0.09726666666666668,14.3745,6.0,0,20.352067327203624,55.0,0.15133333333333332,0.0,0.0,0.0,0.0,48.048048048048045,optimal
2021-02-09 06:30:00,2,74,2.4285714285714284,0.0,0.0,0.2867333333333333,13.23,6.0,0,20.178278485654946,55.0,0.15,8500.0,0.0,0.0,0.0,48.0,optimal
2021-02-09 07:00:00,2,74,2.1682592884189535,0.0,0.0,1.0048,13.9755,6.0,0,20.336720818803585,55.0,0.14466666666666667,7588.907509466337,0.0,0.0,0.0,47.666981043385995,optimal
2021-02-09 07:30:00,2,74,0.0,0.0,0.0,0.28436666666666666,14.994,6.0,0,20.45979949048023,55.0,0.14133333333333334,0.0,0.0,0.0,0.0,47.33429510572861,optimal
2021-02-09 08:00:00,2,74,2.4285714285714284,0.0,0.0,0.21063333333333334,13.671,6.0,0,20.304386518039355,55.0,0.08533333333333333,8500.0,0.0,0.0,0.0,47.00194185400888,optimal
2021-02-09 08:30:00,2,74,0.0,0.0,0.0,0.1762,15.981,6.0,0,20.46775222231237,55.0,0.08266666666666667,0.0,0.0,0.0,0.0,46.66992095554087,optimal
2021-02-09 09:00:00,2,74,0.0,0.0,0.0,0.1641,15.6345,6.0,0,20.313554251310098,55.0,0.06466666666666666,0.0,0.0,0.0,0.0,46.33823207797132,optimal
2021-02-09 09:30:00,2,74,0.0,0.0,0.0,0.37239999999999995,16.5375,6.0,0,20.157314459122315,55.0,0.06333333333333334,0.0,0.0,0.0,0.0,46.006874889279345,optimal
2021-02-09 10:00:00,2,74,2.4285714285714284,0.0,0.0,0.17896666666666666,14.7735,6.0,0,20.00734558876771,55.0,0.06,8500.0,0.0,0.0,0.0,45.67584905777606,optimal
2021-02-09 10:30:00,2,74,0.0,0.0,0.0,0.07473333333333333,15.2145,6.0,0,20.17020867002799,55.0,0.06,0.0,0.0,0.0,0.0,45.34515425210429,optimal
2021-02-09 11:00:00,2,74,1.1785068120842241,0.0,0.0,0.3735333333333334,14.553,6.0,0,20.0,55.0,0.058666666666666666,4124.773842294784,0.0,0.0,0.0,45.01479014123818,optimal
2021-02-09 11:30:00,2,74,2.4285714285714284,0.0,0.0,0.233,14.3325,6.0,0,20.0,55.0,0.058666666666666666,8500.0,0.0,0.0,0.0,44.68475639448294,optimal
2021-02-09 12:00:00,2,74,1.1394750685651582,0.0,0.0,0.32643333333333335,14.595,6.0,0,20.158360496780055,55.0,0.058666666666666666,3988.162739978053,0.0,0.0,0.0,44.355052681474454,optimal
2021-02-09 12:30:00,2,74,0.0,0.0,0.0,0.31010000000000004,14.994,6.0,0,20.156730586910324,55.0,0.056666666666666664,0.0,0.0,0.0,0.0,44.02567867217898,optimal
2021-02-09 13:00:00,2,74,2.1851263060454813,0.0,0.0,0.141,14.3325,6.0,0,20.0,55.0,0.05466666666666667,7647.942071159184,0.0,0.0,0.0,43.696634036892796,optimal
2021-02-09 13:30:00,2,74,2.4285714285714284,0.0,0.0,0.32713333333333333,13.8915,6.0,0,20.130023841595538,55.0,0.05466666666666667,8500.0,0.0,0.0,0.0,43.3679184462419,optimal
2021-02-09 14:00:00,2,74,2.4285714285714284,0.0,0.0,0.3445,13.8915,6.0,0,20.303945774883044,55.0,0.05466666666666667,8500.0,0.0,0.0,0.0,43.039531571181655,optimal
2021-02-09 14:30:00,2,74,2.4285714285714284,0.0,0.0,0.18530000000000002,13.4715,6.0,0,20.482193186781767,55.0,0.05466666666666667,8500.0,0.0,0.0,0.0,42.71147308299647,optimal
2021-02-09 15:00:00,2,74,2.4285714285714284,0.0,0.0,0.242,13.23,6.0,0,20.651073195095446,55.0,0.054,8500.0,0.0,0.0,0.0,42.38374265329947,optimal
2021-02-09 15:30:00,2,74,2.4285714285714284,0.0,0.0,0.18836666666666668,13.8915,6.0,0,20.822361298843738,55.0,0.054,8500.0,0.0,0.0,0.0,42.05633995403217,optimal
2021-02-09 16:00:00,2,74,0.0,0.0,0.0,0.36973333333333336,26.9325,6.0,0,20.96296525941154,55.0,0.052,0.0,0.0,0.0,0.0,41.729264657464135,optimal
2021-02-09 16:30:00,2,74,0.0,0.0,0.0,0.32006666666666667,30.303,6.0,0,20.798594565205228,55.0,0.04933333333333333,0.0,0.0,0.0,0.0,41.40251643619267,optimal
2021-02-09 17:00:00,2,74,0.0,0.0,0.0,1.8359,32.886,6.0,0,20.636638894745246,55.0,0.04133333333333333,0.0,0.0,0.0,0.0,41.076094963142474,optimal
2021-02-09 17:30:00,2,74,0.0,0.0,0.0,1.929266666666667,34.9965,6.0,0,20.531251360536153,55.0,0.037333333333333336,0.0,0.0,0.0,0.0,40.749999911565325,optimal
2021-02-09 18:00:00,2,74,0.0,0.0,0.0,0.35986666666666667,33.327,6.0,0,20.42532231778221,55.0,0.03133333333333333,0.0,0.0,0.0,0.0,40.424230955039754,optimal
2021-02-09 18:30:00,2,74,0.0,0.0,0.0,0.3726333333333333,31.122,6.0,0,20.283333096464638,55.0,0.028666666666666667,0.0,0.0,0.0,0.0,40.09878776747071,optimal
2021-02-09 19:00:00,2,74,0.0,0.0,0.0,0.3863333333333333,17.9025,6.0,0,20.14023600975763,55.0,0.02666666666666667,0.0,0.0,0.0,0.0,39.77367002308924,optimal
2021-02-09 19:30:00,2,74,0.9927473202148586,0.0,0.0,0.5712,15.6555,6.0,0,20.0,55.0,0.006,3474.615620752005,0.0,0.0,0.0,39.44887739645215,optimal
2021-02-09 20:00:00,2,74,1.0476520821196327,0.0,0.0,0.37710000000000005,14.553,6.0,0,20.0,55.0,0.004666666666666667,3666.7822874187145,0.0,0.0,0.0,39.409428519055695,optimal
2021-02-09 20:30:00,2,74,0.0,0.0,0.0,0.26680000000000004,14.3325,6.0,0,20.0,55.0,0.002666666666666666,0.0,0.0,0.0,0.0,39.37001909053664,optimal
2021-02-09 21:00:00,2,74,0.0,0.0,0.0,0.4205,13.335,6.0,0,19.85991428829678,55.0,0.0,0.0,0.0,0.0,0.0,39.3306490714461,optimal
2021-02-09 21:30:00,2,74,0.0,0.0,0.0,0.5201666666666667,12.1275,6.0,0,19.72368755005041,55.0,0.0,0.0,0.0,0.0,0.0,39.29131842237466,optimal
2021-02-09 22:00:00,2,74,0.0,0.0,0.0,0.5970666666666667,12.2955,6.0,0,19.58622830050294,55.0,0.0,0.0,0.0,0.0,0.0,39.25202710395229,optimal
2021-02-09 22:30:00,2,74,0.0,0.0,0.0,0.3014,11.6865,6.0,0,19.453235604533045,55.0,0.0,0.0,0.0,0.0,0.0,39.21277507684833,optimal
2021-02-09 23:00:00,2,74,0.0,0.0,0.0,0.11873333333333332,11.466,6.0,0,19.295683212411515,55.0,0.0,0.0,0.0,0.0,0.0,39.17356230177148,optimal
2021-02-09 23:30:00,2,74,0.0,0.0,0.0,0.28003333333333336,10.8045,6.0,0,19.133208389678614,55.0,0.0,0.0,0.0,0.0,0.0,39.13438873946971,optimal
2021-02-10 00:00:00,2,74,2.4285714285714284,0.0,0.0,0.09559999999999999,10.8045,6.0,0,19.133208389678614,55.0,0.0,8500.0,0.0,0.0,0.0,39.095254350730244,optimal
2021-02-10 00:30:00,2,74,2.4285714285714284,0.0,0.0,0.1616,11.508,6.0,0,19.288847098328613,55.0,0.04,4320.0,0.0,4180.0,0.0,39.05615909637952,optimal
2021-02-10 01:00:00,2,74,2.4285714285714284,0.0,0.0,0.056,11.508,6.0,0,19.28722741264641,55.0,0.04,8500.0,0.0,0.0,0.0,39.017102937283134,optimal
2021-02-10 01:30:00,2,74,2.4285714285714284,0.0,0.0,0.1088,11.508,6.0,0,19.438043986625456,55.0,0.04,8500.0,0.0,0.0,0.0,38.97808583434585,optimal
2021-02-10 02:00:00,2,74,2.4285714285714284,0.0,0.0,0.1484,11.844,6.0,0,19.588487609381644,55.0,0.04,8500.0,0.0,0.0,0.0,38.9391077485115,optimal
2021-02-10 02:30:00,2,74,2.4285714285714284,0.0,0.0,0.056,11.508,6.0,0,19.738064937233677,55.0,0.04,8500.0,0.0,0.0,0.0,38.90016864076299,optimal
2021-02-10 03:00:00,2,74,2.4285714285714284,0.0,0.0,0.2012,11.508,6.0,0,19.882756660571182,55.0,0.04,8500.0,0.0,0.0,0.0,38.86126847212223,optimal
2021-02-10 03:30:00,2,74,2.4285714285714284,0.0,9.0,0.056,10.4475,6.0,0,20.031552118041787,55.0,0.04,8500.0,0.0,0.0,0.0,43.0974072036501,optimal
2021-02-10 04:00:00,2,74,2.4285714285714284,0.0,2.01141393333562,0.056,10.8675,6.0,0,20.173481915276774,55.0,0.04,8500.0,0.0,0.0,0.0,44.009731414780866,optimal
2021-02-10 04:30:00,2,74,2.4285714285714284,0.0,9.0,0.1484,10.542,6.0,0,20.314076050727046,55.0,0.04,8500.0,0.0,0.0,0.0,48.240721683366075,optimal
2021-02-10 05:00:00,2,74,2.4285714285714284,0.0,0.0,0.1088,11.025,6.0,0,20.455883995739896,55.0,0.04,8500.0,0.0,0.0,0.0,48.192480961682705,optimal
2021-02-10 05:30:00,2,74,2.4285714285714284,0.0,0.0,0.056,11.025,6.0,0,20.593925793278043,55.0,0.04,8500.0,0.0,0.0,0.0,48.144288480721016,optimal
2021-02-10 06:00:00,2,74,2.4285714285714284,0.0,0.0,0.20053333333333334,14.553,6.0,0,20.72774003208488,55.0,0.038,8500.0,0.0,0.0,0.0,48.096144192240295,optimal
2021-02-10 06:30:00,2,74,2.4285714285714284,0.0,0.0,0.06426666666666667,13.0935,6.0,0,20.86619819157071,55.0,0.03666666666666667,8500.0,0.0,0.0,0.0,48.048048048048045,optimal
2021-02-10 07:00:00,2,74,2.4285714285714284,0.0,0.0,0.1346,15.6345,6.0,0,21.005861589672175,55.0,0.03666666666666667,8500.0,0.0,0.0,0.0,48.0,optimal
2021-02-10 07:30:00,2,74,0.0,0.0,0.0,0.288,18.102,6.0,0,21.147440325429667,55.0,0.030666666666666665,0.0,0.0,0.0,0.0,47.584030262399175,optimal
2021-02-10 08:00:00,2,74,0.0,0.0,0.0,0.066,17.199,6.0,0,20.986027638020154,55.0,0.030666666666666665,0.0,0.0,0.0,0.0,47.16847649453595,optimal
2021-02-10 08:30:00,2,74,0.0,0.0,0.0,0.2398,18.2805,6.0,0,20.785443390928254,55.0,0.027333333333333334,0.0,0.0,0.0,0.0,46.753338280440595,optimal
2021-02-10 09:00:00,2,74,0.0,0.0,0.0,0.1254,17.4615,6.0,0,20.60272400972613,55.0,0.027333333333333334,0.0,0.0,0.0,0.0,46.33861520455933,optimal
2021-02-10 09:30:00,2,74,0.0,0.0,0.0,0.11220000000000001,18.3225,6.0,0,20.411747057464332,55.0,0.027333333333333334,0.0,0.0,0.0,0.0,45.92430685175395,optimal
2021-02-10 10:00:00,2,74,0.0,0.0,0.0,0.165,17.094,6.0,0,20.223952626965335,55.0,0.027333333333333334,0.0,0.0,0.0,0.0,45.51041280730137,optimal
2021-02-10 10:30:00,2,74,1.069998245541412,0.0,0.0,0.066,17.094,6.0,0,20.041795039061494,55.0,0.027333333333333334,3744.9938593949423,0.0,0.0,0.0,45.096932656893244,optimal
2021-02-10 11:00:00,2,74,2.4285714285714284,0.0,0.0,0.066,17.094,6.0,0,20.0,55.0,0.027333333333333334,8500.0,0.0,0.0,0.0,44.683865986635524,optimal
2021-02-10 11:30:00,2,74,0.25153873929794934,0.0,0.0,0.2552,17.3565,6.0,0,20.1389902771362,55.0,0.02666666666666667,880.3855875428227,0.0,0.0,0.0,44.271212383048066,optimal
2021-02-10 12:00:00,2,74,1.9755776142064172,0.0,0.0,0.154,17.115,6.0,0,20.0,55.0,0.02666666666666667,6914.52164972246,0.0,0.0,0.0,43.8589714330642,optimal
2021-02-10 12:30:00,2,74,2.4285714285714284,0.0,0.0,0.5364666666666666,17.241,6.0,0,20.088270765534446,55.0,0.02666666666666667,8500.0,0.0,0.0,0.0,43.44714272403031,optimal
2021-02-10 13:00:00,2,74,2.4285714285714284,0.0,0.0,1.1196666666666668,17.094,6.0,0,20.249380087355576,55.0,0.02666666666666667,8500.0,0.0,0.0,0.0,43.03572584370546,optimal
2021-02-10 13:30:00,2,74,2.4285714285714284,0.0,0.0,0.30360000000000004,16.5165,6.0,0,20.442932934114012,55.0,0.023333333333333334,8500.0,0.0,0.0,0.0,42.624720380260925,optimal
2021-02-10 14:00:00,2,74,0.0,0.0,0.0,0.154,17.8185,6.0,0,20.618216075092374,55.0,0.023333333333333334,0.0,0.0,0.0,0.0,42.21412592227984,optimal
2021-02-10 14:30:00,2,74,2.4285714285714284,0.0,0.0,0.11220000000000001,17.094,6.0,0,20.44891679938528,55.0,0.023333333333333334,8500.0,0.0,0.0,0.0,41.80394205875674,optimal
2021-02-10 15:00:00,2,74,2.4285714285714284,0.0,0.0,0.2148333333333333,16.8945,6.0,0,20.59106786763934,55.0,0.023333333333333334,8500.0,0.0,0.0,0.0,41.39416837909716,optimal
2021-02-10 15:30:00,2,74,2.4285714285714284,0.0,0.0,0.233,18.123,6.0,0,20.737645191081906,55.0,0.023333333333333334,8500.0,0.0,0.0,0.0,40.98480447311724,optimal
2021-02-10 16:00:00,2,74,0.0,0.0,0.0,2.0661666666666667,31.647,6.0,0,20.89846376285862,55.0,0.023333333333333334,0.0,0.0,0.0,0.0,40.575849931043294,optimal
2021-02-10 16:30:00,2,74,0.0,0.0,0.0,1.1793333333333333,34.9965,6.0,0,20.775985146052555,55.0,0.021333333333333333,0.0,0.0,0.0,0.0,40.53527408111225,optimal
2021-02-10 17:00:00,2,74,0.0,0.0,0.0,0.5705,34.9965,6.0,0,20.655597016674545,55.0,0.021333333333333333,0.0,0.0,0.0,0.0,40.49473880703113,optimal
2021-02-10 17:30:00,2,74,0.0,0.0,0.0,0.31560000000000005,34.9965,6.0,0,20.5377399148956,55.0,0.020666666666666667,0.0,0.0,0.0,0.0,40.4542440682241,optimal
2021-02-10 18:00:00,2,74,0.0,0.0,0.0,0.27246666666666663,34.9965,6.0,0,20.412657122796677,55.0,0.019333333333333334,0.0,0.0,0.0,0.0,40.41378982415588,optimal
2021-02-10 18:30:00,2,74,0.0,0.0,0.0,0.2827,34.9965,6.0,0,20.282855234831608,55.0,0.018,0.0,0.0,0.0,0.0,40.37337603433172,optimal
2021-02-10 19:00:00,2,74,0.0,0.0,0.0,0.1938666666666667,27.741,6.0,0,20.14301688380259,55.0,0.017333333333333333,0.0,0.0,0.0,0.0,40.33300265829739,optimal
2021-02-10 19:30:00,2,74,0.9689155655722331,0.0,0.0,0.1784,19.026,6.0,0,20.0,55.0,0.014666666666666666,3391.204479502816,0.0,0.0,0.0,40.29266965563909,optimal
2021-02-10 20:00:00,2,74,1.0355643588041916,0.0,0.0,0.3113,18.7215,6.0,0,20.0,55.0,0.007333333333333333,3624.475255814671,0.0,0.0,0.0,40.252376985983446,optimal
2021-02-10 20:30:00,2,74,0.0,0.0,0.0,0.11136666666666666,17.4195,6.0,0,20.0,55.0,0.006666666666666667,0.0,0.0,0.0,0.0,40.21212460899746,optimal
2021-02-10 21:00:00,2,74,0.0,0.0,0.0,0.14853333333333332,16.758,6.0,0,19.850062833744023,55.0,0.0,0.0,0.0,0.0,0.0,40.171912484388464,optimal
2021-02-10 21:30:00,2,74,0.0,0.0,0.0,0.2458333333333333,14.217,6.0,0,19.700212965677665,55.0,0.0,0.0,0.0,0.0,0.0,40.131740571904075,optimal
2021-02-10 22:00:00,2,74,0.09952380952380951,0.0,0.0,0.4893,13.3665,6.0,0,19.538609544156664,55.0,0.0,0.0,0.0,348.3333333333333,0.0,40.091608831332174,optimal
2021-02-10 22:30:00,2,74,0.0398095238095238,0.0,0.0,0.3222,12.789,6.0,0,19.368989204830076,55.0,0.0,0.0,0.0,139.33333333333331,0.0,40.05151722250084,optimal
2021-02-10 23:00:00,2,74,0.0398095238095238,0.0,0.0,0.2295,11.907,6.0,0,19.209160532669156,55.0,0.0,0.0,0.0,139.33333333333331,0.0,40.01146570527834,optimal
2021-02-10 23:30:00,2,74,0.0,0.0,0.0,0.22366666666666662,11.7075,6.0,0,19.028541393667012,55.0,0.0,0.0,0.0,0.0,0.0,39.97145423957306,optimal
2021-02-11 00:00:00,2,74,2.4285714285714284,0.0,0.0,0.057,11.025,6.0,0,19.028541393667012,55.0,0.0,8500.0,0.0,0.0,0.0,39.93148278533349,optimal
2021-02-11 00:30:00,2,74,2.4285714285714284,0.0,0.0,0.1686,12.0855,6.0,0,19.145154564821546,55.0,0.07933333333333334,209.66666666666606,0.0,8290.333333333334,0.0,39.89155130254816,optimal
2021-02-11 01:00:00,2,74,2.4285714285714284,0.0,0.0,0.11586666666666666,11.6865,6.0,0,18.953760512302253,55.0,0.07933333333333334,8500.0,0.0,0.0,0.0,39.85165975124561,optimal
2021-02-11 01:30:00,2,74,2.4285714285714284,0.0,0.0,0.133,11.2245,6.0,0,19.075175335296635,55.0,0.07933333333333334,8500.0,0.0,0.0,0.0,39.81180809149437,optimal
2021-02-11 02:00:00,2,74,2.4285714285714284,0.0,0.0,0.15146666666666667,11.025,6.0,0,19.196092462917555,55.0,0.07933333333333334,8500.0,0.0,0.0,0.0,39.77199628340288,optimal
2021-02-11 02:30:00,2,74,2.4285714285714284,0.0,0.36783290426453014,0.1022,10.7835,6.0,0,19.31656676605181,55.0,0.07933333333333334,8500.0,0.0,0.0,0.0,39.90694491664512,optimal
2021-02-11 03:00:00,2,74,2.4285714285714284,0.0,0.0,0.172,11.025,6.0,0,19.433111829368695,55.0,0.07933333333333334,8500.0,0.0,0.0,0.0,39.86703797172847,optimal
2021-02-11 03:30:00,2,74,2.4285714285714284,0.0,9.0,0.06726666666666667,10.584,6.0,0,19.550246348084684,55.0,0.07933333333333334,8500.0,0.0,0.0,0.0,44.10217093375673,optimal
2021-02-11 04:00:00,2,74,2.4285714285714284,0.0,0.0,0.21719999999999998,11.025,6.0,0,19.66468902115138,55.0,0.07933333333333334,8500.0,0.0,0.0,0.0,44.05806876282297,optimal
2021-02-11 04:30:00,2,74,2.4285714285714284,0.0,9.0,0.06726666666666667,10.4265,6.0,0,19.786050938705618,55.0,0.07933333333333334,8500.0,0.0,0.0,0.0,48.289010694060146,optimal
2021-02-11 05:00:00,2,74,2.4285714285714284,0.0,0.0,0.1032,12.789,6.0,0,19.9006272008156,55.0,0.07933333333333334,8500.0,0.0,0.0,0.0,48.240721683366075,optimal
2021-02-11 05:30:00,2,74,2.4285714285714284,0.0,0.0,0.1188,12.684,6.0,0,20.015477763064933,55.0,0.07933333333333334,8500.0,0.0,0.0,0.0,48.192480961682705,optimal
2021-02-11 06:00:00,2,74,2.4285714285714284,0.0,0.0,0.067,16.254,6.0,0,20.13198662057461,55.0,0.07933333333333334,8500.0,0.0,0.0,0.0,48.144288480721016,optimal
2021-02-11 06:30:00,2,74,2.4285714285714284,0.0,0.0,0.14693333333333333,17.64,6.0,0,20.24762629751522,55.0,0.07933333333333334,8500.0,0.0,0.0,0.0,48.096144192240295,optimal
2021-02-11 07:00:00,2,74,2.4285714285714284,0.0,0.0,0.2751,19.1625,6.0,0,20.36939605245204,55.0,0.048,8500.0,0.0,0.0,0.0,48.048048048048045,optimal
2021-02-11 07:30:00,2,74,0.0,0.0,0.0,1.5835666666666666,26.46,6.0,0,20.50489049242587,55.0,0.044,0.0,0.0,0.0,0.0,48.0,optimal
2021-02-11 08:00:00,2,74,0.3754839940264131,0.0,0.0,0.2508333333333333,20.79,6.0,0,20.33303134263151,55.0,0.044,1314.1939790924457,0.0,0.0,0.0,47.58555000838558,optimal
2021-02-11 08:30:00,2,74,0.0,0.0,0.0,0.15346666666666667,29.106,6.0,0,20.19821069887299,55.0,0.037333333333333336,0.0,0.0,0.0,0.0,47.17151446676278,optimal
2021-02-11 09:00:00,2,74,2.4285714285714284,0.0,0.0,0.26793333333333336,19.1835,6.0,0,20.0,55.0,0.037333333333333336,8500.0,0.0,0.0,0.0,46.7578929606816,optimal
2021-02-11 09:30:00,2,74,0.5416536783242816,0.0,0.0,1.6036,19.6665,6.0,0,20.11548122938017,55.0,0.037333333333333336,1895.7878741349855,0.0,0.0,0.0,46.3446850761065,optimal
2021-02-11 10:00:00,2,74,1.1916343919027172,0.0,0.0,2.7161999999999997,19.404,6.0,0,20.0,55.0,0.037333333333333336,4170.72037165951,0.0,0.0,0.0,45.93189039941598,optimal
2021-02-11 10:30:00,2,74,1.3582524480403824,0.0,0.0,1.1501666666666668,19.047,6.0,0,20.0,55.0,0.037333333333333336,4753.883568141338,0.0,0.0,0.0,45.519508517402144,optimal
2021-02-11 11:00:00,2,74,2.4285714285714284,0.0,0.0,0.1248,18.858,6.0,0,20.0,55.0,0.037333333333333336,8500.0,0.0,0.0,0.0,45.10753901727033,optimal
2021-02-11 11:30:00,2,74,0.3850798780301046,0.0,0.0,0.10573333333333332,19.2675,6.0,0,20.12937234963201,55.0,0.037333333333333336,1347.7795731053661,0.0,0.0,0.0,44.69598148663864,optimal
2021-02-11 12:00:00,2,74,1.178223414908958,0.0,0.0,0.16953333333333334,18.963,6.0,0,20.0,55.0,0.034666666666666665,4123.7819521813535,0.0,0.0,0.0,44.28483551353758,optimal
2021-02-11 12:30:00,2,74,2.4285714285714284,0.0,0.0,1.6686333333333334,18.438,6.0,0,20.0,55.0,0.034666666666666665,8500.0,0.0,0.0,0.0,43.874100686409626,optimal
2021-02-11 13:00:00,2,74,2.4285714285714284,0.0,0.0,0.38223333333333337,18.7425,6.0,0,20.182004512228595,55.0,0.032,8500.0,0.0,0.0,0.0,43.4637765941088,optimal
2021-02-11 13:30:00,2,74,2.4285714285714284,0.0,0.0,1.3748333333333334,15.2145,6.0,0,20.363203012538143,55.0,0.030666666666666665,8500.0,0.0,0.0,0.0,43.053862825900275,optimal
2021-02-11 14:00:00,2,74,2.4285714285714284,0.0,0.0,1.882,17.7765,6.0,0,20.58183586891258,55.0,0.028,8500.0,0.0,0.0,0.0,42.64435897145996,optimal
2021-02-11 14:30:00,2,74,2.4285714285714284,0.0,0.0,1.7804666666666666,16.758,6.0,0,20.77282760927055,55.0,0.028,8500.0,0.0,0.0,0.0,42.235264620874084,optimal
2021-02-11 15:00:00,2,74,2.4285714285714284,0.0,0.0,2.8119,16.422,6.0,0,20.946713909836625,55.0,0.028,8500.0,0.0,0.0,0.0,41.826579364638796,optimal
2021-02-11 15:30:00,2,74,2.4285714285714284,0.0,0.0,1.4436,16.758,6.0,0,21.130055471923946,55.0,0.02666666666666667,8500.0,0.0,0.0,0.0,41.41830279365974,optimal
2021-02-11 16:00:00,2,74,0.0,0.0,0.0,0.2616,29.358,6.0,0,21.292746351315017,55.0,0.02666666666666667,0.0,0.0,0.0,0.0,41.010434499251666,optimal
2021-02-11 16:30:00,2,74,0.0,0.0,0.0,0.15296666666666667,34.9965,6.0,0,21.10288756877415,55.0,0.024,0.0,0.0,0.0,0.0,40.602974073138,optimal
2021-02-11 17:00:00,2,74,0.0,0.0,0.0,0.15230000000000002,34.65,6.0,0,20.915154955844542,55.0,0.023333333333333334,0.0,0.0,0.0,0.0,40.195921107450445,optimal
2021-02-11 17:30:00,2,74,0.0,0.0,0.0,0.09066666666666669,34.9965,6.0,0,20.718222574959338,55.0,0.015333333333333332,0.0,0.0,0.0,0.0,39.78927519472858,optimal
2021-02-11 18:00:00,2,74,0.0,0.0,0.0,0.23446666666666666,34.9965,6.0,0,20.519148289155304,55.0,0.015333333333333332,0.0,0.0,0.0,0.0,39.38303592791944,optimal
2021-02-11 18:30:00,2,74,0.0,0.0,0.0,0.10016666666666668,30.4815,6.0,0,20.323213128566348,55.0,0.0,0.0,0.0,0.0,0.0,38.9772029003771,optimal
2021-02-11 19:00:00,2,74,0.9741095244988189,0.0,0.0,0.16966666666666666,21.4305,6.0,0,20.10330753958639,55.0,0.0,3409.383335745866,0.0,0.0,0.0,38.57177570586231,optimal
2021-02-11 19:30:00,2,74,1.7954740264505669,0.0,0.0,0.09566666666666669,14.3325,6.0,0,20.0,55.0,0.0,6284.159092576984,0.0,0.0,0.0,38.16675393854203,optimal
2021-02-11 20:00:00,2,74,1.7955444505071296,0.0,0.0,0.10233333333333332,13.692,6.0,0,20.0,55.0,0.0,6284.405576774953,0.0,0.0,0.0,37.76213719298907,optimal
2021-02-11 20:30:00,2,74,0.0,0.0,0.0,0.34,14.007,6.0,0,20.0,55.0,0.0,0.0,0.0,0.0,0.0,37.357925064181664,optimal
2021-02-11 21:00:00,2,74,0.0796190476190476,0.0,0.0,0.27353333333333335,12.873,6.0,0,19.77565673073456,55.0,0.0,0.0,0.0,278.66666666666663,0.0,36.95411714750307,optimal
2021-02-11 21:30:00,2,74,0.0,0.0,0.0,0.27546666666666664,12.684,6.0,0,19.554605409572783,55.0,0.0,0.0,0.0,0.0,0.0,36.55071303874115,optimal
2021-02-11 22:00:00,2,74,0.0,0.0,0.0,0.5367000000000001,12.306,6.0,0,19.34295310790315,55.0,0.0,0.0,0.0,0.0,0.0,36.51416232570241,optimal
2021-02-11 22:30:00,2,74,0.0,0.0,0.0,0.4924,10.6365,6.0,0,19.153966191891115,55.0,0.0,0.0,0.0,0.0,0.0,36.477648163376706,optimal
2021-02-11 23:00:00,2,74,0.0,0.0,0.0,0.12346666666666668,11.2455,6.0,0,18.958585674682073,55.0,0.0,0.0,0.0,0.0,0.0,36.44117051521333,optimal
2021-02-11 23:30:00,2,74,0.0,0.0,0.0,0.066,11.2455,6.0,0,18.730748024963273,55.0,0.0,0.0,0.0,0.0,0.0,36.40472934469812,optimal
2021-02-12 00:00:00,2,74,2.4285714285714284,0.0,0.0,0.048,10.3635,6.0,0,18.730748024963273,55.0,0.0,8500.0,0.0,0.0,0.0,36.36832461535342,optimal
2021-02-12 00:30:00,2,74,2.4285714285714284,0.0,0.0,0.048,10.8045,6.0,0,18.816578892104477,55.0,0.07845357395965957,301.601521215574,0.0,8198.398478784426,0.0,36.33195629073807,optimal
2021-02-12 01:00:00,2,74,2.4285714285714284,0.0,0.0,0.048,11.025,6.0,0,18.593010942965304,55.0,0.07845357395965957,8500.0,0.0,0.0,0.0,36.29562433444733,optimal
2021-02-12 01:30:00,2,74,2.4285714285714284,0.0,0.0,0.048,10.3635,6.0,0,18.68013801541608,55.0,0.07845357395965957,8500.0,0.0,0.0,0.0,36.25932871011288,optimal
2021-02-12 02:00:00,2,74,2.4285714285714284,0.0,0.0,0.048,10.8045,6.0,0,18.767386231402043,55.0,0.07845357395965957,8500.0,0.0,0.0,0.0,36.223069381402766,optimal
2021-02-12 02:30:00,2,74,2.4285714285714284,0.0,8.036230627237204,0.048,10.059,6.0,0,18.85475445087512,55.0,0.07845357395965957,8500.0,0.0,0.0,0.0,40.00405585995904,optimal
2021-02-12 03:00:00,2,74,2.4285714285714284,0.0,0.0,0.048,10.584,6.0,0,18.94412368880238,55.0,0.07845357395965957,8500.0,0.0,0.0,0.0,39.96405180409907,optimal
2021-02-12 03:30:00,2,74,2.4285714285714284,0.0,9.0,0.048,9.4185,6.0,0,19.035475114156572,55.0,0.07845357395965957,8500.0,0.0,0.0,0.0,44.19908775229497,optimal
2021-02-12 04:00:00,2,74,2.4285714285714284,0.0,0.0,0.048,10.3635,6.0,0,19.132554361696883,55.0,0.07845357395965957,8500.0,0.0,0.0,0.0,44.154888664542675,optimal
2021-02-12 04:30:00,2,74,2.4285714285714284,0.0,9.0,0.048,9.8385,6.0,0,19.23530752848431,55.0,0.07845357395965957,8500.0,0.0,0.0,0.0,48.38573377587813,optimal
2021-02-12 05:00:00,2,74,2.4285714285714284,0.0,0.0,0.048,11.067,6.0,0,19.343681218845393,55.0,0.07845357395965957,8500.0,0.0,0.0,0.0,48.33734804210225,optimal
2021-02-12 05:30:00,2,74,2.4285714285714284,0.0,0.0,0.048,10.8465,6.0,0,19.457622539598475,55.0,0.07845357395965957,8500.0,0.0,0.0,0.0,48.289010694060146,optimal
2021-02-12 06:00:00,2,74,2.4285714285714284,0.0,0.0,0.048,13.671,6.0,0,19.57802016746812,55.0,0.07845357395965957,8500.0,0.0,0.0,0.0,48.240721683366075,optimal
2021-02-12 06:30:00,2,74,2.4285714285714284,0.0,0.0,0.048,12.348,6.0,0,19.70481334394658,55.0,0.07845357395965957,8500.0,0.0,0.0,0.0,48.192480961682705,optimal
2021-02-12 07:00:00,2,74,2.4285714285714284,0.0,0.0,0.048,14.3325,6.0,0,19.831354377304912,55.0,0.07845357395965957,8500.0,0.0,0.0,0.0,48.144288480721016,optimal
2021-02-12 07:30:00,2,74,2.4285714285714284,0.0,0.0,0.21923333333333328,15.393,6.0,0,19.957645640391785,55.0,0.07512024062632625,8500.0,0.0,0.0,0.0,48.096144192240295,optimal
2021-02-12 08:00:00,2,74,2.4285714285714284,0.0,0.0,0.05433333333333334,13.587,6.0,0,20.08189090801917,55.0,0.02178690729299291,8500.0,0.0,0.0,0.0,48.048048048048045,optimal
2021-02-12 08:30:00,2,74,0.0,0.0,0.0,1.0186,16.1385,6.0,0,20.197646576074945,55.0,0.016453573959659577,0.0,0.0,0.0,0.0,48.0,optimal
2021-02-12 09:00:00,2,74,1.6025703130068472,0.0,0.0,0.056,14.595,6.0,0,20.0,55.0,0.016453573959659577,5608.996095523965,0.0,0.0,0.0,47.88259142536597,optimal
2021-02-12 09:30:00,2,74,1.3753675992322314,0.0,0.0,1.4452,14.637,6.0,0,20.0,55.0,0.016453573959659577,4813.78659731281,0.0,0.0,0.0,47.765300259306585,optimal
2021-02-12 10:00:00,2,74,1.3145248562067955,0.0,0.0,0.1941,13.9125,6.0,0,20.0,55.0,0.012453573959659575,4600.836996723784,0.0,0.0,0.0,47.64812638441325,optimal
2021-02-12 10:30:00,2,74,2.4285714285714284,0.0,0.0,0.12933333333333336,13.3665,6.0,0,20.0,55.0,0.04059140855222097,5559.596285077334,0.0,2940.403714922666,0.0,47.53106968339481,optimal
2021-02-12 11:00:00,2,74,2.4285714285714284,0.0,0.0,0.1536,13.0095,6.0,0,20.032659801343428,55.0,0.04059140855222097,8500.0,0.0,0.0,0.0,47.41413003907739,optimal
2021-02-12 11:30:00,2,74,0.0,0.0,0.0,0.21209999999999998,13.8915,6.0,0,20.17652311051096,55.0,0.04059140855222097,0.0,0.0,0.0,0.0,47.29730733440429,optimal
2021-02-12 12:00:00,2,74,2.4285714285714284,0.0,0.0,0.058,13.188,6.0,0,20.0,55.0,0.056666666666666664,6820.135527040425,0.0,1679.864472959575,0.0,47.18060145243586,optimal
2021-02-12 12:30:00,2,74,2.4285714285714284,0.0,0.0,0.058,12.5685,6.0,0,20.081161261461375,55.0,0.056666666666666664,8500.0,0.0,0.0,0.0,47.064012276349395,optimal
2021-02-12 13:00:00,2,74,2.4285714285714284,0.0,0.0,0.058,12.285,6.0,0,20.225260061669708,55.0,0.056666666666666664,8500.0,0.0,0.0,0.0,46.94753968943902,optimal
2021-02-12 13:30:00,2,74,2.4285714285714284,0.0,0.0,0.058,11.487,6.0,0,20.368473324206615,55.0,0.056666666666666664,8500.0,0.0,0.0,0.0,46.83118357511555,optimal
2021-02-12 14:00:00,2,74,2.4285714285714284,0.0,0.0,0.058,11.802,6.0,0,20.50939777448116,55.0,0.056666666666666664,8500.0,0.0,0.0,0.0,46.71494381690641,optimal
2021-02-12 14:30:00,2,74,2.4285714285714284,0.0,0.0,0.2292333333333333,11.2245,6.0,0,20.64805495092346,55.0,0.056666666666666664,8500.0,0.0,0.0,0.0,46.59882029845548,optimal
2021-02-12 15:00:00,2,74,2.4285714285714284,0.0,0.0,0.058,11.025,6.0,0,20.794657959700157,55.0,0.056666666666666664,8500.0,0.0,0.0,0.0,46.482812903523,optimal
2021-02-12 15:30:00,2,74,2.4285714285714284,0.0,0.0,0.058,11.907,6.0,0,20.928748486243787,55.0,0.056666666666666664,8500.0,0.0,0.0,0.0,46.36692151598545,optimal
2021-02-12 16:00:00,2,74,0.0,0.0,0.0,0.176,25.83,6.0,0,21.060165515980575,55.0,0.05333333333333334,0.0,0.0,0.0,0.0,46.251146019835446,optimal
2021-02-12 16:30:00,2,74,0.0,0.0,0.0,0.1717,28.035,6.0,0,20.890488406949693,55.0,0.050666666666666665,0.0,0.0,0.0,0.0,46.135486299181586,optimal
2021-02-12 17:00:00,2,74,0.0,0.0,0.0,0.121,28.119,6.0,0,20.73017813174959,55.0,0.04497333333333333,0.0,0.0,0.0,0.0,46.01994223824838,optimal
2021-02-12 17:30:00,2,74,0.0,0.0,0.0,0.41623333333333334,30.156,6.0,0,20.568303590671224,55.0,0.04066666666666666,0.0,0.0,0.0,0.0,45.90451372137611,optimal
2021-02-12 18:00:00,2,74,0.0,0.0,0.0,1.1254666666666666,29.1585,6.0,0,20.42087981752048,55.0,0.021333333333333333,0.0,0.0,0.0,0.0,45.78920063302071,optimal
2021-02-12 18:30:00,2,74,0.0,0.0,0.0,0.8642666666666666,26.712,6.0,0,20.277925592809602,55.0,0.021333333333333333,0.0,0.0,0.0,0.0,45.67400285775366,optimal
2021-02-12 19:00:00,2,74,0.2851806649134271,0.0,0.0,0.117,15.435,6.0,0,20.126320601143277,55.0,0.002,998.1323271969949,0.0,0.0,0.0,45.55892028026189,optimal
2021-02-12 19:30:00,2,74,1.2464100991568687,0.0,0.0,0.07016666666666667,13.566,6.0,0,20.0,55.0,0.0,4362.4353470490405,0.0,0.0,0.0,45.4439527853476,optimal
2021-02-12 20:00:00,2,74,1.214981997402028,0.0,0.0,0.30789999999999995,12.789,6.0,0,20.0,55.0,0.0,4252.436990907097,0.0,0.0,0.0,45.329100257928225,optimal
2021-02-12 20:30:00,2,74,0.0796190476190476,0.0,0.0,0.12293333333333334,12.1275,6.0,0,20.0,55.0,0.0,0.0,0.0,278.66666666666663,0.0,45.21436258303627,optimal
2021-02-12 21:00:00,2,74,0.0,0.0,0.0,0.09833333333333331,13.671,6.0,0,19.826107345439294,55.0,0.0,0.0,0.0,0.0,0.0,45.099739645819206,optimal
2021-02-12 21:30:00,2,74,0.8758095238095238,0.0,0.0,0.2696,10.668,6.0,0,19.648414523409762,55.0,0.02666666666666667,0.0,0.0,3065.3333333333335,0.0,44.98523133153936,optimal
2021-02-12 22:00:00,2,74,0.0,0.0,0.0,0.3551,11.7285,6.0,0,19.486292044280813,55.0,0.0026666666666666666,0.0,0.0,0.0,0.0,44.8708375255738,optimal
2021-02-12 22:30:00,2,74,0.0,0.0,0.0,0.4809,11.025,6.0,0,19.33353201908826,55.0,0.002,0.0,0.0,0.0,0.0,44.825966688048226,optimal
2021-02-12 23:00:00,2,74,0.0,0.0,0.0,0.29136666666666666,10.689,6.0,0,19.193421399608702,55.0,0.0,0.0,0.0,0.0,0.0,44.781140721360174,optimal
2021-02-12 23:30:00,2,74,0.0199047619047619,0.0,0.0,0.3007666666666666,8.1585,6.0,0,19.04683399308088,55.0,0.0,0.0,0.0,69.66666666666666,0.0,44.73635958063881,optimal
2021-02-13 00:00:00,2,74,2.4285714285714284,0.0,0.0,0.064,9.3975,6.0,0,19.04683399308088,55.0,0.0,8221.333333333334,0.0,278.66666666666663,0.0,44.69162322105817,optimal
2021-02-13 00:30:00,2,74,2.4285714285714284,0.0,0.0,0.216,10.059,6.0,0,19.184980582259783,55.0,0.08000637958532696,0.0,0.0,8500.0,0.0,44.64693159783712,optimal
2021-02-13 01:00:00,2,74,2.4285714285714284,0.0,0.0,0.30396666666666666,9.261,6.0,0,19.026086436366388,55.0,0.16134609250398724,0.0,0.0,8500.0,0.0,44.60228466623928,optimal
2021-02-13 01:30:00,2,74,2.4285714285714284,0.0,0.0,0.1628,8.1585,6.0,0,18.87689700353064,55.0,0.2,4321.333333333333,0.0,4178.666666666667,0.0,44.55768238157304,optimal
2021-02-13 02:00:00,2,74,2.4285714285714284,0.0,0.0,0.18846666666666667,9.4815,6.0,0,18.88595289984929,55.0,0.2,8500.0,0.0,0.0,0.0,44.513124699191465,optimal
2021-02-13 02:30:00,2,74,2.4285714285714284,0.0,0.0,0.19016666666666662,8.379,6.0,0,19.05151398654032,55.0,0.2,8430.333333333334,0.0,69.66666666666667,0.0,44.46861157449227,optimal
2021-02-13 03:00:00,2,74,2.4285714285714284,0.0,0.0,0.30086666666666667,9.5235,6.0,0,19.214602361984248,55.0,0.2,8500.0,0.0,0.0,0.0,44.42414296291778,optimal
2021-02-13 03:30:00,2,74,2.4285714285714284,0.0,0.0,0.5417333333333334,8.1375,6.0,0,19.38231267466971,55.0,0.2,8012.333333333333,0.0,487.6666666666667,0.0,44.37971881995486,optimal
2021-02-13 04:00:00,2,74,2.4285714285714284,0.0,0.0,0.9649,10.0905,6.0,0,19.538865196857927,55.0,0.198,8500.0,0.0,0.0,0.0,44.335339101134906,optimal
2021-02-13 04:30:00,2,74,2.4285714285714284,0.0,8.416856699002887,0.26039999999999996,7.539,6.0,0,19.70607554390005,55.0,0.194,8500.0,0.0,0.0,0.0,48.289010694060146,optimal
2021-02-13 05:00:00,2,74,2.4285714285714284,0.0,0.0,0.3187333333333333,7.938,6.0,0,19.874513082030948,55.0,0.17866666666666667,8500.0,0.0,0.0,0.0,48.240721683366075,optimal
2021-02-13 05:30:00,2,74,2.4285714285714284,0.0,0.0,2.3911666666666664,8.274,6.0,0,20.03826512437419,55.0,0.17866666666666667,8500.0,0.0,0.0,0.0,48.192480961682705,optimal
2021-02-13 06:00:00,2,74,2.4285714285714284,0.0,0.0,0.06973333333333333,9.261,6.0,0,20.244959015491514,55.0,0.11,8500.0,0.0,0.0,0.0,48.144288480721016,optimal
2021-02-13 06:30:00,2,74,2.4285714285714284,0.0,0.0,1.1424333333333334,9.9225,6.0,0,20.40315580268961,55.0,0.10933333333333334,8500.0,0.0,0.0,0.0,48.096144192240295,optimal
2021-02-13 07:00:00,2,74,2.4285714285714284,0.0,0.0,0.1346,9.702,6.0,0,20.565407869147528,55.0,0.04066666666666666,8500.0,0.0,0.0,0.0,48.048048048048045,optimal
2021-02-13 07:30:00,2,74,2.4285714285714284,0.0,0.0,0.17153333333333334,10.584,6.0,0,20.714548908336617,55.0,0.035333333333333335,8500.0,0.0,0.0,0.0,48.0,optimal
2021-02-13 08:00:00,2,74,2.4285714285714284,0.0,0.0,0.19293333333333332,10.143,6.0,0,20.866731724318797,55.0,0.03266666666666666,8500.0,0.0,0.0,0.0,47.6264284298099,optimal
2021-02-13 08:30:00,2,74,0.0,0.0,0.0,0.0854,13.0095,6.0,0,21.008919165952236,55.0,0.03133333333333333,0.0,0.0,0.0,0.0,47.25323043118999,optimal
2021-02-13 09:00:00,2,74,2.4285714285714284,0.0,0.0,0.18886666666666668,11.025,6.0,0,20.81971108273297,55.0,0.03,8500.0,0.0,0.0,0.0,46.8804056305687,optimal
2021-02-13 09:30:00,2,74,0.0,0.0,0.0,0.3105,12.789,6.0,0,20.959323580183018,55.0,0.03,0.0,0.0,0.0,0.0,46.507953654748036,optimal
2021-02-13 10:00:00,2,74,2.4285714285714284,0.0,0.0,0.13476666666666667,12.1275,6.0,0,20.783530716156264,55.0,0.03,8500.0,0.0,0.0,0.0,46.13587413090319,optimal
2021-02-13 10:30:00,2,74,2.4285714285714284,0.0,0.0,0.5029666666666666,12.1695,6.0,0,20.920437645903963,55.0,0.03,8500.0,0.0,0.0,0.0,45.764166686582186,optimal
2021-02-13 11:00:00,2,74,2.4285714285714284,0.0,0.0,0.13566666666666666,12.306,6.0,0,21.065166447683403,55.0,0.03,8500.0,0.0,0.0,0.0,45.392830949705505,optimal
2021-02-13 11:30:00,2,74,0.0,0.0,0.0,0.2783,13.23,6.0,0,21.192656556806888,55.0,0.026,0.0,0.0,0.0,0.0,45.0218665485657,optimal
2021-02-13 12:00:00,2,74,0.0,0.0,0.0,0.2632,13.671,6.0,0,21.00558297572926,55.0,0.024666666666666667,0.0,0.0,0.0,0.0,44.65127311182703,optimal
2021-02-13 12:30:00,2,74,0.0,0.0,0.0,0.067,13.9335,6.0,0,20.815128244507665,55.0,0.024666666666666667,0.0,0.0,0.0,0.0,44.28105026852511,optimal
2021-02-13 13:00:00,2,74,0.0,0.0,0.0,0.13419999999999999,13.293,6.0,0,20.618026911501534,55.0,0.024666666666666667,0.0,0.0,0.0,0.0,43.911197648066484,optimal
2021-02-13 13:30:00,2,74,2.4285714285714284,0.0,0.0,0.067,12.1065,6.0,0,20.42625095273273,55.0,0.024666666666666667,8500.0,0.0,0.0,0.0,43.54171488022832,optimal
2021-02-13 14:00:00,2,74,2.4285714285714284,0.0,0.0,0.123,11.571,6.0,0,20.55463487166137,55.0,0.024666666666666667,8500.0,0.0,0.0,0.0,43.17260159515799,optimal
2021-02-13 14:30:00,2,74,2.4285714285714284,0.0,0.0,0.22046666666666667,11.025,6.0,0,20.684859537375367,55.0,0.024666666666666667,8500.0,0.0,0.0,0.0,42.80385742337273,optimal
2021-02-13 15:00:00,2,74,2.4285714285714284,0.0,0.0,0.067,10.8465,6.0,0,20.818468452543737,55.0,0.024666666666666667,8500.0,0.0,0.0,0.0,42.43548199575926,optimal
2021-02-13 15:30:00,2,74,2.4285714285714284,0.0,0.0,0.067,11.2455,6.0,0,20.945984532641276,55.0,0.024666666666666667,8500.0,0.0,0.0,0.0,42.0674749435734,optimal
2021-02-13 16:00:00,2,74,0.0,0.0,0.0,0.1242,23.8665,6.0,0,21.07135952228766,55.0,0.023333333333333334,0.0,0.0,0.0,0.0,41.69983589843973,optimal
2021-02-13 16:30:00,2,74,0.0,0.0,0.0,0.9730666666666669,27.4575,6.0,0,20.886822910726572,55.0,0.020666666666666667,0.0,0.0,0.0,0.0,41.33256449235119,optimal
2021-02-13 17:00:00,2,74,0.0,0.0,0.0,1.152,27.3735,6.0,0,20.744555621679066,55.0,0.020666666666666667,0.0,0.0,0.0,0.0,40.96566035766874,optimal
2021-02-13 17:30:00,2,74,0.0,0.0,0.0,0.4233,30.4605,6.0,0,20.61258508376533,55.0,0.016,0.0,0.0,0.0,0.0,40.59912312712097,optimal
2021-02-13 18:00:00,2,74,0.0,0.0,0.0,0.10433333333333332,30.0195,6.0,0,20.443139244554086,55.0,0.016,0.0,0.0,0.0,0.0,40.232952433803746,optimal
2021-02-13 18:30:00,2,74,0.0,0.0,0.0,0.18146666666666667,26.9325,6.0,0,20.251884899173675,55.0,0.016,0.0,0.0,0.0,0.0,39.86714791117984,optimal
2021-02-13 19:00:00,2,74,0.6621479064600746,0.0,0.0,0.4305,14.595,6.0,0,20.069129102648485,55.0,0.005333333333333333,2317.5176726102613,0.0,0.0,0.0,39.50170919307856,optimal
2021-02-13 19:30:00,2,74,0.9621662896330635,0.0,0.0,1.2779333333333334,12.4845,6.0,0,20.0,55.0,0.005333333333333333,3367.582013715722,0.0,0.0,0.0,39.136635913695386,optimal
2021-02-13 20:00:00,2,74,1.058591521211565,0.0,0.0,1.9402000000000001,12.1275,6.0,0,20.0,55.0,0.0033333333333333335,3705.070324240478,0.0,0.0,0.0,38.771927707591594,optimal
2021-02-13 20:30:00,2,74,0.0,0.0,0.0,0.49476666666666663,12.1275,6.0,0,20.0,55.0,0.0033333333333333335,0.0,0.0,0.0,0.0,38.4075842096939,optimal
2021-02-13 21:00:00,2,74,0.0,0.0,0.0,0.115,12.789,6.0,0,19.851900655159074,55.0,0.0033333333333333335,0.0,0.0,0.0,0.0,38.04360505529411,optimal
2021-02-13 21:30:00,2,74,0.0,0.0,0.0,0.3436,11.907,6.0,0,19.69585820265228,55.0,0.0,0.0,0.0,0.0,0.0,38.005561450238815,optimal
2021-02-13 22:00:00,2,74,0.0,0.0,0.0,0.13166666666666665,11.025,6.0,0,19.55492382142055,55.0,0.0,0.0,0.0,0.0,0.0,37.967555888788574,optimal
2021-02-13 22:30:00,2,74,0.0,0.0,0.0,0.09933333333333332,8.2005,6.0,0,19.3819399512772,55.0,0.0,0.0,0.0,0.0,0.0,37.92958833289978,optimal
2021-02-13 23:00:00,2,74,0.0,0.0,0.0,0.17693333333333333,9.5655,6.0,0,19.209837480273382,55.0,0.0,0.0,0.0,0.0,0.0,37.89165874456688,optimal
2021-02-13 23:30:00,2,74,0.0,0.0,0.0,0.13319999999999999,7.056,6.0,0,19.042746049624633,55.0,0.0,0.0,0.0,0.0,0.0,37.85376708582231,optimal
2021-02-07 00:00:00,3,74,0.0,0.0,0.0,0.057,9.261,6.0,0,21.0,55.0,0.12,0.0,0.0,0.0,0.0,47.952,optimal
2021-02-07 00:30:00,3,74,0.0,0.0,0.0,0.21613333333333332,10.3635,6.0,0,20.84112349746981,55.0,0.12,0.0,0.0,0.0,0.0,47.904047999999996,optimal
2021-02-07 01:00:00,3,74,0.0,0.0,0.0,0.057,8.274,6.0,0,20.68879090932803,55.0,0.12,0.0,0.0,0.0,0.0,47.856143952,optimal
2021-02-07 01:30:00,3,74,0.6006543238519966,0.0,0.0,0.16153333333333333,7.7175,6.0,0,20.530960964570884,55.0,0.140117608932842,0.0,0.0,2102.290133481988,0.0,47.80828780804799,optimal
2021-02-07 02:00:00,3,74,2.2857142857142856,0.0,0.0,0.18719999999999998,6.615,6.0,0,20.378080454985376,55.0,0.16666666666666666,5225.623466815322,0.0,2774.376533184678,0.0,47.76047952023995,optimal
2021-02-07 02:30:00,3,74,2.2857142857142856,0.0,0.0,0.08593333333333333,6.174,6.0,0,20.423828842594002,55.0,0.16666666666666666,8000.0,0.0,0.0,0.0,47.712719040719705,optimal
2021-02-07 03:00:00,3,74,2.2857142857142856,0.0,0.0,0.1438,3.906,6.0,0,20.568822585974296,55.0,0.16666666666666666,8000.0,0.0,0.0,0.0,47.66500632167899,optimal
2021-02-07 03:30:00,3,74,2.2857142857142856,0.0,0.0,0.23386666666666667,2.3415,6.0,0,20.7136888865827,55.0,0.16666666666666666,8000.0,0.0,0.0,0.0,47.61734131535731,optimal
2021-02-07 04:00:00,3,74,2.2857142857142856,0.0,0.0,0.1004,2.205,6.0,0,20.860111501044095,55.0,0.16666666666666666,8000.0,0.0,0.0,0.0,47.56972397404195,optimal
2021-02-07 04:30:00,3,74,2.2857142857142856,0.0,1.61443461893103,0.17273333333333332,0.882,6.0,0,20.999661896848473,55.0,0.16666666666666666,8000.0,0.0,0.0,0.0,48.289010694060146,optimal
2021-02-07 05:00:00,3,74,2.2857142857142856,0.0,0.0,0.16419999999999998,1.5435,6.0,0,21.140621679126813,55.0,0.16666666666666666,8000.0,0.0,0.0,0.0,48.240721683366075,optimal
2021-02-07 05:30:00,3,74,2.2857142857142856,0.0,0.0,0.13666666666666666,1.5435,6.0,0,21.279833355561035,55.0,0.16666666666666666,8000.0,0.0,0.0,0.0,48.192480961682705,optimal
2021-02-07 06:00:00,3,74,2.2857142857142856,0.0,0.0,0.2483333333333333,5.0715,6.0,0,21.416522928463383,55.0,0.16666666666666666,8000.0,0.0,0.0,0.0,48.144288480721016,optimal
2021-02-07 06:30:00,3,74,2.2857142857142856,0.0,0.0,0.0629,5.376,6.0,0,21.556405362746858,55.0,0.12846666666666667,8000.0,0.0,0.0,0.0,48.096144192240295,optimal
2021-02-07 07:00:00,3,74,2.2857142857142856,0.0,0.0,0.2617,5.0715,6.0,0,21.689904972188813,55.0,0.10333333333333333,8000.0,0.0,0.0,0.0,48.048048048048045,optimal
2021-02-07 07:30:00,3,74,2.2857142857142856,0.0,0.0,0.7592333333333333,5.5125,6.0,0,21.838323562219365,55.0,0.096,8000.0,0.0,0.0,0.0,48.0,optimal
2021-02-07 08:00:00,3,74,1.0059529562997596,0.0,0.0,1.4786666666666668,9.261,6.0,0,22.0,55.0,0.09066666666666667,3520.8353470491584,0.0,0.0,0.0,47.71133116460559,optimal
2021-02-07 08:30:00,3,74,1.331543667327091,0.0,0.0,0.13986666666666667,11.7075,6.0,0,22.0,55.0,0.08733333333333332,4660.402835644819,0.0,0.0,0.0,47.42295099804657,optimal
2021-02-07 09:00:00,3,74,0.0,0.0,0.0,0.23646666666666666,12.348,6.0,0,22.0,55.0,0.08733333333333332,0.0,0.0,0.0,0.0,47.13485921165412,optimal
2021-02-07 09:30:00,3,74,0.0,0.0,0.0,0.13733333333333334,12.348,6.0,0,21.822140140134955,55.0,0.08733333333333332,0.0,0.0,0.0,0.0,46.847055517048055,optimal
2021-02-07 10:00:00,3,74,2.2857142857142856,0.0,0.0,0.16953333333333334,12.1275,6.0,0,21.648518667452482,55.0,0.086,8000.0,0.0,0.0,0.0,46.5595396261366,optimal
2021-02-07 10:30:00,3,74,0.0,0.0,0.0,0.2189,12.5265,6.0,0,21.78408841700191,55.0,0.086,0.0,0.0,0.0,0.0,46.27231125111605,optimal
2021-02-07 11:00:00,3,74,2.2857142857142856,0.0,0.0,0.1713,11.7495,6.0,0,21.600551686220836,55.0,0.086,8000.0,0.0,0.0,0.0,45.985370104470526,optimal
2021-02-07 11:30:00,3,74,0.0,0.0,0.0,0.1468,13.23,6.0,0,21.717132700393407,55.0,0.086,0.0,0.0,0.0,0.0,45.69871589897165,optimal
2021-02-07 12:00:00,3,74,0.0,0.0,0.0,0.15246666666666667,14.3325,6.0,0,21.530571127381048,55.0,0.086,0.0,0.0,0.0,0.0,45.41234834767827,optimal
2021-02-07 12:30:00,3,74,0.0,0.0,0.0,0.16340000000000002,14.994,6.0,0,21.350043694701846,55.0,0.086,0.0,0.0,0.0,0.0,45.126267163936184,optimal
2021-02-07 13:00:00,3,74,0.0,0.0,0.0,0.2336,14.8155,6.0,0,21.169405906327707,55.0,0.086,0.0,0.0,0.0,0.0,44.84047206137784,optimal
2021-02-07 13:30:00,3,74,0.0,0.0,0.0,1.4563333333333333,14.112,6.0,0,20.991266025358176,55.0,0.08333333333333333,0.0,0.0,0.0,0.0,44.55496275392205,optimal
2021-02-07 14:00:00,3,74,0.0,0.0,0.0,0.16606666666666667,14.007,6.0,0,20.857121713882563,55.0,0.07999999999999999,0.0,0.0,0.0,0.0,44.26973895577372,optimal
2021-02-07 14:30:00,3,74,1.3300205328117147,0.0,0.0,0.49310000000000004,13.23,6.0,0,20.707235145704775,55.0,0.07866666666666666,4655.071864841001,0.0,0.0,0.0,43.98480038142353,optimal
2021-02-07 15:00:00,3,74,2.2857142857142856,0.0,0.0,0.14936666666666668,11.382,6.0,0,20.74657872090301,55.0,0.07630666666666666,8000.0,0.0,0.0,0.0,43.7001467456477,optimal
2021-02-07 15:30:00,3,74,2.2857142857142856,0.0,0.0,0.2998,11.7495,6.0,0,20.89371411065611,55.0,0.07466666666666666,8000.0,0.0,0.0,0.0,43.41577776350764,optimal
2021-02-07 16:00:00,3,74,0.0,0.0,0.0,0.24973333333333328,24.3285,6.0,0,21.039994232540824,55.0,0.06866666666666665,0.0,0.0,0.0,0.0,43.131693150349726,optimal
2021-02-07 16:30:00,3,74,0.0,0.0,0.0,0.14086666666666667,28.917,6.0,0,20.88175935512461,55.0,0.06666666666666665,0.0,0.0,0.0,0.0,42.84789262180497,optimal
2021-02-07 17:00:00,3,74,0.0,0.0,0.0,0.3024,31.3635,6.0,0,20.729219301554952,55.0,0.06399999999999999,0.0,0.0,0.0,0.0,42.56437589378875,optimal
2021-02-07 17:30:00,3,74,0.0,0.0,0.0,0.09333333333333331,33.306,6.0,0,20.582448453842822,55.0,0.05866666666666666,0.0,0.0,0.0,0.0,42.28114268250055,optimal
2021-02-07 18:00:00,3,74,0.0,0.0,0.0,0.2052,31.3425,6.0,0,20.42799005794817,55.0,0.05866666666666666,0.0,0.0,0.0,0.0,41.998192704423644,optimal
2021-02-07 18:30:00,3,74,0.0,0.0,0.0,0.5640333333333333,28.2555,6.0,0,20.277761895853367,55.0,0.05599999999999999,0.0,0.0,0.0,0.0,41.71552567632481,optimal
2021-02-07 19:00:00,3,74,0.0,0.0,0.0,0.20653333333333332,15.6975,6.0,0,20.140681290779497,55.0,0.05199999999999999,0.0,0.0,0.0,0.0,41.433141315254076,optimal
2021-02-07 19:30:00,3,74,0.9269811883893128,0.0,0.0,0.4101,12.5475,6.0,0,20.0,55.0,0.034666666666666665,3244.4341593625945,0.0,0.0,0.0,41.151039338544415,optimal
2021-02-07 20:00:00,3,74,0.9805907121988539,0.0,0.0,0.3197333333333333,12.0855,6.0,0,20.0,55.0,0.033333333333333326,3432.0674926959887,0.0,0.0,0.0,40.86921946381146,optimal
2021-02-07 20:30:00,3,74,0.0,0.0,0.0,0.20113333333333333,11.907,6.0,0,20.0,55.0,0.008666666666666666,0.0,0.0,0.0,0.0,40.58768140895324,optimal
2021-02-07 21:00:00,3,74,0.0,0.0,0.0,0.3525,12.5685,6.0,0,19.868715173200037,55.0,0.0026666666666666666,0.0,0.0,0.0,0.0,40.30642489214988,optimal
2021-02-07 21:30:00,3,74,0.0,0.0,0.0,1.6513,13.146,6.0,0,19.74685506814785,55.0,0.0006666666666666665,0.0,0.0,0.0,0.0,40.02544963186332,optimal
2021-02-07 22:00:00,3,74,0.0,0.0,0.0,0.8009333333333333,10.584,6.0,0,19.64772978482011,55.0,0.0,0.0,0.0,0.0,0.0,39.744755346837046,optimal
2021-02-07 22:30:00,3,74,0.0,0.0,0.0,0.26416666666666666,6.678,6.0,0,19.52468714277043,55.0,0.0,0.0,0.0,0.0,0.0,39.70501059149021,optimal
2021-02-07 23:00:00,3,74,0.0,0.0,0.0,0.067,7.938,6.0,0,19.37676403930107,55.0,0.0,0.0,0.0,0.0,0.0,39.66530558089872,optimal
2021-02-07 23:30:00,3,74,0.0,0.0,0.0,0.17153333333333334,5.292,6.0,0,19.222811564640345,55.0,0.0,0.0,0.0,0.0,0.0,39.62564027531782,optimal
2021-02-08 00:00:00,3,74,2.2857142857142856,0.0,0.0,0.066,5.9745,6.0,0,19.222811564640345,55.0,0.0,8000.0,0.0,0.0,0.0,39.5860146350425,optimal
2021-02-08 00:30:00,3,74,2.2857142857142856,0.0,0.0,0.3450666666666667,7.938,6.0,0,19.37375961874692,55.0,0.07522169059011165,0.0,0.0,8000.0,0.0,39.54642862040746,optimal
2021-02-08 01:00:00,3,74,2.2857142857142856,0.0,0.0,0.21,8.6835,6.0,0,19.23222890291532,55.0,0.15177671451355662,0.0,0.0,8000.0,0.0,39.50688219178706,optimal
2021-02-08 01:30:00,3,74,2.2857142857142856,0.0,0.0,0.2348,7.665,6.0,0,19.088953616989215,55.0,0.15866666666666668,7210.333333333333,0.0,789.6666666666666,0.0,39.46737530959527,optimal
2021-02-08 02:00:00,3,74,2.2857142857142856,0.0,0.0,0.22853333333333334,6.7725,6.0,0,19.221858082722825,55.0,0.10533333333333333,8000.0,0.0,0.0,0.0,39.42790793428567,optimal
2021-02-08 02:30:00,3,74,2.2857142857142856,0.0,0.0,0.1247,5.5755,6.0,0,19.381191293969785,55.0,0.10533333333333333,8000.0,0.0,0.0,0.0,39.38848002635139,optimal
2021-02-08 03:00:00,3,74,2.2857142857142856,0.0,9.0,0.1042,5.0925,6.0,0,19.536829405063834,55.0,0.102,8000.0,0.0,0.0,0.0,43.62409154632503,optimal
2021-02-08 03:30:00,3,74,2.2857142857142856,0.0,9.0,0.203,4.1895,6.0,0,19.692182279723443,55.0,0.1,8000.0,0.0,0.0,0.0,47.855467454778704,optimal
2021-02-08 04:00:00,3,74,2.2857142857142856,0.0,0.0,0.086,7.056,6.0,0,19.850733023663988,55.0,0.09933333333333333,8000.0,0.0,0.0,0.0,47.807611987323924,optimal
2021-02-08 04:30:00,3,74,2.2857142857142856,0.0,1.1141185657337802,0.06633333333333333,5.271,6.0,0,19.998870882444596,55.0,0.098,8000.0,0.0,0.0,0.0,48.289010694060146,optimal
2021-02-08 05:00:00,3,74,2.2857142857142856,0.0,0.0,0.163,7.938,6.0,0,20.138764040478076,55.0,0.098,8000.0,0.0,0.0,0.0,48.240721683366075,optimal
2021-02-08 05:30:00,3,74,2.2857142857142856,0.0,0.0,0.067,7.938,6.0,0,20.275835024667163,55.0,0.098,8000.0,0.0,0.0,0.0,48.192480961682705,optimal
2021-02-08 06:00:00,3,74,2.2857142857142856,0.0,0.0,0.163,11.907,6.0,0,20.407532056507904,55.0,0.098,8000.0,0.0,0.0,0.0,48.144288480721016,optimal
2021-02-08 06:30:00,3,74,2.2857142857142856,0.0,0.0,0.065,11.025,6.0,0,20.541132667625014,55.0,0.092,8000.0,0.0,0.0,0.0,48.096144192240295,optimal
2021-02-08 07:00:00,3,74,2.2857142857142856,0.0,0.0,0.1178,11.2875,6.0,0,20.67454872137519,55.0,0.07333333333333335,8000.0,0.0,0.0,0.0,48.048048048048045,optimal
2021-02-08 07:30:00,3,74,0.0,0.0,0.0,0.1082,12.936,6.0,0,20.810258693601067,55.0,0.07200000000000001,0.0,0.0,0.0,0.0,48.0,optimal
2021-02-08 08:00:00,3,74,0.0,0.0,0.0,0.1176,13.0095,6.0,0,20.64692081919819,55.0,0.07,0.0,0.0,0.0,0.0,47.92321733221379,optimal
2021-02-08 08:30:00,3,74,0.0,0.0,0.0,1.6231,13.671,6.0,0,20.486765521764063,55.0,0.07,0.0,0.0,0.0,0.0,47.84651144709537,optimal
2021-02-08 09:00:00,3,74,2.2857142857142856,0.0,0.0,0.31260000000000004,13.188,6.0,0,20.316841777912437,55.0,0.07,8000.0,0.0,0.0,0.0,47.76988226786206,optimal
2021-02-08 09:30:00,3,74,0.0,0.0,0.0,0.259,13.8495,6.0,0,20.44700478320845,55.0,0.06533333333333334,0.0,0.0,0.0,0.0,47.693329717807984,optimal
2021-02-08 10:00:00,3,74,2.2857142857142856,0.0,0.0,1.7085,13.23,6.0,0,20.277625384074454,55.0,0.06333333333333334,8000.0,0.0,0.0,0.0,47.616853720303965,optimal
2021-02-08 10:30:00,3,74,2.2857142857142856,0.0,0.0,0.3225,13.3665,6.0,0,20.428053098960085,55.0,0.06333333333333334,8000.0,0.0,0.0,0.0,47.54045419879745,optimal
2021-02-08 11:00:00,3,74,2.2857142857142856,0.0,0.0,0.22426666666666667,13.0515,6.0,0,20.56060694359742,55.0,0.06333333333333334,8000.0,0.0,0.0,0.0,47.46413107681244,optimal
2021-02-08 11:30:00,3,74,2.2857142857142856,0.0,0.0,0.3926,13.5345,6.0,0,20.68628628116343,55.0,0.06333333333333334,8000.0,0.0,0.0,0.0,47.38788427794942,optimal
2021-02-08 12:00:00,3,74,0.0,0.0,0.0,1.9533,14.154,6.0,0,20.817493981662693,55.0,0.06333333333333334,0.0,0.0,0.0,0.0,47.311713725885255,optimal
2021-02-08 12:30:00,3,74,0.1372379105464567,0.0,0.0,2.5948,14.112,6.0,0,20.65275787726094,55.0,0.06333333333333334,480.3326869125985,0.0,0.0,0.0,47.23561934437316,optimal
2021-02-08 13:00:00,3,74,0.0,0.0,0.0,0.9672000000000001,14.2485,6.0,0,20.50746666005423,55.0,0.06333333333333334,0.0,0.0,0.0,0.0,47.15960105724258,optimal
2021-02-08 13:30:00,3,74,2.2857142857142856,0.0,0.0,0.091,12.789,6.0,0,20.33624856923831,55.0,0.06333333333333334,8000.0,0.0,0.0,0.0,47.08365878839913,optimal
2021-02-08 14:00:00,3,74,2.2857142857142856,0.0,0.0,0.139,13.0095,6.0,0,20.460809163829538,55.0,0.06333333333333334,8000.0,0.0,0.0,0.0,47.007792461824515,optimal
2021-02-08 14:30:00,3,74,2.2857142857142856,0.0,0.0,0.067,12.1275,6.0,0,20.58694536529645,55.0,0.06333333333333334,8000.0,0.0,0.0,0.0,46.93200200157648,optimal
2021-02-08 15:00:00,3,74,2.2857142857142856,0.0,0.0,0.067,12.348,6.0,0,20.707772816322944,55.0,0.06333333333333334,8000.0,0.0,0.0,0.0,46.85628733178869,optimal
2021-02-08 15:30:00,3,74,2.2857142857142856,0.0,0.0,0.27016666666666667,12.348,6.0,0,20.82605158327149,55.0,0.06333333333333334,8000.0,0.0,0.0,0.0,46.78064837667069,optimal
2021-02-08 16:00:00,3,74,0.0,0.0,0.0,0.17466666666666666,25.389,6.0,0,20.963003601860166,55.0,0.06333333333333334,0.0,0.0,0.0,0.0,46.70508506050781,optimal
2021-02-08 16:30:00,3,74,0.0,0.0,0.0,1.7007999999999999,29.1375,6.0,0,20.804376534806778,55.0,0.061333333333333344,0.0,0.0,0.0,0.0,46.62959730766109,optimal
2021-02-08 17:00:00,3,74,0.0,0.0,0.0,1.5635,30.597,6.0,0,20.685341040991478,55.0,0.06000000000000001,0.0,0.0,0.0,0.0,46.55418504256722,optimal
2021-02-08 17:30:00,3,74,0.0,0.0,0.0,0.067,33.684,6.0,0,20.549854615622174,55.0,0.06000000000000001,0.0,0.0,0.0,0.0,46.47884818973844,optimal
2021-02-08 18:00:00,3,74,0.0,0.0,0.0,0.163,32.445,6.0,0,20.364731926663936,55.0,0.06000000000000001,0.0,0.0,0.0,0.0,46.4035866737625,optimal
2021-02-08 18:30:00,3,74,0.0,0.0,0.0,0.067,28.917,6.0,0,20.18308270992163,55.0,0.06000000000000001,0.0,0.0,0.0,0.0,46.328400419302525,optimal
2021-02-08 19:00:00,3,74,1.359348259562357,0.0,0.0,0.115,15.876,6.0,0,20.0,55.0,0.06000000000000001,4757.7189084682495,0.0,0.0,0.0,46.25328935109701,optimal
2021-02-08 19:30:00,3,74,1.1261146783586742,0.0,0.0,1.2423,12.348,6.0,0,20.0,55.0,0.008666666666666666,3941.4013742553593,0.0,0.0,0.0,46.1782533939597,optimal
2021-02-08 20:00:00,3,74,1.179355382869262,0.0,0.0,0.7199,12.1275,6.0,0,20.0,55.0,0.008666666666666666,4127.743840042417,0.0,0.0,0.0,46.10329247277953,optimal
2021-02-08 20:30:00,3,74,0.0,0.0,0.0,2.6655666666666664,12.348,6.0,0,20.0,55.0,0.005999999999999998,0.0,0.0,0.0,0.0,46.02840651252054,optimal
2021-02-08 21:00:00,3,74,0.0,0.0,0.0,0.3362,12.1275,6.0,0,19.864419536081208,55.0,0.005333333333333332,0.0,0.0,0.0,0.0,45.98237810600802,optimal
2021-02-08 21:30:00,3,74,0.0,0.0,0.0,0.3509333333333333,12.1275,6.0,0,19.708998649856632,55.0,0.0,0.0,0.0,0.0,0.0,45.93639572790201,optimal
2021-02-08 22:00:00,3,74,0.0398095238095238,0.0,0.0,0.5456,11.2665,6.0,0,19.566708504558026,55.0,0.0,0.0,0.0,139.33333333333331,0.0,45.89045933217411,optimal
2021-02-08 22:30:00,3,74,0.6170476190476191,0.0,0.0,2.7345,10.143,6.0,0,19.435879262368406,55.0,0.0,0.0,0.0,2159.6666666666665,0.0,45.84456887284193,optimal
2021-02-08 23:00:00,3,74,0.0,0.0,0.0,2.6266,11.2455,6.0,0,19.319759966933383,55.0,0.0,0.0,0.0,0.0,0.0,45.79872430396909,optimal
2021-02-08 23:30:00,3,74,0.0,0.0,0.0,0.3653666666666667,11.025,6.0,0,19.181309026510288,55.0,0.0,0.0,0.0,0.0,0.0,45.75292557966512,optimal
2021-02-09 00:00:00,3,74,2.2857142857142856,0.0,6.149931102257944,0.055,10.584,6.0,0,19.181309026510288,55.0,0.0,8000.0,0.0,0.0,0.0,48.62838992765797,optimal
2021-02-09 00:30:00,3,74,2.2857142857142856,0.0,0.0,0.204,11.2455,6.0,0,19.31808527233945,55.0,0.07655502392344497,0.0,0.0,8000.0,0.0,48.579761537730306,optimal
2021-02-09 01:00:00,3,74,2.2857142857142856,0.0,0.0,0.1346,12.1275,6.0,0,19.158530026613963,55.0,0.15311004784688995,0.0,0.0,8000.0,0.0,48.53118177619257,optimal
2021-02-09 01:30:00,3,74,2.2857142857142856,0.0,0.0,0.09633333333333331,11.823,6.0,0,18.998334602427445,55.0,0.15533333333333332,7767.666666666667,0.0,232.33333333333334,0.0,48.48265059441637,optimal
2021-02-09 02:00:00,3,74,2.2857142857142856,0.0,0.0,0.09633333333333331,11.7705,6.0,0,19.12964345114541,55.0,0.15533333333333332,8000.0,0.0,0.0,0.0,48.434167943821954,optimal
2021-02-09 02:30:00,3,74,2.2857142857142856,0.0,0.0,0.2009333333333333,11.13,6.0,0,19.267520638811387,55.0,0.15533333333333332,8000.0,0.0,0.0,0.0,48.38573377587813,optimal
2021-02-09 03:00:00,3,74,2.2857142857142856,0.0,0.0,0.13766666666666666,11.6865,6.0,0,19.40850802570418,55.0,0.15533333333333332,8000.0,0.0,0.0,0.0,48.33734804210225,optimal
2021-02-09 03:30:00,3,74,2.2857142857142856,0.0,0.0,0.08816666666666667,10.7205,6.0,0,19.546257772327536,55.0,0.15533333333333332,8000.0,0.0,0.0,0.0,48.289010694060146,optimal
2021-02-09 04:00:00,3,74,2.2857142857142856,0.0,0.0,0.16776666666666668,11.424,6.0,0,19.681789066271175,55.0,0.15533333333333332,8000.0,0.0,0.0,0.0,48.240721683366075,optimal
2021-02-09 04:30:00,3,74,2.2857142857142856,0.0,0.0,0.13766666666666666,10.689,6.0,0,19.819982161797842,55.0,0.15533333333333332,8000.0,0.0,0.0,0.0,48.192480961682705,optimal
2021-02-09 05:00:00,3,74,2.2857142857142856,0.0,0.0,0.2009333333333333,11.361,6.0,0,19.954800712093075,55.0,0.15533333333333332,8000.0,0.0,0.0,0.0,48.144288480721016,optimal
2021-02-09 05:30:00,3,74,2.2857142857142856,0.0,0.0,0.055,11.571,6.0,0,20.08979083374189,55.0,0.15533333333333332,8000.0,0.0,0.0,0.0,48.096144192240295,optimal
2021-02-09 06:00:00,3,74,1.1903342050905714,0.0,0.0,0.3332,14.3745,6.0,0,20.218017610356934,55.0,0.15266666666666667,4166.169717817,0.0,0.0,0.0,48.048048048048045,optimal
2021-02-09 06:30:00,3,74,2.2857142857142856,0.0,0.0,0.35126666666666667,13.23,6.0,0,20.214672742212926,55.0,0.11066666666666666,8000.0,0.0,0.0,0.0,48.0,optimal
2021-02-09 07:00:00,3,74,2.2857142857142856,0.0,0.0,0.2058,13.9755,6.0,0,20.362696743076643,55.0,0.06466666666666666,8000.0,0.0,0.0,0.0,47.6201652185809,optimal
2021-02-09 07:30:00,3,74,0.0,0.0,0.0,0.1288,14.994,6.0,0,20.509367599200548,55.0,0.032,0.0,0.0,0.0,0.0,47.24071027194322,optimal
2021-02-09 08:00:00,3,74,2.2857142857142856,0.0,0.0,0.4261333333333333,13.671,6.0,0,20.35268766902884,55.0,0.020666666666666667,8000.0,0.0,0.0,0.0,46.86163478025218,optimal
2021-02-09 08:30:00,3,74,0.0,0.0,0.0,0.14766666666666667,15.981,6.0,0,20.508828067546652,55.0,0.020666666666666667,0.0,0.0,0.0,0.0,46.482938364052835,optimal
2021-02-09 09:00:00,3,74,0.0,0.0,0.0,0.433,15.6345,6.0,0,20.32104093692067,55.0,0.019333333333333334,0.0,0.0,0.0,0.0,46.10462064426969,optimal
2021-02-09 09:30:00,3,74,0.0,0.0,0.0,0.34286666666666665,16.5375,6.0,0,20.158434703588863,55.0,0.018,0.0,0.0,0.0,0.0,45.72668124220632,optimal
2021-02-09 10:00:00,3,74,2.2857142857142856,0.0,0.0,0.24066666666666664,14.7735,6.0,0,20.0,55.0,0.018,8000.0,0.0,0.0,0.0,45.34911977954501,optimal
2021-02-09 10:30:00,3,74,0.1496242642409389,0.0,0.0,0.2514333333333333,15.2145,6.0,0,20.140489741004725,55.0,0.018,523.6849248432861,0.0,0.0,0.0,44.97193587834637,optimal
2021-02-09 11:00:00,3,74,2.2857142857142856,0.0,0.0,0.4116666666666667,14.553,6.0,0,20.0,55.0,0.016666666666666666,8000.0,0.0,0.0,0.0,44.59512916104893,optimal
2021-02-09 11:30:00,3,74,2.2857142857142856,0.0,0.0,0.11143333333333334,14.3325,6.0,0,20.144604903216653,55.0,0.016666666666666666,8000.0,0.0,0.0,0.0,44.21869925046879,optimal
2021-02-09 12:00:00,3,74,2.2857142857142856,0.0,0.0,0.14766666666666667,14.595,6.0,0,20.27223876977981,55.0,0.016666666666666666,8000.0,0.0,0.0,0.0,43.84264576979922,optimal
2021-02-09 12:30:00,3,74,0.38400711086761846,0.0,0.0,0.2922666666666667,14.994,6.0,0,20.400505885390295,55.0,0.016666666666666666,1344.0248880366646,0.0,0.0,0.0,43.46696834261032,optimal
2021-02-09 13:00:00,3,74,2.2857142857142856,0.0,0.0,0.187,14.3325,6.0,0,20.285693305588545,55.0,0.014,8000.0,0.0,0.0,0.0,43.09166659284861,optimal
2021-02-09 13:30:00,3,74,2.2857142857142856,0.0,0.0,0.4564666666666666,13.8915,6.0,0,20.41990639589172,55.0,0.013333333333333334,8000.0,0.0,0.0,0.0,42.71674014483666,optimal
2021-02-09 14:00:00,3,74,2.2857142857142856,0.0,0.0,0.065,13.8915,6.0,0,20.562528744123654,55.0,0.013333333333333334,8000.0,0.0,0.0,0.0,42.342188623272726,optimal
2021-02-09 14:30:00,3,74,2.2857142857142856,0.0,0.0,0.2315,13.4715,6.0,0,20.68307026996593,55.0,0.013333333333333334,8000.0,0.0,0.0,0.0,41.968011653230356,optimal
2021-02-09 15:00:00,3,74,2.2857142857142856,0.0,0.0,0.1271,13.23,6.0,0,20.808274005398964,55.0,0.013333333333333334,8000.0,0.0,0.0,0.0,41.59420886015803,optimal
2021-02-09 15:30:00,3,74,2.2857142857142856,0.0,0.0,0.1146,13.8915,6.0,0,20.927899285874652,55.0,0.013333333333333334,8000.0,0.0,0.0,0.0,41.22077986987877,optimal
2021-02-09 16:00:00,3,74,0.0,0.0,0.0,0.34386666666666665,26.9325,6.0,0,21.045928301025665,55.0,0.013333333333333334,0.0,0.0,0.0,0.0,40.84772430858979,optimal
2021-02-09 16:30:00,3,74,0.0,0.0,0.0,0.20326666666666668,30.303,6.0,0,20.881119392483004,55.0,0.010666666666666666,0.0,0.0,0.0,0.0,40.4750418028621,optimal
2021-02-09 17:00:00,3,74,0.0,0.0,0.0,0.20166666666666663,32.886,6.0,0,20.719870136044214,55.0,0.009333333333333334,0.0,0.0,0.0,0.0,40.10273197964014,optimal
2021-02-09 17:30:00,3,74,0.0,0.0,0.0,0.5765,34.9965,6.0,0,20.565040322204606,55.0,0.009333333333333334,0.0,0.0,0.0,0.0,39.730794466241406,optimal
2021-02-09 18:00:00,3,74,0.0,0.0,0.0,0.26589999999999997,33.327,6.0,0,20.423260753235397,55.0,0.004666666666666667,0.0,0.0,0.0,0.0,39.359228890356064,optimal
2021-02-09 18:30:00,3,74,0.0,0.0,0.0,0.4646,31.122,6.0,0,20.27357966725353,55.0,0.001333333333333333,0.0,0.0,0.0,0.0,38.98803488004661,optimal
2021-02-09 19:00:00,3,74,0.0,0.0,0.0,0.29736666666666667,17.9025,6.0,0,20.138971942981062,55.0,0.001333333333333333,0.0,0.0,0.0,0.0,38.617212063747466,optimal
2021-02-09 19:30:00,3,74,0.9920139868815501,0.0,0.0,0.2808333333333333,15.6555,6.0,0,20.0,55.0,0.001333333333333333,3472.048954085425,0.0,0.0,0.0,38.24676007026462,optimal
2021-02-09 20:00:00,3,74,0.9623282725958207,0.0,0.0,0.4086666666666667,14.553,6.0,0,20.0,55.0,0.001333333333333333,3368.148954085372,0.0,0.0,0.0,37.87667852877526,optimal
2021-02-09 20:30:00,3,74,0.0,0.0,0.0,0.3353333333333333,14.3325,6.0,0,20.0,55.0,0.001333333333333333,0.0,0.0,0.0,0.0,37.506967068827386,optimal
2021-02-09 21:00:00,3,74,0.0,0.0,0.0,0.4441333333333333,13.335,6.0,0,19.876956611585562,55.0,0.0,0.0,0.0,0.0,0.0,37.13762532033946,optimal
2021-02-09 21:30:00,3,74,0.0,0.0,0.0,0.4557,12.1275,6.0,0,19.75501713709273,55.0,0.0,0.0,0.0,0.0,0.0,37.10048769501912,optimal
2021-02-09 22:00:00,3,74,0.0,0.0,0.0,0.2778,12.2955,6.0,0,19.638467151561887,55.0,0.0,0.0,0.0,0.0,0.0,37.0633872073241,optimal
2021-02-09 22:30:00,3,74,0.0199047619047619,0.0,0.0,0.3297,11.6865,6.0,0,19.50467545362928,55.0,0.0,0.0,0.0,69.66666666666666,0.0,37.02632382011677,optimal
2021-02-09 23:00:00,3,74,0.0,0.0,0.0,0.19156666666666664,11.466,6.0,0,19.37206758221219,55.0,0.0,0.0,0.0,0.0,0.0,36.98929749629666,optimal
2021-02-09 23:30:00,3,74,0.0,0.0,0.0,0.379,10.8045,6.0,0,19.23771526481909,55.0,0.0,0.0,0.0,0.0,0.0,36.95230819880036,optimal
2021-02-10 00:00:00,3,74,2.2857142857142856,0.0,0.0,0.13526666666666667,10.8045,6.0,0,19.23771526481909,55.0,0.0,7930.333333333333,0.0,69.66666666666666,0.0,36.91535589060156,optimal
2021-02-10 00:30:00,3,74,2.2857142857142856,0.0,0.0,0.1256,11.508,6.0,0,19.37510106794599,55.0,0.07655502392344497,0.0,0.0,8000.0,0.0,36.87844053471096,optimal
2021-02-10 01:00:00,3,74,2.2857142857142856,0.0,0.0,0.1712,11.508,6.0,0,19.208738153462427,55.0,0.14733333333333334,603.666666666667,0.0,7396.333333333333,0.0,36.84156209417625,optimal
2021-02-10 01:30:00,3,74,2.2857142857142856,0.0,0.0,0.0892,11.508,6.0,0,19.067438425873654,55.0,0.14733333333333334,8000.0,0.0,0.0,0.0,36.80472053208207,optimal
2021-02-10 02:00:00,3,74,2.2857142857142856,0.0,0.0,0.16066666666666665,11.844,6.0,0,19.201841869247364,55.0,0.14733333333333334,8000.0,0.0,0.0,0.0,36.76791581154999,optimal
2021-02-10 02:30:00,3,74,2.2857142857142856,0.0,0.0,0.13093333333333335,11.508,6.0,0,19.33672944179808,55.0,0.14733333333333334,8000.0,0.0,0.0,0.0,36.73114789573844,optimal
2021-02-10 03:00:00,3,74,2.2857142857142856,0.0,0.0,0.136,11.508,6.0,0,19.46922845010043,55.0,0.14733333333333334,8000.0,0.0,0.0,0.0,36.6944167478427,optimal
2021-02-10 03:30:00,3,74,2.2857142857142856,0.0,9.0,0.058,10.4475,6.0,0,19.600671258559856,55.0,0.14733333333333334,8000.0,0.0,0.0,0.0,40.93272233109486,optimal
2021-02-10 04:00:00,3,74,2.2857142857142856,0.0,6.767715553337021,0.058,10.8675,6.0,0,19.72794114332928,55.0,0.14733333333333334,8000.0,0.0,0.0,0.0,44.10645449659885,optimal
2021-02-10 04:30:00,3,74,2.2857142857142856,0.0,9.0,0.2388,10.542,6.0,0,19.854013326666422,55.0,0.14733333333333334,8000.0,0.0,0.0,0.0,48.33734804210225,optimal
2021-02-10 05:00:00,3,74,2.2857142857142856,0.0,0.0,0.058,11.025,6.0,0,19.984763393918833,55.0,0.14733333333333334,8000.0,0.0,0.0,0.0,48.289010694060146,optimal
2021-02-10 05:30:00,3,74,2.2857142857142856,0.0,0.0,0.1348,11.025,6.0,0,20.10653655031163,55.0,0.14733333333333334,8000.0,0.0,0.0,0.0,48.240721683366075,optimal
2021-02-10 06:00:00,3,74,2.2857142857142856,0.0,0.0,0.058,14.553,6.0,0,20.229113444850935,55.0,0.14733333333333334,8000.0,0.0,0.0,0.0,48.192480961682705,optimal
2021-02-10 06:30:00,3,74,2.2857142857142856,0.0,0.0,0.1348,13.0935,6.0,0,20.346704946696004,55.0,0.14733333333333334,8000.0,0.0,0.0,0.0,48.144288480721016,optimal
2021-02-10 07:00:00,3,74,2.2857142857142856,0.0,0.0,0.2573333333333333,15.6345,6.0,0,20.46796275550333,55.0,0.14733333333333334,8000.0,0.0,0.0,0.0,48.096144192240295,optimal
2021-02-10 07:30:00,3,74,0.0,0.0,0.0,0.2828,18.102,6.0,0,20.59607940655754,55.0,0.144,0.0,0.0,0.0,0.0,48.048048048048045,optimal
2021-02-10 08:00:00,3,74,0.0,0.0,0.0,0.2296,17.199,6.0,0,20.4255796700625,55.0,0.13866666666666666,0.0,0.0,0.0,0.0,48.0,optimal
2021-02-10 08:30:00,3,74,0.0,0.0,0.0,0.42560000000000003,18.2805,6.0,0,20.26076590343094,55.0,0.13466666666666666,0.0,0.0,0.0,0.0,47.42551566771942,optimal
2021-02-10 09:00:00,3,74,1.5552011293306474,0.0,0.0,0.3166666666666667,17.4615,6.0,0,20.101287392952973,55.0,0.08133333333333333,5443.203952657265,0.0,0.0,0.0,46.851605819771116,optimal
2021-02-10 09:30:00,3,74,0.0,0.0,0.0,0.3436,18.3225,6.0,0,20.150435107723467,55.0,0.07533333333333334,0.0,0.0,0.0,0.0,46.27826988167077,optimal
2021-02-10 10:00:00,3,74,1.0540639101348552,0.0,0.0,0.6164,17.094,6.0,0,20.0,55.0,0.072,3689.223685471993,0.0,0.0,0.0,45.70550727950852,optimal
2021-02-10 10:30:00,3,74,1.2208917770528072,0.0,0.0,0.2833333333333333,17.094,6.0,0,20.0,55.0,0.07,4273.121219684825,0.0,0.0,0.0,45.13331743994843,optimal
2021-02-10 11:00:00,3,74,2.2857142857142856,0.0,0.0,0.28363333333333335,17.094,6.0,0,20.0,55.0,0.07,8000.0,0.0,0.0,0.0,44.5616997902279,optimal
2021-02-10 11:30:00,3,74,0.24043210181997032,0.0,0.0,0.14933333333333335,17.3565,6.0,0,20.140963889337723,55.0,0.06733333333333333,841.5123563698961,0.0,0.0,0.0,43.99065375815709,optimal
2021-02-10 12:00:00,3,74,2.2857142857142856,0.0,0.0,0.28363333333333335,17.115,6.0,0,20.0,55.0,0.06733333333333333,8000.0,0.0,0.0,0.0,43.42017877211835,optimal
2021-02-10 12:30:00,3,74,2.2857142857142856,0.0,0.0,0.333,17.241,6.0,0,20.135807279995053,55.0,0.06133333333333333,8000.0,0.0,0.0,0.0,42.85027426106565,optimal
2021-02-10 13:00:00,3,74,2.2857142857142856,0.0,0.0,0.19146666666666667,17.094,6.0,0,20.271204001508412,55.0,0.06133333333333333,8000.0,0.0,0.0,0.0,42.280939654524005,optimal
2021-02-10 13:30:00,3,74,2.2857142857142856,0.0,0.0,0.15869999999999998,16.5165,6.0,0,20.40309170501201,55.0,0.059333333333333335,8000.0,0.0,0.0,0.0,41.7121743825889,optimal
2021-02-10 14:00:00,3,74,1.136492276952267,0.0,0.0,1.17,17.8185,6.0,0,20.541607478091457,55.0,0.056666666666666664,3977.7229693329346,0.0,0.0,0.0,41.14397787592573,optimal
2021-02-10 14:30:00,3,74,2.2857142857142856,0.0,0.0,0.5220666666666667,17.094,6.0,0,20.56825827267042,55.0,0.056,8000.0,0.0,0.0,0.0,40.57634956576922,optimal
2021-02-10 15:00:00,3,74,2.2857142857142856,0.0,0.0,1.2857,16.8945,6.0,0,20.71865218949282,55.0,0.056,8000.0,0.0,0.0,0.0,40.00928888392287,optimal
2021-02-10 15:30:00,3,74,2.2857142857142856,0.0,0.0,0.46713333333333334,18.123,6.0,0,20.87377847160521,55.0,0.056,8000.0,0.0,0.0,0.0,39.44279526275837,optimal
2021-02-10 16:00:00,3,74,0.0,0.0,0.0,0.5239,31.647,6.0,0,21.03180655053182,55.0,0.05466666666666667,0.0,0.0,0.0,0.0,38.87686813521503,optimal
2021-02-10 16:30:00,3,74,0.0,0.0,0.0,0.4262666666666666,34.9965,6.0,0,20.8873909308916,55.0,0.05,0.0,0.0,0.0,0.0,38.31150693479923,optimal
2021-02-10 17:00:00,3,74,0.0,0.0,0.0,0.4509333333333333,34.9965,6.0,0,20.737427227302142,55.0,0.046,0.0,0.0,0.0,0.0,37.746711095583855,optimal
2021-02-10 17:30:00,3,74,0.0,0.0,0.0,1.0027000000000001,34.9965,6.0,0,20.586072961774917,55.0,0.02266666666666667,0.0,0.0,0.0,0.0,37.18248005220769,optimal
2021-02-10 18:00:00,3,74,0.0,0.0,0.0,1.1965999999999999,34.9965,6.0,0,20.439201990726204,55.0,0.02266666666666667,0.0,0.0,0.0,0.0,36.618813239874896,optimal
2021-02-10 18:30:00,3,74,0.0,0.0,0.0,0.2183333333333333,34.9965,6.0,0,20.299770807926997,55.0,0.016,0.0,0.0,0.0,0.0,36.58219442663502,optimal
2021-02-10 19:00:00,3,74,0.0,0.0,0.0,0.3229666666666666,27.741,6.0,0,20.14769697071583,55.0,0.012666666666666666,0.0,0.0,0.0,0.0,36.545612232208384,optimal
2021-02-10 19:30:00,3,74,1.0881441370008056,0.0,0.0,0.5482333333333334,19.026,6.0,0,20.0,55.0,0.008,3808.50447950282,0.0,0.0,0.0,36.509066619976174,optimal
2021-02-10 20:00:00,3,74,1.130078644518489,0.0,0.0,0.6008333333333333,18.7215,6.0,0,20.0,55.0,0.008,3955.2752558147117,0.0,0.0,0.0,36.4725575533562,optimal
2021-02-10 20:30:00,3,74,0.0,0.0,0.0,1.221266666666667,17.4195,6.0,0,20.0,55.0,0.004666666666666667,0.0,0.0,0.0,0.0,36.43608499580284,optimal
2021-02-10 21:00:00,3,74,0.0,0.0,0.0,1.0209666666666668,16.758,6.0,0,19.857227058582346,55.0,0.0,0.0,0.0,0.0,0.0,36.39964891080703,optimal
2021-02-10 21:30:00,3,74,0.05971428571428571,0.0,0.0,0.4955,14.217,6.0,0,19.719933610935417,55.0,0.0,0.0,0.0,209.0,0.0,36.36324926189622,optimal
2021-02-10 22:00:00,3,74,0.0,0.0,0.0,0.3599333333333333,13.3665,6.0,0,19.56514446562699,55.0,0.0,0.0,0.0,0.0,0.0,36.326886012634326,optimal
2021-02-10 22:30:00,3,74,0.0,0.0,0.0,0.068,12.789,6.0,0,19.38425832001198,55.0,0.0,0.0,0.0,0.0,0.0,36.290559126621694,optimal
2021-02-10 23:00:00,3,74,0.0,0.0,0.0,0.1617333333333333,11.907,6.0,0,19.178092387758838,55.0,0.0,0.0,0.0,0.0,0.0,36.254268567495075,optimal
2021-02-10 23:30:00,3,74,0.0,0.0,0.0,0.15506666666666666,11.7075,6.0,0,18.975042106468695,55.0,0.0,0.0,0.0,0.0,0.0,36.21801429892758,optimal
2021-02-11 00:00:00,3,74,2.2857142857142856,0.0,0.0,0.064,11.025,6.0,0,18.975042106468695,55.0,0.0,8000.0,0.0,0.0,0.0,36.18179628462865,optimal
2021-02-11 00:30:00,3,74,2.2857142857142856,0.0,0.0,0.064,12.0855,6.0,0,19.07358696586794,55.0,0.07655502392344497,0.0,0.0,8000.0,0.0,36.14561448834402,optimal
2021-02-11 01:00:00,3,74,2.2857142857142856,0.0,0.0,0.23813333333333334,11.6865,6.0,0,18.871022233516136,55.0,0.12,3460.0,0.0,4540.0,0.0,36.10946887385568,optimal
2021-02-11 01:30:00,3,74,2.2857142857142856,0.0,0.0,0.11906666666666667,11.2245,6.0,0,18.808095124814507,55.0,0.12,8000.0,0.0,0.0,0.0,36.07335940498183,optimal
2021-02-11 02:00:00,3,74,2.2857142857142856,0.0,0.0,0.132,11.025,6.0,0,18.91216595198822,55.0,0.12,8000.0,0.0,0.0,0.0,36.03728604557685,optimal
2021-02-11 02:30:00,3,74,2.2857142857142856,0.0,7.814855277384434,0.22519999999999998,10.7835,6.0,0,19.01574421357669,55.0,0.12,8000.0,0.0,0.0,0.0,39.71330501628888,optimal
2021-02-11 03:00:00,3,74,2.2857142857142856,0.0,0.0,0.06733333333333333,11.025,6.0,0,19.12091474313379,55.0,0.12,8000.0,0.0,0.0,0.0,39.67359171127258,optimal
2021-02-11 03:30:00,3,74,2.2857142857142856,0.0,9.0,0.16219999999999998,10.584,6.0,0,19.21808683578479,55.0,0.12,8000.0,0.0,0.0,0.0,43.90891811956131,optimal
2021-02-11 04:00:00,3,74,2.2857142857142856,0.0,0.0,0.198,11.025,6.0,0,19.320280516398444,55.0,0.12,8000.0,0.0,0.0,0.0,43.86500920144174,optimal
2021-02-11 04:30:00,3,74,2.2857142857142856,0.0,9.0,0.10086666666666666,10.4265,6.0,0,19.425325609045288,55.0,0.12,8000.0,0.0,0.0,0.0,48.096144192240295,optimal
2021-02-11 05:00:00,3,74,2.2857142857142856,0.0,0.0,0.2642,12.789,6.0,0,19.525726013027185,55.0,0.07266666666666667,8000.0,0.0,0.0,0.0,48.048048048048045,optimal
2021-02-11 05:30:00,3,74,2.2857142857142856,0.0,0.0,0.1686,12.684,6.0,0,19.639111038098655,55.0,0.07266666666666667,8000.0,0.0,0.0,0.0,48.0,optimal
2021-02-11 06:00:00,3,74,2.2857142857142856,0.0,0.0,0.23613333333333333,16.254,6.0,0,19.75015693709135,55.0,0.07,8000.0,0.0,0.0,0.0,47.89929623869143,optimal
2021-02-11 06:30:00,3,74,2.2857142857142856,0.0,0.0,0.29369999999999996,17.64,6.0,0,19.859627238960165,55.0,0.06666666666666667,8000.0,0.0,0.0,0.0,47.798693181144166,optimal
2021-02-11 07:00:00,3,74,2.2857142857142856,0.0,0.0,0.2144,19.1625,6.0,0,19.9708968052067,55.0,0.011333333333333334,8000.0,0.0,0.0,0.0,47.69819072665445,optimal
2021-02-11 07:30:00,3,74,1.4387283779536972,0.0,0.0,0.4216666666666667,26.46,6.0,0,20.083355239646266,55.0,0.0033333333333333335,5035.54932283794,0.0,0.0,0.0,47.597788774619225,optimal
2021-02-11 08:00:00,3,74,2.2857142857142856,0.0,0.0,0.21353333333333332,20.79,6.0,0,20.088884808674013,55.0,0.0033333333333333335,8000.0,0.0,0.0,0.0,47.49748722453604,optimal
2021-02-11 08:30:00,3,74,0.0,0.0,0.0,0.35236666666666666,29.106,6.0,0,20.196953218416304,55.0,0.0,0.0,0.0,0.0,0.0,47.397285976002934,optimal
2021-02-11 09:00:00,3,74,2.2857142857142856,0.0,0.0,0.25053333333333333,19.1835,6.0,0,20.0,55.0,0.001333333333333333,7651.666666666667,0.0,348.3333333333333,0.0,47.29718492871836,optimal
2021-02-11 09:30:00,3,74,0.7143260198377045,0.0,0.0,0.3216,19.6665,6.0,0,20.08820247093097,55.0,0.0,2500.1410694319657,0.0,0.0,0.0,47.19718398248107,optimal
2021-02-11 10:00:00,3,74,1.2496343919027004,0.0,0.0,0.3487333333333333,19.404,6.0,0,20.0,55.0,0.0,4373.720371659451,0.0,0.0,0.0,47.09728303719002,optimal
2021-02-11 10:30:00,3,74,2.0539419718498975,0.0,0.0,0.19566666666666663,19.047,6.0,0,20.0,55.0,0.024,4680.796901474641,0.0,2508.0,0.0,46.99748199284426,optimal
2021-02-11 11:00:00,3,74,2.2857142857142856,0.0,0.0,0.3063333333333333,18.858,6.0,0,20.0,55.0,0.024,8000.0,0.0,0.0,0.0,46.89778074954284,optimal
2021-02-11 11:30:00,3,74,2.1398910482957216,0.0,0.0,0.3083333333333333,19.2675,6.0,0,20.122888161547166,55.0,0.007333333333333333,7489.618669035026,0.0,0.0,0.0,46.79817920748472,optimal
2021-02-11 12:00:00,3,74,2.2857142857142856,0.0,0.0,0.3182,18.963,6.0,0,20.232224781688124,55.0,0.001333333333333333,8000.0,0.0,0.0,0.0,46.698677266968666,optimal
2021-02-11 12:30:00,3,74,2.2857142857142856,0.0,0.0,0.23913333333333334,18.438,6.0,0,20.36712894344905,55.0,0.001333333333333333,8000.0,0.0,0.0,0.0,46.59927482839313,optimal
2021-02-11 13:00:00,3,74,2.2857142857142856,0.0,0.0,0.24086666666666667,18.7425,6.0,0,20.50425573734776,55.0,0.001333333333333333,8000.0,0.0,0.0,0.0,46.49997179225616,optimal
2021-02-11 13:30:00,3,74,2.2857142857142856,0.0,0.0,0.13633333333333333,15.2145,6.0,0,20.64038982918786,55.0,0.001333333333333333,8000.0,0.0,0.0,0.0,46.40076805915533,optimal
2021-02-11 14:00:00,3,74,2.2857142857142856,0.0,0.0,0.16353333333333334,17.7765,6.0,0,20.77224919555598,55.0,0.001333333333333333,8000.0,0.0,0.0,0.0,46.301663529787604,optimal
2021-02-11 14:30:00,3,74,2.2857142857142856,0.0,0.0,0.174,16.758,6.0,0,20.90483256177573,55.0,0.001333333333333333,8000.0,0.0,0.0,0.0,46.20265810494924,optimal
2021-02-11 15:00:00,3,74,2.2857142857142856,0.0,0.0,0.11893333333333334,16.422,6.0,0,21.033268440000242,55.0,0.001333333333333333,8000.0,0.0,0.0,0.0,46.10375168553572,optimal
2021-02-11 15:30:00,3,74,2.2857142857142856,0.0,0.0,0.22426666666666667,16.758,6.0,0,21.155129156895065,55.0,0.001333333333333333,8000.0,0.0,0.0,0.0,46.00494417254161,optimal
2021-02-11 16:00:00,3,74,0.0,0.0,0.0,0.14766666666666667,29.358,6.0,0,21.26898553681061,55.0,0.001333333333333333,0.0,0.0,0.0,0.0,45.9062354670605,optimal
2021-02-11 16:30:00,3,74,0.0,0.0,0.0,0.18986666666666668,34.9965,6.0,0,21.06694157194557,55.0,0.001333333333333333,0.0,0.0,0.0,0.0,45.80762547028487,optimal
2021-02-11 17:00:00,3,74,0.0,0.0,0.0,0.091,34.65,6.0,0,20.859917762593852,55.0,0.001333333333333333,0.0,0.0,0.0,0.0,45.709114083506016,optimal
2021-02-11 17:30:00,3,74,0.0,0.0,0.0,0.17033333333333334,34.9965,6.0,0,20.642651161333756,55.0,0.001333333333333333,0.0,0.0,0.0,0.0,45.61070120811394,optimal
2021-02-11 18:00:00,3,74,0.0,0.0,0.0,0.124,34.9965,6.0,0,20.42618051013974,55.0,0.001333333333333333,0.0,0.0,0.0,0.0,45.512386745597254,optimal
2021-02-11 18:30:00,3,74,0.0,0.0,0.0,0.4123,30.4815,6.0,0,20.207788207502972,55.0,0.0006666666666666665,0.0,0.0,0.0,0.0,45.414170597543084,optimal
2021-02-11 19:00:00,3,74,1.5977750309654268,0.0,0.0,0.4983,21.4305,6.0,0,20.0,55.0,0.0,5592.2126083789935,0.0,0.0,0.0,45.31605266563697,optimal
2021-02-11 19:30:00,3,74,1.7756740264505637,0.0,0.0,0.20086666666666667,14.3325,6.0,0,20.0,55.0,0.0,6214.859092576973,0.0,0.0,0.0,45.218032851662755,optimal
2021-02-11 20:00:00,3,74,1.82723016479285,0.0,0.0,0.2009,13.692,6.0,0,20.0,55.0,0.0,6395.305576774975,0.0,0.0,0.0,45.12011105750252,optimal
2021-02-11 20:30:00,3,74,0.0,0.0,0.0,0.7740666666666667,14.007,6.0,0,20.0,55.0,0.0,0.0,0.0,0.0,0.0,45.02228718513645,optimal
2021-02-11 21:00:00,3,74,0.0,0.0,0.0,0.3763333333333333,12.873,6.0,0,19.790739996113967,55.0,0.0,0.0,0.0,0.0,0.0,44.924561136642744,optimal
2021-02-11 21:30:00,3,74,0.11942857142857143,0.0,0.0,0.3453333333333333,12.684,6.0,0,19.574102474919588,55.0,0.0,0.0,0.0,418.0,0.0,44.826932814197534,optimal
2021-02-11 22:00:00,3,74,0.17914285714285713,0.0,0.0,0.3556666666666667,12.306,6.0,0,19.365132381734558,55.0,0.0,0.0,0.0,627.0,0.0,44.72940212007477,optimal
2021-02-11 22:30:00,3,74,0.836,0.0,0.0,0.16040000000000001,10.6365,6.0,0,19.162546793985292,55.0,0.024666666666666667,0.0,0.0,2926.0,0.0,44.63196895664612,optimal
2021-02-11 23:00:00,3,74,0.0,0.0,0.0,0.26139999999999997,11.2455,6.0,0,18.94729168980859,55.0,0.004,0.0,0.0,0.0,0.0,44.534633226380905,optimal
2021-02-11 23:30:00,3,74,0.0,0.0,0.0,0.3924666666666666,11.2455,6.0,0,18.731755817705086,55.0,0.0,0.0,0.0,0.0,0.0,44.49009859315452,optimal
2021-02-12 00:00:00,3,74,2.2857142857142856,0.0,0.0,0.062,10.3635,6.0,0,18.731755817705086,55.0,0.0,8000.0,0.0,0.0,0.0,44.44560849456137,optimal
2021-02-12 00:30:00,3,74,2.2857142857142856,0.0,0.0,0.205,10.8045,6.0,0,18.802370474863004,55.0,0.044382586847904276,3362.0196743940032,0.0,4637.980325605997,0.0,44.40116288606681,optimal
2021-02-12 01:00:00,3,74,2.2857142857142856,0.0,0.0,0.062,11.025,6.0,0,18.70312769156763,55.0,0.044382586847904276,8000.0,0.0,0.0,0.0,44.35676172318074,optimal
2021-02-12 01:30:00,3,74,2.2857142857142856,0.0,0.0,0.166,10.3635,6.0,0,18.774011760045752,55.0,0.044382586847904276,8000.0,0.0,0.0,0.0,44.31240496145756,optimal
2021-02-12 02:00:00,3,74,2.2857142857142856,0.0,0.0,0.101,10.8045,6.0,0,18.84908443315843,55.0,0.044382586847904276,8000.0,0.0,0.0,0.0,44.2680925564961,optimal
2021-02-12 02:30:00,3,74,2.2857142857142856,0.0,0.0,0.062,10.059,6.0,0,18.921945063704392,55.0,0.044382586847904276,8000.0,0.0,0.0,0.0,44.22382446393961,optimal
2021-02-12 03:00:00,3,74,2.2857142857142856,0.0,0.0,0.062,10.584,6.0,0,18.995475263564927,55.0,0.044382586847904276,8000.0,0.0,0.0,0.0,44.179600639475666,optimal
2021-02-12 03:30:00,3,74,2.2857142857142856,0.0,8.846162112139067,0.205,9.4185,6.0,0,19.071136707627385,55.0,0.044382586847904276,8000.0,0.0,0.0,0.0,48.33734804210225,optimal
2021-02-12 04:00:00,3,74,2.2857142857142856,0.0,0.0,0.062,10.3635,6.0,0,19.158056206650603,55.0,0.044382586847904276,8000.0,0.0,0.0,0.0,48.289010694060146,optimal
2021-02-12 04:30:00,3,74,2.2857142857142856,0.0,0.0,0.0685,9.8385,6.0,0,19.245362656752636,55.0,0.044382586847904276,8000.0,0.0,0.0,0.0,48.240721683366075,optimal
2021-02-12 05:00:00,3,74,2.2857142857142856,0.0,0.0,0.1985,11.067,6.0,0,19.338679657845695,55.0,0.044382586847904276,8000.0,0.0,0.0,0.0,48.192480961682705,optimal
2021-02-12 05:30:00,3,74,2.2857142857142856,0.0,0.0,0.065,10.8465,6.0,0,19.442599237031352,55.0,0.044382586847904276,8000.0,0.0,0.0,0.0,48.144288480721016,optimal
2021-02-12 06:00:00,3,74,2.2857142857142856,0.0,0.0,0.1825,13.671,6.0,0,19.547931519089918,55.0,0.044382586847904276,8000.0,0.0,0.0,0.0,48.096144192240295,optimal
2021-02-12 06:30:00,3,74,2.2857142857142856,0.0,0.0,0.1015,12.348,6.0,0,19.663960390913374,55.0,0.044382586847904276,8000.0,0.0,0.0,0.0,48.048048048048045,optimal
2021-02-12 07:00:00,3,74,2.2857142857142856,0.0,0.0,0.2336,14.3325,6.0,0,19.776902467453905,55.0,0.013715920181237606,8000.0,0.0,0.0,0.0,48.0,optimal
2021-02-12 07:30:00,3,74,2.2857142857142856,0.0,0.0,1.3135666666666665,15.393,6.0,0,19.91289669591068,55.0,0.01104925351457094,8000.0,0.0,0.0,0.0,47.84887197744991,optimal
2021-02-12 08:00:00,3,74,2.2857142857142856,0.0,0.0,0.073,13.587,6.0,0,20.0895419812177,55.0,0.009715920181237606,8000.0,0.0,0.0,0.0,47.69789508292237,optimal
2021-02-12 08:30:00,3,74,0.0,0.0,0.0,0.16263333333333332,16.1385,6.0,0,20.211757513093357,55.0,0.009715920181237606,0.0,0.0,0.0,0.0,47.547069165289365,optimal
2021-02-12 09:00:00,3,74,1.6947131701497273,0.0,0.0,0.1145,14.595,6.0,0,20.0,55.0,0.009715920181237606,5931.496095524046,0.0,0.0,0.0,47.39639407357399,optimal
2021-02-12 09:30:00,3,74,1.5505599801846106,0.0,0.0,0.062,14.637,6.0,0,20.0,55.0,0.009715920181237606,5426.959930646137,0.0,0.0,0.0,47.245869656950326,optimal
2021-02-12 10:00:00,3,74,1.2688353323972663,0.0,0.0,0.287,13.9125,6.0,0,20.0,55.0,0.009715920181237606,4440.923663390432,0.0,0.0,0.0,47.09549576474329,optimal
2021-02-12 10:30:00,3,74,2.2857142857142856,0.0,0.0,0.0665,13.3665,6.0,0,20.0,55.0,0.03658524075709497,5192.155999822906,0.0,2807.844000177094,0.0,46.94527224642846,optimal
2021-02-12 11:00:00,3,74,2.2857142857142856,0.0,0.0,0.1965,13.0095,6.0,0,20.025993422933652,55.0,0.03658524075709497,8000.0,0.0,0.0,0.0,46.795198951631946,optimal
2021-02-12 11:30:00,3,74,0.0,0.0,0.0,0.15133333333333335,13.8915,6.0,0,20.16500287708452,55.0,0.033251907423761634,0.0,0.0,0.0,0.0,46.64527573013022,optimal
2021-02-12 12:00:00,3,74,2.2857142857142856,0.0,0.0,0.226,13.188,6.0,0,20.0,55.0,0.03866666666666666,7016.157659116425,0.0,983.8423408835754,0.0,46.49550243185001,optimal
2021-02-12 12:30:00,3,74,2.2857142857142856,0.0,0.0,0.359,12.5685,6.0,0,20.103896902590183,55.0,0.03733333333333333,8000.0,0.0,0.0,0.0,46.345878906868066,optimal
2021-02-12 13:00:00,3,74,2.2857142857142856,0.0,0.0,0.2338,12.285,6.0,0,20.24964494434338,55.0,0.03733333333333333,8000.0,0.0,0.0,0.0,46.19640500541111,optimal
2021-02-12 13:30:00,3,74,2.2857142857142856,0.0,0.0,0.512,11.487,6.0,0,20.391755470013834,55.0,0.03733333333333333,8000.0,0.0,0.0,0.0,46.04708057785561,optimal
2021-02-12 14:00:00,3,74,2.2857142857142856,0.0,0.0,0.40323333333333333,11.802,6.0,0,20.53744189951703,55.0,0.034666666666666665,8000.0,0.0,0.0,0.0,45.897905474727665,optimal
2021-02-12 14:30:00,3,74,2.2857142857142856,0.0,0.0,0.3745,11.2245,6.0,0,20.676220347380397,55.0,0.033333333333333326,8000.0,0.0,0.0,0.0,45.74887954670285,optimal
2021-02-12 15:00:00,3,74,2.2857142857142856,0.0,0.0,0.072,11.025,6.0,0,20.814656322568787,55.0,0.033333333333333326,8000.0,0.0,0.0,0.0,45.600002644606064,optimal
2021-02-12 15:30:00,3,74,2.2857142857142856,0.0,0.0,0.2085,11.907,6.0,0,20.93019012966425,55.0,0.033333333333333326,8000.0,0.0,0.0,0.0,45.45127461941137,optimal
2021-02-12 16:00:00,3,74,0.0,0.0,0.0,0.0785,25.83,6.0,0,21.04836298813211,55.0,0.033333333333333326,0.0,0.0,0.0,0.0,45.302695322241874,optimal
2021-02-12 16:30:00,3,74,0.0,0.0,0.0,0.29056666666666664,28.035,6.0,0,20.857995603764724,55.0,0.029999999999999995,0.0,0.0,0.0,0.0,45.154264604369544,optimal
2021-02-12 17:00:00,3,74,0.0,0.0,0.0,0.176,28.119,6.0,0,20.679474536575718,55.0,0.029999999999999995,0.0,0.0,0.0,0.0,45.005982317215086,optimal
2021-02-12 17:30:00,3,74,0.0,0.0,0.0,0.3564,30.156,6.0,0,20.49060216245012,55.0,0.029999999999999995,0.0,0.0,0.0,0.0,44.857848312347784,optimal
2021-02-12 18:00:00,3,74,0.0,0.0,0.0,0.3664,29.1585,6.0,0,20.31977659193706,55.0,0.02666666666666666,0.0,0.0,0.0,0.0,44.70986244148535,optimal
2021-02-12 18:30:00,3,74,0.0,0.0,0.0,0.4860333333333334,26.712,6.0,0,20.163781626177066,55.0,0.025999999999999995,0.0,0.0,0.0,0.0,44.562024556493775,optimal
2021-02-12 19:00:00,3,74,0.893535710870148,0.0,0.0,0.3531666666666667,15.435,6.0,0,20.023244340627194,55.0,0.025999999999999995,3127.374988045518,0.0,0.0,0.0,44.414334509387196,optimal
2021-02-12 19:30:00,3,74,0.8892234324901944,0.0,0.0,3.338766666666667,13.566,6.0,0,20.0,55.0,0.0,3112.2820137156805,0.0,0.0,0.0,44.26679215232772,optimal
2021-02-12 20:00:00,3,74,0.9459648545448986,0.0,0.0,3.3750999999999998,12.789,6.0,0,20.0,55.0,0.0,3101.8769909071452,0.0,209.0,0.0,44.1193973376253,optimal
2021-02-12 20:30:00,3,74,0.0398095238095238,0.0,0.0,2.0127,12.1275,6.0,0,20.0,55.0,0.0,0.0,0.0,139.33333333333331,0.0,43.97214991773759,optimal
2021-02-12 21:00:00,3,74,0.0,0.0,0.0,0.3974,13.671,6.0,0,19.883274346544127,55.0,0.0,0.0,0.0,0.0,0.0,43.825049745269766,optimal
2021-02-12 21:30:00,3,74,0.17914285714285713,0.0,0.0,0.3418,10.668,6.0,0,19.727400691073008,55.0,0.005333333333333333,0.0,0.0,627.0,0.0,43.678096672974405,optimal
2021-02-12 22:00:00,3,74,0.0,0.0,0.0,0.8371000000000001,11.7285,6.0,0,19.569935039379597,55.0,0.0033333333333333335,0.0,0.0,0.0,0.0,43.53129055375134,optimal
2021-02-12 22:30:00,3,74,0.0,0.0,0.0,0.4864333333333333,11.025,6.0,0,19.433338604883136,55.0,0.001333333333333333,0.0,0.0,0.0,0.0,43.3846312406475,optimal
2021-02-12 23:00:00,3,74,0.0,0.0,0.0,0.47673333333333334,10.689,6.0,0,19.28723613563002,55.0,0.0,0.0,0.0,0.0,0.0,43.34124660940685,optimal
2021-02-12 23:30:00,3,74,0.0,0.0,0.0,0.40826666666666667,8.1585,6.0,0,19.15306673121955,55.0,0.0,0.0,0.0,0.0,0.0,43.297905362797444,optimal
2021-02-13 00:00:00,3,74,2.2857142857142856,0.0,0.0,0.056,9.3975,6.0,0,19.15306673121955,55.0,0.0,8000.0,0.0,0.0,0.0,43.254607457434645,optimal
2021-02-13 00:30:00,3,74,2.2857142857142856,0.0,0.0,0.1512,10.059,6.0,0,19.28160146772257,55.0,0.048666666666666664,2914.333333333333,0.0,5085.666666666667,0.0,43.21135284997721,optimal
2021-02-13 01:00:00,3,74,2.2857142857142856,0.0,0.0,0.1529,9.261,6.0,0,19.22155392073352,55.0,0.048666666666666664,8000.0,0.0,0.0,0.0,43.16814149712723,optimal
2021-02-13 01:30:00,3,74,2.2857142857142856,0.0,0.0,0.10529999999999999,8.1585,6.0,0,19.354032571315294,55.0,0.048666666666666664,8000.0,0.0,0.0,0.0,43.124973355630104,optimal
2021-02-13 02:00:00,3,74,2.2857142857142856,0.0,0.0,0.1631,9.4815,6.0,0,19.48394335474258,55.0,0.048666666666666664,8000.0,0.0,0.0,0.0,43.08184838227447,optimal
2021-02-13 02:30:00,3,74,2.2857142857142856,0.0,0.0,0.12229999999999999,8.379,6.0,0,19.615277735786588,55.0,0.048666666666666664,8000.0,0.0,0.0,0.0,43.0387665338922,optimal
2021-02-13 03:00:00,3,74,2.2857142857142856,0.0,0.0,0.1512,9.5235,6.0,0,19.743840436799182,55.0,0.048666666666666664,8000.0,0.0,0.0,0.0,42.99572776735831,optimal
2021-02-13 03:30:00,3,74,2.2857142857142856,0.0,0.0,0.158,8.1375,6.0,0,19.872281077915467,55.0,0.048666666666666664,8000.0,0.0,0.0,0.0,42.952732039590956,optimal
2021-02-13 04:00:00,3,74,2.2857142857142856,0.0,0.0,0.06620000000000001,10.0905,6.0,0,19.999298418658835,55.0,0.048666666666666664,8000.0,0.0,0.0,0.0,42.90977930755137,optimal
2021-02-13 04:30:00,3,74,2.2857142857142856,0.0,9.0,0.1036,7.539,6.0,0,20.121194508816686,55.0,0.048666666666666664,8000.0,0.0,0.0,0.0,47.14186952824382,optimal
2021-02-13 05:00:00,3,74,2.2857142857142856,0.0,2.3110595851939832,0.21580000000000002,7.938,6.0,0,20.24241014804368,55.0,0.048666666666666664,8000.0,0.0,0.0,0.0,48.192480961682705,optimal
2021-02-13 05:30:00,3,74,2.2857142857142856,0.0,0.0,0.05666666666666666,8.274,6.0,0,20.365767242595034,55.0,0.048666666666666664,8000.0,0.0,0.0,0.0,48.144288480721016,optimal
2021-02-13 06:00:00,3,74,2.2857142857142856,0.0,0.0,0.1901,9.261,6.0,0,20.481007448118312,55.0,0.048666666666666664,8000.0,0.0,0.0,0.0,48.096144192240295,optimal
2021-02-13 06:30:00,3,74,2.2857142857142856,0.0,0.0,0.7395,9.9225,6.0,0,20.598893262995407,55.0,0.04666666666666667,8000.0,0.0,0.0,0.0,48.048048048048045,optimal
2021-02-13 07:00:00,3,74,2.2857142857142856,0.0,0.0,0.3599,9.702,6.0,0,20.717513534622746,55.0,0.04533333333333334,8000.0,0.0,0.0,0.0,48.0,optimal
2021-02-13 07:30:00,3,74,2.2857142857142856,0.0,0.0,1.7199,10.584,6.0,0,20.8426879613422,55.0,0.042,8000.0,0.0,0.0,0.0,47.84138479304966,optimal
2021-02-13 08:00:00,3,74,2.2857142857142856,0.0,0.0,0.38146666666666657,10.143,6.0,0,20.991675726154007,55.0,0.042,8000.0,0.0,0.0,0.0,47.682928201306275,optimal
2021-02-13 08:30:00,3,74,0.0,0.0,0.0,0.2382,13.0095,6.0,0,21.120254726934284,55.0,0.042,0.0,0.0,0.0,0.0,47.524630066154636,optimal
2021-02-13 09:00:00,3,74,2.2857142857142856,0.0,0.0,0.255,11.025,6.0,0,20.920211134300356,55.0,0.042,8000.0,0.0,0.0,0.0,47.366490229138144,optimal
2021-02-13 09:30:00,3,74,0.0,0.0,0.0,0.2849,12.789,6.0,0,21.019584276213592,55.0,0.042,0.0,0.0,0.0,0.0,47.20850853195867,optimal
2021-02-13 10:00:00,3,74,2.2857142857142856,0.0,0.0,0.056,12.1275,6.0,0,20.819954009918444,55.0,0.042,8000.0,0.0,0.0,0.0,47.05068481647638,optimal
2021-02-13 10:30:00,3,74,2.2857142857142856,0.0,0.0,0.056,12.1695,6.0,0,20.921096034356797,55.0,0.042,8000.0,0.0,0.0,0.0,46.893018924709565,optimal
2021-02-13 11:00:00,3,74,2.2857142857142856,0.0,0.0,0.10546666666666668,12.306,6.0,0,21.02175677544968,55.0,0.042,8000.0,0.0,0.0,0.0,46.735510698834524,optimal
2021-02-13 11:30:00,3,74,0.0,0.0,0.0,0.2246,13.23,6.0,0,21.123476495257748,55.0,0.042,0.0,0.0,0.0,0.0,46.57815998118535,optimal
2021-02-13 12:00:00,3,74,0.0,0.0,0.0,0.056,13.671,6.0,0,20.928321373183486,55.0,0.042,0.0,0.0,0.0,0.0,46.42096661425383,optimal
2021-02-13 12:30:00,3,74,0.0,0.0,0.0,0.19653333333333334,13.9335,6.0,0,20.729202446908907,55.0,0.042,0.0,0.0,0.0,0.0,46.263930440689236,optimal
2021-02-13 13:00:00,3,74,0.41361324825820867,0.0,0.0,0.29996666666666666,13.293,6.0,0,20.540032558034365,55.0,0.04066666666666666,1447.6463689037303,0.0,0.0,0.0,46.10705130329821,optimal
2021-02-13 13:30:00,3,74,2.2857142857142856,0.0,0.0,0.2469,12.1065,6.0,0,20.411438772854815,55.0,0.04066666666666666,8000.0,0.0,0.0,0.0,45.95032904504458,optimal
2021-02-13 14:00:00,3,74,2.2857142857142856,0.0,0.0,0.056,11.571,6.0,0,20.527977378312265,55.0,0.04066666666666666,8000.0,0.0,0.0,0.0,45.79376350904921,optimal
2021-02-13 14:30:00,3,74,2.2857142857142856,0.0,0.0,0.175,11.025,6.0,0,20.6375135497927,55.0,0.04066666666666666,8000.0,0.0,0.0,0.0,45.637354538589825,optimal
2021-02-13 15:00:00,3,74,2.2857142857142856,0.0,0.0,0.1444,10.8465,6.0,0,20.751439187894203,55.0,0.04066666666666666,8000.0,0.0,0.0,0.0,45.4811019771009,optimal
2021-02-13 15:30:00,3,74,2.2857142857142856,0.0,0.0,0.05666666666666666,11.2455,6.0,0,20.86408197655803,55.0,0.04066666666666666,8000.0,0.0,0.0,0.0,45.32500566817346,optimal
2021-02-13 16:00:00,3,74,0.0,0.0,0.0,0.2734,23.8665,6.0,0,20.971396230866475,55.0,0.04066666666666666,0.0,0.0,0.0,0.0,45.16906545555495,optimal
2021-02-13 16:30:00,3,74,0.0,0.0,0.0,0.4493333333333333,27.4575,6.0,0,20.783442841114624,55.0,0.04066666666666666,0.0,0.0,0.0,0.0,45.01328118314906,optimal
2021-02-13 17:00:00,3,74,0.0,0.0,0.0,1.3115,27.3735,6.0,0,20.59622939046326,55.0,0.036,0.0,0.0,0.0,0.0,44.857652695015574,optimal
2021-02-13 17:30:00,3,74,0.0,0.0,0.0,0.8675,30.4605,6.0,0,20.43789641211096,55.0,0.034666666666666665,0.0,0.0,0.0,0.0,44.702179835370224,optimal
2021-02-13 18:00:00,3,74,0.0,0.0,0.0,0.233,30.0195,6.0,0,20.29159798409206,55.0,0.028,0.0,0.0,0.0,0.0,44.54686244858452,optimal
2021-02-13 18:30:00,3,74,0.0,0.0,0.0,0.5211,26.9325,6.0,0,20.140298475701325,55.0,0.021333333333333333,0.0,0.0,0.0,0.0,44.3917003791856,optimal
2021-02-13 19:00:00,3,74,0.9719524866259865,0.0,0.0,1.4729,14.595,6.0,0,20.0,55.0,0.021333333333333333,3401.833703190953,0.0,0.0,0.0,44.23669347185608,optimal
2021-02-13 19:30:00,3,74,0.9955748610616302,0.0,0.0,2.1328,12.4845,6.0,0,20.0,55.0,0.016666666666666666,3484.5120137157055,0.0,0.0,0.0,44.081841571433884,optimal
2021-02-13 20:00:00,3,74,1.0808296164496571,0.0,0.0,0.4313,12.1275,6.0,0,20.0,55.0,0.011333333333333334,3782.9036575738,0.0,0.0,0.0,43.927144522912116,optimal
2021-02-13 20:30:00,3,74,0.0,0.0,0.0,0.18553333333333333,12.1275,6.0,0,20.0,55.0,0.009333333333333334,0.0,0.0,0.0,0.0,43.77260217143887,optimal
2021-02-13 21:00:00,3,74,0.0,0.0,0.0,0.3257,12.789,6.0,0,19.862020154110215,55.0,0.007333333333333333,0.0,0.0,0.0,0.0,43.6182143623171,optimal
2021-02-13 21:30:00,3,74,0.0,0.0,0.0,0.158,11.907,6.0,0,19.725558367175836,55.0,0.006666666666666667,0.0,0.0,0.0,0.0,43.46398094100444,optimal
2021-02-13 22:00:00,3,74,0.0,0.0,0.0,0.29756666666666665,11.025,6.0,0,19.57858675781113,55.0,0.0,0.0,0.0,0.0,0.0,43.3099017531131,optimal
2021-02-13 22:30:00,3,74,0.23885714285714282,0.0,0.0,0.2852,8.2005,6.0,0,19.43591786757354,55.0,0.0006666666666666665,0.0,0.0,835.9999999999999,0.0,43.155976644409655,optimal
2021-02-13 23:00:00,3,74,0.0,0.0,0.0,0.35733333333333334,9.5655,6.0,0,19.295937897479803,55.0,0.0,0.0,0.0,0.0,0.0,43.11282066776525,optimal
2021-02-13 23:30:00,3,74,0.0,0.0,0.0,0.5717000000000001,7.056,6.0,0,19.156609035558905,55.0,0.0,0.0,0.0,0.0,0.0,43.06970784709748,optimal
2021-02-07 00:00:00,4,74,0.0,0.0,0.0,0.062,9.261,6.0,0,21.0,55.0,0.12,0.0,0.0,0.0,0.0,47.952,optimal
2021-02-07 00:30:00,4,74,0.0,0.0,0.0,0.062,10.3635,6.0,0,20.841285351235857,55.0,0.12,0.0,0.0,0.0,0.0,47.904047999999996,optimal
2021-02-07 01:00:00,4,74,0.0,0.0,0.0,0.08533333333333333,8.274,6.0,0,20.683123249675226,55.0,0.12,0.0,0.0,0.0,0.0,47.856143952,optimal
2021-02-07 01:30:00,4,74,0.0,0.0,0.0,0.243,7.7175,6.0,0,20.52638677170018,55.0,0.12,0.0,0.0,0.0,0.0,47.80828780804799,optimal
2021-02-07 02:00:00,4,74,0.22626905226878846,0.0,0.0,0.062,6.615,6.0,0,20.376589399074504,55.0,0.12466666666666666,304.2750162740929,0.0,487.6666666666667,0.0,47.76047952023995,optimal
2021-02-07 02:30:00,4,74,2.4285714285714284,0.0,0.0,0.11206666666666666,6.174,6.0,0,20.23237131396502,55.0,0.12466666666666666,8500.0,0.0,0.0,0.0,47.712719040719705,optimal
2021-02-07 03:00:00,4,74,2.4285714285714284,0.0,0.0,0.2266,3.906,6.0,0,20.398643213994667,55.0,0.12466666666666666,8500.0,0.0,0.0,0.0,47.66500632167899,optimal
2021-02-07 03:30:00,4,74,2.4285714285714284,0.0,0.0,0.0696,2.3415,6.0,0,20.566933680715145,55.0,0.12466666666666666,8500.0,0.0,0.0,0.0,47.61734131535731,optimal
2021-02-07 04:00:00,4,74,2.4285714285714284,0.0,0.0,0.2587333333333333,2.205,6.0,0,20.727348159805636,55.0,0.12466666666666666,8500.0,0.0,0.0,0.0,47.56972397404195,optimal
2021-02-07 04:30:00,4,74,2.4285714285714284,0.0,1.716197456914406,0.0658,0.882,6.0,0,20.892901543193577,55.0,0.12466666666666666,8500.0,0.0,0.0,0.0,48.33734804210225,optimal
2021-02-07 05:00:00,4,74,2.4285714285714284,0.0,0.0,0.14086666666666667,1.5435,6.0,0,21.049634859902117,55.0,0.12466666666666666,8500.0,0.0,0.0,0.0,48.289010694060146,optimal
2021-02-07 05:30:00,4,74,2.4285714285714284,0.0,0.0,0.16483333333333333,1.5435,6.0,0,21.20746780712047,55.0,0.12466666666666666,8500.0,0.0,0.0,0.0,48.240721683366075,optimal
2021-02-07 06:00:00,4,74,2.4285714285714284,0.0,0.0,0.16716666666666666,5.0715,6.0,0,21.364830468848517,55.0,0.12466666666666666,8500.0,0.0,0.0,0.0,48.192480961682705,optimal
2021-02-07 06:30:00,4,74,2.4285714285714284,0.0,0.0,0.12616666666666668,5.376,6.0,0,21.520938076867463,55.0,0.12466666666666666,8500.0,0.0,0.0,0.0,48.144288480721016,optimal
2021-02-07 07:00:00,4,74,2.4285714285714284,0.0,0.0,0.2082333333333333,5.0715,6.0,0,21.673562806763194,55.0,0.124,8500.0,0.0,0.0,0.0,48.096144192240295,optimal
2021-02-07 07:30:00,4,74,2.4285714285714284,0.0,0.0,0.7065,5.5125,6.0,0,21.83467195448706,55.0,0.10533333333333333,8500.0,0.0,0.0,0.0,48.048048048048045,optimal
2021-02-07 08:00:00,4,74,0.8143891467759451,0.0,0.0,2.975766666666667,9.261,6.0,0,22.0,55.0,0.05266666666666667,2850.3620137158077,0.0,0.0,0.0,48.0,optimal
2021-02-07 08:30:00,4,74,1.2355055720889947,0.0,0.0,1.048,11.7075,6.0,0,22.0,55.0,0.052,4324.269502311482,0.0,0.0,0.0,47.89224585611757,optimal
2021-02-07 09:00:00,4,74,0.0,0.0,0.0,0.177,12.348,6.0,0,22.0,55.0,0.052,0.0,0.0,0.0,0.0,47.78459946637902,optimal
2021-02-07 09:30:00,4,74,0.0,0.0,0.0,0.16753333333333334,12.348,6.0,0,21.812827902525488,55.0,0.052,0.0,0.0,0.0,0.0,47.67706072303021,optimal
2021-02-07 10:00:00,4,74,2.4285714285714284,0.0,0.0,0.10496666666666668,12.1275,6.0,0,21.627531436370433,55.0,0.052,8500.0,0.0,0.0,0.0,47.56962951842475,optimal
2021-02-07 10:30:00,4,74,0.0,0.0,0.0,0.20916666666666664,12.5265,6.0,0,21.76203773714645,55.0,0.052,0.0,0.0,0.0,0.0,47.46230574502389,optimal
2021-02-07 11:00:00,4,74,2.4285714285714284,0.0,0.0,0.11,11.7495,6.0,0,21.578315804219155,55.0,0.052,8500.0,0.0,0.0,0.0,47.35508929539644,optimal
2021-02-07 11:30:00,4,74,0.0,0.0,0.0,0.15516666666666665,13.23,6.0,0,21.711592573973686,55.0,0.052,0.0,0.0,0.0,0.0,47.247980062218616,optimal
2021-02-07 12:00:00,4,74,0.0,0.0,0.0,0.2850666666666667,14.3325,6.0,0,21.525371714029863,55.0,0.04933333333333333,0.0,0.0,0.0,0.0,47.14097793827397,optimal
2021-02-07 12:30:00,4,74,0.0,0.0,0.0,0.3068,14.994,6.0,0,21.34979524773602,55.0,0.048,0.0,0.0,0.0,0.0,47.034082816453264,optimal
2021-02-07 13:00:00,4,74,0.0,0.0,0.0,0.3752,14.8155,6.0,0,21.177630144517003,55.0,0.048,0.0,0.0,0.0,0.0,46.92729458975438,optimal
2021-02-07 13:30:00,4,74,0.0,0.0,0.0,0.32873333333333327,14.112,6.0,0,21.01001115250824,55.0,0.04533333333333334,0.0,0.0,0.0,0.0,46.820613151282195,optimal
2021-02-07 14:00:00,4,74,0.0,0.0,0.0,0.38339999999999996,14.007,6.0,0,20.846944454204163,55.0,0.044,0.0,0.0,0.0,0.0,46.71403839424848,optimal
2021-02-07 14:30:00,4,74,1.597834882853136,0.0,0.0,0.39313333333333333,13.23,6.0,0,20.69177986541323,55.0,0.044,5592.422089985976,0.0,0.0,0.0,46.607570211971804,optimal
2021-02-07 15:00:00,4,74,2.4285714285714284,0.0,0.0,0.6279,11.382,6.0,0,20.74857156388635,55.0,0.044,8500.0,0.0,0.0,0.0,46.5012084978774,optimal
2021-02-07 15:30:00,4,74,2.4285714285714284,0.0,0.0,0.4077,11.7495,6.0,0,20.928380150930607,55.0,0.042,8500.0,0.0,0.0,0.0,46.39495314549709,optimal
2021-02-07 16:00:00,4,74,0.0,0.0,0.0,0.4564666666666666,24.3285,6.0,0,21.098438959385334,55.0,0.037333333333333336,0.0,0.0,0.0,0.0,46.28880404846917,optimal
2021-02-07 16:30:00,4,74,0.0,0.0,0.0,0.2532,28.917,6.0,0,20.941521039296777,55.0,0.037333333333333336,0.0,0.0,0.0,0.0,46.18276110053827,optimal
2021-02-07 17:00:00,4,74,0.0,0.0,0.0,1.2788333333333333,31.3635,6.0,0,20.778526685230666,55.0,0.037333333333333336,0.0,0.0,0.0,0.0,46.076824195555304,optimal
2021-02-07 17:30:00,4,74,0.0,0.0,0.0,0.9925,33.306,6.0,0,20.63061077896845,55.0,0.036,0.0,0.0,0.0,0.0,45.97099322747732,optimal
2021-02-07 18:00:00,4,74,0.0,0.0,0.0,0.9531000000000001,31.3425,6.0,0,20.4724595561668,55.0,0.036,0.0,0.0,0.0,0.0,45.865268090367415,optimal
2021-02-07 18:30:00,4,74,0.0,0.0,0.0,0.2093333333333333,28.2555,6.0,0,20.31257820564863,55.0,0.034666666666666665,0.0,0.0,0.0,0.0,45.75964867839462,optimal
2021-02-07 19:00:00,4,74,0.0,0.0,0.0,0.081,15.6975,6.0,0,20.157081227275473,55.0,0.034666666666666665,0.0,0.0,0.0,0.0,45.6541348858338,optimal
2021-02-07 19:30:00,4,74,1.0821621407702748,0.0,0.0,0.4018,12.5475,6.0,0,20.0,55.0,0.034666666666666665,3787.567492695962,0.0,0.0,0.0,45.54872660706553,optimal
2021-02-07 20:00:00,4,74,0.9325640455321843,0.0,0.0,1.5773333333333333,12.0855,6.0,0,20.0,55.0,0.03333333333333333,3263.974159362645,0.0,0.0,0.0,45.44342373657604,optimal
2021-02-07 20:30:00,4,74,0.0,0.0,0.0,1.6526333333333334,11.907,6.0,0,20.0,55.0,0.032,0.0,0.0,0.0,0.0,45.33822616895703,optimal
2021-02-07 21:00:00,4,74,0.0,0.0,0.0,0.5666333333333333,12.5685,6.0,0,19.879038683177225,55.0,0.013653333333333333,0.0,0.0,0.0,0.0,45.23313379890564,optimal
2021-02-07 21:30:00,4,74,0.0,0.0,0.0,0.3408333333333333,13.146,6.0,0,19.752652655724386,55.0,0.005333333333333332,0.0,0.0,0.0,0.0,45.18790066510674,optimal
2021-02-07 22:00:00,4,74,0.0,0.0,0.0,0.4986333333333333,10.584,6.0,0,19.625026699861664,55.0,0.0,0.0,0.0,0.0,0.0,45.14271276444163,optimal
2021-02-07 22:30:00,4,74,0.0,0.0,0.0,0.32003333333333334,6.678,6.0,0,19.501488815818487,55.0,0.0,0.0,0.0,0.0,0.0,45.09757005167719,optimal
2021-02-07 23:00:00,4,74,0.0,0.0,0.0,0.1138,7.938,6.0,0,19.37608596868699,55.0,0.0,0.0,0.0,0.0,0.0,45.05247248162551,optimal
2021-02-07 23:30:00,4,74,0.0,0.0,0.0,0.19369999999999998,5.292,6.0,0,19.223875098093625,55.0,0.0,0.0,0.0,0.0,0.0,45.00742000914388,optimal
2021-02-08 00:00:00,4,74,2.4285714285714284,0.0,0.0,0.115,5.9745,6.0,0,19.223875098093625,55.0,0.0,8500.0,0.0,0.0,0.0,44.962412589134736,optimal
2021-02-08 00:30:00,4,74,2.4285714285714284,0.0,0.0,0.21953333333333333,7.938,6.0,0,19.39208507337725,55.0,0.08133971291866028,0.0,0.0,8500.0,0.0,44.9174501765456,optimal
2021-02-08 01:00:00,4,74,2.4285714285714284,0.0,0.0,0.1305,8.6835,6.0,0,19.24036076978585,55.0,0.104,6132.0,0.0,2368.0,0.0,44.87253272636905,optimal
2021-02-08 01:30:00,4,74,2.4285714285714284,0.0,0.0,0.0757,7.665,6.0,0,19.317524048585604,55.0,0.104,8500.0,0.0,0.0,0.0,44.827660193642686,optimal
2021-02-08 02:00:00,4,74,2.4285714285714284,0.0,0.0,0.19473333333333329,6.7725,6.0,0,19.480560427244768,55.0,0.104,8500.0,0.0,0.0,0.0,44.782832533449046,optimal
2021-02-08 02:30:00,4,74,2.4285714285714284,0.0,0.0,0.13246666666666668,5.5755,6.0,0,19.646072443444194,55.0,0.104,8500.0,0.0,0.0,0.0,44.738049700915596,optimal
2021-02-08 03:00:00,4,74,2.4285714285714284,0.0,0.0,0.062,5.0925,6.0,0,19.808153665330263,55.0,0.104,8500.0,0.0,0.0,0.0,44.69331165121468,optimal
2021-02-08 03:30:00,4,74,2.4285714285714284,0.0,7.969578114228404,0.0895,4.1895,6.0,0,19.96652772778473,55.0,0.104,8500.0,0.0,0.0,0.0,48.434167943821954,optimal
2021-02-08 04:00:00,4,74,2.4285714285714284,0.0,0.0,0.1692,7.056,6.0,0,20.123975951278236,55.0,0.104,8500.0,0.0,0.0,0.0,48.38573377587813,optimal
2021-02-08 04:30:00,4,74,2.4285714285714284,0.0,0.0,0.1305,5.271,6.0,0,20.28247187806236,55.0,0.104,8500.0,0.0,0.0,0.0,48.33734804210225,optimal
2021-02-08 05:00:00,4,74,2.4285714285714284,0.0,0.0,0.128,7.938,6.0,0,20.437078487793702,55.0,0.104,8500.0,0.0,0.0,0.0,48.289010694060146,optimal
2021-02-08 05:30:00,4,74,2.4285714285714284,0.0,0.0,0.12633333333333333,7.938,6.0,0,20.589194964619278,55.0,0.104,8500.0,0.0,0.0,0.0,48.240721683366075,optimal
2021-02-08 06:00:00,4,74,2.4285714285714284,0.0,0.0,0.072,11.907,6.0,0,20.738995335066782,55.0,0.104,8500.0,0.0,0.0,0.0,48.192480961682705,optimal
2021-02-08 06:30:00,4,74,2.4285714285714284,0.0,0.0,0.187,11.025,6.0,0,20.884845217296938,55.0,0.104,8500.0,0.0,0.0,0.0,48.144288480721016,optimal
2021-02-08 07:00:00,4,74,2.4285714285714284,0.0,0.0,0.1442,11.2875,6.0,0,21.033406500538703,55.0,0.104,8500.0,0.0,0.0,0.0,48.096144192240295,optimal
2021-02-08 07:30:00,4,74,0.0,0.0,0.0,0.14266666666666666,12.936,6.0,0,21.178638730921136,55.0,0.104,0.0,0.0,0.0,0.0,48.048048048048045,optimal
2021-02-08 08:00:00,4,74,0.0,0.0,0.0,0.22340000000000002,13.0095,6.0,0,21.004836782254998,55.0,0.104,0.0,0.0,0.0,0.0,48.0,optimal
2021-02-08 08:30:00,4,74,0.0,0.0,0.0,0.2439333333333333,13.671,6.0,0,20.841322772967107,55.0,0.10266666666666667,0.0,0.0,0.0,0.0,47.46119576450524,optimal
2021-02-08 09:00:00,4,74,0.0,0.0,0.0,0.4976666666666667,13.188,6.0,0,20.68176149160222,55.0,0.098,0.0,0.0,0.0,0.0,46.92293033324598,optimal
2021-02-08 09:30:00,4,74,0.0,0.0,0.0,0.20206666666666664,13.8495,6.0,0,20.533129154287362,55.0,0.08066666666666666,0.0,0.0,0.0,0.0,46.38520316741798,optimal
2021-02-08 10:00:00,4,74,1.7213056992212747,0.0,0.0,0.4482,13.23,6.0,0,20.381327607064364,55.0,0.07933333333333334,6024.569947274462,0.0,0.0,0.0,45.8480137287558,optimal
2021-02-08 10:30:00,4,74,0.0,0.0,0.0,0.2773333333333333,13.3665,6.0,0,20.47083843332685,55.0,0.07333333333333333,0.0,0.0,0.0,0.0,45.31136147953229,optimal
2021-02-08 11:00:00,4,74,2.4285714285714284,0.0,0.0,0.8071333333333334,13.0515,6.0,0,20.323032056241132,55.0,0.054,8500.0,0.0,0.0,0.0,44.775245882557996,optimal
2021-02-08 11:30:00,4,74,2.4285714285714284,0.0,0.0,1.6049666666666667,13.5345,6.0,0,20.502749383725828,55.0,0.054,8500.0,0.0,0.0,0.0,44.239666401180685,optimal
2021-02-08 12:00:00,4,74,0.0,0.0,0.0,0.369,14.154,6.0,0,20.707429681948003,55.0,0.05266666666666667,0.0,0.0,0.0,0.0,43.704622499284746,optimal
2021-02-08 12:30:00,4,74,0.0,0.0,0.0,0.3988,14.112,6.0,0,20.5669324167881,55.0,0.048666666666666664,0.0,0.0,0.0,0.0,43.170113641290705,optimal
2021-02-08 13:00:00,4,74,0.0,0.0,0.0,0.2831666666666667,14.2485,6.0,0,20.422579390170363,55.0,0.046,0.0,0.0,0.0,0.0,42.63613929215466,optimal
2021-02-08 13:30:00,4,74,2.4285714285714284,0.0,0.0,0.29583333333333334,12.789,6.0,0,20.27362271199087,55.0,0.046,8500.0,0.0,0.0,0.0,42.102698917367746,optimal
2021-02-08 14:00:00,4,74,2.4285714285714284,0.0,0.0,0.1707,13.0095,6.0,0,20.438342770177368,55.0,0.046,8500.0,0.0,0.0,0.0,41.56979198295562,optimal
2021-02-08 14:30:00,4,74,2.4285714285714284,0.0,0.0,0.127,12.1275,6.0,0,20.584677454703137,55.0,0.046,8500.0,0.0,0.0,0.0,41.037417955477906,optimal
2021-02-08 15:00:00,4,74,2.4285714285714284,0.0,0.0,0.1928,12.348,6.0,0,20.726578530114132,55.0,0.046,8500.0,0.0,0.0,0.0,40.50557630202767,optimal
2021-02-08 15:30:00,4,74,2.4285714285714284,0.0,0.0,0.22293333333333332,12.348,6.0,0,20.8682093424632,55.0,0.043333333333333335,8500.0,0.0,0.0,0.0,39.97426649023089,optimal
2021-02-08 16:00:00,4,74,0.0,0.0,0.0,0.29046666666666665,25.389,6.0,0,21.017197253781177,55.0,0.04066666666666666,0.0,0.0,0.0,0.0,39.4434879882459,optimal
2021-02-08 16:30:00,4,74,0.0,0.0,0.0,0.31110000000000004,29.1375,6.0,0,20.862693719924472,55.0,0.04066666666666666,0.0,0.0,0.0,0.0,38.9132402647629,optimal
2021-02-08 17:00:00,4,74,0.0,0.0,0.0,0.18419999999999997,30.597,6.0,0,20.70943078731126,55.0,0.04066666666666666,0.0,0.0,0.0,0.0,38.38352278900338,optimal
2021-02-08 17:30:00,4,74,0.0,0.0,0.0,0.3562333333333333,33.684,6.0,0,20.556267565645168,55.0,0.03,0.0,0.0,0.0,0.0,37.85433503071962,optimal
2021-02-08 18:00:00,4,74,0.0,0.0,0.0,0.2009333333333333,32.445,6.0,0,20.412347199100523,55.0,0.023333333333333334,0.0,0.0,0.0,0.0,37.32567646019414,optimal
2021-02-08 18:30:00,4,74,0.0,0.0,0.0,0.39353333333333335,28.917,6.0,0,20.27214868413421,55.0,0.016,0.0,0.0,0.0,0.0,36.79754654823919,optimal
2021-02-08 19:00:00,4,74,0.0,0.0,0.0,0.2518,15.876,6.0,0,20.142041039650806,55.0,0.013333333333333334,0.0,0.0,0.0,0.0,36.2699447661962,optimal
2021-02-08 19:30:00,4,74,1.094977535501517,0.0,0.0,0.2363,12.348,6.0,0,20.0,55.0,0.013333333333333334,3832.4213742553093,0.0,0.0,0.0,35.74287058593524,optimal
2021-02-08 20:00:00,4,74,1.0246925257264308,0.0,0.0,0.4624,12.1275,6.0,0,20.0,55.0,0.008,3586.423840042508,0.0,0.0,0.0,35.21632347985455,optimal
2021-02-08 20:30:00,4,74,0.0,0.0,0.0,0.481,12.348,6.0,0,20.0,55.0,0.008,0.0,0.0,0.0,0.0,34.690302920879944,optimal
2021-02-08 21:00:00,4,74,0.0,0.0,0.0,0.6341666666666667,12.1275,6.0,0,19.86591511506672,55.0,0.006,0.0,0.0,0.0,0.0,34.16480838246431,optimal
2021-02-08 21:30:00,4,74,0.0,0.0,0.0,0.49539999999999995,12.1275,6.0,0,19.729862456519474,55.0,0.002666666666666666,0.0,0.0,0.0,0.0,33.63983933858709,optimal
2021-02-08 22:00:00,4,74,0.0,0.0,0.0,0.5749,11.2665,6.0,0,19.592011258859156,55.0,0.0,0.0,0.0,0.0,0.0,33.11539526375374,optimal
2021-02-08 22:30:00,4,74,0.17914285714285713,0.0,0.0,0.3604,10.143,6.0,0,19.453173914982667,55.0,0.004666666666666667,0.0,0.0,627.0,0.0,33.082279868489984,optimal
2021-02-08 23:00:00,4,74,0.0,0.0,0.0,0.24203333333333332,11.2455,6.0,0,19.316464915369863,55.0,0.0,0.0,0.0,0.0,0.0,33.049197588621496,optimal
2021-02-08 23:30:00,4,74,0.0,0.0,0.0,0.09483333333333331,11.025,6.0,0,19.17131738768504,55.0,0.0,0.0,0.0,0.0,0.0,33.01614839103287,optimal
2021-02-09 00:00:00,4,74,2.4285714285714284,0.0,9.0,0.062,10.584,6.0,0,19.17131738768504,55.0,0.0,8500.0,0.0,0.0,0.0,37.258132242641835,optimal
2021-02-09 00:30:00,4,74,2.4285714285714284,0.0,0.0,0.14506666666666665,11.2455,6.0,0,19.32403427495242,55.0,0.058666666666666666,2369.333333333333,0.0,6130.666666666667,0.0,37.220874110399194,optimal
2021-02-09 01:00:00,4,74,2.4285714285714284,0.0,0.0,0.062,12.1275,6.0,0,19.24815037440217,55.0,0.058666666666666666,8500.0,0.0,0.0,0.0,37.1836532362888,optimal
2021-02-09 01:30:00,4,74,2.4285714285714284,0.0,0.0,0.062,11.823,6.0,0,19.401085279977973,55.0,0.058666666666666666,8500.0,0.0,0.0,0.0,37.14646958305251,optimal
2021-02-09 02:00:00,4,74,2.4285714285714284,0.0,0.0,0.062,11.7705,6.0,0,19.551639885616915,55.0,0.058666666666666666,8500.0,0.0,0.0,0.0,37.10932311346946,optimal
2021-02-09 02:30:00,4,74,2.4285714285714284,0.0,5.96785500271397,0.14506666666666665,11.13,6.0,0,19.69983659165862,55.0,0.058666666666666666,8500.0,0.0,0.0,0.0,39.90694491664512,optimal
2021-02-09 03:00:00,4,74,2.4285714285714284,0.0,0.0,0.062,11.6865,6.0,0,19.850235859303783,55.0,0.058666666666666666,8500.0,0.0,0.0,0.0,39.86703797172847,optimal
2021-02-09 03:30:00,4,74,2.4285714285714284,0.0,9.0,0.12133333333333332,10.7205,6.0,0,19.996563633959557,55.0,0.058666666666666666,8500.0,0.0,0.0,0.0,44.10217093375673,optimal
2021-02-09 04:00:00,4,74,2.4285714285714284,0.0,0.0,0.08573333333333333,11.424,6.0,0,20.144688761868885,55.0,0.058666666666666666,8500.0,0.0,0.0,0.0,44.05806876282297,optimal
2021-02-09 04:30:00,4,74,2.4285714285714284,0.0,9.0,0.064,10.689,6.0,0,20.29102099898432,55.0,0.058666666666666666,8500.0,0.0,0.0,0.0,48.289010694060146,optimal
2021-02-09 05:00:00,4,74,2.4285714285714284,0.0,0.0,0.15506666666666666,11.361,6.0,0,20.434141739622312,55.0,0.058666666666666666,8500.0,0.0,0.0,0.0,48.240721683366075,optimal
2021-02-09 05:30:00,4,74,2.4285714285714284,0.0,0.0,0.072,11.571,6.0,0,20.57810120214534,55.0,0.058666666666666666,8500.0,0.0,0.0,0.0,48.192480961682705,optimal
2021-02-09 06:00:00,4,74,0.0,0.0,0.0,0.1076,14.3745,6.0,0,20.71757923881945,55.0,0.058666666666666666,0.0,0.0,0.0,0.0,48.144288480721016,optimal
2021-02-09 06:30:00,4,74,2.4285714285714284,0.0,0.0,0.5493666666666667,13.23,6.0,0,20.537141194137245,55.0,0.05733333333333333,8500.0,0.0,0.0,0.0,48.096144192240295,optimal
2021-02-09 07:00:00,4,74,0.40380040501428127,0.0,0.0,0.9575,13.9755,6.0,0,20.696404530778373,55.0,0.05,1413.3014175499845,0.0,0.0,0.0,48.048048048048045,optimal
2021-02-09 07:30:00,4,74,0.0,0.0,0.0,0.3278666666666667,14.994,6.0,0,20.608378730628534,55.0,0.04666666666666667,0.0,0.0,0.0,0.0,48.0,optimal
2021-02-09 08:00:00,4,74,2.4285714285714284,0.0,0.0,0.07,13.671,6.0,0,20.453431975358477,55.0,0.04666666666666667,8500.0,0.0,0.0,0.0,47.70006255471623,optimal
2021-02-09 08:30:00,4,74,0.0,0.0,0.0,1.0564,15.981,6.0,0,20.58758380955922,55.0,0.04666666666666667,0.0,0.0,0.0,0.0,47.40042504687775,optimal
2021-02-09 09:00:00,4,74,0.0,0.0,0.0,0.11946666666666668,15.6345,6.0,0,20.404575371346443,55.0,0.04666666666666667,0.0,0.0,0.0,0.0,47.101087176547104,optimal
2021-02-09 09:30:00,4,74,0.0,0.0,0.0,0.07,16.5375,6.0,0,20.21804420357893,55.0,0.04666666666666667,0.0,0.0,0.0,0.0,46.80204864408679,optimal
2021-02-09 10:00:00,4,74,2.4285714285714284,0.0,0.0,0.14506666666666665,14.7735,6.0,0,20.034304980271052,55.0,0.04666666666666667,8500.0,0.0,0.0,0.0,46.503309150158934,optimal
2021-02-09 10:30:00,4,74,0.0,0.0,0.0,0.062,15.2145,6.0,0,20.178188249880062,55.0,0.04666666666666667,0.0,0.0,0.0,0.0,46.20486839572501,optimal
2021-02-09 11:00:00,4,74,1.308411573988986,0.0,0.0,0.10946666666666668,14.553,6.0,0,20.0,55.0,0.04666666666666667,4579.440508961452,0.0,0.0,0.0,45.906726082045516,optimal
2021-02-09 11:30:00,4,74,2.4285714285714284,0.0,0.0,0.09759999999999999,14.3325,6.0,0,20.0,55.0,0.04666666666666667,8500.0,0.0,0.0,0.0,45.608881910679706,optimal
2021-02-09 12:00:00,4,74,2.411315274075117,0.0,0.0,0.062,14.595,6.0,0,20.147595339317213,55.0,0.04666666666666667,8439.60345926291,0.0,0.0,0.0,45.31133558348526,optimal
2021-02-09 12:30:00,4,74,0.0,0.0,0.0,0.062,14.994,6.0,0,20.29065888905425,55.0,0.04666666666666667,0.0,0.0,0.0,0.0,45.01408680261801,optimal
2021-02-09 13:00:00,4,74,2.4285714285714284,0.0,0.0,0.14506666666666665,14.3325,6.0,0,20.114235431076242,55.0,0.04666666666666667,8500.0,0.0,0.0,0.0,44.71713527053163,optimal
2021-02-09 13:30:00,4,74,2.4285714285714284,0.0,0.0,0.062,13.8915,6.0,0,20.262071864050768,55.0,0.04666666666666667,8500.0,0.0,0.0,0.0,44.42048068997733,optimal
2021-02-09 14:00:00,4,74,2.4285714285714284,0.0,0.0,0.10766666666666669,13.8915,6.0,0,20.404919850015848,55.0,0.04666666666666667,8500.0,0.0,0.0,0.0,44.12412276400359,optimal
2021-02-09 14:30:00,4,74,2.4285714285714284,0.0,0.0,0.1174,13.4715,6.0,0,20.552238945252423,55.0,0.04666666666666667,8500.0,0.0,0.0,0.0,43.82806119595582,optimal
2021-02-09 15:00:00,4,74,2.4285714285714284,0.0,0.0,0.072,13.23,6.0,0,20.693425174793894,55.0,0.04666666666666667,8500.0,0.0,0.0,0.0,43.5322956894761,optimal
2021-02-09 15:30:00,4,74,2.4285714285714284,0.0,0.0,0.6255333333333333,13.8915,6.0,0,20.83080220352435,55.0,0.04430666666666667,8500.0,0.0,0.0,0.0,43.23682594850286,optimal
2021-02-09 16:00:00,4,74,0.0,0.0,0.0,1.26,26.9325,6.0,0,20.994724008386424,55.0,0.043333333333333335,0.0,0.0,0.0,0.0,42.94165167727059,optimal
2021-02-09 16:30:00,4,74,0.0,0.0,0.0,0.8988333333333334,30.303,6.0,0,20.845288770334857,55.0,0.04,0.0,0.0,0.0,0.0,42.64677258030956,optimal
2021-02-09 17:00:00,4,74,0.0,0.0,0.0,0.2867,32.886,6.0,0,20.693084187577252,55.0,0.035333333333333335,0.0,0.0,0.0,0.0,42.35218836244548,optimal
2021-02-09 17:30:00,4,74,0.0,0.0,0.0,2.2762333333333333,34.9965,6.0,0,20.544821756945762,55.0,0.030666666666666665,0.0,0.0,0.0,0.0,42.05789872879927,optimal
2021-02-09 18:00:00,4,74,0.0,0.0,0.0,0.9642333333333333,33.327,6.0,0,20.415835221575634,55.0,0.028306666666666667,0.0,0.0,0.0,0.0,41.76390338478671,optimal
2021-02-09 18:30:00,4,74,0.0,0.0,0.0,0.283,31.122,6.0,0,20.288707887200683,55.0,0.02133333333333333,0.0,0.0,0.0,0.0,41.47020203611816,optimal
2021-02-09 19:00:00,4,74,0.0,0.0,0.0,0.4254333333333333,17.9025,6.0,0,20.14088653550557,55.0,0.004,0.0,0.0,0.0,0.0,41.17679438879828,optimal
2021-02-09 19:30:00,4,74,0.9994044630720055,0.0,0.0,1.5315999999999999,15.6555,6.0,0,20.0,55.0,0.0033333333333333335,3497.915620752019,0.0,0.0,0.0,40.883680149125716,optimal
2021-02-09 20:00:00,4,74,0.8502520821196209,0.0,0.0,3.0199000000000003,14.553,6.0,0,20.0,55.0,0.0033333333333333335,2975.882287418673,0.0,0.0,0.0,40.59085902369282,optimal
2021-02-09 20:30:00,4,74,0.0,0.0,0.0,1.8239666666666667,14.3325,6.0,0,20.0,55.0,0.0033333333333333335,0.0,0.0,0.0,0.0,40.29833071938536,optimal
2021-02-09 21:00:00,4,74,0.0,0.0,0.0,0.336,13.335,6.0,0,19.877430378888356,55.0,0.0,0.0,0.0,0.0,0.0,40.00609494338221,optimal
2021-02-09 21:30:00,4,74,0.0,0.0,0.0,1.4088333333333332,12.1275,6.0,0,19.74020820319653,55.0,0.0,0.0,0.0,0.0,0.0,39.714151403155064,optimal
2021-02-09 22:00:00,4,74,0.0,0.0,0.0,1.3768,12.2955,6.0,0,19.60904253941927,55.0,0.0,0.0,0.0,0.0,0.0,39.422499806468146,optimal
2021-02-09 22:30:00,4,74,0.0,0.0,0.0,0.2896333333333333,11.6865,6.0,0,19.47445750597029,55.0,0.0,0.0,0.0,0.0,0.0,39.383077306661676,optimal
2021-02-09 23:00:00,4,74,0.0398095238095238,0.0,0.0,0.2258666666666667,11.466,6.0,0,19.343053687942536,55.0,0.0,0.0,0.0,139.33333333333331,0.0,39.343694229355016,optimal
2021-02-09 23:30:00,4,74,0.0,0.0,0.0,0.9023,10.8045,6.0,0,19.204502731433816,55.0,0.0,0.0,0.0,0.0,0.0,39.304350535125664,optimal
2021-02-10 00:00:00,4,74,2.4285714285714284,0.0,0.0,0.11523333333333333,10.8045,6.0,0,19.204502731433816,55.0,0.0,8500.0,0.0,0.0,0.0,39.26504618459054,optimal
2021-02-10 00:30:00,4,74,2.4285714285714284,0.0,0.0,0.1061,11.508,6.0,0,19.360194459459834,55.0,0.08133971291866028,0.0,0.0,8500.0,0.0,39.22578113840595,optimal
2021-02-10 01:00:00,4,74,2.4285714285714284,0.0,0.0,0.21753333333333333,11.508,6.0,0,19.193192670414554,55.0,0.08266666666666667,8361.333333333334,0.0,138.66666666666666,0.0,39.186555357267544,optimal
2021-02-10 01:30:00,4,74,2.4285714285714284,0.0,0.0,0.15633333333333335,11.508,6.0,0,19.345739833718294,55.0,0.08266666666666667,8500.0,0.0,0.0,0.0,39.147368801910275,optimal
2021-02-10 02:00:00,4,74,2.4285714285714284,0.0,0.0,0.169,11.844,6.0,0,19.498826223169292,55.0,0.08266666666666667,8500.0,0.0,0.0,0.0,39.10822143310836,optimal
2021-02-10 02:30:00,4,74,2.4285714285714284,0.0,0.0,0.20486666666666667,11.508,6.0,0,19.650007665646523,55.0,0.08266666666666667,8500.0,0.0,0.0,0.0,39.06911321167525,optimal
2021-02-10 03:00:00,4,74,2.4285714285714284,0.0,0.0,0.065,11.508,6.0,0,19.801116417746982,55.0,0.08266666666666667,8500.0,0.0,0.0,0.0,39.03004409846358,optimal
2021-02-10 03:30:00,4,74,2.4285714285714284,0.0,9.0,0.19793333333333332,10.4475,6.0,0,19.945538488697586,55.0,0.08266666666666667,8500.0,0.0,0.0,0.0,43.266014054365115,optimal
2021-02-10 04:00:00,4,74,2.4285714285714284,0.0,1.7585699421310086,0.17959999999999998,10.8675,6.0,0,20.09360510903342,55.0,0.08266666666666667,8500.0,0.0,0.0,0.0,44.05806876282297,optimal
2021-02-10 04:30:00,4,74,2.4285714285714284,0.0,9.0,0.07133333333333333,10.542,6.0,0,20.239450226616256,55.0,0.08266666666666667,8500.0,0.0,0.0,0.0,48.289010694060146,optimal
2021-02-10 05:00:00,4,74,2.4285714285714284,0.0,0.0,0.20366666666666663,11.025,6.0,0,20.378806188054032,55.0,0.08266666666666667,8500.0,0.0,0.0,0.0,48.240721683366075,optimal
2021-02-10 05:30:00,4,74,2.4285714285714284,0.0,0.0,0.08253333333333333,11.025,6.0,0,20.521129107500585,55.0,0.08266666666666667,8500.0,0.0,0.0,0.0,48.192480961682705,optimal
2021-02-10 06:00:00,4,74,2.4285714285714284,0.0,0.0,0.16513333333333333,14.553,6.0,0,20.656474070199064,55.0,0.08266666666666667,8500.0,0.0,0.0,0.0,48.144288480721016,optimal
2021-02-10 06:30:00,4,74,2.4285714285714284,0.0,0.0,0.19676666666666667,13.0935,6.0,0,20.792474975669865,55.0,0.08266666666666667,8500.0,0.0,0.0,0.0,48.096144192240295,optimal
2021-02-10 07:00:00,4,74,2.4285714285714284,0.0,0.0,2.2015,15.6345,6.0,0,20.930268850449966,55.0,0.08,8500.0,0.0,0.0,0.0,48.048048048048045,optimal
2021-02-10 07:30:00,4,74,0.0,0.0,0.0,0.42969999999999997,18.102,6.0,0,21.08673284147525,55.0,0.042666666666666665,0.0,0.0,0.0,0.0,48.0,optimal
2021-02-10 08:00:00,4,74,0.0,0.0,0.0,0.26103333333333334,17.199,6.0,0,20.92103157639138,55.0,0.042666666666666665,0.0,0.0,0.0,0.0,47.71844668252198,optimal
2021-02-10 08:30:00,4,74,0.0,0.0,0.0,0.32863333333333333,18.2805,6.0,0,20.755831200542854,55.0,0.04133333333333333,0.0,0.0,0.0,0.0,47.437174918361436,optimal
2021-02-10 09:00:00,4,74,0.0,0.0,0.0,0.26330000000000003,17.4615,6.0,0,20.582923552767742,55.0,0.038,0.0,0.0,0.0,0.0,47.15618442596505,optimal
2021-02-10 09:30:00,4,74,0.0,0.0,0.0,0.3248666666666667,18.3225,6.0,0,20.40681269726721,55.0,0.03666666666666667,0.0,0.0,0.0,0.0,46.875474924061066,optimal
2021-02-10 10:00:00,4,74,0.0,0.0,0.0,0.075,17.094,6.0,0,20.23278839640206,55.0,0.03666666666666667,0.0,0.0,0.0,0.0,46.59504613165898,optimal
2021-02-10 10:30:00,4,74,1.0012187440415181,0.0,0.0,0.16633333333333333,17.094,6.0,0,20.047144964405295,55.0,0.03666666666666667,3504.2656041453133,0.0,0.0,0.0,46.314897768049306,optimal
2021-02-10 11:00:00,4,74,2.4285714285714284,0.0,0.0,0.075,17.094,6.0,0,20.0,55.0,0.03666666666666667,8500.0,0.0,0.0,0.0,46.03502955280324,optimal
2021-02-10 11:30:00,4,74,0.17893329135630043,0.0,0.0,0.40686666666666665,17.3565,6.0,0,20.139313984668302,55.0,0.03666666666666667,626.2665197470515,0.0,0.0,0.0,45.755441205772414,optimal
2021-02-10 12:00:00,4,74,2.4285714285714284,0.0,0.0,0.3086666666666667,17.115,6.0,0,20.0,55.0,0.03666666666666667,8500.0,0.0,0.0,0.0,45.476132447088624,optimal
2021-02-10 12:30:00,4,74,2.4285714285714284,0.0,0.0,0.5940333333333333,17.241,6.0,0,20.161860717607627,55.0,0.03133333333333333,8500.0,0.0,0.0,0.0,45.19710299716352,optimal
2021-02-10 13:00:00,4,74,2.4285714285714284,0.0,0.0,0.41643333333333327,17.094,6.0,0,20.328732333454077,55.0,0.03133333333333333,8500.0,0.0,0.0,0.0,44.918352576688335,optimal
2021-02-10 13:30:00,4,74,2.4285714285714284,0.0,0.0,0.6151,16.5165,6.0,0,20.48898372897918,55.0,0.029333333333333333,8500.0,0.0,0.0,0.0,44.63988090663363,optimal
2021-02-10 14:00:00,4,74,2.269026129055358,0.0,0.0,0.3704333333333333,17.8185,6.0,0,20.657087082475883,55.0,0.02666666666666667,7941.591451693754,0.0,0.0,0.0,44.36168770824897,optimal
2021-02-10 14:30:00,4,74,2.4285714285714284,0.0,0.0,0.5449666666666667,17.094,6.0,0,20.797125725419992,55.0,0.02666666666666667,8500.0,0.0,0.0,0.0,44.08377270306271,optimal
2021-02-10 15:00:00,4,74,2.4285714285714284,0.0,0.0,0.18936666666666668,16.8945,6.0,0,20.966580220811455,55.0,0.02666666666666667,8500.0,0.0,0.0,0.0,43.806135612881626,optimal
2021-02-10 15:30:00,4,74,2.4285714285714284,0.0,0.0,0.29806666666666665,18.123,6.0,0,21.11812165216174,55.0,0.02666666666666667,8500.0,0.0,0.0,0.0,43.52877615979072,optimal
2021-02-10 16:00:00,4,74,0.0,0.0,0.0,0.075,31.647,6.0,0,21.259073914918176,55.0,0.02666666666666667,0.0,0.0,0.0,0.0,43.251694066152915,optimal
2021-02-10 16:30:00,4,74,0.0,0.0,0.0,0.16633333333333333,34.9965,6.0,0,21.068477755530555,55.0,0.02666666666666667,0.0,0.0,0.0,0.0,42.974889054608745,optimal
2021-02-10 17:00:00,4,74,0.0,0.0,0.0,0.075,34.9965,6.0,0,20.881230923396643,55.0,0.02666666666666667,0.0,0.0,0.0,0.0,42.69836084807611,optimal
2021-02-10 17:30:00,4,74,0.0,0.0,0.0,0.228,34.9965,6.0,0,20.690426246985375,55.0,0.024,0.0,0.0,0.0,0.0,42.422109169750016,optimal
2021-02-10 18:00:00,4,74,0.0,0.0,0.0,0.39803333333333335,34.9965,6.0,0,20.513731898873232,55.0,0.024,0.0,0.0,0.0,0.0,42.14613374310225,optimal
2021-02-10 18:30:00,4,74,0.0,0.0,0.0,0.23103333333333334,34.9965,6.0,0,20.34593488867915,55.0,0.021333333333333333,0.0,0.0,0.0,0.0,41.870434291881125,optimal
2021-02-10 19:00:00,4,74,0.0,0.0,0.0,0.2646,27.741,6.0,0,20.17172817207034,55.0,0.021333333333333333,0.0,0.0,0.0,0.0,41.595010540111225,optimal
2021-02-10 19:30:00,4,74,1.222963184619867,0.0,0.0,0.4756666666666667,19.026,6.0,0,20.0,55.0,0.016666666666666666,4280.371146169535,0.0,0.0,0.0,41.31986221209309,optimal
2021-02-10 20:00:00,4,74,1.2383072159470572,0.0,0.0,0.2499,18.7215,6.0,0,20.0,55.0,0.001333333333333333,4334.0752558147,0.0,0.0,0.0,41.04498903240298,optimal
2021-02-10 20:30:00,4,74,0.0,0.0,0.0,0.25856666666666667,17.4195,6.0,0,20.0,55.0,0.0,0.0,0.0,0.0,0.0,40.77039072589256,optimal
2021-02-10 21:00:00,4,74,0.0,0.0,0.0,0.4468333333333333,16.758,6.0,0,19.836398109976212,55.0,0.0,0.0,0.0,0.0,0.0,40.72962033516667,optimal
2021-02-10 21:30:00,4,74,0.09952380952380951,0.0,0.0,0.2947333333333333,14.217,6.0,0,19.684659310804665,55.0,0.0,0.0,0.0,348.3333333333333,0.0,40.68889071483151,optimal
2021-02-10 22:00:00,4,74,0.0,0.0,0.0,0.16633333333333333,13.3665,6.0,0,19.50364806703348,55.0,0.0,0.0,0.0,0.0,0.0,40.648201824116676,optimal
2021-02-10 22:30:00,4,74,0.0,0.0,0.0,0.075,12.789,6.0,0,19.299205615547958,55.0,0.0,0.0,0.0,0.0,0.0,40.607553622292556,optimal
2021-02-10 23:00:00,4,74,0.0,0.0,0.0,0.26576666666666665,11.907,6.0,0,19.090896610486123,55.0,0.0,0.0,0.0,0.0,0.0,40.56694606867026,optimal
2021-02-10 23:30:00,4,74,0.0,0.0,0.0,0.12743333333333334,11.7075,6.0,0,18.889375798767656,55.0,0.0,0.0,0.0,0.0,0.0,40.52637912260159,optimal
2021-02-11 00:00:00,4,74,2.4285714285714284,0.0,0.0,0.060233333333333326,11.025,6.0,0,18.889375798767656,55.0,0.0,8500.0,0.0,0.0,0.0,40.485852743478986,optimal
2021-02-11 00:30:00,4,74,2.4285714285714284,0.0,0.0,0.1849,12.0855,6.0,0,19.007450434891933,55.0,0.05,3275.0,0.0,5225.0,0.0,40.44536689073551,optimal
2021-02-11 01:00:00,4,74,2.4285714285714284,0.0,0.0,0.054,11.6865,6.0,0,18.933376334229987,55.0,0.05,8500.0,0.0,0.0,0.0,40.40492152384477,optimal
2021-02-11 01:30:00,4,74,2.4285714285714284,0.0,0.0,0.15996666666666667,11.2245,6.0,0,19.052684412631855,55.0,0.05,8500.0,0.0,0.0,0.0,40.364516602320926,optimal
2021-02-11 02:00:00,4,74,2.4285714285714284,0.0,0.0,0.16496666666666668,11.025,6.0,0,19.17485834479809,55.0,0.05,8500.0,0.0,0.0,0.0,40.3241520857186,optimal
2021-02-11 02:30:00,4,74,2.4285714285714284,0.0,0.0,0.060233333333333326,10.7835,6.0,0,19.29607073417597,55.0,0.05,8500.0,0.0,0.0,0.0,40.283827933632885,optimal
2021-02-11 03:00:00,4,74,2.4285714285714284,0.0,0.0,0.2647,11.025,6.0,0,19.41125914969844,55.0,0.05,8500.0,0.0,0.0,0.0,40.24354410569925,optimal
2021-02-11 03:30:00,4,74,2.4285714285714284,0.0,8.106283449236422,0.054,10.584,6.0,0,19.532118696296667,55.0,0.05,8500.0,0.0,0.0,0.0,44.053785199980844,optimal
2021-02-11 04:00:00,4,74,2.4285714285714284,0.0,0.0,0.19113333333333332,11.025,6.0,0,19.646262713191057,55.0,0.05,8500.0,0.0,0.0,0.0,44.009731414780866,optimal
2021-02-11 04:30:00,4,74,2.4285714285714284,0.0,9.0,0.1338,10.4265,6.0,0,19.76684698788595,55.0,0.05,8500.0,0.0,0.0,0.0,48.240721683366075,optimal
2021-02-11 05:00:00,4,74,2.4285714285714284,0.0,0.0,0.0727,12.789,6.0,0,19.88413842734858,55.0,0.05,8500.0,0.0,0.0,0.0,48.192480961682705,optimal
2021-02-11 05:30:00,4,74,2.4285714285714284,0.0,0.0,0.21803333333333333,12.684,6.0,0,19.99802624065371,55.0,0.05,8500.0,0.0,0.0,0.0,48.144288480721016,optimal
2021-02-11 06:00:00,4,74,2.4285714285714284,0.0,0.0,0.0882,16.254,6.0,0,20.118665374187767,55.0,0.05,8500.0,0.0,0.0,0.0,48.096144192240295,optimal
2021-02-11 06:30:00,4,74,2.4285714285714284,0.0,0.0,0.09763333333333334,17.64,6.0,0,20.23563490680995,55.0,0.05,8500.0,0.0,0.0,0.0,48.048048048048045,optimal
2021-02-11 07:00:00,4,74,2.4285714285714284,0.0,0.0,0.3091333333333333,19.1625,6.0,0,20.35421142664365,55.0,0.018986666666666666,8500.0,0.0,0.0,0.0,48.0,optimal
2021-02-11 07:30:00,4,74,0.0,0.0,0.0,0.062,26.46,6.0,0,20.48714869277281,55.0,0.013333333333333334,0.0,0.0,0.0,0.0,47.85724747563989,optimal
2021-02-11 08:00:00,4,74,0.5945803363953034,0.0,0.0,1.6739333333333335,20.79,6.0,0,20.29146501019877,55.0,0.012,2081.0311773835615,0.0,0.0,0.0,47.71463770380414,optimal
2021-02-11 08:30:00,4,74,0.0,0.0,0.0,0.2307,29.106,6.0,0,20.197312426169646,55.0,0.012,0.0,0.0,0.0,0.0,47.57217054174022,optimal
2021-02-11 09:00:00,4,74,2.4285714285714284,0.0,0.0,0.14846666666666666,19.1835,6.0,0,20.0,55.0,0.012,8500.0,0.0,0.0,0.0,47.42984584683837,optimal
2021-02-11 09:30:00,4,74,0.6225106698905027,0.0,0.0,0.3699666666666666,19.6665,6.0,0,20.107986270799746,55.0,0.012,2178.7873446167596,0.0,0.0,0.0,47.28766347663142,optimal
2021-02-11 10:00:00,4,74,1.3725029633312813,0.0,0.0,0.20980000000000001,19.404,6.0,0,20.0,55.0,0.012,4803.760371659485,0.0,0.0,0.0,47.14562328879468,optimal
2021-02-11 10:30:00,4,74,1.3845134004213346,0.0,0.0,0.20113333333333333,19.047,6.0,0,20.0,55.0,0.012,4845.796901474671,0.0,0.0,0.0,47.00372514114578,optimal
2021-02-11 11:00:00,4,74,2.4285714285714284,0.0,0.0,0.1438,18.858,6.0,0,20.0,55.0,0.012,8500.0,0.0,0.0,0.0,46.86196889164452,optimal
2021-02-11 11:30:00,4,74,0.4160586090024846,0.0,0.0,0.1388,19.2675,6.0,0,20.12974122565696,55.0,0.012,1456.2051315086962,0.0,0.0,0.0,46.720354398392764,optimal
2021-02-11 12:00:00,4,74,1.341594843480383,0.0,0.0,0.12633333333333333,18.963,6.0,0,20.0,55.0,0.012,4695.581952181341,0.0,0.0,0.0,46.57888151963426,optimal
2021-02-11 12:30:00,4,74,2.4285714285714284,0.0,0.0,0.1381,18.438,6.0,0,20.0,55.0,0.012,8500.0,0.0,0.0,0.0,46.43755011375451,optimal
2021-02-11 13:00:00,4,74,2.4285714285714284,0.0,0.0,0.0697,18.7425,6.0,0,20.149759728926494,55.0,0.012,8500.0,0.0,0.0,0.0,46.29636003928065,optimal
2021-02-11 13:30:00,4,74,2.4285714285714284,0.0,0.0,0.20113333333333333,15.2145,6.0,0,20.301652474165103,55.0,0.012,8500.0,0.0,0.0,0.0,46.15531115488126,optimal
2021-02-11 14:00:00,4,74,2.4285714285714284,0.0,0.0,0.1438,17.7765,6.0,0,20.458004075881465,55.0,0.012,8500.0,0.0,0.0,0.0,46.01440331936627,optimal
2021-02-11 14:30:00,4,74,2.4285714285714284,0.0,0.0,0.064,16.758,6.0,0,20.611667318460057,55.0,0.012,8500.0,0.0,0.0,0.0,45.87363639168679,optimal
2021-02-11 15:00:00,4,74,2.4285714285714284,0.0,0.0,0.07413333333333334,16.422,6.0,0,20.757587021792485,55.0,0.011333333333333334,8500.0,0.0,0.0,0.0,45.73301023093499,optimal
2021-02-11 15:30:00,4,74,2.4285714285714284,0.0,0.0,0.5497000000000001,16.758,6.0,0,20.913054034101446,55.0,0.008666666666666666,8500.0,0.0,0.0,0.0,45.59252469634394,optimal
2021-02-11 16:00:00,4,74,0.0,0.0,0.0,0.20486666666666667,29.358,6.0,0,21.09066659837468,55.0,0.003999999999999999,0.0,0.0,0.0,0.0,45.45217964728749,optimal
2021-02-11 16:30:00,4,74,0.0,0.0,0.0,0.4001,34.9965,6.0,0,20.93106781752417,55.0,0.003999999999999999,0.0,0.0,0.0,0.0,45.31197494328009,optimal
2021-02-11 17:00:00,4,74,0.0,0.0,0.0,1.6295666666666666,34.65,6.0,0,20.773044445602793,55.0,0.001333333333333333,0.0,0.0,0.0,0.0,45.1719104439767,optimal
2021-02-11 17:30:00,4,74,0.0,0.0,0.0,0.2865,34.9965,6.0,0,20.611595051184988,55.0,0.0006666666666666665,0.0,0.0,0.0,0.0,45.03198600917261,optimal
2021-02-11 18:00:00,4,74,0.0,0.0,0.0,0.45053333333333334,34.9965,6.0,0,20.432734618249846,55.0,0.0006666666666666665,0.0,0.0,0.0,0.0,44.89220149880333,optimal
2021-02-11 18:30:00,4,74,0.0,0.0,0.0,0.22576666666666667,30.4815,6.0,0,20.253603322859288,55.0,0.0,0.0,0.0,0.0,0.0,44.752556772944416,optimal
2021-02-11 19:00:00,4,74,1.1036567843601826,0.0,0.0,0.38939999999999997,21.4305,6.0,0,20.056118505330442,55.0,0.0,3862.798745260639,0.0,0.0,0.0,44.613051691811364,optimal
2021-02-11 19:30:00,4,74,1.6714359312124614,0.0,0.0,0.13333333333333333,14.3325,6.0,0,20.0,55.0,0.0,5850.025759243615,0.0,0.0,0.0,44.47368611575944,optimal
2021-02-11 20:00:00,4,74,1.7690396886023683,0.0,0.0,0.14456666666666668,13.692,6.0,0,20.0,55.0,0.0,6191.638910108289,0.0,0.0,0.0,44.33445990528357,optimal
2021-02-11 20:30:00,4,74,0.0,0.0,0.0,0.3401666666666667,14.007,6.0,0,20.0,55.0,0.0,0.0,0.0,0.0,0.0,44.195372921018176,optimal
2021-02-11 21:00:00,4,74,0.0,0.0,0.0,0.2824,12.873,6.0,0,19.77903683961625,55.0,0.0,0.0,0.0,0.0,0.0,44.05642502373705,optimal
2021-02-11 21:30:00,4,74,0.0,0.0,0.0,0.3233333333333333,12.684,6.0,0,19.559729081896496,55.0,0.0,0.0,0.0,0.0,0.0,43.9176160743532,optimal
2021-02-11 22:00:00,4,74,0.0398095238095238,0.0,0.0,0.6169333333333333,12.306,6.0,0,19.349000940050566,55.0,0.0,0.0,0.0,139.33333333333331,0.0,43.778945933918735,optimal
2021-02-11 22:30:00,4,74,0.0398095238095238,0.0,0.0,0.2732,10.6365,6.0,0,19.158219879152657,55.0,0.0,0.0,0.0,139.33333333333331,0.0,43.64041446362471,optimal
2021-02-11 23:00:00,4,74,0.0,0.0,0.0,0.38646666666666657,11.2455,6.0,0,18.951101946709663,55.0,0.0,0.0,0.0,0.0,0.0,43.50202152480097,optimal
2021-02-11 23:30:00,4,74,0.0,0.0,0.0,0.38746666666666657,11.2455,6.0,0,18.74525900882786,55.0,0.0,0.0,0.0,0.0,0.0,43.45851950327617,optimal
2021-02-12 00:00:00,4,74,2.4285714285714284,0.0,0.0,0.28663333333333335,10.3635,6.0,0,18.74525900882786,55.0,0.0,8430.333333333334,0.0,69.66666666666666,0.0,43.4150609837729,optimal
2021-02-12 00:30:00,4,74,2.4285714285714284,0.0,0.0,0.42406666666666665,10.8045,6.0,0,18.844594201983234,55.0,0.08133971291866028,0.0,0.0,8500.0,0.0,43.37164592278912,optimal
2021-02-12 01:00:00,4,74,2.4285714285714284,0.0,0.0,0.2581333333333333,11.025,6.0,0,18.627365934026535,55.0,0.15133333333333332,1185.666666666667,0.0,7314.333333333333,0.0,43.32827427686633,optimal
2021-02-12 01:30:00,4,74,2.4285714285714284,0.0,0.0,0.3463333333333333,10.3635,6.0,0,18.450276545785247,55.0,0.15133333333333332,8500.0,0.0,0.0,0.0,43.284946002589464,optimal
2021-02-12 02:00:00,4,74,2.4285714285714284,0.0,0.0,0.29933333333333334,10.8045,6.0,0,18.554454257151143,55.0,0.13933333333333334,8500.0,0.0,0.0,0.0,43.24166105658688,optimal
2021-02-12 02:30:00,4,74,2.4285714285714284,0.0,0.0,0.3433333333333333,10.059,6.0,0,18.657524920255366,55.0,0.11466666666666667,8500.0,0.0,0.0,0.0,43.198419395530294,optimal
2021-02-12 03:00:00,4,74,2.4285714285714284,0.0,0.0,0.30796666666666667,10.584,6.0,0,18.76407866027466,55.0,0.11466666666666667,8500.0,0.0,0.0,0.0,43.155220976134764,optimal
2021-02-12 03:30:00,4,74,2.4285714285714284,0.0,9.0,0.1585,9.4185,6.0,0,18.872045098042722,55.0,0.114,8500.0,0.0,0.0,0.0,47.38706575515863,optimal
2021-02-12 04:00:00,4,74,2.4285714285714284,0.0,0.0,0.18,10.3635,6.0,0,18.982059856301106,55.0,0.11333333333333333,8500.0,0.0,0.0,0.0,47.33967868940347,optimal
2021-02-12 04:30:00,4,74,2.4285714285714284,0.0,2.2000190134488062,0.19373333333333329,9.8385,6.0,0,19.095374650077886,55.0,0.11066666666666666,8500.0,0.0,0.0,0.0,48.33734804210225,optimal
2021-02-12 05:00:00,4,74,2.4285714285714284,0.0,0.0,0.2519,11.067,6.0,0,19.217753792226947,55.0,0.11066666666666666,8500.0,0.0,0.0,0.0,48.289010694060146,optimal
2021-02-12 05:30:00,4,74,2.4285714285714284,0.0,0.0,0.2168333333333333,10.8465,6.0,0,19.349750612992494,55.0,0.096,8500.0,0.0,0.0,0.0,48.240721683366075,optimal
2021-02-12 06:00:00,4,74,2.4285714285714284,0.0,0.0,0.067,13.671,6.0,0,19.48675154226884,55.0,0.059333333333333335,8500.0,0.0,0.0,0.0,48.192480961682705,optimal
2021-02-12 06:30:00,4,74,2.4285714285714284,0.0,0.0,0.1429,12.348,6.0,0,19.62395675859256,55.0,0.05466666666666667,8500.0,0.0,0.0,0.0,48.144288480721016,optimal
2021-02-12 07:00:00,4,74,2.4285714285714284,0.0,0.0,0.3479333333333333,14.3325,6.0,0,19.765472984515785,55.0,0.014,8500.0,0.0,0.0,0.0,48.096144192240295,optimal
2021-02-12 07:30:00,4,74,2.4285714285714284,0.0,0.0,0.1818333333333333,15.393,6.0,0,19.916934569582686,55.0,0.006666666666666667,8500.0,0.0,0.0,0.0,48.048048048048045,optimal
2021-02-12 08:00:00,4,74,2.4285714285714284,0.0,0.0,0.19073333333333328,13.587,6.0,0,20.053319312701515,55.0,0.0,8500.0,0.0,0.0,0.0,48.0,optimal
2021-02-12 08:30:00,4,74,0.32479345921092334,0.0,0.0,0.11273333333333332,16.1385,6.0,0,20.180421432953427,55.0,0.0,1136.7771072382318,0.0,0.0,0.0,47.598477565350215,optimal
2021-02-12 09:00:00,4,74,1.6806465034830373,0.0,0.0,0.16543333333333335,14.595,6.0,0,20.0,55.0,0.0,5882.26276219063,0.0,0.0,0.0,47.19735665313508,optimal
2021-02-12 09:30:00,4,74,1.4998171230417663,0.0,0.0,0.1693,14.637,6.0,0,20.0,55.0,0.0,5249.359930646182,0.0,0.0,0.0,46.79663686183216,optimal
2021-02-12 10:00:00,4,74,1.3782734276353616,0.0,0.0,0.12366666666666669,13.9125,6.0,0,20.0,55.0,0.0,4823.956996723766,0.0,0.0,0.0,46.396317790320545,optimal
2021-02-12 10:30:00,4,74,2.2882302935397996,0.0,0.0,0.2142,13.3665,6.0,0,20.0,55.0,0.024,5500.806027389299,0.0,2508.0,0.0,45.996399037880444,optimal
2021-02-12 11:00:00,4,74,2.4285714285714284,0.0,0.0,0.08226666666666667,13.0095,6.0,0,20.03264887592484,55.0,0.024,8500.0,0.0,0.0,0.0,45.59688020419278,optimal
2021-02-12 11:30:00,4,74,0.0,0.0,0.0,0.0854,13.8915,6.0,0,20.176679662268057,55.0,0.024,0.0,0.0,0.0,0.0,45.1977608893388,optimal
2021-02-12 12:00:00,4,74,2.4285714285714284,0.0,0.0,0.17286666666666667,13.188,6.0,0,20.0,55.0,0.024,8500.0,0.0,0.0,0.0,44.79904069379968,optimal
2021-02-12 12:30:00,4,74,2.4285714285714284,0.0,0.0,0.1618666666666667,12.5685,6.0,0,20.148689330382066,55.0,0.024,8500.0,0.0,0.0,0.0,44.400719218456096,optimal
2021-02-12 13:00:00,4,74,2.4285714285714284,0.0,0.0,0.069,12.285,6.0,0,20.296035878449768,55.0,0.024,8500.0,0.0,0.0,0.0,44.002796064587855,optimal
2021-02-12 13:30:00,4,74,2.4285714285714284,0.0,0.0,0.17833333333333334,11.487,6.0,0,20.438970785721125,55.0,0.024,8500.0,0.0,0.0,0.0,43.60527083387348,optimal
2021-02-12 14:00:00,4,74,2.4285714285714284,0.0,0.0,0.11309999999999999,11.802,6.0,0,20.583734851824858,55.0,0.024,8500.0,0.0,0.0,0.0,43.20814312838983,optimal
2021-02-12 14:30:00,4,74,2.4285714285714284,0.0,0.0,0.12869999999999998,11.2245,6.0,0,20.72374010108277,55.0,0.024,8500.0,0.0,0.0,0.0,42.81141255061166,optimal
2021-02-12 15:00:00,4,74,2.4285714285714284,0.0,0.0,0.17286666666666667,11.025,6.0,0,20.862073918204707,55.0,0.024,8500.0,0.0,0.0,0.0,42.41507870341126,optimal
2021-02-12 15:30:00,4,74,2.4285714285714284,0.0,0.0,0.1451,11.907,6.0,0,20.9998272921654,55.0,0.024,8500.0,0.0,0.0,0.0,42.019141190058065,optimal
2021-02-12 16:00:00,4,74,0.0,0.0,0.0,0.28676666666666667,25.83,6.0,0,21.133827550545202,55.0,0.02,0.0,0.0,0.0,0.0,41.62359961421822,optimal
2021-02-12 16:30:00,4,74,0.0,0.0,0.0,0.24616666666666662,28.035,6.0,0,20.95880361918288,55.0,0.02,0.0,0.0,0.0,0.0,41.22845357995422,optimal
2021-02-12 17:00:00,4,74,0.0,0.0,0.0,0.3025333333333334,28.119,6.0,0,20.779754193762223,55.0,0.018,0.0,0.0,0.0,0.0,40.83370269172448,optimal
2021-02-12 17:30:00,4,74,0.0,0.0,0.0,0.3168,30.156,6.0,0,20.601336886760635,55.0,0.012,0.0,0.0,0.0,0.0,40.43934655438297,optimal
2021-02-12 18:00:00,4,74,0.0,0.0,0.0,0.33116666666666666,29.1585,6.0,0,20.422360705573738,55.0,0.008666666666666666,0.0,0.0,0.0,0.0,40.0453847731788,optimal
2021-02-12 18:30:00,4,74,0.0,0.0,0.0,0.25730000000000003,26.712,6.0,0,20.25148970817916,55.0,0.004,0.0,0.0,0.0,0.0,40.00533938840562,optimal
2021-02-12 19:00:00,4,74,0.4371687749308576,0.0,0.0,0.31176666666666664,15.435,6.0,0,20.096484886780825,55.0,0.002,1530.0907122580015,0.0,0.0,0.0,39.965334049017216,optimal
2021-02-12 19:30:00,4,74,1.1214577182045,0.0,0.0,0.4643333333333333,13.566,6.0,0,20.0,55.0,0.0,3925.1020137157498,0.0,0.0,0.0,39.9253687149682,optimal
2021-02-12 20:00:00,4,74,1.1758962831163353,0.0,0.0,0.32293333333333335,12.789,6.0,0,20.0,55.0,0.0,4115.636990907174,0.0,0.0,0.0,39.88544334625323,optimal
2021-02-12 20:30:00,4,74,0.15923809523809523,0.0,0.0,0.2763,12.1275,6.0,0,20.0,55.0,0.0006666666666666665,0.0,0.0,557.3333333333334,0.0,39.84555790290698,optimal
2021-02-12 21:00:00,4,74,0.0,0.0,0.0,0.31626666666666664,13.671,6.0,0,19.840824746026605,55.0,0.0,0.0,0.0,0.0,0.0,39.805712345004075,optimal
2021-02-12 21:30:00,4,74,0.5175238095238095,0.0,0.0,0.4293333333333333,10.668,6.0,0,19.678625485207483,55.0,0.016666666666666666,0.0,0.0,1811.3333333333333,0.0,39.76590663265907,optimal
2021-02-12 22:00:00,4,74,0.0,0.0,0.0,0.3408333333333333,11.7285,6.0,0,19.525913614251195,55.0,0.0,0.0,0.0,0.0,0.0,39.72614072602641,optimal
2021-02-12 22:30:00,4,74,0.0,0.0,0.0,0.45,11.025,6.0,0,19.37092379457262,55.0,0.0,0.0,0.0,0.0,0.0,39.68641458530038,optimal
2021-02-12 23:00:00,4,74,0.0,0.0,0.0,0.2626,10.689,6.0,0,19.2220837907666,55.0,0.0,0.0,0.0,0.0,0.0,39.646728170715086,optimal
2021-02-12 23:30:00,4,74,0.0,0.0,0.0,0.069,8.1585,6.0,0,19.059117809356813,55.0,0.0,0.0,0.0,0.0,0.0,39.60708144254437,optimal
2021-02-13 00:00:00,4,74,2.4285714285714284,0.0,0.0,0.14936666666666668,9.3975,6.0,0,19.059117809356813,55.0,0.0,8500.0,0.0,0.0,0.0,39.56747436110182,optimal
2021-02-13 00:30:00,4,74,2.4285714285714284,0.0,0.0,0.054,10.059,6.0,0,19.216129603402926,55.0,0.062,2021.0,0.0,6479.0,0.0,39.52790688674072,optimal
2021-02-13 01:00:00,4,74,2.4285714285714284,0.0,0.0,0.054,9.261,6.0,0,19.1194630449367,55.0,0.062,8500.0,0.0,0.0,0.0,39.488378979853984,optimal
2021-02-13 01:30:00,4,74,2.4285714285714284,0.0,0.0,0.054,8.1585,6.0,0,19.26804894558077,55.0,0.062,8500.0,0.0,0.0,0.0,39.44889060087413,optimal
2021-02-13 02:00:00,4,74,2.4285714285714284,0.0,0.0,0.054,9.4815,6.0,0,19.41570708177673,55.0,0.062,8500.0,0.0,0.0,0.0,39.409441710273256,optimal
2021-02-13 02:30:00,4,74,2.4285714285714284,0.0,0.0,0.054,8.379,6.0,0,19.562446184457357,55.0,0.062,8500.0,0.0,0.0,0.0,39.37003226856298,optimal
2021-02-13 03:00:00,4,74,2.4285714285714284,0.0,0.0,0.054,9.5235,6.0,0,19.707804366319444,55.0,0.062,8500.0,0.0,0.0,0.0,39.330662236294415,optimal
2021-02-13 03:30:00,4,74,2.4285714285714284,0.0,1.1010287723881993,0.054,8.1375,6.0,0,19.85179462282413,55.0,0.062,8500.0,0.0,0.0,0.0,39.814320240942514,optimal
2021-02-13 04:00:00,4,74,2.4285714285714284,0.0,0.0,0.054,10.0905,6.0,0,19.99395929106428,55.0,0.062,8500.0,0.0,0.0,0.0,39.77450592070157,optimal
2021-02-13 04:30:00,4,74,2.4285714285714284,0.0,9.0,0.054,7.539,6.0,0,20.1343155511425,55.0,0.062,8500.0,0.0,0.0,0.0,44.009731414780866,optimal
2021-02-13 05:00:00,4,74,2.4285714285714284,0.0,9.0,0.054,7.938,6.0,0,20.27240988541263,55.0,0.062,8500.0,0.0,0.0,0.0,48.240721683366075,optimal
2021-02-13 05:30:00,4,74,2.4285714285714284,0.0,0.0,0.054,8.274,6.0,0,20.408263580228347,55.0,0.062,8500.0,0.0,0.0,0.0,48.192480961682705,optimal
2021-02-13 06:00:00,4,74,2.4285714285714284,0.0,0.0,0.054,9.261,6.0,0,20.54189772162339,55.0,0.062,8500.0,0.0,0.0,0.0,48.144288480721016,optimal
2021-02-13 06:30:00,4,74,2.4285714285714284,0.0,0.0,0.054,9.9225,6.0,0,20.6733331971967,55.0,0.062,8500.0,0.0,0.0,0.0,48.096144192240295,optimal
2021-02-13 07:00:00,4,74,2.4285714285714284,0.0,0.0,0.054,9.702,6.0,0,20.803061234051466,55.0,0.062,8500.0,0.0,0.0,0.0,48.048048048048045,optimal
2021-02-13 07:30:00,4,74,2.4285714285714284,0.0,0.0,0.14993333333333334,10.584,6.0,0,20.931097900417825,55.0,0.058666666666666666,8500.0,0.0,0.0,0.0,48.0,optimal
2021-02-13 08:00:00,4,74,2.4285714285714284,0.0,0.0,0.2164,10.143,6.0,0,21.070153969164153,55.0,0.05466666666666667,8500.0,0.0,0.0,0.0,47.6980186672317,optimal
2021-02-13 08:30:00,4,74,0.0,0.0,0.0,0.35033333333333333,13.0095,6.0,0,21.21704926364234,55.0,0.05466666666666667,0.0,0.0,0.0,0.0,47.39633931579617,optimal
2021-02-13 09:00:00,4,74,2.4285714285714284,0.0,0.0,0.054,11.025,6.0,0,21.031872370076243,55.0,0.05466666666666667,8500.0,0.0,0.0,0.0,47.094961643712075,optimal
2021-02-13 09:30:00,4,74,0.0,0.0,0.0,0.054,12.789,6.0,0,21.14510858273603,55.0,0.05466666666666667,0.0,0.0,0.0,0.0,46.79388534930006,optimal
2021-02-13 10:00:00,4,74,0.9937715819297916,0.0,0.0,0.054,12.1275,6.0,0,20.939688350271986,55.0,0.05466666666666667,3478.2005367542706,0.0,0.0,0.0,46.49311013118246,optimal
2021-02-13 10:30:00,4,74,2.4285714285714284,0.0,0.0,0.061,12.1695,6.0,0,20.86947485095853,55.0,0.05466666666666667,8500.0,0.0,0.0,0.0,46.192635688282984,optimal
2021-02-13 11:00:00,4,74,2.4285714285714284,0.0,0.0,0.28983333333333333,12.306,6.0,0,20.989415241695493,55.0,0.040986666666666664,8500.0,0.0,0.0,0.0,45.8924617198264,optimal
2021-02-13 11:30:00,4,74,0.0,0.0,0.0,0.08266666666666667,13.23,6.0,0,21.12265576594994,55.0,0.014,0.0,0.0,0.0,0.0,45.59258792533828,optimal
2021-02-13 12:00:00,4,74,0.0,0.0,0.0,0.9853333333333334,13.671,6.0,0,20.930006436121296,55.0,0.01,0.0,0.0,0.0,0.0,45.29301400464464,optimal
2021-02-13 12:30:00,4,74,0.0,0.0,0.0,1.184,13.9335,6.0,0,20.74828159682219,55.0,0.009333333333333334,0.0,0.0,0.0,0.0,44.9937396578717,optimal
2021-02-13 13:00:00,4,74,0.0,0.0,0.0,0.43446666666666656,13.293,6.0,0,20.58458033523992,55.0,0.008666666666666666,0.0,0.0,0.0,0.0,44.69476458544553,optimal
2021-02-13 13:30:00,4,74,2.4285714285714284,0.0,0.0,1.9543666666666664,12.1065,6.0,0,20.420915823383734,55.0,0.006,8500.0,0.0,0.0,0.0,44.39608848809179,optimal
2021-02-13 14:00:00,4,74,2.4285714285714284,0.0,0.0,1.0419666666666667,11.571,6.0,0,20.59670535044177,55.0,0.004666666666666667,8500.0,0.0,0.0,0.0,44.0977110668354,optimal
2021-02-13 14:30:00,4,74,2.4285714285714284,0.0,0.0,0.4365,11.025,6.0,0,20.75615961518832,55.0,0.004666666666666667,8500.0,0.0,0.0,0.0,43.79963202300027,optimal
2021-02-13 15:00:00,4,74,2.4285714285714284,0.0,0.0,0.3182,10.8465,6.0,0,20.916314071489783,55.0,0.0026666666666666666,8500.0,0.0,0.0,0.0,43.50185105820897,optimal
2021-02-13 15:30:00,4,74,2.4285714285714284,0.0,0.0,0.34753333333333336,11.2455,6.0,0,21.075268312938643,55.0,0.0026666666666666666,8500.0,0.0,0.0,0.0,43.20436787438246,optimal
2021-02-13 16:00:00,4,74,0.0,0.0,0.0,0.2781666666666667,23.8665,6.0,0,21.227315934853845,55.0,0.0006666666666666665,0.0,0.0,0.0,0.0,42.907182173739784,optimal
2021-02-13 16:30:00,4,74,0.0,0.0,0.0,1.3074666666666668,27.4575,6.0,0,21.063274840587358,55.0,0.0006666666666666665,0.0,0.0,0.0,0.0,42.610293658797744,optimal
2021-02-13 17:00:00,4,74,0.0,0.0,0.0,1.9737,27.3735,6.0,0,20.917073530774918,55.0,0.0,0.0,0.0,0.0,0.0,42.31370203237065,optimal
2021-02-13 17:30:00,4,74,0.0,0.0,0.0,0.3765333333333334,30.4605,6.0,0,20.75959274477249,55.0,0.0,0.0,0.0,0.0,0.0,42.01740699756998,optimal
2021-02-13 18:00:00,4,74,0.0,0.0,0.0,0.064,30.0195,6.0,0,20.577842970524067,55.0,0.0,0.0,0.0,0.0,0.0,41.72140825780411,optimal
2021-02-13 18:30:00,4,74,0.0,0.0,0.0,0.064,26.9325,6.0,0,20.383878083492146,55.0,0.0,0.0,0.0,0.0,0.0,41.425705516778,optimal
2021-02-13 19:00:00,4,74,0.0,0.0,0.0,0.064,14.595,6.0,0,20.191268009908107,55.0,0.0,0.0,0.0,0.0,0.0,41.130298478492925,optimal
2021-02-13 19:30:00,4,74,1.4453243848711628,0.0,0.0,0.064,12.4845,6.0,0,20.0,55.0,0.0,5058.635347049069,0.0,0.0,0.0,40.835186847246135,optimal
2021-02-13 20:00:00,4,74,1.4524677116877551,0.0,0.0,0.064,12.1275,6.0,0,20.0,55.0,0.0,5083.636990907143,0.0,0.0,0.0,40.54037032763059,optimal
2021-02-13 20:30:00,4,74,0.0,0.0,0.0,0.064,12.1275,6.0,0,20.0,55.0,0.0,0.0,0.0,0.0,0.0,40.24584862453466,optimal
2021-02-13 21:00:00,4,74,0.0,0.0,0.0,0.064,12.789,6.0,0,19.80864981576559,55.0,0.0,0.0,0.0,0.0,0.0,39.951621443141825,optimal
2021-02-13 21:30:00,4,74,0.0,0.0,0.0,0.064,11.907,6.0,0,19.61910037481102,55.0,0.0,0.0,0.0,0.0,0.0,39.65768848893038,optimal
2021-02-13 22:00:00,4,74,0.0,0.0,0.0,0.064,11.025,6.0,0,19.4308641947713,55.0,0.0,0.0,0.0,0.0,0.0,39.364049467673155,optimal
2021-02-13 22:30:00,4,74,0.0796190476190476,0.0,0.0,0.064,8.2005,6.0,0,19.243928916913788,55.0,0.002666666666666666,0.0,0.0,278.66666666666663,0.0,39.070704085437185,optimal
2021-02-13 23:00:00,4,74,0.0,0.0,0.0,0.08226666666666667,9.5655,6.0,0,19.059223370953667,55.0,0.0,0.0,0.0,0.0,0.0,38.77765204858345,optimal
2021-02-13 23:30:00,4,74,0.0,0.0,0.0,0.24916666666666662,7.056,6.0,0,18.888248303223275,55.0,0.0,0.0,0.0,0.0,0.0,38.73887439653487,optimal
2021-02-07 00:00:00,5,74,0.0,0.0,0.0,0.11066666666666669,9.261,6.0,0,21.0,55.0,0.12,0.0,0.0,0.0,0.0,47.952,optimal
2021-02-07 00:30:00,5,74,0.0,0.0,0.0,0.07546666666666667,10.3635,6.0,0,20.84318870133739,55.0,0.12,0.0,0.0,0.0,0.0,47.904047999999996,optimal
2021-02-07 01:00:00,5,74,0.0,0.0,0.0,0.051333333333333335,8.274,6.0,0,20.68558709552373,55.0,0.12,0.0,0.0,0.0,0.0,47.856143952,optimal
2021-02-07 01:30:00,5,74,0.0,0.0,0.0,0.1978,7.7175,6.0,0,20.528409622422878,55.0,0.12,0.0,0.0,0.0,0.0,47.80828780804799,optimal
2021-02-07 02:00:00,5,74,1.8460331388703541,0.0,0.0,0.1308,6.615,6.0,0,20.381373584983606,55.0,0.12,6461.115986046239,0.0,0.0,0.0,47.76047952023995,optimal
2021-02-07 02:30:00,5,74,2.2857142857142856,0.0,0.0,0.052,6.174,6.0,0,20.471517677044066,55.0,0.12,8000.0,0.0,0.0,0.0,47.712719040719705,optimal
2021-02-07 03:00:00,5,74,2.2857142857142856,0.0,0.0,0.2786,3.906,6.0,0,20.61483053797737,55.0,0.12,8000.0,0.0,0.0,0.0,47.66500632167899,optimal
2021-02-07 03:30:00,5,74,2.2857142857142856,0.0,0.0,0.052,2.3415,6.0,0,20.76438296642226,55.0,0.12,8000.0,0.0,0.0,0.0,47.61734131535731,optimal
2021-02-07 04:00:00,5,74,2.2857142857142856,0.0,0.0,0.17676666666666668,2.205,6.0,0,20.903528145485218,55.0,0.12,8000.0,0.0,0.0,0.0,47.56972397404195,optimal
2021-02-07 04:30:00,5,74,2.2857142857142856,0.0,1.716197456914406,0.08929999999999999,0.882,6.0,0,21.04558960053392,55.0,0.12,8000.0,0.0,0.0,0.0,48.33734804210225,optimal
2021-02-07 05:00:00,5,74,2.2857142857142856,0.0,0.0,0.16906666666666667,1.5435,6.0,0,21.183021873546195,55.0,0.12,8000.0,0.0,0.0,0.0,48.289010694060146,optimal
2021-02-07 05:30:00,5,74,2.2857142857142856,0.0,0.0,0.14393333333333333,1.5435,6.0,0,21.322163259815593,55.0,0.12,8000.0,0.0,0.0,0.0,48.240721683366075,optimal
2021-02-07 06:00:00,5,74,2.2857142857142856,0.0,0.0,0.13413333333333333,5.0715,6.0,0,21.45904919626996,55.0,0.12,8000.0,0.0,0.0,0.0,48.192480961682705,optimal
2021-02-07 06:30:00,5,74,2.2857142857142856,0.0,0.0,0.06513333333333333,5.376,6.0,0,21.594278061283408,55.0,0.12,8000.0,0.0,0.0,0.0,48.144288480721016,optimal
2021-02-07 07:00:00,5,74,2.2857142857142856,0.0,0.0,0.1813333333333333,5.0715,6.0,0,21.725166600708064,55.0,0.09666666666666666,8000.0,0.0,0.0,0.0,48.096144192240295,optimal
2021-02-07 07:30:00,5,74,2.2857142857142856,0.0,0.0,0.05,5.5125,6.0,0,21.864134336540886,55.0,0.094,8000.0,0.0,0.0,0.0,48.048048048048045,optimal
2021-02-07 08:00:00,5,74,1.113301527728314,0.0,0.0,1.5762333333333332,9.261,6.0,0,22.0,55.0,0.07133333333333333,3896.5553470490995,0.0,0.0,0.0,48.0,optimal
2021-02-07 08:30:00,5,74,1.1945150958985336,0.0,0.0,2.178533333333333,11.7075,6.0,0,22.0,55.0,0.06933333333333333,4180.802835644867,0.0,0.0,0.0,47.693936471712334,optimal
2021-02-07 09:00:00,5,74,0.0,0.0,0.0,2.062333333333333,12.348,6.0,0,22.0,55.0,0.06933333333333333,0.0,0.0,0.0,0.0,47.38817900695296,optimal
2021-02-07 09:30:00,5,74,0.0,0.0,0.0,0.3447333333333333,12.348,6.0,0,21.83965045919689,55.0,0.048,0.0,0.0,0.0,0.0,47.082727299658345,optimal
2021-02-07 10:00:00,5,74,2.2857142857142856,0.0,0.0,0.20746666666666666,12.1275,6.0,0,21.6823215930859,55.0,0.04733333333333333,8000.0,0.0,0.0,0.0,46.77758104407102,optimal
2021-02-07 10:30:00,5,74,0.07186911599535452,0.0,0.0,0.19763333333333333,12.5265,6.0,0,21.823772608362408,55.0,0.04733333333333333,251.5419059837408,0.0,0.0,0.0,46.47273993473929,optimal
2021-02-07 11:00:00,5,74,2.2857142857142856,0.0,0.0,0.20296666666666666,11.7495,6.0,0,21.645479696411357,55.0,0.04733333333333333,8000.0,0.0,0.0,0.0,46.16820366651688,optimal
2021-02-07 11:30:00,5,74,0.0,0.0,0.0,0.1148,13.23,6.0,0,21.762875020427494,55.0,0.04733333333333333,0.0,0.0,0.0,0.0,45.8639719345627,optimal
2021-02-07 12:00:00,5,74,0.0,0.0,0.0,0.07513333333333334,14.3325,6.0,0,21.574723654533784,55.0,0.04733333333333333,0.0,0.0,0.0,0.0,45.56004443434047,optimal
2021-02-07 12:30:00,5,74,0.0,0.0,0.0,0.27546666666666664,14.994,6.0,0,21.38684986042909,55.0,0.04733333333333333,0.0,0.0,0.0,0.0,45.256420861618466,optimal
2021-02-07 13:00:00,5,74,0.0,0.0,0.0,0.062,14.8155,6.0,0,21.208284723210554,55.0,0.04733333333333333,0.0,0.0,0.0,0.0,44.95310091246918,optimal
2021-02-07 13:30:00,5,74,0.0,0.0,0.0,0.11866666666666668,14.112,6.0,0,21.023365038540867,55.0,0.04733333333333333,0.0,0.0,0.0,0.0,44.650084283269045,optimal
2021-02-07 14:00:00,5,74,0.0,0.0,0.0,0.35806666666666664,14.007,6.0,0,20.848322214563673,55.0,0.04733333333333333,0.0,0.0,0.0,0.0,44.34737067069811,optimal
2021-02-07 14:30:00,5,74,2.2857142857142856,0.0,0.0,0.1382,13.23,6.0,0,20.684496148353166,55.0,0.04533333333333334,8000.0,0.0,0.0,0.0,44.04495977173975,optimal
2021-02-07 15:00:00,5,74,2.2857142857142856,0.0,0.0,0.6953333333333334,11.382,6.0,0,20.81447582222615,55.0,0.03,8000.0,0.0,0.0,0.0,43.742851283680345,optimal
2021-02-07 15:30:00,5,74,2.2857142857142856,0.0,0.0,1.6922666666666668,11.7495,6.0,0,20.951429403413567,55.0,0.03,8000.0,0.0,0.0,0.0,43.441044904109,optimal
2021-02-07 16:00:00,5,74,0.0,0.0,0.0,0.1605,24.3285,6.0,0,21.103064384177827,55.0,0.03,0.0,0.0,0.0,0.0,43.13954033091723,optimal
2021-02-07 16:30:00,5,74,0.0,0.0,0.0,0.14413333333333334,28.917,6.0,0,20.92190140609936,55.0,0.03,0.0,0.0,0.0,0.0,42.838337262298644,optimal
2021-02-07 17:00:00,5,74,0.0,0.0,0.0,0.15393333333333334,31.3635,6.0,0,20.742297790357767,55.0,0.03,0.0,0.0,0.0,0.0,42.537435396748684,optimal
2021-02-07 17:30:00,5,74,0.0,0.0,0.0,0.4862666666666666,33.306,6.0,0,20.567745690841612,55.0,0.028666666666666667,0.0,0.0,0.0,0.0,42.236834433064274,optimal
2021-02-07 18:00:00,5,74,0.0,0.0,0.0,0.2338,31.3425,6.0,0,20.411739870026214,55.0,0.02666666666666667,0.0,0.0,0.0,0.0,41.93653407034355,optimal
2021-02-07 18:30:00,5,74,0.0,0.0,0.0,0.2221,28.2555,6.0,0,20.261861618739218,55.0,0.019333333333333334,0.0,0.0,0.0,0.0,41.63653400798554,optimal
2021-02-07 19:00:00,5,74,0.0,0.0,0.0,1.8765333333333334,15.6975,6.0,0,20.124427519920815,55.0,0.018,0.0,0.0,0.0,0.0,41.33683394568989,optimal
2021-02-07 19:30:00,5,74,0.8254516645798037,0.0,0.0,2.3146999999999998,12.5475,6.0,0,20.0,55.0,0.010666666666666668,2889.080826029313,0.0,0.0,0.0,41.03743358345653,optimal
2021-02-07 20:00:00,5,74,1.048049759817891,0.0,0.0,0.46976666666666667,12.0855,6.0,0,20.0,55.0,0.010666666666666668,3668.174159362619,0.0,0.0,0.0,40.738332621585414,optimal
2021-02-07 20:30:00,5,74,0.0,0.0,0.0,0.16369999999999998,11.907,6.0,0,20.0,55.0,0.007333333333333335,0.0,0.0,0.0,0.0,40.43953076067616,optimal
2021-02-07 21:00:00,5,74,0.0,0.0,0.0,0.9208666666666668,12.5685,6.0,0,19.866464276639626,55.0,0.002666666666666668,0.0,0.0,0.0,0.0,40.399091229915484,optimal
2021-02-07 21:30:00,5,74,0.0,0.0,0.0,1.4423666666666666,13.146,6.0,0,19.74081915581702,55.0,0.002666666666666668,0.0,0.0,0.0,0.0,40.35869213868557,optimal
2021-02-07 22:00:00,5,74,0.0,0.0,0.0,2.051733333333333,10.584,6.0,0,19.612685502437362,55.0,0.002666666666666668,0.0,0.0,0.0,0.0,40.31833344654688,optimal
2021-02-07 22:30:00,5,74,0.0,0.0,0.0,0.22186666666666668,6.678,6.0,0,19.48472683379446,55.0,0.0006666666666666679,0.0,0.0,0.0,0.0,40.27801511310033,optimal
2021-02-07 23:00:00,5,74,0.0,0.0,0.0,0.1306,7.938,6.0,0,19.351567205314648,55.0,0.0006666666666666679,0.0,0.0,0.0,0.0,40.23773709798723,optimal
2021-02-07 23:30:00,5,74,0.0,0.0,0.0,0.15393333333333334,5.292,6.0,0,19.213697209267778,55.0,0.0006666666666666679,0.0,0.0,0.0,0.0,40.19749936088924,optimal
2021-02-08 00:00:00,5,74,2.2857142857142856,0.0,0.0,0.055,5.9745,6.0,0,19.213697209267778,55.0,0.0006666666666666679,8000.0,0.0,0.0,0.0,40.15730186152835,optimal
2021-02-08 00:30:00,5,74,2.2857142857142856,0.0,0.0,0.055,7.938,6.0,0,19.358611959932833,55.0,0.058666666666666666,1939.0,0.0,6061.0,0.0,40.117144559666826,optimal
2021-02-08 01:00:00,5,74,2.2857142857142856,0.0,0.0,0.055,8.6835,6.0,0,19.274024428939278,55.0,0.058666666666666666,8000.0,0.0,0.0,0.0,40.07702741510716,optimal
2021-02-08 01:30:00,5,74,2.2857142857142856,0.0,0.0,0.055,7.665,6.0,0,19.41837145694522,55.0,0.058666666666666666,8000.0,0.0,0.0,0.0,40.03695038769205,optimal
2021-02-08 02:00:00,5,74,2.2857142857142856,0.0,0.0,0.055,6.7725,6.0,0,19.560889539209416,55.0,0.058666666666666666,8000.0,0.0,0.0,0.0,39.99691343730436,optimal
2021-02-08 02:30:00,5,74,2.2857142857142856,0.0,0.0,0.055,5.5755,6.0,0,19.701595887430756,55.0,0.058666666666666666,8000.0,0.0,0.0,0.0,39.95691652386705,optimal
2021-02-08 03:00:00,5,74,2.2857142857142856,0.0,8.718124537852203,0.055,5.0925,6.0,0,19.841448623476847,55.0,0.058666666666666666,8000.0,0.0,0.0,0.0,44.05806876282297,optimal
2021-02-08 03:30:00,5,74,2.2857142857142856,0.0,9.0,0.055,4.1895,6.0,0,19.980455780454083,55.0,0.058666666666666666,8000.0,0.0,0.0,0.0,48.289010694060146,optimal
2021-02-08 04:00:00,5,74,2.2857142857142856,0.0,0.0,0.055666666666666656,7.056,6.0,0,20.11768424372831,55.0,0.058666666666666666,8000.0,0.0,0.0,0.0,48.240721683366075,optimal
2021-02-08 04:30:00,5,74,2.2857142857142856,0.0,0.0,0.06433333333333333,5.271,6.0,0,20.253150752090473,55.0,0.058666666666666666,8000.0,0.0,0.0,0.0,48.192480961682705,optimal
2021-02-08 05:00:00,5,74,2.2857142857142856,0.0,0.0,0.055,7.938,6.0,0,20.386401350735817,55.0,0.058666666666666666,8000.0,0.0,0.0,0.0,48.144288480721016,optimal
2021-02-08 05:30:00,5,74,2.2857142857142856,0.0,0.0,0.6615333333333333,7.938,6.0,0,20.517456892973406,55.0,0.058666666666666666,8000.0,0.0,0.0,0.0,48.096144192240295,optimal
2021-02-08 06:00:00,5,74,2.2857142857142856,0.0,0.0,0.8636666666666666,11.907,6.0,0,20.65528494149488,55.0,0.058666666666666666,8000.0,0.0,0.0,0.0,48.048048048048045,optimal
2021-02-08 06:30:00,5,74,2.2857142857142856,0.0,0.0,0.12966666666666665,11.025,6.0,0,20.794747834766603,55.0,0.04632,8000.0,0.0,0.0,0.0,48.0,optimal
2021-02-08 07:00:00,5,74,2.2857142857142856,0.0,0.0,0.0712,11.2875,6.0,0,20.927612784190075,55.0,0.034666666666666665,8000.0,0.0,0.0,0.0,47.388823292497776,optimal
2021-02-08 07:30:00,5,74,0.0,0.0,0.0,0.064,12.936,6.0,0,21.063369047507035,55.0,0.02266666666666667,0.0,0.0,0.0,0.0,46.77825776170305,optimal
2021-02-08 08:00:00,5,74,0.0,0.0,0.0,0.065,13.0095,6.0,0,20.90270181986947,55.0,0.02266666666666667,0.0,0.0,0.0,0.0,46.16830279643913,optimal
2021-02-08 08:30:00,5,74,0.0,0.0,0.0,0.065,13.671,6.0,0,20.715128138582294,55.0,0.02266666666666667,0.0,0.0,0.0,0.0,45.55895778614047,optimal
2021-02-08 09:00:00,5,74,2.1966933403911812,0.0,0.0,0.065,13.188,6.0,0,20.52837858881451,55.0,0.02266666666666667,7688.426691369134,0.0,0.0,0.0,44.950222120852104,optimal
2021-02-08 09:30:00,5,74,0.0,0.0,0.0,0.065,13.8495,6.0,0,20.631840955153937,55.0,0.02266666666666667,0.0,0.0,0.0,0.0,44.34209519122903,optimal
2021-02-08 10:00:00,5,74,2.2857142857142856,0.0,0.0,0.06466666666666668,13.23,6.0,0,20.446345735828874,55.0,0.018666666666666668,8000.0,0.0,0.0,0.0,43.73457638853558,optimal
2021-02-08 10:30:00,5,74,2.2857142857142856,0.0,0.0,0.5085666666666666,13.3665,6.0,0,20.56696289053441,55.0,0.018666666666666668,8000.0,0.0,0.0,0.0,43.12766510464482,optimal
2021-02-08 11:00:00,5,74,2.2857142857142856,0.0,0.0,0.5694,13.0515,6.0,0,20.705430681145558,55.0,0.016666666666666666,8000.0,0.0,0.0,0.0,42.521360732037955,optimal
2021-02-08 11:30:00,5,74,2.2857142857142856,0.0,0.0,0.065,13.5345,6.0,0,20.842131068920132,55.0,0.016666666666666666,8000.0,0.0,0.0,0.0,41.915662663803694,optimal
2021-02-08 12:00:00,5,74,0.0,0.0,0.0,0.08853333333333332,14.154,6.0,0,20.955309624014866,55.0,0.016666666666666666,0.0,0.0,0.0,0.0,41.31057029363767,optimal
2021-02-08 12:30:00,5,74,0.0,0.0,0.0,0.064,14.112,6.0,0,20.771815439401987,55.0,0.016666666666666666,0.0,0.0,0.0,0.0,40.706083015841806,optimal
2021-02-08 13:00:00,5,74,0.0,0.0,0.0,0.10809999999999999,14.2485,6.0,0,20.592851147113407,55.0,0.016666666666666666,0.0,0.0,0.0,0.0,40.10220022532374,optimal
2021-02-08 13:30:00,5,74,2.2857142857142856,0.0,0.0,0.11366666666666668,12.789,6.0,0,20.419113123946794,55.0,0.016,8000.0,0.0,0.0,0.0,39.49892131759619,optimal
2021-02-08 14:00:00,5,74,2.2857142857142856,0.0,0.0,0.065,13.0095,6.0,0,20.54559523010562,55.0,0.016,8000.0,0.0,0.0,0.0,38.896245688776375,optimal
2021-02-08 14:30:00,5,74,2.2857142857142856,0.0,0.0,0.065,12.1275,6.0,0,20.668151907170063,55.0,0.016,8000.0,0.0,0.0,0.0,38.29417273558538,optimal
2021-02-08 15:00:00,5,74,2.2857142857142856,0.0,0.0,0.065,12.348,6.0,0,20.78814362927216,55.0,0.016,8000.0,0.0,0.0,0.0,37.69270185534757,optimal
2021-02-08 15:30:00,5,74,2.2857142857142856,0.0,0.0,0.065,12.348,6.0,0,20.90559453210841,55.0,0.016,8000.0,0.0,0.0,0.0,37.09183244599,optimal
2021-02-08 16:00:00,5,74,0.0,0.0,0.0,0.3051666666666667,25.389,6.0,0,21.022410673287713,55.0,0.013333333333333334,0.0,0.0,0.0,0.0,36.49156390604179,optimal
2021-02-08 16:30:00,5,74,0.0,0.0,0.0,0.49826666666666664,29.1375,6.0,0,20.85382949632099,55.0,0.013333333333333334,0.0,0.0,0.0,0.0,35.89189563463353,optimal
2021-02-08 17:00:00,5,74,0.0,0.0,0.0,0.065,30.597,6.0,0,20.69393367849594,55.0,0.013333333333333334,0.0,0.0,0.0,0.0,35.29282703149667,optimal
2021-02-08 17:30:00,5,74,0.0,0.0,0.0,0.065,33.684,6.0,0,20.50926572911888,55.0,0.013333333333333334,0.0,0.0,0.0,0.0,34.69435749696295,optimal
2021-02-08 18:00:00,5,74,0.0,0.0,0.0,0.1766,32.445,6.0,0,20.32445349408442,55.0,0.013333333333333334,0.0,0.0,0.0,0.0,34.09648643196377,optimal
2021-02-08 18:30:00,5,74,0.0,0.0,0.0,0.332,28.917,6.0,0,20.148893376755435,55.0,0.01,0.0,0.0,0.0,0.0,33.49921323802958,optimal
2021-02-08 19:00:00,5,74,1.0256720690861567,0.0,0.0,0.5721,15.876,6.0,0,20.0,55.0,0.008,3589.852241801548,0.0,0.0,0.0,32.90253731728933,optimal
2021-02-08 19:30:00,5,74,1.0884537259777134,0.0,0.0,0.3893666666666667,12.348,6.0,0,20.0,55.0,0.008,3809.588040921997,0.0,0.0,0.0,32.306458072469816,optimal
2021-02-08 20:00:00,5,74,1.010292525726409,0.0,0.0,0.47176666666666667,12.1275,6.0,0,20.0,55.0,0.004666666666666667,3536.0238400424314,0.0,0.0,0.0,32.27415161439735,optimal
2021-02-08 20:30:00,5,74,0.0,0.0,0.0,0.42473333333333335,12.348,6.0,0,20.0,55.0,0.004666666666666667,0.0,0.0,0.0,0.0,32.24187746278295,optimal
2021-02-08 21:00:00,5,74,0.0,0.0,0.0,0.485,12.1275,6.0,0,19.87555231488864,55.0,0.002666666666666666,0.0,0.0,0.0,0.0,32.20963558532017,optimal
2021-02-08 21:30:00,5,74,0.0,0.0,0.0,0.34496666666666664,12.1275,6.0,0,19.753113836877716,55.0,0.0,0.0,0.0,0.0,0.0,32.177425949734854,optimal
2021-02-08 22:00:00,5,74,0.0,0.0,0.0,0.49373333333333336,11.2665,6.0,0,19.623150316740343,55.0,0.0,0.0,0.0,0.0,0.0,32.14524852378512,optimal
2021-02-08 22:30:00,5,74,0.0,0.0,0.0,0.3278666666666667,10.143,6.0,0,19.489928221665465,55.0,0.0,0.0,0.0,0.0,0.0,32.11310327526134,optimal
2021-02-08 23:00:00,5,74,0.0,0.0,0.0,0.065,11.2455,6.0,0,19.338830954955778,55.0,0.0,0.0,0.0,0.0,0.0,32.08099017198607,optimal
2021-02-08 23:30:00,5,74,0.0,0.0,0.0,0.06366666666666666,11.025,6.0,0,19.17391624397871,55.0,0.0,0.0,0.0,0.0,0.0,32.04890918181409,optimal
2021-02-09 00:00:00,5,74,2.2857142857142856,0.0,9.0,0.058,10.584,6.0,0,19.17391624397871,55.0,0.0,8000.0,0.0,0.0,0.0,36.29186027263227,optimal
2021-02-09 00:30:00,5,74,2.2857142857142856,0.0,0.0,0.058,11.2455,6.0,0,19.310773353348097,55.0,0.048666666666666664,2914.333333333333,0.0,5085.666666666667,0.0,36.25556841235964,optimal
2021-02-09 01:00:00,5,74,2.2857142857142856,0.0,0.0,0.2056,12.1275,6.0,0,19.255386492593193,55.0,0.048666666666666664,8000.0,0.0,0.0,0.0,36.21931284394728,optimal
2021-02-09 01:30:00,5,74,2.2857142857142856,0.0,0.0,0.16586666666666666,11.823,6.0,0,19.39797370491176,55.0,0.048666666666666664,8000.0,0.0,0.0,0.0,36.18309353110333,optimal
2021-02-09 02:00:00,5,74,2.2857142857142856,0.0,0.0,0.0752,11.7705,6.0,0,19.53678241756666,55.0,0.048666666666666664,8000.0,0.0,0.0,0.0,36.14691043757223,optimal
2021-02-09 02:30:00,5,74,2.2857142857142856,0.0,7.889892081928497,0.2556333333333333,11.13,6.0,0,19.6699310373802,55.0,0.048666666666666664,8000.0,0.0,0.0,0.0,39.858462266050694,optimal
2021-02-09 03:00:00,5,74,2.2857142857142856,0.0,0.0,0.16643333333333335,11.6865,6.0,0,19.8090887534675,55.0,0.048666666666666664,8000.0,0.0,0.0,0.0,39.81860380378464,optimal
2021-02-09 03:30:00,5,74,2.2857142857142856,0.0,9.0,0.17266666666666666,10.7205,6.0,0,19.94404990648991,55.0,0.048666666666666664,8000.0,0.0,0.0,0.0,44.053785199980844,optimal
2021-02-09 04:00:00,5,74,2.2857142857142856,0.0,0.0,0.2666,11.424,6.0,0,20.078916675067024,55.0,0.048666666666666664,8000.0,0.0,0.0,0.0,44.009731414780866,optimal
2021-02-09 04:30:00,5,74,2.2857142857142856,0.0,9.0,0.18773333333333328,10.689,6.0,0,20.216991011443774,55.0,0.048666666666666664,8000.0,0.0,0.0,0.0,48.240721683366075,optimal
2021-02-09 05:00:00,5,74,2.2857142857142856,0.0,0.0,0.25153333333333333,11.361,6.0,0,20.349856322836114,55.0,0.048666666666666664,8000.0,0.0,0.0,0.0,48.192480961682705,optimal
2021-02-09 05:30:00,5,74,2.2857142857142856,0.0,0.0,0.08666666666666667,11.571,6.0,0,20.482931661854956,55.0,0.048666666666666664,8000.0,0.0,0.0,0.0,48.144288480721016,optimal
2021-02-09 06:00:00,5,74,0.0,0.0,0.0,0.2626,14.3745,6.0,0,20.60854901688319,55.0,0.048666666666666664,0.0,0.0,0.0,0.0,48.096144192240295,optimal
2021-02-09 06:30:00,5,74,2.2857142857142856,0.0,0.0,0.151,13.23,6.0,0,20.438483139226427,55.0,0.048666666666666664,8000.0,0.0,0.0,0.0,48.048048048048045,optimal
2021-02-09 07:00:00,5,74,1.6143072213116283,0.0,0.0,2.244766666666667,13.9755,6.0,0,20.56635686270442,55.0,0.025333333333333333,5650.075274590699,0.0,0.0,0.0,48.0,optimal
2021-02-09 07:30:00,5,74,0.0,0.0,0.0,0.28833333333333333,14.994,6.0,0,20.62857117768556,55.0,0.023333333333333334,0.0,0.0,0.0,0.0,47.80430549725817,optimal
2021-02-09 08:00:00,5,74,2.2857142857142856,0.0,0.0,0.2964,13.671,6.0,0,20.459568422424148,55.0,0.02266666666666667,8000.0,0.0,0.0,0.0,47.60880668901908,optimal
2021-02-09 08:30:00,5,74,0.0,0.0,0.0,0.2024,15.981,6.0,0,20.589453055633324,55.0,0.02266666666666667,0.0,0.0,0.0,0.0,47.413503379588235,optimal
2021-02-09 09:00:00,5,74,0.0,0.0,0.0,0.23936666666666667,15.6345,6.0,0,20.402865741741216,55.0,0.02266666666666667,0.0,0.0,0.0,0.0,47.21839537346682,optimal
2021-02-09 09:30:00,5,74,0.0,0.0,0.0,0.20616666666666664,16.5375,6.0,0,20.225430784565095,55.0,0.02266666666666667,0.0,0.0,0.0,0.0,47.02348247535152,optimal
2021-02-09 10:00:00,5,74,2.2857142857142856,0.0,0.0,0.11583333333333332,14.7735,6.0,0,20.046645788350546,55.0,0.02266666666666667,8000.0,0.0,0.0,0.0,46.82876449013434,optimal
2021-02-09 10:30:00,5,74,0.0,0.0,0.0,0.28583333333333333,15.2145,6.0,0,20.170089609630196,55.0,0.02266666666666667,0.0,0.0,0.0,0.0,46.634241222902375,optimal
2021-02-09 11:00:00,5,74,1.3050306216080296,0.0,0.0,0.132,14.553,6.0,0,20.0,55.0,0.02266666666666667,4567.6071756281035,0.0,0.0,0.0,46.43991247893764,optimal
2021-02-09 11:30:00,5,74,2.2857142857142856,0.0,0.0,0.24746666666666667,14.3325,6.0,0,20.0,55.0,0.02266666666666667,8000.0,0.0,0.0,0.0,46.24577806371688,optimal
2021-02-09 12:00:00,5,74,1.858737478827494,0.0,0.0,0.2524666666666667,14.595,6.0,0,20.134126345685093,55.0,0.02266666666666667,6505.581175896229,0.0,0.0,0.0,46.051837782911335,optimal
2021-02-09 12:30:00,5,74,0.0,0.0,0.0,0.4074,14.994,6.0,0,20.21350653069944,55.0,0.02266666666666667,0.0,0.0,0.0,0.0,45.858091442386595,optimal
2021-02-09 13:00:00,5,74,2.2857142857142856,0.0,0.0,0.3965,14.3325,6.0,0,20.058349504197786,55.0,0.02266666666666667,8000.0,0.0,0.0,0.0,45.66453884820238,optimal
2021-02-09 13:30:00,5,74,2.2857142857142856,0.0,0.0,1.8938666666666664,13.8915,6.0,0,20.206507602100036,55.0,0.02266666666666667,8000.0,0.0,0.0,0.0,45.471179806612355,optimal
2021-02-09 14:00:00,5,74,2.2857142857142856,0.0,0.0,0.6859333333333333,13.8915,6.0,0,20.372008539992237,55.0,0.02266666666666667,8000.0,0.0,0.0,0.0,45.278014124063915,optimal
2021-02-09 14:30:00,5,74,2.2857142857142856,0.0,0.0,0.49460000000000004,13.4715,6.0,0,20.525056318861186,55.0,0.021333333333333333,8000.0,0.0,0.0,0.0,45.08504160719802,optimal
2021-02-09 15:00:00,5,74,2.2857142857142856,0.0,0.0,0.43339999999999995,13.23,6.0,0,20.672073905097744,55.0,0.021333333333333333,8000.0,0.0,0.0,0.0,44.89226206284899,optimal
2021-02-09 15:30:00,5,74,2.2857142857142856,0.0,0.0,0.68,13.8915,6.0,0,20.81689337782785,55.0,0.018,8000.0,0.0,0.0,0.0,44.69967529804431,optimal
2021-02-09 16:00:00,5,74,0.0,0.0,0.0,1.2581,26.9325,6.0,0,20.974108568700636,55.0,0.016,0.0,0.0,0.0,0.0,44.50728112000444,optimal
2021-02-09 16:30:00,5,74,0.0,0.0,0.0,0.9338333333333334,30.303,6.0,0,20.863859791071068,55.0,0.016,0.0,0.0,0.0,0.0,44.31507933614261,optimal
2021-02-09 17:00:00,5,74,0.0,0.0,0.0,1.2239,32.886,6.0,0,20.72852401957974,55.0,0.008,0.0,0.0,0.0,0.0,44.12306975406464,optimal
2021-02-09 17:30:00,5,74,0.0,0.0,0.0,0.39239999999999997,34.9965,6.0,0,20.60438380220767,55.0,0.007333333333333333,0.0,0.0,0.0,0.0,43.931252181568745,optimal
2021-02-09 18:00:00,5,74,0.0,0.0,0.0,0.2666,33.327,6.0,0,20.450600586438117,55.0,0.004,0.0,0.0,0.0,0.0,43.739626426645344,optimal
2021-02-09 18:30:00,5,74,0.0,0.0,0.0,0.4699,31.122,6.0,0,20.296275850373988,55.0,0.004,0.0,0.0,0.0,0.0,43.548192297476874,optimal
2021-02-09 19:00:00,5,74,0.0,0.0,0.0,0.2789333333333333,17.9025,6.0,0,20.156701809452382,55.0,0.004,0.0,0.0,0.0,0.0,43.35694960243757,optimal
2021-02-09 19:30:00,5,74,0.9284349392624858,0.0,0.0,0.33553333333333335,15.6555,6.0,0,20.0,55.0,0.004,3249.5222874187,0.0,0.0,0.0,43.1658981500933,optimal
2021-02-09 20:00:00,5,74,0.8337987487862976,0.0,0.0,1.8172333333333328,14.553,6.0,0,20.0,55.0,0.0033333333333333335,2918.2956207520415,0.0,0.0,0.0,42.97503774920138,optimal
2021-02-09 20:30:00,5,74,0.0,0.0,0.0,0.334,14.3325,6.0,0,20.0,55.0,0.0033333333333333335,0.0,0.0,0.0,0.0,42.78436820871035,optimal
2021-02-09 21:00:00,5,74,0.0,0.0,0.0,0.5375333333333333,13.335,6.0,0,19.87020141254361,55.0,0.0,0.0,0.0,0.0,0.0,42.74158384050164,optimal
2021-02-09 21:30:00,5,74,0.0398095238095238,0.0,0.0,0.4256666666666667,12.1275,6.0,0,19.750034133057305,55.0,0.0,0.0,0.0,139.33333333333331,0.0,42.69884225666114,optimal
2021-02-09 22:00:00,5,74,0.0,0.0,0.0,0.23013333333333333,12.2955,6.0,0,19.612228576216477,55.0,0.0,0.0,0.0,0.0,0.0,42.656143414404475,optimal
2021-02-09 22:30:00,5,74,0.0,0.0,0.0,0.23516666666666663,11.6865,6.0,0,19.44630577185121,55.0,0.0,0.0,0.0,0.0,0.0,42.61348727099007,optimal
2021-02-09 23:00:00,5,74,0.0,0.0,0.0,0.18266666666666662,11.466,6.0,0,19.286238971640678,55.0,0.0,0.0,0.0,0.0,0.0,42.57087378371908,optimal
2021-02-09 23:30:00,5,74,0.0,0.0,0.0,0.1318,10.8045,6.0,0,19.126172930006856,55.0,0.0,0.0,0.0,0.0,0.0,42.52830290993536,optimal
2021-02-10 00:00:00,5,74,2.2857142857142856,0.0,0.0,0.105,10.8045,6.0,0,19.126172930006856,55.0,0.0,7721.333333333333,0.0,278.66666666666663,0.0,42.48577460702543,optimal
2021-02-10 00:30:00,5,74,2.2857142857142856,0.0,0.0,0.3095333333333334,11.508,6.0,0,19.26452436339066,55.0,0.07655502392344497,0.0,0.0,8000.0,0.0,42.4432888324184,optimal
2021-02-10 01:00:00,5,74,2.2857142857142856,0.0,0.0,0.08220000000000001,11.508,6.0,0,19.115575634129083,55.0,0.152,116.0,0.0,7884.0,0.0,42.40084554358599,optimal
2021-02-10 01:30:00,5,74,2.2857142857142856,0.0,0.0,0.16119999999999998,11.508,6.0,0,18.95340149438917,55.0,0.152,8000.0,0.0,0.0,0.0,42.358444698042405,optimal
2021-02-10 02:00:00,5,74,2.2857142857142856,0.0,0.0,0.07213333333333334,11.844,6.0,0,19.091543048636282,55.0,0.152,8000.0,0.0,0.0,0.0,42.31608625334436,optimal
2021-02-10 02:30:00,5,74,2.2857142857142856,0.0,0.0,0.1536,11.508,6.0,0,19.2240910131411,55.0,0.152,8000.0,0.0,0.0,0.0,42.273770167091016,optimal
2021-02-10 03:00:00,5,74,2.2857142857142856,0.0,0.0,0.14333333333333334,11.508,6.0,0,19.358458044467998,55.0,0.152,8000.0,0.0,0.0,0.0,42.23149639692392,optimal
2021-02-10 03:30:00,5,74,2.2857142857142856,0.0,9.0,0.1278,10.4475,6.0,0,19.491174143543454,55.0,0.152,8000.0,0.0,0.0,0.0,46.464264900527,optimal
2021-02-10 04:00:00,5,74,2.2857142857142856,0.0,0.0,0.1267333333333333,10.8675,6.0,0,19.62205660733458,55.0,0.152,8000.0,0.0,0.0,0.0,46.41780063562647,optimal
2021-02-10 04:30:00,5,74,2.2857142857142856,0.0,3.8338907930355055,0.1034,10.542,6.0,0,19.751667222947184,55.0,0.152,8000.0,0.0,0.0,0.0,48.192480961682705,optimal
2021-02-10 05:00:00,5,74,2.2857142857142856,0.0,0.0,0.061,11.025,6.0,0,19.87823876076849,55.0,0.152,8000.0,0.0,0.0,0.0,48.144288480721016,optimal
2021-02-10 05:30:00,5,74,2.2857142857142856,0.0,0.0,0.061,11.025,6.0,0,20.001082143548814,55.0,0.152,8000.0,0.0,0.0,0.0,48.096144192240295,optimal
2021-02-10 06:00:00,5,74,2.2857142857142856,0.0,0.0,0.2359333333333333,14.553,6.0,0,20.12182840933077,55.0,0.152,8000.0,0.0,0.0,0.0,48.048048048048045,optimal
2021-02-10 06:30:00,5,74,2.2857142857142856,0.0,0.0,0.8937,13.0935,6.0,0,20.247081856011647,55.0,0.152,8000.0,0.0,0.0,0.0,48.0,optimal
2021-02-10 07:00:00,5,74,2.2857142857142856,0.0,0.0,3.720533333333333,15.6345,6.0,0,20.388038927223604,55.0,0.12849333333333332,8000.0,0.0,0.0,0.0,47.61590234100812,optimal
2021-02-10 07:30:00,5,74,0.0,0.0,0.0,0.2581,18.102,6.0,0,20.56776091777402,55.0,0.06466666666666666,0.0,0.0,0.0,0.0,47.23218877967524,optimal
2021-02-10 08:00:00,5,74,0.0,0.0,0.0,1.6954666666666667,17.199,6.0,0,20.40250625034478,55.0,0.062,0.0,0.0,0.0,0.0,46.84885893190369,optimal
2021-02-10 08:30:00,5,74,0.0,0.0,0.0,1.1041666666666667,18.2805,6.0,0,20.274009284469543,55.0,0.06133333333333333,0.0,0.0,0.0,0.0,46.465912413979915,optimal
2021-02-10 09:00:00,5,74,1.5345836386177463,0.0,0.0,0.8524333333333333,17.4615,6.0,0,20.116024054542116,55.0,0.05266666666666667,5371.042735162112,0.0,0.0,0.0,46.08334884257406,optimal
2021-02-10 09:30:00,5,74,0.0,0.0,0.0,1.1233333333333333,18.3225,6.0,0,20.161298735722077,55.0,0.05266666666666667,0.0,0.0,0.0,0.0,45.701167834739614,optimal
2021-02-10 10:00:00,5,74,1.1509115291824754,0.0,0.0,0.4333,17.094,6.0,0,20.0,55.0,0.05,4028.190352138664,0.0,0.0,0.0,45.319369007913,optimal
2021-02-10 10:30:00,5,74,1.2481489199099645,0.0,0.0,0.23146666666666668,17.094,6.0,0,20.0,55.0,0.05,4368.521219684875,0.0,0.0,0.0,44.93795197991321,optimal
2021-02-10 11:00:00,5,74,2.2857142857142856,0.0,0.0,0.4231333333333333,17.094,6.0,0,20.0,55.0,0.05,8000.0,0.0,0.0,0.0,44.55691636894142,optimal
2021-02-10 11:30:00,5,74,0.15891704288385317,0.0,0.0,0.38206666666666667,17.3565,6.0,0,20.142392970264318,55.0,0.05,556.2096500934861,0.0,0.0,0.0,44.17626179358061,optimal
2021-02-10 12:00:00,5,74,2.2857142857142856,0.0,0.0,1.8032333333333328,17.115,6.0,0,20.0,55.0,0.048,8000.0,0.0,0.0,0.0,43.79598787279515,optimal
2021-02-10 12:30:00,5,74,2.2857142857142856,0.0,0.0,0.40686666666666665,17.241,6.0,0,20.148993468674714,55.0,0.044,8000.0,0.0,0.0,0.0,43.41609422593048,optimal
2021-02-10 13:00:00,5,74,2.2857142857142856,0.0,0.0,0.38589999999999997,17.094,6.0,0,20.285974471413713,55.0,0.042,8000.0,0.0,0.0,0.0,43.03658047271267,optimal
2021-02-10 13:30:00,5,74,2.2857142857142856,0.0,0.0,0.2848,16.5165,6.0,0,20.420726627978134,55.0,0.04066666666666666,8000.0,0.0,0.0,0.0,42.65744623324808,optimal
2021-02-10 14:00:00,5,74,1.7145811841515894,0.0,0.0,0.3867,17.8185,6.0,0,20.551221391867195,55.0,0.04066666666666666,6001.034144530563,0.0,0.0,0.0,42.278691128022956,optimal
2021-02-10 14:30:00,5,74,2.2857142857142856,0.0,0.0,0.22596666666666668,17.094,6.0,0,20.6115232483166,55.0,0.04066666666666666,8000.0,0.0,0.0,0.0,41.900314777903056,optimal
2021-02-10 15:00:00,5,74,2.2857142857142856,0.0,0.0,0.32796666666666663,16.8945,6.0,0,20.74675647512383,55.0,0.04066666666666666,8000.0,0.0,0.0,0.0,41.522316804133276,optimal
2021-02-10 15:30:00,5,74,2.2857142857142856,0.0,0.0,0.4098,18.123,6.0,0,20.884423383212905,55.0,0.04066666666666666,8000.0,0.0,0.0,0.0,41.14469682833727,optimal
2021-02-10 16:00:00,5,74,0.0,0.0,0.0,0.4078333333333333,31.647,6.0,0,21.025971433781404,55.0,0.04,0.0,0.0,0.0,0.0,40.76745447251705,optimal
2021-02-10 16:30:00,5,74,0.0,0.0,0.0,0.25626666666666664,34.9965,6.0,0,20.86022595479517,55.0,0.03666666666666667,0.0,0.0,0.0,0.0,40.39058935905266,optimal
2021-02-10 17:00:00,5,74,0.0,0.0,0.0,0.3615333333333334,34.9965,6.0,0,20.692977461837966,55.0,0.03266666666666666,0.0,0.0,0.0,0.0,40.01410111070173,optimal
2021-02-10 17:30:00,5,74,0.0,0.0,0.0,1.1073,34.9965,6.0,0,20.541767980353434,55.0,0.03266666666666666,0.0,0.0,0.0,0.0,39.637989350599156,optimal
2021-02-10 18:00:00,5,74,0.0,0.0,0.0,2.3534,34.9965,6.0,0,20.408259617598166,55.0,0.025333333333333333,0.0,0.0,0.0,0.0,39.26225370225668,optimal
2021-02-10 18:30:00,5,74,0.0,0.0,0.0,1.1991333333333334,34.9965,6.0,0,20.277089981820602,55.0,0.02266666666666667,0.0,0.0,0.0,0.0,39.222991448554424,optimal
2021-02-10 19:00:00,5,74,0.0,0.0,0.0,0.5493666666666667,27.741,6.0,0,20.141129649837577,55.0,0.01933333333333333,0.0,0.0,0.0,0.0,39.18376845710587,optimal
2021-02-10 19:30:00,5,74,1.0893917560484276,0.0,0.0,0.7953666666666667,19.026,6.0,0,20.0,55.0,0.01933333333333333,3812.8711461694966,0.0,0.0,0.0,39.14458468864876,optimal
2021-02-10 20:00:00,5,74,1.0626405492803945,0.0,0.0,2.0965,18.7215,6.0,0,20.0,55.0,0.001333333333333333,3719.2419224813802,0.0,0.0,0.0,39.10544010396011,optimal
2021-02-10 20:30:00,5,74,0.0,0.0,0.0,0.9886666666666666,17.4195,6.0,0,20.0,55.0,0.0,0.0,0.0,0.0,0.0,39.06633466385615,optimal
2021-02-10 21:00:00,5,74,0.0,0.0,0.0,0.28946666666666665,16.758,6.0,0,19.855324963161173,55.0,0.0,0.0,0.0,0.0,0.0,39.027268329192296,optimal
2021-02-10 21:30:00,5,74,0.0398095238095238,0.0,0.0,0.7835666666666667,14.217,6.0,0,19.70096644067204,55.0,0.0,0.0,0.0,139.33333333333331,0.0,38.9882410608631,optimal
2021-02-10 22:00:00,5,74,0.05971428571428571,0.0,0.0,1.0418,13.3665,6.0,0,19.540352144611198,55.0,0.0,0.0,0.0,209.0,0.0,38.94925281980224,optimal
2021-02-10 22:30:00,5,74,0.0,0.0,0.0,0.4656,12.789,6.0,0,19.362134647195813,55.0,0.0,0.0,0.0,0.0,0.0,38.910303566982435,optimal
2021-02-10 23:00:00,5,74,0.0,0.0,0.0,0.5329333333333333,11.907,6.0,0,19.17898825823475,55.0,0.0,0.0,0.0,0.0,0.0,38.871393263415456,optimal
2021-02-10 23:30:00,5,74,0.3781904761904762,0.0,0.0,0.5347666666666666,11.7075,6.0,0,19.000592797934168,55.0,0.0,0.0,0.0,1323.6666666666667,0.0,38.83252187015204,optimal
2021-02-11 00:00:00,5,74,2.2857142857142856,0.0,0.0,0.063,11.025,6.0,0,19.000592797934168,55.0,0.0,8000.0,0.0,0.0,0.0,38.79368934828189,optimal
2021-02-11 00:30:00,5,74,2.2857142857142856,0.0,0.0,0.1038,12.0855,6.0,0,19.08936289086098,55.0,0.06666666666666667,1033.333333333333,0.0,6966.666666666667,0.0,38.754895658933606,optimal
2021-02-11 01:00:00,5,74,2.2857142857142856,0.0,0.0,0.23233333333333328,11.6865,6.0,0,18.917546199464226,55.0,0.06666666666666667,8000.0,0.0,0.0,0.0,38.71614076327467,optimal
2021-02-11 01:30:00,5,74,2.2857142857142856,0.0,0.0,0.13566666666666666,11.2245,6.0,0,19.01749924470544,55.0,0.06666666666666667,8000.0,0.0,0.0,0.0,38.677424622511396,optimal
2021-02-11 02:00:00,5,74,2.2857142857142856,0.0,0.0,0.4712,11.025,6.0,0,19.11946768660262,55.0,0.06666666666666667,8000.0,0.0,0.0,0.0,38.63874719788888,optimal
2021-02-11 02:30:00,5,74,2.2857142857142856,0.0,2.5471992577176277,0.47633333333333333,10.7835,6.0,0,19.234616779521325,55.0,0.059333333333333335,8000.0,0.0,0.0,0.0,39.81002809810687,optimal
2021-02-11 03:00:00,5,74,2.2857142857142856,0.0,0.0,0.47433333333333333,11.025,6.0,0,19.349992060820586,55.0,0.059333333333333335,8000.0,0.0,0.0,0.0,39.77021807000876,optimal
2021-02-11 03:30:00,5,74,2.2857142857142856,0.0,9.0,0.5438666666666667,10.584,6.0,0,19.462753314937085,55.0,0.056666666666666664,8000.0,0.0,0.0,0.0,44.00544785193874,optimal
2021-02-11 04:00:00,5,74,2.2857142857142856,0.0,0.0,0.3492,11.025,6.0,0,19.5798097894354,55.0,0.05466666666666667,8000.0,0.0,0.0,0.0,43.9614424040868,optimal
2021-02-11 04:30:00,5,74,2.2857142857142856,0.0,9.0,0.203,10.4265,6.0,0,19.692069799097816,55.0,0.05,8000.0,0.0,0.0,0.0,48.192480961682705,optimal
2021-02-11 05:00:00,5,74,2.2857142857142856,0.0,0.0,0.40873333333333334,12.789,6.0,0,19.79776029559277,55.0,0.048666666666666664,8000.0,0.0,0.0,0.0,48.144288480721016,optimal
2021-02-11 05:30:00,5,74,2.2857142857142856,0.0,0.0,0.0698,12.684,6.0,0,19.910210092873275,55.0,0.048666666666666664,8000.0,0.0,0.0,0.0,48.096144192240295,optimal
2021-02-11 06:00:00,5,74,2.2857142857142856,0.0,0.0,0.1752,16.254,6.0,0,20.000895821194042,55.0,0.048666666666666664,8000.0,0.0,0.0,0.0,48.048048048048045,optimal
2021-02-11 06:30:00,5,74,2.2857142857142856,0.0,0.0,0.36560000000000004,17.64,6.0,0,20.09798912130225,55.0,0.04733333333333333,8000.0,0.0,0.0,0.0,48.0,optimal
2021-02-11 07:00:00,5,74,2.2857142857142856,0.0,0.0,0.27676666666666666,19.1625,6.0,0,20.20413980289581,55.0,0.046,8000.0,0.0,0.0,0.0,47.84652140539623,optimal
2021-02-11 07:30:00,5,74,0.0,0.0,0.0,1.4254,26.46,6.0,0,20.30691532008768,55.0,0.04533333333333334,0.0,0.0,0.0,0.0,47.69319628938707,optimal
2021-02-11 08:00:00,5,74,2.121131108086476,0.0,0.0,0.13013333333333332,20.79,6.0,0,20.122354929906937,55.0,0.04533333333333334,7423.958878302665,0.0,0.0,0.0,47.54002449849391,optimal
2021-02-11 08:30:00,5,74,0.0,0.0,0.0,0.16873333333333332,29.106,6.0,0,20.200597986508736,55.0,0.044,0.0,0.0,0.0,0.0,47.38700587939165,optimal
2021-02-11 09:00:00,5,74,2.2857142857142856,0.0,0.0,1.3598,19.1835,6.0,0,20.0,55.0,0.044,8000.0,0.0,0.0,0.0,47.23414027890849,optimal
2021-02-11 09:30:00,5,74,0.2477942291891576,0.0,0.0,0.6750666666666667,19.6665,6.0,0,20.136754209364636,55.0,0.044,867.2798021620516,0.0,0.0,0.0,47.081427544025814,optimal
2021-02-11 10:00:00,5,74,1.2721582014265131,0.0,0.0,0.2642,19.404,6.0,0,20.0,55.0,0.044,4452.553704992796,0.0,0.0,0.0,46.92886752187802,optimal
2021-02-11 10:30:00,5,74,1.3058372099451259,0.0,0.0,0.203,19.047,6.0,0,20.0,55.0,0.042,4570.43023480794,0.0,0.0,0.0,46.776460059752374,optimal
2021-02-11 11:00:00,5,74,2.2857142857142856,0.0,0.0,0.32873333333333327,18.858,6.0,0,20.0,55.0,0.03933333333333333,8000.0,0.0,0.0,0.0,46.624205005088854,optimal
2021-02-11 11:30:00,5,74,0.19994816031156354,0.0,0.0,0.4259333333333333,19.2675,6.0,0,20.131928133519168,55.0,0.030666666666666665,699.8185610904724,0.0,0.0,0.0,46.47210220548,optimal
2021-02-11 12:00:00,5,74,1.7412528683713486,0.0,0.0,0.4686666666666667,18.963,6.0,0,20.0,55.0,0.030666666666666665,6094.38503929972,0.0,0.0,0.0,46.320151508670754,optimal
2021-02-11 12:30:00,5,74,2.2857142857142856,0.0,0.0,0.593,18.438,6.0,0,20.08697330386552,55.0,0.03,8000.0,0.0,0.0,0.0,46.168352762558314,optimal
2021-02-11 13:00:00,5,74,2.2857142857142856,0.0,0.0,0.3342,18.7425,6.0,0,20.245226788866756,55.0,0.02666666666666667,8000.0,0.0,0.0,0.0,46.01670581519199,optimal
2021-02-11 13:30:00,5,74,2.2857142857142856,0.0,0.0,0.6564,15.2145,6.0,0,20.404381561240072,55.0,0.024666666666666667,8000.0,0.0,0.0,0.0,45.86521051477303,optimal
2021-02-11 14:00:00,5,74,2.2857142857142856,0.0,0.0,0.43069999999999997,17.7765,6.0,0,20.575273002666833,55.0,0.021333333333333333,8000.0,0.0,0.0,0.0,45.71386670965449,optimal
2021-02-11 14:30:00,5,74,2.2857142857142856,0.0,0.0,1.2252333333333332,16.758,6.0,0,20.73635444902736,55.0,0.018666666666666668,8000.0,0.0,0.0,0.0,45.56267424834107,optimal
2021-02-11 15:00:00,5,74,2.2857142857142856,0.0,0.0,1.0187333333333333,16.422,6.0,0,20.88746098217341,55.0,0.017333333333333333,8000.0,0.0,0.0,0.0,45.41163297948896,optimal
2021-02-11 15:30:00,5,74,2.2857142857142856,0.0,0.0,0.8012999999999999,16.758,6.0,0,21.035844923936423,55.0,0.017333333333333333,8000.0,0.0,0.0,0.0,45.2607427519057,optimal
2021-02-11 16:00:00,5,74,0.0,0.0,0.0,0.6767666666666666,29.358,6.0,0,21.18299260421207,55.0,0.016666666666666666,0.0,0.0,0.0,0.0,45.11000341455003,optimal
2021-02-11 16:30:00,5,74,0.0,0.0,0.0,0.5004333333333333,34.9965,6.0,0,21.01422224724543,55.0,0.015333333333333332,0.0,0.0,0.0,0.0,44.95941481653171,optimal
2021-02-11 17:00:00,5,74,0.0,0.0,0.0,0.3157333333333333,34.65,6.0,0,20.830684574825547,55.0,0.0,0.0,0.0,0.0,0.0,44.808976807111414,optimal
2021-02-11 17:30:00,5,74,0.0,0.0,0.0,0.5732333333333334,34.9965,6.0,0,20.632085438304998,55.0,0.0,0.0,0.0,0.0,0.0,44.658689235700535,optimal
2021-02-11 18:00:00,5,74,0.0,0.0,0.0,0.13273333333333331,34.9965,6.0,0,20.440541833090943,55.0,0.0,0.0,0.0,0.0,0.0,44.508551951861065,optimal
2021-02-11 18:30:00,5,74,0.0,0.0,0.0,0.2124,30.4815,6.0,0,20.223184996817544,55.0,0.0,0.0,0.0,0.0,0.0,44.358564805305434,optimal
2021-02-11 19:00:00,5,74,1.7583178881082757,0.0,0.0,0.1444,21.4305,6.0,0,20.0,55.0,0.0,6154.112608378965,0.0,0.0,0.0,44.20872764589636,optimal
2021-02-11 19:30:00,5,74,1.5731349788315294,0.0,0.0,1.6190333333333333,14.3325,6.0,0,20.0,55.0,0.0,5227.305759243686,0.0,278.66666666666663,0.0,44.0590403236467,optimal
2021-02-11 20:00:00,5,74,2.285714285714285,0.0,0.0,0.4494333333333333,13.692,6.0,0,20.0,55.0,0.018592291131340255,5708.772243441609,0.0,2291.22775655839,0.0,43.909502688719286,optimal
2021-02-11 20:30:00,5,74,0.0022206409833171506,0.0,0.0,0.37789999999999996,14.007,6.0,0,20.0,55.0,0.0,0.0,0.0,7.772243441610028,0.0,43.7601145914268,optimal
2021-02-11 21:00:00,5,74,0.0,0.0,0.0,0.5608666666666666,12.873,6.0,0,19.78663518385809,55.0,0.0,0.0,0.0,0.0,0.0,43.71635447683537,optimal
2021-02-11 21:30:00,5,74,0.09952380952380951,0.0,0.0,0.5764,12.684,6.0,0,19.587580487339956,55.0,0.0,0.0,0.0,348.3333333333333,0.0,43.672638122358535,optimal
2021-02-11 22:00:00,5,74,0.19904761904761903,0.0,0.0,0.5079,12.306,6.0,0,19.39353721125756,55.0,0.0,0.0,0.0,696.6666666666666,0.0,43.628965484236176,optimal
2021-02-11 22:30:00,5,74,0.05971428571428571,0.0,0.0,0.5405,10.6365,6.0,0,19.19907937983884,55.0,0.0,0.0,0.0,209.0,0.0,43.58533651875194,optimal
2021-02-11 23:00:00,5,74,0.0,0.0,0.0,0.3045333333333334,11.2455,6.0,0,19.001939335085282,55.0,0.0,0.0,0.0,0.0,0.0,43.541751182233185,optimal
2021-02-11 23:30:00,5,74,0.0,0.0,0.0,0.13219999999999998,11.2455,6.0,0,18.785024714449193,55.0,0.0,0.0,0.0,0.0,0.0,43.49820943105095,optimal
2021-02-12 00:00:00,5,74,2.2857142857142856,0.0,0.0,0.15286666666666668,10.3635,6.0,0,18.785024714449193,55.0,0.0,8000.0,0.0,0.0,0.0,43.4547112216199,optimal
2021-02-12 00:30:00,5,74,2.2857142857142856,0.0,0.0,0.216,10.8045,6.0,0,18.859582150683252,55.0,0.07588835725677831,0.0,0.0,8000.0,0.0,43.41125651039828,optimal
2021-02-12 01:00:00,5,74,2.2857142857142856,0.0,0.0,0.26689999999999997,11.025,6.0,0,18.64329813382528,55.0,0.07366509998216202,7953.663718530736,0.0,46.33628146926367,0.0,43.367845253887886,optimal
2021-02-12 01:30:00,5,74,2.2857142857142856,0.0,0.0,0.0588,10.3635,6.0,0,18.738851304334236,55.0,0.07366509998216202,8000.0,0.0,0.0,0.0,43.324477408633996,optimal
2021-02-12 02:00:00,5,74,2.2857142857142856,0.0,0.0,0.14473333333333332,10.8045,6.0,0,18.823326201681972,55.0,0.07366509998216202,8000.0,0.0,0.0,0.0,43.281152931225364,optimal
2021-02-12 02:30:00,5,74,2.2857142857142856,0.0,0.0,0.09336666666666665,10.059,6.0,0,18.90889824915656,55.0,0.07366509998216202,8000.0,0.0,0.0,0.0,43.237871778294135,optimal
2021-02-12 03:00:00,5,74,2.2857142857142856,0.0,0.0,0.042,10.584,6.0,0,18.99524483012589,55.0,0.07366509998216202,8000.0,0.0,0.0,0.0,43.19463390651584,optimal
2021-02-12 03:30:00,5,74,2.2857142857142856,0.0,9.0,0.042,9.4185,6.0,0,19.07806764885015,55.0,0.07366509998216202,8000.0,0.0,0.0,0.0,47.42643927260932,optimal
2021-02-12 04:00:00,5,74,2.2857142857142856,0.0,0.0,0.20016666666666663,10.3635,6.0,0,19.16745135831592,55.0,0.054998433315495344,8000.0,0.0,0.0,0.0,47.37901283333671,optimal
2021-02-12 04:30:00,5,74,2.2857142857142856,0.0,2.3211244701443876,0.164,9.8385,6.0,0,19.265134682120337,55.0,0.048331766648828677,8000.0,0.0,0.0,0.0,48.434167943821954,optimal
2021-02-12 05:00:00,5,74,2.2857142857142856,0.0,0.0,0.17266666666666666,11.067,6.0,0,19.36801573524456,55.0,0.04166509998216201,8000.0,0.0,0.0,0.0,48.38573377587813,optimal
2021-02-12 05:30:00,5,74,2.2857142857142856,0.0,0.0,0.17959999999999998,10.8465,6.0,0,19.47904052531798,55.0,0.040998433315495346,8000.0,0.0,0.0,0.0,48.33734804210225,optimal
2021-02-12 06:00:00,5,74,2.2857142857142856,0.0,0.0,0.216,13.671,6.0,0,19.591176527877177,55.0,0.03566509998216201,8000.0,0.0,0.0,0.0,48.289010694060146,optimal
2021-02-12 06:30:00,5,74,2.2857142857142856,0.0,0.0,0.34163333333333334,12.348,6.0,0,19.710877398810126,55.0,0.03433176664882868,8000.0,0.0,0.0,0.0,48.240721683366075,optimal
2021-02-12 07:00:00,5,74,2.2857142857142856,0.0,0.0,0.0688,14.3325,6.0,0,19.83941276742104,55.0,0.032998433315495346,8000.0,0.0,0.0,0.0,48.192480961682705,optimal
2021-02-12 07:30:00,5,74,2.2857142857142856,0.0,0.0,0.2481,15.393,6.0,0,19.959630823136997,55.0,0.032998433315495346,8000.0,0.0,0.0,0.0,48.144288480721016,optimal
2021-02-12 08:00:00,5,74,2.2857142857142856,0.0,0.0,0.09759999999999999,13.587,6.0,0,20.077762171588393,55.0,0.02566509998216201,8000.0,0.0,0.0,0.0,48.096144192240295,optimal
2021-02-12 08:30:00,5,74,0.0,0.0,0.0,0.3862,16.1385,6.0,0,20.17744785292939,55.0,0.02566509998216201,0.0,0.0,0.0,0.0,48.048048048048045,optimal
2021-02-12 09:00:00,5,74,1.357903646340197,0.0,0.0,0.1318,14.595,6.0,0,20.0,55.0,0.02433176664882868,4752.662762190689,0.0,0.0,0.0,48.0,optimal
2021-02-12 09:30:00,5,74,1.1663980754227092,0.0,0.0,0.3803666666666667,14.637,6.0,0,20.0,55.0,0.02433176664882868,4082.3932639794825,0.0,0.0,0.0,47.75906817362772,optimal
2021-02-12 10:00:00,5,74,0.8120372371591859,0.0,0.0,2.5459333333333336,13.9125,6.0,0,20.0,55.0,0.018331766648828678,2842.130330057151,0.0,0.0,0.0,47.51837727908181,optimal
2021-02-12 10:30:00,5,74,2.2857142857142856,0.0,0.0,0.3321,13.3665,6.0,0,20.0,55.0,0.03916,5178.336281469264,0.0,2821.6637185307363,0.0,47.27792707543045,optimal
2021-02-12 11:00:00,5,74,2.2857142857142856,0.0,0.0,0.23826666666666668,13.0095,6.0,0,20.051368590946538,55.0,0.0019999999999999996,8000.0,0.0,0.0,0.0,47.03771732198274,optimal
2021-02-12 11:30:00,5,74,1.0682679189220774,0.0,0.0,0.054,13.8915,6.0,0,20.206775053313066,55.0,0.0019999999999999996,3738.937716227271,0.0,0.0,0.0,46.797747778288475,optimal
2021-02-12 12:00:00,5,74,2.2857142857142856,0.0,0.0,0.054,13.188,6.0,0,20.169361650021198,55.0,0.0019999999999999996,8000.0,0.0,0.0,0.0,46.55801820413791,optimal
2021-02-12 12:30:00,5,74,2.2857142857142856,0.0,0.0,0.054,12.5685,6.0,0,20.293159005544947,55.0,0.0019999999999999996,8000.0,0.0,0.0,0.0,46.31852835956149,optimal
2021-02-12 13:00:00,5,74,2.2857142857142856,0.0,0.0,0.054,12.285,6.0,0,20.41626187471342,55.0,0.0019999999999999996,8000.0,0.0,0.0,0.0,46.079278004829646,optimal
2021-02-12 13:30:00,5,74,2.2857142857142856,0.0,0.0,0.054,11.487,6.0,0,20.5386767930687,55.0,0.0019999999999999996,8000.0,0.0,0.0,0.0,45.840266900452534,optimal
2021-02-12 14:00:00,5,74,2.2857142857142856,0.0,0.0,0.054,11.802,6.0,0,20.658998626584957,55.0,0.0019999999999999996,8000.0,0.0,0.0,0.0,45.6014948071798,optimal
2021-02-12 14:30:00,5,74,2.2857142857142856,0.0,0.0,0.19,11.2245,6.0,0,20.777247071756058,55.0,0.0019999999999999996,8000.0,0.0,0.0,0.0,45.36296148600034,optimal
2021-02-12 15:00:00,5,74,2.2857142857142856,0.0,0.0,0.054,11.025,6.0,0,20.904708671212266,55.0,0.0019999999999999996,8000.0,0.0,0.0,0.0,45.12466669814206,optimal
2021-02-12 15:30:00,5,74,2.2857142857142856,0.0,0.0,0.054,11.907,6.0,0,21.018762661840412,55.0,0.0019999999999999996,8000.0,0.0,0.0,0.0,44.886610205071634,optimal
2021-02-12 16:00:00,5,74,0.0,0.0,0.0,0.054,25.83,6.0,0,21.130331713919684,55.0,0.0019999999999999996,0.0,0.0,0.0,0.0,44.648791768494284,optimal
2021-02-12 16:30:00,5,74,0.0,0.0,0.0,0.054,28.035,6.0,0,20.93831592313823,55.0,0.0019999999999999996,0.0,0.0,0.0,0.0,44.41121115035351,optimal
2021-02-12 17:00:00,5,74,0.0,0.0,0.0,0.054,28.119,6.0,0,20.745283923044738,55.0,0.0019999999999999996,0.0,0.0,0.0,0.0,44.173868112830874,optimal
2021-02-12 17:30:00,5,74,0.0,0.0,0.0,0.054,30.156,6.0,0,20.551245273501777,55.0,0.0019999999999999996,0.0,0.0,0.0,0.0,43.936762418345765,optimal
2021-02-12 18:00:00,5,74,0.0,0.0,0.0,0.11566666666666668,29.1585,6.0,0,20.358091595493526,55.0,0.0019999999999999996,0.0,0.0,0.0,0.0,43.69989382955514,optimal
2021-02-12 18:30:00,5,74,0.0,0.0,0.0,0.308,26.712,6.0,0,20.17063253185899,55.0,0.001333333333333333,0.0,0.0,0.0,0.0,43.4632621093533,optimal
2021-02-12 19:00:00,5,74,1.1800477247212218,0.0,0.0,0.46423333333333333,15.435,6.0,0,20.0,55.0,0.0,4130.167036524276,0.0,0.0,0.0,43.226867020871666,optimal
2021-02-12 19:30:00,5,74,1.2110577182044981,0.0,0.0,0.4147,13.566,6.0,0,20.0,55.0,0.0,4238.702013715743,0.0,0.0,0.0,42.990708327478515,optimal
2021-02-12 20:00:00,5,74,1.2196581878782176,0.0,0.0,0.2726,12.789,6.0,0,20.0,55.0,0.0,4268.8036575737615,0.0,0.0,0.0,42.754785792778755,optimal
2021-02-12 20:30:00,5,74,0.19904761904761903,0.0,0.0,0.09040000000000001,12.1275,6.0,0,20.0,55.0,0.0033333333333333335,0.0,0.0,696.6666666666666,0.0,42.712031006985974,optimal
2021-02-12 21:00:00,5,74,0.0,0.0,0.0,0.106,13.671,6.0,0,19.84206687958001,55.0,0.0,0.0,0.0,0.0,0.0,42.66931897597899,optimal
2021-02-12 21:30:00,5,74,0.05971428571428571,0.0,0.0,0.25656666666666667,10.668,6.0,0,19.681395422186043,55.0,0.002,0.0,0.0,209.0,0.0,42.62664965700301,optimal
2021-02-12 22:00:00,5,74,0.0,0.0,0.0,0.2145,11.7285,6.0,0,19.523160729480562,55.0,0.0,0.0,0.0,0.0,0.0,42.584023007346005,optimal
2021-02-12 22:30:00,5,74,0.0,0.0,0.0,0.13666666666666666,11.025,6.0,0,19.361569594788158,55.0,0.0,0.0,0.0,0.0,0.0,42.54143898433866,optimal
2021-02-12 23:00:00,5,74,0.0,0.0,0.0,0.054,10.689,6.0,0,19.196604641177707,55.0,0.0,0.0,0.0,0.0,0.0,42.498897545354325,optimal
2021-02-12 23:30:00,5,74,0.0,0.0,0.0,0.054,8.1585,6.0,0,19.02319985242882,55.0,0.0,0.0,0.0,0.0,0.0,42.45639864780897,optimal
2021-02-13 00:00:00,5,74,2.2857142857142856,0.0,0.0,0.053,9.3975,6.0,0,19.02319985242882,55.0,0.0,8000.0,0.0,0.0,0.0,42.41394224916116,optimal
2021-02-13 00:30:00,5,74,2.2857142857142856,0.0,0.0,0.053,10.059,6.0,0,19.152847572760358,55.0,0.07655502392344497,0.0,0.0,8000.0,0.0,42.371528306912,optimal
2021-02-13 01:00:00,5,74,2.2857142857142856,0.0,0.0,0.1884,9.261,6.0,0,18.980622464909253,55.0,0.15311004784688995,0.0,0.0,8000.0,0.0,42.32915677860509,optimal
2021-02-13 01:30:00,5,74,2.2857142857142856,0.0,0.0,0.0716,8.1585,6.0,0,18.815585167253417,55.0,0.15333333333333332,7976.666666666667,0.0,23.333333333333332,0.0,42.28682762182648,optimal
2021-02-13 02:00:00,5,74,2.2857142857142856,0.0,0.0,0.15833333333333335,9.4815,6.0,0,18.948420135156532,55.0,0.15333333333333332,8000.0,0.0,0.0,0.0,42.24454079420465,optimal
2021-02-13 02:30:00,5,74,2.2857142857142856,0.0,0.0,0.1398,8.379,6.0,0,19.08461852079059,55.0,0.15333333333333332,8000.0,0.0,0.0,0.0,42.202296253410445,optimal
2021-02-13 03:00:00,5,74,2.2857142857142856,0.0,0.0,0.10566666666666669,9.5235,6.0,0,19.218837579079445,55.0,0.15333333333333332,8000.0,0.0,0.0,0.0,42.16009395715704,optimal
2021-02-13 03:30:00,5,74,2.2857142857142856,0.0,0.0,0.23853333333333332,8.1375,6.0,0,19.350508746514304,55.0,0.15333333333333332,8000.0,0.0,0.0,0.0,42.11793386319988,optimal
2021-02-13 04:00:00,5,74,2.2857142857142856,0.0,0.0,0.10046666666666668,10.0905,6.0,0,19.485471413103063,55.0,0.15333333333333332,8000.0,0.0,0.0,0.0,42.07581592933668,optimal
2021-02-13 04:30:00,5,74,2.2857142857142856,0.0,9.0,0.19546666666666668,7.539,6.0,0,19.613496561522602,55.0,0.15333333333333332,8000.0,0.0,0.0,0.0,46.30874011340734,optimal
2021-02-13 05:00:00,5,74,2.2857142857142856,0.0,3.759192999482366,0.14353333333333332,7.938,6.0,0,19.742951667808196,55.0,0.15333333333333332,8000.0,0.0,0.0,0.0,48.048048048048045,optimal
2021-02-13 05:30:00,5,74,2.2857142857142856,0.0,0.0,0.32663333333333333,8.274,6.0,0,19.868292644011166,55.0,0.15133333333333332,8000.0,0.0,0.0,0.0,48.0,optimal
2021-02-13 06:00:00,5,74,2.2857142857142856,0.0,0.0,0.8774,9.261,6.0,0,20.00944112668063,55.0,0.14933333333333335,8000.0,0.0,0.0,0.0,47.550510163930426,optimal
2021-02-13 06:30:00,5,74,2.2857142857142856,0.0,0.0,0.9016000000000001,9.9225,6.0,0,20.149567882302858,55.0,0.14866666666666667,8000.0,0.0,0.0,0.0,47.10146981769692,optimal
2021-02-13 07:00:00,5,74,2.2857142857142856,0.0,0.0,0.1182,9.702,6.0,0,20.28933574359806,55.0,0.14466666666666667,8000.0,0.0,0.0,0.0,46.652878511809654,optimal
2021-02-13 07:30:00,5,74,2.2857142857142856,0.0,0.0,0.1316,10.584,6.0,0,20.420821770333617,55.0,0.14,8000.0,0.0,0.0,0.0,46.204735797228274,optimal
2021-02-13 08:00:00,5,74,2.2857142857142856,0.0,0.0,0.25656666666666667,10.143,6.0,0,20.55284826982742,55.0,0.13533333333333333,8000.0,0.0,0.0,0.0,45.757041225361476,optimal
2021-02-13 08:30:00,5,74,0.0,0.0,0.0,0.16786666666666666,13.0095,6.0,0,20.691278295983814,55.0,0.128,0.0,0.0,0.0,0.0,45.30979434806654,optimal
2021-02-13 09:00:00,5,74,2.2857142857142856,0.0,0.0,0.1492666666666667,11.025,6.0,0,20.527606048522145,55.0,0.126,8000.0,0.0,0.0,0.0,44.8629947176489,optimal
2021-02-13 09:30:00,5,74,0.0,0.0,0.0,0.1632333333333333,12.789,6.0,0,20.671411602168988,55.0,0.07066666666666667,0.0,0.0,0.0,0.0,44.41664188686168,optimal
2021-02-13 10:00:00,5,74,2.2857142857142856,0.0,0.0,0.16373333333333331,12.1275,6.0,0,20.508281576836207,55.0,0.06933333333333333,8000.0,0.0,0.0,0.0,43.97073540890525,optimal
2021-02-13 10:30:00,5,74,2.2857142857142856,0.0,0.0,0.2543333333333333,12.1695,6.0,0,20.64329331728233,55.0,0.068,8000.0,0.0,0.0,0.0,43.52527483742677,optimal
2021-02-13 11:00:00,5,74,2.2857142857142856,0.0,0.0,0.23086666666666666,12.306,6.0,0,20.776508819717204,55.0,0.068,8000.0,0.0,0.0,0.0,43.08025972651977,optimal
2021-02-13 11:30:00,5,74,0.702153192144815,0.0,0.0,0.15986666666666668,13.23,6.0,0,20.892512423725822,55.0,0.068,2457.5361725068524,0.0,0.0,0.0,42.635689630723675,optimal
2021-02-13 12:00:00,5,74,0.0,0.0,0.0,0.08913333333333334,13.671,6.0,0,20.789299562557712,55.0,0.068,0.0,0.0,0.0,0.0,42.19156410502338,optimal
2021-02-13 12:30:00,5,74,0.0,0.0,0.0,0.15780000000000002,13.9335,6.0,0,20.592363444024745,55.0,0.068,0.0,0.0,0.0,0.0,41.747882704848784,optimal
2021-02-13 13:00:00,5,74,2.2857142857142856,0.0,0.0,0.07353333333333333,13.293,6.0,0,20.400806350121833,55.0,0.068,8000.0,0.0,0.0,0.0,41.304644986074365,optimal
2021-02-13 13:30:00,5,74,2.2857142857142856,0.0,0.0,0.1374,12.1065,6.0,0,20.509944473298287,55.0,0.068,8000.0,0.0,0.0,0.0,40.861850505018715,optimal
2021-02-13 14:00:00,5,74,2.2857142857142856,0.0,0.0,0.1807333333333333,11.571,6.0,0,20.621400567707074,55.0,0.068,8000.0,0.0,0.0,0.0,40.419498818444126,optimal
2021-02-13 14:30:00,5,74,2.2857142857142856,0.0,0.0,0.063,11.025,6.0,0,20.734379933406583,55.0,0.068,8000.0,0.0,0.0,0.0,39.97758948355611,optimal
2021-02-13 15:00:00,5,74,2.2857142857142856,0.0,0.0,0.1168,10.8465,6.0,0,20.842805622890285,55.0,0.068,8000.0,0.0,0.0,0.0,39.53612205800298,optimal
2021-02-13 15:30:00,5,74,2.2857142857142856,0.0,0.0,0.1817333333333333,11.2455,6.0,0,20.953177072084515,55.0,0.068,8000.0,0.0,0.0,0.0,39.095096099875406,optimal
2021-02-13 16:00:00,5,74,0.0,0.0,0.0,0.24656666666666663,23.8665,6.0,0,21.06401289150846,55.0,0.068,0.0,0.0,0.0,0.0,38.654511167705955,optimal
2021-02-13 16:30:00,5,74,0.0,0.0,0.0,0.1997333333333333,27.4575,6.0,0,20.884438670435298,55.0,0.068,0.0,0.0,0.0,0.0,38.214366820468676,optimal
2021-02-13 17:00:00,5,74,0.0,0.0,0.0,0.14466666666666667,27.3735,6.0,0,20.69934623368225,55.0,0.068,0.0,0.0,0.0,0.0,37.774662617578635,optimal
2021-02-13 17:30:00,5,74,0.0,0.0,0.0,0.18953333333333333,30.4605,6.0,0,20.51148256247763,55.0,0.068,0.0,0.0,0.0,0.0,37.33539811889148,optimal
2021-02-13 18:00:00,5,74,0.0,0.0,0.0,0.16473333333333331,30.0195,6.0,0,20.33489598449998,55.0,0.044,0.0,0.0,0.0,0.0,36.89657288470302,optimal
2021-02-13 18:30:00,5,74,0.0,0.0,0.0,0.4288,26.9325,6.0,0,20.160808022481117,55.0,0.018666666666666668,0.0,0.0,0.0,0.0,36.45818647574875,optimal
2021-02-13 19:00:00,5,74,1.1182248675783668,0.0,0.0,1.057233333333333,14.595,6.0,0,20.0,55.0,0.016,3913.787036524284,0.0,0.0,0.0,36.020238453203426,optimal
2021-02-13 19:30:00,5,74,1.0855643848711471,0.0,0.0,0.5702666666666667,12.4845,6.0,0,20.0,55.0,0.014,3799.475347049015,0.0,0.0,0.0,35.98421821475022,optimal
2021-02-13 20:00:00,5,74,1.0818143783544096,0.0,0.0,0.8364333333333333,12.1275,6.0,0,20.0,55.0,0.011333333333333334,3786.3503242404336,0.0,0.0,0.0,35.94823399653547,optimal
2021-02-13 20:30:00,5,74,0.0,0.0,0.0,0.19126666666666667,12.1275,6.0,0,20.0,55.0,0.005333333333333333,0.0,0.0,0.0,0.0,35.912285762538936,optimal
2021-02-13 21:00:00,5,74,0.0,0.0,0.0,1.6415666666666666,12.789,6.0,0,19.84890447846662,55.0,0.0033333333333333335,0.0,0.0,0.0,0.0,35.87637347677639,optimal
2021-02-13 21:30:00,5,74,0.0,0.0,0.0,0.13863333333333333,11.907,6.0,0,19.719657572879733,55.0,0.001333333333333333,0.0,0.0,0.0,0.0,35.84049710329962,optimal
2021-02-13 22:00:00,5,74,0.0,0.0,0.0,0.4094,11.025,6.0,0,19.566601088579347,55.0,0.0,0.0,0.0,0.0,0.0,35.80465660619632,optimal
2021-02-13 22:30:00,5,74,0.0,0.0,0.0,0.13119999999999998,8.2005,6.0,0,19.41882175780999,55.0,0.0,0.0,0.0,0.0,0.0,35.76885194959012,optimal
2021-02-13 23:00:00,5,74,0.0,0.0,0.0,0.23553333333333334,9.5655,6.0,0,19.247601789148813,55.0,0.0,0.0,0.0,0.0,0.0,35.73308309764053,optimal
2021-02-13 23:30:00,5,74,0.0,0.0,0.0,0.06233333333333334,7.056,6.0,0,19.082390809505284,55.0,0.0,0.0,0.0,0.0,0.0,35.69735001454289,optimal
2021-02-07 00:00:00,6,74,0.0,0.0,0.0,0.16076666666666667,9.261,6.0,0,21.0,55.0,0.12,0.0,0.0,0.0,0.0,47.952,optimal
2021-02-07 00:30:00,6,74,0.0,0.0,0.0,0.298,10.3635,6.0,0,20.849583807116886,55.0,0.12,0.0,0.0,0.0,0.0,47.904047999999996,optimal
2021-02-07 01:00:00,6,74,0.0,0.0,0.0,0.075,8.274,6.0,0,20.703709740697985,55.0,0.12,0.0,0.0,0.0,0.0,47.856143952,optimal
2021-02-07 01:30:00,6,74,0.0,0.0,0.0,0.075,7.7175,6.0,0,20.546040522260398,55.0,0.12,0.0,0.0,0.0,0.0,47.80828780804799,optimal
2021-02-07 02:00:00,6,74,1.4937665542257563,0.0,0.0,0.09966666666666668,6.615,6.0,0,20.389384548844355,55.0,0.13,4183.182939790147,0.0,1045.0,0.0,47.76047952023995,optimal
2021-02-07 02:30:00,6,74,2.2857142857142856,0.0,0.0,0.186,6.174,6.0,0,20.392117472472943,55.0,0.13,8000.0,0.0,0.0,0.0,47.712719040719705,optimal
2021-02-07 03:00:00,6,74,2.2857142857142856,0.0,0.0,0.075,3.906,6.0,0,20.540799789048222,55.0,0.13,8000.0,0.0,0.0,0.0,47.66500632167899,optimal
2021-02-07 03:30:00,6,74,2.2857142857142856,0.0,0.0,0.21066666666666664,2.3415,6.0,0,20.682963740028367,55.0,0.13,8000.0,0.0,0.0,0.0,47.61734131535731,optimal
2021-02-07 04:00:00,6,74,2.2857142857142856,0.0,0.0,0.075,2.205,6.0,0,20.8284258386494,55.0,0.13,8000.0,0.0,0.0,0.0,47.56972397404195,optimal
2021-02-07 04:30:00,6,74,2.2857142857142856,0.0,1.4112141297153802,0.11816666666666668,0.882,6.0,0,20.966941948856867,55.0,0.13,8000.0,0.0,0.0,0.0,48.192480961682705,optimal
2021-02-07 05:00:00,6,74,2.2857142857142856,0.0,0.0,0.1675,1.5435,6.0,0,21.105779333599575,55.0,0.13,8000.0,0.0,0.0,0.0,48.144288480721016,optimal
2021-02-07 05:30:00,6,74,2.2857142857142856,0.0,0.0,0.075,1.5435,6.0,0,21.24516708531841,55.0,0.13,8000.0,0.0,0.0,0.0,48.096144192240295,optimal
2021-02-07 06:00:00,6,74,2.2857142857142856,0.0,0.0,0.42869999999999997,5.0715,6.0,0,21.379761359744144,55.0,0.12133333333333333,8000.0,0.0,0.0,0.0,48.048048048048045,optimal
2021-02-07 06:30:00,6,74,2.2857142857142856,0.0,0.0,0.3626666666666667,5.376,6.0,0,21.53661702193694,55.0,0.10232,8000.0,0.0,0.0,0.0,48.0,optimal
2021-02-07 07:00:00,6,74,2.2857142857142856,0.0,0.0,0.6666666666666666,5.0715,6.0,0,21.692170677883578,55.0,0.09333333333333334,8000.0,0.0,0.0,0.0,47.62331947477331,optimal
2021-02-07 07:30:00,6,74,2.2857142857142856,0.0,0.0,0.3484,5.5125,6.0,0,21.855656982898036,55.0,0.09133333333333334,8000.0,0.0,0.0,0.0,47.24701563007185,optimal
2021-02-07 08:00:00,6,74,1.2981624801092793,0.0,0.0,0.2735,9.261,6.0,0,22.0,55.0,0.08866666666666667,4543.568680382477,0.0,0.0,0.0,46.87108808921509,optimal
2021-02-07 08:30:00,6,74,1.3672198578032766,0.0,0.0,0.2821666666666667,11.7075,6.0,0,22.0,55.0,0.08866666666666667,4785.269502311468,0.0,0.0,0.0,46.49553647589919,optimal
2021-02-07 09:00:00,6,74,0.0,0.0,0.0,0.165,12.348,6.0,0,22.0,55.0,0.08866666666666667,0.0,0.0,0.0,0.0,46.120360414196604,optimal
2021-02-07 09:30:00,6,74,0.0,0.0,0.0,0.34453333333333336,12.348,6.0,0,21.81617915375897,55.0,0.088,0.0,0.0,0.0,0.0,45.74555952855572,optimal
2021-02-07 10:00:00,6,74,2.2857142857142856,0.0,0.0,1.7276666666666667,12.1275,6.0,0,21.650939837107625,55.0,0.088,8000.0,0.0,0.0,0.0,45.371133443800474,optimal
2021-02-07 10:30:00,6,74,0.0,0.0,0.0,1.9766666666666668,12.5265,6.0,0,21.825001724621938,55.0,0.088,0.0,0.0,0.0,0.0,44.997081785129986,optimal
2021-02-07 11:00:00,6,74,2.2857142857142856,0.0,0.0,2.4443333333333332,11.7495,6.0,0,21.67233782183329,55.0,0.088,8000.0,0.0,0.0,0.0,44.62340417811817,optimal
2021-02-07 11:30:00,6,74,0.0,0.0,0.0,0.986,13.23,6.0,0,21.808753536476374,55.0,0.088,0.0,0.0,0.0,0.0,44.250100248713366,optimal
2021-02-07 12:00:00,6,74,0.0,0.0,0.0,0.12733333333333333,14.3325,6.0,0,21.629570485882855,55.0,0.088,0.0,0.0,0.0,0.0,43.87716962323797,optimal
2021-02-07 12:30:00,6,74,0.0,0.0,0.0,0.9551666666666666,14.994,6.0,0,21.44678896472257,55.0,0.08733333333333333,0.0,0.0,0.0,0.0,43.504611928388044,optimal
2021-02-07 13:00:00,6,74,0.0,0.0,0.0,2.6663666666666668,14.8155,6.0,0,21.287325366269773,55.0,0.021333333333333333,0.0,0.0,0.0,0.0,43.132426791232966,optimal
2021-02-07 13:30:00,6,74,0.0,0.0,0.0,2.0141,14.112,6.0,0,21.147604482757767,55.0,0.021333333333333333,0.0,0.0,0.0,0.0,42.76061383921505,optimal
2021-02-07 14:00:00,6,74,0.0,0.0,0.0,0.09240000000000001,14.007,6.0,0,20.999979866041674,55.0,0.021333333333333333,0.0,0.0,0.0,0.0,42.389172700149146,optimal
2021-02-07 14:30:00,6,74,1.042592290981797,0.0,0.0,0.5530666666666667,13.23,6.0,0,20.831180865231232,55.0,0.021333333333333333,3649.0730184362897,0.0,0.0,0.0,42.01810300222231,optimal
2021-02-07 15:00:00,6,74,2.2857142857142856,0.0,0.0,0.7082666666666666,11.382,6.0,0,20.815848457347833,55.0,0.021333333333333333,8000.0,0.0,0.0,0.0,41.6474043739934,optimal
2021-02-07 15:30:00,6,74,2.2857142857142856,0.0,0.0,2.4947,11.7495,6.0,0,20.957201580927897,55.0,0.021333333333333333,8000.0,0.0,0.0,0.0,41.27707644439272,optimal
2021-02-07 16:00:00,6,74,0.0,0.0,0.0,2.313833333333333,24.3285,6.0,0,21.100214280115804,55.0,0.016666666666666666,0.0,0.0,0.0,0.0,40.90711884272164,optimal
2021-02-07 16:30:00,6,74,0.0,0.0,0.0,0.1442,28.917,6.0,0,20.96191040159912,55.0,0.016666666666666666,0.0,0.0,0.0,0.0,40.537531198652225,optimal
2021-02-07 17:00:00,6,74,0.0,0.0,0.0,0.22806666666666664,31.3635,6.0,0,20.793281365535645,55.0,0.012666666666666666,0.0,0.0,0.0,0.0,40.168313142226886,optimal
2021-02-07 17:30:00,6,74,0.0,0.0,0.0,0.34863333333333335,33.306,6.0,0,20.631493879644097,55.0,0.008666666666666666,0.0,0.0,0.0,0.0,39.799464303857974,optimal
2021-02-07 18:00:00,6,74,0.0,0.0,0.0,0.35176666666666667,31.3425,6.0,0,20.48026143647885,55.0,0.006,0.0,0.0,0.0,0.0,39.430984314327425,optimal
2021-02-07 18:30:00,6,74,0.0,0.0,0.0,0.27466666666666667,28.2555,6.0,0,20.33122388936052,55.0,0.006,0.0,0.0,0.0,0.0,39.06287280478641,optimal
2021-02-07 19:00:00,6,74,0.0,0.0,0.0,0.149,15.6975,6.0,0,20.169087328452907,55.0,0.006,0.0,0.0,0.0,0.0,38.69512940675494,optimal
2021-02-07 19:30:00,6,74,1.2925430931512218,0.0,0.0,0.075,12.5475,6.0,0,20.0,55.0,0.006,4523.900826029277,0.0,0.0,0.0,38.327753752121495,optimal
2021-02-07 20:00:00,6,74,1.2537811883893173,0.0,0.0,0.21066666666666664,12.0855,6.0,0,20.0,55.0,0.006,4388.234159362611,0.0,0.0,0.0,37.96074547314269,optimal
2021-02-07 20:30:00,6,74,0.0,0.0,0.0,0.075,11.907,6.0,0,20.0,55.0,0.006,0.0,0.0,0.0,0.0,37.59410420244286,optimal
2021-02-07 21:00:00,6,74,0.0,0.0,0.0,0.2362,12.5685,6.0,0,19.828777442757183,55.0,0.006,0.0,0.0,0.0,0.0,37.22782957301373,optimal
2021-02-07 21:30:00,6,74,0.0,0.0,0.0,0.48419999999999996,13.146,6.0,0,19.67677308087742,55.0,0.004,0.0,0.0,0.0,0.0,36.86192121821403,optimal
2021-02-07 22:00:00,6,74,0.0,0.0,0.0,2.399233333333333,10.584,6.0,0,19.54157529747852,55.0,0.0026666666666666666,0.0,0.0,0.0,0.0,36.49637877176913,optimal
2021-02-07 22:30:00,6,74,0.0,0.0,0.0,0.7468333333333333,6.678,6.0,0,19.455163815067852,55.0,0.002,0.0,0.0,0.0,0.0,36.13120186777067,optimal
2021-02-07 23:00:00,6,74,0.0,0.0,0.0,0.339,7.938,6.0,0,19.325404291586196,55.0,0.0,0.0,0.0,0.0,0.0,36.0950706659029,optimal
2021-02-07 23:30:00,6,74,0.0,0.0,0.0,0.3383333333333333,5.292,6.0,0,19.19092850044793,55.0,0.0,0.0,0.0,0.0,0.0,36.058975595237,optimal
2021-02-08 00:00:00,6,74,2.2857142857142856,0.0,0.0,0.044,5.9745,6.0,0,19.19092850044793,55.0,0.0,8000.0,0.0,0.0,0.0,36.02291661964176,optimal
2021-02-08 00:30:00,6,74,2.2857142857142856,0.0,0.0,0.044,7.938,6.0,0,19.32615432903146,55.0,0.07655502392344497,0.0,0.0,8000.0,0.0,35.98689370302212,optimal
2021-02-08 01:00:00,6,74,2.2857142857142856,0.0,0.0,0.107,8.6835,6.0,0,19.15898429933786,55.0,0.078,7849.0,0.0,151.0,0.0,35.95090680931909,optimal
2021-02-08 01:30:00,6,74,2.2857142857142856,0.0,0.0,0.044,7.665,6.0,0,19.291198389757,55.0,0.078,8000.0,0.0,0.0,0.0,35.914955902509774,optimal
2021-02-08 02:00:00,6,74,2.2857142857142856,0.0,0.0,0.0755,6.7725,6.0,0,19.425010070272588,55.0,0.078,8000.0,0.0,0.0,0.0,35.87904094660726,optimal
2021-02-08 02:30:00,6,74,2.2857142857142856,0.0,0.0,0.0755,5.5755,6.0,0,19.55827762320419,55.0,0.078,8000.0,0.0,0.0,0.0,35.84316190566066,optimal
2021-02-08 03:00:00,6,74,2.2857142857142856,0.0,9.0,0.0685,5.0925,6.0,0,19.690761568390812,55.0,0.078,8000.0,0.0,0.0,0.0,40.082318743754996,optimal
2021-02-08 03:30:00,6,74,2.2857142857142856,0.0,9.0,0.0825,4.1895,6.0,0,19.822205797271682,55.0,0.078,8000.0,0.0,0.0,0.0,44.31723642501124,optimal
2021-02-08 04:00:00,6,74,2.2857142857142856,0.0,0.0,0.0755,7.056,6.0,0,19.952469470808996,55.0,0.078,8000.0,0.0,0.0,0.0,44.27291918858623,optimal
2021-02-08 04:30:00,6,74,2.2857142857142856,0.0,8.344915141652777,0.0755,5.271,6.0,0,20.080773250255334,55.0,0.078,8000.0,0.0,0.0,0.0,48.192480961682705,optimal
2021-02-08 05:00:00,6,74,2.2857142857142856,0.0,0.0,0.044,7.938,6.0,0,20.206928526431373,55.0,0.078,8000.0,0.0,0.0,0.0,48.144288480721016,optimal
2021-02-08 05:30:00,6,74,2.2857142857142856,0.0,0.0,0.048,7.938,6.0,0,20.329769845365547,55.0,0.07733333333333334,8000.0,0.0,0.0,0.0,48.096144192240295,optimal
2021-02-08 06:00:00,6,74,2.2857142857142856,0.0,0.0,0.16613333333333333,11.907,6.0,0,20.451783834182645,55.0,0.014,8000.0,0.0,0.0,0.0,48.048048048048045,optimal
2021-02-08 06:30:00,6,74,2.2857142857142856,0.0,0.0,0.10583333333333332,11.025,6.0,0,20.581488022709074,55.0,0.014,8000.0,0.0,0.0,0.0,48.0,optimal
2021-02-08 07:00:00,6,74,2.2857142857142856,0.0,0.0,0.075,11.2875,6.0,0,20.702146881732702,55.0,0.014,8000.0,0.0,0.0,0.0,47.63431629407706,optimal
2021-02-08 07:30:00,6,74,0.0,0.0,0.0,0.096,12.936,6.0,0,20.816074348515873,55.0,0.014,0.0,0.0,0.0,0.0,47.26899827186004,optimal
2021-02-08 08:00:00,6,74,0.0,0.0,0.0,0.054,13.0095,6.0,0,20.629537910739895,55.0,0.014,0.0,0.0,0.0,0.0,46.90404556766524,optimal
2021-02-08 08:30:00,6,74,0.0,0.0,0.0,0.054,13.671,6.0,0,20.44411709034801,55.0,0.014,0.0,0.0,0.0,0.0,46.53945781617464,optimal
2021-02-08 09:00:00,6,74,2.2857142857142856,0.0,0.0,0.1065,13.188,6.0,0,20.25950014150134,55.0,0.014,8000.0,0.0,0.0,0.0,46.17523465243553,optimal
2021-02-08 09:30:00,6,74,0.0,0.0,0.0,0.0645,13.8495,6.0,0,20.378778908313834,55.0,0.014,0.0,0.0,0.0,0.0,45.81137571186015,optimal
2021-02-08 10:00:00,6,74,2.2857142857142856,0.0,0.0,0.054,13.23,6.0,0,20.19564260117023,55.0,0.014,8000.0,0.0,0.0,0.0,45.447880630225356,optimal
2021-02-08 10:30:00,6,74,2.2857142857142856,0.0,0.0,0.117,13.3665,6.0,0,20.316369411358174,55.0,0.014,8000.0,0.0,0.0,0.0,45.08474904367219,optimal
2021-02-08 11:00:00,6,74,2.2857142857142856,0.0,0.0,0.054,13.0515,6.0,0,20.43691983282588,55.0,0.014,8000.0,0.0,0.0,0.0,44.72198058870558,optimal
2021-02-08 11:30:00,6,74,2.2857142857142856,0.0,0.0,0.11,13.5345,6.0,0,20.55255283728262,55.0,0.014,8000.0,0.0,0.0,0.0,44.359574902193934,optimal
2021-02-08 12:00:00,6,74,0.0,0.0,0.0,0.061,14.154,6.0,0,20.670146586888986,55.0,0.014,0.0,0.0,0.0,0.0,43.9975316213688,optimal
2021-02-08 12:30:00,6,74,1.8526865771871148,0.0,0.0,0.103,14.112,6.0,0,20.484607101915834,55.0,0.014,6484.403020154902,0.0,0.0,0.0,43.63585038382449,optimal
2021-02-08 13:00:00,6,74,0.0,0.0,0.0,0.068,14.2485,6.0,0,20.548352311769523,55.0,0.014,0.0,0.0,0.0,0.0,43.27453082751773,optimal
2021-02-08 13:30:00,6,74,2.2857142857142856,0.0,0.0,0.068,12.789,6.0,0,20.367986769861627,55.0,0.014,8000.0,0.0,0.0,0.0,42.913572590767274,optimal
2021-02-08 14:00:00,6,74,2.2857142857142856,0.0,0.0,0.103,13.0095,6.0,0,20.49138295564171,55.0,0.014,8000.0,0.0,0.0,0.0,42.552975312253565,optimal
2021-02-08 14:30:00,6,74,2.2857142857142856,0.0,0.0,0.054,12.1275,6.0,0,20.615876380885226,55.0,0.014,8000.0,0.0,0.0,0.0,42.19273863101837,optimal
2021-02-08 15:00:00,6,74,2.2857142857142856,0.0,0.0,0.117,12.348,6.0,0,20.73594224484404,55.0,0.014,8000.0,0.0,0.0,0.0,41.83286218646442,optimal
2021-02-08 15:30:00,6,74,2.2857142857142856,0.0,0.0,0.23636666666666667,12.348,6.0,0,20.85583793768333,55.0,0.014,8000.0,0.0,0.0,0.0,41.47334561835501,optimal
2021-02-08 16:00:00,6,74,0.0,0.0,0.0,0.0596,25.389,6.0,0,20.9850342596213,55.0,0.014,0.0,0.0,0.0,0.0,41.114188566813716,optimal
2021-02-08 16:30:00,6,74,0.0,0.0,0.0,0.3497,29.1375,6.0,0,20.81127168129747,55.0,0.012666666666666666,0.0,0.0,0.0,0.0,40.75539067232396,optimal
2021-02-08 17:00:00,6,74,0.0,0.0,0.0,0.1452,30.597,6.0,0,20.645653523072333,55.0,0.011333333333333334,0.0,0.0,0.0,0.0,40.3969515757287,optimal
2021-02-08 17:30:00,6,74,0.0,0.0,0.0,0.15233333333333335,33.684,6.0,0,20.475999235651003,55.0,0.010666666666666666,0.0,0.0,0.0,0.0,40.03887091823003,optimal
2021-02-08 18:00:00,6,74,0.0,0.0,0.0,0.2698,32.445,6.0,0,20.305674186312338,55.0,0.006666666666666667,0.0,0.0,0.0,0.0,39.68114834138886,optimal
2021-02-08 18:30:00,6,74,0.0,0.0,0.0,0.5316000000000001,28.917,6.0,0,20.144686998233414,55.0,0.004666666666666667,0.0,0.0,0.0,0.0,39.32378348712454,optimal
2021-02-08 19:00:00,6,74,0.9544054024194908,0.0,0.0,0.8807999999999999,15.876,6.0,0,20.0,55.0,0.002666666666666666,3340.4189084682175,0.0,0.0,0.0,38.96677599771447,optimal
2021-02-08 19:30:00,6,74,1.1443299164539058,0.0,0.0,0.43273333333333336,12.348,6.0,0,20.0,55.0,0.002666666666666666,4005.15470758867,0.0,0.0,0.0,38.61012551579382,optimal
2021-02-08 20:00:00,6,74,1.1123877638216602,0.0,0.0,0.4672,12.1275,6.0,0,20.0,55.0,0.002666666666666666,3893.3571733758104,0.0,0.0,0.0,38.253831684355085,optimal
2021-02-08 20:30:00,6,74,0.0,0.0,0.0,0.40703333333333336,12.348,6.0,0,20.0,55.0,0.001333333333333333,0.0,0.0,0.0,0.0,37.89789414674779,optimal
2021-02-08 21:00:00,6,74,0.0,0.0,0.0,0.3785,12.1275,6.0,0,19.84712000331924,55.0,0.001333333333333333,0.0,0.0,0.0,0.0,37.542312546678104,optimal
2021-02-08 21:30:00,6,74,0.0,0.0,0.0,0.3164666666666666,12.1275,6.0,0,19.6988517424471,55.0,0.0,0.0,0.0,0.0,0.0,37.18708652820849,optimal
2021-02-08 22:00:00,6,74,0.7961904761904761,0.0,0.0,0.5674,11.2665,6.0,0,19.55703022880569,55.0,0.0,0.0,0.0,2786.6666666666665,0.0,37.14989944168028,optimal
2021-02-08 22:30:00,6,74,1.6919047619047627,0.0,0.0,0.4289333333333333,10.143,6.0,0,19.42979663934622,55.0,0.002666666666666666,0.0,0.0,5921.666666666669,0.0,37.1127495422386,optimal
2021-02-08 23:00:00,6,74,0.0,0.0,0.0,0.43239999999999995,11.2455,6.0,0,19.294715388122803,55.0,0.002666666666666666,0.0,0.0,0.0,0.0,37.075636792696365,optimal
2021-02-08 23:30:00,6,74,0.0,0.0,0.0,0.182,11.025,6.0,0,19.155636915168685,55.0,0.0,0.0,0.0,0.0,0.0,37.03856115590367,optimal
2021-02-09 00:00:00,6,74,2.2857142857142856,0.0,9.0,0.105,10.584,6.0,0,19.155636915168685,55.0,0.0,7721.333333333333,0.0,278.66666666666663,0.0,41.27652259474777,optimal
2021-02-09 00:30:00,6,74,2.2857142857142856,0.0,0.0,0.3095333333333334,11.2455,6.0,0,19.295593215482295,55.0,0.07655502392344497,0.0,0.0,8000.0,0.0,41.23524607215302,optimal
2021-02-09 01:00:00,6,74,2.2857142857142856,0.0,0.0,0.08220000000000001,12.1275,6.0,0,19.149645858409745,55.0,0.152,116.0,0.0,7884.0,0.0,41.19401082608086,optimal
2021-02-09 01:30:00,6,74,2.2857142857142856,0.0,0.0,0.16119999999999998,11.823,6.0,0,18.991856453996114,55.0,0.152,8000.0,0.0,0.0,0.0,41.15281681525478,optimal
2021-02-09 02:00:00,6,74,2.2857142857142856,0.0,0.0,0.07213333333333334,11.7705,6.0,0,19.1343414800468,55.0,0.152,8000.0,0.0,0.0,0.0,41.111663998439525,optimal
2021-02-09 02:30:00,6,74,2.2857142857142856,0.0,0.0,0.1536,11.13,6.0,0,19.271192041152,55.0,0.152,8000.0,0.0,0.0,0.0,41.07055233444108,optimal
2021-02-09 03:00:00,6,74,2.2857142857142856,0.0,0.0,0.14333333333333334,11.6865,6.0,0,19.410291714612846,55.0,0.152,8000.0,0.0,0.0,0.0,41.02948178210664,optimal
2021-02-09 03:30:00,6,74,2.2857142857142856,0.0,6.351569582345702,0.1278,10.7205,6.0,0,19.5481664543171,55.0,0.152,8000.0,0.0,0.0,0.0,44.00544785193874,optimal
2021-02-09 04:00:00,6,74,2.2857142857142856,0.0,0.0,0.1267333333333333,11.424,6.0,0,19.68510008435033,55.0,0.152,8000.0,0.0,0.0,0.0,43.9614424040868,optimal
2021-02-09 04:30:00,6,74,2.2857142857142856,0.0,9.0,0.1034,10.689,6.0,0,19.821645992508415,55.0,0.152,8000.0,0.0,0.0,0.0,48.192480961682705,optimal
2021-02-09 05:00:00,6,74,2.2857142857142856,0.0,0.0,0.061,11.361,6.0,0,19.955087556769005,55.0,0.152,8000.0,0.0,0.0,0.0,48.144288480721016,optimal
2021-02-09 05:30:00,6,74,2.2857142857142856,0.0,0.0,0.061,11.571,6.0,0,20.084736314083557,55.0,0.152,8000.0,0.0,0.0,0.0,48.096144192240295,optimal
2021-02-09 06:00:00,6,74,0.5451972809803217,0.0,0.0,0.2359333333333333,14.3745,6.0,0,20.213164983058984,55.0,0.152,1908.190483431126,0.0,0.0,0.0,48.048048048048045,optimal
2021-02-09 06:30:00,6,74,2.2857142857142856,0.0,0.0,0.8937,13.23,6.0,0,20.11767139595409,55.0,0.152,8000.0,0.0,0.0,0.0,48.0,optimal
2021-02-09 07:00:00,6,74,2.2857142857142856,0.0,0.0,3.720533333333333,13.9755,6.0,0,20.26690435403025,55.0,0.12849333333333332,8000.0,0.0,0.0,0.0,47.87395470857875,optimal
2021-02-09 07:30:00,6,74,0.0,0.0,0.0,0.2581,14.994,6.0,0,20.45247166902092,55.0,0.06466666666666666,0.0,0.0,0.0,0.0,47.748035462448925,optimal
2021-02-09 08:00:00,6,74,2.2857142857142856,0.0,0.0,1.6954666666666667,13.671,6.0,0,20.292536781240333,55.0,0.062,8000.0,0.0,0.0,0.0,47.62224213556523,optimal
2021-02-09 08:30:00,6,74,0.0,0.0,0.0,1.1041666666666667,15.981,6.0,0,20.469962281613892,55.0,0.06133333333333333,0.0,0.0,0.0,0.0,47.496574602008415,optimal
2021-02-09 09:00:00,6,74,0.0,0.0,0.0,0.8524333333333333,15.6345,6.0,0,20.313426745080033,55.0,0.05266666666666667,0.0,0.0,0.0,0.0,47.37103273598516,optimal
2021-02-09 09:30:00,6,74,0.0,0.0,0.0,1.1233333333333333,16.5375,6.0,0,20.157498686206214,55.0,0.05266666666666667,0.0,0.0,0.0,0.0,47.245616411827925,optimal
2021-02-09 10:00:00,6,74,2.2857142857142856,0.0,0.0,0.4333,14.7735,6.0,0,20.0,55.0,0.05,8000.0,0.0,0.0,0.0,47.12032550399485,optimal
2021-02-09 10:30:00,6,74,0.045785007161860035,0.0,0.0,0.23146666666666668,15.2145,6.0,0,20.154205906667173,55.0,0.05,160.24752506651012,0.0,0.0,0.0,46.995159887069605,optimal
2021-02-09 11:00:00,6,74,1.36790768832263,0.0,0.0,0.4231333333333333,14.553,6.0,0,20.0,55.0,0.05,4787.676909129205,0.0,0.0,0.0,46.87011943576129,optimal
2021-02-09 11:30:00,6,74,2.2857142857142856,0.0,0.0,0.38206666666666667,14.3325,6.0,0,20.02806731502243,55.0,0.05,8000.0,0.0,0.0,0.0,46.74520402490428,optimal
2021-02-09 12:00:00,6,74,2.2857142857142856,0.0,0.0,1.8032333333333328,14.595,6.0,0,20.17305452681371,55.0,0.048,8000.0,0.0,0.0,0.0,46.62041352945813,optimal
2021-02-09 12:30:00,6,74,0.0,0.0,0.0,0.40686666666666665,14.994,6.0,0,20.32606585964774,55.0,0.044,0.0,0.0,0.0,0.0,46.495747824507426,optimal
2021-02-09 13:00:00,6,74,2.2857142857142856,0.0,0.0,0.38589999999999997,14.3325,6.0,0,20.1654330938002,55.0,0.042,8000.0,0.0,0.0,0.0,46.37120678526167,optimal
2021-02-09 13:30:00,6,74,2.2857142857142856,0.0,0.0,0.2848,13.8915,6.0,0,20.30602499270876,55.0,0.04066666666666666,8000.0,0.0,0.0,0.0,46.24679028705516,optimal
2021-02-09 14:00:00,6,74,2.2857142857142856,0.0,0.0,0.3867,13.8915,6.0,0,20.43995186239546,55.0,0.04066666666666666,8000.0,0.0,0.0,0.0,46.12249820534686,optimal
2021-02-09 14:30:00,6,74,2.2857142857142856,0.0,0.0,0.22596666666666668,13.4715,6.0,0,20.57654274125979,55.0,0.04066666666666666,8000.0,0.0,0.0,0.0,45.99833041572026,optimal
2021-02-09 15:00:00,6,74,2.2857142857142856,0.0,0.0,0.32796666666666663,13.23,6.0,0,20.711634623878435,55.0,0.04066666666666666,8000.0,0.0,0.0,0.0,45.87428679388329,optimal
2021-02-09 15:30:00,6,74,2.2857142857142856,0.0,0.0,0.4098,13.8915,6.0,0,20.848690981593638,55.0,0.04066666666666666,8000.0,0.0,0.0,0.0,45.75036721566816,optimal
2021-02-09 16:00:00,6,74,0.0,0.0,0.0,0.4078333333333333,26.9325,6.0,0,20.991516371794205,55.0,0.04,0.0,0.0,0.0,0.0,45.62657155703125,optimal
2021-02-09 16:30:00,6,74,0.0,0.0,0.0,0.25626666666666664,30.303,6.0,0,20.828918355963474,55.0,0.03666666666666667,0.0,0.0,0.0,0.0,45.50289969405297,optimal
2021-02-09 17:00:00,6,74,0.0,0.0,0.0,0.3615333333333334,32.886,6.0,0,20.665728778406024,55.0,0.03266666666666666,0.0,0.0,0.0,0.0,45.37935150293767,optimal
2021-02-09 17:30:00,6,74,0.0,0.0,0.0,1.1073,34.9965,6.0,0,20.51948108721789,55.0,0.03266666666666666,0.0,0.0,0.0,0.0,45.25592686001349,optimal
2021-02-09 18:00:00,6,74,0.0,0.0,0.0,2.3534,33.327,6.0,0,20.3894762125179,55.0,0.025333333333333333,0.0,0.0,0.0,0.0,45.132625641732226,optimal
2021-02-09 18:30:00,6,74,0.0,0.0,0.0,1.1991333333333334,31.122,6.0,0,20.26036548641954,55.0,0.02266666666666667,0.0,0.0,0.0,0.0,45.08749301609049,optimal
2021-02-09 19:00:00,6,74,0.0,0.0,0.0,0.5493666666666667,17.9025,6.0,0,20.130679512934787,55.0,0.01933333333333333,0.0,0.0,0.0,0.0,45.0424055230744,optimal
2021-02-09 19:30:00,6,74,0.9929568440243906,0.0,0.0,0.7953666666666667,15.6555,6.0,0,20.0,55.0,0.01933333333333333,3475.348954085367,0.0,0.0,0.0,44.99736311755132,optimal
2021-02-09 20:00:00,6,74,0.9483473202148631,0.0,0.0,2.0965,14.553,6.0,0,20.0,55.0,0.001333333333333333,3319.2156207520206,0.0,0.0,0.0,44.95236575443377,optimal
2021-02-09 20:30:00,6,74,0.0,0.0,0.0,0.9886666666666666,14.3325,6.0,0,20.0,55.0,0.0,0.0,0.0,0.0,0.0,44.90741338867934,optimal
2021-02-09 21:00:00,6,74,0.0,0.0,0.0,0.28946666666666665,13.335,6.0,0,19.86991158138115,55.0,0.0,0.0,0.0,0.0,0.0,44.86250597529066,optimal
2021-02-09 21:30:00,6,74,0.09952380952380951,0.0,0.0,0.7835666666666667,12.1275,6.0,0,19.729531870439676,55.0,0.002,0.0,0.0,348.3333333333333,0.0,44.81764346931537,optimal
2021-02-09 22:00:00,6,74,0.0,0.0,0.0,1.0418,12.2955,6.0,0,19.594528237015368,55.0,0.0,0.0,0.0,0.0,0.0,44.772825825846056,optimal
2021-02-09 22:30:00,6,74,0.0,0.0,0.0,0.4656,11.6865,6.0,0,19.453443789215054,55.0,0.0,0.0,0.0,0.0,0.0,44.72805300002021,optimal
2021-02-09 23:00:00,6,74,0.0,0.0,0.0,0.5329333333333333,11.466,6.0,0,19.30990421751288,55.0,0.0,0.0,0.0,0.0,0.0,44.68332494702019,optimal
2021-02-09 23:30:00,6,74,0.3781904761904762,0.0,0.0,0.5347666666666666,10.8045,6.0,0,19.173566062176818,55.0,0.0,0.0,0.0,1323.6666666666667,0.0,44.638641622073166,optimal
2021-02-10 00:00:00,6,74,2.2857142857142856,0.0,0.0,0.13413333333333333,10.8045,6.0,0,19.173566062176818,55.0,0.0,8000.0,0.0,0.0,0.0,44.594002980451094,optimal
2021-02-10 00:30:00,6,74,2.2857142857142856,0.0,0.0,0.09646666666666669,11.508,6.0,0,19.3194111092949,55.0,0.07522169059011165,0.0,0.0,8000.0,0.0,44.54940897747064,optimal
2021-02-10 01:00:00,6,74,2.2857142857142856,0.0,0.0,0.3963,11.508,6.0,0,19.16045168989607,55.0,0.138,1370.0,0.0,6630.0,0.0,44.50485956849317,optimal
2021-02-10 01:30:00,6,74,2.2857142857142856,0.0,0.0,0.27796666666666664,11.508,6.0,0,19.06979358704385,55.0,0.11316,8000.0,0.0,0.0,0.0,44.460354708924676,optimal
2021-02-10 02:00:00,6,74,2.2857142857142856,0.0,0.0,0.15833333333333335,11.844,6.0,0,19.22397372268492,55.0,0.07266666666666667,8000.0,0.0,0.0,0.0,44.41589435421575,optimal
2021-02-10 02:30:00,6,74,2.2857142857142856,0.0,0.0,0.18456666666666663,11.508,6.0,0,19.377130696145322,55.0,0.07266666666666667,8000.0,0.0,0.0,0.0,44.371478459861535,optimal
2021-02-10 03:00:00,6,74,2.2857142857142856,0.0,0.0,0.32039999999999996,11.508,6.0,0,19.52382386652411,55.0,0.07266666666666667,8000.0,0.0,0.0,0.0,44.32710698140168,optimal
2021-02-10 03:30:00,6,74,2.2857142857142856,0.0,8.129491802738412,0.17,10.4475,6.0,0,19.674292029927262,55.0,0.07266666666666667,8000.0,0.0,0.0,0.0,48.144288480721016,optimal
2021-02-10 04:00:00,6,74,2.2857142857142856,0.0,0.0,0.3196,10.8675,6.0,0,19.811944153636734,55.0,0.062,8000.0,0.0,0.0,0.0,48.096144192240295,optimal
2021-02-10 04:30:00,6,74,2.2857142857142856,0.0,0.0,0.16656666666666667,10.542,6.0,0,19.951886748015653,55.0,0.06,8000.0,0.0,0.0,0.0,48.048048048048045,optimal
2021-02-10 05:00:00,6,74,2.2857142857142856,0.0,0.0,0.067,11.025,6.0,0,20.085680545692163,55.0,0.036,8000.0,0.0,0.0,0.0,48.0,optimal
2021-02-10 05:30:00,6,74,2.2857142857142856,0.0,0.0,0.069,11.025,6.0,0,20.21215884325077,55.0,0.036,8000.0,0.0,0.0,0.0,47.83454841776594,optimal
2021-02-10 06:00:00,6,74,2.2857142857142856,0.0,0.0,0.205,14.553,6.0,0,20.324561259642202,55.0,0.036,8000.0,0.0,0.0,0.0,47.66926228711411,optimal
2021-02-10 06:30:00,6,74,2.2857142857142856,0.0,0.0,0.08259999999999999,13.0935,6.0,0,20.4400839119179,55.0,0.036,8000.0,0.0,0.0,0.0,47.50414144259293,optimal
2021-02-10 07:00:00,6,74,2.2857142857142856,0.0,0.0,0.069,15.6345,6.0,0,20.55179437070955,55.0,0.036,8000.0,0.0,0.0,0.0,47.339185718916276,optimal
2021-02-10 07:30:00,6,74,0.0,0.0,0.0,0.169,18.102,6.0,0,20.663823788193252,55.0,0.034666666666666665,0.0,0.0,0.0,0.0,47.1743949509633,optimal
2021-02-10 08:00:00,6,74,0.0,0.0,0.0,0.3389,17.199,6.0,0,20.48525631112004,55.0,0.03333333333333333,0.0,0.0,0.0,0.0,47.00976897377827,optimal
2021-02-10 08:30:00,6,74,0.0,0.0,0.0,0.8042,18.2805,6.0,0,20.312568667123024,55.0,0.029333333333333333,0.0,0.0,0.0,0.0,46.84530762257043,optimal
2021-02-10 09:00:00,6,74,1.031680287691829,0.0,0.0,1.1599666666666666,17.4615,6.0,0,20.159390475997757,55.0,0.029333333333333333,3610.8810069214014,0.0,0.0,0.0,46.6810107327138,optimal
2021-02-10 09:30:00,6,74,0.0,0.0,0.0,0.1957333333333333,18.3225,6.0,0,20.16464509286004,55.0,0.027333333333333334,0.0,0.0,0.0,0.0,46.51687813974703,optimal
2021-02-10 10:00:00,6,74,1.0828029577538993,0.0,0.0,0.8153333333333334,17.094,6.0,0,20.0,55.0,0.02666666666666667,3789.810352138648,0.0,0.0,0.0,46.35290967937322,optimal
2021-02-10 10:30:00,6,74,0.9503622532432722,0.0,0.0,1.4429333333333334,17.094,6.0,0,20.0,55.0,0.025333333333333333,3326.267886351453,0.0,0.0,0.0,46.18910518745979,optimal
2021-02-10 11:00:00,6,74,2.2857142857142856,0.0,0.0,0.3656666666666667,17.094,6.0,0,20.0,55.0,0.02266666666666667,8000.0,0.0,0.0,0.0,46.02546450003827,optimal
2021-02-10 11:30:00,6,74,0.06821036167443639,0.0,0.0,0.3738,17.3565,6.0,0,20.147059126511905,55.0,0.02,238.7362658605274,0.0,0.0,0.0,45.86198745330417,optimal
2021-02-10 12:00:00,6,74,2.2857142857142856,0.0,0.0,1.7421,17.115,6.0,0,20.0,55.0,0.02,8000.0,0.0,0.0,0.0,45.6986738836168,optimal
2021-02-10 12:30:00,6,74,2.2857142857142856,0.0,0.0,0.5104666666666666,17.241,6.0,0,20.15125063863691,55.0,0.018,8000.0,0.0,0.0,0.0,45.535523627499124,optimal
2021-02-10 13:00:00,6,74,2.2857142857142856,0.0,0.0,0.141,17.094,6.0,0,20.295313145279003,55.0,0.018,8000.0,0.0,0.0,0.0,45.372536521637564,optimal
2021-02-10 13:30:00,6,74,2.2857142857142856,0.0,0.0,0.3192,16.5165,6.0,0,20.41526754567996,55.0,0.018,8000.0,0.0,0.0,0.0,45.20971240288186,optimal
2021-02-10 14:00:00,6,74,2.265626357142653,0.0,0.0,0.21330000000000002,17.8185,6.0,0,20.54161677767772,55.0,0.018,7929.692249999285,0.0,0.0,0.0,45.04705110824492,optimal
2021-02-10 14:30:00,6,74,2.2857142857142856,0.0,0.0,0.069,17.094,6.0,0,20.661120202950787,55.0,0.018,8000.0,0.0,0.0,0.0,44.88455247490262,optimal
2021-02-10 15:00:00,6,74,2.2857142857142856,0.0,0.0,0.069,16.8945,6.0,0,20.780854361277154,55.0,0.018,8000.0,0.0,0.0,0.0,44.722216340193654,optimal
2021-02-10 15:30:00,6,74,2.2857142857142856,0.0,0.0,0.2186,18.123,6.0,0,20.899461732526795,55.0,0.018,8000.0,0.0,0.0,0.0,44.5600425416194,optimal
2021-02-10 16:00:00,6,74,0.0,0.0,0.0,0.243,31.647,6.0,0,21.02070178400145,55.0,0.017333333333333333,0.0,0.0,0.0,0.0,44.39803091684372,optimal
2021-02-10 16:30:00,6,74,0.0,0.0,0.0,0.33643333333333336,34.9965,6.0,0,20.842703755321203,55.0,0.016666666666666666,0.0,0.0,0.0,0.0,44.23618130369282,optimal
2021-02-10 17:00:00,6,74,0.0,0.0,0.0,0.38756666666666667,34.9965,6.0,0,20.672218720454374,55.0,0.013333333333333334,0.0,0.0,0.0,0.0,44.07449354015506,optimal
2021-02-10 17:30:00,6,74,0.0,0.0,0.0,0.4938,34.9965,6.0,0,20.509270074146745,55.0,0.010666666666666666,0.0,0.0,0.0,0.0,43.91296746438084,optimal
2021-02-10 18:00:00,6,74,0.0,0.0,0.0,1.7310666666666665,34.9965,6.0,0,20.36226367231452,55.0,0.006,0.0,0.0,0.0,0.0,43.7516029146824,optimal
2021-02-10 18:30:00,6,74,0.0,0.0,0.0,0.6463666666666666,34.9965,6.0,0,20.272934480046082,55.0,0.006,0.0,0.0,0.0,0.0,43.59039972953366,optimal
2021-02-10 19:00:00,6,74,0.0,0.0,0.0,0.3681333333333333,27.741,6.0,0,20.140805400243586,55.0,0.005333333333333333,0.0,0.0,0.0,0.0,43.429357747570066,optimal
2021-02-10 19:30:00,6,74,1.1273536608103252,0.0,0.0,0.36373333333333335,19.026,6.0,0,20.0,55.0,0.0033333333333333335,3945.737812836138,0.0,0.0,0.0,43.268476807588435,optimal
2021-02-10 20:00:00,6,74,1.202421501661339,0.0,0.0,0.5156000000000001,18.7215,6.0,0,20.0,55.0,0.001333333333333333,4208.4752558146865,0.0,0.0,0.0,43.107756748546784,optimal
2021-02-10 20:30:00,6,74,0.0,0.0,0.0,0.37323333333333336,17.4195,6.0,0,20.0,55.0,0.0,0.0,0.0,0.0,0.0,42.947197409564176,optimal
2021-02-10 21:00:00,6,74,0.0,0.0,0.0,0.5026,16.758,6.0,0,19.835009178821043,55.0,0.0,0.0,0.0,0.0,0.0,42.78679862992055,optimal
2021-02-10 21:30:00,6,74,0.0,0.0,0.0,0.3491,14.217,6.0,0,19.676170667549997,55.0,0.0,0.0,0.0,0.0,0.0,42.62656024905657,optimal
2021-02-10 22:00:00,6,74,0.0,0.0,0.0,0.3066333333333333,13.3665,6.0,0,19.505724671779053,55.0,0.0,0.0,0.0,0.0,0.0,42.46648210657345,optimal
2021-02-10 22:30:00,6,74,0.0199047619047619,0.0,0.0,0.4666,12.789,6.0,0,19.329068904016015,55.0,0.0,0.0,0.0,69.66666666666666,0.0,42.306564042232814,optimal
2021-02-10 23:00:00,6,74,0.17914285714285713,0.0,0.0,0.1667,11.907,6.0,0,19.157581016701446,55.0,0.0,0.0,0.0,627.0,0.0,42.26425747819058,optimal
2021-02-10 23:30:00,6,74,0.0,0.0,0.0,0.12323333333333332,11.7075,6.0,0,18.97869568511088,55.0,0.0,0.0,0.0,0.0,0.0,42.22199322071239,optimal
2021-02-11 00:00:00,6,74,2.2857142857142856,0.0,0.0,0.06,11.025,6.0,0,18.97869568511088,55.0,0.0,8000.0,0.0,0.0,0.0,42.17977122749168,optimal
2021-02-11 00:30:00,6,74,2.2857142857142856,0.0,0.0,0.09783333333333331,12.0855,6.0,0,19.07702925176896,55.0,0.07655502392344497,0.0,0.0,8000.0,0.0,42.13759145626418,optimal
2021-02-11 01:00:00,6,74,2.2857142857142856,0.0,0.0,0.18863333333333332,11.6865,6.0,0,18.875679277298282,55.0,0.12333333333333334,3111.666666666667,0.0,4888.333333333333,0.0,42.095453864807915,optimal
2021-02-11 01:30:00,6,74,2.2857142857142856,0.0,0.0,0.06,11.2245,6.0,0,18.797707384106936,55.0,0.12333333333333334,8000.0,0.0,0.0,0.0,42.053358410943105,optimal
2021-02-11 02:00:00,6,74,2.2857142857142856,0.0,0.0,0.2113333333333333,11.025,6.0,0,18.899626325534705,55.0,0.12333333333333334,8000.0,0.0,0.0,0.0,42.01130505253216,optimal
2021-02-11 02:30:00,6,74,2.2857142857142856,0.0,0.0,0.07513333333333334,10.7835,6.0,0,19.006282385016693,55.0,0.12333333333333334,8000.0,0.0,0.0,0.0,41.969293747479625,optimal
2021-02-11 03:00:00,6,74,2.2857142857142856,0.0,0.0,0.06,11.025,6.0,0,19.105867037952013,55.0,0.12333333333333334,8000.0,0.0,0.0,0.0,41.92732445373215,optimal
2021-02-11 03:30:00,6,74,2.2857142857142856,0.0,4.158586335413056,0.22646666666666668,10.584,6.0,0,19.203003830434344,55.0,0.12333333333333334,8000.0,0.0,0.0,0.0,43.86072563859962,optimal
2021-02-11 04:00:00,6,74,2.2857142857142856,0.0,0.0,0.06,11.025,6.0,0,19.307845049682594,55.0,0.12333333333333334,8000.0,0.0,0.0,0.0,43.816864912961016,optimal
2021-02-11 04:30:00,6,74,2.2857142857142856,0.0,9.0,0.06723333333333334,10.4265,6.0,0,19.40778644407721,55.0,0.12066666666666667,8000.0,0.0,0.0,0.0,48.048048048048045,optimal
2021-02-11 05:00:00,6,74,2.2857142857142856,0.0,0.0,0.3178,12.789,6.0,0,19.509882614290287,55.0,0.12066666666666667,8000.0,0.0,0.0,0.0,48.0,optimal
2021-02-11 05:30:00,6,74,2.2857142857142856,0.0,0.0,0.0664,12.684,6.0,0,19.627299972878646,55.0,0.10832,8000.0,0.0,0.0,0.0,47.87686785469512,optimal
2021-02-11 06:00:00,6,74,2.2857142857142856,0.0,0.0,0.19186666666666669,16.254,6.0,0,19.732637815020297,55.0,0.07133333333333333,8000.0,0.0,0.0,0.0,47.753858841535546,optimal
2021-02-11 06:30:00,6,74,2.2857142857142856,0.0,0.0,1.3144333333333333,17.64,6.0,0,19.845277943921616,55.0,0.064,8000.0,0.0,0.0,0.0,47.63097283738913,optimal
2021-02-11 07:00:00,6,74,2.2857142857142856,0.0,0.0,1.3558333333333332,19.1625,6.0,0,19.967450967018276,55.0,0.051333333333333335,8000.0,0.0,0.0,0.0,47.508209719246864,optimal
2021-02-11 07:30:00,6,74,0.938047065066001,0.0,0.0,1.0714666666666668,26.46,6.0,0,20.116447758011592,55.0,0.013333333333333334,3283.1647277310035,0.0,0.0,0.0,47.38556936422274,optimal
2021-02-11 08:00:00,6,74,2.2857142857142856,0.0,0.0,0.3760333333333334,20.79,6.0,0,20.07768918309384,55.0,0.0,8000.0,0.0,0.0,0.0,47.26305164955364,optimal
2021-02-11 08:30:00,6,74,0.0,0.0,0.0,0.13453333333333334,29.106,6.0,0,20.2035238324545,55.0,0.0,0.0,0.0,0.0,0.0,47.14065645259921,optimal
2021-02-11 09:00:00,6,74,2.2857142857142856,0.0,0.0,0.07333333333333333,19.1835,6.0,0,20.0,55.0,0.0,8000.0,0.0,0.0,0.0,47.018383650841734,optimal
2021-02-11 09:30:00,6,74,0.615917755961481,0.0,0.0,0.2769,19.6665,6.0,0,20.098886074170608,55.0,0.0,2155.7121458651836,0.0,0.0,0.0,46.89623312188601,optimal
2021-02-11 10:00:00,6,74,1.2610915347598366,0.0,0.0,0.102,19.404,6.0,0,20.0,55.0,0.0,4413.820371659428,0.0,0.0,0.0,46.77420474345925,optimal
2021-02-11 10:30:00,6,74,2.2857142857142856,0.0,0.0,0.14946666666666666,19.047,6.0,0,20.0,55.0,0.032219806365474155,4633.030234807951,0.0,3366.9697651920487,0.0,46.652298393410916,optimal
2021-02-11 11:00:00,6,74,2.2857142857142856,0.0,0.0,0.1825,18.858,6.0,0,20.0,55.0,0.059333333333333335,5166.636431858716,0.0,2833.3635681412843,0.0,46.53051394971263,optimal
2021-02-11 11:30:00,6,74,2.0476023016111484,0.0,0.0,0.07,19.2675,6.0,0,20.01368968266837,55.0,0.059333333333333335,7166.60805563902,0.0,0.0,0.0,46.40885129045804,optimal
2021-02-11 12:00:00,6,74,2.2857142857142856,0.0,0.0,0.2137666666666667,18.963,6.0,0,20.0973213200966,55.0,0.059333333333333335,8000.0,0.0,0.0,0.0,46.2873102938627,optimal
2021-02-11 12:30:00,6,74,2.2857142857142856,0.0,0.0,0.09903333333333332,18.438,6.0,0,20.224004618534654,55.0,0.058666666666666666,8000.0,0.0,0.0,0.0,46.16589083826396,optimal
2021-02-11 13:00:00,6,74,2.2857142857142856,0.0,0.0,0.1632333333333333,18.7425,6.0,0,20.359035472685772,55.0,0.058666666666666666,8000.0,0.0,0.0,0.0,46.04459280212082,optimal
2021-02-11 13:30:00,6,74,2.2857142857142856,0.0,0.0,0.1559,15.2145,6.0,0,20.518495607590697,55.0,0.058666666666666666,8000.0,0.0,0.0,0.0,45.92341606401382,optimal
2021-02-11 14:00:00,6,74,2.2857142857142856,0.0,0.0,0.3037333333333333,17.7765,6.0,0,20.681822692029115,55.0,0.056666666666666664,8000.0,0.0,0.0,0.0,45.80236050264493,optimal
2021-02-11 14:30:00,6,74,2.2857142857142856,0.0,0.0,0.32653333333333334,16.758,6.0,0,20.844346800960103,55.0,0.056666666666666664,8000.0,0.0,0.0,0.0,45.681425996837405,optimal
2021-02-11 15:00:00,6,74,2.2857142857142856,0.0,0.0,0.1972,16.422,6.0,0,20.988773170097843,55.0,0.056666666666666664,8000.0,0.0,0.0,0.0,45.56061242553569,optimal
2021-02-11 15:30:00,6,74,2.2857142857142856,0.0,0.0,0.3007333333333333,16.758,6.0,0,21.125195376566584,55.0,0.04782666666666667,8000.0,0.0,0.0,0.0,45.43991966780528,optimal
2021-02-11 16:00:00,6,74,0.0,0.0,0.0,0.13833333333333334,29.358,6.0,0,21.254456117292833,55.0,0.002,0.0,0.0,0.0,0.0,45.31934760283259,optimal
2021-02-11 16:30:00,6,74,0.0,0.0,0.0,0.10236666666666666,34.9965,6.0,0,21.060025524994657,55.0,0.0,0.0,0.0,0.0,0.0,45.19889610992488,optimal
2021-02-11 17:00:00,6,74,0.0,0.0,0.0,0.2688333333333333,34.65,6.0,0,20.8724942712816,55.0,0.0,0.0,0.0,0.0,0.0,45.07856506851008,optimal
2021-02-11 17:30:00,6,74,0.0,0.0,0.0,0.07,34.9965,6.0,0,20.66546544766812,55.0,0.0,0.0,0.0,0.0,0.0,44.958354358136695,optimal
2021-02-11 18:00:00,6,74,0.0,0.0,0.0,0.19106666666666663,34.9965,6.0,0,20.444977161418738,55.0,0.0,0.0,0.0,0.0,0.0,44.83826385847368,optimal
2021-02-11 18:30:00,6,74,0.0,0.0,0.0,0.1154,30.4815,6.0,0,20.226886001948937,55.0,0.0,0.0,0.0,0.0,0.0,44.71829344931033,optimal
2021-02-11 19:00:00,6,74,1.7602321738225615,0.0,0.0,0.1381,21.4305,6.0,0,20.0,55.0,0.0,6160.812608378965,0.0,0.0,0.0,44.598443010556146,optimal
2021-02-11 19:30:00,6,74,1.6886073597839093,0.0,0.0,0.22893333333333332,14.3325,6.0,0,20.0,55.0,0.0,5701.125759243682,0.0,209.0,0.0,44.55384456754559,optimal
2021-02-11 20:00:00,6,74,1.5569749266976103,0.0,0.0,1.6807,13.692,6.0,0,20.0,55.0,0.0,5449.412243441636,0.0,0.0,0.0,44.509290722978044,optimal
2021-02-11 20:30:00,6,74,0.0,0.0,0.0,4.4205,14.007,6.0,0,20.0,55.0,0.0,0.0,0.0,0.0,0.0,44.464781432255066,optimal
2021-02-11 21:00:00,6,74,0.0,0.0,0.0,1.6537,12.873,6.0,0,19.83472658006878,55.0,0.0,0.0,0.0,0.0,0.0,44.42031665082281,optimal
2021-02-11 21:30:00,6,74,0.39809523809523806,0.0,0.0,0.49960000000000004,12.684,6.0,0,19.65551652388847,55.0,0.0,0.0,0.0,1393.3333333333333,0.0,44.37589633417199,optimal
2021-02-11 22:00:00,6,74,0.11942857142857143,0.0,0.0,0.6921,12.306,6.0,0,19.476923941588744,55.0,0.0,0.0,0.0,418.0,0.0,44.33152043783782,optimal
2021-02-11 22:30:00,6,74,0.11942857142857143,0.0,0.0,0.5634333333333332,10.6365,6.0,0,19.308255510840453,55.0,0.0,0.0,0.0,418.0,0.0,44.28718891739998,optimal
2021-02-11 23:00:00,6,74,0.0,0.0,0.0,0.2713,11.2455,6.0,0,19.128021186273227,55.0,0.0,0.0,0.0,0.0,0.0,44.24290172848258,optimal
2021-02-11 23:30:00,6,74,0.0,0.0,0.0,0.06733333333333333,11.2455,6.0,0,18.910453283609662,55.0,0.0,0.0,0.0,0.0,0.0,44.1986588267541,optimal
2021-02-12 00:00:00,6,74,2.2857142857142856,0.0,0.0,0.046,10.3635,6.0,0,18.910453283609662,55.0,0.0,8000.0,0.0,0.0,0.0,44.15446016792735,optimal
2021-02-12 00:30:00,6,74,2.2857142857142856,0.0,0.0,0.10706666666666666,10.8045,6.0,0,18.97878778616503,55.0,0.048,2984.0,0.0,5016.0,0.0,44.11030570775942,optimal
2021-02-12 01:00:00,6,74,2.2857142857142856,0.0,0.0,0.15286666666666668,11.025,6.0,0,18.859973486049086,55.0,0.048,8000.0,0.0,0.0,0.0,44.06619540205166,optimal
2021-02-12 01:30:00,6,74,2.2857142857142856,0.0,0.0,0.046,10.3635,6.0,0,18.93280554514171,55.0,0.048,8000.0,0.0,0.0,0.0,44.02212920664961,optimal
2021-02-12 02:00:00,6,74,2.2857142857142856,0.0,0.0,0.17576666666666668,10.8045,6.0,0,19.001870768933646,55.0,0.048,8000.0,0.0,0.0,0.0,43.97810707744296,optimal
2021-02-12 02:30:00,6,74,2.2857142857142856,0.0,0.0,0.08416666666666667,10.059,6.0,0,19.07611158191674,55.0,0.048,8000.0,0.0,0.0,0.0,43.934128970365514,optimal
2021-02-12 03:00:00,6,74,2.2857142857142856,0.0,0.0,0.09943333333333333,10.584,6.0,0,19.149029090098658,55.0,0.048,8000.0,0.0,0.0,0.0,43.89019484139515,optimal
2021-02-12 03:30:00,6,74,2.2857142857142856,0.0,9.0,0.1605,9.4185,6.0,0,19.224658251956708,55.0,0.048,8000.0,0.0,0.0,0.0,48.12130464655375,optimal
2021-02-12 04:00:00,6,74,2.2857142857142856,0.0,0.0,0.046,10.3635,6.0,0,19.308461768256905,55.0,0.048,8000.0,0.0,0.0,0.0,48.073183341907196,optimal
2021-02-12 04:30:00,6,74,2.2857142857142856,0.0,0.352359585510361,0.046,9.8385,6.0,0,19.39375431098652,55.0,0.048,8000.0,0.0,0.0,0.0,48.192480961682705,optimal
2021-02-12 05:00:00,6,74,2.2857142857142856,0.0,0.0,0.2139333333333333,11.067,6.0,0,19.48483169435883,55.0,0.048,8000.0,0.0,0.0,0.0,48.144288480721016,optimal
2021-02-12 05:30:00,6,74,2.2857142857142856,0.0,0.0,0.046,10.8465,6.0,0,19.587960558488454,55.0,0.048,8000.0,0.0,0.0,0.0,48.096144192240295,optimal
2021-02-12 06:00:00,6,74,2.2857142857142856,0.0,0.0,0.046,13.671,6.0,0,19.69132640311349,55.0,0.048,8000.0,0.0,0.0,0.0,48.048048048048045,optimal
2021-02-12 06:30:00,6,74,2.2857142857142856,0.0,0.0,2.3179333333333334,12.348,6.0,0,19.80124807771494,55.0,0.044,8000.0,0.0,0.0,0.0,48.0,optimal
2021-02-12 07:00:00,6,74,2.2857142857142856,0.0,0.0,0.8296666666666667,14.3325,6.0,0,19.9348626124081,55.0,0.04,8000.0,0.0,0.0,0.0,47.875920406452536,optimal
2021-02-12 07:30:00,6,74,1.7472188049433894,0.0,0.0,0.16786666666666666,15.393,6.0,0,20.052823597395534,55.0,0.012,6115.265817301863,0.0,0.0,0.0,47.75196489249862,optimal
2021-02-12 08:00:00,6,74,2.2857142857142856,0.0,0.0,0.11906666666666667,13.587,6.0,0,20.10028003437995,55.0,0.006666666666666667,8000.0,0.0,0.0,0.0,47.62813333405866,optimal
2021-02-12 08:30:00,6,74,0.0,0.0,0.0,0.14406666666666668,16.1385,6.0,0,20.20413891423459,55.0,0.005333333333333333,0.0,0.0,0.0,0.0,47.50442560717714,optimal
2021-02-12 09:00:00,6,74,1.5426369796735178,0.0,0.0,0.30133333333333334,14.595,6.0,0,20.0,55.0,0.002,5399.229428857312,0.0,0.0,0.0,47.3808415880225,optimal
2021-02-12 09:30:00,6,74,1.456645694470332,0.0,0.0,0.0712,14.637,6.0,0,20.0,55.0,0.002,5098.2599306461625,0.0,0.0,0.0,47.257381152887014,optimal
2021-02-12 10:00:00,6,74,1.2879686657306053,0.0,0.0,0.2182666666666667,13.9125,6.0,0,20.0,55.0,0.0,4507.890330057119,0.0,0.0,0.0,47.13404417818666,optimal
2021-02-12 10:30:00,6,74,2.2694049967447967,0.0,0.0,0.2934,13.3665,6.0,0,20.0,55.0,0.027333333333333334,4947.250821940122,0.0,2995.6666666666665,0.0,47.010830540461015,optimal
2021-02-12 11:00:00,6,74,2.2857142857142856,0.0,0.0,0.11483333333333332,13.0095,6.0,0,20.02390794928273,55.0,0.027333333333333334,8000.0,0.0,0.0,0.0,46.887740116373095,optimal
2021-02-12 11:30:00,6,74,0.0,0.0,0.0,0.15636666666666668,13.8915,6.0,0,20.16240128073275,55.0,0.024,0.0,0.0,0.0,0.0,46.76477278270926,optimal
2021-02-12 12:00:00,6,74,2.2857142857142856,0.0,0.0,0.19140000000000001,13.188,6.0,0,20.0,55.0,0.01897333333333333,8000.0,0.0,0.0,0.0,46.64192841637909,optimal
2021-02-12 12:30:00,6,74,2.2857142857142856,0.0,0.0,0.8824666666666667,12.5685,6.0,0,20.144182518539814,55.0,0.016,8000.0,0.0,0.0,0.0,46.51920689441525,optimal
2021-02-12 13:00:00,6,74,2.2857142857142856,0.0,0.0,1.6782000000000001,12.285,6.0,0,20.29944560194261,55.0,0.015333333333333332,8000.0,0.0,0.0,0.0,46.39660809397337,optimal
2021-02-12 13:30:00,6,74,2.2857142857142856,0.0,0.0,0.056,11.487,6.0,0,20.47555378783942,55.0,0.015333333333333332,8000.0,0.0,0.0,0.0,46.27413189233194,optimal
2021-02-12 14:00:00,6,74,2.2857142857142856,0.0,0.0,0.20103333333333334,11.802,6.0,0,20.596503530743497,55.0,0.015333333333333332,8000.0,0.0,0.0,0.0,46.15177816689214,optimal
2021-02-12 14:30:00,6,74,2.2857142857142856,0.0,0.0,0.07890000000000001,11.2245,6.0,0,20.72083309045528,55.0,0.015333333333333332,8000.0,0.0,0.0,0.0,46.02954679517779,optimal
2021-02-12 15:00:00,6,74,2.2857142857142856,0.0,0.0,0.056,11.025,6.0,0,20.83845439834364,55.0,0.015333333333333332,8000.0,0.0,0.0,0.0,45.90743765483515,optimal
2021-02-12 15:30:00,6,74,2.2857142857142856,0.0,0.0,0.22393333333333332,11.907,6.0,0,20.95316576584709,55.0,0.015333333333333332,8000.0,0.0,0.0,0.0,45.785450623632855,optimal
2021-02-12 16:00:00,6,74,0.0,0.0,0.0,0.186,25.83,6.0,0,21.071707088049454,55.0,0.014666666666666666,0.0,0.0,0.0,0.0,45.66358557946176,optimal
2021-02-12 16:30:00,6,74,0.0,0.0,0.0,0.37826666666666664,28.035,6.0,0,20.89269068111268,55.0,0.012666666666666666,0.0,0.0,0.0,0.0,45.541842400334836,optimal
2021-02-12 17:00:00,6,74,0.0,0.0,0.0,1.836,28.119,6.0,0,20.728525377752998,55.0,0.009333333333333334,0.0,0.0,0.0,0.0,45.42022096438704,optimal
2021-02-12 17:30:00,6,74,0.0,0.0,0.0,0.2128333333333333,30.156,6.0,0,20.568187062874742,55.0,0.009333333333333334,0.0,0.0,0.0,0.0,45.29872114987519,optimal
2021-02-12 18:00:00,6,74,0.0,0.0,0.0,0.3889333333333333,29.1585,6.0,0,20.409488072094355,55.0,0.009333333333333334,0.0,0.0,0.0,0.0,45.17734283517785,optimal
2021-02-12 18:30:00,6,74,0.0,0.0,0.0,0.2956333333333333,26.712,6.0,0,20.254160746415483,55.0,0.007333333333333333,0.0,0.0,0.0,0.0,45.05608589879521,optimal
2021-02-12 19:00:00,6,74,0.3187385924891045,0.0,0.0,0.44210000000000005,15.435,6.0,0,20.103238612109102,55.0,0.005333333333333332,1115.5850737118658,0.0,0.0,0.0,45.01102981289642,optimal
2021-02-12 19:30:00,6,74,1.021400575347334,0.0,0.0,0.519,13.566,6.0,0,20.0,55.0,0.0,3574.9020137156695,0.0,0.0,0.0,44.96601878308352,optimal
2021-02-12 20:00:00,6,74,1.2255724735925082,0.0,0.0,0.6946666666666667,12.789,6.0,0,20.0,55.0,0.0,3732.1703242404456,0.0,557.3333333333333,0.0,44.921052764300434,optimal
2021-02-12 20:30:00,6,74,0.11942857142857141,0.0,0.0,1.5185,12.1275,6.0,0,20.0,55.0,0.002666666666666666,0.0,0.0,417.99999999999994,0.0,44.87613171153613,optimal
2021-02-12 21:00:00,6,74,0.0,0.0,0.0,1.2788666666666666,13.671,6.0,0,19.864214497241324,55.0,0.0,0.0,0.0,0.0,0.0,44.8312555798246,optimal
2021-02-12 21:30:00,6,74,0.0,0.0,0.0,1.9274333333333327,10.668,6.0,0,19.722583418951718,55.0,0.0,0.0,0.0,0.0,0.0,44.78642432424478,optimal
2021-02-12 22:00:00,6,74,0.0,0.0,0.0,1.4529666666666667,11.7285,6.0,0,19.584085186663906,55.0,0.0,0.0,0.0,0.0,0.0,44.74163789992053,optimal
2021-02-12 22:30:00,6,74,0.0,0.0,0.0,0.08653333333333334,11.025,6.0,0,19.43675128163205,55.0,0.0,0.0,0.0,0.0,0.0,44.696896262020616,optimal
2021-02-12 23:00:00,6,74,0.0,0.0,0.0,0.056,10.689,6.0,0,19.262269703323582,55.0,0.0,0.0,0.0,0.0,0.0,44.6521993657586,optimal
2021-02-12 23:30:00,6,74,0.0,0.0,0.0,0.20103333333333334,8.1585,6.0,0,19.088280835336647,55.0,0.0,0.0,0.0,0.0,0.0,44.60754716639284,optimal
2021-02-13 00:00:00,6,74,2.2857142857142856,0.0,0.0,0.0994,9.3975,6.0,0,19.088280835336647,55.0,0.0,8000.0,0.0,0.0,0.0,44.56293961922645,optimal
2021-02-13 00:30:00,6,74,2.2857142857142856,0.0,0.0,0.6142000000000001,10.059,6.0,0,19.229905559369385,55.0,0.07655502392344497,0.0,0.0,8000.0,0.0,44.51837667960722,optimal
2021-02-13 01:00:00,6,74,2.2857142857142856,0.0,0.0,0.108,9.261,6.0,0,19.088333581319752,55.0,0.086,6664.666666666667,0.0,1335.3333333333333,0.0,44.47385830292762,optimal
2021-02-13 01:30:00,6,74,2.2857142857142856,0.0,0.0,0.14966666666666667,8.1585,6.0,0,19.176788281362718,55.0,0.086,8000.0,0.0,0.0,0.0,44.42938444462469,optimal
2021-02-13 02:00:00,6,74,2.2857142857142856,0.0,0.0,0.2347333333333333,9.4815,6.0,0,19.310112321804752,55.0,0.086,8000.0,0.0,0.0,0.0,44.38495506018006,optimal
2021-02-13 02:30:00,6,74,2.2857142857142856,0.0,0.0,0.11213333333333333,8.379,6.0,0,19.445854167184578,55.0,0.086,8000.0,0.0,0.0,0.0,44.34057010511988,optimal
2021-02-13 03:00:00,6,74,2.2857142857142856,0.0,0.0,0.20116666666666663,9.5235,6.0,0,19.57570386951788,55.0,0.086,8000.0,0.0,0.0,0.0,44.29622953501476,optimal
2021-02-13 03:30:00,6,74,2.2857142857142856,0.0,0.0,0.17536666666666667,8.1375,6.0,0,19.707682843707943,55.0,0.086,8000.0,0.0,0.0,0.0,44.251933305479746,optimal
2021-02-13 04:00:00,6,74,2.2857142857142856,0.0,0.0,0.14793333333333333,10.0905,6.0,0,19.836978141869082,55.0,0.086,8000.0,0.0,0.0,0.0,44.207681372174264,optimal
2021-02-13 04:30:00,6,74,2.2857142857142856,0.0,8.583679984345242,0.2286,7.539,6.0,0,19.963553539991324,55.0,0.086,8000.0,0.0,0.0,0.0,48.240721683366075,optimal
2021-02-13 05:00:00,6,74,2.2857142857142856,0.0,0.0,0.061,7.938,6.0,0,20.091033026622316,55.0,0.086,8000.0,0.0,0.0,0.0,48.192480961682705,optimal
2021-02-13 05:30:00,6,74,2.2857142857142856,0.0,0.0,0.19519999999999998,8.274,6.0,0,20.210063234338207,55.0,0.086,8000.0,0.0,0.0,0.0,48.144288480721016,optimal
2021-02-13 06:00:00,6,74,2.2857142857142856,0.0,0.0,0.08066666666666668,9.261,6.0,0,20.33208355290122,55.0,0.086,8000.0,0.0,0.0,0.0,48.096144192240295,optimal
2021-02-13 06:30:00,6,74,2.2857142857142856,0.0,0.0,0.1522666666666667,9.9225,6.0,0,20.44770341838737,55.0,0.086,8000.0,0.0,0.0,0.0,48.048048048048045,optimal
2021-02-13 07:00:00,6,74,2.2857142857142856,0.0,0.0,0.24636666666666668,9.702,6.0,0,20.567690536781775,55.0,0.04666666666666667,8000.0,0.0,0.0,0.0,48.0,optimal
2021-02-13 07:30:00,6,74,2.2857142857142856,0.0,0.0,0.37973333333333337,10.584,6.0,0,20.701282170323722,55.0,0.04466666666666667,8000.0,0.0,0.0,0.0,47.83922185283289,optimal
2021-02-13 08:00:00,6,74,2.2857142857142856,0.0,0.0,0.353,10.143,6.0,0,20.823132972088242,55.0,0.02266666666666667,8000.0,0.0,0.0,0.0,47.678604483812954,optimal
2021-02-13 08:30:00,6,74,0.0,0.0,0.0,0.071,13.0095,6.0,0,20.943378578874214,55.0,0.02266666666666667,0.0,0.0,0.0,0.0,47.518147732162035,optimal
2021-02-13 09:00:00,6,74,2.2857142857142856,0.0,0.0,0.17293333333333333,11.025,6.0,0,20.737323383973717,55.0,0.02266666666666667,8000.0,0.0,0.0,0.0,47.35785143726277,optimal
2021-02-13 09:30:00,6,74,0.0,0.0,0.0,0.15280000000000002,12.789,6.0,0,20.838637953429334,55.0,0.02266666666666667,0.0,0.0,0.0,0.0,47.1977154386584,optimal
2021-02-13 10:00:00,6,74,2.2857142857142856,0.0,0.0,0.07886666666666665,12.1275,6.0,0,20.63947064744334,55.0,0.02266666666666667,8000.0,0.0,0.0,0.0,47.03773957605264,optimal
2021-02-13 10:30:00,6,74,2.2857142857142856,0.0,0.0,0.13393333333333335,12.1695,6.0,0,20.74287073796831,55.0,0.02266666666666667,8000.0,0.0,0.0,0.0,46.877923689309476,optimal
2021-02-13 11:00:00,6,74,2.2857142857142856,0.0,0.0,0.16586666666666666,12.306,6.0,0,20.847841027066618,55.0,0.02266666666666667,8000.0,0.0,0.0,0.0,46.71826761845306,optimal
2021-02-13 11:30:00,6,74,0.0,0.0,0.0,0.13,13.23,6.0,0,20.953495993949375,55.0,0.02266666666666667,0.0,0.0,0.0,0.0,46.558771203667504,optimal
2021-02-13 12:00:00,6,74,0.0,0.0,0.0,0.1066,13.671,6.0,0,20.75615388570449,55.0,0.02266666666666667,0.0,0.0,0.0,0.0,46.39943428529673,optimal
2021-02-13 12:30:00,6,74,0.0,0.0,0.0,0.18926666666666667,13.9335,6.0,0,20.560258661190474,55.0,0.02266666666666667,0.0,0.0,0.0,0.0,46.240256703844324,optimal
2021-02-13 13:00:00,6,74,1.659239230500197,0.0,0.0,0.17166666666666666,13.293,6.0,0,20.37025963149279,55.0,0.02266666666666667,5807.337306750689,0.0,0.0,0.0,46.08123829997337,optimal
2021-02-13 13:30:00,6,74,2.2857142857142856,0.0,0.0,0.16586666666666666,12.1065,6.0,0,20.400917792759486,55.0,0.02266666666666667,8000.0,0.0,0.0,0.0,45.92237891450629,optimal
2021-02-13 14:00:00,6,74,2.2857142857142856,0.0,0.0,0.23066666666666663,11.571,6.0,0,20.514542920692715,55.0,0.02266666666666667,8000.0,0.0,0.0,0.0,45.76367838842468,optimal
2021-02-13 14:30:00,6,74,2.2857142857142856,0.0,0.0,0.11846666666666668,11.025,6.0,0,20.63047892189627,55.0,0.02266666666666667,8000.0,0.0,0.0,0.0,45.60513656286915,optimal
2021-02-13 15:00:00,6,74,2.2857142857142856,0.0,0.0,0.17346666666666666,10.8465,6.0,0,20.742041699750185,55.0,0.02266666666666667,8000.0,0.0,0.0,0.0,45.44675327913917,optimal
2021-02-13 15:30:00,6,74,2.2857142857142856,0.0,0.0,0.25693333333333335,11.2455,6.0,0,20.855565883542706,55.0,0.020666666666666667,8000.0,0.0,0.0,0.0,45.28852837869293,optimal
2021-02-13 16:00:00,6,74,0.0,0.0,0.0,0.2837333333333333,23.8665,6.0,0,20.974714126014348,55.0,0.02,0.0,0.0,0.0,0.0,45.130461703147134,optimal
2021-02-13 16:30:00,6,74,0.0,0.0,0.0,0.5527666666666666,27.4575,6.0,0,20.7983102121704,55.0,0.016,0.0,0.0,0.0,0.0,44.97255309427688,optimal
2021-02-13 17:00:00,6,74,0.0,0.0,0.0,0.2719,27.3735,6.0,0,20.642450580472012,55.0,0.016,0.0,0.0,0.0,0.0,44.8148023940155,optimal
2021-02-13 17:30:00,6,74,0.0,0.0,0.0,0.3125333333333334,30.4605,6.0,0,20.475377898093463,55.0,0.015333333333333332,0.0,0.0,0.0,0.0,44.65720944445438,optimal
2021-02-13 18:00:00,6,74,0.0,0.0,0.0,0.315,30.0195,6.0,0,20.307028049221525,55.0,0.012666666666666666,0.0,0.0,0.0,0.0,44.49977408784282,optimal
2021-02-13 18:30:00,6,74,0.0,0.0,0.0,0.7307,26.9325,6.0,0,20.1419612681505,55.0,0.011333333333333334,0.0,0.0,0.0,0.0,44.34249616658787,optimal
2021-02-13 19:00:00,6,74,1.121542962816469,0.0,0.0,0.5818666666666666,14.595,6.0,0,20.0,55.0,0.008666666666666666,3925.4003698576416,0.0,0.0,0.0,44.18537552325418,optimal
2021-02-13 19:30:00,6,74,1.1795529562997324,0.0,0.0,0.5185,12.4845,6.0,0,20.0,55.0,0.008666666666666666,4128.435347049063,0.0,0.0,0.0,44.02841200056382,optimal
2021-02-13 20:00:00,6,74,1.1160010450210731,0.0,0.0,0.5254333333333333,12.1275,6.0,0,20.0,55.0,0.004,3906.0036575737563,0.0,0.0,0.0,43.87160544139615,optimal
2021-02-13 20:30:00,6,74,0.0,0.0,0.0,0.41753333333333337,12.1275,6.0,0,20.0,55.0,0.0016400000000000004,0.0,0.0,0.0,0.0,43.71495568878765,optimal
2021-02-13 21:00:00,6,74,0.0,0.0,0.0,0.6310666666666667,12.789,6.0,0,19.850790764915295,55.0,0.0,0.0,0.0,0.0,0.0,43.55846258593176,optimal
2021-02-13 21:30:00,6,74,0.0,0.0,0.0,0.6707666666666666,11.907,6.0,0,19.707171310047958,55.0,0.0,0.0,0.0,0.0,0.0,43.402125976178716,optimal
2021-02-13 22:00:00,6,74,0.0,0.0,0.0,0.5419333333333333,11.025,6.0,0,19.56586497395046,55.0,0.0,0.0,0.0,0.0,0.0,43.24594570303543,optimal
2021-02-13 22:30:00,6,74,1.2540000000000002,0.0,0.0,0.8856333333333333,8.2005,6.0,0,19.420856631377237,55.0,0.0,0.0,0.0,4389.000000000001,0.0,43.08992161016529,optimal
2021-02-13 23:00:00,6,74,0.0,0.0,0.0,0.488,9.5655,6.0,0,19.28826166808258,55.0,0.0,0.0,0.0,0.0,0.0,43.04683168855512,optimal
2021-02-13 23:30:00,6,74,0.0,0.0,0.0,0.1215,7.056,6.0,0,19.13673427112698,55.0,0.0,0.0,0.0,0.0,0.0,43.00378485686657,optimal
2021-02-07 00:00:00,7,74,0.0,0.0,0.0,2.3076666666666665,9.261,6.0,0,21.0,55.0,0.12,0.0,0.0,0.0,0.0,47.952,optimal
2021-02-07 00:30:00,7,74,0.0,0.0,0.0,0.22523333333333329,10.3635,6.0,0,20.853847210969885,55.0,0.11866666666666667,0.0,0.0,0.0,0.0,47.904047999999996,optimal
2021-02-07 01:00:00,7,74,0.0,0.0,0.0,0.2319333333333333,8.274,6.0,0,20.710666971342818,55.0,0.11533333333333333,0.0,0.0,0.0,0.0,47.856143952,optimal
2021-02-07 01:30:00,7,74,0.0,0.0,0.0,0.09,7.7175,6.0,0,20.572009695173488,55.0,0.11533333333333333,0.0,0.0,0.0,0.0,47.80828780804799,optimal
2021-02-07 02:00:00,7,74,1.4095747008352768,0.0,0.0,1.4102333333333332,6.615,6.0,0,20.417928599867455,55.0,0.16254396924647657,0.0,0.0,4933.511452923469,0.0,47.76047952023995,optimal
2021-02-07 02:30:00,7,74,2.2857142857142856,0.0,0.0,0.5383333333333333,6.174,6.0,0,20.29464471237528,55.0,0.16466666666666666,7429.844786256803,0.0,570.1552137431972,0.0,47.712719040719705,optimal
2021-02-07 03:00:00,7,74,2.2857142857142856,0.0,0.0,1.5586666666666666,3.906,6.0,0,20.44133966213728,55.0,0.16466666666666666,8000.0,0.0,0.0,0.0,47.66500632167899,optimal
2021-02-07 03:30:00,7,74,2.2857142857142856,0.0,0.0,1.2554333333333334,2.3415,6.0,0,20.606986085212196,55.0,0.16466666666666666,8000.0,0.0,0.0,0.0,47.61734131535731,optimal
2021-02-07 04:00:00,7,74,2.2857142857142856,0.0,0.0,0.5428999999999999,2.205,6.0,0,20.761437930800064,55.0,0.16,8000.0,0.0,0.0,0.0,47.56972397404195,optimal
2021-02-07 04:30:00,7,74,2.2857142857142856,0.0,1.61443461893103,0.5412,0.882,6.0,0,20.922834946998215,55.0,0.158,8000.0,0.0,0.0,0.0,48.289010694060146,optimal
2021-02-07 05:00:00,7,74,2.2857142857142856,0.0,0.0,3.0199000000000003,1.5435,6.0,0,21.074219793096457,55.0,0.158,8000.0,0.0,0.0,0.0,48.240721683366075,optimal
2021-02-07 05:30:00,7,74,2.2857142857142856,0.0,0.0,1.6564,1.5435,6.0,0,21.231327661636623,55.0,0.15666666666666668,8000.0,0.0,0.0,0.0,48.192480961682705,optimal
2021-02-07 06:00:00,7,74,2.2857142857142856,0.0,0.0,2.4971,5.0715,6.0,0,21.38565755934542,55.0,0.11133333333333334,8000.0,0.0,0.0,0.0,48.144288480721016,optimal
2021-02-07 06:30:00,7,74,2.2857142857142856,0.0,0.0,1.3777000000000001,5.376,6.0,0,21.53882141943568,55.0,0.10933333333333334,8000.0,0.0,0.0,0.0,48.096144192240295,optimal
2021-02-07 07:00:00,7,74,2.2857142857142856,0.0,0.0,1.4376666666666666,5.0715,6.0,0,21.70008633762237,55.0,0.10933333333333334,8000.0,0.0,0.0,0.0,48.048048048048045,optimal
2021-02-07 07:30:00,7,74,2.2857142857142856,0.0,0.0,0.4291333333333333,5.5125,6.0,0,21.851541799574324,55.0,0.03,8000.0,0.0,0.0,0.0,48.0,optimal
2021-02-07 08:00:00,7,74,1.269361527728322,0.0,0.0,1.0369666666666666,9.261,6.0,0,22.0,55.0,0.025333333333333333,4442.765347049126,0.0,0.0,0.0,47.839645426792515,optimal
2021-02-07 08:30:00,7,74,1.3569722387556682,0.0,0.0,0.11146666666666669,11.7075,6.0,0,22.0,55.0,0.025333333333333333,4749.402835644839,0.0,0.0,0.0,47.67945120815824,optimal
2021-02-07 09:00:00,7,74,0.0,0.0,0.0,0.13319999999999999,12.348,6.0,0,22.0,55.0,0.025333333333333333,0.0,0.0,0.0,0.0,47.5194171837426,optimal
2021-02-07 09:30:00,7,74,0.0,0.0,0.0,0.20903333333333332,12.348,6.0,0,21.81123947719356,55.0,0.025333333333333333,0.0,0.0,0.0,0.0,47.35954319335137,optimal
2021-02-07 10:00:00,7,74,2.2857142857142856,0.0,0.0,0.15869999999999998,12.1275,6.0,0,21.627580260968386,55.0,0.025333333333333333,8000.0,0.0,0.0,0.0,47.199829076950536,optimal
2021-02-07 10:30:00,7,74,0.6546031705601639,0.0,0.0,0.13286666666666666,12.5265,6.0,0,21.745348666307674,55.0,0.025333333333333333,2291.111096960574,0.0,0.0,0.0,47.0402746746661,optimal
2021-02-07 11:00:00,7,74,2.2857142857142856,0.0,0.0,0.23486666666666667,11.7495,6.0,0,21.64521041356711,55.0,0.025333333333333333,8000.0,0.0,0.0,0.0,46.88087982678395,optimal
2021-02-07 11:30:00,7,74,0.0,0.0,0.0,0.072,13.23,6.0,0,21.763797708707493,55.0,0.025333333333333333,0.0,0.0,0.0,0.0,46.72164437374968,optimal
2021-02-07 12:00:00,7,74,0.0,0.0,0.0,0.19373333333333329,14.3325,6.0,0,21.57401535794984,55.0,0.025333333333333333,0.0,0.0,0.0,0.0,46.56256815616845,optimal
2021-02-07 12:30:00,7,74,0.0,0.0,0.0,0.072,14.994,6.0,0,21.39060109001389,55.0,0.025333333333333333,0.0,0.0,0.0,0.0,46.4036510148048,optimal
2021-02-07 13:00:00,7,74,0.0,0.0,0.0,0.2238,14.8155,6.0,0,21.20433078999651,55.0,0.025333333333333333,0.0,0.0,0.0,0.0,46.24489279058251,optimal
2021-02-07 13:30:00,7,74,0.0,0.0,0.0,0.14393333333333333,14.112,6.0,0,21.02552724102041,55.0,0.025333333333333333,0.0,0.0,0.0,0.0,46.086293324584446,optimal
2021-02-07 14:00:00,7,74,0.0,0.0,0.0,0.13319999999999999,14.007,6.0,0,20.84587068437111,55.0,0.025333333333333333,0.0,0.0,0.0,0.0,45.92785245805238,optimal
2021-02-07 14:30:00,7,74,2.2857142857142856,0.0,0.0,0.20686666666666667,13.23,6.0,0,20.667971355017723,55.0,0.025333333333333333,8000.0,0.0,0.0,0.0,45.769570032386845,optimal
2021-02-07 15:00:00,7,74,2.2857142857142856,0.0,0.0,0.09966666666666668,11.382,6.0,0,20.796112852030276,55.0,0.025333333333333333,8000.0,0.0,0.0,0.0,45.61144588914698,optimal
2021-02-07 15:30:00,7,74,2.2857142857142856,0.0,0.0,0.22933333333333328,11.7495,6.0,0,20.919483930325292,55.0,0.025333333333333333,8000.0,0.0,0.0,0.0,45.453479870050344,optimal
2021-02-07 16:00:00,7,74,0.0,0.0,0.0,1.0794333333333335,24.3285,6.0,0,21.04516309614347,55.0,0.025333333333333333,0.0,0.0,0.0,0.0,45.29567181697281,optimal
2021-02-07 16:30:00,7,74,0.0,0.0,0.0,0.4585,28.917,6.0,0,20.87025142268882,55.0,0.025333333333333333,0.0,0.0,0.0,0.0,45.13802157194836,optimal
2021-02-07 17:00:00,7,74,0.0,0.0,0.0,0.6027666666666667,31.3635,6.0,0,20.706644229126002,55.0,0.02,0.0,0.0,0.0,0.0,44.98052897716892,optimal
2021-02-07 17:30:00,7,74,0.0,0.0,0.0,0.3372,33.306,6.0,0,20.552321867082856,55.0,0.02,0.0,0.0,0.0,0.0,44.82319387498427,optimal
2021-02-07 18:00:00,7,74,0.0,0.0,0.0,1.8372,31.3425,6.0,0,20.389967722856785,55.0,0.016,0.0,0.0,0.0,0.0,44.666016107901804,optimal
2021-02-07 18:30:00,7,74,0.0,0.0,0.0,1.8318333333333332,28.2555,6.0,0,20.271637533179362,55.0,0.011333333333333334,0.0,0.0,0.0,0.0,44.50899551858642,optimal
2021-02-07 19:00:00,7,74,0.0,0.0,0.0,1.4235666666666666,15.6975,6.0,0,20.143310752330756,55.0,0.007333333333333333,0.0,0.0,0.0,0.0,44.35213194986035,optimal
2021-02-07 19:30:00,7,74,1.0750192836274188,0.0,0.0,0.4534333333333333,12.5475,6.0,0,20.0,55.0,0.007333333333333333,3762.567492695966,0.0,0.0,0.0,44.19542524470301,optimal
2021-02-07 20:00:00,7,74,1.0119430931512154,0.0,0.0,0.6175333333333333,12.0855,6.0,0,20.0,55.0,0.004666666666666667,3541.8008260292545,0.0,0.0,0.0,44.038875246250825,optimal
2021-02-07 20:30:00,7,74,0.0,0.0,0.0,0.8401000000000001,11.907,6.0,0,20.0,55.0,0.004666666666666667,0.0,0.0,0.0,0.0,43.994836371004574,optimal
2021-02-07 21:00:00,7,74,0.0,0.0,0.0,2.304533333333333,12.5685,6.0,0,19.862146419659133,55.0,0.0,0.0,0.0,0.0,0.0,43.95084153463357,optimal
2021-02-07 21:30:00,7,74,0.0,0.0,0.0,2.680633333333333,13.146,6.0,0,19.736179330362592,55.0,0.0,0.0,0.0,0.0,0.0,43.90689069309894,optimal
2021-02-07 22:00:00,7,74,0.0,0.0,0.0,0.5197666666666666,10.584,6.0,0,19.610091058129296,55.0,0.0,0.0,0.0,0.0,0.0,43.862983802405836,optimal
2021-02-07 22:30:00,7,74,0.0,0.0,0.0,2.9606666666666666,6.678,6.0,0,19.47241170274643,55.0,0.0,0.0,0.0,0.0,0.0,43.81912081860343,optimal
2021-02-07 23:00:00,7,74,0.0,0.0,0.0,0.4453333333333333,7.938,6.0,0,19.351140634323805,55.0,0.0,0.0,0.0,0.0,0.0,43.775301697784826,optimal
2021-02-07 23:30:00,7,74,0.0398095238095238,0.0,0.0,0.682,5.292,6.0,0,19.21164105879292,55.0,0.0,0.0,0.0,139.33333333333331,0.0,43.73152639608704,optimal
2021-02-08 00:00:00,7,74,2.2857142857142856,0.0,0.0,0.22669999999999998,5.9745,6.0,0,19.21164105879292,55.0,0.0,8000.0,0.0,0.0,0.0,43.687794869690954,optimal
2021-02-08 00:30:00,7,74,2.2857142857142856,0.0,0.0,0.055,7.938,6.0,0,19.368748068140683,55.0,0.07655502392344497,0.0,0.0,8000.0,0.0,43.644107074821264,optimal
2021-02-08 01:00:00,7,74,2.2857142857142856,0.0,0.0,0.348,8.6835,6.0,0,19.211106740978664,55.0,0.10066666666666667,5480.333333333334,0.0,2519.6666666666665,0.0,43.600462967746445,optimal
2021-02-08 01:30:00,7,74,2.2857142857142856,0.0,0.0,0.055,7.665,6.0,0,19.272259570260765,55.0,0.10066666666666667,8000.0,0.0,0.0,0.0,43.5568625047787,optimal
2021-02-08 02:00:00,7,74,2.2857142857142856,0.0,0.0,0.2339,6.7725,6.0,0,19.416179019075983,55.0,0.10066666666666667,8000.0,0.0,0.0,0.0,43.51330564227392,optimal
2021-02-08 02:30:00,7,74,2.2857142857142856,0.0,0.0,0.1691,5.5755,6.0,0,19.56500741545399,55.0,0.10066666666666667,8000.0,0.0,0.0,0.0,43.46979233663165,optimal
2021-02-08 03:00:00,7,74,2.2857142857142856,0.0,1.2282292010228366,0.1198,5.0925,6.0,0,19.710466666710133,55.0,0.10066666666666667,8000.0,0.0,0.0,0.0,44.009731414780866,optimal
2021-02-08 03:30:00,7,74,2.2857142857142856,0.0,9.0,0.18466666666666662,4.1895,6.0,0,19.85317190529661,55.0,0.10066666666666667,8000.0,0.0,0.0,0.0,48.240721683366075,optimal
2021-02-08 04:00:00,7,74,2.2857142857142856,0.0,0.0,0.2183333333333333,7.056,6.0,0,19.99650525653888,55.0,0.10066666666666667,8000.0,0.0,0.0,0.0,48.192480961682705,optimal
2021-02-08 04:30:00,7,74,2.2857142857142856,0.0,0.0,0.055,5.271,6.0,0,20.139286428629596,55.0,0.10066666666666667,8000.0,0.0,0.0,0.0,48.144288480721016,optimal
2021-02-08 05:00:00,7,74,2.2857142857142856,0.0,0.0,0.243,7.938,6.0,0,20.273634920991597,55.0,0.10066666666666667,8000.0,0.0,0.0,0.0,48.096144192240295,optimal
2021-02-08 05:30:00,7,74,2.2857142857142856,0.0,0.0,0.16,7.938,6.0,0,20.412854422187248,55.0,0.10066666666666667,8000.0,0.0,0.0,0.0,48.048048048048045,optimal
2021-02-08 06:00:00,7,74,2.2857142857142856,0.0,0.0,0.22736666666666666,11.907,6.0,0,20.547169077278735,55.0,0.096,8000.0,0.0,0.0,0.0,48.0,optimal
2021-02-08 06:30:00,7,74,2.2857142857142856,0.0,0.0,0.16966666666666666,11.025,6.0,0,20.687968609513813,55.0,0.08933333333333333,8000.0,0.0,0.0,0.0,47.73508005743989,optimal
2021-02-08 07:00:00,7,74,2.2857142857142856,0.0,0.0,0.2803333333333333,11.2875,6.0,0,20.830672632874343,55.0,0.08666666666666667,8000.0,0.0,0.0,0.0,47.470425034822334,optimal
2021-02-08 07:30:00,7,74,0.0,0.0,0.0,0.25153333333333333,12.936,6.0,0,20.978752490797618,55.0,0.084,0.0,0.0,0.0,0.0,47.2060346672274,optimal
2021-02-08 08:00:00,7,74,0.0,0.0,0.0,0.1689,13.0095,6.0,0,20.83172572881815,55.0,0.07866666666666666,0.0,0.0,0.0,0.0,46.94190869000006,optimal
2021-02-08 08:30:00,7,74,0.0,0.0,0.0,0.2439333333333333,13.671,6.0,0,20.67708785317288,55.0,0.07666666666666666,0.0,0.0,0.0,0.0,46.67804683874995,optimal
2021-02-08 09:00:00,7,74,0.0,0.0,0.0,0.5044666666666666,13.188,6.0,0,20.52153005970693,55.0,0.06,0.0,0.0,0.0,0.0,46.41444884935109,optimal
2021-02-08 09:30:00,7,74,0.0,0.0,0.0,0.3318333333333333,13.8495,6.0,0,20.38042205901009,55.0,0.054,0.0,0.0,0.0,0.0,46.151114457941624,optimal
2021-02-08 10:00:00,7,74,2.2857142857142856,0.0,0.0,0.4082,13.23,6.0,0,20.231502987492707,55.0,0.050666666666666665,8000.0,0.0,0.0,0.0,45.88804340092357,optimal
2021-02-08 10:30:00,7,74,2.1919980292083143,0.0,0.0,0.227,13.3665,6.0,0,20.391853894944155,55.0,0.04666666666666667,7671.9931022291,0.0,0.0,0.0,45.62523541496254,optimal
2021-02-08 11:00:00,7,74,2.2857142857142856,0.0,0.0,1.363733333333333,13.0515,6.0,0,20.528825098923576,55.0,0.04666666666666667,8000.0,0.0,0.0,0.0,45.36269023698747,optimal
2021-02-08 11:30:00,7,74,2.2857142857142856,0.0,0.0,0.4159666666666666,13.5345,6.0,0,20.68757151158737,55.0,0.038,8000.0,0.0,0.0,0.0,45.10040760419037,optimal
2021-02-08 12:00:00,7,74,0.0,0.0,0.0,0.191,14.154,6.0,0,20.841752108472697,55.0,0.038,0.0,0.0,0.0,0.0,44.838387254026074,optimal
2021-02-08 12:30:00,7,74,0.0,0.0,0.0,0.35503333333333337,14.112,6.0,0,20.675304936351193,55.0,0.034666666666666665,0.0,0.0,0.0,0.0,44.57662892421194,optimal
2021-02-08 13:00:00,7,74,0.0,0.0,0.0,0.25516666666666665,14.2485,6.0,0,20.519440408995916,55.0,0.034666666666666665,0.0,0.0,0.0,0.0,44.315132352727616,optimal
2021-02-08 13:30:00,7,74,2.2857142857142856,0.0,0.0,0.6032000000000001,12.789,6.0,0,20.35760129346472,55.0,0.034666666666666665,8000.0,0.0,0.0,0.0,44.05389727781478,optimal
2021-02-08 14:00:00,7,74,2.2857142857142856,0.0,0.0,0.5931333333333333,13.0095,6.0,0,20.511383197887486,55.0,0.034,8000.0,0.0,0.0,0.0,43.79292343797685,optimal
2021-02-08 14:30:00,7,74,2.2857142857142856,0.0,0.0,0.3684666666666666,12.1275,6.0,0,20.666927437950598,55.0,0.03333333333333333,8000.0,0.0,0.0,0.0,43.532210571978766,optimal
2021-02-08 15:00:00,7,74,2.2857142857142856,0.0,0.0,0.5105333333333334,12.348,6.0,0,20.81009208258117,55.0,0.03333333333333333,8000.0,0.0,0.0,0.0,43.27175841884667,optimal
2021-02-08 15:30:00,7,74,2.2857142857142856,0.0,0.0,0.31306666666666666,12.348,6.0,0,20.954333391878478,55.0,0.03333333333333333,8000.0,0.0,0.0,0.0,43.011566717867716,optimal
2021-02-08 16:00:00,7,74,0.0,0.0,0.0,0.5035,25.389,6.0,0,21.08577588715747,55.0,0.03333333333333333,0.0,0.0,0.0,0.0,42.75163520858974,optimal
2021-02-08 16:30:00,7,74,0.0,0.0,0.0,0.29236666666666666,29.1375,6.0,0,20.930877914957254,55.0,0.03,0.0,0.0,0.0,0.0,42.49196363082104,optimal
2021-02-08 17:00:00,7,74,0.0,0.0,0.0,0.34513333333333335,30.597,6.0,0,20.767609640374406,55.0,0.028666666666666667,0.0,0.0,0.0,0.0,42.232551724630106,optimal
2021-02-08 17:30:00,7,74,0.0,0.0,0.0,0.19216666666666662,33.684,6.0,0,20.60967440496696,55.0,0.02666666666666667,0.0,0.0,0.0,0.0,41.973399230345365,optimal
2021-02-08 18:00:00,7,74,0.0,0.0,0.0,0.12696666666666667,32.445,6.0,0,20.450511456701143,55.0,0.026,0.0,0.0,0.0,0.0,41.71450588855491,optimal
2021-02-08 18:30:00,7,74,0.0,0.0,0.0,0.48136666666666666,28.917,6.0,0,20.290893939235076,55.0,0.026,0.0,0.0,0.0,0.0,41.45587144010624,optimal
2021-02-08 19:00:00,7,74,0.0,0.0,0.0,0.47176666666666667,15.876,6.0,0,20.145196140192315,55.0,0.025333333333333333,0.0,0.0,0.0,0.0,41.197495626106026,optimal
2021-02-08 19:30:00,7,74,1.1510632497872413,0.0,0.0,0.22569999999999998,12.348,6.0,0,20.0,55.0,0.02266666666666667,4028.721374255345,0.0,0.0,0.0,40.93937818791981,optimal
2021-02-08 20:00:00,7,74,1.0856163352502388,0.0,0.0,0.35860000000000003,12.1275,6.0,0,20.0,55.0,0.019333333333333334,3799.657173375836,0.0,0.0,0.0,40.681518867171775,optimal
2021-02-08 20:30:00,7,74,0.0,0.0,0.0,0.3772,12.348,6.0,0,20.0,55.0,0.016,0.0,0.0,0.0,0.0,40.42391740574449,optimal
2021-02-08 21:00:00,7,74,0.0,0.0,0.0,0.3450666666666667,12.1275,6.0,0,19.861060756765585,55.0,0.013333333333333334,0.0,0.0,0.0,0.0,40.16657354577863,optimal
2021-02-08 21:30:00,7,74,0.0,0.0,0.0,0.4609,12.1275,6.0,0,19.725726289903385,55.0,0.0033333333333333335,0.0,0.0,0.0,0.0,39.909487029672746,optimal
2021-02-08 22:00:00,7,74,0.0,0.0,0.0,0.41723333333333334,11.2665,6.0,0,19.59473947769683,55.0,0.0,0.0,0.0,0.0,0.0,39.86957754264307,optimal
2021-02-08 22:30:00,7,74,0.059714285714285706,0.0,0.0,0.4505,10.143,6.0,0,19.466810998623888,55.0,0.0006666666666666665,0.0,0.0,208.99999999999997,0.0,39.829707965100425,optimal
2021-02-08 23:00:00,7,74,0.0,0.0,0.0,0.4161666666666667,11.2455,6.0,0,19.336175549220314,55.0,0.0,0.0,0.0,0.0,0.0,39.78987825713533,optimal
2021-02-08 23:30:00,7,74,0.0,0.0,0.0,0.14833333333333334,11.025,6.0,0,19.201016733265778,55.0,0.0,0.0,0.0,0.0,0.0,39.75008837887819,optimal
2021-02-09 00:00:00,7,74,2.2857142857142856,0.0,9.0,0.06173333333333333,10.584,6.0,0,19.201016733265778,55.0,0.0,8000.0,0.0,0.0,0.0,43.98533829049931,optimal
2021-02-09 00:30:00,7,74,2.2857142857142856,0.0,0.0,0.14786666666666667,11.2455,6.0,0,19.341993877884576,55.0,0.07522169059011165,0.0,0.0,8000.0,0.0,43.94135295220881,optimal
2021-02-09 01:00:00,7,74,2.2857142857142856,0.0,0.0,0.1019,12.1275,6.0,0,19.19105034868664,55.0,0.15177671451355662,0.0,0.0,8000.0,0.0,43.8974115992566,optimal
2021-02-09 01:30:00,7,74,2.2857142857142856,0.0,0.0,0.2884333333333333,11.823,6.0,0,19.029318043378016,55.0,0.18,5050.666666666666,0.0,2949.3333333333335,0.0,43.853514187657346,optimal
2021-02-09 02:00:00,7,74,2.2857142857142856,0.0,0.0,0.039,11.7705,6.0,0,19.065297042564435,55.0,0.18,8000.0,0.0,0.0,0.0,43.809660673469686,optimal
2021-02-09 02:30:00,7,74,2.2857142857142856,0.0,0.0,0.14256666666666667,11.13,6.0,0,19.201621726142736,55.0,0.18,8000.0,0.0,0.0,0.0,43.76585101279622,optimal
2021-02-09 03:00:00,7,74,2.2857142857142856,0.0,0.0,0.09816666666666668,11.6865,6.0,0,19.341032324040278,55.0,0.18,8000.0,0.0,0.0,0.0,43.722085161783426,optimal
2021-02-09 03:30:00,7,74,2.2857142857142856,0.0,0.8922270676528324,0.1056,10.7205,6.0,0,19.477930269472427,55.0,0.18,8000.0,0.0,0.0,0.0,44.10217093375673,optimal
2021-02-09 04:00:00,7,74,2.2857142857142856,0.0,0.0,0.2439333333333333,11.424,6.0,0,19.614760772338293,55.0,0.18,8000.0,0.0,0.0,0.0,44.05806876282297,optimal
2021-02-09 04:30:00,7,74,2.2857142857142856,0.0,9.0,0.0798,10.689,6.0,0,19.756451597082926,55.0,0.18,8000.0,0.0,0.0,0.0,48.289010694060146,optimal
2021-02-09 05:00:00,7,74,2.2857142857142856,0.0,0.0,0.1432,11.361,6.0,0,19.889689890725414,55.0,0.18,8000.0,0.0,0.0,0.0,48.240721683366075,optimal
2021-02-09 05:30:00,7,74,2.2857142857142856,0.0,0.0,0.24713333333333332,11.571,6.0,0,20.02311964579807,55.0,0.18,8000.0,0.0,0.0,0.0,48.192480961682705,optimal
2021-02-09 06:00:00,7,74,1.8565064396801185,0.0,0.0,0.039,14.3745,6.0,0,20.15920582396801,55.0,0.18,6497.772538880415,0.0,0.0,0.0,48.144288480721016,optimal
2021-02-09 06:30:00,7,74,2.2857142857142856,0.0,0.0,0.2723333333333333,13.23,6.0,0,20.22963265026023,55.0,0.18,8000.0,0.0,0.0,0.0,48.096144192240295,optimal
2021-02-09 07:00:00,7,74,2.2857142857142856,0.0,0.0,0.06273333333333332,13.9755,6.0,0,20.36420320713702,55.0,0.18,8000.0,0.0,0.0,0.0,48.048048048048045,optimal
2021-02-09 07:30:00,7,74,0.0,0.0,0.0,0.17766666666666667,14.994,6.0,0,20.48882117494098,55.0,0.178,0.0,0.0,0.0,0.0,48.0,optimal
2021-02-09 08:00:00,7,74,2.2857142857142856,0.0,0.0,1.2624333333333333,13.671,6.0,0,20.32045026910314,55.0,0.12266666666666665,8000.0,0.0,0.0,0.0,47.774389248880205,optimal
2021-02-09 08:30:00,7,74,0.0,0.0,0.0,0.47493333333333326,15.981,6.0,0,20.464783744537804,55.0,0.11733333333333332,0.0,0.0,0.0,0.0,47.54900410851153,optimal
2021-02-09 09:00:00,7,74,0.0,0.0,0.0,0.4834666666666666,15.6345,6.0,0,20.306868488187376,55.0,0.11533333333333332,0.0,0.0,0.0,0.0,47.32384435328323,optimal
2021-02-09 09:30:00,7,74,0.0,0.0,0.0,0.33446666666666663,16.5375,6.0,0,20.153986404471325,55.0,0.09999999999999998,0.0,0.0,0.0,0.0,47.09890975781015,optimal
2021-02-09 10:00:00,7,74,2.185386958957844,0.0,0.0,0.7268,14.7735,6.0,0,20.0,55.0,0.09999999999999998,7648.854356352454,0.0,0.0,0.0,46.87420009693255,optimal
2021-02-09 10:30:00,7,74,0.0,0.0,0.0,1.5269000000000001,15.2145,6.0,0,20.137860973227653,55.0,0.09533333333333331,0.0,0.0,0.0,0.0,46.649715145715824,optimal
2021-02-09 11:00:00,7,74,1.1184782406556453,0.0,0.0,0.38696666666666657,14.553,6.0,0,20.0,55.0,0.09266666666666665,3914.6738422947587,0.0,0.0,0.0,46.42545467945031,optimal
2021-02-09 11:30:00,7,74,2.2857142857142856,0.0,0.0,0.48343333333333327,14.3325,6.0,0,20.0,55.0,0.09266666666666665,8000.0,0.0,0.0,0.0,46.20141847365107,optimal
2021-02-09 12:00:00,7,74,2.0747782306928433,0.0,0.0,0.3405,14.595,6.0,0,20.15734144539412,55.0,0.09133333333333331,7261.723807424952,0.0,0.0,0.0,45.97760630405762,optimal
2021-02-09 12:30:00,7,74,0.0,0.0,0.0,0.30696666666666667,14.994,6.0,0,20.270727927529315,55.0,0.08399999999999998,0.0,0.0,0.0,0.0,45.75401794663377,optimal
2021-02-09 13:00:00,7,74,2.2857142857142856,0.0,0.0,0.5736,14.3325,6.0,0,20.11173711391257,55.0,0.08333333333333331,8000.0,0.0,0.0,0.0,45.530653177567345,optimal
2021-02-09 13:30:00,7,74,2.2857142857142856,0.0,0.0,0.5383333333333333,13.8915,6.0,0,20.273268055023568,55.0,0.07599999999999998,8000.0,0.0,0.0,0.0,45.30751177326999,optimal
2021-02-09 14:00:00,7,74,2.2857142857142856,0.0,0.0,0.6327,13.8915,6.0,0,20.4325247796128,55.0,0.07599999999999998,8000.0,0.0,0.0,0.0,45.084593510376926,optimal
2021-02-09 14:30:00,7,74,2.2857142857142856,0.0,0.0,0.3473,13.4715,6.0,0,20.591148481397017,55.0,0.024,8000.0,0.0,0.0,0.0,44.86189816574676,optimal
2021-02-09 15:00:00,7,74,2.2857142857142856,0.0,0.0,0.32613333333333333,13.23,6.0,0,20.74023563300488,55.0,0.022,8000.0,0.0,0.0,0.0,44.639425516461216,optimal
2021-02-09 15:30:00,7,74,2.2857142857142856,0.0,0.0,0.296,13.8915,6.0,0,20.88823842230151,55.0,0.022,8000.0,0.0,0.0,0.0,44.417175339824965,optimal
2021-02-09 16:00:00,7,74,0.0,0.0,0.0,1.8079,26.9325,6.0,0,21.037754238283622,55.0,0.02,0.0,0.0,0.0,0.0,44.19514741336535,optimal
2021-02-09 16:30:00,7,74,0.0,0.0,0.0,1.2999666666666667,30.303,6.0,0,20.891167064486854,55.0,0.018,0.0,0.0,0.0,0.0,43.973341514832185,optimal
2021-02-09 17:00:00,7,74,0.0,0.0,0.0,0.6115666666666667,32.886,6.0,0,20.744008417385675,55.0,0.016666666666666666,0.0,0.0,0.0,0.0,43.75175742219756,optimal
2021-02-09 17:30:00,7,74,0.0,0.0,0.0,0.5007666666666667,34.9965,6.0,0,20.591766947625562,55.0,0.016666666666666666,0.0,0.0,0.0,0.0,43.53039491365556,optimal
2021-02-09 18:00:00,7,74,0.0,0.0,0.0,0.5186000000000001,33.327,6.0,0,20.442678535757782,55.0,0.002666666666666666,0.0,0.0,0.0,0.0,43.30925376762212,optimal
2021-02-09 18:30:00,7,74,0.0,0.0,0.0,0.5999333333333333,31.122,6.0,0,20.290192432487686,55.0,0.001333333333333333,0.0,0.0,0.0,0.0,43.0883337627347,optimal
2021-02-09 19:00:00,7,74,0.0,0.0,0.0,0.5354,17.9025,6.0,0,20.144415789680146,55.0,0.0006666666666666665,0.0,0.0,0.0,0.0,42.86763467785217,optimal
2021-02-09 19:30:00,7,74,1.0604425583100963,0.0,0.0,0.5971333333333333,15.6555,6.0,0,20.0,55.0,0.0,3711.5489540853373,0.0,0.0,0.0,42.647156292054525,optimal
2021-02-09 20:00:00,7,74,1.0818520821196307,0.0,0.0,0.5291,14.553,6.0,0,20.0,55.0,0.0,3786.4822874187075,0.0,0.0,0.0,42.426898384642676,optimal
2021-02-09 20:30:00,7,74,0.0,0.0,0.0,0.43110000000000004,14.3325,6.0,0,20.0,55.0,0.0,0.0,0.0,0.0,0.0,42.20686073513824,optimal
2021-02-09 21:00:00,7,74,0.0,0.0,0.0,0.4982,13.335,6.0,0,19.845703778573686,55.0,0.0,0.0,0.0,0.0,0.0,41.987043123283314,optimal
2021-02-09 21:30:00,7,74,0.0,0.0,0.0,0.5103333333333333,12.1275,6.0,0,19.700607185234084,55.0,0.0,0.0,0.0,0.0,0.0,41.94505608016003,optimal
2021-02-09 22:00:00,7,74,0.0,0.0,0.0,1.3377000000000001,12.2955,6.0,0,19.55732510733198,55.0,0.0,0.0,0.0,0.0,0.0,41.90311102407987,optimal
2021-02-09 22:30:00,7,74,0.0,0.0,0.0,0.2899333333333333,11.6865,6.0,0,19.41062539006429,55.0,0.0,0.0,0.0,0.0,0.0,41.86120791305579,optimal
2021-02-09 23:00:00,7,74,0.0398095238095238,0.0,0.0,0.19090000000000001,11.466,6.0,0,19.258209154468513,55.0,0.0,0.0,0.0,139.33333333333331,0.0,41.819346705142735,optimal
2021-02-09 23:30:00,7,74,0.05971428571428571,0.0,0.0,0.657,10.8045,6.0,0,19.100694175926662,55.0,0.0,0.0,0.0,209.0,0.0,41.777527358437595,optimal
2021-02-10 00:00:00,7,74,2.2857142857142856,0.0,0.0,0.052,10.8045,6.0,0,19.100694175926662,55.0,0.0,8000.0,0.0,0.0,0.0,41.735749831079154,optimal
2021-02-10 00:30:00,7,74,2.2857142857142856,0.0,0.0,0.052,11.508,6.0,0,19.23618883164654,55.0,0.07655502392344497,0.0,0.0,8000.0,0.0,41.69401408124808,optimal
2021-02-10 01:00:00,7,74,2.2857142857142856,0.0,0.0,0.052,11.508,6.0,0,19.068344027088767,55.0,0.15311004784688995,0.0,0.0,8000.0,0.0,41.652320067166826,optimal
2021-02-10 01:30:00,7,74,2.2857142857142856,0.0,0.0,0.19866666666666663,11.508,6.0,0,18.901137691087314,55.0,0.178,5399.0,0.0,2601.0,0.0,41.61066774709966,optimal
2021-02-10 02:00:00,7,74,2.2857142857142856,0.0,0.0,0.06666666666666667,11.844,6.0,0,18.9433049861823,55.0,0.178,8000.0,0.0,0.0,0.0,41.56905707935256,optimal
2021-02-10 02:30:00,7,74,2.2857142857142856,0.0,0.0,0.06666666666666667,11.508,6.0,0,19.07706855850748,55.0,0.178,8000.0,0.0,0.0,0.0,41.52748802227321,optimal
2021-02-10 03:00:00,7,74,2.2857142857142856,0.0,0.0,0.19866666666666663,11.508,6.0,0,19.209573319115727,55.0,0.178,8000.0,0.0,0.0,0.0,41.485960534250935,optimal
2021-02-10 03:30:00,7,74,2.2857142857142856,0.0,9.0,0.052,10.4475,6.0,0,19.34579964854706,55.0,0.178,8000.0,0.0,0.0,0.0,45.71947457371668,optimal
2021-02-10 04:00:00,7,74,2.2857142857142856,0.0,0.0,0.118,10.8675,6.0,0,19.47522339636969,55.0,0.178,8000.0,0.0,0.0,0.0,45.673755099142966,optimal
2021-02-10 04:30:00,7,74,2.2857142857142856,0.0,5.500295451204762,0.14733333333333334,10.542,6.0,0,19.605913440461656,55.0,0.178,8000.0,0.0,0.0,0.0,48.240721683366075,optimal
2021-02-10 05:00:00,7,74,2.2857142857142856,0.0,0.0,0.059333333333333335,11.025,6.0,0,19.735536643525617,55.0,0.178,8000.0,0.0,0.0,0.0,48.192480961682705,optimal
2021-02-10 05:30:00,7,74,2.2857142857142856,0.0,0.0,0.2837333333333333,11.025,6.0,0,19.85968657044875,55.0,0.15733333333333333,8000.0,0.0,0.0,0.0,48.144288480721016,optimal
2021-02-10 06:00:00,7,74,2.2857142857142856,0.0,0.0,0.142,14.553,6.0,0,19.994602614673827,55.0,0.15333333333333332,8000.0,0.0,0.0,0.0,48.096144192240295,optimal
2021-02-10 06:30:00,7,74,2.2857142857142856,0.0,0.0,0.1356,13.0935,6.0,0,20.131350509556906,55.0,0.15133333333333332,8000.0,0.0,0.0,0.0,48.048048048048045,optimal
2021-02-10 07:00:00,7,74,2.2857142857142856,0.0,0.0,0.14066666666666666,15.6345,6.0,0,20.271591964005854,55.0,0.12333333333333334,8000.0,0.0,0.0,0.0,48.0,optimal
2021-02-10 07:30:00,7,74,0.0,0.0,0.0,0.2658333333333333,18.102,6.0,0,20.417892544124086,55.0,0.10281333333333334,0.0,0.0,0.0,0.0,47.893892568198446,optimal
2021-02-10 08:00:00,7,74,0.401929772130627,0.0,0.0,0.191,17.199,6.0,0,20.259740981926434,55.0,0.04933333333333333,1406.7542024571947,0.0,0.0,0.0,47.787891243828696,optimal
2021-02-10 08:30:00,7,74,0.0,0.0,0.0,0.21446666666666667,18.2805,6.0,0,20.15203963531905,55.0,0.04533333333333334,0.0,0.0,0.0,0.0,47.681995920783315,optimal
2021-02-10 09:00:00,7,74,2.1796529304102497,0.0,0.0,2.5705999999999998,17.4615,6.0,0,20.0,55.0,0.042666666666666665,7628.785256435874,0.0,0.0,0.0,47.57620649306098,optimal
2021-02-10 09:30:00,7,74,0.0,0.0,0.0,1.1271333333333335,18.3225,6.0,0,20.153114599973794,55.0,0.037333333333333336,0.0,0.0,0.0,0.0,47.470522854766365,optimal
2021-02-10 10:00:00,7,74,1.1415420053729441,0.0,0.0,0.4294333333333333,17.094,6.0,0,20.0,55.0,0.018666666666666668,3995.397018805305,0.0,0.0,0.0,47.364944900110046,optimal
2021-02-10 10:30:00,7,74,1.2210193961004243,0.0,0.0,0.3212,17.094,6.0,0,20.0,55.0,0.018666666666666668,4273.567886351485,0.0,0.0,0.0,47.259472523408384,optimal
2021-02-10 11:00:00,7,74,2.2857142857142856,0.0,0.0,0.47306666666666664,17.094,6.0,0,20.0,55.0,0.017333333333333333,8000.0,0.0,0.0,0.0,47.154105619083424,optimal
2021-02-10 11:30:00,7,74,0.1665519434060131,0.0,0.0,0.16266666666666665,17.3565,6.0,0,20.145121398168595,55.0,0.016,582.9318019210458,0.0,0.0,0.0,47.048844081662786,optimal
2021-02-10 12:00:00,7,74,2.2857142857142856,0.0,0.0,0.12076666666666667,17.115,6.0,0,20.0,55.0,0.016,8000.0,0.0,0.0,0.0,46.94368780577957,optimal
2021-02-10 12:30:00,7,74,2.2857142857142856,0.0,0.0,0.2522666666666667,17.241,6.0,0,20.132664305700832,55.0,0.016,8000.0,0.0,0.0,0.0,46.83863668617224,optimal
2021-02-10 13:00:00,7,74,2.2857142857142856,0.0,0.0,1.3940666666666666,17.094,6.0,0,20.264932072539096,55.0,0.016,8000.0,0.0,0.0,0.0,46.73369061768451,optimal
2021-02-10 13:30:00,7,74,2.2857142857142856,0.0,0.0,0.1018,16.5165,6.0,0,20.440501275134284,55.0,0.016,8000.0,0.0,0.0,0.0,46.62884949526527,optimal
2021-02-10 14:00:00,7,74,1.224074367624872,0.0,0.0,1.0484333333333333,17.8185,6.0,0,20.567254934004083,55.0,0.016,4284.260286687052,0.0,0.0,0.0,46.524113213968455,optimal
2021-02-10 14:30:00,7,74,2.2857142857142856,0.0,0.0,0.18866666666666662,17.094,6.0,0,20.564597964990334,55.0,0.015333333333333332,8000.0,0.0,0.0,0.0,46.41948166895293,optimal
2021-02-10 15:00:00,7,74,2.2857142857142856,0.0,0.0,0.10733333333333331,16.8945,6.0,0,20.70126273536873,55.0,0.014666666666666666,8000.0,0.0,0.0,0.0,46.314954755482425,optimal
2021-02-10 15:30:00,7,74,2.2857142857142856,0.0,0.0,1.1342,18.123,6.0,0,20.84049074873189,55.0,0.013333333333333334,8000.0,0.0,0.0,0.0,46.21053236892539,optimal
2021-02-10 16:00:00,7,74,0.0,0.0,0.0,0.7146,31.647,6.0,0,21.02663831521685,55.0,0.013333333333333334,0.0,0.0,0.0,0.0,46.106214404754915,optimal
2021-02-10 16:30:00,7,74,0.0,0.0,0.0,1.1415333333333333,34.9965,6.0,0,20.88524868888657,55.0,0.010666666666666666,0.0,0.0,0.0,0.0,46.00200075854861,optimal
2021-02-10 17:00:00,7,74,0.0,0.0,0.0,1.0957999999999999,34.9965,6.0,0,20.75036507366463,55.0,0.008,0.0,0.0,0.0,0.0,45.89789132598851,optimal
2021-02-10 17:30:00,7,74,0.0,0.0,0.0,0.10606666666666666,34.9965,6.0,0,20.617050551836563,55.0,0.0033333333333333335,0.0,0.0,0.0,0.0,45.79388600286097,optimal
2021-02-10 18:00:00,7,74,0.0,0.0,0.0,0.1669,34.9965,6.0,0,20.458804213043624,55.0,0.0033333333333333335,0.0,0.0,0.0,0.0,45.74809211685811,optimal
2021-02-10 18:30:00,7,74,0.0,0.0,0.0,0.3531333333333333,34.9965,6.0,0,20.3011562931003,55.0,0.001333333333333333,0.0,0.0,0.0,0.0,45.70234402474125,optimal
2021-02-10 19:00:00,7,74,0.0,0.0,0.0,1.1602999999999999,27.741,6.0,0,20.146945243629766,55.0,0.001333333333333333,0.0,0.0,0.0,0.0,45.65664168071651,optimal
2021-02-10 19:30:00,7,74,1.1483917560484331,0.0,0.0,0.1726,19.026,6.0,0,20.0,55.0,0.001333333333333333,4019.371146169516,0.0,0.0,0.0,45.610985039035796,optimal
2021-02-10 20:00:00,7,74,1.1530881683280108,0.0,0.0,0.3406666666666667,18.7215,6.0,0,20.0,55.0,0.0006666666666666665,4035.8085891480378,0.0,0.0,0.0,45.56537405399676,optimal
2021-02-10 20:30:00,7,74,0.0,0.0,0.0,0.27066666666666667,17.4195,6.0,0,20.0,55.0,0.0,0.0,0.0,0.0,0.0,45.51980867994276,optimal
2021-02-10 21:00:00,7,74,0.0,0.0,0.0,0.3,16.758,6.0,0,19.835745676190587,55.0,0.0,0.0,0.0,0.0,0.0,45.47428887126282,optimal
2021-02-10 21:30:00,7,74,0.0796190476190476,0.0,0.0,1.1865999999999999,14.217,6.0,0,19.675665628476697,55.0,0.0,0.0,0.0,278.66666666666663,0.0,45.42881458239156,optimal
2021-02-10 22:00:00,7,74,0.0199047619047619,0.0,0.0,0.239,13.3665,6.0,0,19.507970253449024,55.0,0.0,0.0,0.0,69.66666666666666,0.0,45.383385767809166,optimal
2021-02-10 22:30:00,7,74,0.0199047619047619,0.0,0.0,0.23713333333333333,12.789,6.0,0,19.323377574770284,55.0,0.0,0.0,0.0,69.66666666666666,0.0,45.33800238204136,optimal
2021-02-10 23:00:00,7,74,0.0398095238095238,0.0,0.0,0.27113333333333334,11.907,6.0,0,19.1323125181046,55.0,0.0,0.0,0.0,139.33333333333331,0.0,45.29266437965932,optimal
2021-02-10 23:30:00,7,74,0.0,0.0,0.0,0.2932666666666667,11.7075,6.0,0,18.940680294301007,55.0,0.0,0.0,0.0,0.0,0.0,45.24737171527966,optimal
2021-02-11 00:00:00,7,74,2.2857142857142856,0.0,0.0,0.1335,11.025,6.0,0,18.940680294301007,55.0,0.0,7373.0,0.0,627.0,0.0,45.202124343564385,optimal
2021-02-11 00:30:00,7,74,2.2857142857142856,0.0,0.0,0.3444,12.0855,6.0,0,19.02127661310385,55.0,0.07303610005309094,367.7275444519962,0.0,7632.272455548004,0.0,45.156922219220824,optimal
2021-02-11 01:00:00,7,74,2.2857142857142856,0.0,0.0,0.29760000000000003,11.6865,6.0,0,18.853388962020187,55.0,0.07303610005309094,8000.0,0.0,0.0,0.0,45.111765297001604,optimal
2021-02-11 01:30:00,7,74,2.2857142857142856,0.0,0.0,0.3198333333333333,11.2245,6.0,0,18.97266434939655,55.0,0.07036943338642428,8000.0,0.0,0.0,0.0,45.0666535317046,optimal
2021-02-11 02:00:00,7,74,2.2857142857142856,0.0,0.0,0.33226666666666665,11.025,6.0,0,19.087784706905786,55.0,0.06770276671975761,8000.0,0.0,0.0,0.0,45.0215868781729,optimal
2021-02-11 02:30:00,7,74,2.2857142857142856,0.0,0.0,0.195,10.7835,6.0,0,19.20277149182955,55.0,0.06770276671975761,8000.0,0.0,0.0,0.0,44.976565291294726,optimal
2021-02-11 03:00:00,7,74,2.2857142857142856,0.0,0.0,0.058,11.025,6.0,0,19.311622253798625,55.0,0.06770276671975761,8000.0,0.0,0.0,0.0,44.93158872600343,optimal
2021-02-11 03:30:00,7,74,2.2857142857142856,0.0,0.0,0.15346666666666667,10.584,6.0,0,19.403627070392176,55.0,0.06770276671975761,8000.0,0.0,0.0,0.0,44.88665713727743,optimal
2021-02-11 04:00:00,7,74,2.2857142857142856,0.0,0.0,0.0938,11.025,6.0,0,19.500712140186778,55.0,0.06770276671975761,8000.0,0.0,0.0,0.0,44.841770480140156,optimal
2021-02-11 04:30:00,7,74,2.2857142857142856,0.0,7.453514384088914,0.058,10.4265,6.0,0,19.596990371953385,55.0,0.06770276671975761,8000.0,0.0,0.0,0.0,48.33734804210225,optimal
2021-02-11 05:00:00,7,74,2.2857142857142856,0.0,0.0,0.18926666666666667,12.789,6.0,0,19.69101502939746,55.0,0.06770276671975761,8000.0,0.0,0.0,0.0,48.289010694060146,optimal
2021-02-11 05:30:00,7,74,2.2857142857142856,0.0,0.0,0.058,12.684,6.0,0,19.78909577822833,55.0,0.06770276671975761,8000.0,0.0,0.0,0.0,48.240721683366075,optimal
2021-02-11 06:00:00,7,74,2.2857142857142856,0.0,0.0,0.168,16.254,6.0,0,19.88366526556638,55.0,0.06770276671975761,8000.0,0.0,0.0,0.0,48.192480961682705,optimal
2021-02-11 06:30:00,7,74,2.2857142857142856,0.0,0.0,0.24366666666666664,17.64,6.0,0,19.98577011908892,55.0,0.06370276671975761,8000.0,0.0,0.0,0.0,48.144288480721016,optimal
2021-02-11 07:00:00,7,74,2.2857142857142856,0.0,0.0,0.19126666666666667,19.1625,6.0,0,20.104285296509126,55.0,0.05770276671975761,8000.0,0.0,0.0,0.0,48.096144192240295,optimal
2021-02-11 07:30:00,7,74,0.0,0.0,0.0,0.40536666666666665,26.46,6.0,0,20.22616828821334,55.0,0.04903610005309094,0.0,0.0,0.0,0.0,48.048048048048045,optimal
2021-02-11 08:00:00,7,74,2.2857142857142856,0.0,0.0,0.2834,20.79,6.0,0,20.053984118473064,55.0,0.039036100053090945,8000.0,0.0,0.0,0.0,48.0,optimal
2021-02-11 08:30:00,7,74,0.0,0.0,0.0,0.3986,29.106,6.0,0,20.17732421194019,55.0,0.025036100053090943,0.0,0.0,0.0,0.0,47.59121940522871,optimal
2021-02-11 09:00:00,7,74,2.2857142857142856,0.0,0.0,0.3778,19.1835,6.0,0,20.0,55.0,0.023702766719757608,8000.0,0.0,0.0,0.0,47.1828475910522,optimal
2021-02-11 09:30:00,7,74,0.35550304466336824,0.0,0.0,0.10173333333333331,19.6665,6.0,0,20.125745016572363,55.0,0.020369433386424277,1244.260656321789,0.0,0.0,0.0,46.774884148689864,optimal
2021-02-11 10:00:00,7,74,1.3662820109503238,0.0,0.0,0.11573333333333333,19.404,6.0,0,20.0,55.0,0.020369433386424277,4781.987038326133,0.0,0.0,0.0,46.36732866976989,optimal
2021-02-11 10:30:00,7,74,2.2857142857142856,0.0,0.0,0.15153333333333333,19.047,6.0,0,20.0,55.0,0.05007089844408309,4896.196901474654,0.0,3103.8030985253463,0.0,45.96018074632884,optimal
2021-02-11 11:00:00,7,74,2.2857142857142856,0.0,0.0,0.068,18.858,6.0,0,20.0,55.0,0.07753750121313371,5129.74001063421,0.0,2870.25998936579,0.0,45.553439970811226,optimal
2021-02-11 11:30:00,7,74,2.001532087314876,0.0,0.0,0.068,19.2675,6.0,0,20.0,55.0,0.09133333333333334,5563.697849041206,0.0,1441.6644565608601,0.0,45.14710593606913,optimal
2021-02-11 12:00:00,7,74,2.2857142857142856,0.0,0.0,0.068,18.963,6.0,0,20.023392392342313,55.0,0.09133333333333334,8000.0,0.0,0.0,0.0,44.74117823536178,optimal
2021-02-11 12:30:00,7,74,2.2857142857142856,0.0,0.0,0.19926666666666668,18.438,6.0,0,20.14532610257597,55.0,0.09133333333333334,8000.0,0.0,0.0,0.0,44.33565646235513,optimal
2021-02-11 13:00:00,7,74,2.2857142857142856,0.0,0.0,0.068,18.7425,6.0,0,20.277170228806146,55.0,0.09133333333333334,8000.0,0.0,0.0,0.0,43.93054021112149,optimal
2021-02-11 13:30:00,7,74,2.2857142857142856,0.0,0.0,0.1873333333333333,15.2145,6.0,0,20.408949642941455,55.0,0.09133333333333334,8000.0,0.0,0.0,0.0,43.52582907613908,optimal
2021-02-11 14:00:00,7,74,2.2857142857142856,0.0,0.0,0.07993333333333334,17.7765,6.0,0,20.544921745541018,55.0,0.09133333333333334,8000.0,0.0,0.0,0.0,43.12152265229166,optimal
2021-02-11 14:30:00,7,74,2.2857142857142856,0.0,0.0,0.13826666666666668,16.758,6.0,0,20.676512744895756,55.0,0.09133333333333334,8000.0,0.0,0.0,0.0,42.71762053486808,optimal
2021-02-11 15:00:00,7,74,2.2857142857142856,0.0,0.0,0.3199666666666666,16.422,6.0,0,20.81210596129943,55.0,0.08733333333333333,8000.0,0.0,0.0,0.0,42.31412231956193,optimal
2021-02-11 15:30:00,7,74,2.2857142857142856,0.0,0.0,0.081,16.758,6.0,0,20.958661080746317,55.0,0.06333333333333334,8000.0,0.0,0.0,0.0,41.91102760247109,optimal
2021-02-11 16:00:00,7,74,0.0,0.0,0.0,0.3439,29.358,6.0,0,21.095138854986903,55.0,0.058,0.0,0.0,0.0,0.0,41.50833598009733,optimal
2021-02-11 16:30:00,7,74,0.0,0.0,0.0,0.2447666666666667,34.9965,6.0,0,20.924493185564216,55.0,0.037333333333333336,0.0,0.0,0.0,0.0,41.106047049345946,optimal
2021-02-11 17:00:00,7,74,0.0,0.0,0.0,0.33743333333333336,34.65,6.0,0,20.745370246772,55.0,0.028666666666666667,0.0,0.0,0.0,0.0,40.704160407525315,optimal
2021-02-11 17:30:00,7,74,0.0,0.0,0.0,0.19736666666666666,34.9965,6.0,0,20.563729243903353,55.0,0.026,0.0,0.0,0.0,0.0,40.3026756523465,optimal
2021-02-11 18:00:00,7,74,0.0,0.0,0.0,0.4303,34.9965,6.0,0,20.37621028335503,55.0,0.024,0.0,0.0,0.0,0.0,39.90159238192287,optimal
2021-02-11 18:30:00,7,74,0.0,0.0,0.0,0.37326666666666664,30.4815,6.0,0,20.190421855224912,55.0,0.0,0.0,0.0,0.0,0.0,39.50091019476966,optimal
2021-02-11 19:00:00,7,74,1.5620131262035086,0.0,0.0,0.22943333333333332,21.4305,6.0,0,20.0,55.0,0.0,5467.04594171228,0.0,0.0,0.0,39.10062868980361,optimal
2021-02-11 19:30:00,7,74,1.6011787883553328,0.0,0.0,0.5107666666666667,14.3325,6.0,0,20.0,55.0,0.0,5325.459092576997,0.0,278.66666666666663,0.0,38.70074746634252,optimal
2021-02-11 20:00:00,7,74,2.2857142857142856,0.0,0.0,0.26480000000000004,13.692,6.0,0,20.0,55.0,0.020895959392903223,5607.372243441613,0.0,2392.627756558387,0.0,38.30126612410489,optimal
2021-02-11 20:30:00,7,74,0.052868260030937156,0.0,0.0,0.3113,14.007,6.0,0,20.0,55.0,0.0,0.0,0.0,185.03891010828005,0.0,37.9021842632095,optimal
2021-02-11 21:00:00,7,74,0.0,0.0,0.0,0.2853333333333333,12.873,6.0,0,19.790623812712912,55.0,0.0,0.0,0.0,0.0,0.0,37.503501484175004,optimal
2021-02-11 21:30:00,7,74,0.6767619047619047,0.0,0.0,0.5589666666666667,12.684,6.0,0,19.580283370919457,55.0,0.0,0.0,0.0,2368.6666666666665,0.0,37.46599798269083,optimal
2021-02-11 22:00:00,7,74,0.13933333333333334,0.0,0.0,0.4513666666666667,12.306,6.0,0,19.39352066865884,55.0,0.0,0.0,0.0,487.6666666666667,0.0,37.42853198470814,optimal
2021-02-11 22:30:00,7,74,0.0796190476190476,0.0,0.0,0.481,10.6365,6.0,0,19.204755477697503,55.0,0.0,0.0,0.0,278.66666666666663,0.0,37.39110345272343,optimal
2021-02-11 23:00:00,7,74,0.0,0.0,0.0,0.19926666666666668,11.2455,6.0,0,19.009551939814337,55.0,0.0,0.0,0.0,0.0,0.0,37.3537123492707,optimal
2021-02-11 23:30:00,7,74,0.0,0.0,0.0,0.068,11.2455,6.0,0,18.784087803903695,55.0,0.0,0.0,0.0,0.0,0.0,37.31635863692143,optimal
2021-02-12 00:00:00,7,74,2.2857142857142856,0.0,0.0,0.0633,10.3635,6.0,0,18.784087803903695,55.0,0.0,8000.0,0.0,0.0,0.0,37.27904227828451,optimal
2021-02-12 00:30:00,7,74,2.2857142857142856,0.0,0.0,0.21730000000000002,10.8045,6.0,0,18.8551986674388,55.0,0.033631465525890344,4485.5118525444595,0.0,3514.488147455541,0.0,37.24176323600622,optimal
2021-02-12 01:00:00,7,74,2.2857142857142856,0.0,0.0,0.085,11.025,6.0,0,18.805436120981064,55.0,0.033631465525890344,8000.0,0.0,0.0,0.0,37.20452147277022,optimal
2021-02-12 01:30:00,7,74,2.2857142857142856,0.0,0.0,0.36976666666666663,10.3635,6.0,0,18.883298265309104,55.0,0.033631465525890344,8000.0,0.0,0.0,0.0,37.167316951297444,optimal
2021-02-12 02:00:00,7,74,2.2857142857142856,0.0,0.0,0.0633,10.8045,6.0,0,18.970994650528688,55.0,0.033631465525890344,8000.0,0.0,0.0,0.0,37.13014963434615,optimal
2021-02-12 02:30:00,7,74,2.2857142857142856,0.0,5.9240535409122534,0.057,10.059,6.0,0,19.037799708422753,55.0,0.033631465525890344,8000.0,0.0,0.0,0.0,39.90694491664512,optimal
2021-02-12 03:00:00,7,74,2.2857142857142856,0.0,0.0,0.2866,10.584,6.0,0,19.106562164368917,55.0,0.033631465525890344,8000.0,0.0,0.0,0.0,39.86703797172847,optimal
2021-02-12 03:30:00,7,74,2.2857142857142856,0.0,9.0,0.057,9.4185,6.0,0,19.18614297072569,55.0,0.033631465525890344,8000.0,0.0,0.0,0.0,44.10217093375673,optimal
2021-02-12 04:00:00,7,74,2.2857142857142856,0.0,0.0,0.2001,10.3635,6.0,0,19.262920130986213,55.0,0.033631465525890344,8000.0,0.0,0.0,0.0,44.05806876282297,optimal
2021-02-12 04:30:00,7,74,2.2857142857142856,0.0,9.0,0.1173,9.8385,6.0,0,19.35094861055423,55.0,0.033631465525890344,8000.0,0.0,0.0,0.0,48.289010694060146,optimal
2021-02-12 05:00:00,7,74,2.2857142857142856,0.0,0.0,0.18580000000000002,11.067,6.0,0,19.441619557618772,55.0,0.033631465525890344,8000.0,0.0,0.0,0.0,48.240721683366075,optimal
2021-02-12 05:30:00,7,74,2.2857142857142856,0.0,0.0,0.2226,10.8465,6.0,0,19.540603098794644,55.0,0.033631465525890344,8000.0,0.0,0.0,0.0,48.192480961682705,optimal
2021-02-12 06:00:00,7,74,2.2857142857142856,0.0,0.0,0.06420000000000001,13.671,6.0,0,19.647568877698028,55.0,0.033631465525890344,8000.0,0.0,0.0,0.0,48.144288480721016,optimal
2021-02-12 06:30:00,7,74,2.2857142857142856,0.0,0.0,0.2105,12.348,6.0,0,19.75509436754282,55.0,0.033631465525890344,8000.0,0.0,0.0,0.0,48.096144192240295,optimal
2021-02-12 07:00:00,7,74,2.2857142857142856,0.0,0.0,0.3917,14.3325,6.0,0,19.868055829185806,55.0,0.013631465525890347,8000.0,0.0,0.0,0.0,48.048048048048045,optimal
2021-02-12 07:30:00,7,74,2.0535919339425854,0.0,0.0,0.2403,15.393,6.0,0,19.9923706206688,55.0,0.006298132192557014,7187.571768799049,0.0,0.0,0.0,48.0,optimal
2021-02-12 08:00:00,7,74,2.2857142857142856,0.0,0.0,0.6307999999999999,13.587,6.0,0,20.082257343223837,55.0,0.005631465525890347,8000.0,0.0,0.0,0.0,47.846622820625356,optimal
2021-02-12 08:30:00,7,74,0.0,0.0,0.0,0.27736666666666665,16.1385,6.0,0,20.20358034364494,55.0,0.004298132192557015,0.0,0.0,0.0,0.0,47.693399018430085,optimal
2021-02-12 09:00:00,7,74,1.7008274558640102,0.0,0.0,0.0948,14.595,6.0,0,20.0,55.0,0.004298132192557015,5952.896095524036,0.0,0.0,0.0,47.540328440037015,optimal
2021-02-12 09:30:00,7,74,1.485274265898911,0.0,0.0,0.29919999999999997,14.637,6.0,0,20.0,55.0,0.004298132192557015,5198.459930646189,0.0,0.0,0.0,47.38741093222234,optimal
2021-02-12 10:00:00,7,74,1.3932067609687038,0.0,0.0,0.0714,13.9125,6.0,0,20.0,55.0,0.004298132192557015,4876.223663390463,0.0,0.0,0.0,47.23464634191547,optimal
2021-02-12 10:30:00,7,74,2.2857142857142856,0.0,0.0,0.2839,13.3665,6.0,0,20.0,55.0,0.004666666666666667,7961.488147455541,0.0,38.511852544458634,0.0,47.08203451619892,optimal
2021-02-12 11:00:00,7,74,2.2857142857142856,0.0,0.0,0.1245,13.0095,6.0,0,20.127893498175435,55.0,0.004666666666666667,8000.0,0.0,0.0,0.0,46.92957530230807,optimal
2021-02-12 11:30:00,7,74,0.0,0.0,0.0,0.12340000000000001,13.8915,6.0,0,20.253797438568405,55.0,0.004666666666666667,0.0,0.0,0.0,0.0,46.777268547631124,optimal
2021-02-12 12:00:00,7,74,2.2857142857142856,0.0,0.0,0.1779,13.188,6.0,0,20.077822377997062,55.0,0.004666666666666667,8000.0,0.0,0.0,0.0,46.62511409970885,optimal
2021-02-12 12:30:00,7,74,2.2857142857142856,0.0,0.0,0.2001,12.5685,6.0,0,20.207148595037882,55.0,0.004666666666666667,8000.0,0.0,0.0,0.0,46.4731118062345,optimal
2021-02-12 13:00:00,7,74,2.2857142857142856,0.0,0.0,0.15730000000000002,12.285,6.0,0,20.336563912265607,55.0,0.004666666666666667,8000.0,0.0,0.0,0.0,46.32126151505362,optimal
2021-02-12 13:30:00,7,74,2.2857142857142856,0.0,0.0,0.21509999999999999,11.487,6.0,0,20.463620864411528,55.0,0.004666666666666667,8000.0,0.0,0.0,0.0,46.169563074163925,optimal
2021-02-12 14:00:00,7,74,2.2857142857142856,0.0,0.0,0.12179999999999999,11.802,6.0,0,20.59071666257055,55.0,0.004666666666666667,8000.0,0.0,0.0,0.0,46.01801633171512,optimal
2021-02-12 14:30:00,7,74,2.2857142857142856,0.0,0.0,0.12,11.2245,6.0,0,20.71216347417099,55.0,0.004666666666666667,8000.0,0.0,0.0,0.0,45.86662113600876,optimal
2021-02-12 15:00:00,7,74,2.2857142857142856,0.0,0.0,0.2236,11.025,6.0,0,20.831458558776127,55.0,0.004666666666666667,8000.0,0.0,0.0,0.0,45.71537733549811,optimal
2021-02-12 15:30:00,7,74,2.2857142857142856,0.0,0.0,0.06420000000000001,11.907,6.0,0,20.952589463504644,55.0,0.004666666666666667,8000.0,0.0,0.0,0.0,45.56428477878797,optimal
2021-02-12 16:00:00,7,74,0.0,0.0,0.0,0.2343,25.83,6.0,0,21.065168949350042,55.0,0.004666666666666667,0.0,0.0,0.0,0.0,45.41334331463454,optimal
2021-02-12 16:30:00,7,74,0.0,0.0,0.0,0.17773333333333333,28.035,6.0,0,20.880556717285653,55.0,0.004,0.0,0.0,0.0,0.0,45.26255279194526,optimal
2021-02-12 17:00:00,7,74,0.0,0.0,0.0,1.5738666666666665,28.119,6.0,0,20.695835999078618,55.0,0.002,0.0,0.0,0.0,0.0,45.11191305977867,optimal
2021-02-12 17:30:00,7,74,0.0,0.0,0.0,0.2384333333333333,30.156,6.0,0,20.55386643857551,55.0,0.0,0.0,0.0,0.0,0.0,44.96142396734425,optimal
2021-02-12 18:00:00,7,74,0.0,0.0,0.0,0.1173,29.1585,6.0,0,20.379302531289,55.0,0.0,0.0,0.0,0.0,0.0,44.81108536400227,optimal
2021-02-12 18:30:00,7,74,0.0,0.0,0.0,0.1056,26.712,6.0,0,20.189212286914554,55.0,0.0,0.0,0.0,0.0,0.0,44.66089709926362,optimal
2021-02-12 19:00:00,7,74,1.3781810580545693,0.0,0.0,0.274,15.435,6.0,0,20.0,55.0,0.0,4823.6337031909925,0.0,0.0,0.0,44.51085902278972,optimal
2021-02-12 19:30:00,7,74,1.387400575347341,0.0,0.0,0.16473333333333331,13.566,6.0,0,20.0,55.0,0.0,4855.902013715694,0.0,0.0,0.0,44.36097098439228,optimal
2021-02-12 20:00:00,7,74,1.2186391402591885,0.0,0.0,0.47126666666666667,12.789,6.0,0,20.0,55.0,0.0,4265.236990907159,0.0,0.0,0.0,44.21123283403325,optimal
2021-02-12 20:30:00,7,74,0.0,0.0,0.0,0.5589,12.1275,6.0,0,20.0,55.0,0.0,0.0,0.0,0.0,0.0,44.061644421824575,optimal
2021-02-12 21:00:00,7,74,0.0,0.0,0.0,0.7627666666666667,13.671,6.0,0,19.839373080853587,55.0,0.0,0.0,0.0,0.0,0.0,43.91220559802811,optimal
2021-02-12 21:30:00,7,74,0.0199047619047619,0.0,0.0,1.0943333333333332,10.668,6.0,0,19.69668019527698,55.0,0.0,0.0,0.0,69.66666666666666,0.0,43.86829339243008,optimal
2021-02-12 22:00:00,7,74,0.0,0.0,0.0,0.3157,11.7285,6.0,0,19.572643517880532,55.0,0.0,0.0,0.0,0.0,0.0,43.824425099037654,optimal
2021-02-12 22:30:00,7,74,0.0,0.0,0.0,0.32639999999999997,11.025,6.0,0,19.416434779594663,55.0,0.0,0.0,0.0,0.0,0.0,43.780600673938615,optimal
2021-02-12 23:00:00,7,74,0.0,0.0,0.0,0.9932000000000001,10.689,6.0,0,19.263765046138737,55.0,0.0,0.0,0.0,0.0,0.0,43.736820073264674,optimal
2021-02-12 23:30:00,7,74,0.0,0.0,0.0,0.2974,8.1585,6.0,0,19.136790035037244,55.0,0.0,0.0,0.0,0.0,0.0,43.69308325319141,optimal
2021-02-13 00:00:00,7,74,2.2857142857142856,0.0,0.0,0.057,9.3975,6.0,0,19.136790035037244,55.0,0.0,8000.0,0.0,0.0,0.0,43.64939016993822,optimal
2021-02-13 00:30:00,7,74,2.2857142857142856,0.0,0.0,0.057,10.059,6.0,0,19.265515587404582,55.0,0.07655502392344497,0.0,0.0,8000.0,0.0,43.60574077976828,optimal
2021-02-13 01:00:00,7,74,2.2857142857142856,0.0,0.0,0.123,9.261,6.0,0,19.092376989855108,55.0,0.15311004784688995,0.0,0.0,8000.0,0.0,43.562135038988515,optimal
2021-02-13 01:30:00,7,74,2.2857142857142856,0.0,0.0,0.057,8.1585,6.0,0,18.923822554594757,55.0,0.17,6235.0,0.0,1765.0,0.0,43.518572903949526,optimal
2021-02-13 02:00:00,7,74,2.2857142857142856,0.0,0.0,0.057,9.4815,6.0,0,18.9895285679077,55.0,0.17,8000.0,0.0,0.0,0.0,43.47505433104558,optimal
2021-02-13 02:30:00,7,74,2.2857142857142856,0.0,0.0,0.057,8.379,6.0,0,19.12152210120635,55.0,0.17,8000.0,0.0,0.0,0.0,43.43157927671453,optimal
2021-02-13 03:00:00,7,74,2.2857142857142856,0.0,0.0,0.123,9.5235,6.0,0,19.252273480132263,55.0,0.17,8000.0,0.0,0.0,0.0,43.388147697437816,optimal
2021-02-13 03:30:00,7,74,2.2857142857142856,0.0,0.0,0.057,8.1375,6.0,0,19.384278661361034,55.0,0.17,8000.0,0.0,0.0,0.0,43.34475954974038,optimal
2021-02-13 04:00:00,7,74,2.2857142857142856,0.0,0.0,0.079,10.0905,6.0,0,19.512086775423224,55.0,0.17,8000.0,0.0,0.0,0.0,43.30141479019064,optimal
2021-02-13 04:30:00,7,74,2.2857142857142856,0.0,9.0,0.101,7.539,6.0,0,19.639049675891187,55.0,0.17,8000.0,0.0,0.0,0.0,47.53311337540045,optimal
2021-02-13 05:00:00,7,74,2.2857142857142856,0.0,1.8950600291643875,0.057,7.938,6.0,0,19.764704780762994,55.0,0.17,8000.0,0.0,0.0,0.0,48.38573377587813,optimal
2021-02-13 05:30:00,7,74,2.2857142857142856,0.0,0.0,0.057,8.274,6.0,0,19.886580130231888,55.0,0.17,8000.0,0.0,0.0,0.0,48.33734804210225,optimal
2021-02-13 06:00:00,7,74,2.2857142857142856,0.0,0.0,0.12233333333333331,9.261,6.0,0,20.006367472594246,55.0,0.17,8000.0,0.0,0.0,0.0,48.289010694060146,optimal
2021-02-13 06:30:00,7,74,2.2857142857142856,0.0,0.0,0.057,9.9225,6.0,0,20.12733607962786,55.0,0.17,8000.0,0.0,0.0,0.0,48.240721683366075,optimal
2021-02-13 07:00:00,7,74,2.2857142857142856,0.0,0.0,0.12166666666666669,9.702,6.0,0,20.24344612660246,55.0,0.17,8000.0,0.0,0.0,0.0,48.192480961682705,optimal
2021-02-13 07:30:00,7,74,2.2857142857142856,0.0,0.0,0.07433333333333333,10.584,6.0,0,20.360201195626164,55.0,0.17,8000.0,0.0,0.0,0.0,48.144288480721016,optimal
2021-02-13 08:00:00,7,74,2.2857142857142856,0.0,0.0,1.1634333333333333,10.143,6.0,0,20.473454771398128,55.0,0.114,8000.0,0.0,0.0,0.0,48.096144192240295,optimal
2021-02-13 08:30:00,7,74,0.0,0.0,0.0,1.4919,13.0095,6.0,0,20.59674681605622,55.0,0.09,0.0,0.0,0.0,0.0,48.048048048048045,optimal
2021-02-13 09:00:00,7,74,2.2857142857142856,0.0,0.0,0.1797,11.025,6.0,0,20.436206668220752,55.0,0.08164,8000.0,0.0,0.0,0.0,48.0,optimal
2021-02-13 09:30:00,7,74,0.0,0.0,0.0,0.15380000000000002,12.789,6.0,0,20.569777217577965,55.0,0.08,0.0,0.0,0.0,0.0,47.88867849216405,optimal
2021-02-13 10:00:00,7,74,2.2857142857142856,0.0,0.0,0.14903333333333332,12.1275,6.0,0,20.4056325422857,55.0,0.06066666666666667,8000.0,0.0,0.0,0.0,47.77746830583593,optimal
2021-02-13 10:30:00,7,74,2.2857142857142856,0.0,0.0,0.10596666666666668,12.1695,6.0,0,20.549684152298397,55.0,0.06066666666666667,8000.0,0.0,0.0,0.0,47.66636932969414,optimal
2021-02-13 11:00:00,7,74,2.2857142857142856,0.0,0.0,0.16093333333333334,12.306,6.0,0,20.683500790788834,55.0,0.042666666666666665,8000.0,0.0,0.0,0.0,47.55538145252849,optimal
2021-02-13 11:30:00,7,74,0.0,0.0,0.0,0.12,13.23,6.0,0,20.814468473177122,55.0,0.042,0.0,0.0,0.0,0.0,47.44450456324002,optimal
2021-02-13 12:00:00,7,74,0.0,0.0,0.0,0.0837,13.671,6.0,0,20.63980317536127,55.0,0.042,0.0,0.0,0.0,0.0,47.33373855084083,optimal
2021-02-13 12:30:00,7,74,0.0,0.0,0.0,0.098,13.9335,6.0,0,20.46243291448983,55.0,0.042,0.0,0.0,0.0,0.0,47.223083304454036,optimal
2021-02-13 13:00:00,7,74,2.118145550571296,0.0,0.0,0.15366666666666665,13.293,6.0,0,20.29236792177284,55.0,0.042,7413.509426999535,0.0,0.0,0.0,47.11253871331363,optimal
2021-02-13 13:30:00,7,74,2.2857142857142856,0.0,0.0,0.067,12.1065,6.0,0,20.399717654307906,55.0,0.042,8000.0,0.0,0.0,0.0,47.00210466676437,optimal
2021-02-13 14:00:00,7,74,2.2857142857142856,0.0,0.0,0.067,11.571,6.0,0,20.509557413649578,55.0,0.042,8000.0,0.0,0.0,0.0,46.89178105426165,optimal
2021-02-13 14:30:00,7,74,2.2857142857142856,0.0,0.0,0.067,11.025,6.0,0,20.619304570696954,55.0,0.042,8000.0,0.0,0.0,0.0,46.781567765371435,optimal
2021-02-13 15:00:00,7,74,2.2857142857142856,0.0,0.0,0.1,10.8465,6.0,0,20.728959999964605,55.0,0.042,8000.0,0.0,0.0,0.0,46.67146468977011,optimal
2021-02-13 15:30:00,7,74,2.2857142857142856,0.0,0.0,0.1,11.2455,6.0,0,20.839766695661478,55.0,0.042,8000.0,0.0,0.0,0.0,46.56147171724439,optimal
2021-02-13 16:00:00,7,74,0.0,0.0,0.0,0.0795,23.8665,6.0,0,20.9485895482691,55.0,0.04133333333333333,0.0,0.0,0.0,0.0,46.45158873769119,optimal
2021-02-13 16:30:00,7,74,0.0,0.0,0.0,0.08093333333333334,27.4575,6.0,0,20.756189648327812,55.0,0.03933333333333333,0.0,0.0,0.0,0.0,46.34181564111755,optimal
2021-02-13 17:00:00,7,74,0.0,0.0,0.0,0.2535,27.3735,6.0,0,20.572258958902925,55.0,0.036,0.0,0.0,0.0,0.0,46.23215231764048,optimal
2021-02-13 17:30:00,7,74,0.0,0.0,0.0,0.2602,30.4605,6.0,0,20.411656000374627,55.0,0.020666666666666667,0.0,0.0,0.0,0.0,46.185920165322834,optimal
2021-02-13 18:00:00,7,74,0.0,0.0,0.0,1.7514,30.0195,6.0,0,20.259284939538837,55.0,0.016666666666666666,0.0,0.0,0.0,0.0,46.13973424515751,optimal
2021-02-13 18:30:00,7,74,0.0,0.0,0.0,0.3057333333333333,26.9325,6.0,0,20.135999888701015,55.0,0.014666666666666666,0.0,0.0,0.0,0.0,46.093594510912354,optimal
2021-02-13 19:00:00,7,74,1.0122972485307538,0.0,0.0,0.5109,14.595,6.0,0,20.0,55.0,0.014666666666666666,3543.0403698576383,0.0,0.0,0.0,46.04750091640144,optimal
2021-02-13 19:30:00,7,74,1.0754043848711528,0.0,0.0,0.38289999999999996,12.4845,6.0,0,20.0,55.0,0.014666666666666666,3763.9153470490346,0.0,0.0,0.0,46.00145341548504,optimal
2021-02-13 20:00:00,7,74,1.1118524735925044,0.0,0.0,0.37460000000000004,12.1275,6.0,0,20.0,55.0,0.014666666666666666,3891.4836575737654,0.0,0.0,0.0,45.95545196206955,optimal
2021-02-13 20:30:00,7,74,0.0,0.0,0.0,0.5470333333333333,12.1275,6.0,0,20.0,55.0,0.009333333333333334,0.0,0.0,0.0,0.0,45.90949651010748,optimal
2021-02-13 21:00:00,7,74,0.0,0.0,0.0,0.244,12.789,6.0,0,19.861092945326412,55.0,0.006,0.0,0.0,0.0,0.0,45.863587013597375,optimal
2021-02-13 21:30:00,7,74,0.0,0.0,0.0,0.2982333333333333,11.907,6.0,0,19.71463380824873,55.0,0.0033333333333333335,0.0,0.0,0.0,0.0,45.817723426583775,optimal
2021-02-13 22:00:00,7,74,0.0,0.0,0.0,0.4668,11.025,6.0,0,19.57236466505353,55.0,0.0,0.0,0.0,0.0,0.0,45.771905703157195,optimal
2021-02-13 22:30:00,7,74,0.0398095238095238,0.0,0.0,0.1547666666666667,8.2005,6.0,0,19.434067920264884,55.0,0.0,0.0,0.0,139.33333333333331,0.0,45.72613379745404,optimal
2021-02-13 23:00:00,7,74,0.0,0.0,0.0,0.4512333333333334,9.5655,6.0,0,19.28539411379146,55.0,0.0,0.0,0.0,0.0,0.0,45.68040766365659,optimal
2021-02-13 23:30:00,7,74,0.0,0.0,0.0,0.1242,7.056,6.0,0,19.145683933904976,55.0,0.0,0.0,0.0,0.0,0.0,45.63472725599293,optimal
2021-02-07 00:00:00,8,74,0.0,0.0,0.0,0.21906666666666663,9.261,6.0,0,21.0,55.0,0.12,0.0,0.0,0.0,0.0,47.952,optimal
2021-02-07 00:30:00,8,74,0.0,0.0,0.0,0.057,10.3635,6.0,0,20.847253865693986,55.0,0.12,0.0,0.0,0.0,0.0,47.904047999999996,optimal
2021-02-07 01:00:00,8,74,0.0,0.0,0.0,0.057,8.274,6.0,0,20.688903854668943,55.0,0.12,0.0,0.0,0.0,0.0,47.856143952,optimal
2021-02-07 01:30:00,8,74,0.0,0.0,0.0,0.19696666666666668,7.7175,6.0,0,20.53110295934323,55.0,0.12,0.0,0.0,0.0,0.0,47.80828780804799,optimal
2021-02-07 02:00:00,8,74,0.8326075548944226,0.0,0.0,0.07909999999999999,6.615,6.0,0,20.379584951032502,55.0,0.1478863774366553,0.0,0.0,2914.126442130479,0.0,47.76047952023995,optimal
2021-02-07 02:30:00,8,74,2.4285714285714284,0.0,0.0,0.057,6.174,6.0,0,20.224585750676084,55.0,0.15066666666666667,8209.459775463813,0.0,290.54022453618745,0.0,47.712719040719705,optimal
2021-02-07 03:00:00,8,74,2.4285714285714284,0.0,0.0,0.21906666666666663,3.906,6.0,0,20.37827971704595,55.0,0.15066666666666667,8500.0,0.0,0.0,0.0,47.66500632167899,optimal
2021-02-07 03:30:00,8,74,2.4285714285714284,0.0,0.0,0.057,2.3415,6.0,0,20.546622549443974,55.0,0.15066666666666667,8500.0,0.0,0.0,0.0,47.61734131535731,optimal
2021-02-07 04:00:00,8,74,2.4285714285714284,0.0,0.0,0.16013333333333332,2.205,6.0,0,20.706810362373965,55.0,0.15066666666666667,8500.0,0.0,0.0,0.0,47.56972397404195,optimal
2021-02-07 04:30:00,8,74,2.4285714285714284,0.0,1.3097562750591938,0.11593333333333333,0.882,6.0,0,20.868902137372498,55.0,0.15066666666666667,8500.0,0.0,0.0,0.0,48.144288480721016,optimal
2021-02-07 05:00:00,8,74,2.4285714285714284,0.0,0.0,0.057,1.5435,6.0,0,21.027804805676713,55.0,0.15066666666666667,8500.0,0.0,0.0,0.0,48.096144192240295,optimal
2021-02-07 05:30:00,8,74,2.4285714285714284,0.0,0.0,0.20433333333333328,1.5435,6.0,0,21.18299381036355,55.0,0.15066666666666667,8500.0,0.0,0.0,0.0,48.048048048048045,optimal
2021-02-07 06:00:00,8,74,2.4285714285714284,0.0,0.0,0.07073333333333333,5.0715,6.0,0,21.34226806173575,55.0,0.14133333333333334,8500.0,0.0,0.0,0.0,48.0,optimal
2021-02-07 06:30:00,8,74,2.4285714285714284,0.0,0.0,0.08546666666666666,5.376,6.0,0,21.50442728066423,55.0,0.134,8500.0,0.0,0.0,0.0,47.81189979188727,optimal
2021-02-07 07:00:00,8,74,2.4285714285714284,0.0,0.0,0.38439999999999996,5.0715,6.0,0,21.671119284861792,55.0,0.11066666666666666,8500.0,0.0,0.0,0.0,47.623987683982655,optimal
2021-02-07 07:30:00,8,74,2.4285714285714284,0.0,0.0,0.06266666666666666,5.5125,6.0,0,21.846778117062634,55.0,0.10266666666666667,8500.0,0.0,0.0,0.0,47.43626348818594,optimal
2021-02-07 08:00:00,8,74,1.2432672420140218,0.0,0.0,0.22069999999999998,9.261,6.0,0,22.0,55.0,0.10066666666666667,4351.435347049076,0.0,0.0,0.0,47.24872701658503,optimal
2021-02-07 08:30:00,8,74,1.398648429231854,0.0,0.0,0.07403333333333333,11.7075,6.0,0,22.0,55.0,0.10066666666666667,4895.269502311488,0.0,0.0,0.0,47.061378081455715,optimal
2021-02-07 09:00:00,8,74,0.0,0.0,0.0,0.14803333333333332,12.348,6.0,0,22.0,55.0,0.10066666666666667,0.0,0.0,0.0,0.0,46.87421649526153,optimal
2021-02-07 09:30:00,8,74,0.0,0.0,0.0,0.14736666666666667,12.348,6.0,0,21.81179404591134,55.0,0.09866666666666667,0.0,0.0,0.0,0.0,46.68724207065354,optimal
2021-02-07 10:00:00,8,74,2.4285714285714284,0.0,0.0,0.8758666666666667,12.1275,6.0,0,21.630070601306688,55.0,0.09866666666666667,8500.0,0.0,0.0,0.0,46.50045462047016,optimal
2021-02-07 10:30:00,8,74,0.0,0.0,0.0,0.9252333333333332,12.5265,6.0,0,21.777635809727066,55.0,0.09866666666666667,0.0,0.0,0.0,0.0,46.31385395773696,optimal
2021-02-07 11:00:00,8,74,2.4285714285714284,0.0,0.0,0.14193333333333333,11.7495,6.0,0,21.598704254888528,55.0,0.09866666666666667,8500.0,0.0,0.0,0.0,46.1274398956665,optimal
2021-02-07 11:30:00,8,74,0.0,0.0,0.0,0.33766666666666667,13.23,6.0,0,21.73282426590788,55.0,0.09333333333333334,0.0,0.0,0.0,0.0,45.94121224765811,optimal
2021-02-07 12:00:00,8,74,0.0,0.0,0.0,0.2524333333333333,14.3325,6.0,0,21.557113050080723,55.0,0.09266666666666666,0.0,0.0,0.0,0.0,45.755170827297725,optimal
2021-02-07 12:30:00,8,74,0.0,0.0,0.0,0.19123333333333328,14.994,6.0,0,21.378273316167956,55.0,0.092,0.0,0.0,0.0,0.0,45.5693154483577,optimal
2021-02-07 13:00:00,8,74,0.0,0.0,0.0,0.11456666666666666,14.8155,6.0,0,21.20213639736621,55.0,0.092,0.0,0.0,0.0,0.0,45.38364592479661,optimal
2021-02-07 13:30:00,8,74,0.0,0.0,0.0,0.098,14.112,6.0,0,21.024771288011245,55.0,0.092,0.0,0.0,0.0,0.0,45.19816207075909,optimal
2021-02-07 14:00:00,8,74,0.0,0.0,0.0,0.26053333333333334,14.007,6.0,0,20.84962489322632,55.0,0.092,0.0,0.0,0.0,0.0,45.0128637005756,optimal
2021-02-07 14:30:00,8,74,0.6814519660474323,0.0,0.0,0.16636666666666666,13.23,6.0,0,20.682614735927373,55.0,0.09133333333333334,2385.081881166013,0.0,0.0,0.0,44.827750628762296,optimal
2021-02-07 15:00:00,8,74,2.4285714285714284,0.0,0.0,0.21253333333333332,11.382,6.0,0,20.605488799918884,55.0,0.09133333333333334,8500.0,0.0,0.0,0.0,44.642822670020806,optimal
2021-02-07 15:30:00,8,74,2.4285714285714284,0.0,0.0,0.25680000000000003,11.7495,6.0,0,20.768009386334807,55.0,0.076,8500.0,0.0,0.0,0.0,44.45807963923806,optimal
2021-02-07 16:00:00,8,74,0.0,0.0,0.0,0.2062,24.3285,6.0,0,20.926632862138117,55.0,0.074,0.0,0.0,0.0,0.0,44.27352135148609,optimal
2021-02-07 16:30:00,8,74,0.0,0.0,0.0,0.38976666666666665,28.917,6.0,0,20.764351723609195,55.0,0.07066666666666667,0.0,0.0,0.0,0.0,44.089147622021876,optimal
2021-02-07 17:00:00,8,74,0.0,0.0,0.0,1.6569333333333334,31.3635,6.0,0,20.619237138320038,55.0,0.07,0.0,0.0,0.0,0.0,43.904958266287125,optimal
2021-02-07 17:30:00,8,74,0.0,0.0,0.0,2.086733333333333,33.306,6.0,0,20.48563857800986,55.0,0.07,0.0,0.0,0.0,0.0,43.72095309990811,optimal
2021-02-07 18:00:00,8,74,0.0,0.0,0.0,1.1056,31.3425,6.0,0,20.418579361127666,55.0,0.06666666666666667,0.0,0.0,0.0,0.0,43.537131938695474,optimal
2021-02-07 18:30:00,8,74,0.0,0.0,0.0,0.2258666666666667,28.2555,6.0,0,20.30812103425702,55.0,0.06666666666666667,0.0,0.0,0.0,0.0,43.35349459864405,optimal
2021-02-07 19:00:00,8,74,0.0,0.0,0.0,0.3041666666666667,15.6975,6.0,0,20.14694792082333,55.0,0.05,0.0,0.0,0.0,0.0,43.17004089593268,optimal
2021-02-07 19:30:00,8,74,1.0321907121988334,0.0,0.0,0.14843333333333333,12.5475,6.0,0,20.0,55.0,0.05,3612.6674926959167,0.0,0.0,0.0,42.98677064692402,optimal
2021-02-07 20:00:00,8,74,0.9346954741036101,0.0,0.0,0.31060000000000004,12.0855,6.0,0,20.0,55.0,0.05,3271.4341593626355,0.0,0.0,0.0,42.80368366816437,optimal
2021-02-07 20:30:00,8,74,0.0,0.0,0.0,0.31426666666666664,11.907,6.0,0,20.0,55.0,0.006,0.0,0.0,0.0,0.0,42.760879984496206,optimal
2021-02-07 21:00:00,8,74,0.0,0.0,0.0,0.48869999999999997,12.5685,6.0,0,19.87149679955145,55.0,0.001333333333333333,0.0,0.0,0.0,0.0,42.71811910451171,optimal
2021-02-07 21:30:00,8,74,0.0,0.0,0.0,0.334,13.146,6.0,0,19.75910217428905,55.0,0.0006666666666666665,0.0,0.0,0.0,0.0,42.675400985407194,optimal
2021-02-07 22:00:00,8,74,0.0,0.0,0.0,0.48733333333333334,10.584,6.0,0,19.63903143357058,55.0,0.0006666666666666665,0.0,0.0,0.0,0.0,42.632725584421785,optimal
2021-02-07 22:30:00,8,74,0.0,0.0,0.0,0.19503333333333334,6.678,6.0,0,19.528873407643992,55.0,0.0,0.0,0.0,0.0,0.0,42.590092858837366,optimal
2021-02-07 23:00:00,8,74,0.0,0.0,0.0,0.2394333333333333,7.938,6.0,0,19.402117515795652,55.0,0.0,0.0,0.0,0.0,0.0,42.54750276597853,optimal
2021-02-07 23:30:00,8,74,0.0,0.0,0.0,0.2357,5.292,6.0,0,19.275994900896176,55.0,0.0,0.0,0.0,0.0,0.0,42.50495526321255,optimal
2021-02-08 00:00:00,8,74,2.4285714285714284,0.0,0.0,0.054,5.9745,6.0,0,19.275994900896176,55.0,0.0,8500.0,0.0,0.0,0.0,42.46245030794934,optimal
2021-02-08 00:30:00,8,74,2.4285714285714284,0.0,0.0,0.15153333333333333,7.938,6.0,0,19.439060781790502,55.0,0.08133971291866028,0.0,0.0,8500.0,0.0,42.41998785764139,optimal
2021-02-08 01:00:00,8,74,2.4285714285714284,0.0,0.0,0.1812,8.6835,6.0,0,19.28431979880063,55.0,0.08999999999999998,7595.000000000002,0.0,904.999999999998,0.0,42.377567869783746,optimal
2021-02-08 01:30:00,8,74,2.4285714285714284,0.0,0.0,0.09620000000000001,7.665,6.0,0,19.418030624950184,55.0,0.08999999999999998,8500.0,0.0,0.0,0.0,42.33519030191396,optimal
2021-02-08 02:00:00,8,74,2.4285714285714284,0.0,0.0,0.18706666666666663,6.7725,6.0,0,19.580877736472328,55.0,0.08999999999999998,8500.0,0.0,0.0,0.0,42.29285511161205,optimal
2021-02-08 02:30:00,8,74,2.4285714285714284,0.0,0.0,0.16,5.5755,6.0,0,19.745142061773393,55.0,0.08999999999999998,8500.0,0.0,0.0,0.0,42.25056225650044,optimal
2021-02-08 03:00:00,8,74,2.4285714285714284,0.0,3.8942254075348166,0.15153333333333333,5.0925,6.0,0,19.90731227688954,55.0,0.08999999999999998,8500.0,0.0,0.0,0.0,44.05806876282297,optimal
2021-02-08 03:30:00,8,74,2.4285714285714284,0.0,9.0,0.14586666666666667,4.1895,6.0,0,20.068108200547567,55.0,0.08999999999999998,8500.0,0.0,0.0,0.0,48.289010694060146,optimal
2021-02-08 04:00:00,8,74,2.4285714285714284,0.0,0.0,0.1176,7.056,6.0,0,20.226707086828306,55.0,0.08999999999999998,8500.0,0.0,0.0,0.0,48.240721683366075,optimal
2021-02-08 04:30:00,8,74,2.4285714285714284,0.0,0.0,0.15153333333333333,5.271,6.0,0,20.382278938156468,55.0,0.08999999999999998,8500.0,0.0,0.0,0.0,48.192480961682705,optimal
2021-02-08 05:00:00,8,74,2.4285714285714284,0.0,0.0,0.20946666666666666,7.938,6.0,0,20.53672293858926,55.0,0.08999999999999998,8500.0,0.0,0.0,0.0,48.144288480721016,optimal
2021-02-08 05:30:00,8,74,2.4285714285714284,0.0,0.0,0.052,7.938,6.0,0,20.690953071874294,55.0,0.08999999999999998,8500.0,0.0,0.0,0.0,48.096144192240295,optimal
2021-02-08 06:00:00,8,74,2.4285714285714284,0.0,0.0,0.24076666666666668,11.907,6.0,0,20.845322692093422,55.0,0.08466666666666665,8500.0,0.0,0.0,0.0,48.048048048048045,optimal
2021-02-08 06:30:00,8,74,2.4285714285714284,0.0,0.0,0.3488,11.025,6.0,0,21.015928035553948,55.0,0.08399999999999999,8500.0,0.0,0.0,0.0,48.0,optimal
2021-02-08 07:00:00,8,74,2.4285714285714284,0.0,0.0,1.046266666666667,11.2875,6.0,0,21.186276610098314,55.0,0.032,8500.0,0.0,0.0,0.0,47.74296649862629,optimal
2021-02-08 07:30:00,8,74,0.0,0.0,0.0,0.19466666666666663,12.936,6.0,0,21.35134470806526,55.0,0.029333333333333333,0.0,0.0,0.0,0.0,47.48619003075395,optimal
2021-02-08 08:00:00,8,74,0.0,0.0,0.0,0.142,13.0095,6.0,0,21.195412694945205,55.0,0.029333333333333333,0.0,0.0,0.0,0.0,47.22967033934949,optimal
2021-02-08 08:30:00,8,74,0.0,0.0,0.0,0.16153333333333333,13.671,6.0,0,21.024959784687336,55.0,0.029333333333333333,0.0,0.0,0.0,0.0,46.97340716763643,optimal
2021-02-08 09:00:00,8,74,0.0,0.0,0.0,0.21946666666666667,13.188,6.0,0,20.83888288142811,55.0,0.029333333333333333,0.0,0.0,0.0,0.0,46.717400259095086,optimal
2021-02-08 09:30:00,8,74,0.0,0.0,0.0,0.064,13.8495,6.0,0,20.655796660276618,55.0,0.029333333333333333,0.0,0.0,0.0,0.0,46.46164935746228,optimal
2021-02-08 10:00:00,8,74,2.4285714285714284,0.0,0.0,0.26753333333333335,13.23,6.0,0,20.469993191580375,55.0,0.029333333333333333,8500.0,0.0,0.0,0.0,46.20615420673111,optimal
2021-02-08 10:30:00,8,74,0.5420941190785388,0.0,0.0,0.11346666666666669,13.3665,6.0,0,20.61495444805681,55.0,0.029333333333333333,1897.3294167748859,0.0,0.0,0.0,45.95091455115067,optimal
2021-02-08 11:00:00,8,74,2.4285714285714284,0.0,0.0,0.148,13.0515,6.0,0,20.50281354117492,55.0,0.029333333333333333,8500.0,0.0,0.0,0.0,45.69593013522581,optimal
2021-02-08 11:30:00,8,74,2.4285714285714284,0.0,0.0,0.233,13.5345,6.0,0,20.640143437807758,55.0,0.029333333333333333,8500.0,0.0,0.0,0.0,45.44120070371687,optimal
2021-02-08 12:00:00,8,74,0.0,0.0,0.0,0.064,14.154,6.0,0,20.780321468092573,55.0,0.029333333333333333,0.0,0.0,0.0,0.0,45.18672600163945,optimal
2021-02-08 12:30:00,8,74,0.0,0.0,0.0,1.2594333333333334,14.112,6.0,0,20.59381667478393,55.0,0.028666666666666667,0.0,0.0,0.0,0.0,44.9325057742641,optimal
2021-02-08 13:00:00,8,74,0.0,0.0,0.0,1.0684,14.2485,6.0,0,20.43689156881833,55.0,0.02666666666666667,0.0,0.0,0.0,0.0,44.67853976711613,optimal
2021-02-08 13:30:00,8,74,2.4285714285714284,0.0,0.0,2.829,12.789,6.0,0,20.29956546588788,55.0,0.026,8500.0,0.0,0.0,0.0,44.4248277259753,optimal
2021-02-08 14:00:00,8,74,2.4285714285714284,0.0,0.0,1.2653666666666665,13.0095,6.0,0,20.528697070327738,55.0,0.025333333333333333,8500.0,0.0,0.0,0.0,44.17136939687561,optimal
2021-02-08 14:30:00,8,74,2.4285714285714284,0.0,0.0,0.6028666666666667,12.1275,6.0,0,20.701962588168715,55.0,0.025333333333333333,8500.0,0.0,0.0,0.0,43.91816452610502,optimal
2021-02-08 15:00:00,8,74,2.4285714285714284,0.0,0.0,0.132,12.348,6.0,0,20.869761901822972,55.0,0.024666666666666667,8500.0,0.0,0.0,0.0,43.66521286020521,optimal
2021-02-08 15:30:00,8,74,2.4285714285714284,0.0,0.0,0.317,12.348,6.0,0,21.02061593735467,55.0,0.024666666666666667,8500.0,0.0,0.0,0.0,43.41251414597129,optimal
2021-02-08 16:00:00,8,74,0.0,0.0,0.0,0.064,25.389,6.0,0,21.164610064490947,55.0,0.024666666666666667,0.0,0.0,0.0,0.0,43.16006813045161,optimal
2021-02-08 16:30:00,8,74,0.0,0.0,0.0,0.07726666666666666,29.1375,6.0,0,20.978253121309052,55.0,0.024666666666666667,0.0,0.0,0.0,0.0,42.90787456094745,optimal
2021-02-08 17:00:00,8,74,0.0,0.0,0.0,0.30106666666666665,30.597,6.0,0,20.794958470205493,55.0,0.02,0.0,0.0,0.0,0.0,42.65593318501279,optimal
2021-02-08 17:30:00,8,74,0.0,0.0,0.0,0.13133333333333333,33.684,6.0,0,20.639023032541203,55.0,0.016,0.0,0.0,0.0,0.0,42.40424375045407,optimal
2021-02-08 18:00:00,8,74,0.0,0.0,0.0,0.2774,32.445,6.0,0,20.475784720395946,55.0,0.013333333333333334,0.0,0.0,0.0,0.0,42.15280600532991,optimal
2021-02-08 18:30:00,8,74,0.0,0.0,0.0,0.3370666666666667,28.917,6.0,0,20.31634340780337,55.0,0.012,0.0,0.0,0.0,0.0,41.90161969795086,optimal
2021-02-08 19:00:00,8,74,0.0,0.0,0.0,0.24866666666666662,15.876,6.0,0,20.15636121898534,55.0,0.007333333333333332,0.0,0.0,0.0,0.0,41.6506845768792,optimal
2021-02-08 19:30:00,8,74,1.0822061069300868,0.0,0.0,0.2507,12.348,6.0,0,20.0,55.0,0.007333333333333332,3787.721374255304,0.0,0.0,0.0,41.40000039092861,optimal
2021-02-08 20:00:00,8,74,0.7843363352502163,0.0,0.0,2.0174000000000003,12.1275,6.0,0,20.0,55.0,0.006666666666666665,2745.177173375757,0.0,0.0,0.0,41.14956688916397,optimal
2021-02-08 20:30:00,8,74,0.0,0.0,0.0,0.7763333333333333,12.348,6.0,0,20.0,55.0,0.005333333333333332,0.0,0.0,0.0,0.0,40.89938382090109,optimal
2021-02-08 21:00:00,8,74,0.0,0.0,0.0,2.265233333333333,12.1275,6.0,0,19.868411678041028,55.0,0.002666666666666666,0.0,0.0,0.0,0.0,40.64945093570648,optimal
2021-02-08 21:30:00,8,74,0.0,0.0,0.0,0.3374,12.1275,6.0,0,19.78397565916745,55.0,0.0,0.0,0.0,0.0,0.0,40.39976798339707,optimal
2021-02-08 22:00:00,8,74,0.0,0.0,0.0,0.38646666666666657,11.2665,6.0,0,19.6415036297014,55.0,0.0,0.0,0.0,0.0,0.0,40.359368215413674,optimal
2021-02-08 22:30:00,8,74,0.0199047619047619,0.0,0.0,0.43746666666666656,10.143,6.0,0,19.50718286260744,55.0,0.0,0.0,0.0,69.66666666666666,0.0,40.31900884719826,optimal
2021-02-08 23:00:00,8,74,0.0,0.0,0.0,0.1267,11.2455,6.0,0,19.377622914052306,55.0,0.0,0.0,0.0,0.0,0.0,40.27868983835106,optimal
2021-02-08 23:30:00,8,74,0.0,0.0,0.0,0.09516666666666669,11.025,6.0,0,19.2114585931027,55.0,0.0,0.0,0.0,0.0,0.0,40.23841114851271,optimal
2021-02-09 00:00:00,8,74,2.4285714285714284,0.0,9.0,0.04,10.584,6.0,0,19.2114585931027,55.0,0.0,8500.0,0.0,0.0,0.0,44.473172737364195,optimal
2021-02-09 00:30:00,8,74,2.4285714285714284,0.0,0.0,0.07709999999999999,11.2455,6.0,0,19.366206708953335,55.0,0.036,4738.0,0.0,3762.0,0.0,44.42869956462683,optimal
2021-02-09 01:00:00,8,74,2.4285714285714284,0.0,0.0,0.1759,12.1275,6.0,0,19.379762303614314,55.0,0.036,8500.0,0.0,0.0,0.0,44.384270865062206,optimal
2021-02-09 01:30:00,8,74,2.4285714285714284,0.0,0.0,0.0693,11.823,6.0,0,19.53898296408792,55.0,0.036,8500.0,0.0,0.0,0.0,44.33988659419715,optimal
2021-02-09 02:00:00,8,74,2.4285714285714284,0.0,0.0,0.1837,11.7705,6.0,0,19.691751703354722,55.0,0.036,8500.0,0.0,0.0,0.0,44.29554670760295,optimal
2021-02-09 02:30:00,8,74,2.4285714285714284,0.0,0.0,0.0668,11.13,6.0,0,19.84644776941464,55.0,0.036,8500.0,0.0,0.0,0.0,44.25125116089535,optimal
2021-02-09 03:00:00,8,74,2.4285714285714284,0.0,0.0,0.1248,11.6865,6.0,0,19.995758405949914,55.0,0.036,8500.0,0.0,0.0,0.0,44.206999909734456,optimal
2021-02-09 03:30:00,8,74,2.4285714285714284,0.0,0.0,0.061200000000000004,10.7205,6.0,0,20.146317601570626,55.0,0.036,8500.0,0.0,0.0,0.0,44.162792909824724,optimal
2021-02-09 04:00:00,8,74,2.4285714285714284,0.0,0.0,0.12040000000000001,11.424,6.0,0,20.294007068564408,55.0,0.036,8500.0,0.0,0.0,0.0,44.1186301169149,optimal
2021-02-09 04:30:00,8,74,2.4285714285714284,0.0,8.7709688348802,0.1354,10.689,6.0,0,20.443476055583044,55.0,0.036,8500.0,0.0,0.0,0.0,48.240721683366075,optimal
2021-02-09 05:00:00,8,74,2.4285714285714284,0.0,0.0,0.0506,11.361,6.0,0,20.591161965619506,55.0,0.036,8500.0,0.0,0.0,0.0,48.192480961682705,optimal
2021-02-09 05:30:00,8,74,2.4285714285714284,0.0,0.0,0.1999,11.571,6.0,0,20.733325065725776,55.0,0.036,8500.0,0.0,0.0,0.0,48.144288480721016,optimal
2021-02-09 06:00:00,8,74,0.0,0.0,0.0,0.07583333333333332,14.3745,6.0,0,20.87977002181789,55.0,0.036,0.0,0.0,0.0,0.0,48.096144192240295,optimal
2021-02-09 06:30:00,8,74,2.4285714285714284,0.0,0.0,0.13126666666666667,13.23,6.0,0,20.699872103405948,55.0,0.036,8500.0,0.0,0.0,0.0,48.048048048048045,optimal
2021-02-09 07:00:00,8,74,0.0,0.0,0.0,0.28346666666666664,13.9755,6.0,0,20.8433772042238,55.0,0.028,0.0,0.0,0.0,0.0,48.0,optimal
2021-02-09 07:30:00,8,74,0.0,0.0,0.0,0.3526666666666667,14.994,6.0,0,20.677697216672655,55.0,0.024666666666666667,0.0,0.0,0.0,0.0,47.87976372667157,optimal
2021-02-09 08:00:00,8,74,2.4285714285714284,0.0,0.0,0.6322333333333333,13.671,6.0,0,20.512065700305964,55.0,0.024,8500.0,0.0,0.0,0.0,47.75964768961647,optimal
2021-02-09 08:30:00,8,74,0.0,0.0,0.0,0.293,15.981,6.0,0,20.673748004604498,55.0,0.020666666666666667,0.0,0.0,0.0,0.0,47.639651768598426,optimal
2021-02-09 09:00:00,8,74,0.0,0.0,0.0,0.4602,15.6345,6.0,0,20.502012023800592,55.0,0.018,0.0,0.0,0.0,0.0,47.5197758435014,optimal
2021-02-09 09:30:00,8,74,0.0,0.0,0.0,0.505,16.5375,6.0,0,20.33948436808977,55.0,0.018,0.0,0.0,0.0,0.0,47.40001979432947,optimal
2021-02-09 10:00:00,8,74,0.988266543885256,0.0,0.0,1.7515,14.7735,6.0,0,20.181376180296542,55.0,0.016,3458.932903598396,0.0,0.0,0.0,47.28038350120671,optimal
2021-02-09 10:30:00,8,74,0.0,0.0,0.0,0.3629,15.2145,6.0,0,20.1598618148198,55.0,0.016,0.0,0.0,0.0,0.0,47.16086684437707,optimal
2021-02-09 11:00:00,8,74,2.4285714285714284,0.0,0.0,0.1709,14.553,6.0,0,20.0,55.0,0.016,8500.0,0.0,0.0,0.0,47.04146970420426,optimal
2021-02-09 11:30:00,8,74,2.4285714285714284,0.0,0.0,0.1456,14.3325,6.0,0,20.147059308930967,55.0,0.016,8500.0,0.0,0.0,0.0,46.92219196117163,optimal
2021-02-09 12:00:00,8,74,2.4285714285714284,0.0,0.0,0.24869999999999998,14.595,6.0,0,20.291897591875138,55.0,0.016,8500.0,0.0,0.0,0.0,46.803033495882026,optimal
2021-02-09 12:30:00,8,74,0.09033854607024633,0.0,0.0,0.31439999999999996,14.994,6.0,0,20.439040556834286,55.0,0.013333333333333334,316.1849112458621,0.0,0.0,0.0,46.683994189057714,optimal
2021-02-09 13:00:00,8,74,2.4285714285714284,0.0,0.0,0.3645333333333334,14.3325,6.0,0,20.29896470154711,55.0,0.011333333333333334,8500.0,0.0,0.0,0.0,46.565073921540225,optimal
2021-02-09 13:30:00,8,74,2.4285714285714284,0.0,0.0,0.3460666666666667,13.8915,6.0,0,20.464088671750016,55.0,0.011333333333333334,8500.0,0.0,0.0,0.0,46.446272574290255,optimal
2021-02-09 14:00:00,8,74,2.4285714285714284,0.0,0.0,0.388,13.8915,6.0,0,20.62261611497513,55.0,0.011333333333333334,8500.0,0.0,0.0,0.0,46.32759002838753,optimal
2021-02-09 14:30:00,8,74,2.4285714285714284,0.0,0.0,0.3516,13.4715,6.0,0,20.784335390785273,55.0,0.011333333333333334,8500.0,0.0,0.0,0.0,46.209026165030714,optimal
2021-02-09 15:00:00,8,74,2.4285714285714284,0.0,0.0,0.05,13.23,6.0,0,20.945552795733015,55.0,0.011333333333333334,8500.0,0.0,0.0,0.0,46.090580865537255,optimal
2021-02-09 15:30:00,8,74,2.4285714285714284,0.0,0.0,0.17416666666666666,13.8915,6.0,0,21.07980431344325,55.0,0.011333333333333334,8500.0,0.0,0.0,0.0,45.97225401134329,optimal
2021-02-09 16:00:00,8,74,0.0,0.0,0.0,0.3947,26.9325,6.0,0,21.217466111848193,55.0,0.010666666666666666,0.0,0.0,0.0,0.0,45.854045484003514,optimal
2021-02-09 16:30:00,8,74,0.0,0.0,0.0,0.16253333333333334,30.303,6.0,0,21.049893621545795,55.0,0.01,0.0,0.0,0.0,0.0,45.73595516519108,optimal
2021-02-09 17:00:00,8,74,0.0,0.0,0.0,0.2079333333333333,32.886,6.0,0,20.873634762073795,55.0,0.01,0.0,0.0,0.0,0.0,45.61798293669746,optimal
2021-02-09 17:30:00,8,74,0.0,0.0,0.0,0.0606,34.9965,6.0,0,20.692682113591875,55.0,0.01,0.0,0.0,0.0,0.0,45.50012868043233,optimal
2021-02-09 18:00:00,8,74,0.0,0.0,0.0,0.05,33.327,6.0,0,20.50694560075619,55.0,0.01,0.0,0.0,0.0,0.0,45.382392278423474,optimal
2021-02-09 18:30:00,8,74,0.0,0.0,0.0,0.2537333333333333,31.122,6.0,0,20.321616940948015,55.0,0.01,0.0,0.0,0.0,0.0,45.26477361281662,optimal
2021-02-09 19:00:00,8,74,0.0,0.0,0.0,0.3163333333333333,17.9025,6.0,0,20.151792467943395,55.0,0.008,0.0,0.0,0.0,0.0,45.147272565875376,optimal
2021-02-09 19:30:00,8,74,1.0795282725958246,0.0,0.0,0.3529,15.6555,6.0,0,20.0,55.0,0.006666666666666667,3778.348954085386,0.0,0.0,0.0,45.02988901998107,optimal
2021-02-09 20:00:00,8,74,0.9708711297386757,0.0,0.0,0.5507000000000001,14.553,6.0,0,20.0,55.0,0.0033333333333333327,3398.048954085365,0.0,0.0,0.0,44.91262285763266,optimal
2021-02-09 20:30:00,8,74,0.0,0.0,0.0,0.5132000000000001,14.3325,6.0,0,20.0,55.0,0.0006666666666666665,0.0,0.0,0.0,0.0,44.7954739614466,optimal
2021-02-09 21:00:00,8,74,0.0,0.0,0.0,0.6192000000000001,13.335,6.0,0,19.867309374320786,55.0,0.0,0.0,0.0,0.0,0.0,44.67844221415673,optimal
2021-02-09 21:30:00,8,74,0.05971428571428571,0.0,0.0,0.452,12.1275,6.0,0,19.73292517584391,55.0,0.0,0.0,0.0,209.0,0.0,44.56152749861415,optimal
2021-02-09 22:00:00,8,74,0.0,0.0,0.0,0.42760000000000004,12.2955,6.0,0,19.58927120959565,55.0,0.0,0.0,0.0,0.0,0.0,44.4447296977871,optimal
2021-02-09 22:30:00,8,74,0.13933333333333334,0.0,0.0,0.2347,11.6865,6.0,0,19.443127175802346,55.0,0.0,0.0,0.0,487.6666666666667,0.0,44.32804869476089,optimal
2021-02-09 23:00:00,8,74,0.17914285714285713,0.0,0.0,0.7356333333333334,11.466,6.0,0,19.295043628234673,55.0,0.0,0.0,0.0,627.0,0.0,44.28372064606613,optimal
2021-02-09 23:30:00,8,74,0.0,0.0,0.0,0.26239999999999997,10.8045,6.0,0,19.16998813801492,55.0,0.0,0.0,0.0,0.0,0.0,44.239436925420065,optimal
2021-02-10 00:00:00,8,74,2.4285714285714284,0.0,0.0,0.07,10.8045,6.0,0,19.16998813801492,55.0,0.0,8500.0,0.0,0.0,0.0,44.19519748849464,optimal
2021-02-10 00:30:00,8,74,2.4285714285714284,0.0,0.0,0.073,11.508,6.0,0,19.324008476817,55.0,0.051333333333333335,3135.666666666667,0.0,5364.333333333333,0.0,44.15100229100615,optimal
2021-02-10 01:00:00,8,74,2.4285714285714284,0.0,0.0,0.073,11.508,6.0,0,19.27372259112458,55.0,0.051333333333333335,8500.0,0.0,0.0,0.0,44.10685128871514,optimal
2021-02-10 01:30:00,8,74,2.4285714285714284,0.0,0.0,0.073,11.508,6.0,0,19.424884569599076,55.0,0.051333333333333335,8500.0,0.0,0.0,0.0,44.062744437426424,optimal
2021-02-10 02:00:00,8,74,2.4285714285714284,0.0,0.0,0.073,11.844,6.0,0,19.573682932659775,55.0,0.051333333333333335,8500.0,0.0,0.0,0.0,44.018681692989,optimal
2021-02-10 02:30:00,8,74,2.4285714285714284,0.0,0.0,0.073,11.508,6.0,0,19.72013992363291,55.0,0.051333333333333335,8500.0,0.0,0.0,0.0,43.97466301129601,optimal
2021-02-10 03:00:00,8,74,2.4285714285714284,0.0,0.0,0.066,11.508,6.0,0,19.865218648662193,55.0,0.051333333333333335,8500.0,0.0,0.0,0.0,43.93068834828471,optimal
2021-02-10 03:30:00,8,74,2.4285714285714284,0.0,9.0,0.063,10.4475,6.0,0,20.008932078224483,55.0,0.051333333333333335,8500.0,0.0,0.0,0.0,48.16175765993643,optimal
2021-02-10 04:00:00,8,74,2.4285714285714284,0.0,0.0,0.063,10.8675,6.0,0,20.15129306073509,55.0,0.051333333333333335,8500.0,0.0,0.0,0.0,48.113595902276494,optimal
2021-02-10 04:30:00,8,74,2.4285714285714284,0.0,0.47058607933880275,0.063,10.542,6.0,0,20.292314323696466,55.0,0.051333333333333335,8500.0,0.0,0.0,0.0,48.289010694060146,optimal
2021-02-10 05:00:00,8,74,2.4285714285714284,0.0,0.0,0.063,11.025,6.0,0,20.431067402692868,55.0,0.051333333333333335,8500.0,0.0,0.0,0.0,48.240721683366075,optimal
2021-02-10 05:30:00,8,74,2.4285714285714284,0.0,0.0,0.063,11.025,6.0,0,20.567573642971745,55.0,0.051333333333333335,8500.0,0.0,0.0,0.0,48.192480961682705,optimal
2021-02-10 06:00:00,8,74,2.4285714285714284,0.0,0.0,0.06233333333333334,14.553,6.0,0,20.70185418890637,55.0,0.050666666666666665,8500.0,0.0,0.0,0.0,48.144288480721016,optimal
2021-02-10 06:30:00,8,74,2.4285714285714284,0.0,0.0,0.063,13.0935,6.0,0,20.834947531655715,55.0,0.050666666666666665,8500.0,0.0,0.0,0.0,48.096144192240295,optimal
2021-02-10 07:00:00,8,74,2.4285714285714284,0.0,0.0,0.061,15.6345,6.0,0,20.967652968548904,55.0,0.04733333333333333,8500.0,0.0,0.0,0.0,48.048048048048045,optimal
2021-02-10 07:30:00,8,74,0.0,0.0,0.0,0.068,18.102,6.0,0,21.110477079328124,55.0,0.044,0.0,0.0,0.0,0.0,48.0,optimal
2021-02-10 08:00:00,8,74,0.0,0.0,0.0,1.6693,17.199,6.0,0,20.938418733443093,55.0,0.042,0.0,0.0,0.0,0.0,47.71634147364354,optimal
2021-02-10 08:30:00,8,74,0.0,0.0,0.0,1.0683333333333334,18.2805,6.0,0,20.78514809399179,55.0,0.04,0.0,0.0,0.0,0.0,47.432966605813434,optimal
2021-02-10 09:00:00,8,74,0.0,0.0,0.0,3.2321666666666666,17.4615,6.0,0,20.63119503893052,55.0,0.03866666666666667,0.0,0.0,0.0,0.0,47.14987511285116,optimal
2021-02-10 09:30:00,8,74,0.0,0.0,0.0,1.1344666666666667,18.3225,6.0,0,20.4847911750219,55.0,0.03866666666666667,0.0,0.0,0.0,0.0,46.86706671138185,optimal
2021-02-10 10:00:00,8,74,0.0,0.0,0.0,0.14933333333333335,17.094,6.0,0,20.31372405909904,55.0,0.03866666666666667,0.0,0.0,0.0,0.0,46.584541118314014,optimal
2021-02-10 10:30:00,8,74,0.23578801473472416,0.0,0.0,0.1725,17.094,6.0,0,20.13795413670456,55.0,0.03866666666666667,825.2580515715346,0.0,0.0,0.0,46.30229805083924,optimal
2021-02-10 11:00:00,8,74,2.2480522901251887,0.0,0.0,2.014,17.094,6.0,0,20.0,55.0,0.03866666666666667,7868.183015438161,0.0,0.0,0.0,46.02033722643194,optimal
2021-02-10 11:30:00,8,74,0.0,0.0,0.0,3.492633333333333,17.3565,6.0,0,20.14961928981461,55.0,0.035333333333333335,0.0,0.0,0.0,0.0,45.73865836284905,optimal
2021-02-10 12:00:00,8,74,2.4285714285714284,0.0,0.0,1.3845,17.115,6.0,0,20.0,55.0,0.035333333333333335,8500.0,0.0,0.0,0.0,45.45726117812974,optimal
2021-02-10 12:30:00,8,74,2.4285714285714284,0.0,0.0,0.15503333333333333,17.241,6.0,0,20.151039099528724,55.0,0.035333333333333335,8500.0,0.0,0.0,0.0,45.17614539059515,optimal
2021-02-10 13:00:00,8,74,2.4285714285714284,0.0,0.0,0.214,17.094,6.0,0,20.29138372058408,55.0,0.035333333333333335,8500.0,0.0,0.0,0.0,44.8953107188481,optimal
2021-02-10 13:30:00,8,74,2.4285714285714284,0.0,0.0,0.1008,16.5165,6.0,0,20.430869068412544,55.0,0.035333333333333335,8500.0,0.0,0.0,0.0,44.61475688177279,optimal
2021-02-10 14:00:00,8,74,1.61661905962649,0.0,0.0,0.063,17.8185,6.0,0,20.57007172387671,55.0,0.035333333333333335,5658.1667086927155,0.0,0.0,0.0,44.33448359853456,optimal
2021-02-10 14:30:00,8,74,2.4285714285714284,0.0,0.0,0.063,17.094,6.0,0,20.60259419204159,55.0,0.035333333333333335,8500.0,0.0,0.0,0.0,44.05449058857957,optimal
2021-02-10 15:00:00,8,74,2.4285714285714284,0.0,0.0,0.07,16.8945,6.0,0,20.74177837257027,55.0,0.035333333333333335,8500.0,0.0,0.0,0.0,43.77477757163453,optimal
2021-02-10 15:30:00,8,74,2.4285714285714284,0.0,0.0,0.073,18.123,6.0,0,20.879652727281428,55.0,0.035333333333333335,8500.0,0.0,0.0,0.0,43.495344267706436,optimal
2021-02-10 16:00:00,8,74,0.0,0.0,0.0,0.3339,31.647,6.0,0,21.0143474405613,55.0,0.030666666666666665,0.0,0.0,0.0,0.0,43.21619039708227,optimal
2021-02-10 16:30:00,8,74,0.0,0.0,0.0,2.9317333333333333,34.9965,6.0,0,20.847729187953753,55.0,0.027333333333333334,0.0,0.0,0.0,0.0,42.93731568032873,optimal
2021-02-10 17:00:00,8,74,0.0,0.0,0.0,1.3537666666666668,34.9965,6.0,0,20.731082621175613,55.0,0.022,0.0,0.0,0.0,0.0,42.658719838291944,optimal
2021-02-10 17:30:00,8,74,0.0,0.0,0.0,0.4892666666666666,34.9965,6.0,0,20.58370768440443,55.0,0.015333333333333332,0.0,0.0,0.0,0.0,42.38040259209719,optimal
2021-02-10 18:00:00,8,74,0.0,0.0,0.0,0.398,34.9965,6.0,0,20.433533818440104,55.0,0.012,0.0,0.0,0.0,0.0,42.10236366314864,optimal
2021-02-10 18:30:00,8,74,0.0,0.0,0.0,0.3716666666666667,34.9965,6.0,0,20.287928998619645,55.0,0.006666666666666667,0.0,0.0,0.0,0.0,41.82460277312903,optimal
2021-02-10 19:00:00,8,74,0.0,0.0,0.0,1.4361,27.741,6.0,0,20.144005338424265,55.0,0.006666666666666667,0.0,0.0,0.0,0.0,41.547119643999444,optimal
2021-02-10 19:30:00,8,74,0.9175441370008194,0.0,0.0,1.061,19.026,6.0,0,20.0,55.0,0.005333333333333333,3211.404479502868,0.0,0.0,0.0,41.50557252435544,optimal
2021-02-10 20:00:00,8,74,0.974459596899456,0.0,0.0,0.8230333333333333,18.7215,6.0,0,20.0,55.0,0.0033333333333333335,3410.608589148096,0.0,0.0,0.0,41.464066951831086,optimal
2021-02-10 20:30:00,8,74,0.0,0.0,0.0,0.35113333333333335,17.4195,6.0,0,20.0,55.0,0.0026666666666666666,0.0,0.0,0.0,0.0,41.422602884879254,optimal
2021-02-10 21:00:00,8,74,0.0,0.0,0.0,0.398,16.758,6.0,0,19.851481877227762,55.0,0.0006666666666666665,0.0,0.0,0.0,0.0,41.381180281994375,optimal
2021-02-10 21:30:00,8,74,0.0,0.0,0.0,0.5808,14.217,6.0,0,19.706082807648592,55.0,0.0,0.0,0.0,0.0,0.0,41.33979910171238,optimal
2021-02-10 22:00:00,8,74,0.0,0.0,0.0,0.1565,13.3665,6.0,0,19.5533286131734,55.0,0.0,0.0,0.0,0.0,0.0,41.29845930261067,optimal
2021-02-10 22:30:00,8,74,0.2587619047619047,0.0,0.0,1.0864,12.789,6.0,0,19.377198489935836,55.0,0.0,0.0,0.0,905.6666666666665,0.0,41.25716084330806,optimal
2021-02-10 23:00:00,8,74,0.0,0.0,0.0,0.2365,11.907,6.0,0,19.19676674464774,55.0,0.0,0.0,0.0,0.0,0.0,41.21590368246475,optimal
2021-02-10 23:30:00,8,74,0.0,0.0,0.0,0.24256666666666662,11.7075,6.0,0,19.016304389903578,55.0,0.0,0.0,0.0,0.0,0.0,41.174687778782285,optimal
2021-02-11 00:00:00,8,74,2.4285714285714284,0.0,0.0,0.052,11.025,6.0,0,19.016304389903578,55.0,0.0,8500.0,0.0,0.0,0.0,41.1335130910035,optimal
2021-02-11 00:30:00,8,74,2.4285714285714284,0.0,0.0,0.074,12.0855,6.0,0,19.132874630366715,55.0,0.07266666666666667,906.333333333333,0.0,7593.666666666667,0.0,41.092379577912496,optimal
2021-02-11 01:00:00,8,74,2.4285714285714284,0.0,0.0,0.151,11.6865,6.0,0,18.964288289826026,55.0,0.07266666666666667,8500.0,0.0,0.0,0.0,41.051287198334585,optimal
2021-02-11 01:30:00,8,74,2.4285714285714284,0.0,0.0,0.052,11.2245,6.0,0,19.08695658426365,55.0,0.07266666666666667,8500.0,0.0,0.0,0.0,41.01023591113625,optimal
2021-02-11 02:00:00,8,74,2.4285714285714284,0.0,0.0,0.052,11.025,6.0,0,19.20474408089354,55.0,0.07266666666666667,8500.0,0.0,0.0,0.0,40.96922567522511,optimal
2021-02-11 02:30:00,8,74,2.4285714285714284,0.0,0.0,0.1455,10.7835,6.0,0,19.321423112204446,55.0,0.07266666666666667,8500.0,0.0,0.0,0.0,40.928256449549885,optimal
2021-02-11 03:00:00,8,74,2.4285714285714284,0.0,0.0,0.0795,11.025,6.0,0,19.439582415912785,55.0,0.07266666666666667,8500.0,0.0,0.0,0.0,40.88732819310034,optimal
2021-02-11 03:30:00,8,74,2.4285714285714284,0.0,6.854168565998951,0.0795,10.584,6.0,0,19.553204416079264,55.0,0.07266666666666667,8500.0,0.0,0.0,0.0,44.10217093375673,optimal
2021-02-11 04:00:00,8,74,2.4285714285714284,0.0,0.0,0.1455,11.025,6.0,0,19.668109831611666,55.0,0.07266666666666667,8500.0,0.0,0.0,0.0,44.05806876282297,optimal
2021-02-11 04:30:00,8,74,2.4285714285714284,0.0,9.0,0.052,10.4265,6.0,0,19.786770851752305,55.0,0.07266666666666667,8500.0,0.0,0.0,0.0,48.289010694060146,optimal
2021-02-11 05:00:00,8,74,2.4285714285714284,0.0,0.0,0.173,12.789,6.0,0,19.900795807686222,55.0,0.07266666666666667,8500.0,0.0,0.0,0.0,48.240721683366075,optimal
2021-02-11 05:30:00,8,74,2.4285714285714284,0.0,0.0,0.052,12.684,6.0,0,20.018302196219338,55.0,0.07266666666666667,8500.0,0.0,0.0,0.0,48.192480961682705,optimal
2021-02-11 06:00:00,8,74,2.4285714285714284,0.0,0.0,0.14,16.254,6.0,0,20.132500955525703,55.0,0.07266666666666667,8500.0,0.0,0.0,0.0,48.144288480721016,optimal
2021-02-11 06:30:00,8,74,2.4285714285714284,0.0,0.0,0.085,17.64,6.0,0,20.251290058620803,55.0,0.07266666666666667,8500.0,0.0,0.0,0.0,48.096144192240295,optimal
2021-02-11 07:00:00,8,74,2.4285714285714284,0.0,0.0,1.0177666666666667,19.1625,6.0,0,20.369243728326538,55.0,0.03866666666666667,8500.0,0.0,0.0,0.0,48.048048048048045,optimal
2021-02-11 07:30:00,8,74,0.0,0.0,0.0,2.5498000000000003,26.46,6.0,0,20.506778206424293,55.0,0.024,0.0,0.0,0.0,0.0,48.0,optimal
2021-02-11 08:00:00,8,74,0.1842016030370909,0.0,0.0,0.4101,20.79,6.0,0,20.34327803981466,55.0,0.020666666666666667,644.7056106298181,0.0,0.0,0.0,47.71257590670464,optimal
2021-02-11 08:30:00,8,74,0.0,0.0,0.0,0.3235,29.106,6.0,0,20.18862101713077,55.0,0.018666666666666668,0.0,0.0,0.0,0.0,47.42543923750258,optimal
2021-02-11 09:00:00,8,74,2.4285714285714284,0.0,0.0,0.2236,19.1835,6.0,0,20.0,55.0,0.018666666666666668,8500.0,0.0,0.0,0.0,47.138589704969725,optimal
2021-02-11 09:30:00,8,74,0.6625743035427956,0.0,0.0,0.2161,19.6665,6.0,0,20.110103669370176,55.0,0.018666666666666668,2319.010062399784,0.0,0.0,0.0,46.8520270219694,optimal
2021-02-11 10:00:00,8,74,1.3814058204741373,0.0,0.0,0.062,19.404,6.0,0,20.0,55.0,0.018666666666666668,4834.92037165948,0.0,0.0,0.0,46.56575090165207,optimal
2021-02-11 10:30:00,8,74,1.3896943528022672,0.0,0.0,0.183,19.047,6.0,0,20.0,55.0,0.018666666666666668,4863.9302348079345,0.0,0.0,0.0,46.27976105745507,optimal
2021-02-11 11:00:00,8,74,2.4285714285714284,0.0,0.0,0.062,18.858,6.0,0,20.0,55.0,0.018666666666666668,8500.0,0.0,0.0,0.0,45.99405720310226,optimal
2021-02-11 11:30:00,8,74,0.46115295271302525,0.0,0.0,0.062,19.2675,6.0,0,20.126662240060945,55.0,0.018666666666666668,1614.0353344955884,0.0,0.0,0.0,45.7086390526038,optimal
2021-02-11 12:00:00,8,74,1.326975795861339,0.0,0.0,0.1775,18.963,6.0,0,20.0,55.0,0.018666666666666668,4644.415285514687,0.0,0.0,0.0,45.42350632025584,optimal
2021-02-11 12:30:00,8,74,2.4285714285714284,0.0,0.0,0.0675,18.438,6.0,0,20.0,55.0,0.018666666666666668,8500.0,0.0,0.0,0.0,45.13865872064023,optimal
2021-02-11 13:00:00,8,74,2.4285714285714284,0.0,0.0,0.062,18.7425,6.0,0,20.14710231593042,55.0,0.018666666666666668,8500.0,0.0,0.0,0.0,44.854095968624236,optimal
2021-02-11 13:30:00,8,74,2.4285714285714284,0.0,0.0,0.183,15.2145,6.0,0,20.298730238180003,55.0,0.018666666666666668,8500.0,0.0,0.0,0.0,44.56981777936026,optimal
2021-02-11 14:00:00,8,74,2.4285714285714284,0.0,0.0,0.16266666666666665,17.7765,6.0,0,20.454426794130985,55.0,0.018666666666666668,8500.0,0.0,0.0,0.0,44.28582386828554,optimal
2021-02-11 14:30:00,8,74,2.4285714285714284,0.0,0.0,0.2425,16.758,6.0,0,20.61252261084317,55.0,0.018666666666666668,8500.0,0.0,0.0,0.0,44.0021139511219,optimal
2021-02-11 15:00:00,8,74,2.4285714285714284,0.0,0.0,0.172,16.422,6.0,0,20.77712272917437,55.0,0.018666666666666668,8500.0,0.0,0.0,0.0,43.71868774387542,optimal
2021-02-11 15:30:00,8,74,2.4285714285714284,0.0,0.0,0.073,16.758,6.0,0,20.92225678697561,55.0,0.018666666666666668,8500.0,0.0,0.0,0.0,43.43554496283619,optimal
2021-02-11 16:00:00,8,74,0.0,0.0,0.0,0.2495,29.358,6.0,0,21.05147629828126,55.0,0.014,0.0,0.0,0.0,0.0,43.152685324578,optimal
2021-02-11 16:30:00,8,74,0.0,0.0,0.0,0.4862666666666666,34.9965,6.0,0,20.87092805248242,55.0,0.014,0.0,0.0,0.0,0.0,42.87010854595807,optimal
2021-02-11 17:00:00,8,74,0.0,0.0,0.0,1.4713333333333332,34.65,6.0,0,20.693823599426985,55.0,0.014,0.0,0.0,0.0,0.0,42.58781434411676,optimal
2021-02-11 17:30:00,8,74,0.0,0.0,0.0,1.5019,34.9965,6.0,0,20.555660564809354,55.0,0.011333333333333334,0.0,0.0,0.0,0.0,42.305802436477286,optimal
2021-02-11 18:00:00,8,74,0.0,0.0,0.0,0.5996,34.9965,6.0,0,20.422506300718243,55.0,0.008,0.0,0.0,0.0,0.0,42.02407254074545,optimal
2021-02-11 18:30:00,8,74,0.0,0.0,0.0,0.357,30.4815,6.0,0,20.25166959356324,55.0,0.0033333333333333335,0.0,0.0,0.0,0.0,41.74262437490935,optimal
2021-02-11 19:00:00,8,74,0.8657577617521754,0.0,0.0,0.5999,21.4305,6.0,0,20.067090297640753,55.0,0.0,3030.152166132614,0.0,0.0,0.0,41.46145765723908,optimal
2021-02-11 19:30:00,8,74,1.7060264074029547,0.0,0.0,0.2246,14.3325,6.0,0,20.0,55.0,0.0,5274.425759243674,0.0,696.6666666666666,0.0,41.41999619958184,optimal
2021-02-11 20:00:00,8,74,1.620430164792853,0.0,0.0,0.234,13.692,6.0,0,20.0,55.0,0.002,5462.5055767749855,0.0,209.0,0.0,41.37857620338226,optimal
2021-02-11 20:30:00,8,74,0.0,0.0,0.0,0.5274,14.007,6.0,0,20.0,55.0,0.0,0.0,0.0,0.0,0.0,41.337197627178874,optimal
2021-02-11 21:00:00,8,74,0.0199047619047619,0.0,0.0,0.3391,12.873,6.0,0,19.812679838708167,55.0,0.0,0.0,0.0,69.66666666666666,0.0,41.295860429551695,optimal
2021-02-11 21:30:00,8,74,0.5772380952380952,0.0,0.0,0.345,12.684,6.0,0,19.618539288826323,55.0,0.0,0.0,0.0,2020.3333333333333,0.0,41.254564569122145,optimal
2021-02-11 22:00:00,8,74,0.1592380952380952,0.0,0.0,0.347,12.306,6.0,0,19.4287001878063,55.0,0.0,0.0,0.0,557.3333333333333,0.0,41.21331000455302,optimal
2021-02-11 22:30:00,8,74,0.6170476190476191,0.0,0.0,0.4595,10.6365,6.0,0,19.24016351962936,55.0,0.0,0.0,0.0,2159.6666666666665,0.0,41.17209669454847,optimal
2021-02-11 23:00:00,8,74,0.0,0.0,0.0,0.062,11.2455,6.0,0,19.047940377349878,55.0,0.0,0.0,0.0,0.0,0.0,41.13092459785393,optimal
2021-02-11 23:30:00,8,74,0.0,0.0,0.0,0.183,11.2455,6.0,0,18.816978317165916,55.0,0.0,0.0,0.0,0.0,0.0,41.089793673256075,optimal
2021-02-12 00:00:00,8,74,2.4285714285714284,0.0,0.0,0.066,10.3635,6.0,0,18.816978317165916,55.0,0.0,8500.0,0.0,0.0,0.0,41.04870387958282,optimal
2021-02-12 00:30:00,8,74,2.4285714285714284,0.0,0.0,0.066,10.8045,6.0,0,18.90579184844767,55.0,0.08133971291866028,0.0,0.0,8500.0,0.0,41.007655175703235,optimal
2021-02-12 01:00:00,8,74,2.4285714285714284,0.0,0.0,0.066,11.025,6.0,0,18.673826089298615,55.0,0.15266666666666667,1046.333333333333,0.0,7453.666666666667,0.0,40.96664752052753,optimal
2021-02-12 01:30:00,8,74,2.4285714285714284,0.0,0.0,0.066,10.3635,6.0,0,18.48342771169616,55.0,0.15266666666666667,8500.0,0.0,0.0,0.0,40.925680873007,optimal
2021-02-12 02:00:00,8,74,2.4285714285714284,0.0,0.0,0.16733333333333333,10.8045,6.0,0,18.57632126695277,55.0,0.15266666666666667,8500.0,0.0,0.0,0.0,40.884755192133994,optimal
2021-02-12 02:30:00,8,74,2.4285714285714284,0.0,0.0,0.16786666666666666,10.059,6.0,0,18.67309592726644,55.0,0.15266666666666667,8500.0,0.0,0.0,0.0,40.84387043694186,optimal
2021-02-12 03:00:00,8,74,2.4285714285714284,0.0,0.0,0.067,10.584,6.0,0,18.771464395829202,55.0,0.15266666666666667,8500.0,0.0,0.0,0.0,40.80302656650492,optimal
2021-02-12 03:30:00,8,74,2.4285714285714284,0.0,9.0,0.142,9.4185,6.0,0,18.86823482309174,55.0,0.15266666666666667,8500.0,0.0,0.0,0.0,45.03722353993841,optimal
2021-02-12 04:00:00,8,74,2.4285714285714284,0.0,0.0,0.18419999999999997,10.3635,6.0,0,18.973542747036905,55.0,0.15266666666666667,8500.0,0.0,0.0,0.0,44.992186316398474,optimal
2021-02-12 04:30:00,8,74,2.4285714285714284,0.0,7.035403292585413,0.066,9.8385,6.0,0,19.086035577779715,55.0,0.15266666666666667,8500.0,0.0,0.0,0.0,48.289010694060146,optimal
2021-02-12 05:00:00,8,74,2.4285714285714284,0.0,0.0,0.16733333333333333,11.067,6.0,0,19.199608178286017,55.0,0.15266666666666667,8500.0,0.0,0.0,0.0,48.240721683366075,optimal
2021-02-12 05:30:00,8,74,2.4285714285714284,0.0,0.0,0.15886666666666668,10.8465,6.0,0,19.32251371197439,55.0,0.15266666666666667,8500.0,0.0,0.0,0.0,48.192480961682705,optimal
2021-02-12 06:00:00,8,74,2.4285714285714284,0.0,0.0,0.16733333333333333,13.671,6.0,0,19.451472504257868,55.0,0.15266666666666667,8500.0,0.0,0.0,0.0,48.144288480721016,optimal
2021-02-12 06:30:00,8,74,2.4285714285714284,0.0,0.0,0.9476666666666667,12.348,6.0,0,19.58706496722739,55.0,0.08866666666666667,8500.0,0.0,0.0,0.0,48.096144192240295,optimal
2021-02-12 07:00:00,8,74,2.4285714285714284,0.0,0.0,2.4055666666666666,14.3325,6.0,0,19.7255833936906,55.0,0.08733333333333333,8500.0,0.0,0.0,0.0,48.048048048048045,optimal
2021-02-12 07:30:00,8,74,2.352812145537951,0.0,0.0,1.0645333333333333,15.393,6.0,0,19.9069387314712,55.0,0.03333333333333333,8234.842509382828,0.0,0.0,0.0,48.0,optimal
2021-02-12 08:00:00,8,74,2.4285714285714284,0.0,0.0,2.002333333333333,13.587,6.0,0,20.05743392229601,55.0,0.02666666666666667,8500.0,0.0,0.0,0.0,47.761886559118054,optimal
2021-02-12 08:30:00,8,74,0.0,0.0,0.0,0.3413,16.1385,6.0,0,20.194051712021587,55.0,0.004,0.0,0.0,0.0,0.0,47.524011231676994,optimal
2021-02-12 09:00:00,8,74,1.530284598721152,0.0,0.0,0.3135333333333334,14.595,6.0,0,20.0,55.0,0.0033333333333333335,5355.996095524032,0.0,0.0,0.0,47.28637377956337,optimal
2021-02-12 09:30:00,8,74,1.3637314087560495,0.0,0.0,1.9798333333333333,14.637,6.0,0,20.0,55.0,0.0033333333333333335,4773.059930646173,0.0,0.0,0.0,47.04897396490186,optimal
2021-02-12 10:00:00,8,74,1.0879210466829996,0.0,0.0,0.7203999999999999,13.9125,6.0,0,20.0,55.0,0.0,3807.7236633904986,0.0,0.0,0.0,46.81181155005501,optimal
2021-02-12 10:30:00,8,74,1.6585953762443137,0.0,0.0,0.48193333333333327,13.3665,6.0,0,20.0,55.0,0.010664042451981146,4272.691380623069,0.0,1532.3924362320297,0.0,46.57488629762301,optimal
2021-02-12 11:00:00,8,74,2.4285714285714284,0.0,0.0,1.7708,13.0095,6.0,0,20.008651308107048,55.0,0.009330709118647813,8500.0,0.0,0.0,0.0,46.338197970443446,optimal
2021-02-12 11:30:00,8,74,0.0,0.0,0.0,0.16886666666666666,13.8915,6.0,0,20.173527094926502,55.0,0.009330709118647813,0.0,0.0,0.0,0.0,46.10174633159106,optimal
2021-02-12 12:00:00,8,74,2.4285714285714284,0.0,0.0,0.08106666666666666,13.188,6.0,0,20.0,55.0,0.04624896669219902,4642.042083563899,0.0,3857.957916436101,0.0,45.86553114437752,optimal
2021-02-12 12:30:00,8,74,2.4285714285714284,0.0,0.0,0.23196666666666668,12.5685,6.0,0,20.0,55.0,0.07933333333333334,5042.683686001463,0.0,3457.3163139985363,0.0,45.6295521723512,optimal
2021-02-12 13:00:00,8,74,2.4285714285714284,0.0,0.0,1.9844000000000002,12.285,6.0,0,20.021230788510593,55.0,0.07933333333333334,8500.0,0.0,0.0,0.0,45.3938091792969,optimal
2021-02-12 13:30:00,8,74,2.4285714285714284,0.0,0.0,0.16213333333333332,11.487,6.0,0,20.196999894913542,55.0,0.07933333333333334,8500.0,0.0,0.0,0.0,45.15830192923566,optimal
2021-02-12 14:00:00,8,74,2.4285714285714284,0.0,0.0,1.0279,11.802,6.0,0,20.343412486806532,55.0,0.07933333333333334,8500.0,0.0,0.0,0.0,44.923030186424484,optimal
2021-02-12 14:30:00,8,74,2.4285714285714284,0.0,0.0,0.8191,11.2245,6.0,0,20.512317461554495,55.0,0.07933333333333334,8500.0,0.0,0.0,0.0,44.687993715356114,optimal
2021-02-12 15:00:00,8,74,2.4285714285714284,0.0,0.0,1.5169000000000001,11.025,6.0,0,20.674630446177833,55.0,0.07933333333333334,8500.0,0.0,0.0,0.0,44.45319228075881,optimal
2021-02-12 15:30:00,8,74,2.4285714285714284,0.0,0.0,2.2259333333333333,11.907,6.0,0,20.835266578206657,55.0,0.072,8500.0,0.0,0.0,0.0,44.21862564759611,optimal
2021-02-12 16:00:00,8,74,0.0,0.0,0.0,2.067133333333333,25.83,6.0,0,21.01857864345352,55.0,0.07,0.0,0.0,0.0,0.0,43.984293581066574,optimal
2021-02-12 16:30:00,8,74,0.0,0.0,0.0,0.3348333333333333,28.035,6.0,0,20.87124980314228,55.0,0.016666666666666666,0.0,0.0,0.0,0.0,43.75019584660356,optimal
2021-02-12 17:00:00,8,74,0.0,0.0,0.0,2.1175333333333333,28.119,6.0,0,20.718030101809212,55.0,0.015333333333333332,0.0,0.0,0.0,0.0,43.51633220987501,optimal
2021-02-12 17:30:00,8,74,0.0,0.0,0.0,2.6195666666666666,30.156,6.0,0,20.60749697581541,55.0,0.010666666666666666,0.0,0.0,0.0,0.0,43.28270243678319,optimal
2021-02-12 18:00:00,8,74,0.0,0.0,0.0,2.7187333333333332,29.1585,6.0,0,20.463677184517408,55.0,0.007333333333333333,0.0,0.0,0.0,0.0,43.04930629346446,optimal
2021-02-12 18:30:00,8,74,0.0,0.0,0.0,1.4970666666666665,26.712,6.0,0,20.322217031471357,55.0,0.0033333333333333335,0.0,0.0,0.0,0.0,42.816143546289055,optimal
2021-02-12 19:00:00,8,74,0.0,0.0,0.0,0.3511666666666667,15.435,6.0,0,20.162344439484293,55.0,0.002,0.0,0.0,0.0,0.0,42.58321396186082,optimal
2021-02-12 19:30:00,8,74,1.149711051537835,0.0,0.0,1.4644333333333335,13.566,6.0,0,20.0,55.0,0.0,4023.9886803824234,0.0,0.0,0.0,42.350517307017014,optimal
2021-02-12 20:00:00,8,74,1.247850568830596,0.0,0.0,1.3793666666666666,12.789,6.0,0,20.0,55.0,0.0,4120.856990907087,0.0,246.62,0.0,42.118053348828056,optimal
2021-02-12 20:30:00,8,74,0.725727619047619,0.0,0.0,0.6619333333333333,12.1275,6.0,0,20.0,55.0,0.02266666666666667,0.0,0.0,2540.0466666666666,0.0,42.075935295479226,optimal
2021-02-12 21:00:00,8,74,0.0,0.0,0.0,2.5206999999999997,13.671,6.0,0,19.849950789071094,55.0,0.0,0.0,0.0,0.0,0.0,42.03385936018375,optimal
2021-02-12 21:30:00,8,74,0.7165714285714285,0.0,0.0,0.7938333333333334,10.668,6.0,0,19.71371782853532,55.0,0.02266666666666667,0.0,0.0,2508.0,0.0,41.991825500823566,optimal
2021-02-12 22:00:00,8,74,0.0,0.0,0.0,0.4155,11.7285,6.0,0,19.572223791317164,55.0,0.018,0.0,0.0,0.0,0.0,41.94983367532274,optimal
2021-02-12 22:30:00,8,74,0.0,0.0,0.0,2.225766666666667,11.025,6.0,0,19.416855874759165,55.0,0.001333333333333333,0.0,0.0,0.0,0.0,41.90788384164742,optimal
2021-02-12 23:00:00,8,74,0.0,0.0,0.0,1.2013,10.689,6.0,0,19.27486452705323,55.0,0.0,0.0,0.0,0.0,0.0,41.86597595780577,optimal
2021-02-12 23:30:00,8,74,0.0,0.0,0.0,2.941466666666667,8.1585,6.0,0,19.138335311252217,55.0,0.0,0.0,0.0,0.0,0.0,41.82410998184797,optimal
2021-02-13 00:00:00,8,74,2.4285714285714284,0.0,0.0,0.1262,9.3975,6.0,0,19.138335311252217,55.0,0.0,8500.0,0.0,0.0,0.0,41.78228587186612,optimal
2021-02-13 00:30:00,8,74,2.4285714285714284,0.0,0.0,0.113,10.059,6.0,0,19.28535461722453,55.0,0.06933333333333333,1254.666666666667,0.0,7245.333333333333,0.0,41.740503585994254,optimal
2021-02-13 01:00:00,8,74,2.4285714285714284,0.0,0.0,0.2119333333333333,9.261,6.0,0,19.158246725721447,55.0,0.06933333333333333,8500.0,0.0,0.0,0.0,41.69876308240826,optimal
2021-02-13 01:30:00,8,74,2.4285714285714284,0.0,0.0,0.23006666666666664,8.1585,6.0,0,19.309246760940233,55.0,0.06933333333333333,8500.0,0.0,0.0,0.0,41.657064319325855,optimal
2021-02-13 02:00:00,8,74,2.4285714285714284,0.0,0.0,0.09966666666666668,9.4815,6.0,0,19.459978859077125,55.0,0.06933333333333333,8500.0,0.0,0.0,0.0,41.61540725500653,optimal
2021-02-13 02:30:00,8,74,2.4285714285714284,0.0,0.0,0.14173333333333332,8.379,6.0,0,19.60485468594268,55.0,0.06933333333333333,8500.0,0.0,0.0,0.0,41.57379184775152,optimal
2021-02-13 03:00:00,8,74,2.4285714285714284,0.0,0.0,0.2516,9.5235,6.0,0,19.749950533369837,55.0,0.06933333333333333,8500.0,0.0,0.0,0.0,41.53221805590377,optimal
2021-02-13 03:30:00,8,74,2.4285714285714284,0.0,0.0,0.166,8.1375,6.0,0,19.89781635065247,55.0,0.06933333333333333,8500.0,0.0,0.0,0.0,41.49068583784786,optimal
2021-02-13 04:00:00,8,74,2.4285714285714284,0.0,0.0,0.2117333333333333,10.0905,6.0,0,20.040598088690984,55.0,0.06933333333333333,8500.0,0.0,0.0,0.0,41.44919515201001,optimal
2021-02-13 04:30:00,8,74,2.4285714285714284,0.0,9.0,0.2028,7.539,6.0,0,20.183287032945362,55.0,0.06933333333333333,8500.0,0.0,0.0,0.0,45.682745956858,optimal
2021-02-13 05:00:00,8,74,2.4285714285714284,0.0,5.379826843750679,0.07173333333333333,7.938,6.0,0,20.323355844815005,55.0,0.06933333333333333,8500.0,0.0,0.0,0.0,48.192480961682705,optimal
2021-02-13 05:30:00,8,74,2.4285714285714284,0.0,0.0,0.33513333333333334,8.274,6.0,0,20.45623203280795,55.0,0.06933333333333333,8500.0,0.0,0.0,0.0,48.144288480721016,optimal
2021-02-13 06:00:00,8,74,2.4285714285714284,0.0,0.0,0.16576666666666667,9.261,6.0,0,20.596831172048304,55.0,0.048,8500.0,0.0,0.0,0.0,48.096144192240295,optimal
2021-02-13 06:30:00,8,74,2.4285714285714284,0.0,0.0,1.1459000000000001,9.9225,6.0,0,20.74273056768463,55.0,0.044,8500.0,0.0,0.0,0.0,48.048048048048045,optimal
2021-02-13 07:00:00,8,74,2.4285714285714284,0.0,0.0,0.5384333333333333,9.702,6.0,0,20.895421746236757,55.0,0.043333333333333335,8500.0,0.0,0.0,0.0,48.0,optimal
2021-02-13 07:30:00,8,74,2.4285714285714284,0.0,0.0,0.26006666666666667,10.584,6.0,0,21.054693994525866,55.0,0.04133333333333333,8500.0,0.0,0.0,0.0,47.631433528973076,optimal
2021-02-13 08:00:00,8,74,2.4285714285714284,0.0,0.0,0.5297333333333334,10.143,6.0,0,21.18938248122872,55.0,0.03933333333333333,8500.0,0.0,0.0,0.0,47.263235624417185,optimal
2021-02-13 08:30:00,8,74,0.0,0.0,0.0,0.14746666666666666,13.0095,6.0,0,21.32447214615345,55.0,0.03933333333333333,0.0,0.0,0.0,0.0,46.89540591776584,optimal
2021-02-13 09:00:00,8,74,2.4285714285714284,0.0,0.0,0.19440000000000002,11.025,6.0,0,21.117678710262,55.0,0.03933333333333333,8500.0,0.0,0.0,0.0,46.527944040821154,optimal
2021-02-13 09:30:00,8,74,0.0,0.0,0.0,0.2566666666666667,12.789,6.0,0,21.235011968872588,55.0,0.03933333333333333,0.0,0.0,0.0,0.0,46.160849625753414,optimal
2021-02-13 10:00:00,8,74,0.0,0.0,0.0,0.11273333333333332,12.1275,6.0,0,21.03599396910804,55.0,0.03933333333333333,0.0,0.0,0.0,0.0,45.794122305100736,optimal
2021-02-13 10:30:00,8,74,2.4285714285714284,0.0,0.0,0.31139999999999995,12.1695,6.0,0,20.83578384635167,55.0,0.03933333333333333,8500.0,0.0,0.0,0.0,45.42776171176871,optimal
2021-02-13 11:00:00,8,74,2.293902942535439,0.0,0.0,0.1026,12.306,6.0,0,20.965349767316162,55.0,0.03933333333333333,8028.660298874038,0.0,0.0,0.0,45.06176747903002,optimal
2021-02-13 11:30:00,8,74,0.0,0.0,0.0,0.3196666666666667,13.23,6.0,0,21.068566181953138,55.0,0.03933333333333333,0.0,0.0,0.0,0.0,44.69613924052407,optimal
2021-02-13 12:00:00,8,74,0.0,0.0,0.0,0.1494,13.671,6.0,0,20.87725019912641,55.0,0.03933333333333333,0.0,0.0,0.0,0.0,44.330876630256626,optimal
2021-02-13 12:30:00,8,74,0.0,0.0,0.0,0.11186666666666666,13.9335,6.0,0,20.681796268190094,55.0,0.03933333333333333,0.0,0.0,0.0,0.0,43.96597928259945,optimal
2021-02-13 13:00:00,8,74,0.0,0.0,0.0,0.2402,13.293,6.0,0,20.48771000181193,55.0,0.03933333333333333,0.0,0.0,0.0,0.0,43.60144683228993,optimal
2021-02-13 13:30:00,8,74,2.4285714285714284,0.0,0.0,0.1712,12.1065,6.0,0,20.30122181949365,55.0,0.03933333333333333,8500.0,0.0,0.0,0.0,43.23727891443072,optimal
2021-02-13 14:00:00,8,74,2.4285714285714284,0.0,0.0,0.265,11.571,6.0,0,20.434776000342364,55.0,0.03933333333333333,8500.0,0.0,0.0,0.0,42.87347516448936,optimal
2021-02-13 14:30:00,8,74,2.4285714285714284,0.0,0.0,0.6067333333333333,11.025,6.0,0,20.57468178049902,55.0,0.038,8500.0,0.0,0.0,0.0,42.51003521829795,optimal
2021-02-13 15:00:00,8,74,2.4285714285714284,0.0,0.0,0.11426666666666668,10.8465,6.0,0,20.73652525394352,55.0,0.038,8500.0,0.0,0.0,0.0,42.14695871205273,optimal
2021-02-13 15:30:00,8,74,2.4285714285714284,0.0,0.0,0.5492,11.2455,6.0,0,20.86666313218289,55.0,0.03666666666666667,8500.0,0.0,0.0,0.0,41.784245282313755,optimal
2021-02-13 16:00:00,8,74,0.0,0.0,0.0,0.4831666666666667,23.8665,6.0,0,21.019575783095082,55.0,0.03666666666666667,0.0,0.0,0.0,0.0,41.42189456600452,optimal
2021-02-13 16:30:00,8,74,0.0,0.0,0.0,0.9770666666666669,27.4575,6.0,0,20.859661525225015,55.0,0.034,0.0,0.0,0.0,0.0,41.05990620041159,optimal
2021-02-13 17:00:00,8,74,0.0,0.0,0.0,1.4130666666666667,27.3735,6.0,0,20.714615023562725,55.0,0.026,0.0,0.0,0.0,0.0,40.69827982318426,optimal
2021-02-13 17:30:00,8,74,0.0,0.0,0.0,1.4636333333333333,30.4605,6.0,0,20.570316961625856,55.0,0.02,0.0,0.0,0.0,0.0,40.337015072334154,optimal
2021-02-13 18:00:00,8,74,0.0,0.0,0.0,0.425,30.0195,6.0,0,20.435127700050845,55.0,0.019333333333333334,0.0,0.0,0.0,0.0,39.9761115862349,optimal
2021-02-13 18:30:00,8,74,0.0,0.0,0.0,0.3561666666666667,26.9325,6.0,0,20.282984364350188,55.0,0.019333333333333334,0.0,0.0,0.0,0.0,39.615569003621744,optimal
2021-02-13 19:00:00,8,74,0.0,0.0,0.0,0.4695666666666667,14.595,6.0,0,20.134054422368738,55.0,0.016666666666666666,0.0,0.0,0.0,0.0,39.2553869635912,optimal
2021-02-13 19:30:00,8,74,0.9757434324901999,0.0,0.0,0.6626333333333333,12.4845,6.0,0,20.0,55.0,0.004666666666666667,3415.1020137156997,0.0,0.0,0.0,38.89556510560069,optimal
2021-02-13 20:00:00,8,74,1.0349248545448966,0.0,0.0,0.5855333333333334,12.1275,6.0,0,20.0,55.0,0.004666666666666667,3622.2369909071376,0.0,0.0,0.0,38.53610306946817,optimal
2021-02-13 20:30:00,8,74,0.0,0.0,0.0,0.5257333333333334,12.1275,6.0,0,20.0,55.0,0.0033333333333333335,0.0,0.0,0.0,0.0,38.17700049537178,optimal
2021-02-13 21:00:00,8,74,0.0,0.0,0.0,0.4570666666666667,12.789,6.0,0,19.859914800471213,55.0,0.002,0.0,0.0,0.0,0.0,37.81825702384948,optimal
2021-02-13 21:30:00,8,74,0.0,0.0,0.0,0.53,11.907,6.0,0,19.718930883541194,55.0,0.0,0.0,0.0,0.0,0.0,37.45987229579871,optimal
2021-02-13 22:00:00,8,74,0.0,0.0,0.0,0.5834,11.025,6.0,0,19.57811939011367,55.0,0.0,0.0,0.0,0.0,0.0,37.10184595247599,optimal
2021-02-13 22:30:00,8,74,0.09952380952380951,0.0,0.0,0.4948,8.2005,6.0,0,19.436853866741313,55.0,0.001333333333333333,0.0,0.0,348.3333333333333,0.0,37.06474410652351,optimal
2021-02-13 23:00:00,8,74,0.0,0.0,0.0,0.47073333333333334,9.5655,6.0,0,19.289417305621146,55.0,0.0,0.0,0.0,0.0,0.0,37.02767936241699,optimal
2021-02-13 23:30:00,8,74,0.0,0.0,0.0,0.19533333333333328,7.056,6.0,0,19.152161059786035,55.0,0.0,0.0,0.0,0.0,0.0,36.99065168305457,optimal
2021-02-07 00:00:00,9,74,0.0,0.0,0.0,0.064,9.261,6.0,0,21.0,55.0,0.12,0.0,0.0,0.0,0.0,47.952,optimal
2021-02-07 00:30:00,9,74,0.0,0.0,0.0,0.127,10.3635,6.0,0,20.841402036509056,55.0,0.12,0.0,0.0,0.0,0.0,47.904047999999996,optimal
2021-02-07 01:00:00,9,74,0.0,0.0,0.0,0.064,8.274,6.0,0,20.685726868003705,55.0,0.12,0.0,0.0,0.0,0.0,47.856143952,optimal
2021-02-07 01:30:00,9,74,1.2072927624919478,0.0,0.0,0.19653333333333334,7.7175,6.0,0,20.52820429712517,55.0,0.12,4225.524668721817,0.0,0.0,0.0,47.80828780804799,optimal
2021-02-07 02:00:00,9,74,2.142857142857143,0.0,0.0,0.064,6.615,6.0,0,20.53573268430088,55.0,0.12,7500.0,0.0,0.0,0.0,47.76047952023995,optimal
2021-02-07 02:30:00,9,74,2.142857142857143,0.0,0.0,0.064,6.174,6.0,0,20.660983675077674,55.0,0.12,7500.0,0.0,0.0,0.0,47.712719040719705,optimal
2021-02-07 03:00:00,9,74,2.142857142857143,0.0,0.0,0.13353333333333334,3.906,6.0,0,20.784114891527928,55.0,0.12,7500.0,0.0,0.0,0.0,47.66500632167899,optimal
2021-02-07 03:30:00,9,74,2.142857142857143,0.0,0.0,0.127,2.3415,6.0,0,20.90776354548198,55.0,0.12,7500.0,0.0,0.0,0.0,47.61734131535731,optimal
2021-02-07 04:00:00,9,74,2.142857142857143,0.0,0.0,0.064,2.205,6.0,0,21.02953212297662,55.0,0.12,7500.0,0.0,0.0,0.0,47.56972397404195,optimal
2021-02-07 04:30:00,9,74,2.142857142857143,0.0,1.3097562750591938,0.19653333333333334,0.882,6.0,0,21.147312888362965,55.0,0.12,7500.0,0.0,0.0,0.0,48.144288480721016,optimal
2021-02-07 05:00:00,9,74,2.142857142857143,0.0,0.0,0.064,1.5435,6.0,0,21.268973860875512,55.0,0.12,7500.0,0.0,0.0,0.0,48.096144192240295,optimal
2021-02-07 05:30:00,9,74,2.142857142857143,0.0,0.0,0.15486666666666668,1.5435,6.0,0,21.384501306767238,55.0,0.12,7500.0,0.0,0.0,0.0,48.048048048048045,optimal
2021-02-07 06:00:00,9,74,2.142857142857143,0.0,0.0,0.11433333333333331,5.0715,6.0,0,21.502060691415334,55.0,0.12,7500.0,0.0,0.0,0.0,48.0,optimal
2021-02-07 06:30:00,9,74,2.142857142857143,0.0,0.0,0.125,5.376,6.0,0,21.6219566003423,55.0,0.11866666666666667,7500.0,0.0,0.0,0.0,47.764933224457984,optimal
2021-02-07 07:00:00,9,74,2.142857142857143,0.0,0.0,0.2427,5.0715,6.0,0,21.743929879643815,55.0,0.11733333333333333,7500.0,0.0,0.0,0.0,47.53010151569151,optimal
2021-02-07 07:30:00,9,74,2.142857142857143,0.0,0.0,0.37823333333333337,5.5125,6.0,0,21.873319719570606,55.0,0.11133333333333334,7500.0,0.0,0.0,0.0,47.29550463863381,optimal
2021-02-07 08:00:00,9,74,1.2650386705854655,0.0,0.0,0.11040000000000001,9.261,6.0,0,22.0,55.0,0.10533333333333333,4427.635347049129,0.0,0.0,0.0,47.06114235845316,optimal
2021-02-07 08:30:00,9,74,1.2383341435175705,0.0,0.0,0.18553333333333333,11.7075,6.0,0,22.0,55.0,0.10533333333333333,4334.169502311497,0.0,0.0,0.0,46.827014440552695,optimal
2021-02-07 09:00:00,9,74,0.0,0.0,0.0,0.27246666666666663,12.348,6.0,0,22.0,55.0,0.10333333333333333,0.0,0.0,0.0,0.0,46.59312065057013,optimal
2021-02-07 09:30:00,9,74,0.0,0.0,0.0,0.4106666666666667,12.348,6.0,0,21.839373174838,55.0,0.10333333333333333,0.0,0.0,0.0,0.0,46.359460754377544,optimal
2021-02-07 10:00:00,9,74,0.525464919906191,0.0,0.0,0.5707333333333333,12.1275,6.0,0,21.683722167385497,55.0,0.10266666666666667,1839.1272196716689,0.0,0.0,0.0,46.12603451808115,optimal
2021-02-07 10:30:00,9,74,0.0,0.0,0.0,0.8537,12.5265,6.0,0,21.610765011448308,55.0,0.10266666666666667,0.0,0.0,0.0,0.0,45.89284170802105,optimal
2021-02-07 11:00:00,9,74,2.142857142857143,0.0,0.0,2.812733333333333,11.7495,6.0,0,21.46675323509593,55.0,0.10066666666666667,7500.0,0.0,0.0,0.0,45.65988209077101,optimal
2021-02-07 11:30:00,9,74,0.0,0.0,0.0,2.3691,13.23,6.0,0,21.60756784123666,55.0,0.10066666666666667,0.0,0.0,0.0,0.0,45.427155433138225,optimal
2021-02-07 12:00:00,9,74,0.0,0.0,0.0,0.30010000000000003,14.3325,6.0,0,21.455563666411297,55.0,0.10066666666666667,0.0,0.0,0.0,0.0,45.19466150216307,optimal
2021-02-07 12:30:00,9,74,0.0,0.0,0.0,0.46773333333333333,14.994,6.0,0,21.28654616060653,55.0,0.10066666666666667,0.0,0.0,0.0,0.0,44.96240006511889,optimal
2021-02-07 13:00:00,9,74,0.0,0.0,0.0,0.38439999999999996,14.8155,6.0,0,21.125429018981286,55.0,0.10066666666666667,0.0,0.0,0.0,0.0,44.73037088951176,optimal
2021-02-07 13:30:00,9,74,0.0,0.0,0.0,0.3518,14.112,6.0,0,20.965125483684975,55.0,0.09866666666666667,0.0,0.0,0.0,0.0,44.498573743080236,optimal
2021-02-07 14:00:00,9,74,0.0,0.0,0.0,0.6055666666666667,14.007,6.0,0,20.804908998397234,55.0,0.098,0.0,0.0,0.0,0.0,44.267008393795145,optimal
2021-02-07 14:30:00,9,74,0.0,0.0,0.0,0.2862,13.23,6.0,0,20.661103390530425,55.0,0.098,0.0,0.0,0.0,0.0,44.035674609859335,optimal
2021-02-07 15:00:00,9,74,2.142857142857143,0.0,0.0,0.41736666666666666,11.382,6.0,0,20.514873285562537,55.0,0.09533333333333334,7500.0,0.0,0.0,0.0,43.80457215970746,optimal
2021-02-07 15:30:00,9,74,2.142857142857143,0.0,0.0,0.9450666666666668,11.7495,6.0,0,20.655797888394517,55.0,0.094,7500.0,0.0,0.0,0.0,43.57370081200574,optimal
2021-02-07 16:00:00,9,74,0.0,0.0,0.0,1.5271,24.3285,6.0,0,20.801007377725522,55.0,0.092,0.0,0.0,0.0,0.0,43.34306033565172,optimal
2021-02-07 16:30:00,9,74,0.0,0.0,0.0,0.44273333333333337,28.917,6.0,0,20.684845595428452,55.0,0.09,0.0,0.0,0.0,0.0,43.112650499774055,optimal
2021-02-07 17:00:00,9,74,0.0,0.0,0.0,0.6113333333333334,31.3635,6.0,0,20.55177059056832,55.0,0.08666666666666667,0.0,0.0,0.0,0.0,42.88247107373227,optimal
2021-02-07 17:30:00,9,74,0.0,0.0,0.0,0.6797000000000001,33.306,6.0,0,20.42863008259585,55.0,0.084,0.0,0.0,0.0,0.0,42.65252182711652,optimal
2021-02-07 18:00:00,9,74,0.0,0.0,0.0,2.8996999999999997,31.3425,6.0,0,20.30884743031006,55.0,0.084,0.0,0.0,0.0,0.0,42.42280252974739,optimal
2021-02-07 18:30:00,9,74,0.0,0.0,0.0,2.8945,28.2555,6.0,0,20.20613329623809,55.0,0.084,0.0,0.0,0.0,0.0,42.19331295167563,optimal
2021-02-07 19:00:00,9,74,0.0,0.0,0.0,0.9759666666666668,15.6975,6.0,0,20.10408744421788,55.0,0.08266666666666667,0.0,0.0,0.0,0.0,41.96405286318194,optimal
2021-02-07 19:30:00,9,74,0.8456288074369323,0.0,0.0,0.5004666666666666,12.5475,6.0,0,20.0,55.0,0.08133333333333333,2959.7008260292628,0.0,0.0,0.0,41.73502203477675,optimal
2021-02-07 20:00:00,9,74,0.8939907121988424,0.0,0.0,0.5032,12.0855,6.0,0,20.0,55.0,0.08133333333333333,3128.9674926959483,0.0,0.0,0.0,41.506220237199955,optimal
2021-02-07 20:30:00,9,74,0.0,0.0,0.0,0.48173333333333335,11.907,6.0,0,20.0,55.0,0.07933333333333334,0.0,0.0,0.0,0.0,41.27764724142074,optimal
2021-02-07 21:00:00,9,74,0.0,0.0,0.0,0.4234,12.5685,6.0,0,19.884483995926495,55.0,0.07933333333333334,0.0,0.0,0.0,0.0,41.0493028186373,optimal
2021-02-07 21:30:00,9,74,0.0,0.0,0.0,0.6417,13.146,6.0,0,19.76114051497649,55.0,0.07933333333333334,0.0,0.0,0.0,0.0,41.008253515818666,optimal
2021-02-07 22:00:00,9,74,0.0,0.0,0.0,1.3882333333333332,10.584,6.0,0,19.639575338837894,55.0,0.07933333333333334,0.0,0.0,0.0,0.0,40.967245262302846,optimal
2021-02-07 22:30:00,9,74,0.0,0.0,0.0,0.146,6.678,6.0,0,19.496891130453644,55.0,0.07933333333333334,0.0,0.0,0.0,0.0,40.926278017040545,optimal
2021-02-07 23:00:00,9,74,0.0,0.0,0.0,0.2529666666666667,7.938,6.0,0,19.342628734155085,55.0,0.07933333333333334,0.0,0.0,0.0,0.0,40.885351739023506,optimal
2021-02-07 23:30:00,9,74,0.0,0.0,0.0,0.21186666666666668,5.292,6.0,0,19.193489002083997,55.0,0.07933333333333334,0.0,0.0,0.0,0.0,40.844466387284484,optimal
2021-02-08 00:00:00,9,74,2.142857142857143,0.0,0.0,0.056,5.9745,6.0,0,19.193489002083997,55.0,0.07933333333333334,7500.0,0.0,0.0,0.0,40.8036219208972,optimal
2021-02-08 00:30:00,9,74,2.142857142857143,0.0,0.0,0.1512,7.938,6.0,0,19.319762429079674,55.0,0.07933333333333334,7500.0,0.0,0.0,0.0,40.762818298976306,optimal
2021-02-08 01:00:00,9,74,2.142857142857143,0.0,0.0,0.1529,8.6835,6.0,0,19.448430899129118,55.0,0.07933333333333334,7500.0,0.0,0.0,0.0,40.72205548067733,optimal
2021-02-08 01:30:00,9,74,2.142857142857143,0.0,0.0,0.10529999999999999,7.665,6.0,0,19.57595249474802,55.0,0.07933333333333334,7500.0,0.0,0.0,0.0,40.68133342519665,optimal
2021-02-08 02:00:00,9,74,2.142857142857143,0.0,0.0,0.1631,6.7725,6.0,0,19.700011800532582,55.0,0.07933333333333334,7500.0,0.0,0.0,0.0,40.64065209177145,optimal
2021-02-08 02:30:00,9,74,2.142857142857143,0.0,0.0,0.12229999999999999,5.5755,6.0,0,19.82460869841671,55.0,0.07933333333333334,7500.0,0.0,0.0,0.0,40.600011439679676,optimal
2021-02-08 03:00:00,9,74,2.142857142857143,0.0,7.467459091281796,0.1512,5.0925,6.0,0,19.946967856918207,55.0,0.07933333333333334,7500.0,0.0,0.0,0.0,44.10645449659885,optimal
2021-02-08 03:30:00,9,74,2.142857142857143,0.0,9.0,0.158,4.1895,6.0,0,20.06973387140547,55.0,0.07933333333333334,7500.0,0.0,0.0,0.0,48.33734804210225,optimal
2021-02-08 04:00:00,9,74,2.142857142857143,0.0,0.0,0.06620000000000001,7.056,6.0,0,20.19112998785026,55.0,0.07933333333333334,7500.0,0.0,0.0,0.0,48.289010694060146,optimal
2021-02-08 04:30:00,9,74,2.142857142857143,0.0,0.0,0.1036,5.271,6.0,0,20.30745775348551,55.0,0.07933333333333334,7500.0,0.0,0.0,0.0,48.240721683366075,optimal
2021-02-08 05:00:00,9,74,2.142857142857143,0.0,0.0,0.21580000000000002,7.938,6.0,0,20.423157470140833,55.0,0.07933333333333334,7500.0,0.0,0.0,0.0,48.192480961682705,optimal
2021-02-08 05:30:00,9,74,2.142857142857143,0.0,0.0,0.05666666666666666,7.938,6.0,0,20.541050550931274,55.0,0.07933333333333334,7500.0,0.0,0.0,0.0,48.144288480721016,optimal
2021-02-08 06:00:00,9,74,2.142857142857143,0.0,0.0,0.1901,11.907,6.0,0,20.65134869907666,55.0,0.07933333333333334,7500.0,0.0,0.0,0.0,48.096144192240295,optimal
2021-02-08 06:30:00,9,74,2.142857142857143,0.0,0.0,0.7395,11.025,6.0,0,20.764809500972763,55.0,0.07733333333333334,7500.0,0.0,0.0,0.0,48.048048048048045,optimal
2021-02-08 07:00:00,9,74,2.142857142857143,0.0,0.0,0.3599,11.2875,6.0,0,20.879046402183604,55.0,0.07600000000000001,7500.0,0.0,0.0,0.0,48.0,optimal
2021-02-08 07:30:00,9,74,0.0,0.0,0.0,1.7199,12.936,6.0,0,20.999878709164484,55.0,0.07266666666666667,0.0,0.0,0.0,0.0,47.84681252265346,optimal
2021-02-08 08:00:00,9,74,0.0,0.0,0.0,0.38146666666666657,13.0095,6.0,0,20.863673744612573,55.0,0.07266666666666667,0.0,0.0,0.0,0.0,47.69377823278426,optimal
2021-02-08 08:30:00,9,74,0.0,0.0,0.0,0.2382,13.671,6.0,0,20.71115549349895,55.0,0.07266666666666667,0.0,0.0,0.0,0.0,47.54089697720494,optimal
2021-02-08 09:00:00,9,74,2.142857142857143,0.0,0.0,0.255,13.188,6.0,0,20.532371654363114,55.0,0.07266666666666667,7500.0,0.0,0.0,0.0,47.388168602881194,optimal
2021-02-08 09:30:00,9,74,0.0,0.0,0.0,0.2849,13.8495,6.0,0,20.632572666435983,55.0,0.07266666666666667,0.0,0.0,0.0,0.0,47.235592956931775,optimal
2021-02-08 10:00:00,9,74,2.142857142857143,0.0,0.0,0.056,13.23,6.0,0,20.451641612656406,55.0,0.07266666666666667,7500.0,0.0,0.0,0.0,47.083169886628305,optimal
2021-02-08 10:30:00,9,74,2.142857142857143,0.0,0.0,0.056,13.3665,6.0,0,20.551545598541367,55.0,0.07266666666666667,7500.0,0.0,0.0,0.0,46.93089923939514,optimal
2021-02-08 11:00:00,9,74,2.142857142857143,0.0,0.0,0.10546666666666668,13.0515,6.0,0,20.649097807630355,55.0,0.07266666666666667,7500.0,0.0,0.0,0.0,46.77878086280921,optimal
2021-02-08 11:30:00,9,74,2.142857142857143,0.0,0.0,0.2246,13.5345,6.0,0,20.745856104110132,55.0,0.07266666666666667,7500.0,0.0,0.0,0.0,46.62681460459986,optimal
2021-02-08 12:00:00,9,74,0.0,0.0,0.0,0.056,14.154,6.0,0,20.847380071025924,55.0,0.07266666666666667,0.0,0.0,0.0,0.0,46.47500031264872,optimal
2021-02-08 12:30:00,9,74,0.6218849550639264,0.0,0.0,0.19653333333333334,14.112,6.0,0,20.66031572466579,55.0,0.07266666666666667,2176.5973427237423,0.0,0.0,0.0,46.32333783498953,optimal
2021-02-08 13:00:00,9,74,0.0,0.0,0.0,0.29996666666666666,14.2485,6.0,0,20.565956063484112,55.0,0.07133333333333335,0.0,0.0,0.0,0.0,46.171827019808,optimal
2021-02-08 13:30:00,9,74,2.142857142857143,0.0,0.0,0.2469,12.789,6.0,0,20.395803322549487,55.0,0.07133333333333335,7500.0,0.0,0.0,0.0,46.020467715441654,optimal
2021-02-08 14:00:00,9,74,2.142857142857143,0.0,0.0,0.056,13.0095,6.0,0,20.506843870540145,55.0,0.07133333333333335,7500.0,0.0,0.0,0.0,45.86925977037967,optimal
2021-02-08 14:30:00,9,74,2.142857142857143,0.0,0.0,0.175,12.1275,6.0,0,20.61093372837675,55.0,0.07133333333333335,7500.0,0.0,0.0,0.0,45.71820303326275,optimal
2021-02-08 15:00:00,9,74,2.142857142857143,0.0,0.0,0.1444,12.348,6.0,0,20.7171116262169,55.0,0.07133333333333335,7500.0,0.0,0.0,0.0,45.56729735288295,optimal
2021-02-08 15:30:00,9,74,2.142857142857143,0.0,0.0,0.05666666666666666,12.348,6.0,0,20.819726906275545,55.0,0.07133333333333335,7500.0,0.0,0.0,0.0,45.41654257818353,optimal
2021-02-08 16:00:00,9,74,0.0,0.0,0.0,0.2734,25.389,6.0,0,20.918519626283782,55.0,0.07133333333333335,0.0,0.0,0.0,0.0,45.26593855825881,optimal
2021-02-08 16:30:00,9,74,0.0,0.0,0.0,0.4493333333333333,29.1375,6.0,0,20.742356709624435,55.0,0.07133333333333335,0.0,0.0,0.0,0.0,45.11548514235401,optimal
2021-02-08 17:00:00,9,74,0.0,0.0,0.0,1.3115,30.597,6.0,0,20.565411166992906,55.0,0.06666666666666668,0.0,0.0,0.0,0.0,44.96518217986512,optimal
2021-02-08 17:30:00,9,74,0.0,0.0,0.0,0.8675,33.684,6.0,0,20.415837859570182,55.0,0.06533333333333334,0.0,0.0,0.0,0.0,44.81502952033871,optimal
2021-02-08 18:00:00,9,74,0.0,0.0,0.0,0.233,32.445,6.0,0,20.27727559551468,55.0,0.05866666666666668,0.0,0.0,0.0,0.0,44.665027013471835,optimal
2021-02-08 18:30:00,9,74,0.0,0.0,0.0,0.5211,28.917,6.0,0,20.13269837613566,55.0,0.05200000000000001,0.0,0.0,0.0,0.0,44.51517450911182,optimal
2021-02-08 19:00:00,9,74,0.9076625452766285,0.0,0.0,1.4729,15.876,6.0,0,20.0,55.0,0.05200000000000001,3176.8189084682,0.0,0.0,0.0,44.36547185725617,optimal
2021-02-08 19:30:00,9,74,0.9348565831205817,0.0,0.0,2.1328,12.348,6.0,0,20.0,55.0,0.047333333333333345,3271.998040922036,0.0,0.0,0.0,44.21591890805237,optimal
2021-02-08 20:00:00,9,74,1.0236830019168914,0.0,0.0,0.4313,12.1275,6.0,0,20.0,55.0,0.04200000000000001,3582.89050670912,0.0,0.0,0.0,44.06651551179778,optimal
2021-02-08 20:30:00,9,74,0.0,0.0,0.0,0.18553333333333333,12.348,6.0,0,20.0,55.0,0.04000000000000001,0.0,0.0,0.0,0.0,43.91726151893944,optimal
2021-02-08 21:00:00,9,74,0.0,0.0,0.0,0.3257,12.1275,6.0,0,19.868607659112786,55.0,0.03800000000000001,0.0,0.0,0.0,0.0,43.76815678007396,optimal
2021-02-08 21:30:00,9,74,0.0,0.0,0.0,0.158,12.1275,6.0,0,19.73773031186324,55.0,0.03733333333333334,0.0,0.0,0.0,0.0,43.61920114594734,optimal
2021-02-08 22:00:00,9,74,0.0,0.0,0.0,0.29756666666666665,11.2665,6.0,0,19.59817273286359,55.0,0.030666666666666675,0.0,0.0,0.0,0.0,43.47039446745486,optimal
2021-02-08 22:30:00,9,74,0.0,0.0,0.0,0.2852,10.143,6.0,0,19.464730245903045,55.0,0.023333333333333345,0.0,0.0,0.0,0.0,43.321736595640864,optimal
2021-02-08 23:00:00,9,74,0.0,0.0,0.0,0.35733333333333334,11.2455,6.0,0,19.33294877983207,55.0,0.022666666666666675,0.0,0.0,0.0,0.0,43.27841485904522,optimal
2021-02-08 23:30:00,9,74,0.0,0.0,0.0,0.5717000000000001,11.025,6.0,0,19.20080019595319,55.0,0.022666666666666675,0.0,0.0,0.0,0.0,43.235136444186175,optimal
2021-02-09 00:00:00,9,74,2.142857142857143,0.0,9.0,0.056,10.584,6.0,0,19.20080019595319,55.0,0.022666666666666675,7500.0,0.0,0.0,0.0,47.466901307741985,optimal
2021-02-09 00:30:00,9,74,2.142857142857143,0.0,0.0,0.056,11.2455,6.0,0,19.31858410258493,55.0,0.09443700159489633,0.0,0.0,7500.0,0.0,47.41943440643424,optimal
2021-02-09 01:00:00,9,74,2.142857142857143,0.0,0.0,0.056,12.1275,6.0,0,19.153427033434497,55.0,0.11466666666666667,5386.0,0.0,2114.0,0.0,47.372014972027806,optimal
2021-02-09 01:30:00,9,74,2.142857142857143,0.0,0.0,0.056,11.823,6.0,0,19.193025999605965,55.0,0.11466666666666667,7500.0,0.0,0.0,0.0,47.32464295705578,optimal
2021-02-09 02:00:00,9,74,2.142857142857143,0.0,0.0,0.056,11.7705,6.0,0,19.310883067033885,55.0,0.11466666666666667,7500.0,0.0,0.0,0.0,47.27731831409872,optimal
2021-02-09 02:30:00,9,74,2.142857142857143,0.0,0.0,0.056,11.13,6.0,0,19.426689942288196,55.0,0.11466666666666667,7500.0,0.0,0.0,0.0,47.23004099578462,optimal
2021-02-09 03:00:00,9,74,2.142857142857143,0.0,0.0,0.056,11.6865,6.0,0,19.541877527371167,55.0,0.11466666666666667,7500.0,0.0,0.0,0.0,47.182810954788835,optimal
2021-02-09 03:30:00,9,74,2.142857142857143,0.0,0.0,0.056,10.7205,6.0,0,19.656451650250077,55.0,0.11466666666666667,7500.0,0.0,0.0,0.0,47.13562814383405,optimal
2021-02-09 04:00:00,9,74,2.142857142857143,0.0,0.0,0.056,11.424,6.0,0,19.770888620118455,55.0,0.11466666666666667,7500.0,0.0,0.0,0.0,47.08849251569021,optimal
2021-02-09 04:30:00,9,74,2.142857142857143,0.0,2.524879284613812,0.056,10.689,6.0,0,19.885189727685077,55.0,0.11466666666666667,7500.0,0.0,0.0,0.0,48.240721683366075,optimal
2021-02-09 05:00:00,9,74,2.142857142857143,0.0,0.0,0.056,11.361,6.0,0,19.997474107225766,55.0,0.11466666666666667,7500.0,0.0,0.0,0.0,48.192480961682705,optimal
2021-02-09 05:30:00,9,74,2.142857142857143,0.0,0.0,0.056,11.571,6.0,0,20.10776073760618,55.0,0.11466666666666667,7500.0,0.0,0.0,0.0,48.144288480721016,optimal
2021-02-09 06:00:00,9,74,1.4707458822826227,0.0,0.0,0.5431333333333334,14.3745,6.0,0,20.217009491230385,55.0,0.11466666666666667,5147.610587989179,0.0,0.0,0.0,48.096144192240295,optimal
2021-02-09 06:30:00,9,74,2.142857142857143,0.0,0.0,0.8988666666666667,13.23,6.0,0,20.260930674869442,55.0,0.09466666666666666,7500.0,0.0,0.0,0.0,48.048048048048045,optimal
2021-02-09 07:00:00,9,74,2.142857142857143,0.0,0.0,1.2124333333333335,13.9755,6.0,0,20.407501307573252,55.0,0.092,7500.0,0.0,0.0,0.0,48.0,optimal
2021-02-09 07:30:00,9,74,0.0,0.0,0.0,0.3848333333333333,14.994,6.0,0,20.52745806620121,55.0,0.015453333333333336,0.0,0.0,0.0,0.0,47.554111975279255,optimal
2021-02-09 08:00:00,9,74,2.142857142857143,0.0,0.0,0.22013333333333332,13.671,6.0,0,20.371611635969558,55.0,0.012666666666666666,7500.0,0.0,0.0,0.0,47.10866983858323,optimal
2021-02-09 08:30:00,9,74,0.0,0.0,0.0,1.4758,15.981,6.0,0,20.495389387661135,55.0,0.008666666666666666,0.0,0.0,0.0,0.0,46.6636731440239,optimal
2021-02-09 09:00:00,9,74,0.0,0.0,0.0,0.09173333333333332,15.6345,6.0,0,20.341884511661778,55.0,0.007333333333333333,0.0,0.0,0.0,0.0,46.219121446159136,optimal
2021-02-09 09:30:00,9,74,0.0,0.0,0.0,0.064,16.5375,6.0,0,20.1703432765681,55.0,0.007333333333333333,0.0,0.0,0.0,0.0,45.775014299992236,optimal
2021-02-09 10:00:00,9,74,2.142857142857143,0.0,0.0,1.2153,14.7735,6.0,0,20.0,55.0,0.007333333333333333,7500.0,0.0,0.0,0.0,45.3313512609715,optimal
2021-02-09 10:30:00,9,74,2.142857142857143,0.0,0.0,0.3496,15.2145,6.0,0,20.116082067616393,55.0,0.005333333333333332,7500.0,0.0,0.0,0.0,44.88813188498979,optimal
2021-02-09 11:00:00,9,74,2.142857142857143,0.0,0.0,0.066,14.553,6.0,0,20.236812412957168,55.0,0.005333333333333332,7500.0,0.0,0.0,0.0,44.44535572838406,optimal
2021-02-09 11:30:00,9,74,2.142857142857143,0.0,0.0,0.066,14.3325,6.0,0,20.34255132129191,55.0,0.005333333333333332,7500.0,0.0,0.0,0.0,44.00302234793493,optimal
2021-02-09 12:00:00,9,74,2.142857142857143,0.0,0.0,0.066,14.595,6.0,0,20.44776568628738,55.0,0.005333333333333332,7500.0,0.0,0.0,0.0,43.56113130086625,optimal
2021-02-09 12:30:00,9,74,2.142857142857143,0.0,0.0,0.066,14.994,6.0,0,20.55246044646605,55.0,0.005333333333333332,7500.0,0.0,0.0,0.0,43.11968214484464,optimal
2021-02-09 13:00:00,9,74,2.142857142857143,0.0,0.0,0.066,14.3325,6.0,0,20.655699417349652,55.0,0.005333333333333332,7500.0,0.0,0.0,0.0,42.67867443797905,optimal
2021-02-09 13:30:00,9,74,2.142857142857143,0.0,0.0,0.066,13.8915,6.0,0,20.757496299494623,55.0,0.005333333333333332,7500.0,0.0,0.0,0.0,42.238107738820325,optimal
2021-02-09 14:00:00,9,74,2.142857142857143,0.0,0.0,0.066,13.8915,6.0,0,20.857864663467446,55.0,0.005333333333333332,7500.0,0.0,0.0,0.0,41.797981606360764,optimal
2021-02-09 14:30:00,9,74,2.142857142857143,0.0,0.0,0.066,13.4715,6.0,0,20.95681795201244,55.0,0.005333333333333332,7500.0,0.0,0.0,0.0,41.358295600033664,optimal
2021-02-09 15:00:00,9,74,2.142857142857143,0.0,0.0,0.066,13.23,6.0,0,21.05436948265252,55.0,0.005333333333333332,7500.0,0.0,0.0,0.0,40.91904927971289,optimal
2021-02-09 15:30:00,9,74,2.142857142857143,0.0,0.0,0.066,13.8915,6.0,0,21.150532444409592,55.0,0.005333333333333332,7500.0,0.0,0.0,0.0,40.48024220571243,optimal
2021-02-09 16:00:00,9,74,0.0,0.0,0.0,0.066,26.9325,6.0,0,21.24579044332147,55.0,0.005333333333333332,0.0,0.0,0.0,0.0,40.041873938785976,optimal
2021-02-09 16:30:00,9,74,0.0,0.0,0.0,0.066,30.303,6.0,0,21.05784891194638,55.0,0.005333333333333332,0.0,0.0,0.0,0.0,39.60394404012645,optimal
2021-02-09 17:00:00,9,74,0.0,0.0,0.0,0.066,32.886,6.0,0,20.870734973825385,55.0,0.005333333333333332,0.0,0.0,0.0,0.0,39.16645207136558,optimal
2021-02-09 17:30:00,9,74,0.0,0.0,0.0,0.33346666666666663,34.9965,6.0,0,20.68444083719539,55.0,0.005333333333333332,0.0,0.0,0.0,0.0,38.72939759457348,optimal
2021-02-09 18:00:00,9,74,0.0,0.0,0.0,0.15733333333333335,33.327,6.0,0,20.51568869852635,55.0,0.005333333333333332,0.0,0.0,0.0,0.0,38.29278017225816,optimal
2021-02-09 18:30:00,9,74,0.0,0.0,0.0,0.066,31.122,6.0,0,20.336738109018672,55.0,0.005333333333333332,0.0,0.0,0.0,0.0,37.85659936736516,optimal
2021-02-09 19:00:00,9,74,0.025643783093918886,0.0,0.0,0.43476666666666663,17.9025,6.0,0,20.15405765885639,55.0,0.005333333333333332,89.7532408287161,0.0,0.0,0.0,37.420854743277054,optimal
2021-02-09 19:30:00,9,74,1.1421949392624806,0.0,0.0,0.44480000000000003,15.6555,6.0,0,20.0,55.0,0.003999999999999999,3997.682287418682,0.0,0.0,0.0,36.98554586381304,optimal
2021-02-09 20:00:00,9,74,1.0432806535481975,0.0,0.0,0.5641333333333334,14.553,6.0,0,20.0,55.0,0.001333333333333333,3651.4822874186916,0.0,0.0,0.0,36.94856031794922,optimal
2021-02-09 20:30:00,9,74,0.0,0.0,0.0,0.47403333333333336,14.3325,6.0,0,20.0,55.0,0.0006666666666666665,0.0,0.0,0.0,0.0,36.91161175763127,optimal
2021-02-09 21:00:00,9,74,0.0,0.0,0.0,0.42586666666666667,13.335,6.0,0,19.861322039657303,55.0,0.0,0.0,0.0,0.0,0.0,36.87470014587364,optimal
2021-02-09 21:30:00,9,74,0.0398095238095238,0.0,0.0,0.47293333333333326,12.1275,6.0,0,19.719358201666516,55.0,0.001333333333333333,0.0,0.0,139.33333333333331,0.0,36.837825445727766,optimal
2021-02-09 22:00:00,9,74,0.0,0.0,0.0,0.33393333333333336,12.2955,6.0,0,19.57840651452543,55.0,0.0,0.0,0.0,0.0,0.0,36.80098762028204,optimal
2021-02-09 22:30:00,9,74,0.09952380952380951,0.0,0.0,0.47173333333333334,11.6865,6.0,0,19.427271977781917,55.0,0.0,0.0,0.0,348.3333333333333,0.0,36.764186632661755,optimal
2021-02-09 23:00:00,9,74,0.0199047619047619,0.0,0.0,0.352,11.466,6.0,0,19.277054120816373,55.0,0.0,0.0,0.0,69.66666666666666,0.0,36.727422446029095,optimal
2021-02-09 23:30:00,9,74,0.0796190476190476,0.0,0.0,0.24053333333333332,10.8045,6.0,0,19.130173378181873,55.0,0.0,0.0,0.0,278.66666666666663,0.0,36.69069502358307,optimal
2021-02-10 00:00:00,9,74,2.142857142857143,0.0,0.0,0.24666666666666662,10.8045,6.0,0,19.130173378181873,55.0,0.0,7500.0,0.0,0.0,0.0,36.65400432855949,optimal
2021-02-10 00:30:00,9,74,2.142857142857143,0.0,0.0,0.22903333333333334,11.508,6.0,0,19.256364442853208,55.0,0.032,4156.0,0.0,3344.0,0.0,36.61735032423093,optimal
2021-02-10 01:00:00,9,74,2.142857142857143,0.0,0.0,0.32816666666666666,11.508,6.0,0,19.255223588282327,55.0,0.032,7500.0,0.0,0.0,0.0,36.5807329739067,optimal
2021-02-10 01:30:00,9,74,2.142857142857143,0.0,0.0,0.2268,11.508,6.0,0,19.386502335532747,55.0,0.029333333333333333,7500.0,0.0,0.0,0.0,36.54415224093279,optimal
2021-02-10 02:00:00,9,74,2.142857142857143,0.0,0.0,0.4679,11.844,6.0,0,19.51052438215421,55.0,0.029333333333333333,7500.0,0.0,0.0,0.0,36.50760808869185,optimal
2021-02-10 02:30:00,9,74,2.142857142857143,0.0,0.0,0.3088,11.508,6.0,0,19.642793096686344,55.0,0.029333333333333333,7500.0,0.0,0.0,0.0,36.47110048060316,optimal
2021-02-10 03:00:00,9,74,2.142857142857143,0.0,0.0,0.14813333333333334,11.508,6.0,0,19.769296453865635,55.0,0.029333333333333333,7500.0,0.0,0.0,0.0,36.43462938012256,optimal
2021-02-10 03:30:00,9,74,2.142857142857143,0.0,9.0,0.11793333333333333,10.4475,6.0,0,19.87634117719272,55.0,0.029333333333333333,7500.0,0.0,0.0,0.0,40.67319475074243,optimal
2021-02-10 04:00:00,9,74,2.142857142857143,0.0,7.722022531493361,0.16933333333333334,10.8675,6.0,0,19.981241792044365,55.0,0.029333333333333333,7500.0,0.0,0.0,0.0,44.30048225845103,optimal
2021-02-10 04:30:00,9,74,2.142857142857143,0.0,9.0,0.13219999999999998,10.542,6.0,0,20.087089933542025,55.0,0.029333333333333333,7500.0,0.0,0.0,0.0,48.53118177619257,optimal
2021-02-10 05:00:00,9,74,2.142857142857143,0.0,0.0,0.07156666666666667,11.025,6.0,0,20.189603181605037,55.0,0.029333333333333333,7500.0,0.0,0.0,0.0,48.48265059441637,optimal
2021-02-10 05:30:00,9,74,2.142857142857143,0.0,0.0,0.22996666666666668,11.025,6.0,0,20.28792837033485,55.0,0.029333333333333333,7500.0,0.0,0.0,0.0,48.434167943821954,optimal
2021-02-10 06:00:00,9,74,2.142857142857143,0.0,0.0,0.09296666666666668,14.553,6.0,0,20.39034941701687,55.0,0.029333333333333333,7500.0,0.0,0.0,0.0,48.38573377587813,optimal
2021-02-10 06:30:00,9,74,2.142857142857143,0.0,0.0,0.4838,13.0935,6.0,0,20.485708799349382,55.0,0.029333333333333333,7500.0,0.0,0.0,0.0,48.33734804210225,optimal
2021-02-10 07:00:00,9,74,2.142857142857143,0.0,0.0,0.11773333333333331,15.6345,6.0,0,20.601933335641522,55.0,0.029333333333333333,7500.0,0.0,0.0,0.0,48.289010694060146,optimal
2021-02-10 07:30:00,9,74,0.0,0.0,0.0,0.11793333333333333,18.102,6.0,0,20.699998076734445,55.0,0.029333333333333333,0.0,0.0,0.0,0.0,48.240721683366075,optimal
2021-02-10 08:00:00,9,74,0.0,0.0,0.0,0.16933333333333334,17.199,6.0,0,20.514373869557875,55.0,0.029333333333333333,0.0,0.0,0.0,0.0,48.192480961682705,optimal
2021-02-10 08:30:00,9,74,0.0,0.0,0.0,0.10723333333333332,18.2805,6.0,0,20.331960701200526,55.0,0.029333333333333333,0.0,0.0,0.0,0.0,48.144288480721016,optimal
2021-02-10 09:00:00,9,74,1.4638744578290412,0.0,0.0,0.09296666666666668,17.4615,6.0,0,20.15080884713757,55.0,0.029333333333333333,5123.560602401644,0.0,0.0,0.0,48.096144192240295,optimal
2021-02-10 09:30:00,9,74,0.0,0.0,0.0,0.8907,18.3225,6.0,0,20.165559831363083,55.0,0.029333333333333333,0.0,0.0,0.0,0.0,48.048048048048045,optimal
2021-02-10 10:00:00,9,74,1.058835338706267,0.0,0.0,2.6698000000000004,17.094,6.0,0,20.0,55.0,0.027333333333333334,3705.9236854719347,0.0,0.0,0.0,48.0,optimal
2021-02-10 10:30:00,9,74,1.1564327294337566,0.0,0.0,1.8008666666666666,17.094,6.0,0,20.0,55.0,0.024,4047.5145530181476,0.0,0.0,0.0,47.70833163518707,optimal
2021-02-10 11:00:00,9,74,2.142857142857143,0.0,0.0,0.3969,17.094,6.0,0,20.0,55.0,0.021333333333333333,7500.0,0.0,0.0,0.0,47.41695493873896,optimal
2021-02-10 11:30:00,9,74,1.7088149411222233,0.0,0.0,0.22983333333333328,17.3565,6.0,0,20.12024786196372,55.0,0.018666666666666668,5980.852293927781,0.0,0.0,0.0,47.125869618987295,optimal
2021-02-10 12:00:00,9,74,2.142857142857143,0.0,0.0,0.3120333333333334,17.115,6.0,0,20.17603237997672,55.0,0.016666666666666666,7500.0,0.0,0.0,0.0,46.83507538455538,optimal
2021-02-10 12:30:00,9,74,2.142857142857143,0.0,0.0,0.21766666666666662,17.241,6.0,0,20.292382918056358,55.0,0.016666666666666666,7500.0,0.0,0.0,0.0,46.5445719443579,optimal
2021-02-10 13:00:00,9,74,2.142857142857143,0.0,0.0,0.11723333333333331,17.094,6.0,0,20.40224213341829,55.0,0.016666666666666666,7500.0,0.0,0.0,0.0,46.25435900760061,optimal
2021-02-10 13:30:00,9,74,2.142857142857143,0.0,0.0,0.13336666666666666,16.5165,6.0,0,20.503598381613692,55.0,0.016666666666666666,7500.0,0.0,0.0,0.0,45.96443628378009,optimal
2021-02-10 14:00:00,9,74,2.142857142857143,0.0,0.0,0.1846,17.8185,6.0,0,20.60649020397114,55.0,0.016666666666666666,7500.0,0.0,0.0,0.0,45.67480348268338,optimal
2021-02-10 14:30:00,9,74,2.142857142857143,0.0,0.0,0.10653333333333331,17.094,6.0,0,20.712224327630267,55.0,0.016666666666666666,7500.0,0.0,0.0,0.0,45.38546031438777,optimal
2021-02-10 15:00:00,9,74,2.142857142857143,0.0,0.0,0.1739,16.8945,6.0,0,20.814024955509716,55.0,0.016666666666666666,7500.0,0.0,0.0,0.0,45.09640648926046,optimal
2021-02-10 15:30:00,9,74,2.142857142857143,0.0,0.0,0.14763333333333334,18.123,6.0,0,20.91740327277322,55.0,0.016666666666666666,7500.0,0.0,0.0,0.0,44.807641717958276,optimal
2021-02-10 16:00:00,9,74,0.0,0.0,0.0,0.25016666666666665,31.647,6.0,0,21.016937893083085,55.0,0.016666666666666666,0.0,0.0,0.0,0.0,44.51916571142739,optimal
2021-02-10 16:30:00,9,74,0.0,0.0,0.0,0.4829666666666666,34.9965,6.0,0,20.847662692123464,55.0,0.016666666666666666,0.0,0.0,0.0,0.0,44.23097818090304,optimal
2021-02-10 17:00:00,9,74,0.0,0.0,0.0,0.2969333333333333,34.9965,6.0,0,20.696811906163294,55.0,0.016666666666666666,0.0,0.0,0.0,0.0,43.943078837909205,optimal
2021-02-10 17:30:00,9,74,0.0,0.0,0.0,0.45589999999999997,34.9965,6.0,0,20.54260403946855,55.0,0.014666666666666666,0.0,0.0,0.0,0.0,43.655467394258366,optimal
2021-02-10 18:00:00,9,74,0.0,0.0,0.0,0.9178999999999999,34.9965,6.0,0,20.39727587150918,55.0,0.014666666666666666,0.0,0.0,0.0,0.0,43.36814356205118,optimal
2021-02-10 18:30:00,9,74,0.0,0.0,0.0,1.8768333333333334,34.9965,6.0,0,20.260034942265563,55.0,0.007333333333333333,0.0,0.0,0.0,0.0,43.081107053676206,optimal
2021-02-10 19:00:00,9,74,0.0,0.0,0.0,0.5742,27.741,6.0,0,20.144620906012857,55.0,0.007333333333333333,0.0,0.0,0.0,0.0,42.79435758180961,optimal
2021-02-10 19:30:00,9,74,1.1480012798579464,0.0,0.0,0.5577666666666666,19.026,6.0,0,20.0,55.0,0.006,4018.0044795028125,0.0,0.0,0.0,42.50789485941487,optimal
2021-02-10 20:00:00,9,74,1.0386786445184881,0.0,0.0,0.7121333333333333,18.7215,6.0,0,20.0,55.0,0.002,3635.375255814709,0.0,0.0,0.0,42.22171859974253,optimal
2021-02-10 20:30:00,9,74,0.0,0.0,0.0,0.49376666666666663,17.4195,6.0,0,20.0,55.0,0.0,0.0,0.0,0.0,0.0,41.93582851632986,optimal
2021-02-10 21:00:00,9,74,0.0,0.0,0.0,0.27616666666666667,16.758,6.0,0,19.86016551997838,55.0,0.0,0.0,0.0,0.0,0.0,41.65022432300061,optimal
2021-02-10 21:30:00,9,74,0.0199047619047619,0.0,0.0,0.4284,14.217,6.0,0,19.707895655644677,55.0,0.0,0.0,0.0,69.66666666666666,0.0,41.60857409867761,optimal
2021-02-10 22:00:00,9,74,0.8367961904761907,0.0,0.0,0.2966666666666667,13.3665,6.0,0,19.552808261023017,55.0,0.0,0.0,0.0,2928.7866666666673,0.0,41.56696552457893,optimal
2021-02-10 22:30:00,9,74,0.4968228571428572,0.0,0.0,0.2214,12.789,6.0,0,19.37326904942326,55.0,0.0,0.0,0.0,1738.88,0.0,41.52539855905435,optimal
2021-02-10 23:00:00,9,74,0.0,0.0,0.0,0.1779,11.907,6.0,0,19.18454998070883,55.0,0.0,0.0,0.0,0.0,0.0,41.4838731604953,optimal
2021-02-10 23:30:00,9,74,0.0,0.0,0.0,0.2268,11.7075,6.0,0,18.99152154015896,55.0,0.0,0.0,0.0,0.0,0.0,41.442389287334805,optimal
2021-02-11 00:00:00,9,74,2.142857142857143,0.0,0.0,0.057,11.025,6.0,0,18.99152154015896,55.0,0.0,7500.0,0.0,0.0,0.0,41.40094689804747,optimal
2021-02-11 00:30:00,9,74,2.142857142857143,0.0,0.0,0.08366666666666667,12.0855,6.0,0,19.067665833469224,55.0,0.07177033492822966,0.0,0.0,7500.0,0.0,41.35954595114942,optimal
2021-02-11 01:00:00,9,74,2.142857142857143,0.0,0.0,0.177,11.6865,6.0,0,18.862735290156028,55.0,0.0728061410560612,7391.758259641604,0.0,108.24174035839587,0.0,41.31818640519827,optimal
2021-02-11 01:30:00,9,74,2.142857142857143,0.0,0.0,0.057,11.2245,6.0,0,18.942416284997957,55.0,0.0728061410560612,7500.0,0.0,0.0,0.0,41.27686821879307,optimal
2021-02-11 02:00:00,9,74,2.142857142857143,0.0,0.0,0.057,11.025,6.0,0,19.02090483847185,55.0,0.0728061410560612,7500.0,0.0,0.0,0.0,41.235591350574275,optimal
2021-02-11 02:30:00,9,74,2.142857142857143,0.0,0.0,0.057,10.7835,6.0,0,19.09865475803338,55.0,0.0728061410560612,7500.0,0.0,0.0,0.0,41.1943557592237,optimal
2021-02-11 03:00:00,9,74,2.142857142857143,0.0,0.0,0.057,11.025,6.0,0,19.174731922617312,55.0,0.0728061410560612,7500.0,0.0,0.0,0.0,41.15316140346447,optimal
2021-02-11 03:30:00,9,74,2.142857142857143,0.0,6.295079350938379,0.20366666666666663,10.584,6.0,0,19.249152074054766,55.0,0.0728061410560612,7500.0,0.0,0.0,0.0,44.10217093375673,optimal
2021-02-11 04:00:00,9,74,2.142857142857143,0.0,0.0,0.057,11.025,6.0,0,19.330745152106847,55.0,0.0728061410560612,7500.0,0.0,0.0,0.0,44.05806876282297,optimal
2021-02-11 04:30:00,9,74,2.142857142857143,0.0,9.0,0.057,10.4265,6.0,0,19.408402467217954,55.0,0.0728061410560612,7500.0,0.0,0.0,0.0,48.289010694060146,optimal
2021-02-11 05:00:00,9,74,2.142857142857143,0.0,0.0,0.17033333333333334,12.789,6.0,0,19.485328970969373,55.0,0.0728061410560612,7500.0,0.0,0.0,0.0,48.240721683366075,optimal
2021-02-11 05:30:00,9,74,2.142857142857143,0.0,0.0,0.09033333333333332,12.684,6.0,0,19.565797454036943,55.0,0.0728061410560612,7500.0,0.0,0.0,0.0,48.192480961682705,optimal
2021-02-11 06:00:00,9,74,2.142857142857143,0.0,0.0,0.059333333333333335,16.254,6.0,0,19.64485011812761,55.0,0.0728061410560612,7500.0,0.0,0.0,0.0,48.144288480721016,optimal
2021-02-11 06:30:00,9,74,2.142857142857143,0.0,0.0,0.06566666666666666,17.64,6.0,0,19.72425683961913,55.0,0.07080614105606121,7500.0,0.0,0.0,0.0,48.096144192240295,optimal
2021-02-11 07:00:00,9,74,2.142857142857143,0.0,0.0,0.1764,19.1625,6.0,0,19.80742074374512,55.0,0.06747280772272787,7500.0,0.0,0.0,0.0,48.048048048048045,optimal
2021-02-11 07:30:00,9,74,2.142857142857143,0.0,0.0,0.14333333333333334,26.46,6.0,0,19.900363065725617,55.0,0.0034728077227278754,7500.0,0.0,0.0,0.0,48.0,optimal
2021-02-11 08:00:00,9,74,2.142857142857143,0.0,0.0,0.2673333333333333,20.79,6.0,0,20.0,55.0,0.0033333333333333335,7235.908407025063,0.0,264.091592974937,0.0,47.73383697696947,optimal
2021-02-11 08:30:00,9,74,0.7443120030132965,0.0,0.0,0.1718,29.106,6.0,0,20.094226690863913,55.0,0.0,2605.0920105465375,0.0,0.0,0.0,47.46794011696198,optimal
2021-02-11 09:00:00,9,74,2.142857142857143,0.0,0.0,0.21366666666666662,19.1835,6.0,0,20.0,55.0,0.0,7500.0,0.0,0.0,0.0,47.20230915381449,optimal
2021-02-11 09:30:00,9,74,0.9059678953078198,0.0,0.0,0.119,19.6665,6.0,0,20.074922934032752,55.0,0.0,3170.8876335773693,0.0,0.0,0.0,46.936943821630145,optimal
2021-02-11 10:00:00,9,74,1.2054629633312706,0.0,0.0,0.385,19.404,6.0,0,20.0,55.0,0.0,4219.120371659447,0.0,0.0,0.0,46.67184385477799,optimal
2021-02-11 10:30:00,9,74,2.0582276861356026,0.0,0.0,0.07366666666666667,19.047,6.0,0,20.0,55.0,0.021333333333333333,4974.463568141275,0.0,2229.3333333333335,0.0,46.40700898789268,optimal
2021-02-11 11:00:00,9,74,2.142857142857143,0.0,0.0,0.14033333333333334,18.858,6.0,0,20.0,55.0,0.021333333333333333,7500.0,0.0,0.0,0.0,46.14243895587426,optimal
2021-02-11 11:30:00,9,74,1.02090576158593,0.0,0.0,0.14033333333333334,19.2675,6.0,0,20.091925159697748,55.0,0.021333333333333333,3573.170165550755,0.0,0.0,0.0,45.87813349388786,optimal
2021-02-11 12:00:00,9,74,2.142857142857143,0.0,0.0,0.067,18.963,6.0,0,20.042235790645197,55.0,0.021333333333333333,7500.0,0.0,0.0,0.0,45.614092337363445,optimal
2021-02-11 12:30:00,9,74,2.142857142857143,0.0,0.0,0.5557333333333333,18.438,6.0,0,20.145119268976984,55.0,0.02,7500.0,0.0,0.0,0.0,45.35031522199555,optimal
2021-02-11 13:00:00,9,74,2.142857142857143,0.0,0.0,0.3401666666666667,18.7425,6.0,0,20.275493852537885,55.0,0.02,7500.0,0.0,0.0,0.0,45.08680188374303,optimal
2021-02-11 13:30:00,9,74,2.142857142857143,0.0,0.0,0.3412,15.2145,6.0,0,20.407920146802823,55.0,0.019333333333333334,7500.0,0.0,0.0,0.0,44.82355205882876,optimal
2021-02-11 14:00:00,9,74,2.142857142857143,0.0,0.0,0.5114666666666666,17.7765,6.0,0,20.542978492961034,55.0,0.019333333333333334,7500.0,0.0,0.0,0.0,44.5605654837394,optimal
2021-02-11 14:30:00,9,74,2.142857142857143,0.0,0.0,0.5213,16.758,6.0,0,20.686976493569237,55.0,0.019333333333333334,7500.0,0.0,0.0,0.0,44.29784189522513,optimal
2021-02-11 15:00:00,9,74,2.142857142857143,0.0,0.0,0.23853333333333332,16.422,6.0,0,20.83047484454615,55.0,0.019333333333333334,7500.0,0.0,0.0,0.0,44.035381030299384,optimal
2021-02-11 15:30:00,9,74,2.142857142857143,0.0,0.0,0.4138,16.758,6.0,0,20.963381832515875,55.0,0.014666666666666666,7500.0,0.0,0.0,0.0,43.77318262623856,optimal
2021-02-11 16:00:00,9,74,0.0,0.0,0.0,0.29603333333333337,29.358,6.0,0,21.08640264806055,55.0,0.014,0.0,0.0,0.0,0.0,43.51124642058179,optimal
2021-02-11 16:30:00,9,74,0.0,0.0,0.0,0.47643333333333326,34.9965,6.0,0,20.90551317330972,55.0,0.010666666666666666,0.0,0.0,0.0,0.0,43.249572151130685,optimal
2021-02-11 17:00:00,9,74,0.0,0.0,0.0,0.3224666666666666,34.65,6.0,0,20.724232635300922,55.0,0.006666666666666667,0.0,0.0,0.0,0.0,42.988159555949025,optimal
2021-02-11 17:30:00,9,74,0.0,0.0,0.0,0.228,34.9965,6.0,0,20.536024061440408,55.0,0.0033333333333333335,0.0,0.0,0.0,0.0,42.72700837336255,optimal
2021-02-11 18:00:00,9,74,0.0,0.0,0.0,0.3552,34.9965,6.0,0,20.358968887309384,55.0,0.0033333333333333335,0.0,0.0,0.0,0.0,42.46611834195866,optimal
2021-02-11 18:30:00,9,74,0.0,0.0,0.0,1.3253333333333333,30.4815,6.0,0,20.18280300304615,55.0,0.0033333333333333335,0.0,0.0,0.0,0.0,42.20548920058618,optimal
2021-02-11 19:00:00,9,74,1.4549416976320988,0.0,0.0,1.4463333333333332,21.4305,6.0,0,20.0,55.0,0.0,5092.295941712346,0.0,0.0,0.0,41.94512068835507,optimal
2021-02-11 19:30:00,9,74,1.5983311693077105,0.0,0.0,0.35486666666666666,14.3325,6.0,0,20.0,55.0,0.0,5454.825759243654,0.0,139.33333333333331,0.0,41.68501254463619,optimal
2021-02-11 20:00:00,9,74,1.7185387362214222,0.0,0.0,0.2225,13.692,6.0,0,20.0,55.0,0.001333333333333333,5736.21891010831,0.0,278.66666666666663,0.0,41.42516450906103,optimal
2021-02-11 20:30:00,9,74,0.0,0.0,0.0,0.4280333333333334,14.007,6.0,0,20.0,55.0,0.0,0.0,0.0,0.0,0.0,41.165576321521435,optimal
2021-02-11 21:00:00,9,74,0.05971428571428571,0.0,0.0,0.5323333333333333,12.873,6.0,0,19.77951512376833,55.0,0.0,0.0,0.0,209.0,0.0,41.12441074519992,optimal
2021-02-11 21:30:00,9,74,0.05971428571428571,0.0,0.0,0.6098,12.684,6.0,0,19.58442697870176,55.0,0.0,0.0,0.0,209.0,0.0,41.08328633445472,optimal
2021-02-11 22:00:00,9,74,0.1592380952380952,0.0,0.0,0.4716,12.306,6.0,0,19.39869176040601,55.0,0.0,0.0,0.0,557.3333333333333,0.0,41.042203048120264,optimal
2021-02-11 22:30:00,9,74,0.5573333333333333,0.0,0.0,0.4498333333333333,10.6365,6.0,0,19.21119657479592,55.0,0.018666666666666668,0.0,0.0,1950.6666666666667,0.0,41.00116084507214,optimal
2021-02-11 23:00:00,9,74,0.0,0.0,0.0,0.3671333333333333,11.2455,6.0,0,19.021387771734368,55.0,0.0,0.0,0.0,0.0,0.0,40.96015968422707,optimal
2021-02-11 23:30:00,9,74,0.0,0.0,0.0,0.4266666666666667,11.2455,6.0,0,18.826361209438222,55.0,0.0,0.0,0.0,0.0,0.0,40.91919952454285,optimal
2021-02-12 00:00:00,9,74,2.142857142857143,0.0,0.0,0.07379999999999999,10.3635,6.0,0,18.826361209438222,55.0,0.0,7500.0,0.0,0.0,0.0,40.8782803250183,optimal
2021-02-12 00:30:00,9,74,2.142857142857143,0.0,0.0,0.2857333333333333,10.8045,6.0,0,18.877709513100303,55.0,0.007003487972215982,6768.13550690343,0.0,731.8644930965702,0.0,40.837402044693285,optimal
2021-02-12 01:00:00,9,74,2.142857142857143,0.0,0.0,0.065,11.025,6.0,0,18.909004169786584,55.0,0.007003487972215982,7500.0,0.0,0.0,0.0,40.79656464264859,optimal
2021-02-12 01:30:00,9,74,2.142857142857143,0.0,0.0,0.21636666666666668,10.3635,6.0,0,18.959243507956252,55.0,0.007003487972215982,7500.0,0.0,0.0,0.0,40.75576807800594,optimal
2021-02-12 02:00:00,9,74,2.142857142857143,0.0,0.0,0.2319,10.8045,6.0,0,19.01564863335371,55.0,0.007003487972215982,7500.0,0.0,0.0,0.0,40.715012309927936,optimal
2021-02-12 02:30:00,9,74,2.142857142857143,0.0,0.0,0.1134,10.059,6.0,0,19.07304869901827,55.0,0.007003487972215982,7500.0,0.0,0.0,0.0,40.674297297618004,optimal
2021-02-12 03:00:00,9,74,2.142857142857143,0.0,0.0,0.20046666666666668,10.584,6.0,0,19.1282714164153,55.0,0.007003487972215982,7500.0,0.0,0.0,0.0,40.633623000320384,optimal
2021-02-12 03:30:00,9,74,2.142857142857143,0.0,9.0,0.20213333333333333,9.4185,6.0,0,19.189074889724267,55.0,0.007003487972215982,7500.0,0.0,0.0,0.0,44.867989377320065,optimal
2021-02-12 04:00:00,9,74,2.142857142857143,0.0,0.0,0.07106666666666667,10.3635,6.0,0,19.25595639750423,55.0,0.007003487972215982,7500.0,0.0,0.0,0.0,44.82312138794274,optimal
2021-02-12 04:30:00,9,74,2.142857142857143,0.0,7.594601072259644,0.12363333333333335,9.8385,6.0,0,19.323862603884454,55.0,0.007003487972215982,7500.0,0.0,0.0,0.0,48.38573377587813,optimal
2021-02-12 05:00:00,9,74,2.142857142857143,0.0,0.0,0.3730333333333334,11.067,6.0,0,19.399695899798427,55.0,0.007003487972215982,7500.0,0.0,0.0,0.0,48.33734804210225,optimal
2021-02-12 05:30:00,9,74,2.142857142857143,0.0,0.0,0.10926666666666668,10.8465,6.0,0,19.490790573122723,55.0,0.007003487972215982,7500.0,0.0,0.0,0.0,48.289010694060146,optimal
2021-02-12 06:00:00,9,74,2.142857142857143,0.0,0.0,0.27593333333333336,13.671,6.0,0,19.57849025649419,55.0,0.007003487972215982,7500.0,0.0,0.0,0.0,48.240721683366075,optimal
2021-02-12 06:30:00,9,74,2.142857142857143,0.0,0.0,0.22236666666666668,12.348,6.0,0,19.678928212238596,55.0,0.007003487972215982,7500.0,0.0,0.0,0.0,48.192480961682705,optimal
2021-02-12 07:00:00,9,74,2.142857142857143,0.0,0.0,0.0958,14.3325,6.0,0,19.7774837900091,55.0,0.007003487972215982,7500.0,0.0,0.0,0.0,48.144288480721016,optimal
2021-02-12 07:30:00,9,74,2.142857142857143,0.0,0.0,0.3494,15.393,6.0,0,19.886809335535176,55.0,0.006336821305549316,7500.0,0.0,0.0,0.0,48.096144192240295,optimal
2021-02-12 08:00:00,9,74,2.142857142857143,0.0,0.0,0.5099,13.587,6.0,0,20.0,55.0,0.002,7256.531159763237,0.0,243.46884023676316,0.0,48.048048048048045,optimal
2021-02-12 08:30:00,9,74,0.6017038836659167,0.0,0.0,0.3620333333333334,16.1385,6.0,0,20.10297569090958,55.0,0.0,2105.9635928307084,0.0,0.0,0.0,48.0,optimal
2021-02-12 09:00:00,9,74,1.3374350749116297,0.0,0.0,1.6662666666666668,14.595,6.0,0,20.0,55.0,0.001333333333333333,3984.3560955240378,0.0,696.6666666666665,0.0,47.826173070258626,optimal
2021-02-12 09:30:00,9,74,1.222952361136991,0.0,0.0,0.8590666666666668,14.637,6.0,0,20.0,55.0,0.0,4280.333263979468,0.0,0.0,0.0,47.652519967447,optimal
2021-02-12 10:00:00,9,74,1.89550199906393,0.0,0.0,0.3293333333333333,13.9125,6.0,0,20.0,55.0,0.0,4265.590330057087,0.0,2368.6666666666665,0.0,47.47904051773818,optimal
2021-02-12 10:30:00,9,74,2.142857142857143,0.0,0.0,0.4324666666666666,13.3665,6.0,0,20.0,55.0,0.027999999999999994,4365.0,0.0,3134.9999999999995,0.0,47.30573454747907,optimal
2021-02-12 11:00:00,9,74,2.142857142857143,0.0,0.0,0.26480000000000004,13.0095,6.0,0,20.00931786781349,55.0,0.027999999999999994,7500.0,0.0,0.0,0.0,47.13260188319022,optimal
2021-02-12 11:30:00,9,74,0.5421648598860576,0.0,0.0,0.29460000000000003,13.8915,6.0,0,20.12995136741545,55.0,0.027999999999999994,1897.5770096012016,0.0,0.0,0.0,46.959642351565655,optimal
2021-02-12 12:00:00,9,74,2.142857142857143,0.0,0.0,0.28606666666666664,13.188,6.0,0,20.032962471493498,55.0,0.027999999999999994,7500.0,0.0,0.0,0.0,46.78685577947272,optimal
2021-02-12 12:30:00,9,74,2.142857142857143,0.0,0.0,0.158,12.5685,6.0,0,20.15160191273725,55.0,0.027999999999999994,7500.0,0.0,0.0,0.0,46.61424199395187,optimal
2021-02-12 13:00:00,9,74,2.142857142857143,0.0,0.0,0.3586666666666667,12.285,6.0,0,20.26108616513919,55.0,0.027999999999999994,7500.0,0.0,0.0,0.0,46.44180082221655,optimal
2021-02-12 13:30:00,9,74,2.142857142857143,0.0,0.0,0.1272,11.487,6.0,0,20.377563803485593,55.0,0.027999999999999994,7500.0,0.0,0.0,0.0,46.26953209165296,optimal
2021-02-12 14:00:00,9,74,2.142857142857143,0.0,0.0,0.163,11.802,6.0,0,20.483291730682385,55.0,0.027999999999999994,7500.0,0.0,0.0,0.0,46.09743562981994,optimal
2021-02-12 14:30:00,9,74,2.142857142857143,0.0,0.0,0.30146666666666666,11.2245,6.0,0,20.588431135424386,55.0,0.027999999999999994,7500.0,0.0,0.0,0.0,45.92551126444875,optimal
2021-02-12 15:00:00,9,74,2.142857142857143,0.0,0.0,0.1404,11.025,6.0,0,20.696851972576454,55.0,0.027999999999999994,7500.0,0.0,0.0,0.0,45.75375882344293,optimal
2021-02-12 15:30:00,9,74,2.142857142857143,0.0,0.0,0.21653333333333333,11.907,6.0,0,20.797248802331094,55.0,0.027999999999999994,7500.0,0.0,0.0,0.0,45.58217813487811,optimal
2021-02-12 16:00:00,9,74,0.0,0.0,0.0,1.0874333333333335,25.83,6.0,0,20.89815490720873,55.0,0.027999999999999994,0.0,0.0,0.0,0.0,45.41076902700186,optimal
2021-02-12 16:30:00,9,74,0.0,0.0,0.0,1.4941,28.035,6.0,0,20.744889217321568,55.0,0.027333333333333328,0.0,0.0,0.0,0.0,45.23953132823349,optimal
2021-02-12 17:00:00,9,74,0.0,0.0,0.0,0.8210333333333333,28.119,6.0,0,20.59579963101842,55.0,0.027333333333333328,0.0,0.0,0.0,0.0,45.06846486716388,optimal
2021-02-12 17:30:00,9,74,0.0,0.0,0.0,0.5261,30.156,6.0,0,20.43315083299683,55.0,0.02533333333333333,0.0,0.0,0.0,0.0,44.89756947255535,optimal
2021-02-12 18:00:00,9,74,0.0,0.0,0.0,0.225,29.1585,6.0,0,20.29166836321587,55.0,0.0006666666666666665,0.0,0.0,0.0,0.0,44.72684497334142,optimal
2021-02-12 18:30:00,9,74,0.0,0.0,0.0,0.37139999999999995,26.712,6.0,0,20.140213866822894,55.0,0.0006666666666666665,0.0,0.0,0.0,0.0,44.55629119862671,optimal
2021-02-12 19:00:00,9,74,1.0927048675783582,0.0,0.0,0.30193333333333333,15.435,6.0,0,20.0,55.0,0.0,3824.467036524253,0.0,0.0,0.0,44.38590797768671,optimal
2021-02-12 19:30:00,9,74,1.148886289633068,0.0,0.0,0.22,13.566,6.0,0,20.0,55.0,0.0,4021.1020137157384,0.0,0.0,0.0,44.21569513996766,optimal
2021-02-12 20:00:00,9,74,1.2414296164496592,0.0,0.0,0.36860000000000004,12.789,6.0,0,20.0,55.0,0.0,4066.3369909071407,0.0,278.66666666666663,0.0,44.04565251508632,optimal
2021-02-12 20:30:00,9,74,0.18431809523809525,0.0,0.0,0.2994,12.1275,6.0,0,20.0,55.0,0.006173333333333334,0.0,0.0,645.1133333333333,0.0,43.87577993282986,optimal
2021-02-12 21:00:00,9,74,0.0,0.0,0.0,0.22886666666666666,13.671,6.0,0,19.816049827697785,55.0,0.0,0.0,0.0,0.0,0.0,43.70607722315565,optimal
2021-02-12 21:30:00,9,74,0.6317771428571428,0.0,0.0,0.6323666666666666,10.668,6.0,0,19.649351062427055,55.0,0.006666666666666667,0.0,0.0,2211.22,0.0,43.6623711459325,optimal
2021-02-12 22:00:00,9,74,0.0,0.0,0.0,0.8425333333333334,11.7285,6.0,0,19.511164089722804,55.0,0.006666666666666667,0.0,0.0,0.0,0.0,43.61870877478656,optimal
2021-02-12 22:30:00,9,74,0.0,0.0,0.0,0.45963333333333334,11.025,6.0,0,19.37917209513454,55.0,0.002,0.0,0.0,0.0,0.0,43.575090066011775,optimal
2021-02-12 23:00:00,9,74,0.0,0.0,0.0,0.49839999999999995,10.689,6.0,0,19.236818956497334,55.0,0.0,0.0,0.0,0.0,0.0,43.53151497594576,optimal
2021-02-12 23:30:00,9,74,0.0,0.0,0.0,0.6659333333333333,8.1585,6.0,0,19.097698776251523,55.0,0.0,0.0,0.0,0.0,0.0,43.487983460969815,optimal
2021-02-13 00:00:00,9,74,2.142857142857143,0.0,0.0,0.056,9.3975,6.0,0,19.097698776251523,55.0,0.0,7500.0,0.0,0.0,0.0,43.444495477508845,optimal
2021-02-13 00:30:00,9,74,2.142857142857143,0.0,0.0,0.178,10.059,6.0,0,19.2079343598004,55.0,0.06933333333333333,254.66666666666697,0.0,7245.333333333333,0.0,43.401050982031336,optimal
2021-02-13 01:00:00,9,74,2.142857142857143,0.0,0.0,0.108,9.261,6.0,0,19.049477890766738,55.0,0.06933333333333333,7500.0,0.0,0.0,0.0,43.3576499310493,optimal
2021-02-13 01:30:00,9,74,2.142857142857143,0.0,0.0,0.3037333333333333,8.1585,6.0,0,19.163065641136235,55.0,0.06933333333333333,7500.0,0.0,0.0,0.0,43.314292281118256,optimal
2021-02-13 02:00:00,9,74,2.142857142857143,0.0,0.0,0.09533333333333331,9.4815,6.0,0,19.283422467956658,55.0,0.06933333333333333,7500.0,0.0,0.0,0.0,43.27097798883714,optimal
2021-02-13 02:30:00,9,74,2.142857142857143,0.0,0.0,0.10826666666666668,8.379,6.0,0,19.395272924687212,55.0,0.06933333333333333,7500.0,0.0,0.0,0.0,43.2277070108483,optimal
2021-02-13 03:00:00,9,74,2.142857142857143,0.0,0.0,0.24546666666666667,9.5235,6.0,0,19.50655760390591,55.0,0.06933333333333333,7500.0,0.0,0.0,0.0,43.18447930383745,optimal
2021-02-13 03:30:00,9,74,2.142857142857143,0.0,0.0,0.172,8.1375,6.0,0,19.621959278358112,55.0,0.06933333333333333,7500.0,0.0,0.0,0.0,43.14129482453361,optimal
2021-02-13 04:00:00,9,74,2.142857142857143,0.0,0.0,0.20283333333333328,10.0905,6.0,0,19.733039088220846,55.0,0.06933333333333333,7500.0,0.0,0.0,0.0,43.09815352970907,optimal
2021-02-13 04:30:00,9,74,2.142857142857143,0.0,9.0,0.2221,7.539,6.0,0,19.843763600194805,55.0,0.06933333333333333,7500.0,0.0,0.0,0.0,47.33005537617936,optimal
2021-02-13 05:00:00,9,74,2.142857142857143,0.0,2.0168344475008464,0.18346666666666667,7.938,6.0,0,19.953230247733963,55.0,0.06933333333333333,7500.0,0.0,0.0,0.0,48.240721683366075,optimal
2021-02-13 05:30:00,9,74,2.142857142857143,0.0,0.0,0.2153333333333333,8.274,6.0,0,20.05927148847005,55.0,0.06933333333333333,7500.0,0.0,0.0,0.0,48.192480961682705,optimal
2021-02-13 06:00:00,9,74,2.142857142857143,0.0,0.0,0.08213333333333334,9.261,6.0,0,20.16457320690728,55.0,0.06933333333333333,7500.0,0.0,0.0,0.0,48.144288480721016,optimal
2021-02-13 06:30:00,9,74,2.142857142857143,0.0,0.0,1.9971666666666668,9.9225,6.0,0,20.262929185356274,55.0,0.068,7500.0,0.0,0.0,0.0,48.096144192240295,optimal
2021-02-13 07:00:00,9,74,2.142857142857143,0.0,0.0,2.3729666666666667,9.702,6.0,0,20.37643148565384,55.0,0.062,7500.0,0.0,0.0,0.0,48.048048048048045,optimal
2021-02-13 07:30:00,9,74,2.142857142857143,0.0,0.0,0.5837333333333333,10.584,6.0,0,20.500931124668448,55.0,0.05266666666666667,7500.0,0.0,0.0,0.0,48.0,optimal
2021-02-13 08:00:00,9,74,2.142857142857143,0.0,0.0,0.27813333333333334,10.143,6.0,0,20.618861968300568,55.0,0.050666666666666665,7500.0,0.0,0.0,0.0,47.92395994736728,optimal
2021-02-13 08:30:00,9,74,0.0,0.0,0.0,0.08933333333333333,13.0095,6.0,0,20.7122876949823,55.0,0.050666666666666665,0.0,0.0,0.0,0.0,47.84799593478719,optimal
2021-02-13 09:00:00,9,74,2.142857142857143,0.0,0.0,2.8088,11.025,6.0,0,20.509398429497647,55.0,0.04666666666666667,7500.0,0.0,0.0,0.0,47.772107886219686,optimal
2021-02-13 09:30:00,9,74,0.0,0.0,0.0,3.1851,12.789,6.0,0,20.618670118492943,55.0,0.043333333333333335,0.0,0.0,0.0,0.0,47.69629572570075,optimal
2021-02-13 10:00:00,9,74,2.142857142857143,0.0,0.0,1.074,12.1275,6.0,0,20.45179585990046,55.0,0.043333333333333335,7500.0,0.0,0.0,0.0,47.62055937734233,optimal
2021-02-13 10:30:00,9,74,2.142857142857143,0.0,0.0,2.452333333333333,12.1695,6.0,0,20.557764348191103,55.0,0.043333333333333335,7500.0,0.0,0.0,0.0,47.54489876533227,optimal
2021-02-13 11:00:00,9,74,2.142857142857143,0.0,0.0,1.335,12.306,6.0,0,20.66973122329394,55.0,0.025333333333333333,7500.0,0.0,0.0,0.0,47.46931381393422,optimal
2021-02-13 11:30:00,9,74,0.605503180448807,0.0,0.0,0.33013333333333333,13.23,6.0,0,20.790700205532527,55.0,0.025333333333333333,2119.2611315708245,0.0,0.0,0.0,47.39380444748757,optimal
2021-02-13 12:00:00,9,74,0.0,0.0,0.0,2.454133333333333,13.671,6.0,0,20.68211780253708,55.0,0.025333333333333333,0.0,0.0,0.0,0.0,47.31837059040736,optimal
2021-02-13 12:30:00,9,74,0.0,0.0,0.0,0.6476333333333333,13.9335,6.0,0,20.50948147502894,55.0,0.025333333333333333,0.0,0.0,0.0,0.0,47.24301216718423,optimal
2021-02-13 13:00:00,9,74,2.142857142857143,0.0,0.0,0.12733333333333333,13.293,6.0,0,20.327952358223193,55.0,0.025333333333333333,7500.0,0.0,0.0,0.0,47.16772910238433,optimal
2021-02-13 13:30:00,9,74,2.142857142857143,0.0,0.0,0.24306666666666663,12.1065,6.0,0,20.4209771747231,55.0,0.025333333333333333,7500.0,0.0,0.0,0.0,47.092521320649226,optimal
2021-02-13 14:00:00,9,74,2.142857142857143,0.0,0.0,2.0726,11.571,6.0,0,20.51842388293128,55.0,0.025333333333333333,7500.0,0.0,0.0,0.0,47.01738874669586,optimal
2021-02-13 14:30:00,9,74,2.142857142857143,0.0,0.0,0.2767,11.025,6.0,0,20.630687548741882,55.0,0.025333333333333333,7500.0,0.0,0.0,0.0,46.94233130531644,optimal
2021-02-13 15:00:00,9,74,2.142857142857143,0.0,0.0,1.9142666666666668,10.8465,6.0,0,20.736968668324515,55.0,0.024,7500.0,0.0,0.0,0.0,46.86734892137841,optimal
2021-02-13 15:30:00,9,74,2.142857142857143,0.0,0.0,0.73,11.2455,6.0,0,20.848083928863645,55.0,0.024,7500.0,0.0,0.0,0.0,46.79244151982431,optimal
2021-02-13 16:00:00,9,74,0.0,0.0,0.0,0.2532,23.8665,6.0,0,20.950238929071684,55.0,0.024,0.0,0.0,0.0,0.0,46.71760902567176,optimal
2021-02-13 16:30:00,9,74,0.0,0.0,0.0,1.6163666666666665,27.4575,6.0,0,20.77270025225977,55.0,0.021333333333333333,0.0,0.0,0.0,0.0,46.642851364013374,optimal
2021-02-13 17:00:00,9,74,0.0,0.0,0.0,0.9866,27.3735,6.0,0,20.60588461031828,55.0,0.020666666666666667,0.0,0.0,0.0,0.0,46.56816846001664,optimal
2021-02-13 17:30:00,9,74,0.0,0.0,0.0,1.9301666666666668,30.4605,6.0,0,20.445351902637558,55.0,0.020666666666666667,0.0,0.0,0.0,0.0,46.493560238923905,optimal
2021-02-13 18:00:00,9,74,0.0,0.0,0.0,0.7557,30.0195,6.0,0,20.30018630060044,55.0,0.019333333333333334,0.0,0.0,0.0,0.0,46.419026626052265,optimal
2021-02-13 18:30:00,9,74,0.0,0.0,0.0,0.3665,26.9325,6.0,0,20.15021874003742,55.0,0.016666666666666666,0.0,0.0,0.0,0.0,46.34456754679349,optimal
2021-02-13 19:00:00,9,74,1.102885819959322,0.0,0.0,0.36010000000000003,14.595,6.0,0,20.0,55.0,0.015333333333333332,3860.1003698576264,0.0,0.0,0.0,46.27018292661398,optimal
2021-02-13 19:30:00,9,74,1.1438767658235467,0.0,0.0,0.3412,12.4845,6.0,0,20.0,55.0,0.014666666666666666,4003.5686803824133,0.0,0.0,0.0,46.195872691054646,optimal
2021-02-13 20:00:00,9,74,1.1182486640687177,0.0,0.0,0.4612,12.1275,6.0,0,20.0,55.0,0.008666666666666666,3913.8703242405118,0.0,0.0,0.0,46.12163676573087,optimal
2021-02-13 20:30:00,9,74,0.0,0.0,0.0,0.3912,12.1275,6.0,0,20.0,55.0,0.008666666666666666,0.0,0.0,0.0,0.0,46.04747507633242,optimal
2021-02-13 21:00:00,9,74,0.0,0.0,0.0,0.44826666666666665,12.789,6.0,0,19.848360449063836,55.0,0.0006666666666666665,0.0,0.0,0.0,0.0,45.973387548623364,optimal
2021-02-13 21:30:00,9,74,0.0,0.0,0.0,2.5377666666666667,11.907,6.0,0,19.69873638078706,55.0,0.0,0.0,0.0,0.0,0.0,45.899374108442025,optimal
2021-02-13 22:00:00,9,74,0.0,0.0,0.0,2.1476666666666664,11.025,6.0,0,19.558326973179746,55.0,0.0,0.0,0.0,0.0,0.0,45.85347473433358,optimal
2021-02-13 22:30:00,9,74,0.05971428571428571,0.0,0.0,0.4640666666666667,8.2005,6.0,0,19.45028745950591,55.0,0.0,0.0,0.0,209.0,0.0,45.807621259599244,optimal
2021-02-13 23:00:00,9,74,0.0,0.0,0.0,0.29760000000000003,9.5655,6.0,0,19.29838202987091,55.0,0.0,0.0,0.0,0.0,0.0,45.761813638339646,optimal
2021-02-13 23:30:00,9,74,0.0,0.0,0.0,0.10333333333333332,7.056,6.0,0,19.1350256223113,55.0,0.0,0.0,0.0,0.0,0.0,45.7160518247013,optimal
2021-02-07 00:00:00,10,74,0.0,0.0,0.0,0.051,9.261,6.0,0,21.0,55.0,0.12,0.0,0.0,0.0,0.0,47.952,optimal
2021-02-07 00:30:00,10,74,0.0,0.0,0.0,0.051,10.3635,6.0,0,20.840897655005552,55.0,0.12,0.0,0.0,0.0,0.0,47.904047999999996,optimal
2021-02-07 01:00:00,10,74,0.0,0.0,0.0,0.051,8.274,6.0,0,20.68235150571584,55.0,0.12,0.0,0.0,0.0,0.0,47.856143952,optimal
2021-02-07 01:30:00,10,74,0.0,0.0,0.0,0.0702,7.7175,6.0,0,20.524356317928024,55.0,0.12,0.0,0.0,0.0,0.0,47.80828780804799,optimal
2021-02-07 02:00:00,10,74,1.3838168807230238,0.0,0.0,0.1726,6.615,6.0,0,20.368100138654118,55.0,0.12,4843.359082530584,0.0,0.0,0.0,47.76047952023995,optimal
2021-02-07 02:30:00,10,74,2.2857142857142856,0.0,0.0,0.051,6.174,6.0,0,20.3990043098192,55.0,0.12,8000.0,0.0,0.0,0.0,47.712719040719705,optimal
2021-02-07 03:00:00,10,74,2.2857142857142856,0.0,0.0,0.08940000000000001,3.906,6.0,0,20.54291676494801,55.0,0.12,8000.0,0.0,0.0,0.0,47.66500632167899,optimal
2021-02-07 03:30:00,10,74,2.2857142857142856,0.0,0.0,0.1534,2.3415,6.0,0,20.685979219678988,55.0,0.12,8000.0,0.0,0.0,0.0,47.61734131535731,optimal
2021-02-07 04:00:00,10,74,2.2857142857142856,0.0,0.0,0.051,2.205,6.0,0,20.829633803714856,55.0,0.12,8000.0,0.0,0.0,0.0,47.56972397404195,optimal
2021-02-07 04:30:00,10,74,2.2857142857142856,0.0,1.4112141297153802,0.179,0.882,6.0,0,20.96761158034966,55.0,0.12,8000.0,0.0,0.0,0.0,48.192480961682705,optimal
2021-02-07 05:00:00,10,74,2.2857142857142856,0.0,0.0,0.0638,1.5435,6.0,0,21.1091088591355,55.0,0.12,8000.0,0.0,0.0,0.0,48.144288480721016,optimal
2021-02-07 05:30:00,10,74,2.2857142857142856,0.0,0.0,0.083,1.5435,6.0,0,21.244938371133557,55.0,0.12,8000.0,0.0,0.0,0.0,48.096144192240295,optimal
2021-02-07 06:00:00,10,74,2.2857142857142856,0.0,0.0,0.1598,5.0715,6.0,0,21.38021232531754,55.0,0.12,8000.0,0.0,0.0,0.0,48.048048048048045,optimal
2021-02-07 06:30:00,10,74,2.2857142857142856,0.0,0.0,2.6872,5.376,6.0,0,21.517104037544133,55.0,0.1,8000.0,0.0,0.0,0.0,48.0,optimal
2021-02-07 07:00:00,10,74,2.2857142857142856,0.0,0.0,1.6406666666666667,5.0715,6.0,0,21.67498055475984,55.0,0.096,8000.0,0.0,0.0,0.0,47.8570928423596,optimal
2021-02-07 07:30:00,10,74,2.2857142857142856,0.0,0.0,2.6148000000000002,5.5125,6.0,0,21.823143868140768,55.0,0.096,8000.0,0.0,0.0,0.0,47.71432859187684,optimal
2021-02-07 08:00:00,10,74,1.0749186705854705,0.0,0.0,2.1052,9.261,6.0,0,22.0,55.0,0.07333333333333333,3762.215347049147,0.0,0.0,0.0,47.57170710564456,optimal
2021-02-07 08:30:00,10,74,1.1770693816127957,0.0,0.0,1.3699333333333334,11.7075,6.0,0,22.0,55.0,0.05,4119.742835644785,0.0,0.0,0.0,47.42922824089852,optimal
2021-02-07 09:00:00,10,74,0.0,0.0,0.0,0.29560000000000003,12.348,6.0,0,22.0,55.0,0.046,0.0,0.0,0.0,0.0,47.28689185501722,optimal
2021-02-07 09:30:00,10,74,0.0,0.0,0.0,0.42410000000000003,12.348,6.0,0,21.838996268858764,55.0,0.046,0.0,0.0,0.0,0.0,47.1446978055218,optimal
2021-02-07 10:00:00,10,74,2.2857142857142856,0.0,0.0,1.2101333333333335,12.1275,6.0,0,21.672470729668472,55.0,0.046,8000.0,0.0,0.0,0.0,47.00264595007588,optimal
2021-02-07 10:30:00,10,74,0.3380532342368967,0.0,0.0,0.061,12.5265,6.0,0,21.802052326153078,55.0,0.046,1183.1863198291385,0.0,0.0,0.0,46.86073614648541,optimal
2021-02-07 11:00:00,10,74,2.2857142857142856,0.0,0.0,0.16340000000000002,11.7495,6.0,0,21.65693874020008,55.0,0.046,8000.0,0.0,0.0,0.0,46.718968252698524,optimal
2021-02-07 11:30:00,10,74,0.0,0.0,0.0,0.0994,13.23,6.0,0,21.77269175227066,55.0,0.046,0.0,0.0,0.0,0.0,46.577342126805426,optimal
2021-02-07 12:00:00,10,74,0.0,0.0,0.0,0.061,14.3325,6.0,0,21.583823173030424,55.0,0.046,0.0,0.0,0.0,0.0,46.435857627038224,optimal
2021-02-07 12:30:00,10,74,0.0,0.0,0.0,0.16340000000000002,14.994,6.0,0,21.395286592927782,55.0,0.046,0.0,0.0,0.0,0.0,46.294514611770786,optimal
2021-02-07 13:00:00,10,74,0.0,0.0,0.0,0.0994,14.8155,6.0,0,21.212378656116897,55.0,0.046,0.0,0.0,0.0,0.0,46.153312939518614,optimal
2021-02-07 13:30:00,10,74,0.0,0.0,0.0,0.061,14.112,6.0,0,21.028783027452743,55.0,0.046,0.0,0.0,0.0,0.0,46.0122524689387,optimal
2021-02-07 14:00:00,10,74,0.0,0.0,0.0,0.061,14.007,6.0,0,20.8459403104065,55.0,0.046,0.0,0.0,0.0,0.0,45.87133305882936,optimal
2021-02-07 14:30:00,10,74,2.2857142857142856,0.0,0.0,0.061,13.23,6.0,0,20.66528881179904,55.0,0.046,8000.0,0.0,0.0,0.0,45.73055456813013,optimal
2021-02-07 15:00:00,10,74,2.2857142857142856,0.0,0.0,0.9859333333333332,11.382,6.0,0,20.787931195866797,55.0,0.046,8000.0,0.0,0.0,0.0,45.5899168559216,optimal
2021-02-07 15:30:00,10,74,2.2857142857142856,0.0,0.0,2.6368,11.7495,6.0,0,20.9182227979879,55.0,0.044,8000.0,0.0,0.0,0.0,45.44941978142528,optimal
2021-02-07 16:00:00,10,74,0.0,0.0,0.0,0.061,24.3285,6.0,0,21.072058068930634,55.0,0.044,0.0,0.0,0.0,0.0,45.30906320400345,optimal
2021-02-07 16:30:00,10,74,0.0,0.0,0.0,1.88,28.917,6.0,0,20.887396493289184,55.0,0.042,0.0,0.0,0.0,0.0,45.16884698315905,optimal
2021-02-07 17:00:00,10,74,0.0,0.0,0.0,2.1528,31.3635,6.0,0,20.731130438905573,55.0,0.03933333333333333,0.0,0.0,0.0,0.0,45.02877097853549,optimal
2021-02-07 17:30:00,10,74,0.0,0.0,0.0,0.46323333333333333,33.306,6.0,0,20.57612344967404,55.0,0.038,0.0,0.0,0.0,0.0,44.88883504991656,optimal
2021-02-07 18:00:00,10,74,0.0,0.0,0.0,0.40073333333333333,31.3425,6.0,0,20.427950049626908,55.0,0.03333333333333333,0.0,0.0,0.0,0.0,44.74903905722624,optimal
2021-02-07 18:30:00,10,74,0.0,0.0,0.0,0.2366,28.2555,6.0,0,20.281345529974146,55.0,0.03266666666666666,0.0,0.0,0.0,0.0,44.60938286052861,optimal
2021-02-07 19:00:00,10,74,0.0,0.0,0.0,0.4335333333333334,15.6975,6.0,0,20.13352626751214,55.0,0.03266666666666666,0.0,0.0,0.0,0.0,44.469866320027684,optimal
2021-02-07 19:30:00,10,74,0.9701526169607468,0.0,0.0,2.4751333333333334,12.5475,6.0,0,20.0,55.0,0.03266666666666666,3395.534159362614,0.0,0.0,0.0,44.330489296067256,optimal
2021-02-07 20:00:00,10,74,1.0468669026750321,0.0,0.0,0.3472,12.0855,6.0,0,20.0,55.0,0.029333333333333333,3664.0341593626126,0.0,0.0,0.0,44.19125164913079,optimal
2021-02-07 20:30:00,10,74,0.0,0.0,0.0,2.1556666666666664,11.907,6.0,0,20.0,55.0,0.029333333333333333,0.0,0.0,0.0,0.0,44.05215323984126,optimal
2021-02-07 21:00:00,10,74,0.0,0.0,0.0,0.4703,12.5685,6.0,0,19.867445938550922,55.0,0.029333333333333333,0.0,0.0,0.0,0.0,43.91319392896102,optimal
2021-02-07 21:30:00,10,74,0.0,0.0,0.0,0.2692,13.146,6.0,0,19.73915323772688,55.0,0.014973333333333333,0.0,0.0,0.0,0.0,43.774373577391664,optimal
2021-02-07 22:00:00,10,74,0.0,0.0,0.0,1.7348666666666666,10.584,6.0,0,19.607712115444816,55.0,0.012666666666666666,0.0,0.0,0.0,0.0,43.73059920381427,optimal
2021-02-07 22:30:00,10,74,0.0,0.0,0.0,2.5278,6.678,6.0,0,19.48517354405826,55.0,0.012666666666666666,0.0,0.0,0.0,0.0,43.68686860461046,optimal
2021-02-07 23:00:00,10,74,0.0,0.0,0.0,0.061,7.938,6.0,0,19.366018468834284,55.0,0.012666666666666666,0.0,0.0,0.0,0.0,43.64318173600585,optimal
2021-02-07 23:30:00,10,74,0.0,0.0,0.0,0.05966666666666666,5.292,6.0,0,19.2119412752796,55.0,0.012666666666666666,0.0,0.0,0.0,0.0,43.59953855426984,optimal
2021-02-08 00:00:00,10,74,2.2857142857142856,0.0,0.0,0.352,5.9745,6.0,0,19.2119412752796,55.0,0.012666666666666666,8000.0,0.0,0.0,0.0,43.55593901571557,optimal
2021-02-08 00:30:00,10,74,2.2857142857142856,0.0,0.0,0.5989,7.938,6.0,0,19.37167777876257,55.0,0.08922169059011165,0.0,0.0,8000.0,0.0,43.512383076699855,optimal
2021-02-08 01:00:00,10,74,2.2857142857142856,0.0,0.0,0.09263333333333335,8.6835,6.0,0,19.24237218505978,55.0,0.09933333333333333,6943.333333333333,0.0,1056.6666666666667,0.0,43.46887069362315,optimal
2021-02-08 01:30:00,10,74,2.2857142857142856,0.0,0.0,0.2125,7.665,6.0,0,19.353829533393245,55.0,0.07464,8000.0,0.0,0.0,0.0,43.42540182292953,optimal
2021-02-08 02:00:00,10,74,2.2857142857142856,0.0,0.0,0.5527000000000001,6.7725,6.0,0,19.512406390316833,55.0,0.048666666666666664,8000.0,0.0,0.0,0.0,43.3819764211066,optimal
2021-02-08 02:30:00,10,74,2.2857142857142856,0.0,0.0,0.074,5.5755,6.0,0,19.676830773764866,55.0,0.048666666666666664,8000.0,0.0,0.0,0.0,43.33859444468549,optimal
2021-02-08 03:00:00,10,74,2.2857142857142856,0.0,2.116266122547846,0.074,5.0925,6.0,0,19.814018255772293,55.0,0.048666666666666664,8000.0,0.0,0.0,0.0,44.30048225845103,optimal
2021-02-08 03:30:00,10,74,2.2857142857142856,0.0,9.0,0.2734,4.1895,6.0,0,19.950385240674173,55.0,0.048666666666666664,8000.0,0.0,0.0,0.0,48.53118177619257,optimal
2021-02-08 04:00:00,10,74,2.2857142857142856,0.0,0.0,0.074,7.056,6.0,0,20.092503875692394,55.0,0.048666666666666664,8000.0,0.0,0.0,0.0,48.48265059441637,optimal
2021-02-08 04:30:00,10,74,2.2857142857142856,0.0,0.0,0.074,5.271,6.0,0,20.22530903785909,55.0,0.048666666666666664,8000.0,0.0,0.0,0.0,48.434167943821954,optimal
2021-02-08 05:00:00,10,74,2.2857142857142856,0.0,0.0,0.1732,7.938,6.0,0,20.35592333549665,55.0,0.048666666666666664,8000.0,0.0,0.0,0.0,48.38573377587813,optimal
2021-02-08 05:30:00,10,74,2.2857142857142856,0.0,0.0,0.1742,7.938,6.0,0,20.488101314963206,55.0,0.048666666666666664,8000.0,0.0,0.0,0.0,48.33734804210225,optimal
2021-02-08 06:00:00,10,74,2.2857142857142856,0.0,0.0,0.074,11.907,6.0,0,20.618602508624623,55.0,0.048666666666666664,8000.0,0.0,0.0,0.0,48.289010694060146,optimal
2021-02-08 06:30:00,10,74,2.2857142857142856,0.0,0.0,0.137,11.025,6.0,0,20.74363348668124,55.0,0.048666666666666664,8000.0,0.0,0.0,0.0,48.240721683366075,optimal
2021-02-08 07:00:00,10,74,2.2857142857142856,0.0,0.0,1.8454666666666666,11.2875,6.0,0,20.869388642836036,55.0,0.043333333333333335,8000.0,0.0,0.0,0.0,48.192480961682705,optimal
2021-02-08 07:30:00,10,74,0.0,0.0,0.0,0.5256000000000001,12.936,6.0,0,21.0238781744219,55.0,0.034666666666666665,0.0,0.0,0.0,0.0,48.144288480721016,optimal
2021-02-08 08:00:00,10,74,0.0,0.0,0.0,0.16153333333333333,13.0095,6.0,0,20.868505950110826,55.0,0.03133333333333333,0.0,0.0,0.0,0.0,48.096144192240295,optimal
2021-02-08 08:30:00,10,74,0.0,0.0,0.0,0.20959999999999998,13.671,6.0,0,20.709284890483254,55.0,0.02666666666666667,0.0,0.0,0.0,0.0,48.048048048048045,optimal
2021-02-08 09:00:00,10,74,0.0,0.0,0.0,0.3648,13.188,6.0,0,20.55089340938822,55.0,0.025333333333333333,0.0,0.0,0.0,0.0,48.0,optimal
2021-02-08 09:30:00,10,74,0.0,0.0,0.0,0.148,13.8495,6.0,0,20.404722472825355,55.0,0.022,0.0,0.0,0.0,0.0,47.83265758251257,optimal
2021-02-08 10:00:00,10,74,2.2857142857142856,0.0,0.0,0.5491,13.23,6.0,0,20.242808344250655,55.0,0.022,8000.0,0.0,0.0,0.0,47.665482507442626,optimal
2021-02-08 10:30:00,10,74,1.019158949270407,0.0,0.0,0.209,13.3665,6.0,0,20.404064132506683,55.0,0.022,3567.0563224464245,0.0,0.0,0.0,47.498474607447754,optimal
2021-02-08 11:00:00,10,74,2.2857142857142856,0.0,0.0,0.3835,13.0515,6.0,0,20.382191942335517,55.0,0.022,8000.0,0.0,0.0,0.0,47.33163371535287,optimal
2021-02-08 11:30:00,10,74,2.2857142857142856,0.0,0.0,1.8129333333333326,13.5345,6.0,0,20.544154628959163,55.0,0.02,8000.0,0.0,0.0,0.0,47.16495966415009,optimal
2021-02-08 12:00:00,10,74,0.0,0.0,0.0,3.1661333333333332,14.154,6.0,0,20.71284020571846,55.0,0.017333333333333333,0.0,0.0,0.0,0.0,46.99845228699851,optimal
2021-02-08 12:30:00,10,74,0.0,0.0,0.0,1.608266666666667,14.112,6.0,0,20.58670830092819,55.0,0.015333333333333332,0.0,0.0,0.0,0.0,46.83211141722408,optimal
2021-02-08 13:00:00,10,74,0.0,0.0,0.0,0.4635,14.2485,6.0,0,20.445215532880468,55.0,0.013333333333333334,0.0,0.0,0.0,0.0,46.66593688831942,optimal
2021-02-08 13:30:00,10,74,2.2857142857142856,0.0,0.0,3.307,12.789,6.0,0,20.302691874118526,55.0,0.012,8000.0,0.0,0.0,0.0,46.499928533943674,optimal
2021-02-08 14:00:00,10,74,2.2857142857142856,0.0,0.0,3.2607,13.0095,6.0,0,20.47875947092034,55.0,0.012,8000.0,0.0,0.0,0.0,46.3340861879223,optimal
2021-02-08 14:30:00,10,74,2.2857142857142856,0.0,0.0,1.6963,12.1275,6.0,0,20.656469764969234,55.0,0.01,8000.0,0.0,0.0,0.0,46.16840968424695,optimal
2021-02-08 15:00:00,10,74,2.2857142857142856,0.0,0.0,0.36776666666666663,12.348,6.0,0,20.81095970368127,55.0,0.01,8000.0,0.0,0.0,0.0,46.00289885707527,optimal
2021-02-08 15:30:00,10,74,2.2857142857142856,0.0,0.0,0.39973333333333333,12.348,6.0,0,20.96372216510481,55.0,0.007333333333333333,8000.0,0.0,0.0,0.0,45.83755354073077,optimal
2021-02-08 16:00:00,10,74,0.0,0.0,0.0,0.2598333333333333,25.389,6.0,0,21.113294013101573,55.0,0.007333333333333333,0.0,0.0,0.0,0.0,45.67237356970261,optimal
2021-02-08 16:30:00,10,74,0.0,0.0,0.0,0.3153333333333333,29.1375,6.0,0,20.964981858703194,55.0,0.007333333333333333,0.0,0.0,0.0,0.0,45.507358778645475,optimal
2021-02-08 17:00:00,10,74,0.0,0.0,0.0,1.8898,30.597,6.0,0,20.8223658782532,55.0,0.006,0.0,0.0,0.0,0.0,45.3425090023794,optimal
2021-02-08 17:30:00,10,74,0.0,0.0,0.0,1.0857,33.684,6.0,0,20.696972410509606,55.0,0.0016400000000000004,0.0,0.0,0.0,0.0,45.17782407588959,optimal
2021-02-08 18:00:00,10,74,0.0,0.0,0.0,0.24430000000000002,32.445,6.0,0,20.545332176746097,55.0,0.0016400000000000004,0.0,0.0,0.0,0.0,45.013303834326265,optimal
2021-02-08 18:30:00,10,74,0.0,0.0,0.0,0.0845,28.917,6.0,0,20.364972029969987,55.0,0.0016400000000000004,0.0,0.0,0.0,0.0,44.84894811300451,optimal
2021-02-08 19:00:00,10,74,0.0,0.0,0.0,0.1174,15.876,6.0,0,20.18076480073294,55.0,0.0016400000000000004,0.0,0.0,0.0,0.0,44.68475674740407,optimal
2021-02-08 19:30:00,10,74,1.2477822974062764,0.0,0.0,0.9218333333333334,12.348,6.0,0,20.0,55.0,0.0,4367.238040921968,0.0,0.0,0.0,44.52072957316924,optimal
2021-02-08 20:00:00,10,74,1.3930353828692776,0.0,0.0,0.074,12.1275,6.0,0,20.0,55.0,0.0,4875.623840042472,0.0,0.0,0.0,44.35686642610864,optimal
2021-02-08 20:30:00,10,74,0.0,0.0,0.0,0.198,12.348,6.0,0,20.0,55.0,0.0,0.0,0.0,0.0,0.0,44.1931671421951,optimal
2021-02-08 21:00:00,10,74,0.0,0.0,0.0,0.30293333333333333,12.1275,6.0,0,19.82020585498178,55.0,0.0,0.0,0.0,0.0,0.0,44.02963155756547,optimal
2021-02-08 21:30:00,10,74,0.0,0.0,0.0,1.4699666666666666,12.1275,6.0,0,19.65500551881275,55.0,0.0,0.0,0.0,0.0,0.0,43.86625950852048,optimal
2021-02-08 22:00:00,10,74,0.0,0.0,0.0,0.4583333333333333,11.2665,6.0,0,19.511315997282946,55.0,0.0,0.0,0.0,0.0,0.0,43.70305083152453,optimal
2021-02-08 22:30:00,10,74,0.5573333333333333,0.0,0.0,0.3772,10.143,6.0,0,19.36874253431501,55.0,0.018666666666666668,0.0,0.0,1950.6666666666667,0.0,43.54000536320557,optimal
2021-02-08 23:00:00,10,74,0.0,0.0,0.0,1.6699666666666666,11.2455,6.0,0,19.233868224921743,55.0,0.018666666666666668,0.0,0.0,0.0,0.0,43.37712294035494,optimal
2021-02-08 23:30:00,10,74,0.0,0.0,0.0,0.8427333333333333,11.025,6.0,0,19.110829188834984,55.0,0.0,0.0,0.0,0.0,0.0,43.33374581741458,optimal
2021-02-09 00:00:00,10,74,2.2857142857142856,0.0,9.0,0.1034,10.584,6.0,0,19.110829188834984,55.0,0.0,7930.333333333333,0.0,69.66666666666666,0.0,47.565412071597166,optimal
2021-02-09 00:30:00,10,74,2.2857142857142856,0.0,0.0,0.232,11.2455,6.0,0,19.252549670161095,55.0,0.054,2357.0,0.0,5643.0,0.0,47.51784665952557,optimal
2021-02-09 01:00:00,10,74,2.2857142857142856,0.0,0.0,0.07373333333333333,12.1275,6.0,0,19.18333837278028,55.0,0.054,8000.0,0.0,0.0,0.0,47.47032881286604,optimal
2021-02-09 01:30:00,10,74,2.2857142857142856,0.0,0.0,0.23513333333333333,11.823,6.0,0,19.321696555007996,55.0,0.054,8000.0,0.0,0.0,0.0,47.42285848405318,optimal
2021-02-09 02:00:00,10,74,2.2857142857142856,0.0,0.0,0.19173333333333328,11.7705,6.0,0,19.46388677707014,55.0,0.054,8000.0,0.0,0.0,0.0,47.375435625569125,optimal
2021-02-09 02:30:00,10,74,2.2857142857142856,0.0,0.0,0.2807333333333333,11.13,6.0,0,19.602164220594062,55.0,0.054,8000.0,0.0,0.0,0.0,47.32806018994356,optimal
2021-02-09 03:00:00,10,74,2.2857142857142856,0.0,0.0,0.1274,11.6865,6.0,0,19.742960906241354,55.0,0.054,8000.0,0.0,0.0,0.0,47.280732129753616,optimal
2021-02-09 03:30:00,10,74,2.2857142857142856,0.0,0.0,0.27463333333333334,10.7205,6.0,0,19.877131599930966,55.0,0.054,8000.0,0.0,0.0,0.0,47.23345139762386,optimal
2021-02-09 04:00:00,10,74,2.2857142857142856,0.0,0.0,0.14823333333333333,11.424,6.0,0,20.016522645877874,55.0,0.054,8000.0,0.0,0.0,0.0,47.186217946226236,optimal
2021-02-09 04:30:00,10,74,2.2857142857142856,0.0,2.4210083490108123,0.16966666666666666,10.689,6.0,0,20.150785245750804,55.0,0.054,8000.0,0.0,0.0,0.0,48.289010694060146,optimal
2021-02-09 05:00:00,10,74,2.2857142857142856,0.0,0.0,0.23006666666666664,11.361,6.0,0,20.28365002502387,55.0,0.054,8000.0,0.0,0.0,0.0,48.240721683366075,optimal
2021-02-09 05:30:00,10,74,2.2857142857142856,0.0,0.0,0.12186666666666666,11.571,6.0,0,20.416596859534657,55.0,0.054,8000.0,0.0,0.0,0.0,48.192480961682705,optimal
2021-02-09 06:00:00,10,74,0.0,0.0,0.0,0.35256666666666664,14.3745,6.0,0,20.544219875981824,55.0,0.054,0.0,0.0,0.0,0.0,48.144288480721016,optimal
2021-02-09 06:30:00,10,74,2.2857142857142856,0.0,0.0,0.0831,13.23,6.0,0,20.377951288778206,55.0,0.054,8000.0,0.0,0.0,0.0,48.096144192240295,optimal
2021-02-09 07:00:00,10,74,0.8516605880378576,0.0,0.0,2.401733333333333,13.9755,6.0,0,20.503631854492486,55.0,0.05266666666666667,2980.8120581325015,0.0,0.0,0.0,48.048048048048045,optimal
2021-02-09 07:30:00,10,74,0.0,0.0,0.0,1.2503,14.994,6.0,0,20.479648715543618,55.0,0.032,0.0,0.0,0.0,0.0,48.0,optimal
2021-02-09 08:00:00,10,74,2.2857142857142856,0.0,0.0,1.4771666666666667,13.671,6.0,0,20.34738386925815,55.0,0.03,8000.0,0.0,0.0,0.0,47.810789215922384,optimal
2021-02-09 08:30:00,10,74,0.0,0.0,0.0,0.25943333333333335,15.981,6.0,0,20.488632066518896,55.0,0.03,0.0,0.0,0.0,0.0,47.621767642628846,optimal
2021-02-09 09:00:00,10,74,0.0,0.0,0.0,0.3915,15.6345,6.0,0,20.327545136095146,55.0,0.027333333333333334,0.0,0.0,0.0,0.0,47.4329350909086,optimal
2021-02-09 09:30:00,10,74,0.0,0.0,0.0,0.3641666666666667,16.5375,6.0,0,20.169686883365053,55.0,0.024666666666666667,0.0,0.0,0.0,0.0,47.244291371740076,optimal
2021-02-09 10:00:00,10,74,2.2857142857142856,0.0,0.0,0.347,14.7735,6.0,0,20.01139471535749,55.0,0.022306666666666666,8000.0,0.0,0.0,0.0,47.05583629629072,optimal
2021-02-09 10:30:00,10,74,0.0,0.0,0.0,0.31376666666666664,15.2145,6.0,0,20.156989166073053,55.0,0.018,0.0,0.0,0.0,0.0,46.86756967591682,optimal
2021-02-09 11:00:00,10,74,2.2857142857142856,0.0,0.0,0.3435,14.553,6.0,0,20.0,55.0,0.018,8000.0,0.0,0.0,0.0,46.67949132216329,optimal
2021-02-09 11:30:00,10,74,2.2857142857142856,0.0,0.0,0.12503333333333333,14.3325,6.0,0,20.13721408310586,55.0,0.018,8000.0,0.0,0.0,0.0,46.491601046763506,optimal
2021-02-09 12:00:00,10,74,2.2857142857142856,0.0,0.0,0.08366666666666667,14.595,6.0,0,20.26538424371103,55.0,0.018,8000.0,0.0,0.0,0.0,46.30389866163913,optimal
2021-02-09 12:30:00,10,74,0.6695127518875046,0.0,0.0,0.1732,14.994,6.0,0,20.391261710578654,55.0,0.018,2343.294631606266,0.0,0.0,0.0,46.116383978899876,optimal
2021-02-09 13:00:00,10,74,2.2857142857142856,0.0,0.0,0.23466666666666663,14.3325,6.0,0,20.305933401710732,55.0,0.018,8000.0,0.0,0.0,0.0,45.92905681084336,optimal
2021-02-09 13:30:00,10,74,2.2857142857142856,0.0,0.0,0.0866,13.8915,6.0,0,20.4361719021509,55.0,0.018,8000.0,0.0,0.0,0.0,45.74191696995491,optimal
2021-02-09 14:00:00,10,74,2.2857142857142856,0.0,0.0,0.3751666666666667,13.8915,6.0,0,20.559140938126372,55.0,0.018,8000.0,0.0,0.0,0.0,45.55496426890734,optimal
2021-02-09 14:30:00,10,74,2.2857142857142856,0.0,0.0,0.10909999999999999,13.4715,6.0,0,20.691343977895954,55.0,0.018,8000.0,0.0,0.0,0.0,45.36819852056082,optimal
2021-02-09 15:00:00,10,74,2.2857142857142856,0.0,0.0,0.069,13.23,6.0,0,20.811817497004782,55.0,0.018,8000.0,0.0,0.0,0.0,45.18161953796264,optimal
2021-02-09 15:30:00,10,74,2.2857142857142856,0.0,0.0,0.26680000000000004,13.8915,6.0,0,20.929177354313016,55.0,0.018,8000.0,0.0,0.0,0.0,44.99522713434706,optimal
2021-02-09 16:00:00,10,74,0.0,0.0,0.0,0.22933333333333328,26.9325,6.0,0,21.054923172916947,55.0,0.018,0.0,0.0,0.0,0.0,44.809021123135096,optimal
2021-02-09 16:30:00,10,74,0.0,0.0,0.0,2.2274000000000003,30.303,6.0,0,20.874906953797986,55.0,0.018,0.0,0.0,0.0,0.0,44.623001317934346,optimal
2021-02-09 17:00:00,10,74,0.0,0.0,0.0,1.2315999999999998,32.886,6.0,0,20.7165994163494,55.0,0.011333333333333334,0.0,0.0,0.0,0.0,44.437167532538794,optimal
2021-02-09 17:30:00,10,74,0.0,0.0,0.0,0.5845,34.9965,6.0,0,20.56442053133119,55.0,0.006666666666666667,0.0,0.0,0.0,0.0,44.251519580928644,optimal
2021-02-09 18:00:00,10,74,0.0,0.0,0.0,1.0681666666666667,33.327,6.0,0,20.420216228253707,55.0,0.006666666666666667,0.0,0.0,0.0,0.0,44.0660572772701,optimal
2021-02-09 18:30:00,10,74,0.0,0.0,0.0,1.6985,31.122,6.0,0,20.279606902121227,55.0,0.004666666666666666,0.0,0.0,0.0,0.0,43.88078043591521,optimal
2021-02-09 19:00:00,10,74,0.0,0.0,0.0,0.6892999999999999,17.9025,6.0,0,20.13751788620802,55.0,0.0019999999999999996,0.0,0.0,0.0,0.0,43.695688871401686,optimal
2021-02-09 19:30:00,10,74,1.0406425583101204,0.0,0.0,0.47253333333333336,15.6555,6.0,0,20.0,55.0,0.0006666666666666665,3642.2489540854212,0.0,0.0,0.0,43.51078239845267,optimal
2021-02-09 20:00:00,10,74,0.9860520821196442,0.0,0.0,0.7001333333333333,14.553,6.0,0,20.0,55.0,0.0006666666666666665,3451.1822874187546,0.0,0.0,0.0,43.326060831976605,optimal
2021-02-09 20:30:00,10,74,0.0,0.0,0.0,0.2932333333333333,14.3325,6.0,0,20.0,55.0,0.0006666666666666665,0.0,0.0,0.0,0.0,43.14152398706701,optimal
2021-02-09 21:00:00,10,74,0.0,0.0,0.0,0.4080666666666667,13.335,6.0,0,19.852438902729922,55.0,0.0,0.0,0.0,0.0,0.0,42.95717167900233,optimal
2021-02-09 21:30:00,10,74,0.0,0.0,0.0,0.7072999999999999,12.1275,6.0,0,19.714593713494235,55.0,0.0,0.0,0.0,0.0,0.0,42.91421450732333,optimal
2021-02-09 22:00:00,10,74,0.0,0.0,0.0,0.3604333333333333,12.2955,6.0,0,19.588305144463213,55.0,0.0,0.0,0.0,0.0,0.0,42.87130029281601,optimal
2021-02-09 22:30:00,10,74,0.0,0.0,0.0,0.6768666666666667,11.6865,6.0,0,19.44896178681206,55.0,0.0,0.0,0.0,0.0,0.0,42.82842899252319,optimal
2021-02-09 23:00:00,10,74,0.0,0.0,0.0,0.1903333333333333,11.466,6.0,0,19.327745007765113,55.0,0.0,0.0,0.0,0.0,0.0,42.78560056353067,optimal
2021-02-09 23:30:00,10,74,0.0,0.0,0.0,0.16453333333333334,10.8045,6.0,0,19.16447160698616,55.0,0.0,0.0,0.0,0.0,0.0,42.74281496296714,optimal
2021-02-10 00:00:00,10,74,2.2857142857142856,0.0,0.0,0.16713333333333333,10.8045,6.0,0,19.16447160698616,55.0,0.0,6049.333333333333,0.0,1950.6666666666667,0.0,42.70007214800417,optimal
2021-02-10 00:30:00,10,74,2.2857142857142856,0.0,0.0,0.2681,11.508,6.0,0,19.23171245154025,55.0,0.07655502392344497,0.0,0.0,8000.0,0.0,42.657372075856166,optimal
2021-02-10 01:00:00,10,74,2.2857142857142856,0.0,0.0,0.31256666666666666,11.508,6.0,0,19.07626586510417,55.0,0.13933333333333334,1439.666666666667,0.0,6560.333333333333,0.0,42.61471470378031,optimal
2021-02-10 01:30:00,10,74,2.2857142857142856,0.0,0.0,0.5307666666666666,11.508,6.0,0,18.981425203982205,55.0,0.13933333333333334,8000.0,0.0,0.0,0.0,42.57209998907653,optimal
2021-02-10 02:00:00,10,74,2.2857142857142856,0.0,0.0,0.4426666666666667,11.844,6.0,0,19.13940953856143,55.0,0.13933333333333334,8000.0,0.0,0.0,0.0,42.52952788908745,optimal
2021-02-10 02:30:00,10,74,2.2857142857142856,0.0,0.0,0.0674,11.508,6.0,0,19.288397551829213,55.0,0.13933333333333334,8000.0,0.0,0.0,0.0,42.48699836119836,optimal
2021-02-10 03:00:00,10,74,2.2857142857142856,0.0,0.0,0.1252,11.508,6.0,0,19.415722902002965,55.0,0.13933333333333334,8000.0,0.0,0.0,0.0,42.44451136283716,optimal
2021-02-10 03:30:00,10,74,2.2857142857142856,0.0,9.0,0.064,10.4475,6.0,0,19.54402564451396,55.0,0.13933333333333334,8000.0,0.0,0.0,0.0,46.67706685147432,optimal
2021-02-10 04:00:00,10,74,2.2857142857142856,0.0,0.0,0.21486666666666668,10.8675,6.0,0,19.66881737252079,55.0,0.13933333333333334,8000.0,0.0,0.0,0.0,46.63038978462285,optimal
2021-02-10 04:30:00,10,74,2.2857142857142856,0.0,3.488341660058648,0.081,10.542,6.0,0,19.798113403633966,55.0,0.13933333333333334,8000.0,0.0,0.0,0.0,48.240721683366075,optimal
2021-02-10 05:00:00,10,74,2.2857142857142856,0.0,0.0,0.16,11.025,6.0,0,19.920212797359206,55.0,0.13933333333333334,8000.0,0.0,0.0,0.0,48.192480961682705,optimal
2021-02-10 05:30:00,10,74,2.2857142857142856,0.0,0.0,0.09846666666666669,11.025,6.0,0,20.043195668005858,55.0,0.13933333333333334,8000.0,0.0,0.0,0.0,48.144288480721016,optimal
2021-02-10 06:00:00,10,74,2.2857142857142856,0.0,0.0,0.2044,14.553,6.0,0,20.161763969033714,55.0,0.13933333333333334,8000.0,0.0,0.0,0.0,48.096144192240295,optimal
2021-02-10 06:30:00,10,74,2.2857142857142856,0.0,0.0,0.415,13.0935,6.0,0,20.28401931134091,55.0,0.13666666666666666,8000.0,0.0,0.0,0.0,48.048048048048045,optimal
2021-02-10 07:00:00,10,74,2.2857142857142856,0.0,0.0,0.4226666666666667,15.6345,6.0,0,20.42278514713381,55.0,0.09066666666666667,8000.0,0.0,0.0,0.0,48.0,optimal
2021-02-10 07:30:00,10,74,0.0,0.0,0.0,0.2542,18.102,6.0,0,20.56167179161862,55.0,0.074,0.0,0.0,0.0,0.0,47.7880051121639,optimal
2021-02-10 08:00:00,10,74,0.2234382126822114,0.0,0.0,2.060333333333333,17.199,6.0,0,20.390120725931673,55.0,0.056,782.03374438774,0.0,0.0,0.0,47.57622221921564,optimal
2021-02-10 08:30:00,10,74,0.0,0.0,0.0,0.2782,18.2805,6.0,0,20.256401792797845,55.0,0.056,0.0,0.0,0.0,0.0,47.36465110916033,optimal
2021-02-10 09:00:00,10,74,2.2857142857142856,0.0,0.0,0.3036666666666667,17.4615,6.0,0,20.06635918473773,55.0,0.056,8000.0,0.0,0.0,0.0,47.15329157021507,optimal
2021-02-10 09:30:00,10,74,0.0,0.0,0.0,0.17980000000000002,18.3225,6.0,0,20.186049872503236,55.0,0.056,0.0,0.0,0.0,0.0,46.94214339080875,optimal
2021-02-10 10:00:00,10,74,1.353311529182465,0.0,0.0,0.3382333333333333,17.094,6.0,0,20.0,55.0,0.056,4736.590352138627,0.0,0.0,0.0,46.73120635958185,optimal
2021-02-10 10:30:00,10,74,1.365139396100436,0.0,0.0,0.13413333333333333,17.094,6.0,0,20.0,55.0,0.056,4777.987886351527,0.0,0.0,0.0,46.52048026538617,optimal
2021-02-10 11:00:00,10,74,2.2857142857142856,0.0,0.0,0.6348333333333334,17.094,6.0,0,20.0,55.0,0.056,8000.0,0.0,0.0,0.0,46.30996489728469,optimal
2021-02-10 11:30:00,10,74,0.4081302013084153,0.0,0.0,0.3307,17.3565,6.0,0,20.131225938683137,55.0,0.056,1428.4557045794536,0.0,0.0,0.0,46.09966004455131,optimal
2021-02-10 12:00:00,10,74,2.2857142857142856,0.0,0.0,0.3364,17.115,6.0,0,20.017353534052138,55.0,0.05466666666666667,8000.0,0.0,0.0,0.0,45.889565496670656,optimal
2021-02-10 12:30:00,10,74,2.2857142857142856,0.0,0.0,0.2325,17.241,6.0,0,20.158597143205533,55.0,0.037333333333333336,8000.0,0.0,0.0,0.0,45.67968104333789,optimal
2021-02-10 13:00:00,10,74,2.2857142857142856,0.0,0.0,2.1659,17.094,6.0,0,20.295443854626303,55.0,0.037333333333333336,8000.0,0.0,0.0,0.0,45.47000647445845,optimal
2021-02-10 13:30:00,10,74,2.2857142857142856,0.0,0.0,0.4466,16.5165,6.0,0,20.471907828236137,55.0,0.019333333333333334,8000.0,0.0,0.0,0.0,45.260541580147894,optimal
2021-02-10 14:00:00,10,74,2.2857142857142856,0.0,0.0,0.23166666666666663,17.8185,6.0,0,20.612532524694146,55.0,0.019333333333333334,8000.0,0.0,0.0,0.0,45.05128615073165,optimal
2021-02-10 14:30:00,10,74,2.2857142857142856,0.0,0.0,2.1006666666666667,17.094,6.0,0,20.746955767414786,55.0,0.019333333333333334,8000.0,0.0,0.0,0.0,44.84223997674482,optimal
2021-02-10 15:00:00,10,74,2.2857142857142856,0.0,0.0,0.31926666666666664,16.8945,6.0,0,20.9218659886832,55.0,0.019333333333333334,8000.0,0.0,0.0,0.0,44.63340284893198,optimal
2021-02-10 15:30:00,10,74,2.2857142857142856,0.0,0.0,0.1972,18.123,6.0,0,21.056906339241593,55.0,0.019333333333333334,8000.0,0.0,0.0,0.0,44.42477455824695,optimal
2021-02-10 16:00:00,10,74,0.0,0.0,0.0,0.074,31.647,6.0,0,21.17578770181192,55.0,0.019333333333333334,0.0,0.0,0.0,0.0,44.21635489585261,optimal
2021-02-10 16:30:00,10,74,0.0,0.0,0.0,0.1222,34.9965,6.0,0,20.98590757303571,55.0,0.019333333333333334,0.0,0.0,0.0,0.0,44.00814365312066,optimal
2021-02-10 17:00:00,10,74,0.0,0.0,0.0,0.2059333333333333,34.9965,6.0,0,20.799891980177094,55.0,0.018666666666666668,0.0,0.0,0.0,0.0,43.80014062163144,optimal
2021-02-10 17:30:00,10,74,0.0,0.0,0.0,1.379733333333333,34.9965,6.0,0,20.625528738282096,55.0,0.018666666666666668,0.0,0.0,0.0,0.0,43.59234559317371,optimal
2021-02-10 18:00:00,10,74,0.0,0.0,0.0,1.157,34.9965,6.0,0,20.479832477047644,55.0,0.017333333333333333,0.0,0.0,0.0,0.0,43.38475835974444,optimal
2021-02-10 18:30:00,10,74,0.0,0.0,0.0,0.37726666666666664,34.9965,6.0,0,20.330423136689863,55.0,0.014,0.0,0.0,0.0,0.0,43.1773787135486,optimal
2021-02-10 19:00:00,10,74,0.0,0.0,0.0,0.2919333333333333,27.741,6.0,0,20.16882639152413,55.0,0.009333333333333334,0.0,0.0,0.0,0.0,42.97020644699895,optimal
2021-02-10 19:30:00,10,74,1.2149155655722377,0.0,0.0,0.3562666666666667,19.026,6.0,0,20.0,55.0,0.008,4252.204479502832,0.0,0.0,0.0,42.92723624055195,optimal
2021-02-10 20:00:00,10,74,1.171421501661343,0.0,0.0,0.5085333333333334,18.7215,6.0,0,20.0,55.0,0.008,4099.9752558147,0.0,0.0,0.0,42.8843090043114,optimal
2021-02-10 20:30:00,10,74,0.0,0.0,0.0,0.6302666666666666,17.4195,6.0,0,20.0,55.0,0.004666666666666667,0.0,0.0,0.0,0.0,42.84142469530708,optimal
2021-02-10 21:00:00,10,74,0.0,0.0,0.0,0.5576,16.758,6.0,0,19.852416614093706,55.0,0.0,0.0,0.0,0.0,0.0,42.79858327061178,optimal
2021-02-10 21:30:00,10,74,0.4976190476190477,0.0,0.0,0.49376666666666663,14.217,6.0,0,19.704126747186308,55.0,0.0,0.0,0.0,1741.666666666667,0.0,42.75578468734117,optimal
2021-02-10 22:00:00,10,74,0.0398095238095238,0.0,0.0,0.49069999999999997,13.3665,6.0,0,19.535566931989067,55.0,0.0,0.0,0.0,139.33333333333331,0.0,42.713028902653825,optimal
2021-02-10 22:30:00,10,74,1.4530476190476187,0.0,0.0,1.2792000000000001,12.789,6.0,0,19.355041941207336,55.0,0.0,0.0,0.0,5085.666666666666,0.0,42.67031587375117,optimal
2021-02-10 23:00:00,10,74,0.0,0.0,0.0,0.4931333333333333,11.907,6.0,0,19.178719004384917,55.0,0.0,0.0,0.0,0.0,0.0,42.62764555787742,optimal
2021-02-10 23:30:00,10,74,0.0,0.0,0.0,0.33693333333333336,11.7075,6.0,0,18.996568310288172,55.0,0.0,0.0,0.0,0.0,0.0,42.58501791231954,optimal
2021-02-11 00:00:00,10,74,2.2857142857142856,0.0,0.0,0.053,11.025,6.0,0,18.996568310288172,55.0,0.0,8000.0,0.0,0.0,0.0,42.54243289440722,optimal
2021-02-11 00:30:00,10,74,2.2857142857142856,0.0,0.0,0.2004,12.0855,6.0,0,19.09444008744591,55.0,0.06266666666666666,1451.333333333333,0.0,6548.666666666667,0.0,42.49989046151281,optimal
2021-02-11 01:00:00,10,74,2.2857142857142856,0.0,0.0,0.13886666666666667,11.6865,6.0,0,18.95138558632329,55.0,0.06266666666666666,8000.0,0.0,0.0,0.0,42.4573905710513,optimal
2021-02-11 01:30:00,10,74,2.2857142857142856,0.0,0.0,0.053,11.2245,6.0,0,19.054796766395828,55.0,0.06266666666666666,8000.0,0.0,0.0,0.0,42.41493318048025,optimal
2021-02-11 02:00:00,10,74,2.2857142857142856,0.0,0.0,0.2678666666666667,11.025,6.0,0,19.15400271606016,55.0,0.06266666666666666,8000.0,0.0,0.0,0.0,42.372518247299766,optimal
2021-02-11 02:30:00,10,74,2.2857142857142856,0.0,0.0,0.0714,10.7835,6.0,0,19.260362735748835,55.0,0.06266666666666666,8000.0,0.0,0.0,0.0,42.33014572905247,optimal
2021-02-11 03:00:00,10,74,2.2857142857142856,0.0,0.0,0.2004,11.025,6.0,0,19.35738567275346,55.0,0.06266666666666666,8000.0,0.0,0.0,0.0,42.287815583323415,optimal
2021-02-11 03:30:00,10,74,2.2857142857142856,0.0,4.112757862220797,0.13886666666666667,10.584,6.0,0,19.457410094763663,55.0,0.06266666666666666,8000.0,0.0,0.0,0.0,44.19908775229497,optimal
2021-02-11 04:00:00,10,74,2.2857142857142856,0.0,0.0,0.053,11.025,6.0,0,19.556529755220996,55.0,0.06266666666666666,8000.0,0.0,0.0,0.0,44.154888664542675,optimal
2021-02-11 04:30:00,10,74,2.2857142857142856,0.0,9.0,0.24946666666666667,10.4265,6.0,0,19.6538372519238,55.0,0.06266666666666666,8000.0,0.0,0.0,0.0,48.38573377587813,optimal
2021-02-11 05:00:00,10,74,2.2857142857142856,0.0,0.0,0.08979999999999999,12.789,6.0,0,19.757624100905872,55.0,0.06266666666666666,8000.0,0.0,0.0,0.0,48.33734804210225,optimal
2021-02-11 05:30:00,10,74,2.2857142857142856,0.0,0.0,0.1669,12.684,6.0,0,19.854424321853937,55.0,0.06266666666666666,8000.0,0.0,0.0,0.0,48.289010694060146,optimal
2021-02-11 06:00:00,10,74,2.2857142857142856,0.0,0.0,0.17236666666666667,16.254,6.0,0,19.95556833891182,55.0,0.06266666666666666,8000.0,0.0,0.0,0.0,48.240721683366075,optimal
2021-02-11 06:30:00,10,74,2.2857142857142856,0.0,0.0,0.056,17.64,6.0,0,20.05831896573724,55.0,0.06266666666666666,8000.0,0.0,0.0,0.0,48.192480961682705,optimal
2021-02-11 07:00:00,10,74,2.2857142857142856,0.0,0.0,2.5418000000000003,19.1625,6.0,0,20.15796230503635,55.0,0.058666666666666666,8000.0,0.0,0.0,0.0,48.144288480721016,optimal
2021-02-11 07:30:00,10,74,0.0,0.0,0.0,2.2900666666666667,26.46,6.0,0,20.283433175626524,55.0,0.058666666666666666,0.0,0.0,0.0,0.0,48.096144192240295,optimal
2021-02-11 08:00:00,10,74,1.7044775854617522,0.0,0.0,2.2716666666666665,20.79,6.0,0,20.101663856609164,55.0,0.05266666666666667,5965.671549116132,0.0,0.0,0.0,48.048048048048045,optimal
2021-02-11 08:30:00,10,74,0.0,0.0,0.0,2.53,29.106,6.0,0,20.156529173525687,55.0,0.05266666666666667,0.0,0.0,0.0,0.0,48.0,optimal
2021-02-11 09:00:00,10,74,2.2857142857142856,0.0,0.0,0.6316333333333334,19.1835,6.0,0,20.0,55.0,0.04733333333333333,8000.0,0.0,0.0,0.0,47.73139672250161,optimal
2021-02-11 09:30:00,10,74,0.03786905862239569,0.0,0.0,2.5358666666666667,19.6665,6.0,0,20.141668164982725,55.0,0.046,132.5417051783849,0.0,0.0,0.0,47.46306204828071,optimal
2021-02-11 10:00:00,10,74,0.9552134395217488,0.0,0.0,3.0453333333333332,19.404,6.0,0,20.0,55.0,0.043333333333333335,3343.2470383261207,0.0,0.0,0.0,47.19499570873404,optimal
2021-02-11 10:30:00,10,74,1.0450400670879991,0.0,0.0,3.6275666666666666,19.047,6.0,0,20.0,55.0,0.043333333333333335,3657.6402348079973,0.0,0.0,0.0,46.927197435526914,optimal
2021-02-11 11:00:00,10,74,2.2857142857142856,0.0,0.0,0.9306,18.858,6.0,0,20.0,55.0,0.04133333333333333,8000.0,0.0,0.0,0.0,46.65966696059299,optimal
2021-02-11 11:30:00,10,74,0.2731109950653971,0.0,0.0,1.9217,19.2675,6.0,0,20.12456830401319,55.0,0.024666666666666667,955.8884827288898,0.0,0.0,0.0,46.39240401613401,optimal
2021-02-11 12:00:00,10,74,1.171413891099434,0.0,0.0,1.5826,18.963,6.0,0,20.0,55.0,0.024666666666666667,4099.94861884802,0.0,0.0,0.0,46.125408334619486,optimal
2021-02-11 12:30:00,10,74,2.2857142857142856,0.0,0.0,1.1775,18.438,6.0,0,20.0,55.0,0.024666666666666667,8000.0,0.0,0.0,0.0,45.85867964878648,optimal
2021-02-11 13:00:00,10,74,2.2857142857142856,0.0,0.0,0.23786666666666667,18.7425,6.0,0,20.148345704164182,55.0,0.024666666666666667,8000.0,0.0,0.0,0.0,45.5922176916393,optimal
2021-02-11 13:30:00,10,74,2.2857142857142856,0.0,0.0,0.2876,15.2145,6.0,0,20.284425720245192,55.0,0.024666666666666667,8000.0,0.0,0.0,0.0,45.326022196449266,optimal
2021-02-11 14:00:00,10,74,2.2857142857142856,0.0,0.0,0.20916666666666664,17.7765,6.0,0,20.42113179934832,55.0,0.024666666666666667,8000.0,0.0,0.0,0.0,45.060092896754426,optimal
2021-02-11 14:30:00,10,74,2.2857142857142856,0.0,0.0,0.063,16.758,6.0,0,20.558680630366432,55.0,0.024666666666666667,8000.0,0.0,0.0,0.0,44.79442952635928,optimal
2021-02-11 15:00:00,10,74,2.2857142857142856,0.0,0.0,0.18359999999999999,16.422,6.0,0,20.686139501785885,55.0,0.024666666666666667,8000.0,0.0,0.0,0.0,44.52903181933453,optimal
2021-02-11 15:30:00,10,74,2.2857142857142856,0.0,0.0,0.5031333333333333,16.758,6.0,0,20.81364457169578,55.0,0.022,8000.0,0.0,0.0,0.0,44.2638995100168,optimal
2021-02-11 16:00:00,10,74,0.0,0.0,0.0,1.7362666666666668,29.358,6.0,0,20.941326905311406,55.0,0.011333333333333334,0.0,0.0,0.0,0.0,43.999032333008394,optimal
2021-02-11 16:30:00,10,74,0.0,0.0,0.0,2.0324333333333326,34.9965,6.0,0,20.782624871294377,55.0,0.01,0.0,0.0,0.0,0.0,43.734430023177,optimal
2021-02-11 17:00:00,10,74,0.0,0.0,0.0,1.1808333333333332,34.65,6.0,0,20.657661317141088,55.0,0.01,0.0,0.0,0.0,0.0,43.47009231565543,optimal
2021-02-11 17:30:00,10,74,0.0,0.0,0.0,3.6165666666666665,34.9965,6.0,0,20.502498662218947,55.0,0.008666666666666666,0.0,0.0,0.0,0.0,43.20601894584138,optimal
2021-02-11 18:00:00,10,74,0.0,0.0,0.0,1.8323666666666663,34.9965,6.0,0,20.35454900722008,55.0,0.008,0.0,0.0,0.0,0.0,42.94220964939715,optimal
2021-02-11 18:30:00,10,74,0.0,0.0,0.0,1.6888666666666665,30.4815,6.0,0,20.179294712576652,55.0,0.0,0.0,0.0,0.0,0.0,42.67866416224936,optimal
2021-02-11 19:00:00,10,74,1.1985280783132972,0.0,0.0,1.7897333333333332,21.4305,6.0,0,20.007135682321785,55.0,0.0,4194.848274096541,0.0,0.0,0.0,42.41538222058872,optimal
2021-02-11 19:30:00,10,74,1.6036835502600915,0.0,0.0,0.8475,14.3325,6.0,0,20.0,55.0,0.0,5055.559092576987,0.0,557.3333333333333,0.0,42.15236356086974,optimal
2021-02-11 20:00:00,10,74,1.513480640983327,0.0,0.0,2.7516666666666665,13.692,6.0,0,20.0,55.0,0.001333333333333333,5018.5155767749775,0.0,278.66666666666663,0.0,41.88960791981048,optimal
2021-02-11 20:30:00,10,74,0.0,0.0,0.0,1.2139000000000002,14.007,6.0,0,20.0,55.0,0.0,0.0,0.0,0.0,0.0,41.627115034392276,optimal
2021-02-11 21:00:00,10,74,0.0,0.0,0.0,2.251333333333333,12.873,6.0,0,19.800454735181948,55.0,0.0,0.0,0.0,0.0,0.0,41.36488464185949,optimal
2021-02-11 21:30:00,10,74,0.0,0.0,0.0,0.6102000000000001,12.684,6.0,0,19.599969761462056,55.0,0.0,0.0,0.0,0.0,0.0,41.10291647971924,optimal
2021-02-11 22:00:00,10,74,0.0,0.0,0.0,0.5592999999999999,12.306,6.0,0,19.403078454235015,55.0,0.0,0.0,0.0,0.0,0.0,40.84121028574113,optimal
2021-02-11 22:30:00,10,74,0.09952380952380951,0.0,0.0,0.6826,10.6365,6.0,0,19.217456628896038,55.0,0.0033333333333333335,0.0,0.0,348.3333333333333,0.0,40.800369075455386,optimal
2021-02-11 23:00:00,10,74,0.0,0.0,0.0,0.6468666666666667,11.2455,6.0,0,19.035196041213535,55.0,0.0,0.0,0.0,0.0,0.0,40.75956870637993,optimal
2021-02-11 23:30:00,10,74,0.0,0.0,0.0,0.7571666666666667,11.2455,6.0,0,18.84232054202884,55.0,0.0,0.0,0.0,0.0,0.0,40.71880913767355,optimal
2021-02-12 00:00:00,10,74,2.2857142857142856,0.0,0.0,0.053,10.3635,6.0,0,18.84232054202884,55.0,0.0,8000.0,0.0,0.0,0.0,40.67809032853588,optimal
2021-02-12 00:30:00,10,74,2.2857142857142856,0.0,0.0,0.14233333333333334,10.8045,6.0,0,18.90102039071202,55.0,0.021575361188448543,5745.374755807127,0.0,2254.6252441928727,0.0,40.63741223820735,optimal
2021-02-12 01:00:00,10,74,2.2857142857142856,0.0,0.0,0.053,11.025,6.0,0,18.878719286140846,55.0,0.021575361188448543,8000.0,0.0,0.0,0.0,40.59677482596914,optimal
2021-02-12 01:30:00,10,74,2.2857142857142856,0.0,0.0,0.25806666666666667,10.3635,6.0,0,18.93813052788256,55.0,0.021575361188448543,8000.0,0.0,0.0,0.0,40.55617805114317,optimal
2021-02-12 02:00:00,10,74,2.2857142857142856,0.0,0.0,0.0964,10.8045,6.0,0,19.005642532677626,55.0,0.021575361188448543,8000.0,0.0,0.0,0.0,40.51562187309203,optimal
2021-02-12 02:30:00,10,74,2.2857142857142856,0.0,0.0,0.14766666666666667,10.059,6.0,0,19.067375073214137,55.0,0.021575361188448543,8000.0,0.0,0.0,0.0,40.47510625121894,optimal
2021-02-12 03:00:00,10,74,2.2857142857142856,0.0,0.0,0.2068,10.584,6.0,0,19.133279580827047,55.0,0.021575361188448543,8000.0,0.0,0.0,0.0,40.43463114496772,optimal
2021-02-12 03:30:00,10,74,2.2857142857142856,0.0,9.0,0.053,9.4185,6.0,0,19.203612898860637,55.0,0.021575361188448543,8000.0,0.0,0.0,0.0,44.66919651382275,optimal
2021-02-12 04:00:00,10,74,2.2857142857142856,0.0,0.0,0.15616666666666665,10.3635,6.0,0,19.274082739466294,55.0,0.021575361188448543,8000.0,0.0,0.0,0.0,44.624527317308925,optimal
2021-02-12 04:30:00,10,74,2.2857142857142856,0.0,7.808648219091646,0.1983,9.8385,6.0,0,19.354360148740042,55.0,0.021575361188448543,8000.0,0.0,0.0,0.0,48.289010694060146,optimal
2021-02-12 05:00:00,10,74,2.2857142857142856,0.0,0.0,0.053,11.067,6.0,0,19.4420555106516,55.0,0.021575361188448543,8000.0,0.0,0.0,0.0,48.240721683366075,optimal
2021-02-12 05:30:00,10,74,2.2857142857142856,0.0,0.0,0.2650666666666667,10.8465,6.0,0,19.530043949267824,55.0,0.021575361188448543,8000.0,0.0,0.0,0.0,48.192480961682705,optimal
2021-02-12 06:00:00,10,74,2.2857142857142856,0.0,0.0,0.09306666666666666,13.671,6.0,0,19.63439647845419,55.0,0.02024202785511521,8000.0,0.0,0.0,0.0,48.144288480721016,optimal
2021-02-12 06:30:00,10,74,2.2857142857142856,0.0,0.0,1.6398666666666666,12.348,6.0,0,19.744178886685713,55.0,0.016908694521781877,8000.0,0.0,0.0,0.0,48.096144192240295,optimal
2021-02-12 07:00:00,10,74,2.2857142857142856,0.0,0.0,0.24686666666666668,14.3325,6.0,0,19.875873819499056,55.0,0.01624202785511521,8000.0,0.0,0.0,0.0,48.048048048048045,optimal
2021-02-12 07:30:00,10,74,2.2857142857142856,0.0,0.0,1.8426,15.393,6.0,0,19.999348428354942,55.0,0.004068694521781876,8000.0,0.0,0.0,0.0,48.0,optimal
2021-02-12 08:00:00,10,74,2.2857142857142856,0.0,0.0,0.06873333333333334,13.587,6.0,0,20.140064146659594,55.0,0.004068694521781876,8000.0,0.0,0.0,0.0,47.84952601702555,optimal
2021-02-12 08:30:00,10,74,0.0,0.0,0.0,0.23366666666666663,16.1385,6.0,0,20.21882640756231,55.0,0.004068694521781876,0.0,0.0,0.0,0.0,47.699202508034084,optimal
2021-02-12 09:00:00,10,74,1.6898369796735224,0.0,0.0,0.12446666666666668,14.595,6.0,0,20.0,55.0,0.004068694521781876,5914.429428857328,0.0,0.0,0.0,47.549029322551604,optimal
2021-02-12 09:30:00,10,74,1.520036170660807,0.0,0.0,0.16873333333333332,14.637,6.0,0,20.0,55.0,0.004068694521781876,5320.126597312824,0.0,0.0,0.0,47.399006310254606,optimal
2021-02-12 10:00:00,10,74,1.3580258085877437,0.0,0.0,0.19206666666666664,13.9125,6.0,0,20.0,55.0,0.004068694521781876,4753.0903300571035,0.0,0.0,0.0,47.249133320969904,optimal
2021-02-12 10:30:00,10,74,2.2857142857142856,0.0,0.0,0.063,13.3665,6.0,0,20.0,55.0,0.02367494434811382,5951.146893148312,0.0,2048.8531068516877,0.0,47.09941020467449,optimal
2021-02-12 11:00:00,10,74,2.2857142857142856,0.0,0.0,0.23113333333333333,13.0095,6.0,0,20.043863492479073,55.0,0.02367494434811382,8000.0,0.0,0.0,0.0,46.94983681149537,optimal
2021-02-12 11:30:00,10,74,0.0,0.0,0.0,0.12533333333333332,13.8915,6.0,0,20.174827893102385,55.0,0.02367494434811382,0.0,0.0,0.0,0.0,46.800412991709436,optimal
2021-02-12 12:00:00,10,74,2.2857142857142856,0.0,0.0,0.053,13.188,6.0,0,20.0,55.0,0.023826666666666666,7984.145017711227,0.0,15.854982288772653,0.0,46.651138595743284,optimal
2021-02-12 12:30:00,10,74,2.2857142857142856,0.0,0.0,0.29253333333333337,12.5685,6.0,0,20.12509174203287,55.0,0.023826666666666666,8000.0,0.0,0.0,0.0,46.5020134741731,optimal
2021-02-12 13:00:00,10,74,2.2857142857142856,0.0,0.0,0.06826666666666667,12.285,6.0,0,20.259089737689962,55.0,0.023826666666666666,8000.0,0.0,0.0,0.0,46.35303747772448,optimal
2021-02-12 13:30:00,10,74,2.2857142857142856,0.0,0.0,0.18830000000000002,11.487,6.0,0,20.38361737282395,55.0,0.023826666666666666,8000.0,0.0,0.0,0.0,46.20421045727231,optimal
2021-02-12 14:00:00,10,74,2.2857142857142856,0.0,0.0,0.17816666666666667,11.802,6.0,0,20.510412130056046,55.0,0.023826666666666666,8000.0,0.0,0.0,0.0,46.0555322638406,optimal
2021-02-12 14:30:00,10,74,2.2857142857142856,0.0,0.0,0.053,11.2245,6.0,0,20.634992284518198,55.0,0.023826666666666666,8000.0,0.0,0.0,0.0,45.90700274860231,optimal
2021-02-12 15:00:00,10,74,2.2857142857142856,0.0,0.0,0.09453333333333332,11.025,6.0,0,20.752822933788476,55.0,0.006666666666666667,8000.0,0.0,0.0,0.0,45.758621762879265,optimal
2021-02-12 15:30:00,10,74,2.2857142857142856,0.0,0.0,0.22213333333333332,11.907,6.0,0,20.874244680910607,55.0,0.006666666666666667,8000.0,0.0,0.0,0.0,45.61038915814194,optimal
2021-02-12 16:00:00,10,74,0.0,0.0,0.0,0.15233333333333335,25.83,6.0,0,20.99346095471916,55.0,0.006666666666666667,0.0,0.0,0.0,0.0,45.462304786009355,optimal
2021-02-12 16:30:00,10,74,0.0,0.0,0.0,0.063,28.035,6.0,0,20.806393119126056,55.0,0.006666666666666667,0.0,0.0,0.0,0.0,45.3143684982489,optimal
2021-02-12 17:00:00,10,74,0.0,0.0,0.0,0.24896666666666667,28.119,6.0,0,20.61489996703629,55.0,0.0033333333333333327,0.0,0.0,0.0,0.0,45.16658014677621,optimal
2021-02-12 17:30:00,10,74,0.0,0.0,0.0,1.1952333333333331,30.156,6.0,0,20.435684040930735,55.0,0.0033333333333333327,0.0,0.0,0.0,0.0,45.01893958365499,optimal
2021-02-12 18:00:00,10,74,0.0,0.0,0.0,1.912766666666667,29.1585,6.0,0,20.30547110972871,55.0,0.0019999999999999996,0.0,0.0,0.0,0.0,44.87144666109689,optimal
2021-02-12 18:30:00,10,74,0.0,0.0,0.0,0.4066,26.712,6.0,0,20.171158649327417,55.0,0.0019999999999999996,0.0,0.0,0.0,0.0,44.72410123146135,optimal
2021-02-12 19:00:00,10,74,1.0971635885300548,0.0,0.0,0.20853333333333332,15.435,6.0,0,20.015671431633958,55.0,0.001333333333333333,3840.0725598551917,0.0,0.0,0.0,44.57690314725544,optimal
2021-02-12 19:30:00,10,74,1.1275624801092392,0.0,0.0,0.19003333333333333,13.566,6.0,0,20.0,55.0,0.0,3946.468680382337,0.0,0.0,0.0,44.53232624410819,optimal
2021-02-12 20:00:00,10,74,1.2153019974020467,0.0,0.0,0.28136666666666665,12.789,6.0,0,20.0,55.0,0.0,3797.9369909071634,0.0,455.62,0.0,44.48779391786408,optimal
2021-02-12 20:30:00,10,74,1.7408704761904763,0.0,0.0,0.2801666666666667,12.1275,6.0,0,20.0,55.0,0.0,0.0,0.0,6093.046666666667,0.0,44.443306123946215,optimal
2021-02-12 21:00:00,10,74,0.0,0.0,0.0,0.4164,13.671,6.0,0,19.85637776373166,55.0,0.0,0.0,0.0,0.0,0.0,44.39886281782227,optimal
2021-02-12 21:30:00,10,74,0.0398095238095238,0.0,0.0,0.3445,10.668,6.0,0,19.727815661087384,55.0,0.001333333333333333,0.0,0.0,139.33333333333331,0.0,44.35446395500445,optimal
2021-02-12 22:00:00,10,74,0.0,0.0,0.0,0.4617,11.7285,6.0,0,19.59239334745952,55.0,0.0,0.0,0.0,0.0,0.0,44.310109491049445,optimal
2021-02-12 22:30:00,10,74,0.0,0.0,0.0,0.1957333333333333,11.025,6.0,0,19.45696696715491,55.0,0.0,0.0,0.0,0.0,0.0,44.265799381558395,optimal
2021-02-12 23:00:00,10,74,0.0,0.0,0.0,0.17873333333333333,10.689,6.0,0,19.286405477510876,55.0,0.0,0.0,0.0,0.0,0.0,44.22153358217684,optimal
2021-02-12 23:30:00,10,74,0.0,0.0,0.0,0.063,8.1585,6.0,0,19.116809207550894,55.0,0.0,0.0,0.0,0.0,0.0,44.177312048594665,optimal
2021-02-13 00:00:00,10,74,2.2857142857142856,0.0,0.0,0.061,9.3975,6.0,0,19.116809207550894,55.0,0.0,8000.0,0.0,0.0,0.0,44.13313473654607,optimal
2021-02-13 00:30:00,10,74,2.2857142857142856,0.0,0.0,0.061,10.059,6.0,0,19.235413085426433,55.0,0.07655502392344497,0.0,0.0,8000.0,0.0,44.08900160180952,optimal
2021-02-13 01:00:00,10,74,2.2857142857142856,0.0,0.0,0.061,9.261,6.0,0,19.053301997144086,55.0,0.08333333333333333,7291.666666666667,0.0,708.3333333333334,0.0,44.04491260020771,optimal
2021-02-13 01:30:00,10,74,2.2857142857142856,0.0,0.0,0.20913333333333334,8.1585,6.0,0,19.147836569743077,55.0,0.08333333333333333,8000.0,0.0,0.0,0.0,44.0008676876075,optimal
2021-02-13 02:00:00,10,74,2.2857142857142856,0.0,0.0,0.061,9.4815,6.0,0,19.274189796977335,55.0,0.08333333333333333,8000.0,0.0,0.0,0.0,43.956866819919895,optimal
2021-02-13 02:30:00,10,74,2.2857142857142856,0.0,0.0,0.19793333333333332,8.379,6.0,0,19.394248685753247,55.0,0.08333333333333333,8000.0,0.0,0.0,0.0,43.91290995309998,optimal
2021-02-13 03:00:00,10,74,2.2857142857142856,0.0,0.0,0.0912,9.5235,6.0,0,19.51799319698149,55.0,0.08333333333333333,8000.0,0.0,0.0,0.0,43.86899704314688,optimal
2021-02-13 03:30:00,10,74,2.2857142857142856,0.0,0.0,0.067,8.1375,6.0,0,19.636518056172054,55.0,0.08333333333333333,8000.0,0.0,0.0,0.0,43.82512804610373,optimal
2021-02-13 04:00:00,10,74,2.2857142857142856,0.0,0.0,0.061,10.0905,6.0,0,19.752696638562043,55.0,0.08333333333333333,8000.0,0.0,0.0,0.0,43.78130291805763,optimal
2021-02-13 04:30:00,10,74,2.2857142857142856,0.0,9.0,0.21013333333333334,7.539,6.0,0,19.867311360605154,55.0,0.08333333333333333,8000.0,0.0,0.0,0.0,48.01252161513957,optimal
2021-02-13 05:00:00,10,74,2.2857142857142856,0.0,1.7053858132009445,0.071,7.938,6.0,0,19.985482202790255,55.0,0.08333333333333333,8000.0,0.0,0.0,0.0,48.774567354794875,optimal
2021-02-13 05:30:00,10,74,2.2857142857142856,0.0,0.0,0.08833333333333333,8.274,6.0,0,20.096024100448517,55.0,0.082,8000.0,0.0,0.0,0.0,48.72579278744007,optimal
2021-02-13 06:00:00,10,74,2.2857142857142856,0.0,0.0,0.2465,9.261,6.0,0,20.20669250995782,55.0,0.07133333333333333,8000.0,0.0,0.0,0.0,48.67706699465263,optimal
2021-02-13 06:30:00,10,74,2.2857142857142856,0.0,0.0,0.07579999999999999,9.9225,6.0,0,20.32380355634774,55.0,0.066,8000.0,0.0,0.0,0.0,48.62838992765797,optimal
2021-02-13 07:00:00,10,74,2.2857142857142856,0.0,0.0,0.0828,9.702,6.0,0,20.433870306195068,55.0,0.064,8000.0,0.0,0.0,0.0,48.579761537730306,optimal
2021-02-13 07:30:00,10,74,2.2857142857142856,0.0,0.0,0.12006666666666667,10.584,6.0,0,20.54612072737888,55.0,0.062,8000.0,0.0,0.0,0.0,48.53118177619257,optimal
2021-02-13 08:00:00,10,74,2.2857142857142856,0.0,0.0,0.21480000000000002,10.143,6.0,0,20.66065848333187,55.0,0.062,8000.0,0.0,0.0,0.0,48.48265059441637,optimal
2021-02-13 08:30:00,10,74,0.0,0.0,0.0,0.24930000000000002,13.0095,6.0,0,20.77561641389193,55.0,0.062,0.0,0.0,0.0,0.0,48.434167943821954,optimal
2021-02-13 09:00:00,10,74,2.2857142857142856,0.0,0.0,0.25839999999999996,11.025,6.0,0,20.591322770215246,55.0,0.062,8000.0,0.0,0.0,0.0,48.38573377587813,optimal
2021-02-13 09:30:00,10,74,0.0,0.0,0.0,0.41153333333333336,12.789,6.0,0,20.712401160768056,55.0,0.06,0.0,0.0,0.0,0.0,48.33734804210225,optimal
2021-02-13 10:00:00,10,74,2.2857142857142856,0.0,0.0,0.2587333333333333,12.1275,6.0,0,20.54002358675636,55.0,0.06,8000.0,0.0,0.0,0.0,48.289010694060146,optimal
2021-02-13 10:30:00,10,74,2.2857142857142856,0.0,0.0,0.21380000000000002,12.1695,6.0,0,20.666992724826176,55.0,0.06,8000.0,0.0,0.0,0.0,48.240721683366075,optimal
2021-02-13 11:00:00,10,74,2.2857142857142856,0.0,0.0,1.6154000000000002,12.306,6.0,0,20.786689350995687,55.0,0.06,8000.0,0.0,0.0,0.0,48.192480961682705,optimal
2021-02-13 11:30:00,10,74,0.0,0.0,0.0,1.6325666666666665,13.23,6.0,0,20.94070254410994,55.0,0.05533333333333333,0.0,0.0,0.0,0.0,48.144288480721016,optimal
2021-02-13 12:00:00,10,74,0.0,0.0,0.0,0.7673333333333334,13.671,6.0,0,20.786898041466465,55.0,0.05533333333333333,0.0,0.0,0.0,0.0,48.096144192240295,optimal
2021-02-13 12:30:00,10,74,0.0,0.0,0.0,0.5213,13.9335,6.0,0,20.623434803168585,55.0,0.054,0.0,0.0,0.0,0.0,48.048048048048045,optimal
2021-02-13 13:00:00,10,74,0.0,0.0,0.0,1.7545,13.293,6.0,0,20.462023474416345,55.0,0.048666666666666664,0.0,0.0,0.0,0.0,48.0,optimal
2021-02-13 13:30:00,10,74,2.2857142857142856,0.0,0.0,0.0834,12.1065,6.0,0,20.325449439780463,55.0,0.048666666666666664,8000.0,0.0,0.0,0.0,47.88201438918255,optimal
2021-02-13 14:00:00,10,74,2.2857142857142856,0.0,0.0,0.21723333333333328,11.571,6.0,0,20.449501024044938,55.0,0.048666666666666664,8000.0,0.0,0.0,0.0,47.76414676397592,optimal
2021-02-13 14:30:00,10,74,2.2857142857142856,0.0,0.0,0.16469999999999999,11.025,6.0,0,20.58017681723881,55.0,0.048,8000.0,0.0,0.0,0.0,47.6463970063945,optimal
2021-02-13 15:00:00,10,74,2.2857142857142856,0.0,0.0,0.4053,10.8465,6.0,0,20.70843348184208,55.0,0.048,8000.0,0.0,0.0,0.0,47.52876499857066,optimal
2021-02-13 15:30:00,10,74,2.2857142857142856,0.0,0.0,0.2319333333333333,11.2455,6.0,0,20.848381332079096,55.0,0.04733333333333333,8000.0,0.0,0.0,0.0,47.41125062275464,optimal
2021-02-13 16:00:00,10,74,0.0,0.0,0.0,0.45230000000000004,23.8665,6.0,0,20.982029774509453,55.0,0.043333333333333335,0.0,0.0,0.0,0.0,47.293853761314445,optimal
2021-02-13 16:30:00,10,74,0.0,0.0,0.0,0.31860000000000005,27.4575,6.0,0,20.820869134211936,55.0,0.043333333333333335,0.0,0.0,0.0,0.0,47.17657429673568,optimal
2021-02-13 17:00:00,10,74,0.0,0.0,0.0,0.3447333333333333,27.3735,6.0,0,20.66103065635077,55.0,0.043333333333333335,0.0,0.0,0.0,0.0,47.0594121116215,optimal
2021-02-13 17:30:00,10,74,0.0,0.0,0.0,0.2727,30.4605,6.0,0,20.505486780423794,55.0,0.043333333333333335,0.0,0.0,0.0,0.0,46.94236708869243,optimal
2021-02-13 18:00:00,10,74,0.0,0.0,0.0,0.4552,30.0195,6.0,0,20.3431207136307,55.0,0.042,0.0,0.0,0.0,0.0,46.82543911078629,optimal
2021-02-13 18:30:00,10,74,0.0,0.0,0.0,0.4565,26.9325,6.0,0,20.18305795818953,55.0,0.03933333333333333,0.0,0.0,0.0,0.0,46.70862806085806,optimal
2021-02-13 19:00:00,10,74,0.8571179927954701,0.0,0.0,1.7387666666666668,14.595,6.0,0,20.026910464099135,55.0,0.037333333333333336,2999.9129747841453,0.0,0.0,0.0,46.59193382197976,optimal
2021-02-13 19:30:00,10,74,1.2770310515378307,0.0,0.0,0.4164,12.4845,6.0,0,20.0,55.0,0.037333333333333336,4469.608680382407,0.0,0.0,0.0,46.47535627734033,optimal
2021-02-13 20:00:00,10,74,1.2425439021639395,0.0,0.0,0.6332333333333333,12.1275,6.0,0,20.0,55.0,0.034666666666666665,4348.903657573788,0.0,0.0,0.0,46.35889531024554,optimal
2021-02-13 20:30:00,10,74,0.0,0.0,0.0,0.9155666666666669,12.1275,6.0,0,20.0,55.0,0.034666666666666665,0.0,0.0,0.0,0.0,46.24255080411785,optimal
2021-02-13 21:00:00,10,74,0.0,0.0,0.0,1.1491666666666667,12.789,6.0,0,19.840988574626433,55.0,0.03333333333333333,0.0,0.0,0.0,0.0,46.126322642496284,optimal
2021-02-13 21:30:00,10,74,0.0,0.0,0.0,0.3557333333333333,11.907,6.0,0,19.680487924104142,55.0,0.03333333333333333,0.0,0.0,0.0,0.0,46.01021070903634,optimal
2021-02-13 22:00:00,10,74,0.0,0.0,0.0,0.144,11.025,6.0,0,19.51249420878225,55.0,0.0,0.0,0.0,0.0,0.0,45.89421488750986,optimal
2021-02-13 22:30:00,10,74,0.0,0.0,0.0,1.4835666666666667,8.2005,6.0,0,19.3452144204532,55.0,0.0,0.0,0.0,0.0,0.0,45.7783350618049,optimal
2021-02-13 23:00:00,10,74,0.0,0.0,0.0,0.1465,9.5655,6.0,0,19.19841240268143,55.0,0.0,0.0,0.0,0.0,0.0,45.66257111592565,optimal
2021-02-13 23:30:00,10,74,0.921590476190476,0.0,0.0,0.10529999999999999,7.056,6.0,0,19.035181239202952,55.0,0.0,0.0,0.0,3225.566666666666,0.0,45.616908544809725,optimal
