time,run,dwelling_id,hp_elec_kw,boiler_gas_kw,ev_charge_kw,appliance_kw,tariff_elec_price,tariff_gas_price,tariff_offset_steps,Tin_C,T_tank_C,V_stor_m3,Q_hp_space_w,Q_bo_space_w,Q_hp_hw_w,Q_bo_hw_w,ev_soc_kwh,solve_status
2021-02-07 00:00:00,1,2,0.0,0.0,0.0,0.06733333333333333,9.261,6.0,0,21.0,55.0,0.12,0.0,0.0,0.0,0.0,47.952,optimal
2021-02-07 00:30:00,1,2,0.0,0.0,0.0,0.06466666666666668,10.3635,6.0,0,20.875455854480318,55.0,0.12,0.0,0.0,0.0,0.0,47.904047999999996,optimal
2021-02-07 01:00:00,1,2,0.0,0.0,0.0,0.061,8.274,6.0,0,20.751090465101,55.0,0.12,0.0,0.0,0.0,0.0,47.856143952,optimal
2021-02-07 01:30:00,1,2,0.0,0.0,0.0,0.061,7.7175,6.0,0,20.626902529972856,55.0,0.12,0.0,0.0,0.0,0.0,47.80828780804799,optimal
2021-02-07 02:00:00,1,2,0.0,0.0,0.0,0.1306,6.615,6.0,0,20.503254908987422,55.0,0.12,0.0,0.0,0.0,0.0,47.76047952023995,optimal
2021-02-07 02:30:00,1,2,0.0,0.0,0.0,0.06733333333333333,6.174,6.0,0,20.38319032508695,55.0,0.12,0.0,0.0,0.0,0.0,47.712719040719705,optimal
2021-02-07 03:00:00,1,2,2.0,0.0,0.0,0.12513333333333335,3.906,6.0,0,20.2602252143986,55.0,0.12,7000.0,0.0,0.0,0.0,47.66500632167899,optimal
2021-02-07 03:30:00,1,2,2.0,0.0,0.0,0.08646666666666666,2.3415,6.0,0,20.446213743031393,55.0,0.12,7000.0,0.0,0.0,0.0,47.61734131535731,optimal
2021-02-07 04:00:00,1,2,2.0,0.0,0.0,0.071,2.205,6.0,0,20.628790968539928,55.0,0.12,7000.0,0.0,0.0,0.0,47.56972397404195,optimal
2021-02-07 04:30:00,1,2,2.0,0.0,1.8180621596004705,0.071,0.882,6.0,0,20.808997288293373,55.0,0.12,7000.0,0.0,0.0,0.0,48.38573377587813,optimal
2021-02-07 05:00:00,1,2,2.0,0.0,0.0,0.13426666666666667,1.5435,6.0,0,20.987891157134147,55.0,0.12,7000.0,0.0,0.0,0.0,48.33734804210225,optimal
2021-02-07 05:30:00,1,2,2.0,0.0,0.0,0.061,1.5435,6.0,0,21.168528791777593,55.0,0.12,7000.0,0.0,0.0,0.0,48.289010694060146,optimal
2021-02-07 06:00:00,1,2,2.0,0.0,0.0,0.06,5.0715,6.0,0,21.34480417614719,55.0,0.11866666666666667,7000.0,0.0,0.0,0.0,48.240721683366075,optimal
2021-02-07 06:30:00,1,2,2.0,0.0,0.0,0.8240333333333333,5.376,6.0,0,21.527758197175803,55.0,0.11466666666666667,7000.0,0.0,0.0,0.0,48.192480961682705,optimal
2021-02-07 07:00:00,1,2,2.0,0.0,0.0,0.7400666666666668,5.0715,6.0,0,21.751640217510396,55.0,0.108,7000.0,0.0,0.0,0.0,48.144288480721016,optimal
2021-02-07 07:30:00,1,2,0.7557904178765364,0.0,0.0,1.7766,5.5125,6.0,0,21.963591760172132,55.0,0.08733333333333333,2645.2664625678776,0.0,0.0,0.0,48.096144192240295,optimal
2021-02-07 08:00:00,1,2,0.7100834603623813,0.0,0.0,1.1920666666666666,9.261,6.0,0,22.0,55.0,0.08466666666666667,2485.292111268335,0.0,0.0,0.0,48.048048048048045,optimal
2021-02-07 08:30:00,1,2,0.0,0.0,0.0,0.06366666666666666,11.7075,6.0,0,22.0,55.0,0.06533333333333333,0.0,0.0,0.0,0.0,48.0,optimal
2021-02-07 09:00:00,1,2,0.0,0.0,0.0,0.0892,12.348,6.0,0,21.878459745470035,55.0,0.062,0.0,0.0,0.0,0.0,47.62561241222619,optimal
2021-02-07 09:30:00,1,2,0.0,0.0,0.0,1.6007,12.348,6.0,0,21.7522915543833,55.0,0.062,0.0,0.0,0.0,0.0,47.251599212040155,optimal
2021-02-07 10:00:00,1,2,0.0,0.0,0.0,0.143,12.1275,6.0,0,21.623096725553594,55.0,0.062,0.0,0.0,0.0,0.0,46.87796002505431,optimal
2021-02-07 10:30:00,1,2,0.0,0.0,0.0,0.22440000000000002,12.5265,6.0,0,21.480007835771946,55.0,0.062,0.0,0.0,0.0,0.0,46.50469447725544,optimal
2021-02-07 11:00:00,1,2,0.7155910399843781,0.0,0.0,0.16593333333333335,11.7495,6.0,0,21.340382728652894,55.0,0.06,2504.5686399453234,0.0,0.0,0.0,46.131802195004376,optimal
2021-02-07 11:30:00,1,2,0.0,0.0,0.0,0.18863333333333332,13.23,6.0,0,21.311998059615426,55.0,0.06,0.0,0.0,0.0,0.0,45.75928280503556,optimal
2021-02-07 12:00:00,1,2,0.0,0.0,0.0,0.071,14.3325,6.0,0,21.17490959233106,55.0,0.06,0.0,0.0,0.0,0.0,45.387135934456715,optimal
2021-02-07 12:30:00,1,2,0.0,0.0,0.0,0.1406,14.994,6.0,0,21.03299792156694,55.0,0.06,0.0,0.0,0.0,0.0,45.01536121074845,optimal
2021-02-07 13:00:00,1,2,0.0,0.0,0.0,0.071,14.8155,6.0,0,20.895166458101112,55.0,0.06,0.0,0.0,0.0,0.0,44.64395826176389,optimal
2021-02-07 13:30:00,1,2,0.0,0.0,0.0,0.071,14.112,6.0,0,20.755292168045433,55.0,0.06,0.0,0.0,0.0,0.0,44.27292671572832,optimal
2021-02-07 14:00:00,1,2,0.0,0.0,0.0,0.129,14.007,6.0,0,20.616800741174675,55.0,0.06,0.0,0.0,0.0,0.0,43.90226620123878,optimal
2021-02-07 14:30:00,1,2,0.0,0.0,0.0,0.08259999999999999,13.23,6.0,0,20.48222098833091,55.0,0.06,0.0,0.0,0.0,0.0,43.531976347263736,optimal
2021-02-07 15:00:00,1,2,2.0,0.0,0.0,0.071,11.382,6.0,0,20.34695443293077,55.0,0.06,7000.0,0.0,0.0,0.0,43.16205678314267,optimal
2021-02-07 15:30:00,1,2,2.0,0.0,0.0,0.13286666666666666,11.7495,6.0,0,20.5189461678002,55.0,0.06,7000.0,0.0,0.0,0.0,42.79250713858571,optimal
2021-02-07 16:00:00,1,2,0.0,0.0,0.0,0.07840000000000001,24.3285,6.0,0,20.691300962570466,55.0,0.06,0.0,0.0,0.0,0.0,42.42332704367332,optimal
2021-02-07 16:30:00,1,2,0.0,0.0,0.0,0.1396,28.917,6.0,0,20.554870841239662,55.0,0.05533333333333333,0.0,0.0,0.0,0.0,42.05451612885584,optimal
2021-02-07 17:00:00,1,2,0.0,0.0,0.0,0.27536666666666665,31.3635,6.0,0,20.42787622851015,55.0,0.04933333333333333,0.0,0.0,0.0,0.0,42.01246161272698,optimal
2021-02-07 17:30:00,1,2,0.0,0.0,0.0,0.4552333333333333,33.306,6.0,0,20.315407000798764,55.0,0.04933333333333333,0.0,0.0,0.0,0.0,41.97044915111425,optimal
2021-02-07 18:00:00,1,2,0.0,0.0,0.0,0.42660000000000003,31.3425,6.0,0,20.220657581031467,55.0,0.048666666666666664,0.0,0.0,0.0,0.0,41.92847870196314,optimal
2021-02-07 18:30:00,1,2,0.0,0.0,0.0,1.2235666666666667,28.2555,6.0,0,20.126217592651553,55.0,0.048666666666666664,0.0,0.0,0.0,0.0,41.886550223261175,optimal
2021-02-07 19:00:00,1,2,0.0,0.0,0.0,1.7233666666666665,15.6975,6.0,0,20.05761284675638,55.0,0.048666666666666664,0.0,0.0,0.0,0.0,41.844663673037914,optimal
2021-02-07 19:30:00,1,2,0.581829378658406,0.0,0.0,0.5882666666666666,12.5475,6.0,0,20.0,55.0,0.04630666666666667,2036.4028253044207,0.0,0.0,0.0,41.802819009364875,optimal
2021-02-07 20:00:00,1,2,0.6033341405631637,0.0,0.0,0.39613333333333334,12.0855,6.0,0,20.0,55.0,0.046,2111.669491971073,0.0,0.0,0.0,41.76101619035551,optimal
2021-02-07 20:30:00,1,2,0.0,0.0,0.0,0.35186666666666666,11.907,6.0,0,20.0,55.0,0.043333333333333335,0.0,0.0,0.0,0.0,41.719255174165156,optimal
2021-02-07 21:00:00,1,2,0.0,0.0,0.0,0.6148333333333333,12.5685,6.0,0,19.907650042108116,55.0,0.042666666666666665,0.0,0.0,0.0,0.0,41.67753591899099,optimal
2021-02-07 21:30:00,1,2,0.0,0.0,0.0,0.553,13.146,6.0,0,19.831488834292195,55.0,0.04133333333333333,0.0,0.0,0.0,0.0,41.635858383072,optimal
2021-02-07 22:00:00,1,2,0.0,0.0,0.0,0.3686666666666667,10.584,6.0,0,19.750550660423443,55.0,0.04133333333333333,0.0,0.0,0.0,0.0,41.594222524688924,optimal
2021-02-07 22:30:00,1,2,0.0,0.0,0.0,1.1639000000000002,6.678,6.0,0,19.65854499395381,55.0,0.04133333333333333,0.0,0.0,0.0,0.0,41.55262830216424,optimal
2021-02-07 23:00:00,1,2,0.0,0.0,0.0,0.3018333333333333,7.938,6.0,0,19.575974679284347,55.0,0.04133333333333333,0.0,0.0,0.0,0.0,41.511075673862074,optimal
2021-02-07 23:30:00,1,2,0.0,0.0,0.0,0.44653333333333334,5.292,6.0,0,19.48698849237418,55.0,0.04133333333333333,0.0,0.0,0.0,0.0,41.469564598188214,optimal
2021-02-08 00:00:00,1,2,2.0,0.0,0.0,0.057,5.9745,6.0,0,19.48698849237418,55.0,0.04133333333333333,7000.0,0.0,0.0,0.0,41.428095033590026,optimal
2021-02-08 00:30:00,1,2,2.0,0.0,0.0,0.057,7.938,6.0,0,19.661396131461938,55.0,0.10831897926634769,0.0,0.0,7000.0,0.0,41.38666693855644,optimal
2021-02-08 01:00:00,1,2,2.0,0.0,0.0,0.057,8.6835,6.0,0,19.528116791278094,55.0,0.12466666666666666,5291.666666666667,0.0,1708.3333333333333,0.0,41.34528027161788,optimal
2021-02-08 01:30:00,1,2,2.0,0.0,0.0,0.07740000000000001,7.665,6.0,0,19.627444610257836,55.0,0.12466666666666666,7000.0,0.0,0.0,0.0,41.30393499134626,optimal
2021-02-08 02:00:00,1,2,2.0,0.0,0.0,0.1386,6.7725,6.0,0,19.803809468752686,55.0,0.12466666666666666,7000.0,0.0,0.0,0.0,41.26263105635491,optimal
2021-02-08 02:30:00,1,2,2.0,0.0,0.0,0.057,5.5755,6.0,0,19.982430326579003,55.0,0.12466666666666666,7000.0,0.0,0.0,0.0,41.22136842529856,optimal
2021-02-08 03:00:00,1,2,2.0,0.0,6.364682648976501,0.12329999999999999,5.0925,6.0,0,20.156542488833765,55.0,0.12466666666666666,7000.0,0.0,0.0,0.0,44.20337131513709,optimal
2021-02-08 03:30:00,1,2,2.0,0.0,9.0,0.0927,4.1895,6.0,0,20.332652940963513,55.0,0.12466666666666666,7000.0,0.0,0.0,0.0,48.434167943821954,optimal
2021-02-08 04:00:00,1,2,2.0,0.0,0.0,0.06666666666666667,7.056,6.0,0,20.505777141292562,55.0,0.12466666666666666,7000.0,0.0,0.0,0.0,48.38573377587813,optimal
2021-02-08 04:30:00,1,2,2.0,0.0,0.0,0.067,5.271,6.0,0,20.675713592333206,55.0,0.12466666666666666,7000.0,0.0,0.0,0.0,48.33734804210225,optimal
2021-02-08 05:00:00,1,2,2.0,0.0,0.0,0.14859999999999998,7.938,6.0,0,20.84368408378921,55.0,0.12466666666666666,7000.0,0.0,0.0,0.0,48.289010694060146,optimal
2021-02-08 05:30:00,1,2,2.0,0.0,0.0,0.2867333333333333,7.938,6.0,0,21.013274877784628,55.0,0.10614666666666667,7000.0,0.0,0.0,0.0,48.240721683366075,optimal
2021-02-08 06:00:00,1,2,0.9596888462981257,0.0,0.0,0.064,11.907,6.0,0,21.189589244794462,55.0,0.07733333333333334,3358.9109620434397,0.0,0.0,0.0,48.192480961682705,optimal
2021-02-08 06:30:00,1,2,2.0,0.0,0.0,0.167,11.025,6.0,0,21.20274501842566,55.0,0.074,7000.0,0.0,0.0,0.0,48.144288480721016,optimal
2021-02-08 07:00:00,1,2,2.0,0.0,0.0,0.065,11.2875,6.0,0,21.38374777666286,55.0,0.07066666666666667,7000.0,0.0,0.0,0.0,48.096144192240295,optimal
2021-02-08 07:30:00,1,2,0.0,0.0,0.0,0.15680000000000002,12.936,6.0,0,21.56616148134307,55.0,0.051333333333333335,0.0,0.0,0.0,0.0,48.048048048048045,optimal
2021-02-08 08:00:00,1,2,0.0,0.0,0.0,0.9494666666666668,13.0095,6.0,0,21.44472305020273,55.0,0.04133333333333333,0.0,0.0,0.0,0.0,48.0,optimal
2021-02-08 08:30:00,1,2,0.0,0.0,0.0,0.14633333333333334,13.671,6.0,0,21.317420796427758,55.0,0.021333333333333333,0.0,0.0,0.0,0.0,47.770185049578636,optimal
2021-02-08 09:00:00,1,2,0.0,0.0,0.0,0.10666666666666669,13.188,6.0,0,21.182036838053985,55.0,0.021333333333333333,0.0,0.0,0.0,0.0,47.540599914107695,optimal
2021-02-08 09:30:00,1,2,0.0,0.0,0.0,1.34,13.8495,6.0,0,21.03792235989249,55.0,0.019333333333333334,0.0,0.0,0.0,0.0,47.311244363772225,optimal
2021-02-08 10:00:00,1,2,0.0,0.0,0.0,0.08506666666666667,13.23,6.0,0,20.931225795760003,55.0,0.018,0.0,0.0,0.0,0.0,47.082118168987094,optimal
2021-02-08 10:30:00,1,2,0.0,0.0,0.0,0.17256666666666667,13.3665,6.0,0,20.80552740919853,55.0,0.018,0.0,0.0,0.0,0.0,46.853221100396745,optimal
2021-02-08 11:00:00,1,2,0.0,0.0,0.0,0.0721,13.0515,6.0,0,20.675427858957526,55.0,0.018,0.0,0.0,0.0,0.0,46.624552928874984,optimal
2021-02-08 11:30:00,1,2,0.0,0.0,0.0,0.067,13.5345,6.0,0,20.53134501234552,55.0,0.018,0.0,0.0,0.0,0.0,46.396113425524746,optimal
2021-02-08 12:00:00,1,2,0.0,0.0,0.0,0.1463,14.154,6.0,0,20.38881658583147,55.0,0.013333333333333334,0.0,0.0,0.0,0.0,46.16790236167786,optimal
2021-02-08 12:30:00,1,2,0.0,0.0,0.0,0.1157,14.112,6.0,0,20.25854417336694,55.0,0.013333333333333334,0.0,0.0,0.0,0.0,45.93991950889482,optimal
2021-02-08 13:00:00,1,2,0.0,0.0,0.0,0.0845,14.2485,6.0,0,20.12875402011488,55.0,0.013333333333333334,0.0,0.0,0.0,0.0,45.71216463896456,optimal
2021-02-08 13:30:00,1,2,2.0,0.0,0.0,0.201,12.789,6.0,0,20.0,55.0,0.013333333333333334,7000.0,0.0,0.0,0.0,45.48463752390423,optimal
2021-02-08 14:00:00,1,2,1.0364820180895138,0.0,0.0,0.10573333333333332,13.0095,6.0,0,20.187565540694088,55.0,0.013333333333333334,3627.6870633132985,0.0,0.0,0.0,45.257337935958965,optimal
2021-02-08 14:30:00,1,2,2.0,0.0,0.0,0.131,12.1275,6.0,0,20.223725511311244,55.0,0.013333333333333334,7000.0,0.0,0.0,0.0,45.030265647601645,optimal
2021-02-08 15:00:00,1,2,2.0,0.0,0.0,0.22126666666666667,12.348,6.0,0,20.41215738637196,55.0,0.013333333333333334,7000.0,0.0,0.0,0.0,44.80342043153268,optimal
2021-02-08 15:30:00,1,2,2.0,0.0,0.0,0.2319,12.348,6.0,0,20.60614672638089,55.0,0.006666666666666667,7000.0,0.0,0.0,0.0,44.57680206067978,optimal
2021-02-08 16:00:00,1,2,0.0,0.0,0.0,0.24209999999999998,25.389,6.0,0,20.799523664507614,55.0,0.002,0.0,0.0,0.0,0.0,44.35041030819774,optimal
2021-02-08 16:30:00,1,2,0.0,0.0,0.0,0.1181,29.1375,6.0,0,20.69057720578455,55.0,0.002,0.0,0.0,0.0,0.0,44.12424494746818,optimal
2021-02-08 17:00:00,1,2,0.0,0.0,0.0,0.1129,30.597,6.0,0,20.562647625484445,55.0,0.002,0.0,0.0,0.0,0.0,43.89830575209935,optimal
2021-02-08 17:30:00,1,2,0.0,0.0,0.0,0.1651,33.684,6.0,0,20.423357039643964,55.0,0.0,0.0,0.0,0.0,0.0,43.854407446347246,optimal
2021-02-08 18:00:00,1,2,0.0,0.0,0.0,0.19433333333333327,32.445,6.0,0,20.296808979811246,55.0,0.0,0.0,0.0,0.0,0.0,43.8105530389009,optimal
2021-02-08 18:30:00,1,2,0.0,0.0,0.0,0.6119333333333333,28.917,6.0,0,20.18142378959359,55.0,0.0,0.0,0.0,0.0,0.0,43.766742485862,optimal
2021-02-08 19:00:00,1,2,0.0,0.0,0.0,3.1991,15.876,6.0,0,20.067691351267396,55.0,0.0,0.0,0.0,0.0,0.0,43.72297574337613,optimal
2021-02-08 19:30:00,1,2,0.611526649513955,0.0,0.0,0.8108,12.348,6.0,0,20.0,55.0,0.0,2140.3432732988426,0.0,0.0,0.0,43.679252767632754,optimal
2021-02-08 20:00:00,1,2,0.8652590839213666,0.0,0.0,0.1648,12.1275,6.0,0,20.0,55.0,0.0,3028.4067937247833,0.0,0.0,0.0,43.63557351486512,optimal
2021-02-08 20:30:00,1,2,0.0,0.0,0.0,0.247,12.348,6.0,0,20.0,55.0,0.0,0.0,0.0,0.0,0.0,43.59193794135026,optimal
2021-02-08 21:00:00,1,2,0.0,0.0,0.0,0.1885,12.1275,6.0,0,19.861240277687937,55.0,0.0,0.0,0.0,0.0,0.0,43.54834600340891,optimal
2021-02-08 21:30:00,1,2,0.0,0.0,0.0,0.0925,12.1275,6.0,0,19.721893496092523,55.0,0.0,0.0,0.0,0.0,0.0,43.5047976574055,optimal
2021-02-08 22:00:00,1,2,0.0,0.0,0.0,0.1435,11.2665,6.0,0,19.583099194221667,55.0,0.0,0.0,0.0,0.0,0.0,43.46129285974809,optimal
2021-02-08 22:30:00,1,2,0.0,0.0,0.0,0.067,10.143,6.0,0,19.44864065949889,55.0,0.0,0.0,0.0,0.0,0.0,43.417831566888346,optimal
2021-02-08 23:00:00,1,2,0.0,0.0,0.0,0.067,11.2455,6.0,0,19.311448542714782,55.0,0.0,0.0,0.0,0.0,0.0,43.374413735321454,optimal
2021-02-08 23:30:00,1,2,0.0,0.0,0.0,0.065,11.025,6.0,0,19.174891450126317,55.0,0.0,0.0,0.0,0.0,0.0,43.33103932158613,optimal
2021-02-09 00:00:00,1,2,2.0,0.0,9.0,0.19526666666666667,10.584,6.0,0,19.174891450126317,55.0,0.0,7000.0,0.0,0.0,0.0,47.562708282264545,optimal
2021-02-09 00:30:00,1,2,2.0,0.0,0.0,0.053,11.2455,6.0,0,19.358506998036408,55.0,0.027333333333333334,4143.666666666666,0.0,2856.3333333333335,0.0,47.51514557398228,optimal
2021-02-09 01:00:00,1,2,2.0,0.0,0.0,0.14353333333333332,12.1275,6.0,0,19.40988923236942,55.0,0.027333333333333334,7000.0,0.0,0.0,0.0,47.4676304284083,optimal
2021-02-09 01:30:00,1,2,2.0,0.0,0.0,0.10473333333333332,11.823,6.0,0,19.590257019451997,55.0,0.027333333333333334,7000.0,0.0,0.0,0.0,47.42016279797989,optimal
2021-02-09 02:00:00,1,2,2.0,0.0,0.0,0.10473333333333332,11.7705,6.0,0,19.766884450720738,55.0,0.027333333333333334,7000.0,0.0,0.0,0.0,47.372742635181915,optimal
2021-02-09 02:30:00,1,2,2.0,0.0,0.0,0.14353333333333332,11.13,6.0,0,19.941497191688185,55.0,0.027333333333333334,7000.0,0.0,0.0,0.0,47.32536989254673,optimal
2021-02-09 03:00:00,1,2,2.0,0.0,0.0,0.053,11.6865,6.0,0,20.116900796662627,55.0,0.027333333333333334,7000.0,0.0,0.0,0.0,47.278044522654184,optimal
2021-02-09 03:30:00,1,2,2.0,0.0,0.0,0.2049333333333333,10.7205,6.0,0,20.287428091314574,55.0,0.027333333333333334,7000.0,0.0,0.0,0.0,47.23076647813153,optimal
2021-02-09 04:00:00,1,2,2.0,0.0,0.0,0.05333333333333334,11.424,6.0,0,20.46366928831033,55.0,0.027333333333333334,7000.0,0.0,0.0,0.0,47.1835357116534,optimal
2021-02-09 04:30:00,1,2,2.0,0.0,2.3249884366828155,0.17906666666666665,10.689,6.0,0,20.633127661289176,55.0,0.027333333333333334,7000.0,0.0,0.0,0.0,48.240721683366075,optimal
2021-02-09 05:00:00,1,2,2.0,0.0,0.0,0.08886666666666666,11.361,6.0,0,20.80571882953539,55.0,0.027333333333333334,7000.0,0.0,0.0,0.0,48.192480961682705,optimal
2021-02-09 05:30:00,1,2,2.0,0.0,0.0,0.2582333333333333,11.571,6.0,0,20.972361713668096,55.0,0.027333333333333334,7000.0,0.0,0.0,0.0,48.144288480721016,optimal
2021-02-09 06:00:00,1,2,0.0,0.0,0.0,1.343,14.3745,6.0,0,21.148772323055773,55.0,0.024666666666666667,0.0,0.0,0.0,0.0,48.096144192240295,optimal
2021-02-09 06:30:00,1,2,2.0,0.0,0.0,2.4844333333333335,13.23,6.0,0,21.03079225543231,55.0,0.008,7000.0,0.0,0.0,0.0,48.048048048048045,optimal
2021-02-09 07:00:00,1,2,0.0,0.0,0.0,0.9321333333333333,13.9755,6.0,0,21.2281932635291,55.0,0.006,0.0,0.0,0.0,0.0,48.0,optimal
2021-02-09 07:30:00,1,2,0.0,0.0,0.0,0.08886666666666666,14.994,6.0,0,21.102300849155498,55.0,0.006,0.0,0.0,0.0,0.0,47.45558247614401,optimal
2021-02-09 08:00:00,1,2,0.9226019975647339,0.0,0.0,0.1794,13.671,6.0,0,20.951556340939565,55.0,0.006,3229.1069914765685,0.0,0.0,0.0,46.911709369811874,optimal
2021-02-09 08:30:00,1,2,0.0,0.0,0.0,0.05333333333333334,15.981,6.0,0,20.946494755079318,55.0,0.006,0.0,0.0,0.0,0.0,46.368380136586076,optimal
2021-02-09 09:00:00,1,2,0.0,0.0,0.0,0.053,15.6345,6.0,0,20.796116859267194,55.0,0.006,0.0,0.0,0.0,0.0,45.8255942325935,optimal
2021-02-09 09:30:00,1,2,0.0,0.0,0.0,0.06266666666666666,16.5375,6.0,0,20.64792663175795,55.0,0.006,0.0,0.0,0.0,0.0,45.28335111450492,optimal
2021-02-09 10:00:00,1,2,0.0,0.0,0.0,0.1762,14.7735,6.0,0,20.5030005942835,55.0,0.006,0.0,0.0,0.0,0.0,44.74165023953442,optimal
2021-02-09 10:30:00,1,2,0.0,0.0,0.0,0.08206666666666666,15.2145,6.0,0,20.366693321202675,55.0,0.006,0.0,0.0,0.0,0.0,44.2004910654389,optimal
2021-02-09 11:00:00,1,2,0.0,0.0,0.0,0.063,14.553,6.0,0,20.228670410209713,55.0,0.006,0.0,0.0,0.0,0.0,43.65987305051747,optimal
2021-02-09 11:30:00,1,2,2.0,0.0,0.0,0.063,14.3325,6.0,0,20.092624279387532,55.0,0.006,7000.0,0.0,0.0,0.0,43.119795653610964,optimal
2021-02-09 12:00:00,1,2,0.0,0.0,0.0,0.20526666666666668,14.595,6.0,0,20.264349891507397,55.0,0.006,0.0,0.0,0.0,0.0,42.580258334101366,optimal
2021-02-09 12:30:00,1,2,0.0,0.0,0.0,0.063,14.994,6.0,0,20.134999768392923,55.0,0.006,0.0,0.0,0.0,0.0,42.04126055191128,optimal
2021-02-09 13:00:00,1,2,0.7816764204740383,0.0,0.0,1.5359333333333334,14.3325,6.0,0,20.0,55.0,0.005333333333333333,2735.867471659134,0.0,0.0,0.0,41.50280176750338,optimal
2021-02-09 13:30:00,1,2,2.0,0.0,0.0,0.19319999999999998,13.8915,6.0,0,20.0,55.0,0.005333333333333333,7000.0,0.0,0.0,0.0,40.96488144187989,optimal
2021-02-09 14:00:00,1,2,2.0,0.0,0.0,0.09766666666666668,13.8915,6.0,0,20.185002485764823,55.0,0.005333333333333333,7000.0,0.0,0.0,0.0,40.42749903658202,optimal
2021-02-09 14:30:00,1,2,2.0,0.0,0.0,0.206,13.4715,6.0,0,20.37172676372031,55.0,0.005333333333333333,7000.0,0.0,0.0,0.0,39.89065401368945,optimal
2021-02-09 15:00:00,1,2,2.0,0.0,0.0,0.3334,13.23,6.0,0,20.560682662339076,55.0,0.005333333333333333,7000.0,0.0,0.0,0.0,39.35434583581977,optimal
2021-02-09 15:30:00,1,2,2.0,0.0,0.0,0.42203333333333337,13.8915,6.0,0,20.756097068260395,55.0,0.005333333333333333,7000.0,0.0,0.0,0.0,38.818573966127964,optimal
2021-02-09 16:00:00,1,2,0.0,0.0,0.0,0.184,26.9325,6.0,0,20.954629066642102,55.0,0.005333333333333333,0.0,0.0,0.0,0.0,38.28333786830585,optimal
2021-02-09 16:30:00,1,2,0.0,0.0,0.0,0.2755,30.303,6.0,0,20.83331894670212,55.0,0.005333333333333333,0.0,0.0,0.0,0.0,37.74863700658155,optimal
2021-02-09 17:00:00,1,2,0.0,0.0,0.0,0.14693333333333333,32.886,6.0,0,20.718794304389952,55.0,0.0026666666666666666,0.0,0.0,0.0,0.0,37.214470845718985,optimal
2021-02-09 17:30:00,1,2,0.0,0.0,0.0,2.4119333333333333,34.9965,6.0,0,20.59680694766228,55.0,0.002,0.0,0.0,0.0,0.0,36.68083885101728,optimal
2021-02-09 18:00:00,1,2,0.0,0.0,0.0,0.4109,33.327,6.0,0,20.484542847044505,55.0,0.0,0.0,0.0,0.0,0.0,36.14774048831027,optimal
2021-02-09 18:30:00,1,2,0.0,0.0,0.0,0.08886666666666666,31.122,6.0,0,20.374841286204543,55.0,0.0,0.0,0.0,0.0,0.0,35.61517522396597,optimal
2021-02-09 19:00:00,1,2,0.0,0.0,0.0,0.063,17.9025,6.0,0,20.234857183919353,55.0,0.0,0.0,0.0,0.0,0.0,35.083142524886014,optimal
2021-02-09 19:30:00,1,2,0.2697373005907572,0.0,0.0,0.11473333333333333,15.6555,6.0,0,20.09512446170049,55.0,0.0,944.08055206765,0.0,0.0,0.0,34.55164185850514,optimal
2021-02-09 20:00:00,1,2,0.8750125565315342,0.0,0.0,0.15353333333333333,14.553,6.0,0,20.0,55.0,0.0,3062.54394786037,0.0,0.0,0.0,34.02067269279065,optimal
2021-02-09 20:30:00,1,2,0.0,0.0,0.0,0.063,14.3325,6.0,0,20.0,55.0,0.0,0.0,0.0,0.0,0.0,33.49023449624187,optimal
2021-02-09 21:00:00,1,2,0.0,0.0,0.0,0.09923333333333333,13.335,6.0,0,19.86124944885237,55.0,0.0,0.0,0.0,0.0,0.0,32.96032673788964,optimal
2021-02-09 21:30:00,1,2,0.0398095238095238,0.0,0.0,0.3566333333333333,12.1275,6.0,0,19.72767941053488,55.0,0.0,0.0,0.0,139.33333333333331,0.0,32.927366411151745,optimal
2021-02-09 22:00:00,1,2,0.0,0.0,0.0,0.063,12.2955,6.0,0,19.623933387437575,55.0,0.0,0.0,0.0,0.0,0.0,32.894439044740594,optimal
2021-02-09 22:30:00,1,2,0.0,0.0,0.0,0.16,11.6865,6.0,0,19.49163422598077,55.0,0.0,0.0,0.0,0.0,0.0,32.861544605695855,optimal
2021-02-09 23:00:00,1,2,0.0,0.0,0.0,0.10826666666666668,11.466,6.0,0,19.364908818521915,55.0,0.0,0.0,0.0,0.0,0.0,32.82868306109016,optimal
2021-02-09 23:30:00,1,2,0.0,0.0,0.0,0.058333333333333334,10.8045,6.0,0,19.23720594455921,55.0,0.0,0.0,0.0,0.0,0.0,32.79585437802907,optimal
2021-02-10 00:00:00,1,2,2.0,0.0,6.800122341431916,0.06766666666666667,10.8045,6.0,0,19.23720594455921,55.0,0.0,7000.0,0.0,0.0,0.0,35.99311663583119,optimal
2021-02-10 00:30:00,1,2,2.0,0.0,0.0,0.058333333333333334,11.508,6.0,0,19.412801677393354,55.0,0.052,1566.0,0.0,5434.0,0.0,35.95712351919536,optimal
2021-02-10 01:00:00,1,2,2.0,0.0,0.0,0.058,11.508,6.0,0,19.34852328010404,55.0,0.052,7000.0,0.0,0.0,0.0,35.92116639567616,optimal
2021-02-10 01:30:00,1,2,2.0,0.0,0.0,0.11776666666666669,11.508,6.0,0,19.521851674469,55.0,0.052,7000.0,0.0,0.0,0.0,35.885245229280486,optimal
2021-02-10 02:00:00,1,2,2.0,0.0,0.0,0.11776666666666669,11.844,6.0,0,19.69580562105312,55.0,0.052,7000.0,0.0,0.0,0.0,35.8493599840512,optimal
2021-02-10 02:30:00,1,2,2.0,0.0,0.0,0.058,11.508,6.0,0,19.867764348447828,55.0,0.052,7000.0,0.0,0.0,0.0,35.81351062406714,optimal
2021-02-10 03:00:00,1,2,2.0,0.0,0.0,0.058,11.508,6.0,0,20.03585447704125,55.0,0.052,7000.0,0.0,0.0,0.0,35.777697113443075,optimal
2021-02-10 03:30:00,1,2,2.0,0.0,9.0,0.15036666666666668,10.4475,6.0,0,20.202720397499323,55.0,0.052,7000.0,0.0,0.0,0.0,40.01691941632963,optimal
2021-02-10 04:00:00,1,2,2.0,0.0,9.0,0.08516666666666667,10.8675,6.0,0,20.372414267896254,55.0,0.052,7000.0,0.0,0.0,0.0,44.25190249691329,optimal
2021-02-10 04:30:00,1,2,2.0,0.0,9.0,0.058,10.542,6.0,0,20.53801819677837,55.0,0.052,7000.0,0.0,0.0,0.0,48.48265059441637,optimal
2021-02-10 05:00:00,1,2,2.0,0.0,0.0,0.17753333333333332,11.025,6.0,0,20.700498531178035,55.0,0.052,7000.0,0.0,0.0,0.0,48.434167943821954,optimal
2021-02-10 05:30:00,1,2,2.0,0.0,0.0,0.058,11.025,6.0,0,20.86629964019936,55.0,0.052,7000.0,0.0,0.0,0.0,48.38573377587813,optimal
2021-02-10 06:00:00,1,2,2.0,0.0,0.0,0.11233333333333331,14.553,6.0,0,21.024932476556142,55.0,0.052,7000.0,0.0,0.0,0.0,48.33734804210225,optimal
2021-02-10 06:30:00,1,2,2.0,0.0,0.0,0.13286666666666666,13.0935,6.0,0,21.184060055785576,55.0,0.052,7000.0,0.0,0.0,0.0,48.289010694060146,optimal
2021-02-10 07:00:00,1,2,2.0,0.0,0.0,0.068,15.6345,6.0,0,21.34396098627716,55.0,0.052,7000.0,0.0,0.0,0.0,48.240721683366075,optimal
2021-02-10 07:30:00,1,2,0.0,0.0,0.0,0.1658,18.102,6.0,0,21.501299906881567,55.0,0.052,0.0,0.0,0.0,0.0,48.192480961682705,optimal
2021-02-10 08:00:00,1,2,0.0,0.0,0.0,0.6723,17.199,6.0,0,21.354993088058155,55.0,0.037333333333333336,0.0,0.0,0.0,0.0,48.144288480721016,optimal
2021-02-10 08:30:00,1,2,0.0,0.0,0.0,4.051666666666667,18.2805,6.0,0,21.227972582394976,55.0,0.036,0.0,0.0,0.0,0.0,48.096144192240295,optimal
2021-02-10 09:00:00,1,2,0.0,0.0,0.0,2.691533333333333,17.4615,6.0,0,21.131648149900933,55.0,0.03266666666666666,0.0,0.0,0.0,0.0,48.048048048048045,optimal
2021-02-10 09:30:00,1,2,0.0,0.0,0.0,0.2868,18.3225,6.0,0,21.05424140208006,55.0,0.03266666666666666,0.0,0.0,0.0,0.0,48.0,optimal
2021-02-10 10:00:00,1,2,0.0,0.0,0.0,0.19113333333333332,17.094,6.0,0,20.95104696978722,55.0,0.03133333333333333,0.0,0.0,0.0,0.0,47.717366232180495,optimal
2021-02-10 10:30:00,1,2,0.0,0.0,0.0,0.7615,17.094,6.0,0,20.829737993747685,55.0,0.03133333333333333,0.0,0.0,0.0,0.0,47.435015098128815,optimal
2021-02-10 11:00:00,1,2,0.0,0.0,0.0,0.2646,17.094,6.0,0,20.72549089195999,55.0,0.03133333333333333,0.0,0.0,0.0,0.0,47.15294631521118,optimal
2021-02-10 11:30:00,1,2,0.0,0.0,0.0,0.4134,17.3565,6.0,0,20.59593091097559,55.0,0.03133333333333333,0.0,0.0,0.0,0.0,46.87115960107647,optimal
2021-02-10 12:00:00,1,2,0.0,0.0,0.0,0.3579,17.115,6.0,0,20.475300525727484,55.0,0.030666666666666665,0.0,0.0,0.0,0.0,46.58965467365589,optimal
2021-02-10 12:30:00,1,2,0.0,0.0,0.0,0.37973333333333337,17.241,6.0,0,20.35612379701659,55.0,0.025333333333333333,0.0,0.0,0.0,0.0,46.30843125116274,optimal
2021-02-10 13:00:00,1,2,1.3469217052974058,0.0,0.0,0.286,17.094,6.0,0,20.239296052242675,55.0,0.023333333333333334,4714.225968540921,0.0,0.0,0.0,46.02748905209207,optimal
2021-02-10 13:30:00,1,2,2.0,0.0,0.0,0.5337666666666666,16.5165,6.0,0,20.32938411768807,55.0,0.016,7000.0,0.0,0.0,0.0,45.746827795220476,optimal
2021-02-10 14:00:00,1,2,0.0,0.0,0.0,0.40023333333333333,17.8185,6.0,0,20.53642829742857,55.0,0.016,0.0,0.0,0.0,0.0,45.46644719960575,optimal
2021-02-10 14:30:00,1,2,2.0,0.0,0.0,0.20233333333333328,17.094,6.0,0,20.437447987924667,55.0,0.014666666666666666,7000.0,0.0,0.0,0.0,45.18634698458664,optimal
2021-02-10 15:00:00,1,2,2.0,0.0,0.0,1.2619,16.8945,6.0,0,20.633017424639437,55.0,0.014666666666666666,7000.0,0.0,0.0,0.0,44.90652686978255,optimal
2021-02-10 15:30:00,1,2,0.0,0.0,0.0,0.23956666666666662,18.123,6.0,0,20.830143368955728,55.0,0.014666666666666666,0.0,0.0,0.0,0.0,44.62698657509327,optimal
2021-02-10 16:00:00,1,2,0.0,0.0,0.0,0.1616,31.647,6.0,0,20.71240697325487,55.0,0.014666666666666666,0.0,0.0,0.0,0.0,44.34772582069867,optimal
2021-02-10 16:30:00,1,2,0.0,0.0,0.0,0.8376333333333333,34.9965,6.0,0,20.607132093632632,55.0,0.012666666666666666,0.0,0.0,0.0,0.0,44.06874432705847,optimal
2021-02-10 17:00:00,1,2,0.0,0.0,0.0,1.8279666666666667,34.9965,6.0,0,20.509902392966236,55.0,0.009333333333333334,0.0,0.0,0.0,0.0,43.79004181491191,optimal
2021-02-10 17:30:00,1,2,0.0,0.0,0.0,1.0899,34.9965,6.0,0,20.419517798299935,55.0,0.007333333333333333,0.0,0.0,0.0,0.0,43.746251773097,optimal
2021-02-10 18:00:00,1,2,0.0,0.0,0.0,0.5197666666666666,34.9965,6.0,0,20.331817139496668,55.0,0.006666666666666667,0.0,0.0,0.0,0.0,43.70250552132391,optimal
2021-02-10 18:30:00,1,2,0.0,0.0,0.0,0.5352,34.9965,6.0,0,20.239874671842013,55.0,0.006666666666666667,0.0,0.0,0.0,0.0,43.65880301580258,optimal
2021-02-10 19:00:00,1,2,0.0,0.0,0.0,0.6005,27.741,6.0,0,20.175333115370407,55.0,0.004666666666666667,0.0,0.0,0.0,0.0,43.61514421278678,optimal
2021-02-10 19:30:00,1,2,0.0,0.0,0.0,0.4059,19.026,6.0,0,20.09799764146328,55.0,0.002666666666666666,0.0,0.0,0.0,0.0,43.571529068573994,optimal
2021-02-10 20:00:00,1,2,0.7098524917980498,0.0,0.0,0.3961,18.7215,6.0,0,20.0,55.0,0.002666666666666666,2484.4837212931743,0.0,0.0,0.0,43.52795753950542,optimal
2021-02-10 20:30:00,1,2,0.0,0.0,0.0,1.4147333333333332,17.4195,6.0,0,20.0,55.0,0.0,0.0,0.0,0.0,0.0,43.48442958196592,optimal
2021-02-10 21:00:00,1,2,0.0,0.0,0.0,0.4128,16.758,6.0,0,19.91419720767325,55.0,0.0,0.0,0.0,0.0,0.0,43.440945152383954,optimal
2021-02-10 21:30:00,1,2,0.0,0.0,0.0,0.4629333333333333,14.217,6.0,0,19.815947773849263,55.0,0.0,0.0,0.0,0.0,0.0,43.39750420723157,optimal
2021-02-10 22:00:00,1,2,0.0,0.0,0.0,0.903,13.3665,6.0,0,19.70408017496274,55.0,0.0,0.0,0.0,0.0,0.0,43.354106703024335,optimal
2021-02-10 22:30:00,1,2,0.0,0.0,0.0,1.3654666666666666,12.789,6.0,0,19.583612603129886,55.0,0.0,0.0,0.0,0.0,0.0,43.31075259632131,optimal
2021-02-10 23:00:00,1,2,0.0,0.0,0.0,0.24186666666666667,11.907,6.0,0,19.46466172951469,55.0,0.0,0.0,0.0,0.0,0.0,43.26744184372499,optimal
2021-02-10 23:30:00,1,2,0.0,0.0,0.0,3.8893,11.7075,6.0,0,19.30802084324372,55.0,0.0,0.0,0.0,0.0,0.0,43.224174401881264,optimal
2021-02-11 00:00:00,1,2,2.0,0.0,0.0,0.064,11.025,6.0,0,19.30802084324372,55.0,0.0,7000.0,0.0,0.0,0.0,43.180950227479386,optimal
2021-02-11 00:30:00,1,2,2.0,0.0,0.0,0.064,12.0855,6.0,0,19.449808471679493,55.0,0.06698564593301436,0.0,0.0,7000.0,0.0,43.137769277251905,optimal
2021-02-11 01:00:00,1,2,2.0,0.0,0.0,0.124,11.6865,6.0,0,19.284874998479125,55.0,0.1339712918660287,0.0,0.0,7000.0,0.0,43.094631507974654,optimal
2021-02-11 01:30:00,1,2,2.0,0.0,0.0,0.064,11.2245,6.0,0,19.124497477320755,55.0,0.176,2608.000000000002,0.0,4391.999999999998,0.0,43.05153687646668,optimal
2021-02-11 02:00:00,1,2,2.0,0.0,0.0,0.064,11.025,6.0,0,19.076823693814887,55.0,0.176,7000.0,0.0,0.0,0.0,43.00848533959021,optimal
2021-02-11 02:30:00,1,2,2.0,0.0,0.0,0.124,10.7835,6.0,0,19.22175175091645,55.0,0.176,7000.0,0.0,0.0,0.0,42.96547685425062,optimal
2021-02-11 03:00:00,1,2,2.0,0.0,0.0,0.10883333333333331,11.025,6.0,0,19.36752241509132,55.0,0.176,7000.0,0.0,0.0,0.0,42.92251137739637,optimal
2021-02-11 03:30:00,1,2,2.0,0.0,3.0847120410896878,0.6342666666666666,10.584,6.0,0,19.513723912167748,55.0,0.176,7000.0,0.0,0.0,0.0,44.34482708553657,optimal
2021-02-11 04:00:00,1,2,2.0,0.0,0.0,0.36233333333333334,11.025,6.0,0,19.68794955193587,55.0,0.176,7000.0,0.0,0.0,0.0,44.30048225845103,optimal
2021-02-11 04:30:00,1,2,2.0,0.0,9.0,0.4567333333333333,10.4265,6.0,0,19.85080598874603,55.0,0.13599999999999998,7000.0,0.0,0.0,0.0,48.53118177619257,optimal
2021-02-11 05:00:00,1,2,2.0,0.0,0.0,1.2509666666666668,12.789,6.0,0,20.015003543348467,55.0,0.11799999999999998,7000.0,0.0,0.0,0.0,48.48265059441637,optimal
2021-02-11 05:30:00,1,2,2.0,0.0,0.0,0.3536666666666667,12.684,6.0,0,20.17814983913928,55.0,0.11799999999999998,7000.0,0.0,0.0,0.0,48.434167943821954,optimal
2021-02-11 06:00:00,1,2,2.0,0.0,0.0,0.8555333333333333,16.254,6.0,0,20.340628465998023,55.0,0.11666666666666664,7000.0,0.0,0.0,0.0,48.38573377587813,optimal
2021-02-11 06:30:00,1,2,2.0,0.0,0.0,1.3019666666666667,17.64,6.0,0,20.508250300547154,55.0,0.11333333333333331,7000.0,0.0,0.0,0.0,48.33734804210225,optimal
2021-02-11 07:00:00,1,2,0.0,0.0,0.0,0.6755333333333333,19.1625,6.0,0,20.689737610185183,55.0,0.11199999999999997,0.0,0.0,0.0,0.0,48.289010694060146,optimal
2021-02-11 07:30:00,1,2,0.0,0.0,0.0,0.313,26.46,6.0,0,20.55506961060223,55.0,0.10733333333333331,0.0,0.0,0.0,0.0,48.240721683366075,optimal
2021-02-11 08:00:00,1,2,0.0,0.0,0.0,0.28556666666666664,20.79,6.0,0,20.408662269056016,55.0,0.10399999999999998,0.0,0.0,0.0,0.0,48.192480961682705,optimal
2021-02-11 08:30:00,1,2,0.0,0.0,0.0,0.21,29.106,6.0,0,20.261184426924466,55.0,0.052,0.0,0.0,0.0,0.0,48.144288480721016,optimal
2021-02-11 09:00:00,1,2,0.8032150480550588,0.0,0.0,1.2655,19.1835,6.0,0,20.11049710411056,55.0,0.04066666666666666,2811.2526681927056,0.0,0.0,0.0,48.096144192240295,optimal
2021-02-11 09:30:00,1,2,0.0,0.0,0.0,0.5923999999999999,19.6665,6.0,0,20.121111959949904,55.0,0.04,0.0,0.0,0.0,0.0,48.048048048048045,optimal
2021-02-11 10:00:00,1,2,0.8310735643933976,0.0,0.0,0.15113333333333331,19.404,6.0,0,20.0,55.0,0.034666666666666665,2908.7574753768918,0.0,0.0,0.0,48.0,optimal
2021-02-11 10:30:00,1,2,0.8761480639278573,0.0,0.0,0.10766666666666669,19.047,6.0,0,20.0,55.0,0.034666666666666665,3066.5182237475005,0.0,0.0,0.0,47.52309440437277,optimal
2021-02-11 11:00:00,1,2,1.6509278615189018,0.0,0.0,0.35436666666666666,18.858,6.0,0,20.0,55.0,0.030666666666666665,5778.247515316157,0.0,0.0,0.0,47.04666571434117,optimal
2021-02-11 11:30:00,1,2,0.0,0.0,0.0,0.22096666666666667,19.2675,6.0,0,20.127263721317014,55.0,0.03,0.0,0.0,0.0,0.0,46.5707134529996,optimal
2021-02-11 12:00:00,1,2,0.7666981753875396,0.0,0.0,0.2606666666666667,18.963,6.0,0,20.0,55.0,0.020666666666666667,2683.4436138563883,0.0,0.0,0.0,46.09523714391937,optimal
2021-02-11 12:30:00,1,2,1.38210075875356,0.0,0.0,0.22619999999999998,18.438,6.0,0,20.0,55.0,0.018666666666666668,4837.35265563746,0.0,0.0,0.0,45.620236311148226,optimal
2021-02-11 13:00:00,1,2,0.0,0.0,0.0,0.5553333333333333,18.7425,6.0,0,20.09703439955511,55.0,0.018,0.0,0.0,0.0,0.0,45.145710479209846,optimal
2021-02-11 13:30:00,1,2,2.0,0.0,0.0,1.3361333333333334,15.2145,6.0,0,20.0,55.0,0.016,7000.0,0.0,0.0,0.0,44.67165917310341,optimal
2021-02-11 14:00:00,1,2,1.8280714450135178,0.0,0.0,0.22866666666666663,17.7765,6.0,0,20.218898019163777,55.0,0.016,6398.250057547312,0.0,0.0,0.0,44.198081918303075,optimal
2021-02-11 14:30:00,1,2,2.0,0.0,0.0,0.22223333333333328,16.758,6.0,0,20.3939855006584,55.0,0.016,7000.0,0.0,0.0,0.0,43.724978240757544,optimal
2021-02-11 15:00:00,1,2,2.0,0.0,0.0,0.3115,16.422,6.0,0,20.591836233838517,55.0,0.016,7000.0,0.0,0.0,0.0,43.252347666889555,optimal
2021-02-11 15:30:00,1,2,2.0,0.0,0.0,0.23053333333333334,16.758,6.0,0,20.791291236486966,55.0,0.016,7000.0,0.0,0.0,0.0,42.78018972359544,optimal
2021-02-11 16:00:00,1,2,0.0,0.0,0.0,0.2994,29.358,6.0,0,20.977233799540866,55.0,0.012666666666666666,0.0,0.0,0.0,0.0,42.30850393824462,optimal
2021-02-11 16:30:00,1,2,0.0,0.0,0.0,0.28863333333333335,34.9965,6.0,0,20.84472736412684,55.0,0.012666666666666666,0.0,0.0,0.0,0.0,41.83728983867915,optimal
2021-02-11 17:00:00,1,2,0.0,0.0,0.0,0.2153333333333333,34.65,6.0,0,20.704407527588316,55.0,0.010666666666666666,0.0,0.0,0.0,0.0,41.795452548840466,optimal
2021-02-11 17:30:00,1,2,0.0,0.0,0.0,0.9153666666666668,34.9965,6.0,0,20.561144851950722,55.0,0.009333333333333334,0.0,0.0,0.0,0.0,41.753657096291626,optimal
2021-02-11 18:00:00,1,2,0.0,0.0,0.0,0.8475666666666667,34.9965,6.0,0,20.42813628230314,55.0,0.006,0.0,0.0,0.0,0.0,41.71190343919533,optimal
2021-02-11 18:30:00,1,2,0.0,0.0,0.0,0.439,30.4815,6.0,0,20.29033006821475,55.0,0.006,0.0,0.0,0.0,0.0,41.67019153575614,optimal
2021-02-11 19:00:00,1,2,0.0,0.0,0.0,0.3616666666666667,21.4305,6.0,0,20.14742183525327,55.0,0.0,0.0,0.0,0.0,0.0,41.62852134422038,optimal
2021-02-11 19:30:00,1,2,1.0079571664124602,0.0,0.0,0.36060000000000003,14.3325,6.0,0,20.0,55.0,0.0,3527.850082443611,0.0,0.0,0.0,41.58689282287616,optimal
2021-02-11 20:00:00,1,2,1.0237390388076246,0.0,0.0,0.5068,13.692,6.0,0,20.0,55.0,0.0006666666666666665,3513.4199691600193,0.0,69.66666666666666,0.0,41.54530593005328,optimal
2021-02-11 20:30:00,1,2,0.0,0.0,0.0,0.45096666666666657,14.007,6.0,0,20.0,55.0,0.0,0.0,0.0,0.0,0.0,41.50376062412323,optimal
2021-02-11 21:00:00,1,2,0.05971428571428571,0.0,0.0,0.5782,12.873,6.0,0,19.843653821699576,55.0,0.0,0.0,0.0,209.0,0.0,41.46225686349911,optimal
2021-02-11 21:30:00,1,2,0.0,0.0,0.0,0.3842,12.684,6.0,0,19.694226123567127,55.0,0.0,0.0,0.0,0.0,0.0,41.42079460663561,optimal
2021-02-11 22:00:00,1,2,0.0,0.0,0.0,0.074,12.306,6.0,0,19.54289109608781,55.0,0.0,0.0,0.0,0.0,0.0,41.37937381202897,optimal
2021-02-11 22:30:00,1,2,0.0,0.0,0.0,0.074,10.6365,6.0,0,19.36784721621471,55.0,0.0,0.0,0.0,0.0,0.0,41.337994438216946,optimal
2021-02-11 23:00:00,1,2,0.0,0.0,0.0,0.134,11.2455,6.0,0,19.18970836137919,55.0,0.0,0.0,0.0,0.0,0.0,41.29665644377873,optimal
2021-02-11 23:30:00,1,2,0.0,0.0,0.0,0.074,11.2455,6.0,0,19.01112350180121,55.0,0.0,0.0,0.0,0.0,0.0,41.25535978733495,optimal
2021-02-12 00:00:00,1,2,2.0,0.0,0.0,0.06,10.3635,6.0,0,19.01112350180121,55.0,0.0,7000.0,0.0,0.0,0.0,41.21410442754762,optimal
2021-02-12 00:30:00,1,2,2.0,0.0,0.0,0.06,10.8045,6.0,0,19.13526960592303,55.0,0.02933333333333333,3934.666666666667,0.0,3065.333333333333,0.0,41.17289032312007,optimal
2021-02-12 01:00:00,1,2,2.0,0.0,0.0,0.0654,11.025,6.0,0,19.124330189746306,55.0,0.02933333333333333,7000.0,0.0,0.0,0.0,41.131717432796954,optimal
2021-02-12 01:30:00,1,2,2.0,0.0,0.0,0.29669999999999996,10.3635,6.0,0,19.247888182998313,55.0,0.02933333333333333,7000.0,0.0,0.0,0.0,41.090585715364156,optimal
2021-02-12 02:00:00,1,2,2.0,0.0,0.0,0.1445,10.8045,6.0,0,19.381399487542893,55.0,0.02933333333333333,7000.0,0.0,0.0,0.0,41.04949512964879,optimal
2021-02-12 02:30:00,1,2,2.0,0.0,0.0,0.19866666666666663,10.059,6.0,0,19.508004351867704,55.0,0.02933333333333333,7000.0,0.0,0.0,0.0,41.00844563451914,optimal
2021-02-12 03:00:00,1,2,2.0,0.0,0.0,0.2549333333333333,10.584,6.0,0,19.63808263899566,55.0,0.02933333333333333,7000.0,0.0,0.0,0.0,40.967437188884624,optimal
2021-02-12 03:30:00,1,2,2.0,0.0,9.0,0.1626,9.4185,6.0,0,19.77187607214857,55.0,0.02933333333333333,7000.0,0.0,0.0,0.0,45.20146975169574,optimal
2021-02-12 04:00:00,1,2,2.0,0.0,0.0,0.0708,10.3635,6.0,0,19.905897343522486,55.0,0.02933333333333333,7000.0,0.0,0.0,0.0,45.156268281944044,optimal
2021-02-12 04:30:00,1,2,2.0,0.0,6.893940552033745,0.2732,9.8385,6.0,0,20.04002222705701,55.0,0.02933333333333333,7000.0,0.0,0.0,0.0,48.38573377587813,optimal
2021-02-12 05:00:00,1,2,2.0,0.0,0.0,0.10859999999999999,11.067,6.0,0,20.18712822684209,55.0,0.02933333333333333,7000.0,0.0,0.0,0.0,48.33734804210225,optimal
2021-02-12 05:30:00,1,2,2.0,0.0,0.0,0.247,10.8465,6.0,0,20.331055807800787,55.0,0.02933333333333333,7000.0,0.0,0.0,0.0,48.289010694060146,optimal
2021-02-12 06:00:00,1,2,0.3339575707303823,0.0,0.0,0.17626666666666668,13.671,6.0,0,20.48581989144532,55.0,0.02933333333333333,1168.851497556338,0.0,0.0,0.0,48.240721683366075,optimal
2021-02-12 06:30:00,1,2,2.0,0.0,0.0,0.15273333333333333,12.348,6.0,0,20.386774823564796,55.0,0.02933333333333333,7000.0,0.0,0.0,0.0,48.192480961682705,optimal
2021-02-12 07:00:00,1,2,0.0,0.0,0.0,0.11783333333333332,14.3325,6.0,0,20.54328419785225,55.0,0.014666666666666665,0.0,0.0,0.0,0.0,48.144288480721016,optimal
2021-02-12 07:30:00,1,2,0.0,0.0,0.0,0.26263333333333333,15.393,6.0,0,20.39350950588321,55.0,0.009333333333333332,0.0,0.0,0.0,0.0,48.096144192240295,optimal
2021-02-12 08:00:00,1,2,2.0,0.0,0.0,0.1328,13.587,6.0,0,20.253976936162843,55.0,0.007333333333333332,7000.0,0.0,0.0,0.0,48.048048048048045,optimal
2021-02-12 08:30:00,1,2,0.0,0.0,0.0,0.15230000000000002,16.1385,6.0,0,20.408308582170843,55.0,0.005999999999999998,0.0,0.0,0.0,0.0,48.0,optimal
2021-02-12 09:00:00,1,2,0.0,0.0,0.0,0.44639999999999996,14.595,6.0,0,20.259607767028026,55.0,0.005999999999999998,0.0,0.0,0.0,0.0,47.63857747682351,optimal
2021-02-12 09:30:00,1,2,0.0,0.0,0.0,0.27103333333333335,14.637,6.0,0,20.120612992961416,55.0,0.0033333333333333327,0.0,0.0,0.0,0.0,47.27751637617019,optimal
2021-02-12 10:00:00,1,2,0.7097428431588776,0.0,0.0,0.2742,13.9125,6.0,0,20.0,55.0,0.0019999999999999996,2484.0999510560714,0.0,0.0,0.0,46.91681633661753,optimal
2021-02-12 10:30:00,1,2,0.6543280974374883,0.0,0.0,0.6762666666666667,13.3665,6.0,0,20.0,55.0,0.0019999999999999996,2290.148341031209,0.0,0.0,0.0,46.55647699710442,optimal
2021-02-12 11:00:00,1,2,1.5097950648426484,0.0,0.0,0.5567000000000001,13.0095,6.0,0,20.0,55.0,0.0006666666666666665,5284.282726949269,0.0,0.0,0.0,46.19649799693082,optimal
2021-02-12 11:30:00,1,2,0.0,0.0,0.0,1.3369000000000002,13.8915,6.0,0,20.11088169428181,55.0,0.0006666666666666665,0.0,0.0,0.0,0.0,45.8368789757574,optimal
2021-02-12 12:00:00,1,2,0.7661786791901014,0.0,0.0,0.3812,13.188,6.0,0,20.0,55.0,0.0,2681.625377165355,0.0,0.0,0.0,45.47761957360515,optimal
2021-02-12 12:30:00,1,2,0.8000037407368388,0.0,0.0,0.2372,12.5685,6.0,0,20.0,55.0,0.0,2660.679759245602,0.0,139.33333333333331,0.0,45.11871943085506,optimal
2021-02-12 13:00:00,1,2,1.6190023968297367,0.0,0.0,0.19190000000000002,12.285,6.0,0,20.0,55.0,0.016666666666666666,3924.8417222374114,0.0,1741.6666666666667,0.0,44.760178188247714,optimal
2021-02-12 13:30:00,1,2,2.0,0.0,0.0,0.36839999999999995,11.487,6.0,0,20.054784438440116,55.0,0.016666666666666666,7000.0,0.0,0.0,0.0,44.401995486882974,optimal
2021-02-12 14:00:00,1,2,2.0,0.0,0.0,0.21880000000000002,11.802,6.0,0,20.25055175628076,55.0,0.016666666666666666,7000.0,0.0,0.0,0.0,44.044170968219596,optimal
2021-02-12 14:30:00,1,2,2.0,0.0,0.0,0.09720000000000001,11.2245,6.0,0,20.44131443470346,55.0,0.016666666666666666,7000.0,0.0,0.0,0.0,43.686704274074884,optimal
2021-02-12 15:00:00,1,2,2.0,0.0,0.0,0.22790000000000002,11.025,6.0,0,20.62621973156539,55.0,0.016666666666666666,7000.0,0.0,0.0,0.0,43.32959504662432,optimal
2021-02-12 15:30:00,1,2,2.0,0.0,0.0,0.2225,11.907,6.0,0,20.79788188698961,55.0,0.016666666666666666,7000.0,0.0,0.0,0.0,42.97284292840121,optimal
2021-02-12 16:00:00,1,2,0.0,0.0,0.0,0.1197,25.83,6.0,0,20.966964983502063,55.0,0.016666666666666666,0.0,0.0,0.0,0.0,42.616447562296315,optimal
2021-02-12 16:30:00,1,2,0.0,0.0,0.0,0.3469,28.035,6.0,0,20.822807469448573,55.0,0.016666666666666666,0.0,0.0,0.0,0.0,42.26040859155753,optimal
2021-02-12 17:00:00,1,2,0.0,0.0,0.0,0.9400333333333332,28.119,6.0,0,20.687460359970956,55.0,0.014,0.0,0.0,0.0,0.0,41.90472565978948,optimal
2021-02-12 17:30:00,1,2,0.0,0.0,0.0,0.8265666666666667,30.156,6.0,0,20.552742358651695,55.0,0.012666666666666666,0.0,0.0,0.0,0.0,41.549398410953195,optimal
2021-02-12 18:00:00,1,2,0.0,0.0,0.0,0.3068,29.1585,6.0,0,20.430225129184752,55.0,0.009333333333333334,0.0,0.0,0.0,0.0,41.19442648936575,optimal
2021-02-12 18:30:00,1,2,0.0,0.0,0.0,1.4416333333333335,26.712,6.0,0,20.308090177447998,55.0,0.006666666666666667,0.0,0.0,0.0,0.0,40.83980953969989,optimal
2021-02-12 19:00:00,1,2,0.0,0.0,0.0,1.4499000000000002,15.435,6.0,0,20.218032759439865,55.0,0.0033333333333333327,0.0,0.0,0.0,0.0,40.4855472069837,optimal
2021-02-12 19:30:00,1,2,0.0,0.0,0.0,0.297,13.566,6.0,0,20.122359074482613,55.0,0.0006666666666666665,0.0,0.0,0.0,0.0,40.13163913660023,optimal
2021-02-12 20:00:00,1,2,0.7618295277451067,0.0,0.0,0.371,12.789,6.0,0,20.0,55.0,0.0,2666.4033471078733,0.0,0.0,0.0,39.77808497428713,optimal
2021-02-12 20:30:00,1,2,0.0,0.0,0.0,0.0916,12.1275,6.0,0,20.0,55.0,0.0,0.0,0.0,0.0,0.0,39.424884366136354,optimal
2021-02-12 21:00:00,1,2,0.0,0.0,0.0,0.174,13.671,6.0,0,19.852551078792747,55.0,0.0,0.0,0.0,0.0,0.0,39.07203695859373,optimal
2021-02-12 21:30:00,1,2,0.0,0.0,0.0,0.1846,10.668,6.0,0,19.708690540969684,55.0,0.0,0.0,0.0,0.0,0.0,38.71954239845864,optimal
2021-02-12 22:00:00,1,2,0.0,0.0,0.0,0.1155,11.7285,6.0,0,19.566705900880233,55.0,0.0,0.0,0.0,0.0,0.0,38.36740033288369,optimal
2021-02-12 22:30:00,1,2,0.0,0.0,0.0,0.1675,11.025,6.0,0,19.423094722588488,55.0,0.0,0.0,0.0,0.0,0.0,38.01561040937432,optimal
2021-02-12 23:00:00,1,2,0.0,0.0,0.0,0.5414666666666667,10.689,6.0,0,19.28280570990317,55.0,0.0,0.0,0.0,0.0,0.0,37.977594798964944,optimal
2021-02-12 23:30:00,1,2,0.0796190476190476,0.0,0.0,1.1722000000000001,8.1585,6.0,0,19.172576523543245,55.0,0.0,0.0,0.0,278.66666666666663,0.0,37.93961720416598,optimal
2021-02-13 00:00:00,1,2,2.0,0.0,0.0,0.16,9.3975,6.0,0,19.172576523543245,55.0,0.0,7000.0,0.0,0.0,0.0,37.90167758696181,optimal
2021-02-13 00:30:00,1,2,1.8778663325921565,0.0,0.0,0.06,10.059,6.0,0,19.348110432966443,55.0,0.06289504463227318,0.0,0.0,6572.532164072548,0.0,37.86377590937485,optimal
2021-02-13 01:00:00,1,2,2.0,0.0,0.0,0.06416666666666668,9.261,6.0,0,19.211935930446735,55.0,0.12988069056528753,0.0,0.0,7000.0,0.0,37.82591213346548,optimal
2021-02-13 01:30:00,1,2,2.0,0.0,0.0,0.13083333333333333,8.1585,6.0,0,19.077299736318025,55.0,0.18266666666666667,1483.8654974058807,0.0,5516.134502594119,0.0,37.788086221332016,optimal
2021-02-13 02:00:00,1,2,2.0,0.0,0.0,0.17666666666666667,9.4815,6.0,0,19.011880976457494,55.0,0.18266666666666667,7000.0,0.0,0.0,0.0,37.75029813511068,optimal
2021-02-13 02:30:00,1,2,2.0,0.0,0.0,0.11833333333333332,8.379,6.0,0,19.190771411850225,55.0,0.18266666666666667,7000.0,0.0,0.0,0.0,37.712547836975574,optimal
2021-02-13 03:00:00,1,2,2.0,0.0,0.0,0.155,9.5235,6.0,0,19.365805506973107,55.0,0.18266666666666667,7000.0,0.0,0.0,0.0,37.6748352891386,optimal
2021-02-13 03:30:00,1,2,2.0,0.0,4.889700605068404,0.065,8.1375,6.0,0,19.541169860906734,55.0,0.18266666666666667,7000.0,0.0,0.0,0.0,39.95976824125695,optimal
2021-02-13 04:00:00,1,2,2.0,0.0,0.0,0.105,10.0905,6.0,0,19.71095323182588,55.0,0.18266666666666667,7000.0,0.0,0.0,0.0,39.91980847301569,optimal
2021-02-13 04:30:00,1,2,2.0,0.0,9.0,0.115,7.539,6.0,0,19.880886863265623,55.0,0.18266666666666667,7000.0,0.0,0.0,0.0,44.154888664542675,optimal
2021-02-13 05:00:00,1,2,2.0,0.0,9.0,0.06,7.938,6.0,0,20.049292293885173,55.0,0.18266666666666667,7000.0,0.0,0.0,0.0,48.38573377587813,optimal
2021-02-13 05:30:00,1,2,2.0,0.0,0.0,0.15966666666666665,8.274,6.0,0,20.21333535515179,55.0,0.18133333333333335,7000.0,0.0,0.0,0.0,48.33734804210225,optimal
2021-02-13 06:00:00,1,2,2.0,0.0,0.0,0.11316666666666668,9.261,6.0,0,20.3810292454472,55.0,0.18066666666666667,7000.0,0.0,0.0,0.0,48.289010694060146,optimal
2021-02-13 06:30:00,1,2,2.0,0.0,0.0,0.07983333333333333,9.9225,6.0,0,20.547138290688622,55.0,0.18066666666666667,7000.0,0.0,0.0,0.0,48.240721683366075,optimal
2021-02-13 07:00:00,1,2,2.0,0.0,0.0,0.226,9.702,6.0,0,20.712249759151902,55.0,0.17933333333333334,7000.0,0.0,0.0,0.0,48.192480961682705,optimal
2021-02-13 07:30:00,1,2,2.0,0.0,0.0,0.08733333333333333,10.584,6.0,0,20.888459786996744,55.0,0.17666666666666667,7000.0,0.0,0.0,0.0,48.144288480721016,optimal
2021-02-13 08:00:00,1,2,2.0,0.0,0.0,0.084,10.143,6.0,0,21.057785508459357,55.0,0.16,7000.0,0.0,0.0,0.0,48.096144192240295,optimal
2021-02-13 08:30:00,1,2,0.0,0.0,0.0,1.7441,13.0095,6.0,0,21.22485142688579,55.0,0.158,0.0,0.0,0.0,0.0,48.048048048048045,optimal
2021-02-13 09:00:00,1,2,2.0,0.0,0.0,0.3063333333333333,11.025,6.0,0,21.103310520091075,55.0,0.14432,7000.0,0.0,0.0,0.0,48.0,optimal
2021-02-13 09:30:00,1,2,0.0,0.0,0.0,0.24546666666666667,12.789,6.0,0,21.274094158758317,55.0,0.10266666666666667,0.0,0.0,0.0,0.0,47.68202280493635,optimal
2021-02-13 10:00:00,1,2,0.0,0.0,0.0,0.32976666666666665,12.1275,6.0,0,21.13506039203499,55.0,0.10066666666666667,0.0,0.0,0.0,0.0,47.36436358706777,optimal
2021-02-13 10:30:00,1,2,0.0,0.0,0.0,0.5738666666666666,12.1695,6.0,0,21.002588050734836,55.0,0.10066666666666667,0.0,0.0,0.0,0.0,47.04702202841706,optimal
2021-02-13 11:00:00,1,2,0.0,0.0,0.0,0.07,12.306,6.0,0,20.873589289383908,55.0,0.10066666666666667,0.0,0.0,0.0,0.0,46.729997811325,optimal
2021-02-13 11:30:00,1,2,0.0,0.0,0.0,0.16833333333333333,13.23,6.0,0,20.720043120108226,55.0,0.10066666666666667,0.0,0.0,0.0,0.0,46.41329061845003,optimal
2021-02-13 12:00:00,1,2,0.0,0.0,0.0,0.14666666666666667,13.671,6.0,0,20.5722838128626,55.0,0.10066666666666667,0.0,0.0,0.0,0.0,46.09690013276793,optimal
2021-02-13 12:30:00,1,2,0.0,0.0,0.0,0.145,13.9335,6.0,0,20.425016364840854,55.0,0.10066666666666667,0.0,0.0,0.0,0.0,45.780826037571515,optimal
2021-02-13 13:00:00,1,2,0.0,0.0,0.0,0.15466666666666665,13.293,6.0,0,20.27947682064091,55.0,0.10066666666666667,0.0,0.0,0.0,0.0,45.4650680164703,optimal
2021-02-13 13:30:00,1,2,0.0,0.0,0.0,0.3197,12.1065,6.0,0,20.138293617384573,55.0,0.10066666666666667,0.0,0.0,0.0,0.0,45.14962575339018,optimal
2021-02-13 14:00:00,1,2,2.0,0.0,0.0,0.3090333333333334,11.571,6.0,0,20.01038093704171,55.0,0.1,7000.0,0.0,0.0,0.0,44.83449893257315,optimal
2021-02-13 14:30:00,1,2,2.0,0.0,0.0,0.6475333333333333,11.025,6.0,0,20.190253086614245,55.0,0.04666666666666667,7000.0,0.0,0.0,0.0,44.51968723857693,optimal
2021-02-13 15:00:00,1,2,2.0,0.0,0.0,1.1615666666666666,10.8465,6.0,0,20.39398390811073,55.0,0.035333333333333335,7000.0,0.0,0.0,0.0,44.205190356274706,optimal
2021-02-13 15:30:00,1,2,2.0,0.0,0.0,0.9556333333333332,11.2455,6.0,0,20.592148798974993,55.0,0.035333333333333335,7000.0,0.0,0.0,0.0,43.89100797085479,optimal
2021-02-13 16:00:00,1,2,0.0,0.0,0.0,0.6277,23.8665,6.0,0,20.785678550475673,55.0,0.028,0.0,0.0,0.0,0.0,43.84711696288393,optimal
2021-02-13 16:30:00,1,2,0.0,0.0,0.0,0.39466666666666667,27.4575,6.0,0,20.681347984319984,55.0,0.025333333333333333,0.0,0.0,0.0,0.0,43.803269845921044,optimal
2021-02-13 17:00:00,1,2,0.0,0.0,0.0,0.5529,27.3735,6.0,0,20.56465912322307,55.0,0.025333333333333333,0.0,0.0,0.0,0.0,43.75946657607512,optimal
2021-02-13 17:30:00,1,2,0.0,0.0,0.0,0.23326666666666668,30.4605,6.0,0,20.45782409303871,55.0,0.025333333333333333,0.0,0.0,0.0,0.0,43.71570710949904,optimal
2021-02-13 18:00:00,1,2,0.0,0.0,0.0,0.282,30.0195,6.0,0,20.34388269812304,55.0,0.022,0.0,0.0,0.0,0.0,43.671991402389544,optimal
2021-02-13 18:30:00,1,2,0.0,0.0,0.0,0.3374,26.9325,6.0,0,20.227963581213345,55.0,0.020666666666666663,0.0,0.0,0.0,0.0,43.62831941098715,optimal
2021-02-13 19:00:00,1,2,0.0,0.0,0.0,0.15480000000000002,14.595,6.0,0,20.11918109560127,55.0,0.018666666666666665,0.0,0.0,0.0,0.0,43.58469109157617,optimal
2021-02-13 19:30:00,1,2,0.759809174648083,0.0,0.0,0.2598666666666667,12.4845,6.0,0,20.0,55.0,0.017333333333333333,2659.33211126829,0.0,0.0,0.0,43.541106400484594,optimal
2021-02-13 20:00:00,1,2,0.7286866706022589,0.0,0.0,0.4403666666666667,12.1275,6.0,0,20.0,55.0,0.017333333333333333,2550.403347107906,0.0,0.0,0.0,43.49756529408411,optimal
2021-02-13 20:30:00,1,2,0.0,0.0,0.0,0.34,12.1275,6.0,0,20.0,55.0,0.0,0.0,0.0,0.0,0.0,43.45406772879003,optimal
2021-02-13 21:00:00,1,2,0.0,0.0,0.0,0.4346666666666667,12.789,6.0,0,19.883221507834573,55.0,0.0,0.0,0.0,0.0,0.0,43.41061366106124,optimal
2021-02-13 21:30:00,1,2,0.0,0.0,0.0,0.3763333333333333,11.907,6.0,0,19.772339181451944,55.0,0.0,0.0,0.0,0.0,0.0,43.36720304740018,optimal
2021-02-13 22:00:00,1,2,0.0,0.0,0.0,0.155,11.025,6.0,0,19.654330310742008,55.0,0.0,0.0,0.0,0.0,0.0,43.32383584435278,optimal
2021-02-13 22:30:00,1,2,0.0,0.0,0.0,0.135,8.2005,6.0,0,19.52001052201936,55.0,0.0,0.0,0.0,0.0,0.0,43.280512008508424,optimal
2021-02-13 23:00:00,1,2,0.0,0.0,0.0,0.145,9.5655,6.0,0,19.38615766633469,55.0,0.0,0.0,0.0,0.0,0.0,43.237231496499916,optimal
2021-02-13 23:30:00,1,2,0.0,0.0,0.0,0.0795,7.056,6.0,0,19.254081557680717,55.0,0.0,0.0,0.0,0.0,0.0,43.19399426500342,optimal
2021-02-07 00:00:00,2,2,0.0,0.0,0.0,0.064,9.261,6.0,0,21.0,55.0,0.12,0.0,0.0,0.0,0.0,47.952,optimal
2021-02-07 00:30:00,2,2,0.0,0.0,0.0,0.064,10.3635,6.0,0,20.87559155333136,55.0,0.12,0.0,0.0,0.0,0.0,47.904047999999996,optimal
2021-02-07 01:00:00,2,2,0.0,0.0,0.0,0.064,8.274,6.0,0,20.751360874502115,55.0,0.12,0.0,0.0,0.0,0.0,47.856143952,optimal
2021-02-07 01:30:00,2,2,0.0,0.0,0.0,0.064,7.7175,6.0,0,20.62730666882091,55.0,0.12,0.0,0.0,0.0,0.0,47.80828780804799,optimal
2021-02-07 02:00:00,2,2,0.0,0.0,0.0,0.064,6.615,6.0,0,20.503791803324702,55.0,0.12,0.0,0.0,0.0,0.0,47.76047952023995,optimal
2021-02-07 02:30:00,2,2,0.0,0.0,0.0,0.064,6.174,6.0,0,20.380812349974125,55.0,0.12,0.0,0.0,0.0,0.0,47.712719040719705,optimal
2021-02-07 03:00:00,2,2,2.0,0.0,0.0,0.064,3.906,6.0,0,20.2580002570389,55.0,0.12,7000.0,0.0,0.0,0.0,47.66500632167899,optimal
2021-02-07 03:30:00,2,2,2.0,0.0,0.0,0.064,2.3415,6.0,0,20.441771066042268,55.0,0.12,7000.0,0.0,0.0,0.0,47.61734131535731,optimal
2021-02-07 04:00:00,2,2,2.0,0.0,0.0,0.064,2.205,6.0,0,20.62383931149485,55.0,0.12,7000.0,0.0,0.0,0.0,47.56972397404195,optimal
2021-02-07 04:30:00,2,2,2.0,0.0,1.5127735437856342,0.064,0.882,6.0,0,20.804217393245278,55.0,0.12,7000.0,0.0,0.0,0.0,48.240721683366075,optimal
2021-02-07 05:00:00,2,2,2.0,0.0,0.0,0.064,1.5435,6.0,0,20.983281773132507,55.0,0.12,7000.0,0.0,0.0,0.0,48.192480961682705,optimal
2021-02-07 05:30:00,2,2,2.0,0.0,0.0,0.064,1.5435,6.0,0,21.16104201890762,55.0,0.12,7000.0,0.0,0.0,0.0,48.144288480721016,optimal
2021-02-07 06:00:00,2,2,2.0,0.0,0.0,0.32913333333333333,5.0715,6.0,0,21.33750762863931,55.0,0.10933333333333334,7000.0,0.0,0.0,0.0,48.096144192240295,optimal
2021-02-07 06:30:00,2,2,2.0,0.0,0.0,1.1403666666666665,5.376,6.0,0,21.539909512565877,55.0,0.108,7000.0,0.0,0.0,0.0,48.048048048048045,optimal
2021-02-07 07:00:00,2,2,2.0,0.0,0.0,1.3049333333333335,5.0715,6.0,0,21.749302613874118,55.0,0.10466666666666667,7000.0,0.0,0.0,0.0,48.0,optimal
2021-02-07 07:30:00,2,2,1.233655546297621,0.0,0.0,0.074,5.5125,6.0,0,21.95590859627784,55.0,0.10466666666666667,4317.794412041674,0.0,0.0,0.0,47.705986522980446,optimal
2021-02-07 08:00:00,2,2,0.955094888933814,0.0,0.0,0.074,9.261,6.0,0,22.0,55.0,0.10466666666666667,3342.832111268349,0.0,0.0,0.0,47.412267059437916,optimal
2021-02-07 08:30:00,2,2,0.0,0.0,0.0,0.074,11.7075,6.0,0,22.0,55.0,0.10466666666666667,0.0,0.0,0.0,0.0,47.11884131535893,optimal
2021-02-07 09:00:00,2,2,0.0,0.0,0.0,0.074,12.348,6.0,0,21.853307306822103,55.0,0.10466666666666667,0.0,0.0,0.0,0.0,46.825708997024016,optimal
2021-02-07 09:30:00,2,2,0.0,0.0,0.0,0.074,12.348,6.0,0,21.70731883233157,55.0,0.10466666666666667,0.0,0.0,0.0,0.0,46.53286981100744,optimal
2021-02-07 10:00:00,2,2,0.0,0.0,0.0,0.074,12.1275,6.0,0,21.562757750912326,55.0,0.10466666666666667,0.0,0.0,0.0,0.0,46.240323464176875,optimal
2021-02-07 10:30:00,2,2,0.0,0.0,0.0,0.074,12.5265,6.0,0,21.419613668458425,55.0,0.10466666666666667,0.0,0.0,0.0,0.0,45.94806966369315,optimal
2021-02-07 11:00:00,2,2,1.9543759919853072,0.0,0.0,0.074,11.7495,6.0,0,21.276783806340806,55.0,0.10466666666666667,6840.315971948575,0.0,0.0,0.0,45.6561081170099,optimal
2021-02-07 11:30:00,2,2,0.0,0.0,0.0,0.074,13.23,6.0,0,21.433692658361096,55.0,0.10466666666666667,0.0,0.0,0.0,0.0,45.36443853187334,optimal
2021-02-07 12:00:00,2,2,0.0,0.0,0.0,0.074,14.3325,6.0,0,21.29003195594714,55.0,0.10466666666666667,0.0,0.0,0.0,0.0,45.07306061632191,optimal
2021-02-07 12:30:00,2,2,0.0,0.0,0.0,0.074,14.994,6.0,0,21.147417542566508,55.0,0.10466666666666667,0.0,0.0,0.0,0.0,44.781974078686034,optimal
2021-02-07 13:00:00,2,2,0.0,0.0,0.0,0.074,14.8155,6.0,0,21.005841796515952,55.0,0.10466666666666667,0.0,0.0,0.0,0.0,44.49117862758779,optimal
2021-02-07 13:30:00,2,2,0.0,0.0,0.0,0.074,14.112,6.0,0,20.865297151732772,55.0,0.10466666666666667,0.0,0.0,0.0,0.0,44.20067397194065,optimal
2021-02-07 14:00:00,2,2,0.0,0.0,0.0,0.074,14.007,6.0,0,20.726140252358814,55.0,0.10466666666666667,0.0,0.0,0.0,0.0,43.91045982094916,optimal
2021-02-07 14:30:00,2,2,0.0,0.0,0.0,0.074,13.23,6.0,0,20.58836099194952,55.0,0.10466666666666667,0.0,0.0,0.0,0.0,43.620535884108655,optimal
2021-02-07 15:00:00,2,2,2.0,0.0,0.0,0.074,11.382,6.0,0,20.451949336527907,55.0,0.10466666666666667,7000.0,0.0,0.0,0.0,43.33090187120499,optimal
2021-02-07 15:30:00,2,2,2.0,0.0,0.0,0.074,11.7495,6.0,0,20.6233120875378,55.0,0.10466666666666667,7000.0,0.0,0.0,0.0,43.04155749231423,optimal
2021-02-07 16:00:00,2,2,0.0,0.0,0.0,0.074,24.3285,6.0,0,20.79233433885579,55.0,0.10466666666666667,0.0,0.0,0.0,0.0,42.752502457802365,optimal
2021-02-07 16:30:00,2,2,0.0,0.0,0.0,0.074,28.917,6.0,0,20.65261637292393,55.0,0.10466666666666667,0.0,0.0,0.0,0.0,42.46373647832501,optimal
2021-02-07 17:00:00,2,2,0.0,0.0,0.0,0.16733333333333333,31.3635,6.0,0,20.514280131661206,55.0,0.102,0.0,0.0,0.0,0.0,42.17525926482713,optimal
2021-02-07 17:30:00,2,2,0.0,0.0,0.0,1.5932,33.306,6.0,0,20.38665396400071,55.0,0.102,0.0,0.0,0.0,0.0,42.1330840055623,optimal
2021-02-07 18:00:00,2,2,0.0,0.0,0.0,1.3292666666666668,31.3425,6.0,0,20.294545535688087,55.0,0.1,0.0,0.0,0.0,0.0,42.09095092155674,optimal
2021-02-07 18:30:00,2,2,0.0,0.0,0.0,1.1614,28.2555,6.0,0,20.19034252249557,55.0,0.092,0.0,0.0,0.0,0.0,42.048859970635185,optimal
2021-02-07 19:00:00,2,2,0.0,0.0,0.0,0.3463,15.6975,6.0,0,20.091547158725497,55.0,0.09,0.0,0.0,0.0,0.0,42.00681111066455,optimal
2021-02-07 19:30:00,2,2,0.5757493786584138,0.0,0.0,1.0410333333333333,12.5475,6.0,0,20.0,55.0,0.09,2015.1228253044483,0.0,0.0,0.0,41.96480429955388,optimal
2021-02-07 20:00:00,2,2,0.5597189024679419,0.0,0.0,1.4963666666666666,12.0855,6.0,0,20.0,55.0,0.088,1959.0161586377967,0.0,0.0,0.0,41.92283949525433,optimal
2021-02-07 20:30:00,2,2,0.0,0.0,0.0,0.8239,11.907,6.0,0,20.0,55.0,0.088,0.0,0.0,0.0,0.0,41.88091665575907,optimal
2021-02-07 21:00:00,2,2,0.0,0.0,0.0,1.4494666666666667,12.5685,6.0,0,19.909957798052282,55.0,0.088,0.0,0.0,0.0,0.0,41.839035739103316,optimal
2021-02-07 21:30:00,2,2,0.0,0.0,0.0,2.8262666666666667,13.146,6.0,0,19.827499698282594,55.0,0.08466666666666667,0.0,0.0,0.0,0.0,41.797196703364214,optimal
2021-02-07 22:00:00,2,2,0.0,0.0,0.0,0.19776666666666667,10.584,6.0,0,19.73933929779593,55.0,0.08466666666666667,0.0,0.0,0.0,0.0,41.75539950666085,optimal
2021-02-07 22:30:00,2,2,0.0,0.0,0.0,0.074,6.678,6.0,0,19.63031722896455,55.0,0.08466666666666667,0.0,0.0,0.0,0.0,41.71364410715419,optimal
2021-02-07 23:00:00,2,2,0.0,0.0,0.0,0.074,7.938,6.0,0,19.50787289431741,55.0,0.08466666666666667,0.0,0.0,0.0,0.0,41.67193046304703,optimal
2021-02-07 23:30:00,2,2,0.0,0.0,0.0,0.07333333333333333,5.292,6.0,0,19.38632032738951,55.0,0.08466666666666667,0.0,0.0,0.0,0.0,41.63025853258399,optimal
2021-02-08 00:00:00,2,2,2.0,0.0,0.0,0.06,5.9745,6.0,0,19.38632032738951,55.0,0.08466666666666667,7000.0,0.0,0.0,0.0,41.5886282740514,optimal
2021-02-08 00:30:00,2,2,2.0,0.0,0.0,0.06,7.938,6.0,0,19.56902963133388,55.0,0.08466666666666667,7000.0,0.0,0.0,0.0,41.54703964577735,optimal
2021-02-08 01:00:00,2,2,2.0,0.0,0.0,0.06,8.6835,6.0,0,19.750408255016627,55.0,0.08466666666666667,7000.0,0.0,0.0,0.0,41.505492606131575,optimal
2021-02-08 01:30:00,2,2,2.0,0.0,0.0,0.06,7.665,6.0,0,19.93046588984328,55.0,0.08466666666666667,7000.0,0.0,0.0,0.0,41.46398711352544,optimal
2021-02-08 02:00:00,2,2,2.0,0.0,0.0,0.06,6.7725,6.0,0,20.108848004337414,55.0,0.08466666666666667,7000.0,0.0,0.0,0.0,41.42252312641192,optimal
2021-02-08 02:30:00,2,2,2.0,0.0,0.0,0.06,5.5755,6.0,0,20.28556680139065,55.0,0.08466666666666667,7000.0,0.0,0.0,0.0,41.3811006032855,optimal
2021-02-08 03:00:00,2,2,2.0,0.0,6.1309115668022764,0.06,5.0925,6.0,0,20.4613626996184,55.0,0.08466666666666667,7000.0,0.0,0.0,0.0,44.25190249691329,optimal
2021-02-08 03:30:00,2,2,2.0,0.0,9.0,0.06,4.1895,6.0,0,20.636242420535247,55.0,0.08466666666666667,7000.0,0.0,0.0,0.0,48.48265059441637,optimal
2021-02-08 04:00:00,2,2,2.0,0.0,0.0,0.06,7.056,6.0,0,20.80948433210466,55.0,0.08466666666666667,7000.0,0.0,0.0,0.0,48.434167943821954,optimal
2021-02-08 04:30:00,2,2,2.0,0.0,0.0,0.06,5.271,6.0,0,20.98110036256742,55.0,0.08466666666666667,7000.0,0.0,0.0,0.0,48.38573377587813,optimal
2021-02-08 05:00:00,2,2,2.0,0.0,0.0,0.06,7.938,6.0,0,21.150738200991384,55.0,0.08466666666666667,7000.0,0.0,0.0,0.0,48.33734804210225,optimal
2021-02-08 05:30:00,2,2,2.0,0.0,0.0,0.06,7.938,6.0,0,21.318412254640123,55.0,0.08466666666666667,7000.0,0.0,0.0,0.0,48.289010694060146,optimal
2021-02-08 06:00:00,2,2,0.0,0.0,0.0,0.06,11.907,6.0,0,21.48450097814746,55.0,0.08466666666666667,0.0,0.0,0.0,0.0,48.240721683366075,optimal
2021-02-08 06:30:00,2,2,2.0,0.0,0.0,0.06266666666666666,11.025,6.0,0,21.342599157128866,55.0,0.08466666666666667,7000.0,0.0,0.0,0.0,48.192480961682705,optimal
2021-02-08 07:00:00,2,2,2.0,0.0,0.0,0.35660000000000003,11.2875,6.0,0,21.507783421715246,55.0,0.07933333333333334,7000.0,0.0,0.0,0.0,48.144288480721016,optimal
2021-02-08 07:30:00,2,2,0.0,0.0,0.0,0.7625,12.936,6.0,0,21.677149743310324,55.0,0.07733333333333334,0.0,0.0,0.0,0.0,48.096144192240295,optimal
2021-02-08 08:00:00,2,2,0.0,0.0,0.0,0.22119999999999998,13.0095,6.0,0,21.547399270830443,55.0,0.07266666666666667,0.0,0.0,0.0,0.0,48.048048048048045,optimal
2021-02-08 08:30:00,2,2,0.0,0.0,0.0,0.6012000000000001,13.671,6.0,0,21.424540796817492,55.0,0.07266666666666667,0.0,0.0,0.0,0.0,48.0,optimal
2021-02-08 09:00:00,2,2,0.0,0.0,0.0,0.21919999999999998,13.188,6.0,0,21.316259144625988,55.0,0.07266666666666667,0.0,0.0,0.0,0.0,47.320732317642836,optimal
2021-02-08 09:30:00,2,2,0.0,0.0,0.0,0.24480000000000002,13.8495,6.0,0,21.186606146576892,55.0,0.07266666666666667,0.0,0.0,0.0,0.0,46.64214390296803,optimal
2021-02-08 10:00:00,2,2,0.0,0.0,0.0,0.2516,13.23,6.0,0,21.06481325174642,55.0,0.06933333333333333,0.0,0.0,0.0,0.0,45.964234076707896,optimal
2021-02-08 10:30:00,2,2,0.0,0.0,0.0,0.2467333333333333,13.3665,6.0,0,20.951573209598894,55.0,0.068,0.0,0.0,0.0,0.0,45.28700216027403,optimal
2021-02-08 11:00:00,2,2,0.0,0.0,0.0,0.2576,13.0515,6.0,0,20.82989432937699,55.0,0.064,0.0,0.0,0.0,0.0,44.610447475756594,optimal
2021-02-08 11:30:00,2,2,0.0,0.0,0.0,0.3221,13.5345,6.0,0,20.71274697597556,55.0,0.056666666666666664,0.0,0.0,0.0,0.0,43.93456934592368,optimal
2021-02-08 12:00:00,2,2,0.0,0.0,0.0,0.3454,14.154,6.0,0,20.60579872333828,55.0,0.05333333333333334,0.0,0.0,0.0,0.0,43.25936709422059,optimal
2021-02-08 12:30:00,2,2,0.0,0.0,0.0,0.168,14.112,6.0,0,20.500313911787007,55.0,0.05333333333333334,0.0,0.0,0.0,0.0,42.58484004476921,optimal
2021-02-08 13:00:00,2,2,0.0,0.0,0.0,0.07,14.2485,6.0,0,20.379087724112047,55.0,0.05333333333333334,0.0,0.0,0.0,0.0,41.91098752236728,optimal
2021-02-08 13:30:00,2,2,2.0,0.0,0.0,0.07,12.789,6.0,0,20.24152420998308,55.0,0.05333333333333334,7000.0,0.0,0.0,0.0,41.23780885248775,optimal
2021-02-08 14:00:00,2,2,0.26616313608748127,0.0,0.0,0.07,13.0095,6.0,0,20.412107642267557,55.0,0.05333333333333334,931.5709763061844,0.0,0.0,0.0,40.565303361278104,optimal
2021-02-08 14:30:00,2,2,2.0,0.0,0.0,0.07,12.1275,6.0,0,20.316538674791133,55.0,0.05333333333333334,7000.0,0.0,0.0,0.0,39.893470375559666,optimal
2021-02-08 15:00:00,2,2,2.0,0.0,0.0,0.07,12.348,6.0,0,20.48621162106778,55.0,0.05333333333333334,7000.0,0.0,0.0,0.0,39.222309222826944,optimal
2021-02-08 15:30:00,2,2,2.0,0.0,0.0,0.07,12.348,6.0,0,20.653556371820308,55.0,0.05333333333333334,7000.0,0.0,0.0,0.0,38.55181923124695,optimal
2021-02-08 16:00:00,2,2,0.0,0.0,0.0,0.07,25.389,6.0,0,20.820046495357584,55.0,0.05333333333333334,0.0,0.0,0.0,0.0,37.881999729658546,optimal
2021-02-08 16:30:00,2,2,0.0,0.0,0.0,0.07,29.1375,6.0,0,20.679271452268985,55.0,0.05333333333333334,0.0,0.0,0.0,0.0,37.21285004757173,optimal
2021-02-08 17:00:00,2,2,0.0,0.0,0.0,0.3613,30.597,6.0,0,20.53842922339504,55.0,0.051333333333333335,0.0,0.0,0.0,0.0,36.54436951516699,optimal
2021-02-08 17:30:00,2,2,0.0,0.0,0.0,0.2241,33.684,6.0,0,20.419055556298535,55.0,0.051333333333333335,0.0,0.0,0.0,0.0,36.50782514565182,optimal
2021-02-08 18:00:00,2,2,0.0,0.0,0.0,0.36860000000000004,32.445,6.0,0,20.305498794205,55.0,0.05,0.0,0.0,0.0,0.0,36.47131732050617,optimal
2021-02-08 18:30:00,2,2,0.0,0.0,0.0,0.6091,28.917,6.0,0,20.19373898981401,55.0,0.048,0.0,0.0,0.0,0.0,36.43484600318566,optimal
2021-02-08 19:00:00,2,2,0.0,0.0,0.0,0.4398,15.876,6.0,0,20.10007587207343,55.0,0.048,0.0,0.0,0.0,0.0,36.39841115718247,optimal
2021-02-08 19:30:00,2,2,0.7269456971329944,0.0,0.0,0.252,12.348,6.0,0,20.0,55.0,0.04533333333333334,2544.30993996548,0.0,0.0,0.0,36.36201274602529,optimal
2021-02-08 20:00:00,2,2,0.6695047982070889,0.0,0.0,0.305,12.1275,6.0,0,20.0,55.0,0.043333333333333335,2343.2667937248107,0.0,0.0,0.0,36.32565073327927,optimal
2021-02-08 20:30:00,2,2,0.0,0.0,0.0,0.07,12.348,6.0,0,20.0,55.0,0.043333333333333335,0.0,0.0,0.0,0.0,36.289325082545986,optimal
2021-02-08 21:00:00,2,2,0.0,0.0,0.0,0.07,12.1275,6.0,0,19.86526834487273,55.0,0.043333333333333335,0.0,0.0,0.0,0.0,36.25303575746344,optimal
2021-02-08 21:30:00,2,2,0.0,0.0,0.0,0.3046333333333333,12.1275,6.0,0,19.73078964198672,55.0,0.043333333333333335,0.0,0.0,0.0,0.0,36.216782721705975,optimal
2021-02-08 22:00:00,2,2,0.0,0.0,0.0,0.07,11.2665,6.0,0,19.6100105970683,55.0,0.043333333333333335,0.0,0.0,0.0,0.0,36.180565938984266,optimal
2021-02-08 22:30:00,2,2,0.0,0.0,0.0,0.07,10.143,6.0,0,19.479575861890368,55.0,0.043333333333333335,0.0,0.0,0.0,0.0,36.14438537304528,optimal
2021-02-08 23:00:00,2,2,0.0,0.0,0.0,0.07,11.2455,6.0,0,19.349726936587135,55.0,0.043333333333333335,0.0,0.0,0.0,0.0,36.10824098767224,optimal
2021-02-08 23:30:00,2,2,0.0,0.0,0.0,0.07,11.025,6.0,0,19.22045955467835,55.0,0.043333333333333335,0.0,0.0,0.0,0.0,36.07213274668457,optimal
2021-02-09 00:00:00,2,2,2.0,0.0,9.0,0.11803333333333332,10.584,6.0,0,19.22045955467835,55.0,0.043333333333333335,7000.0,0.0,0.0,0.0,40.31106061393788,optimal
2021-02-09 00:30:00,2,2,2.0,0.0,0.0,0.053,11.2455,6.0,0,19.402126514794706,55.0,0.04933333333333333,6373.0,0.0,627.0,0.0,40.270749553323945,optimal
2021-02-09 01:00:00,2,2,2.0,0.0,0.0,0.11359999999999999,12.1275,6.0,0,19.550746867061104,55.0,0.04933333333333333,7000.0,0.0,0.0,0.0,40.23047880377062,optimal
2021-02-09 01:30:00,2,2,2.0,0.0,0.0,0.21680000000000002,11.823,6.0,0,19.72874784340489,55.0,0.04933333333333333,7000.0,0.0,0.0,0.0,40.19024832496685,optimal
2021-02-09 02:00:00,2,2,2.0,0.0,0.0,0.06186666666666667,11.7705,6.0,0,19.909241584380446,55.0,0.04933333333333333,7000.0,0.0,0.0,0.0,40.15005807664188,optimal
2021-02-09 02:30:00,2,2,2.0,0.0,0.0,0.0952,11.13,6.0,0,20.080910452246112,55.0,0.04933333333333333,7000.0,0.0,0.0,0.0,40.10990801856524,optimal
2021-02-09 03:00:00,2,2,2.0,0.0,0.0,0.24406666666666663,11.6865,6.0,0,20.253152327583322,55.0,0.04933333333333333,7000.0,0.0,0.0,0.0,40.06979811054668,optimal
2021-02-09 03:30:00,2,2,2.0,0.0,8.982042911942681,0.053,10.7205,6.0,0,20.431020372826616,55.0,0.04933333333333333,7000.0,0.0,0.0,0.0,44.29619869560891,optimal
2021-02-09 04:00:00,2,2,2.0,0.0,0.0,0.2187666666666667,11.424,6.0,0,20.599957583084073,55.0,0.04933333333333333,7000.0,0.0,0.0,0.0,44.25190249691329,optimal
2021-02-09 04:30:00,2,2,2.0,0.0,9.0,0.1205,10.689,6.0,0,20.77564896118164,55.0,0.04933333333333333,7000.0,0.0,0.0,0.0,48.48265059441637,optimal
2021-02-09 05:00:00,2,2,2.0,0.0,0.0,0.12893333333333334,11.361,6.0,0,20.945030958630923,55.0,0.04933333333333333,7000.0,0.0,0.0,0.0,48.434167943821954,optimal
2021-02-09 05:30:00,2,2,2.0,0.0,0.0,0.08073333333333334,11.571,6.0,0,21.112601324731912,55.0,0.04933333333333333,7000.0,0.0,0.0,0.0,48.38573377587813,optimal
2021-02-09 06:00:00,2,2,0.0,0.0,0.0,0.147,14.3745,6.0,0,21.27662250077251,55.0,0.04933333333333333,0.0,0.0,0.0,0.0,48.33734804210225,optimal
2021-02-09 06:30:00,2,2,2.0,0.0,0.0,0.13836666666666667,13.23,6.0,0,21.135933087961398,55.0,0.04933333333333333,7000.0,0.0,0.0,0.0,48.289010694060146,optimal
2021-02-09 07:00:00,2,2,0.0,0.0,0.0,0.1191,13.9755,6.0,0,21.301943016726025,55.0,0.04733333333333333,0.0,0.0,0.0,0.0,48.240721683366075,optimal
2021-02-09 07:30:00,2,2,0.0,0.0,0.0,0.5258333333333334,14.994,6.0,0,21.168056754687754,55.0,0.028,0.0,0.0,0.0,0.0,48.192480961682705,optimal
2021-02-09 08:00:00,2,2,0.0,0.0,0.0,0.4134666666666666,13.671,6.0,0,21.05743794132589,55.0,0.024,0.0,0.0,0.0,0.0,48.144288480721016,optimal
2021-02-09 08:30:00,2,2,0.0,0.0,0.0,0.09686666666666666,15.981,6.0,0,20.943013727221057,55.0,0.021333333333333333,0.0,0.0,0.0,0.0,48.096144192240295,optimal
2021-02-09 09:00:00,2,2,0.0,0.0,0.0,0.1739,15.6345,6.0,0,20.82464963455497,55.0,0.018666666666666668,0.0,0.0,0.0,0.0,48.048048048048045,optimal
2021-02-09 09:30:00,2,2,0.0,0.0,0.0,0.18336666666666668,16.5375,6.0,0,20.709411731518188,55.0,0.014,0.0,0.0,0.0,0.0,48.0,optimal
2021-02-09 10:00:00,2,2,0.0,0.0,0.0,0.063,14.7735,6.0,0,20.6007787239365,55.0,0.014,0.0,0.0,0.0,0.0,47.893096968914854,optimal
2021-02-09 10:30:00,2,2,0.0,0.0,0.0,0.1776,15.2145,6.0,0,20.458350342856487,55.0,0.014,0.0,0.0,0.0,0.0,47.7863008408608,optimal
2021-02-09 11:00:00,2,2,0.0,0.0,0.0,0.093,14.553,6.0,0,20.323796515826043,55.0,0.014,0.0,0.0,0.0,0.0,47.67961150893479,optimal
2021-02-09 11:30:00,2,2,0.3159991247529051,0.0,0.0,0.5231333333333333,14.3325,6.0,0,20.18834015021421,55.0,0.014,1105.996936635168,0.0,0.0,0.0,47.573028866340714,optimal
2021-02-09 12:00:00,2,2,0.0,0.0,0.0,1.28,14.595,6.0,0,20.144151606525856,55.0,0.01,0.0,0.0,0.0,0.0,47.46655280638923,optimal
2021-02-09 12:30:00,2,2,0.0,0.0,0.0,1.5255999999999998,14.994,6.0,0,20.05112084928876,55.0,0.01,0.0,0.0,0.0,0.0,47.360183222497696,optimal
2021-02-09 13:00:00,2,2,0.5950440395216556,0.0,0.0,0.6592666666666667,14.3325,6.0,0,20.0,55.0,0.01,2082.6541383257945,0.0,0.0,0.0,47.25392000819006,optimal
2021-02-09 13:30:00,2,2,1.4366454859398283,0.0,0.0,0.4756,13.8915,6.0,0,20.0,55.0,0.008666666666666666,5028.259200789399,0.0,0.0,0.0,47.147763057096725,optimal
2021-02-09 14:00:00,2,2,2.0,0.0,0.0,1.7584333333333333,13.8915,6.0,0,20.114875035514864,55.0,0.008666666666666666,7000.0,0.0,0.0,0.0,47.04171226295448,optimal
2021-02-09 14:30:00,2,2,2.0,0.0,0.0,0.5811666666666666,13.4715,6.0,0,20.339318679870637,55.0,0.008666666666666666,7000.0,0.0,0.0,0.0,46.93576751960639,optimal
2021-02-09 15:00:00,2,2,2.0,0.0,0.0,1.8012000000000001,13.23,6.0,0,20.546327721283248,55.0,0.006666666666666667,7000.0,0.0,0.0,0.0,46.829928721001636,optimal
2021-02-09 15:30:00,2,2,2.0,0.0,0.0,0.5623333333333334,13.8915,6.0,0,20.775757380037426,55.0,0.005333333333333333,7000.0,0.0,0.0,0.0,46.72419576119549,optimal
2021-02-09 16:00:00,2,2,0.0,0.0,0.0,0.5149,26.9325,6.0,0,20.991258837970047,55.0,0.0026666666666666666,0.0,0.0,0.0,0.0,46.61856853434915,optimal
2021-02-09 16:30:00,2,2,0.0,0.0,0.0,0.5161,30.303,6.0,0,20.89693114648688,55.0,0.0006666666666666665,0.0,0.0,0.0,0.0,46.51304693472966,optimal
2021-02-09 17:00:00,2,2,0.0,0.0,0.0,0.1502,32.886,6.0,0,20.79963805194914,55.0,0.0,0.0,0.0,0.0,0.0,46.40763085670979,optimal
2021-02-09 17:30:00,2,2,0.0,0.0,0.0,0.081,34.9965,6.0,0,20.68848249688976,55.0,0.0,0.0,0.0,0.0,0.0,46.30232019476793,optimal
2021-02-09 18:00:00,2,2,0.0,0.0,0.0,0.1556,33.327,6.0,0,20.546203289020923,55.0,0.0,0.0,0.0,0.0,0.0,46.197114843488016,optimal
2021-02-09 18:30:00,2,2,0.0,0.0,0.0,0.1318,31.122,6.0,0,20.407497528530907,55.0,0.0,0.0,0.0,0.0,0.0,46.092014697559385,optimal
2021-02-09 19:00:00,2,2,0.0,0.0,0.0,0.17086666666666667,17.9025,6.0,0,20.269124303785834,55.0,0.0,0.0,0.0,0.0,0.0,45.987019651776684,optimal
2021-02-09 19:30:00,2,2,0.0,0.0,0.0,0.18166666666666662,15.6555,6.0,0,20.133833107246616,55.0,0.0,0.0,0.0,0.0,0.0,45.882129601039765,optimal
2021-02-09 20:00:00,2,2,0.8924220803410656,0.0,0.0,0.0933,14.553,6.0,0,20.0,55.0,0.0,3123.47728119373,0.0,0.0,0.0,45.77734444035358,optimal
2021-02-09 20:30:00,2,2,0.0,0.0,0.0,0.1773,14.3325,6.0,0,20.0,55.0,0.0,0.0,0.0,0.0,0.0,45.67266406482808,optimal
2021-02-09 21:00:00,2,2,0.0,0.0,0.0,0.063,13.335,6.0,0,19.866222155135706,55.0,0.0,0.0,0.0,0.0,0.0,45.56808836967811,optimal
2021-02-09 21:30:00,2,2,0.0,0.0,0.0,0.12359999999999999,12.1275,6.0,0,19.72768696790929,55.0,0.0,0.0,0.0,0.0,0.0,45.46361725022329,optimal
2021-02-09 22:00:00,2,2,0.0,0.0,0.0,0.2135,12.2955,6.0,0,19.591356823294035,55.0,0.0,0.0,0.0,0.0,0.0,45.35925060188792,optimal
2021-02-09 22:30:00,2,2,0.0,0.0,0.0,0.14576666666666668,11.6865,6.0,0,19.45849823487468,55.0,0.0,0.0,0.0,0.0,0.0,45.25498832020089,optimal
2021-02-09 23:00:00,2,2,0.0,0.0,0.0,0.1835,11.466,6.0,0,19.324006467023747,55.0,0.0,0.0,0.0,0.0,0.0,45.15083030079554,optimal
2021-02-09 23:30:00,2,2,0.0,0.0,0.0,0.3714333333333333,10.8045,6.0,0,19.192510093452423,55.0,0.0,0.0,0.0,0.0,0.0,45.10567947049474,optimal
2021-02-10 00:00:00,2,2,2.0,0.0,0.0,0.1754,10.8045,6.0,0,19.192510093452423,55.0,0.0,7000.0,0.0,0.0,0.0,45.06057379102425,optimal
2021-02-10 00:30:00,2,2,2.0,0.0,0.0,0.0872,11.508,6.0,0,19.373636055770096,55.0,0.06698564593301436,0.0,0.0,7000.0,0.0,45.01551321723322,optimal
2021-02-10 01:00:00,2,2,2.0,0.0,0.0,0.22719999999999999,11.508,6.0,0,19.242436953179908,55.0,0.11066666666666665,2435.3333333333358,0.0,4564.666666666664,0.0,44.97049770401599,optimal
2021-02-10 01:30:00,2,2,2.0,0.0,0.0,0.125,11.508,6.0,0,19.22419726037321,55.0,0.11066666666666665,7000.0,0.0,0.0,0.0,44.925527206311976,optimal
2021-02-10 02:00:00,2,2,2.0,0.0,0.0,0.1575,11.844,6.0,0,19.400701329128175,55.0,0.11066666666666665,7000.0,0.0,0.0,0.0,44.880601679105666,optimal
2021-02-10 02:30:00,2,2,2.0,0.0,0.0,0.19469999999999998,11.508,6.0,0,19.576614255281502,55.0,0.11066666666666665,7000.0,0.0,0.0,0.0,44.83572107742656,optimal
2021-02-10 03:00:00,2,2,2.0,0.0,0.0,0.062,11.508,6.0,0,19.752874385717657,55.0,0.11066666666666665,7000.0,0.0,0.0,0.0,44.790885356349136,optimal
2021-02-10 03:30:00,2,2,2.0,0.0,8.070878035236897,0.2646,10.4475,6.0,0,19.92204201921834,55.0,0.11066666666666665,7000.0,0.0,0.0,0.0,48.579761537730306,optimal
2021-02-10 04:00:00,2,2,2.0,0.0,0.0,0.0876,10.8675,6.0,0,20.098846173588807,55.0,0.11066666666666665,7000.0,0.0,0.0,0.0,48.53118177619257,optimal
2021-02-10 04:30:00,2,2,2.0,0.0,0.0,0.188,10.542,6.0,0,20.266614688517265,55.0,0.11066666666666665,7000.0,0.0,0.0,0.0,48.48265059441637,optimal
2021-02-10 05:00:00,2,2,2.0,0.0,0.0,0.16419999999999998,11.025,6.0,0,20.436827924860307,55.0,0.11066666666666665,7000.0,0.0,0.0,0.0,48.434167943821954,optimal
2021-02-10 05:30:00,2,2,2.0,0.0,0.0,0.0998,11.025,6.0,0,20.604031368793205,55.0,0.11066666666666665,7000.0,0.0,0.0,0.0,48.38573377587813,optimal
2021-02-10 06:00:00,2,2,2.0,0.0,0.0,0.1628,14.553,6.0,0,20.766469723562057,55.0,0.11066666666666665,7000.0,0.0,0.0,0.0,48.33734804210225,optimal
2021-02-10 06:30:00,2,2,2.0,0.0,0.0,0.15159999999999998,13.0935,6.0,0,20.929754478569933,55.0,0.11066666666666665,7000.0,0.0,0.0,0.0,48.289010694060146,optimal
2021-02-10 07:00:00,2,2,2.0,0.0,0.0,0.062,15.6345,6.0,0,21.09281636557859,55.0,0.11066666666666665,7000.0,0.0,0.0,0.0,48.240721683366075,optimal
2021-02-10 07:30:00,2,2,0.0,0.0,0.0,0.30019999999999997,18.102,6.0,0,21.252225140029246,55.0,0.11066666666666665,0.0,0.0,0.0,0.0,48.192480961682705,optimal
2021-02-10 08:00:00,2,2,0.0,0.0,0.0,0.072,17.199,6.0,0,21.113681206719686,55.0,0.11066666666666665,0.0,0.0,0.0,0.0,48.144288480721016,optimal
2021-02-10 08:30:00,2,2,0.0,0.0,0.0,0.1728,18.2805,6.0,0,20.96579295664564,55.0,0.11066666666666665,0.0,0.0,0.0,0.0,48.096144192240295,optimal
2021-02-10 09:00:00,2,2,0.0,0.0,0.0,0.2046,17.4615,6.0,0,20.82485079404283,55.0,0.10666666666666665,0.0,0.0,0.0,0.0,48.048048048048045,optimal
2021-02-10 09:30:00,2,2,0.0,0.0,0.0,0.24486666666666668,18.3225,6.0,0,20.696202904268794,55.0,0.10199999999999998,0.0,0.0,0.0,0.0,48.0,optimal
2021-02-10 10:00:00,2,2,0.0,0.0,0.0,0.28326666666666667,17.094,6.0,0,20.571246611949476,55.0,0.10199999999999998,0.0,0.0,0.0,0.0,47.36565775061977,optimal
2021-02-10 10:30:00,2,2,0.0,0.0,0.0,0.3252,17.094,6.0,0,20.445053534260936,55.0,0.10133333333333332,0.0,0.0,0.0,0.0,46.73194984348892,optimal
2021-02-10 11:00:00,2,2,0.0,0.0,0.0,0.4585,17.094,6.0,0,20.320305842013536,55.0,0.09866666666666665,0.0,0.0,0.0,0.0,46.0988756442652,optimal
2021-02-10 11:30:00,2,2,0.0,0.0,0.0,0.20126666666666668,17.3565,6.0,0,20.20220647355336,55.0,0.09866666666666665,0.0,0.0,0.0,0.0,45.46643451924071,optimal
2021-02-10 12:00:00,2,2,1.1498017424445954,0.0,0.0,0.1232,17.115,6.0,0,20.070145611794477,55.0,0.09866666666666665,4024.3060985560837,0.0,0.0,0.0,44.834625835341235,optimal
2021-02-10 12:30:00,2,2,2.0,0.0,0.0,0.072,17.241,6.0,0,20.110371932394493,55.0,0.09866666666666665,7000.0,0.0,0.0,0.0,44.20344896012566,optimal
2021-02-10 13:00:00,2,2,2.0,0.0,0.0,0.38339999999999996,17.094,6.0,0,20.278321561014714,55.0,0.09733333333333331,7000.0,0.0,0.0,0.0,43.57290326178531,optimal
2021-02-10 13:30:00,2,2,2.0,0.0,0.0,0.3628,16.5165,6.0,0,20.470439739701053,55.0,0.09733333333333331,7000.0,0.0,0.0,0.0,42.94298810914329,optimal
2021-02-10 14:00:00,2,2,0.0,0.0,0.0,0.213,17.8185,6.0,0,20.663849743860677,55.0,0.09733333333333331,0.0,0.0,0.0,0.0,42.313702871653916,optimal
2021-02-10 14:30:00,2,2,2.0,0.0,0.0,0.38553333333333334,17.094,6.0,0,20.536924214599374,55.0,0.09733333333333331,7000.0,0.0,0.0,0.0,41.68504691940203,optimal
2021-02-10 15:00:00,2,2,2.0,0.0,0.0,0.5324,16.8945,6.0,0,20.729144191133773,55.0,0.09733333333333331,7000.0,0.0,0.0,0.0,41.0570196231024,optimal
2021-02-10 15:30:00,2,2,0.0,0.0,0.0,0.27786666666666665,18.123,6.0,0,20.92691841944834,55.0,0.09733333333333331,0.0,0.0,0.0,0.0,40.429620354099065,optimal
2021-02-10 16:00:00,2,2,0.0,0.0,0.0,0.2044,31.647,6.0,0,20.80294711364321,55.0,0.09733333333333331,0.0,0.0,0.0,0.0,39.80284848436474,optimal
2021-02-10 16:30:00,2,2,0.0,0.0,0.0,0.20726666666666668,34.9965,6.0,0,20.665231571450526,55.0,0.08733333333333332,0.0,0.0,0.0,0.0,39.176703386500144,optimal
2021-02-10 17:00:00,2,2,0.0,0.0,0.0,0.3166666666666667,34.9965,6.0,0,20.531477728292646,55.0,0.08399999999999998,0.0,0.0,0.0,0.0,38.55118443373341,optimal
2021-02-10 17:30:00,2,2,0.0,0.0,0.0,0.23536666666666667,34.9965,6.0,0,20.404577899890757,55.0,0.038119999999999994,0.0,0.0,0.0,0.0,38.512633249299675,optimal
2021-02-10 18:00:00,2,2,0.0,0.0,0.0,0.1556,34.9965,6.0,0,20.28510061279105,55.0,0.006,0.0,0.0,0.0,0.0,38.47412061605038,optimal
2021-02-10 18:30:00,2,2,0.0,0.0,0.0,1.0304,34.9965,6.0,0,20.168872690102926,55.0,0.0026666666666666666,0.0,0.0,0.0,0.0,38.43564649543433,optimal
2021-02-10 19:00:00,2,2,0.0,0.0,0.0,0.7111333333333333,27.741,6.0,0,20.094840672933792,55.0,0.0026666666666666666,0.0,0.0,0.0,0.0,38.39721084893889,optimal
2021-02-10 19:30:00,2,2,0.7209873233412376,0.0,0.0,0.4695666666666667,19.026,6.0,0,20.0,55.0,0.002,2523.4556316943317,0.0,0.0,0.0,38.35881363808995,optimal
2021-02-10 20:00:00,2,2,0.7681477298932877,0.0,0.0,0.22003333333333333,18.7215,6.0,0,20.0,55.0,0.002,2688.517054626507,0.0,0.0,0.0,38.32045482445186,optimal
2021-02-10 20:30:00,2,2,0.0,0.0,0.0,0.42773333333333335,17.4195,6.0,0,20.0,55.0,0.002,0.0,0.0,0.0,0.0,38.28213436962741,optimal
2021-02-10 21:00:00,2,2,0.0,0.0,0.0,0.5962999999999999,16.758,6.0,0,19.891207341790146,55.0,0.0,0.0,0.0,0.0,0.0,38.243852235257776,optimal
2021-02-10 21:30:00,2,2,0.0398095238095238,0.0,0.0,0.38503333333333334,14.217,6.0,0,19.785295666424098,55.0,0.0,0.0,0.0,139.33333333333331,0.0,38.20560838302252,optimal
2021-02-10 22:00:00,2,2,0.0,0.0,0.0,0.2533333333333333,13.3665,6.0,0,19.65613302431408,55.0,0.0,0.0,0.0,0.0,0.0,38.1674027746395,optimal
2021-02-10 22:30:00,2,2,0.0,0.0,0.0,0.17909999999999998,12.789,6.0,0,19.50566742965782,55.0,0.0,0.0,0.0,0.0,0.0,38.12923537186486,optimal
2021-02-10 23:00:00,2,2,0.0,0.0,0.0,0.1035,11.907,6.0,0,19.34832378097618,55.0,0.0,0.0,0.0,0.0,0.0,38.091106136492996,optimal
2021-02-10 23:30:00,2,2,0.0,0.0,0.0,0.11243333333333334,11.7075,6.0,0,19.186996010815037,55.0,0.0,0.0,0.0,0.0,0.0,38.053015030356505,optimal
2021-02-11 00:00:00,2,2,2.0,0.0,0.0,0.061,11.025,6.0,0,19.186996010815037,55.0,0.0,7000.0,0.0,0.0,0.0,38.01496201532615,optimal
2021-02-11 00:30:00,2,2,2.0,0.0,0.0,0.061,12.0855,6.0,0,19.33327640906075,55.0,0.056666666666666664,1078.333333333333,0.0,5921.666666666667,0.0,37.97694705331082,optimal
2021-02-11 01:00:00,2,2,2.0,0.0,0.0,0.061,11.6865,6.0,0,19.22000575699972,55.0,0.056666666666666664,7000.0,0.0,0.0,0.0,37.938970106257514,optimal
2021-02-11 01:30:00,2,2,2.0,0.0,0.0,0.061,11.2245,6.0,0,19.367502352942203,55.0,0.056666666666666664,7000.0,0.0,0.0,0.0,37.90103113615125,optimal
2021-02-11 02:00:00,2,2,2.0,0.0,0.0,0.061,11.025,6.0,0,19.513924724394528,55.0,0.056666666666666664,7000.0,0.0,0.0,0.0,37.8631301050151,optimal
2021-02-11 02:30:00,2,2,2.0,0.0,5.099827563913843,0.061,10.7835,6.0,0,19.659280694983046,55.0,0.056666666666666664,7000.0,0.0,0.0,0.0,40.247685067769154,optimal
2021-02-11 03:00:00,2,2,2.0,0.0,0.0,0.061,11.025,6.0,0,19.802849726756268,55.0,0.056666666666666664,7000.0,0.0,0.0,0.0,40.207437382701386,optimal
2021-02-11 03:30:00,2,2,2.0,0.0,9.0,0.061,10.584,6.0,0,19.944644834071752,55.0,0.056666666666666664,7000.0,0.0,0.0,0.0,44.44222994531867,optimal
2021-02-11 04:00:00,2,2,2.0,0.0,0.0,0.061,11.025,6.0,0,20.087228002595932,55.0,0.056666666666666664,7000.0,0.0,0.0,0.0,44.397787715373354,optimal
2021-02-11 04:30:00,2,2,2.0,0.0,9.0,0.061,10.4265,6.0,0,20.23059349284279,55.0,0.056666666666666664,7000.0,0.0,0.0,0.0,48.62838992765797,optimal
2021-02-11 05:00:00,2,2,2.0,0.0,0.0,0.061,12.789,6.0,0,20.372914845632216,55.0,0.056666666666666664,7000.0,0.0,0.0,0.0,48.579761537730306,optimal
2021-02-11 05:30:00,2,2,2.0,0.0,0.0,0.061,12.684,6.0,0,20.514199665465323,55.0,0.056666666666666664,7000.0,0.0,0.0,0.0,48.53118177619257,optimal
2021-02-11 06:00:00,2,2,2.0,0.0,0.0,0.061,16.254,6.0,0,20.656276262954325,55.0,0.056666666666666664,7000.0,0.0,0.0,0.0,48.48265059441637,optimal
2021-02-11 06:30:00,2,2,2.0,0.0,0.0,0.061,17.64,6.0,0,20.799138871546145,55.0,0.056666666666666664,7000.0,0.0,0.0,0.0,48.434167943821954,optimal
2021-02-11 07:00:00,2,2,0.0,0.0,0.0,0.061,19.1625,6.0,0,20.942781766685783,55.0,0.056666666666666664,0.0,0.0,0.0,0.0,48.38573377587813,optimal
2021-02-11 07:30:00,2,2,0.0,0.0,0.0,0.061,26.46,6.0,0,20.78078250509359,55.0,0.056666666666666664,0.0,0.0,0.0,0.0,48.33734804210225,optimal
2021-02-11 08:00:00,2,2,0.0,0.0,0.0,0.059,20.79,6.0,0,20.620327243871326,55.0,0.04933333333333333,0.0,0.0,0.0,0.0,48.289010694060146,optimal
2021-02-11 08:30:00,2,2,0.0,0.0,0.0,0.09713333333333334,29.106,6.0,0,20.468408549791295,55.0,0.04733333333333333,0.0,0.0,0.0,0.0,48.240721683366075,optimal
2021-02-11 09:00:00,2,2,0.0,0.0,0.0,0.071,19.1835,6.0,0,20.318866156958542,55.0,0.025333333333333333,0.0,0.0,0.0,0.0,48.192480961682705,optimal
2021-02-11 09:30:00,2,2,0.0,0.0,0.0,0.081,19.6665,6.0,0,20.17115601659227,55.0,0.024,0.0,0.0,0.0,0.0,48.144288480721016,optimal
2021-02-11 10:00:00,2,2,0.4961345325378241,0.0,0.0,0.077,19.404,6.0,0,20.042245329218126,55.0,0.02266666666666667,1736.4708638823843,0.0,0.0,0.0,48.096144192240295,optimal
2021-02-11 10:30:00,2,2,0.7387709210707225,0.0,0.0,1.707,19.047,6.0,0,20.0,55.0,0.021333333333333333,2585.6982237475286,0.0,0.0,0.0,48.048048048048045,optimal
2021-02-11 11:00:00,2,2,1.5911108955078999,0.0,0.0,0.9696666666666667,18.858,6.0,0,20.0,55.0,0.018,5568.888134277649,0.0,0.0,0.0,48.0,optimal
2021-02-11 11:30:00,2,2,0.0,0.0,0.0,1.1498,19.2675,6.0,0,20.122980042100703,55.0,0.018,0.0,0.0,0.0,0.0,47.358508531630626,optimal
2021-02-11 12:00:00,2,2,0.8237934134827835,0.0,0.0,0.069,18.963,6.0,0,20.0,55.0,0.017333333333333333,2883.276947189742,0.0,0.0,0.0,46.717658554729624,optimal
2021-02-11 12:30:00,2,2,2.0,0.0,0.0,0.5676,18.438,6.0,0,20.0,55.0,0.014666666666666666,7000.0,0.0,0.0,0.0,46.077449427805526,optimal
2021-02-11 13:00:00,2,2,0.34181373576725577,0.0,0.0,0.069,18.7425,6.0,0,20.204444301289534,55.0,0.013333333333333334,1196.3480751853951,0.0,0.0,0.0,45.43788051000835,optimal
2021-02-11 13:30:00,2,2,2.0,0.0,0.0,0.2533333333333333,15.2145,6.0,0,20.1366159709159,55.0,0.011333333333333334,7000.0,0.0,0.0,0.0,44.79895116112897,optimal
2021-02-11 14:00:00,2,2,2.0,0.0,0.0,1.8162,17.7765,6.0,0,20.325199594917766,55.0,0.011333333333333334,7000.0,0.0,0.0,0.0,44.16066074159847,optimal
2021-02-11 14:30:00,2,2,2.0,0.0,0.0,1.3852,16.758,6.0,0,20.52724081910495,55.0,0.011333333333333334,7000.0,0.0,0.0,0.0,43.5230086124875,optimal
2021-02-11 15:00:00,2,2,2.0,0.0,0.0,0.071,16.422,6.0,0,20.719216628554143,55.0,0.011333333333333334,7000.0,0.0,0.0,0.0,42.88599413550564,optimal
2021-02-11 15:30:00,2,2,2.0,0.0,0.0,0.071,16.758,6.0,0,20.88849716371284,55.0,0.011333333333333334,7000.0,0.0,0.0,0.0,42.249616673000766,optimal
2021-02-11 16:00:00,2,2,0.0,0.0,0.0,0.071,29.358,6.0,0,21.048169318073295,55.0,0.011333333333333334,0.0,0.0,0.0,0.0,41.61387558795839,optimal
2021-02-11 16:30:00,2,2,0.0,0.0,0.0,0.6157,34.9965,6.0,0,20.891886305645677,55.0,0.011333333333333334,0.0,0.0,0.0,0.0,40.97877024400106,optimal
2021-02-11 17:00:00,2,2,0.0,0.0,0.0,0.0988,34.65,6.0,0,20.747938804347005,55.0,0.004666666666666667,0.0,0.0,0.0,0.0,40.34430000538769,optimal
2021-02-11 17:30:00,2,2,0.0,0.0,0.0,1.9093333333333333,34.9965,6.0,0,20.597562472847674,55.0,0.0033333333333333335,0.0,0.0,0.0,0.0,39.71046423701293,optimal
2021-02-11 18:00:00,2,2,0.0,0.0,0.0,0.12140000000000001,34.9965,6.0,0,20.45676307635678,55.0,0.0,0.0,0.0,0.0,0.0,39.077262304406545,optimal
2021-02-11 18:30:00,2,2,0.0,0.0,0.0,1.7980666666666667,30.4815,6.0,0,20.307122336469845,55.0,0.0,0.0,0.0,0.0,0.0,38.44469357373276,optimal
2021-02-11 19:00:00,2,2,0.0,0.0,0.0,0.9216,21.4305,6.0,0,20.15788292560405,55.0,0.0,0.0,0.0,0.0,0.0,37.81275741178966,optimal
2021-02-11 19:30:00,2,2,1.0892524045077003,0.0,0.0,2.4206666666666665,14.3325,6.0,0,20.0,55.0,0.0,3394.383415776951,0.0,418.0,0.0,37.77494465437787,optimal
2021-02-11 20:00:00,2,2,1.0022971340457263,0.0,0.0,3.1640333333333333,13.692,6.0,0,20.0,55.0,0.002,3299.039969160042,0.0,209.0,0.0,37.73716970972349,optimal
2021-02-11 20:30:00,2,2,0.0,0.0,0.0,2.486,14.007,6.0,0,20.0,55.0,0.0,0.0,0.0,0.0,0.0,37.69943254001377,optimal
2021-02-11 21:00:00,2,2,0.0199047619047619,0.0,0.0,0.9508333333333334,12.873,6.0,0,19.849611438998537,55.0,0.0,0.0,0.0,69.66666666666666,0.0,37.66173310747375,optimal
2021-02-11 21:30:00,2,2,0.0199047619047619,0.0,0.0,2.570733333333333,12.684,6.0,0,19.708458544921484,55.0,0.0,0.0,0.0,69.66666666666666,0.0,37.624071374366274,optimal
2021-02-11 22:00:00,2,2,0.11942857142857143,0.0,0.0,1.4078666666666666,12.306,6.0,0,19.561811928370467,55.0,0.0,0.0,0.0,418.0,0.0,37.58644730299191,optimal
2021-02-11 22:30:00,2,2,0.0,0.0,0.0,0.071,10.6365,6.0,0,19.40834439797644,55.0,0.0,0.0,0.0,0.0,0.0,37.548860855688915,optimal
2021-02-11 23:00:00,2,2,0.0,0.0,0.0,0.071,11.2455,6.0,0,19.22984493956971,55.0,0.0,0.0,0.0,0.0,0.0,37.51131199483323,optimal
2021-02-11 23:30:00,2,2,0.0,0.0,0.0,0.06966666666666667,11.2455,6.0,0,19.04827567333791,55.0,0.0,0.0,0.0,0.0,0.0,37.473800682838394,optimal
2021-02-12 00:00:00,2,2,2.0,0.0,0.0,0.054,10.3635,6.0,0,19.04827567333791,55.0,0.0,7000.0,0.0,0.0,0.0,37.436326882155555,optimal
2021-02-12 00:30:00,2,2,2.0,0.0,0.0,0.054,10.8045,6.0,0,19.171971723812206,55.0,0.043333333333333335,2471.666666666667,0.0,4528.333333333333,0.0,37.3988905552734,optimal
2021-02-12 01:00:00,2,2,2.0,0.0,0.0,0.054,11.025,6.0,0,19.096544428822252,55.0,0.043333333333333335,7000.0,0.0,0.0,0.0,37.36149166471812,optimal
2021-02-12 01:30:00,2,2,2.0,0.0,0.0,0.054,10.3635,6.0,0,19.219888935730953,55.0,0.043333333333333335,7000.0,0.0,0.0,0.0,37.324130173053405,optimal
2021-02-12 02:00:00,2,2,2.0,0.0,0.0,0.06266666666666666,10.8045,6.0,0,19.34306342352245,55.0,0.043333333333333335,7000.0,0.0,0.0,0.0,37.28680604288035,optimal
2021-02-12 02:30:00,2,2,2.0,0.0,5.5945803785424255,0.054,10.059,6.0,0,19.4660691304538,55.0,0.043333333333333335,7000.0,0.0,0.0,0.0,39.90694491664512,optimal
2021-02-12 03:00:00,2,2,2.0,0.0,0.0,0.054,10.584,6.0,0,19.590363894959786,55.0,0.043333333333333335,7000.0,0.0,0.0,0.0,39.86703797172847,optimal
2021-02-12 03:30:00,2,2,2.0,0.0,9.0,0.054,9.4185,6.0,0,19.715938328774826,55.0,0.043333333333333335,7000.0,0.0,0.0,0.0,44.10217093375673,optimal
2021-02-12 04:00:00,2,2,2.0,0.0,0.0,0.054,10.3635,6.0,0,19.845696330400546,55.0,0.043333333333333335,7000.0,0.0,0.0,0.0,44.05806876282297,optimal
2021-02-12 04:30:00,2,2,2.0,0.0,9.0,0.054,9.8385,6.0,0,19.979607430720225,55.0,0.043333333333333335,7000.0,0.0,0.0,0.0,48.289010694060146,optimal
2021-02-12 05:00:00,2,2,2.0,0.0,0.0,0.054,11.067,6.0,0,20.11764138252511,55.0,0.043333333333333335,7000.0,0.0,0.0,0.0,48.240721683366075,optimal
2021-02-12 05:30:00,2,2,2.0,0.0,0.0,0.05333333333333334,10.8465,6.0,0,20.25976815889827,55.0,0.04,7000.0,0.0,0.0,0.0,48.192480961682705,optimal
2021-02-12 06:00:00,2,2,1.0264286366330349,0.0,0.0,0.052,13.671,6.0,0,20.40921054666306,55.0,0.027333333333333334,3592.500228215622,0.0,0.0,0.0,48.144288480721016,optimal
2021-02-12 06:30:00,2,2,2.0,0.0,0.0,0.061666666666666654,12.348,6.0,0,20.432383229067845,55.0,0.020666666666666667,7000.0,0.0,0.0,0.0,48.096144192240295,optimal
2021-02-12 07:00:00,2,2,0.0,0.0,0.0,0.062,14.3325,6.0,0,20.60965212224963,55.0,0.020666666666666667,0.0,0.0,0.0,0.0,48.048048048048045,optimal
2021-02-12 07:30:00,2,2,0.0,0.0,0.0,1.2434,15.393,6.0,0,20.47535108721617,55.0,0.018,0.0,0.0,0.0,0.0,48.0,optimal
2021-02-12 08:00:00,2,2,2.0,0.0,0.0,0.062,13.587,6.0,0,20.34214251924802,55.0,0.015333333333333332,7000.0,0.0,0.0,0.0,47.84932053567848,optimal
2021-02-12 08:30:00,2,2,0.0,0.0,0.0,0.06333333333333334,16.1385,6.0,0,20.492074798126865,55.0,0.012973333333333333,0.0,0.0,0.0,0.0,47.698791750821286,optimal
2021-02-12 09:00:00,2,2,0.0,0.0,0.0,0.064,14.595,6.0,0,20.32304672081255,55.0,0.012973333333333333,0.0,0.0,0.0,0.0,47.54841349474895,optimal
2021-02-12 09:30:00,2,2,0.0,0.0,0.0,0.062,14.637,6.0,0,20.146993542842807,55.0,0.009333333333333334,0.0,0.0,0.0,0.0,47.39818561693268,optimal
2021-02-12 10:00:00,2,2,0.73823617649221,0.0,0.0,1.1772,13.9125,6.0,0,20.0,55.0,0.004973333333333333,2583.826617722735,0.0,0.0,0.0,47.248107966994226,optimal
2021-02-12 10:30:00,2,2,0.7864423831517741,0.0,0.0,0.5359666666666667,13.3665,6.0,0,20.0,55.0,0.002666666666666666,2752.548341031209,0.0,0.0,0.0,47.098180394705714,optimal
2021-02-12 11:00:00,2,2,1.5583870066224064,0.0,0.0,0.2773,13.0095,6.0,0,20.0,55.0,0.0,5454.354523178422,0.0,0.0,0.0,46.94840274998949,optimal
2021-02-12 11:30:00,2,2,0.0,0.0,0.0,0.3226,13.8915,6.0,0,20.118806148072235,55.0,0.0,0.0,0.0,0.0,0.0,46.79877488291798,optimal
2021-02-12 12:00:00,2,2,0.6515005839519978,0.0,0.0,0.3907,13.188,6.0,0,20.0,55.0,0.0,2280.252043831992,0.0,0.0,0.0,46.64929664371355,optimal
2021-02-12 12:30:00,2,2,0.6802685026415899,0.0,0.0,0.2017333333333333,12.5685,6.0,0,20.0,55.0,0.0,2311.273092578898,0.0,69.66666666666666,0.0,46.499967882748315,optimal
2021-02-12 13:00:00,2,2,0.7823011838073708,0.0,0.0,0.15096666666666667,12.285,6.0,0,20.0,55.0,0.0,2389.720809992464,0.0,348.3333333333333,0.0,46.35078845054405,optimal
2021-02-12 13:30:00,2,2,2.0,0.0,0.0,0.1034,11.487,6.0,0,20.0,55.0,0.018666666666666668,5049.333333333333,0.0,1950.6666666666667,0.0,46.20175819777199,optimal
2021-02-12 14:00:00,2,2,1.435327386609529,0.0,0.0,0.093,11.802,6.0,0,20.111597332328152,55.0,0.018,5023.645853133352,0.0,0.0,0.0,46.052876975252694,optimal
2021-02-12 14:30:00,2,2,2.0,0.0,0.0,1.3957666666666668,11.2245,6.0,0,20.220073903493546,55.0,0.017333333333333333,7000.0,0.0,0.0,0.0,45.90414463395592,optimal
2021-02-12 15:00:00,2,2,2.0,0.0,0.0,0.2936666666666667,11.025,6.0,0,20.417522579852157,55.0,0.016,7000.0,0.0,0.0,0.0,45.755561025000446,optimal
2021-02-12 15:30:00,2,2,2.0,0.0,0.0,0.2767333333333333,11.907,6.0,0,20.59462857171448,55.0,0.013333333333333334,7000.0,0.0,0.0,0.0,45.607125999653924,optimal
2021-02-12 16:00:00,2,2,0.0,0.0,0.0,0.2176,25.83,6.0,0,20.79822077998577,55.0,0.013333333333333334,0.0,0.0,0.0,0.0,45.458839409332754,optimal
2021-02-12 16:30:00,2,2,0.0,0.0,0.0,1.4554,28.035,6.0,0,20.68542993115254,55.0,0.012,0.0,0.0,0.0,0.0,45.3107011056019,optimal
2021-02-12 17:00:00,2,2,0.0,0.0,0.0,0.6527999999999999,28.119,6.0,0,20.586857067643404,55.0,0.012,0.0,0.0,0.0,0.0,45.16271094017478,optimal
2021-02-12 17:30:00,2,2,0.0,0.0,0.0,0.3516,30.156,6.0,0,20.476841434680637,55.0,0.011333333333333334,0.0,0.0,0.0,0.0,45.11754822923461,optimal
2021-02-12 18:00:00,2,2,0.0,0.0,0.0,0.3979,29.1585,6.0,0,20.371304727222565,55.0,0.01,0.0,0.0,0.0,0.0,45.07243068100537,optimal
2021-02-12 18:30:00,2,2,0.0,0.0,0.0,0.9784666666666668,26.712,6.0,0,20.268235746501993,55.0,0.008666666666666666,0.0,0.0,0.0,0.0,45.02735825032437,optimal
2021-02-12 19:00:00,2,2,0.0,0.0,0.0,2.6198,15.435,6.0,0,20.170265959383336,55.0,0.005333333333333332,0.0,0.0,0.0,0.0,44.982330892074046,optimal
2021-02-12 19:30:00,2,2,0.0,0.0,0.0,2.994766666666667,13.566,6.0,0,20.08206362234319,55.0,0.0033333333333333327,0.0,0.0,0.0,0.0,44.93734856118197,optimal
2021-02-12 20:00:00,2,2,0.6392580991736826,0.0,0.0,0.13453333333333334,12.789,6.0,0,20.0,55.0,0.0033333333333333327,2237.403347107889,0.0,0.0,0.0,44.892411212620786,optimal
2021-02-12 20:30:00,2,2,0.0,0.0,0.0,0.4036,12.1275,6.0,0,20.0,55.0,0.002666666666666666,0.0,0.0,0.0,0.0,44.847518801408164,optimal
2021-02-12 21:00:00,2,2,0.0,0.0,0.0,0.6267999999999999,13.671,6.0,0,19.91137580115563,55.0,0.0,0.0,0.0,0.0,0.0,44.80267128260675,optimal
2021-02-12 21:30:00,2,2,0.0796190476190476,0.0,0.0,0.7493333333333334,10.668,6.0,0,19.825345421094653,55.0,0.0,0.0,0.0,278.66666666666663,0.0,44.75786861132415,optimal
2021-02-12 22:00:00,2,2,0.0,0.0,0.0,0.064,11.7285,6.0,0,19.740698261825177,55.0,0.0,0.0,0.0,0.0,0.0,44.71311074271282,optimal
2021-02-12 22:30:00,2,2,0.0,0.0,0.0,0.064,11.025,6.0,0,19.60100270980182,55.0,0.0,0.0,0.0,0.0,0.0,44.66839763197011,optimal
2021-02-12 23:00:00,2,2,0.0,0.0,0.0,0.064,10.689,6.0,0,19.462324566907064,55.0,0.0,0.0,0.0,0.0,0.0,44.623729234338136,optimal
2021-02-12 23:30:00,2,2,0.0,0.0,0.0,0.063,8.1585,6.0,0,19.32465642330345,55.0,0.0,0.0,0.0,0.0,0.0,44.5791055051038,optimal
2021-02-13 00:00:00,2,2,2.0,0.0,0.0,0.052,9.3975,6.0,0,19.32465642330345,55.0,0.0,7000.0,0.0,0.0,0.0,44.5345263995987,optimal
2021-02-13 00:30:00,2,2,0.0,0.0,0.0,0.052,10.059,6.0,0,19.490577474031326,55.0,0.0,0.0,0.0,0.0,0.0,44.489991873199095,optimal
2021-02-13 01:00:00,2,2,2.0,0.0,0.0,0.052,9.261,6.0,0,19.349237505999845,55.0,0.06698564593301436,0.0,0.0,7000.0,0.0,44.445501881325896,optimal
2021-02-13 01:30:00,2,2,2.0,0.0,0.0,0.052,8.1585,6.0,0,19.209291075753374,55.0,0.1339712918660287,0.0,0.0,7000.0,0.0,44.40105637944457,optimal
2021-02-13 02:00:00,2,2,2.0,0.0,0.0,0.052,9.4815,6.0,0,19.07072803409215,55.0,0.2,100.0,0.0,6900.0,0.0,44.35665532306513,optimal
2021-02-13 02:30:00,2,2,2.0,0.0,0.0,0.052,8.379,6.0,0,18.937915688025164,55.0,0.2,7000.0,0.0,0.0,0.0,44.31229866774206,optimal
2021-02-13 03:00:00,2,2,2.0,0.0,0.0,0.052,9.5235,6.0,0,19.108109998506485,55.0,0.2,7000.0,0.0,0.0,0.0,44.26798636907432,optimal
2021-02-13 03:30:00,2,2,2.0,0.0,0.0,0.052,8.1375,6.0,0,19.277064775999015,55.0,0.2,7000.0,0.0,0.0,0.0,44.22371838270525,optimal
2021-02-13 04:00:00,2,2,2.0,0.0,0.0,0.051333333333333335,10.0905,6.0,0,19.4444248957795,55.0,0.2,3129.32,0.0,3870.68,0.0,44.17949466432255,optimal
2021-02-13 04:30:00,2,2,2.0,0.0,0.0,1.4436666666666667,7.539,6.0,0,19.446210056242172,55.0,0.18133333333333335,6203.013333333333,0.0,796.9866666666667,0.0,44.13531516965823,optimal
2021-02-13 05:00:00,2,2,2.0,0.0,0.0,0.8874,7.938,6.0,0,19.592928524160076,55.0,0.18,7000.0,0.0,0.0,0.0,44.091179854488566,optimal
2021-02-13 05:30:00,2,2,2.0,0.0,0.0,1.9316666666666666,8.274,6.0,0,19.77505583683277,55.0,0.178,7000.0,0.0,0.0,0.0,44.047088674634075,optimal
2021-02-13 06:00:00,2,2,2.0,0.0,0.0,1.1671666666666667,9.261,6.0,0,19.97016675426531,55.0,0.17430666666666667,7000.0,0.0,0.0,0.0,44.003041585959444,optimal
2021-02-13 06:30:00,2,2,2.0,0.0,0.0,0.0798,9.9225,6.0,0,20.15163350533177,55.0,0.14930666666666667,7000.0,0.0,0.0,0.0,43.959038544373485,optimal
2021-02-13 07:00:00,2,2,2.0,0.0,0.0,2.0217666666666667,9.702,6.0,0,20.326057287046055,55.0,0.12266666666666666,7000.0,0.0,0.0,0.0,43.91507950582911,optimal
2021-02-13 07:30:00,2,2,2.0,0.0,0.0,0.06,10.584,6.0,0,20.51030510775124,55.0,0.122,7000.0,0.0,0.0,0.0,43.87116442632328,optimal
2021-02-13 08:00:00,2,2,2.0,0.0,0.0,0.06,10.143,6.0,0,20.68680756237241,55.0,0.10333333333333333,7000.0,0.0,0.0,0.0,43.82729326189696,optimal
2021-02-13 08:30:00,2,2,0.0,0.0,0.0,0.0948,13.0095,6.0,0,20.859633661332246,55.0,0.10333333333333333,0.0,0.0,0.0,0.0,43.78346596863506,optimal
2021-02-13 09:00:00,2,2,1.4490346527389326,0.0,0.0,0.4024,11.025,6.0,0,20.729521456658336,55.0,0.102,5071.621284586265,0.0,0.0,0.0,43.739682502666426,optimal
2021-02-13 09:30:00,2,2,0.0,0.0,0.0,0.09866666666666668,12.789,6.0,0,20.84030483911181,55.0,0.098,0.0,0.0,0.0,0.0,43.69594282016376,optimal
2021-02-13 10:00:00,2,2,0.0,0.0,0.0,1.6250666666666667,12.1275,6.0,0,20.712045566009223,55.0,0.052,0.0,0.0,0.0,0.0,43.65224687734359,optimal
2021-02-13 10:30:00,2,2,0.0,0.0,0.0,3.762766666666667,12.1695,6.0,0,20.62670424278933,55.0,0.050666666666666665,0.0,0.0,0.0,0.0,43.60859463046625,optimal
2021-02-13 11:00:00,2,2,0.0,0.0,0.0,2.881466666666667,12.306,6.0,0,20.539702051315913,55.0,0.048666666666666664,0.0,0.0,0.0,0.0,43.56498603583579,optimal
2021-02-13 11:30:00,2,2,0.0,0.0,0.0,1.7048666666666665,13.23,6.0,0,20.468247201091053,55.0,0.048666666666666664,0.0,0.0,0.0,0.0,43.521421049799955,optimal
2021-02-13 12:00:00,2,2,0.0,0.0,0.0,2.5566,13.671,6.0,0,20.377779958656337,55.0,0.043333333333333335,0.0,0.0,0.0,0.0,43.47789962875015,optimal
2021-02-13 12:30:00,2,2,0.0,0.0,0.0,2.9786333333333332,13.9335,6.0,0,20.275023836158596,55.0,0.042666666666666665,0.0,0.0,0.0,0.0,43.434421729121404,optimal
2021-02-13 13:00:00,2,2,0.0,0.0,0.0,4.569100000000001,13.293,6.0,0,20.176142909494104,55.0,0.03933333333333333,0.0,0.0,0.0,0.0,43.39098730739228,optimal
2021-02-13 13:30:00,2,2,0.0,0.0,0.0,3.1830333333333334,12.1065,6.0,0,20.09009761901937,55.0,0.035333333333333335,0.0,0.0,0.0,0.0,43.34759632008489,optimal
2021-02-13 14:00:00,2,2,2.0,0.0,0.0,0.2431333333333333,11.571,6.0,0,20.005571602698232,55.0,0.032,7000.0,0.0,0.0,0.0,43.30424872376481,optimal
2021-02-13 14:30:00,2,2,2.0,0.0,0.0,1.537766666666667,11.025,6.0,0,20.188840608473928,55.0,0.032,7000.0,0.0,0.0,0.0,43.26094447504104,optimal
2021-02-13 15:00:00,2,2,2.0,0.0,0.0,0.4782,10.8465,6.0,0,20.3833924243815,55.0,0.030666666666666665,7000.0,0.0,0.0,0.0,43.217683530566,optimal
2021-02-13 15:30:00,2,2,2.0,0.0,0.0,1.8875,11.2455,6.0,0,20.564694859516454,55.0,0.028666666666666667,7000.0,0.0,0.0,0.0,43.174465847035435,optimal
2021-02-13 16:00:00,2,2,0.0,0.0,0.0,1.6537666666666668,23.8665,6.0,0,20.785741905337197,55.0,0.027333333333333334,0.0,0.0,0.0,0.0,43.1312913811884,optimal
2021-02-13 16:30:00,2,2,0.0,0.0,0.0,1.3067,27.4575,6.0,0,20.663208408981692,55.0,0.021333333333333333,0.0,0.0,0.0,0.0,43.08816008980721,optimal
2021-02-13 17:00:00,2,2,0.0,0.0,0.0,1.7371666666666667,27.3735,6.0,0,20.546958513744674,55.0,0.021333333333333333,0.0,0.0,0.0,0.0,43.0450719297174,optimal
2021-02-13 17:30:00,2,2,0.0,0.0,0.0,2.991966666666667,30.4605,6.0,0,20.436118106251282,55.0,0.021333333333333333,0.0,0.0,0.0,0.0,43.00202685778768,optimal
2021-02-13 18:00:00,2,2,0.0,0.0,0.0,0.1984333333333333,30.0195,6.0,0,20.344757937824504,55.0,0.021333333333333333,0.0,0.0,0.0,0.0,42.9590248309299,optimal
2021-02-13 18:30:00,2,2,0.0,0.0,0.0,0.17033333333333334,26.9325,6.0,0,20.231791556932983,55.0,0.02,0.0,0.0,0.0,0.0,42.91606580609897,optimal
2021-02-13 19:00:00,2,2,0.0,0.0,0.0,0.31939999999999996,14.595,6.0,0,20.112441914566823,55.0,0.004666666666666667,0.0,0.0,0.0,0.0,42.873149740292874,optimal
2021-02-13 19:30:00,2,2,0.7091806032195194,0.0,0.0,1.6570333333333334,12.4845,6.0,0,20.0,55.0,0.004666666666666667,2482.132111268318,0.0,0.0,0.0,42.83027659055258,optimal
2021-02-13 20:00:00,2,2,0.7480771467927191,0.0,0.0,0.5092666666666666,12.1275,6.0,0,20.0,55.0,0.004666666666666667,2618.270013774517,0.0,0.0,0.0,42.78744631396203,optimal
2021-02-13 20:30:00,2,2,0.0,0.0,0.0,1.6315333333333333,12.1275,6.0,0,20.0,55.0,0.002666666666666666,0.0,0.0,0.0,0.0,42.74465886764807,optimal
2021-02-13 21:00:00,2,2,0.0,0.0,0.0,3.131866666666667,12.789,6.0,0,19.906694490809933,55.0,0.002666666666666666,0.0,0.0,0.0,0.0,42.70191420878042,optimal
2021-02-13 21:30:00,2,2,0.0,0.0,0.0,2.537333333333333,11.907,6.0,0,19.819759418738155,55.0,0.0,0.0,0.0,0.0,0.0,42.659212294571645,optimal
2021-02-13 22:00:00,2,2,0.0,0.0,0.0,2.095733333333333,11.025,6.0,0,19.707099866795648,55.0,0.0,0.0,0.0,0.0,0.0,42.61655308227707,optimal
2021-02-13 22:30:00,2,2,0.13933333333333334,0.0,0.0,2.610266666666667,8.2005,6.0,0,19.605782049708473,55.0,0.004,0.0,0.0,487.6666666666667,0.0,42.573936529194796,optimal
2021-02-13 23:00:00,2,2,0.0,0.0,0.0,1.7550333333333332,9.5655,6.0,0,19.51689582808805,55.0,0.0,0.0,0.0,0.0,0.0,42.5313625926656,optimal
2021-02-13 23:30:00,2,2,0.0,0.0,0.0,2.561,7.056,6.0,0,19.415304156056518,55.0,0.0,0.0,0.0,0.0,0.0,42.48883123007293,optimal
2021-02-07 00:00:00,3,2,0.0,0.0,0.0,0.057,9.261,6.0,0,21.0,55.0,0.12,0.0,0.0,0.0,0.0,47.952,optimal
2021-02-07 00:30:00,3,2,0.0,0.0,0.0,0.19233333333333327,10.3635,6.0,0,20.87525011751261,55.0,0.12,0.0,0.0,0.0,0.0,47.904047999999996,optimal
2021-02-07 01:00:00,3,2,0.0,0.0,0.0,0.09593333333333334,8.274,6.0,0,20.756604546925438,55.0,0.12,0.0,0.0,0.0,0.0,47.856143952,optimal
2021-02-07 01:30:00,3,2,0.0,0.0,0.0,0.07646666666666667,7.7175,6.0,0,20.63387497635701,55.0,0.12,0.0,0.0,0.0,0.0,47.80828780804799,optimal
2021-02-07 02:00:00,3,2,0.0,0.0,0.0,0.21180000000000002,6.615,6.0,0,20.5108229681757,55.0,0.12,0.0,0.0,0.0,0.0,47.76047952023995,optimal
2021-02-07 02:30:00,3,2,0.0,0.0,0.0,0.057,6.174,6.0,0,20.394227058496973,55.0,0.12,0.0,0.0,0.0,0.0,47.712719040719705,optimal
2021-02-07 03:00:00,3,2,2.0,0.0,0.0,0.057,3.906,6.0,0,20.270975829804016,55.0,0.12,7000.0,0.0,0.0,0.0,47.66500632167899,optimal
2021-02-07 03:30:00,3,2,2.0,0.0,0.0,0.17773333333333333,2.3415,6.0,0,20.454310701295565,55.0,0.12,7000.0,0.0,0.0,0.0,47.61734131535731,optimal
2021-02-07 04:00:00,3,2,2.0,0.0,0.0,0.11053333333333332,2.205,6.0,0,20.64123114374275,55.0,0.12,7000.0,0.0,0.0,0.0,47.56972397404195,optimal
2021-02-07 04:30:00,3,2,2.0,0.0,1.61443461893103,0.057,0.882,6.0,0,20.82348448281396,55.0,0.12,7000.0,0.0,0.0,0.0,48.289010694060146,optimal
2021-02-07 05:00:00,3,2,2.0,0.0,0.0,0.1242,1.5435,6.0,0,21.002067103783208,55.0,0.12,7000.0,0.0,0.0,0.0,48.240721683366075,optimal
2021-02-07 05:30:00,3,2,2.0,0.0,0.0,0.06186666666666667,1.5435,6.0,0,21.18229070021269,55.0,0.12,7000.0,0.0,0.0,0.0,48.192480961682705,optimal
2021-02-07 06:00:00,3,2,2.0,0.0,0.0,0.22266666666666662,5.0715,6.0,0,21.35847315160753,55.0,0.12,7000.0,0.0,0.0,0.0,48.144288480721016,optimal
2021-02-07 06:30:00,3,2,2.0,0.0,0.0,0.06073333333333333,5.376,6.0,0,21.540411288832978,55.0,0.12,7000.0,0.0,0.0,0.0,48.096144192240295,optimal
2021-02-07 07:00:00,3,2,2.0,0.0,0.0,0.1242,5.0715,6.0,0,21.713571768882822,55.0,0.12,7000.0,0.0,0.0,0.0,48.048048048048045,optimal
2021-02-07 07:30:00,3,2,1.572300693581775,0.0,0.0,0.17586666666666667,5.5125,6.0,0,21.8878851395233,55.0,0.11733333333333333,5503.052427536212,0.0,0.0,0.0,48.0,optimal
2021-02-07 08:00:00,3,2,0.8731453651242889,0.0,0.0,0.5131666666666667,9.261,6.0,0,22.0,55.0,0.11733333333333333,3056.008777935011,0.0,0.0,0.0,47.767285089017356,optimal
2021-02-07 08:30:00,3,2,0.0,0.0,0.0,0.1242,11.7075,6.0,0,22.0,55.0,0.11733333333333333,0.0,0.0,0.0,0.0,47.5348028929457,optimal
2021-02-07 09:00:00,3,2,0.0,0.0,0.0,0.16406666666666667,12.348,6.0,0,21.855907471903354,55.0,0.11733333333333333,0.0,0.0,0.0,0.0,47.30255317907011,optimal
2021-02-07 09:30:00,3,2,0.0,0.0,0.0,0.057,12.348,6.0,0,21.714245341779176,55.0,0.11733333333333333,0.0,0.0,0.0,0.0,47.070535714908395,optimal
2021-02-07 10:00:00,3,2,0.0,0.0,0.0,0.08133333333333333,12.1275,6.0,0,21.569292378454392,55.0,0.11733333333333333,0.0,0.0,0.0,0.0,46.838750268210845,optimal
2021-02-07 10:30:00,3,2,0.0,0.0,0.0,0.1957333333333333,12.5265,6.0,0,21.426824431213195,55.0,0.11733333333333333,0.0,0.0,0.0,0.0,46.607196606959995,optimal
2021-02-07 11:00:00,3,2,1.0998776652348086,0.0,0.0,0.0682,11.7495,6.0,0,21.289673505326107,55.0,0.11733333333333333,3849.57182832183,0.0,0.0,0.0,46.37587449937039,optimal
2021-02-07 11:30:00,3,2,0.0,0.0,0.0,0.22640000000000002,13.23,6.0,0,21.31572100754169,55.0,0.11733333333333333,0.0,0.0,0.0,0.0,46.14478371388838,optimal
2021-02-07 12:00:00,3,2,0.0,0.0,0.0,0.06186666666666667,14.3325,6.0,0,21.179993347868344,55.0,0.11733333333333333,0.0,0.0,0.0,0.0,45.913924019191846,optimal
2021-02-07 12:30:00,3,2,0.0,0.0,0.0,0.057,14.994,6.0,0,21.038051947516045,55.0,0.11733333333333333,0.0,0.0,0.0,0.0,45.683295184190015,optimal
2021-02-07 13:00:00,3,2,0.0,0.0,0.0,1.1607,14.8155,6.0,0,20.89693128030414,55.0,0.11666666666666667,0.0,0.0,0.0,0.0,45.45289697802318,optimal
2021-02-07 13:30:00,3,2,0.0,0.0,0.0,0.44503333333333334,14.112,6.0,0,20.792643052541464,55.0,0.11666666666666667,0.0,0.0,0.0,0.0,45.22272917006252,optimal
2021-02-07 14:00:00,3,2,0.0,0.0,0.0,0.3193666666666667,14.007,6.0,0,20.682182000406538,55.0,0.11666666666666667,0.0,0.0,0.0,0.0,44.992791529909816,optimal
2021-02-07 14:30:00,3,2,0.0,0.0,0.0,0.2125,13.23,6.0,0,20.572850489446257,55.0,0.11466666666666667,0.0,0.0,0.0,0.0,44.76308382739727,optimal
2021-02-07 15:00:00,3,2,2.0,0.0,0.0,0.3728666666666667,11.382,6.0,0,20.457778891761798,55.0,0.11266666666666666,7000.0,0.0,0.0,0.0,44.53360583258723,optimal
2021-02-07 15:30:00,3,2,2.0,0.0,0.0,0.059,11.7495,6.0,0,20.662939269222342,55.0,0.112,7000.0,0.0,0.0,0.0,44.304357315771995,optimal
2021-02-07 16:00:00,3,2,0.0,0.0,0.0,0.13093333333333335,24.3285,6.0,0,20.84179050355754,55.0,0.10933333333333334,0.0,0.0,0.0,0.0,44.07533804747358,optimal
2021-02-07 16:30:00,3,2,0.0,0.0,0.0,0.265,28.917,6.0,0,20.707014815186803,55.0,0.10933333333333334,0.0,0.0,0.0,0.0,43.84654779844347,optimal
2021-02-07 17:00:00,3,2,0.0,0.0,0.0,0.07683333333333332,31.3635,6.0,0,20.579643153742143,55.0,0.10866666666666666,0.0,0.0,0.0,0.0,43.61798633966238,optimal
2021-02-07 17:30:00,3,2,0.0,0.0,0.0,0.4625666666666667,33.306,6.0,0,20.44563293722011,55.0,0.09866666666666667,0.0,0.0,0.0,0.0,43.38965344234008,optimal
2021-02-07 18:00:00,3,2,0.0,0.0,0.0,0.2916666666666667,31.3425,6.0,0,20.338981406348875,55.0,0.09733333333333333,0.0,0.0,0.0,0.0,43.161548877915095,optimal
2021-02-07 18:30:00,3,2,0.0,0.0,0.0,2.264866666666667,28.2555,6.0,0,20.221771737215285,55.0,0.096,0.0,0.0,0.0,0.0,42.933672418054535,optimal
2021-02-07 19:00:00,3,2,0.0,0.0,0.0,0.189,15.6975,6.0,0,20.12695982800856,55.0,0.096,0.0,0.0,0.0,0.0,42.70602383465384,optimal
2021-02-07 19:30:00,3,2,0.8574960453250722,0.0,0.0,0.067,12.5475,6.0,0,20.0,55.0,0.096,3001.2361586377524,0.0,0.0,0.0,42.478602899836545,optimal
2021-02-07 20:00:00,3,2,0.7028922358012618,0.0,0.0,1.0330333333333332,12.0855,6.0,0,20.0,55.0,0.096,2460.1228253044164,0.0,0.0,0.0,42.25140938595407,optimal
2021-02-07 20:30:00,3,2,0.0,0.0,0.0,0.1989333333333333,11.907,6.0,0,20.0,55.0,0.07748,0.0,0.0,0.0,0.0,42.02444306558547,optimal
2021-02-07 21:00:00,3,2,0.0,0.0,0.0,0.226,12.5685,6.0,0,19.88314107865706,55.0,0.051333333333333335,0.0,0.0,0.0,0.0,41.797703711537245,optimal
2021-02-07 21:30:00,3,2,0.0,0.0,0.0,0.1477,13.146,6.0,0,19.772650007016217,55.0,0.05,0.0,0.0,0.0,0.0,41.75590600782571,optimal
2021-02-07 22:00:00,3,2,0.0,0.0,0.0,0.11486666666666666,10.584,6.0,0,19.663945639691292,55.0,0.048,0.0,0.0,0.0,0.0,41.71415010181788,optimal
2021-02-07 22:30:00,3,2,0.0,0.0,0.0,0.19273333333333328,6.678,6.0,0,19.547300093599954,55.0,0.048,0.0,0.0,0.0,0.0,41.67243595171606,optimal
2021-02-07 23:00:00,3,2,0.0,0.0,0.0,0.10433333333333332,7.938,6.0,0,19.43062276941612,55.0,0.048,0.0,0.0,0.0,0.0,41.63076351576434,optimal
2021-02-07 23:30:00,3,2,0.0,0.0,0.0,0.13093333333333335,5.292,6.0,0,19.31092560560332,55.0,0.048,0.0,0.0,0.0,0.0,41.58913275224858,optimal
2021-02-08 00:00:00,3,2,2.0,0.0,0.0,0.052333333333333336,5.9745,6.0,0,19.31092560560332,55.0,0.048,7000.0,0.0,0.0,0.0,41.54754361949633,optimal
2021-02-08 00:30:00,3,2,2.0,0.0,0.0,0.062,7.938,6.0,0,19.49376816145541,55.0,0.048,7000.0,0.0,0.0,0.0,41.50599607587684,optimal
2021-02-08 01:00:00,3,2,2.0,0.0,0.0,0.27466666666666667,8.6835,6.0,0,19.675279066566105,55.0,0.048,7000.0,0.0,0.0,0.0,41.46449007980096,optimal
2021-02-08 01:30:00,3,2,2.0,0.0,0.0,0.07666666666666667,7.665,6.0,0,19.864777252415937,55.0,0.048,7000.0,0.0,0.0,0.0,41.423025589721156,optimal
2021-02-08 02:00:00,3,2,2.0,0.0,0.0,0.18666666666666662,6.7725,6.0,0,20.043863945028562,55.0,0.048,7000.0,0.0,0.0,0.0,41.381602564131434,optimal
2021-02-08 02:30:00,3,2,2.0,0.0,0.0,0.13533333333333333,5.5755,6.0,0,20.226097309246292,55.0,0.048,7000.0,0.0,0.0,0.0,41.340220961567304,optimal
2021-02-08 03:00:00,3,2,2.0,0.0,5.910681591564445,0.07666666666666667,5.0925,6.0,0,20.40512055554926,55.0,0.048,7000.0,0.0,0.0,0.0,44.10645449659885,optimal
2021-02-08 03:30:00,3,2,2.0,0.0,9.0,0.26,4.1895,6.0,0,20.58063605533912,55.0,0.048,7000.0,0.0,0.0,0.0,48.33734804210225,optimal
2021-02-08 04:00:00,3,2,2.0,0.0,0.0,0.09866666666666668,7.056,6.0,0,20.762534316242842,55.0,0.048,7000.0,0.0,0.0,0.0,48.289010694060146,optimal
2021-02-08 04:30:00,3,2,2.0,0.0,0.0,0.09133333333333331,5.271,6.0,0,20.935681474685797,55.0,0.048,7000.0,0.0,0.0,0.0,48.240721683366075,optimal
2021-02-08 05:00:00,3,2,2.0,0.0,0.0,0.24966666666666662,7.938,6.0,0,21.10651828177975,55.0,0.048,7000.0,0.0,0.0,0.0,48.192480961682705,optimal
2021-02-08 05:30:00,3,2,2.0,0.0,0.0,0.087,7.938,6.0,0,21.28231342724967,55.0,0.048,7000.0,0.0,0.0,0.0,48.144288480721016,optimal
2021-02-08 06:00:00,3,2,0.3552206750643066,0.0,0.0,0.062,11.907,6.0,0,21.449343554431927,55.0,0.048,1243.272362725073,0.0,0.0,0.0,48.096144192240295,optimal
2021-02-08 06:30:00,3,2,2.0,0.0,0.0,0.208,11.025,6.0,0,21.361704719472232,55.0,0.048,7000.0,0.0,0.0,0.0,48.048048048048045,optimal
2021-02-08 07:00:00,3,2,2.0,0.0,0.0,0.06,11.2875,6.0,0,21.53485529024633,55.0,0.044,7000.0,0.0,0.0,0.0,48.0,optimal
2021-02-08 07:30:00,3,2,0.0,0.0,0.0,0.126,12.936,6.0,0,21.70601294504049,55.0,0.03933333333333333,0.0,0.0,0.0,0.0,47.72574857057779,optimal
2021-02-08 08:00:00,3,2,0.0,0.0,0.0,0.16133333333333336,13.0095,6.0,0,21.568449622971112,55.0,0.036,0.0,0.0,0.0,0.0,47.45177139258501,optimal
2021-02-08 08:30:00,3,2,0.0,0.0,0.0,0.17466666666666666,13.671,6.0,0,21.42547551589818,55.0,0.036,0.0,0.0,0.0,0.0,47.178068191770215,optimal
2021-02-08 09:00:00,3,2,0.0,0.0,0.0,0.062,13.188,6.0,0,21.281165577226492,55.0,0.036,0.0,0.0,0.0,0.0,46.90463869415624,optimal
2021-02-08 09:30:00,3,2,0.0,0.0,0.0,0.20866666666666664,13.8495,6.0,0,21.13224650134896,55.0,0.036,0.0,0.0,0.0,0.0,46.631482626039876,optimal
2021-02-08 10:00:00,3,2,0.0,0.0,0.0,0.06,13.23,6.0,0,20.991924627539827,55.0,0.036,0.0,0.0,0.0,0.0,46.35859971399163,optimal
2021-02-08 10:30:00,3,2,0.0,0.0,0.0,0.126,13.3665,6.0,0,20.853644228373327,55.0,0.036,0.0,0.0,0.0,0.0,46.085989684855434,optimal
2021-02-08 11:00:00,3,2,0.0,0.0,0.0,0.2903,13.0515,6.0,0,20.722288122991483,55.0,0.034666666666666665,0.0,0.0,0.0,0.0,45.813652265748374,optimal
2021-02-08 11:30:00,3,2,0.0,0.0,0.0,0.128,13.5345,6.0,0,20.595691609868414,55.0,0.034666666666666665,0.0,0.0,0.0,0.0,45.54158718406042,optimal
2021-02-08 12:00:00,3,2,0.0,0.0,0.0,0.09533333333333331,14.154,6.0,0,20.455382256853028,55.0,0.034666666666666665,0.0,0.0,0.0,0.0,45.26979416745415,optimal
2021-02-08 12:30:00,3,2,0.0,0.0,0.0,0.17533333333333334,14.112,6.0,0,20.31539314429262,55.0,0.034666666666666665,0.0,0.0,0.0,0.0,44.99827294386449,optimal
2021-02-08 13:00:00,3,2,0.0,0.0,0.0,0.062,14.2485,6.0,0,20.181382093905064,55.0,0.034666666666666665,0.0,0.0,0.0,0.0,44.72702324149842,optimal
2021-02-08 13:30:00,3,2,2.0,0.0,0.0,0.27466666666666667,12.789,6.0,0,20.044842627653715,55.0,0.034666666666666665,7000.0,0.0,0.0,0.0,44.45604478883472,optimal
2021-02-08 14:00:00,3,2,2.0,0.0,0.0,0.062,13.0095,6.0,0,20.22575188263498,55.0,0.034666666666666665,7000.0,0.0,0.0,0.0,44.18533731462367,optimal
2021-02-08 14:30:00,3,2,2.0,0.0,0.0,0.128,12.1275,6.0,0,20.396762638872598,55.0,0.034666666666666665,7000.0,0.0,0.0,0.0,43.914900547886845,optimal
2021-02-08 15:00:00,3,2,2.0,0.0,0.0,0.202,12.348,6.0,0,20.568324531324922,55.0,0.034666666666666665,7000.0,0.0,0.0,0.0,43.64473421791675,optimal
2021-02-08 15:30:00,3,2,2.0,0.0,0.0,0.06866666666666667,12.348,6.0,0,20.740783733867115,55.0,0.034666666666666665,7000.0,0.0,0.0,0.0,43.37483805427663,optimal
2021-02-08 16:00:00,3,2,0.0,0.0,0.0,0.062,25.389,6.0,0,20.906514550684275,55.0,0.034666666666666665,0.0,0.0,0.0,0.0,43.10521178680015,optimal
2021-02-08 16:30:00,3,2,0.0,0.0,0.0,0.10966666666666669,29.1375,6.0,0,20.764693905455214,55.0,0.034666666666666665,0.0,0.0,0.0,0.0,42.83585514559114,optimal
2021-02-08 17:00:00,3,2,0.0,0.0,0.0,0.227,30.597,6.0,0,20.62490024183496,55.0,0.034666666666666665,0.0,0.0,0.0,0.0,42.566767861023344,optimal
2021-02-08 17:30:00,3,2,0.0,0.0,0.0,0.062,33.684,6.0,0,20.49016837005118,55.0,0.034666666666666665,0.0,0.0,0.0,0.0,42.29794966374011,optimal
2021-02-08 18:00:00,3,2,0.0,0.0,0.0,0.28426666666666667,32.445,6.0,0,20.347738466707305,55.0,0.034666666666666665,0.0,0.0,0.0,0.0,42.029400284654166,optimal
2021-02-08 18:30:00,3,2,0.0,0.0,0.0,0.3236,28.917,6.0,0,20.225743125801785,55.0,0.03333333333333333,0.0,0.0,0.0,0.0,41.98737088436951,optimal
2021-02-08 19:00:00,3,2,0.0,0.0,0.0,0.209,15.876,6.0,0,20.114702173158218,55.0,0.03333333333333333,0.0,0.0,0.0,0.0,41.94538351348514,optimal
2021-02-08 19:30:00,3,2,0.6977266495139353,0.0,0.0,0.3378333333333333,12.348,6.0,0,20.0,55.0,0.030666666666666665,2442.0432732987733,0.0,0.0,0.0,41.903438129971654,optimal
2021-02-08 20:00:00,3,2,0.6357238458261402,0.0,0.0,0.5437333333333334,12.1275,6.0,0,20.0,55.0,0.030666666666666665,2225.0334603914907,0.0,0.0,0.0,41.86153469184168,optimal
2021-02-08 20:30:00,3,2,0.0,0.0,0.0,0.2189,12.348,6.0,0,20.0,55.0,0.03,0.0,0.0,0.0,0.0,41.81967315714984,optimal
2021-02-08 21:00:00,3,2,0.0,0.0,0.0,0.3097333333333333,12.1275,6.0,0,19.887210703173437,55.0,0.03,0.0,0.0,0.0,0.0,41.77785348399269,optimal
2021-02-08 21:30:00,3,2,0.0,0.0,0.0,0.31706666666666666,12.1275,6.0,0,19.77885399636219,55.0,0.028,0.0,0.0,0.0,0.0,41.7360756305087,optimal
2021-02-08 22:00:00,3,2,0.0,0.0,0.0,1.2304666666666666,11.2665,6.0,0,19.675114777258216,55.0,0.015333333333333332,0.0,0.0,0.0,0.0,41.69433955487819,optimal
2021-02-08 22:30:00,3,2,1.0549523809523809,0.0,0.0,0.40353333333333335,10.143,6.0,0,19.578884383333524,55.0,0.0,0.0,0.0,3692.3333333333335,0.0,41.65264521532331,optimal
2021-02-08 23:00:00,3,2,0.0,0.0,0.0,0.08033333333333333,11.2455,6.0,0,19.47461442056561,55.0,0.0,0.0,0.0,0.0,0.0,41.61099257010799,optimal
2021-02-08 23:30:00,3,2,0.0,0.0,0.0,0.17633333333333334,11.025,6.0,0,19.344824146137768,55.0,0.0,0.0,0.0,0.0,0.0,41.56938157753788,optimal
2021-02-09 00:00:00,3,2,2.0,0.0,9.0,0.06066666666666666,10.584,6.0,0,19.344824146137768,55.0,0.0,7000.0,0.0,0.0,0.0,45.80281219596034,optimal
2021-02-09 00:30:00,3,2,2.0,0.0,0.0,0.1663,11.2455,6.0,0,19.516779519172818,55.0,0.06698564593301436,0.0,0.0,7000.0,0.0,45.757009383764384,optimal
2021-02-09 01:00:00,3,2,2.0,0.0,0.0,0.197,12.1275,6.0,0,19.39574980180517,55.0,0.12533333333333332,902.666666666667,0.0,6097.333333333333,0.0,45.71125237438062,optimal
2021-02-09 01:30:00,3,2,2.0,0.0,0.0,0.38146666666666657,11.823,6.0,0,19.316294524786226,55.0,0.12466666666666666,7000.0,0.0,0.0,0.0,45.66554112200624,optimal
2021-02-09 02:00:00,3,2,2.0,0.0,0.0,0.09373333333333332,11.7705,6.0,0,19.51592721337303,55.0,0.12466666666666666,7000.0,0.0,0.0,0.0,45.619875580884234,optimal
2021-02-09 02:30:00,3,2,2.0,0.0,0.0,0.094,11.13,6.0,0,19.704037788628717,55.0,0.12466666666666666,7000.0,0.0,0.0,0.0,45.57425570530335,optimal
2021-02-09 03:00:00,3,2,2.0,0.0,0.0,1.1145,11.6865,6.0,0,19.894629812773506,55.0,0.12466666666666666,7000.0,0.0,0.0,0.0,45.52868144959805,optimal
2021-02-09 03:30:00,3,2,2.0,0.0,0.0,0.23206666666666664,10.7205,6.0,0,20.095753166602815,55.0,0.11866666666666667,7000.0,0.0,0.0,0.0,45.48315276814845,optimal
2021-02-09 04:00:00,3,2,2.0,0.0,0.0,0.2576333333333333,11.424,6.0,0,20.291722817925997,55.0,0.118,7000.0,0.0,0.0,0.0,45.4376696153803,optimal
2021-02-09 04:30:00,3,2,2.0,0.0,6.200244413341747,1.4166333333333334,10.689,6.0,0,20.485369509035685,55.0,0.11333333333333333,7000.0,0.0,0.0,0.0,48.33734804210225,optimal
2021-02-09 05:00:00,3,2,2.0,0.0,0.0,0.34983333333333333,11.361,6.0,0,20.69633691894424,55.0,0.066,7000.0,0.0,0.0,0.0,48.289010694060146,optimal
2021-02-09 05:30:00,3,2,2.0,0.0,0.0,0.3517333333333333,11.571,6.0,0,20.88717938141987,55.0,0.06333333333333334,7000.0,0.0,0.0,0.0,48.240721683366075,optimal
2021-02-09 06:00:00,3,2,0.0,0.0,0.0,0.207,14.3745,6.0,0,21.073557547970147,55.0,0.06333333333333334,0.0,0.0,0.0,0.0,48.192480961682705,optimal
2021-02-09 06:30:00,3,2,2.0,0.0,0.0,0.42193333333333327,13.23,6.0,0,20.945405793343433,55.0,0.056666666666666664,7000.0,0.0,0.0,0.0,48.144288480721016,optimal
2021-02-09 07:00:00,3,2,0.0,0.0,0.0,0.207,13.9755,6.0,0,21.141034538681637,55.0,0.05466666666666667,0.0,0.0,0.0,0.0,48.096144192240295,optimal
2021-02-09 07:30:00,3,2,0.0,0.0,0.0,0.3435,14.994,6.0,0,21.02385696936812,55.0,0.043333333333333335,0.0,0.0,0.0,0.0,48.048048048048045,optimal
2021-02-09 08:00:00,3,2,0.6739137586160266,0.0,0.0,0.32226666666666665,13.671,6.0,0,20.916084555540074,55.0,0.03666666666666667,2358.698155156093,0.0,0.0,0.0,48.0,optimal
2021-02-09 08:30:00,3,2,0.0,0.0,0.0,0.12366666666666669,15.981,6.0,0,20.916087291280615,55.0,0.03666666666666667,0.0,0.0,0.0,0.0,47.63236005602259,optimal
2021-02-09 09:00:00,3,2,0.0,0.0,0.0,0.15173333333333333,15.6345,6.0,0,20.777771673524445,55.0,0.03666666666666667,0.0,0.0,0.0,0.0,47.265087751989164,optimal
2021-02-09 09:30:00,3,2,0.0,0.0,0.0,0.1076,16.5375,6.0,0,20.633511704420787,55.0,0.03666666666666667,0.0,0.0,0.0,0.0,46.89818272025977,optimal
2021-02-09 10:00:00,3,2,0.0,0.0,0.0,0.19743333333333332,14.7735,6.0,0,20.490555416381184,55.0,0.03666666666666667,0.0,0.0,0.0,0.0,46.5316445935621,optimal
2021-02-09 10:30:00,3,2,0.0,0.0,0.0,0.12290000000000001,15.2145,6.0,0,20.35475755167582,55.0,0.03666666666666667,0.0,0.0,0.0,0.0,46.16547300499113,optimal
2021-02-09 11:00:00,3,2,0.0,0.0,0.0,0.2052,14.553,6.0,0,20.218506861623418,55.0,0.03666666666666667,0.0,0.0,0.0,0.0,45.79966758800873,optimal
2021-02-09 11:30:00,3,2,2.0,0.0,0.0,0.12866666666666665,14.3325,6.0,0,20.088671842365837,55.0,0.03666666666666667,7000.0,0.0,0.0,0.0,45.43422797644332,optimal
2021-02-09 12:00:00,3,2,0.0,0.0,0.0,0.09406666666666666,14.595,6.0,0,20.263213173658624,55.0,0.03666666666666667,0.0,0.0,0.0,0.0,45.06915380448947,optimal
2021-02-09 12:30:00,3,2,0.0,0.0,0.0,0.14730000000000001,14.994,6.0,0,20.12891613255834,55.0,0.036,0.0,0.0,0.0,0.0,44.70444470670757,optimal
2021-02-09 13:00:00,3,2,0.724550706188307,0.0,0.0,0.5412666666666667,14.3325,6.0,0,20.0,55.0,0.036,2535.9274716590744,0.0,0.0,0.0,44.34010031802345,optimal
2021-02-09 13:30:00,3,2,1.9391982328107173,0.0,0.0,1.6775,13.8915,6.0,0,20.0,55.0,0.034666666666666665,6787.193814837511,0.0,0.0,0.0,43.97612027372802,optimal
2021-02-09 14:00:00,3,2,2.0,0.0,0.0,0.2879333333333333,13.8915,6.0,0,20.21830621496809,55.0,0.032,7000.0,0.0,0.0,0.0,43.61250420947689,optimal
2021-02-09 14:30:00,3,2,2.0,0.0,0.0,0.15716666666666665,13.4715,6.0,0,20.408835559824848,55.0,0.03133333333333333,7000.0,0.0,0.0,0.0,43.249251761290004,optimal
2021-02-09 15:00:00,3,2,2.0,0.0,0.0,0.09406666666666666,13.23,6.0,0,20.593136515446496,55.0,0.03133333333333333,7000.0,0.0,0.0,0.0,42.88636256555131,optimal
2021-02-09 15:30:00,3,2,2.0,0.0,0.0,0.2052,13.8915,6.0,0,20.760668471036652,55.0,0.03133333333333333,7000.0,0.0,0.0,0.0,42.52383625900835,optimal
2021-02-09 16:00:00,3,2,0.0,0.0,0.0,0.15173333333333333,26.9325,6.0,0,20.931845014544578,55.0,0.03133333333333333,0.0,0.0,0.0,0.0,42.16167247877193,optimal
2021-02-09 16:30:00,3,2,0.0,0.0,0.0,0.1747,30.303,6.0,0,20.793017666572727,55.0,0.03133333333333333,0.0,0.0,0.0,0.0,41.79987086231576,optimal
2021-02-09 17:00:00,3,2,0.0,0.0,0.0,0.17613333333333334,32.886,6.0,0,20.655478438761094,55.0,0.03133333333333333,0.0,0.0,0.0,0.0,41.43843104747604,optimal
2021-02-09 17:30:00,3,2,0.0,0.0,0.0,0.3148666666666667,34.9965,6.0,0,20.521558385998922,55.0,0.030666666666666665,0.0,0.0,0.0,0.0,41.077352672451156,optimal
2021-02-09 18:00:00,3,2,0.0,0.0,0.0,0.3182,33.327,6.0,0,20.404417288328872,55.0,0.03,0.0,0.0,0.0,0.0,40.716635375801296,optimal
2021-02-09 18:30:00,3,2,0.0,0.0,0.0,0.30626666666666663,31.122,6.0,0,20.29766161292729,55.0,0.027333333333333334,0.0,0.0,0.0,0.0,40.35627879644809,optimal
2021-02-09 19:00:00,3,2,0.0,0.0,0.0,0.32330000000000003,17.9025,6.0,0,20.195742106971473,55.0,0.02666666666666667,0.0,0.0,0.0,0.0,39.996282573674236,optimal
2021-02-09 19:30:00,3,2,0.0,0.0,0.0,0.5812333333333334,15.6555,6.0,0,20.0940929577451,55.0,0.024,0.0,0.0,0.0,0.0,39.636646347123154,optimal
2021-02-09 20:00:00,3,2,0.514631604150596,0.0,0.0,0.7032,14.553,6.0,0,20.0,55.0,0.022,1801.2106145270861,0.0,0.0,0.0,39.27736975679862,optimal
2021-02-09 20:30:00,3,2,0.0,0.0,0.0,0.5005666666666667,14.3325,6.0,0,20.0,55.0,0.022,0.0,0.0,0.0,0.0,38.91845244306442,optimal
2021-02-09 21:00:00,3,2,0.0,0.0,0.0,0.6477999999999999,13.335,6.0,0,19.91131502924962,55.0,0.0,0.0,0.0,0.0,0.0,38.55989404664395,optimal
2021-02-09 21:30:00,3,2,0.0,0.0,0.0,0.507,12.1275,6.0,0,19.827664810519913,55.0,0.0,0.0,0.0,0.0,0.0,38.2016942086199,optimal
2021-02-09 22:00:00,3,2,0.0,0.0,0.0,0.5087,12.2955,6.0,0,19.73876940090774,55.0,0.0,0.0,0.0,0.0,0.0,37.843852570433874,optimal
2021-02-09 22:30:00,3,2,0.0,0.0,0.0,0.4630666666666667,11.6865,6.0,0,19.63861162254266,55.0,0.0,0.0,0.0,0.0,0.0,37.80600871786344,optimal
2021-02-09 23:00:00,3,2,0.0,0.0,0.0,0.3826666666666667,11.466,6.0,0,19.544787176784816,55.0,0.0,0.0,0.0,0.0,0.0,37.76820270914558,optimal
2021-02-09 23:30:00,3,2,0.0398095238095238,0.0,0.0,0.40193333333333325,10.8045,6.0,0,19.44861919892988,55.0,0.0,0.0,0.0,139.33333333333331,0.0,37.73043450643643,optimal
2021-02-10 00:00:00,3,2,2.0,0.0,0.0,0.2827333333333333,10.8045,6.0,0,19.44861919892988,55.0,0.0,7000.0,0.0,0.0,0.0,37.692704071929995,optimal
2021-02-10 00:30:00,3,2,2.0,0.0,0.0,0.2443333333333333,11.508,6.0,0,19.636361814610254,55.0,0.06698564593301436,0.0,0.0,7000.0,0.0,37.655011367858066,optimal
2021-02-10 01:00:00,3,2,2.0,0.0,0.0,0.048,11.508,6.0,0,19.511754522030984,55.0,0.09,4595.0,0.0,2405.0,0.0,37.617356356490205,optimal
2021-02-10 01:30:00,3,2,2.0,0.0,0.0,0.16016666666666665,11.508,6.0,0,19.578228464617,55.0,0.09,7000.0,0.0,0.0,0.0,37.57973900013371,optimal
2021-02-10 02:00:00,3,2,2.0,0.0,0.0,0.2396,11.844,6.0,0,19.753675977743132,55.0,0.09,7000.0,0.0,0.0,0.0,37.54215926113358,optimal
2021-02-10 02:30:00,3,2,2.0,0.0,0.0,0.1925,11.508,6.0,0,19.93320633273377,55.0,0.09,7000.0,0.0,0.0,0.0,37.50461710187244,optimal
2021-02-10 03:00:00,3,2,2.0,0.0,0.0,0.3701333333333333,11.508,6.0,0,20.119140648364674,55.0,0.088,7000.0,0.0,0.0,0.0,37.46711248477057,optimal
2021-02-10 03:30:00,3,2,2.0,0.0,9.0,0.7153666666666667,10.4475,6.0,0,20.312533925506113,55.0,0.08666666666666667,7000.0,0.0,0.0,0.0,41.704645372285796,optimal
2021-02-10 04:00:00,3,2,2.0,0.0,4.433322193379498,0.3133,10.8675,6.0,0,20.535060290417835,55.0,0.08666666666666667,7000.0,0.0,0.0,0.0,43.76876876876877,optimal
2021-02-10 04:30:00,3,2,2.0,0.0,9.0,0.3272,10.542,6.0,0,20.738928630051966,55.0,0.08533333333333333,7000.0,0.0,0.0,0.0,48.0,optimal
2021-02-10 05:00:00,3,2,2.0,0.0,0.0,0.15733333333333335,11.025,6.0,0,20.942787165016775,55.0,0.08533333333333333,7000.0,0.0,0.0,0.0,47.6861610240567,optimal
2021-02-10 05:30:00,3,2,2.0,0.0,0.0,0.15333333333333335,11.025,6.0,0,21.098633592509678,55.0,0.08533333333333333,7000.0,0.0,0.0,0.0,47.37263588708935,optimal
2021-02-10 06:00:00,3,2,2.0,0.0,0.0,0.0685,14.553,6.0,0,21.25244158341564,55.0,0.08533333333333333,7000.0,0.0,0.0,0.0,47.05942427525897,optimal
2021-02-10 06:30:00,3,2,2.0,0.0,0.0,0.26843333333333336,13.0935,6.0,0,21.400687599742938,55.0,0.08533333333333333,7000.0,0.0,0.0,0.0,46.74652587504041,optimal
2021-02-10 07:00:00,3,2,2.0,0.0,0.0,0.07906666666666666,15.6345,6.0,0,21.557785154829652,55.0,0.08533333333333333,7000.0,0.0,0.0,0.0,46.43394037322207,optimal
2021-02-10 07:30:00,3,2,0.0,0.0,0.0,0.22783333333333328,18.102,6.0,0,21.70674536344498,55.0,0.08533333333333333,0.0,0.0,0.0,0.0,46.121667456905556,optimal
2021-02-10 08:00:00,3,2,0.0,0.0,0.0,0.14383333333333334,17.199,6.0,0,21.55435186101848,55.0,0.08533333333333333,0.0,0.0,0.0,0.0,45.80970681350535,optimal
2021-02-10 08:30:00,3,2,0.0,0.0,0.0,0.31726666666666664,18.2805,6.0,0,21.399027094140763,55.0,0.06733333333333333,0.0,0.0,0.0,0.0,45.49805813074855,optimal
2021-02-10 09:00:00,3,2,0.0,0.0,0.0,1.0295999999999998,17.4615,6.0,0,21.275929429374983,55.0,0.06733333333333333,0.0,0.0,0.0,0.0,45.1867210966745,optimal
2021-02-10 09:30:00,3,2,0.0,0.0,0.0,0.057,18.3225,6.0,0,21.15996442010821,55.0,0.06666666666666667,0.0,0.0,0.0,0.0,44.87569539963453,optimal
2021-02-10 10:00:00,3,2,0.0,0.0,0.0,0.2542666666666667,17.094,6.0,0,21.03600120165071,55.0,0.066,0.0,0.0,0.0,0.0,44.5649807282916,optimal
2021-02-10 10:30:00,3,2,0.0,0.0,0.0,0.7012,17.094,6.0,0,20.923795666104105,55.0,0.066,0.0,0.0,0.0,0.0,44.254576771620016,optimal
2021-02-10 11:00:00,3,2,0.0,0.0,0.0,1.3474666666666666,17.094,6.0,0,20.83415402613414,55.0,0.062,0.0,0.0,0.0,0.0,43.9444832189051,optimal
2021-02-10 11:30:00,3,2,0.0,0.0,0.0,0.2528,17.3565,6.0,0,20.73890137323827,55.0,0.062,0.0,0.0,0.0,0.0,43.634699759742894,optimal
2021-02-10 12:00:00,3,2,0.0,0.0,0.0,0.4372,17.115,6.0,0,20.627716476383117,55.0,0.062,0.0,0.0,0.0,0.0,43.325226084039855,optimal
2021-02-10 12:30:00,3,2,0.0,0.0,0.0,0.1714,17.241,6.0,0,20.530032746496758,55.0,0.06066666666666667,0.0,0.0,0.0,0.0,43.016061882012515,optimal
2021-02-10 13:00:00,3,2,1.012432612504926,0.0,0.0,0.7807333333333334,17.094,6.0,0,20.419329478934163,55.0,0.059333333333333335,3543.5141437672414,0.0,0.0,0.0,42.707206844187205,optimal
2021-02-10 13:30:00,3,2,2.0,0.0,0.0,1.6060999999999999,16.5165,6.0,0,20.468664453289566,55.0,0.05533333333333333,7000.0,0.0,0.0,0.0,42.398660661399724,optimal
2021-02-10 14:00:00,3,2,0.0,0.0,0.0,0.094,17.8185,6.0,0,20.692266519587953,55.0,0.05533333333333333,0.0,0.0,0.0,0.0,42.09042302479503,optimal
2021-02-10 14:30:00,3,2,2.0,0.0,0.0,0.29733333333333334,17.094,6.0,0,20.58827724981847,55.0,0.05533333333333333,7000.0,0.0,0.0,0.0,41.78249362582694,optimal
2021-02-10 15:00:00,3,2,2.0,0.0,0.0,0.13156666666666667,16.8945,6.0,0,20.801422102939984,55.0,0.05333333333333334,7000.0,0.0,0.0,0.0,41.47487215625782,optimal
2021-02-10 15:30:00,3,2,0.0,0.0,0.0,0.18780000000000002,18.123,6.0,0,20.98625713084778,55.0,0.052,0.0,0.0,0.0,0.0,41.16755830815826,optimal
2021-02-10 16:00:00,3,2,0.0,0.0,0.0,0.5943666666666667,31.647,6.0,0,20.87070326634545,55.0,0.052,0.0,0.0,0.0,0.0,40.860551773906806,optimal
2021-02-10 16:30:00,3,2,0.0,0.0,0.0,0.24780000000000002,34.9965,6.0,0,20.775828878537293,55.0,0.052,0.0,0.0,0.0,0.0,40.55385224618961,optimal
2021-02-10 17:00:00,3,2,0.0,0.0,0.0,0.38726666666666665,34.9965,6.0,0,20.66667587692747,55.0,0.052,0.0,0.0,0.0,0.0,40.24745941800012,optimal
2021-02-10 17:30:00,3,2,0.0,0.0,0.0,0.25939999999999996,34.9965,6.0,0,20.556039739549256,55.0,0.052,0.0,0.0,0.0,0.0,39.941372982638825,optimal
2021-02-10 18:00:00,3,2,0.0,0.0,0.0,0.37,34.9965,6.0,0,20.43911592224806,55.0,0.0019999999999999996,0.0,0.0,0.0,0.0,39.63559263371289,optimal
2021-02-10 18:30:00,3,2,0.0,0.0,0.0,0.5661333333333334,34.9965,6.0,0,20.328503090326393,55.0,0.0019999999999999996,0.0,0.0,0.0,0.0,39.33011806513588,optimal
2021-02-10 19:00:00,3,2,0.0,0.0,0.0,0.46086666666666665,27.741,6.0,0,20.222468360240363,55.0,0.0006666666666666665,0.0,0.0,0.0,0.0,39.29078794707074,optimal
2021-02-10 19:30:00,3,2,0.0,0.0,0.0,0.3821,19.026,6.0,0,20.115357830601297,55.0,0.0006666666666666665,0.0,0.0,0.0,0.0,39.251497159123666,optimal
2021-02-10 20:00:00,3,2,0.7126620156075862,0.0,0.0,0.2909333333333333,18.7215,6.0,0,20.0,55.0,0.0,2494.317054626552,0.0,0.0,0.0,39.212245661964545,optimal
2021-02-10 20:30:00,3,2,0.0,0.0,0.0,0.3775,17.4195,6.0,0,20.0,55.0,0.0,0.0,0.0,0.0,0.0,39.17303341630258,optimal
2021-02-10 21:00:00,3,2,0.0,0.0,0.0,0.3690333333333334,16.758,6.0,0,19.906013107828002,55.0,0.0,0.0,0.0,0.0,0.0,39.133860382886276,optimal
2021-02-10 21:30:00,3,2,0.0,0.0,0.0,0.21156666666666663,14.217,6.0,0,19.806224075515605,55.0,0.0,0.0,0.0,0.0,0.0,39.09472652250339,optimal
2021-02-10 22:00:00,3,2,0.0,0.0,0.0,0.6052333333333334,13.3665,6.0,0,19.680351092448564,55.0,0.0,0.0,0.0,0.0,0.0,39.05563179598089,optimal
2021-02-10 22:30:00,3,2,0.0398095238095238,0.0,0.0,0.3333,12.789,6.0,0,19.56301515921841,55.0,0.0,0.0,0.0,139.33333333333331,0.0,39.016576164184904,optimal
2021-02-10 23:00:00,3,2,0.0,0.0,0.0,0.5134333333333333,11.907,6.0,0,19.427639777425117,55.0,0.0,0.0,0.0,0.0,0.0,38.97755958802072,optimal
2021-02-10 23:30:00,3,2,0.0199047619047619,0.0,0.0,0.3635,11.7075,6.0,0,19.297191673490243,55.0,0.0,0.0,0.0,69.66666666666666,0.0,38.9385820284327,optimal
2021-02-11 00:00:00,3,2,2.0,0.0,0.0,0.046,11.025,6.0,0,19.297191673490243,55.0,0.0,7000.0,0.0,0.0,0.0,38.89964344640426,optimal
2021-02-11 00:30:00,3,2,2.0,0.0,0.0,0.118,12.0855,6.0,0,19.442012904314133,55.0,0.066,103.0,0.0,6897.0,0.0,38.860743802957856,optimal
2021-02-11 01:00:00,3,2,2.0,0.0,0.0,0.046,11.6865,6.0,0,19.287751358646627,55.0,0.066,7000.0,0.0,0.0,0.0,38.8218830591549,optimal
2021-02-11 01:30:00,3,2,2.0,0.0,0.0,0.086,11.2245,6.0,0,19.434097952913618,55.0,0.066,7000.0,0.0,0.0,0.0,38.78306117609574,optimal
2021-02-11 02:00:00,3,2,2.0,0.0,0.0,0.078,11.025,6.0,0,19.581129651122193,55.0,0.066,7000.0,0.0,0.0,0.0,38.744278114919645,optimal
2021-02-11 02:30:00,3,2,2.0,0.0,3.1438480846713452,0.098,10.7835,6.0,0,19.726740320128847,55.0,0.066,7000.0,0.0,0.0,0.0,40.198861677023615,optimal
2021-02-11 03:00:00,3,2,2.0,0.0,0.0,0.20753333333333332,11.025,6.0,0,19.87143767179825,55.0,0.066,7000.0,0.0,0.0,0.0,40.15866281534658,optimal
2021-02-11 03:30:00,3,2,2.0,0.0,9.0,0.098,10.584,6.0,0,20.01914757414104,55.0,0.066,7000.0,0.0,0.0,0.0,44.39350415253123,optimal
2021-02-11 04:00:00,3,2,2.0,0.0,0.0,0.066,11.025,6.0,0,20.16280776723157,55.0,0.066,7000.0,0.0,0.0,0.0,44.34911064837869,optimal
2021-02-11 04:30:00,3,2,2.0,0.0,9.0,0.15536666666666668,10.4265,6.0,0,20.305841675692,55.0,0.066,7000.0,0.0,0.0,0.0,48.579761537730306,optimal
2021-02-11 05:00:00,3,2,2.0,0.0,0.0,0.10216666666666668,12.789,6.0,0,20.45174578226172,55.0,0.066,7000.0,0.0,0.0,0.0,48.53118177619257,optimal
2021-02-11 05:30:00,3,2,2.0,0.0,0.0,0.094,12.684,6.0,0,20.59425849513544,55.0,0.066,7000.0,0.0,0.0,0.0,48.48265059441637,optimal
2021-02-11 06:00:00,3,2,2.0,0.0,0.0,0.18753333333333333,16.254,6.0,0,20.737196556643088,55.0,0.066,7000.0,0.0,0.0,0.0,48.434167943821954,optimal
2021-02-11 06:30:00,3,2,2.0,0.0,0.0,0.062,17.64,6.0,0,20.88500866674164,55.0,0.066,7000.0,0.0,0.0,0.0,48.38573377587813,optimal
2021-02-11 07:00:00,3,2,0.0,0.0,0.0,0.1406,19.1625,6.0,0,21.028069942037483,55.0,0.066,0.0,0.0,0.0,0.0,48.33734804210225,optimal
2021-02-11 07:30:00,3,2,0.0,0.0,0.0,0.15346666666666667,26.46,6.0,0,20.86893391904681,55.0,0.064,0.0,0.0,0.0,0.0,48.289010694060146,optimal
2021-02-11 08:00:00,3,2,0.0,0.0,0.0,0.132,20.79,6.0,0,20.715940640772825,55.0,0.06066666666666667,0.0,0.0,0.0,0.0,48.240721683366075,optimal
2021-02-11 08:30:00,3,2,0.0,0.0,0.0,0.1442,29.106,6.0,0,20.56842524029664,55.0,0.056306666666666665,0.0,0.0,0.0,0.0,48.192480961682705,optimal
2021-02-11 09:00:00,3,2,0.0,0.0,0.0,0.09546666666666669,19.1835,6.0,0,20.421739497405035,55.0,0.054,0.0,0.0,0.0,0.0,48.144288480721016,optimal
2021-02-11 09:30:00,3,2,0.0,0.0,0.0,0.12366666666666669,19.6665,6.0,0,20.272816123247246,55.0,0.03333333333333333,0.0,0.0,0.0,0.0,48.096144192240295,optimal
2021-02-11 10:00:00,3,2,0.0,0.0,0.0,0.054,19.404,6.0,0,20.14096467647671,55.0,0.026,0.0,0.0,0.0,0.0,48.048048048048045,optimal
2021-02-11 10:30:00,3,2,0.6003383050801059,0.0,0.0,0.4538333333333333,19.047,6.0,0,20.01893882528793,55.0,0.026,2101.1840677803707,0.0,0.0,0.0,48.0,optimal
2021-02-11 11:00:00,3,2,1.7324915913269638,0.0,0.0,0.123,18.858,6.0,0,20.0,55.0,0.024,6063.720569644373,0.0,0.0,0.0,47.76665877456138,optimal
2021-02-11 11:30:00,3,2,0.0,0.0,0.0,1.1865999999999999,19.2675,6.0,0,20.12768277050195,55.0,0.021333333333333333,0.0,0.0,0.0,0.0,47.533550890348195,optimal
2021-02-11 12:00:00,3,2,0.784477223006597,0.0,0.0,0.3846333333333333,18.963,6.0,0,20.0,55.0,0.02,2745.6702805230893,0.0,0.0,0.0,47.300676114019225,optimal
2021-02-11 12:30:00,3,2,2.0,0.0,0.0,1.9595,18.438,6.0,0,20.0,55.0,0.016666666666666666,7000.0,0.0,0.0,0.0,47.068034212466586,optimal
2021-02-11 13:00:00,3,2,0.4553462731794592,0.0,0.0,0.3213333333333333,18.7425,6.0,0,20.23333589989101,55.0,0.01,1593.7119561281072,0.0,0.0,0.0,46.8356249528155,optimal
2021-02-11 13:30:00,3,2,2.0,0.0,0.0,0.17783333333333334,15.2145,6.0,0,20.190535555900873,55.0,0.01,7000.0,0.0,0.0,0.0,46.60344810242407,optimal
2021-02-11 14:00:00,3,2,2.0,0.0,0.0,0.148,17.7765,6.0,0,20.374857750616684,55.0,0.008,7000.0,0.0,0.0,0.0,46.371503428883024,optimal
2021-02-11 14:30:00,3,2,2.0,0.0,0.0,0.2382,16.758,6.0,0,20.560280297992335,55.0,0.008,7000.0,0.0,0.0,0.0,46.139790700015524,optimal
2021-02-11 15:00:00,3,2,2.0,0.0,0.0,0.116,16.422,6.0,0,20.744256131547424,55.0,0.008,7000.0,0.0,0.0,0.0,45.90830968387689,optimal
2021-02-11 15:30:00,3,2,2.0,0.0,0.0,0.068,16.758,6.0,0,20.915324124885757,55.0,0.008,7000.0,0.0,0.0,0.0,45.67706014875439,optimal
2021-02-11 16:00:00,3,2,0.0,0.0,0.0,0.056,29.358,6.0,0,21.07466957578573,55.0,0.008,0.0,0.0,0.0,0.0,45.44604186316702,optimal
2021-02-11 16:30:00,3,2,0.0,0.0,0.0,0.26953333333333335,34.9965,6.0,0,20.917536953418953,55.0,0.008,0.0,0.0,0.0,0.0,45.21525459586523,optimal
2021-02-11 17:00:00,3,2,0.0,0.0,0.0,0.23066666666666663,34.65,6.0,0,20.764341164103882,55.0,0.0033333333333333335,0.0,0.0,0.0,0.0,44.984698115830746,optimal
2021-02-11 17:30:00,3,2,0.0,0.0,0.0,0.3110333333333334,34.9965,6.0,0,20.610884803907663,55.0,0.0033333333333333335,0.0,0.0,0.0,0.0,44.75437219227629,optimal
2021-02-11 18:00:00,3,2,0.0,0.0,0.0,0.4594666666666666,34.9965,6.0,0,20.464842037819515,55.0,0.0033333333333333335,0.0,0.0,0.0,0.0,44.52427659464539,optimal
2021-02-11 18:30:00,3,2,0.0,0.0,0.0,0.2403,30.4815,6.0,0,20.322299478531658,55.0,0.0,0.0,0.0,0.0,0.0,44.29441109261213,optimal
2021-02-11 19:00:00,3,2,0.0,0.0,0.0,0.3161666666666667,21.4305,6.0,0,20.164727640596677,55.0,0.0,0.0,0.0,0.0,0.0,44.064775456080895,optimal
2021-02-11 19:30:00,3,2,1.1017952616505577,0.0,0.0,0.2042333333333333,14.3325,6.0,0,20.0,55.0,0.0,3856.2834157769516,0.0,0.0,0.0,43.835369455186196,optimal
2021-02-11 20:00:00,3,2,1.145243800712388,0.0,0.0,0.20396666666666666,13.692,6.0,0,20.0,55.0,0.0,4008.3533024933586,0.0,0.0,0.0,43.60619286029239,optimal
2021-02-11 20:30:00,3,2,0.0,0.0,0.0,0.3048,14.007,6.0,0,20.0,55.0,0.0,0.0,0.0,0.0,0.0,43.37724544199347,optimal
2021-02-11 21:00:00,3,2,0.0,0.0,0.0,0.3778,12.873,6.0,0,19.832243445192624,55.0,0.0,0.0,0.0,0.0,0.0,43.14852697111286,optimal
2021-02-11 21:30:00,3,2,0.0,0.0,0.0,0.2562,12.684,6.0,0,19.671850336452756,55.0,0.0,0.0,0.0,0.0,0.0,42.92003721870312,optimal
2021-02-11 22:00:00,3,2,0.0,0.0,0.0,0.5596,12.306,6.0,0,19.5100995989883,55.0,0.0,0.0,0.0,0.0,0.0,42.87711718148442,optimal
2021-02-11 22:30:00,3,2,0.0,0.0,0.0,1.3091666666666668,10.6365,6.0,0,19.36764777361406,55.0,0.0,0.0,0.0,0.0,0.0,42.83424006430294,optimal
2021-02-11 23:00:00,3,2,0.0,0.0,0.0,0.056,11.2455,6.0,0,19.251391965658065,55.0,0.0,0.0,0.0,0.0,0.0,42.79140582423864,optimal
2021-02-11 23:30:00,3,2,0.0,0.0,0.0,0.055,11.2455,6.0,0,19.069009164100777,55.0,0.0,0.0,0.0,0.0,0.0,42.7486144184144,optimal
2021-02-12 00:00:00,3,2,2.0,0.0,0.0,0.052333333333333336,10.3635,6.0,0,19.069009164100777,55.0,0.0,7000.0,0.0,0.0,0.0,42.705865803995984,optimal
2021-02-12 00:30:00,3,2,2.0,0.0,0.0,0.062,10.8045,6.0,0,19.19243602228664,55.0,0.013333333333333334,5606.666666666667,0.0,1393.3333333333333,0.0,42.66315993819199,optimal
2021-02-12 01:00:00,3,2,2.0,0.0,0.0,0.27466666666666667,11.025,6.0,0,19.2539724303919,55.0,0.013333333333333334,7000.0,0.0,0.0,0.0,42.620496778253795,optimal
2021-02-12 01:30:00,3,2,2.0,0.0,0.0,0.07666666666666667,10.3635,6.0,0,19.385361425611684,55.0,0.013333333333333334,7000.0,0.0,0.0,0.0,42.57787628147554,optimal
2021-02-12 02:00:00,3,2,2.0,0.0,0.0,0.18666666666666662,10.8045,6.0,0,19.507854596398506,55.0,0.013333333333333334,7000.0,0.0,0.0,0.0,42.53529840519406,optimal
2021-02-12 02:30:00,3,2,2.0,0.0,0.0,0.13533333333333333,10.059,6.0,0,19.634999068909085,55.0,0.013333333333333334,7000.0,0.0,0.0,0.0,42.49276310678887,optimal
2021-02-12 03:00:00,3,2,2.0,0.0,0.0,0.07666666666666667,10.584,6.0,0,19.761155399931233,55.0,0.013333333333333334,7000.0,0.0,0.0,0.0,42.450270343682085,optimal
2021-02-12 03:30:00,3,2,2.0,0.0,9.0,0.26,9.4185,6.0,0,19.88600977811012,55.0,0.013333333333333334,7000.0,0.0,0.0,0.0,46.682820073338405,optimal
2021-02-12 04:00:00,3,2,2.0,0.0,0.0,0.09866666666666668,10.3635,6.0,0,20.02307816916606,55.0,0.013333333333333334,7000.0,0.0,0.0,0.0,46.63613725326507,optimal
2021-02-12 04:30:00,3,2,2.0,0.0,3.4762538260090095,0.09133333333333331,9.8385,6.0,0,20.157184240249705,55.0,0.013333333333333334,7000.0,0.0,0.0,0.0,48.240721683366075,optimal
2021-02-12 05:00:00,3,2,2.0,0.0,0.0,0.24966666666666662,11.067,6.0,0,20.295090734802802,55.0,0.013333333333333334,7000.0,0.0,0.0,0.0,48.192480961682705,optimal
2021-02-12 05:30:00,3,2,2.0,0.0,0.0,0.087,10.8465,6.0,0,20.44402183749634,55.0,0.013333333333333334,7000.0,0.0,0.0,0.0,48.144288480721016,optimal
2021-02-12 06:00:00,3,2,0.43925668708303145,0.0,0.0,0.062,13.671,6.0,0,20.59057416304407,55.0,0.013333333333333334,1537.3984047906101,0.0,0.0,0.0,48.096144192240295,optimal
2021-02-12 06:30:00,3,2,2.0,0.0,0.0,0.208,12.348,6.0,0,20.501672277584394,55.0,0.013333333333333334,7000.0,0.0,0.0,0.0,48.048048048048045,optimal
2021-02-12 07:00:00,3,2,0.0,0.0,0.0,0.06,14.3325,6.0,0,20.661786432329833,55.0,0.009333333333333334,0.0,0.0,0.0,0.0,48.0,optimal
2021-02-12 07:30:00,3,2,0.0,0.0,0.0,0.126,15.393,6.0,0,20.51467831239287,55.0,0.004666666666666667,0.0,0.0,0.0,0.0,47.8516108013201,optimal
2021-02-12 08:00:00,3,2,2.0,0.0,0.0,0.16133333333333336,13.587,6.0,0,20.36030087430034,55.0,0.001333333333333333,7000.0,0.0,0.0,0.0,47.70336999183888,optimal
2021-02-12 08:30:00,3,2,0.0,0.0,0.0,0.17466666666666666,16.1385,6.0,0,20.499768823708646,55.0,0.001333333333333333,0.0,0.0,0.0,0.0,47.55527742316715,optimal
2021-02-12 09:00:00,3,2,0.0,0.0,0.0,0.062,14.595,6.0,0,20.328698838019257,55.0,0.001333333333333333,0.0,0.0,0.0,0.0,47.407332947064084,optimal
2021-02-12 09:30:00,3,2,0.0,0.0,0.0,0.20866666666666664,14.637,6.0,0,20.152486306098144,55.0,0.001333333333333333,0.0,0.0,0.0,0.0,47.25953641543712,optimal
2021-02-12 10:00:00,3,2,0.8839333193493525,0.0,0.0,0.06,13.9125,6.0,0,20.0,55.0,0.001333333333333333,3093.766617722734,0.0,0.0,0.0,47.11188768034178,optimal
2021-02-12 10:30:00,3,2,0.8191661926755853,0.0,0.0,0.126,13.3665,6.0,0,20.0,55.0,0.001333333333333333,2867.0816743645487,0.0,0.0,0.0,46.96438659398154,optimal
2021-02-12 11:00:00,3,2,1.640651541796838,0.0,0.0,0.2903,13.0095,6.0,0,20.0,55.0,0.0,5742.280396288932,0.0,0.0,0.0,46.817033008707654,optimal
2021-02-12 11:30:00,3,2,0.0,0.0,0.0,0.128,13.8915,6.0,0,20.133667034389976,55.0,0.0,0.0,0.0,0.0,0.0,46.66982677701905,optimal
2021-02-12 12:00:00,3,2,0.8730548696663012,0.0,0.0,0.09533333333333331,13.188,6.0,0,20.0,55.0,0.0,3055.6920438320544,0.0,0.0,0.0,46.52276775156213,optimal
2021-02-12 12:30:00,3,2,0.8478208835939813,0.0,0.0,0.17533333333333334,12.5685,6.0,0,20.0,55.0,0.0,2967.3730925789346,0.0,0.0,0.0,46.37585578513067,optimal
2021-02-12 13:00:00,3,2,2.0,0.0,0.0,0.062,12.285,6.0,0,20.0,55.0,0.003999999999999999,6582.0,0.0,417.99999999999994,0.0,46.22909073066564,optimal
2021-02-12 13:30:00,3,2,2.0,0.0,0.0,0.27466666666666667,11.487,6.0,0,20.153629157102927,55.0,0.003999999999999999,7000.0,0.0,0.0,0.0,46.08247244125508,optimal
2021-02-12 14:00:00,3,2,2.0,0.0,0.0,0.062,11.802,6.0,0,20.3330178123789,55.0,0.003999999999999999,7000.0,0.0,0.0,0.0,45.93600077013392,optimal
2021-02-12 14:30:00,3,2,2.0,0.0,0.0,0.128,11.2245,6.0,0,20.501062433130862,55.0,0.003999999999999999,7000.0,0.0,0.0,0.0,45.78967557068389,optimal
2021-02-12 15:00:00,3,2,2.0,0.0,0.0,0.202,11.025,6.0,0,20.670043944897664,55.0,0.003999999999999999,7000.0,0.0,0.0,0.0,45.64349669643331,optimal
2021-02-12 15:30:00,3,2,2.0,0.0,0.0,0.06866666666666667,11.907,6.0,0,20.840305713135105,55.0,0.003999999999999999,7000.0,0.0,0.0,0.0,45.497464001056976,optimal
2021-02-12 16:00:00,3,2,0.0,0.0,0.0,0.062,25.83,6.0,0,21.00239849046657,55.0,0.003999999999999999,0.0,0.0,0.0,0.0,45.35157733837602,optimal
2021-02-12 16:30:00,3,2,0.0,0.0,0.0,0.10966666666666669,28.035,6.0,0,20.855509691557828,55.0,0.003999999999999999,0.0,0.0,0.0,0.0,45.205836562357746,optimal
2021-02-12 17:00:00,3,2,0.0,0.0,0.0,0.227,28.119,6.0,0,20.70959232895716,55.0,0.003999999999999999,0.0,0.0,0.0,0.0,45.06024152711549,optimal
2021-02-12 17:30:00,3,2,0.0,0.0,0.0,0.062,30.156,6.0,0,20.567688900039443,55.0,0.003999999999999999,0.0,0.0,0.0,0.0,44.91479208690847,optimal
2021-02-12 18:00:00,3,2,0.0,0.0,0.0,0.28426666666666667,29.1585,6.0,0,20.418867974940003,55.0,0.003999999999999999,0.0,0.0,0.0,0.0,44.769488096141664,optimal
2021-02-12 18:30:00,3,2,0.0,0.0,0.0,0.3236,26.712,6.0,0,20.291256462369393,55.0,0.002666666666666666,0.0,0.0,0.0,0.0,44.72471860804552,optimal
2021-02-12 19:00:00,3,2,0.0,0.0,0.0,0.209,15.435,6.0,0,20.17391193629919,55.0,0.002666666666666666,0.0,0.0,0.0,0.0,44.679993889437476,optimal
2021-02-12 19:30:00,3,2,0.3997477994611477,0.0,0.0,0.3378333333333333,13.566,6.0,0,20.052223794331436,55.0,0.0,1399.1172981140169,0.0,0.0,0.0,44.63531389554804,optimal
2021-02-12 20:00:00,3,2,0.6737533372689161,0.0,0.0,0.5437333333333334,12.789,6.0,0,20.0,55.0,0.0,2358.1366804412064,0.0,0.0,0.0,44.59067858165249,optimal
2021-02-12 20:30:00,3,2,0.0199047619047619,0.0,0.0,0.2189,12.1275,6.0,0,20.0,55.0,0.0,0.0,0.0,69.66666666666666,0.0,44.54608790307084,optimal
2021-02-12 21:00:00,3,2,0.0,0.0,0.0,0.3097333333333333,13.671,6.0,0,19.881020114090333,55.0,0.0,0.0,0.0,0.0,0.0,44.50154181516777,optimal
2021-02-12 21:30:00,3,2,1.9506666666666665,0.0,0.0,0.31706666666666666,10.668,6.0,0,19.76615375224191,55.0,0.06333333333333334,0.0,0.0,6827.333333333333,0.0,44.457040273352604,optimal
2021-02-12 22:00:00,3,2,0.0,0.0,0.0,1.2304666666666666,11.7285,6.0,0,19.6552239836197,55.0,0.050666666666666665,0.0,0.0,0.0,0.0,44.41258323307925,optimal
2021-02-12 22:30:00,3,2,0.0,0.0,0.0,0.40353333333333335,11.025,6.0,0,19.55112710468152,55.0,0.0,0.0,0.0,0.0,0.0,44.36817064984617,optimal
2021-02-12 23:00:00,3,2,0.0,0.0,0.0,0.08033333333333333,10.689,6.0,0,19.439412101171186,55.0,0.0,0.0,0.0,0.0,0.0,44.323802479196324,optimal
2021-02-12 23:30:00,3,2,0.0,0.0,0.0,0.17633333333333334,8.1585,6.0,0,19.302595160873974,55.0,0.0,0.0,0.0,0.0,0.0,44.279478676717126,optimal
2021-02-13 00:00:00,3,2,2.0,0.0,0.0,0.3644666666666666,9.3975,6.0,0,19.302595160873974,55.0,0.0,7000.0,0.0,0.0,0.0,44.23519919804041,optimal
2021-02-13 00:30:00,3,2,0.0,0.0,0.0,0.225,10.059,6.0,0,19.49908072306101,55.0,0.0,0.0,0.0,0.0,0.0,44.19096399884237,optimal
2021-02-13 01:00:00,3,2,2.0,0.0,0.0,0.6602666666666667,9.261,6.0,0,19.37989987711581,55.0,0.06498564593301435,0.0,0.0,7000.0,0.0,44.14677303484353,optimal
2021-02-13 01:30:00,3,2,2.0,0.0,0.0,0.5467666666666666,8.1585,6.0,0,19.28126127546657,55.0,0.08866666666666667,4525.333333333334,0.0,2474.6666666666665,0.0,44.10262626180868,optimal
2021-02-13 02:00:00,3,2,2.0,0.0,0.0,1.1919000000000002,9.4815,6.0,0,19.37564905169496,55.0,0.08866666666666667,7000.0,0.0,0.0,0.0,44.05852363554687,optimal
2021-02-13 02:30:00,3,2,2.0,0.0,0.0,0.5209,8.379,6.0,0,19.565050893242276,55.0,0.08866666666666667,7000.0,0.0,0.0,0.0,44.01446511191132,optimal
2021-02-13 03:00:00,3,2,2.0,0.0,0.0,0.12966666666666665,9.5235,6.0,0,19.764666663555627,55.0,0.08866666666666667,7000.0,0.0,0.0,0.0,43.97045064679941,optimal
2021-02-13 03:30:00,3,2,2.0,0.0,0.0,0.17853333333333332,8.1375,6.0,0,19.932322645844785,55.0,0.08866666666666667,7000.0,0.0,0.0,0.0,43.92648019615261,optimal
2021-02-13 04:00:00,3,2,2.0,0.0,0.0,0.2576666666666667,10.0905,6.0,0,20.10053251042028,55.0,0.08866666666666667,7000.0,0.0,0.0,0.0,43.882553715956455,optimal
2021-02-13 04:30:00,3,2,2.0,0.0,9.0,0.1202,7.539,6.0,0,20.270617111038895,55.0,0.08866666666666667,7000.0,0.0,0.0,0.0,48.1136711622405,optimal
2021-02-13 05:00:00,3,2,2.0,0.0,0.3687667206059443,0.065,7.938,6.0,0,20.432717231569068,55.0,0.08866666666666667,7000.0,0.0,0.0,0.0,48.240721683366075,optimal
2021-02-13 05:30:00,3,2,2.0,0.0,0.0,0.378,8.274,6.0,0,20.590317054553353,55.0,0.08866666666666667,7000.0,0.0,0.0,0.0,48.192480961682705,optimal
2021-02-13 06:00:00,3,2,2.0,0.0,0.0,0.3445666666666667,9.261,6.0,0,20.761040596168492,55.0,0.04733333333333333,7000.0,0.0,0.0,0.0,48.144288480721016,optimal
2021-02-13 06:30:00,3,2,2.0,0.0,0.0,0.19693333333333332,9.9225,6.0,0,20.936447525992914,55.0,0.026,7000.0,0.0,0.0,0.0,48.096144192240295,optimal
2021-02-13 07:00:00,3,2,2.0,0.0,0.0,0.2248,9.702,6.0,0,21.10720262689395,55.0,0.026,7000.0,0.0,0.0,0.0,48.048048048048045,optimal
2021-02-13 07:30:00,3,2,2.0,0.0,0.0,0.42619999999999997,10.584,6.0,0,21.275588293726027,55.0,0.026,7000.0,0.0,0.0,0.0,48.0,optimal
2021-02-13 08:00:00,3,2,2.0,0.0,0.0,0.17386666666666667,10.143,6.0,0,21.454683891944757,55.0,0.026,7000.0,0.0,0.0,0.0,47.422151101353194,optimal
2021-02-13 08:30:00,3,2,0.0,0.0,0.0,0.16026666666666667,13.0095,6.0,0,21.60275333261634,55.0,0.026,0.0,0.0,0.0,0.0,46.84488005160504,optimal
2021-02-13 09:00:00,3,2,1.2828133399979356,0.0,0.0,0.2821666666666667,11.025,6.0,0,21.443096444633767,55.0,0.026,4489.846689992774,0.0,0.0,0.0,46.268186272906625,optimal
2021-02-13 09:30:00,3,2,0.0,0.0,0.0,0.07736666666666667,12.789,6.0,0,21.486840282714613,55.0,0.026,0.0,0.0,0.0,0.0,45.69206918798692,optimal
2021-02-13 10:00:00,3,2,0.0,0.0,0.0,0.25906666666666667,12.1275,6.0,0,21.326583661042225,55.0,0.026,0.0,0.0,0.0,0.0,45.11652822015213,optimal
2021-02-13 10:30:00,3,2,0.0,0.0,0.0,0.18973333333333328,12.1695,6.0,0,21.17726866486033,55.0,0.026,0.0,0.0,0.0,0.0,44.54156279328517,optimal
2021-02-13 11:00:00,3,2,0.0,0.0,0.0,0.11220000000000001,12.306,6.0,0,21.026370303904596,55.0,0.026,0.0,0.0,0.0,0.0,43.967172331845084,optimal
2021-02-13 11:30:00,3,2,0.0,0.0,0.0,0.3366,13.23,6.0,0,20.873541169273192,55.0,0.026,0.0,0.0,0.0,0.0,43.39335626086643,optimal
2021-02-13 12:00:00,3,2,0.0,0.0,0.0,0.071,13.671,6.0,0,20.73201209441792,55.0,0.026,0.0,0.0,0.0,0.0,42.820114005958764,optimal
2021-02-13 12:30:00,3,2,0.0,0.0,0.0,0.2909,13.9335,6.0,0,20.580251609180753,55.0,0.026,0.0,0.0,0.0,0.0,42.247444993306004,optimal
2021-02-13 13:00:00,3,2,0.0,0.0,0.0,0.1579,13.293,6.0,0,20.43995057079292,55.0,0.026,0.0,0.0,0.0,0.0,41.67534864966589,optimal
2021-02-13 13:30:00,3,2,0.0,0.0,0.0,0.1925,12.1065,6.0,0,20.295577738344306,55.0,0.026,0.0,0.0,0.0,0.0,41.10382440236942,optimal
2021-02-13 14:00:00,3,2,2.0,0.0,0.0,0.25630000000000003,11.571,6.0,0,20.154499258743627,55.0,0.026,7000.0,0.0,0.0,0.0,40.532871679320245,optimal
2021-02-13 14:30:00,3,2,2.0,0.0,0.0,0.08473333333333334,11.025,6.0,0,20.324386091567902,55.0,0.026,7000.0,0.0,0.0,0.0,39.96248990899412,optimal
2021-02-13 15:00:00,3,2,2.0,0.0,0.0,0.22106666666666663,10.8465,6.0,0,20.486253806490236,55.0,0.026,7000.0,0.0,0.0,0.0,39.392678520438324,optimal
2021-02-13 15:30:00,3,2,2.0,0.0,0.0,0.1807,11.2455,6.0,0,20.653638764214428,55.0,0.026,7000.0,0.0,0.0,0.0,38.82343694327108,optimal
2021-02-13 16:00:00,3,2,0.0,0.0,0.0,0.19356666666666664,23.8665,6.0,0,20.817309341678715,55.0,0.026,0.0,0.0,0.0,0.0,38.25476460768101,optimal
2021-02-13 16:30:00,3,2,0.0,0.0,0.0,0.1328,27.4575,6.0,0,20.67320605364823,55.0,0.026,0.0,0.0,0.0,0.0,37.68666094442653,optimal
2021-02-13 17:00:00,3,2,0.0,0.0,0.0,0.39089999999999997,27.3735,6.0,0,20.527492287184455,55.0,0.024666666666666667,0.0,0.0,0.0,0.0,37.1191253848353,optimal
2021-02-13 17:30:00,3,2,0.0,0.0,0.0,0.31930000000000003,30.4605,6.0,0,20.40958264535235,55.0,0.024,0.0,0.0,0.0,0.0,36.55215736080366,optimal
2021-02-13 18:00:00,3,2,0.0,0.0,0.0,0.5877666666666667,30.0195,6.0,0,20.295432290184994,55.0,0.02,0.0,0.0,0.0,0.0,35.985756304796055,optimal
2021-02-13 18:30:00,3,2,0.0,0.0,0.0,0.47293333333333326,26.9325,6.0,0,20.196946585526163,55.0,0.019333333333333334,0.0,0.0,0.0,0.0,35.419921649844454,optimal
2021-02-13 19:00:00,3,2,0.0,0.0,0.0,1.0868,14.595,6.0,0,20.10042779942193,55.0,0.019333333333333334,0.0,0.0,0.0,0.0,34.8546528295478,optimal
2021-02-13 19:30:00,3,2,0.5429139365528525,0.0,0.0,1.7009333333333334,12.4845,6.0,0,20.0,55.0,0.019333333333333334,1900.1987779349834,0.0,0.0,0.0,34.289949278071454,optimal
2021-02-13 20:00:00,3,2,0.6096466706022609,0.0,0.0,0.7741,12.1275,6.0,0,20.0,55.0,0.019333333333333334,2133.763347107913,0.0,0.0,0.0,33.72581043014658,optimal
2021-02-13 20:30:00,3,2,0.0,0.0,0.0,0.5059666666666666,12.1275,6.0,0,20.0,55.0,0.018666666666666668,0.0,0.0,0.0,0.0,33.16223572106963,optimal
2021-02-13 21:00:00,3,2,0.0,0.0,0.0,0.5876,12.789,6.0,0,19.89952579774361,55.0,0.018666666666666668,0.0,0.0,0.0,0.0,32.59922458670175,optimal
2021-02-13 21:30:00,3,2,0.0,0.0,0.0,0.523,11.907,6.0,0,19.79467494858769,55.0,0.016,0.0,0.0,0.0,0.0,32.03677646346824,optimal
2021-02-13 22:00:00,3,2,0.0,0.0,0.0,0.32476666666666665,11.025,6.0,0,19.68585641228857,55.0,0.0,0.0,0.0,0.0,0.0,31.47489078835797,optimal
2021-02-13 22:30:00,3,2,0.0796190476190476,0.0,0.0,0.8675333333333333,8.2005,6.0,0,19.567446426028166,55.0,0.002666666666666666,0.0,0.0,278.66666666666663,0.0,31.44341589756961,optimal
2021-02-13 23:00:00,3,2,0.0,0.0,0.0,0.3659333333333333,9.5655,6.0,0,19.477167244482267,55.0,0.0,0.0,0.0,0.0,0.0,31.41197248167204,optimal
2021-02-13 23:30:00,3,2,0.13933333333333334,0.0,0.0,0.5685333333333333,7.056,6.0,0,19.371299599647138,55.0,0.0,0.0,0.0,487.6666666666667,0.0,31.38056050919037,optimal
2021-02-07 00:00:00,4,2,0.0,0.0,0.0,0.037,9.261,6.0,0,21.0,55.0,0.12,0.0,0.0,0.0,0.0,47.952,optimal
2021-02-07 00:30:00,4,2,0.0,0.0,0.0,0.037,10.3635,6.0,0,20.874457811317818,55.0,0.12,0.0,0.0,0.0,0.0,47.904047999999996,optimal
2021-02-07 01:00:00,4,2,0.0,0.0,0.0,0.037,8.274,6.0,0,20.749101647570242,55.0,0.12,0.0,0.0,0.0,0.0,47.856143952,optimal
2021-02-07 01:30:00,4,2,0.0,0.0,0.0,0.037,7.7175,6.0,0,20.623930153929123,55.0,0.12,0.0,0.0,0.0,0.0,47.80828780804799,optimal
2021-02-07 02:00:00,4,2,0.0,0.0,0.0,0.037,6.615,6.0,0,20.499306137732585,55.0,0.12,0.0,0.0,0.0,0.0,47.76047952023995,optimal
2021-02-07 02:30:00,4,2,0.0,0.0,0.0,0.037,6.174,6.0,0,20.375225611677227,55.0,0.12,0.0,0.0,0.0,0.0,47.712719040719705,optimal
2021-02-07 03:00:00,4,2,2.0,0.0,0.0,0.037,3.906,6.0,0,20.251320465200354,55.0,0.12,7000.0,0.0,0.0,0.0,47.66500632167899,optimal
2021-02-07 03:30:00,4,2,2.0,0.0,0.0,0.037,2.3415,6.0,0,20.434006181421275,55.0,0.12,7000.0,0.0,0.0,0.0,47.61734131535731,optimal
2021-02-07 04:00:00,4,2,2.0,0.0,0.0,0.037,2.205,6.0,0,20.61499723687204,55.0,0.12,7000.0,0.0,0.0,0.0,47.56972397404195,optimal
2021-02-07 04:30:00,4,2,2.0,0.0,1.9200288289558904,0.037,0.882,6.0,0,20.79430597384496,55.0,0.12,7000.0,0.0,0.0,0.0,48.434167943821954,optimal
2021-02-07 05:00:00,4,2,2.0,0.0,0.0,0.037,1.5435,6.0,0,20.97230879704187,55.0,0.12,7000.0,0.0,0.0,0.0,48.38573377587813,optimal
2021-02-07 05:30:00,4,2,2.0,0.0,0.0,0.037,1.5435,6.0,0,21.149015217492842,55.0,0.12,7000.0,0.0,0.0,0.0,48.33734804210225,optimal
2021-02-07 06:00:00,4,2,2.0,0.0,0.0,0.04533333333333334,5.0715,6.0,0,21.32443467695869,55.0,0.12,7000.0,0.0,0.0,0.0,48.289010694060146,optimal
2021-02-07 06:30:00,4,2,2.0,0.0,0.0,0.047,5.376,6.0,0,21.498576548435437,55.0,0.12,7000.0,0.0,0.0,0.0,48.240721683366075,optimal
2021-02-07 07:00:00,4,2,2.0,0.0,0.0,0.047,5.0715,6.0,0,21.67108598435615,55.0,0.12,7000.0,0.0,0.0,0.0,48.192480961682705,optimal
2021-02-07 07:30:00,4,2,1.931291521122382,0.0,0.0,0.047,5.5125,6.0,0,21.84197487382404,55.0,0.12,6759.520323928336,0.0,0.0,0.0,48.144288480721016,optimal
2021-02-07 08:00:00,4,2,0.9144948889338214,0.0,0.0,0.047,9.261,6.0,0,22.0,55.0,0.12,3200.732111268375,0.0,0.0,0.0,48.096144192240295,optimal
2021-02-07 08:30:00,4,2,0.0,0.0,0.0,0.047,11.7075,6.0,0,22.0,55.0,0.12,0.0,0.0,0.0,0.0,48.048048048048045,optimal
2021-02-07 09:00:00,4,2,0.0,0.0,0.0,0.045,12.348,6.0,0,21.859527567058564,55.0,0.11133333333333334,0.0,0.0,0.0,0.0,48.0,optimal
2021-02-07 09:30:00,4,2,0.0,0.0,0.0,0.047,12.348,6.0,0,21.727440130107976,55.0,0.11133333333333334,0.0,0.0,0.0,0.0,47.74615612157629,optimal
2021-02-07 10:00:00,4,2,0.0,0.0,0.0,0.047,12.1275,6.0,0,21.581598762338302,55.0,0.11133333333333334,0.0,0.0,0.0,0.0,47.49256608703101,optimal
2021-02-07 10:30:00,4,2,0.0,0.0,0.0,0.047,12.5265,6.0,0,21.437183717918334,55.0,0.11133333333333334,0.0,0.0,0.0,0.0,47.23922964252027,optimal
2021-02-07 11:00:00,4,2,0.979074070348183,0.0,0.0,0.047,11.7495,6.0,0,21.293092150309082,55.0,0.11133333333333334,3426.7592462186403,0.0,0.0,0.0,46.98614653445404,optimal
2021-02-07 11:30:00,4,2,0.0,0.0,0.0,0.04633333333333334,13.23,6.0,0,21.299324058268667,55.0,0.10866666666666666,0.0,0.0,0.0,0.0,46.733316509495886,optimal
2021-02-07 12:00:00,4,2,0.0,0.0,0.0,0.041466666666666666,14.3325,6.0,0,21.157682326405457,55.0,0.10666666666666667,0.0,0.0,0.0,0.0,46.48073931456268,optimal
2021-02-07 12:30:00,4,2,0.0,0.0,0.0,0.09666666666666669,14.994,6.0,0,21.02179099743063,55.0,0.10666666666666667,0.0,0.0,0.0,0.0,46.228414696824416,optimal
2021-02-07 13:00:00,4,2,0.0,0.0,0.0,0.04986666666666667,14.8155,6.0,0,20.889043043340532,55.0,0.10333333333333333,0.0,0.0,0.0,0.0,45.97634240370388,optimal
2021-02-07 13:30:00,4,2,0.0,0.0,0.0,0.08866666666666667,14.112,6.0,0,20.75524246493917,55.0,0.10333333333333333,0.0,0.0,0.0,0.0,45.72452218287647,optimal
2021-02-07 14:00:00,4,2,0.0,0.0,0.0,0.047,14.007,6.0,0,20.62186710082995,55.0,0.10333333333333333,0.0,0.0,0.0,0.0,45.47295378226988,optimal
2021-02-07 14:30:00,4,2,0.0,0.0,0.0,0.2886666666666667,13.23,6.0,0,20.48371352456419,55.0,0.10333333333333333,0.0,0.0,0.0,0.0,45.2216369500639,optimal
2021-02-07 15:00:00,4,2,2.0,0.0,0.0,0.18966666666666662,11.382,6.0,0,20.361857153060292,55.0,0.10333333333333333,7000.0,0.0,0.0,0.0,44.970571434690136,optimal
2021-02-07 15:30:00,4,2,2.0,0.0,0.0,0.2622333333333333,11.7495,6.0,0,20.55145853512304,55.0,0.10333333333333333,7000.0,0.0,0.0,0.0,44.71975698483174,optimal
2021-02-07 16:00:00,4,2,0.0,0.0,0.0,1.271,24.3285,6.0,0,20.748552425056005,55.0,0.10133333333333333,0.0,0.0,0.0,0.0,44.4691933494232,optimal
2021-02-07 16:30:00,4,2,0.0,0.0,0.0,0.4274333333333333,28.917,6.0,0,20.675871926577635,55.0,0.10066666666666667,0.0,0.0,0.0,0.0,44.21888027765007,optimal
2021-02-07 17:00:00,4,2,0.0,0.0,0.0,0.28586666666666666,31.3635,6.0,0,20.56767005617713,55.0,0.10066666666666667,0.0,0.0,0.0,0.0,43.96881751894872,optimal
2021-02-07 17:30:00,4,2,0.0,0.0,0.0,0.07666666666666667,33.306,6.0,0,20.456906894503952,55.0,0.1,0.0,0.0,0.0,0.0,43.71900482300606,optimal
2021-02-07 18:00:00,4,2,0.0,0.0,0.0,0.04686666666666667,31.3425,6.0,0,20.339769676303565,55.0,0.09866666666666667,0.0,0.0,0.0,0.0,43.46944193975935,optimal
2021-02-07 18:30:00,4,2,0.0,0.0,0.0,0.14853333333333332,28.2555,6.0,0,20.221267899420873,55.0,0.08133333333333333,0.0,0.0,0.0,0.0,43.22012861939589,optimal
2021-02-07 19:00:00,4,2,0.0,0.0,0.0,0.18419999999999997,15.6975,6.0,0,20.10955260423737,55.0,0.08,0.0,0.0,0.0,0.0,42.971064612352784,optimal
2021-02-07 19:30:00,4,2,0.7288389024679353,0.0,0.0,0.0659,12.5475,6.0,0,20.0,55.0,0.078,2550.936158637773,0.0,0.0,0.0,42.722249669316724,optimal
2021-02-07 20:00:00,4,2,0.6800865215155589,0.0,0.0,0.23153333333333334,12.0855,6.0,0,20.0,55.0,0.076,2380.3028253044563,0.0,0.0,0.0,42.4736835412237,optimal
2021-02-07 20:30:00,4,2,0.0,0.0,0.0,0.33,11.907,6.0,0,20.0,55.0,0.076,0.0,0.0,0.0,0.0,42.22536597925877,optimal
2021-02-07 21:00:00,4,2,0.0,0.0,0.0,0.30293333333333333,12.5685,6.0,0,19.89169010627269,55.0,0.076,0.0,0.0,0.0,0.0,41.977296734855805,optimal
2021-02-07 21:30:00,4,2,0.0,0.0,0.0,0.3068,13.146,6.0,0,19.781985983835224,55.0,0.07466666666666667,0.0,0.0,0.0,0.0,41.72947555969724,optimal
2021-02-07 22:00:00,4,2,0.0,0.0,0.0,0.3340666666666667,10.584,6.0,0,19.672215578999356,55.0,0.074,0.0,0.0,0.0,0.0,41.687746084137544,optimal
2021-02-07 22:30:00,4,2,0.0,0.0,0.0,0.452,6.678,6.0,0,19.571261083172644,55.0,0.074,0.0,0.0,0.0,0.0,41.64605833805341,optimal
2021-02-07 23:00:00,4,2,0.0,0.0,0.0,0.4063,7.938,6.0,0,19.482835970602125,55.0,0.074,0.0,0.0,0.0,0.0,41.604412279715355,optimal
2021-02-07 23:30:00,4,2,0.0,0.0,0.0,0.36826666666666663,5.292,6.0,0,19.39449163900406,55.0,0.074,0.0,0.0,0.0,0.0,41.56280786743564,optimal
2021-02-08 00:00:00,4,2,2.0,0.0,0.0,3.0568,5.9745,6.0,0,19.39449163900406,55.0,0.074,1356.9999999999982,0.0,5643.000000000002,0.0,41.5212450595682,optimal
2021-02-08 00:30:00,4,2,2.0,0.0,0.0,0.045,7.938,6.0,0,19.354439772217663,55.0,0.074,7000.0,0.0,0.0,0.0,41.47972381450863,optimal
2021-02-08 01:00:00,4,2,2.0,0.0,0.0,0.045666666666666654,8.6835,6.0,0,19.54867491002373,55.0,0.074,7000.0,0.0,0.0,0.0,41.43824409069412,optimal
2021-02-08 01:30:00,4,2,2.0,0.0,0.0,0.047,7.665,6.0,0,19.738679308449225,55.0,0.074,7000.0,0.0,0.0,0.0,41.39680584660343,optimal
2021-02-08 02:00:00,4,2,2.0,0.0,0.0,0.047,6.7725,6.0,0,19.91745141550694,55.0,0.074,7000.0,0.0,0.0,0.0,41.355409040756825,optimal
2021-02-08 02:30:00,4,2,2.0,0.0,0.0,0.047,5.5755,6.0,0,20.09455736478998,55.0,0.074,7000.0,0.0,0.0,0.0,41.31405363171607,optimal
2021-02-08 03:00:00,4,2,2.0,0.0,5.9657156179252535,0.047,5.0925,6.0,0,20.270737595600046,55.0,0.074,7000.0,0.0,0.0,0.0,44.10645449659885,optimal
2021-02-08 03:30:00,4,2,2.0,0.0,9.0,0.047,4.1895,6.0,0,20.44599884998734,55.0,0.074,7000.0,0.0,0.0,0.0,48.33734804210225,optimal
2021-02-08 04:00:00,4,2,2.0,0.0,0.0,0.047,7.056,6.0,0,20.61961951630139,55.0,0.074,7000.0,0.0,0.0,0.0,48.289010694060146,optimal
2021-02-08 04:30:00,4,2,2.0,0.0,0.0,0.047,5.271,6.0,0,20.791611543020572,55.0,0.074,7000.0,0.0,0.0,0.0,48.240721683366075,optimal
2021-02-08 05:00:00,4,2,2.0,0.0,0.0,0.04633333333333334,7.938,6.0,0,20.96162263930293,55.0,0.074,7000.0,0.0,0.0,0.0,48.192480961682705,optimal
2021-02-08 05:30:00,4,2,2.0,0.0,0.0,0.24086666666666667,7.938,6.0,0,21.130557300088558,55.0,0.074,7000.0,0.0,0.0,0.0,48.144288480721016,optimal
2021-02-08 06:00:00,4,2,2.0,0.0,0.0,0.047,11.907,6.0,0,21.31097998621541,55.0,0.074,7000.0,0.0,0.0,0.0,48.096144192240295,optimal
2021-02-08 06:30:00,4,2,2.0,0.0,0.0,0.047,11.025,6.0,0,21.47575188904933,55.0,0.074,7000.0,0.0,0.0,0.0,48.048048048048045,optimal
2021-02-08 07:00:00,4,2,2.0,0.0,0.0,0.162,11.2875,6.0,0,21.638959598239673,55.0,0.05266666666666667,7000.0,0.0,0.0,0.0,48.0,optimal
2021-02-08 07:30:00,4,2,0.0,0.0,0.0,0.09133333333333331,12.936,6.0,0,21.808012281953584,55.0,0.05,0.0,0.0,0.0,0.0,47.85241431900373,optimal
2021-02-08 08:00:00,4,2,0.0,0.0,0.0,0.047,13.0095,6.0,0,21.66181367375164,55.0,0.05,0.0,0.0,0.0,0.0,47.704976223688455,optimal
2021-02-08 08:30:00,4,2,0.0,0.0,0.0,0.047,13.671,6.0,0,21.5109879806828,55.0,0.05,0.0,0.0,0.0,0.0,47.55768556646849,optimal
2021-02-08 09:00:00,4,2,0.0,0.0,0.0,0.047,13.188,6.0,0,21.360532453473553,55.0,0.05,0.0,0.0,0.0,0.0,47.410542199905755,optimal
2021-02-08 09:30:00,4,2,0.0,0.0,0.0,0.047,13.8495,6.0,0,21.21044439837764,55.0,0.05,0.0,0.0,0.0,0.0,47.26354597670958,optimal
2021-02-08 10:00:00,4,2,0.0,0.0,0.0,0.047,13.23,6.0,0,21.062541898385074,55.0,0.05,0.0,0.0,0.0,0.0,47.1166967497366,optimal
2021-02-08 10:30:00,4,2,0.0,0.0,0.0,0.047,13.3665,6.0,0,20.91680903945572,55.0,0.05,0.0,0.0,0.0,0.0,46.96999437199059,optimal
2021-02-08 11:00:00,4,2,0.3478781174196198,0.0,0.0,0.047,13.0515,6.0,0,20.77104510274175,55.0,0.05,1217.5734109686694,0.0,0.0,0.0,46.823438696622325,optimal
2021-02-08 11:30:00,4,2,0.0,0.0,0.0,0.047,13.5345,6.0,0,20.678548161534916,55.0,0.05,0.0,0.0,0.0,0.0,46.677029576929435,optimal
2021-02-08 12:00:00,4,2,0.0,0.0,0.0,0.047,14.154,6.0,0,20.534155341522112,55.0,0.05,0.0,0.0,0.0,0.0,46.53076686635624,optimal
2021-02-08 12:30:00,4,2,0.0,0.0,0.0,0.047,14.112,6.0,0,20.39154244692413,55.0,0.05,0.0,0.0,0.0,0.0,46.384650418493614,optimal
2021-02-08 13:00:00,4,2,0.0,0.0,0.0,0.047,14.2485,6.0,0,20.251424817790888,55.0,0.05,0.0,0.0,0.0,0.0,46.23868008707885,optimal
2021-02-08 13:30:00,4,2,2.0,0.0,0.0,1.5954000000000002,12.789,6.0,0,20.11378428055153,55.0,0.05,7000.0,0.0,0.0,0.0,46.0928557259955,optimal
2021-02-08 14:00:00,4,2,2.0,0.0,0.0,0.8056,13.0095,6.0,0,20.302142507499383,55.0,0.04733333333333333,7000.0,0.0,0.0,0.0,45.94717718927323,optimal
2021-02-08 14:30:00,4,2,2.0,0.0,0.0,0.13646666666666668,12.1275,6.0,0,20.49096994808374,55.0,0.04733333333333333,7000.0,0.0,0.0,0.0,45.80164433108769,optimal
2021-02-08 15:00:00,4,2,2.0,0.0,0.0,0.047,12.348,6.0,0,20.67176633177177,55.0,0.04733333333333333,7000.0,0.0,0.0,0.0,45.65625700576033,optimal
2021-02-08 15:30:00,4,2,2.0,0.0,0.0,0.047,12.348,6.0,0,20.83675288110733,55.0,0.04733333333333333,7000.0,0.0,0.0,0.0,45.5110150677583,optimal
2021-02-08 16:00:00,4,2,0.0,0.0,0.0,0.047,25.389,6.0,0,21.00090197811698,55.0,0.04733333333333333,0.0,0.0,0.0,0.0,45.36591837169427,optimal
2021-02-08 16:30:00,4,2,0.0,0.0,0.0,0.047,29.1375,6.0,0,20.857802958304603,55.0,0.04733333333333333,0.0,0.0,0.0,0.0,45.22096677232631,optimal
2021-02-08 17:00:00,4,2,0.0,0.0,0.0,0.047,30.597,6.0,0,20.714653678336212,55.0,0.04733333333333333,0.0,0.0,0.0,0.0,45.07616012455771,optimal
2021-02-08 17:30:00,4,2,0.0,0.0,0.0,0.047,33.684,6.0,0,20.57145450075689,55.0,0.04733333333333333,0.0,0.0,0.0,0.0,44.93149828343688,optimal
2021-02-08 18:00:00,4,2,0.0,0.0,0.0,0.047,32.445,6.0,0,20.42784164017617,55.0,0.04733333333333333,0.0,0.0,0.0,0.0,44.78698110415717,optimal
2021-02-08 18:30:00,4,2,0.0,0.0,0.0,0.047,28.917,6.0,0,20.283818108328234,55.0,0.04733333333333333,0.0,0.0,0.0,0.0,44.64260844205674,optimal
2021-02-08 19:00:00,4,2,0.0,0.0,0.0,0.047,15.876,6.0,0,20.14120765878398,55.0,0.04733333333333333,0.0,0.0,0.0,0.0,44.49838015261842,optimal
2021-02-08 19:30:00,4,2,0.9220885542758451,0.0,0.0,0.047,12.348,6.0,0,20.0,55.0,0.04733333333333333,3227.309939965458,0.0,0.0,0.0,44.35429609146953,optimal
2021-02-08 20:00:00,4,2,0.9292190839213743,0.0,0.0,0.047,12.1275,6.0,0,20.0,55.0,0.04733333333333333,3252.26679372481,0.0,0.0,0.0,44.21035611438179,optimal
2021-02-08 20:30:00,4,2,0.0,0.0,0.0,0.047,12.348,6.0,0,20.0,55.0,0.04733333333333333,0.0,0.0,0.0,0.0,44.066560077271134,optimal
2021-02-08 21:00:00,4,2,0.0,0.0,0.0,0.047,12.1275,6.0,0,19.85690754469564,55.0,0.04733333333333333,0.0,0.0,0.0,0.0,43.922907836197595,optimal
2021-02-08 21:30:00,4,2,0.0,0.0,0.0,0.047,12.1275,6.0,0,19.71412893372466,55.0,0.04733333333333333,0.0,0.0,0.0,0.0,43.77939924736513,optimal
2021-02-08 22:00:00,4,2,0.0,0.0,0.0,0.047,11.2665,6.0,0,19.573482642839377,55.0,0.04733333333333333,0.0,0.0,0.0,0.0,43.636034167121494,optimal
2021-02-08 22:30:00,4,2,0.0,0.0,0.0,2.229,10.143,6.0,0,19.434953142254567,55.0,0.04733333333333333,0.0,0.0,0.0,0.0,43.59239813295437,optimal
2021-02-08 23:00:00,4,2,0.0,0.0,0.0,0.047,11.2455,6.0,0,19.32062747758688,55.0,0.04733333333333333,0.0,0.0,0.0,0.0,43.54880573482142,optimal
2021-02-08 23:30:00,4,2,0.0,0.0,0.0,0.04633333333333334,11.025,6.0,0,19.190565230448904,55.0,0.04733333333333333,0.0,0.0,0.0,0.0,43.5052569290866,optimal
2021-02-09 00:00:00,4,2,2.0,0.0,9.0,0.5713333333333334,10.584,6.0,0,19.190565230448904,55.0,0.04733333333333333,5606.666666666667,0.0,1393.3333333333333,0.0,47.73675167215751,optimal
2021-02-09 00:30:00,4,2,2.0,0.0,0.0,0.16146666666666668,11.2455,6.0,0,19.316919899678485,55.0,0.078,3795.3333333333335,0.0,3204.6666666666665,0.0,47.689014920485356,optimal
2021-02-09 01:00:00,4,2,2.0,0.0,0.0,0.1468,12.1275,6.0,0,19.362305961643305,55.0,0.078,7000.0,0.0,0.0,0.0,47.64132590556487,optimal
2021-02-09 01:30:00,4,2,2.0,0.0,0.0,0.12543333333333334,11.823,6.0,0,19.54313265268662,55.0,0.078,7000.0,0.0,0.0,0.0,47.5936845796593,optimal
2021-02-09 02:00:00,4,2,2.0,0.0,0.0,0.2543666666666667,11.7705,6.0,0,19.72097876934363,55.0,0.078,7000.0,0.0,0.0,0.0,47.546090895079644,optimal
2021-02-09 02:30:00,4,2,2.0,0.0,0.0,0.06,11.13,6.0,0,19.902445224859026,55.0,0.078,7000.0,0.0,0.0,0.0,47.49854480418456,optimal
2021-02-09 03:00:00,4,2,2.0,0.0,0.0,0.08013333333333333,11.6865,6.0,0,20.07444603208648,55.0,0.078,7000.0,0.0,0.0,0.0,47.45104625938038,optimal
2021-02-09 03:30:00,4,2,2.0,0.0,0.0,0.14053333333333334,10.7205,6.0,0,20.246439614793346,55.0,0.078,7000.0,0.0,0.0,0.0,47.403595213120994,optimal
2021-02-09 04:00:00,4,2,2.0,0.0,0.0,0.2119,11.424,6.0,0,20.420552803831246,55.0,0.078,7000.0,0.0,0.0,0.0,47.356191617907875,optimal
2021-02-09 04:30:00,4,2,2.0,0.0,2.1652897174995416,0.06723333333333334,10.689,6.0,0,20.597250214934473,55.0,0.078,7000.0,0.0,0.0,0.0,48.33734804210225,optimal
2021-02-09 05:00:00,4,2,2.0,0.0,0.0,0.1679,11.361,6.0,0,20.76559981302144,55.0,0.078,7000.0,0.0,0.0,0.0,48.289010694060146,optimal
2021-02-09 05:30:00,4,2,2.0,0.0,0.0,0.2119,11.571,6.0,0,20.93640157348707,55.0,0.078,7000.0,0.0,0.0,0.0,48.240721683366075,optimal
2021-02-09 06:00:00,4,2,0.0,0.0,0.0,0.16066666666666665,14.3745,6.0,0,21.107885425086078,55.0,0.078,0.0,0.0,0.0,0.0,48.192480961682705,optimal
2021-02-09 06:30:00,4,2,2.0,0.0,0.0,0.06966666666666667,13.23,6.0,0,20.969460912631437,55.0,0.078,7000.0,0.0,0.0,0.0,48.144288480721016,optimal
2021-02-09 07:00:00,4,2,0.0,0.0,0.0,2.125266666666667,13.9755,6.0,0,21.13369059554333,55.0,0.078,0.0,0.0,0.0,0.0,48.096144192240295,optimal
2021-02-09 07:30:00,4,2,0.0,0.0,0.0,0.7465333333333333,14.994,6.0,0,21.03014602785058,55.0,0.078,0.0,0.0,0.0,0.0,48.048048048048045,optimal
2021-02-09 08:00:00,4,2,0.03336509793025041,0.0,0.0,0.4933,13.671,6.0,0,20.91080391389939,55.0,0.042,116.77784275587643,0.0,0.0,0.0,48.0,optimal
2021-02-09 08:30:00,4,2,0.0,0.0,0.0,0.5057,15.981,6.0,0,20.786670432525646,55.0,0.03933333333333333,0.0,0.0,0.0,0.0,47.8122138085896,optimal
2021-02-09 09:00:00,4,2,0.0,0.0,0.0,3.0434,15.6345,6.0,0,20.66830541674025,55.0,0.03564,0.0,0.0,0.0,0.0,47.624615403370605,optimal
2021-02-09 09:30:00,4,2,0.0,0.0,0.0,1.6195,16.5375,6.0,0,20.574325354406763,55.0,0.03266666666666666,0.0,0.0,0.0,0.0,47.43720459655683,optimal
2021-02-09 10:00:00,4,2,0.0,0.0,0.0,0.3197,14.7735,6.0,0,20.483477747658238,55.0,0.03266666666666666,0.0,0.0,0.0,0.0,47.249981200549875,optimal
2021-02-09 10:30:00,4,2,0.0,0.0,0.0,0.226,15.2145,6.0,0,20.350619043124688,55.0,0.03266666666666666,0.0,0.0,0.0,0.0,47.06294502793892,optimal
2021-02-09 11:00:00,4,2,0.0,0.0,0.0,0.3566333333333333,14.553,6.0,0,20.215620659156187,55.0,0.03266666666666666,0.0,0.0,0.0,0.0,46.87609589150058,optimal
2021-02-09 11:30:00,4,2,2.0,0.0,0.0,0.1134,14.3325,6.0,0,20.086507625061518,55.0,0.03266666666666666,7000.0,0.0,0.0,0.0,46.68943360419868,optimal
2021-02-09 12:00:00,4,2,0.0,0.0,0.0,0.07,14.595,6.0,0,20.260453344055044,55.0,0.03266666666666666,0.0,0.0,0.0,0.0,46.50295797918408,optimal
2021-02-09 12:30:00,4,2,0.0,0.0,0.0,0.2864,14.994,6.0,0,20.12517981888559,55.0,0.03266666666666666,0.0,0.0,0.0,0.0,46.316668829794494,optimal
2021-02-09 13:00:00,4,2,0.7243392776168933,0.0,0.0,1.3718,14.3325,6.0,0,20.0,55.0,0.03266666666666666,2535.187471659127,0.0,0.0,0.0,46.1305659695543,optimal
2021-02-09 13:30:00,4,2,2.0,0.0,0.0,0.8345333333333333,13.8915,6.0,0,20.0,55.0,0.029333333333333333,7000.0,0.0,0.0,0.0,45.94464921217434,optimal
2021-02-09 14:00:00,4,2,2.0,0.0,0.0,0.9056333333333332,13.8915,6.0,0,20.194181856430454,55.0,0.010666666666666666,7000.0,0.0,0.0,0.0,45.758918371551765,optimal
2021-02-09 14:30:00,4,2,2.0,0.0,0.0,0.2598333333333333,13.4715,6.0,0,20.390748214988225,55.0,0.010666666666666666,7000.0,0.0,0.0,0.0,45.57337326176981,optimal
2021-02-09 15:00:00,4,2,2.0,0.0,0.0,0.17066666666666666,13.23,6.0,0,20.576740708797242,55.0,0.010666666666666666,7000.0,0.0,0.0,0.0,45.38801369709764,optimal
2021-02-09 15:30:00,4,2,2.0,0.0,0.0,0.12786666666666666,13.8915,6.0,0,20.747802056606318,55.0,0.010666666666666666,7000.0,0.0,0.0,0.0,45.20283949199014,optimal
2021-02-09 16:00:00,4,2,0.0,0.0,0.0,0.21153333333333332,26.9325,6.0,0,20.915744037133038,55.0,0.010666666666666666,0.0,0.0,0.0,0.0,45.01785046108775,optimal
2021-02-09 16:30:00,4,2,0.0,0.0,0.0,0.13040000000000002,30.303,6.0,0,20.77970853390021,55.0,0.010666666666666666,0.0,0.0,0.0,0.0,44.83304641921626,optimal
2021-02-09 17:00:00,4,2,0.0,0.0,0.0,0.11466666666666668,32.886,6.0,0,20.640383962728365,55.0,0.010666666666666666,0.0,0.0,0.0,0.0,44.648427181386644,optimal
2021-02-09 17:30:00,4,2,0.0,0.0,0.0,0.28513333333333335,34.9965,6.0,0,20.50065708199828,55.0,0.010666666666666666,0.0,0.0,0.0,0.0,44.46399256279486,optimal
2021-02-09 18:00:00,4,2,0.0,0.0,0.0,0.11453333333333332,33.327,6.0,0,20.36868151164706,55.0,0.010666666666666666,0.0,0.0,0.0,0.0,44.27974237882166,optimal
2021-02-09 18:30:00,4,2,0.0,0.0,0.0,0.9545666666666668,31.122,6.0,0,20.231615922752603,55.0,0.01,0.0,0.0,0.0,0.0,44.09567644503244,optimal
2021-02-09 19:00:00,4,2,0.0,0.0,0.0,0.35603333333333337,17.9025,6.0,0,20.121276753268724,55.0,0.007333333333333333,0.0,0.0,0.0,0.0,43.911794577177005,optimal
2021-02-09 19:30:00,4,2,0.5205565949031139,0.0,0.0,1.7985333333333333,15.6555,6.0,0,20.016310546583473,55.0,0.007333333333333333,1821.9480821608986,0.0,0.0,0.0,43.86788278259983,optimal
2021-02-09 20:00:00,4,2,0.6008316041505761,0.0,0.0,0.9474,14.553,6.0,0,20.0,55.0,0.007333333333333333,2102.9106145270166,0.0,0.0,0.0,43.82401489981723,optimal
2021-02-09 20:30:00,4,2,0.0,0.0,0.0,0.44639999999999996,14.3325,6.0,0,20.0,55.0,0.002,0.0,0.0,0.0,0.0,43.78019088491741,optimal
2021-02-09 21:00:00,4,2,0.0,0.0,0.0,0.9795333333333331,13.335,6.0,0,19.899436272837463,55.0,0.0,0.0,0.0,0.0,0.0,43.73641069403249,optimal
2021-02-09 21:30:00,4,2,0.0,0.0,0.0,0.9963333333333334,12.1275,6.0,0,19.79586209405424,55.0,0.0,0.0,0.0,0.0,0.0,43.69267428333846,optimal
2021-02-09 22:00:00,4,2,0.0,0.0,0.0,0.17126666666666668,12.2955,6.0,0,19.693421223889064,55.0,0.0,0.0,0.0,0.0,0.0,43.64898160905513,optimal
2021-02-09 22:30:00,4,2,0.0,0.0,0.0,0.18513333333333332,11.6865,6.0,0,19.56532458354273,55.0,0.0,0.0,0.0,0.0,0.0,43.605332627446074,optimal
2021-02-09 23:00:00,4,2,0.0,0.0,0.0,0.21466666666666662,11.466,6.0,0,19.439132026228055,55.0,0.0,0.0,0.0,0.0,0.0,43.56172729481863,optimal
2021-02-09 23:30:00,4,2,0.0,0.0,0.0,0.07,10.8045,6.0,0,19.31551547431313,55.0,0.0,0.0,0.0,0.0,0.0,43.51816556752381,optimal
2021-02-10 00:00:00,4,2,2.0,0.0,0.0,0.06266666666666666,10.8045,6.0,0,19.31551547431313,55.0,0.0,7000.0,0.0,0.0,0.0,43.47464740195628,optimal
2021-02-10 00:30:00,4,2,2.0,0.0,0.0,0.068,11.508,6.0,0,19.490641555034106,55.0,0.011333333333333334,5815.666666666667,0.0,1184.3333333333333,0.0,43.431172754554325,optimal
2021-02-10 01:00:00,4,2,2.0,0.0,0.0,0.068,11.508,6.0,0,19.611921082251186,55.0,0.011333333333333334,7000.0,0.0,0.0,0.0,43.38774158179977,optimal
2021-02-10 01:30:00,4,2,2.0,0.0,0.0,0.068,11.508,6.0,0,19.783431818104756,55.0,0.011333333333333334,7000.0,0.0,0.0,0.0,43.34435384021797,optimal
2021-02-10 02:00:00,4,2,2.0,0.0,0.0,0.068,11.844,6.0,0,19.952965128785006,55.0,0.011333333333333334,7000.0,0.0,0.0,0.0,43.30100948637775,optimal
2021-02-10 02:30:00,4,2,2.0,0.0,0.0,0.068,11.508,6.0,0,20.120535415970398,55.0,0.011333333333333334,7000.0,0.0,0.0,0.0,43.25770847689137,optimal
2021-02-10 03:00:00,4,2,2.0,0.0,0.0,0.068,11.508,6.0,0,20.28688528104932,55.0,0.011333333333333334,7000.0,0.0,0.0,0.0,43.21445076841448,optimal
2021-02-10 03:30:00,4,2,2.0,0.0,9.0,0.068,10.4475,6.0,0,20.45202361241208,55.0,0.011333333333333334,7000.0,0.0,0.0,0.0,47.44623631764606,optimal
2021-02-10 04:00:00,4,2,2.0,0.0,0.0,0.068,10.8675,6.0,0,20.615959233714445,55.0,0.011333333333333334,7000.0,0.0,0.0,0.0,47.398790081328414,optimal
2021-02-10 04:30:00,4,2,2.0,0.0,1.9739355848696056,0.068,10.542,6.0,0,20.778700904349087,55.0,0.011333333333333334,7000.0,0.0,0.0,0.0,48.289010694060146,optimal
2021-02-10 05:00:00,4,2,2.0,0.0,0.0,0.068,11.025,6.0,0,20.9395290153156,55.0,0.011333333333333334,7000.0,0.0,0.0,0.0,48.240721683366075,optimal
2021-02-10 05:30:00,4,2,2.0,0.0,0.0,0.068,11.025,6.0,0,21.098457503157036,55.0,0.011333333333333334,7000.0,0.0,0.0,0.0,48.192480961682705,optimal
2021-02-10 06:00:00,4,2,2.0,0.0,0.0,0.068,14.553,6.0,0,21.255500202915957,55.0,0.011333333333333334,7000.0,0.0,0.0,0.0,48.144288480721016,optimal
2021-02-10 06:30:00,4,2,2.0,0.0,0.0,0.068,13.0935,6.0,0,21.410670848873682,55.0,0.011333333333333334,7000.0,0.0,0.0,0.0,48.096144192240295,optimal
2021-02-10 07:00:00,4,2,2.0,0.0,0.0,0.066,15.6345,6.0,0,21.566167989078153,55.0,0.008666666666666666,7000.0,0.0,0.0,0.0,48.048048048048045,optimal
2021-02-10 07:30:00,4,2,0.0,0.0,0.0,0.066,18.102,6.0,0,21.729562117021352,55.0,0.006,0.0,0.0,0.0,0.0,48.0,optimal
2021-02-10 08:00:00,4,2,0.0,0.0,0.0,0.068,17.199,6.0,0,21.588618552604096,55.0,0.006,0.0,0.0,0.0,0.0,47.28912290175186,optimal
2021-02-10 08:30:00,4,2,0.0,0.0,0.0,0.068,18.2805,6.0,0,21.42977723351896,55.0,0.006,0.0,0.0,0.0,0.0,46.57895668060197,optimal
2021-02-10 09:00:00,4,2,0.0,0.0,0.0,0.068,17.4615,6.0,0,21.273549372260284,55.0,0.006,0.0,0.0,0.0,0.0,45.869500625673226,optimal
2021-02-10 09:30:00,4,2,0.0,0.0,0.0,0.068,18.3225,6.0,0,21.119915937433472,55.0,0.006,0.0,0.0,0.0,0.0,45.16075402679942,optimal
2021-02-10 10:00:00,4,2,0.0,0.0,0.0,0.068,17.094,6.0,0,20.968858031172612,55.0,0.006,0.0,0.0,0.0,0.0,44.452716174524475,optimal
2021-02-10 10:30:00,4,2,0.0,0.0,0.0,0.068,17.094,6.0,0,20.820356899899522,55.0,0.006,0.0,0.0,0.0,0.0,43.74538636010181,optimal
2021-02-10 11:00:00,4,2,0.0,0.0,0.0,0.068,17.094,6.0,0,20.674029766090616,55.0,0.006,0.0,0.0,0.0,0.0,43.03876387549357,optimal
2021-02-10 11:30:00,4,2,0.0,0.0,0.0,0.068,17.3565,6.0,0,20.529860799267727,55.0,0.006,0.0,0.0,0.0,0.0,42.33284801336994,optimal
2021-02-10 12:00:00,4,2,1.138248736219693,0.0,0.0,0.068,17.115,6.0,0,20.38747012625713,55.0,0.006,3983.8705767689257,0.0,0.0,0.0,41.62763806710843,optimal
2021-02-10 12:30:00,4,2,2.0,0.0,0.0,0.068,17.241,6.0,0,20.421234044490774,55.0,0.006,7000.0,0.0,0.0,0.0,40.923133330793185,optimal
2021-02-10 13:00:00,4,2,2.0,0.0,0.0,0.068,17.094,6.0,0,20.58677957382179,55.0,0.006,7000.0,0.0,0.0,0.0,40.21933309921425,optimal
2021-02-10 13:30:00,4,2,2.0,0.0,0.0,0.068,16.5165,6.0,0,20.75111942683804,55.0,0.006,7000.0,0.0,0.0,0.0,39.5162366678669,optimal
2021-02-10 14:00:00,4,2,0.0,0.0,0.0,0.068,17.8185,6.0,0,20.915718994344438,55.0,0.006,0.0,0.0,0.0,0.0,38.813843332950896,optimal
2021-02-10 14:30:00,4,2,2.0,0.0,0.0,0.068,17.094,6.0,0,20.774159623930043,55.0,0.006,7000.0,0.0,0.0,0.0,38.112152391369804,optimal
2021-02-10 15:00:00,4,2,2.0,0.0,0.0,0.068,16.8945,6.0,0,20.940047997336126,55.0,0.006,7000.0,0.0,0.0,0.0,37.411163140730295,optimal
2021-02-10 15:30:00,4,2,0.0,0.0,0.0,0.068,18.123,6.0,0,21.104728195464673,55.0,0.006,0.0,0.0,0.0,0.0,36.710874879341425,optimal
2021-02-10 16:00:00,4,2,0.0,0.0,0.0,0.0704,31.647,6.0,0,20.960335650525362,55.0,0.0033333333333333335,0.0,0.0,0.0,0.0,36.01128690621395,optimal
2021-02-10 16:30:00,4,2,0.0,0.0,0.0,0.068,34.9965,6.0,0,20.82312119525092,55.0,0.0033333333333333335,0.0,0.0,0.0,0.0,35.31239852105959,optimal
2021-02-10 17:00:00,4,2,0.0,0.0,0.0,0.068,34.9965,6.0,0,20.677866384710754,55.0,0.0033333333333333335,0.0,0.0,0.0,0.0,34.614209024290396,optimal
2021-02-10 17:30:00,4,2,0.0,0.0,0.0,0.068,34.9965,6.0,0,20.532212858279998,55.0,0.0033333333333333335,0.0,0.0,0.0,0.0,33.91671771701797,optimal
2021-02-10 18:00:00,4,2,0.0,0.0,0.0,0.2025,34.9965,6.0,0,20.387984285478414,55.0,0.002,0.0,0.0,0.0,0.0,33.21992390105281,optimal
2021-02-10 18:30:00,4,2,0.0,0.0,0.0,0.102,34.9965,6.0,0,20.26593717210129,55.0,0.002,0.0,0.0,0.0,0.0,32.52382687890362,optimal
2021-02-10 19:00:00,4,2,0.0,0.0,0.0,0.068,27.741,6.0,0,20.13947653981579,55.0,0.002,0.0,0.0,0.0,0.0,31.82842595377658,optimal
2021-02-10 19:30:00,4,2,0.9156254185793332,0.0,0.0,0.068,19.026,6.0,0,20.0,55.0,0.002,3204.688965027666,0.0,0.0,0.0,31.133720429574666,optimal
2021-02-10 20:00:00,4,2,0.8714143965599704,0.0,0.0,0.135,18.7215,6.0,0,20.0,55.0,0.002,3049.9503879598965,0.0,0.0,0.0,30.43970961089695,optimal
2021-02-10 20:30:00,4,2,0.0,0.0,0.0,0.18806666666666663,17.4195,6.0,0,20.0,55.0,0.0,0.0,0.0,0.0,0.0,30.409269901286056,optimal
2021-02-10 21:00:00,4,2,0.0,0.0,0.0,0.2029333333333333,16.758,6.0,0,19.87337534546132,55.0,0.0,0.0,0.0,0.0,0.0,30.378860631384768,optimal
2021-02-10 21:30:00,4,2,0.0,0.0,0.0,0.22340000000000002,14.217,6.0,0,19.75637868791319,55.0,0.0,0.0,0.0,0.0,0.0,30.348481770753384,optimal
2021-02-10 22:00:00,4,2,0.13933333333333334,0.0,0.0,0.3664,13.3665,6.0,0,19.633320065179287,55.0,0.0,0.0,0.0,487.6666666666667,0.0,30.31813328898263,optimal
2021-02-10 22:30:00,4,2,0.0398095238095238,0.0,0.0,0.24006666666666662,12.789,6.0,0,19.496427664836272,55.0,0.0,0.0,0.0,139.33333333333331,0.0,30.287815155693647,optimal
2021-02-10 23:00:00,4,2,0.0,0.0,0.0,0.068,11.907,6.0,0,19.361210398281823,55.0,0.0,0.0,0.0,0.0,0.0,30.25752734053795,optimal
2021-02-10 23:30:00,4,2,0.0,0.0,0.0,0.06333333333333334,11.7075,6.0,0,19.1982698226391,55.0,0.0,0.0,0.0,0.0,0.0,30.227269813197413,optimal
2021-02-11 00:00:00,4,2,2.0,0.0,0.0,0.06833333333333333,11.025,6.0,0,19.1982698226391,55.0,0.0,7000.0,0.0,0.0,0.0,30.197042543384217,optimal
2021-02-11 00:30:00,4,2,2.0,0.0,0.0,0.06766666666666667,12.0855,6.0,0,19.344560038223054,55.0,0.06466666666666666,242.33333333333303,0.0,6757.666666666667,0.0,30.166845500840832,optimal
2021-02-11 01:00:00,4,2,2.0,0.0,0.0,0.063,11.6865,6.0,0,19.194704216041785,55.0,0.06466666666666666,7000.0,0.0,0.0,0.0,30.136678655339992,optimal
2021-02-11 01:30:00,4,2,2.0,0.0,0.0,0.063,11.2245,6.0,0,19.34247700929856,55.0,0.06466666666666666,7000.0,0.0,0.0,0.0,30.106541976684653,optimal
2021-02-11 02:00:00,4,2,2.0,0.0,0.0,0.063,11.025,6.0,0,19.489173566507436,55.0,0.06466666666666666,7000.0,0.0,0.0,0.0,30.076435434707967,optimal
2021-02-11 02:30:00,4,2,2.0,0.0,9.0,0.063,10.7835,6.0,0,19.63480172594503,55.0,0.06466666666666666,7000.0,0.0,0.0,0.0,34.32135899927326,optimal
2021-02-11 03:00:00,4,2,2.0,0.0,2.8314108208999906,0.063,11.025,6.0,0,19.77864096420343,55.0,0.06466666666666666,7000.0,0.0,0.0,0.0,35.63195778020148,optimal
2021-02-11 03:30:00,4,2,2.0,0.0,9.0,0.063,10.584,6.0,0,19.920704310077834,55.0,0.06466666666666666,7000.0,0.0,0.0,0.0,39.87132582242128,optimal
2021-02-11 04:00:00,4,2,2.0,0.0,9.0,0.063,11.025,6.0,0,20.063553763567178,55.0,0.06466666666666666,7000.0,0.0,0.0,0.0,44.10645449659885,optimal
2021-02-11 04:30:00,4,2,2.0,0.0,9.0,0.063,10.4265,6.0,0,20.207183599413554,55.0,0.06466666666666666,7000.0,0.0,0.0,0.0,48.33734804210225,optimal
2021-02-11 05:00:00,4,2,2.0,0.0,0.0,0.063,12.789,6.0,0,20.34976737256134,55.0,0.06466666666666666,7000.0,0.0,0.0,0.0,48.289010694060146,optimal
2021-02-11 05:30:00,4,2,2.0,0.0,0.0,0.063,12.684,6.0,0,20.491312701533275,55.0,0.06466666666666666,7000.0,0.0,0.0,0.0,48.240721683366075,optimal
2021-02-11 06:00:00,4,2,2.0,0.0,0.0,0.063,16.254,6.0,0,20.63364791086106,55.0,0.06466666666666666,7000.0,0.0,0.0,0.0,48.192480961682705,optimal
2021-02-11 06:30:00,4,2,2.0,0.0,0.0,0.063,17.64,6.0,0,20.776767247809758,55.0,0.06466666666666666,7000.0,0.0,0.0,0.0,48.144288480721016,optimal
2021-02-11 07:00:00,4,2,0.0,0.0,0.0,0.063,19.1625,6.0,0,20.920665001541842,55.0,0.06466666666666666,0.0,0.0,0.0,0.0,48.096144192240295,optimal
2021-02-11 07:30:00,4,2,0.0,0.0,0.0,0.7163999999999999,26.46,6.0,0,20.75891874239525,55.0,0.06333333333333334,0.0,0.0,0.0,0.0,48.048048048048045,optimal
2021-02-11 08:00:00,4,2,0.0,0.0,0.0,1.262733333333333,20.79,6.0,0,20.617478436096125,55.0,0.06333333333333334,0.0,0.0,0.0,0.0,48.0,optimal
2021-02-11 08:30:00,4,2,0.0,0.0,0.0,0.063,29.106,6.0,0,20.482111820151342,55.0,0.06333333333333334,0.0,0.0,0.0,0.0,47.71282053818429,optimal
2021-02-11 09:00:00,4,2,0.021271859942685743,0.0,0.0,0.06833333333333333,19.1835,6.0,0,20.315841409571856,55.0,0.06333333333333334,74.4515097994001,0.0,0.0,0.0,47.42592825583039,optimal
2021-02-11 09:30:00,4,2,0.0,0.0,0.0,0.073,19.6665,6.0,0,20.152948527279463,55.0,0.06333333333333334,0.0,0.0,0.0,0.0,47.13932286575885,optimal
2021-02-11 10:00:00,4,2,0.8144926120124507,0.0,0.0,1.250233333333333,19.404,6.0,0,20.0,55.0,0.06333333333333334,2850.7241420435776,0.0,0.0,0.0,46.85300408107738,optimal
2021-02-11 10:30:00,4,2,0.8783880639278726,0.0,0.0,0.7643,19.047,6.0,0,20.0,55.0,0.04533333333333334,3074.3582237475543,0.0,0.0,0.0,46.56697161518059,optimal
2021-02-11 11:00:00,4,2,1.702464362115031,0.0,0.0,1.973733333333333,18.858,6.0,0,20.0,55.0,0.04533333333333334,5958.625267402608,0.0,0.0,0.0,46.281225181749704,optimal
2021-02-11 11:30:00,4,2,0.0,0.0,0.0,0.193,19.2675,6.0,0,20.13157767907843,55.0,0.04533333333333334,0.0,0.0,0.0,0.0,45.995764494752244,optimal
2021-02-11 12:00:00,4,2,0.7990696039589641,0.0,0.0,0.18209999999999998,18.963,6.0,0,20.0,55.0,0.04533333333333334,2796.7436138563744,0.0,0.0,0.0,45.71058926844178,optimal
2021-02-11 12:30:00,4,2,1.3948352475135142,0.0,0.0,0.33946666666666664,18.438,6.0,0,20.0,55.0,0.04533333333333334,4881.923366297299,0.0,0.0,0.0,45.425699217357625,optimal
2021-02-11 13:00:00,4,2,0.0,0.0,0.0,2.1311999999999998,18.7425,6.0,0,20.10182693470907,55.0,0.042,0.0,0.0,0.0,0.0,45.141094056324555,optimal
2021-02-11 13:30:00,4,2,2.0,0.0,0.0,1.4684000000000001,15.2145,6.0,0,20.0,55.0,0.042,7000.0,0.0,0.0,0.0,44.85677350045252,optimal
2021-02-11 14:00:00,4,2,0.9163609367145934,0.0,0.0,3.1484,17.7765,6.0,0,20.2073411462628,55.0,0.03933333333333333,3207.263278501077,0.0,0.0,0.0,44.572737265136354,optimal
2021-02-11 14:30:00,4,2,2.0,0.0,0.0,2.1504000000000003,16.758,6.0,0,20.255854110941872,55.0,0.03933333333333333,7000.0,0.0,0.0,0.0,44.28898506605551,optimal
2021-02-11 15:00:00,4,2,2.0,0.0,0.0,0.5536,16.422,6.0,0,20.463410470951064,55.0,0.03933333333333333,7000.0,0.0,0.0,0.0,44.00551661917375,optimal
2021-02-11 15:30:00,4,2,2.0,0.0,0.0,2.417866666666667,16.758,6.0,0,20.663688159698015,55.0,0.03333333333333333,7000.0,0.0,0.0,0.0,43.722331640738865,optimal
2021-02-11 16:00:00,4,2,0.0,0.0,0.0,0.5036666666666667,29.358,6.0,0,20.873449685656,55.0,0.03133333333333333,0.0,0.0,0.0,0.0,43.43942984728242,optimal
2021-02-11 16:30:00,4,2,0.0,0.0,0.0,2.398733333333333,34.9965,6.0,0,20.741746974095125,55.0,0.03133333333333333,0.0,0.0,0.0,0.0,43.39599041743514,optimal
2021-02-11 17:00:00,4,2,0.0,0.0,0.0,2.0366333333333326,34.65,6.0,0,20.61431971512386,55.0,0.029333333333333333,0.0,0.0,0.0,0.0,43.3525944270177,optimal
2021-02-11 17:30:00,4,2,0.0,0.0,0.0,1.8925999999999998,34.9965,6.0,0,20.497679201269904,55.0,0.024306666666666667,0.0,0.0,0.0,0.0,43.30924183259068,optimal
2021-02-11 18:00:00,4,2,0.0,0.0,0.0,3.991533333333333,34.9965,6.0,0,20.365851037395707,55.0,0.0033333333333333335,0.0,0.0,0.0,0.0,43.26593259075809,optimal
2021-02-11 18:30:00,4,2,0.0,0.0,0.0,1.7724000000000002,30.4815,6.0,0,20.25602401311085,55.0,0.001333333333333333,0.0,0.0,0.0,0.0,43.222666658167334,optimal
2021-02-11 19:00:00,4,2,0.0,0.0,0.0,1.4752,21.4305,6.0,0,20.12043218687227,55.0,0.0,0.0,0.0,0.0,0.0,43.17944399150917,optimal
2021-02-11 19:30:00,4,2,0.6732752616505503,0.0,0.0,3.5098000000000003,14.3325,6.0,0,20.0,55.0,0.0,2356.463415776926,0.0,0.0,0.0,43.136264547517655,optimal
2021-02-11 20:00:00,4,2,1.1095485626171502,0.0,0.0,1.2681333333333333,13.692,6.0,0,20.0,55.0,0.002,3535.0866358266917,0.0,348.3333333333333,0.0,43.093128282970135,optimal
2021-02-11 20:30:00,4,2,0.0,0.0,0.0,0.362,14.007,6.0,0,20.0,55.0,0.0,0.0,0.0,0.0,0.0,43.050035154687166,optimal
2021-02-11 21:00:00,4,2,0.0,0.0,0.0,0.4113,12.873,6.0,0,19.8416971318152,55.0,0.0,0.0,0.0,0.0,0.0,43.00698511953248,optimal
2021-02-11 21:30:00,4,2,0.0,0.0,0.0,0.5227333333333334,12.684,6.0,0,19.68809744774688,55.0,0.0,0.0,0.0,0.0,0.0,42.96397813441295,optimal
2021-02-11 22:00:00,4,2,0.0199047619047619,0.0,0.0,1.2281333333333335,12.306,6.0,0,19.546100238300575,55.0,0.0,0.0,0.0,69.66666666666666,0.0,42.92101415627853,optimal
2021-02-11 22:30:00,4,2,0.0,0.0,0.0,0.073,10.6365,6.0,0,19.392599764997264,55.0,0.0,0.0,0.0,0.0,0.0,42.87809314212225,optimal
2021-02-11 23:00:00,4,2,0.0,0.0,0.0,0.073,11.2455,6.0,0,19.214306900504585,55.0,0.0,0.0,0.0,0.0,0.0,42.83521504898013,optimal
2021-02-11 23:30:00,4,2,0.0,0.0,0.0,0.07266666666666667,11.2455,6.0,0,19.032942723553862,55.0,0.0,0.0,0.0,0.0,0.0,42.79237983393115,optimal
2021-02-12 00:00:00,4,2,2.0,0.0,0.0,0.0875,10.3635,6.0,0,19.032942723553862,55.0,0.0,6860.666666666667,0.0,139.33333333333331,0.0,42.74958745409722,optimal
2021-02-12 00:30:00,4,2,2.0,0.0,0.0,0.12283333333333331,10.8045,6.0,0,19.17079454612555,55.0,0.016,5328.0,0.0,1672.0,0.0,42.70683786664312,optimal
2021-02-12 01:00:00,4,2,2.0,0.0,0.0,0.12266666666666669,11.025,6.0,0,19.245387256582887,55.0,0.014666666666666666,7000.0,0.0,0.0,0.0,42.664131028776474,optimal
2021-02-12 01:30:00,4,2,2.0,0.0,0.0,0.13853333333333334,10.3635,6.0,0,19.39605694540613,55.0,0.014666666666666666,7000.0,0.0,0.0,0.0,42.621466897747695,optimal
2021-02-12 02:00:00,4,2,2.0,0.0,0.0,0.2123333333333333,10.8045,6.0,0,19.521158473830162,55.0,0.014666666666666666,7000.0,0.0,0.0,0.0,42.578845430849945,optimal
2021-02-12 02:30:00,4,2,2.0,0.0,0.0,0.11636666666666666,10.059,6.0,0,19.649307694799763,55.0,0.014666666666666666,7000.0,0.0,0.0,0.0,42.53626658541909,optimal
2021-02-12 03:00:00,4,2,2.0,0.0,0.0,0.08783333333333333,10.584,6.0,0,19.77450768502219,55.0,0.014666666666666666,7000.0,0.0,0.0,0.0,42.49373031883367,optimal
2021-02-12 03:30:00,4,2,2.0,0.0,9.0,0.11993333333333334,9.4185,6.0,0,19.899731738672596,55.0,0.014666666666666666,7000.0,0.0,0.0,0.0,46.72623658851484,optimal
2021-02-12 04:00:00,4,2,2.0,0.0,0.0,0.15093333333333334,10.3635,6.0,0,20.030547051684163,55.0,0.014666666666666666,7000.0,0.0,0.0,0.0,46.679510351926325,optimal
2021-02-12 04:30:00,4,2,2.0,0.0,3.996528283406693,0.2142,9.8385,6.0,0,20.166864751452668,55.0,0.014666666666666666,7000.0,0.0,0.0,0.0,48.53118177619257,optimal
2021-02-12 05:00:00,4,2,2.0,0.0,0.0,0.07,11.067,6.0,0,20.310057199195132,55.0,0.014666666666666666,7000.0,0.0,0.0,0.0,48.48265059441637,optimal
2021-02-12 05:30:00,4,2,2.0,0.0,0.0,0.28086666666666665,10.8465,6.0,0,20.450992716678183,55.0,0.014666666666666666,7000.0,0.0,0.0,0.0,48.434167943821954,optimal
2021-02-12 06:00:00,4,2,0.0,0.0,0.0,0.07,13.671,6.0,0,20.605958671216968,55.0,0.014666666666666666,0.0,0.0,0.0,0.0,48.38573377587813,optimal
2021-02-12 06:30:00,4,2,2.0,0.0,0.0,0.2742,12.348,6.0,0,20.449975237825054,55.0,0.014666666666666666,7000.0,0.0,0.0,0.0,48.33734804210225,optimal
2021-02-12 07:00:00,4,2,0.0,0.0,0.0,0.07666666666666667,14.3325,6.0,0,20.611211518605113,55.0,0.014666666666666666,0.0,0.0,0.0,0.0,48.289010694060146,optimal
2021-02-12 07:30:00,4,2,0.0,0.0,0.0,0.11,15.393,6.0,0,20.456938263166283,55.0,0.014666666666666666,0.0,0.0,0.0,0.0,48.240721683366075,optimal
2021-02-12 08:00:00,4,2,1.1754621110073764,0.0,0.0,0.1802333333333333,13.587,6.0,0,20.29869297298876,55.0,0.014666666666666666,4114.117388525818,0.0,0.0,0.0,48.192480961682705,optimal
2021-02-12 08:30:00,4,2,0.0,0.0,0.0,0.1806333333333333,16.1385,6.0,0,20.318210476804943,55.0,0.014666666666666666,0.0,0.0,0.0,0.0,48.144288480721016,optimal
2021-02-12 09:00:00,4,2,0.0,0.0,0.0,0.35746666666666665,14.595,6.0,0,20.168741741934006,55.0,0.012666666666666666,0.0,0.0,0.0,0.0,48.096144192240295,optimal
2021-02-12 09:30:00,4,2,0.0,0.0,0.0,3.2421666666666664,14.637,6.0,0,20.054764212551543,55.0,0.01,0.0,0.0,0.0,0.0,48.048048048048045,optimal
2021-02-12 10:00:00,4,2,0.4521809383969585,0.0,0.0,1.2248333333333332,13.9125,6.0,0,20.0,55.0,0.008666666666666666,1582.6332843893547,0.0,0.0,0.0,48.0,optimal
2021-02-12 10:30:00,4,2,0.8631776212470068,0.0,0.0,0.28063333333333335,13.3665,6.0,0,20.0,55.0,0.008666666666666666,3021.1216743645236,0.0,0.0,0.0,47.74550703488395,optimal
2021-02-12 11:00:00,4,2,1.3139596639201292,0.0,0.0,0.19096666666666667,13.0095,6.0,0,20.0,55.0,0.008666666666666666,4598.858823720452,0.0,0.0,0.0,47.49126856273302,optimal
2021-02-12 11:30:00,4,2,0.0,0.0,0.0,1.5810666666666666,13.8915,6.0,0,20.074595650653997,55.0,0.006,0.0,0.0,0.0,0.0,47.23728432905424,optimal
2021-02-12 12:00:00,4,2,0.7137558220472328,0.0,0.0,0.2907666666666667,13.188,6.0,0,20.0,55.0,0.0033333333333333335,2498.1453771653146,0.0,0.0,0.0,46.983554079609135,optimal
2021-02-12 12:30:00,4,2,0.6920018359749214,0.0,0.0,1.3396666666666668,12.5685,6.0,0,20.0,55.0,0.002,2422.006425912225,0.0,0.0,0.0,46.73007756041348,optimal
2021-02-12 13:00:00,4,2,0.6880078504740389,0.0,0.0,1.2563666666666666,12.285,6.0,0,20.0,55.0,0.0,2408.0274766591365,0.0,0.0,0.0,46.47685451773702,optimal
2021-02-12 13:30:00,4,2,2.0,0.0,0.0,1.2440666666666667,11.487,6.0,0,20.0,55.0,0.02,4910.0,0.0,2090.0,0.0,46.223884698103234,optimal
2021-02-12 14:00:00,4,2,0.0,0.0,0.0,1.6050666666666666,11.802,6.0,0,20.11508756514204,55.0,0.018666666666666668,0.0,0.0,0.0,0.0,45.971167848289085,optimal
2021-02-12 14:30:00,4,2,2.0,0.0,0.0,0.3132,11.2245,6.0,0,20.044377456228077,55.0,0.016,7000.0,0.0,0.0,0.0,45.71870371532475,optimal
2021-02-12 15:00:00,4,2,2.0,0.0,0.0,0.3897333333333334,11.025,6.0,0,20.267040972436025,55.0,0.016,7000.0,0.0,0.0,0.0,45.46649204649338,optimal
2021-02-12 15:30:00,4,2,2.0,0.0,0.0,0.9680666666666669,11.907,6.0,0,20.508625673394775,55.0,0.011333333333333334,7000.0,0.0,0.0,0.0,45.21453258933084,optimal
2021-02-12 16:00:00,4,2,0.0,0.0,0.0,1.4308333333333332,25.83,6.0,0,20.75331927235064,55.0,0.007333333333333333,0.0,0.0,0.0,0.0,44.962825091625454,optimal
2021-02-12 16:30:00,4,2,0.0,0.0,0.0,1.449266666666667,28.035,6.0,0,20.684364288637394,55.0,0.007333333333333333,0.0,0.0,0.0,0.0,44.71136930141778,optimal
2021-02-12 17:00:00,4,2,0.0,0.0,0.0,1.4056,28.119,6.0,0,20.605352661123092,55.0,0.007333333333333333,0.0,0.0,0.0,0.0,44.46016496700032,optimal
2021-02-12 17:30:00,4,2,0.0,0.0,0.0,2.4158666666666666,30.156,6.0,0,20.527323846984338,55.0,0.006,0.0,0.0,0.0,0.0,44.20921183691727,optimal
2021-02-12 18:00:00,4,2,0.0,0.0,0.0,0.39913333333333334,29.1585,6.0,0,20.441634808870173,55.0,0.003999999999999999,0.0,0.0,0.0,0.0,43.95850965996431,optimal
2021-02-12 18:30:00,4,2,0.0,0.0,0.0,0.5230666666666667,26.712,6.0,0,20.321983365062,55.0,0.001333333333333333,0.0,0.0,0.0,0.0,43.70805818518829,optimal
2021-02-12 19:00:00,4,2,0.0,0.0,0.0,0.4541,15.435,6.0,0,20.217488543498963,55.0,0.0006666666666666665,0.0,0.0,0.0,0.0,43.664350127003104,optimal
2021-02-12 19:30:00,4,2,0.0,0.0,0.0,0.35736666666666667,13.566,6.0,0,20.13874265750748,55.0,0.0006666666666666665,0.0,0.0,0.0,0.0,43.6206857768761,optimal
2021-02-12 20:00:00,4,2,0.1395324406552553,0.0,0.0,0.28313333333333335,12.789,6.0,0,20.05985773540265,55.0,0.0006666666666666665,488.36354229339355,0.0,0.0,0.0,43.57706509109922,optimal
2021-02-12 20:30:00,4,2,0.0,0.0,0.0,0.19123333333333328,12.1275,6.0,0,20.0,55.0,0.0,0.0,0.0,0.0,0.0,43.53348802600812,optimal
2021-02-12 21:00:00,4,2,0.0,0.0,0.0,0.11453333333333332,13.671,6.0,0,19.900719793530275,55.0,0.0,0.0,0.0,0.0,0.0,43.489954537982115,optimal
2021-02-12 21:30:00,4,2,0.0,0.0,0.0,0.37903333333333333,10.668,6.0,0,19.787691453061395,55.0,0.0,0.0,0.0,0.0,0.0,43.44646458344413,optimal
2021-02-12 22:00:00,4,2,0.0,0.0,0.0,0.1759,11.7285,6.0,0,19.690066734048123,55.0,0.0,0.0,0.0,0.0,0.0,43.403018118860686,optimal
2021-02-12 22:30:00,4,2,0.0,0.0,0.0,0.242,11.025,6.0,0,19.560357042664407,55.0,0.0,0.0,0.0,0.0,0.0,43.35961510074183,optimal
2021-02-12 23:00:00,4,2,0.0,0.0,0.0,0.2777333333333333,10.689,6.0,0,19.43384930306217,55.0,0.0,0.0,0.0,0.0,0.0,43.316255485641086,optimal
2021-02-12 23:30:00,4,2,0.0,0.0,0.0,0.16383333333333333,8.1585,6.0,0,19.325165457299867,55.0,0.0,0.0,0.0,0.0,0.0,43.272939230155444,optimal
2021-02-13 00:00:00,4,2,2.0,0.0,0.0,0.063,9.3975,6.0,0,19.325165457299867,55.0,0.0,7000.0,0.0,0.0,0.0,43.22966629092529,optimal
2021-02-13 00:30:00,4,2,0.0,0.0,0.0,0.063,10.059,6.0,0,19.49159933182016,55.0,0.0,0.0,0.0,0.0,0.0,43.18643662463436,optimal
2021-02-13 01:00:00,4,2,2.0,0.0,0.0,0.19196666666666667,9.261,6.0,0,19.35076845266184,55.0,0.06698564593301436,0.0,0.0,7000.0,0.0,43.14325018800972,optimal
2021-02-13 01:30:00,4,2,2.0,0.0,0.0,0.1033,8.1585,6.0,0,19.216972767599675,55.0,0.1339712918660287,0.0,0.0,7000.0,0.0,43.100106937821714,optimal
2021-02-13 02:00:00,4,2,2.0,0.0,0.0,0.063,9.4815,6.0,0,19.080634395997485,55.0,0.198,309.0,0.0,6691.0,0.0,43.05700683088389,optimal
2021-02-13 02:30:00,4,2,2.0,0.0,0.0,0.15966666666666665,8.379,6.0,0,18.957415161541256,55.0,0.198,7000.0,0.0,0.0,0.0,43.01394982405301,optimal
2021-02-13 03:00:00,4,2,2.0,0.0,0.0,0.11946666666666668,9.5235,6.0,0,19.132215457119404,55.0,0.198,7000.0,0.0,0.0,0.0,42.97093587422896,optimal
2021-02-13 03:30:00,4,2,2.0,0.0,0.0,0.10813333333333335,8.1375,6.0,0,19.303982966426265,55.0,0.198,7000.0,0.0,0.0,0.0,42.92796493835473,optimal
2021-02-13 04:00:00,4,2,2.0,0.0,0.0,0.13066666666666665,10.0905,6.0,0,19.473639229439556,55.0,0.198,7000.0,0.0,0.0,0.0,42.88503697341637,optimal
2021-02-13 04:30:00,4,2,2.0,0.0,9.0,0.1356,7.539,6.0,0,19.642682095932557,55.0,0.198,7000.0,0.0,0.0,0.0,47.11715193644295,optimal
2021-02-13 05:00:00,4,2,2.0,0.0,2.8718592827693543,0.063,7.938,6.0,0,19.809981461717985,55.0,0.198,7000.0,0.0,0.0,0.0,48.434167943821954,optimal
2021-02-13 05:30:00,4,2,2.0,0.0,0.0,0.1275333333333333,8.274,6.0,0,19.97215609438819,55.0,0.198,7000.0,0.0,0.0,0.0,48.38573377587813,optimal
2021-02-13 06:00:00,4,2,2.0,0.0,0.0,0.1139,9.261,6.0,0,20.135246167859393,55.0,0.196,7000.0,0.0,0.0,0.0,48.33734804210225,optimal
2021-02-13 06:30:00,4,2,2.0,0.0,0.0,0.2961666666666667,9.9225,6.0,0,20.29796827843241,55.0,0.192,7000.0,0.0,0.0,0.0,48.289010694060146,optimal
2021-02-13 07:00:00,4,2,2.0,0.0,0.0,1.4025999999999998,9.702,6.0,0,20.46791193907821,55.0,0.17133333333333334,7000.0,0.0,0.0,0.0,48.240721683366075,optimal
2021-02-13 07:30:00,4,2,2.0,0.0,0.0,0.2871,10.584,6.0,0,20.659180717421336,55.0,0.17133333333333334,7000.0,0.0,0.0,0.0,48.192480961682705,optimal
2021-02-13 08:00:00,4,2,2.0,0.0,0.0,0.2531333333333333,10.143,6.0,0,20.846018035403496,55.0,0.14814666666666668,7000.0,0.0,0.0,0.0,48.144288480721016,optimal
2021-02-13 08:30:00,4,2,0.0,0.0,0.0,0.6495333333333333,13.0095,6.0,0,21.031124619930587,55.0,0.11066666666666666,0.0,0.0,0.0,0.0,48.096144192240295,optimal
2021-02-13 09:00:00,4,2,1.9500180160405483,0.0,0.0,0.48219999999999996,11.025,6.0,0,20.919616034714693,55.0,0.09382666666666667,6825.063056141918,0.0,0.0,0.0,48.048048048048045,optimal
2021-02-13 09:30:00,4,2,0.0,0.0,0.0,2.644766666666667,12.789,6.0,0,21.10072559569098,55.0,0.06133333333333333,0.0,0.0,0.0,0.0,48.0,optimal
2021-02-13 10:00:00,4,2,0.0,0.0,0.0,0.10683333333333331,12.1275,6.0,0,21.013323559086786,55.0,0.06133333333333333,0.0,0.0,0.0,0.0,47.59231738011922,optimal
2021-02-13 10:30:00,4,2,0.0,0.0,0.0,0.1923,12.1695,6.0,0,20.85957806445061,55.0,0.06133333333333333,0.0,0.0,0.0,0.0,47.18504244285832,optimal
2021-02-13 11:00:00,4,2,0.0,0.0,0.0,0.10363333333333334,12.306,6.0,0,20.711057660352058,55.0,0.06133333333333333,0.0,0.0,0.0,0.0,46.778174780534684,optimal
2021-02-13 11:30:00,4,2,0.0,0.0,0.0,0.7108666666666666,13.23,6.0,0,20.5601018152469,55.0,0.06133333333333333,0.0,0.0,0.0,0.0,46.37171398587337,optimal
2021-02-13 12:00:00,4,2,0.0,0.0,0.0,1.8464666666666667,13.671,6.0,0,20.427180851030442,55.0,0.059333333333333335,0.0,0.0,0.0,0.0,46.3253422718875,optimal
2021-02-13 12:30:00,4,2,0.0,0.0,0.0,0.5594666666666667,13.9335,6.0,0,20.32767540447625,55.0,0.051333333333333335,0.0,0.0,0.0,0.0,46.279016929615615,optimal
2021-02-13 13:00:00,4,2,0.0,0.0,0.0,0.5271,13.293,6.0,0,20.209501597995228,55.0,0.051333333333333335,0.0,0.0,0.0,0.0,46.232737912686,optimal
2021-02-13 13:30:00,4,2,0.0,0.0,0.0,0.37846666666666656,12.1065,6.0,0,20.097394824338323,55.0,0.04933333333333333,0.0,0.0,0.0,0.0,46.18650517477331,optimal
2021-02-13 14:00:00,4,2,0.5020591222592093,0.0,0.0,1.7572999999999999,11.571,6.0,0,20.0,55.0,0.048,1757.2069279072327,0.0,0.0,0.0,46.140318669598535,optimal
2021-02-13 14:30:00,4,2,2.0,0.0,0.0,4.467,11.025,6.0,0,20.0,55.0,0.048,7000.0,0.0,0.0,0.0,46.094178350928935,optimal
2021-02-13 15:00:00,4,2,2.0,0.0,0.0,3.1946666666666665,10.8465,6.0,0,20.261498586518286,55.0,0.04733333333333333,7000.0,0.0,0.0,0.0,46.04808417257801,optimal
2021-02-13 15:30:00,4,2,2.0,0.0,0.0,0.47273333333333334,11.2455,6.0,0,20.51694252177726,55.0,0.04466666666666667,7000.0,0.0,0.0,0.0,46.00203608840543,optimal
2021-02-13 16:00:00,4,2,0.0,0.0,0.0,0.5902333333333334,23.8665,6.0,0,20.750288333289387,55.0,0.043333333333333335,0.0,0.0,0.0,0.0,45.95603405231703,optimal
2021-02-13 16:30:00,4,2,0.0,0.0,0.0,0.6212000000000001,27.4575,6.0,0,20.674850891537382,55.0,0.04,0.0,0.0,0.0,0.0,45.91007801826471,optimal
2021-02-13 17:00:00,4,2,0.0,0.0,0.0,0.5294,27.3735,6.0,0,20.59988553038846,55.0,0.017333333333333333,0.0,0.0,0.0,0.0,45.864167940246446,optimal
2021-02-13 17:30:00,4,2,0.0,0.0,0.0,0.7646000000000001,30.4605,6.0,0,20.519104346837818,55.0,0.015333333333333332,0.0,0.0,0.0,0.0,45.8183037723062,optimal
2021-02-13 18:00:00,4,2,0.0,0.0,0.0,0.38106666666666666,30.0195,6.0,0,20.43525910039246,55.0,0.012,0.0,0.0,0.0,0.0,45.772485468533894,optimal
2021-02-13 18:30:00,4,2,0.0,0.0,0.0,0.5982000000000001,26.9325,6.0,0,20.329975426893192,55.0,0.011333333333333334,0.0,0.0,0.0,0.0,45.72671298306536,optimal
2021-02-13 19:00:00,4,2,0.0,0.0,0.0,0.41433333333333333,14.595,6.0,0,20.231543730173033,55.0,0.01,0.0,0.0,0.0,0.0,45.68098627008229,optimal
2021-02-13 19:30:00,4,2,0.0,0.0,0.0,1.4618,12.4845,6.0,0,20.125190052068294,55.0,0.01,0.0,0.0,0.0,0.0,45.63530528381221,optimal
2021-02-13 20:00:00,4,2,0.2714564705656011,0.0,0.0,1.6332,12.1275,6.0,0,20.042650374809668,55.0,0.007333333333333333,950.0976469796041,0.0,0.0,0.0,45.5896699785284,optimal
2021-02-13 20:30:00,4,2,0.0,0.0,0.0,0.417,12.1275,6.0,0,20.0,55.0,0.007333333333333333,0.0,0.0,0.0,0.0,45.54408030854987,optimal
2021-02-13 21:00:00,4,2,0.0,0.0,0.0,0.17893333333333333,12.789,6.0,0,19.894481594216177,55.0,0.005333333333333332,0.0,0.0,0.0,0.0,45.49853622824132,optimal
2021-02-13 21:30:00,4,2,0.0,0.0,0.0,0.4957,11.907,6.0,0,19.7796403585237,55.0,0.005333333333333332,0.0,0.0,0.0,0.0,45.453037692013076,optimal
2021-02-13 22:00:00,4,2,0.0,0.0,0.0,0.3115333333333334,11.025,6.0,0,19.683929226986706,55.0,0.0,0.0,0.0,0.0,0.0,45.40758465432106,optimal
2021-02-13 22:30:00,4,2,0.0,0.0,0.0,0.15516666666666665,8.2005,6.0,0,19.583568091547146,55.0,0.0,0.0,0.0,0.0,0.0,45.36217706966674,optimal
2021-02-13 23:00:00,4,2,0.0,0.0,0.0,0.1359,9.5655,6.0,0,19.450069454522335,55.0,0.0,0.0,0.0,0.0,0.0,45.31681489259707,optimal
2021-02-13 23:30:00,4,2,0.0,0.0,0.0,0.1457,7.056,6.0,0,19.317063870853403,55.0,0.0,0.0,0.0,0.0,0.0,45.27149807770448,optimal
2021-02-07 00:00:00,5,2,0.0,0.0,0.0,0.09923333333333333,9.261,6.0,0,21.0,55.0,0.12,0.0,0.0,0.0,0.0,47.952,optimal
2021-02-07 00:30:00,5,2,0.0,0.0,0.0,0.1555,10.3635,6.0,0,20.877173247466082,55.0,0.12,0.0,0.0,0.0,0.0,47.904047999999996,optimal
2021-02-07 01:00:00,5,2,0.0,0.0,0.0,0.066,8.274,6.0,0,20.75662555973989,55.0,0.12,0.0,0.0,0.0,0.0,47.856143952,optimal
2021-02-07 01:30:00,5,2,0.0,0.0,0.0,0.1323666666666667,7.7175,6.0,0,20.632265990794238,55.0,0.12,0.0,0.0,0.0,0.0,47.80828780804799,optimal
2021-02-07 02:00:00,5,2,0.0,0.0,0.0,0.1323666666666667,6.615,6.0,0,20.511353108722513,55.0,0.12,0.0,0.0,0.0,0.0,47.76047952023995,optimal
2021-02-07 02:30:00,5,2,0.0,0.0,0.0,0.066,6.174,6.0,0,20.3909566884315,55.0,0.12,0.0,0.0,0.0,0.0,47.712719040719705,optimal
2021-02-07 03:00:00,5,2,2.0,0.0,0.0,0.1987333333333333,3.906,6.0,0,20.26780369349306,55.0,0.12,7000.0,0.0,0.0,0.0,47.66500632167899,optimal
2021-02-07 03:30:00,5,2,2.0,0.0,0.0,0.066,2.3415,6.0,0,20.45704632872665,55.0,0.12,7000.0,0.0,0.0,0.0,47.61734131535731,optimal
2021-02-07 04:00:00,5,2,2.0,0.0,0.0,0.066,2.205,6.0,0,20.638736303418952,55.0,0.12,7000.0,0.0,0.0,0.0,47.56972397404195,optimal
2021-02-07 04:30:00,5,2,2.0,0.0,1.9200288289558904,0.09616666666666669,0.882,6.0,0,20.818738869372435,55.0,0.12,7000.0,0.0,0.0,0.0,48.434167943821954,optimal
2021-02-07 05:00:00,5,2,2.0,0.0,0.0,0.16856666666666667,1.5435,6.0,0,20.998750978686193,55.0,0.12,7000.0,0.0,0.0,0.0,48.38573377587813,optimal
2021-02-07 05:30:00,5,2,2.0,0.0,0.0,0.066,1.5435,6.0,0,21.18062127631001,55.0,0.12,7000.0,0.0,0.0,0.0,48.33734804210225,optimal
2021-02-07 06:00:00,5,2,2.0,0.0,0.0,0.19269999999999998,5.0715,6.0,0,21.356677269089992,55.0,0.12,7000.0,0.0,0.0,0.0,48.289010694060146,optimal
2021-02-07 06:30:00,5,2,2.0,0.0,0.0,0.07203333333333334,5.376,6.0,0,21.536997181343025,55.0,0.12,7000.0,0.0,0.0,0.0,48.240721683366075,optimal
2021-02-07 07:00:00,5,2,2.0,0.0,0.0,0.066,5.0715,6.0,0,21.71035762178637,55.0,0.12,7000.0,0.0,0.0,0.0,48.192480961682705,optimal
2021-02-07 07:30:00,5,2,1.623105519937314,0.0,0.0,0.1984,5.5125,6.0,0,21.88182721580689,55.0,0.12,5680.869319780599,0.0,0.0,0.0,48.144288480721016,optimal
2021-02-07 08:00:00,5,2,0.8049806032195228,0.0,0.0,0.2575,9.261,6.0,0,22.0,55.0,0.11249333333333333,2817.4321112683297,0.0,0.0,0.0,48.096144192240295,optimal
2021-02-07 08:30:00,5,2,0.0,0.0,0.0,0.06623333333333334,11.7075,6.0,0,22.0,55.0,0.09866666666666667,0.0,0.0,0.0,0.0,48.048048048048045,optimal
2021-02-07 09:00:00,5,2,0.0,0.0,0.0,0.29893333333333333,12.348,6.0,0,21.87339073677628,55.0,0.09866666666666667,0.0,0.0,0.0,0.0,48.0,optimal
2021-02-07 09:30:00,5,2,0.0,0.0,0.0,0.23213333333333333,12.348,6.0,0,21.75698571513954,55.0,0.09866666666666667,0.0,0.0,0.0,0.0,47.812396148583005,optimal
2021-02-07 10:00:00,5,2,0.0,0.0,0.0,0.14573333333333333,12.1275,6.0,0,21.631820952066278,55.0,0.09866666666666667,0.0,0.0,0.0,0.0,47.624979901017426,optimal
2021-02-07 10:30:00,5,2,0.0,0.0,0.0,0.14946666666666666,12.5265,6.0,0,21.503230615098747,55.0,0.09866666666666667,0.0,0.0,0.0,0.0,47.43775106969942,optimal
2021-02-07 11:00:00,5,2,0.0,0.0,0.0,0.07840000000000001,11.7495,6.0,0,21.37647105257272,55.0,0.09866666666666667,0.0,0.0,0.0,0.0,47.25070946721272,optimal
2021-02-07 11:30:00,5,2,0.0,0.0,0.0,0.2524333333333333,13.23,6.0,0,21.242564054172913,55.0,0.09866666666666667,0.0,0.0,0.0,0.0,47.063854906328515,optimal
2021-02-07 12:00:00,5,2,0.0,0.0,0.0,0.07540000000000001,14.3325,6.0,0,21.11725041091444,55.0,0.09866666666666667,0.0,0.0,0.0,0.0,46.877187200005196,optimal
2021-02-07 12:30:00,5,2,0.0,0.0,0.0,0.12886666666666668,14.994,6.0,0,20.98445799236073,55.0,0.09666666666666666,0.0,0.0,0.0,0.0,46.6907061613882,optimal
2021-02-07 13:00:00,5,2,0.0,0.0,0.0,0.2007333333333333,14.8155,6.0,0,20.85345565496799,55.0,0.09333333333333334,0.0,0.0,0.0,0.0,46.50441160380982,optimal
2021-02-07 13:30:00,5,2,0.0,0.0,0.0,0.30569999999999997,14.112,6.0,0,20.727253672128157,55.0,0.09333333333333334,0.0,0.0,0.0,0.0,46.318303340789015,optimal
2021-02-07 14:00:00,5,2,0.0,0.0,0.0,0.0884,14.007,6.0,0,20.610672430569334,55.0,0.09333333333333334,0.0,0.0,0.0,0.0,46.13238118603123,optimal
2021-02-07 14:30:00,5,2,0.0,0.0,0.0,0.4019666666666666,13.23,6.0,0,20.48776947436988,55.0,0.09333333333333334,0.0,0.0,0.0,0.0,45.946644953428205,optimal
2021-02-07 15:00:00,5,2,2.0,0.0,0.0,0.13356666666666667,11.382,6.0,0,20.388125042621027,55.0,0.09333333333333334,7000.0,0.0,0.0,0.0,45.76109445705779,optimal
2021-02-07 15:30:00,5,2,1.8905670456317294,0.0,0.0,0.2131333333333333,11.7495,6.0,0,20.58579961220297,55.0,0.09333333333333334,6616.984659711053,0.0,0.0,0.0,45.57572951118374,optimal
2021-02-07 16:00:00,5,2,0.0,0.0,0.0,0.24659999999999999,24.3285,6.0,0,20.76234771955786,55.0,0.09333333333333334,0.0,0.0,0.0,0.0,45.39054993025556,optimal
2021-02-07 16:30:00,5,2,0.0,0.0,0.0,0.983,28.917,6.0,0,20.64590965659308,55.0,0.08733333333333333,0.0,0.0,0.0,0.0,45.20555552890831,optimal
2021-02-07 17:00:00,5,2,0.0,0.0,0.0,1.672,31.3635,6.0,0,20.548204971879837,55.0,0.084,0.0,0.0,0.0,0.0,45.160349973379404,optimal
2021-02-07 17:30:00,5,2,0.0,0.0,0.0,1.2015666666666667,33.306,6.0,0,20.462513642938116,55.0,0.08133333333333333,0.0,0.0,0.0,0.0,45.115189623406025,optimal
2021-02-07 18:00:00,5,2,0.0,0.0,0.0,0.3444333333333333,31.3425,6.0,0,20.375217061181456,55.0,0.08133333333333333,0.0,0.0,0.0,0.0,45.070074433782615,optimal
2021-02-07 18:30:00,5,2,0.0,0.0,0.0,0.5597666666666666,28.2555,6.0,0,20.275580443469696,55.0,0.08,0.0,0.0,0.0,0.0,45.025004359348834,optimal
2021-02-07 19:00:00,5,2,0.0,0.0,0.0,0.2334,15.6975,6.0,0,20.184475186020876,55.0,0.07933333333333334,0.0,0.0,0.0,0.0,44.97997935498949,optimal
2021-02-07 19:30:00,5,2,0.0,0.0,0.0,0.44146666666666656,12.5475,6.0,0,20.086443901026133,55.0,0.07933333333333334,0.0,0.0,0.0,0.0,44.9349993756345,optimal
2021-02-07 20:00:00,5,2,0.6402008072298282,0.0,0.0,0.2798333333333333,12.0855,6.0,0,20.0,55.0,0.078,2240.7028253043986,0.0,0.0,0.0,44.89006437625886,optimal
2021-02-07 20:30:00,5,2,0.0,0.0,0.0,0.24516666666666662,11.907,6.0,0,20.0,55.0,0.07733333333333334,0.0,0.0,0.0,0.0,44.8451743118826,optimal
2021-02-07 21:00:00,5,2,0.0,0.0,0.0,0.32663333333333333,12.5685,6.0,0,19.904952115489017,55.0,0.07733333333333334,0.0,0.0,0.0,0.0,44.80032913757072,optimal
2021-02-07 21:30:00,5,2,0.0,0.0,0.0,0.3383333333333333,13.146,6.0,0,19.81852662666615,55.0,0.07666666666666666,0.0,0.0,0.0,0.0,44.75552880843315,optimal
2021-02-07 22:00:00,5,2,0.0,0.0,0.0,0.16503333333333334,10.584,6.0,0,19.73366587933522,55.0,0.07666666666666666,0.0,0.0,0.0,0.0,44.71077327962472,optimal
2021-02-07 22:30:00,5,2,0.0,0.0,0.0,0.1846,6.678,6.0,0,19.637503564748794,55.0,0.076,0.0,0.0,0.0,0.0,44.66606250634509,optimal
2021-02-07 23:00:00,5,2,0.0,0.0,0.0,0.066,7.938,6.0,0,19.534872911654734,55.0,0.076,0.0,0.0,0.0,0.0,44.62139644383875,optimal
2021-02-07 23:30:00,5,2,0.0,0.0,0.0,0.1806333333333333,5.292,6.0,0,19.412856682039312,55.0,0.076,0.0,0.0,0.0,0.0,44.57677504739491,optimal
2021-02-08 00:00:00,5,2,2.0,0.0,0.0,0.063,5.9745,6.0,0,19.412856682039312,55.0,0.076,7000.0,0.0,0.0,0.0,44.532198272347514,optimal
2021-02-08 00:30:00,5,2,2.0,0.0,0.0,0.096,7.938,6.0,0,19.595451513373874,55.0,0.10466666666666667,4004.3333333333335,0.0,2995.6666666666665,0.0,44.487666074075165,optimal
2021-02-08 01:00:00,5,2,2.0,0.0,0.0,0.08940000000000001,8.6835,6.0,0,19.64702925212824,55.0,0.10466666666666667,7000.0,0.0,0.0,0.0,44.44317840800109,optimal
2021-02-08 01:30:00,5,2,2.0,0.0,0.0,0.2559,7.665,6.0,0,19.829074222792563,55.0,0.10466666666666667,7000.0,0.0,0.0,0.0,44.398735229593086,optimal
2021-02-08 02:00:00,5,2,2.0,0.0,0.0,0.13316666666666666,6.7725,6.0,0,20.01671754078171,55.0,0.10466666666666667,7000.0,0.0,0.0,0.0,44.354336494363494,optimal
2021-02-08 02:30:00,5,2,2.0,0.0,0.0,0.0861,5.5755,6.0,0,20.19725758435976,55.0,0.10466666666666667,7000.0,0.0,0.0,0.0,44.30998215786913,optimal
2021-02-08 03:00:00,5,2,2.0,0.0,0.07328438471531447,0.27196666666666663,5.0925,6.0,0,20.37478661086624,55.0,0.10466666666666667,7000.0,0.0,0.0,0.0,44.30048225845103,optimal
2021-02-08 03:30:00,5,2,2.0,0.0,9.0,0.094,4.1895,6.0,0,20.559522932161656,55.0,0.10466666666666667,7000.0,0.0,0.0,0.0,48.53118177619257,optimal
2021-02-08 04:00:00,5,2,2.0,0.0,0.0,0.1869,7.056,6.0,0,20.73475937668413,55.0,0.10466666666666667,7000.0,0.0,0.0,0.0,48.48265059441637,optimal
2021-02-08 04:30:00,5,2,2.0,0.0,0.0,0.20216666666666663,5.271,6.0,0,20.91242200197371,55.0,0.10466666666666667,7000.0,0.0,0.0,0.0,48.434167943821954,optimal
2021-02-08 05:00:00,5,2,2.0,0.0,0.0,0.0993,7.938,6.0,0,21.08873067795954,55.0,0.10466666666666667,7000.0,0.0,0.0,0.0,48.38573377587813,optimal
2021-02-08 05:30:00,5,2,2.0,0.0,0.0,0.0861,7.938,6.0,0,21.25852411790276,55.0,0.10466666666666667,7000.0,0.0,0.0,0.0,48.33734804210225,optimal
2021-02-08 06:00:00,5,2,0.0,0.0,0.0,0.26480000000000004,11.907,6.0,0,21.426138977654244,55.0,0.10466666666666667,0.0,0.0,0.0,0.0,48.289010694060146,optimal
2021-02-08 06:30:00,5,2,2.0,0.0,0.0,0.12426666666666668,11.025,6.0,0,21.293574560114575,55.0,0.10466666666666667,7000.0,0.0,0.0,0.0,48.240721683366075,optimal
2021-02-08 07:00:00,5,2,2.0,0.0,0.0,0.062,11.2875,6.0,0,21.46187654219378,55.0,0.10333333333333333,7000.0,0.0,0.0,0.0,48.192480961682705,optimal
2021-02-08 07:30:00,5,2,0.0,0.0,0.0,0.30956666666666666,12.936,6.0,0,21.63283176346801,55.0,0.09133333333333334,0.0,0.0,0.0,0.0,48.144288480721016,optimal
2021-02-08 08:00:00,5,2,0.0,0.0,0.0,0.24916666666666662,13.0095,6.0,0,21.515344976113767,55.0,0.08466666666666667,0.0,0.0,0.0,0.0,48.096144192240295,optimal
2021-02-08 08:30:00,5,2,0.0,0.0,0.0,0.181,13.671,6.0,0,21.401263146109006,55.0,0.064,0.0,0.0,0.0,0.0,48.048048048048045,optimal
2021-02-08 09:00:00,5,2,0.0,0.0,0.0,0.3129666666666666,13.188,6.0,0,21.283050946043613,55.0,0.064,0.0,0.0,0.0,0.0,48.0,optimal
2021-02-08 09:30:00,5,2,0.0,0.0,0.0,0.12240000000000001,13.8495,6.0,0,21.163823055169562,55.0,0.064,0.0,0.0,0.0,0.0,47.82234173954077,optimal
2021-02-08 10:00:00,5,2,0.0,0.0,0.0,0.2178333333333333,13.23,6.0,0,21.01994585645282,55.0,0.064,0.0,0.0,0.0,0.0,47.644861137342,optimal
2021-02-08 10:30:00,5,2,0.0,0.0,0.0,0.13183333333333333,13.3665,6.0,0,20.881948725949535,55.0,0.064,0.0,0.0,0.0,0.0,47.467558015745425,optimal
2021-02-08 11:00:00,5,2,0.0,0.0,0.0,0.0885,13.0515,6.0,0,20.740099629224975,55.0,0.064,0.0,0.0,0.0,0.0,47.29043219727045,optimal
2021-02-08 11:30:00,5,2,0.0,0.0,0.0,0.3073666666666667,13.5345,6.0,0,20.59629430750837,55.0,0.064,0.0,0.0,0.0,0.0,47.113483504613946,optimal
2021-02-08 12:00:00,5,2,0.0,0.0,0.0,0.0862,14.154,6.0,0,20.463845261869057,55.0,0.064,0.0,0.0,0.0,0.0,46.9367117606501,optimal
2021-02-08 12:30:00,5,2,0.0,0.0,0.0,0.17716666666666667,14.112,6.0,0,20.323407844084887,55.0,0.064,0.0,0.0,0.0,0.0,46.76011678843022,optimal
2021-02-08 13:00:00,5,2,0.0,0.0,0.0,0.26589999999999997,14.2485,6.0,0,20.189431806425784,55.0,0.064,0.0,0.0,0.0,0.0,46.58369841118256,optimal
2021-02-08 13:30:00,5,2,0.9590299458510906,0.0,0.0,0.24946666666666667,12.789,6.0,0,20.067112734783443,55.0,0.062,3356.604810478817,0.0,0.0,0.0,46.40745645231215,optimal
2021-02-08 14:00:00,5,2,0.0,0.0,0.0,0.5759,13.0095,6.0,0,20.10280960737937,55.0,0.062,0.0,0.0,0.0,0.0,46.2313907354006,optimal
2021-02-08 14:30:00,5,2,2.0,0.0,0.0,1.7422,12.1275,6.0,0,20.0,55.0,0.062,7000.0,0.0,0.0,0.0,46.05550108420597,optimal
2021-02-08 15:00:00,5,2,1.405101175962964,0.0,0.0,0.7121333333333333,12.348,6.0,0,20.215412450050493,55.0,0.062,4917.854115870374,0.0,0.0,0.0,45.87978732266254,optimal
2021-02-08 15:30:00,5,2,2.0,0.0,0.0,0.42053333333333337,12.348,6.0,0,20.334212151621806,55.0,0.062,7000.0,0.0,0.0,0.0,45.833907535339875,optimal
2021-02-08 16:00:00,5,2,0.0,0.0,0.0,0.4639666666666666,25.389,6.0,0,20.54669538041253,55.0,0.062,0.0,0.0,0.0,0.0,45.788073627804536,optimal
2021-02-08 16:30:00,5,2,0.0,0.0,0.0,0.6779333333333333,29.1375,6.0,0,20.451893060551086,55.0,0.06066666666666667,0.0,0.0,0.0,0.0,45.74228555417673,optimal
2021-02-08 17:00:00,5,2,0.0,0.0,0.0,0.6053666666666667,30.597,6.0,0,20.375703790296722,55.0,0.017333333333333333,0.0,0.0,0.0,0.0,45.696543268622555,optimal
2021-02-08 17:30:00,5,2,0.0,0.0,0.0,1.1780666666666666,33.684,6.0,0,20.30782918389755,55.0,0.013333333333333334,0.0,0.0,0.0,0.0,45.65084672535393,optimal
2021-02-08 18:00:00,5,2,0.0,0.0,0.0,1.7497333333333331,32.445,6.0,0,20.237611383981356,55.0,0.012,0.0,0.0,0.0,0.0,45.60519587862858,optimal
2021-02-08 18:30:00,5,2,0.0,0.0,0.0,0.8491333333333333,28.917,6.0,0,20.176475788724687,55.0,0.012,0.0,0.0,0.0,0.0,45.55959068274995,optimal
2021-02-08 19:00:00,5,2,0.0,0.0,0.0,0.2307,15.876,6.0,0,20.095304796470856,55.0,0.012,0.0,0.0,0.0,0.0,45.5140310920672,optimal
2021-02-08 19:30:00,5,2,0.5595171257044251,0.0,0.0,0.3877,12.348,6.0,0,20.0,55.0,0.010666666666666666,1958.309939965488,0.0,0.0,0.0,45.46851706097513,optimal
2021-02-08 20:00:00,5,2,0.5683619410642383,0.0,0.0,0.3922333333333333,12.1275,6.0,0,20.0,55.0,0.010666666666666666,1989.266793724834,0.0,0.0,0.0,45.423048543914156,optimal
2021-02-08 20:30:00,5,2,0.0,0.0,0.0,0.3146333333333333,12.348,6.0,0,20.0,55.0,0.01,0.0,0.0,0.0,0.0,45.37762549537024,optimal
2021-02-08 21:00:00,5,2,0.0,0.0,0.0,0.5958333333333333,12.1275,6.0,0,19.89977524947796,55.0,0.01,0.0,0.0,0.0,0.0,45.33224786987487,optimal
2021-02-08 21:30:00,5,2,0.0,0.0,0.0,0.39,12.1275,6.0,0,19.80680399915417,55.0,0.005333333333333332,0.0,0.0,0.0,0.0,45.286915622005,optimal
2021-02-08 22:00:00,5,2,0.0,0.0,0.0,0.5183333333333334,11.2665,6.0,0,19.71556000492285,55.0,0.0,0.0,0.0,0.0,0.0,45.24162870638299,optimal
2021-02-08 22:30:00,5,2,0.0398095238095238,0.0,0.0,0.5526666666666666,10.143,6.0,0,19.63537639829117,55.0,0.0,0.0,0.0,139.33333333333331,0.0,45.196387077676604,optimal
2021-02-08 23:00:00,5,2,0.0,0.0,0.0,0.21506666666666663,11.2455,6.0,0,19.553857190413467,55.0,0.0,0.0,0.0,0.0,0.0,45.15119069059893,optimal
2021-02-08 23:30:00,5,2,0.0,0.0,0.0,0.173,11.025,6.0,0,19.42940071247041,55.0,0.0,0.0,0.0,0.0,0.0,45.106039499908334,optimal
2021-02-09 00:00:00,5,2,2.0,0.0,8.33313696884421,0.19766666666666663,10.584,6.0,0,19.42940071247041,55.0,0.0,7000.0,0.0,0.0,0.0,49.01917352060943,optimal
2021-02-09 00:30:00,5,2,2.0,0.0,0.0,0.08006666666666666,11.2455,6.0,0,19.61118016724965,55.0,0.06698564593301436,0.0,0.0,7000.0,0.0,48.97015434708881,optimal
2021-02-09 01:00:00,5,2,2.0,0.0,0.0,0.0866,12.1275,6.0,0,19.480435304208655,55.0,0.13066666666666665,345.33333333333303,0.0,6654.666666666667,0.0,48.92118419274172,optimal
2021-02-09 01:30:00,5,2,2.0,0.0,0.0,0.19113333333333332,11.823,6.0,0,19.366409363472812,55.0,0.13066666666666665,7000.0,0.0,0.0,0.0,48.87226300854897,optimal
2021-02-09 02:00:00,5,2,2.0,0.0,0.0,0.067,11.7705,6.0,0,19.54836159816676,55.0,0.13066666666666665,7000.0,0.0,0.0,0.0,48.823390745540415,optimal
2021-02-09 02:30:00,5,2,2.0,0.0,0.0,0.11273333333333332,11.13,6.0,0,19.722826571219844,55.0,0.13066666666666665,7000.0,0.0,0.0,0.0,48.774567354794875,optimal
2021-02-09 03:00:00,5,2,2.0,0.0,0.0,0.165,11.6865,6.0,0,19.89838698298599,55.0,0.13066666666666665,7000.0,0.0,0.0,0.0,48.72579278744007,optimal
2021-02-09 03:30:00,5,2,2.0,0.0,0.0,0.067,10.7205,6.0,0,20.075320844311072,55.0,0.13066666666666665,7000.0,0.0,0.0,0.0,48.67706699465263,optimal
2021-02-09 04:00:00,5,2,2.0,0.0,0.0,0.2107333333333333,11.424,6.0,0,20.247404558140857,55.0,0.13066666666666665,7000.0,0.0,0.0,0.0,48.62838992765797,optimal
2021-02-09 04:30:00,5,2,2.0,0.0,0.0,0.067,10.689,6.0,0,20.425255040448963,55.0,0.13066666666666665,7000.0,0.0,0.0,0.0,48.579761537730306,optimal
2021-02-09 05:00:00,5,2,2.0,0.0,0.0,0.165,11.361,6.0,0,20.59479016743826,55.0,0.13066666666666665,7000.0,0.0,0.0,0.0,48.53118177619257,optimal
2021-02-09 05:30:00,5,2,2.0,0.0,0.0,0.11273333333333332,11.571,6.0,0,20.76665209235027,55.0,0.13066666666666665,7000.0,0.0,0.0,0.0,48.48265059441637,optimal
2021-02-09 06:00:00,5,2,0.0,0.0,0.0,0.11926666666666667,14.3745,6.0,0,20.934974427149804,55.0,0.13066666666666665,0.0,0.0,0.0,0.0,48.434167943821954,optimal
2021-02-09 06:30:00,5,2,2.0,0.0,0.0,0.15846666666666667,13.23,6.0,0,20.79594009120506,55.0,0.13066666666666665,7000.0,0.0,0.0,0.0,48.38573377587813,optimal
2021-02-09 07:00:00,5,2,0.0,0.0,0.0,0.067,13.9755,6.0,0,20.965686890697985,55.0,0.13066666666666665,0.0,0.0,0.0,0.0,48.33734804210225,optimal
2021-02-09 07:30:00,5,2,0.0,0.0,0.0,0.2107333333333333,14.994,6.0,0,20.82341265805993,55.0,0.13066666666666665,0.0,0.0,0.0,0.0,48.289010694060146,optimal
2021-02-09 08:00:00,5,2,1.2260672500014818,0.0,0.0,0.067,13.671,6.0,0,20.687738068082513,55.0,0.13066666666666665,4291.235375005186,0.0,0.0,0.0,48.240721683366075,optimal
2021-02-09 08:30:00,5,2,0.0,0.0,0.0,0.067,15.981,6.0,0,20.73387531774676,55.0,0.13066666666666665,0.0,0.0,0.0,0.0,48.192480961682705,optimal
2021-02-09 09:00:00,5,2,0.0,0.0,0.0,0.21569999999999998,15.6345,6.0,0,20.592925227198002,55.0,0.13066666666666665,0.0,0.0,0.0,0.0,48.144288480721016,optimal
2021-02-09 09:30:00,5,2,0.0,0.0,0.0,0.16290000000000002,16.5375,6.0,0,20.467329886735474,55.0,0.128,0.0,0.0,0.0,0.0,48.096144192240295,optimal
2021-02-09 10:00:00,5,2,0.0,0.0,0.0,0.3308333333333333,14.7735,6.0,0,20.356844254587376,55.0,0.10466666666666667,0.0,0.0,0.0,0.0,48.048048048048045,optimal
2021-02-09 10:30:00,5,2,0.0,0.0,0.0,1.7747,15.2145,6.0,0,20.257665238422476,55.0,0.10133333333333333,0.0,0.0,0.0,0.0,48.0,optimal
2021-02-09 11:00:00,5,2,0.0,0.0,0.0,1.5722,14.553,6.0,0,20.170922776717745,55.0,0.10133333333333333,0.0,0.0,0.0,0.0,47.04973688462918,optimal
2021-02-09 11:30:00,5,2,2.0,0.0,0.0,0.31553333333333333,14.3325,6.0,0,20.050372929178042,55.0,0.10133333333333333,7000.0,0.0,0.0,0.0,46.10042403237374,optimal
2021-02-09 12:00:00,5,2,0.0,0.0,0.0,0.40073333333333333,14.595,6.0,0,20.22876805542143,55.0,0.09866666666666667,0.0,0.0,0.0,0.0,45.15206049297055,optimal
2021-02-09 12:30:00,5,2,0.0,0.0,0.0,0.6347666666666667,14.994,6.0,0,20.10873592319509,55.0,0.09266666666666666,0.0,0.0,0.0,0.0,44.20464531710676,optimal
2021-02-09 13:00:00,5,2,0.5789107061883025,0.0,0.0,2.2934,14.3325,6.0,0,20.0,55.0,0.09,2026.1874716590592,0.0,0.0,0.0,43.258177556418836,optimal
2021-02-09 13:30:00,5,2,0.5020589779749112,0.0,0.0,2.8470999999999997,13.8915,6.0,0,20.0,55.0,0.022,1757.2064229121893,0.0,0.0,0.0,42.312656263491604,optimal
2021-02-09 14:00:00,5,2,0.5939968590845099,0.0,0.0,2.0065999999999997,13.8915,6.0,0,20.0,55.0,0.022,2078.989006795785,0.0,0.0,0.0,41.3680804918573,optimal
2021-02-09 14:30:00,5,2,2.0,0.0,0.0,0.5474666666666667,13.4715,6.0,0,20.042281877476164,55.0,0.022,7000.0,0.0,0.0,0.0,40.42444929599463,optimal
2021-02-09 15:00:00,5,2,2.0,0.0,0.0,1.6321333333333334,13.23,6.0,0,20.262701497638616,55.0,0.022,7000.0,0.0,0.0,0.0,40.38402484669863,optimal
2021-02-09 15:30:00,5,2,2.0,0.0,0.0,0.4338333333333333,13.8915,6.0,0,20.51372665622779,55.0,0.018,7000.0,0.0,0.0,0.0,40.34364082185193,optimal
2021-02-09 16:00:00,5,2,0.0,0.0,0.0,0.2142333333333333,26.9325,6.0,0,20.730751286328452,55.0,0.015333333333333332,0.0,0.0,0.0,0.0,40.303297181030075,optimal
2021-02-09 16:30:00,5,2,0.0,0.0,0.0,0.5858666666666666,30.303,6.0,0,20.634732888970326,55.0,0.015333333333333332,0.0,0.0,0.0,0.0,40.26299388384904,optimal
2021-02-09 17:00:00,5,2,0.0,0.0,0.0,0.6283,32.886,6.0,0,20.556575271192166,55.0,0.012666666666666666,0.0,0.0,0.0,0.0,40.22273088996519,optimal
2021-02-09 17:30:00,5,2,0.0,0.0,0.0,0.21566666666666662,34.9965,6.0,0,20.477107902377217,55.0,0.012666666666666666,0.0,0.0,0.0,0.0,40.182508159075226,optimal
2021-02-09 18:00:00,5,2,0.0,0.0,0.0,0.7098666666666666,33.327,6.0,0,20.36057652859961,55.0,0.01,0.0,0.0,0.0,0.0,40.14232565091615,optimal
2021-02-09 18:30:00,5,2,0.0,0.0,0.0,0.5512666666666667,31.122,6.0,0,20.26916624174681,55.0,0.009333333333333334,0.0,0.0,0.0,0.0,40.10218332526523,optimal
2021-02-09 19:00:00,5,2,0.0,0.0,0.0,0.47773333333333334,17.9025,6.0,0,20.1811963310305,55.0,0.005333333333333332,0.0,0.0,0.0,0.0,40.06208114193996,optimal
2021-02-09 19:30:00,5,2,0.0,0.0,0.0,0.5257666666666666,15.6555,6.0,0,20.092126616111976,55.0,0.002666666666666666,0.0,0.0,0.0,0.0,40.02201906079802,optimal
2021-02-09 20:00:00,5,2,0.6086792231981999,0.0,0.0,0.3644333333333333,14.553,6.0,0,20.0,55.0,0.002666666666666666,2130.3772811936997,0.0,0.0,0.0,39.98199704173722,optimal
2021-02-09 20:30:00,5,2,0.0,0.0,0.0,0.41286666666666666,14.3325,6.0,0,20.0,55.0,0.0,0.0,0.0,0.0,0.0,39.94201504469549,optimal
2021-02-09 21:00:00,5,2,0.0,0.0,0.0,0.3197333333333333,13.335,6.0,0,19.91936211702914,55.0,0.0,0.0,0.0,0.0,0.0,39.90207302965079,optimal
2021-02-09 21:30:00,5,2,0.0,0.0,0.0,0.7493333333333334,12.1275,6.0,0,19.84654275900337,55.0,0.0,0.0,0.0,0.0,0.0,39.86217095662114,optimal
2021-02-09 22:00:00,5,2,0.0,0.0,0.0,0.6590666666666667,12.2955,6.0,0,19.779113701161197,55.0,0.0,0.0,0.0,0.0,0.0,39.82230878566452,optimal
2021-02-09 22:30:00,5,2,0.3686361904761905,0.0,0.0,0.646,11.6865,6.0,0,19.69861712014263,55.0,0.0,0.0,0.0,1290.2266666666667,0.0,39.78248647687885,optimal
2021-02-09 23:00:00,5,2,0.20860190476190477,0.0,0.0,0.21216666666666664,11.466,6.0,0,19.612122586899556,55.0,0.0,0.0,0.0,730.1066666666667,0.0,39.74270399040197,optimal
2021-02-09 23:30:00,5,2,0.05971428571428571,0.0,0.0,0.28386666666666666,10.8045,6.0,0,19.49260988921186,55.0,0.0,0.0,0.0,209.0,0.0,39.70296128641157,optimal
2021-02-10 00:00:00,5,2,2.0,0.0,0.0,0.10643333333333334,10.8045,6.0,0,19.49260988921186,55.0,0.0,7000.0,0.0,0.0,0.0,39.66325832512516,optimal
2021-02-10 00:30:00,5,2,2.0,0.0,0.0,0.1595,11.508,6.0,0,19.6685137667354,55.0,0.06698564593301436,0.0,0.0,7000.0,0.0,39.623595066800036,optimal
2021-02-10 01:00:00,5,2,2.0,0.0,0.0,0.06,11.508,6.0,0,19.53831439408545,55.0,0.09066666666666667,4525.333333333334,0.0,2474.6666666666665,0.0,39.583971471733236,optimal
2021-02-10 01:30:00,5,2,2.0,0.0,0.0,0.2059333333333333,11.508,6.0,0,19.6020706094472,55.0,0.09066666666666667,7000.0,0.0,0.0,0.0,39.5443875002615,optimal
2021-02-10 02:00:00,5,2,2.0,0.0,0.0,0.06,11.844,6.0,0,19.779347861098422,55.0,0.09066666666666667,7000.0,0.0,0.0,0.0,39.504843112761236,optimal
2021-02-10 02:30:00,5,2,2.0,0.0,0.0,0.06,11.508,6.0,0,19.94821762988565,55.0,0.09066666666666667,7000.0,0.0,0.0,0.0,39.46533826964848,optimal
2021-02-10 03:00:00,5,2,2.0,0.0,0.0,0.2059333333333333,11.508,6.0,0,20.11585751238215,55.0,0.09066666666666667,7000.0,0.0,0.0,0.0,39.42587293137883,optimal
2021-02-10 03:30:00,5,2,2.0,0.0,9.0,0.06,10.4475,6.0,0,20.288664525797298,55.0,0.09066666666666667,7000.0,0.0,0.0,0.0,43.66144705844744,optimal
2021-02-10 04:00:00,5,2,2.0,0.0,0.9269118977557493,0.14623333333333333,10.8675,6.0,0,20.45382491789708,55.0,0.09066666666666667,7000.0,0.0,0.0,0.0,44.05806876282297,optimal
2021-02-10 04:30:00,5,2,2.0,0.0,9.0,0.1197,10.542,6.0,0,20.621557201929956,55.0,0.09066666666666667,7000.0,0.0,0.0,0.0,48.289010694060146,optimal
2021-02-10 05:00:00,5,2,2.0,0.0,0.0,0.06833333333333333,11.025,6.0,0,20.786178113993135,55.0,0.09066666666666667,7000.0,0.0,0.0,0.0,48.240721683366075,optimal
2021-02-10 05:30:00,5,2,2.0,0.0,0.0,0.21359999999999998,11.025,6.0,0,20.946258482558328,55.0,0.09066666666666667,7000.0,0.0,0.0,0.0,48.192480961682705,optimal
2021-02-10 06:00:00,5,2,2.0,0.0,0.0,0.06,14.553,6.0,0,21.11083273373171,55.0,0.09066666666666667,7000.0,0.0,0.0,0.0,48.144288480721016,optimal
2021-02-10 06:30:00,5,2,2.0,0.0,0.0,0.08226666666666667,13.0935,6.0,0,21.26709201857766,55.0,0.08733333333333333,7000.0,0.0,0.0,0.0,48.096144192240295,optimal
2021-02-10 07:00:00,5,2,2.0,0.0,0.0,0.2931333333333333,15.6345,6.0,0,21.42929918269037,55.0,0.04,7000.0,0.0,0.0,0.0,48.048048048048045,optimal
2021-02-10 07:30:00,5,2,0.0,0.0,0.0,0.17766666666666667,18.102,6.0,0,21.61195548961944,55.0,0.038,0.0,0.0,0.0,0.0,48.0,optimal
2021-02-10 08:00:00,5,2,0.0,0.0,0.0,0.166,17.199,6.0,0,21.475265308335455,55.0,0.035333333333333335,0.0,0.0,0.0,0.0,47.424660453617854,optimal
2021-02-10 08:30:00,5,2,0.0,0.0,0.0,0.5941000000000001,18.2805,6.0,0,21.337859721096933,55.0,0.03333333333333333,0.0,0.0,0.0,0.0,46.849896246782095,optimal
2021-02-10 09:00:00,5,2,0.0,0.0,0.0,2.9613,17.4615,6.0,0,21.219505255055477,55.0,0.032,0.0,0.0,0.0,0.0,46.27570680415317,optimal
2021-02-10 09:30:00,5,2,0.0,0.0,0.0,2.5828,18.3225,6.0,0,21.124859606248073,55.0,0.028,0.0,0.0,0.0,0.0,45.70209155096687,optimal
2021-02-10 10:00:00,5,2,0.0,0.0,0.0,0.2668666666666667,17.094,6.0,0,21.023404626556484,55.0,0.028,0.0,0.0,0.0,0.0,45.12904991303376,optimal
2021-02-10 10:30:00,5,2,0.0,0.0,0.0,2.5294333333333334,17.094,6.0,0,20.899355170063533,55.0,0.025333333333333333,0.0,0.0,0.0,0.0,44.55658131673858,optimal
2021-02-10 11:00:00,5,2,0.0,0.0,0.0,2.8809,17.094,6.0,0,20.79939573591653,55.0,0.023333333333333334,0.0,0.0,0.0,0.0,43.984685189039695,optimal
2021-02-10 11:30:00,5,2,0.0,0.0,0.0,0.7165333333333334,17.3565,6.0,0,20.697452825455457,55.0,0.022,0.0,0.0,0.0,0.0,43.41336095746851,optimal
2021-02-10 12:00:00,5,2,0.0,0.0,0.0,0.46993333333333326,17.115,6.0,0,20.58011170227197,55.0,0.022,0.0,0.0,0.0,0.0,42.8426080501289,optimal
2021-02-10 12:30:00,5,2,0.0,0.0,0.0,0.3676333333333333,17.241,6.0,0,20.47018707962641,55.0,0.022,0.0,0.0,0.0,0.0,42.27242589569663,optimal
2021-02-10 13:00:00,5,2,1.2997628691411267,0.0,0.0,0.3688,17.094,6.0,0,20.357518822533105,55.0,0.020666666666666667,4549.170041993943,0.0,0.0,0.0,41.70281392341879,optimal
2021-02-10 13:30:00,5,2,2.0,0.0,0.0,0.43069999999999997,16.5165,6.0,0,20.442711848897183,55.0,0.017333333333333333,7000.0,0.0,0.0,0.0,41.13377156311322,optimal
2021-02-10 14:00:00,5,2,0.0,0.0,0.0,0.4589,17.8185,6.0,0,20.63861608575387,55.0,0.014,0.0,0.0,0.0,0.0,40.565298245167966,optimal
2021-02-10 14:30:00,5,2,2.0,0.0,0.0,0.42583333333333334,17.094,6.0,0,20.531337635180993,55.0,0.014,7000.0,0.0,0.0,0.0,39.99739340054065,optimal
2021-02-10 15:00:00,5,2,2.0,0.0,0.0,0.5016,16.8945,6.0,0,20.739342284005872,55.0,0.012666666666666666,7000.0,0.0,0.0,0.0,39.43005646075797,optimal
2021-02-10 15:30:00,5,2,0.0,0.0,0.0,1.3598,18.123,6.0,0,20.953798858553654,55.0,0.012666666666666666,0.0,0.0,0.0,0.0,38.863286857915064,optimal
2021-02-10 16:00:00,5,2,0.0,0.0,0.0,0.07,31.647,6.0,0,20.878795620919718,55.0,0.012666666666666666,0.0,0.0,0.0,0.0,38.297084024675,optimal
2021-02-10 16:30:00,5,2,0.0,0.0,0.0,0.782,34.9965,6.0,0,20.734626959231846,55.0,0.012666666666666666,0.0,0.0,0.0,0.0,37.73144739426818,optimal
2021-02-10 17:00:00,5,2,0.0,0.0,0.0,0.4996666666666667,34.9965,6.0,0,20.612367570262844,55.0,0.012666666666666666,0.0,0.0,0.0,0.0,37.693715946873915,optimal
2021-02-10 17:30:00,5,2,0.0,0.0,0.0,0.0836,34.9965,6.0,0,20.498047534308817,55.0,0.01,0.0,0.0,0.0,0.0,37.65602223092704,optimal
2021-02-10 18:00:00,5,2,0.0,0.0,0.0,2.0439000000000003,34.9965,6.0,0,20.378839395521194,55.0,0.006,0.0,0.0,0.0,0.0,37.618366208696116,optimal
2021-02-10 18:30:00,5,2,0.0,0.0,0.0,0.29846666666666666,34.9965,6.0,0,20.317327751949744,55.0,0.006,0.0,0.0,0.0,0.0,37.58074784248742,optimal
2021-02-10 19:00:00,5,2,0.0,0.0,0.0,0.3812,27.741,6.0,0,20.21226739835446,55.0,0.0033333333333333335,0.0,0.0,0.0,0.0,37.54316709464493,optimal
2021-02-10 19:30:00,5,2,0.0,0.0,0.0,0.5303,19.026,6.0,0,20.10429440297943,55.0,0.0026666666666666666,0.0,0.0,0.0,0.0,37.50562392755028,optimal
2021-02-10 20:00:00,5,2,0.7204620156075834,0.0,0.0,0.4016,18.7215,6.0,0,20.0,55.0,0.0026666666666666666,2521.6170546265416,0.0,0.0,0.0,37.46811830362273,optimal
2021-02-10 20:30:00,5,2,0.0,0.0,0.0,0.358,17.4195,6.0,0,20.0,55.0,0.0006666666666666665,0.0,0.0,0.0,0.0,37.43065018531911,optimal
2021-02-10 21:00:00,5,2,0.0,0.0,0.0,0.34453333333333336,16.758,6.0,0,19.88677743091098,55.0,0.0,0.0,0.0,0.0,0.0,37.39321953513379,optimal
2021-02-10 21:30:00,5,2,0.0796190476190476,0.0,0.0,1.0642333333333331,14.217,6.0,0,19.765880679274265,55.0,0.0,0.0,0.0,278.66666666666663,0.0,37.355826315598655,optimal
2021-02-10 22:00:00,5,2,0.0,0.0,0.0,0.9364,13.3665,6.0,0,19.665067288895877,55.0,0.0,0.0,0.0,0.0,0.0,37.31847048928306,optimal
2021-02-10 22:30:00,5,2,0.0,0.0,0.0,0.5379666666666667,12.789,6.0,0,19.549815408595858,55.0,0.0,0.0,0.0,0.0,0.0,37.281152018793776,optimal
2021-02-10 23:00:00,5,2,0.0,0.0,0.0,0.3101333333333333,11.907,6.0,0,19.420139210526614,55.0,0.0,0.0,0.0,0.0,0.0,37.243870866774984,optimal
2021-02-10 23:30:00,5,2,0.0199047619047619,0.0,0.0,0.31539999999999996,11.7075,6.0,0,19.273298449168102,55.0,0.0,0.0,0.0,69.66666666666666,0.0,37.20662699590821,optimal
2021-02-11 00:00:00,5,2,2.0,0.0,0.0,0.13633333333333333,11.025,6.0,0,19.273298449168102,55.0,0.0,7000.0,0.0,0.0,0.0,37.1694203689123,optimal
2021-02-11 00:30:00,5,2,2.0,0.0,0.0,0.2149333333333333,12.0855,6.0,0,19.422247930780152,55.0,0.06698564593301436,0.0,0.0,7000.0,0.0,37.13225094854339,optimal
2021-02-11 01:00:00,5,2,2.0,0.0,0.0,0.07466666666666667,11.6865,6.0,0,19.26786477313133,55.0,0.1339712918660287,0.0,0.0,7000.0,0.0,37.09511869759484,optimal
2021-02-11 01:30:00,5,2,2.0,0.0,0.0,0.11433333333333331,11.2245,6.0,0,19.10919429148845,55.0,0.13866666666666666,6509.333333333333,0.0,490.6666666666667,0.0,37.05802357889725,optimal
2021-02-11 02:00:00,5,2,2.0,0.0,0.0,0.22913333333333333,11.025,6.0,0,19.238354180540476,55.0,0.13866666666666666,7000.0,0.0,0.0,0.0,37.02096555531835,optimal
2021-02-11 02:30:00,5,2,2.0,0.0,5.84778478856413,0.08246666666666667,10.7835,6.0,0,19.393076982830376,55.0,0.13866666666666666,7000.0,0.0,0.0,0.0,39.76164236433099,optimal
2021-02-11 03:00:00,5,2,2.0,0.0,0.0,0.069,11.025,6.0,0,19.539524466544567,55.0,0.13866666666666666,7000.0,0.0,0.0,0.0,39.721880721966656,optimal
2021-02-11 03:30:00,5,2,2.0,0.0,9.0,0.1862666666666667,10.584,6.0,0,19.683587574421235,55.0,0.13866666666666666,7000.0,0.0,0.0,0.0,43.95715884124468,optimal
2021-02-11 04:00:00,5,2,2.0,0.0,0.0,0.17066666666666666,11.025,6.0,0,19.83355543585493,55.0,0.13866666666666666,7000.0,0.0,0.0,0.0,43.913201682403425,optimal
2021-02-11 04:30:00,5,2,2.0,0.0,9.0,0.077,10.4265,6.0,0,19.983568964315786,55.0,0.13866666666666666,7000.0,0.0,0.0,0.0,48.144288480721016,optimal
2021-02-11 05:00:00,5,2,2.0,0.0,0.0,0.2354,12.789,6.0,0,20.128039598688027,55.0,0.13866666666666666,7000.0,0.0,0.0,0.0,48.096144192240295,optimal
2021-02-11 05:30:00,5,2,2.0,0.0,0.0,0.12286666666666667,12.684,6.0,0,20.278683645823474,55.0,0.13866666666666666,7000.0,0.0,0.0,0.0,48.048048048048045,optimal
2021-02-11 06:00:00,5,2,2.0,0.0,0.0,0.0768,16.254,6.0,0,20.425183657823695,55.0,0.134,7000.0,0.0,0.0,0.0,48.0,optimal
2021-02-11 06:30:00,5,2,2.0,0.0,0.0,0.32493333333333335,17.64,6.0,0,20.585111445857272,55.0,0.13266666666666665,7000.0,0.0,0.0,0.0,47.7382773134451,optimal
2021-02-11 07:00:00,5,2,0.0,0.0,0.0,0.3736666666666667,19.1625,6.0,0,20.753381917256306,55.0,0.128,0.0,0.0,0.0,0.0,47.476816349576765,optimal
2021-02-11 07:30:00,5,2,0.0,0.0,0.0,0.311,26.46,6.0,0,20.619417403377543,55.0,0.10133333333333333,0.0,0.0,0.0,0.0,47.21561684667229,optimal
2021-02-11 08:00:00,5,2,0.0,0.0,0.0,0.46526666666666666,20.79,6.0,0,20.486001864444706,55.0,0.09866666666666667,0.0,0.0,0.0,0.0,46.954678543270724,optimal
2021-02-11 08:30:00,5,2,0.0,0.0,0.0,0.5193666666666666,29.106,6.0,0,20.367100988399493,55.0,0.096,0.0,0.0,0.0,0.0,46.694001178172556,optimal
2021-02-11 09:00:00,5,2,0.12894314140823784,0.0,0.0,0.32666666666666666,19.1835,6.0,0,20.243632711898673,55.0,0.07481333333333333,451.3009949288324,0.0,0.0,0.0,46.433584490439486,optimal
2021-02-11 09:30:00,5,2,0.0,0.0,0.0,0.30926666666666663,19.6665,6.0,0,20.12796872756728,55.0,0.07333333333333333,0.0,0.0,0.0,0.0,46.173428219394154,optimal
2021-02-11 10:00:00,5,2,0.7782068977267256,0.0,0.0,0.23746666666666666,19.404,6.0,0,20.0,55.0,0.07333333333333333,2723.72414204354,0.0,0.0,0.0,45.91353210461986,optimal
2021-02-11 10:30:00,5,2,0.49508139726118805,0.0,0.0,1.186233333333333,19.047,6.0,0,20.0,55.0,0.06933333333333333,1732.784890414158,0.0,0.0,0.0,45.653895885960345,optimal
2021-02-11 11:00:00,5,2,1.3723499698250112,0.0,0.0,0.7794,18.858,6.0,0,20.0,55.0,0.068,4803.224894387539,0.0,0.0,0.0,45.39451930351949,optimal
2021-02-11 11:30:00,5,2,0.0,0.0,0.0,0.4548666666666667,19.2675,6.0,0,20.11170113706561,55.0,0.06666666666666667,0.0,0.0,0.0,0.0,45.13540209766107,optimal
2021-02-11 12:00:00,5,2,0.7164372230065952,0.0,0.0,0.43806666666666666,18.963,6.0,0,20.0,55.0,0.06533333333333333,2507.530280523083,0.0,0.0,0.0,44.87654400900851,optimal
2021-02-11 12:30:00,5,2,0.9315241310821666,0.0,0.0,1.2792666666666668,18.438,6.0,0,20.0,55.0,0.06533333333333333,3260.334458787583,0.0,0.0,0.0,44.61794477844461,optimal
2021-02-11 13:00:00,5,2,0.0,0.0,0.0,0.9732333333333333,18.7425,6.0,0,20.076449692346564,55.0,0.064,0.0,0.0,0.0,0.0,44.35960414711127,optimal
2021-02-11 13:30:00,5,2,2.0,0.0,0.0,0.21159999999999998,15.2145,6.0,0,20.0,55.0,0.06133333333333333,7000.0,0.0,0.0,0.0,44.10152185640926,optimal
2021-02-11 14:00:00,5,2,0.29709128214984226,0.0,0.0,0.37239999999999995,17.7765,6.0,0,20.199794831017446,55.0,0.01896,1039.8194875244478,0.0,0.0,0.0,43.843697647997956,optimal
2021-02-11 14:30:00,5,2,2.0,0.0,0.0,0.4038,16.758,6.0,0,20.144724562250786,55.0,0.009333333333333332,7000.0,0.0,0.0,0.0,43.58613126379506,optimal
2021-02-11 15:00:00,5,2,2.0,0.0,0.0,0.6308333333333334,16.422,6.0,0,20.358676990978957,55.0,0.009333333333333332,7000.0,0.0,0.0,0.0,43.32882244597637,optimal
2021-02-11 15:30:00,5,2,2.0,0.0,0.0,0.6720333333333333,16.758,6.0,0,20.58368683660344,55.0,0.009333333333333332,7000.0,0.0,0.0,0.0,43.0717709369755,optimal
2021-02-11 16:00:00,5,2,0.0,0.0,0.0,0.4568666666666667,29.358,6.0,0,20.81145270557135,55.0,0.009333333333333332,0.0,0.0,0.0,0.0,42.814976479483626,optimal
2021-02-11 16:30:00,5,2,0.0,0.0,0.0,0.43656666666666666,34.9965,6.0,0,20.709956339256454,55.0,0.009333333333333332,0.0,0.0,0.0,0.0,42.55843881644925,optimal
2021-02-11 17:00:00,5,2,0.0,0.0,0.0,0.2097333333333333,34.65,6.0,0,20.603724188560744,55.0,0.007999999999999998,0.0,0.0,0.0,0.0,42.3021576910779,optimal
2021-02-11 17:30:00,5,2,0.0,0.0,0.0,0.15333333333333335,34.9965,6.0,0,20.486189647196152,55.0,0.005333333333333332,0.0,0.0,0.0,0.0,42.04613284683193,optimal
2021-02-11 18:00:00,5,2,0.0,0.0,0.0,0.29519999999999996,34.9965,6.0,0,20.364100500306044,55.0,0.002666666666666666,0.0,0.0,0.0,0.0,42.004086713985096,optimal
2021-02-11 18:30:00,5,2,0.0,0.0,0.0,0.27496666666666664,30.4815,6.0,0,20.248396895128092,55.0,0.0,0.0,0.0,0.0,0.0,41.96208262727111,optimal
2021-02-11 19:00:00,5,2,0.0,0.0,0.0,0.26653333333333334,21.4305,6.0,0,20.127943617790137,55.0,0.0,0.0,0.0,0.0,0.0,41.92012054464384,optimal
2021-02-11 19:30:00,5,2,0.9135762140315054,0.0,0.0,0.5629666666666667,14.3325,6.0,0,20.0,55.0,0.0,2849.1834157769354,0.0,348.3333333333333,0.0,41.87820042409919,optimal
2021-02-11 20:00:00,5,2,0.9029199911885649,0.0,0.0,0.4961666666666667,13.692,6.0,0,20.0,55.0,0.0,3160.219969159977,0.0,0.0,0.0,41.83632222367509,optimal
2021-02-11 20:30:00,5,2,0.0,0.0,0.0,0.36073333333333335,14.007,6.0,0,20.0,55.0,0.0,0.0,0.0,0.0,0.0,41.79448590145142,optimal
2021-02-11 21:00:00,5,2,0.0,0.0,0.0,0.6964333333333332,12.873,6.0,0,19.85507878948083,55.0,0.0,0.0,0.0,0.0,0.0,41.75269141554997,optimal
2021-02-11 21:30:00,5,2,0.17914285714285713,0.0,0.0,1.1561333333333335,12.684,6.0,0,19.726274360149734,55.0,0.0,0.0,0.0,627.0,0.0,41.710938724134415,optimal
2021-02-11 22:00:00,5,2,0.05971428571428571,0.0,0.0,1.2010666666666665,12.306,6.0,0,19.617660592666983,55.0,0.0,0.0,0.0,209.0,0.0,41.66922778541028,optimal
2021-02-11 22:30:00,5,2,0.0995238095238095,0.0,0.0,0.7383666666666667,10.6365,6.0,0,19.507523950439367,55.0,0.0006666666666666665,0.0,0.0,348.33333333333326,0.0,41.627558557624866,optimal
2021-02-11 23:00:00,5,2,0.0,0.0,0.0,0.338,11.2455,6.0,0,19.395452666273396,55.0,0.0,0.0,0.0,0.0,0.0,41.585930999067244,optimal
2021-02-11 23:30:00,5,2,0.0,0.0,0.0,0.17326666666666668,11.2455,6.0,0,19.235702302207525,55.0,0.0,0.0,0.0,0.0,0.0,41.544345068068175,optimal
2021-02-12 00:00:00,5,2,2.0,0.0,0.0,0.11053333333333332,10.3635,6.0,0,19.235702302207525,55.0,0.0,7000.0,0.0,0.0,0.0,41.50280072300011,optimal
2021-02-12 00:30:00,5,2,2.0,0.0,0.0,0.14986666666666668,10.8045,6.0,0,19.360424825784545,55.0,0.027333333333333334,4143.666666666666,0.0,2856.3333333333335,0.0,41.461297922277105,optimal
2021-02-12 01:00:00,5,2,2.0,0.0,0.0,0.24386666666666668,11.025,6.0,0,19.360928130331278,55.0,0.027333333333333334,7000.0,0.0,0.0,0.0,41.41983662435483,optimal
2021-02-12 01:30:00,5,2,2.0,0.0,0.0,0.1376,10.3635,6.0,0,19.490575138166395,55.0,0.027333333333333334,7000.0,0.0,0.0,0.0,41.37841678773047,optimal
2021-02-12 02:00:00,5,2,2.0,0.0,0.0,0.13193333333333335,10.8045,6.0,0,19.615354527231666,55.0,0.027333333333333334,7000.0,0.0,0.0,0.0,41.33703837094274,optimal
2021-02-12 02:30:00,5,2,2.0,0.0,0.0,0.2347333333333333,10.059,6.0,0,19.73970539520382,55.0,0.027333333333333334,7000.0,0.0,0.0,0.0,41.2957013325718,optimal
2021-02-12 03:00:00,5,2,2.0,0.0,0.0,0.1144,10.584,6.0,0,19.869835472876737,55.0,0.027333333333333334,7000.0,0.0,0.0,0.0,41.25440563123923,optimal
2021-02-12 03:30:00,5,2,2.0,0.0,9.0,0.19946666666666668,9.4185,6.0,0,19.995935270980297,55.0,0.027333333333333334,7000.0,0.0,0.0,0.0,45.488151225607986,optimal
2021-02-12 04:00:00,5,2,2.0,0.0,0.0,0.2522666666666667,10.3635,6.0,0,20.129938503845047,55.0,0.027333333333333334,7000.0,0.0,0.0,0.0,45.44266307438238,optimal
2021-02-12 04:30:00,5,2,2.0,0.0,7.315879152086271,0.07573333333333333,9.8385,6.0,0,20.270375175039447,55.0,0.027333333333333334,7000.0,0.0,0.0,0.0,48.87226300854897,optimal
2021-02-12 05:00:00,5,2,2.0,0.0,0.0,0.3078,11.067,6.0,0,20.407159632814103,55.0,0.027333333333333334,7000.0,0.0,0.0,0.0,48.823390745540415,optimal
2021-02-12 05:30:00,5,2,2.0,0.0,0.0,0.12846666666666667,10.8465,6.0,0,20.558204460451037,55.0,0.027333333333333334,7000.0,0.0,0.0,0.0,48.774567354794875,optimal
2021-02-12 06:00:00,5,2,0.0,0.0,0.0,0.18363333333333332,13.671,6.0,0,20.706125552870937,55.0,0.027333333333333334,0.0,0.0,0.0,0.0,48.72579278744007,optimal
2021-02-12 06:30:00,5,2,2.0,0.0,0.0,0.19463333333333332,12.348,6.0,0,20.554793861438142,55.0,0.027333333333333334,7000.0,0.0,0.0,0.0,48.67706699465263,optimal
2021-02-12 07:00:00,5,2,0.0,0.0,0.0,0.126,14.3325,6.0,0,20.71219090273924,55.0,0.027333333333333334,0.0,0.0,0.0,0.0,48.62838992765797,optimal
2021-02-12 07:30:00,5,2,0.0,0.0,0.0,0.068,15.393,6.0,0,20.559748814953064,55.0,0.027333333333333334,0.0,0.0,0.0,0.0,48.579761537730306,optimal
2021-02-12 08:00:00,5,2,1.356385270595651,0.0,0.0,0.17486666666666667,13.587,6.0,0,20.39932334679026,55.0,0.027333333333333334,4747.348447084779,0.0,0.0,0.0,48.53118177619257,optimal
2021-02-12 08:30:00,5,2,0.0,0.0,0.0,0.26139999999999997,16.1385,6.0,0,20.445999076226563,55.0,0.027333333333333334,0.0,0.0,0.0,0.0,48.48265059441637,optimal
2021-02-12 09:00:00,5,2,0.0,0.0,0.0,0.9765666666666668,14.595,6.0,0,20.286856559546408,55.0,0.027333333333333334,0.0,0.0,0.0,0.0,48.434167943821954,optimal
2021-02-12 09:30:00,5,2,0.0,0.0,0.0,0.2966666666666667,14.637,6.0,0,20.129950837478713,55.0,0.02666666666666667,0.0,0.0,0.0,0.0,48.38573377587813,optimal
2021-02-12 10:00:00,5,2,0.7806571288731584,0.0,0.0,0.066,13.9125,6.0,0,20.0,55.0,0.025333333333333333,2732.2999510560544,0.0,0.0,0.0,48.33734804210225,optimal
2021-02-12 10:30:00,5,2,0.5963928593422415,0.0,0.0,1.1027,13.3665,6.0,0,20.0,55.0,0.025333333333333333,2087.3750076978454,0.0,0.0,0.0,48.289010694060146,optimal
2021-02-12 11:00:00,5,2,0.9074695488422061,0.0,0.0,2.8530666666666664,13.0095,6.0,0,20.0,55.0,0.023333333333333334,3176.1434209477216,0.0,0.0,0.0,48.240721683366075,optimal
2021-02-12 11:30:00,5,2,0.0,0.0,0.0,0.9666,13.8915,6.0,0,20.07698736175089,55.0,0.023333333333333334,0.0,0.0,0.0,0.0,48.192480961682705,optimal
2021-02-12 12:00:00,5,2,0.5924453458567781,0.0,0.0,2.3045999999999998,13.188,6.0,0,20.0,55.0,0.022,2073.5587104987235,0.0,0.0,0.0,48.144288480721016,optimal
2021-02-12 12:30:00,5,2,0.6446285026416047,0.0,0.0,1.518,12.5685,6.0,0,20.0,55.0,0.022,2256.1997592456164,0.0,0.0,0.0,48.096144192240295,optimal
2021-02-12 13:00:00,5,2,0.9605368682153177,0.0,0.0,2.3205,12.285,6.0,0,20.0,55.0,0.022,3361.879038753612,0.0,0.0,0.0,48.048048048048045,optimal
2021-02-12 13:30:00,5,2,2.0,0.0,0.0,0.4132,11.487,6.0,0,20.0477564337045,55.0,0.019333333333333334,7000.0,0.0,0.0,0.0,48.0,optimal
2021-02-12 14:00:00,5,2,2.0,0.0,0.0,0.3252,11.802,6.0,0,20.2441345121964,55.0,0.019333333333333334,7000.0,0.0,0.0,0.0,47.68858192334152,optimal
2021-02-12 14:30:00,5,2,2.0,0.0,0.0,0.2834333333333333,11.2245,6.0,0,20.426433712876854,55.0,0.019333333333333334,7000.0,0.0,0.0,0.0,47.37747526475971,optimal
2021-02-12 15:00:00,5,2,2.0,0.0,0.0,0.11753333333333332,11.025,6.0,0,20.597499295785887,55.0,0.019333333333333334,7000.0,0.0,0.0,0.0,47.066679712836475,optimal
2021-02-12 15:30:00,5,2,2.0,0.0,0.0,0.3187333333333333,11.907,6.0,0,20.764977190771056,55.0,0.019333333333333334,7000.0,0.0,0.0,0.0,46.756194956465166,optimal
2021-02-12 16:00:00,5,2,0.0,0.0,0.0,0.077,25.83,6.0,0,20.938950172820217,55.0,0.019333333333333334,0.0,0.0,0.0,0.0,46.446020684850225,optimal
2021-02-12 16:30:00,5,2,0.0,0.0,0.0,0.2306,28.035,6.0,0,20.79317132350542,55.0,0.018,0.0,0.0,0.0,0.0,46.1361565875069,optimal
2021-02-12 17:00:00,5,2,0.0,0.0,0.0,0.26676666666666665,28.119,6.0,0,20.65763295888825,55.0,0.013333333333333334,0.0,0.0,0.0,0.0,45.82660235426092,optimal
2021-02-12 17:30:00,5,2,0.0,0.0,0.0,3.175866666666667,30.156,6.0,0,20.52713457844456,55.0,0.009333333333333334,0.0,0.0,0.0,0.0,45.517357675248185,optimal
2021-02-12 18:00:00,5,2,0.0,0.0,0.0,1.0092,29.1585,6.0,0,20.435416928762354,55.0,0.006666666666666667,0.0,0.0,0.0,0.0,45.20842224091446,optimal
2021-02-12 18:30:00,5,2,0.0,0.0,0.0,1.8868,26.712,6.0,0,20.32873426171334,55.0,0.0033333333333333335,0.0,0.0,0.0,0.0,44.89979574201507,optimal
2021-02-12 19:00:00,5,2,0.0,0.0,0.0,0.5773666666666667,15.435,6.0,0,20.204111512313187,55.0,0.0033333333333333335,0.0,0.0,0.0,0.0,44.85489594627306,optimal
2021-02-12 19:30:00,5,2,0.0,0.0,0.0,3.407633333333333,13.566,6.0,0,20.087615766822903,55.0,0.0033333333333333335,0.0,0.0,0.0,0.0,44.81004105032679,optimal
2021-02-12 20:00:00,5,2,0.49709048012605916,0.0,0.0,4.4193999999999996,12.789,6.0,0,20.0,55.0,0.0,1739.8166804412072,0.0,0.0,0.0,44.76523100927646,optimal
2021-02-12 20:30:00,5,2,0.3781904761904762,0.0,0.0,1.5815,12.1275,6.0,0,20.0,55.0,0.001333333333333333,0.0,0.0,1323.6666666666667,0.0,44.72046577826718,optimal
2021-02-12 21:00:00,5,2,0.0,0.0,0.0,0.26466666666666666,13.671,6.0,0,19.90065457053413,55.0,0.0,0.0,0.0,0.0,0.0,44.675745312488914,optimal
2021-02-12 21:30:00,5,2,0.17914285714285713,0.0,0.0,0.44503333333333334,10.668,6.0,0,19.78512284241649,55.0,0.005333333333333333,0.0,0.0,627.0,0.0,44.631069567176425,optimal
2021-02-12 22:00:00,5,2,0.0,0.0,0.0,0.4458333333333333,11.7285,6.0,0,19.67432194135813,55.0,0.005333333333333333,0.0,0.0,0.0,0.0,44.58643849760925,optimal
2021-02-12 22:30:00,5,2,0.0,0.0,0.0,0.5865666666666667,11.025,6.0,0,19.56984579874055,55.0,0.0033333333333333335,0.0,0.0,0.0,0.0,44.54185205911164,optimal
2021-02-12 23:00:00,5,2,0.0,0.0,0.0,0.47633333333333333,10.689,6.0,0,19.47361004788251,55.0,0.0,0.0,0.0,0.0,0.0,44.49731020705253,optimal
2021-02-12 23:30:00,5,2,0.05971428571428571,0.0,0.0,0.5074666666666666,8.1585,6.0,0,19.374458009522552,55.0,0.0,0.0,0.0,209.0,0.0,44.45281289684548,optimal
2021-02-13 00:00:00,5,2,2.0,0.0,0.0,0.08756666666666667,9.3975,6.0,0,19.374458009522552,55.0,0.0,7000.0,0.0,0.0,0.0,44.40836008394864,optimal
2021-02-13 00:30:00,5,2,0.4976190476190476,0.0,0.0,0.26873333333333327,10.059,6.0,0,19.553309003900484,55.0,0.0,0.0,0.0,1741.6666666666667,0.0,44.36395172386469,optimal
2021-02-13 01:00:00,5,2,2.0,0.0,0.0,0.2432,9.261,6.0,0,19.43982214966022,55.0,0.06698564593301436,0.0,0.0,7000.0,0.0,44.31958777214082,optimal
2021-02-13 01:30:00,5,2,2.0,0.0,0.0,0.16133333333333336,8.1585,6.0,0,19.336435409787512,55.0,0.07333333333333333,6336.666666666667,0.0,663.3333333333334,0.0,44.27526818436868,optimal
2021-02-13 02:00:00,5,2,2.0,0.0,0.0,0.066,9.4815,6.0,0,19.48245237530494,55.0,0.07333333333333333,7000.0,0.0,0.0,0.0,44.230992916184306,optimal
2021-02-13 02:30:00,5,2,2.0,0.0,0.0,0.066,8.379,6.0,0,19.652633576264318,55.0,0.07333333333333333,7000.0,0.0,0.0,0.0,44.18676192326812,optimal
2021-02-13 03:00:00,5,2,2.0,0.0,0.0,0.2926,9.5235,6.0,0,19.821575339712155,55.0,0.07333333333333333,7000.0,0.0,0.0,0.0,44.14257516134485,optimal
2021-02-13 03:30:00,5,2,2.0,0.0,0.0,0.066,8.1375,6.0,0,19.999205840801757,55.0,0.07333333333333333,7000.0,0.0,0.0,0.0,44.098432586183506,optimal
2021-02-13 04:00:00,5,2,1.845887330446309,0.0,0.0,0.066,10.0905,6.0,0,20.165259350212526,55.0,0.07333333333333333,6460.605656562082,0.0,0.0,0.0,44.054334153597324,optimal
2021-02-13 04:30:00,5,2,2.0,0.0,8.399410906434266,0.6655,7.539,6.0,0,20.306127979508172,55.0,0.07266666666666667,7000.0,0.0,0.0,0.0,48.0,optimal
2021-02-13 05:00:00,5,2,2.0,0.0,0.0,0.231,7.938,6.0,0,20.501611114789398,55.0,0.06533333333333333,7000.0,0.0,0.0,0.0,47.902710816842145,optimal
2021-02-13 05:30:00,5,2,2.0,0.0,0.0,0.2102,8.274,6.0,0,20.676703139928062,55.0,0.06533333333333333,7000.0,0.0,0.0,0.0,47.80551892286745,optimal
2021-02-13 06:00:00,5,2,2.0,0.0,0.0,0.35196666666666665,9.261,6.0,0,20.847687595444015,55.0,0.06533333333333333,7000.0,0.0,0.0,0.0,47.70842422078673,optimal
2021-02-13 06:30:00,5,2,2.0,0.0,0.0,0.45713333333333334,9.9225,6.0,0,21.030263966432432,55.0,0.058666666666666666,7000.0,0.0,0.0,0.0,47.61142661340809,optimal
2021-02-13 07:00:00,5,2,2.0,0.0,0.0,0.066,9.702,6.0,0,21.21330598161427,55.0,0.058666666666666666,7000.0,0.0,0.0,0.0,47.51452600363683,optimal
2021-02-13 07:30:00,5,2,2.0,0.0,0.0,0.16133333333333336,10.584,6.0,0,21.359157466335954,55.0,0.058666666666666666,7000.0,0.0,0.0,0.0,47.41772229447534,optimal
2021-02-13 08:00:00,5,2,2.0,0.0,0.0,0.19726666666666667,10.143,6.0,0,21.50775566014053,55.0,0.058666666666666666,7000.0,0.0,0.0,0.0,47.32101538902301,optimal
2021-02-13 08:30:00,5,2,0.0,0.0,0.0,0.066,13.0095,6.0,0,21.65648039366952,55.0,0.058666666666666666,0.0,0.0,0.0,0.0,47.22440519047613,optimal
2021-02-13 09:00:00,5,2,0.0,0.0,0.0,0.22463333333333332,11.025,6.0,0,21.492323306186467,55.0,0.058666666666666666,0.0,0.0,0.0,0.0,47.127891602127804,optimal
2021-02-13 09:30:00,5,2,0.0,0.0,0.0,0.13396666666666668,12.789,6.0,0,21.33666992442436,55.0,0.058666666666666666,0.0,0.0,0.0,0.0,47.03147452736782,optimal
2021-02-13 10:00:00,5,2,0.0,0.0,0.0,0.1197,12.1275,6.0,0,21.180002108282505,55.0,0.058666666666666666,0.0,0.0,0.0,0.0,46.9351538696826,optimal
2021-02-13 10:30:00,5,2,0.0,0.0,0.0,0.2198333333333333,12.1695,6.0,0,21.025671570031207,55.0,0.058666666666666666,0.0,0.0,0.0,0.0,46.838929532655065,optimal
2021-02-13 11:00:00,5,2,0.0,0.0,0.0,0.09103333333333331,12.306,6.0,0,20.877212399286527,55.0,0.058666666666666666,0.0,0.0,0.0,0.0,46.74280141996456,optimal
2021-02-13 11:30:00,5,2,0.0,0.0,0.0,0.20083333333333328,13.23,6.0,0,20.724560552143515,55.0,0.058666666666666666,0.0,0.0,0.0,0.0,46.64676943538674,optimal
2021-02-13 12:00:00,5,2,0.0,0.0,0.0,0.15180000000000002,13.671,6.0,0,20.578190993477456,55.0,0.058666666666666666,0.0,0.0,0.0,0.0,46.5508334827935,optimal
2021-02-13 12:30:00,5,2,0.0,0.0,0.0,0.1853333333333333,13.9335,6.0,0,20.431105228811983,55.0,0.058666666666666666,0.0,0.0,0.0,0.0,46.45499346615286,optimal
2021-02-13 13:00:00,5,2,0.0,0.0,0.0,0.17326666666666668,13.293,6.0,0,20.28728688332674,55.0,0.058666666666666666,0.0,0.0,0.0,0.0,46.35924928952885,optimal
2021-02-13 13:30:00,5,2,0.0,0.0,0.0,0.0839,12.1065,6.0,0,20.14471607480809,55.0,0.058666666666666666,0.0,0.0,0.0,0.0,46.263600857081464,optimal
2021-02-13 14:00:00,5,2,1.6544117320553662,0.0,0.0,0.2747,11.571,6.0,0,20.0,55.0,0.058666666666666666,5790.441062193781,0.0,0.0,0.0,46.16804807306653,optimal
2021-02-13 14:30:00,5,2,2.0,0.0,0.0,0.2035,11.025,6.0,0,20.1188879871496,55.0,0.058666666666666666,7000.0,0.0,0.0,0.0,46.07259084183561,optimal
2021-02-13 15:00:00,5,2,2.0,0.0,0.0,0.34926666666666667,10.8465,6.0,0,20.307152363817686,55.0,0.058666666666666666,7000.0,0.0,0.0,0.0,45.97722906783592,optimal
2021-02-13 15:30:00,5,2,2.0,0.0,0.0,0.15893333333333334,11.2455,6.0,0,20.505863272467664,55.0,0.058666666666666666,7000.0,0.0,0.0,0.0,45.931251838768084,optimal
2021-02-13 16:00:00,5,2,0.0,0.0,0.0,0.2154333333333333,23.8665,6.0,0,20.699923975712956,55.0,0.05466666666666667,0.0,0.0,0.0,0.0,45.88532058692932,optimal
2021-02-13 16:30:00,5,2,0.0,0.0,0.0,0.40473333333333333,27.4575,6.0,0,20.596718444776954,55.0,0.05,0.0,0.0,0.0,0.0,45.83943526634239,optimal
2021-02-13 17:00:00,5,2,0.0,0.0,0.0,0.26513333333333333,27.3735,6.0,0,20.491769456561908,55.0,0.05,0.0,0.0,0.0,0.0,45.79359583107605,optimal
2021-02-13 17:30:00,5,2,0.0,0.0,0.0,0.2830666666666667,30.4605,6.0,0,20.383865497856455,55.0,0.044,0.0,0.0,0.0,0.0,45.74780223524497,optimal
2021-02-13 18:00:00,5,2,0.0,0.0,0.0,0.15343333333333334,30.0195,6.0,0,20.28350880514673,55.0,0.0,0.0,0.0,0.0,0.0,45.70205443300972,optimal
2021-02-13 18:30:00,5,2,0.0,0.0,0.0,0.32873333333333327,26.9325,6.0,0,20.1784738282235,55.0,0.0,0.0,0.0,0.0,0.0,45.65635237857671,optimal
2021-02-13 19:00:00,5,2,0.0,0.0,0.0,0.36186666666666667,14.595,6.0,0,20.090463512384048,55.0,0.0,0.0,0.0,0.0,0.0,45.610696026198134,optimal
2021-02-13 19:30:00,5,2,0.722932984171907,0.0,0.0,0.4028,12.4845,6.0,0,20.0,55.0,0.0,2530.2654446016745,0.0,0.0,0.0,45.56508533017194,optimal
2021-02-13 20:00:00,5,2,0.7684390515546209,0.0,0.0,0.2645,12.1275,6.0,0,20.0,55.0,0.0,2689.536680441173,0.0,0.0,0.0,45.519520244841765,optimal
2021-02-13 20:30:00,5,2,0.0,0.0,0.0,0.3398333333333333,12.1275,6.0,0,20.0,55.0,0.0,0.0,0.0,0.0,0.0,45.47400072459692,optimal
2021-02-13 21:00:00,5,2,0.0,0.0,0.0,0.2336,12.789,6.0,0,19.888893136157147,55.0,0.0,0.0,0.0,0.0,0.0,45.428526723872324,optimal
2021-02-13 21:30:00,5,2,0.0,0.0,0.0,0.13163333333333332,11.907,6.0,0,19.761239147925902,55.0,0.0,0.0,0.0,0.0,0.0,45.38309819714845,optimal
2021-02-13 22:00:00,5,2,0.0,0.0,0.0,0.13163333333333332,11.025,6.0,0,19.62548204119655,55.0,0.0,0.0,0.0,0.0,0.0,45.3377150989513,optimal
2021-02-13 22:30:00,5,2,0.0,0.0,0.0,0.12796666666666667,8.2005,6.0,0,19.490349507418625,55.0,0.0,0.0,0.0,0.0,0.0,45.29237738385235,optimal
2021-02-13 23:00:00,5,2,0.0,0.0,0.0,0.23063333333333333,9.5655,6.0,0,19.356404798379263,55.0,0.0,0.0,0.0,0.0,0.0,45.247085006468495,optimal
2021-02-13 23:30:00,5,2,0.0,0.0,0.0,0.061666666666666654,7.056,6.0,0,19.228293879599747,55.0,0.0,0.0,0.0,0.0,0.0,45.20183792146203,optimal
2021-02-07 00:00:00,6,2,0.0,0.0,0.0,0.06866666666666667,9.261,6.0,0,21.0,55.0,0.12,0.0,0.0,0.0,0.0,47.952,optimal
2021-02-07 00:30:00,6,2,0.0,0.0,0.0,0.1762,10.3635,6.0,0,20.875521515214693,55.0,0.12,0.0,0.0,0.0,0.0,47.904047999999996,optimal
2021-02-07 01:00:00,6,2,0.0,0.0,0.0,0.08893333333333334,8.274,6.0,0,20.756132731290855,55.0,0.12,0.0,0.0,0.0,0.0,47.856143952,optimal
2021-02-07 01:30:00,6,2,0.0,0.0,0.0,0.064,7.7175,6.0,0,20.633065161158637,55.0,0.12,0.0,0.0,0.0,0.0,47.80828780804799,optimal
2021-02-07 02:00:00,6,2,0.0,0.0,0.0,0.064,6.615,6.0,0,20.509438318181292,55.0,0.12,0.0,0.0,0.0,0.0,47.76047952023995,optimal
2021-02-07 02:30:00,6,2,0.0,0.0,0.0,0.20113333333333333,6.174,6.0,0,20.386347702886724,55.0,0.12,0.0,0.0,0.0,0.0,47.712719040719705,optimal
2021-02-07 03:00:00,6,2,2.0,0.0,0.0,0.064,3.906,6.0,0,20.269428107854363,55.0,0.12,7000.0,0.0,0.0,0.0,47.66500632167899,optimal
2021-02-07 03:30:00,6,2,2.0,0.0,0.0,0.16996666666666665,2.3415,6.0,0,20.45304564917812,55.0,0.12,7000.0,0.0,0.0,0.0,47.61734131535731,optimal
2021-02-07 04:00:00,6,2,2.0,0.0,0.0,0.09516666666666669,2.205,6.0,0,20.63960030930839,55.0,0.12,7000.0,0.0,0.0,0.0,47.56972397404195,optimal
2021-02-07 04:30:00,6,2,2.0,0.0,2.022097567049412,0.064,0.882,6.0,0,20.821157849017947,55.0,0.12,7000.0,0.0,0.0,0.0,48.48265059441637,optimal
2021-02-07 05:00:00,6,2,2.0,0.0,0.0,0.20113333333333333,1.5435,6.0,0,21.000028812670195,55.0,0.12,7000.0,0.0,0.0,0.0,48.434167943821954,optimal
2021-02-07 05:30:00,6,2,2.0,0.0,0.0,0.064,1.5435,6.0,0,21.183599901118964,55.0,0.12,7000.0,0.0,0.0,0.0,48.38573377587813,optimal
2021-02-07 06:00:00,6,2,2.0,0.0,0.0,0.08893333333333334,5.0715,6.0,0,21.35983118264063,55.0,0.12,7000.0,0.0,0.0,0.0,48.33734804210225,optimal
2021-02-07 06:30:00,6,2,2.0,0.0,0.0,0.1762,5.376,6.0,0,21.535870390953896,55.0,0.12,7000.0,0.0,0.0,0.0,48.289010694060146,optimal
2021-02-07 07:00:00,6,2,2.0,0.0,0.0,0.06933333333333333,5.0715,6.0,0,21.7140833409329,55.0,0.12,7000.0,0.0,0.0,0.0,48.240721683366075,optimal
2021-02-07 07:30:00,6,2,1.607045064709455,0.0,0.0,0.1871,5.5125,6.0,0,21.885722782572692,55.0,0.12,5624.657726483092,0.0,0.0,0.0,48.192480961682705,optimal
2021-02-07 08:00:00,6,2,0.9022091746480959,0.0,0.0,0.08803333333333332,9.261,6.0,0,22.0,55.0,0.12,3157.7321112683358,0.0,0.0,0.0,48.144288480721016,optimal
2021-02-07 08:30:00,6,2,0.0,0.0,0.0,0.081,11.7075,6.0,0,22.0,55.0,0.118,0.0,0.0,0.0,0.0,48.096144192240295,optimal
2021-02-07 09:00:00,6,2,0.0,0.0,0.0,0.16803333333333334,12.348,6.0,0,21.8670406141985,55.0,0.11466666666666667,0.0,0.0,0.0,0.0,48.048048048048045,optimal
2021-02-07 09:30:00,6,2,0.0,0.0,0.0,0.1346,12.348,6.0,0,21.742274348541606,55.0,0.112,0.0,0.0,0.0,0.0,48.0,optimal
2021-02-07 10:00:00,6,2,0.0,0.0,0.0,0.32846666666666663,12.1275,6.0,0,21.610736744108607,55.0,0.112,0.0,0.0,0.0,0.0,47.671990346519344,optimal
2021-02-07 10:30:00,6,2,0.0,0.0,0.0,0.40276666666666666,12.5265,6.0,0,21.484746921098132,55.0,0.08866666666666667,0.0,0.0,0.0,0.0,47.34430870269217,optimal
2021-02-07 11:00:00,6,2,0.0,0.0,0.0,1.6977,11.7495,6.0,0,21.36252708187824,55.0,0.08866666666666667,0.0,0.0,0.0,0.0,47.01695474050882,optimal
2021-02-07 11:30:00,6,2,0.0,0.0,0.0,0.32139999999999996,13.23,6.0,0,21.25442212496899,55.0,0.08733333333333333,0.0,0.0,0.0,0.0,46.68992813228766,optimal
2021-02-07 12:00:00,6,2,0.0,0.0,0.0,0.6277333333333334,14.3325,6.0,0,21.133682571848873,55.0,0.08733333333333333,0.0,0.0,0.0,0.0,46.643238204155374,optimal
2021-02-07 12:30:00,6,2,0.0,0.0,0.0,0.3698666666666667,14.994,6.0,0,21.032818460170777,55.0,0.08733333333333333,0.0,0.0,0.0,0.0,46.59659496595122,optimal
2021-02-07 13:00:00,6,2,0.0,0.0,0.0,0.5822333333333334,14.8155,6.0,0,20.93525000692189,55.0,0.08364,0.0,0.0,0.0,0.0,46.549998370985264,optimal
2021-02-07 13:30:00,6,2,0.0,0.0,0.0,0.564,14.112,6.0,0,20.840478408203655,55.0,0.08266666666666667,0.0,0.0,0.0,0.0,46.50344837261428,optimal
2021-02-07 14:00:00,6,2,0.0,0.0,0.0,0.2303,14.007,6.0,0,20.742010560607095,55.0,0.08133333333333333,0.0,0.0,0.0,0.0,46.45694492424167,optimal
2021-02-07 14:30:00,6,2,0.0,0.0,0.0,1.7638,13.23,6.0,0,20.631716570489516,55.0,0.08066666666666666,0.0,0.0,0.0,0.0,46.41048797931742,optimal
2021-02-07 15:00:00,6,2,2.0,0.0,0.0,0.3437333333333333,11.382,6.0,0,20.556207721221348,55.0,0.08066666666666666,7000.0,0.0,0.0,0.0,46.36407749133811,optimal
2021-02-07 15:30:00,6,2,0.9306035536621399,0.0,0.0,0.5453,11.7495,6.0,0,20.764513547299853,55.0,0.08,3257.1124378174895,0.0,0.0,0.0,46.31771341384677,optimal
2021-02-07 16:00:00,6,2,0.0,0.0,0.0,0.2502,24.3285,6.0,0,20.81691443216865,55.0,0.08,0.0,0.0,0.0,0.0,46.27139570043292,optimal
2021-02-07 16:30:00,6,2,0.0,0.0,0.0,0.3813333333333333,28.917,6.0,0,20.71085169514674,55.0,0.074,0.0,0.0,0.0,0.0,46.22512430473249,optimal
2021-02-07 17:00:00,6,2,0.0,0.0,0.0,0.1822,31.3635,6.0,0,20.61898884627463,55.0,0.074,0.0,0.0,0.0,0.0,46.178899180427756,optimal
2021-02-07 17:30:00,6,2,0.0,0.0,0.0,0.2049,33.306,6.0,0,20.501606278439773,55.0,0.074,0.0,0.0,0.0,0.0,46.13272028124733,optimal
2021-02-07 18:00:00,6,2,0.0,0.0,0.0,0.2843,31.3425,6.0,0,20.378476261630624,55.0,0.068,0.0,0.0,0.0,0.0,46.08658756096608,optimal
2021-02-07 18:30:00,6,2,0.0,0.0,0.0,0.4701,28.2555,6.0,0,20.27269632656838,55.0,0.068,0.0,0.0,0.0,0.0,46.040500973405116,optimal
2021-02-07 19:00:00,6,2,0.0,0.0,0.0,0.3846666666666667,15.6975,6.0,0,20.18134213570091,55.0,0.06564,0.0,0.0,0.0,0.0,45.99446047243171,optimal
2021-02-07 19:30:00,6,2,0.0,0.0,0.0,1.7099666666666666,12.5475,6.0,0,20.08192210897938,55.0,0.062,0.0,0.0,0.0,0.0,45.94846601195928,optimal
2021-02-07 20:00:00,6,2,0.471812235801259,0.0,0.0,0.9682666666666667,12.0855,6.0,0,20.0,55.0,0.062,1651.3428253044065,0.0,0.0,0.0,45.902517545947326,optimal
2021-02-07 20:30:00,6,2,0.0,0.0,0.0,0.6622333333333333,11.907,6.0,0,20.0,55.0,0.06066666666666667,0.0,0.0,0.0,0.0,45.85661502840138,optimal
2021-02-07 21:00:00,6,2,0.0,0.0,0.0,0.8248,12.5685,6.0,0,19.9218984214675,55.0,0.06066666666666667,0.0,0.0,0.0,0.0,45.81075841337298,optimal
2021-02-07 21:30:00,6,2,0.0,0.0,0.0,0.5111333333333333,13.146,6.0,0,19.8505326083104,55.0,0.05733333333333333,0.0,0.0,0.0,0.0,45.764947654959606,optimal
2021-02-07 22:00:00,6,2,0.0,0.0,0.0,0.4054,10.584,6.0,0,19.760551266702123,55.0,0.05733333333333333,0.0,0.0,0.0,0.0,45.71918270730465,optimal
2021-02-07 22:30:00,6,2,0.0,0.0,0.0,0.14256666666666667,6.678,6.0,0,19.66560266170123,55.0,0.05733333333333333,0.0,0.0,0.0,0.0,45.673463524597345,optimal
2021-02-07 23:00:00,6,2,0.0,0.0,0.0,0.08646666666666666,7.938,6.0,0,19.545832728633023,55.0,0.05733333333333333,0.0,0.0,0.0,0.0,45.627790061072744,optimal
2021-02-07 23:30:00,6,2,0.0,0.0,0.0,0.19866666666666663,5.292,6.0,0,19.424479374028767,55.0,0.05733333333333333,0.0,0.0,0.0,0.0,45.58216227101167,optimal
2021-02-08 00:00:00,6,2,2.0,0.0,0.0,0.042,5.9745,6.0,0,19.424479374028767,55.0,0.05733333333333333,7000.0,0.0,0.0,0.0,45.53658010874066,optimal
2021-02-08 00:30:00,6,2,2.0,0.0,0.0,0.1386,7.938,6.0,0,19.6061272124517,55.0,0.06266666666666666,6442.666666666667,0.0,557.3333333333334,0.0,45.49104352863192,optimal
2021-02-08 01:00:00,6,2,2.0,0.0,0.0,0.042,8.6835,6.0,0,19.766284041970057,55.0,0.06266666666666666,7000.0,0.0,0.0,0.0,45.445552485103285,optimal
2021-02-08 01:30:00,6,2,2.0,0.0,0.0,0.1248,7.665,6.0,0,19.94544250128015,55.0,0.06266666666666666,7000.0,0.0,0.0,0.0,45.40010693261818,optimal
2021-02-08 02:00:00,6,2,2.0,0.0,0.0,0.055799999999999995,6.7725,6.0,0,20.12655646153186,55.0,0.06266666666666666,7000.0,0.0,0.0,0.0,45.35470682568556,optimal
2021-02-08 02:30:00,6,2,2.0,0.0,0.0,0.055799999999999995,5.5755,6.0,0,20.302966814403153,55.0,0.06266666666666666,7000.0,0.0,0.0,0.0,45.30935211885988,optimal
2021-02-08 03:00:00,6,2,2.0,0.0,0.0,0.1248,5.0925,6.0,0,20.47845651486212,55.0,0.06266666666666666,7000.0,0.0,0.0,0.0,45.264042766741014,optimal
2021-02-08 03:30:00,6,2,2.0,0.0,6.871309200930742,0.042,4.1895,6.0,0,20.656052661843866,55.0,0.06266666666666666,7000.0,0.0,0.0,0.0,48.48265059441637,optimal
2021-02-08 04:00:00,6,2,2.0,0.0,0.0,0.14126666666666668,7.056,6.0,0,20.828366743084743,55.0,0.06266666666666666,7000.0,0.0,0.0,0.0,48.434167943821954,optimal
2021-02-08 04:30:00,6,2,2.0,0.0,0.0,0.052,5.271,6.0,0,21.003290251943667,55.0,0.06266666666666666,7000.0,0.0,0.0,0.0,48.38573377587813,optimal
2021-02-08 05:00:00,6,2,2.0,0.0,0.0,0.043,7.938,6.0,0,21.1719829289528,55.0,0.06266666666666666,7000.0,0.0,0.0,0.0,48.33734804210225,optimal
2021-02-08 05:30:00,6,2,2.0,0.0,0.0,0.1386,7.938,6.0,0,21.33871870484075,55.0,0.06266666666666666,7000.0,0.0,0.0,0.0,48.289010694060146,optimal
2021-02-08 06:00:00,6,2,0.0,0.0,0.0,0.042,11.907,6.0,0,21.508104535401127,55.0,0.06266666666666666,0.0,0.0,0.0,0.0,48.240721683366075,optimal
2021-02-08 06:30:00,6,2,2.0,0.0,0.0,0.09763333333333334,11.025,6.0,0,21.365247257159552,55.0,0.06266666666666666,7000.0,0.0,0.0,0.0,48.192480961682705,optimal
2021-02-08 07:00:00,6,2,1.835310964214678,0.0,0.0,0.09396666666666668,11.2875,6.0,0,21.531597298808716,55.0,0.06266666666666666,6423.5883747513735,0.0,0.0,0.0,48.144288480721016,optimal
2021-02-08 07:30:00,6,2,0.0,0.0,0.0,0.042,12.936,6.0,0,21.67113991274599,55.0,0.06266666666666666,0.0,0.0,0.0,0.0,48.096144192240295,optimal
2021-02-08 08:00:00,6,2,0.0,0.0,0.0,0.6980666666666667,13.0095,6.0,0,21.527095240354825,55.0,0.05564,0.0,0.0,0.0,0.0,48.048048048048045,optimal
2021-02-08 08:30:00,6,2,0.0,0.0,0.0,1.1515,13.671,6.0,0,21.425409938240012,55.0,0.052,0.0,0.0,0.0,0.0,48.0,optimal
2021-02-08 09:00:00,6,2,0.0,0.0,0.0,0.04,13.188,6.0,0,21.340687593618767,55.0,0.050666666666666665,0.0,0.0,0.0,0.0,47.30113181619722,optimal
2021-02-08 09:30:00,6,2,0.0,0.0,0.0,0.1366,13.8495,6.0,0,21.226928970700015,55.0,0.050666666666666665,0.0,0.0,0.0,0.0,46.60296250057824,optimal
2021-02-08 10:00:00,6,2,0.0,0.0,0.0,0.04,13.23,6.0,0,21.12733631135686,55.0,0.04933333333333333,0.0,0.0,0.0,0.0,45.905491354274886,optimal
2021-02-08 10:30:00,6,2,0.0,0.0,0.0,0.04,13.3665,6.0,0,21.022939930006313,55.0,0.048,0.0,0.0,0.0,0.0,45.20871767911783,optimal
2021-02-08 11:00:00,6,2,0.0,0.0,0.0,0.1366,13.0515,6.0,0,20.914242588793165,55.0,0.043333333333333335,0.0,0.0,0.0,0.0,44.51264077763594,optimal
2021-02-08 11:30:00,6,2,0.0,0.0,0.0,0.04,13.5345,6.0,0,20.793874921549094,55.0,0.042666666666666665,0.0,0.0,0.0,0.0,43.817259953055526,optimal
2021-02-08 12:00:00,6,2,0.0,0.0,0.0,0.3626333333333333,14.154,6.0,0,20.662654172156,55.0,0.042666666666666665,0.0,0.0,0.0,0.0,43.12257450929969,optimal
2021-02-08 12:30:00,6,2,0.0,0.0,0.0,1.3066,14.112,6.0,0,20.533064011317794,55.0,0.04,0.0,0.0,0.0,0.0,42.42858375098761,optimal
2021-02-08 13:00:00,6,2,0.0,0.0,0.0,0.9799666666666668,14.2485,6.0,0,20.417942130102727,55.0,0.037333333333333336,0.0,0.0,0.0,0.0,42.38615516723662,optimal
2021-02-08 13:30:00,6,2,0.0,0.0,0.0,0.3623,12.789,6.0,0,20.30535838623008,55.0,0.034,0.0,0.0,0.0,0.0,42.34376901206939,optimal
2021-02-08 14:00:00,6,2,0.0,0.0,0.0,0.4589,13.0095,6.0,0,20.192773889858408,55.0,0.034,0.0,0.0,0.0,0.0,42.30142524305732,optimal
2021-02-08 14:30:00,6,2,2.0,0.0,0.0,0.26530000000000004,12.1275,6.0,0,20.087002188005464,55.0,0.03133333333333333,7000.0,0.0,0.0,0.0,42.259123817814256,optimal
2021-02-08 15:00:00,6,2,2.0,0.0,0.0,0.252,12.348,6.0,0,20.288793012035473,55.0,0.030666666666666665,7000.0,0.0,0.0,0.0,42.21686469399644,optimal
2021-02-08 15:30:00,6,2,2.0,0.0,0.0,0.9620333333333332,12.348,6.0,0,20.49501532233556,55.0,0.03,7000.0,0.0,0.0,0.0,42.174647829302444,optimal
2021-02-08 16:00:00,6,2,0.0,0.0,0.0,0.5714333333333332,25.389,6.0,0,20.70663208004773,55.0,0.026,0.0,0.0,0.0,0.0,42.13247318147314,optimal
2021-02-08 16:30:00,6,2,0.0,0.0,0.0,0.238,29.1375,6.0,0,20.593840319098156,55.0,0.025333333333333333,0.0,0.0,0.0,0.0,42.09034070829166,optimal
2021-02-08 17:00:00,6,2,0.0,0.0,0.0,0.2942666666666667,30.597,6.0,0,20.48135538329524,55.0,0.02266666666666667,0.0,0.0,0.0,0.0,42.04825036758337,optimal
2021-02-08 17:30:00,6,2,0.0,0.0,0.0,1.2327000000000001,33.684,6.0,0,20.377093719081014,55.0,0.02,0.0,0.0,0.0,0.0,42.006202117215786,optimal
2021-02-08 18:00:00,6,2,0.0,0.0,0.0,0.47803333333333337,32.445,6.0,0,20.286390171336247,55.0,0.02,0.0,0.0,0.0,0.0,41.96419591509857,optimal
2021-02-08 18:30:00,6,2,0.0,0.0,0.0,0.3308666666666667,28.917,6.0,0,20.208107679457573,55.0,0.016,0.0,0.0,0.0,0.0,41.92223171918347,optimal
2021-02-08 19:00:00,6,2,0.0,0.0,0.0,0.177,15.876,6.0,0,20.105431940926103,55.0,0.010666666666666666,0.0,0.0,0.0,0.0,41.88030948746429,optimal
2021-02-08 19:30:00,6,2,0.6160695066567985,0.0,0.0,0.3993,12.348,6.0,0,20.0,55.0,0.007333333333333333,2156.2432732987945,0.0,0.0,0.0,41.83842917797682,optimal
2021-02-08 20:00:00,6,2,0.6639333696356656,0.0,0.0,0.2267333333333333,12.1275,6.0,0,20.0,55.0,0.006,2323.7667937248298,0.0,0.0,0.0,41.79659074879884,optimal
2021-02-08 20:30:00,6,2,0.0,0.0,0.0,0.2531,12.348,6.0,0,20.0,55.0,0.004,0.0,0.0,0.0,0.0,41.754794158050046,optimal
2021-02-08 21:00:00,6,2,0.0,0.0,0.0,0.18969999999999998,12.1275,6.0,0,19.911779490849145,55.0,0.0,0.0,0.0,0.0,0.0,41.713039363891994,optimal
2021-02-08 21:30:00,6,2,0.0,0.0,0.0,0.1842666666666667,12.1275,6.0,0,19.82183605014773,55.0,0.0,0.0,0.0,0.0,0.0,41.6713263245281,optimal
2021-02-08 22:00:00,6,2,0.0,0.0,0.0,0.30269999999999997,11.2665,6.0,0,19.732315240850625,55.0,0.0,0.0,0.0,0.0,0.0,41.62965499820358,optimal
2021-02-08 22:30:00,6,2,0.0,0.0,0.0,0.11263333333333334,10.143,6.0,0,19.645557343567358,55.0,0.0,0.0,0.0,0.0,0.0,41.58802534320537,optimal
2021-02-08 23:00:00,6,2,0.0,0.0,0.0,0.052,11.2455,6.0,0,19.52821536534845,55.0,0.0,0.0,0.0,0.0,0.0,41.54643731786217,optimal
2021-02-08 23:30:00,6,2,0.0,0.0,0.0,0.14726666666666668,11.025,6.0,0,19.39686449257587,55.0,0.0,0.0,0.0,0.0,0.0,41.50489088054431,optimal
2021-02-09 00:00:00,6,2,2.0,0.0,9.0,0.13873333333333332,10.584,6.0,0,19.39686449257587,55.0,0.0,7000.0,0.0,0.0,0.0,45.73838598966376,optimal
2021-02-09 00:30:00,6,2,2.0,0.0,0.0,0.08333333333333333,11.2455,6.0,0,19.58416003318437,55.0,0.06698564593301436,0.0,0.0,7000.0,0.0,45.6926476036741,optimal
2021-02-09 01:00:00,6,2,2.0,0.0,0.0,0.18993333333333332,12.1275,6.0,0,19.461638619017652,55.0,0.08,5640.0,0.0,1360.0,0.0,45.646954956070424,optimal
2021-02-09 01:30:00,6,2,2.0,0.0,0.0,0.1598,11.823,6.0,0,19.584045048890918,55.0,0.08,7000.0,0.0,0.0,0.0,45.601308001114354,optimal
2021-02-09 02:00:00,6,2,2.0,0.0,0.0,0.1584,11.7705,6.0,0,19.76304503047862,55.0,0.08,7000.0,0.0,0.0,0.0,45.55570669311324,optimal
2021-02-09 02:30:00,6,2,2.0,0.0,0.0,0.2135,11.13,6.0,0,19.93995175901988,55.0,0.08,7000.0,0.0,0.0,0.0,45.51015098642012,optimal
2021-02-09 03:00:00,6,2,2.0,0.0,0.0,0.06883333333333333,11.6865,6.0,0,20.1183461576647,55.0,0.08,7000.0,0.0,0.0,0.0,45.4646408354337,optimal
2021-02-09 03:30:00,6,2,2.0,0.0,0.0,0.2592,10.7205,6.0,0,20.289472840951984,55.0,0.08,7000.0,0.0,0.0,0.0,45.419176194598265,optimal
2021-02-09 04:00:00,6,2,2.0,0.0,0.0,0.09686666666666666,11.424,6.0,0,20.46841458209038,55.0,0.08,7000.0,0.0,0.0,0.0,45.373757018403666,optimal
2021-02-09 04:30:00,6,2,2.0,0.0,6.436527398932353,0.053,10.689,6.0,0,20.639675436311503,55.0,0.08,7000.0,0.0,0.0,0.0,48.38573377587813,optimal
2021-02-09 05:00:00,6,2,2.0,0.0,0.0,0.23456666666666665,11.361,6.0,0,20.807040473560118,55.0,0.08,7000.0,0.0,0.0,0.0,48.33734804210225,optimal
2021-02-09 05:30:00,6,2,2.0,0.0,0.0,0.1215,11.571,6.0,0,20.980406146063213,55.0,0.08,7000.0,0.0,0.0,0.0,48.289010694060146,optimal
2021-02-09 06:00:00,6,2,0.0,0.0,0.0,0.11566666666666668,14.3745,6.0,0,21.147559828157647,55.0,0.08,0.0,0.0,0.0,0.0,48.240721683366075,optimal
2021-02-09 06:30:00,6,2,2.0,0.0,0.0,0.1564,13.23,6.0,0,21.006824014582453,55.0,0.08,7000.0,0.0,0.0,0.0,48.192480961682705,optimal
2021-02-09 07:00:00,6,2,0.0,0.0,0.0,1.2424000000000002,13.9755,6.0,0,21.176793185318772,55.0,0.076,0.0,0.0,0.0,0.0,48.144288480721016,optimal
2021-02-09 07:30:00,6,2,0.0,0.0,0.0,2.0927333333333333,14.994,6.0,0,21.062535206459764,55.0,0.076,0.0,0.0,0.0,0.0,48.096144192240295,optimal
2021-02-09 08:00:00,6,2,0.0,0.0,0.0,0.4463666666666667,13.671,6.0,0,20.983295070274718,55.0,0.072,0.0,0.0,0.0,0.0,48.048048048048045,optimal
2021-02-09 08:30:00,6,2,0.0,0.0,0.0,0.3552666666666667,15.981,6.0,0,20.863369470895375,55.0,0.07133333333333333,0.0,0.0,0.0,0.0,48.0,optimal
2021-02-09 09:00:00,6,2,0.0,0.0,0.0,0.40936666666666666,15.6345,6.0,0,20.752659280793498,55.0,0.07,0.0,0.0,0.0,0.0,47.06236014939782,optimal
2021-02-09 09:30:00,6,2,0.0,0.0,0.0,0.2531333333333333,16.5375,6.0,0,20.64484881868725,55.0,0.07,0.0,0.0,0.0,0.0,46.12565793864624,optimal
2021-02-09 10:00:00,6,2,0.0,0.0,0.0,0.32816666666666666,14.7735,6.0,0,20.532822256332206,55.0,0.06866666666666667,0.0,0.0,0.0,0.0,45.18989243010542,optimal
2021-02-09 10:30:00,6,2,0.0,0.0,0.0,0.2987333333333333,15.2145,6.0,0,20.425497848855773,55.0,0.050146666666666666,0.0,0.0,0.0,0.0,44.255062687073135,optimal
2021-02-09 11:00:00,6,2,0.0,0.0,0.0,0.14633333333333334,14.553,6.0,0,20.316430569980614,55.0,0.050146666666666666,0.0,0.0,0.0,0.0,43.321167773783884,optimal
2021-02-09 11:30:00,6,2,1.3602713893116753,0.0,0.0,0.16706666666666667,14.3325,6.0,0,20.18330992619245,55.0,0.050146666666666666,4760.949862590864,0.0,0.0,0.0,42.38820675540792,optimal
2021-02-09 12:00:00,6,2,0.0,0.0,0.0,0.18156666666666663,14.595,6.0,0,20.26083551193501,55.0,0.050146666666666666,0.0,0.0,0.0,0.0,41.45617869805034,optimal
2021-02-09 12:30:00,6,2,0.0,0.0,0.0,0.16943333333333332,14.994,6.0,0,20.130390374341882,55.0,0.050146666666666666,0.0,0.0,0.0,0.0,40.52508266875011,optimal
2021-02-09 13:00:00,6,2,0.8426345157121188,0.0,0.0,0.18556666666666663,14.3325,6.0,0,20.0,55.0,0.050146666666666666,2949.2208049924157,0.0,0.0,0.0,39.59491773547918,optimal
2021-02-09 13:30:00,6,2,1.3267113327529931,0.0,0.0,0.1905,13.8915,6.0,0,20.0,55.0,0.050146666666666666,4643.4896646354755,0.0,0.0,0.0,38.66568296714152,optimal
2021-02-09 14:00:00,6,2,2.0,0.0,0.0,0.063,13.8915,6.0,0,20.074016423595996,55.0,0.050146666666666666,7000.0,0.0,0.0,0.0,37.7373774335722,optimal
2021-02-09 14:30:00,6,2,2.0,0.0,0.0,0.25706666666666667,13.4715,6.0,0,20.244701932832214,55.0,0.020666666666666667,7000.0,0.0,0.0,0.0,36.81000020553645,optimal
2021-02-09 15:00:00,6,2,2.0,0.0,0.0,0.318,13.23,6.0,0,20.424711962067242,55.0,0.018666666666666668,7000.0,0.0,0.0,0.0,35.88355035472873,optimal
2021-02-09 15:30:00,6,2,2.0,0.0,0.0,0.48573333333333335,13.8915,6.0,0,20.6128463145742,55.0,0.017333333333333333,7000.0,0.0,0.0,0.0,35.84766680437401,optimal
2021-02-09 16:00:00,6,2,0.0,0.0,0.0,0.24513333333333331,26.9325,6.0,0,20.814557777340024,55.0,0.015333333333333332,0.0,0.0,0.0,0.0,35.811819137569636,optimal
2021-02-09 16:30:00,6,2,0.0,0.0,0.0,0.3979333333333333,30.303,6.0,0,20.699363076028035,55.0,0.009333333333333334,0.0,0.0,0.0,0.0,35.776007318432065,optimal
2021-02-09 17:00:00,6,2,0.0,0.0,0.0,0.2942666666666667,32.886,6.0,0,20.590419046652134,55.0,0.008,0.0,0.0,0.0,0.0,35.74023131111363,optimal
2021-02-09 17:30:00,6,2,0.0,0.0,0.0,0.6547333333333334,34.9965,6.0,0,20.480270712117825,55.0,0.006,0.0,0.0,0.0,0.0,35.704491079802516,optimal
2021-02-09 18:00:00,6,2,0.0,0.0,0.0,1.915,33.327,6.0,0,20.375474535937844,55.0,0.006,0.0,0.0,0.0,0.0,35.66878658872271,optimal
2021-02-09 18:30:00,6,2,0.0,0.0,0.0,1.6670666666666667,31.122,6.0,0,20.28019878490439,55.0,0.002666666666666666,0.0,0.0,0.0,0.0,35.63311780213399,optimal
2021-02-09 19:00:00,6,2,0.0,0.0,0.0,0.7154666666666667,17.9025,6.0,0,20.19390093571308,55.0,0.001333333333333333,0.0,0.0,0.0,0.0,35.59748468433185,optimal
2021-02-09 19:30:00,6,2,0.0,0.0,0.0,0.44356666666666666,15.6555,6.0,0,20.09572770521435,55.0,0.001333333333333333,0.0,0.0,0.0,0.0,35.56188719964752,optimal
2021-02-09 20:00:00,6,2,0.6763649374839311,0.0,0.0,0.3203666666666667,14.553,6.0,0,20.0,55.0,0.0,2367.277281193759,0.0,0.0,0.0,35.526325312447874,optimal
2021-02-09 20:30:00,6,2,0.0,0.0,0.0,0.13546666666666668,14.3325,6.0,0,20.0,55.0,0.0,0.0,0.0,0.0,0.0,35.49079898713543,optimal
2021-02-09 21:00:00,6,2,0.0,0.0,0.0,0.24746666666666667,13.335,6.0,0,19.889289500685372,55.0,0.0,0.0,0.0,0.0,0.0,35.455308188148294,optimal
2021-02-09 21:30:00,6,2,0.07961904761904762,0.0,0.0,0.11496666666666669,12.1275,6.0,0,19.788841715895007,55.0,0.00030666666666666673,0.0,0.0,278.6666666666667,0.0,35.419852879960146,optimal
2021-02-09 22:00:00,6,2,0.0,0.0,0.0,0.26803333333333335,12.2955,6.0,0,19.679343106625094,55.0,0.0,0.0,0.0,0.0,0.0,35.384433027080185,optimal
2021-02-09 22:30:00,6,2,0.13933333333333334,0.0,0.0,0.17953333333333332,11.6865,6.0,0,19.57559531836766,55.0,0.0,0.0,0.0,487.6666666666667,0.0,35.3490485940531,optimal
2021-02-09 23:00:00,6,2,0.0,0.0,0.0,0.2462,11.466,6.0,0,19.478653501918327,55.0,0.0,0.0,0.0,0.0,0.0,35.31369954545905,optimal
2021-02-09 23:30:00,6,2,0.0,0.0,0.0,0.22136666666666668,10.8045,6.0,0,19.373494523379108,55.0,0.0,0.0,0.0,0.0,0.0,35.27838584591359,optimal
2021-02-10 00:00:00,6,2,2.0,0.0,1.1676163588671487,0.22419999999999998,10.8045,6.0,0,19.373494523379108,55.0,0.0,7000.0,0.0,0.0,0.0,35.79772523052957,optimal
2021-02-10 00:30:00,6,2,2.0,0.0,0.0,0.22390000000000002,11.508,6.0,0,19.563212761280276,55.0,0.041333333333333326,2680.666666666667,0.0,4319.333333333333,0.0,35.761927505299035,optimal
2021-02-10 01:00:00,6,2,2.0,0.0,0.0,0.1225,11.508,6.0,0,19.58392743155392,55.0,0.039999999999999994,7000.0,0.0,0.0,0.0,35.72616557779373,optimal
2021-02-10 01:30:00,6,2,2.0,0.0,0.0,0.2614666666666666,11.508,6.0,0,19.797597796590885,55.0,0.039999999999999994,7000.0,0.0,0.0,0.0,35.69043941221593,optimal
2021-02-10 02:00:00,6,2,2.0,0.0,0.0,0.13813333333333333,11.844,6.0,0,19.994223152849177,55.0,0.039999999999999994,7000.0,0.0,0.0,0.0,35.65474897280371,optimal
2021-02-10 02:30:00,6,2,2.0,0.0,0.0,0.19669999999999999,11.508,6.0,0,20.16494816970382,55.0,0.039999999999999994,7000.0,0.0,0.0,0.0,35.619094223830906,optimal
2021-02-10 03:00:00,6,2,2.0,0.0,0.0,0.14483333333333334,11.508,6.0,0,20.336993475306237,55.0,0.039999999999999994,7000.0,0.0,0.0,0.0,35.583475129607066,optimal
2021-02-10 03:30:00,6,2,2.0,0.0,9.0,0.056,10.4475,6.0,0,20.505515364755343,55.0,0.039999999999999994,7000.0,0.0,0.0,0.0,39.82289165447746,optimal
2021-02-10 04:00:00,6,2,2.0,0.0,9.0,0.18330000000000002,10.8675,6.0,0,20.6689213269325,55.0,0.039999999999999994,7000.0,0.0,0.0,0.0,44.05806876282297,optimal
2021-02-10 04:30:00,6,2,2.0,0.0,9.0,0.1582333333333333,10.542,6.0,0,20.836709603630993,55.0,0.039999999999999994,7000.0,0.0,0.0,0.0,48.289010694060146,optimal
2021-02-10 05:00:00,6,2,2.0,0.0,0.0,0.056,11.025,6.0,0,21.001450302169573,55.0,0.039999999999999994,7000.0,0.0,0.0,0.0,48.240721683366075,optimal
2021-02-10 05:30:00,6,2,2.0,0.0,0.0,0.11693333333333333,11.025,6.0,0,21.15978773819837,55.0,0.039999999999999994,7000.0,0.0,0.0,0.0,48.192480961682705,optimal
2021-02-10 06:00:00,6,2,2.0,0.0,0.0,0.1987333333333333,14.553,6.0,0,21.318589967710516,55.0,0.039999999999999994,7000.0,0.0,0.0,0.0,48.144288480721016,optimal
2021-02-10 06:30:00,6,2,2.0,0.0,0.0,0.0979,13.0935,6.0,0,21.47932148778884,55.0,0.039999999999999994,7000.0,0.0,0.0,0.0,48.096144192240295,optimal
2021-02-10 07:00:00,6,2,2.0,0.0,0.0,1.2621,15.6345,6.0,0,21.636012689180408,55.0,0.022,7000.0,0.0,0.0,0.0,48.048048048048045,optimal
2021-02-10 07:30:00,6,2,0.0,0.0,0.0,1.0920666666666665,18.102,6.0,0,21.81429659856144,55.0,0.015999999999999997,0.0,0.0,0.0,0.0,48.0,optimal
2021-02-10 08:00:00,6,2,0.0,0.0,0.0,0.572,17.199,6.0,0,21.71342513654752,55.0,0.01533333333333333,0.0,0.0,0.0,0.0,47.88111848103398,optimal
2021-02-10 08:30:00,6,2,0.0,0.0,0.0,1.1193333333333333,18.2805,6.0,0,21.58642350142431,55.0,0.013999999999999997,0.0,0.0,0.0,0.0,47.762355843586924,optimal
2021-02-10 09:00:00,6,2,0.0,0.0,0.0,0.14993333333333334,17.4615,6.0,0,21.455392320140895,55.0,0.011999999999999997,0.0,0.0,0.0,0.0,47.64371196877732,optimal
2021-02-10 09:30:00,6,2,0.0,0.0,0.0,0.4116,18.3225,6.0,0,21.31806369237949,55.0,0.01133333333333333,0.0,0.0,0.0,0.0,47.525186737842525,optimal
2021-02-10 10:00:00,6,2,0.0,0.0,0.0,1.3820666666666666,17.094,6.0,0,21.196046757187684,55.0,0.01133333333333333,0.0,0.0,0.0,0.0,47.40678003213866,optimal
2021-02-10 10:30:00,6,2,0.0,0.0,0.0,0.2223333333333333,17.094,6.0,0,21.095749384278975,55.0,0.01133333333333333,0.0,0.0,0.0,0.0,47.2884917331405,optimal
2021-02-10 11:00:00,6,2,0.0,0.0,0.0,3.3618,17.094,6.0,0,20.960431971024317,55.0,0.005999999999999998,0.0,0.0,0.0,0.0,47.170321722441344,optimal
2021-02-10 11:30:00,6,2,0.0,0.0,0.0,3.2181333333333333,17.3565,6.0,0,20.86214973178495,55.0,0.005999999999999998,0.0,0.0,0.0,0.0,47.052269881752885,optimal
2021-02-10 12:00:00,6,2,0.0,0.0,0.0,1.2506333333333335,17.115,6.0,0,20.759930912898085,55.0,0.005999999999999998,0.0,0.0,0.0,0.0,46.93433609290511,optimal
2021-02-10 12:30:00,6,2,0.2764624146245817,0.0,0.0,0.4043,17.241,6.0,0,20.678263541449763,55.0,0.0006666666666666665,967.6184511860359,0.0,0.0,0.0,46.81652023784619,optimal
2021-02-10 13:00:00,6,2,2.0,0.0,0.0,0.066,17.094,6.0,0,20.604933311397282,55.0,0.0006666666666666665,7000.0,0.0,0.0,0.0,46.698822198642326,optimal
2021-02-10 13:30:00,6,2,2.0,0.0,0.0,0.0727,16.5165,6.0,0,20.769000873674727,55.0,0.0006666666666666665,7000.0,0.0,0.0,0.0,46.581241857477664,optimal
2021-02-10 14:00:00,6,2,0.0,0.0,0.0,0.28883333333333333,17.8185,6.0,0,20.933623418161826,55.0,0.0006666666666666665,0.0,0.0,0.0,0.0,46.46377909665417,optimal
2021-02-10 14:30:00,6,2,2.0,0.0,0.0,0.066,17.094,6.0,0,20.80154783964545,55.0,0.0006666666666666665,7000.0,0.0,0.0,0.0,46.3464337985915,optimal
2021-02-10 15:00:00,6,2,2.0,0.0,0.0,0.11040000000000001,16.8945,6.0,0,20.967096667183835,55.0,0.0006666666666666665,7000.0,0.0,0.0,0.0,46.22920584582689,optimal
2021-02-10 15:30:00,6,2,0.0,0.0,0.0,0.2511333333333333,18.123,6.0,0,21.133383350110343,55.0,0.0006666666666666665,0.0,0.0,0.0,0.0,46.112095121015045,optimal
2021-02-10 16:00:00,6,2,0.0,0.0,0.0,0.066,31.647,6.0,0,20.99674602587816,55.0,0.0006666666666666665,0.0,0.0,0.0,0.0,45.99510150692801,optimal
2021-02-10 16:30:00,6,2,0.0,0.0,0.0,0.21513333333333332,34.9965,6.0,0,20.851543230675937,55.0,0.0006666666666666665,0.0,0.0,0.0,0.0,45.878224886455065,optimal
2021-02-10 17:00:00,6,2,0.0,0.0,0.0,0.1464,34.9965,6.0,0,20.712469481035892,55.0,0.0006666666666666665,0.0,0.0,0.0,0.0,45.76146514260259,optimal
2021-02-10 17:30:00,6,2,0.0,0.0,0.0,0.066,34.9965,6.0,0,20.569943277792714,55.0,0.0006666666666666665,0.0,0.0,0.0,0.0,45.644822158493966,optimal
2021-02-10 18:00:00,6,2,0.0,0.0,0.0,0.066,34.9965,6.0,0,20.42529983637763,55.0,0.0006666666666666665,0.0,0.0,0.0,0.0,45.528295817369454,optimal
2021-02-10 18:30:00,6,2,0.0,0.0,0.0,0.29553333333333337,34.9965,6.0,0,20.28207399065155,55.0,0.0006666666666666665,0.0,0.0,0.0,0.0,45.411886002586066,optimal
2021-02-10 19:00:00,6,2,0.0,0.0,0.0,0.066,27.741,6.0,0,20.147025598440198,55.0,0.0006666666666666665,0.0,0.0,0.0,0.0,45.295592597617464,optimal
2021-02-10 19:30:00,6,2,0.8141968471507688,0.0,0.0,0.28286666666666666,19.026,6.0,0,20.0,55.0,0.0006666666666666665,2849.6889650276908,0.0,0.0,0.0,45.17941548605383,optimal
2021-02-10 20:00:00,6,2,0.7748334441790093,0.0,0.0,0.3935666666666667,18.7215,6.0,0,20.0,55.0,0.0006666666666666665,2711.9170546265327,0.0,0.0,0.0,45.063354551601755,optimal
2021-02-10 20:30:00,6,2,0.0,0.0,0.0,0.2194,17.4195,6.0,0,20.0,55.0,0.0006666666666666665,0.0,0.0,0.0,0.0,44.947409678084135,optimal
2021-02-10 21:00:00,6,2,0.0,0.0,0.0,0.9159333333333332,16.758,6.0,0,19.874161815146387,55.0,0.0,0.0,0.0,0.0,0.0,44.83158074944003,optimal
2021-02-10 21:30:00,6,2,0.0,0.0,0.0,0.4605,14.217,6.0,0,19.777509004500892,55.0,0.0,0.0,0.0,0.0,0.0,44.78674916869059,optimal
2021-02-10 22:00:00,6,2,0.418,0.0,0.0,0.2774,13.3665,6.0,0,19.66437468186256,55.0,0.0,0.0,0.0,1463.0,0.0,44.7419624195219,optimal
2021-02-10 22:30:00,6,2,0.05971428571428571,0.0,0.0,1.2094333333333334,12.789,6.0,0,19.523814903186125,55.0,0.0,0.0,0.0,209.0,0.0,44.697220457102375,optimal
2021-02-10 23:00:00,6,2,0.0,0.0,0.0,0.066,11.907,6.0,0,19.393528757986825,55.0,0.0,0.0,0.0,0.0,0.0,44.65252323664527,optimal
2021-02-10 23:30:00,6,2,0.0,0.0,0.0,0.066,11.7075,6.0,0,19.23021273001104,55.0,0.0,0.0,0.0,0.0,0.0,44.60787071340863,optimal
2021-02-11 00:00:00,6,2,2.0,0.0,0.0,0.09079999999999999,11.025,6.0,0,19.23021273001104,55.0,0.0,7000.0,0.0,0.0,0.0,44.563262842695224,optimal
2021-02-11 00:30:00,6,2,2.0,0.0,0.0,0.3754333333333333,12.0855,6.0,0,19.38834458341972,55.0,0.06431897926634769,0.0,0.0,7000.0,0.0,44.51869957985253,optimal
2021-02-11 01:00:00,6,2,2.0,0.0,0.0,0.2710666666666667,11.6865,6.0,0,19.25003841890271,55.0,0.09466666666666666,3828.6666666666665,0.0,3171.3333333333335,0.0,44.47418088027268,optimal
2021-02-11 01:30:00,6,2,2.0,0.0,0.0,0.054,11.2245,6.0,0,19.267725341970216,55.0,0.09466666666666666,7000.0,0.0,0.0,0.0,44.429706699392405,optimal
2021-02-11 02:00:00,6,2,2.0,0.0,0.0,0.1266,11.025,6.0,0,19.414602996279125,55.0,0.09466666666666666,7000.0,0.0,0.0,0.0,44.385276992693015,optimal
2021-02-11 02:30:00,6,2,2.0,0.0,0.0,0.14593333333333333,10.7835,6.0,0,19.563588913422002,55.0,0.09466666666666666,7000.0,0.0,0.0,0.0,44.34089171570032,optimal
2021-02-11 03:00:00,6,2,2.0,0.0,0.0,0.10653333333333331,11.025,6.0,0,19.711607748591646,55.0,0.09466666666666666,7000.0,0.0,0.0,0.0,44.296550823984624,optimal
2021-02-11 03:30:00,6,2,2.0,0.0,0.0,0.1266,10.584,6.0,0,19.856095562557893,55.0,0.09466666666666666,7000.0,0.0,0.0,0.0,44.25225427316064,optimal
2021-02-11 04:00:00,6,2,2.0,0.0,0.0,0.19190000000000002,11.025,6.0,0,20.002230221339683,55.0,0.09466666666666666,7000.0,0.0,0.0,0.0,44.20800201888748,optimal
2021-02-11 04:30:00,6,2,2.0,0.0,8.583005613678926,0.06056666666666667,10.4265,6.0,0,20.151979766813767,55.0,0.09466666666666666,7000.0,0.0,0.0,0.0,48.240721683366075,optimal
2021-02-11 05:00:00,6,2,2.0,0.0,0.0,0.11309999999999999,12.789,6.0,0,20.29488971738627,55.0,0.09466666666666666,7000.0,0.0,0.0,0.0,48.192480961682705,optimal
2021-02-11 05:30:00,6,2,2.0,0.0,0.0,0.13936666666666667,12.684,6.0,0,20.439058433048288,55.0,0.09466666666666666,7000.0,0.0,0.0,0.0,48.144288480721016,optimal
2021-02-11 06:00:00,6,2,2.0,0.0,0.0,0.054,16.254,6.0,0,20.585147715235557,55.0,0.09466666666666666,7000.0,0.0,0.0,0.0,48.096144192240295,optimal
2021-02-11 06:30:00,6,2,2.0,0.0,0.0,0.26289999999999997,17.64,6.0,0,20.728256958608828,55.0,0.09066666666666667,7000.0,0.0,0.0,0.0,48.048048048048045,optimal
2021-02-11 07:00:00,6,2,0.0,0.0,0.0,0.295,19.1625,6.0,0,20.88448453295768,55.0,0.08733333333333333,0.0,0.0,0.0,0.0,48.0,optimal
2021-02-11 07:30:00,6,2,0.0,0.0,0.0,0.11013333333333333,26.46,6.0,0,20.741322581845434,55.0,0.08533333333333333,0.0,0.0,0.0,0.0,47.790239076201836,optimal
2021-02-11 08:00:00,6,2,0.0,0.0,0.0,0.22306666666666664,20.79,6.0,0,20.58999410303287,55.0,0.08533333333333333,0.0,0.0,0.0,0.0,47.58068791332747,optimal
2021-02-11 08:30:00,6,2,0.0,0.0,0.0,0.06833333333333333,29.106,6.0,0,20.447967423222014,55.0,0.08333333333333333,0.0,0.0,0.0,0.0,47.371346301615986,optimal
2021-02-11 09:00:00,6,2,0.0,0.0,0.0,0.19253333333333333,19.1835,6.0,0,20.298607463984855,55.0,0.082,0.0,0.0,0.0,0.0,47.16221403151621,optimal
2021-02-11 09:30:00,6,2,0.0,0.0,0.0,0.13583333333333333,19.6665,6.0,0,20.156944120812746,55.0,0.08066666666666666,0.0,0.0,0.0,0.0,46.95329089368653,optimal
2021-02-11 10:00:00,6,2,0.6106541740582123,0.0,0.0,0.26203333333333334,19.404,6.0,0,20.026518767008543,55.0,0.08066666666666666,2137.289609203743,0.0,0.0,0.0,46.744576678994676,optimal
2021-02-11 10:30:00,6,2,0.7909194924992954,0.0,0.0,0.3101666666666667,19.047,6.0,0,20.0,55.0,0.08066666666666666,2768.218223747534,0.0,0.0,0.0,46.53607117851752,optimal
2021-02-11 11:00:00,6,2,1.3712303815338107,0.0,0.0,0.16366666666666665,18.858,6.0,0,20.0,55.0,0.078,4799.306335368337,0.0,0.0,0.0,46.32777418354084,optimal
2021-02-11 11:30:00,6,2,0.0,0.0,0.0,1.8991666666666667,19.2675,6.0,0,20.077250326030953,55.0,0.074,0.0,0.0,0.0,0.0,46.11968548555914,optimal
2021-02-11 12:00:00,6,2,0.7691457944351547,0.0,0.0,0.17346666666666666,18.963,6.0,0,20.0,55.0,0.050666666666666665,2692.0102805230413,0.0,0.0,0.0,45.91180487627542,optimal
2021-02-11 12:30:00,6,2,1.543656097016936,0.0,0.0,0.19,18.438,6.0,0,20.0,55.0,0.032,5402.796339559276,0.0,0.0,0.0,45.70413214760098,optimal
2021-02-11 13:00:00,6,2,0.0,0.0,0.0,0.2612,18.7425,6.0,0,20.12225149289481,55.0,0.029333333333333333,0.0,0.0,0.0,0.0,45.49666709165522,optimal
2021-02-11 13:30:00,6,2,2.0,0.0,0.0,0.17593333333333333,15.2145,6.0,0,20.01551671516185,55.0,0.027333333333333334,7000.0,0.0,0.0,0.0,45.2894095007654,optimal
2021-02-11 14:00:00,6,2,2.0,0.0,0.0,0.07833333333333332,17.7765,6.0,0,20.213164513591117,55.0,0.026,7000.0,0.0,0.0,0.0,45.08235916746647,optimal
2021-02-11 14:30:00,6,2,2.0,0.0,0.0,0.0734,16.758,6.0,0,20.40505255805504,55.0,0.024,7000.0,0.0,0.0,0.0,44.87551588450084,optimal
2021-02-11 15:00:00,6,2,2.0,0.0,0.0,0.072,16.422,6.0,0,20.592178354741367,55.0,0.024,7000.0,0.0,0.0,0.0,44.66887944481818,optimal
2021-02-11 15:30:00,6,2,2.0,0.0,0.0,0.2019,16.758,6.0,0,20.773781359849554,55.0,0.023333333333333334,7000.0,0.0,0.0,0.0,44.4624496415752,optimal
2021-02-11 16:00:00,6,2,0.0,0.0,0.0,0.1422,29.358,6.0,0,20.954044120966497,55.0,0.023333333333333334,0.0,0.0,0.0,0.0,44.25622626813546,optimal
2021-02-11 16:30:00,6,2,0.0,0.0,0.0,0.13240000000000002,34.9965,6.0,0,20.8181302557155,55.0,0.015333333333333332,0.0,0.0,0.0,0.0,44.211970041867325,optimal
2021-02-11 17:00:00,6,2,0.0,0.0,0.0,0.4503333333333333,34.65,6.0,0,20.676120393627627,55.0,0.014,0.0,0.0,0.0,0.0,44.16775807182546,optimal
2021-02-11 17:30:00,6,2,0.0,0.0,0.0,0.15103333333333332,34.9965,6.0,0,20.545405034294962,55.0,0.009999999999999998,0.0,0.0,0.0,0.0,44.12359031375364,optimal
2021-02-11 18:00:00,6,2,0.0,0.0,0.0,0.5196333333333333,34.9965,6.0,0,20.400596447516136,55.0,0.007999999999999998,0.0,0.0,0.0,0.0,44.079466723439886,optimal
2021-02-11 18:30:00,6,2,0.0,0.0,0.0,1.0839333333333334,30.4815,6.0,0,20.267402041358846,55.0,0.005333333333333332,0.0,0.0,0.0,0.0,44.03538725671645,optimal
2021-02-11 19:00:00,6,2,0.0,0.0,0.0,0.7604,21.4305,6.0,0,20.12618981390567,55.0,0.0,0.0,0.0,0.0,0.0,43.991351869459734,optimal
2021-02-11 19:30:00,6,2,0.9716428806981778,0.0,0.0,0.33813333333333334,14.3325,6.0,0,20.0,55.0,0.0,3400.7500824436224,0.0,0.0,0.0,43.947360517590276,optimal
2021-02-11 20:00:00,6,2,1.0410247530933332,0.0,0.0,0.19906666666666664,13.692,6.0,0,20.0,55.0,0.0,3643.586635826666,0.0,0.0,0.0,43.903413157072684,optimal
2021-02-11 20:30:00,6,2,0.0,0.0,0.0,0.34876666666666667,14.007,6.0,0,20.0,55.0,0.0,0.0,0.0,0.0,0.0,43.85950974391561,optimal
2021-02-11 21:00:00,6,2,0.0,0.0,0.0,0.2862,12.873,6.0,0,19.846987927878395,55.0,0.0,0.0,0.0,0.0,0.0,43.81565023417169,optimal
2021-02-11 21:30:00,6,2,0.0,0.0,0.0,0.7489333333333332,12.684,6.0,0,19.692577832288315,55.0,0.0,0.0,0.0,0.0,0.0,43.77183458393752,optimal
2021-02-11 22:00:00,6,2,0.0398095238095238,0.0,0.0,0.41956666666666664,12.306,6.0,0,19.56011549055754,55.0,0.0,0.0,0.0,139.33333333333331,0.0,43.72806274935358,optimal
2021-02-11 22:30:00,6,2,0.07961904761904762,0.0,0.0,0.35283333333333333,10.6365,6.0,0,19.41399914272283,55.0,0.0006666666666666665,0.0,0.0,278.6666666666667,0.0,43.68433468660423,optimal
2021-02-11 23:00:00,6,2,0.0,0.0,0.0,0.27393333333333336,11.2455,6.0,0,19.260866286498384,55.0,0.0,0.0,0.0,0.0,0.0,43.64065035191763,optimal
2021-02-11 23:30:00,6,2,0.0,0.0,0.0,0.14973333333333333,11.2455,6.0,0,19.09090753208721,55.0,0.0,0.0,0.0,0.0,0.0,43.59700970156571,optimal
2021-02-12 00:00:00,6,2,2.0,0.0,0.0,0.051,10.3635,6.0,0,19.09090753208721,55.0,0.0,6930.333333333333,0.0,69.66666666666666,0.0,43.553412691864146,optimal
2021-02-12 00:30:00,6,2,2.0,0.0,0.0,0.062200000000000005,10.8045,6.0,0,19.211930765463944,55.0,0.06698564593301436,0.0,0.0,7000.0,0.0,43.50985927917228,optimal
2021-02-12 01:00:00,6,2,2.0,0.0,0.0,0.163,11.025,6.0,0,19.03142521051091,55.0,0.1339712918660287,0.0,0.0,7000.0,0.0,43.46634941989311,optimal
2021-02-12 01:30:00,6,2,2.0,0.0,0.0,0.19046666666666667,10.3635,6.0,0,18.861205001257332,55.0,0.2,100.0,0.0,6900.0,0.0,43.42288307047322,optimal
2021-02-12 02:00:00,6,2,2.0,0.0,0.0,0.1205,10.8045,6.0,0,18.699743597274313,55.0,0.2,7000.0,0.0,0.0,0.0,43.37946018740275,optimal
2021-02-12 02:30:00,6,2,2.0,0.0,0.0,0.22103333333333333,10.059,6.0,0,18.837222458884327,55.0,0.2,7000.0,0.0,0.0,0.0,43.33608072721535,optimal
2021-02-12 03:00:00,6,2,2.0,0.0,0.0,0.2454,10.584,6.0,0,18.981628094984643,55.0,0.2,7000.0,0.0,0.0,0.0,43.29274464648813,optimal
2021-02-12 03:30:00,6,2,2.0,0.0,9.0,0.28876666666666667,9.4185,6.0,0,19.125869767705726,55.0,0.2,7000.0,0.0,0.0,0.0,47.524451901841644,optimal
2021-02-12 04:00:00,6,2,2.0,0.0,0.0,0.24516666666666662,10.3635,6.0,0,19.275969831019534,55.0,0.2,6930.333333333333,0.0,69.66666666666667,0.0,47.4769274499398,optimal
2021-02-12 04:30:00,6,2,2.0,0.0,1.7079392860552085,0.3867333333333334,9.8385,6.0,0,19.428545675309476,55.0,0.2,6791.0,0.0,209.0,0.0,48.240721683366075,optimal
2021-02-12 05:00:00,6,2,2.0,0.0,0.0,0.062200000000000005,11.067,6.0,0,19.58324367003983,55.0,0.17933333333333334,7000.0,0.0,0.0,0.0,48.192480961682705,optimal
2021-02-12 05:30:00,6,2,2.0,0.0,0.0,0.1756,10.8465,6.0,0,19.74149435477505,55.0,0.12066666666666667,7000.0,0.0,0.0,0.0,48.144288480721016,optimal
2021-02-12 06:00:00,6,2,2.0,0.0,0.0,0.1138,13.671,6.0,0,19.913377971704673,55.0,0.104,7000.0,0.0,0.0,0.0,48.096144192240295,optimal
2021-02-12 06:30:00,6,2,2.0,0.0,0.0,0.097,12.348,6.0,0,20.08718203633688,55.0,0.05333333333333334,7000.0,0.0,0.0,0.0,48.048048048048045,optimal
2021-02-12 07:00:00,6,2,0.0,0.0,0.0,0.2766,14.3325,6.0,0,20.260476305994032,55.0,0.05333333333333334,0.0,0.0,0.0,0.0,48.0,optimal
2021-02-12 07:30:00,6,2,0.0,0.0,0.0,0.3368,15.393,6.0,0,20.136482351543496,55.0,0.002666666666666666,0.0,0.0,0.0,0.0,47.50283309702557,optimal
2021-02-12 08:00:00,6,2,2.0,0.0,0.0,0.14476666666666668,13.587,6.0,0,20.010356124744874,55.0,0.002666666666666666,7000.0,0.0,0.0,0.0,47.00616336095412,optimal
2021-02-12 08:30:00,6,2,0.0,0.0,0.0,0.22333333333333327,16.1385,6.0,0,20.170950348300536,55.0,0.0,0.0,0.0,0.0,0.0,46.50999029461874,optimal
2021-02-12 09:00:00,6,2,1.0665687835971003,0.0,0.0,0.063,14.595,6.0,0,20.010408338984586,55.0,0.0,3732.990742589851,0.0,0.0,0.0,46.014313401349696,optimal
2021-02-12 09:30:00,6,2,1.0294287356744887,0.0,0.0,0.063,14.637,6.0,0,20.0,55.0,0.0,3603.000574860711,0.0,0.0,0.0,45.51913218497392,optimal
2021-02-12 10:00:00,6,2,0.9248476050636397,0.0,0.0,0.063,13.9125,6.0,0,20.0,55.0,0.0,3236.966617722739,0.0,0.0,0.0,45.02444614981452,optimal
2021-02-12 10:30:00,6,2,0.8802328593422445,0.0,0.0,0.15259999999999999,13.3665,6.0,0,20.0,55.0,0.0,3080.815007697856,0.0,0.0,0.0,44.53025480069028,optimal
2021-02-12 11:00:00,6,2,1.7511281691990448,0.0,0.0,0.13290000000000002,13.0095,6.0,0,20.0,55.0,0.0,6128.948592196657,0.0,0.0,0.0,44.03655764291516,optimal
2021-02-12 11:30:00,6,2,0.0,0.0,0.0,0.0861,13.8915,6.0,0,20.135479337599456,55.0,0.0,0.0,0.0,0.0,0.0,43.54335418229782,optimal
2021-02-12 12:00:00,6,2,0.8669786791900997,0.0,0.0,0.1158,13.188,6.0,0,20.0,55.0,0.0,3034.4253771653493,0.0,0.0,0.0,43.050643925141095,optimal
2021-02-12 12:30:00,6,2,0.8426018359749218,0.0,0.0,0.1928,12.5685,6.0,0,20.0,55.0,0.0,2949.1064259122263,0.0,0.0,0.0,42.55842637824153,optimal
2021-02-12 13:00:00,6,2,1.141376696254116,0.0,0.0,1.5064666666666666,12.285,6.0,0,20.0,55.0,0.012666666666666666,2531.8184368894063,0.0,1463.0,0.0,42.06670104888886,optimal
2021-02-12 13:30:00,6,2,2.0,0.0,0.0,0.42083333333333334,11.487,6.0,0,20.028133332108762,55.0,0.012666666666666666,7000.0,0.0,0.0,0.0,41.575467444865545,optimal
2021-02-12 14:00:00,6,2,2.0,0.0,0.0,0.34896666666666665,11.802,6.0,0,20.221304024058558,55.0,0.011333333333333334,7000.0,0.0,0.0,0.0,41.084725074446254,optimal
2021-02-12 14:30:00,6,2,2.0,0.0,0.0,0.2848,11.2245,6.0,0,20.410711153071997,55.0,0.008,7000.0,0.0,0.0,0.0,40.59447344639738,optimal
2021-02-12 15:00:00,6,2,2.0,0.0,0.0,0.3272,11.025,6.0,0,20.59739038749987,55.0,0.008,7000.0,0.0,0.0,0.0,40.10471206997656,optimal
2021-02-12 15:30:00,6,2,2.0,0.0,0.0,1.4979,11.907,6.0,0,20.781970049155216,55.0,0.008,7000.0,0.0,0.0,0.0,39.615440454932155,optimal
2021-02-12 16:00:00,6,2,0.0,0.0,0.0,0.16156666666666666,25.83,6.0,0,21.000315362430243,55.0,0.008,0.0,0.0,0.0,0.0,39.1266581115028,optimal
2021-02-12 16:30:00,6,2,0.0,0.0,0.0,0.48669999999999997,28.035,6.0,0,20.872499398409268,55.0,0.008,0.0,0.0,0.0,0.0,38.63836455041687,optimal
2021-02-12 17:00:00,6,2,0.0,0.0,0.0,0.485,28.119,6.0,0,20.75684462773375,55.0,0.005333333333333333,0.0,0.0,0.0,0.0,38.150559282892026,optimal
2021-02-12 17:30:00,6,2,0.0,0.0,0.0,0.4764,30.156,6.0,0,20.63848589244445,55.0,0.005333333333333333,0.0,0.0,0.0,0.0,37.66324182063471,optimal
2021-02-12 18:00:00,6,2,0.0,0.0,0.0,0.11526666666666668,29.1585,6.0,0,20.516650983405196,55.0,0.004666666666666667,0.0,0.0,0.0,0.0,37.17641167583965,optimal
2021-02-12 18:30:00,6,2,0.0,0.0,0.0,0.43573333333333336,26.712,6.0,0,20.38312552339793,55.0,0.0026666666666666666,0.0,0.0,0.0,0.0,36.69006836118939,optimal
2021-02-12 19:00:00,6,2,0.0,0.0,0.0,0.1955,15.435,6.0,0,20.26421396371134,55.0,0.0006666666666666665,0.0,0.0,0.0,0.0,36.204211389853775,optimal
2021-02-12 19:30:00,6,2,0.0,0.0,0.0,0.0683,13.566,6.0,0,20.13725876437272,55.0,0.0006666666666666665,0.0,0.0,0.0,0.0,35.7188402754895,optimal
2021-02-12 20:00:00,6,2,0.7639057182212889,0.0,0.0,0.3367333333333333,12.789,6.0,0,20.0,55.0,0.0,2673.670013774511,0.0,0.0,0.0,35.683121435214005,optimal
2021-02-12 20:30:00,6,2,0.23885714285714282,0.0,0.0,0.42560000000000003,12.1275,6.0,0,20.0,55.0,0.005333333333333332,0.0,0.0,835.9999999999999,0.0,35.64743831377879,optimal
2021-02-12 21:00:00,6,2,0.0,0.0,0.0,0.32403333333333334,13.671,6.0,0,19.888447072711863,55.0,0.0,0.0,0.0,0.0,0.0,35.61179087546501,optimal
2021-02-12 21:30:00,6,2,0.0,0.0,0.0,0.5454666666666667,10.668,6.0,0,19.769613240213555,55.0,0.0,0.0,0.0,0.0,0.0,35.57617908458955,optimal
2021-02-12 22:00:00,6,2,0.0,0.0,0.0,0.4656666666666667,11.7285,6.0,0,19.662062420276868,55.0,0.0,0.0,0.0,0.0,0.0,35.54060290550496,optimal
2021-02-12 22:30:00,6,2,0.0,0.0,0.0,0.2079,11.025,6.0,0,19.54979189880772,55.0,0.0,0.0,0.0,0.0,0.0,35.505062302599455,optimal
2021-02-12 23:00:00,6,2,0.0,0.0,0.0,0.1177,10.689,6.0,0,19.420854324708284,55.0,0.0,0.0,0.0,0.0,0.0,35.46955724029686,optimal
2021-02-12 23:30:00,6,2,0.0,0.0,0.0,0.1207,8.1585,6.0,0,19.285843242458327,55.0,0.0,0.0,0.0,0.0,0.0,35.43408768305656,optimal
2021-02-13 00:00:00,6,2,2.0,0.0,0.0,0.2298,9.3975,6.0,0,19.285843242458327,55.0,0.0,6512.333333333333,0.0,487.6666666666667,0.0,35.3986535953735,optimal
2021-02-13 00:30:00,6,2,0.0,0.0,0.0,0.2376,10.059,6.0,0,19.45137869100374,55.0,0.0,0.0,0.0,0.0,0.0,35.36325494177813,optimal
2021-02-13 01:00:00,6,2,2.0,0.0,0.0,0.0824,9.261,6.0,0,19.322226311962464,55.0,0.04733333333333333,2053.666666666667,0.0,4946.333333333333,0.0,35.32789168683635,optimal
2021-02-13 01:30:00,6,2,2.0,0.0,0.921890993513952,0.16519999999999999,8.1585,6.0,0,19.277481851615104,55.0,0.04733333333333333,7000.0,0.0,0.0,0.0,35.730462017068646,optimal
2021-02-13 02:00:00,6,2,2.0,0.0,0.0,0.24266666666666664,9.4815,6.0,0,19.453571811486576,55.0,0.04733333333333333,7000.0,0.0,0.0,0.0,35.694731555051575,optimal
2021-02-13 02:30:00,6,2,2.0,0.0,0.0,0.061200000000000004,8.379,6.0,0,19.63213446453129,55.0,0.04733333333333333,7000.0,0.0,0.0,0.0,35.65903682349652,optimal
2021-02-13 03:00:00,6,2,2.0,0.0,0.0,0.2804,9.5235,6.0,0,19.801453147831594,55.0,0.04733333333333333,7000.0,0.0,0.0,0.0,35.62337778667302,optimal
2021-02-13 03:30:00,6,2,2.0,0.0,9.0,0.14166666666666666,8.1375,6.0,0,19.979133897359468,55.0,0.04733333333333333,7000.0,0.0,0.0,0.0,39.862754408886346,optimal
2021-02-13 04:00:00,6,2,2.0,0.0,0.0,0.1296,10.0905,6.0,0,20.14908354915377,55.0,0.04733333333333333,7000.0,0.0,0.0,0.0,39.82289165447746,optimal
2021-02-13 04:30:00,6,2,2.0,0.0,9.0,0.13206666666666667,7.539,6.0,0,20.316903093390877,55.0,0.04733333333333333,7000.0,0.0,0.0,0.0,44.05806876282297,optimal
2021-02-13 05:00:00,6,2,2.0,0.0,9.0,0.1333,7.938,6.0,0,20.48288007100279,55.0,0.04733333333333333,7000.0,0.0,0.0,0.0,48.289010694060146,optimal
2021-02-13 05:30:00,6,2,2.0,0.0,0.0,0.14730000000000001,8.274,6.0,0,20.64697391377203,55.0,0.04733333333333333,7000.0,0.0,0.0,0.0,48.240721683366075,optimal
2021-02-13 06:00:00,6,2,2.0,0.0,0.0,0.14993333333333334,9.261,6.0,0,20.809757182462153,55.0,0.04533333333333334,7000.0,0.0,0.0,0.0,48.192480961682705,optimal
2021-02-13 06:30:00,6,2,2.0,0.0,0.0,0.2379333333333333,9.9225,6.0,0,20.972069665552418,55.0,0.03933333333333333,7000.0,0.0,0.0,0.0,48.144288480721016,optimal
2021-02-13 07:00:00,6,2,2.0,0.0,0.0,0.297,9.702,6.0,0,21.142130508798825,55.0,0.03666666666666667,7000.0,0.0,0.0,0.0,48.096144192240295,optimal
2021-02-13 07:30:00,6,2,2.0,0.0,0.0,0.38939999999999997,10.584,6.0,0,21.31653020570267,55.0,0.03266666666666666,7000.0,0.0,0.0,0.0,48.048048048048045,optimal
2021-02-13 08:00:00,6,2,2.0,0.0,0.0,0.216,10.143,6.0,0,21.494638913946734,55.0,0.028,7000.0,0.0,0.0,0.0,48.0,optimal
2021-02-13 08:30:00,6,2,0.0,0.0,0.0,0.40573333333333333,13.0095,6.0,0,21.66540737215179,55.0,0.022,0.0,0.0,0.0,0.0,47.781690534768366,optimal
2021-02-13 09:00:00,6,2,0.9072552169731696,0.0,0.0,0.2662,11.025,6.0,0,21.529658681753865,55.0,0.02,3175.3932594060934,0.0,0.0,0.0,47.563599379001964,optimal
2021-02-13 09:30:00,6,2,0.0,0.0,0.0,0.1904,12.789,6.0,0,21.533126711059797,55.0,0.02,0.0,0.0,0.0,0.0,47.34572631439133,optimal
2021-02-13 10:00:00,6,2,0.0,0.0,0.0,0.23146666666666668,12.1275,6.0,0,21.382386470740066,55.0,0.02,0.0,0.0,0.0,0.0,47.128071122845306,optimal
2021-02-13 10:30:00,6,2,0.0,0.0,0.0,0.16340000000000002,12.1695,6.0,0,21.231474412145985,55.0,0.02,0.0,0.0,0.0,0.0,46.910633586490825,optimal
2021-02-13 11:00:00,6,2,0.0,0.0,0.0,0.1514,12.306,6.0,0,21.079046067099416,55.0,0.02,0.0,0.0,0.0,0.0,46.6934134876727,optimal
2021-02-13 11:30:00,6,2,0.0,0.0,0.0,0.2552666666666667,13.23,6.0,0,20.927566735850125,55.0,0.02,0.0,0.0,0.0,0.0,46.476410608953394,optimal
2021-02-13 12:00:00,6,2,0.0,0.0,0.0,0.18680000000000002,13.671,6.0,0,20.782101428907982,55.0,0.02,0.0,0.0,0.0,0.0,46.25962473311281,optimal
2021-02-13 12:30:00,6,2,0.0,0.0,0.0,0.20346666666666666,13.9335,6.0,0,20.635062658967524,55.0,0.02,0.0,0.0,0.0,0.0,46.043055643148065,optimal
2021-02-13 13:00:00,6,2,0.0,0.0,0.0,0.1088,13.293,6.0,0,20.490552647462696,55.0,0.02,0.0,0.0,0.0,0.0,45.82670312227329,optimal
2021-02-13 13:30:00,6,2,0.0,0.0,0.0,0.057,12.1065,6.0,0,20.34367949258696,55.0,0.02,0.0,0.0,0.0,0.0,45.61056695391938,optimal
2021-02-13 14:00:00,6,2,2.0,0.0,0.0,0.2904,11.571,6.0,0,20.19633684222236,55.0,0.02,7000.0,0.0,0.0,0.0,45.39464692173383,optimal
2021-02-13 14:30:00,6,2,2.0,0.0,0.0,0.0854,11.025,6.0,0,20.36742916689309,55.0,0.02,7000.0,0.0,0.0,0.0,45.17894280958046,optimal
2021-02-13 15:00:00,6,2,2.0,0.0,0.0,0.1822666666666667,10.8465,6.0,0,20.529030089196485,55.0,0.02,7000.0,0.0,0.0,0.0,44.96345440153925,optimal
2021-02-13 15:30:00,6,2,2.0,0.0,0.0,0.1278,11.2455,6.0,0,20.694422590486866,55.0,0.02,7000.0,0.0,0.0,0.0,44.74818148190608,optimal
2021-02-13 16:00:00,6,2,0.0,0.0,0.0,0.2032,23.8665,6.0,0,20.85549801176604,55.0,0.02,0.0,0.0,0.0,0.0,44.53312383519254,optimal
2021-02-13 16:30:00,6,2,0.0,0.0,0.0,0.35819999999999996,27.4575,6.0,0,20.71155579125199,55.0,0.019333333333333334,0.0,0.0,0.0,0.0,44.318281246125714,optimal
2021-02-13 17:00:00,6,2,0.0,0.0,0.0,0.3484,27.3735,6.0,0,20.584303754603983,55.0,0.019333333333333334,0.0,0.0,0.0,0.0,44.103653499647955,optimal
2021-02-13 17:30:00,6,2,0.0,0.0,0.0,0.3373,30.4605,6.0,0,20.460966790391073,55.0,0.016,0.0,0.0,0.0,0.0,44.05954984614831,optimal
2021-02-13 18:00:00,6,2,0.0,0.0,0.0,0.35056666666666664,30.0195,6.0,0,20.343360524999415,55.0,0.012666666666666666,0.0,0.0,0.0,0.0,44.01549029630216,optimal
2021-02-13 18:30:00,6,2,0.0,0.0,0.0,0.15319999999999998,26.9325,6.0,0,20.22683529583462,55.0,0.0026666666666666666,0.0,0.0,0.0,0.0,43.97147480600586,optimal
2021-02-13 19:00:00,6,2,0.0,0.0,0.0,0.29656666666666665,14.595,6.0,0,20.107034401584116,55.0,0.0026666666666666666,0.0,0.0,0.0,0.0,43.92750333119985,optimal
2021-02-13 19:30:00,6,2,0.712561555600484,0.0,0.0,0.31826666666666664,12.4845,6.0,0,20.0,55.0,0.0026666666666666666,2493.965444601694,0.0,0.0,0.0,43.883575827868654,optimal
2021-02-13 20:00:00,6,2,0.8074104801260713,0.0,0.0,0.17343333333333333,12.1275,6.0,0,20.0,55.0,0.0026666666666666666,2825.93668044125,0.0,0.0,0.0,43.839692252040784,optimal
2021-02-13 20:30:00,6,2,0.0,0.0,0.0,0.2876666666666667,12.1275,6.0,0,20.0,55.0,0.0026666666666666666,0.0,0.0,0.0,0.0,43.79585255978874,optimal
2021-02-13 21:00:00,6,2,0.0,0.0,0.0,0.16006666666666666,12.789,6.0,0,19.88034994505124,55.0,0.002,0.0,0.0,0.0,0.0,43.75205670722895,optimal
2021-02-13 21:30:00,6,2,0.0,0.0,0.0,0.6286333333333334,11.907,6.0,0,19.758181753933012,55.0,0.0,0.0,0.0,0.0,0.0,43.708304650521725,optimal
2021-02-13 22:00:00,6,2,0.0,0.0,0.0,0.3120333333333334,11.025,6.0,0,19.65890467232457,55.0,0.0,0.0,0.0,0.0,0.0,43.6645963458712,optimal
2021-02-13 22:30:00,6,2,0.0,0.0,0.0,0.14106666666666667,8.2005,6.0,0,19.5461408177787,55.0,0.0,0.0,0.0,0.0,0.0,43.62093174952533,optimal
2021-02-13 23:00:00,6,2,0.0,0.0,0.0,0.2845,9.5655,6.0,0,19.41698718996834,55.0,0.0,0.0,0.0,0.0,0.0,43.57731081777581,optimal
2021-02-13 23:30:00,6,2,0.0,0.0,0.0,0.0629,7.056,6.0,0,19.290792996773074,55.0,0.0,0.0,0.0,0.0,0.0,43.533733506958036,optimal
2021-02-07 00:00:00,7,2,0.0,0.0,0.0,0.11053333333333332,9.261,6.0,0,21.0,55.0,0.12,0.0,0.0,0.0,0.0,47.952,optimal
2021-02-07 00:30:00,7,2,0.0,0.0,0.0,0.14393333333333333,10.3635,6.0,0,20.87724328558275,55.0,0.12,0.0,0.0,0.0,0.0,47.904047999999996,optimal
2021-02-07 01:00:00,7,2,0.0,0.0,0.0,0.05,8.274,6.0,0,20.756376997985875,55.0,0.12,0.0,0.0,0.0,0.0,47.856143952,optimal
2021-02-07 01:30:00,7,2,0.0,0.0,0.0,0.17476666666666668,7.7175,6.0,0,20.631638407067527,55.0,0.12,0.0,0.0,0.0,0.0,47.80828780804799,optimal
2021-02-07 02:00:00,7,2,0.0,0.0,0.0,0.1231,6.615,6.0,0,20.5129056547159,55.0,0.12,0.0,0.0,0.0,0.0,47.76047952023995,optimal
2021-02-07 02:30:00,7,2,0.0,0.0,0.0,0.05,6.174,6.0,0,20.39241183864263,55.0,0.12,0.0,0.0,0.0,0.0,47.712719040719705,optimal
2021-02-07 03:00:00,7,2,2.0,0.0,0.0,0.11059999999999999,3.906,6.0,0,20.26886741351892,55.0,0.12,7000.0,0.0,0.0,0.0,47.66500632167899,optimal
2021-02-07 03:30:00,7,2,2.0,0.0,0.0,0.1872666666666667,2.3415,6.0,0,20.45456391761155,55.0,0.12,7000.0,0.0,0.0,0.0,47.61734131535731,optimal
2021-02-07 04:00:00,7,2,2.0,0.0,0.0,0.06186666666666667,2.205,6.0,0,20.641899826317804,55.0,0.12,7000.0,0.0,0.0,0.0,47.56972397404195,optimal
2021-02-07 04:30:00,7,2,2.0,0.0,2.2265416582366457,0.22943333333333332,0.882,6.0,0,20.82201796929446,55.0,0.12,7000.0,0.0,0.0,0.0,48.579761537730306,optimal
2021-02-07 05:00:00,7,2,2.0,0.0,0.0,0.05656666666666667,1.5435,6.0,0,21.00815933714737,55.0,0.12,7000.0,0.0,0.0,0.0,48.53118177619257,optimal
2021-02-07 05:30:00,7,2,2.0,0.0,0.0,0.05,1.5435,6.0,0,21.185377994004536,55.0,0.12,7000.0,0.0,0.0,0.0,48.48265059441637,optimal
2021-02-07 06:00:00,7,2,2.0,0.0,0.0,0.24786666666666668,5.0715,6.0,0,21.36101851113146,55.0,0.12,7000.0,0.0,0.0,0.0,48.434167943821954,optimal
2021-02-07 06:30:00,7,2,2.0,0.0,0.0,0.05,5.376,6.0,0,21.544041210723954,55.0,0.12,7000.0,0.0,0.0,0.0,48.38573377587813,optimal
2021-02-07 07:00:00,7,2,2.0,0.0,0.0,0.25939999999999996,5.0715,6.0,0,21.716705414853124,55.0,0.11333333333333333,7000.0,0.0,0.0,0.0,48.33734804210225,optimal
2021-02-07 07:30:00,7,2,1.1771743383172337,0.0,0.0,1.601233333333333,5.5125,6.0,0,21.911908177340646,55.0,0.112,4120.110184110318,0.0,0.0,0.0,48.289010694060146,optimal
2021-02-07 08:00:00,7,2,0.7381329841719106,0.0,0.0,0.20566666666666664,9.261,6.0,0,22.0,55.0,0.11,2583.465444601687,0.0,0.0,0.0,48.240721683366075,optimal
2021-02-07 08:30:00,7,2,0.0,0.0,0.0,0.27593333333333336,11.7075,6.0,0,22.0,55.0,0.037333333333333336,0.0,0.0,0.0,0.0,48.192480961682705,optimal
2021-02-07 09:00:00,7,2,0.0,0.0,0.0,0.5166333333333333,12.348,6.0,0,21.890345797519345,55.0,0.03666666666666667,0.0,0.0,0.0,0.0,48.144288480721016,optimal
2021-02-07 09:30:00,7,2,0.0,0.0,0.0,0.186,12.348,6.0,0,21.78975096293729,55.0,0.03666666666666667,0.0,0.0,0.0,0.0,48.096144192240295,optimal
2021-02-07 10:00:00,7,2,0.0,0.0,0.0,0.186,12.1275,6.0,0,21.683498616583822,55.0,0.03666666666666667,0.0,0.0,0.0,0.0,48.048048048048045,optimal
2021-02-07 10:30:00,7,2,0.0,0.0,0.0,0.41403333333333336,12.5265,6.0,0,21.56904584936121,55.0,0.034666666666666665,0.0,0.0,0.0,0.0,48.0,optimal
2021-02-07 11:00:00,7,2,0.0,0.0,0.0,0.1322333333333333,11.7495,6.0,0,21.45985227221703,55.0,0.034666666666666665,0.0,0.0,0.0,0.0,47.80991052053377,optimal
2021-02-07 11:30:00,7,2,0.0,0.0,0.0,0.06,13.23,6.0,0,21.31851512469539,55.0,0.034666666666666665,0.0,0.0,0.0,0.0,47.620011130547006,optimal
2021-02-07 12:00:00,7,2,0.0,0.0,0.0,0.2513,14.3325,6.0,0,21.175045412975834,55.0,0.034666666666666665,0.0,0.0,0.0,0.0,47.43030163995023,optimal
2021-02-07 12:30:00,7,2,0.0,0.0,0.0,0.06953333333333334,14.994,6.0,0,21.04099453161955,55.0,0.034666666666666665,0.0,0.0,0.0,0.0,47.24078185884405,optimal
2021-02-07 13:00:00,7,2,0.0,0.0,0.0,0.16296666666666668,14.8155,6.0,0,20.899963327117035,55.0,0.034666666666666665,0.0,0.0,0.0,0.0,47.05145159751898,optimal
2021-02-07 13:30:00,7,2,0.0,0.0,0.0,0.15193333333333334,14.112,6.0,0,20.764049192148615,55.0,0.034666666666666665,0.0,0.0,0.0,0.0,46.86231066645523,optimal
2021-02-07 14:00:00,7,2,0.0,0.0,0.0,0.105,14.007,6.0,0,20.62900610719401,55.0,0.034666666666666665,0.0,0.0,0.0,0.0,46.673358876322546,optimal
2021-02-07 14:30:00,7,2,0.0,0.0,0.0,1.1976333333333335,13.23,6.0,0,20.497546083328114,55.0,0.03333333333333333,0.0,0.0,0.0,0.0,46.48459603798,optimal
2021-02-07 15:00:00,7,2,2.0,0.0,0.0,1.5090666666666666,11.382,6.0,0,20.395104214395435,55.0,0.028,7000.0,0.0,0.0,0.0,46.29602196247579,optimal
2021-02-07 15:30:00,7,2,2.0,0.0,0.0,0.6733,11.7495,6.0,0,20.6035036104231,55.0,0.02666666666666667,7000.0,0.0,0.0,0.0,46.107636461047086,optimal
2021-02-07 16:00:00,7,2,0.0,0.0,0.0,1.6068,24.3285,6.0,0,20.809926612126084,55.0,0.02666666666666667,0.0,0.0,0.0,0.0,45.91943934511981,optimal
2021-02-07 16:30:00,7,2,0.0,0.0,0.0,0.542,28.917,6.0,0,20.744573645396784,55.0,0.024,0.0,0.0,0.0,0.0,45.731430426308464,optimal
2021-02-07 17:00:00,7,2,0.0,0.0,0.0,0.40526666666666666,31.3635,6.0,0,20.643431740087888,55.0,0.02266666666666667,0.0,0.0,0.0,0.0,45.54360951641593,optimal
2021-02-07 17:30:00,7,2,0.0,0.0,0.0,0.5114666666666666,33.306,6.0,0,20.53704223314184,55.0,0.02266666666666667,0.0,0.0,0.0,0.0,45.35597642743328,optimal
2021-02-07 18:00:00,7,2,0.0,0.0,0.0,0.12313333333333334,31.3425,6.0,0,20.437811448385535,55.0,0.02266666666666667,0.0,0.0,0.0,0.0,45.168530971539624,optimal
2021-02-07 18:30:00,7,2,0.0,0.0,0.0,0.12906666666666666,28.2555,6.0,0,20.304976133331984,55.0,0.02266666666666667,0.0,0.0,0.0,0.0,44.98127296110186,optimal
2021-02-07 19:00:00,7,2,0.0,0.0,0.0,0.16506666666666667,15.6975,6.0,0,20.173732140967395,55.0,0.02266666666666667,0.0,0.0,0.0,0.0,44.79420220867453,optimal
2021-02-07 19:30:00,7,2,0.565429358948349,0.0,0.0,0.06,12.5475,6.0,0,20.045384014557822,55.0,0.02266666666666667,1979.0027563192216,0.0,0.0,0.0,44.60731852699962,optimal
2021-02-07 20:00:00,7,2,0.8442389024679284,0.0,0.0,0.1134,12.0855,6.0,0,20.0,55.0,0.02266666666666667,2954.8361586377496,0.0,0.0,0.0,44.42062172900639,optimal
2021-02-07 20:30:00,7,2,0.0,0.0,0.0,0.0994,11.907,6.0,0,20.0,55.0,0.02266666666666667,0.0,0.0,0.0,0.0,44.23411162781116,optimal
2021-02-07 21:00:00,7,2,0.0,0.0,0.0,0.16506666666666667,12.5685,6.0,0,19.869314387125108,55.0,0.02266666666666667,0.0,0.0,0.0,0.0,44.04778803671712,optimal
2021-02-07 21:30:00,7,2,0.0,0.0,0.0,0.06,13.146,6.0,0,19.74172674001791,55.0,0.02266666666666667,0.0,0.0,0.0,0.0,43.86165076921418,optimal
2021-02-07 22:00:00,7,2,0.0,0.0,0.0,0.5046333333333334,10.584,6.0,0,19.610469149949974,55.0,0.020666666666666667,0.0,0.0,0.0,0.0,43.675699638978735,optimal
2021-02-07 22:30:00,7,2,0.0,0.0,0.0,0.5431,6.678,6.0,0,19.51112873989472,55.0,0.020666666666666667,0.0,0.0,0.0,0.0,43.63202393933975,optimal
2021-02-07 23:00:00,7,2,0.0,0.0,0.0,0.41236666666666666,7.938,6.0,0,19.42315470609206,55.0,0.020666666666666667,0.0,0.0,0.0,0.0,43.588391915400415,optimal
2021-02-07 23:30:00,7,2,0.0,0.0,0.0,0.36033333333333334,5.292,6.0,0,19.340239629082365,55.0,0.002666666666666669,0.0,0.0,0.0,0.0,43.544803523485015,optimal
2021-02-08 00:00:00,7,2,2.0,0.0,0.0,0.10243333333333333,5.9745,6.0,0,19.340239629082365,55.0,0.002666666666666669,7000.0,0.0,0.0,0.0,43.50125871996153,optimal
2021-02-08 00:30:00,7,2,2.0,0.0,0.0,0.2339,7.938,6.0,0,19.525019443386235,55.0,0.06965231259968102,0.0,0.0,7000.0,0.0,43.45775746124156,optimal
2021-02-08 01:00:00,7,2,2.0,0.0,0.0,0.054,8.6835,6.0,0,19.407791535975605,55.0,0.13663795853269536,0.0,0.0,7000.0,0.0,43.41429970378032,optimal
2021-02-08 01:30:00,7,2,2.0,0.0,0.0,0.2823333333333333,7.665,6.0,0,19.28354249406209,55.0,0.18266666666666667,2190.0,0.0,4810.0,0.0,43.37088540407654,optimal
2021-02-08 02:00:00,7,2,2.0,0.0,0.0,0.054,6.7725,6.0,0,19.265693906421674,55.0,0.18266666666666667,7000.0,0.0,0.0,0.0,43.327514518672466,optimal
2021-02-08 02:30:00,7,2,2.0,0.0,0.0,0.22126666666666667,5.5755,6.0,0,19.448168223896694,55.0,0.18266666666666667,7000.0,0.0,0.0,0.0,43.28418700415379,optimal
2021-02-08 03:00:00,7,2,2.0,0.0,2.435547154155191,0.18706666666666663,5.0925,6.0,0,19.63699962627289,55.0,0.18266666666666667,7000.0,0.0,0.0,0.0,44.397787715373354,optimal
2021-02-08 03:30:00,7,2,2.0,0.0,9.0,0.054,4.1895,6.0,0,19.82332284841834,55.0,0.18266666666666667,7000.0,0.0,0.0,0.0,48.62838992765797,optimal
2021-02-08 04:00:00,7,2,2.0,0.0,0.0,0.3368333333333333,7.056,6.0,0,20.002100080967956,55.0,0.18266666666666667,7000.0,0.0,0.0,0.0,48.579761537730306,optimal
2021-02-08 04:30:00,7,2,2.0,0.0,0.0,0.0715,5.271,6.0,0,20.191591814661976,55.0,0.18266666666666667,7000.0,0.0,0.0,0.0,48.53118177619257,optimal
2021-02-08 05:00:00,7,2,2.0,0.0,0.0,0.12376666666666668,7.938,6.0,0,20.367360512401408,55.0,0.18266666666666667,7000.0,0.0,0.0,0.0,48.48265059441637,optimal
2021-02-08 05:30:00,7,2,2.0,0.0,0.0,0.12356666666666666,7.938,6.0,0,20.543408685846437,55.0,0.18266666666666667,7000.0,0.0,0.0,0.0,48.434167943821954,optimal
2021-02-08 06:00:00,7,2,2.0,0.0,0.0,0.22,11.907,6.0,0,20.71780178528596,55.0,0.18266666666666667,7000.0,0.0,0.0,0.0,48.38573377587813,optimal
2021-02-08 06:30:00,7,2,2.0,0.0,0.0,0.12706666666666666,11.025,6.0,0,20.89456300600666,55.0,0.18266666666666667,7000.0,0.0,0.0,0.0,48.33734804210225,optimal
2021-02-08 07:00:00,7,2,2.0,0.0,0.0,0.12493333333333334,11.2875,6.0,0,21.06544416303659,55.0,0.18266666666666667,7000.0,0.0,0.0,0.0,48.289010694060146,optimal
2021-02-08 07:30:00,7,2,0.0,0.0,0.0,1.1466333333333334,12.936,6.0,0,21.23500262142012,55.0,0.178,0.0,0.0,0.0,0.0,48.240721683366075,optimal
2021-02-08 08:00:00,7,2,0.0,0.0,0.0,0.2166,13.0095,6.0,0,21.11239956823829,55.0,0.17266666666666666,0.0,0.0,0.0,0.0,48.192480961682705,optimal
2021-02-08 08:30:00,7,2,0.0,0.0,0.0,1.0367666666666668,13.671,6.0,0,20.99583758627177,55.0,0.12466666666666666,0.0,0.0,0.0,0.0,48.144288480721016,optimal
2021-02-08 09:00:00,7,2,0.0,0.0,0.0,0.4345,13.188,6.0,0,20.8789714739864,55.0,0.12266666666666666,0.0,0.0,0.0,0.0,48.096144192240295,optimal
2021-02-08 09:30:00,7,2,0.0,0.0,0.0,1.0563,13.8495,6.0,0,20.774254474756415,55.0,0.06933333333333333,0.0,0.0,0.0,0.0,48.048048048048045,optimal
2021-02-08 10:00:00,7,2,0.0,0.0,0.0,0.2581666666666667,13.23,6.0,0,20.657348343711895,55.0,0.06666666666666667,0.0,0.0,0.0,0.0,48.0,optimal
2021-02-08 10:30:00,7,2,0.0,0.0,0.0,3.0843000000000003,13.3665,6.0,0,20.540996870523692,55.0,0.06466666666666666,0.0,0.0,0.0,0.0,46.85427598027752,optimal
2021-02-08 11:00:00,7,2,0.6965556792643594,0.0,0.0,2.7842,13.0515,6.0,0,20.445069165446867,55.0,0.06466666666666666,2437.944877425258,0.0,0.0,0.0,45.70969768457476,optimal
2021-02-08 11:30:00,7,2,0.0,0.0,0.0,0.27413333333333334,13.5345,6.0,0,20.45023951814518,55.0,0.06266666666666666,0.0,0.0,0.0,0.0,44.566263967167714,optimal
2021-02-08 12:00:00,7,2,0.0,0.0,0.0,0.2045,14.154,6.0,0,20.339346181887155,55.0,0.06266666666666666,0.0,0.0,0.0,0.0,43.42397368347807,optimal
2021-02-08 12:30:00,7,2,0.0,0.0,0.0,0.26716666666666666,14.112,6.0,0,20.225716467646787,55.0,0.056,0.0,0.0,0.0,0.0,42.28282569007211,optimal
2021-02-08 13:00:00,7,2,0.0,0.0,0.0,1.1294000000000002,14.2485,6.0,0,20.111239645569984,55.0,0.056,0.0,0.0,0.0,0.0,41.14281884465956,optimal
2021-02-08 13:30:00,7,2,1.0791369595549352,0.0,0.0,1.0603,12.789,6.0,0,20.0,55.0,0.056,3776.9793584422728,0.0,0.0,0.0,41.101676025814896,optimal
2021-02-08 14:00:00,7,2,0.0,0.0,0.0,3.1034333333333333,13.0095,6.0,0,20.06346278499777,55.0,0.056,0.0,0.0,0.0,0.0,41.06057434978908,optimal
2021-02-08 14:30:00,7,2,2.0,0.0,0.0,4.2517,12.1275,6.0,0,20.0,55.0,0.056,7000.0,0.0,0.0,0.0,41.019513775439286,optimal
2021-02-08 15:00:00,7,2,0.8652536382977508,0.0,0.0,0.8683333333333334,12.348,6.0,0,20.25267418724461,55.0,0.05466666666666667,3028.387734042128,0.0,0.0,0.0,40.97849426166385,optimal
2021-02-08 15:30:00,7,2,2.0,0.0,0.0,0.697,12.348,6.0,0,20.30744419830803,55.0,0.05266666666666667,7000.0,0.0,0.0,0.0,40.93751576740218,optimal
2021-02-08 16:00:00,7,2,0.0,0.0,0.0,0.6633333333333333,25.389,6.0,0,20.541159786801806,55.0,0.05266666666666667,0.0,0.0,0.0,0.0,40.89657825163478,optimal
2021-02-08 16:30:00,7,2,0.0,0.0,0.0,0.5937333333333333,29.1375,6.0,0,20.46374301434115,55.0,0.04733333333333333,0.0,0.0,0.0,0.0,40.855681673383145,optimal
2021-02-08 17:00:00,7,2,0.0,0.0,0.0,0.42156666666666665,30.597,6.0,0,20.378243420363464,55.0,0.018,0.0,0.0,0.0,0.0,40.81482599170976,optimal
2021-02-08 17:30:00,7,2,0.0,0.0,0.0,0.6537333333333334,33.684,6.0,0,20.295382296713605,55.0,0.014,0.0,0.0,0.0,0.0,40.77401116571805,optimal
2021-02-08 18:00:00,7,2,0.0,0.0,0.0,0.22653333333333334,32.445,6.0,0,20.231198465899226,55.0,0.012666666666666666,0.0,0.0,0.0,0.0,40.733237154552334,optimal
2021-02-08 18:30:00,7,2,0.0,0.0,0.0,1.7103666666666666,28.917,6.0,0,20.14067168030834,55.0,0.012666666666666666,0.0,0.0,0.0,0.0,40.69250391739778,optimal
2021-02-08 19:00:00,7,2,0.0,0.0,0.0,0.6846333333333333,15.876,6.0,0,20.086185956964272,55.0,0.01,0.0,0.0,0.0,0.0,40.65181141348038,optimal
2021-02-08 19:30:00,7,2,0.5908790304663161,0.0,0.0,0.38489999999999996,12.348,6.0,0,20.0,55.0,0.006,2068.076606632106,0.0,0.0,0.0,40.6111596020669,optimal
2021-02-08 20:00:00,7,2,0.6298571791594685,0.0,0.0,0.229,12.1275,6.0,0,20.0,55.0,0.0033333333333333335,2204.5001270581397,0.0,0.0,0.0,40.57054844246483,optimal
2021-02-08 20:30:00,7,2,0.0,0.0,0.0,0.4368333333333333,12.348,6.0,0,20.0,55.0,0.0026666666666666666,0.0,0.0,0.0,0.0,40.529977894022366,optimal
2021-02-08 21:00:00,7,2,0.0,0.0,0.0,0.2902666666666667,12.1275,6.0,0,19.91288842769637,55.0,0.0006666666666666665,0.0,0.0,0.0,0.0,40.48944791612834,optimal
2021-02-08 21:30:00,7,2,0.0,0.0,0.0,0.28676666666666667,12.1275,6.0,0,19.81473077788746,55.0,0.0,0.0,0.0,0.0,0.0,40.44895846821221,optimal
2021-02-08 22:00:00,7,2,0.4777142857142857,0.0,0.0,0.38526666666666665,11.2665,6.0,0,19.714132951702076,55.0,0.0,0.0,0.0,1672.0,0.0,40.408509509744,optimal
2021-02-08 22:30:00,7,2,0.7165714285714285,0.0,0.0,0.254,10.143,6.0,0,19.614079127123293,55.0,0.0,0.0,0.0,2508.0,0.0,40.368101000234255,optimal
2021-02-08 23:00:00,7,2,0.0,0.0,0.0,0.19113333333333332,11.2455,6.0,0,19.5042999806681,55.0,0.0,0.0,0.0,0.0,0.0,40.32773289923402,optimal
2021-02-08 23:30:00,7,2,0.0,0.0,0.0,0.2372,11.025,6.0,0,19.379086738550463,55.0,0.0,0.0,0.0,0.0,0.0,40.287405166334786,optimal
2021-02-09 00:00:00,7,2,2.0,0.0,9.0,0.061,10.584,6.0,0,19.379086738550463,55.0,0.0,7000.0,0.0,0.0,0.0,44.52211776116845,optimal
2021-02-09 00:30:00,7,2,2.0,0.0,0.0,0.057,11.2455,6.0,0,19.559509402819714,55.0,0.03933333333333333,2889.666666666667,0.0,4110.333333333333,0.0,44.477595643407284,optimal
2021-02-09 01:00:00,7,2,2.0,0.0,0.0,0.0916,12.1275,6.0,0,19.554679807074667,55.0,0.03933333333333333,7000.0,0.0,0.0,0.0,44.43311804776388,optimal
2021-02-09 01:30:00,7,2,2.0,0.0,0.0,0.1492666666666667,11.823,6.0,0,19.731689115531328,55.0,0.03933333333333333,7000.0,0.0,0.0,0.0,44.38868492971611,optimal
2021-02-09 02:00:00,7,2,2.0,0.0,0.0,0.057,11.7705,6.0,0,19.909205242912442,55.0,0.03933333333333333,7000.0,0.0,0.0,0.0,44.3442962447864,optimal
2021-02-09 02:30:00,7,2,2.0,0.0,0.0,0.057,11.13,6.0,0,20.08066134284983,55.0,0.03933333333333333,7000.0,0.0,0.0,0.0,44.29995194854161,optimal
2021-02-09 03:00:00,7,2,2.0,0.0,0.0,0.10313333333333334,11.6865,6.0,0,20.251232872426808,55.0,0.03933333333333333,7000.0,0.0,0.0,0.0,44.25565199659307,optimal
2021-02-09 03:30:00,7,2,2.0,0.0,0.17853126528932176,0.13773333333333332,10.7205,6.0,0,20.422945706373874,55.0,0.03933333333333333,7000.0,0.0,0.0,0.0,44.29619869560891,optimal
2021-02-09 04:00:00,7,2,2.0,0.0,0.0,0.06276666666666667,11.424,6.0,0,20.595650826726857,55.0,0.03933333333333333,7000.0,0.0,0.0,0.0,44.25190249691329,optimal
2021-02-09 04:30:00,7,2,2.0,0.0,9.0,0.17809999999999998,10.689,6.0,0,20.764544854753996,55.0,0.03933333333333333,7000.0,0.0,0.0,0.0,48.48265059441637,optimal
2021-02-09 05:00:00,7,2,2.0,0.0,0.0,0.057,11.361,6.0,0,20.93652909612096,55.0,0.03933333333333333,7000.0,0.0,0.0,0.0,48.434167943821954,optimal
2021-02-09 05:30:00,7,2,2.0,0.0,0.0,0.17233333333333334,11.571,6.0,0,21.101231453796967,55.0,0.03933333333333333,7000.0,0.0,0.0,0.0,48.38573377587813,optimal
2021-02-09 06:00:00,7,2,0.0,0.0,0.0,0.06853333333333333,14.3745,6.0,0,21.26978285753871,55.0,0.03933333333333333,0.0,0.0,0.0,0.0,48.33734804210225,optimal
2021-02-09 06:30:00,7,2,2.0,0.0,0.0,0.10313333333333334,13.23,6.0,0,21.126146210421396,55.0,0.03933333333333333,7000.0,0.0,0.0,0.0,48.289010694060146,optimal
2021-02-09 07:00:00,7,2,0.0,0.0,0.0,0.1404,13.9755,6.0,0,21.291122858000218,55.0,0.03933333333333333,0.0,0.0,0.0,0.0,48.240721683366075,optimal
2021-02-09 07:30:00,7,2,0.0,0.0,0.0,0.07790000000000001,14.994,6.0,0,21.150667615101842,55.0,0.03666666666666667,0.0,0.0,0.0,0.0,48.192480961682705,optimal
2021-02-09 08:00:00,7,2,0.0,0.0,0.0,1.1869333333333334,13.671,6.0,0,21.01424967145701,55.0,0.024493333333333332,0.0,0.0,0.0,0.0,48.144288480721016,optimal
2021-02-09 08:30:00,7,2,0.0,0.0,0.0,0.28376666666666667,15.981,6.0,0,20.896102302081594,55.0,0.012666666666666666,0.0,0.0,0.0,0.0,48.096144192240295,optimal
2021-02-09 09:00:00,7,2,0.0,0.0,0.0,0.4669,15.6345,6.0,0,20.771483152368248,55.0,0.010666666666666665,0.0,0.0,0.0,0.0,48.048048048048045,optimal
2021-02-09 09:30:00,7,2,0.0,0.0,0.0,0.3123333333333333,16.5375,6.0,0,20.665007854717228,55.0,0.008666666666666666,0.0,0.0,0.0,0.0,48.0,optimal
2021-02-09 10:00:00,7,2,0.0,0.0,0.0,0.189,14.7735,6.0,0,20.551531472380375,55.0,0.008666666666666666,0.0,0.0,0.0,0.0,47.80180061964654,optimal
2021-02-09 10:30:00,7,2,0.0,0.0,0.0,0.20853333333333332,15.2145,6.0,0,20.424913920787436,55.0,0.008666666666666666,0.0,0.0,0.0,0.0,47.60379943867344,optimal
2021-02-09 11:00:00,7,2,0.0,0.0,0.0,0.5440333333333333,14.553,6.0,0,20.298771808112583,55.0,0.008666666666666666,0.0,0.0,0.0,0.0,47.40599625888131,optimal
2021-02-09 11:30:00,7,2,1.1307331018652944,0.0,0.0,1.4578,14.3325,6.0,0,20.181807121421777,55.0,0.008666666666666666,3957.5658565285303,0.0,0.0,0.0,47.20839088226897,optimal
2021-02-09 12:00:00,7,2,0.0,0.0,0.0,0.28126666666666666,14.595,6.0,0,20.244757163527616,55.0,0.008666666666666666,0.0,0.0,0.0,0.0,47.01098311103325,optimal
2021-02-09 12:30:00,7,2,0.0,0.0,0.0,0.20846666666666666,14.994,6.0,0,20.131572413466834,55.0,0.008666666666666666,0.0,0.0,0.0,0.0,46.813772747568756,optimal
2021-02-09 13:00:00,7,2,0.755771658569271,0.0,0.0,0.33953333333333335,14.3325,6.0,0,20.0,55.0,0.008666666666666666,2645.2008049924484,0.0,0.0,0.0,46.61675959446773,optimal
2021-02-09 13:30:00,7,2,2.0,0.0,0.0,0.5726,13.8915,6.0,0,20.0,55.0,0.008666666666666666,7000.0,0.0,0.0,0.0,46.4199434545198,optimal
2021-02-09 14:00:00,7,2,2.0,0.0,0.0,0.18263333333333331,13.8915,6.0,0,20.206779379014904,55.0,0.008666666666666666,7000.0,0.0,0.0,0.0,46.22332413071183,optimal
2021-02-09 14:30:00,7,2,2.0,0.0,0.0,0.13043333333333335,13.4715,6.0,0,20.388820300693393,55.0,0.008666666666666666,7000.0,0.0,0.0,0.0,46.02690142622766,optimal
2021-02-09 15:00:00,7,2,2.0,0.0,0.0,0.067,13.23,6.0,0,20.559853269898497,55.0,0.008666666666666666,7000.0,0.0,0.0,0.0,45.83067514444797,optimal
2021-02-09 15:30:00,7,2,2.0,0.0,0.0,0.1938666666666667,13.8915,6.0,0,20.726499723392525,55.0,0.008666666666666666,7000.0,0.0,0.0,0.0,45.634645088950066,optimal
2021-02-09 16:00:00,7,2,0.0,0.0,0.0,0.1008,26.9325,6.0,0,20.89748592210403,55.0,0.005999999999999998,0.0,0.0,0.0,0.0,45.43881106350766,optimal
2021-02-09 16:30:00,7,2,0.0,0.0,0.0,0.27176666666666666,30.303,6.0,0,20.761638840404824,55.0,0.005999999999999998,0.0,0.0,0.0,0.0,45.243172872090696,optimal
2021-02-09 17:00:00,7,2,0.0,0.0,0.0,0.3948,32.886,6.0,0,20.641664039029415,55.0,0.005999999999999998,0.0,0.0,0.0,0.0,45.04773031886515,optimal
2021-02-09 17:30:00,7,2,0.0,0.0,0.0,0.40336666666666665,34.9965,6.0,0,20.526712573980202,55.0,0.005333333333333332,0.0,0.0,0.0,0.0,44.85248320819283,optimal
2021-02-09 18:00:00,7,2,0.0,0.0,0.0,0.2704,33.327,6.0,0,20.413672023515147,55.0,0.005333333333333332,0.0,0.0,0.0,0.0,44.65743134463118,optimal
2021-02-09 18:30:00,7,2,0.0,0.0,0.0,0.5264333333333333,31.122,6.0,0,20.305265792189516,55.0,0.004666666666666666,0.0,0.0,0.0,0.0,44.46257453293309,optimal
2021-02-09 19:00:00,7,2,0.0,0.0,0.0,0.318,17.9025,6.0,0,20.206360908760384,55.0,0.0019999999999999996,0.0,0.0,0.0,0.0,44.2679125780467,optimal
2021-02-09 19:30:00,7,2,0.045043364022351796,0.0,0.0,0.3236,15.6555,6.0,0,20.09786990754427,55.0,0.001333333333333333,157.65177407823128,0.0,0.0,0.0,44.07344528511519,optimal
2021-02-09 20:00:00,7,2,0.6491649374839161,0.0,0.0,0.4261666666666667,14.553,6.0,0,20.0,55.0,0.0,2272.0772811937063,0.0,0.0,0.0,43.87917245947662,optimal
2021-02-09 20:30:00,7,2,0.0,0.0,0.0,0.8582333333333334,14.3325,6.0,0,20.0,55.0,0.0,0.0,0.0,0.0,0.0,43.68509390666369,optimal
2021-02-09 21:00:00,7,2,0.0,0.0,0.0,1.2282,13.335,6.0,0,19.917209904069068,55.0,0.0,0.0,0.0,0.0,0.0,43.49120943240357,optimal
2021-02-09 21:30:00,7,2,0.11942857142857141,0.0,0.0,0.33303333333333335,12.1275,6.0,0,19.848043825393624,55.0,0.002666666666666666,0.0,0.0,417.99999999999994,0.0,43.29751884261771,optimal
2021-02-09 22:00:00,7,2,0.0,0.0,0.0,0.2742333333333333,12.2955,6.0,0,19.736784779348877,55.0,0.0,0.0,0.0,0.0,0.0,43.104021943421635,optimal
2021-02-09 22:30:00,7,2,0.05971428571428571,0.0,0.0,0.41603333333333337,11.6865,6.0,0,19.620860991912398,55.0,0.0,0.0,0.0,209.0,0.0,42.91071854112476,optimal
2021-02-09 23:00:00,7,2,0.0,0.0,0.0,0.27046666666666663,11.466,6.0,0,19.512002572555268,55.0,0.0,0.0,0.0,0.0,0.0,42.867807822583636,optimal
2021-02-09 23:30:00,7,2,0.0796190476190476,0.0,0.0,0.8029666666666667,10.8045,6.0,0,19.400467998610573,55.0,0.0,0.0,0.0,278.66666666666663,0.0,42.824940014761054,optimal
2021-02-10 00:00:00,7,2,2.0,0.0,0.0,0.19526666666666667,10.8045,6.0,0,19.400467998610573,55.0,0.0,7000.0,0.0,0.0,0.0,42.782115074746294,optimal
2021-02-10 00:30:00,7,2,2.0,0.0,0.0,0.053,11.508,6.0,0,19.580984052949994,55.0,0.027333333333333334,4143.666666666666,0.0,2856.3333333333335,0.0,42.73933295967155,optimal
2021-02-10 01:00:00,7,2,2.0,0.0,0.0,0.14353333333333332,11.508,6.0,0,19.628196910569503,55.0,0.027333333333333334,7000.0,0.0,0.0,0.0,42.69659362671188,optimal
2021-02-10 01:30:00,7,2,2.0,0.0,0.0,0.10473333333333332,11.508,6.0,0,19.803333229803876,55.0,0.027333333333333334,7000.0,0.0,0.0,0.0,42.653897033085165,optimal
2021-02-10 02:00:00,7,2,2.0,0.0,0.0,0.10473333333333332,11.844,6.0,0,19.974767294245293,55.0,0.027333333333333334,7000.0,0.0,0.0,0.0,42.61124313605208,optimal
2021-02-10 02:30:00,7,2,2.0,0.0,0.0,0.14353333333333332,11.508,6.0,0,20.144224491914812,55.0,0.027333333333333334,7000.0,0.0,0.0,0.0,42.56863189291603,optimal
2021-02-10 03:00:00,7,2,2.0,0.0,0.0,0.053,11.508,6.0,0,20.314145949351207,55.0,0.027333333333333334,7000.0,0.0,0.0,0.0,42.52606326102311,optimal
2021-02-10 03:30:00,7,2,2.0,0.0,9.0,0.2049333333333333,10.4475,6.0,0,20.478866870898695,55.0,0.027333333333333334,7000.0,0.0,0.0,0.0,46.75853719776209,optimal
2021-02-10 04:00:00,7,2,2.0,0.0,0.0,0.05333333333333334,10.8675,6.0,0,20.64861567827428,55.0,0.027333333333333334,7000.0,0.0,0.0,0.0,46.71177866056433,optimal
2021-02-10 04:30:00,7,2,2.0,0.0,3.31716800307857,0.17906666666666665,10.542,6.0,0,20.81090064140706,55.0,0.027333333333333334,7000.0,0.0,0.0,0.0,48.240721683366075,optimal
2021-02-10 05:00:00,7,2,2.0,0.0,0.0,0.08886666666666666,11.025,6.0,0,20.97637064408095,55.0,0.027333333333333334,7000.0,0.0,0.0,0.0,48.192480961682705,optimal
2021-02-10 05:30:00,7,2,2.0,0.0,0.0,0.2582333333333333,11.025,6.0,0,21.135944226417635,55.0,0.027333333333333334,7000.0,0.0,0.0,0.0,48.144288480721016,optimal
2021-02-10 06:00:00,7,2,2.0,0.0,0.0,1.343,14.553,6.0,0,21.304608715461303,55.0,0.024666666666666667,7000.0,0.0,0.0,0.0,48.096144192240295,optimal
2021-02-10 06:30:00,7,2,2.0,0.0,0.0,2.4844333333333335,13.0935,6.0,0,21.48462739866329,55.0,0.008,7000.0,0.0,0.0,0.0,48.048048048048045,optimal
2021-02-10 07:00:00,7,2,2.0,0.0,0.0,0.9321333333333333,15.6345,6.0,0,21.673260820059436,55.0,0.006,7000.0,0.0,0.0,0.0,48.0,optimal
2021-02-10 07:30:00,7,2,0.0,0.0,0.0,0.08886666666666666,18.102,6.0,0,21.846902195634144,55.0,0.006,0.0,0.0,0.0,0.0,47.70692094063034,optimal
2021-02-10 08:00:00,7,2,0.0,0.0,0.0,0.1794,17.199,6.0,0,21.68745735088389,55.0,0.006,0.0,0.0,0.0,0.0,47.41413496032005,optimal
2021-02-10 08:30:00,7,2,0.0,0.0,0.0,0.05333333333333334,18.2805,6.0,0,21.53277258815918,55.0,0.006,0.0,0.0,0.0,0.0,47.12164176599007,optimal
2021-02-10 09:00:00,7,2,0.0,0.0,0.0,0.053,17.4615,6.0,0,21.37557573788234,55.0,0.006,0.0,0.0,0.0,0.0,46.82944106485442,optimal
2021-02-10 09:30:00,7,2,0.0,0.0,0.0,0.06266666666666666,18.3225,6.0,0,21.220980371228933,55.0,0.006,0.0,0.0,0.0,0.0,46.53753256441991,optimal
2021-02-10 10:00:00,7,2,0.0,0.0,0.0,0.1762,17.094,6.0,0,21.068967538935205,55.0,0.006,0.0,0.0,0.0,0.0,46.24591597248583,optimal
2021-02-10 10:30:00,7,2,0.0,0.0,0.0,0.08206666666666666,17.094,6.0,0,20.924896780108483,55.0,0.006,0.0,0.0,0.0,0.0,45.95459099714369,optimal
2021-02-10 11:00:00,7,2,0.0,0.0,0.0,0.063,17.094,6.0,0,20.778438620595256,55.0,0.006,0.0,0.0,0.0,0.0,45.66355734677689,optimal
2021-02-10 11:30:00,7,2,0.0,0.0,0.0,0.063,17.3565,6.0,0,20.633290370169696,55.0,0.006,0.0,0.0,0.0,0.0,45.372814730060455,optimal
2021-02-10 12:00:00,7,2,0.0,0.0,0.0,0.20526666666666668,17.115,6.0,0,20.489927545723933,55.0,0.006,0.0,0.0,0.0,0.0,45.08236285596074,optimal
2021-02-10 12:30:00,7,2,1.0410247496459286,0.0,0.0,0.063,17.241,6.0,0,20.354564703469123,55.0,0.006,3643.5866237607497,0.0,0.0,0.0,44.79220143373512,optimal
2021-02-10 13:00:00,7,2,2.0,0.0,0.0,1.5359333333333334,17.094,6.0,0,20.37345387479497,55.0,0.005333333333333333,7000.0,0.0,0.0,0.0,44.50233017293173,optimal
2021-02-10 13:30:00,7,2,2.0,0.0,0.0,0.19319999999999998,16.5165,6.0,0,20.553749851902026,55.0,0.005333333333333333,7000.0,0.0,0.0,0.0,44.21274878338914,optimal
2021-02-10 14:00:00,7,2,0.0,0.0,0.0,0.09766666666666668,17.8185,6.0,0,20.732898590188732,55.0,0.005333333333333333,0.0,0.0,0.0,0.0,43.92345697523609,optimal
2021-02-10 14:30:00,7,2,2.0,0.0,0.0,0.206,17.094,6.0,0,20.609215755118985,55.0,0.005333333333333333,7000.0,0.0,0.0,0.0,43.6344544588912,optimal
2021-02-10 15:00:00,7,2,2.0,0.0,0.0,0.3334,16.8945,6.0,0,20.79680616270508,55.0,0.005333333333333333,7000.0,0.0,0.0,0.0,43.34574094506265,optimal
2021-02-10 15:30:00,7,2,0.0,0.0,0.0,0.42203333333333337,18.123,6.0,0,20.99122917513313,55.0,0.005333333333333333,0.0,0.0,0.0,0.0,43.05731614474793,optimal
2021-02-10 16:00:00,7,2,0.0,0.0,0.0,0.184,31.647,6.0,0,20.8809036307731,55.0,0.005333333333333333,0.0,0.0,0.0,0.0,42.769179769233524,optimal
2021-02-10 16:30:00,7,2,0.0,0.0,0.0,0.2755,34.9965,6.0,0,20.757945543084844,55.0,0.005333333333333333,0.0,0.0,0.0,0.0,42.481331530094636,optimal
2021-02-10 17:00:00,7,2,0.0,0.0,0.0,0.14693333333333333,34.9965,6.0,0,20.64105663065127,55.0,0.0026666666666666666,0.0,0.0,0.0,0.0,42.19377113919488,optimal
2021-02-10 17:30:00,7,2,0.0,0.0,0.0,2.4119333333333333,34.9965,6.0,0,20.51599391820464,55.0,0.002,0.0,0.0,0.0,0.0,41.906498308686025,optimal
2021-02-10 18:00:00,7,2,0.0,0.0,0.0,0.4109,34.9965,6.0,0,20.401769316722024,55.0,0.0,0.0,0.0,0.0,0.0,41.61951275100768,optimal
2021-02-10 18:30:00,7,2,0.0,0.0,0.0,0.08886666666666666,34.9965,6.0,0,20.291213990113317,55.0,0.0,0.0,0.0,0.0,0.0,41.33281417888702,optimal
2021-02-10 19:00:00,7,2,0.0,0.0,0.0,0.063,27.741,6.0,0,20.147104969383676,55.0,0.0,0.0,0.0,0.0,0.0,41.046402305338475,optimal
2021-02-10 19:30:00,7,2,0.9502730376269584,0.0,0.0,0.11473333333333333,19.026,6.0,0,20.0,55.0,0.0,3325.9556316943545,0.0,0.0,0.0,40.760276843663476,optimal
2021-02-10 20:00:00,7,2,0.9510715394171092,0.0,0.0,0.15353333333333333,18.7215,6.0,0,20.0,55.0,0.0,3328.750387959882,0.0,0.0,0.0,40.474437507450155,optimal
2021-02-10 20:30:00,7,2,0.0,0.0,0.0,0.063,17.4195,6.0,0,20.0,55.0,0.0,0.0,0.0,0.0,0.0,40.18888401057305,optimal
2021-02-10 21:00:00,7,2,0.0,0.0,0.0,0.09923333333333333,16.758,6.0,0,19.84996072758318,55.0,0.0,0.0,0.0,0.0,0.0,39.903616067192814,optimal
2021-02-10 21:30:00,7,2,0.0398095238095238,0.0,0.0,0.3566333333333333,14.217,6.0,0,19.70554833657157,55.0,0.0,0.0,0.0,139.33333333333331,0.0,39.86371245112562,optimal
2021-02-10 22:00:00,7,2,0.0,0.0,0.0,0.063,13.3665,6.0,0,19.58193511865819,55.0,0.0,0.0,0.0,0.0,0.0,39.8238487386745,optimal
2021-02-10 22:30:00,7,2,0.0,0.0,0.0,0.16,12.789,6.0,0,19.4208096486035,55.0,0.0,0.0,0.0,0.0,0.0,39.78402488993582,optimal
2021-02-10 23:00:00,7,2,0.0,0.0,0.0,0.10826666666666668,11.907,6.0,0,19.26328296208367,55.0,0.0,0.0,0.0,0.0,0.0,39.74424086504589,optimal
2021-02-10 23:30:00,7,2,0.0,0.0,0.0,0.058333333333333334,11.7075,6.0,0,19.102818222397612,55.0,0.0,0.0,0.0,0.0,0.0,39.70449662418084,optimal
2021-02-11 00:00:00,7,2,2.0,0.0,0.0,0.057,11.025,6.0,0,19.102818222397612,55.0,0.0,7000.0,0.0,0.0,0.0,39.66479212755666,optimal
2021-02-11 00:30:00,7,2,2.0,0.0,0.0,0.0902,12.0855,6.0,0,19.249536596055208,55.0,0.032,3656.0,0.0,3344.0,0.0,39.6251273354291,optimal
2021-02-11 01:00:00,7,2,2.0,0.0,0.0,0.19866666666666663,11.6865,6.0,0,19.250988344736758,55.0,0.032,7000.0,0.0,0.0,0.0,39.58550220809367,optimal
2021-02-11 01:30:00,7,2,2.0,0.0,0.0,0.057,11.2245,6.0,0,19.40428548935637,55.0,0.032,7000.0,0.0,0.0,0.0,39.54591670588558,optimal
2021-02-11 02:00:00,7,2,2.0,0.0,0.0,0.2176,11.025,6.0,0,19.55026487224323,55.0,0.032,7000.0,0.0,0.0,0.0,39.5063707891797,optimal
2021-02-11 02:30:00,7,2,2.0,0.0,1.0286561684858804,0.07126666666666667,10.7835,6.0,0,19.702211156532798,55.0,0.032,7000.0,0.0,0.0,0.0,39.95547609842131,optimal
2021-02-11 03:00:00,7,2,2.0,0.0,0.0,0.10693333333333334,11.025,6.0,0,19.84591693502922,55.0,0.032,7000.0,0.0,0.0,0.0,39.91552062232288,optimal
2021-02-11 03:30:00,7,2,2.0,0.0,9.0,0.1819333333333333,10.584,6.0,0,19.989409059485926,55.0,0.032,7000.0,0.0,0.0,0.0,44.15060510170055,optimal
2021-02-11 04:00:00,7,2,2.0,0.0,0.0,0.057,11.025,6.0,0,20.136959922416207,55.0,0.032,7000.0,0.0,0.0,0.0,44.10645449659885,optimal
2021-02-11 04:30:00,7,2,2.0,0.0,9.0,0.057,10.4265,6.0,0,20.279788117512666,55.0,0.032,7000.0,0.0,0.0,0.0,48.33734804210225,optimal
2021-02-11 05:00:00,7,2,2.0,0.0,0.0,0.23186666666666667,12.789,6.0,0,20.42157608829698,55.0,0.032,7000.0,0.0,0.0,0.0,48.289010694060146,optimal
2021-02-11 05:30:00,7,2,2.0,0.0,0.0,0.057,12.684,6.0,0,20.56998599327134,55.0,0.032,7000.0,0.0,0.0,0.0,48.240721683366075,optimal
2021-02-11 06:00:00,7,2,2.0,0.0,0.0,0.07163333333333334,16.254,6.0,0,20.711481201078204,55.0,0.032,7000.0,0.0,0.0,0.0,48.192480961682705,optimal
2021-02-11 06:30:00,7,2,2.0,0.0,0.0,0.21723333333333328,17.64,6.0,0,20.854407211217687,55.0,0.032,7000.0,0.0,0.0,0.0,48.144288480721016,optimal
2021-02-11 07:00:00,7,2,0.0,0.0,0.0,0.057,19.1625,6.0,0,21.00448651476527,55.0,0.032,0.0,0.0,0.0,0.0,48.096144192240295,optimal
2021-02-11 07:30:00,7,2,0.0,0.0,0.0,0.05633333333333333,26.46,6.0,0,20.841862759363952,55.0,0.030666666666666665,0.0,0.0,0.0,0.0,48.048048048048045,optimal
2021-02-11 08:00:00,7,2,0.0,0.0,0.0,0.13813333333333333,20.79,6.0,0,20.682941224637194,55.0,0.02666666666666667,0.0,0.0,0.0,0.0,48.0,optimal
2021-02-11 08:30:00,7,2,0.0,0.0,0.0,1.9454,29.106,6.0,0,20.530090834513885,55.0,0.02666666666666667,0.0,0.0,0.0,0.0,47.011378867320325,optimal
2021-02-11 09:00:00,7,2,0.0,0.0,0.0,0.10959999999999999,19.1835,6.0,0,20.384154121894856,55.0,0.02666666666666667,0.0,0.0,0.0,0.0,46.02374635577333,optimal
2021-02-11 09:30:00,7,2,0.0,0.0,0.0,0.3743666666666667,19.6665,6.0,0,20.2286670126155,55.0,0.02666666666666667,0.0,0.0,0.0,0.0,45.97772260941756,optimal
2021-02-11 10:00:00,7,2,0.10330296916087557,0.0,0.0,0.055,19.404,6.0,0,20.109015862259835,55.0,0.025333333333333333,361.5603920630645,0.0,0.0,0.0,45.93174488680815,optimal
2021-02-11 10:30:00,7,2,0.5498718734516738,0.0,0.0,2.7974,19.047,6.0,0,20.0,55.0,0.022,1924.5515570808582,0.0,0.0,0.0,45.88581314192134,optimal
2021-02-11 11:00:00,7,2,1.2698263237988483,0.0,0.0,1.631,18.858,6.0,0,20.0,55.0,0.018666666666666668,4444.392133295969,0.0,0.0,0.0,45.83992732877942,optimal
2021-02-11 11:30:00,7,2,0.0,0.0,0.0,2.1108000000000002,19.2675,6.0,0,20.103209915945442,55.0,0.018666666666666668,0.0,0.0,0.0,0.0,45.79408740145064,optimal
2021-02-11 12:00:00,7,2,0.6491819849113651,0.0,0.0,1.0734666666666668,18.963,6.0,0,20.0,55.0,0.014666666666666666,2272.136947189778,0.0,0.0,0.0,45.748293314049185,optimal
2021-02-11 12:30:00,7,2,1.1659452354735134,0.0,0.0,1.2176,18.438,6.0,0,20.0,55.0,0.014666666666666666,4080.8083241572967,0.0,0.0,0.0,45.70254502073514,optimal
2021-02-11 13:00:00,7,2,0.0,0.0,0.0,1.956733333333333,18.7425,6.0,0,20.08434651329,55.0,0.014666666666666666,0.0,0.0,0.0,0.0,45.6568424757144,optimal
2021-02-11 13:30:00,7,2,2.0,0.0,0.0,0.44539999999999996,15.2145,6.0,0,20.0,55.0,0.014666666666666666,7000.0,0.0,0.0,0.0,45.611185633238684,optimal
2021-02-11 14:00:00,7,2,1.027656091519363,0.0,0.0,0.6379666666666667,17.7765,6.0,0,20.215637453007457,55.0,0.014666666666666666,3596.796320317771,0.0,0.0,0.0,45.56557444760544,optimal
2021-02-11 14:30:00,7,2,2.0,0.0,0.0,0.3172333333333333,16.758,6.0,0,20.297487658474765,55.0,0.014666666666666666,7000.0,0.0,0.0,0.0,45.520008873157835,optimal
2021-02-11 15:00:00,7,2,2.0,0.0,0.0,1.7546,16.422,6.0,0,20.50775418941254,55.0,0.014666666666666666,7000.0,0.0,0.0,0.0,45.47448886428468,optimal
2021-02-11 15:30:00,7,2,2.0,0.0,0.0,0.573,16.758,6.0,0,20.72236585585895,55.0,0.014666666666666666,7000.0,0.0,0.0,0.0,45.429014375420394,optimal
2021-02-11 16:00:00,7,2,0.0,0.0,0.0,2.0101,29.358,6.0,0,20.920437024821325,55.0,0.014666666666666666,0.0,0.0,0.0,0.0,45.38358536104497,optimal
2021-02-11 16:30:00,7,2,0.0,0.0,0.0,1.7192333333333332,34.9965,6.0,0,20.80779732983328,55.0,0.014666666666666666,0.0,0.0,0.0,0.0,45.33820177568393,optimal
2021-02-11 17:00:00,7,2,0.0,0.0,0.0,2.587,34.65,6.0,0,20.70369030973141,55.0,0.008,0.0,0.0,0.0,0.0,45.29286357390824,optimal
2021-02-11 17:30:00,7,2,0.0,0.0,0.0,0.11366666666666668,34.9965,6.0,0,20.583555066365502,55.0,0.004666666666666667,0.0,0.0,0.0,0.0,45.24757071033434,optimal
2021-02-11 18:00:00,7,2,0.0,0.0,0.0,0.1278,34.9965,6.0,0,20.443845515730565,55.0,0.001333333333333333,0.0,0.0,0.0,0.0,45.202323139624,optimal
2021-02-11 18:30:00,7,2,0.0,0.0,0.0,0.27103333333333335,30.4815,6.0,0,20.295914109097254,55.0,0.0,0.0,0.0,0.0,0.0,45.15712081648437,optimal
2021-02-11 19:00:00,7,2,0.0,0.0,0.0,1.6430333333333333,21.4305,6.0,0,20.14407620300232,55.0,0.0,0.0,0.0,0.0,0.0,45.11196369566789,optimal
2021-02-11 19:30:00,7,2,0.8198600235553224,0.0,0.0,2.1404666666666667,14.3325,6.0,0,20.0,55.0,0.0,2869.5100824436286,0.0,0.0,0.0,45.06685173197222,optimal
2021-02-11 20:00:00,7,2,1.0392418959504697,0.0,0.0,0.8688666666666667,13.692,6.0,0,20.0,55.0,0.0,3637.3466358266433,0.0,0.0,0.0,45.02178488024025,optimal
2021-02-11 20:30:00,7,2,0.0,0.0,0.0,0.24213333333333334,14.007,6.0,0,20.0,55.0,0.0,0.0,0.0,0.0,0.0,44.976763095360006,optimal
2021-02-11 21:00:00,7,2,0.09952380952380951,0.0,0.0,0.26353333333333334,12.873,6.0,0,19.82580869322387,55.0,0.0,0.0,0.0,348.3333333333333,0.0,44.93178633226464,optimal
2021-02-11 21:30:00,7,2,0.0,0.0,0.0,1.9929000000000001,12.684,6.0,0,19.65967263143401,55.0,0.0,0.0,0.0,0.0,0.0,44.88685454593238,optimal
2021-02-11 22:00:00,7,2,0.0,0.0,0.0,0.4399333333333333,12.306,6.0,0,19.51088796798077,55.0,0.0,0.0,0.0,0.0,0.0,44.84196769138645,optimal
2021-02-11 22:30:00,7,2,0.15923809523809523,0.0,0.0,0.32566666666666666,10.6365,6.0,0,19.35341247771265,55.0,0.005333333333333333,0.0,0.0,557.3333333333334,0.0,44.79712572369506,optimal
2021-02-11 23:00:00,7,2,0.0,0.0,0.0,0.2072,11.2455,6.0,0,19.192880985270875,55.0,0.001333333333333333,0.0,0.0,0.0,0.0,44.75232859797136,optimal
2021-02-11 23:30:00,7,2,0.0,0.0,0.0,0.5675,11.2455,6.0,0,19.025889132801876,55.0,0.0,0.0,0.0,0.0,0.0,44.70757626937339,optimal
2021-02-12 00:00:00,7,2,2.0,0.0,0.0,0.18359999999999999,10.3635,6.0,0,19.025889132801876,55.0,0.0,7000.0,0.0,0.0,0.0,44.662868693104016,optimal
2021-02-12 00:30:00,7,2,2.0,0.0,0.0,0.056,10.8045,6.0,0,19.155390671254192,55.0,0.020666666666666667,4840.333333333334,0.0,2159.6666666666665,0.0,44.618205824410914,optimal
2021-02-12 01:00:00,7,2,2.0,0.0,0.0,0.0676,11.025,6.0,0,19.183826638017546,55.0,0.020666666666666667,7000.0,0.0,0.0,0.0,44.5735876185865,optimal
2021-02-12 01:30:00,7,2,2.0,0.0,0.0,0.172,10.3635,6.0,0,19.307100146899053,55.0,0.020666666666666667,7000.0,0.0,0.0,0.0,44.529014030967915,optimal
2021-02-12 02:00:00,7,2,2.0,0.0,0.0,0.056,10.8045,6.0,0,19.434774140857762,55.0,0.020666666666666667,7000.0,0.0,0.0,0.0,44.484485016936944,optimal
2021-02-12 02:30:00,7,2,2.0,0.0,0.0,0.1024,10.059,6.0,0,19.557168820387677,55.0,0.020666666666666667,7000.0,0.0,0.0,0.0,44.440000531920006,optimal
2021-02-12 03:00:00,7,2,2.0,0.0,0.0,0.1372,10.584,6.0,0,19.682888113016226,55.0,0.020666666666666667,7000.0,0.0,0.0,0.0,44.395560531388085,optimal
2021-02-12 03:30:00,7,2,2.0,0.0,8.69786447065195,0.056,9.4185,6.0,0,19.811400029087512,55.0,0.020666666666666667,7000.0,0.0,0.0,0.0,48.48265059441637,optimal
2021-02-12 04:00:00,7,2,2.0,0.0,0.0,0.18359999999999999,10.3635,6.0,0,19.940519684730305,55.0,0.020666666666666667,7000.0,0.0,0.0,0.0,48.434167943821954,optimal
2021-02-12 04:30:00,7,2,2.0,0.0,0.0,0.056,9.8385,6.0,0,20.079382627974372,55.0,0.020666666666666667,7000.0,0.0,0.0,0.0,48.38573377587813,optimal
2021-02-12 05:00:00,7,2,2.0,0.0,0.0,0.056,11.067,6.0,0,20.216746818399773,55.0,0.020666666666666667,7000.0,0.0,0.0,0.0,48.33734804210225,optimal
2021-02-12 05:30:00,7,2,2.0,0.0,0.0,0.16040000000000001,10.8465,6.0,0,20.35820871129637,55.0,0.020666666666666667,7000.0,0.0,0.0,0.0,48.289010694060146,optimal
2021-02-12 06:00:00,7,2,0.6531225682470287,0.0,0.0,0.0792,13.671,6.0,0,20.50903675461917,55.0,0.020666666666666667,2285.928988864601,0.0,0.0,0.0,48.240721683366075,optimal
2021-02-12 06:30:00,7,2,2.0,0.0,0.0,0.11933333333333332,12.348,6.0,0,20.45468540307247,55.0,0.020666666666666667,7000.0,0.0,0.0,0.0,48.192480961682705,optimal
2021-02-12 07:00:00,7,2,0.0,0.0,0.0,0.14386666666666667,14.3325,6.0,0,20.60933443821183,55.0,0.017333333333333333,0.0,0.0,0.0,0.0,48.144288480721016,optimal
2021-02-12 07:30:00,7,2,0.0,0.0,0.0,0.16086666666666669,15.393,6.0,0,20.45939532995769,55.0,0.016,0.0,0.0,0.0,0.0,48.096144192240295,optimal
2021-02-12 08:00:00,7,2,2.0,0.0,0.0,0.2085,13.587,6.0,0,20.31256586739559,55.0,0.006666666666666667,7000.0,0.0,0.0,0.0,48.048048048048045,optimal
2021-02-12 08:30:00,7,2,0.0,0.0,0.0,0.09409999999999999,16.1385,6.0,0,20.47356362596343,55.0,0.0,0.0,0.0,0.0,0.0,48.0,optimal
2021-02-12 09:00:00,7,2,0.0,0.0,0.0,0.07883333333333332,14.595,6.0,0,20.321082631706023,55.0,0.0,0.0,0.0,0.0,0.0,47.91398164023762,optimal
2021-02-12 09:30:00,7,2,0.0,0.0,0.0,0.1936,14.637,6.0,0,20.153150670291726,55.0,0.0,0.0,0.0,0.0,0.0,47.82804929883501,optimal
2021-02-12 10:00:00,7,2,0.9242190336350504,0.0,0.0,0.056,13.9125,6.0,0,20.0,55.0,0.0,3234.7666177226765,0.0,0.0,0.0,47.7422028897738,optimal
2021-02-12 10:30:00,7,2,0.8985757164851021,0.0,0.0,0.0792,13.3665,6.0,0,20.0,55.0,0.0,3145.0150076978575,0.0,0.0,0.0,47.65644232712165,optimal
2021-02-12 11:00:00,7,2,1.7466576927384225,0.0,0.0,0.1607333333333333,13.0095,6.0,0,20.0,55.0,0.0,6113.301924584479,0.0,0.0,0.0,47.57076752503215,optimal
2021-02-12 11:30:00,7,2,0.0,0.0,0.0,0.066,13.8915,6.0,0,20.136400922443205,55.0,0.0,0.0,0.0,0.0,0.0,47.48517839774475,optimal
2021-02-12 12:00:00,7,2,0.8814358220472377,0.0,0.0,0.05966666666666666,13.188,6.0,0,20.0,55.0,0.0,3085.025377165332,0.0,0.0,0.0,47.39967485958463,optimal
2021-02-12 12:30:00,7,2,0.8525446931177738,0.0,0.0,0.14880000000000002,12.5685,6.0,0,20.0,55.0,0.0,2983.9064259122083,0.0,0.0,0.0,47.31425682496267,optimal
2021-02-12 13:00:00,7,2,2.0,0.0,0.0,0.09113333333333334,12.285,6.0,0,20.0,55.0,0.004666666666666667,6512.333333333333,0.0,487.6666666666667,0.0,47.22892420837533,optimal
2021-02-12 13:30:00,7,2,2.0,0.0,0.0,0.1182,11.487,6.0,0,20.15227800510223,55.0,0.004666666666666667,7000.0,0.0,0.0,0.0,47.14367692440458,optimal
2021-02-12 14:00:00,7,2,2.0,0.0,0.0,0.14006666666666667,11.802,6.0,0,20.32482735672132,55.0,0.004666666666666667,7000.0,0.0,0.0,0.0,47.0585148877178,optimal
2021-02-12 14:30:00,7,2,2.0,0.0,0.0,0.2437333333333333,11.2245,6.0,0,20.49640727047802,55.0,0.004666666666666667,7000.0,0.0,0.0,0.0,46.97343801306771,optimal
2021-02-12 15:00:00,7,2,2.0,0.0,0.0,0.172,11.025,6.0,0,20.67842642966959,55.0,0.004666666666666667,7000.0,0.0,0.0,0.0,46.88844621529226,optimal
2021-02-12 15:30:00,7,2,2.0,0.0,0.0,0.06333333333333334,11.907,6.0,0,20.84775167142667,55.0,0.004666666666666667,7000.0,0.0,0.0,0.0,46.803539409314595,optimal
2021-02-12 16:00:00,7,2,0.0,0.0,0.0,0.1008,25.83,6.0,0,21.009673489307087,55.0,0.004666666666666667,0.0,0.0,0.0,0.0,46.7187175101429,optimal
2021-02-12 16:30:00,7,2,0.0,0.0,0.0,0.15213333333333331,28.035,6.0,0,20.86443013057645,55.0,0.004666666666666667,0.0,0.0,0.0,0.0,46.63398043287038,optimal
2021-02-12 17:00:00,7,2,0.0,0.0,0.0,0.056,28.119,6.0,0,20.72059855384089,55.0,0.004666666666666667,0.0,0.0,0.0,0.0,46.54932809267513,optimal
2021-02-12 17:30:00,7,2,0.0,0.0,0.0,0.3,30.156,6.0,0,20.57156738059169,55.0,0.004666666666666667,0.0,0.0,0.0,0.0,46.46476040482008,optimal
2021-02-12 18:00:00,7,2,0.0,0.0,0.0,1.1105999999999998,29.1585,6.0,0,20.438637288607428,55.0,0.0,0.0,0.0,0.0,0.0,46.38027728465289,optimal
2021-02-12 18:30:00,7,2,0.0,0.0,0.0,0.1662,26.712,6.0,0,20.32142326133844,55.0,0.0,0.0,0.0,0.0,0.0,46.29587864760586,optimal
2021-02-12 19:00:00,7,2,0.0,0.0,0.0,0.07606666666666666,15.435,6.0,0,20.178302412138077,55.0,0.0,0.0,0.0,0.0,0.0,46.21156440919588,optimal
2021-02-12 19:30:00,7,2,0.738204809137634,0.0,0.0,0.1124,13.566,6.0,0,20.031797555597482,55.0,0.0,2583.716831981719,0.0,0.0,0.0,46.127334485024306,optimal
2021-02-12 20:00:00,7,2,0.9390485753641594,0.0,0.0,0.1472,12.789,6.0,0,20.0,55.0,0.0,3286.670013774558,0.0,0.0,0.0,46.04318879077691,optimal
2021-02-12 20:30:00,7,2,0.0,0.0,0.0,0.057,12.1275,6.0,0,20.0,55.0,0.0,0.0,0.0,0.0,0.0,45.95912724222376,optimal
2021-02-12 21:00:00,7,2,0.0,0.0,0.0,0.8013666666666667,13.671,6.0,0,19.85148299751358,55.0,0.0,0.0,0.0,0.0,0.0,45.875149755219155,optimal
2021-02-12 21:30:00,7,2,0.13933333333333334,0.0,0.0,0.3512,10.668,6.0,0,19.733667638010147,55.0,0.001333333333333333,0.0,0.0,487.6666666666667,0.0,45.79125624570156,optimal
2021-02-12 22:00:00,7,2,0.0,0.0,0.0,0.22319999999999998,11.7285,6.0,0,19.611253296601944,55.0,0.0,0.0,0.0,0.0,0.0,45.707446629693486,optimal
2021-02-12 22:30:00,7,2,0.0,0.0,0.0,0.257,11.025,6.0,0,19.493430222076103,55.0,0.0,0.0,0.0,0.0,0.0,45.62372082330142,optimal
2021-02-12 23:00:00,7,2,0.0,0.0,0.0,0.12826666666666667,10.689,6.0,0,19.38471662403935,55.0,0.0,0.0,0.0,0.0,0.0,45.57809710247812,optimal
2021-02-12 23:30:00,7,2,0.0,0.0,0.0,0.1936,8.1585,6.0,0,19.255707482509358,55.0,0.0,0.0,0.0,0.0,0.0,45.53251900537564,optimal
2021-02-13 00:00:00,7,2,2.0,0.0,0.0,0.035666666666666666,9.3975,6.0,0,19.255707482509358,55.0,0.0,6930.333333333333,0.0,69.66666666666666,0.0,45.48698648637026,optimal
2021-02-13 00:30:00,7,2,1.020045080485136,0.0,0.0,0.044,10.059,6.0,0,19.425085424590197,55.0,0.03416418929854522,0.0,0.0,3570.1577816979757,0.0,45.44149949988389,optimal
2021-02-13 01:00:00,7,2,2.0,0.0,0.0,0.2177666666666667,9.261,6.0,0,19.287614909442173,55.0,0.056173333333333325,4700.044448364643,0.0,2299.9555516353566,0.0,45.396058000384,optimal
2021-02-13 01:30:00,7,2,2.0,0.0,0.0,0.0567,8.1585,6.0,0,19.364855095354674,55.0,0.056173333333333325,7000.0,0.0,0.0,0.0,45.35066194238362,optimal
2021-02-13 02:00:00,7,2,2.0,0.0,0.0,0.1451,9.4815,6.0,0,19.535524233029765,55.0,0.056173333333333325,7000.0,0.0,0.0,0.0,45.30531128044123,optimal
2021-02-13 02:30:00,7,2,2.0,0.0,0.0,0.13636666666666666,8.379,6.0,0,19.709184137772624,55.0,0.056173333333333325,7000.0,0.0,0.0,0.0,45.26000596916079,optimal
2021-02-13 03:00:00,7,2,2.0,0.0,0.0,0.051,9.5235,6.0,0,19.88119697805753,55.0,0.056173333333333325,7000.0,0.0,0.0,0.0,45.214745963191625,optimal
2021-02-13 03:30:00,7,2,2.0,0.0,0.0,0.23046666666666668,8.1375,6.0,0,20.048220215567817,55.0,0.056173333333333325,7000.0,0.0,0.0,0.0,45.16953121722843,optimal
2021-02-13 04:00:00,7,2,2.0,0.0,0.0,0.037,10.0905,6.0,0,20.221518804946676,55.0,0.056173333333333325,7000.0,0.0,0.0,0.0,45.124361686011206,optimal
2021-02-13 04:30:00,7,2,2.0,0.0,6.75741762049464,0.12276666666666668,7.539,6.0,0,20.384722324824843,55.0,0.056173333333333325,7000.0,0.0,0.0,0.0,48.289010694060146,optimal
2021-02-13 05:00:00,7,2,2.0,0.0,0.0,0.15869999999999998,7.938,6.0,0,20.549763256244432,55.0,0.056173333333333325,7000.0,0.0,0.0,0.0,48.240721683366075,optimal
2021-02-13 05:30:00,7,2,2.0,0.0,0.0,0.037,8.274,6.0,0,20.714446821744016,55.0,0.056173333333333325,7000.0,0.0,0.0,0.0,48.192480961682705,optimal
2021-02-13 06:00:00,7,2,2.0,0.0,0.0,0.24446666666666667,9.261,6.0,0,20.87187541041692,55.0,0.056173333333333325,7000.0,0.0,0.0,0.0,48.144288480721016,optimal
2021-02-13 06:30:00,7,2,2.0,0.0,0.0,0.4714666666666666,9.9225,6.0,0,21.036510743969703,55.0,0.055506666666666656,7000.0,0.0,0.0,0.0,48.096144192240295,optimal
2021-02-13 07:00:00,7,2,2.0,0.0,0.0,1.2269333333333334,9.702,6.0,0,21.210757168207948,55.0,0.05083999999999999,7000.0,0.0,0.0,0.0,48.048048048048045,optimal
2021-02-13 07:30:00,7,2,2.0,0.0,0.0,0.9185333333333332,10.584,6.0,0,21.395720158174335,55.0,0.02217333333333333,7000.0,0.0,0.0,0.0,48.0,optimal
2021-02-13 08:00:00,7,2,2.0,0.0,0.0,0.0645,10.143,6.0,0,21.573364475165537,55.0,0.02217333333333333,7000.0,0.0,0.0,0.0,47.71936931386002,optimal
2021-02-13 08:30:00,7,2,0.0,0.0,0.0,0.23696666666666666,13.0095,6.0,0,21.715764653063758,55.0,0.02217333333333333,0.0,0.0,0.0,0.0,47.439019258406184,optimal
2021-02-13 09:00:00,7,2,2.0,0.0,0.0,0.047,11.025,6.0,0,21.55862464112663,55.0,0.02217333333333333,7000.0,0.0,0.0,0.0,47.1589495530078,optimal
2021-02-13 09:30:00,7,2,0.0,0.0,0.0,0.0575,12.789,6.0,0,21.70109443497468,55.0,0.02217333333333333,0.0,0.0,0.0,0.0,46.879159917314816,optimal
2021-02-13 10:00:00,7,2,0.0,0.0,0.0,0.24396666666666667,12.1275,6.0,0,21.538390240982174,55.0,0.02217333333333333,0.0,0.0,0.0,0.0,46.59965007125752,optimal
2021-02-13 10:30:00,7,2,0.0,0.0,0.0,0.047,12.1695,6.0,0,21.386854153484474,55.0,0.02217333333333333,0.0,0.0,0.0,0.0,46.320419735046286,optimal
2021-02-13 11:00:00,7,2,0.0,0.0,0.0,0.15596666666666667,12.306,6.0,0,21.228163878591516,55.0,0.02217333333333333,0.0,0.0,0.0,0.0,46.04146862917126,optimal
2021-02-13 11:30:00,7,2,0.0,0.0,0.0,0.1455,13.23,6.0,0,21.075763396864325,55.0,0.02217333333333333,0.0,0.0,0.0,0.0,45.762796474402116,optimal
2021-02-13 12:00:00,7,2,0.0,0.0,0.0,0.06406666666666666,13.671,6.0,0,20.924378841138758,55.0,0.02217333333333333,0.0,0.0,0.0,0.0,45.48440299178774,optimal
2021-02-13 12:30:00,7,2,0.0,0.0,0.0,0.2374,13.9335,6.0,0,20.770896332005453,55.0,0.02217333333333333,0.0,0.0,0.0,0.0,45.20628790265597,optimal
2021-02-13 13:00:00,7,2,0.0,0.0,0.0,0.047,13.293,6.0,0,20.62684741028021,55.0,0.02217333333333333,0.0,0.0,0.0,0.0,44.92845092861334,optimal
2021-02-13 13:30:00,7,2,0.0,0.0,0.0,0.11266666666666668,12.1065,6.0,0,20.47624137306544,55.0,0.02217333333333333,0.0,0.0,0.0,0.0,44.650891791544744,optimal
2021-02-13 14:00:00,7,2,2.0,0.0,0.0,0.1258,11.571,6.0,0,20.330334992180802,55.0,0.02217333333333333,7000.0,0.0,0.0,0.0,44.37361021361322,optimal
2021-02-13 14:30:00,7,2,2.0,0.0,0.0,0.05356666666666667,11.025,6.0,0,20.49321121185371,55.0,0.02217333333333333,7000.0,0.0,0.0,0.0,44.09660591725963,optimal
2021-02-13 15:00:00,7,2,2.0,0.0,0.0,0.2479,10.8465,6.0,0,20.652467571985664,55.0,0.02217333333333333,7000.0,0.0,0.0,0.0,43.81987862520239,optimal
2021-02-13 15:30:00,7,2,2.0,0.0,0.0,0.047,11.2455,6.0,0,20.819799075265653,55.0,0.02217333333333333,7000.0,0.0,0.0,0.0,43.543428060437215,optimal
2021-02-13 16:00:00,7,2,0.0,0.0,0.0,0.103,23.8665,6.0,0,20.97638942989136,55.0,0.02217333333333333,0.0,0.0,0.0,0.0,43.2672539462368,optimal
2021-02-13 16:30:00,7,2,0.0,0.0,0.0,0.06056666666666667,27.4575,6.0,0,20.827145595505907,55.0,0.02217333333333333,0.0,0.0,0.0,0.0,42.99135600615058,optimal
2021-02-13 17:00:00,7,2,0.0,0.0,0.0,0.1849,27.3735,6.0,0,20.67713124160944,55.0,0.02217333333333333,0.0,0.0,0.0,0.0,42.71573396400446,optimal
2021-02-13 17:30:00,7,2,0.0,0.0,0.0,0.11,30.4605,6.0,0,20.5336519914894,55.0,0.02217333333333333,0.0,0.0,0.0,0.0,42.44038754390048,optimal
2021-02-13 18:00:00,7,2,0.0,0.0,0.0,0.22313333333333332,30.0195,6.0,0,20.38721074341071,55.0,0.02017333333333333,0.0,0.0,0.0,0.0,42.1653164702166,optimal
2021-02-13 18:30:00,7,2,0.0,0.0,0.0,0.1447,26.9325,6.0,0,20.24836951324786,55.0,0.02017333333333333,0.0,0.0,0.0,0.0,41.89052046760641,optimal
2021-02-13 19:00:00,7,2,0.0,0.0,0.0,0.3131333333333333,14.595,6.0,0,20.118413843147618,55.0,0.015506666666666663,0.0,0.0,0.0,0.0,41.61599926099883,optimal
2021-02-13 19:30:00,7,2,0.6912663175052329,0.0,0.0,0.3841,12.4845,6.0,0,20.0,55.0,0.014173333333333331,2419.432111268315,0.0,0.0,0.0,41.57438326173783,optimal
2021-02-13 20:00:00,7,2,0.7347723848879717,0.0,0.0,0.2615,12.1275,6.0,0,20.0,55.0,0.011506666666666665,2571.703347107901,0.0,0.0,0.0,41.53280887847609,optimal
2021-02-13 20:30:00,7,2,0.0,0.0,0.0,0.3898666666666667,12.1275,6.0,0,20.0,55.0,0.011506666666666665,0.0,0.0,0.0,0.0,41.49127606959761,optimal
2021-02-13 21:00:00,7,2,0.0,0.0,0.0,0.30056666666666665,12.789,6.0,0,19.88893253259777,55.0,0.010839999999999999,0.0,0.0,0.0,0.0,41.44978479352801,optimal
2021-02-13 21:30:00,7,2,0.0,0.0,0.0,0.3650333333333334,11.907,6.0,0,19.772903125679676,55.0,0.010839999999999999,0.0,0.0,0.0,0.0,41.40833500873448,optimal
2021-02-13 22:00:00,7,2,0.0,0.0,0.0,0.46623333333333333,11.025,6.0,0,19.661403692588,55.0,0.0,0.0,0.0,0.0,0.0,41.36692667372575,optimal
2021-02-13 22:30:00,7,2,0.17396761904761904,0.0,0.0,0.3249666666666666,8.2005,6.0,0,19.55290709482619,55.0,0.0,0.0,0.0,608.8866666666665,0.0,41.325559747052026,optimal
2021-02-13 23:00:00,7,2,0.0,0.0,0.0,0.15906666666666666,9.5655,6.0,0,19.43609947543155,55.0,0.0,0.0,0.0,0.0,0.0,41.284234187304975,optimal
2021-02-13 23:30:00,7,2,0.0,0.0,0.0,0.2509333333333333,7.056,6.0,0,19.317426505592895,55.0,0.0,0.0,0.0,0.0,0.0,41.24294995311767,optimal
2021-02-07 00:00:00,8,2,0.0,0.0,0.0,0.063,9.261,6.0,0,21.0,55.0,0.12,0.0,0.0,0.0,0.0,47.952,optimal
2021-02-07 00:30:00,8,2,0.0,0.0,0.0,0.20786666666666667,10.3635,6.0,0,20.868189399876147,55.0,0.12,0.0,0.0,0.0,0.0,47.904047999999996,optimal
2021-02-07 01:00:00,8,2,0.0,0.0,0.0,0.13213333333333332,8.274,6.0,0,20.742951845628852,55.0,0.12,0.0,0.0,0.0,0.0,47.856143952,optimal
2021-02-07 01:30:00,8,2,0.0,0.0,0.0,0.063,7.7175,6.0,0,20.614582960127343,55.0,0.12,0.0,0.0,0.0,0.0,47.80828780804799,optimal
2021-02-07 02:00:00,8,2,0.03259512251317383,0.0,0.0,0.1462,6.615,6.0,0,20.483758608531378,55.0,0.12109170266790534,0.0,0.0,114.0829287961084,0.0,47.76047952023995,optimal
2021-02-07 02:30:00,8,2,2.0,0.0,0.0,0.1206,6.174,6.0,0,20.357164886471068,55.0,0.1880773486009197,0.0,0.0,7000.0,0.0,47.712719040719705,optimal
2021-02-07 03:00:00,8,2,1.9999999999999998,0.0,0.0,0.1362,3.906,6.0,0,20.22964423784464,55.0,0.2,5754.082928796109,0.0,1245.9170712038904,0.0,47.66500632167899,optimal
2021-02-07 03:30:00,8,2,2.0,0.0,0.0,0.34586666666666666,2.3415,6.0,0,20.354885102178134,55.0,0.2,5258.333333333333,0.0,1741.6666666666667,0.0,47.61734131535731,optimal
2021-02-07 04:00:00,8,2,2.0,0.0,0.0,1.1255,2.205,6.0,0,20.4731846346981,55.0,0.2,7000.0,0.0,0.0,0.0,47.56972397404195,optimal
2021-02-07 04:30:00,8,2,2.0,0.0,1.716197456914406,0.11,0.882,6.0,0,20.66782024942118,55.0,0.2,6442.666666666667,0.0,557.3333333333334,0.0,48.33734804210225,optimal
2021-02-07 05:00:00,8,2,2.0,0.0,0.0,2.0364666666666666,1.5435,6.0,0,20.837744375973223,55.0,0.2,6651.666666666667,0.0,348.3333333333333,0.0,48.289010694060146,optimal
2021-02-07 05:30:00,8,2,2.0,0.0,0.0,0.21356666666666663,1.5435,6.0,0,21.027384882677705,55.0,0.1602,6839.766666666666,0.0,160.23333333333332,0.0,48.240721683366075,optimal
2021-02-07 06:00:00,8,2,2.0,0.0,0.0,0.32076666666666664,5.0715,6.0,0,21.223744428870155,55.0,0.15886666666666666,7000.0,0.0,0.0,0.0,48.192480961682705,optimal
2021-02-07 06:30:00,8,2,2.0,0.0,0.0,0.11963333333333334,5.376,6.0,0,21.428056068837527,55.0,0.12936,7000.0,0.0,0.0,0.0,48.144288480721016,optimal
2021-02-07 07:00:00,8,2,2.0,0.0,0.0,0.2908,5.0715,6.0,0,21.613934021316897,55.0,0.11753333333333334,7000.0,0.0,0.0,0.0,48.096144192240295,optimal
2021-02-07 07:30:00,8,2,2.0,0.0,0.0,0.2877,5.5125,6.0,0,21.810734484753567,55.0,0.1122,7000.0,0.0,0.0,0.0,48.048048048048045,optimal
2021-02-07 08:00:00,8,2,0.7666853651242883,0.0,0.0,0.22740000000000002,9.261,6.0,0,22.0,55.0,0.10753333333333333,2683.398777935009,0.0,0.0,0.0,48.0,optimal
2021-02-07 08:30:00,8,2,0.0,0.0,0.0,0.1306,11.7075,6.0,0,22.0,55.0,0.10753333333333333,0.0,0.0,0.0,0.0,47.723040222475625,optimal
2021-02-07 09:00:00,8,2,0.0,0.0,0.0,0.073,12.348,6.0,0,21.855780527816897,55.0,0.10753333333333333,0.0,0.0,0.0,0.0,47.44635740472877,optimal
2021-02-07 09:30:00,8,2,0.0,0.0,0.0,0.22193333333333332,12.348,6.0,0,21.70972588953893,55.0,0.10753333333333333,0.0,0.0,0.0,0.0,47.16995126979967,optimal
2021-02-07 10:00:00,8,2,0.0,0.0,0.0,0.13806666666666667,12.1275,6.0,0,21.571618507565884,55.0,0.10753333333333333,0.0,0.0,0.0,0.0,46.893821541005494,optimal
2021-02-07 10:30:00,8,2,0.0,0.0,0.0,0.137,12.5265,6.0,0,21.431209957353094,55.0,0.10753333333333333,0.0,0.0,0.0,0.0,46.617967941940115,optimal
2021-02-07 11:00:00,8,2,0.0,0.0,0.0,0.223,11.7495,6.0,0,21.291049012391717,55.0,0.10753333333333333,0.0,0.0,0.0,0.0,46.3423901964738,optimal
2021-02-07 11:30:00,8,2,0.0,0.0,0.0,0.073,13.23,6.0,0,21.154945112442423,55.0,0.10753333333333333,0.0,0.0,0.0,0.0,46.067088028752956,optimal
2021-02-07 12:00:00,8,2,0.0,0.0,0.0,0.2856666666666667,14.3325,6.0,0,21.013266390017034,55.0,0.10753333333333333,0.0,0.0,0.0,0.0,45.79206116319983,optimal
2021-02-07 12:30:00,8,2,0.0,0.0,0.0,0.071,14.994,6.0,0,20.886218589426356,55.0,0.10753333333333333,0.0,0.0,0.0,0.0,45.51730932451226,optimal
2021-02-07 13:00:00,8,2,0.0,0.0,0.0,0.071,14.8155,6.0,0,20.754192454225027,55.0,0.1062,0.0,0.0,0.0,0.0,45.24283223766338,optimal
2021-02-07 13:30:00,8,2,0.0,0.0,0.0,0.6019,14.112,6.0,0,20.625901671281653,55.0,0.10486666666666666,0.0,0.0,0.0,0.0,44.96862962790134,optimal
2021-02-07 14:00:00,8,2,0.0,0.0,0.0,1.246733333333333,14.007,6.0,0,20.509825412441767,55.0,0.10486666666666666,0.0,0.0,0.0,0.0,44.69470122074907,optimal
2021-02-07 14:30:00,8,2,0.0,0.0,0.0,0.2745666666666667,13.23,6.0,0,20.390892690702298,55.0,0.10486666666666666,0.0,0.0,0.0,0.0,44.421046742003945,optimal
2021-02-07 15:00:00,8,2,2.0,0.0,0.0,0.5262333333333333,11.382,6.0,0,20.266887466893774,55.0,0.10286666666666666,7000.0,0.0,0.0,0.0,44.14766591773757,optimal
2021-02-07 15:30:00,8,2,2.0,0.0,0.0,0.676,11.7495,6.0,0,20.48207002143253,55.0,0.10286666666666666,7000.0,0.0,0.0,0.0,43.874558474295455,optimal
2021-02-07 16:00:00,8,2,0.0,0.0,0.0,0.42286666666666667,24.3285,6.0,0,20.70910337328135,55.0,0.1002,0.0,0.0,0.0,0.0,43.60172413829679,optimal
2021-02-07 16:30:00,8,2,0.0,0.0,0.0,0.5206000000000001,28.917,6.0,0,20.60767208906543,55.0,0.09886666666666667,0.0,0.0,0.0,0.0,43.329162636634116,optimal
2021-02-07 17:00:00,8,2,0.0,0.0,0.0,0.9934,31.3635,6.0,0,20.514232226454936,55.0,0.05753333333333333,0.0,0.0,0.0,0.0,43.05687369647311,optimal
2021-02-07 17:30:00,8,2,0.0,0.0,0.0,1.7628,33.306,6.0,0,20.423990711588548,55.0,0.0562,0.0,0.0,0.0,0.0,42.78485704525227,optimal
2021-02-07 18:00:00,8,2,0.0,0.0,0.0,1.0984,31.3425,6.0,0,20.351923454638243,55.0,0.0502,0.0,0.0,0.0,0.0,42.51311241068264,optimal
2021-02-07 18:30:00,8,2,0.0,0.0,0.0,0.24113333333333334,28.2555,6.0,0,20.270837113576697,55.0,0.04953333333333333,0.0,0.0,0.0,0.0,42.24163952074758,optimal
2021-02-07 19:00:00,8,2,0.0,0.0,0.0,0.4262666666666666,15.6975,6.0,0,20.169612334228347,55.0,0.03086666666666666,0.0,0.0,0.0,0.0,41.97043810370246,optimal
2021-02-07 19:30:00,8,2,0.24502959965219592,0.0,0.0,0.24080000000000001,12.5475,6.0,0,20.06784595441452,55.0,0.03086666666666666,857.6035987826857,0.0,0.0,0.0,41.699507888074386,optimal
2021-02-07 20:00:00,8,2,0.7083341405631765,0.0,0.0,0.32030000000000003,12.0855,6.0,0,20.0,55.0,0.03086666666666666,2479.1694919711176,0.0,0.0,0.0,41.42884860266194,optimal
2021-02-07 20:30:00,8,2,0.0,0.0,0.0,0.44996666666666657,11.907,6.0,0,20.0,55.0,0.03086666666666666,0.0,0.0,0.0,0.0,41.1584599765349,optimal
2021-02-07 21:00:00,8,2,0.0,0.0,0.0,0.31389999999999996,12.5685,6.0,0,19.896471666862624,55.0,0.03086666666666666,0.0,0.0,0.0,0.0,41.11730151655836,optimal
2021-02-07 21:30:00,8,2,0.0,0.0,0.0,1.5976333333333335,13.146,6.0,0,19.789414596316885,55.0,0.03086666666666666,0.0,0.0,0.0,0.0,41.076184215041806,optimal
2021-02-07 22:00:00,8,2,0.0,0.0,0.0,0.36419999999999997,10.584,6.0,0,19.708119385815213,55.0,0.0,0.0,0.0,0.0,0.0,41.03510803082676,optimal
2021-02-07 22:30:00,8,2,0.45183809523809526,0.0,0.0,0.45263333333333333,6.678,6.0,0,19.615684429789688,55.0,0.004,0.0,0.0,1581.4333333333334,0.0,40.99407292279594,optimal
2021-02-07 23:00:00,8,2,0.0,0.0,0.0,0.13,7.938,6.0,0,19.53615162879456,55.0,0.0,0.0,0.0,0.0,0.0,40.953078849873144,optimal
2021-02-07 23:30:00,8,2,0.0,0.0,0.0,0.073,5.292,6.0,0,19.424398343334527,55.0,0.0,0.0,0.0,0.0,0.0,40.91212577102327,optimal
2021-02-08 00:00:00,8,2,2.0,0.0,0.0,0.065,5.9745,6.0,0,19.424398343334527,55.0,0.0,7000.0,0.0,0.0,0.0,40.87121364525225,optimal
2021-02-08 00:30:00,8,2,2.0,0.0,0.0,0.14386666666666667,7.938,6.0,0,19.606996663865022,55.0,0.008666666666666666,6094.333333333334,0.0,905.6666666666665,0.0,40.830342431606994,optimal
2021-02-08 01:00:00,8,2,2.0,0.0,0.0,0.065,8.6835,6.0,0,19.752072915643677,55.0,0.008666666666666666,7000.0,0.0,0.0,0.0,40.78951208917539,optimal
2021-02-08 01:30:00,8,2,2.0,0.0,0.0,0.0819,7.665,6.0,0,19.932284767197526,55.0,0.008666666666666666,7000.0,0.0,0.0,0.0,40.74872257708621,optimal
2021-02-08 02:00:00,8,2,2.0,0.0,0.0,0.12696666666666667,6.7725,6.0,0,20.111559752858632,55.0,0.008666666666666666,7000.0,0.0,0.0,0.0,40.70797385450913,optimal
2021-02-08 02:30:00,8,2,2.0,0.0,0.0,0.065,5.5755,6.0,0,20.29113765854319,55.0,0.008666666666666666,7000.0,0.0,0.0,0.0,40.66726588065462,optimal
2021-02-08 03:00:00,8,2,2.0,0.0,7.427979052144661,0.0988,5.0925,6.0,0,20.46705932448923,55.0,0.008666666666666666,7000.0,0.0,0.0,0.0,44.154888664542675,optimal
2021-02-08 03:30:00,8,2,2.0,0.0,9.0,0.11006666666666666,4.1895,6.0,0,20.643543452366877,55.0,0.008666666666666666,7000.0,0.0,0.0,0.0,48.38573377587813,optimal
2021-02-08 04:00:00,8,2,2.0,0.0,0.0,0.065,7.056,6.0,0,20.818871270998955,55.0,0.008666666666666666,7000.0,0.0,0.0,0.0,48.33734804210225,optimal
2021-02-08 04:30:00,8,2,2.0,0.0,0.0,0.14386666666666667,5.271,6.0,0,20.99058527648122,55.0,0.008666666666666666,7000.0,0.0,0.0,0.0,48.289010694060146,optimal
2021-02-08 05:00:00,8,2,2.0,0.0,0.0,0.065,7.938,6.0,0,21.163772671868813,55.0,0.008666666666666666,7000.0,0.0,0.0,0.0,48.240721683366075,optimal
2021-02-08 05:30:00,8,2,2.0,0.0,0.0,0.09316666666666669,7.938,6.0,0,21.33151813539391,55.0,0.008666666666666666,7000.0,0.0,0.0,0.0,48.192480961682705,optimal
2021-02-08 06:00:00,8,2,1.0408671381602894,0.0,0.0,0.1157,11.907,6.0,0,21.49891071137501,55.0,0.008666666666666666,3643.034983561013,0.0,0.0,0.0,48.144288480721016,optimal
2021-02-08 06:30:00,8,2,2.0,0.0,0.0,0.06833333333333333,11.025,6.0,0,21.51875918520543,55.0,0.008666666666666666,7000.0,0.0,0.0,0.0,48.096144192240295,optimal
2021-02-08 07:00:00,8,2,2.0,0.0,0.0,0.15386666666666668,11.2875,6.0,0,21.682826808734553,55.0,0.008666666666666666,7000.0,0.0,0.0,0.0,48.048048048048045,optimal
2021-02-08 07:30:00,8,2,0.0,0.0,0.0,0.13783333333333334,12.936,6.0,0,21.84878766341936,55.0,0.0,0.0,0.0,0.0,0.0,48.0,optimal
2021-02-08 08:00:00,8,2,0.0,0.0,0.0,0.1426,13.0095,6.0,0,21.713409178132753,55.0,0.0,0.0,0.0,0.0,0.0,47.75436706710347,optimal
2021-02-08 08:30:00,8,2,0.0,0.0,0.0,0.08626666666666667,13.671,6.0,0,21.566339961516473,55.0,0.0,0.0,0.0,0.0,0.0,47.50897976713984,optimal
2021-02-08 09:00:00,8,2,0.0,0.0,0.0,0.075,13.188,6.0,0,21.417147626811417,55.0,0.0,0.0,0.0,0.0,0.0,47.26383785447618,optimal
2021-02-08 09:30:00,8,2,0.0,0.0,0.0,0.08626666666666667,13.8495,6.0,0,21.267820379259078,55.0,0.0,0.0,0.0,0.0,0.0,47.01894108372518,optimal
2021-02-08 10:00:00,8,2,0.0,0.0,0.0,0.1426,13.23,6.0,0,21.121166330885295,55.0,0.0,0.0,0.0,0.0,0.0,46.77428920974493,optimal
2021-02-08 10:30:00,8,2,0.0,0.0,0.0,0.075,13.3665,6.0,0,20.979138756401824,55.0,0.0,0.0,0.0,0.0,0.0,46.52988198763866,optimal
2021-02-08 11:00:00,8,2,0.0,0.0,0.0,0.12006666666666667,13.0515,6.0,0,20.83409400794757,55.0,0.0,0.0,0.0,0.0,0.0,46.2857191727545,optimal
2021-02-08 11:30:00,8,2,0.0,0.0,0.0,0.1088,13.5345,6.0,0,20.690985914525594,55.0,0.0,0.0,0.0,0.0,0.0,46.041800520685214,optimal
2021-02-08 12:00:00,8,2,0.0,0.0,0.0,0.075,14.154,6.0,0,20.549155203454625,55.0,0.0,0.0,0.0,0.0,0.0,45.798125787268006,optimal
2021-02-08 12:30:00,8,2,0.0,0.0,0.0,0.15386666666666668,14.112,6.0,0,20.407606202626656,55.0,0.0,0.0,0.0,0.0,0.0,45.55469472858422,optimal
2021-02-08 13:00:00,8,2,0.0,0.0,0.0,0.075,14.2485,6.0,0,20.271997014376883,55.0,0.0,0.0,0.0,0.0,0.0,45.311507100959105,optimal
2021-02-08 13:30:00,8,2,2.0,0.0,0.0,0.075,12.789,6.0,0,20.135379787338046,55.0,0.0,7000.0,0.0,0.0,0.0,45.06856266096162,optimal
2021-02-08 14:00:00,8,2,2.0,0.0,0.0,0.075,13.0095,6.0,0,20.30690261486026,55.0,0.0,7000.0,0.0,0.0,0.0,44.825861165404135,optimal
2021-02-08 14:30:00,8,2,2.0,0.0,0.0,0.1426,12.1275,6.0,0,20.477904538428554,55.0,0.0,7000.0,0.0,0.0,0.0,44.5834023713422,optimal
2021-02-08 15:00:00,8,2,2.0,0.0,0.0,0.08626666666666667,12.348,6.0,0,20.649527700656957,55.0,0.0,7000.0,0.0,0.0,0.0,44.34118603607433,optimal
2021-02-08 15:30:00,8,2,2.0,0.0,0.0,0.075,12.348,6.0,0,20.816342538491156,55.0,0.0,7000.0,0.0,0.0,0.0,44.09921191714174,optimal
2021-02-08 16:00:00,8,2,0.0,0.0,0.0,0.15386666666666668,25.389,6.0,0,20.98181342341872,55.0,0.0,0.0,0.0,0.0,0.0,43.85747977232807,optimal
2021-02-08 16:30:00,8,2,0.0,0.0,0.0,0.075,29.1375,6.0,0,20.843478860382774,55.0,0.0,0.0,0.0,0.0,0.0,43.61598935965922,optimal
2021-02-08 17:00:00,8,2,0.0,0.0,0.0,0.09753333333333332,30.597,6.0,0,20.701607041932338,55.0,0.0,0.0,0.0,0.0,0.0,43.374740437403034,optimal
2021-02-08 17:30:00,8,2,0.0,0.0,0.0,0.13133333333333333,33.684,6.0,0,20.560662392203053,55.0,0.0,0.0,0.0,0.0,0.0,43.13373276406911,optimal
2021-02-08 18:00:00,8,2,0.0,0.0,0.0,0.075,32.445,6.0,0,20.420767194856957,55.0,0.0,0.0,0.0,0.0,0.0,42.892966098408515,optimal
2021-02-08 18:30:00,8,2,0.0,0.0,0.0,0.15386666666666668,28.917,6.0,0,20.277968324973735,55.0,0.0,0.0,0.0,0.0,0.0,42.65244019941358,optimal
2021-02-08 19:00:00,8,2,0.0,0.0,0.0,0.075,15.876,6.0,0,20.140025913625482,55.0,0.0,0.0,0.0,0.0,0.0,42.412154826317646,optimal
2021-02-08 19:30:00,8,2,0.9144314114187052,0.0,0.0,0.075,12.348,6.0,0,20.0,55.0,0.0,3200.509939965468,0.0,0.0,0.0,42.172109738594806,optimal
2021-02-08 20:00:00,8,2,0.9086857505880349,0.0,0.0,0.12006666666666667,12.1275,6.0,0,20.0,55.0,0.0,3180.400127058122,0.0,0.0,0.0,41.93230469595969,optimal
2021-02-08 20:30:00,8,2,0.0,0.0,0.0,0.1088,12.348,6.0,0,20.0,55.0,0.0,0.0,0.0,0.0,0.0,41.6927394583672,optimal
2021-02-08 21:00:00,8,2,0.0,0.0,0.0,0.23286666666666667,12.1275,6.0,0,19.859560238364395,55.0,0.0,0.0,0.0,0.0,0.0,41.65104671890883,optimal
2021-02-08 21:30:00,8,2,0.0,0.0,0.0,0.43826666666666664,12.1275,6.0,0,19.743026601453472,55.0,0.0,0.0,0.0,0.0,0.0,41.60939567218992,optimal
2021-02-08 22:00:00,8,2,0.0,0.0,0.0,0.342,11.2665,6.0,0,19.652219377520918,55.0,0.0,0.0,0.0,0.0,0.0,41.56778627651773,optimal
2021-02-08 22:30:00,8,2,0.4777142857142857,0.0,0.0,0.38706666666666667,10.143,6.0,0,19.55411061883858,55.0,0.016,0.0,0.0,1672.0,0.0,41.52621849024121,optimal
2021-02-08 23:00:00,8,2,0.0,0.0,0.0,0.16536666666666666,11.2455,6.0,0,19.44990435434214,55.0,0.0,0.0,0.0,0.0,0.0,41.48469227175097,optimal
2021-02-08 23:30:00,8,2,0.0,0.0,0.0,0.075,11.025,6.0,0,19.328902896303056,55.0,0.0,0.0,0.0,0.0,0.0,41.44320757947922,optimal
2021-02-09 00:00:00,8,2,2.0,0.0,9.0,0.06066666666666666,10.584,6.0,0,19.328902896303056,55.0,0.0,7000.0,0.0,0.0,0.0,45.67676437189974,optimal
2021-02-09 00:30:00,8,2,2.0,0.0,0.0,0.1663,11.2455,6.0,0,19.500974224532715,55.0,0.06698564593301436,0.0,0.0,7000.0,0.0,45.631087607527846,optimal
2021-02-09 01:00:00,8,2,2.0,0.0,0.0,0.197,12.1275,6.0,0,19.380059617852663,55.0,0.12533333333333332,902.666666666667,0.0,6097.333333333333,0.0,45.58545651992032,optimal
2021-02-09 01:30:00,8,2,2.0,0.0,0.0,0.38146666666666657,11.823,6.0,0,19.300718613164882,55.0,0.12466666666666666,7000.0,0.0,0.0,0.0,45.5398710634004,optimal
2021-02-09 02:00:00,8,2,2.0,0.0,0.0,0.09373333333333332,11.7705,6.0,0,19.500464741832207,55.0,0.12466666666666666,7000.0,0.0,0.0,0.0,45.494331192337,optimal
2021-02-09 02:30:00,8,2,2.0,0.0,0.0,0.094,11.13,6.0,0,19.688687930979093,55.0,0.12466666666666666,7000.0,0.0,0.0,0.0,45.44883686114466,optimal
2021-02-09 03:00:00,8,2,2.0,0.0,0.0,1.1145,11.6865,6.0,0,19.87939174884293,55.0,0.12466666666666666,7000.0,0.0,0.0,0.0,45.403388024283515,optimal
2021-02-09 03:30:00,8,2,2.0,0.0,0.0,0.23206666666666664,10.7205,6.0,0,20.080626082192495,55.0,0.11866666666666667,7000.0,0.0,0.0,0.0,45.35798463625923,optimal
2021-02-09 04:00:00,8,2,2.0,0.0,0.0,0.2576333333333333,11.424,6.0,0,20.27670590476698,55.0,0.118,7000.0,0.0,0.0,0.0,45.31262665162297,optimal
2021-02-09 04:30:00,8,2,2.0,0.0,6.463229509749265,1.4166333333333334,10.689,6.0,0,20.470461964745688,55.0,0.11333333333333333,7000.0,0.0,0.0,0.0,48.33734804210225,optimal
2021-02-09 05:00:00,8,2,2.0,0.0,0.0,0.34983333333333333,11.361,6.0,0,20.681537946984758,55.0,0.066,7000.0,0.0,0.0,0.0,48.289010694060146,optimal
2021-02-09 05:30:00,8,2,2.0,0.0,0.0,0.3517333333333333,11.571,6.0,0,20.872488191053627,55.0,0.06333333333333334,7000.0,0.0,0.0,0.0,48.240721683366075,optimal
2021-02-09 06:00:00,8,2,0.0,0.0,0.0,0.207,14.3745,6.0,0,21.058973354218843,55.0,0.06333333333333334,0.0,0.0,0.0,0.0,48.192480961682705,optimal
2021-02-09 06:30:00,8,2,2.0,0.0,0.0,0.42193333333333327,13.23,6.0,0,20.930927816945804,55.0,0.056666666666666664,7000.0,0.0,0.0,0.0,48.144288480721016,optimal
2021-02-09 07:00:00,8,2,0.0,0.0,0.0,0.207,13.9755,6.0,0,21.126662006051813,55.0,0.05466666666666667,0.0,0.0,0.0,0.0,48.096144192240295,optimal
2021-02-09 07:30:00,8,2,0.0,0.0,0.0,0.3435,14.994,6.0,0,21.009589112554288,55.0,0.043333333333333335,0.0,0.0,0.0,0.0,48.048048048048045,optimal
2021-02-09 08:00:00,8,2,0.7656893304663788,0.0,0.0,0.32226666666666665,13.671,6.0,0,20.901920612183456,55.0,0.03666666666666667,2679.9126566323257,0.0,0.0,0.0,48.0,optimal
2021-02-09 08:30:00,8,2,0.0,0.0,0.0,0.12366666666666669,15.981,6.0,0,20.916087291280615,55.0,0.03666666666666667,0.0,0.0,0.0,0.0,47.58568867013716,optimal
2021-02-09 09:00:00,8,2,0.0,0.0,0.0,0.15173333333333333,15.6345,6.0,0,20.777771673524445,55.0,0.03666666666666667,0.0,0.0,0.0,0.0,47.17179165160418,optimal
2021-02-09 09:30:00,8,2,0.0,0.0,0.0,0.1076,16.5375,6.0,0,20.633511704420787,55.0,0.03666666666666667,0.0,0.0,0.0,0.0,46.758308530089735,optimal
2021-02-09 10:00:00,8,2,0.0,0.0,0.0,0.19743333333333332,14.7735,6.0,0,20.490555416381184,55.0,0.03666666666666667,0.0,0.0,0.0,0.0,46.34523889169681,optimal
2021-02-09 10:30:00,8,2,0.0,0.0,0.0,0.12290000000000001,15.2145,6.0,0,20.35475755167582,55.0,0.03666666666666667,0.0,0.0,0.0,0.0,45.932582322942274,optimal
2021-02-09 11:00:00,8,2,0.0,0.0,0.0,0.2052,14.553,6.0,0,20.218506861623418,55.0,0.03666666666666667,0.0,0.0,0.0,0.0,45.520338410756494,optimal
2021-02-09 11:30:00,8,2,2.0,0.0,0.0,0.12866666666666665,14.3325,6.0,0,20.088671842365837,55.0,0.03666666666666667,7000.0,0.0,0.0,0.0,45.1085067424829,optimal
2021-02-09 12:00:00,8,2,0.0,0.0,0.0,0.09406666666666666,14.595,6.0,0,20.263213173658624,55.0,0.03666666666666667,0.0,0.0,0.0,0.0,44.69708690587758,optimal
2021-02-09 12:30:00,8,2,0.0,0.0,0.0,0.14730000000000001,14.994,6.0,0,20.12891613255834,55.0,0.036,0.0,0.0,0.0,0.0,44.28607848910887,optimal
2021-02-09 13:00:00,8,2,0.724550706188307,0.0,0.0,0.5412666666666667,14.3325,6.0,0,20.0,55.0,0.036,2535.9274716590744,0.0,0.0,0.0,43.87548108075692,optimal
2021-02-09 13:30:00,8,2,1.9391982328107173,0.0,0.0,1.6775,13.8915,6.0,0,20.0,55.0,0.034666666666666665,6787.193814837511,0.0,0.0,0.0,43.46529426981333,optimal
2021-02-09 14:00:00,8,2,2.0,0.0,0.0,0.2879333333333333,13.8915,6.0,0,20.21830621496809,55.0,0.032,7000.0,0.0,0.0,0.0,43.05551764568067,optimal
2021-02-09 14:30:00,8,2,2.0,0.0,0.0,0.15716666666666665,13.4715,6.0,0,20.408835559824848,55.0,0.03133333333333333,7000.0,0.0,0.0,0.0,42.64615079817215,optimal
2021-02-09 15:00:00,8,2,2.0,0.0,0.0,0.09406666666666666,13.23,6.0,0,20.593136515446496,55.0,0.03133333333333333,7000.0,0.0,0.0,0.0,42.23719331751114,optimal
2021-02-09 15:30:00,8,2,2.0,0.0,0.0,0.2052,13.8915,6.0,0,20.760668471036652,55.0,0.03133333333333333,7000.0,0.0,0.0,0.0,41.82864479433079,optimal
2021-02-09 16:00:00,8,2,0.0,0.0,0.0,0.15173333333333333,26.9325,6.0,0,20.931845014544578,55.0,0.03133333333333333,0.0,0.0,0.0,0.0,41.420504819673624,optimal
2021-02-09 16:30:00,8,2,0.0,0.0,0.0,0.1747,30.303,6.0,0,20.793017666572727,55.0,0.03133333333333333,0.0,0.0,0.0,0.0,41.01277298499111,optimal
2021-02-09 17:00:00,8,2,0.0,0.0,0.0,0.17613333333333334,32.886,6.0,0,20.655478438761094,55.0,0.03133333333333333,0.0,0.0,0.0,0.0,40.60544888214328,optimal
2021-02-09 17:30:00,8,2,0.0,0.0,0.0,0.3148666666666667,34.9965,6.0,0,20.521558385998922,55.0,0.030666666666666665,0.0,0.0,0.0,0.0,40.19853210339829,optimal
2021-02-09 18:00:00,8,2,0.0,0.0,0.0,0.3182,33.327,6.0,0,20.404417288328872,55.0,0.03,0.0,0.0,0.0,0.0,39.79202224143206,optimal
2021-02-09 18:30:00,8,2,0.0,0.0,0.0,0.30626666666666663,31.122,6.0,0,20.29766161292729,55.0,0.027333333333333334,0.0,0.0,0.0,0.0,39.38591888932778,optimal
2021-02-09 19:00:00,8,2,0.0,0.0,0.0,0.32330000000000003,17.9025,6.0,0,20.195742106971473,55.0,0.02666666666666667,0.0,0.0,0.0,0.0,38.980221640575614,optimal
2021-02-09 19:30:00,8,2,0.0,0.0,0.0,0.5812333333333334,15.6555,6.0,0,20.0940929577451,55.0,0.024,0.0,0.0,0.0,0.0,38.5749300890722,optimal
2021-02-09 20:00:00,8,2,0.514631604150596,0.0,0.0,0.7032,14.553,6.0,0,20.0,55.0,0.022,1801.2106145270861,0.0,0.0,0.0,38.17004382912029,optimal
2021-02-09 20:30:00,8,2,0.0,0.0,0.0,0.5005666666666667,14.3325,6.0,0,20.0,55.0,0.022,0.0,0.0,0.0,0.0,37.76556245542833,optimal
2021-02-09 21:00:00,8,2,0.0,0.0,0.0,0.6477999999999999,13.335,6.0,0,19.91131502924962,55.0,0.0,0.0,0.0,0.0,0.0,37.361485563110065,optimal
2021-02-09 21:30:00,8,2,0.0,0.0,0.0,0.507,12.1275,6.0,0,19.827664810519913,55.0,0.0,0.0,0.0,0.0,0.0,36.957812747684116,optimal
2021-02-09 22:00:00,8,2,0.0,0.0,0.0,0.5087,12.2955,6.0,0,19.73876940090774,55.0,0.0,0.0,0.0,0.0,0.0,36.55454360507359,optimal
2021-02-09 22:30:00,8,2,0.0,0.0,0.0,0.4630666666666667,11.6865,6.0,0,19.63861162254266,55.0,0.0,0.0,0.0,0.0,0.0,36.51798906146852,optimal
2021-02-09 23:00:00,8,2,0.0,0.0,0.0,0.3826666666666667,11.466,6.0,0,19.544787176784816,55.0,0.0,0.0,0.0,0.0,0.0,36.481471072407054,optimal
2021-02-09 23:30:00,8,2,0.0398095238095238,0.0,0.0,0.40193333333333325,10.8045,6.0,0,19.44861919892988,55.0,0.0,0.0,0.0,139.33333333333331,0.0,36.44498960133465,optimal
2021-02-10 00:00:00,8,2,2.0,0.0,0.0,0.22076666666666667,10.8045,6.0,0,19.44861919892988,55.0,0.0,6791.0,0.0,209.0,0.0,36.40854461173331,optimal
2021-02-10 00:30:00,8,2,2.0,0.0,0.0,0.2152333333333333,11.508,6.0,0,19.62381098410358,55.0,0.06698564593301436,0.0,0.0,7000.0,0.0,36.37213606712158,optimal
2021-02-10 01:00:00,8,2,2.0,0.0,0.0,1.2454333333333334,11.508,6.0,0,19.506659315942,55.0,0.1,3410.6666666666665,0.0,3589.3333333333335,0.0,36.33576393105446,optimal
2021-02-10 01:30:00,8,2,2.0,0.0,0.0,1.467,11.508,6.0,0,19.566876566889274,55.0,0.1,7000.0,0.0,0.0,0.0,36.2994281671234,optimal
2021-02-10 02:00:00,8,2,2.0,0.0,0.0,0.075,11.844,6.0,0,19.794803730614316,55.0,0.1,7000.0,0.0,0.0,0.0,36.263128738956276,optimal
2021-02-10 02:30:00,8,2,2.0,0.0,0.0,0.075,11.508,6.0,0,19.97093828188209,55.0,0.1,7000.0,0.0,0.0,0.0,36.22686561021732,optimal
2021-02-10 03:00:00,8,2,2.0,0.0,0.0,0.14780000000000001,11.508,6.0,0,20.138596538881654,55.0,0.1,7000.0,0.0,0.0,0.0,36.1906387446071,optimal
2021-02-10 03:30:00,8,2,2.0,0.0,9.0,0.075,10.4475,6.0,0,20.308220467394875,55.0,0.1,7000.0,0.0,0.0,0.0,40.42944810586249,optimal
2021-02-10 04:00:00,8,2,2.0,0.0,7.216518432009234,0.1426,10.8675,6.0,0,20.47342228272907,55.0,0.1,7000.0,0.0,0.0,0.0,43.816864912961016,optimal
2021-02-10 04:30:00,8,2,2.0,0.0,9.0,0.08020000000000001,10.542,6.0,0,20.640380036075356,55.0,0.1,7000.0,0.0,0.0,0.0,48.048048048048045,optimal
2021-02-10 05:00:00,8,2,2.0,0.0,0.0,0.07366666666666667,11.025,6.0,0,20.802662037279266,55.0,0.096,7000.0,0.0,0.0,0.0,48.0,optimal
2021-02-10 05:30:00,8,2,2.0,0.0,0.0,0.2844333333333333,11.025,6.0,0,20.970968561576015,55.0,0.076,7000.0,0.0,0.0,0.0,47.838742354604406,optimal
2021-02-10 06:00:00,8,2,2.0,0.0,0.0,0.35646666666666665,14.553,6.0,0,21.160344568846295,55.0,0.074,7000.0,0.0,0.0,0.0,47.67764596685421,optimal
2021-02-10 06:30:00,8,2,2.0,0.0,0.0,0.306,13.0935,6.0,0,21.35130900713168,55.0,0.054,7000.0,0.0,0.0,0.0,47.51671067549176,optimal
2021-02-10 07:00:00,8,2,2.0,0.0,0.0,0.2584666666666666,15.6345,6.0,0,21.538274122806957,55.0,0.032,7000.0,0.0,0.0,0.0,47.35593631942067,optimal
2021-02-10 07:30:00,8,2,0.0,0.0,0.0,0.209,18.102,6.0,0,21.72369119465731,55.0,0.032,0.0,0.0,0.0,0.0,47.19532273770566,optimal
2021-02-10 08:00:00,8,2,0.0,0.0,0.0,0.2544666666666667,17.199,6.0,0,21.59893125607439,55.0,0.03,0.0,0.0,0.0,0.0,47.03486976957236,optimal
2021-02-10 08:30:00,8,2,0.0,0.0,0.0,0.2847333333333333,18.2805,6.0,0,21.479685585677668,55.0,0.027333333333333334,0.0,0.0,0.0,0.0,46.87457725440719,optimal
2021-02-10 09:00:00,8,2,0.0,0.0,0.0,0.213,17.4615,6.0,0,21.366404059989208,55.0,0.027333333333333334,0.0,0.0,0.0,0.0,46.714445031757194,optimal
2021-02-10 09:30:00,8,2,0.0,0.0,0.0,0.42969999999999997,18.3225,6.0,0,21.24339264358763,55.0,0.013333333333333334,0.0,0.0,0.0,0.0,46.55447294132984,optimal
2021-02-10 10:00:00,8,2,0.0,0.0,0.0,0.261,17.094,6.0,0,21.12527407504041,55.0,0.013333333333333334,0.0,0.0,0.0,0.0,46.39466082299292,optimal
2021-02-10 10:30:00,8,2,0.0,0.0,0.0,0.08206666666666666,17.094,6.0,0,20.9985785373733,55.0,0.013333333333333334,0.0,0.0,0.0,0.0,46.235008516774336,optimal
2021-02-10 11:00:00,8,2,0.0,0.0,0.0,0.1114,17.094,6.0,0,20.86316922203264,55.0,0.013333333333333334,0.0,0.0,0.0,0.0,46.07551586286197,optimal
2021-02-10 11:30:00,8,2,0.0,0.0,0.0,0.1114,17.3565,6.0,0,20.71943498012422,55.0,0.013333333333333334,0.0,0.0,0.0,0.0,45.91618270160352,optimal
2021-02-10 12:00:00,8,2,0.0,0.0,0.0,0.075,17.115,6.0,0,20.577475865906553,55.0,0.013333333333333334,0.0,0.0,0.0,0.0,45.75700887350632,optimal
2021-02-10 12:30:00,8,2,0.9243565925933753,0.0,0.0,0.14780000000000001,17.241,6.0,0,20.43568558756592,55.0,0.013333333333333334,3235.2480740768137,0.0,0.0,0.0,45.59799421923722,optimal
2021-02-10 13:00:00,8,2,2.0,0.0,0.0,0.075,17.094,6.0,0,20.43973388493652,55.0,0.013333333333333334,7000.0,0.0,0.0,0.0,45.439138579622394,optimal
2021-02-10 13:30:00,8,2,2.0,0.0,0.0,0.0958,16.5165,6.0,0,20.605363547580687,55.0,0.013333333333333334,7000.0,0.0,0.0,0.0,45.28044179564718,optimal
2021-02-10 14:00:00,8,2,0.0,0.0,0.0,0.127,17.8185,6.0,0,20.77215402648884,55.0,0.013333333333333334,0.0,0.0,0.0,0.0,45.12190370845594,optimal
2021-02-10 14:30:00,8,2,2.0,0.0,0.0,0.075,17.094,6.0,0,20.634135354242716,55.0,0.013333333333333334,7000.0,0.0,0.0,0.0,44.96352415935189,optimal
2021-02-10 15:00:00,8,2,2.0,0.0,0.0,0.075,16.8945,6.0,0,20.801262399957853,55.0,0.013333333333333334,7000.0,0.0,0.0,0.0,44.80530298979695,optimal
2021-02-10 15:30:00,8,2,0.0,0.0,0.0,0.14780000000000001,18.123,6.0,0,20.967172249088065,55.0,0.013333333333333334,0.0,0.0,0.0,0.0,44.647240041411564,optimal
2021-02-10 16:00:00,8,2,0.0,0.0,0.0,0.075,31.647,6.0,0,20.827187133853975,55.0,0.013333333333333334,0.0,0.0,0.0,0.0,44.48933515597456,optimal
2021-02-10 16:30:00,8,2,0.0,0.0,0.0,0.11773333333333331,34.9965,6.0,0,20.683578189206617,55.0,0.01,0.0,0.0,0.0,0.0,44.33158817542299,optimal
2021-02-10 17:00:00,8,2,0.0,0.0,0.0,0.2034,34.9965,6.0,0,20.555042806203325,55.0,0.009333333333333334,0.0,0.0,0.0,0.0,44.17399894185198,optimal
2021-02-10 17:30:00,8,2,0.0,0.0,0.0,1.7745,34.9965,6.0,0,20.425848321844025,55.0,0.008,0.0,0.0,0.0,0.0,44.016567297514534,optimal
2021-02-10 18:00:00,8,2,0.0,0.0,0.0,0.5882333333333334,34.9965,6.0,0,20.341379925057684,55.0,0.008,0.0,0.0,0.0,0.0,43.85929308482143,optimal
2021-02-10 18:30:00,8,2,0.0,0.0,0.0,0.33563333333333334,34.9965,6.0,0,20.228514253784063,55.0,0.006666666666666667,0.0,0.0,0.0,0.0,43.70217614634102,optimal
2021-02-10 19:00:00,8,2,0.0,0.0,0.0,0.2473333333333333,27.741,6.0,0,20.118105178367415,55.0,0.006666666666666667,0.0,0.0,0.0,0.0,43.65847397019468,optimal
2021-02-10 19:30:00,8,2,0.687349228103146,0.0,0.0,0.217,19.026,6.0,0,20.0,55.0,0.006666666666666667,2405.7222983610113,0.0,0.0,0.0,43.61481549622448,optimal
2021-02-10 20:00:00,8,2,0.6214715394170992,0.0,0.0,0.3684666666666666,18.7215,6.0,0,20.0,55.0,0.006666666666666667,2175.150387959847,0.0,0.0,0.0,43.57120068072825,optimal
2021-02-10 20:30:00,8,2,0.0,0.0,0.0,0.36133333333333334,17.4195,6.0,0,20.0,55.0,0.002,0.0,0.0,0.0,0.0,43.52762948004752,optimal
2021-02-10 21:00:00,8,2,0.0,0.0,0.0,0.4099666666666666,16.758,6.0,0,19.895500094690846,55.0,0.0,0.0,0.0,0.0,0.0,43.48410185056748,optimal
2021-02-10 21:30:00,8,2,1.7118095238095234,0.0,0.0,0.43306666666666666,14.217,6.0,0,19.791410246844848,55.0,0.0,0.0,0.0,5991.333333333332,0.0,43.44061774871691,optimal
2021-02-10 22:00:00,8,2,0.0,0.0,0.0,0.4417,13.3665,6.0,0,19.674108092670384,55.0,0.0,0.0,0.0,0.0,0.0,43.397177130968196,optimal
2021-02-10 22:30:00,8,2,0.09952380952380951,0.0,0.0,0.44813333333333333,12.789,6.0,0,19.55516735437071,55.0,0.0,0.0,0.0,348.3333333333333,0.0,43.353779953837225,optimal
2021-02-10 23:00:00,8,2,0.0398095238095238,0.0,0.0,0.5732666666666667,11.907,6.0,0,19.448167873673206,55.0,0.0,0.0,0.0,139.33333333333331,0.0,43.310426173883386,optimal
2021-02-10 23:30:00,8,2,0.0,0.0,0.0,0.38676666666666665,11.7075,6.0,0,19.329291433319128,55.0,0.0,0.0,0.0,0.0,0.0,43.267115747709504,optimal
2021-02-11 00:00:00,8,2,2.0,0.0,0.0,0.058,11.025,6.0,0,19.329291433319128,55.0,0.0,7000.0,0.0,0.0,0.0,43.22384863196179,optimal
2021-02-11 00:30:00,8,2,2.0,0.0,0.0,0.058,12.0855,6.0,0,19.474461071961024,55.0,0.06698564593301436,0.0,0.0,7000.0,0.0,43.18062478332983,optimal
2021-02-11 01:00:00,8,2,2.0,0.0,0.0,0.10946666666666668,11.6865,6.0,0,19.312884977630947,55.0,0.08866666666666667,4734.333333333334,0.0,2265.6666666666665,0.0,43.1374441585465,optimal
2021-02-11 01:30:00,8,2,2.0,0.0,0.0,0.14806666666666665,11.2245,6.0,0,19.362706715737882,55.0,0.08866666666666667,7000.0,0.0,0.0,0.0,43.094306714387955,optimal
2021-02-11 02:00:00,8,2,2.0,0.0,0.0,0.058,11.025,6.0,0,19.513032160854873,55.0,0.08866666666666667,7000.0,0.0,0.0,0.0,43.05121240767357,optimal
2021-02-11 02:30:00,8,2,2.0,0.0,0.0,0.08373333333333334,10.7835,6.0,0,19.658320216525734,55.0,0.08866666666666667,7000.0,0.0,0.0,0.0,43.00816119526589,optimal
2021-02-11 03:00:00,8,2,2.0,0.0,0.0,0.1738,11.025,6.0,0,19.802948274385155,55.0,0.08866666666666667,7000.0,0.0,0.0,0.0,42.965153034070624,optimal
2021-02-11 03:30:00,8,2,2.0,0.0,4.959753769115788,0.058,10.584,6.0,0,19.949737257168522,55.0,0.08866666666666667,7000.0,0.0,0.0,0.0,45.278070921366556,optimal
2021-02-11 04:00:00,8,2,2.0,0.0,0.0,0.058,11.025,6.0,0,20.092208921842182,55.0,0.08866666666666667,7000.0,0.0,0.0,0.0,45.23279285044518,optimal
2021-02-11 04:30:00,8,2,2.0,0.0,9.0,0.18666666666666662,10.4265,6.0,0,20.235463720326187,55.0,0.08866666666666667,7000.0,0.0,0.0,0.0,49.46256005759473,optimal
2021-02-11 05:00:00,8,2,2.0,0.0,0.0,0.07086666666666666,12.789,6.0,0,20.38330741940791,55.0,0.08866666666666667,7000.0,0.0,0.0,0.0,49.41309749753713,optimal
2021-02-11 05:30:00,8,2,2.0,0.0,0.0,0.058,12.684,6.0,0,20.525005357337594,55.0,0.08866666666666667,7000.0,0.0,0.0,0.0,49.363684400039595,optimal
2021-02-11 06:00:00,8,2,2.0,0.0,0.0,0.2062,16.254,6.0,0,20.666928840976887,55.0,0.08866666666666667,7000.0,0.0,0.0,0.0,49.314320715639546,optimal
2021-02-11 06:30:00,8,2,2.0,0.0,0.0,0.058,17.64,6.0,0,20.815834905924344,55.0,0.08866666666666667,7000.0,0.0,0.0,0.0,49.26500639492391,optimal
2021-02-11 07:00:00,8,2,0.0,0.0,0.0,0.058,19.1625,6.0,0,20.959281787578963,55.0,0.08866666666666667,0.0,0.0,0.0,0.0,49.215741388528976,optimal
2021-02-11 07:30:00,8,2,0.0,0.0,0.0,0.19953333333333334,26.46,6.0,0,20.797087940076974,55.0,0.08866666666666667,0.0,0.0,0.0,0.0,49.16652564714044,optimal
2021-02-11 08:00:00,8,2,0.0,0.0,0.0,0.10640000000000001,20.79,6.0,0,20.64263496519318,55.0,0.072,0.0,0.0,0.0,0.0,49.1173591214933,optimal
2021-02-11 08:30:00,8,2,0.0,0.0,0.0,0.2783333333333333,29.106,6.0,0,20.50303080161174,55.0,0.068,0.0,0.0,0.0,0.0,49.0682417623718,optimal
2021-02-11 09:00:00,8,2,0.0,0.0,0.0,0.4654,19.1835,6.0,0,20.38624463406109,55.0,0.058,0.0,0.0,0.0,0.0,49.01917352060943,optimal
2021-02-11 09:30:00,8,2,0.0,0.0,0.0,0.2720666666666667,19.6665,6.0,0,20.27706667715081,55.0,0.04533333333333334,0.0,0.0,0.0,0.0,48.97015434708881,optimal
2021-02-11 10:00:00,8,2,0.0,0.0,0.0,0.349,19.404,6.0,0,20.165879077748333,55.0,0.043333333333333335,0.0,0.0,0.0,0.0,48.92118419274172,optimal
2021-02-11 10:30:00,8,2,0.1897389112608369,0.0,0.0,0.2806,19.047,6.0,0,20.071743926465995,55.0,0.043333333333333335,664.0861894129291,0.0,0.0,0.0,48.87226300854897,optimal
2021-02-11 11:00:00,8,2,1.3498279810051044,0.0,0.0,0.184,18.858,6.0,0,20.0,55.0,0.043333333333333335,4724.397933517866,0.0,0.0,0.0,48.823390745540415,optimal
2021-02-11 11:30:00,8,2,0.0,0.0,0.0,0.32553333333333334,19.2675,6.0,0,20.097915580048806,55.0,0.038,0.0,0.0,0.0,0.0,48.774567354794875,optimal
2021-02-11 12:00:00,8,2,0.5393457944351673,0.0,0.0,0.17466666666666666,18.963,6.0,0,20.0,55.0,0.032,1887.7102805230852,0.0,0.0,0.0,48.72579278744007,optimal
2021-02-11 12:30:00,8,2,1.0190354188871806,0.0,0.0,1.3634666666666666,18.438,6.0,0,20.0,55.0,0.032,3566.623966105132,0.0,0.0,0.0,48.67706699465263,optimal
2021-02-11 13:00:00,8,2,0.0,0.0,0.0,0.2552666666666667,18.7425,6.0,0,20.085121702838,55.0,0.016666666666666666,0.0,0.0,0.0,0.0,48.62838992765797,optimal
2021-02-11 13:30:00,8,2,2.0,0.0,0.0,0.2768333333333333,15.2145,6.0,0,20.0,55.0,0.015333333333333332,7000.0,0.0,0.0,0.0,48.579761537730306,optimal
2021-02-11 14:00:00,8,2,0.8112050564617799,0.0,0.0,0.2848333333333333,17.7765,6.0,0,20.221165211365374,55.0,0.015333333333333332,2839.2176976162295,0.0,0.0,0.0,48.53118177619257,optimal
2021-02-11 14:30:00,8,2,2.0,0.0,0.0,0.1992,16.758,6.0,0,20.262898240545375,55.0,0.015333333333333332,7000.0,0.0,0.0,0.0,48.48265059441637,optimal
2021-02-11 15:00:00,8,2,2.0,0.0,0.0,0.24480000000000002,16.422,6.0,0,20.48620389695478,55.0,0.015333333333333332,7000.0,0.0,0.0,0.0,48.434167943821954,optimal
2021-02-11 15:30:00,8,2,2.0,0.0,0.0,0.111,16.758,6.0,0,20.70690270087531,55.0,0.015333333333333332,7000.0,0.0,0.0,0.0,48.38573377587813,optimal
2021-02-11 16:00:00,8,2,0.0,0.0,0.0,0.068,29.358,6.0,0,20.905519557727814,55.0,0.015333333333333332,0.0,0.0,0.0,0.0,48.33734804210225,optimal
2021-02-11 16:30:00,8,2,0.0,0.0,0.0,0.2003,34.9965,6.0,0,20.75755505681489,55.0,0.010666666666666666,0.0,0.0,0.0,0.0,48.289010694060146,optimal
2021-02-11 17:00:00,8,2,0.0,0.0,0.0,0.3512,34.65,6.0,0,20.61499532733503,55.0,0.01,0.0,0.0,0.0,0.0,48.240721683366075,optimal
2021-02-11 17:30:00,8,2,0.0,0.0,0.0,0.22343333333333332,34.9965,6.0,0,20.49332524174642,55.0,0.006666666666666667,0.0,0.0,0.0,0.0,48.192480961682705,optimal
2021-02-11 18:00:00,8,2,0.0,0.0,0.0,0.31553333333333333,34.9965,6.0,0,20.37657706097644,55.0,0.006666666666666667,0.0,0.0,0.0,0.0,48.144288480721016,optimal
2021-02-11 18:30:00,8,2,0.0,0.0,0.0,0.17726666666666668,30.4815,6.0,0,20.256921737252203,55.0,0.0,0.0,0.0,0.0,0.0,48.096144192240295,optimal
2021-02-11 19:00:00,8,2,0.0,0.0,0.0,0.36436666666666667,21.4305,6.0,0,20.12671630783076,55.0,0.0,0.0,0.0,0.0,0.0,48.048048048048045,optimal
2021-02-11 19:30:00,8,2,1.0410904997457857,0.0,0.0,0.31389999999999996,14.3325,6.0,0,20.0,55.0,0.0,3434.8167491102504,0.0,209.0,0.0,48.0,optimal
2021-02-11 20:00:00,8,2,1.2559485626171463,0.0,0.0,0.068,13.692,6.0,0,20.0,55.0,0.0,4395.819969160012,0.0,0.0,0.0,45.73588101414537,optimal
2021-02-11 20:30:00,8,2,0.0,0.0,0.0,0.08086666666666666,14.007,6.0,0,20.0,55.0,0.0,0.0,0.0,0.0,0.0,43.4740261472766,optimal
2021-02-11 21:00:00,8,2,0.0,0.0,0.0,0.19666666666666663,12.873,6.0,0,19.80886968288254,55.0,0.0,0.0,0.0,0.0,0.0,41.21443313527469,optimal
2021-02-11 21:30:00,8,2,0.0,0.0,0.0,0.068,12.684,6.0,0,19.62492868994461,55.0,0.0,0.0,0.0,0.0,0.0,38.95709971628479,optimal
2021-02-11 22:00:00,8,2,0.0,0.0,0.0,0.068,12.306,6.0,0,19.43924418192697,55.0,0.0,0.0,0.0,0.0,0.0,36.702023630713875,optimal
2021-02-11 22:30:00,8,2,0.09952380952380951,0.0,0.0,0.3529333333333333,10.6365,6.0,0,19.25746108881206,55.0,0.0033333333333333335,0.0,0.0,348.3333333333333,0.0,36.66532160708316,optimal
2021-02-11 23:00:00,8,2,0.0,0.0,0.0,0.18866666666666662,11.2455,6.0,0,19.103177476365914,55.0,0.001333333333333333,0.0,0.0,0.0,0.0,36.628656285476076,optimal
2021-02-11 23:30:00,8,2,0.0,0.0,0.0,0.24766666666666662,11.2455,6.0,0,18.934899758321635,55.0,0.0,0.0,0.0,0.0,0.0,36.592027629190596,optimal
2021-02-12 00:00:00,8,2,2.0,0.0,0.0,0.06,10.3635,6.0,0,18.934899758321635,55.0,0.0,7000.0,0.0,0.0,0.0,36.555435601561406,optimal
2021-02-12 00:30:00,8,2,2.0,0.0,0.0,0.06,10.8045,6.0,0,19.059666664206365,55.0,0.06698564593301436,0.0,0.0,7000.0,0.0,36.51888016595984,optimal
2021-02-12 01:00:00,8,2,2.0,0.0,0.0,0.06,11.025,6.0,0,18.8771081265619,55.0,0.11,2505.0,0.0,4495.0,0.0,36.482361285793885,optimal
2021-02-12 01:30:00,8,2,2.0,0.0,0.0,0.06,10.3635,6.0,0,18.805532597547476,55.0,0.11,7000.0,0.0,0.0,0.0,36.445878924508094,optimal
2021-02-12 02:00:00,8,2,2.0,0.0,0.0,0.06,10.8045,6.0,0,18.931969995010455,55.0,0.11,7000.0,0.0,0.0,0.0,36.40943304558358,optimal
2021-02-12 02:30:00,8,2,2.0,0.0,7.849132009143932,0.06,10.059,6.0,0,19.058214847692117,55.0,0.11,7000.0,0.0,0.0,0.0,40.10136131688136,optimal
2021-02-12 03:00:00,8,2,2.0,0.0,0.0,0.06,10.584,6.0,0,19.18572516710098,55.0,0.11,7000.0,0.0,0.0,0.0,40.06125995556447,optimal
2021-02-12 03:30:00,8,2,2.0,0.0,9.0,0.06,9.4185,6.0,0,19.314491736784685,55.0,0.11,7000.0,0.0,0.0,0.0,44.29619869560891,optimal
2021-02-12 04:00:00,8,2,2.0,0.0,0.0,0.06,10.3635,6.0,0,19.44741862580677,55.0,0.11,7000.0,0.0,0.0,0.0,44.25190249691329,optimal
2021-02-12 04:30:00,8,2,2.0,0.0,9.0,0.06,9.8385,6.0,0,19.584475534370196,55.0,0.11,7000.0,0.0,0.0,0.0,48.48265059441637,optimal
2021-02-12 05:00:00,8,2,2.0,0.0,0.0,0.05866666666666666,11.067,6.0,0,19.725632383352746,55.0,0.10564,7000.0,0.0,0.0,0.0,48.434167943821954,optimal
2021-02-12 05:30:00,8,2,2.0,0.0,0.0,0.058,10.8465,6.0,0,19.875721125298448,55.0,0.10333333333333333,7000.0,0.0,0.0,0.0,48.38573377587813,optimal
2021-02-12 06:00:00,8,2,2.0,0.0,0.0,0.0694,13.671,6.0,0,20.030931328716086,55.0,0.034,7000.0,0.0,0.0,0.0,48.33734804210225,optimal
2021-02-12 06:30:00,8,2,2.0,0.0,0.0,0.1016,12.348,6.0,0,20.19230252981003,55.0,0.02666666666666667,7000.0,0.0,0.0,0.0,48.289010694060146,optimal
2021-02-12 07:00:00,8,2,0.0,0.0,0.0,0.084,14.3325,6.0,0,20.36990458815581,55.0,0.008666666666666666,0.0,0.0,0.0,0.0,48.240721683366075,optimal
2021-02-12 07:30:00,8,2,0.0,0.0,0.0,0.07,15.393,6.0,0,20.225872149068017,55.0,0.008666666666666666,0.0,0.0,0.0,0.0,48.192480961682705,optimal
2021-02-12 08:00:00,8,2,2.0,0.0,0.0,0.098,13.587,6.0,0,20.06759379016559,55.0,0.004666666666666667,7000.0,0.0,0.0,0.0,48.144288480721016,optimal
2021-02-12 08:30:00,8,2,0.0,0.0,0.0,0.23456666666666665,16.1385,6.0,0,20.218505689988163,55.0,0.0033333333333333335,0.0,0.0,0.0,0.0,48.096144192240295,optimal
2021-02-12 09:00:00,8,2,0.47138981122033047,0.0,0.0,0.21559999999999999,14.595,6.0,0,20.073972400475718,55.0,0.0,1649.8643392711565,0.0,0.0,0.0,48.048048048048045,optimal
2021-02-12 09:30:00,8,2,0.8311906404363875,0.0,0.0,0.2906666666666667,14.637,6.0,0,20.0,55.0,0.0,2909.167241527356,0.0,0.0,0.0,48.0,optimal
2021-02-12 10:00:00,8,2,0.9229904622064987,0.0,0.0,0.07,13.9125,6.0,0,20.0,55.0,0.0,3230.4666177227455,0.0,0.0,0.0,47.89543041952555,optimal
2021-02-12 10:30:00,8,2,0.9039757164850877,0.0,0.0,0.07,13.3665,6.0,0,20.0,55.0,0.0,3163.9150076978067,0.0,0.0,0.0,47.790965408631585,optimal
2021-02-12 11:00:00,8,2,1.7740201079227267,0.0,0.0,0.07,13.0095,6.0,0,20.0,55.0,0.0,6209.070377729544,0.0,0.0,0.0,47.68660486274851,optimal
2021-02-12 11:30:00,8,2,0.0,0.0,0.0,0.07,13.8915,6.0,0,20.136211314078224,55.0,0.0,0.0,0.0,0.0,0.0,47.58234867741132,optimal
2021-02-12 12:00:00,8,2,0.8802072506186629,0.0,0.0,0.07,13.188,6.0,0,20.0,55.0,0.0,3080.72537716532,0.0,0.0,0.0,47.478196748259464,optimal
2021-02-12 12:30:00,8,2,0.8778304074034865,0.0,0.0,0.07,12.5685,6.0,0,20.0,55.0,0.0,3072.4064259122024,0.0,0.0,0.0,47.37414897103676,optimal
2021-02-12 13:00:00,8,2,1.7790339275730445,0.0,0.0,0.07,12.285,6.0,0,20.0,55.0,0.02266666666666667,3857.9520798389885,0.0,2368.6666666666665,0.0,47.27020524159128,optimal
2021-02-12 13:30:00,8,2,2.0,0.0,0.0,0.07,11.487,6.0,0,20.034750488559425,55.0,0.02266666666666667,7000.0,0.0,0.0,0.0,47.166365455875244,optimal
2021-02-12 14:00:00,8,2,2.0,0.0,0.0,0.15566666666666665,11.802,6.0,0,20.20605903236772,55.0,0.02266666666666667,7000.0,0.0,0.0,0.0,47.06262950994493,optimal
2021-02-12 14:30:00,8,2,2.0,0.0,0.0,0.29843333333333333,11.2245,6.0,0,20.381286497301744,55.0,0.019333333333333334,7000.0,0.0,0.0,0.0,46.95899729996054,optimal
2021-02-12 15:00:00,8,2,2.0,0.0,0.0,0.12713333333333335,11.025,6.0,0,20.56653705536373,55.0,0.019333333333333334,7000.0,0.0,0.0,0.0,46.85546872218613,optimal
2021-02-12 15:30:00,8,2,2.0,0.0,0.0,0.07,11.907,6.0,0,20.737396542401836,55.0,0.019333333333333334,7000.0,0.0,0.0,0.0,46.7520436729895,optimal
2021-02-12 16:00:00,8,2,0.0,0.0,0.0,0.07,25.83,6.0,0,20.900310309199625,55.0,0.019333333333333334,0.0,0.0,0.0,0.0,46.64872204884207,optimal
2021-02-12 16:30:00,8,2,0.0,0.0,0.0,0.6288666666666667,28.035,6.0,0,20.754528345939285,55.0,0.018,0.0,0.0,0.0,0.0,46.54550374631878,optimal
2021-02-12 17:00:00,8,2,0.0,0.0,0.0,1.3689333333333333,28.119,6.0,0,20.626768708468223,55.0,0.015333333333333332,0.0,0.0,0.0,0.0,46.44238866209802,optimal
2021-02-12 17:30:00,8,2,0.0,0.0,0.0,0.5730666666666667,30.156,6.0,0,20.51218948842255,55.0,0.009333333333333334,0.0,0.0,0.0,0.0,46.33937669296147,optimal
2021-02-12 18:00:00,8,2,0.0,0.0,0.0,0.4076666666666667,29.1585,6.0,0,20.400834604825917,55.0,0.005333333333333333,0.0,0.0,0.0,0.0,46.236467735794065,optimal
2021-02-12 18:30:00,8,2,0.0,0.0,0.0,0.4153,26.712,6.0,0,20.29764277350258,55.0,0.0033333333333333335,0.0,0.0,0.0,0.0,46.133661687583825,optimal
2021-02-12 19:00:00,8,2,0.0,0.0,0.0,0.7064,15.435,6.0,0,20.19269575801351,55.0,0.002,0.0,0.0,0.0,0.0,46.030958445421795,optimal
2021-02-12 19:30:00,8,2,0.0,0.0,0.0,0.4091,13.566,6.0,0,20.10424339154924,55.0,0.0,0.0,0.0,0.0,0.0,45.92835790650193,optimal
2021-02-12 20:00:00,8,2,0.7158771467927321,0.0,0.0,0.21666666666666662,12.789,6.0,0,20.0,55.0,0.0,2505.5700137745625,0.0,0.0,0.0,45.82585996812098,optimal
2021-02-12 20:30:00,8,2,0.0,0.0,0.0,0.24956666666666663,12.1275,6.0,0,20.0,55.0,0.0,0.0,0.0,0.0,0.0,45.723464527678416,optimal
2021-02-12 21:00:00,8,2,0.0,0.0,0.0,0.2872,13.671,6.0,0,19.885649925427487,55.0,0.0,0.0,0.0,0.0,0.0,45.621171482676296,optimal
2021-02-12 21:30:00,8,2,0.0,0.0,0.0,0.2816666666666667,10.668,6.0,0,19.767911841597783,55.0,0.0,0.0,0.0,0.0,0.0,45.51898073071917,optimal
2021-02-12 22:00:00,8,2,0.0,0.0,0.0,0.33213333333333334,11.7285,6.0,0,19.648544266945922,55.0,0.0,0.0,0.0,0.0,0.0,45.41689216951401,optimal
2021-02-12 22:30:00,8,2,0.0,0.0,0.0,0.38480000000000003,11.025,6.0,0,19.52696520426425,55.0,0.0,0.0,0.0,0.0,0.0,45.31490569687005,optimal
2021-02-12 23:00:00,8,2,0.0,0.0,0.0,0.34086666666666665,10.689,6.0,0,19.412554610202285,55.0,0.0,0.0,0.0,0.0,0.0,45.213021210698734,optimal
2021-02-12 23:30:00,8,2,0.05971428571428571,0.0,0.0,0.40176666666666666,8.1585,6.0,0,19.297709292020333,55.0,0.0,0.0,0.0,209.0,0.0,45.167808189488035,optimal
2021-02-13 00:00:00,8,2,2.0,0.0,0.0,0.053,9.3975,6.0,0,19.297709292020333,55.0,0.0,7000.0,0.0,0.0,0.0,45.122640381298545,optimal
2021-02-13 00:30:00,8,2,0.0,0.0,0.0,0.053,10.059,6.0,0,19.467599903479798,55.0,0.0,0.0,0.0,0.0,0.0,45.077517740917244,optimal
2021-02-13 01:00:00,8,2,2.0,0.0,0.0,0.20453333333333334,9.261,6.0,0,19.330200585686576,55.0,0.036,3238.0,0.0,3762.0,0.0,45.03244022317633,optimal
2021-02-13 01:30:00,8,2,2.0,0.0,0.0,0.15106666666666665,8.1585,6.0,0,19.34234925107907,55.0,0.036,7000.0,0.0,0.0,0.0,44.987407782953156,optimal
2021-02-13 02:00:00,8,2,2.0,0.0,0.0,0.053,9.4815,6.0,0,19.51705190579868,55.0,0.036,7000.0,0.0,0.0,0.0,44.9424203751702,optimal
2021-02-13 02:30:00,8,2,2.0,0.0,0.0,0.2154,8.379,6.0,0,19.68680164411262,55.0,0.036,7000.0,0.0,0.0,0.0,44.89747795479503,optimal
2021-02-13 03:00:00,8,2,2.0,0.0,0.0,0.13019999999999998,9.5235,6.0,0,19.862423956118977,55.0,0.036,7000.0,0.0,0.0,0.0,44.85258047684023,optimal
2021-02-13 03:30:00,8,2,2.0,0.0,0.0,0.053,8.1375,6.0,0,20.033037673039352,55.0,0.036,7000.0,0.0,0.0,0.0,44.80772789636339,optimal
2021-02-13 04:00:00,8,2,1.2295228837460674,0.0,0.0,0.26530000000000004,10.0905,6.0,0,20.19866531098638,55.0,0.036,4303.330093111236,0.0,0.0,0.0,44.762920168467026,optimal
2021-02-13 04:30:00,8,2,2.0,0.0,7.619349039586714,0.0803,7.539,6.0,0,20.253972154567954,55.0,0.036,7000.0,0.0,0.0,0.0,48.33734804210225,optimal
2021-02-13 05:00:00,8,2,2.0,0.0,0.0,0.06470000000000001,7.938,6.0,0,20.418093284996026,55.0,0.036,7000.0,0.0,0.0,0.0,48.289010694060146,optimal
2021-02-13 05:30:00,8,2,2.0,0.0,0.0,0.15,8.274,6.0,0,20.579607937449367,55.0,0.036,7000.0,0.0,0.0,0.0,48.240721683366075,optimal
2021-02-13 06:00:00,8,2,2.0,0.0,0.0,0.1839,9.261,6.0,0,20.742951873759207,55.0,0.036,7000.0,0.0,0.0,0.0,48.192480961682705,optimal
2021-02-13 06:30:00,8,2,2.0,0.0,0.0,0.05733333333333333,9.9225,6.0,0,20.905861796669193,55.0,0.036,7000.0,0.0,0.0,0.0,48.144288480721016,optimal
2021-02-13 07:00:00,8,2,2.0,0.0,0.0,0.13253333333333334,9.702,6.0,0,21.06149109340121,55.0,0.035333333333333335,7000.0,0.0,0.0,0.0,48.096144192240295,optimal
2021-02-13 07:30:00,8,2,2.0,0.0,0.0,0.2343,10.584,6.0,0,21.21958577261165,55.0,0.035333333333333335,7000.0,0.0,0.0,0.0,48.048048048048045,optimal
2021-02-13 08:00:00,8,2,2.0,0.0,0.0,0.07713333333333335,10.143,6.0,0,21.385603984053457,55.0,0.035333333333333335,7000.0,0.0,0.0,0.0,48.0,optimal
2021-02-13 08:30:00,8,2,0.0,0.0,0.0,0.0681,13.0095,6.0,0,21.539534452795525,55.0,0.035333333333333335,0.0,0.0,0.0,0.0,47.64918988670557,optimal
2021-02-13 09:00:00,8,2,0.0,0.0,0.0,0.10873333333333332,11.025,6.0,0,21.388544123490945,55.0,0.032,0.0,0.0,0.0,0.0,47.29873058352444,optimal
2021-02-13 09:30:00,8,2,0.0,0.0,0.0,0.2529,12.789,6.0,0,21.24590324070486,55.0,0.032,0.0,0.0,0.0,0.0,46.948621739646484,optimal
2021-02-13 10:00:00,8,2,0.0,0.0,0.0,0.17483333333333334,12.1275,6.0,0,21.10942106664227,55.0,0.032,0.0,0.0,0.0,0.0,46.59886300461241,optimal
2021-02-13 10:30:00,8,2,0.0,0.0,0.0,0.3634666666666666,12.1695,6.0,0,20.974326637424028,55.0,0.032,0.0,0.0,0.0,0.0,46.24945402831337,optimal
2021-02-13 11:00:00,8,2,0.0,0.0,0.0,0.2399,12.306,6.0,0,20.84996390795036,55.0,0.032,0.0,0.0,0.0,0.0,45.90039446099063,optimal
2021-02-13 11:30:00,8,2,0.0,0.0,0.0,0.18556666666666663,13.23,6.0,0,20.717067197774387,55.0,0.032,0.0,0.0,0.0,0.0,45.55168395323521,optimal
2021-02-13 12:00:00,8,2,0.0,0.0,0.0,0.6269,13.671,6.0,0,20.58240918259546,55.0,0.03133333333333333,0.0,0.0,0.0,0.0,45.20332215598755,optimal
2021-02-13 12:30:00,8,2,0.0,0.0,0.0,0.186,13.9335,6.0,0,20.468254385320957,55.0,0.030666666666666665,0.0,0.0,0.0,0.0,44.85530872053714,optimal
2021-02-13 13:00:00,8,2,0.0,0.0,0.0,0.18286666666666668,13.293,6.0,0,20.339204707247482,55.0,0.029333333333333333,0.0,0.0,0.0,0.0,44.507643298522176,optimal
2021-02-13 13:30:00,8,2,0.0,0.0,0.0,0.3962333333333333,12.1065,6.0,0,20.20406940622066,55.0,0.029333333333333333,0.0,0.0,0.0,0.0,44.160325541929225,optimal
2021-02-13 14:00:00,8,2,2.0,0.0,0.0,0.3358333333333333,11.571,6.0,0,20.08181447593076,55.0,0.029333333333333333,7000.0,0.0,0.0,0.0,43.81335510309287,optimal
2021-02-13 14:30:00,8,2,2.0,0.0,0.0,0.17883333333333334,11.025,6.0,0,20.2698934129172,55.0,0.029333333333333333,7000.0,0.0,0.0,0.0,43.46673163469535,optimal
2021-02-13 15:00:00,8,2,2.0,0.0,0.0,0.12290000000000001,10.8465,6.0,0,20.449232709716103,55.0,0.029333333333333333,7000.0,0.0,0.0,0.0,43.12045478976623,optimal
2021-02-13 15:30:00,8,2,2.0,0.0,0.0,0.4577333333333333,11.2455,6.0,0,20.627620635169507,55.0,0.028,7000.0,0.0,0.0,0.0,42.774524221682036,optimal
2021-02-13 16:00:00,8,2,0.0,0.0,0.0,0.12453333333333332,23.8665,6.0,0,20.81508938569035,55.0,0.028,0.0,0.0,0.0,0.0,42.428939584165924,optimal
2021-02-13 16:30:00,8,2,0.0,0.0,0.0,0.22469999999999998,27.4575,6.0,0,20.66832914424862,55.0,0.028,0.0,0.0,0.0,0.0,42.083700531287334,optimal
2021-02-13 17:00:00,8,2,0.0,0.0,0.0,0.7050666666666667,27.3735,6.0,0,20.526643069190243,55.0,0.024,0.0,0.0,0.0,0.0,41.73880671746162,optimal
2021-02-13 17:30:00,8,2,0.0,0.0,0.0,2.2035,30.4605,6.0,0,20.42265822881192,55.0,0.023333333333333334,0.0,0.0,0.0,0.0,41.39425779744973,optimal
2021-02-13 18:00:00,8,2,0.0,0.0,0.0,0.3378333333333333,30.0195,6.0,0,20.34812542302098,55.0,0.02266666666666667,0.0,0.0,0.0,0.0,41.050053426357856,optimal
2021-02-13 18:30:00,8,2,0.0,0.0,0.0,0.3736666666666667,26.9325,6.0,0,20.227835961172293,55.0,0.018666666666666668,0.0,0.0,0.0,0.0,41.009003372931495,optimal
2021-02-13 19:00:00,8,2,0.0,0.0,0.0,0.41126666666666667,14.595,6.0,0,20.11220380173638,55.0,0.018666666666666668,0.0,0.0,0.0,0.0,40.96799436955856,optimal
2021-02-13 19:30:00,8,2,0.8348091746481019,0.0,0.0,0.05533333333333334,12.4845,6.0,0,20.0,55.0,0.016,2921.8321112683566,0.0,0.0,0.0,40.927026375189,optimal
2021-02-13 20:00:00,8,2,0.7282580991736878,0.0,0.0,0.32289999999999996,12.1275,6.0,0,20.0,55.0,0.012666666666666666,2548.9033471079074,0.0,0.0,0.0,40.886099348813815,optimal
2021-02-13 20:30:00,8,2,0.0,0.0,0.0,0.2188333333333333,12.1275,6.0,0,20.0,55.0,0.010666666666666666,0.0,0.0,0.0,0.0,40.845213249465004,optimal
2021-02-13 21:00:00,8,2,0.0,0.0,0.0,0.29933333333333334,12.789,6.0,0,19.890698076788745,55.0,0.006,0.0,0.0,0.0,0.0,40.80436803621554,optimal
2021-02-13 21:30:00,8,2,0.0,0.0,0.0,0.234,11.907,6.0,0,19.787747102638082,55.0,0.002,0.0,0.0,0.0,0.0,40.76356366817933,optimal
2021-02-13 22:00:00,8,2,0.0,0.0,0.0,0.15236666666666668,11.025,6.0,0,19.67036871119184,55.0,0.0,0.0,0.0,0.0,0.0,40.72280010451115,optimal
2021-02-13 22:30:00,8,2,0.0,0.0,0.0,0.11309999999999999,8.2005,6.0,0,19.541400923670995,55.0,0.0,0.0,0.0,0.0,0.0,40.68207730440664,optimal
2021-02-13 23:00:00,8,2,0.0,0.0,0.0,0.18619999999999998,9.5655,6.0,0,19.406385482780482,55.0,0.0,0.0,0.0,0.0,0.0,40.64139522710224,optimal
2021-02-13 23:30:00,8,2,0.0,0.0,0.0,0.13153333333333334,7.056,6.0,0,19.275917384308215,55.0,0.0,0.0,0.0,0.0,0.0,40.60075383187513,optimal
2021-02-07 00:00:00,9,2,0.0,0.0,0.0,0.06,9.261,6.0,0,21.0,55.0,0.12,0.0,0.0,0.0,0.0,47.952,optimal
2021-02-07 00:30:00,9,2,0.0,0.0,0.0,0.06,10.3635,6.0,0,20.875346419923027,55.0,0.12,0.0,0.0,0.0,0.0,47.904047999999996,optimal
2021-02-07 01:00:00,9,2,0.0,0.0,0.0,0.06,8.274,6.0,0,20.750872393003327,55.0,0.12,0.0,0.0,0.0,0.0,47.856143952,optimal
2021-02-07 01:30:00,9,2,0.0,0.0,0.0,0.271,7.7175,6.0,0,20.626576611547005,55.0,0.12,0.0,0.0,0.0,0.0,47.80828780804799,optimal
2021-02-07 02:00:00,9,2,0.0,0.0,0.0,0.06,6.615,6.0,0,20.51205820631858,55.0,0.12,0.0,0.0,0.0,0.0,47.76047952023995,optimal
2021-02-07 02:30:00,9,2,0.0,0.0,0.0,0.06,6.174,6.0,0,20.38877341496658,55.0,0.12,0.0,0.0,0.0,0.0,47.712719040719705,optimal
2021-02-07 03:00:00,9,2,2.0,0.0,0.0,0.16633333333333333,3.906,6.0,0,20.26565820782063,55.0,0.12,7000.0,0.0,0.0,0.0,47.66500632167899,optimal
2021-02-07 03:30:00,9,2,2.0,0.0,0.0,0.13716666666666666,2.3415,6.0,0,20.45378272671148,55.0,0.12,7000.0,0.0,0.0,0.0,47.61734131535731,optimal
2021-02-07 04:00:00,9,2,2.0,0.0,0.0,0.17183333333333334,2.205,6.0,0,20.641861184219408,55.0,0.11733333333333333,7000.0,0.0,0.0,0.0,47.56972397404195,optimal
2021-02-07 04:30:00,9,2,2.0,0.0,1.4112141297153802,0.13019999999999998,0.882,6.0,0,20.83088758159179,55.0,0.11733333333333333,7000.0,0.0,0.0,0.0,48.192480961682705,optimal
2021-02-07 05:00:00,9,2,2.0,0.0,0.0,0.1288,1.5435,6.0,0,21.01219154582516,55.0,0.11733333333333333,7000.0,0.0,0.0,0.0,48.144288480721016,optimal
2021-02-07 05:30:00,9,2,2.0,0.0,0.0,0.16633333333333333,1.5435,6.0,0,21.19224510306731,55.0,0.11733333333333333,7000.0,0.0,0.0,0.0,48.096144192240295,optimal
2021-02-07 06:00:00,9,2,2.0,0.0,0.0,0.11233333333333331,5.0715,6.0,0,21.37289294239749,55.0,0.11733333333333333,7000.0,0.0,0.0,0.0,48.048048048048045,optimal
2021-02-07 06:30:00,9,2,2.0,0.0,0.0,0.2158333333333333,5.376,6.0,0,21.54986132877011,55.0,0.11733333333333333,7000.0,0.0,0.0,0.0,48.0,optimal
2021-02-07 07:00:00,9,2,2.0,0.0,0.0,0.07183333333333333,5.0715,6.0,0,21.733194599179654,55.0,0.11333333333333333,7000.0,0.0,0.0,0.0,47.70894953374161,optimal
2021-02-07 07:30:00,9,2,1.4048797480670048,0.0,0.0,0.1355,5.5125,6.0,0,21.90996084354378,55.0,0.05600000000000001,4917.0791182345165,0.0,0.0,0.0,47.41819011794948,optimal
2021-02-07 08:00:00,9,2,0.6035853651242886,0.0,0.0,3.545533333333333,9.261,6.0,0,22.0,55.0,0.054666666666666676,2112.54877793501,0.0,0.0,0.0,47.12772146157314,optimal
2021-02-07 08:30:00,9,2,0.0,0.0,0.0,4.967333333333333,11.7075,6.0,0,22.0,55.0,0.03733333333333334,0.0,0.0,0.0,0.0,46.83754327385318,optimal
2021-02-07 09:00:00,9,2,0.0,0.0,0.0,0.9961333333333332,12.348,6.0,0,21.94039386838743,55.0,0.03733333333333334,0.0,0.0,0.0,0.0,46.54765526432094,optimal
2021-02-07 09:30:00,9,2,0.0,0.0,0.0,0.17466666666666666,12.348,6.0,0,21.804850001219496,55.0,0.03733333333333334,0.0,0.0,0.0,0.0,46.25805714279823,optimal
2021-02-07 10:00:00,9,2,0.0,0.0,0.0,0.07,12.1275,6.0,0,21.66391512253636,55.0,0.03733333333333334,0.0,0.0,0.0,0.0,45.96874861939704,optimal
2021-02-07 10:30:00,9,2,0.0,0.0,0.0,1.0172,12.5265,6.0,0,21.51978917288536,55.0,0.03733333333333334,0.0,0.0,0.0,0.0,45.67972940451926,optimal
2021-02-07 11:00:00,9,2,0.0,0.0,0.0,1.6286333333333334,11.7495,6.0,0,21.39881614511147,55.0,0.03733333333333334,0.0,0.0,0.0,0.0,45.39099920885635,optimal
2021-02-07 11:30:00,9,2,0.0,0.0,0.0,0.2483333333333333,13.23,6.0,0,21.281102641220834,55.0,0.03733333333333334,0.0,0.0,0.0,0.0,45.102557743389106,optimal
2021-02-07 12:00:00,9,2,0.0,0.0,0.0,0.24666666666666662,14.3325,6.0,0,21.14359308506296,55.0,0.03733333333333334,0.0,0.0,0.0,0.0,44.814404719387326,optimal
2021-02-07 12:30:00,9,2,0.0,0.0,0.0,0.1774,14.994,6.0,0,21.007012062485867,55.0,0.03733333333333334,0.0,0.0,0.0,0.0,44.52653984840955,optimal
2021-02-07 13:00:00,9,2,0.0,0.0,0.0,0.34,14.8155,6.0,0,20.86715402431052,55.0,0.03733333333333334,0.0,0.0,0.0,0.0,44.23896284230275,optimal
2021-02-07 13:30:00,9,2,0.0,0.0,0.0,0.1485,14.112,6.0,0,20.73437812720753,55.0,0.03733333333333334,0.0,0.0,0.0,0.0,43.95167341320206,optimal
2021-02-07 14:00:00,9,2,0.0,0.0,0.0,0.07,14.007,6.0,0,20.599365828799492,55.0,0.03733333333333334,0.0,0.0,0.0,0.0,43.664671273530466,optimal
2021-02-07 14:30:00,9,2,0.0,0.0,0.0,0.157,13.23,6.0,0,20.462264738937755,55.0,0.03733333333333334,0.0,0.0,0.0,0.0,43.377956135998545,optimal
2021-02-07 15:00:00,9,2,2.0,0.0,0.0,0.11783333333333332,11.382,6.0,0,20.33033463751016,55.0,0.03733333333333334,7000.0,0.0,0.0,0.0,43.09152771360416,optimal
2021-02-07 15:30:00,9,2,2.0,0.0,0.0,0.3167,11.7495,6.0,0,20.50728442254611,55.0,0.03733333333333334,7000.0,0.0,0.0,0.0,42.80538571963216,optimal
2021-02-07 16:00:00,9,2,0.0,0.0,0.0,0.25103333333333333,24.3285,6.0,0,20.697103817168628,55.0,0.03733333333333334,0.0,0.0,0.0,0.0,42.51952986765414,optimal
2021-02-07 16:30:00,9,2,0.0,0.0,0.0,0.2651,28.917,6.0,0,20.580150181019523,55.0,0.03266666666666668,0.0,0.0,0.0,0.0,42.47701033778649,optimal
2021-02-07 17:00:00,9,2,0.0,0.0,0.0,3.055066666666667,31.3635,6.0,0,20.47205246710543,55.0,0.030666666666666675,0.0,0.0,0.0,0.0,42.434533327448705,optimal
2021-02-07 17:30:00,9,2,0.0,0.0,0.0,0.6352666666666666,33.306,6.0,0,20.424256436345594,55.0,0.03000000000000001,0.0,0.0,0.0,0.0,42.39209879412125,optimal
2021-02-07 18:00:00,9,2,0.0,0.0,0.0,0.27643333333333336,31.3425,6.0,0,20.321274024453153,55.0,0.028666666666666677,0.0,0.0,0.0,0.0,42.34970669532713,optimal
2021-02-07 18:30:00,9,2,0.0,0.0,0.0,0.42103333333333337,28.2555,6.0,0,20.21342872015506,55.0,0.028666666666666677,0.0,0.0,0.0,0.0,42.3073569886318,optimal
2021-02-07 19:00:00,9,2,0.0,0.0,0.0,0.26380000000000003,15.6975,6.0,0,20.113730985622865,55.0,0.028666666666666677,0.0,0.0,0.0,0.0,42.26504963164317,optimal
2021-02-07 19:30:00,9,2,0.6391649159312641,0.0,0.0,0.3547666666666667,12.5475,6.0,0,20.00580843705772,55.0,0.024666666666666677,2237.0772057594245,0.0,0.0,0.0,42.22278458201153,optimal
2021-02-07 20:00:00,9,2,0.6579817596107924,0.0,0.0,0.4104666666666666,12.0855,6.0,0,20.0,55.0,0.024666666666666677,2302.9361586377736,0.0,0.0,0.0,42.18056179742952,optimal
2021-02-07 20:30:00,9,2,0.0,0.0,0.0,0.2455,11.907,6.0,0,20.0,55.0,0.024666666666666677,0.0,0.0,0.0,0.0,42.13838123563209,optimal
2021-02-07 21:00:00,9,2,0.0,0.0,0.0,0.36806666666666665,12.5685,6.0,0,19.885493192075117,55.0,0.02400000000000001,0.0,0.0,0.0,0.0,42.09624285439646,optimal
2021-02-07 21:30:00,9,2,0.0,0.0,0.0,0.4079,13.146,6.0,0,19.77912745265945,55.0,0.02400000000000001,0.0,0.0,0.0,0.0,42.05414661154206,optimal
2021-02-07 22:00:00,9,2,0.0,0.0,0.0,0.3622666666666666,10.584,6.0,0,19.67355534847125,55.0,0.02400000000000001,0.0,0.0,0.0,0.0,42.01209246493052,optimal
2021-02-07 22:30:00,9,2,0.0,0.0,0.0,0.2792,6.678,6.0,0,19.56778764754048,55.0,0.02400000000000001,0.0,0.0,0.0,0.0,41.97008037246559,optimal
2021-02-07 23:00:00,9,2,0.0,0.0,0.0,0.3516,7.938,6.0,0,19.45985449324852,55.0,0.02400000000000001,0.0,0.0,0.0,0.0,41.92811029209312,optimal
2021-02-07 23:30:00,9,2,0.0,0.0,0.0,1.0230333333333332,5.292,6.0,0,19.35895394561226,55.0,0.023333333333333345,0.0,0.0,0.0,0.0,41.88618218180103,optimal
2021-02-08 00:00:00,9,2,2.0,0.0,0.0,0.057,5.9745,6.0,0,19.35895394561226,55.0,0.023333333333333345,7000.0,0.0,0.0,0.0,41.844295999619234,optimal
2021-02-08 00:30:00,9,2,2.0,0.0,0.0,0.1903333333333333,7.938,6.0,0,19.5416130493828,55.0,0.07733333333333334,1357.000000000001,0.0,5642.999999999999,0.0,41.80245170361962,optimal
2021-02-08 01:00:00,9,2,2.0,0.0,0.0,0.07033333333333333,8.6835,6.0,0,19.481762665505222,55.0,0.07733333333333334,7000.0,0.0,0.0,0.0,41.760649251916,optimal
2021-02-08 01:30:00,9,2,2.0,0.0,0.0,0.09033333333333332,7.665,6.0,0,19.664110998694245,55.0,0.07733333333333334,7000.0,0.0,0.0,0.0,41.71888860266409,optimal
2021-02-08 02:00:00,9,2,2.0,0.0,0.0,0.17033333333333334,6.7725,6.0,0,19.845642604747578,55.0,0.07733333333333334,7000.0,0.0,0.0,0.0,41.67716971406142,optimal
2021-02-08 02:30:00,9,2,2.0,0.0,0.0,0.057,5.5755,6.0,0,20.028989861301508,55.0,0.07733333333333334,7000.0,0.0,0.0,0.0,41.63549254434736,optimal
2021-02-08 03:00:00,9,2,2.0,0.0,5.391645500504551,0.057,5.0925,6.0,0,20.20640491039074,55.0,0.07733333333333334,7000.0,0.0,0.0,0.0,44.154888664542675,optimal
2021-02-08 03:30:00,9,2,2.0,0.0,9.0,1.1442333333333332,4.1895,6.0,0,20.382891989818898,55.0,0.07733333333333334,7000.0,0.0,0.0,0.0,48.38573377587813,optimal
2021-02-08 04:00:00,9,2,2.0,0.0,0.0,0.057,7.056,6.0,0,20.570052905973924,55.0,0.07733333333333334,7000.0,0.0,0.0,0.0,48.33734804210225,optimal
2021-02-08 04:30:00,9,2,2.0,0.0,0.0,0.057,5.271,6.0,0,20.743163215731656,55.0,0.07733333333333334,7000.0,0.0,0.0,0.0,48.289010694060146,optimal
2021-02-08 05:00:00,9,2,2.0,0.0,0.0,0.149,7.938,6.0,0,20.91428445054578,55.0,0.07733333333333334,7000.0,0.0,0.0,0.0,48.240721683366075,optimal
2021-02-08 05:30:00,9,2,2.0,0.0,0.0,0.10966666666666669,7.938,6.0,0,21.09198158368362,55.0,0.07533333333333334,7000.0,0.0,0.0,0.0,48.192480961682705,optimal
2021-02-08 06:00:00,9,2,0.343118878537174,0.0,0.0,1.0584333333333333,11.907,6.0,0,21.26386187495419,55.0,0.072,1200.916074880109,0.0,0.0,0.0,48.144288480721016,optimal
2021-02-08 06:30:00,9,2,2.0,0.0,0.0,0.2073333333333333,11.025,6.0,0,21.18722021962048,55.0,0.07,7000.0,0.0,0.0,0.0,48.096144192240295,optimal
2021-02-08 07:00:00,9,2,2.0,0.0,0.0,0.09793333333333333,11.2875,6.0,0,21.37050430904302,55.0,0.050666666666666665,7000.0,0.0,0.0,0.0,48.048048048048045,optimal
2021-02-08 07:30:00,9,2,0.0,0.0,0.0,0.32,12.936,6.0,0,21.550472666522808,55.0,0.036,0.0,0.0,0.0,0.0,48.0,optimal
2021-02-08 08:00:00,9,2,0.0,0.0,0.0,0.17166666666666666,13.0095,6.0,0,21.429844501526556,55.0,0.036,0.0,0.0,0.0,0.0,47.66308901674418,optimal
2021-02-08 08:30:00,9,2,0.0,0.0,0.0,0.361,13.671,6.0,0,21.29580876038383,55.0,0.036,0.0,0.0,0.0,0.0,47.32651494447162,optimal
2021-02-08 09:00:00,9,2,0.0,0.0,0.0,0.065,13.188,6.0,0,21.170320419933823,55.0,0.036,0.0,0.0,0.0,0.0,46.99027744627133,optimal
2021-02-08 09:30:00,9,2,0.0,0.0,0.0,0.17166666666666666,13.8495,6.0,0,21.03164043414464,55.0,0.034666666666666665,0.0,0.0,0.0,0.0,46.65437618556924,optimal
2021-02-08 10:00:00,9,2,0.0,0.0,0.0,0.5316666666666666,13.23,6.0,0,20.897689347340513,55.0,0.022,0.0,0.0,0.0,0.0,46.31881082612785,optimal
2021-02-08 10:30:00,9,2,0.0,0.0,0.0,1.0103333333333333,13.3665,6.0,0,20.767615610829743,55.0,0.018666666666666668,0.0,0.0,0.0,0.0,45.983581032045905,optimal
2021-02-08 11:00:00,9,2,0.0,0.0,0.0,0.6316666666666666,13.0515,6.0,0,20.642661282195213,55.0,0.018666666666666668,0.0,0.0,0.0,0.0,45.64868646775804,optimal
2021-02-08 11:30:00,9,2,0.0,0.0,0.0,1.0036666666666667,13.5345,6.0,0,20.516637399377764,55.0,0.015333333333333332,0.0,0.0,0.0,0.0,45.314126798034465,optimal
2021-02-08 12:00:00,9,2,0.0,0.0,0.0,1.2215333333333334,14.154,6.0,0,20.392854982883147,55.0,0.015333333333333332,0.0,0.0,0.0,0.0,44.979901687980615,optimal
2021-02-08 12:30:00,9,2,0.0,0.0,0.0,0.5761666666666666,14.112,6.0,0,20.265658473584914,55.0,0.015333333333333332,0.0,0.0,0.0,0.0,44.646010803036816,optimal
2021-02-08 13:00:00,9,2,0.0,0.0,0.0,0.139,14.2485,6.0,0,20.135407950876694,55.0,0.015333333333333332,0.0,0.0,0.0,0.0,44.31245380897796,optimal
2021-02-08 13:30:00,9,2,2.0,0.0,0.0,0.30926666666666663,12.789,6.0,0,20.0,55.0,0.015333333333333332,7000.0,0.0,0.0,0.0,43.97923037191317,optimal
2021-02-08 14:00:00,9,2,1.843511421506551,0.0,0.0,0.2307,13.0095,6.0,0,20.179350069609082,55.0,0.015333333333333332,6452.289975272928,0.0,0.0,0.0,43.64634015828544,optimal
2021-02-08 14:30:00,9,2,2.0,0.0,0.0,0.067,12.1275,6.0,0,20.3283229062418,55.0,0.015333333333333332,7000.0,0.0,0.0,0.0,43.31378283487134,optimal
2021-02-08 15:00:00,9,2,2.0,0.0,0.0,0.19366666666666663,12.348,6.0,0,20.497660516628326,55.0,0.015333333333333332,7000.0,0.0,0.0,0.0,42.98155806878065,optimal
2021-02-08 15:30:00,9,2,2.0,0.0,0.0,0.087,12.348,6.0,0,20.670217057993558,55.0,0.015333333333333332,7000.0,0.0,0.0,0.0,42.64966552745605,optimal
2021-02-08 16:00:00,9,2,0.0,0.0,0.0,0.067,25.389,6.0,0,20.837211806655073,55.0,0.015333333333333332,0.0,0.0,0.0,0.0,42.31810487867278,optimal
2021-02-08 16:30:00,9,2,0.0,0.0,0.0,0.21366666666666662,29.1375,6.0,0,20.69606223702441,55.0,0.015333333333333332,0.0,0.0,0.0,0.0,41.986875790538285,optimal
2021-02-08 17:00:00,9,2,0.0,0.0,0.0,0.079,30.597,6.0,0,20.561268369996867,55.0,0.015333333333333332,0.0,0.0,0.0,0.0,41.65597793149193,optimal
2021-02-08 17:30:00,9,2,0.0,0.0,0.0,0.359,33.684,6.0,0,20.425196450557316,55.0,0.013333333333333334,0.0,0.0,0.0,0.0,41.61432195356044,optimal
2021-02-08 18:00:00,9,2,0.0,0.0,0.0,0.24966666666666662,32.445,6.0,0,20.316856577563122,55.0,0.010666666666666666,0.0,0.0,0.0,0.0,41.57270763160688,optimal
2021-02-08 18:30:00,9,2,0.0,0.0,0.0,1.017,28.917,6.0,0,20.20808259890016,55.0,0.01,0.0,0.0,0.0,0.0,41.53113492397527,optimal
2021-02-08 19:00:00,9,2,0.0,0.0,0.0,0.6671333333333334,15.876,6.0,0,20.10782335805654,55.0,0.01,0.0,0.0,0.0,0.0,41.489603789051294,optimal
2021-02-08 19:30:00,9,2,0.7267647447520451,0.0,0.0,0.23583333333333328,12.348,6.0,0,20.0,55.0,0.004,2543.676606632158,0.0,0.0,0.0,41.44811418526224,optimal
2021-02-08 20:00:00,9,2,0.7267809886832818,0.0,0.0,0.23656666666666665,12.1275,6.0,0,20.0,55.0,0.004,2543.733460391486,0.0,0.0,0.0,41.40666607107698,optimal
2021-02-08 20:30:00,9,2,0.0,0.0,0.0,0.2693333333333333,12.348,6.0,0,20.0,55.0,0.004,0.0,0.0,0.0,0.0,41.3652594050059,optimal
2021-02-08 21:00:00,9,2,0.0,0.0,0.0,0.3409333333333333,12.1275,6.0,0,19.888160595130728,55.0,0.0006666666666666665,0.0,0.0,0.0,0.0,41.323894145600896,optimal
2021-02-08 21:30:00,9,2,0.0,0.0,0.0,0.2442,12.1275,6.0,0,19.786370339287338,55.0,0.0006666666666666665,0.0,0.0,0.0,0.0,41.2825702514553,optimal
2021-02-08 22:00:00,9,2,0.0,0.0,0.0,0.1716,11.2665,6.0,0,19.69084671258863,55.0,0.0,0.0,0.0,0.0,0.0,41.24128768120384,optimal
2021-02-08 22:30:00,9,2,0.0,0.0,0.0,0.144,10.143,6.0,0,19.589322423528067,55.0,0.0,0.0,0.0,0.0,0.0,41.20004639352264,optimal
2021-02-08 23:00:00,9,2,0.0,0.0,0.0,0.10033333333333332,11.2455,6.0,0,19.470126900172705,55.0,0.0,0.0,0.0,0.0,0.0,41.15884634712912,optimal
2021-02-08 23:30:00,9,2,0.0,0.0,0.0,0.17566666666666667,11.025,6.0,0,19.341192256433054,55.0,0.0,0.0,0.0,0.0,0.0,41.11768750078199,optimal
2021-02-09 00:00:00,9,2,2.0,0.0,9.0,0.052,10.584,6.0,0,19.341192256433054,55.0,0.0,7000.0,0.0,0.0,0.0,45.35156981328121,optimal
2021-02-09 00:30:00,9,2,2.0,0.0,0.0,0.052,11.2455,6.0,0,19.517237750581916,55.0,0.033999999999999996,3447.0000000000005,0.0,3552.9999999999995,0.0,45.306218243467924,optimal
2021-02-09 01:00:00,9,2,2.0,0.0,0.0,0.052,12.1275,6.0,0,19.5368368567783,55.0,0.033999999999999996,7000.0,0.0,0.0,0.0,45.26091202522446,optimal
2021-02-09 01:30:00,9,2,2.0,0.0,0.0,0.1192,11.823,6.0,0,19.712185766905097,55.0,0.033999999999999996,7000.0,0.0,0.0,0.0,45.21565111319923,optimal
2021-02-09 02:00:00,9,2,2.0,0.0,0.0,0.052,11.7705,6.0,0,19.888470899158865,55.0,0.033999999999999996,7000.0,0.0,0.0,0.0,45.17043546208603,optimal
2021-02-09 02:30:00,9,2,2.0,0.0,0.0,0.052,11.13,6.0,0,20.0598022331908,55.0,0.033999999999999996,7000.0,0.0,0.0,0.0,45.12526502662395,optimal
2021-02-09 03:00:00,9,2,2.0,0.0,0.0,0.052,11.6865,6.0,0,20.230249905538155,55.0,0.033999999999999996,7000.0,0.0,0.0,0.0,45.08013976159732,optimal
2021-02-09 03:30:00,9,2,2.0,0.0,0.0,0.1192,10.7205,6.0,0,20.399820351949604,55.0,0.033999999999999996,7000.0,0.0,0.0,0.0,45.03505962183573,optimal
2021-02-09 04:00:00,9,2,2.0,0.0,0.0,0.052,11.424,6.0,0,20.571825714500985,55.0,0.033999999999999996,7000.0,0.0,0.0,0.0,44.99002456221389,optimal
2021-02-09 04:30:00,9,2,2.0,0.0,7.652056842270824,0.052,10.689,6.0,0,20.740365057786086,55.0,0.033999999999999996,7000.0,0.0,0.0,0.0,48.579761537730306,optimal
2021-02-09 05:00:00,9,2,2.0,0.0,0.0,0.1192,11.361,6.0,0,20.90694861668657,55.0,0.033999999999999996,7000.0,0.0,0.0,0.0,48.53118177619257,optimal
2021-02-09 05:30:00,9,2,2.0,0.0,0.0,0.057,11.571,6.0,0,21.074532236170036,55.0,0.033999999999999996,7000.0,0.0,0.0,0.0,48.48265059441637,optimal
2021-02-09 06:00:00,9,2,0.0,0.0,0.0,0.12919999999999998,14.3745,6.0,0,21.237953735547286,55.0,0.033999999999999996,0.0,0.0,0.0,0.0,48.434167943821954,optimal
2021-02-09 06:30:00,9,2,2.0,0.0,0.0,0.059,13.23,6.0,0,21.096709869113592,55.0,0.033999999999999996,7000.0,0.0,0.0,0.0,48.38573377587813,optimal
2021-02-09 07:00:00,9,2,0.0,0.0,0.0,0.1192,13.9755,6.0,0,21.25960569547138,55.0,0.033999999999999996,0.0,0.0,0.0,0.0,48.33734804210225,optimal
2021-02-09 07:30:00,9,2,0.0,0.0,0.0,0.052,14.994,6.0,0,21.11747583221999,55.0,0.033999999999999996,0.0,0.0,0.0,0.0,48.289010694060146,optimal
2021-02-09 08:00:00,9,2,0.0,0.0,0.0,0.05433333333333334,13.671,6.0,0,20.972711201799797,55.0,0.033333333333333326,0.0,0.0,0.0,0.0,48.240721683366075,optimal
2021-02-09 08:30:00,9,2,0.0,0.0,0.0,0.9902000000000001,15.981,6.0,0,20.83593301329543,55.0,0.03266666666666666,0.0,0.0,0.0,0.0,48.192480961682705,optimal
2021-02-09 09:00:00,9,2,0.0,0.0,0.0,0.10946666666666668,15.6345,6.0,0,20.71353717577745,55.0,0.006,0.0,0.0,0.0,0.0,48.144288480721016,optimal
2021-02-09 09:30:00,9,2,0.0,0.0,0.0,0.7492000000000001,16.5375,6.0,0,20.589271072750098,55.0,0.006,0.0,0.0,0.0,0.0,48.096144192240295,optimal
2021-02-09 10:00:00,9,2,0.0,0.0,0.0,0.918,14.7735,6.0,0,20.486934588991275,55.0,0.001333333333333333,0.0,0.0,0.0,0.0,48.048048048048045,optimal
2021-02-09 10:30:00,9,2,0.0,0.0,0.0,0.12786666666666666,15.2145,6.0,0,20.39236155794004,55.0,0.001333333333333333,0.0,0.0,0.0,0.0,48.0,optimal
2021-02-09 11:00:00,9,2,0.0,0.0,0.0,0.062,14.553,6.0,0,20.271521156932025,55.0,0.001333333333333333,0.0,0.0,0.0,0.0,47.712362011932434,optimal
2021-02-09 11:30:00,9,2,1.7332664930921617,0.0,0.0,0.10306666666666667,14.3325,6.0,0,20.135031620682433,55.0,0.001333333333333333,6066.432725822566,0.0,0.0,0.0,47.425011661852935,optimal
2021-02-09 12:00:00,9,2,0.0,0.0,0.0,0.08813333333333334,14.595,6.0,0,20.267248893170787,55.0,0.001333333333333333,0.0,0.0,0.0,0.0,47.13794866212352,optimal
2021-02-09 12:30:00,9,2,0.0,0.0,0.0,0.118,14.994,6.0,0,20.132662735057092,55.0,0.001333333333333333,0.0,0.0,0.0,0.0,46.85117272539383,optimal
2021-02-09 13:00:00,9,2,1.7944729393723198,0.0,0.0,0.0732,14.3325,6.0,0,20.0,55.0,0.001333333333333333,6280.65528780312,0.0,0.0,0.0,46.56468356460087,optimal
2021-02-09 13:30:00,9,2,2.0,0.0,0.0,0.062,13.8915,6.0,0,20.140906527158418,55.0,0.001333333333333333,7000.0,0.0,0.0,0.0,46.2784808929687,optimal
2021-02-09 14:00:00,9,2,2.0,0.0,0.0,0.12919999999999998,13.8915,6.0,0,20.311420874532736,55.0,0.001333333333333333,7000.0,0.0,0.0,0.0,45.99256442400817,optimal
2021-02-09 14:30:00,9,2,2.0,0.0,0.0,0.062,13.4715,6.0,0,20.483270805931685,55.0,0.001333333333333333,7000.0,0.0,0.0,0.0,45.7069338715166,optimal
2021-02-09 15:00:00,9,2,2.0,0.0,0.0,0.062,13.23,6.0,0,20.650563393179567,55.0,0.001333333333333333,7000.0,0.0,0.0,0.0,45.42158894957752,optimal
2021-02-09 15:30:00,9,2,2.0,0.0,0.0,0.062,13.8915,6.0,0,20.816273425590502,55.0,0.001333333333333333,7000.0,0.0,0.0,0.0,45.136529372560375,optimal
2021-02-09 16:00:00,9,2,0.0,0.0,0.0,0.062,26.9325,6.0,0,20.98077658421602,55.0,0.001333333333333333,0.0,0.0,0.0,0.0,44.85175485512025,optimal
2021-02-09 16:30:00,9,2,0.0,0.0,0.0,0.062,30.303,6.0,0,20.837664894329315,55.0,0.001333333333333333,0.0,0.0,0.0,0.0,44.56726511219756,optimal
2021-02-09 17:00:00,9,2,0.0,0.0,0.0,0.12919999999999998,32.886,6.0,0,20.694867188862332,55.0,0.001333333333333333,0.0,0.0,0.0,0.0,44.2830598590178,optimal
2021-02-09 17:30:00,9,2,0.0,0.0,0.0,0.062,34.9965,6.0,0,20.5553227778811,55.0,0.001333333333333333,0.0,0.0,0.0,0.0,43.999138811091214,optimal
2021-02-09 18:00:00,9,2,0.0,0.0,0.0,0.12919999999999998,33.327,6.0,0,20.413124769763296,55.0,0.001333333333333333,0.0,0.0,0.0,0.0,43.71550168421256,optimal
2021-02-09 18:30:00,9,2,0.0,0.0,0.0,0.062,31.122,6.0,0,20.274175691353204,55.0,0.001333333333333333,0.0,0.0,0.0,0.0,43.43214819446079,optimal
2021-02-09 19:00:00,9,2,0.0,0.0,0.0,0.12853333333333333,17.9025,6.0,0,20.133661136869073,55.0,0.001333333333333333,0.0,0.0,0.0,0.0,43.14907805819876,optimal
2021-02-09 19:30:00,9,2,0.8168944612934547,0.0,0.0,0.9778,15.6555,6.0,0,20.0,55.0,0.001333333333333333,2859.1306145270914,0.0,0.0,0.0,42.866290992073,optimal
2021-02-09 20:00:00,9,2,0.8124220803410516,0.0,0.0,0.13026666666666667,14.553,6.0,0,20.0,55.0,0.0,2843.4772811936805,0.0,0.0,0.0,42.823424701080924,optimal
2021-02-09 20:30:00,9,2,0.0,0.0,0.0,0.1272,14.3325,6.0,0,20.0,55.0,0.0,0.0,0.0,0.0,0.0,42.78060127637984,optimal
2021-02-09 21:00:00,9,2,0.0,0.0,0.0,0.068,13.335,6.0,0,19.889592999190928,55.0,0.0,0.0,0.0,0.0,0.0,42.737820675103464,optimal
2021-02-09 21:30:00,9,2,0.0,0.0,0.0,0.11133333333333331,12.1275,6.0,0,19.7769140570115,55.0,0.0,0.0,0.0,0.0,0.0,42.695082854428364,optimal
2021-02-09 22:00:00,9,2,0.0,0.0,0.0,0.18786666666666668,12.2955,6.0,0,19.669720191124114,55.0,0.0,0.0,0.0,0.0,0.0,42.652387771573935,optimal
2021-02-09 22:30:00,9,2,0.09952380952380951,0.0,0.0,0.07,11.6865,6.0,0,19.57004195528989,55.0,0.0,0.0,0.0,348.3333333333333,0.0,42.60973538380236,optimal
2021-02-09 23:00:00,9,2,0.0,0.0,0.0,0.1297333333333333,11.466,6.0,0,19.45649048112912,55.0,0.0,0.0,0.0,0.0,0.0,42.56712564841856,optimal
2021-02-09 23:30:00,9,2,0.0,0.0,0.0,0.07013333333333334,10.8045,6.0,0,19.348554234244226,55.0,0.0,0.0,0.0,0.0,0.0,42.52455852277014,optimal
2021-02-10 00:00:00,9,2,2.0,0.0,0.0,0.05,10.8045,6.0,0,19.348554234244226,55.0,0.0,7000.0,0.0,0.0,0.0,42.48203396424737,optimal
2021-02-10 00:30:00,9,2,2.0,0.0,0.0,0.1184,11.508,6.0,0,19.523089501574162,55.0,0.06698564593301436,0.0,0.0,7000.0,0.0,42.43955193028312,optimal
2021-02-10 01:00:00,9,2,2.0,0.0,0.0,0.14666666666666667,11.508,6.0,0,19.392202684999628,55.0,0.088,4804.0,0.0,2196.0,0.0,42.39711237835284,optimal
2021-02-10 01:30:00,9,2,2.0,0.0,0.0,0.05966666666666666,11.508,6.0,0,19.473067603883283,55.0,0.088,7000.0,0.0,0.0,0.0,42.354715265974484,optimal
2021-02-10 02:00:00,9,2,2.0,0.0,0.0,0.16190000000000002,11.844,6.0,0,19.64493426777782,55.0,0.088,7000.0,0.0,0.0,0.0,42.31236055070851,optimal
2021-02-10 02:30:00,9,2,2.0,0.0,0.0,0.11283333333333331,11.508,6.0,0,19.819296058088266,55.0,0.088,7000.0,0.0,0.0,0.0,42.2700481901578,optimal
2021-02-10 03:00:00,9,2,2.0,0.0,0.0,0.1184,11.508,6.0,0,19.990240127884928,55.0,0.088,7000.0,0.0,0.0,0.0,42.22777814196765,optimal
2021-02-10 03:30:00,9,2,2.0,0.0,9.0,0.1225,10.4475,6.0,0,20.160182878442136,55.0,0.088,7000.0,0.0,0.0,0.0,46.460550363825675,optimal
2021-02-10 04:00:00,9,2,2.0,0.0,0.0,0.08383333333333333,10.8675,6.0,0,20.329067400807002,55.0,0.088,7000.0,0.0,0.0,0.0,46.41408981346185,optimal
2021-02-10 04:30:00,9,2,2.0,0.0,4.55474958430355,0.1184,10.542,6.0,0,20.49502934161071,55.0,0.088,7000.0,0.0,0.0,0.0,48.53118177619257,optimal
2021-02-10 05:00:00,9,2,2.0,0.0,0.0,0.15633333333333335,11.025,6.0,0,20.660567384516067,55.0,0.088,7000.0,0.0,0.0,0.0,48.48265059441637,optimal
2021-02-10 05:30:00,9,2,2.0,0.0,0.0,0.09993333333333333,11.025,6.0,0,20.82583198866145,55.0,0.088,7000.0,0.0,0.0,0.0,48.434167943821954,optimal
2021-02-10 06:00:00,9,2,2.0,0.0,0.0,0.16063333333333332,14.553,6.0,0,20.986506128319462,55.0,0.088,7000.0,0.0,0.0,0.0,48.38573377587813,optimal
2021-02-10 06:30:00,9,2,2.0,0.0,0.0,0.07416666666666667,13.0935,6.0,0,21.14788047218634,55.0,0.088,7000.0,0.0,0.0,0.0,48.33734804210225,optimal
2021-02-10 07:00:00,9,2,2.0,0.0,0.0,0.17156666666666667,15.6345,6.0,0,21.30599920359118,55.0,0.088,7000.0,0.0,0.0,0.0,48.289010694060146,optimal
2021-02-10 07:30:00,9,2,0.0,0.0,0.0,0.10316666666666668,18.102,6.0,0,21.46868652855299,55.0,0.088,0.0,0.0,0.0,0.0,48.240721683366075,optimal
2021-02-10 08:00:00,9,2,0.0,0.0,0.0,0.088,17.199,6.0,0,21.32041395204337,55.0,0.088,0.0,0.0,0.0,0.0,48.192480961682705,optimal
2021-02-10 08:30:00,9,2,0.0,0.0,0.0,0.08206666666666666,18.2805,6.0,0,21.1721931963337,55.0,0.07533333333333334,0.0,0.0,0.0,0.0,48.144288480721016,optimal
2021-02-10 09:00:00,9,2,0.0,0.0,0.0,0.15366666666666665,17.4615,6.0,0,21.031131064099103,55.0,0.014,0.0,0.0,0.0,0.0,48.096144192240295,optimal
2021-02-10 09:30:00,9,2,0.0,0.0,0.0,0.12116666666666669,18.3225,6.0,0,20.897262968940396,55.0,0.009333333333333334,0.0,0.0,0.0,0.0,48.048048048048045,optimal
2021-02-10 10:00:00,9,2,0.0,0.0,0.0,0.09316666666666669,17.094,6.0,0,20.76975004413079,55.0,0.009333333333333334,0.0,0.0,0.0,0.0,48.0,optimal
2021-02-10 10:30:00,9,2,0.0,0.0,0.0,0.0935,17.094,6.0,0,20.646250801338947,55.0,0.008666666666666666,0.0,0.0,0.0,0.0,47.286559753025436,optimal
2021-02-10 11:00:00,9,2,0.0,0.0,0.0,0.18569999999999998,17.094,6.0,0,20.509282551853712,55.0,0.008666666666666666,0.0,0.0,0.0,0.0,46.57383294629785,optimal
2021-02-10 11:30:00,9,2,0.0,0.0,0.0,0.0752,17.3565,6.0,0,20.371465625524504,55.0,0.008666666666666666,0.0,0.0,0.0,0.0,45.861818866376986,optimal
2021-02-10 12:00:00,9,2,1.4105674785017683,0.0,0.0,0.15633333333333335,17.115,6.0,0,20.230543723372307,55.0,0.008666666666666666,4936.986174756189,0.0,0.0,0.0,45.150516800536046,optimal
2021-02-10 12:30:00,9,2,2.0,0.0,0.0,0.1384,17.241,6.0,0,20.311038744910057,55.0,0.008666666666666666,7000.0,0.0,0.0,0.0,44.43992603676095,optimal
2021-02-10 13:00:00,9,2,2.0,0.0,0.0,0.06,17.094,6.0,0,20.48046850880805,55.0,0.008666666666666666,7000.0,0.0,0.0,0.0,43.73004586374963,optimal
2021-02-10 13:30:00,9,2,2.0,0.0,0.0,0.22506666666666664,16.5165,6.0,0,20.645232439615654,55.0,0.008666666666666666,7000.0,0.0,0.0,0.0,43.02087557091132,optimal
2021-02-10 14:00:00,9,2,0.0,0.0,0.0,0.06966666666666667,17.8185,6.0,0,20.817478595371465,55.0,0.008666666666666666,0.0,0.0,0.0,0.0,42.31241444836585,optimal
2021-02-10 14:30:00,9,2,2.0,0.0,0.0,0.17673333333333333,17.094,6.0,0,20.67670767067142,55.0,0.008666666666666666,7000.0,0.0,0.0,0.0,41.60466178694292,optimal
2021-02-10 15:00:00,9,2,2.0,0.0,0.0,0.118,16.8945,6.0,0,20.848065464812418,55.0,0.008666666666666666,7000.0,0.0,0.0,0.0,40.89761687818142,optimal
2021-02-10 15:30:00,9,2,0.0,0.0,0.0,0.09626666666666668,18.123,6.0,0,21.01560426710053,55.0,0.008666666666666666,0.0,0.0,0.0,0.0,40.19127901432867,optimal
2021-02-10 16:00:00,9,2,0.0,0.0,0.0,0.19846666666666668,31.647,6.0,0,20.873098155890542,55.0,0.008666666666666666,0.0,0.0,0.0,0.0,39.48564748833978,optimal
2021-02-10 16:30:00,9,2,0.0,0.0,0.0,0.06,34.9965,6.0,0,20.73464699480731,55.0,0.008666666666666666,0.0,0.0,0.0,0.0,38.780721593876876,optimal
2021-02-10 17:00:00,9,2,0.0,0.0,0.0,0.3846333333333333,34.9965,6.0,0,20.5896863553537,55.0,0.008666666666666666,0.0,0.0,0.0,0.0,38.07650062530844,optimal
2021-02-10 17:30:00,9,2,0.0,0.0,0.0,0.1718,34.9965,6.0,0,20.46692674144726,55.0,0.007333333333333333,0.0,0.0,0.0,0.0,38.03842412468313,optimal
2021-02-10 18:00:00,9,2,0.0,0.0,0.0,0.0896,34.9965,6.0,0,20.350611082640615,55.0,0.002666666666666666,0.0,0.0,0.0,0.0,38.000385700558446,optimal
2021-02-10 18:30:00,9,2,0.0,0.0,0.0,0.13193333333333335,34.9965,6.0,0,20.233061209406102,55.0,0.0,0.0,0.0,0.0,0.0,37.96238531485789,optimal
2021-02-10 19:00:00,9,2,0.0,0.0,0.0,0.281,27.741,6.0,0,20.115003832242515,55.0,0.0,0.0,0.0,0.0,0.0,37.924422929543034,optimal
2021-02-10 19:30:00,9,2,0.8220254185793232,0.0,0.0,0.09433333333333331,19.026,6.0,0,20.0,55.0,0.0,2877.0889650276313,0.0,0.0,0.0,37.88649850661349,optimal
2021-02-10 20:00:00,9,2,0.791585825131394,0.0,0.0,0.1807333333333333,18.7215,6.0,0,20.0,55.0,0.0,2770.550387959879,0.0,0.0,0.0,37.848612008106876,optimal
2021-02-10 20:30:00,9,2,0.0,0.0,0.0,0.18930000000000002,17.4195,6.0,0,20.0,55.0,0.0,0.0,0.0,0.0,0.0,37.81076339609877,optimal
2021-02-10 21:00:00,9,2,0.0,0.0,0.0,0.3208333333333333,16.758,6.0,0,19.882281275646463,55.0,0.0,0.0,0.0,0.0,0.0,37.77295263270267,optimal
2021-02-10 21:30:00,9,2,0.11942857142857143,0.0,0.0,0.16903333333333334,14.217,6.0,0,19.76994470224493,55.0,0.0,0.0,0.0,418.0,0.0,37.73517968006997,optimal
2021-02-10 22:00:00,9,2,1.5724761904761904,0.0,0.0,1.2073333333333331,13.3665,6.0,0,19.642678374760436,55.0,0.0,0.0,0.0,5503.666666666666,0.0,37.6974445003899,optimal
2021-02-10 22:30:00,9,2,0.05971428571428571,0.0,0.0,0.2114333333333333,12.789,6.0,0,19.550710887216106,55.0,0.0,0.0,0.0,209.0,0.0,37.65974705588951,optimal
2021-02-10 23:00:00,9,2,0.0,0.0,0.0,0.1374,11.907,6.0,0,19.416564696524823,55.0,0.0,0.0,0.0,0.0,0.0,37.62208730883362,optimal
2021-02-10 23:30:00,9,2,0.0,0.0,0.0,0.16566666666666666,11.7075,6.0,0,19.26978498757448,55.0,0.0,0.0,0.0,0.0,0.0,37.58446522152479,optimal
2021-02-11 00:00:00,9,2,2.0,0.0,0.0,0.0747,11.025,6.0,0,19.26978498757448,55.0,0.0,7000.0,0.0,0.0,0.0,37.54688075630326,optimal
2021-02-11 00:30:00,9,2,2.0,0.0,0.0,0.11923333333333332,12.0855,6.0,0,19.415996470535394,55.0,0.014,5537.0,0.0,1463.0,0.0,37.50933387554696,optimal
2021-02-11 01:00:00,9,2,2.0,0.0,0.0,0.14806666666666665,11.6865,6.0,0,19.499779684461195,55.0,0.014,7000.0,0.0,0.0,0.0,37.47182454167141,optimal
2021-02-11 01:30:00,9,2,2.0,0.0,0.0,0.10946666666666668,11.2245,6.0,0,19.648984254140178,55.0,0.014,7000.0,0.0,0.0,0.0,37.43435271712974,optimal
2021-02-11 02:00:00,9,2,2.0,0.0,0.0,0.06356666666666667,11.025,6.0,0,19.795412490513158,55.0,0.014,7000.0,0.0,0.0,0.0,37.39691836441261,optimal
2021-02-11 02:30:00,9,2,2.0,0.0,5.158961372755097,0.2719,10.7835,6.0,0,19.93876506483597,55.0,0.014,7000.0,0.0,0.0,0.0,39.81002809810687,optimal
2021-02-11 03:00:00,9,2,2.0,0.0,0.0,0.058,11.025,6.0,0,20.089464837611583,55.0,0.014,7000.0,0.0,0.0,0.0,39.77021807000876,optimal
2021-02-11 03:30:00,9,2,2.0,0.0,9.0,0.1545,10.584,6.0,0,20.228975531692985,55.0,0.014,7000.0,0.0,0.0,0.0,44.00544785193874,optimal
2021-02-11 04:00:00,9,2,2.0,0.0,0.0,0.15313333333333332,11.025,6.0,0,20.373515098381166,55.0,0.014,7000.0,0.0,0.0,0.0,43.9614424040868,optimal
2021-02-11 04:30:00,9,2,2.0,0.0,9.0,0.09226666666666668,10.4265,6.0,0,20.51876291402959,55.0,0.014,7000.0,0.0,0.0,0.0,48.192480961682705,optimal
2021-02-11 05:00:00,9,2,2.0,0.0,0.0,0.1931,12.789,6.0,0,20.660288516469937,55.0,0.014,7000.0,0.0,0.0,0.0,48.144288480721016,optimal
2021-02-11 05:30:00,9,2,2.0,0.0,0.0,0.13593333333333335,12.684,6.0,0,20.805197241917778,55.0,0.014,7000.0,0.0,0.0,0.0,48.096144192240295,optimal
2021-02-11 06:00:00,9,2,2.0,0.0,0.0,0.17823333333333333,16.254,6.0,0,20.948368948406888,55.0,0.011333333333333334,7000.0,0.0,0.0,0.0,48.048048048048045,optimal
2021-02-11 06:30:00,9,2,2.0,0.0,0.0,0.9714333333333331,17.64,6.0,0,21.10884914493039,55.0,0.008,7000.0,0.0,0.0,0.0,48.0,optimal
2021-02-11 07:00:00,9,2,0.0,0.0,0.0,0.09073333333333332,19.1625,6.0,0,21.2707806283052,55.0,0.008,0.0,0.0,0.0,0.0,47.76464605139271,optimal
2021-02-11 07:30:00,9,2,0.0,0.0,0.0,0.14806666666666665,26.46,6.0,0,21.10475393581789,55.0,0.008,0.0,0.0,0.0,0.0,47.52952745673403,optimal
2021-02-11 08:00:00,9,2,0.0,0.0,0.0,0.19273333333333328,20.79,6.0,0,20.938330753633647,55.0,0.008,0.0,0.0,0.0,0.0,47.29464398067001,optimal
2021-02-11 08:30:00,9,2,0.0,0.0,0.0,0.06666666666666667,29.106,6.0,0,20.775205561935795,55.0,0.008,0.0,0.0,0.0,0.0,47.05999538808205,optimal
2021-02-11 09:00:00,9,2,0.0,0.0,0.0,0.22736666666666666,19.1835,6.0,0,20.606511628927162,55.0,0.008,0.0,0.0,0.0,0.0,46.82558144408668,optimal
2021-02-11 09:30:00,9,2,0.0,0.0,0.0,0.10809999999999999,19.6665,6.0,0,20.445367674099714,55.0,0.008,0.0,0.0,0.0,0.0,46.5914019140353,optimal
2021-02-11 10:00:00,9,2,0.0,0.0,0.0,0.16736666666666666,19.404,6.0,0,20.292193606025368,55.0,0.008,0.0,0.0,0.0,0.0,46.35745656351398,optimal
2021-02-11 10:30:00,9,2,0.0,0.0,0.0,0.14026666666666668,19.047,6.0,0,20.154746470985682,55.0,0.008,0.0,0.0,0.0,0.0,46.123745158343176,optimal
2021-02-11 11:00:00,9,2,1.7830040488049703,0.0,0.0,0.08583333333333333,18.858,6.0,0,20.012744271561207,55.0,0.008,6240.514170817396,0.0,0.0,0.0,45.89026746457755,optimal
2021-02-11 11:30:00,9,2,0.0,0.0,0.0,0.19953333333333334,19.2675,6.0,0,20.13819486403308,55.0,0.008,0.0,0.0,0.0,0.0,45.65702324850568,optimal
2021-02-11 12:00:00,9,2,0.8779553182446796,0.0,0.0,0.13593333333333335,18.963,6.0,0,20.0,55.0,0.008,3072.843613856379,0.0,0.0,0.0,45.42401227664988,optimal
2021-02-11 12:30:00,9,2,2.0,0.0,0.0,0.16093333333333334,18.438,6.0,0,20.0,55.0,0.008,7000.0,0.0,0.0,0.0,45.191234315765946,optimal
2021-02-11 13:00:00,9,2,1.3835001228924235,0.0,0.0,0.15783333333333335,18.7425,6.0,0,20.1777349736732,55.0,0.008,4842.250430123483,0.0,0.0,0.0,44.95868913284289,optimal
2021-02-11 13:30:00,9,2,2.0,0.0,0.0,0.0747,15.2145,6.0,0,20.264320827163136,55.0,0.008,7000.0,0.0,0.0,0.0,44.72637649510276,optimal
2021-02-11 14:00:00,9,2,2.0,0.0,0.0,0.19866666666666663,17.7765,6.0,0,20.44181826025742,55.0,0.008,7000.0,0.0,0.0,0.0,44.49429617000037,optimal
2021-02-11 14:30:00,9,2,2.0,0.0,0.0,0.1368,16.758,6.0,0,20.624177771247577,55.0,0.008,7000.0,0.0,0.0,0.0,44.26244792522308,optimal
2021-02-11 15:00:00,9,2,2.0,0.0,0.0,0.1545,16.422,6.0,0,20.79995194293012,55.0,0.008,7000.0,0.0,0.0,0.0,44.03083152869057,optimal
2021-02-11 15:30:00,9,2,2.0,0.0,0.0,0.17516666666666666,16.758,6.0,0,20.972671670790334,55.0,0.008,7000.0,0.0,0.0,0.0,43.79944674855459,optimal
2021-02-11 16:00:00,9,2,0.0,0.0,0.0,0.07913333333333333,29.358,6.0,0,21.136429168671786,55.0,0.008,0.0,0.0,0.0,0.0,43.56829335319874,optimal
2021-02-11 16:30:00,9,2,0.0,0.0,0.0,0.20286666666666667,34.9965,6.0,0,20.97979372205274,55.0,0.008,0.0,0.0,0.0,0.0,43.337371111238255,optimal
2021-02-11 17:00:00,9,2,0.0,0.0,0.0,0.13593333333333335,34.65,6.0,0,20.823452423719765,55.0,0.008,0.0,0.0,0.0,0.0,43.10667979151973,optimal
2021-02-11 17:30:00,9,2,0.0,0.0,0.0,0.061,34.9965,6.0,0,20.658911005003898,55.0,0.008,0.0,0.0,0.0,0.0,42.87621916312092,optimal
2021-02-11 18:00:00,9,2,0.0,0.0,0.0,0.1879,34.9965,6.0,0,20.488879138382472,55.0,0.008,0.0,0.0,0.0,0.0,42.645988995350514,optimal
2021-02-11 18:30:00,9,2,0.0,0.0,0.0,0.07529999999999999,30.4815,6.0,0,20.32668216458806,55.0,0.008,0.0,0.0,0.0,0.0,42.41598905774787,optimal
2021-02-11 19:00:00,9,2,0.0,0.0,0.0,0.237,21.4305,6.0,0,20.16127353472297,55.0,0.0,0.0,0.0,0.0,0.0,42.18621912008283,optimal
2021-02-11 19:30:00,9,2,1.1038428806981828,0.0,0.0,0.3604,14.3325,6.0,0,20.0,55.0,0.0,3724.1167491103065,0.0,139.33333333333331,0.0,41.95667895235546,optimal
2021-02-11 20:00:00,9,2,1.1590247530933335,0.0,0.0,0.27436666666666665,13.692,6.0,0,20.0,55.0,0.001333333333333333,3917.2533024933346,0.0,139.33333333333331,0.0,41.72736832479582,optimal
2021-02-11 20:30:00,9,2,0.0,0.0,0.0,0.3361,14.007,6.0,0,20.0,55.0,0.0,0.0,0.0,0.0,0.0,41.49828700786374,optimal
2021-02-11 21:00:00,9,2,0.0796190476190476,0.0,0.0,0.32743333333333335,12.873,6.0,0,19.833766774230124,55.0,0.0,0.0,0.0,278.66666666666663,0.0,41.456788720855876,optimal
2021-02-11 21:30:00,9,2,0.0,0.0,0.0,1.1328666666666665,12.684,6.0,0,19.67209896665997,55.0,0.0,0.0,0.0,0.0,0.0,41.41533193213502,optimal
2021-02-11 22:00:00,9,2,0.0199047619047619,0.0,0.0,0.9003,12.306,6.0,0,19.510575355504137,55.0,0.0,0.0,0.0,69.66666666666666,0.0,41.37391660020288,optimal
2021-02-11 22:30:00,9,2,0.0,0.0,0.0,0.30019999999999997,10.6365,6.0,0,19.36547919043675,55.0,0.0,0.0,0.0,0.0,0.0,41.33254268360268,optimal
2021-02-11 23:00:00,9,2,0.0,0.0,0.0,0.19933333333333328,11.2455,6.0,0,19.22338489742972,55.0,0.0,0.0,0.0,0.0,0.0,41.29121014091908,optimal
2021-02-11 23:30:00,9,2,0.0,0.0,0.0,1.0194666666666667,11.2455,6.0,0,19.068367729757913,55.0,0.0,0.0,0.0,0.0,0.0,41.24991893077816,optimal
2021-02-12 00:00:00,9,2,2.0,0.0,0.0,0.068,10.3635,6.0,0,19.068367729757913,55.0,0.0,7000.0,0.0,0.0,0.0,41.20866901184738,optimal
2021-02-12 00:30:00,9,2,2.0,0.0,0.0,0.1853333333333333,10.8045,6.0,0,19.192447112118757,55.0,0.06698564593301436,0.0,0.0,7000.0,0.0,41.16746034283553,optimal
2021-02-12 01:00:00,9,2,2.0,0.0,0.0,0.046,11.025,6.0,0,19.014342186771398,55.0,0.11533333333333332,1947.6666666666688,0.0,5052.333333333331,0.0,41.1262928824927,optimal
2021-02-12 01:30:00,9,2,2.0,0.0,0.0,0.2073333333333333,10.3635,6.0,0,18.916692070892314,55.0,0.11533333333333332,7000.0,0.0,0.0,0.0,41.0851665896102,optimal
2021-02-12 02:00:00,9,2,2.0,0.0,0.0,0.049,10.8045,6.0,0,19.04870357130848,55.0,0.11533333333333332,7000.0,0.0,0.0,0.0,41.04408142302059,optimal
2021-02-12 02:30:00,9,2,2.0,0.0,0.0,0.056,10.059,6.0,0,19.17341975373133,55.0,0.11533333333333332,7000.0,0.0,0.0,0.0,41.00303734159757,optimal
2021-02-12 03:00:00,9,2,2.0,0.0,0.0,0.078,10.584,6.0,0,19.299412536257165,55.0,0.11533333333333332,7000.0,0.0,0.0,0.0,40.96203430425597,optimal
2021-02-12 03:30:00,9,2,2.0,0.0,9.0,0.19233333333333327,9.4185,6.0,0,19.427635645452906,55.0,0.11533333333333332,7000.0,0.0,0.0,0.0,45.19607226995171,optimal
2021-02-12 04:00:00,9,2,2.0,0.0,0.0,0.046,10.3635,6.0,0,19.565159160590305,55.0,0.11533333333333332,7000.0,0.0,0.0,0.0,45.15087619768176,optimal
2021-02-12 04:30:00,9,2,2.0,0.0,6.295618675276244,0.2073333333333333,9.8385,6.0,0,19.70068006516997,55.0,0.11533333333333332,7000.0,0.0,0.0,0.0,48.096144192240295,optimal
2021-02-12 05:00:00,9,2,2.0,0.0,0.0,0.044,11.067,6.0,0,19.84737427372029,55.0,0.10933333333333331,7000.0,0.0,0.0,0.0,48.048048048048045,optimal
2021-02-12 05:30:00,9,2,2.0,0.0,0.0,0.08433333333333333,10.8465,6.0,0,20.00087057590887,55.0,0.1053333333333333,7000.0,0.0,0.0,0.0,48.0,optimal
2021-02-12 06:00:00,9,2,1.7586514250980148,0.0,0.0,0.3996,13.671,6.0,0,20.16228547460215,55.0,0.09999999999999998,6155.2799878430515,0.0,0.0,0.0,47.73298064593473,optimal
2021-02-12 06:30:00,9,2,2.0,0.0,0.0,0.051,12.348,6.0,0,20.31120851288768,55.0,0.09999999999999998,7000.0,0.0,0.0,0.0,47.46622831122353,optimal
2021-02-12 07:00:00,9,2,0.0,0.0,0.0,1.5833333333333333,14.3325,6.0,0,20.481134825772987,55.0,0.09999999999999998,0.0,0.0,0.0,0.0,47.19974272884704,optimal
2021-02-12 07:30:00,9,2,0.0,0.0,0.0,2.8638000000000003,15.393,6.0,0,20.357935528927694,55.0,0.04399999999999999,0.0,0.0,0.0,0.0,46.933523632052925,optimal
2021-02-12 08:00:00,9,2,2.0,0.0,0.0,1.7535999999999998,13.587,6.0,0,20.235786365642195,55.0,0.02933333333333333,7000.0,0.0,0.0,0.0,46.6675707543556,optimal
2021-02-12 08:30:00,9,2,0.0,0.0,0.0,0.331,16.1385,6.0,0,20.419441797787414,55.0,0.025999999999999995,0.0,0.0,0.0,0.0,46.401883829535976,optimal
2021-02-12 09:00:00,9,2,0.0,0.0,0.0,0.22766666666666663,14.595,6.0,0,20.278794534348705,55.0,0.02533333333333333,0.0,0.0,0.0,0.0,46.13646259164117,optimal
2021-02-12 09:30:00,9,2,0.0,0.0,0.0,0.2916666666666667,14.637,6.0,0,20.130572576535982,55.0,0.023999999999999994,0.0,0.0,0.0,0.0,45.87130677498426,optimal
2021-02-12 10:00:00,9,2,0.7578952241112451,0.0,0.0,0.3803333333333333,13.9125,6.0,0,20.0,55.0,0.023999999999999994,2652.633284389358,0.0,0.0,0.0,45.60641611414401,optimal
2021-02-12 10:30:00,9,2,0.797547145056528,0.0,0.0,0.177,13.3665,6.0,0,20.0,55.0,0.02266666666666666,2791.415007697848,0.0,0.0,0.0,45.3417903439646,optimal
2021-02-12 11:00:00,9,2,1.5135264087720957,0.0,0.0,0.3016666666666667,13.0095,6.0,0,20.0,55.0,0.019999999999999997,5297.342430702335,0.0,0.0,0.0,45.07742919955537,optimal
2021-02-12 11:30:00,9,2,0.0,0.0,0.0,0.21366666666666662,13.8915,6.0,0,20.119815334920272,55.0,0.019999999999999997,0.0,0.0,0.0,0.0,44.81333241629054,optimal
2021-02-12 12:00:00,9,2,0.7170929649043845,0.0,0.0,0.42806666666666665,13.188,6.0,0,20.0,55.0,0.0,2509.8253771653453,0.0,0.0,0.0,44.549499729808986,optimal
2021-02-12 12:30:00,9,2,0.8507732645463649,0.0,0.0,0.26453333333333334,12.5685,6.0,0,20.0,55.0,0.0,2490.0397592456106,0.0,487.6666666666667,0.0,44.28593087601391,optimal
2021-02-12 13:00:00,9,2,0.9112775827899424,0.0,0.0,0.054,12.285,6.0,0,20.0,55.0,0.005022814001010553,2664.587476659196,0.0,524.8840631056029,0.0,44.022625591072625,optimal
2021-02-12 13:30:00,9,2,2.0,0.0,0.0,0.15956666666666666,11.487,6.0,0,20.0,55.0,0.029333333333333333,4389.884063105603,0.0,2610.1159368943972,0.0,43.75958361141628,optimal
2021-02-12 14:00:00,9,2,2.0,0.0,0.0,0.292,11.802,6.0,0,20.078394190027048,55.0,0.029333333333333333,7000.0,0.0,0.0,0.0,43.4968046737396,optimal
2021-02-12 14:30:00,9,2,2.0,0.0,0.0,0.156,11.2245,6.0,0,20.280684416159147,55.0,0.02666666666666667,7000.0,0.0,0.0,0.0,43.23428851500059,optimal
2021-02-12 15:00:00,9,2,2.0,0.0,0.0,0.7088666666666666,11.025,6.0,0,20.47533050335901,55.0,0.025333333333333333,7000.0,0.0,0.0,0.0,42.97203487242032,optimal
2021-02-12 15:30:00,9,2,2.0,0.0,0.0,0.08686666666666666,11.907,6.0,0,20.68754493856498,55.0,0.025333333333333333,7000.0,0.0,0.0,0.0,42.710043483482636,optimal
2021-02-12 16:00:00,9,2,0.0,0.0,0.0,0.098,25.83,6.0,0,20.87643092241939,55.0,0.02266666666666667,0.0,0.0,0.0,0.0,42.44831408593389,optimal
2021-02-12 16:30:00,9,2,0.0,0.0,0.0,0.17133333333333334,28.035,6.0,0,20.755919865636518,55.0,0.020666666666666663,0.0,0.0,0.0,0.0,42.18684641778269,optimal
2021-02-12 17:00:00,9,2,0.0,0.0,0.0,0.09090000000000001,28.119,6.0,0,20.64041230876443,55.0,0.020666666666666663,0.0,0.0,0.0,0.0,41.92564021729964,optimal
2021-02-12 17:30:00,9,2,0.0,0.0,0.0,0.177,30.156,6.0,0,20.518712400554623,55.0,0.020666666666666663,0.0,0.0,0.0,0.0,41.66469522301707,optimal
2021-02-12 18:00:00,9,2,0.0,0.0,0.0,0.3383333333333333,29.1585,6.0,0,20.39930523720498,55.0,0.0033333333333333335,0.0,0.0,0.0,0.0,41.62303052779405,optimal
2021-02-12 18:30:00,9,2,0.0,0.0,0.0,0.5718,26.712,6.0,0,20.286029133469818,55.0,0.0033333333333333335,0.0,0.0,0.0,0.0,41.581407497266255,optimal
2021-02-12 19:00:00,9,2,0.0,0.0,0.0,1.0351333333333335,15.435,6.0,0,20.18395159126906,55.0,0.0026666666666666666,0.0,0.0,0.0,0.0,41.53982608976899,optimal
2021-02-12 19:30:00,9,2,0.0,0.0,0.0,0.41973333333333335,13.566,6.0,0,20.102301743098533,55.0,0.002,0.0,0.0,0.0,0.0,41.49828626367922,optimal
2021-02-12 20:00:00,9,2,0.676820003935586,0.0,0.0,0.23453333333333334,12.789,6.0,0,20.0,55.0,0.0,2368.870013774551,0.0,0.0,0.0,41.45678797741554,optimal
2021-02-12 20:30:00,9,2,0.0,0.0,0.0,0.25889999999999996,12.1275,6.0,0,20.0,55.0,0.0,0.0,0.0,0.0,0.0,41.41533118943812,optimal
2021-02-12 21:00:00,9,2,0.0,0.0,0.0,0.177,13.671,6.0,0,19.90302083748826,55.0,0.0,0.0,0.0,0.0,0.0,41.37391585824868,optimal
2021-02-12 21:30:00,9,2,0.31847619047619047,0.0,0.0,0.7154333333333333,10.668,6.0,0,19.799050051901062,55.0,0.006666666666666667,0.0,0.0,1114.6666666666667,0.0,41.33254194239043,optimal
2021-02-12 22:00:00,9,2,0.0,0.0,0.0,0.9392333333333333,11.7285,6.0,0,19.719230050861363,55.0,0.002,0.0,0.0,0.0,0.0,41.29120940044804,optimal
2021-02-12 22:30:00,9,2,0.0,0.0,0.0,0.3492,11.025,6.0,0,19.646606436770877,55.0,0.0,0.0,0.0,0.0,0.0,41.24991819104759,optimal
2021-02-12 23:00:00,9,2,0.0,0.0,0.0,0.24746666666666667,10.689,6.0,0,19.557482267559035,55.0,0.0,0.0,0.0,0.0,0.0,41.20866827285654,optimal
2021-02-12 23:30:00,9,2,0.0398095238095238,0.0,0.0,0.32280000000000003,8.1585,6.0,0,19.454544322677826,55.0,0.0,0.0,0.0,139.33333333333331,0.0,41.167459604583684,optimal
2021-02-13 00:00:00,9,2,2.0,0.0,0.0,0.078,9.3975,6.0,0,19.454544322677826,55.0,0.0,7000.0,0.0,0.0,0.0,41.1262921449791,optimal
2021-02-13 00:30:00,9,2,0.0,0.0,0.0,0.071,10.059,6.0,0,19.624435194175845,55.0,0.0,0.0,0.0,0.0,0.0,41.085165852834116,optimal
2021-02-13 01:00:00,9,2,2.0,0.0,0.0,0.18086666666666668,9.261,6.0,0,19.486729717766888,55.0,0.06698564593301436,0.0,0.0,7000.0,0.0,41.04408068698128,optimal
2021-02-13 01:30:00,9,2,2.0,0.0,0.0,0.043,8.1585,6.0,0,19.355200592984453,55.0,0.11866666666666667,1599.333333333333,0.0,5400.666666666667,0.0,41.0030366062943,optimal
2021-02-13 02:00:00,9,2,2.0,0.0,0.0,0.11193333333333334,9.4815,6.0,0,19.288967536229855,55.0,0.11866666666666667,7000.0,0.0,0.0,0.0,40.96203356968801,optimal
2021-02-13 02:30:00,9,2,2.0,0.0,0.0,0.13293333333333335,8.379,6.0,0,19.463006311997145,55.0,0.11866666666666667,7000.0,0.0,0.0,0.0,40.92107153611832,optimal
2021-02-13 03:00:00,9,2,2.0,0.0,0.0,0.085,9.5235,6.0,0,19.63669680563945,55.0,0.11866666666666667,7000.0,0.0,0.0,0.0,40.8801504645822,optimal
2021-02-13 03:30:00,9,2,2.0,0.0,0.0,0.18086666666666668,8.1375,6.0,0,19.807024078185105,55.0,0.11866666666666667,7000.0,0.0,0.0,0.0,40.83927031411762,optimal
2021-02-13 04:00:00,9,2,2.0,0.0,0.0,0.0465,10.0905,6.0,0,19.979943147564413,55.0,0.11866666666666667,7000.0,0.0,0.0,0.0,40.798431043803504,optimal
2021-02-13 04:30:00,9,2,2.0,0.0,9.0,0.22156666666666663,7.539,6.0,0,20.145356944439015,55.0,0.11866666666666667,7000.0,0.0,0.0,0.0,45.0326326127597,optimal
2021-02-13 05:00:00,9,2,2.0,0.0,6.7471178558647855,0.061799999999999994,7.938,6.0,0,20.316501057692502,55.0,0.11866666666666667,7000.0,0.0,0.0,0.0,48.192480961682705,optimal
2021-02-13 05:30:00,9,2,2.0,0.0,0.0,0.0675,8.274,6.0,0,20.478676818127266,55.0,0.11866666666666667,7000.0,0.0,0.0,0.0,48.144288480721016,optimal
2021-02-13 06:00:00,9,2,2.0,0.0,0.0,0.21936666666666668,9.261,6.0,0,20.639192651234538,55.0,0.11866666666666667,7000.0,0.0,0.0,0.0,48.096144192240295,optimal
2021-02-13 06:30:00,9,2,2.0,0.0,0.0,0.04866666666666666,9.9225,6.0,0,20.804458920124354,55.0,0.118,7000.0,0.0,0.0,0.0,48.048048048048045,optimal
2021-02-13 07:00:00,9,2,2.0,0.0,0.0,0.2418333333333333,9.702,6.0,0,20.975743398391337,55.0,0.11133333333333334,7000.0,0.0,0.0,0.0,48.0,optimal
2021-02-13 07:30:00,9,2,2.0,0.0,0.0,0.09746666666666669,10.584,6.0,0,21.160970550038147,55.0,0.11,7000.0,0.0,0.0,0.0,47.69698932762383,optimal
2021-02-13 08:00:00,9,2,2.0,0.0,0.0,0.106,10.143,6.0,0,21.316197887154974,55.0,0.11,7000.0,0.0,0.0,0.0,47.39428166592004,optimal
2021-02-13 08:30:00,9,2,0.0,0.0,0.0,0.18086666666666668,13.0095,6.0,0,21.462760392076767,55.0,0.11,0.0,0.0,0.0,0.0,47.09187671187795,optimal
2021-02-13 09:00:00,9,2,1.4134476904767947,0.0,0.0,0.050333333333333334,11.025,6.0,0,21.30548006762745,55.0,0.11,4947.066916668782,0.0,0.0,0.0,46.78977416278991,optimal
2021-02-13 09:30:00,9,2,0.0,0.0,0.0,0.099,12.789,6.0,0,21.36022645779019,55.0,0.11,0.0,0.0,0.0,0.0,46.487973716250956,optimal
2021-02-13 10:00:00,9,2,0.0,0.0,0.0,0.18786666666666668,12.1275,6.0,0,21.202294191887212,55.0,0.11,0.0,0.0,0.0,0.0,46.18647507015854,optimal
2021-02-13 10:30:00,9,2,0.0,0.0,0.0,0.106,12.1695,6.0,0,21.05122295319068,55.0,0.11,0.0,0.0,0.0,0.0,45.88527792271221,optimal
2021-02-13 11:00:00,9,2,0.0,0.0,0.0,0.137,12.306,6.0,0,20.898032508601414,55.0,0.11,0.0,0.0,0.0,0.0,45.58438197241333,optimal
2021-02-13 11:30:00,9,2,0.0,0.0,0.0,0.10436666666666666,13.23,6.0,0,20.747678902600857,55.0,0.11,0.0,0.0,0.0,0.0,45.283786918064756,optimal
2021-02-13 12:00:00,9,2,0.0,0.0,0.0,0.0885,13.671,6.0,0,20.597355995370574,55.0,0.11,0.0,0.0,0.0,0.0,44.98349245877053,optimal
2021-02-13 12:30:00,9,2,0.0,0.0,0.0,0.32363333333333333,13.9335,6.0,0,20.44779750635364,55.0,0.10933333333333334,0.0,0.0,0.0,0.0,44.68349829393559,optimal
2021-02-13 13:00:00,9,2,0.0,0.0,0.0,0.2749,13.293,6.0,0,20.316784000150854,55.0,0.088,0.0,0.0,0.0,0.0,44.38380412326549,optimal
2021-02-13 13:30:00,9,2,0.0,0.0,0.0,0.21380000000000002,12.1065,6.0,0,20.18495495065014,55.0,0.088,0.0,0.0,0.0,0.0,44.08440964676606,optimal
2021-02-13 14:00:00,9,2,2.0,0.0,0.0,0.20136666666666667,11.571,6.0,0,20.04992186850182,55.0,0.088,7000.0,0.0,0.0,0.0,43.78531456474313,optimal
2021-02-13 14:30:00,9,2,2.0,0.0,0.0,0.053,11.025,6.0,0,20.218183210791313,55.0,0.088,7000.0,0.0,0.0,0.0,43.48651857780222,optimal
2021-02-13 15:00:00,9,2,2.0,0.0,0.0,0.21206666666666663,10.8465,6.0,0,20.379452826392843,55.0,0.088,7000.0,0.0,0.0,0.0,43.188021386848256,optimal
2021-02-13 15:30:00,9,2,2.0,0.0,0.0,0.5347999999999999,11.2455,6.0,0,20.55152900033456,55.0,0.08733333333333333,7000.0,0.0,0.0,0.0,42.88982269308524,optimal
2021-02-13 16:00:00,9,2,0.0,0.0,0.0,0.3495,23.8665,6.0,0,20.747934616819155,55.0,0.034666666666666665,0.0,0.0,0.0,0.0,42.59192219801599,optimal
2021-02-13 16:30:00,9,2,0.0,0.0,0.0,0.2642,27.4575,6.0,0,20.638947090752477,55.0,0.034,0.0,0.0,0.0,0.0,42.294319603441814,optimal
2021-02-13 17:00:00,9,2,0.0,0.0,0.0,0.3932,27.3735,6.0,0,20.517797733393493,55.0,0.034,0.0,0.0,0.0,0.0,41.997014611462205,optimal
2021-02-13 17:30:00,9,2,0.0,0.0,0.0,0.48606666666666665,30.4605,6.0,0,20.412895321241724,55.0,0.034,0.0,0.0,0.0,0.0,41.70000692447458,optimal
2021-02-13 18:00:00,9,2,0.0,0.0,0.0,0.4187666666666667,30.0195,6.0,0,20.310313607139314,55.0,0.030666666666666665,0.0,0.0,0.0,0.0,41.65830691755011,optimal
2021-02-13 18:30:00,9,2,0.0,0.0,0.0,0.3225,26.9325,6.0,0,20.204512890785335,55.0,0.012,0.0,0.0,0.0,0.0,41.61664861063256,optimal
2021-02-13 19:00:00,9,2,0.0,0.0,0.0,0.2876,14.595,6.0,0,20.1016165997754,55.0,0.008,0.0,0.0,0.0,0.0,41.575031962021924,optimal
2021-02-13 19:30:00,9,2,0.6751425079814377,0.0,0.0,0.2582333333333333,12.4845,6.0,0,20.0,55.0,0.007333333333333333,2362.9987779350317,0.0,0.0,0.0,41.533456930059906,optimal
2021-02-13 20:00:00,9,2,0.6443247658403505,0.0,0.0,0.3579,12.1275,6.0,0,20.0,55.0,0.004666666666666667,2255.1366804412264,0.0,0.0,0.0,41.491923473129845,optimal
2021-02-13 20:30:00,9,2,0.0,0.0,0.0,0.30293333333333333,12.1275,6.0,0,20.0,55.0,0.0026666666666666666,0.0,0.0,0.0,0.0,41.45043154965671,optimal
2021-02-13 21:00:00,9,2,0.0,0.0,0.0,0.4436666666666667,12.789,6.0,0,19.9022995989891,55.0,0.0006666666666666665,0.0,0.0,0.0,0.0,41.40898111810706,optimal
2021-02-13 21:30:00,9,2,0.0,0.0,0.0,0.3123666666666667,11.907,6.0,0,19.814323784629586,55.0,0.0006666666666666665,0.0,0.0,0.0,0.0,41.36757213698895,optimal
2021-02-13 22:00:00,9,2,0.0,0.0,0.0,0.4539666666666666,11.025,6.0,0,19.71575550964197,55.0,0.0,0.0,0.0,0.0,0.0,41.326204564851956,optimal
2021-02-13 22:30:00,9,2,0.0,0.0,0.0,0.21259999999999998,8.2005,6.0,0,19.628306401816907,55.0,0.0,0.0,0.0,0.0,0.0,41.2848783602871,optimal
2021-02-13 23:00:00,9,2,0.0,0.0,0.0,0.053,9.5655,6.0,0,19.507173424012304,55.0,0.0,0.0,0.0,0.0,0.0,41.243593481926816,optimal
2021-02-13 23:30:00,9,2,0.0,0.0,0.0,0.24986666666666668,7.056,6.0,0,19.37018876032251,55.0,0.0,0.0,0.0,0.0,0.0,41.202349888444886,optimal
2021-02-07 00:00:00,10,2,0.0,0.0,0.0,0.17826666666666668,9.261,6.0,0,21.0,55.0,0.12,0.0,0.0,0.0,0.0,47.952,optimal
2021-02-07 00:30:00,10,2,0.0,0.0,0.0,0.06273333333333332,10.3635,6.0,0,20.882237878777545,55.0,0.12,0.0,0.0,0.0,0.0,47.904047999999996,optimal
2021-02-07 01:00:00,10,2,0.0,0.0,0.0,0.051,8.274,6.0,0,20.757986517875654,55.0,0.12,0.0,0.0,0.0,0.0,47.856143952,optimal
2021-02-07 01:30:00,10,2,0.0,0.0,0.0,0.18006666666666665,7.7175,6.0,0,20.63339816789474,55.0,0.12,0.0,0.0,0.0,0.0,47.80828780804799,optimal
2021-02-07 02:00:00,10,2,0.0,0.0,0.0,0.051,6.615,6.0,0,20.515002789707427,55.0,0.12,0.0,0.0,0.0,0.0,47.76047952023995,optimal
2021-02-07 02:30:00,10,2,1.4572696362748407,0.0,0.0,0.13313333333333333,6.174,6.0,0,20.39145579679317,55.0,0.16880807394221953,0.0,0.0,5100.443726961942,0.0,47.712719040719705,optimal
2021-02-07 03:00:00,10,2,2.0,0.0,0.0,0.09793333333333333,3.906,6.0,0,20.271675587699892,55.0,0.2,3740.4437269619425,0.0,3259.5562730380575,0.0,47.66500632167899,optimal
2021-02-07 03:30:00,10,2,2.0,0.0,0.0,0.051,2.3415,6.0,0,20.31423212154615,55.0,0.2,7000.0,0.0,0.0,0.0,47.61734131535731,optimal
2021-02-07 04:00:00,10,2,2.0,0.0,0.0,0.0862,2.205,6.0,0,20.49674334956138,55.0,0.2,7000.0,0.0,0.0,0.0,47.56972397404195,optimal
2021-02-07 04:30:00,10,2,2.0,0.0,1.4112141297153802,0.14486666666666667,0.882,6.0,0,20.67910202617875,55.0,0.2,7000.0,0.0,0.0,0.0,48.192480961682705,optimal
2021-02-07 05:00:00,10,2,2.0,0.0,0.0,0.12643333333333334,1.5435,6.0,0,20.86270064044722,55.0,0.13745333333333334,6582.0,0.0,418.0,0.0,48.144288480721016,optimal
2021-02-07 05:30:00,10,2,2.0,0.0,0.0,0.24053333333333332,1.5435,6.0,0,21.030468584798367,55.0,0.108,7000.0,0.0,0.0,0.0,48.096144192240295,optimal
2021-02-07 06:00:00,10,2,2.0,0.0,0.0,0.2843,5.0715,6.0,0,21.226354801870443,55.0,0.108,7000.0,0.0,0.0,0.0,48.048048048048045,optimal
2021-02-07 06:30:00,10,2,2.0,0.0,0.0,3.029333333333333,5.376,6.0,0,21.417861388522756,55.0,0.10133333333333333,7000.0,0.0,0.0,0.0,48.0,optimal
2021-02-07 07:00:00,10,2,2.0,0.0,0.0,1.3788666666666665,5.0715,6.0,0,21.617374719667197,55.0,0.09230666666666666,7000.0,0.0,0.0,0.0,47.62133420707779,optimal
2021-02-07 07:30:00,10,2,2.0,0.0,0.0,2.258,5.5125,6.0,0,21.809267592131455,55.0,0.09066666666666667,7000.0,0.0,0.0,0.0,47.2430470799485,optimal
2021-02-07 08:00:00,10,2,0.8888567936957219,0.0,0.0,0.20126666666666668,9.261,6.0,0,22.0,55.0,0.09066666666666667,3110.9987779350267,0.0,0.0,0.0,46.86513823994634,optimal
2021-02-07 08:30:00,10,2,0.0,0.0,0.0,0.08446666666666666,11.7075,6.0,0,22.0,55.0,0.09066666666666667,0.0,0.0,0.0,0.0,46.487607308784185,optimal
2021-02-07 09:00:00,10,2,0.0,0.0,0.0,0.061,12.348,6.0,0,21.85384864309884,55.0,0.09066666666666667,0.0,0.0,0.0,0.0,46.11045390855319,optimal
2021-02-07 09:30:00,10,2,0.0,0.0,0.0,0.19006666666666663,12.348,6.0,0,21.707370336596934,55.0,0.09066666666666667,0.0,0.0,0.0,0.0,45.733677661722425,optimal
2021-02-07 10:00:00,10,2,0.0,0.0,0.0,0.061,12.1275,6.0,0,21.567972732046496,55.0,0.09066666666666667,0.0,0.0,0.0,0.0,45.35727819113849,optimal
2021-02-07 10:30:00,10,2,0.0,0.0,0.0,0.1138,12.5265,6.0,0,21.424304779210836,55.0,0.09066666666666667,0.0,0.0,0.0,0.0,44.98125512002514,optimal
2021-02-07 11:00:00,10,2,1.4541818949391485,0.0,0.0,0.13726666666666668,11.7495,6.0,0,21.283266119933533,55.0,0.09066666666666667,5089.63663228702,0.0,0.0,0.0,44.6056080719829,optimal
2021-02-07 11:30:00,10,2,0.0,0.0,0.0,0.061,13.23,6.0,0,21.366346427694353,55.0,0.09066666666666667,0.0,0.0,0.0,0.0,44.230336670988706,optimal
2021-02-07 12:00:00,10,2,0.0,0.0,0.0,2.3837333333333333,14.3325,6.0,0,21.222690321540558,55.0,0.048,0.0,0.0,0.0,0.0,43.8554405413955,optimal
2021-02-07 12:30:00,10,2,0.0,0.0,0.0,2.064233333333333,14.994,6.0,0,21.102384692848794,55.0,0.048,0.0,0.0,0.0,0.0,43.4809193079319,optimal
2021-02-07 13:00:00,10,2,0.0,0.0,0.0,0.12553333333333333,14.8155,6.0,0,20.984570509648083,55.0,0.048,0.0,0.0,0.0,0.0,43.106772595701756,optimal
2021-02-07 13:30:00,10,2,0.0,0.0,0.0,0.12553333333333333,14.112,6.0,0,20.846519765896403,55.0,0.048,0.0,0.0,0.0,0.0,42.733000030183845,optimal
2021-02-07 14:00:00,10,2,0.0,0.0,0.0,0.11370000000000001,14.007,6.0,0,20.709838604358062,55.0,0.04666666666666667,0.0,0.0,0.0,0.0,42.35960123723145,optimal
2021-02-07 14:30:00,10,2,0.0,0.0,0.0,0.20553333333333332,13.23,6.0,0,20.580871550831965,55.0,0.044,0.0,0.0,0.0,0.0,41.98657584307201,optimal
2021-02-07 15:00:00,10,2,2.0,0.0,0.0,0.2919,11.382,6.0,0,20.46213048682348,55.0,0.044,7000.0,0.0,0.0,0.0,41.61392347430673,optimal
2021-02-07 15:30:00,10,2,2.0,0.0,0.0,0.7716666666666666,11.7495,6.0,0,20.65600492154522,55.0,0.044,7000.0,0.0,0.0,0.0,41.24164375791021,optimal
2021-02-07 16:00:00,10,2,0.0,0.0,0.0,0.07273333333333333,24.3285,6.0,0,20.836854594173186,55.0,0.044,0.0,0.0,0.0,0.0,40.86973632123009,optimal
2021-02-07 16:30:00,10,2,0.0,0.0,0.0,0.06686666666666666,28.917,6.0,0,20.696840108595982,55.0,0.044,0.0,0.0,0.0,0.0,40.498200791986655,optimal
2021-02-07 17:00:00,10,2,0.0,0.0,0.0,1.1735333333333333,31.3635,6.0,0,20.55795270082635,55.0,0.044,0.0,0.0,0.0,0.0,40.12703679827246,optimal
2021-02-07 17:30:00,10,2,0.0,0.0,0.0,0.4630666666666667,33.306,6.0,0,20.432267193099054,55.0,0.044,0.0,0.0,0.0,0.0,40.08690976147418,optimal
2021-02-07 18:00:00,10,2,0.0,0.0,0.0,0.08170000000000001,31.3425,6.0,0,20.312071623208535,55.0,0.043333333333333335,0.0,0.0,0.0,0.0,40.046822851712705,optimal
2021-02-07 18:30:00,10,2,0.0,0.0,0.0,0.1952333333333333,28.2555,6.0,0,20.200664490502046,55.0,0.043333333333333335,0.0,0.0,0.0,0.0,40.00677602886099,optimal
2021-02-07 19:00:00,10,2,0.0,0.0,0.0,0.2779333333333333,15.6975,6.0,0,20.09722659068124,55.0,0.04066666666666666,0.0,0.0,0.0,0.0,39.96676925283213,optimal
2021-02-07 19:30:00,10,2,0.5768960453250837,0.0,0.0,2.2045666666666666,12.5475,6.0,0,20.0,55.0,0.04066666666666666,2019.1361586377927,0.0,0.0,0.0,39.926802483579294,optimal
2021-02-07 20:00:00,10,2,0.5855341405631765,0.0,0.0,0.37006666666666665,12.0855,6.0,0,20.0,55.0,0.04066666666666666,2049.369491971118,0.0,0.0,0.0,39.88687568109572,optimal
2021-02-07 20:30:00,10,2,0.0,0.0,0.0,0.2638666666666667,11.907,6.0,0,20.0,55.0,0.038,0.0,0.0,0.0,0.0,39.84698880541462,optimal
2021-02-07 21:00:00,10,2,0.0,0.0,0.0,0.45113333333333333,12.5685,6.0,0,19.905528470824088,55.0,0.038,0.0,0.0,0.0,0.0,39.8071418166092,optimal
2021-02-07 21:30:00,10,2,0.0,0.0,0.0,0.3582666666666667,13.146,6.0,0,19.816041912411798,55.0,0.038,0.0,0.0,0.0,0.0,39.76733467479259,optimal
2021-02-07 22:00:00,10,2,0.0,0.0,0.0,2.6245666666666665,10.584,6.0,0,19.718312247902357,55.0,0.014666666666666666,0.0,0.0,0.0,0.0,39.7275673401178,optimal
2021-02-07 22:30:00,10,2,0.0,0.0,0.0,2.4524666666666666,6.678,6.0,0,19.65236501253943,55.0,0.002,0.0,0.0,0.0,0.0,39.687839772777686,optimal
2021-02-07 23:00:00,10,2,0.0,0.0,0.0,1.6839000000000002,7.938,6.0,0,19.584526991849255,55.0,0.0,0.0,0.0,0.0,0.0,39.64815193300491,optimal
2021-02-07 23:30:00,10,2,0.0,0.0,0.0,1.1774666666666667,5.292,6.0,0,19.515942780266997,55.0,0.0,0.0,0.0,0.0,0.0,39.6085037810719,optimal
2021-02-08 00:00:00,10,2,2.0,0.0,0.0,0.08413333333333334,5.9745,6.0,0,19.515942780266997,55.0,0.0,7000.0,0.0,0.0,0.0,39.56889527729083,optimal
2021-02-08 00:30:00,10,2,2.0,0.0,0.0,0.20646666666666666,7.938,6.0,0,19.698360267888464,55.0,0.06698564593301436,0.0,0.0,7000.0,0.0,39.52932638201354,optimal
2021-02-08 01:00:00,10,2,2.0,0.0,0.0,0.17033333333333334,8.6835,6.0,0,19.578270707618863,55.0,0.10933333333333334,2574.666666666667,0.0,4425.333333333333,0.0,39.48979705563152,optimal
2021-02-08 01:30:00,10,2,2.0,0.0,0.0,0.15919999999999998,7.665,6.0,0,19.570498081774613,55.0,0.10933333333333334,7000.0,0.0,0.0,0.0,39.45030725857589,optimal
2021-02-08 02:00:00,10,2,2.0,0.0,0.0,0.17493333333333333,6.7725,6.0,0,19.75576105133607,55.0,0.10933333333333334,7000.0,0.0,0.0,0.0,39.410856951317314,optimal
2021-02-08 02:30:00,10,2,2.0,0.0,0.0,0.1662,5.5755,6.0,0,19.939999298020012,55.0,0.10933333333333334,7000.0,0.0,0.0,0.0,39.37144609436599,optimal
2021-02-08 03:00:00,10,2,2.0,0.0,0.0,0.12833333333333335,5.0925,6.0,0,20.12287758999426,55.0,0.10933333333333334,7000.0,0.0,0.0,0.0,39.33207464827163,optimal
2021-02-08 03:30:00,10,2,2.0,0.0,0.0,0.08553333333333334,4.1895,6.0,0,20.303130554497187,55.0,0.10933333333333334,7000.0,0.0,0.0,0.0,39.29274257362336,optimal
2021-02-08 04:00:00,10,2,2.0,0.0,0.0,0.1164,7.056,6.0,0,20.479833056451746,55.0,0.10933333333333334,7000.0,0.0,0.0,0.0,39.253449831049736,optimal
2021-02-08 04:30:00,10,2,2.0,0.0,0.0,0.2288,5.271,6.0,0,20.656235625661452,55.0,0.10933333333333334,7000.0,0.0,0.0,0.0,39.214196381218684,optimal
2021-02-08 05:00:00,10,2,2.0,0.0,0.0,0.11553333333333332,7.938,6.0,0,20.835545319946416,55.0,0.10933333333333334,7000.0,0.0,0.0,0.0,39.17498218483747,optimal
2021-02-08 05:30:00,10,2,2.0,0.0,0.0,0.21306666666666663,7.938,6.0,0,21.00786267387618,55.0,0.10933333333333334,7000.0,0.0,0.0,0.0,39.13580720265263,optimal
2021-02-08 06:00:00,10,2,0.0,0.0,0.0,0.15106666666666665,11.907,6.0,0,21.182830287156904,55.0,0.10933333333333334,0.0,0.0,0.0,0.0,39.096671395449974,optimal
2021-02-08 06:30:00,10,2,2.0,0.0,0.0,0.057,11.025,6.0,0,21.047028713528388,55.0,0.10933333333333334,7000.0,0.0,0.0,0.0,39.057574724054525,optimal
2021-02-08 07:00:00,10,2,2.0,0.0,0.0,0.2586,11.2875,6.0,0,21.214151139513586,55.0,0.10933333333333334,7000.0,0.0,0.0,0.0,39.01851714933047,optimal
2021-02-08 07:30:00,10,2,0.0,0.0,0.0,0.529,12.936,6.0,0,21.388517055587023,55.0,0.10866666666666666,0.0,0.0,0.0,0.0,38.97949863218114,optimal
2021-02-08 08:00:00,10,2,0.0,0.0,0.0,0.9270333333333332,13.0095,6.0,0,21.273116040244318,55.0,0.10266666666666667,0.0,0.0,0.0,0.0,38.94051913354896,optimal
2021-02-08 08:30:00,10,2,0.0,0.0,0.0,1.9133666666666664,13.671,6.0,0,21.185507238626254,55.0,0.09866666666666667,0.0,0.0,0.0,0.0,38.90157861441541,optimal
2021-02-08 09:00:00,10,2,0.0,0.0,0.0,3.5999333333333334,13.188,6.0,0,21.092640837458053,55.0,0.09666666666666666,0.0,0.0,0.0,0.0,38.862677035801,optimal
2021-02-08 09:30:00,10,2,0.0,0.0,0.0,0.27693333333333336,13.8495,6.0,0,20.995343934556658,55.0,0.04466666666666667,0.0,0.0,0.0,0.0,38.8238143587652,optimal
2021-02-08 10:00:00,10,2,0.0,0.0,0.0,1.7561666666666667,13.23,6.0,0,20.88193031334809,55.0,0.043333333333333335,0.0,0.0,0.0,0.0,38.78499054440643,optimal
2021-02-08 10:30:00,10,2,0.0,0.0,0.0,1.2998333333333332,13.3665,6.0,0,20.775636646577194,55.0,0.042666666666666665,0.0,0.0,0.0,0.0,38.746205553862026,optimal
2021-02-08 11:00:00,10,2,0.0,0.0,0.0,0.31689999999999996,13.0515,6.0,0,20.66371606715392,55.0,0.042666666666666665,0.0,0.0,0.0,0.0,38.70745934830816,optimal
2021-02-08 11:30:00,10,2,0.0,0.0,0.0,2.6638,13.5345,6.0,0,20.542564951716813,55.0,0.042,0.0,0.0,0.0,0.0,38.668751888959854,optimal
2021-02-08 12:00:00,10,2,0.0,0.0,0.0,0.25903333333333334,14.154,6.0,0,20.443107044499705,55.0,0.03866666666666667,0.0,0.0,0.0,0.0,38.63008313707089,optimal
2021-02-08 12:30:00,10,2,0.0,0.0,0.0,0.2551,14.112,6.0,0,20.326376817345082,55.0,0.03630666666666667,0.0,0.0,0.0,0.0,38.59145305393382,optimal
2021-02-08 13:00:00,10,2,0.0,0.0,0.0,0.3554333333333333,14.2485,6.0,0,20.21141347384882,55.0,0.035333333333333335,0.0,0.0,0.0,0.0,38.552861600879886,optimal
2021-02-08 13:30:00,10,2,0.7376142172116448,0.0,0.0,0.4844666666666666,12.789,6.0,0,20.099005498063104,55.0,0.034666666666666665,2581.6497602407567,0.0,0.0,0.0,38.51430873927901,optimal
2021-02-08 14:00:00,10,2,0.0,0.0,0.0,0.4264,13.0095,6.0,0,20.104208299783377,55.0,0.032,0.0,0.0,0.0,0.0,38.47579443053973,optimal
2021-02-08 14:30:00,10,2,2.0,0.0,0.0,0.5614,12.1275,6.0,0,20.0,55.0,0.032,7000.0,0.0,0.0,0.0,38.43731863610919,optimal
2021-02-08 15:00:00,10,2,1.6152331109352789,0.0,0.0,4.276133333333333,12.348,6.0,0,20.216200087037507,55.0,0.028,5653.315888273476,0.0,0.0,0.0,38.398881317473084,optimal
2021-02-08 15:30:00,10,2,2.0,0.0,0.0,0.2012333333333333,12.348,6.0,0,20.415932220195735,55.0,0.027333333333333334,7000.0,0.0,0.0,0.0,38.360482436155614,optimal
2021-02-08 16:00:00,10,2,0.0,0.0,0.0,0.27476666666666666,25.389,6.0,0,20.613023266696263,55.0,0.025333333333333333,0.0,0.0,0.0,0.0,38.32212195371946,optimal
2021-02-08 16:30:00,10,2,0.0,0.0,0.0,0.38780000000000003,29.1375,6.0,0,20.50797398067494,55.0,0.018666666666666665,0.0,0.0,0.0,0.0,38.28379983176574,optimal
2021-02-08 17:00:00,10,2,0.0,0.0,0.0,0.23266666666666663,30.597,6.0,0,20.411165312809096,55.0,0.01533333333333333,0.0,0.0,0.0,0.0,38.245516031933974,optimal
2021-02-08 17:30:00,10,2,0.0,0.0,0.0,0.4329333333333333,33.684,6.0,0,20.313238223680916,55.0,0.014666666666666665,0.0,0.0,0.0,0.0,38.20727051590204,optimal
2021-02-08 18:00:00,10,2,0.0,0.0,0.0,1.9821,32.445,6.0,0,20.228851131267255,55.0,0.011999999999999997,0.0,0.0,0.0,0.0,38.169063245386134,optimal
2021-02-08 18:30:00,10,2,0.0,0.0,0.0,3.9289,28.917,6.0,0,20.155516100843787,55.0,0.011999999999999997,0.0,0.0,0.0,0.0,38.13089418214075,optimal
2021-02-08 19:00:00,10,2,0.0,0.0,0.0,0.8965666666666667,15.876,6.0,0,20.09041275367109,55.0,0.009333333333333332,0.0,0.0,0.0,0.0,38.09276328795861,optimal
2021-02-08 19:30:00,10,2,0.6354218876091897,0.0,0.0,0.30846666666666667,12.348,6.0,0,20.0,55.0,0.009333333333333332,2223.976606632164,0.0,0.0,0.0,38.054670524670655,optimal
2021-02-08 20:00:00,10,2,0.6814952743975656,0.0,0.0,0.33153333333333335,12.1275,6.0,0,20.0,55.0,0.003999999999999999,2385.2334603914796,0.0,0.0,0.0,38.01661585414598,optimal
2021-02-08 20:30:00,10,2,0.0,0.0,0.0,0.4966666666666667,12.348,6.0,0,20.0,55.0,0.003999999999999999,0.0,0.0,0.0,0.0,37.978599238291835,optimal
2021-02-08 21:00:00,10,2,0.0,0.0,0.0,0.8951,12.1275,6.0,0,19.902915291708517,55.0,0.001333333333333333,0.0,0.0,0.0,0.0,37.94062063905354,optimal
2021-02-08 21:30:00,10,2,0.0,0.0,0.0,2.891333333333333,12.1275,6.0,0,19.795140211441247,55.0,0.0,0.0,0.0,0.0,0.0,37.902680018414486,optimal
2021-02-08 22:00:00,10,2,0.0,0.0,0.0,3.022333333333333,11.2665,6.0,0,19.703986563883635,55.0,0.0,0.0,0.0,0.0,0.0,37.864777338396074,optimal
2021-02-08 22:30:00,10,2,0.0,0.0,0.0,0.067,10.143,6.0,0,19.61536521339703,55.0,0.0,0.0,0.0,0.0,0.0,37.826912561057675,optimal
2021-02-08 23:00:00,10,2,0.0,0.0,0.0,0.23706666666666665,11.2455,6.0,0,19.484312836270874,55.0,0.0,0.0,0.0,0.0,0.0,37.789085648496616,optimal
2021-02-08 23:30:00,10,2,0.0,0.0,0.0,0.16686666666666666,11.025,6.0,0,19.36129523548482,55.0,0.0,0.0,0.0,0.0,0.0,37.75129656284812,optimal
2021-02-09 00:00:00,10,2,2.0,0.0,9.0,0.16963333333333333,10.584,6.0,0,19.36129523548482,55.0,0.0,6721.333333333333,0.0,278.66666666666663,0.0,41.98854526628527,optimal
2021-02-09 00:30:00,10,2,2.0,0.0,0.0,0.4159666666666666,11.2455,6.0,0,19.541651953013265,55.0,0.035333333333333335,1287.333333333333,0.0,5712.666666666667,0.0,41.946556721018986,optimal
2021-02-09 01:00:00,10,2,2.0,0.0,0.0,0.238,12.1275,6.0,0,19.49660316305907,55.0,0.03,7000.0,0.0,0.0,0.0,41.904610164297964,optimal
2021-02-09 01:30:00,10,2,2.0,0.0,0.0,0.17033333333333334,11.823,6.0,0,19.704895991540734,55.0,0.03,7000.0,0.0,0.0,0.0,41.86270555413367,optimal
2021-02-09 02:00:00,10,2,2.0,0.0,0.0,0.3336,11.7705,6.0,0,19.904809337459167,55.0,0.03,7000.0,0.0,0.0,0.0,41.82084284857954,optimal
2021-02-09 02:30:00,10,2,2.0,0.0,0.0,0.3791333333333333,11.13,6.0,0,20.108447866782978,55.0,0.03,7000.0,0.0,0.0,0.0,41.77902200573096,optimal
2021-02-09 03:00:00,10,2,2.0,0.0,0.0,0.1338,11.6865,6.0,0,20.30500544495215,55.0,0.03,7000.0,0.0,0.0,0.0,41.737242983725224,optimal
2021-02-09 03:30:00,10,2,2.0,0.0,5.066663564242617,0.10733333333333331,10.7205,6.0,0,20.477178781200493,55.0,0.03,7000.0,0.0,0.0,0.0,44.10217093375673,optimal
2021-02-09 04:00:00,10,2,2.0,0.0,0.0,0.069,11.424,6.0,0,20.647667928542536,55.0,0.03,7000.0,0.0,0.0,0.0,44.05806876282297,optimal
2021-02-09 04:30:00,10,2,2.0,0.0,9.0,0.069,10.689,6.0,0,20.81596570363825,55.0,0.03,7000.0,0.0,0.0,0.0,48.289010694060146,optimal
2021-02-09 05:00:00,10,2,2.0,0.0,0.0,0.1849333333333333,11.361,6.0,0,20.982309453701575,55.0,0.03,7000.0,0.0,0.0,0.0,48.240721683366075,optimal
2021-02-09 05:30:00,10,2,2.0,0.0,0.0,0.10740000000000001,11.571,6.0,0,21.151788255190144,55.0,0.03,7000.0,0.0,0.0,0.0,48.192480961682705,optimal
2021-02-09 06:00:00,10,2,0.0,0.0,0.0,0.08433333333333333,14.3745,6.0,0,21.316638804371344,55.0,0.03,0.0,0.0,0.0,0.0,48.144288480721016,optimal
2021-02-09 06:30:00,10,2,2.0,0.0,0.0,0.2724,13.23,6.0,0,21.17286226282422,55.0,0.026,7000.0,0.0,0.0,0.0,48.096144192240295,optimal
2021-02-09 07:00:00,10,2,0.0,0.0,0.0,0.4044666666666666,13.9755,6.0,0,21.35038568871206,55.0,0.022,0.0,0.0,0.0,0.0,48.048048048048045,optimal
2021-02-09 07:30:00,10,2,0.0,0.0,0.0,0.7092999999999999,14.994,6.0,0,21.230183422348265,55.0,0.019333333333333334,0.0,0.0,0.0,0.0,48.0,optimal
2021-02-09 08:00:00,10,2,0.0,0.0,0.0,1.1336666666666668,13.671,6.0,0,21.112040038778815,55.0,0.018666666666666668,0.0,0.0,0.0,0.0,47.81333904273082,optimal
2021-02-09 08:30:00,10,2,0.0,0.0,0.0,0.19713333333333333,15.981,6.0,0,20.988817082993453,55.0,0.016666666666666666,0.0,0.0,0.0,0.0,47.6268647464189,optimal
2021-02-09 09:00:00,10,2,0.0,0.0,0.0,0.24659999999999999,15.6345,6.0,0,20.854617632559002,55.0,0.016666666666666666,0.0,0.0,0.0,0.0,47.4405769244033,optimal
2021-02-09 09:30:00,10,2,0.0,0.0,0.0,0.2891,16.5375,6.0,0,20.71102044776363,55.0,0.016666666666666666,0.0,0.0,0.0,0.0,47.25447539020972,optimal
2021-02-09 10:00:00,10,2,0.0,0.0,0.0,0.18753333333333333,14.7735,6.0,0,20.570532310434064,55.0,0.016666666666666666,0.0,0.0,0.0,0.0,47.06855995755033,optimal
2021-02-09 10:30:00,10,2,0.0,0.0,0.0,0.11166666666666669,15.2145,6.0,0,20.431737406259884,55.0,0.016666666666666666,0.0,0.0,0.0,0.0,46.882830440323595,optimal
2021-02-09 11:00:00,10,2,0.0,0.0,0.0,0.069,14.553,6.0,0,20.294438719825198,55.0,0.016666666666666666,0.0,0.0,0.0,0.0,46.69728665261409,optimal
2021-02-09 11:30:00,10,2,1.5640114187303764,0.0,0.0,0.15433333333333335,14.3325,6.0,0,20.158093068054015,55.0,0.016666666666666666,5474.039965556317,0.0,0.0,0.0,46.51192840869229,optimal
2021-02-09 12:00:00,10,2,0.0,0.0,0.0,0.138,14.595,6.0,0,20.266459602546256,55.0,0.016666666666666666,0.0,0.0,0.0,0.0,46.32675552301442,optimal
2021-02-09 12:30:00,10,2,0.0,0.0,0.0,0.08606666666666667,14.994,6.0,0,20.13406642489088,55.0,0.016666666666666666,0.0,0.0,0.0,0.0,46.14176781022223,optimal
2021-02-09 13:00:00,10,2,0.8367202299978435,0.0,0.0,0.20626666666666668,14.3325,6.0,0,20.0,55.0,0.016666666666666666,2928.520804992452,0.0,0.0,0.0,45.956965085142826,optimal
2021-02-09 13:30:00,10,2,1.6275660500763995,0.0,0.0,0.069,13.8915,6.0,0,20.0,55.0,0.016666666666666666,5696.481175267399,0.0,0.0,0.0,45.7723471627885,optimal
2021-02-09 14:00:00,10,2,2.0,0.0,0.0,0.267,13.8915,6.0,0,20.114791368030797,55.0,0.016666666666666666,7000.0,0.0,0.0,0.0,45.58791385835653,optimal
2021-02-09 14:30:00,10,2,2.0,0.0,0.0,0.2911,13.4715,6.0,0,20.296356827589918,55.0,0.016666666666666666,7000.0,0.0,0.0,0.0,45.40366498722899,optimal
2021-02-09 15:00:00,10,2,2.0,0.0,0.0,0.2483333333333333,13.23,6.0,0,20.48433831988154,55.0,0.014666666666666666,7000.0,0.0,0.0,0.0,45.219600364972585,optimal
2021-02-09 15:30:00,10,2,2.0,0.0,0.0,0.4128,13.8915,6.0,0,20.66857881974506,55.0,0.014666666666666666,7000.0,0.0,0.0,0.0,45.03571980733843,optimal
2021-02-09 16:00:00,10,2,0.0,0.0,0.0,0.2317333333333333,26.9325,6.0,0,20.857236079894108,55.0,0.013333333333333334,0.0,0.0,0.0,0.0,44.85202313026191,optimal
2021-02-09 16:30:00,10,2,0.0,0.0,0.0,0.15369999999999998,30.303,6.0,0,20.73091403889954,55.0,0.013333333333333334,0.0,0.0,0.0,0.0,44.66851014986247,optimal
2021-02-09 17:00:00,10,2,0.0,0.0,0.0,0.13169999999999998,32.886,6.0,0,20.601137343090873,55.0,0.013333333333333334,0.0,0.0,0.0,0.0,44.48518068244343,optimal
2021-02-09 17:30:00,10,2,0.0,0.0,0.0,0.1572333333333333,34.9965,6.0,0,20.474095962201037,55.0,0.013333333333333334,0.0,0.0,0.0,0.0,44.302034544491804,optimal
2021-02-09 18:00:00,10,2,0.0,0.0,0.0,0.20806666666666662,33.327,6.0,0,20.349860444777427,55.0,0.013333333333333334,0.0,0.0,0.0,0.0,44.25773250994731,optimal
2021-02-09 18:30:00,10,2,0.0,0.0,0.0,3.6915,31.122,6.0,0,20.2352667941579,55.0,0.010666666666666666,0.0,0.0,0.0,0.0,44.21347477743736,optimal
2021-02-09 19:00:00,10,2,0.0,0.0,0.0,1.0483333333333333,17.9025,6.0,0,20.201309118587254,55.0,0.01,0.0,0.0,0.0,0.0,44.169261302659926,optimal
2021-02-09 19:30:00,10,2,0.0,0.0,0.0,0.8787,15.6555,6.0,0,20.105896298940085,55.0,0.006,0.0,0.0,0.0,0.0,44.12509204135726,optimal
2021-02-09 20:00:00,10,2,0.6557935089124995,0.0,0.0,0.5630333333333333,14.553,6.0,0,20.0,55.0,0.001333333333333333,2295.2772811937484,0.0,0.0,0.0,44.08096694931591,optimal
2021-02-09 20:30:00,10,2,0.0,0.0,0.0,0.4109,14.3325,6.0,0,20.0,55.0,0.0,0.0,0.0,0.0,0.0,44.03688598236659,optimal
2021-02-09 21:00:00,10,2,0.0,0.0,0.0,0.33676666666666666,13.335,6.0,0,19.90126601863538,55.0,0.0,0.0,0.0,0.0,0.0,43.99284909638423,optimal
2021-02-09 21:30:00,10,2,0.0,0.0,0.0,0.4515,12.1275,6.0,0,19.798821010507503,55.0,0.0,0.0,0.0,0.0,0.0,43.94885624728784,optimal
2021-02-09 22:00:00,10,2,0.0,0.0,0.0,1.8878,12.2955,6.0,0,19.697337664923648,55.0,0.0,0.0,0.0,0.0,0.0,43.90490739104055,optimal
2021-02-09 22:30:00,10,2,0.0,0.0,0.0,1.2659333333333334,11.6865,6.0,0,19.621673384944433,55.0,0.0,0.0,0.0,0.0,0.0,43.861002483649514,optimal
2021-02-09 23:00:00,10,2,0.0398095238095238,0.0,0.0,0.29419999999999996,11.466,6.0,0,19.557416033571037,55.0,0.0,0.0,0.0,139.33333333333331,0.0,43.81714148116586,optimal
2021-02-09 23:30:00,10,2,0.0,0.0,0.0,0.3921,10.8045,6.0,0,19.446290488908943,55.0,0.0,0.0,0.0,0.0,0.0,43.7733243396847,optimal
2021-02-10 00:00:00,10,2,2.0,0.0,0.0,1.234,10.8045,6.0,0,19.446290488908943,55.0,0.0,7000.0,0.0,0.0,0.0,43.72955101534502,optimal
2021-02-10 00:30:00,10,2,2.0,0.0,0.0,0.07753333333333333,11.508,6.0,0,19.64012295305745,55.0,0.046,2123.333333333333,0.0,4876.666666666667,0.0,43.68582146432967,optimal
2021-02-10 01:00:00,10,2,2.0,0.0,0.0,0.066,11.508,6.0,0,19.60168622089405,55.0,0.046,7000.0,0.0,0.0,0.0,43.64213564286534,optimal
2021-02-10 01:30:00,10,2,2.0,0.0,0.0,0.066,11.508,6.0,0,19.773183950067647,55.0,0.046,7000.0,0.0,0.0,0.0,43.59849350722248,optimal
2021-02-10 02:00:00,10,2,2.0,0.0,0.0,0.066,11.844,6.0,0,19.942704348796177,55.0,0.046,7000.0,0.0,0.0,0.0,43.55489501371525,optimal
2021-02-10 02:30:00,10,2,2.0,0.0,0.0,0.10126666666666669,11.508,6.0,0,20.110261818068185,55.0,0.046,7000.0,0.0,0.0,0.0,43.51134011870154,optimal
2021-02-10 03:00:00,10,2,2.0,0.0,0.0,0.1216,11.508,6.0,0,20.284125137873986,55.0,0.046,7000.0,0.0,0.0,0.0,43.46782877858284,optimal
2021-02-10 03:30:00,10,2,2.0,0.0,9.0,0.066,10.4475,6.0,0,20.464922499287105,55.0,0.046,7000.0,0.0,0.0,0.0,47.69936094980426,optimal
2021-02-10 04:00:00,10,2,2.0,0.0,0.0,0.066,10.8675,6.0,0,20.628676629757436,55.0,0.046,7000.0,0.0,0.0,0.0,47.65166158885445,optimal
2021-02-10 04:30:00,10,2,2.0,0.0,2.1565894745102665,0.066,10.542,6.0,0,20.791238131366114,55.0,0.046,7000.0,0.0,0.0,0.0,48.62838992765797,optimal
2021-02-10 05:00:00,10,2,2.0,0.0,0.0,0.066,11.025,6.0,0,20.951887385485968,55.0,0.046,7000.0,0.0,0.0,0.0,48.579761537730306,optimal
2021-02-10 05:30:00,10,2,2.0,0.0,0.0,0.066,11.025,6.0,0,21.11063831910338,55.0,0.046,7000.0,0.0,0.0,0.0,48.53118177619257,optimal
2021-02-10 06:00:00,10,2,2.0,0.0,0.0,0.066,14.553,6.0,0,21.267504757773857,55.0,0.046,7000.0,0.0,0.0,0.0,48.48265059441637,optimal
2021-02-10 06:30:00,10,2,2.0,0.0,0.0,0.066,13.0935,6.0,0,21.422500426360745,55.0,0.046,7000.0,0.0,0.0,0.0,48.434167943821954,optimal
2021-02-10 07:00:00,10,2,2.0,0.0,0.0,0.066,15.6345,6.0,0,21.57782386356262,55.0,0.046,7000.0,0.0,0.0,0.0,48.38573377587813,optimal
2021-02-10 07:30:00,10,2,0.0,0.0,0.0,0.066,18.102,6.0,0,21.73347268222559,55.0,0.046,0.0,0.0,0.0,0.0,48.33734804210225,optimal
2021-02-10 08:00:00,10,2,0.0,0.0,0.0,0.066,17.199,6.0,0,21.581206990669635,55.0,0.046,0.0,0.0,0.0,0.0,48.289010694060146,optimal
2021-02-10 08:30:00,10,2,0.0,0.0,0.0,0.066,18.2805,6.0,0,21.429686104935023,55.0,0.046,0.0,0.0,0.0,0.0,48.240721683366075,optimal
2021-02-10 09:00:00,10,2,0.0,0.0,0.0,0.066,17.4615,6.0,0,21.280725361974188,55.0,0.046,0.0,0.0,0.0,0.0,48.192480961682705,optimal
2021-02-10 09:30:00,10,2,0.0,0.0,0.0,0.066,18.3225,6.0,0,21.134306118688507,55.0,0.046,0.0,0.0,0.0,0.0,48.144288480721016,optimal
2021-02-10 10:00:00,10,2,0.0,0.0,0.0,0.208,17.094,6.0,0,20.990409862680075,55.0,0.02666666666666667,0.0,0.0,0.0,0.0,48.096144192240295,optimal
2021-02-10 10:30:00,10,2,0.0,0.0,0.0,0.3466,17.094,6.0,0,20.86626802751537,55.0,0.024666666666666667,0.0,0.0,0.0,0.0,48.048048048048045,optimal
2021-02-10 11:00:00,10,2,0.0,0.0,0.0,1.6903333333333332,17.094,6.0,0,20.7523939896941,55.0,0.024666666666666667,0.0,0.0,0.0,0.0,48.0,optimal
2021-02-10 11:30:00,10,2,0.0,0.0,0.0,1.6941,17.3565,6.0,0,20.683913253181654,55.0,0.024666666666666667,0.0,0.0,0.0,0.0,47.461490339666106,optimal
2021-02-10 12:00:00,10,2,0.0,0.0,0.0,0.28953333333333336,17.115,6.0,0,20.576628700388166,55.0,0.02266666666666667,0.0,0.0,0.0,0.0,46.92351918899255,optimal
2021-02-10 12:30:00,10,2,0.2630182347389385,0.0,0.0,0.3318,17.241,6.0,0,20.457968843512415,55.0,0.019333333333333334,920.5638215862847,0.0,0.0,0.0,46.386086009469665,optimal
2021-02-10 13:00:00,10,2,2.0,0.0,0.0,0.36939999999999995,17.094,6.0,0,20.380437688736443,55.0,0.017333333333333333,7000.0,0.0,0.0,0.0,45.8491902631263,optimal
2021-02-10 13:30:00,10,2,2.0,0.0,0.0,0.2035,16.5165,6.0,0,20.56210370069732,55.0,0.017333333333333333,7000.0,0.0,0.0,0.0,45.312831412529285,optimal
2021-02-10 14:00:00,10,2,0.0,0.0,0.0,0.066,17.8185,6.0,0,20.729196110912536,55.0,0.017333333333333333,0.0,0.0,0.0,0.0,44.77700892078286,optimal
2021-02-10 14:30:00,10,2,2.0,0.0,0.0,0.066,17.094,6.0,0,20.588907647588684,55.0,0.017333333333333333,7000.0,0.0,0.0,0.0,44.24172225152819,optimal
2021-02-10 15:00:00,10,2,2.0,0.0,0.0,0.066,16.8945,6.0,0,20.75605767201054,55.0,0.017333333333333333,7000.0,0.0,0.0,0.0,43.70697086894277,optimal
2021-02-10 15:30:00,10,2,0.0,0.0,0.0,0.066,18.123,6.0,0,20.921990332492495,55.0,0.017333333333333333,0.0,0.0,0.0,0.0,43.17275423773994,optimal
2021-02-10 16:00:00,10,2,0.0,0.0,0.0,0.26026666666666665,31.647,6.0,0,20.778841128165688,55.0,0.015333333333333332,0.0,0.0,0.0,0.0,42.63907182316831,optimal
2021-02-10 16:30:00,10,2,0.0,0.0,0.0,0.3038666666666667,34.9965,6.0,0,20.650464471237527,55.0,0.014,0.0,0.0,0.0,0.0,42.10592309101125,optimal
2021-02-10 17:00:00,10,2,0.0,0.0,0.0,1.8755,34.9965,6.0,0,20.53049311982867,55.0,0.01,0.0,0.0,0.0,0.0,41.57330750758634,optimal
2021-02-10 17:30:00,10,2,0.0,0.0,0.0,0.512,34.9965,6.0,0,20.4300897535753,55.0,0.008,0.0,0.0,0.0,0.0,41.04122453974487,optimal
2021-02-10 18:00:00,10,2,0.0,0.0,0.0,0.406,34.9965,6.0,0,20.326278622877737,55.0,0.008,0.0,0.0,0.0,0.0,40.50967365487123,optimal
2021-02-10 18:30:00,10,2,0.0,0.0,0.0,0.4003,34.9965,6.0,0,20.220074125419966,55.0,0.005333333333333333,0.0,0.0,0.0,0.0,39.97865432088246,optimal
2021-02-10 19:00:00,10,2,0.0,0.0,0.0,0.5636,27.741,6.0,0,20.108200272553916,55.0,0.0033333333333333335,0.0,0.0,0.0,0.0,39.44816600622769,optimal
2021-02-10 19:30:00,10,2,0.811168275722191,0.0,0.0,0.208,19.026,6.0,0,20.0,55.0,0.0033333333333333335,2839.0889650276686,0.0,0.0,0.0,38.918208179887564,optimal
2021-02-10 20:00:00,10,2,0.7803382060837597,0.0,0.0,0.2698333333333333,18.7215,6.0,0,20.0,55.0,0.0,2731.183721293159,0.0,0.0,0.0,38.87928997170768,optimal
2021-02-10 20:30:00,10,2,0.0,0.0,0.0,0.334,17.4195,6.0,0,20.0,55.0,0.0,0.0,0.0,0.0,0.0,38.84041068173597,optimal
2021-02-10 21:00:00,10,2,0.0,0.0,0.0,0.27476666666666666,16.758,6.0,0,19.892144101600564,55.0,0.0,0.0,0.0,0.0,0.0,38.80157027105423,optimal
2021-02-10 21:30:00,10,2,0.0,0.0,0.0,0.2847333333333333,14.217,6.0,0,19.778468882348903,55.0,0.0,0.0,0.0,0.0,0.0,38.76276870078318,optimal
2021-02-10 22:00:00,10,2,0.0,0.0,0.0,0.347,13.3665,6.0,0,19.64540026555696,55.0,0.0,0.0,0.0,0.0,0.0,38.72400593208239,optimal
2021-02-10 22:30:00,10,2,0.597142857142857,0.0,0.0,0.3133333333333333,12.789,6.0,0,19.51147763200262,55.0,0.0,0.0,0.0,2089.9999999999995,0.0,38.68528192615031,optimal
2021-02-10 23:00:00,10,2,0.0,0.0,0.0,0.24163333333333334,11.907,6.0,0,19.378737788779674,55.0,0.0,0.0,0.0,0.0,0.0,38.64659664422416,optimal
2021-02-10 23:30:00,10,2,0.6966666666666668,0.0,0.0,0.216,11.7075,6.0,0,19.241538430562382,55.0,0.0,0.0,0.0,2438.3333333333335,0.0,38.60795004757993,optimal
2021-02-11 00:00:00,10,2,2.0,0.0,0.0,0.068,11.025,6.0,0,19.241538430562382,55.0,0.0,7000.0,0.0,0.0,0.0,38.569342097532356,optimal
2021-02-11 00:30:00,10,2,2.0,0.0,0.0,0.068,12.0855,6.0,0,19.387697368941584,55.0,0.06698564593301436,0.0,0.0,7000.0,0.0,38.530772755434825,optimal
2021-02-11 01:00:00,10,2,2.0,0.0,0.0,0.068,11.6865,6.0,0,19.227103369233337,55.0,0.10866666666666666,2644.333333333333,0.0,4355.666666666667,0.0,38.49224198267939,optimal
2021-02-11 01:30:00,10,2,2.0,0.0,0.0,0.068,11.2245,6.0,0,19.184159866673145,55.0,0.10866666666666666,7000.0,0.0,0.0,0.0,38.45374974069671,optimal
2021-02-11 02:00:00,10,2,2.0,0.0,0.0,0.06666666666666667,11.025,6.0,0,19.33219330496745,55.0,0.10866666666666666,7000.0,0.0,0.0,0.0,38.41529599095601,optimal
2021-02-11 02:30:00,10,2,2.0,0.0,4.144416463169263,0.068,10.7835,6.0,0,19.481278934972675,55.0,0.10866666666666666,7000.0,0.0,0.0,0.0,40.34547851497045,optimal
2021-02-11 03:00:00,10,2,2.0,0.0,0.0,0.068,11.025,6.0,0,19.626420136832973,55.0,0.10866666666666666,7000.0,0.0,0.0,0.0,40.30513303645547,optimal
2021-02-11 03:30:00,10,2,2.0,0.0,9.0,0.068,10.584,6.0,0,19.7697759640485,55.0,0.10866666666666666,7000.0,0.0,0.0,0.0,44.53982790341902,optimal
2021-02-11 04:00:00,10,2,2.0,0.0,0.0,0.068,11.025,6.0,0,19.91390848567793,55.0,0.10866666666666666,7000.0,0.0,0.0,0.0,44.495288075515596,optimal
2021-02-11 04:30:00,10,2,2.0,0.0,9.0,0.07076666666666667,10.4265,6.0,0,20.05881204502013,55.0,0.048,7000.0,0.0,0.0,0.0,48.72579278744007,optimal
2021-02-11 05:00:00,10,2,2.0,0.0,0.0,0.078,12.789,6.0,0,20.206064409372445,55.0,0.048,7000.0,0.0,0.0,0.0,48.67706699465263,optimal
2021-02-11 05:30:00,10,2,2.0,0.0,0.0,0.078,12.684,6.0,0,20.348840183689013,55.0,0.048,7000.0,0.0,0.0,0.0,48.62838992765797,optimal
2021-02-11 06:00:00,10,2,2.0,0.0,0.0,0.078,16.254,6.0,0,20.49239687697142,55.0,0.048,7000.0,0.0,0.0,0.0,48.579761537730306,optimal
2021-02-11 06:30:00,10,2,2.0,0.0,0.0,0.10953333333333332,17.64,6.0,0,20.636728801750923,55.0,0.04666666666666667,7000.0,0.0,0.0,0.0,48.53118177619257,optimal
2021-02-11 07:00:00,10,2,0.0,0.0,0.0,0.42810000000000004,19.1625,6.0,0,20.787033560398253,55.0,0.044,0.0,0.0,0.0,0.0,48.48265059441637,optimal
2021-02-11 07:30:00,10,2,0.0,0.0,0.0,0.15006666666666665,26.46,6.0,0,20.646336679498926,55.0,0.04066666666666666,0.0,0.0,0.0,0.0,48.434167943821954,optimal
2021-02-11 08:00:00,10,2,0.0,0.0,0.0,0.08023333333333334,20.79,6.0,0,20.498564254526794,55.0,0.04066666666666666,0.0,0.0,0.0,0.0,48.38573377587813,optimal
2021-02-11 08:30:00,10,2,0.0,0.0,0.0,0.489,29.106,6.0,0,20.35548461039337,55.0,0.04066666666666666,0.0,0.0,0.0,0.0,48.33734804210225,optimal
2021-02-11 09:00:00,10,2,0.0,0.0,0.0,2.0289,19.1835,6.0,0,20.224708996944493,55.0,0.036,0.0,0.0,0.0,0.0,48.289010694060146,optimal
2021-02-11 09:30:00,10,2,0.0,0.0,0.0,0.2847,19.6665,6.0,0,20.1382311002349,55.0,0.015333333333333332,0.0,0.0,0.0,0.0,48.240721683366075,optimal
2021-02-11 10:00:00,10,2,0.7794040417334196,0.0,0.0,0.078,19.404,6.0,0,20.012962891708536,55.0,0.015333333333333332,2727.9141460669684,0.0,0.0,0.0,48.192480961682705,optimal
2021-02-11 10:30:00,10,2,0.7843861591659654,0.0,0.0,0.3387,19.047,6.0,0,20.0,55.0,0.015333333333333332,2745.351557080879,0.0,0.0,0.0,48.144288480721016,optimal
2021-02-11 11:00:00,10,2,1.4059781419994375,0.0,0.0,0.6129,18.858,6.0,0,20.0,55.0,0.013333333333333334,4920.923496998031,0.0,0.0,0.0,48.096144192240295,optimal
2021-02-11 11:30:00,10,2,0.0,0.0,0.0,0.3138,19.2675,6.0,0,20.116100345099653,55.0,0.013333333333333334,0.0,0.0,0.0,0.0,48.048048048048045,optimal
2021-02-11 12:00:00,10,2,0.6802315087208682,0.0,0.0,0.46316666666666667,18.963,6.0,0,20.0,55.0,0.013333333333333334,2380.8102805230387,0.0,0.0,0.0,48.0,optimal
2021-02-11 12:30:00,10,2,2.0,0.0,0.0,0.1276,18.438,6.0,0,20.0,55.0,0.012666666666666666,7000.0,0.0,0.0,0.0,47.44159772180073,optimal
2021-02-11 13:00:00,10,2,0.14940566846599557,0.0,0.0,0.216,18.7425,6.0,0,20.179185346339175,55.0,0.012666666666666666,522.9198396309845,0.0,0.0,0.0,46.88375384587967,optimal
2021-02-11 13:30:00,10,2,2.0,0.0,0.0,0.16956666666666667,15.2145,6.0,0,20.086870274649282,55.0,0.010666666666666666,7000.0,0.0,0.0,0.0,46.32646781383451,optimal
2021-02-11 14:00:00,10,2,2.0,0.0,0.0,0.078,17.7765,6.0,0,20.276618135280206,55.0,0.010666666666666666,7000.0,0.0,0.0,0.0,45.769739067821405,optimal
2021-02-11 14:30:00,10,2,2.0,0.0,0.0,0.078,16.758,6.0,0,20.454496045907046,55.0,0.010666666666666666,7000.0,0.0,0.0,0.0,45.21356705055432,optimal
2021-02-11 15:00:00,10,2,2.0,0.0,0.0,0.078,16.422,6.0,0,20.628529397438893,55.0,0.010666666666666666,7000.0,0.0,0.0,0.0,44.6579512053045,optimal
2021-02-11 15:30:00,10,2,2.0,0.0,0.0,0.078,16.758,6.0,0,20.798746186955988,55.0,0.010666666666666666,7000.0,0.0,0.0,0.0,44.102890975899925,optimal
2021-02-11 16:00:00,10,2,0.0,0.0,0.0,0.078,29.358,6.0,0,20.959347776891303,55.0,0.010666666666666666,0.0,0.0,0.0,0.0,43.54838580672475,optimal
2021-02-11 16:30:00,10,2,0.0,0.0,0.0,0.078,34.9965,6.0,0,20.803987430916507,55.0,0.010666666666666666,0.0,0.0,0.0,0.0,42.99443514271876,optimal
2021-02-11 17:00:00,10,2,0.0,0.0,0.0,0.19876666666666667,34.65,6.0,0,20.643203840102824,55.0,0.010666666666666666,0.0,0.0,0.0,0.0,42.95144070757604,optimal
2021-02-11 17:30:00,10,2,0.0,0.0,0.0,0.08476666666666667,34.9965,6.0,0,20.49930715943673,55.0,0.006,0.0,0.0,0.0,0.0,42.908489266868465,optimal
2021-02-11 18:00:00,10,2,0.0,0.0,0.0,0.2672,34.9965,6.0,0,20.35140097875598,55.0,0.001333333333333333,0.0,0.0,0.0,0.0,42.86558077760159,optimal
2021-02-11 18:30:00,10,2,0.0,0.0,0.0,0.6171666666666666,30.4815,6.0,0,20.218852313563502,55.0,0.001333333333333333,0.0,0.0,0.0,0.0,42.82271519682399,optimal
2021-02-11 19:00:00,10,2,0.0,0.0,0.0,1.6481333333333335,21.4305,6.0,0,20.103091105553982,55.0,0.0,0.0,0.0,0.0,0.0,42.779892481627165,optimal
2021-02-11 19:30:00,10,2,0.7778333568886436,0.0,0.0,0.44430000000000003,14.3325,6.0,0,20.0,55.0,0.0,2722.4167491102526,0.0,0.0,0.0,42.73711258914554,optimal
2021-02-11 20:00:00,10,2,0.8570818959504674,0.0,0.0,0.5513666666666667,13.692,6.0,0,20.0,55.0,0.0006666666666666665,2860.453302493302,0.0,139.33333333333331,0.0,42.694375476556395,optimal
2021-02-11 20:30:00,10,2,0.0,0.0,0.0,0.5295666666666667,14.007,6.0,0,20.0,55.0,0.0,0.0,0.0,0.0,0.0,42.65168110107984,optimal
2021-02-11 21:00:00,10,2,0.0398095238095238,0.0,0.0,0.45166666666666666,12.873,6.0,0,19.878850893579454,55.0,0.0,0.0,0.0,139.33333333333331,0.0,42.60902941997876,optimal
2021-02-11 21:30:00,10,2,0.0,0.0,0.0,0.38680000000000003,12.684,6.0,0,19.755908281973944,55.0,0.0,0.0,0.0,0.0,0.0,42.56642039055878,optimal
2021-02-11 22:00:00,10,2,0.0199047619047619,0.0,0.0,1.5690333333333333,12.306,6.0,0,19.634457820652635,55.0,0.0,0.0,0.0,69.66666666666666,0.0,42.523853970168226,optimal
2021-02-11 22:30:00,10,2,0.0199047619047619,0.0,0.0,1.2155666666666667,10.6365,6.0,0,19.537342955161197,55.0,0.0,0.0,0.0,69.66666666666666,0.0,42.48133011619806,optimal
2021-02-11 23:00:00,10,2,0.0,0.0,0.0,0.5472333333333333,11.2455,6.0,0,19.419738896583237,55.0,0.0,0.0,0.0,0.0,0.0,42.43884878608186,optimal
2021-02-11 23:30:00,10,2,0.0,0.0,0.0,0.3703666666666667,11.2455,6.0,0,19.27463055297007,55.0,0.0,0.0,0.0,0.0,0.0,42.39640993729578,optimal
2021-02-12 00:00:00,10,2,2.0,0.0,0.0,0.13516666666666666,10.3635,6.0,0,19.27463055297007,55.0,0.0,2820.000000000001,0.0,4179.999999999999,0.0,42.35401352735848,optimal
2021-02-12 00:30:00,10,2,2.0,0.0,0.0,0.38706666666666667,10.8045,6.0,0,19.219703402650858,55.0,0.028640405828768898,3728.4109242269833,0.0,3271.5890757730162,0.0,42.311659513831124,optimal
2021-02-12 01:00:00,10,2,2.0,0.0,0.0,0.2338,11.025,6.0,0,19.218192703549988,55.0,0.028640405828768898,7000.0,0.0,0.0,0.0,42.269347854317296,optimal
2021-02-12 01:30:00,10,2,2.0,0.0,0.0,0.2507333333333333,10.3635,6.0,0,19.358052794217258,55.0,0.028640405828768898,7000.0,0.0,0.0,0.0,42.22707850646298,optimal
2021-02-12 02:00:00,10,2,2.0,0.0,0.0,0.2093333333333333,10.8045,6.0,0,19.495635250451013,55.0,0.028640405828768898,7000.0,0.0,0.0,0.0,42.18485142795652,optimal
2021-02-12 02:30:00,10,2,2.0,0.0,0.0,0.062,10.059,6.0,0,19.623843414143586,55.0,0.028640405828768898,7000.0,0.0,0.0,0.0,42.14266657652856,optimal
2021-02-12 03:00:00,10,2,2.0,0.0,0.0,0.22406666666666664,10.584,6.0,0,19.74685340243594,55.0,0.028640405828768898,7000.0,0.0,0.0,0.0,42.10052390995203,optimal
2021-02-12 03:30:00,10,2,2.0,0.0,9.0,0.062,9.4185,6.0,0,19.878246694688947,55.0,0.028640405828768898,7000.0,0.0,0.0,0.0,46.33342338604208,optimal
2021-02-12 04:00:00,10,2,2.0,0.0,0.0,0.15776666666666667,10.3635,6.0,0,20.006686898171715,55.0,0.028640405828768898,7000.0,0.0,0.0,0.0,46.28708996265603,optimal
2021-02-12 04:30:00,10,2,2.0,0.0,4.007338122163461,0.12830000000000003,9.8385,6.0,0,20.143481871040898,55.0,0.028640405828768898,7000.0,0.0,0.0,0.0,48.144288480721016,optimal
2021-02-12 05:00:00,10,2,2.0,0.0,0.0,0.062,11.067,6.0,0,20.283088823370296,55.0,0.028640405828768898,7000.0,0.0,0.0,0.0,48.096144192240295,optimal
2021-02-12 05:30:00,10,2,2.0,0.0,0.0,0.22406666666666664,10.8465,6.0,0,20.423874939573444,55.0,0.028640405828768898,7000.0,0.0,0.0,0.0,48.048048048048045,optimal
2021-02-12 06:00:00,10,2,0.0,0.0,0.0,0.23196666666666668,13.671,6.0,0,20.57655641837039,55.0,0.027307072495435562,0.0,0.0,0.0,0.0,48.0,optimal
2021-02-12 06:30:00,10,2,2.0,0.0,0.0,0.3502333333333333,12.348,6.0,0,20.43333561884067,55.0,0.02597373916210223,7000.0,0.0,0.0,0.0,47.851504964506375,optimal
2021-02-12 07:00:00,10,2,0.0,0.0,0.0,0.2618333333333333,14.3325,6.0,0,20.6047362608354,55.0,0.007973739162102231,0.0,0.0,0.0,0.0,47.70315842404825,optimal
2021-02-12 07:30:00,10,2,0.0,0.0,0.0,0.2471,15.393,6.0,0,20.466367961911924,55.0,0.005307072495435565,0.0,0.0,0.0,0.0,47.554960230130575,optimal
2021-02-12 08:00:00,10,2,2.0,0.0,0.0,0.3649666666666666,13.587,6.0,0,20.321949265326047,55.0,0.005307072495435565,7000.0,0.0,0.0,0.0,47.40691023440682,optimal
2021-02-12 08:30:00,10,2,0.0,0.0,0.0,0.11633333333333332,16.1385,6.0,0,20.481874804503086,55.0,0.005307072495435565,0.0,0.0,0.0,0.0,47.25900828867879,optimal
2021-02-12 09:00:00,10,2,0.0,0.0,0.0,0.22406666666666664,14.595,6.0,0,20.312581037520015,55.0,0.005307072495435565,0.0,0.0,0.0,0.0,47.11125424489649,optimal
2021-02-12 09:30:00,10,2,0.0,0.0,0.0,0.2322,14.637,6.0,0,20.14356266031923,55.0,0.0013070724954355657,0.0,0.0,0.0,0.0,46.963647955157974,optimal
2021-02-12 10:00:00,10,2,0.8420418907779261,0.0,0.0,1.5221,13.9125,6.0,0,20.0,55.0,0.0013070724954355657,2947.1466177227417,0.0,0.0,0.0,46.81618927170919,optimal
2021-02-12 10:30:00,10,2,0.8560423831517611,0.0,0.0,0.29606666666666664,13.3665,6.0,0,20.0,55.0,0.0013070724954355657,2996.148341031164,0.0,0.0,0.0,46.66887804694386,optimal
2021-02-12 11:00:00,10,2,1.7326723341920551,0.0,0.0,0.1399,13.0095,6.0,0,20.0,55.0,0.0013070724954355657,6064.353169672193,0.0,0.0,0.0,46.52171413340329,optimal
2021-02-12 11:30:00,10,2,0.0,0.0,0.0,0.2887333333333333,13.8915,6.0,0,20.130177652541388,55.0,0.0013070724954355657,0.0,0.0,0.0,0.0,46.374697383776265,optimal
2021-02-12 12:00:00,10,2,0.8647234410948522,0.0,0.0,0.22913333333333333,13.188,6.0,0,20.0,55.0,0.0013070724954355657,3026.5320438319827,0.0,0.0,0.0,46.22782765089887,optimal
2021-02-12 12:30:00,10,2,0.8803161216892168,0.0,0.0,0.062,12.5685,6.0,0,20.0,55.0,0.0013070724954355657,3081.106425912259,0.0,0.0,0.0,46.08110478775435,optimal
2021-02-12 13:00:00,10,2,2.0,0.0,0.0,0.062,12.285,6.0,0,20.0,55.0,0.006,6509.589075773017,0.0,490.4109242269834,0.0,45.93452864747297,optimal
2021-02-12 13:30:00,10,2,2.0,0.0,0.0,0.22406666666666664,11.487,6.0,0,20.15044194459941,55.0,0.006,7000.0,0.0,0.0,0.0,45.78809908333188,optimal
2021-02-12 14:00:00,10,2,2.0,0.0,0.0,0.062,11.802,6.0,0,20.32762134752184,55.0,0.006,7000.0,0.0,0.0,0.0,45.641815948754925,optimal
2021-02-12 14:30:00,10,2,2.0,0.0,0.0,0.062,11.2245,6.0,0,20.495687761446323,55.0,0.006,7000.0,0.0,0.0,0.0,45.495679097312546,optimal
2021-02-12 15:00:00,10,2,2.0,0.0,0.0,0.1062,11.025,6.0,0,20.661801835352463,55.0,0.006,7000.0,0.0,0.0,0.0,45.34968838272161,optimal
2021-02-12 15:30:00,10,2,2.0,0.0,0.0,0.17986666666666667,11.907,6.0,0,20.827912589488108,55.0,0.006,7000.0,0.0,0.0,0.0,45.203843658845265,optimal
2021-02-12 16:00:00,10,2,0.0,0.0,0.0,0.062,25.83,6.0,0,20.9949457660881,55.0,0.006,0.0,0.0,0.0,0.0,45.058144779692796,optimal
2021-02-12 16:30:00,10,2,0.0,0.0,0.0,0.0841,28.035,6.0,0,20.848093736184516,55.0,0.006,0.0,0.0,0.0,0.0,44.91259159941948,optimal
2021-02-12 17:00:00,10,2,0.0,0.0,0.0,0.2288,28.119,6.0,0,20.701093724059415,55.0,0.006,0.0,0.0,0.0,0.0,44.767183972326436,optimal
2021-02-12 17:30:00,10,2,0.0,0.0,0.0,0.15819999999999998,30.156,6.0,0,20.56212229452784,55.0,0.003999999999999999,0.0,0.0,0.0,0.0,44.62192175286049,optimal
2021-02-12 18:00:00,10,2,0.0,0.0,0.0,0.32430000000000003,29.1585,6.0,0,20.426990005606747,55.0,0.003999999999999999,0.0,0.0,0.0,0.0,44.476804795614,optimal
2021-02-12 18:30:00,10,2,0.0,0.0,0.0,0.071,26.712,6.0,0,20.29908091849119,55.0,0.002666666666666666,0.0,0.0,0.0,0.0,44.331832955324764,optimal
2021-02-12 19:00:00,10,2,0.0,0.0,0.0,0.20196666666666666,15.435,6.0,0,20.164092543626786,55.0,0.002666666666666666,0.0,0.0,0.0,0.0,44.18700608687582,optimal
2021-02-12 19:30:00,10,2,0.782862794369935,0.0,0.0,0.0871,13.566,6.0,0,20.022863784953252,55.0,0.002666666666666666,2740.0197802947728,0.0,0.0,0.0,44.042324045295324,optimal
2021-02-12 20:00:00,10,2,0.8739723848879694,0.0,0.0,0.06953333333333334,12.789,6.0,0,20.0,55.0,0.0,3058.903347107893,0.0,0.0,0.0,43.89778668575641,optimal
2021-02-12 20:30:00,10,2,0.0,0.0,0.0,0.46176666666666666,12.1275,6.0,0,20.0,55.0,0.0,0.0,0.0,0.0,0.0,43.75339386357703,optimal
2021-02-12 21:00:00,10,2,0.0,0.0,0.0,0.09,13.671,6.0,0,19.884702951725057,55.0,0.0,0.0,0.0,0.0,0.0,43.60914543421983,optimal
2021-02-12 21:30:00,10,2,0.3781904761904762,0.0,0.0,0.2592,10.668,6.0,0,19.756029768146632,55.0,0.012666666666666666,0.0,0.0,1323.6666666666667,0.0,43.46504125329199,optimal
2021-02-12 22:00:00,10,2,0.0,0.0,0.0,0.1829,11.7285,6.0,0,19.637752610854278,55.0,0.0,0.0,0.0,0.0,0.0,43.32108117654508,optimal
2021-02-12 22:30:00,10,2,0.0,0.0,0.0,0.12093333333333334,11.025,6.0,0,19.511759490941444,55.0,0.0,0.0,0.0,0.0,0.0,43.17726505987491,optimal
2021-02-12 23:00:00,10,2,0.0,0.0,0.0,0.30046666666666666,10.689,6.0,0,19.37249834783424,55.0,0.0,0.0,0.0,0.0,0.0,43.033592759321415,optimal
2021-02-12 23:30:00,10,2,0.0,0.0,0.0,0.3232,8.1585,6.0,0,19.2460587092036,55.0,0.0,0.0,0.0,0.0,0.0,42.99055916656209,optimal
2021-02-13 00:00:00,10,2,2.0,0.0,0.0,0.068,9.3975,6.0,0,19.2460587092036,55.0,0.0,7000.0,0.0,0.0,0.0,42.94756860739553,optimal
2021-02-13 00:30:00,10,2,0.0,0.0,0.0,0.187,10.059,6.0,0,19.409558061209697,55.0,0.0,0.0,0.0,0.0,0.0,42.904621038788136,optimal
2021-02-13 01:00:00,10,2,2.0,0.0,0.0,0.1494,9.261,6.0,0,19.27470011785167,55.0,0.037333333333333336,3098.6666666666665,0.0,3901.3333333333335,0.0,42.86171641774935,optimal
2021-02-13 01:30:00,10,2,2.0,0.0,0.0,0.0912,8.1585,6.0,0,19.27518309359776,55.0,0.037333333333333336,7000.0,0.0,0.0,0.0,42.8188547013316,optimal
2021-02-13 02:00:00,10,2,2.0,0.0,0.0,0.23966666666666664,9.4815,6.0,0,19.44425534208686,55.0,0.037333333333333336,7000.0,0.0,0.0,0.0,42.77603584663027,optimal
2021-02-13 02:30:00,10,2,2.0,0.0,0.0,0.11993333333333334,8.379,6.0,0,19.618959335490953,55.0,0.037333333333333336,7000.0,0.0,0.0,0.0,42.73325981078364,optimal
2021-02-13 03:00:00,10,2,2.0,0.0,0.0,0.131,9.5235,6.0,0,19.787149765947614,55.0,0.037333333333333336,7000.0,0.0,0.0,0.0,42.69052655097286,optimal
2021-02-13 03:30:00,10,2,2.0,0.0,0.0,0.159,8.1375,6.0,0,19.95459968807279,55.0,0.037333333333333336,7000.0,0.0,0.0,0.0,42.64783602442189,optimal
2021-02-13 04:00:00,10,2,1.0997327986112582,0.0,0.0,0.1376,10.0905,6.0,0,20.12169157945842,55.0,0.037333333333333336,3849.064795139404,0.0,0.0,0.0,42.60518818839747,optimal
2021-02-13 04:30:00,10,2,2.0,0.0,9.0,0.187,7.539,6.0,0,20.148337141127225,55.0,0.037333333333333336,7000.0,0.0,0.0,0.0,46.83758300020907,optimal
2021-02-13 05:00:00,10,2,2.0,0.0,4.073783937328878,0.103,7.938,6.0,0,20.31415124387884,55.0,0.037333333333333336,7000.0,0.0,0.0,0.0,48.72579278744007,optimal
2021-02-13 05:30:00,10,2,2.0,0.0,0.0,0.07333333333333333,8.274,6.0,0,20.474352409172948,55.0,0.037333333333333336,7000.0,0.0,0.0,0.0,48.67706699465263,optimal
2021-02-13 06:00:00,10,2,2.0,0.0,0.0,0.07266666666666667,9.261,6.0,0,20.631126433614053,55.0,0.037333333333333336,7000.0,0.0,0.0,0.0,48.62838992765797,optimal
2021-02-13 06:30:00,10,2,2.0,0.0,0.0,0.22786666666666666,9.9225,6.0,0,20.78603036102865,55.0,0.037333333333333336,7000.0,0.0,0.0,0.0,48.579761537730306,optimal
2021-02-13 07:00:00,10,2,2.0,0.0,0.0,0.1317333333333333,9.702,6.0,0,20.94643993887533,55.0,0.037333333333333336,7000.0,0.0,0.0,0.0,48.53118177619257,optimal
2021-02-13 07:30:00,10,2,2.0,0.0,0.0,0.06733333333333333,10.584,6.0,0,21.101108970582168,55.0,0.036,7000.0,0.0,0.0,0.0,48.48265059441637,optimal
2021-02-13 08:00:00,10,2,2.0,0.0,0.0,0.17126666666666668,10.143,6.0,0,21.252745090626277,55.0,0.03133333333333333,7000.0,0.0,0.0,0.0,48.434167943821954,optimal
2021-02-13 08:30:00,10,2,0.0,0.0,0.0,1.1475333333333333,13.0095,6.0,0,21.410869307547,55.0,0.030666666666666665,0.0,0.0,0.0,0.0,48.38573377587813,optimal
2021-02-13 09:00:00,10,2,0.0,0.0,0.0,1.4756333333333334,11.025,6.0,0,21.294704286985972,55.0,0.030666666666666665,0.0,0.0,0.0,0.0,48.33734804210225,optimal
2021-02-13 09:30:00,10,2,0.0,0.0,0.0,1.3565999999999998,12.789,6.0,0,21.187252873172692,55.0,0.013333333333333334,0.0,0.0,0.0,0.0,48.289010694060146,optimal
2021-02-13 10:00:00,10,2,0.0,0.0,0.0,1.4705333333333332,12.1275,6.0,0,21.08029839808312,55.0,0.013333333333333334,0.0,0.0,0.0,0.0,48.240721683366075,optimal
2021-02-13 10:30:00,10,2,0.0,0.0,0.0,2.8487,12.1695,6.0,0,20.972117810752756,55.0,0.013333333333333334,0.0,0.0,0.0,0.0,48.192480961682705,optimal
2021-02-13 11:00:00,10,2,0.0,0.0,0.0,1.9501666666666668,12.306,6.0,0,20.873311151158784,55.0,0.012666666666666666,0.0,0.0,0.0,0.0,48.144288480721016,optimal
2021-02-13 11:30:00,10,2,0.0,0.0,0.0,0.44356666666666666,13.23,6.0,0,20.75256439848418,55.0,0.012666666666666666,0.0,0.0,0.0,0.0,48.096144192240295,optimal
2021-02-13 12:00:00,10,2,0.0,0.0,0.0,1.1665,13.671,6.0,0,20.622259865542816,55.0,0.011333333333333334,0.0,0.0,0.0,0.0,48.048048048048045,optimal
2021-02-13 12:30:00,10,2,0.0,0.0,0.0,1.1996,13.9335,6.0,0,20.510451039440852,55.0,0.007999999999999998,0.0,0.0,0.0,0.0,48.0,optimal
2021-02-13 13:00:00,10,2,0.0,0.0,0.0,0.155,13.293,6.0,0,20.391864882149353,55.0,0.007999999999999998,0.0,0.0,0.0,0.0,47.728383621560695,optimal
2021-02-13 13:30:00,10,2,0.0,0.0,0.0,0.2246,12.1065,6.0,0,20.24761463610295,55.0,0.007999999999999998,0.0,0.0,0.0,0.0,47.45703885949983,optimal
2021-02-13 14:00:00,10,2,2.0,0.0,0.0,0.078,11.571,6.0,0,20.108189933904157,55.0,0.007999999999999998,7000.0,0.0,0.0,0.0,47.18596544220103,optimal
2021-02-13 14:30:00,10,2,2.0,0.0,0.0,0.12366666666666669,11.025,6.0,0,20.27050848725179,55.0,0.007999999999999998,7000.0,0.0,0.0,0.0,46.915163098319525,optimal
2021-02-13 15:00:00,10,2,2.0,0.0,0.0,0.2559333333333333,10.8465,6.0,0,20.43437217628984,55.0,0.007999999999999998,7000.0,0.0,0.0,0.0,46.6446315567819,optimal
2021-02-13 15:30:00,10,2,2.0,0.0,0.0,0.39453333333333335,11.2455,6.0,0,20.603560557811956,55.0,0.007999999999999998,7000.0,0.0,0.0,0.0,46.37437054678582,optimal
2021-02-13 16:00:00,10,2,0.0,0.0,0.0,0.5687666666666666,23.8665,6.0,0,20.783706083116847,55.0,0.007999999999999998,0.0,0.0,0.0,0.0,46.10437979779973,optimal
2021-02-13 16:30:00,10,2,0.0,0.0,0.0,0.4187666666666667,27.4575,6.0,0,20.67314335800142,55.0,0.007999999999999998,0.0,0.0,0.0,0.0,45.83465903956263,optimal
2021-02-13 17:00:00,10,2,0.0,0.0,0.0,0.28513333333333335,27.3735,6.0,0,20.557473481948076,55.0,0.005999999999999998,0.0,0.0,0.0,0.0,45.565208002083764,optimal
2021-02-13 17:30:00,10,2,0.0,0.0,0.0,0.43260000000000004,30.4605,6.0,0,20.43704444173798,55.0,0.005333333333333332,0.0,0.0,0.0,0.0,45.51964279408168,optimal
2021-02-13 18:00:00,10,2,0.0,0.0,0.0,0.4495,30.0195,6.0,0,20.3292718275018,55.0,0.005333333333333332,0.0,0.0,0.0,0.0,45.4741231512876,optimal
2021-02-13 18:30:00,10,2,0.0,0.0,0.0,0.1389,26.9325,6.0,0,20.22337797868208,55.0,0.003999999999999999,0.0,0.0,0.0,0.0,45.42864902813631,optimal
2021-02-13 19:00:00,10,2,0.0,0.0,0.0,0.39503333333333335,14.595,6.0,0,20.110403257185194,55.0,0.003999999999999999,0.0,0.0,0.0,0.0,45.383220379108174,optimal
2021-02-13 19:30:00,10,2,0.7328853651242937,0.0,0.0,0.3836,12.4845,6.0,0,20.0,55.0,0.001333333333333333,2565.098777935028,0.0,0.0,0.0,45.337837158729066,optimal
2021-02-13 20:00:00,10,2,0.6944200039355779,0.0,0.0,0.5426,12.1275,6.0,0,20.0,55.0,0.0006666666666666665,2430.4700137745226,0.0,0.0,0.0,45.29249932157034,optimal
2021-02-13 20:30:00,10,2,0.0,0.0,0.0,0.46926666666666667,12.1275,6.0,0,20.0,55.0,0.0006666666666666665,0.0,0.0,0.0,0.0,45.24720682224877,optimal
2021-02-13 21:00:00,10,2,0.0,0.0,0.0,0.5201666666666667,12.789,6.0,0,19.89042230170437,55.0,0.0,0.0,0.0,0.0,0.0,45.201959615426524,optimal
2021-02-13 21:30:00,10,2,0.0,0.0,0.0,0.6227333333333334,11.907,6.0,0,19.786929081504727,55.0,0.0,0.0,0.0,0.0,0.0,45.1567576558111,optimal
2021-02-13 22:00:00,10,2,0.0,0.0,0.0,0.9188,11.025,6.0,0,19.69749747891174,55.0,0.0,0.0,0.0,0.0,0.0,45.11160089815529,optimal
2021-02-13 22:30:00,10,2,0.0,0.0,0.0,0.3648,8.2005,6.0,0,19.620999315934135,55.0,0.0,0.0,0.0,0.0,0.0,45.066489297257135,optimal
2021-02-13 23:00:00,10,2,0.0,0.0,0.0,0.31693333333333334,9.5655,6.0,0,19.50977742089284,55.0,0.0,0.0,0.0,0.0,0.0,45.02142280795988,optimal
2021-02-13 23:30:00,10,2,0.0,0.0,0.0,0.232,7.056,6.0,0,19.397104742078557,55.0,0.0,0.0,0.0,0.0,0.0,44.97640138515192,optimal
