time,run,dwelling_id,hp_elec_kw,boiler_gas_kw,ev_charge_kw,appliance_kw,tariff_elec_price,tariff_gas_price,tariff_offset_steps,Tin_C,T_tank_C,V_stor_m3,Q_hp_space_w,Q_bo_space_w,Q_hp_hw_w,Q_bo_hw_w,ev_soc_kwh,solve_status
2021-02-07 00:00:00,1,1,0.0,0.0,0.0,0.07690000000000001,9.261,6.0,0,21.0,55.0,0.12,0.0,0.0,0.0,0.0,47.952,optimal
2021-02-07 00:30:00,1,1,0.0,0.0,0.0,0.066,10.3635,6.0,0,20.874091521847443,55.0,0.12,0.0,0.0,0.0,0.0,47.904047999999996,optimal
2021-02-07 01:00:00,1,1,0.0,0.0,0.0,0.066,8.274,6.0,0,20.745502369832007,55.0,0.12,0.0,0.0,0.0,0.0,47.856143952,optimal
2021-02-07 01:30:00,1,1,0.0,0.0,0.0,0.066,7.7175,6.0,0,20.61712620442176,55.0,0.12,0.0,0.0,0.0,0.0,47.80828780804799,optimal
2021-02-07 02:00:00,1,1,0.613271583847826,0.0,0.0,0.066,6.615,6.0,0,20.48933393437817,55.0,0.12,2146.450543467391,0.0,0.0,0.0,47.76047952023995,optimal
2021-02-07 02:30:00,1,1,2.0,0.0,0.0,0.066,6.174,6.0,0,20.44321103614468,55.0,0.12,7000.0,0.0,0.0,0.0,47.712719040719705,optimal
2021-02-07 03:00:00,1,1,2.0,0.0,0.0,0.066,3.906,6.0,0,20.580046903370953,55.0,0.12,7000.0,0.0,0.0,0.0,47.66500632167899,optimal
2021-02-07 03:30:00,1,1,2.0,0.0,0.0,0.07366666666666667,2.3415,6.0,0,20.715118364737258,55.0,0.12,7000.0,0.0,0.0,0.0,47.61734131535731,optimal
2021-02-07 04:00:00,1,1,2.0,0.0,0.0,0.06833333333333333,2.205,6.0,0,20.84881106040066,55.0,0.12,7000.0,0.0,0.0,0.0,47.56972397404195,optimal
2021-02-07 04:30:00,1,1,2.0,0.0,1.3097562750591938,0.066,0.882,6.0,0,20.981135262041356,55.0,0.12,7000.0,0.0,0.0,0.0,48.144288480721016,optimal
2021-02-07 05:00:00,1,1,2.0,0.0,0.0,0.066,1.5435,6.0,0,21.11247366030892,55.0,0.12,7000.0,0.0,0.0,0.0,48.096144192240295,optimal
2021-02-07 05:30:00,1,1,2.0,0.0,0.0,0.09936666666666666,1.5435,6.0,0,21.24283359934961,55.0,0.10466666666666667,7000.0,0.0,0.0,0.0,48.048048048048045,optimal
2021-02-07 06:00:00,1,1,2.0,0.0,0.0,0.07466666666666667,5.0715,6.0,0,21.376920763088723,55.0,0.08533333333333333,7000.0,0.0,0.0,0.0,48.0,optimal
2021-02-07 06:30:00,1,1,2.0,0.0,0.0,1.2284000000000002,5.376,6.0,0,21.530134891656804,55.0,0.08533333333333333,7000.0,0.0,0.0,0.0,47.46600096228317,optimal
2021-02-07 07:00:00,1,1,2.0,0.0,0.0,2.079766666666667,5.0715,6.0,0,21.67983912564546,55.0,0.08466666666666667,7000.0,0.0,0.0,0.0,46.93253592360406,optimal
2021-02-07 07:30:00,1,1,2.0,0.0,0.0,0.24309999999999998,5.5125,6.0,0,21.861043574243762,55.0,0.08466666666666667,7000.0,0.0,0.0,0.0,46.399604349963624,optimal
2021-02-07 08:00:00,1,1,1.0581296874662203,0.0,0.0,1.0224666666666669,9.261,6.0,0,22.0,55.0,0.08266666666666667,3703.453906131771,0.0,0.0,0.0,45.86720570789683,optimal
2021-02-07 08:30:00,1,1,0.0,0.0,0.0,0.076,11.7075,6.0,0,22.0,55.0,0.08266666666666667,0.0,0.0,0.0,0.0,45.3353394644721,optimal
2021-02-07 09:00:00,1,1,0.0,0.0,0.0,0.076,12.348,6.0,0,21.849598717652338,55.0,0.08266666666666667,0.0,0.0,0.0,0.0,44.8040050872908,optimal
2021-02-07 09:30:00,1,1,0.0,0.0,0.0,0.076,12.348,6.0,0,21.699945416980626,55.0,0.08266666666666667,0.0,0.0,0.0,0.0,44.27320204448667,optimal
2021-02-07 10:00:00,1,1,0.0,0.0,0.0,0.076,12.1275,6.0,0,21.551779515400078,55.0,0.08266666666666667,0.0,0.0,0.0,0.0,43.74292980472536,optimal
2021-02-07 10:30:00,1,1,0.0,0.0,0.0,0.076,12.5265,6.0,0,21.405089933360266,55.0,0.08266666666666667,0.0,0.0,0.0,0.0,43.213187837203805,optimal
2021-02-07 11:00:00,1,1,0.0,0.0,0.0,0.076,11.7495,6.0,0,21.258748184497563,55.0,0.08266666666666667,0.0,0.0,0.0,0.0,42.68397561164977,optimal
2021-02-07 11:30:00,1,1,0.0,0.0,0.0,0.076,13.23,6.0,0,21.11275167941706,55.0,0.08266666666666667,0.0,0.0,0.0,0.0,42.15529259832129,optimal
2021-02-07 12:00:00,1,1,0.0,0.0,0.0,0.12166666666666669,14.3325,6.0,0,20.96784283513775,55.0,0.08266666666666667,0.0,0.0,0.0,0.0,41.627138268006135,optimal
2021-02-07 12:30:00,1,1,0.0,0.0,0.0,0.4276666666666667,14.994,6.0,0,20.829441070851892,55.0,0.08266666666666667,0.0,0.0,0.0,0.0,41.58551112973813,optimal
2021-02-07 13:00:00,1,1,0.0,0.0,0.0,0.4663333333333333,14.8155,6.0,0,20.712616890726906,55.0,0.08266666666666667,0.0,0.0,0.0,0.0,41.54392561860839,optimal
2021-02-07 13:30:00,1,1,0.0,0.0,0.0,1.2597,14.112,6.0,0,20.598745393632658,55.0,0.08066666666666666,0.0,0.0,0.0,0.0,41.50238169298978,optimal
2021-02-07 14:00:00,1,1,0.0,0.0,0.0,0.8838666666666667,14.007,6.0,0,20.49104825016908,55.0,0.08066666666666666,0.0,0.0,0.0,0.0,41.460879311296786,optimal
2021-02-07 14:30:00,1,1,0.0,0.0,0.0,0.33916666666666667,13.23,6.0,0,20.386988595576753,55.0,0.07866666666666666,0.0,0.0,0.0,0.0,41.41941843198549,optimal
2021-02-07 15:00:00,1,1,2.0,0.0,0.0,0.5352,11.382,6.0,0,20.28540924752144,55.0,0.07466666666666667,7000.0,0.0,0.0,0.0,41.377999013553506,optimal
2021-02-07 15:30:00,1,1,2.0,0.0,0.0,0.7647999999999999,11.7495,6.0,0,20.45999039753942,55.0,0.07066666666666667,7000.0,0.0,0.0,0.0,41.33662101453995,optimal
2021-02-07 16:00:00,1,1,0.0,0.0,0.0,2.796133333333333,24.3285,6.0,0,20.629603142097945,55.0,0.06866666666666667,0.0,0.0,0.0,0.0,41.295284393525414,optimal
2021-02-07 16:30:00,1,1,0.0,0.0,0.0,2.6918,28.917,6.0,0,20.548785258068726,55.0,0.064,0.0,0.0,0.0,0.0,41.253989109131886,optimal
2021-02-07 17:00:00,1,1,0.0,0.0,0.0,0.2692,31.3635,6.0,0,20.467534829777147,55.0,0.06266666666666666,0.0,0.0,0.0,0.0,41.21273512002276,optimal
2021-02-07 17:30:00,1,1,0.0,0.0,0.0,0.237,33.306,6.0,0,20.360913414629007,55.0,0.059333333333333335,0.0,0.0,0.0,0.0,41.17152238490274,optimal
2021-02-07 18:00:00,1,1,0.0,0.0,0.0,0.2574666666666666,31.3425,6.0,0,20.251227362322798,55.0,0.058666666666666666,0.0,0.0,0.0,0.0,41.13035086251784,optimal
2021-02-07 18:30:00,1,1,0.0,0.0,0.0,0.41303333333333336,28.2555,6.0,0,20.151879412753818,55.0,0.056,0.0,0.0,0.0,0.0,41.08922051165532,optimal
2021-02-07 19:00:00,1,1,0.0,0.0,0.0,2.3990666666666667,15.6975,6.0,0,20.05701671058088,55.0,0.05533333333333333,0.0,0.0,0.0,0.0,41.04813129114366,optimal
2021-02-07 19:30:00,1,1,0.5803237179833254,0.0,0.0,0.4908666666666667,12.5475,6.0,0,20.01386028058009,55.0,0.051333333333333335,2031.133012941639,0.0,0.0,0.0,41.00708315985252,optimal
2021-02-07 20:00:00,1,1,0.417461491347518,0.0,0.0,1.3977666666666668,12.0855,6.0,0,20.0,55.0,0.05,1461.1152197163128,0.0,0.0,0.0,40.966076076692666,optimal
2021-02-07 20:30:00,1,1,0.0,0.0,0.0,0.3255,11.907,6.0,0,20.0,55.0,0.05,0.0,0.0,0.0,0.0,40.92511000061597,optimal
2021-02-07 21:00:00,1,1,0.0,0.0,0.0,0.32553333333333334,12.5685,6.0,0,19.902687378757225,55.0,0.05,0.0,0.0,0.0,0.0,40.88418489061536,optimal
2021-02-07 21:30:00,1,1,0.0,0.0,0.0,0.21666666666666662,13.146,6.0,0,19.800728121570668,55.0,0.04933333333333333,0.0,0.0,0.0,0.0,40.843300705724744,optimal
2021-02-07 22:00:00,1,1,0.0,0.0,0.0,0.3041666666666667,10.584,6.0,0,19.696945656937583,55.0,0.04933333333333333,0.0,0.0,0.0,0.0,40.80245740501902,optimal
2021-02-07 22:30:00,1,1,0.0,0.0,0.0,0.076,6.678,6.0,0,19.591489570431534,55.0,0.04933333333333333,0.0,0.0,0.0,0.0,40.761654947614,optimal
2021-02-07 23:00:00,1,1,0.0,0.0,0.0,0.076,7.938,6.0,0,19.465005777477444,55.0,0.04933333333333333,0.0,0.0,0.0,0.0,40.72089329266638,optimal
2021-02-07 23:30:00,1,1,0.0,0.0,0.0,0.076,5.292,6.0,0,19.339464277378287,55.0,0.04933333333333333,0.0,0.0,0.0,0.0,40.68017239937372,optimal
2021-02-08 00:00:00,1,1,2.0,0.0,0.0,0.1635,11.025,6.0,1,19.339464277378287,55.0,0.04933333333333333,7000.0,0.0,0.0,0.0,40.63949222697434,optimal
2021-02-08 00:30:00,1,1,2.0,0.0,0.0,0.11633333333333332,5.9745,6.0,1,19.495246304860906,55.0,0.06266666666666666,5606.666666666667,0.0,1393.3333333333333,0.0,40.59885273474737,optimal
2021-02-08 01:00:00,1,1,2.0,0.0,0.0,0.123,7.938,6.0,1,19.585287827975733,55.0,0.06266666666666666,7000.0,0.0,0.0,0.0,40.55825388201262,optimal
2021-02-08 01:30:00,1,1,2.0,0.0,0.0,0.14233333333333334,8.6835,6.0,1,19.722549180399618,55.0,0.06266666666666666,7000.0,0.0,0.0,0.0,40.51769562813061,optimal
2021-02-08 02:00:00,1,1,2.0,0.0,0.0,0.13433333333333333,7.665,6.0,1,19.859145838265,55.0,0.06266666666666666,7000.0,0.0,0.0,0.0,40.47717793250248,optimal
2021-02-08 02:30:00,1,1,2.0,0.0,0.0,0.189,6.7725,6.0,1,19.994050139312293,55.0,0.06266666666666666,7000.0,0.0,0.0,0.0,40.436700754569976,optimal
2021-02-08 03:00:00,1,1,2.0,0.0,2.290602337390803,0.15366666666666665,5.5755,6.0,1,20.130387139319197,55.0,0.06266666666666666,7000.0,0.0,0.0,0.0,41.48430016407604,optimal
2021-02-08 03:30:00,1,1,2.0,0.0,7.0,0.093,5.0925,6.0,1,20.264746093746478,55.0,0.06266666666666666,7000.0,0.0,0.0,0.0,44.76781586391196,optimal
2021-02-08 04:00:00,1,1,2.0,0.0,7.0,0.153,4.1895,6.0,1,20.395439690831,55.0,0.06266666666666666,7000.0,0.0,0.0,0.0,48.048048048048045,optimal
2021-02-08 04:30:00,1,1,2.0,0.0,0.0,0.11633333333333332,7.056,6.0,1,20.527053850947617,55.0,0.059333333333333335,7000.0,0.0,0.0,0.0,48.0,optimal
2021-02-08 05:00:00,1,1,2.0,0.0,0.0,0.3451666666666667,5.271,6.0,1,20.65636323508552,55.0,0.058,7000.0,0.0,0.0,0.0,47.75963301676788,optimal
2021-02-08 05:30:00,1,1,2.0,0.0,0.0,0.3368333333333333,7.938,6.0,1,20.804534714903856,55.0,0.056,7000.0,0.0,0.0,0.0,47.51950640051899,optimal
2021-02-08 06:00:00,1,1,2.0,0.0,0.0,0.11120000000000001,7.938,6.0,1,20.948963121022036,55.0,0.05466666666666667,7000.0,0.0,0.0,0.0,47.27961991088635,optimal
2021-02-08 06:30:00,1,1,2.0,0.0,0.0,0.2801666666666667,11.907,6.0,1,21.08227803622976,55.0,0.054,7000.0,0.0,0.0,0.0,47.039973307743345,optimal
2021-02-08 07:00:00,1,1,2.0,0.0,0.0,0.09566666666666669,11.025,6.0,1,21.210629492948193,55.0,0.054,7000.0,0.0,0.0,0.0,46.800566351203486,optimal
2021-02-08 07:30:00,1,1,2.0,0.0,0.0,0.14166666666666666,11.2875,6.0,1,21.324677828080343,55.0,0.054,7000.0,0.0,0.0,0.0,46.561398801620165,optimal
2021-02-08 08:00:00,1,1,0.0,0.0,0.0,0.115,12.936,6.0,1,21.440334132768577,55.0,0.054,0.0,0.0,0.0,0.0,46.32247041958642,optimal
2021-02-08 08:30:00,1,1,0.0,0.0,0.0,0.15833333333333335,13.0095,6.0,1,21.29006379958955,55.0,0.054,0.0,0.0,0.0,0.0,46.083780965934714,optimal
2021-02-08 09:00:00,1,1,0.0,0.0,0.0,0.189,13.671,6.0,1,21.142006532804984,55.0,0.054,0.0,0.0,0.0,0.0,45.84533020173666,optimal
2021-02-08 09:30:00,1,1,0.0,0.0,0.0,0.15366666666666665,13.188,6.0,1,20.99564213293151,55.0,0.054,0.0,0.0,0.0,0.0,45.6071178883028,optimal
2021-02-08 10:00:00,1,1,0.0,0.0,0.0,0.08733333333333333,13.8495,6.0,1,20.850150778406814,55.0,0.054,0.0,0.0,0.0,0.0,45.36914378718238,optimal
2021-02-08 10:30:00,1,1,1.129780726294081,0.0,0.0,0.26766666666666666,13.23,6.0,1,20.704115568265163,55.0,0.054,3954.232542029284,0.0,0.0,0.0,45.13140766016308,optimal
2021-02-08 11:00:00,1,1,0.0,0.0,0.0,0.057,13.3665,6.0,1,20.714261389021235,55.0,0.054,0.0,0.0,0.0,0.0,44.89390926927079,optimal
2021-02-08 11:30:00,1,1,2.0,0.0,0.0,0.189,13.0515,6.0,1,20.56609688752991,55.0,0.054,7000.0,0.0,0.0,0.0,44.656648376769404,optimal
2021-02-08 12:00:00,1,1,0.0,0.0,0.0,0.15366666666666665,13.5345,6.0,1,20.68921793151438,55.0,0.054,0.0,0.0,0.0,0.0,44.41962474516051,optimal
2021-02-08 12:30:00,1,1,0.0,0.0,0.0,0.093,14.154,6.0,1,20.546381912768457,55.0,0.054,0.0,0.0,0.0,0.0,44.18283813718323,optimal
2021-02-08 13:00:00,1,1,0.0,0.0,0.0,0.2911666666666667,14.112,6.0,1,20.40380809170303,55.0,0.054,0.0,0.0,0.0,0.0,43.94628831581393,optimal
2021-02-08 13:30:00,1,1,0.0,0.0,0.0,2.697333333333333,14.2485,6.0,1,20.277191509322687,55.0,0.05333333333333334,0.0,0.0,0.0,0.0,43.709975044265995,optimal
2021-02-08 14:00:00,1,1,2.0,0.0,0.0,3.097,12.789,6.0,1,20.18429967701803,55.0,0.05266666666666667,7000.0,0.0,0.0,0.0,43.47389808598961,optimal
2021-02-08 14:30:00,1,1,2.0,0.0,0.0,0.6954666666666667,13.0095,6.0,1,20.35815720173658,55.0,0.052,7000.0,0.0,0.0,0.0,43.2380572046715,optimal
2021-02-08 15:00:00,1,1,2.0,0.0,0.0,0.127,12.1275,6.0,1,20.510625590856865,55.0,0.050666666666666665,7000.0,0.0,0.0,0.0,43.00245216423471,optimal
2021-02-08 15:30:00,1,1,2.0,0.0,0.0,0.1715,12.348,6.0,1,20.653883314398197,55.0,0.050666666666666665,7000.0,0.0,0.0,0.0,42.76708272883835,optimal
2021-02-08 16:00:00,1,1,2.0,0.0,0.0,0.2365,12.348,6.0,1,20.802908929893704,55.0,0.04933333333333333,7000.0,0.0,0.0,0.0,42.5319486628774,optimal
2021-02-08 16:30:00,1,1,0.0,0.0,0.0,0.199,25.389,6.0,1,20.946118111904532,55.0,0.04933333333333333,0.0,0.0,0.0,0.0,42.2970497309824,optimal
2021-02-08 17:00:00,1,1,0.0,0.0,0.0,0.067,29.1375,6.0,1,20.804565524621967,55.0,0.04933333333333333,0.0,0.0,0.0,0.0,42.0623856980193,optimal
2021-02-08 17:30:00,1,1,0.0,0.0,0.0,0.20416666666666664,30.597,6.0,1,20.65796323095765,55.0,0.04933333333333333,0.0,0.0,0.0,0.0,41.82795632908916,optimal
2021-02-08 18:00:00,1,1,0.0,0.0,0.0,0.1893333333333333,33.684,6.0,1,20.516145089349262,55.0,0.04933333333333333,0.0,0.0,0.0,0.0,41.593761389527955,optimal
2021-02-08 18:30:00,1,1,0.0,0.0,0.0,0.094,32.445,6.0,1,20.37576353624022,55.0,0.04933333333333333,0.0,0.0,0.0,0.0,41.35980064490631,optimal
2021-02-08 19:00:00,1,1,0.0,0.0,0.0,0.44646666666666657,28.917,6.0,1,20.240955950946923,55.0,0.004,0.0,0.0,0.0,0.0,41.12607386102928,optimal
2021-02-08 19:30:00,1,1,0.0,0.0,0.0,0.2255,15.876,6.0,1,20.12092900119793,55.0,0.0033333333333333335,0.0,0.0,0.0,0.0,40.892580803936134,optimal
2021-02-08 20:00:00,1,1,0.8645793363790212,0.0,0.0,0.2512333333333333,12.348,6.0,1,20.0,55.0,0.0033333333333333335,3026.027677326574,0.0,0.0,0.0,40.8516882231322,optimal
2021-02-08 20:30:00,1,1,0.0,0.0,0.0,0.33866666666666667,12.1275,6.0,1,20.0,55.0,0.0,0.0,0.0,0.0,0.0,40.810836534909065,optimal
2021-02-08 21:00:00,1,1,0.0,0.0,0.0,0.39380000000000004,12.348,6.0,1,19.893147819871682,55.0,0.0,0.0,0.0,0.0,0.0,40.770025698374155,optimal
2021-02-08 21:30:00,1,1,0.0,0.0,0.0,0.243,12.1275,6.0,1,19.79067611168545,55.0,0.0,0.0,0.0,0.0,0.0,40.729255672675784,optimal
2021-02-08 22:00:00,1,1,0.0,0.0,0.0,0.1888333333333333,12.1275,6.0,1,19.674426078799833,55.0,0.0,0.0,0.0,0.0,0.0,40.68852641700311,optimal
2021-02-08 22:30:00,1,1,0.0,0.0,0.0,0.13783333333333334,11.2665,6.0,1,19.543467754317593,55.0,0.0,0.0,0.0,0.0,0.0,40.64783789058611,optimal
2021-02-08 23:00:00,1,1,0.0,0.0,0.0,0.1813333333333333,10.143,6.0,1,19.411185855119665,55.0,0.0,0.0,0.0,0.0,0.0,40.60719005269552,optimal
2021-02-08 23:30:00,1,1,0.0,0.0,0.0,0.118,11.2455,6.0,1,19.281160316332564,55.0,0.0,0.0,0.0,0.0,0.0,40.566582862642825,optimal
2021-02-09 00:00:00,1,1,2.0,0.0,0.0,0.18359999999999999,11.2455,6.0,-1,19.281160316332564,55.0,0.0,7000.0,0.0,0.0,0.0,40.52601627978018,optimal
2021-02-09 00:30:00,1,1,2.0,0.0,0.0,0.056,12.1275,6.0,-1,19.416245408620405,55.0,0.025333333333333333,4352.666666666666,0.0,2647.3333333333335,0.0,40.4854902635004,optimal
2021-02-09 01:00:00,1,1,2.0,0.0,0.0,0.0676,11.823,6.0,-1,19.445863618827108,55.0,0.025333333333333333,7000.0,0.0,0.0,0.0,40.4450047732369,optimal
2021-02-09 01:30:00,1,1,2.0,0.0,0.0,0.172,11.7705,6.0,-1,19.576084363532257,55.0,0.025333333333333333,7000.0,0.0,0.0,0.0,40.40455976846366,optimal
2021-02-09 02:00:00,1,1,2.0,0.0,3.3562977137464145,0.056,11.13,6.0,-1,19.70853406687479,55.0,0.025333333333333333,7000.0,0.0,0.0,0.0,41.95839662272475,optimal
2021-02-09 02:30:00,1,1,2.0,0.0,0.0,0.1024,11.6865,6.0,-1,19.834869727070735,55.0,0.025333333333333333,7000.0,0.0,0.0,0.0,41.916438226102024,optimal
2021-02-09 03:00:00,1,1,2.0,0.0,7.0,0.1372,10.7205,6.0,-1,19.96238961900477,55.0,0.025333333333333333,7000.0,0.0,0.0,0.0,45.19952178787592,optimal
2021-02-09 03:30:00,1,1,2.0,0.0,0.0,0.056,11.424,6.0,-1,20.090646688875996,55.0,0.025333333333333333,7000.0,0.0,0.0,0.0,45.15432226608804,optimal
2021-02-09 04:00:00,1,1,2.0,0.0,7.0,0.18359999999999999,10.689,6.0,-1,20.21562562645557,55.0,0.025333333333333333,7000.0,0.0,0.0,0.0,48.434167943821954,optimal
2021-02-09 04:30:00,1,1,2.0,0.0,0.0,0.056,11.361,6.0,-1,20.345239018395393,55.0,0.025333333333333333,7000.0,0.0,0.0,0.0,48.38573377587813,optimal
2021-02-09 05:00:00,1,1,2.0,0.0,0.0,0.056,11.571,6.0,-1,20.46832126607167,55.0,0.025333333333333333,7000.0,0.0,0.0,0.0,48.33734804210225,optimal
2021-02-09 05:30:00,1,1,0.0,0.0,0.0,0.16040000000000001,14.3745,6.0,-1,20.589741571113727,55.0,0.025333333333333333,0.0,0.0,0.0,0.0,48.289010694060146,optimal
2021-02-09 06:00:00,1,1,2.0,0.0,0.0,0.0792,13.23,6.0,-1,20.449751416838087,55.0,0.025333333333333333,7000.0,0.0,0.0,0.0,48.240721683366075,optimal
2021-02-09 06:30:00,1,1,2.0,0.0,0.0,0.11933333333333332,13.9755,6.0,-1,20.57218652834528,55.0,0.025333333333333333,7000.0,0.0,0.0,0.0,48.192480961682705,optimal
2021-02-09 07:00:00,1,1,0.0,0.0,0.0,0.14386666666666667,14.994,6.0,-1,20.6946517079605,55.0,0.022,0.0,0.0,0.0,0.0,48.144288480721016,optimal
2021-02-09 07:30:00,1,1,2.0,0.0,0.0,0.16086666666666669,13.671,6.0,-1,20.553303735905576,55.0,0.020666666666666667,7000.0,0.0,0.0,0.0,48.096144192240295,optimal
2021-02-09 08:00:00,1,1,0.0,0.0,0.0,0.2085,15.981,6.0,-1,20.68411207670901,55.0,0.011333333333333334,0.0,0.0,0.0,0.0,48.048048048048045,optimal
2021-02-09 08:30:00,1,1,0.0,0.0,0.0,0.09409999999999999,15.6345,6.0,-1,20.55470232843922,55.0,0.004666666666666667,0.0,0.0,0.0,0.0,48.0,optimal
2021-02-09 09:00:00,1,1,0.0,0.0,0.0,0.07883333333333332,16.5375,6.0,-1,20.423548448018543,55.0,0.004666666666666667,0.0,0.0,0.0,0.0,47.65206084915462,optimal
2021-02-09 09:30:00,1,1,0.014783867309218346,0.0,0.0,0.1936,14.7735,6.0,-1,20.281453016324072,55.0,0.004666666666666667,51.74353558226421,0.0,0.0,0.0,47.304469637460095,optimal
2021-02-09 10:00:00,1,1,0.0,0.0,0.0,0.056,15.2145,6.0,-1,20.14247901904275,55.0,0.004666666666666667,0.0,0.0,0.0,0.0,46.95722601697726,optimal
2021-02-09 10:30:00,1,1,1.692941476291738,0.0,0.0,0.0792,14.553,6.0,-1,20.0,55.0,0.004666666666666667,5925.295167021083,0.0,0.0,0.0,46.610329640114905,optimal
2021-02-09 11:00:00,1,1,2.0,0.0,0.0,0.1607333333333333,14.3325,6.0,-1,20.085170539541743,55.0,0.004666666666666667,7000.0,0.0,0.0,0.0,46.26378015962941,optimal
2021-02-09 11:30:00,1,1,2.0,0.0,0.0,0.066,14.595,6.0,-1,20.215237475425187,55.0,0.004666666666666667,7000.0,0.0,0.0,0.0,45.91757722862441,optimal
2021-02-09 12:00:00,1,1,0.0,0.0,0.0,0.05966666666666666,14.994,6.0,-1,20.34076383742344,55.0,0.004666666666666667,0.0,0.0,0.0,0.0,45.57172050055041,optimal
2021-02-09 12:30:00,1,1,2.0,0.0,0.0,0.14880000000000002,14.3325,6.0,-1,20.20127756560732,55.0,0.004666666666666667,7000.0,0.0,0.0,0.0,45.22620962920449,optimal
2021-02-09 13:00:00,1,1,2.0,0.0,0.0,0.09113333333333334,13.8915,6.0,-1,20.330413780920864,55.0,0.004666666666666667,7000.0,0.0,0.0,0.0,44.88104426872991,optimal
2021-02-09 13:30:00,1,1,2.0,0.0,0.0,0.1182,13.8915,6.0,-1,20.456024291203523,55.0,0.004666666666666667,7000.0,0.0,0.0,0.0,44.536224073615806,optimal
2021-02-09 14:00:00,1,1,2.0,0.0,0.0,0.14006666666666667,13.4715,6.0,-1,20.58098386608777,55.0,0.004666666666666667,7000.0,0.0,0.0,0.0,44.19174869869681,optimal
2021-02-09 14:30:00,1,1,2.0,0.0,0.0,0.2437333333333333,13.23,6.0,-1,20.70551647003061,55.0,0.004666666666666667,7000.0,0.0,0.0,0.0,43.847617799152744,optimal
2021-02-09 15:00:00,1,1,2.0,0.0,0.0,0.172,13.8915,6.0,-1,20.839465342078764,55.0,0.004666666666666667,7000.0,0.0,0.0,0.0,43.503831030508216,optimal
2021-02-09 15:30:00,1,1,0.0,0.0,0.0,0.06333333333333334,26.9325,6.0,-1,20.96286109864032,55.0,0.004666666666666667,0.0,0.0,0.0,0.0,43.160388048632335,optimal
2021-02-09 16:00:00,1,1,0.0,0.0,0.0,0.1008,30.303,6.0,-1,20.816505282705382,55.0,0.004666666666666667,0.0,0.0,0.0,0.0,42.817288509738326,optimal
2021-02-09 16:30:00,1,1,0.0,0.0,0.0,0.15213333333333331,32.886,6.0,-1,20.672554495065558,55.0,0.004666666666666667,0.0,0.0,0.0,0.0,42.47453207038321,optimal
2021-02-09 17:00:00,1,1,0.0,0.0,0.0,0.056,34.9965,6.0,-1,20.53112229373754,55.0,0.004666666666666667,0.0,0.0,0.0,0.0,42.13211838746745,optimal
2021-02-09 17:30:00,1,1,0.0,0.0,0.0,0.3,33.327,6.0,-1,20.38649290400351,55.0,0.004666666666666667,0.0,0.0,0.0,0.0,41.790047118234604,optimal
2021-02-09 18:00:00,1,1,0.0,0.0,0.0,1.1105999999999998,31.122,6.0,-1,20.255783690588427,55.0,0.0,0.0,0.0,0.0,0.0,41.448317920270995,optimal
2021-02-09 18:30:00,1,1,0.0,0.0,0.0,0.1662,17.9025,6.0,-1,20.13865986946991,55.0,0.0,0.0,0.0,0.0,0.0,41.10693045150535,optimal
2021-02-09 19:00:00,1,1,1.0645508543099418,0.0,0.0,0.07606666666666666,15.6555,6.0,-1,20.0,55.0,0.0,3725.9279900847964,0.0,0.0,0.0,40.76588437020847,optimal
2021-02-09 19:30:00,1,1,1.0562651400242444,0.0,0.0,0.1124,14.553,6.0,-1,20.0,55.0,0.0,3696.927990084855,0.0,0.0,0.0,40.42517933499288,optimal
2021-02-09 20:00:00,1,1,1.0463222828813912,0.0,0.0,0.1472,14.3325,6.0,-1,20.0,55.0,0.0,3662.1279900848695,0.0,0.0,0.0,40.08481500481251,optimal
2021-02-09 20:30:00,1,1,0.0,0.0,0.0,0.057,13.335,6.0,-1,20.0,55.0,0.0,0.0,0.0,0.0,0.0,39.744791038962326,optimal
2021-02-09 21:00:00,1,1,0.09952380952380951,0.0,0.0,0.8013666666666667,12.1275,6.0,-1,19.857837440443376,55.0,0.0033333333333333335,0.0,0.0,348.3333333333333,0.0,39.40510709707799,optimal
2021-02-09 21:30:00,1,1,0.0,0.0,0.0,0.3512,12.2955,6.0,-1,19.742495060647233,55.0,0.0,0.0,0.0,0.0,0.0,39.06576283913554,optimal
2021-02-09 22:00:00,1,1,0.0398095238095238,0.0,0.0,0.22319999999999998,11.6865,6.0,-1,19.621498069398264,55.0,0.0,0.0,0.0,139.33333333333331,0.0,38.726757925451025,optimal
2021-02-09 22:30:00,1,1,0.0,0.0,0.0,0.257,11.466,6.0,-1,19.502791239688026,55.0,0.0,0.0,0.0,0.0,0.0,38.3880920166802,optimal
2021-02-09 23:00:00,1,1,0.0,0.0,0.0,0.12826666666666667,10.8045,6.0,-1,19.39246252059485,55.0,0.0,0.0,0.0,0.0,0.0,38.349703924663515,optimal
2021-02-09 23:30:00,1,1,0.0,0.0,0.0,0.1936,10.584,6.0,-1,19.265129040829052,55.0,0.0,0.0,0.0,0.0,0.0,38.31135422073885,optimal
2021-02-10 00:00:00,1,1,2.0,0.0,0.0,0.063,11.844,6.0,-4,19.265129040829052,55.0,0.0,7000.0,0.0,0.0,0.0,38.27304286651811,optimal
2021-02-10 00:30:00,1,1,2.0,0.0,0.0,0.1174,11.508,6.0,-4,19.394268598198657,55.0,0.054,1357.0,0.0,5643.0,0.0,38.23476982365159,optimal
2021-02-10 01:00:00,1,1,2.0,0.0,0.0,0.15819999999999998,11.508,6.0,-4,19.310571785052918,55.0,0.054,7000.0,0.0,0.0,0.0,38.19653505382794,optimal
2021-02-10 01:30:00,1,1,2.0,0.0,7.0,0.128,10.4475,6.0,-4,19.44147933571618,55.0,0.054,7000.0,0.0,0.0,0.0,41.48333851877411,optimal
2021-02-10 02:00:00,1,1,2.0,0.0,7.0,0.19319999999999998,10.8675,6.0,-4,19.56952573320958,55.0,0.054,7000.0,0.0,0.0,0.0,44.76685518025534,optimal
2021-02-10 02:30:00,1,1,2.0,0.0,7.0,0.1174,10.542,6.0,-4,19.698336368191104,55.0,0.054,7000.0,0.0,0.0,0.0,48.04708832507509,optimal
2021-02-10 03:00:00,1,1,2.0,0.0,0.0,0.163,11.025,6.0,-4,19.823323760149524,55.0,0.054,7000.0,0.0,0.0,0.0,47.99904123675001,optimal
2021-02-10 03:30:00,1,1,2.0,0.0,0.9151401691891998,0.21259999999999998,11.025,6.0,-4,19.949102709976508,55.0,0.054,7000.0,0.0,0.0,0.0,48.38573377587813,optimal
2021-02-10 04:00:00,1,1,2.0,0.0,0.0,0.143,14.553,6.0,-4,20.075818434906676,55.0,0.054,7000.0,0.0,0.0,0.0,48.33734804210225,optimal
2021-02-10 04:30:00,1,1,2.0,0.0,0.0,0.083,13.0935,6.0,-4,20.198960750822316,55.0,0.054,7000.0,0.0,0.0,0.0,48.289010694060146,optimal
2021-02-10 05:00:00,1,1,2.0,0.0,0.0,0.21259999999999998,15.6345,6.0,-4,20.31817396256001,55.0,0.054,7000.0,0.0,0.0,0.0,48.240721683366075,optimal
2021-02-10 05:30:00,1,1,0.0,0.0,0.0,0.073,18.102,6.0,-4,20.440650157960476,55.0,0.054,0.0,0.0,0.0,0.0,48.192480961682705,optimal
2021-02-10 06:00:00,1,1,1.8480979411445213,0.0,0.0,0.2954,17.199,6.0,-4,20.29136728066442,55.0,0.054,6468.3427940058245,0.0,0.0,0.0,48.144288480721016,optimal
2021-02-10 06:30:00,1,1,0.0,0.0,0.0,0.14133333333333334,18.2805,6.0,-4,20.395218233599614,55.0,0.051333333333333335,0.0,0.0,0.0,0.0,48.096144192240295,optimal
2021-02-10 07:00:00,1,1,0.0,0.0,0.0,0.172,17.4615,6.0,-4,20.255535359394663,55.0,0.04933333333333333,0.0,0.0,0.0,0.0,48.048048048048045,optimal
2021-02-10 07:30:00,1,1,0.0,0.0,0.0,0.2998,18.3225,6.0,-4,20.12317845146175,55.0,0.030666666666666665,0.0,0.0,0.0,0.0,48.0,optimal
2021-02-10 08:00:00,1,1,0.9901791928311753,0.0,0.0,0.09040000000000001,17.094,6.0,-4,20.0,55.0,0.025333333333333333,3465.627174909114,0.0,0.0,0.0,47.82400725729748,optimal
2021-02-10 08:30:00,1,1,1.0850052414602545,0.0,0.0,1.6870333333333334,17.094,6.0,-4,20.0,55.0,0.008666666666666666,3797.5183451108906,0.0,0.0,0.0,47.64819050733767,optimal
2021-02-10 09:00:00,1,1,2.0,0.0,0.0,0.2402,17.094,6.0,-4,20.02856151789582,55.0,0.008666666666666666,7000.0,0.0,0.0,0.0,47.47254957412781,optimal
2021-02-10 09:30:00,1,1,0.0,0.0,0.0,0.245,17.3565,6.0,-4,20.149062315088774,55.0,0.008666666666666666,0.0,0.0,0.0,0.0,47.29708428185116,optimal
2021-02-10 10:00:00,1,1,2.0,0.0,0.0,0.1804,17.115,6.0,-4,20.005886739876853,55.0,0.008666666666666666,7000.0,0.0,0.0,0.0,47.121794454866794,optimal
2021-02-10 10:30:00,1,1,2.0,0.0,0.0,0.45030000000000003,17.241,6.0,-4,20.126207382266102,55.0,0.008666666666666666,7000.0,0.0,0.0,0.0,46.94667991770941,optimal
2021-02-10 11:00:00,1,1,2.0,0.0,0.0,0.078,17.094,6.0,-4,20.25618093031755,55.0,0.008666666666666666,7000.0,0.0,0.0,0.0,46.77174049508918,optimal
2021-02-10 11:30:00,1,1,2.0,0.0,0.0,0.1002,16.5165,6.0,-4,20.37624928817811,55.0,0.008666666666666666,7000.0,0.0,0.0,0.0,46.59697601189158,optimal
2021-02-10 12:00:00,1,1,2.0,0.0,0.0,0.2154,17.8185,6.0,-4,20.497006822776854,55.0,0.008666666666666666,7000.0,0.0,0.0,0.0,46.42238629317717,optimal
2021-02-10 12:30:00,1,1,2.0,0.0,0.0,0.153,17.094,6.0,-4,20.621961809752715,55.0,0.008666666666666666,7000.0,0.0,0.0,0.0,46.24797116418147,optimal
2021-02-10 13:00:00,1,1,2.0,0.0,0.0,0.2022,16.8945,6.0,-4,20.743628510737963,55.0,0.008666666666666666,7000.0,0.0,0.0,0.0,46.07373045031477,optimal
2021-02-10 13:30:00,1,1,2.0,0.0,0.0,0.1784,18.123,6.0,-4,20.866247510752558,55.0,0.008666666666666666,7000.0,0.0,0.0,0.0,45.899663977161936,optimal
2021-02-10 14:00:00,1,1,0.0,0.0,0.0,0.122,31.647,6.0,-4,20.988543862338275,55.0,0.008666666666666666,0.0,0.0,0.0,0.0,45.72577157048226,optimal
2021-02-10 14:30:00,1,1,0.0,0.0,0.0,0.2686,34.9965,6.0,-4,20.84483841606271,55.0,0.008666666666666666,0.0,0.0,0.0,0.0,45.55205305620926,optimal
2021-02-10 15:00:00,1,1,0.0,0.0,0.0,0.093,34.9965,6.0,-4,20.707741900379713,55.0,0.008666666666666666,0.0,0.0,0.0,0.0,45.37850826045053,optimal
2021-02-10 15:30:00,1,1,0.0,0.0,0.0,0.2226,34.9965,6.0,-4,20.565032822681623,55.0,0.008666666666666666,0.0,0.0,0.0,0.0,45.205137009487565,optimal
2021-02-10 16:00:00,1,1,0.0,0.0,0.0,0.073,34.9965,6.0,-4,20.426793035105234,55.0,0.008666666666666666,0.0,0.0,0.0,0.0,45.03193912977556,optimal
2021-02-10 16:30:00,1,1,0.0,0.0,0.0,0.209,34.9965,6.0,-4,20.282441462431567,55.0,0.008666666666666666,0.0,0.0,0.0,0.0,44.85891444794326,optimal
2021-02-10 17:00:00,1,1,0.0,0.0,0.0,0.1366,27.741,6.0,-4,20.14281319915011,55.0,0.008666666666666666,0.0,0.0,0.0,0.0,44.6860627907928,optimal
2021-02-10 17:30:00,1,1,1.0331564965949125,0.0,0.0,0.12533333333333332,19.026,6.0,-4,20.0,55.0,0.006,3616.047738082194,0.0,0.0,0.0,44.51338398529949,optimal
2021-02-10 18:00:00,1,1,0.8341108006942477,0.0,0.0,0.39966666666666667,18.7215,6.0,-4,20.0,55.0,0.004,2919.387802429867,0.0,0.0,0.0,44.34087785861168,optimal
2021-02-10 18:30:00,1,1,0.8369240625400051,0.0,0.0,0.4644666666666666,17.4195,6.0,-4,20.0,55.0,0.004,2929.2342188900175,0.0,0.0,0.0,44.16854423805055,optimal
2021-02-10 19:00:00,1,1,0.9174230386714501,0.0,0.0,0.36573333333333335,16.758,6.0,-4,20.0,55.0,0.0,3210.9806353500758,0.0,0.0,0.0,43.996382951109986,optimal
2021-02-10 19:30:00,1,1,0.8564610892297962,0.0,0.0,0.3619333333333333,14.217,6.0,-4,20.0,55.0,0.0,2997.613812304287,0.0,0.0,0.0,43.95238656815888,optimal
2021-02-10 20:00:00,1,1,0.5150134255024453,0.0,0.0,2.340333333333333,13.3665,6.0,-4,20.0,55.0,0.0,1802.5469892585586,0.0,0.0,0.0,43.90843418159072,optimal
2021-02-10 20:30:00,1,1,0.05971428571428571,0.0,0.0,0.6620333333333333,12.789,6.0,-4,20.0,55.0,0.0,0.0,0.0,209.0,0.0,43.86452574740913,optimal
2021-02-10 21:00:00,1,1,0.09952380952380951,0.0,0.0,0.5320666666666667,11.907,6.0,-4,19.887572483715427,55.0,0.0,0.0,0.0,348.3333333333333,0.0,43.82066122166172,optimal
2021-02-10 21:30:00,1,1,0.0199047619047619,0.0,0.0,0.4295,11.7075,6.0,-4,19.773563204020498,55.0,0.0,0.0,0.0,69.66666666666666,0.0,43.776840560440064,optimal
2021-02-10 22:00:00,1,1,0.0,0.0,0.0,0.073,10.8045,6.0,-4,19.650027811710505,55.0,0.0,0.0,0.0,0.0,0.0,43.733063719879624,optimal
2021-02-10 22:30:00,1,1,0.0,0.0,0.0,0.3226,11.508,6.0,-4,19.48354027908551,55.0,0.0,0.0,0.0,0.0,0.0,43.68933065615975,optimal
2021-02-10 23:00:00,1,1,0.0,0.0,0.0,0.073,11.508,6.0,-4,19.32586011651683,55.0,0.0,0.0,0.0,0.0,0.0,43.64564132550359,optimal
2021-02-10 23:30:00,1,1,0.0,0.0,0.0,0.073,11.508,6.0,-4,19.158062649072395,55.0,0.0,0.0,0.0,0.0,0.0,43.601995684178085,optimal
2021-02-11 00:00:00,1,1,2.0,0.0,0.0,0.055,11.2455,6.0,1,19.158062649072395,55.0,0.0,7000.0,0.0,0.0,0.0,43.55839368849391,optimal
2021-02-11 00:30:00,1,1,2.0,0.0,0.0,0.12713333333333335,11.025,6.0,1,19.257232317478124,55.0,0.016666666666666666,5258.333333333333,0.0,1741.6666666666667,0.0,43.514835294805415,optimal
2021-02-11 01:00:00,1,1,2.0,0.0,0.0,0.33593333333333336,12.0855,6.0,1,19.295652679773504,55.0,0.016666666666666666,7000.0,0.0,0.0,0.0,43.47132045951061,optimal
2021-02-11 01:30:00,1,1,2.0,0.0,0.0,0.3004,11.6865,6.0,1,19.415508904638966,55.0,0.016666666666666666,7000.0,0.0,0.0,0.0,43.4278491390511,optimal
2021-02-11 02:00:00,1,1,2.0,0.0,0.0,0.14623333333333333,11.2245,6.0,1,19.53471651283645,55.0,0.016666666666666666,7000.0,0.0,0.0,0.0,43.38442128991205,optimal
2021-02-11 02:30:00,1,1,2.0,0.0,0.0,0.13463333333333333,11.025,6.0,1,19.6360167905101,55.0,0.016666666666666666,7000.0,0.0,0.0,0.0,43.34103686862213,optimal
2021-02-11 03:00:00,1,1,2.0,0.0,0.0,0.08183333333333333,10.7835,6.0,1,19.735379167881185,55.0,0.016666666666666666,7000.0,0.0,0.0,0.0,43.29769583175351,optimal
2021-02-11 03:30:00,1,1,2.0,0.0,0.0,0.1814333333333333,11.025,6.0,1,19.8312616051576,55.0,0.016666666666666666,7000.0,0.0,0.0,0.0,43.254398135921754,optimal
2021-02-11 04:00:00,1,1,2.0,0.0,3.7779880336837315,0.0726,10.584,6.0,1,19.932054949690194,55.0,0.016666666666666666,7000.0,0.0,0.0,0.0,45.0056880537856,optimal
2021-02-11 04:30:00,1,1,2.0,0.0,0.0,0.055,11.025,6.0,1,20.029848302942145,55.0,0.016666666666666666,7000.0,0.0,0.0,0.0,44.96068236573181,optimal
2021-02-11 05:00:00,1,1,2.0,0.0,7.0,0.0872,10.4265,6.0,1,20.126248201743195,55.0,0.016666666666666666,7000.0,0.0,0.0,0.0,48.240721683366075,optimal
2021-02-11 05:30:00,1,1,2.0,0.0,0.0,0.14086666666666667,12.789,6.0,1,20.223146399857217,55.0,0.016666666666666666,7000.0,0.0,0.0,0.0,48.192480961682705,optimal
2021-02-11 06:00:00,1,1,2.0,0.0,0.0,0.10486666666666666,12.684,6.0,1,20.323212642373996,55.0,0.016666666666666666,7000.0,0.0,0.0,0.0,48.144288480721016,optimal
2021-02-11 06:30:00,1,1,2.0,0.0,0.0,0.05793333333333333,16.254,6.0,1,20.423035849442968,55.0,0.016666666666666666,7000.0,0.0,0.0,0.0,48.096144192240295,optimal
2021-02-11 07:00:00,1,1,2.0,0.0,0.0,0.3536,17.64,6.0,1,20.522204785986656,55.0,0.016666666666666666,7000.0,0.0,0.0,0.0,48.048048048048045,optimal
2021-02-11 07:30:00,1,1,0.0,0.0,0.0,0.2318,19.1625,6.0,1,20.636865848802874,55.0,0.004,0.0,0.0,0.0,0.0,48.0,optimal
2021-02-11 08:00:00,1,1,0.0,0.0,0.0,0.065,26.46,6.0,1,20.502734225078395,55.0,0.004,0.0,0.0,0.0,0.0,47.724729400265005,optimal
2021-02-11 08:30:00,1,1,0.0,0.0,0.0,0.23586666666666667,20.79,6.0,1,20.33300929660219,55.0,0.004,0.0,0.0,0.0,0.0,47.44973407112975,optimal
2021-02-11 09:00:00,1,1,0.0,0.0,0.0,0.065,29.106,6.0,1,20.169886414938773,55.0,0.004,0.0,0.0,0.0,0.0,47.175013737323624,optimal
2021-02-11 09:30:00,1,1,2.0,0.0,0.0,0.07966666666666668,19.1835,6.0,1,20.000406202223537,55.0,0.004,7000.0,0.0,0.0,0.0,46.90056812385131,optimal
2021-02-11 10:00:00,1,1,0.25350646099371577,0.0,0.0,0.10313333333333334,19.6665,6.0,1,20.109485010142585,55.0,0.004,887.2726134780053,0.0,0.0,0.0,46.62639695599246,optimal
2021-02-11 10:30:00,1,1,1.0606115943032683,0.0,0.0,0.22406666666666664,19.404,6.0,1,20.0,55.0,0.004,3712.140580061439,0.0,0.0,0.0,46.352499959301475,optimal
2021-02-11 11:00:00,1,1,0.7823028907320271,0.0,0.0,1.5686666666666667,19.047,6.0,1,20.0,55.0,0.004,2738.060117562095,0.0,0.0,0.0,46.07887685960718,optimal
2021-02-11 11:30:00,1,1,2.0,0.0,0.0,0.39066666666666666,18.858,6.0,1,20.0,55.0,0.004,7000.0,0.0,0.0,0.0,45.805527383012574,optimal
2021-02-11 12:00:00,1,1,0.014422987665505234,0.0,0.0,0.3789333333333333,19.2675,6.0,1,20.1432490013551,55.0,0.0,50.48045682926832,0.0,0.0,0.0,45.53245125589457,optimal
2021-02-11 12:30:00,1,1,2.0,0.0,0.0,0.1408,18.963,6.0,1,20.028047196307128,55.0,0.0,7000.0,0.0,0.0,0.0,45.259648204903684,optimal
2021-02-11 13:00:00,1,1,2.0,0.0,0.0,0.18306666666666663,18.438,6.0,1,20.163623936123564,55.0,0.0,7000.0,0.0,0.0,0.0,44.987117956963786,optimal
2021-02-11 13:30:00,1,1,2.0,0.0,0.0,0.065,18.7425,6.0,1,20.29960530607029,55.0,0.0,7000.0,0.0,0.0,0.0,44.71486023927183,optimal
2021-02-11 14:00:00,1,1,2.0,0.0,0.0,0.20366666666666663,15.2145,6.0,1,20.430858228536664,55.0,0.0,7000.0,0.0,0.0,0.0,44.44287477929756,optimal
2021-02-11 14:30:00,1,1,2.0,0.0,0.0,0.09720000000000001,17.7765,6.0,1,20.56711694785633,55.0,0.0,7000.0,0.0,0.0,0.0,44.17116130478327,optimal
2021-02-11 15:00:00,1,1,2.0,0.0,0.0,0.08646666666666666,16.758,6.0,1,20.695730925416743,55.0,0.0,7000.0,0.0,0.0,0.0,43.899719543743494,optimal
2021-02-11 15:30:00,1,1,2.0,0.0,0.0,0.20266666666666663,16.422,6.0,1,20.82037377942304,55.0,0.0,7000.0,0.0,0.0,0.0,43.628549224464756,optimal
2021-02-11 16:00:00,1,1,2.0,0.0,0.0,0.07673333333333333,16.758,6.0,1,20.939910528602255,55.0,0.0,7000.0,0.0,0.0,0.0,43.3576500755053,optimal
2021-02-11 16:30:00,1,1,0.0,0.0,0.0,0.2329333333333333,29.358,6.0,1,21.04523175920324,55.0,0.0,0.0,0.0,0.0,0.0,43.0870218256948,optimal
2021-02-11 17:00:00,1,1,0.0,0.0,0.0,0.06793333333333333,34.9965,6.0,1,20.884514478063725,55.0,0.0,0.0,0.0,0.0,0.0,42.81666420413411,optimal
2021-02-11 17:30:00,1,1,0.0,0.0,0.0,0.17383333333333334,34.65,6.0,1,20.712056139614322,55.0,0.0,0.0,0.0,0.0,0.0,42.54657694019499,optimal
2021-02-11 18:00:00,1,1,0.0,0.0,0.0,0.1270333333333333,34.9965,6.0,1,20.541530891088826,55.0,0.0,0.0,0.0,0.0,0.0,42.2767597635198,optimal
2021-02-11 18:30:00,1,1,0.0,0.0,0.0,0.065,34.9965,6.0,1,20.367155542431263,55.0,0.0,0.0,0.0,0.0,0.0,42.00721240402129,optimal
2021-02-11 19:00:00,1,1,0.0,0.0,0.0,0.10013333333333334,30.4815,6.0,1,20.185403320568053,55.0,0.0,0.0,0.0,0.0,0.0,41.73793459188227,optimal
2021-02-11 19:30:00,1,1,0.8983515616547113,0.0,0.0,1.7544000000000002,21.4305,6.0,1,20.0,55.0,0.0,3144.2304657914897,0.0,0.0,0.0,41.4689260575554,optimal
2021-02-11 20:00:00,1,1,1.3114923710604758,0.0,0.0,0.36133333333333334,14.3325,6.0,1,20.0,55.0,0.0,4590.223298711665,0.0,0.0,0.0,41.20018653176285,optimal
2021-02-11 20:30:00,1,1,0.05971428571428571,0.0,0.0,1.7940999999999998,13.692,6.0,1,20.0,55.0,0.002,0.0,0.0,209.0,0.0,40.9317157454961,optimal
2021-02-11 21:00:00,1,1,0.0,0.0,0.0,0.37796666666666656,14.007,6.0,1,19.84478562164669,55.0,0.0,0.0,0.0,0.0,0.0,40.890784029750606,optimal
2021-02-11 21:30:00,1,1,0.0199047619047619,0.0,0.0,0.3752,12.873,6.0,1,19.676455335027253,55.0,0.0,0.0,0.0,69.66666666666666,0.0,40.84989324572086,optimal
2021-02-11 22:00:00,1,1,0.0,0.0,0.0,0.2733333333333333,12.684,6.0,1,19.522611154738687,55.0,0.0,0.0,0.0,0.0,0.0,40.809043352475136,optimal
2021-02-11 22:30:00,1,1,0.0,0.0,0.0,0.11336666666666666,12.306,6.0,1,19.372601162448483,55.0,0.0,0.0,0.0,0.0,0.0,40.76823430912266,optimal
2021-02-11 23:00:00,1,1,0.0,0.0,0.0,0.16696666666666668,10.6365,6.0,1,19.19041499756822,55.0,0.0,0.0,0.0,0.0,0.0,40.72746607481354,optimal
2021-02-11 23:30:00,1,1,0.0,0.0,0.0,0.065,11.2455,6.0,1,19.007141088492176,55.0,0.0,0.0,0.0,0.0,0.0,40.68673860873873,optimal
2021-02-12 00:00:00,1,1,2.0,0.0,0.0,0.035666666666666666,10.8045,6.0,-4,19.007141088492176,55.0,0.0,6930.333333333333,0.0,69.66666666666666,0.0,40.64605187012999,optimal
2021-02-12 00:30:00,1,1,2.0,0.0,2.9508797293885443,0.044,10.059,6.0,-4,19.08276804677523,55.0,0.033999999999999996,3447.0000000000005,0.0,3552.9999999999995,0.0,42.00707368971941,optimal
2021-02-12 01:00:00,1,1,2.0,0.0,0.0,0.2177666666666667,10.584,6.0,-4,19.02398212692992,55.0,0.033999999999999996,7000.0,0.0,0.0,0.0,41.96506661602969,optimal
2021-02-12 01:30:00,1,1,2.0,0.0,7.0,0.0567,9.4185,6.0,-4,19.10642606238746,55.0,0.033999999999999996,7000.0,0.0,0.0,0.0,45.248101549413654,optimal
2021-02-12 02:00:00,1,1,2.0,0.0,0.0,0.1451,10.3635,6.0,-4,19.182915921029284,55.0,0.033999999999999996,7000.0,0.0,0.0,0.0,45.202853447864236,optimal
2021-02-12 02:30:00,1,1,2.0,0.0,7.0,0.13636666666666666,9.8385,6.0,-4,19.26292055345817,55.0,0.033999999999999996,7000.0,0.0,0.0,0.0,48.48265059441637,optimal
2021-02-12 03:00:00,1,1,2.0,0.0,0.0,0.051,11.067,6.0,-4,19.34423419872128,55.0,0.033999999999999996,7000.0,0.0,0.0,0.0,48.434167943821954,optimal
2021-02-12 03:30:00,1,1,2.0,0.0,0.0,0.23046666666666668,10.8465,6.0,-4,19.423952007246733,55.0,0.033999999999999996,7000.0,0.0,0.0,0.0,48.38573377587813,optimal
2021-02-12 04:00:00,1,1,2.0,0.0,0.0,0.037,13.671,6.0,-4,19.515070855732965,55.0,0.033999999999999996,7000.0,0.0,0.0,0.0,48.33734804210225,optimal
2021-02-12 04:30:00,1,1,2.0,0.0,0.0,0.12276666666666668,12.348,6.0,-4,19.60341692041117,55.0,0.033999999999999996,7000.0,0.0,0.0,0.0,48.289010694060146,optimal
2021-02-12 05:00:00,1,1,2.0,0.0,0.0,0.15869999999999998,14.3325,6.0,-4,19.69955989355934,55.0,0.033999999999999996,7000.0,0.0,0.0,0.0,48.240721683366075,optimal
2021-02-12 05:30:00,1,1,0.884543210895575,0.0,0.0,0.037,15.393,6.0,-4,19.801559056972852,55.0,0.033999999999999996,3095.9012381345124,0.0,0.0,0.0,48.192480961682705,optimal
2021-02-12 06:00:00,1,1,2.0,0.0,0.0,0.24446666666666667,13.587,6.0,-4,19.756669354047155,55.0,0.033999999999999996,7000.0,0.0,0.0,0.0,48.144288480721016,optimal
2021-02-12 06:30:00,1,1,0.0,0.0,0.0,0.4714666666666666,16.1385,6.0,-4,19.873403054680427,55.0,0.033333333333333326,0.0,0.0,0.0,0.0,48.096144192240295,optimal
2021-02-12 07:00:00,1,1,2.0,0.0,0.0,1.2269333333333334,14.595,6.0,-4,19.73520598014535,55.0,0.028666666666666663,7000.0,0.0,0.0,0.0,48.048048048048045,optimal
2021-02-12 07:30:00,1,1,2.0,0.0,0.0,0.9185333333333332,14.637,6.0,-4,19.873891765040913,55.0,0.0,7000.0,0.0,0.0,0.0,48.0,optimal
2021-02-12 08:00:00,1,1,1.3232929063584051,0.0,0.0,0.0645,13.9125,6.0,-4,20.0,55.0,0.0,4631.525172254418,0.0,0.0,0.0,47.75016381561382,optimal
2021-02-12 08:30:00,1,1,2.0,0.0,0.0,0.23696666666666666,13.3665,6.0,-4,20.0,55.0,0.0,7000.0,0.0,0.0,0.0,47.50057746741202,optimal
2021-02-12 09:00:00,1,1,2.0,0.0,0.0,0.047,13.0095,6.0,-4,20.094503147399053,55.0,0.0,7000.0,0.0,0.0,0.0,47.25124070555843,optimal
2021-02-12 09:30:00,1,1,0.0,0.0,0.0,0.0575,13.8915,6.0,-4,20.179635607077536,55.0,0.0,0.0,0.0,0.0,0.0,47.00215328046669,optimal
2021-02-12 10:00:00,1,1,2.0,0.0,0.0,0.24396666666666667,13.188,6.0,-4,20.016470342810067,55.0,0.0,7000.0,0.0,0.0,0.0,46.753314942800046,optimal
2021-02-12 10:30:00,1,1,2.0,0.0,0.0,0.047,12.5685,6.0,-4,20.14240486552933,55.0,0.0,7000.0,0.0,0.0,0.0,46.50472544347107,optimal
2021-02-12 11:00:00,1,1,2.0,0.0,0.0,0.15596666666666667,12.285,6.0,-4,20.26294003286561,55.0,0.0,7000.0,0.0,0.0,0.0,46.256384533641416,optimal
2021-02-12 11:30:00,1,1,2.0,0.0,0.0,0.1455,11.487,6.0,-4,20.38967379582252,55.0,0.0,7000.0,0.0,0.0,0.0,46.00829196472159,optimal
2021-02-12 12:00:00,1,1,2.0,0.0,0.0,0.06406666666666666,11.802,6.0,-4,20.51544048349143,55.0,0.0,7000.0,0.0,0.0,0.0,45.76044748837069,optimal
2021-02-12 12:30:00,1,1,2.0,0.0,0.0,0.2374,11.2245,6.0,-4,20.637566282711617,55.0,0.0,7000.0,0.0,0.0,0.0,45.51285085649614,optimal
2021-02-12 13:00:00,1,1,2.0,0.0,0.0,0.047,11.025,6.0,-4,20.765703036236427,55.0,0.0,7000.0,0.0,0.0,0.0,45.26550182125346,optimal
2021-02-12 13:30:00,1,1,2.0,0.0,0.0,0.11266666666666668,11.907,6.0,-4,20.88606463869314,55.0,0.0,7000.0,0.0,0.0,0.0,45.01840013504602,optimal
2021-02-12 14:00:00,1,1,0.0,0.0,0.0,0.1258,25.83,6.0,-4,21.00726535966631,55.0,0.0,0.0,0.0,0.0,0.0,44.77154555052479,optimal
2021-02-12 14:30:00,1,1,0.0,0.0,0.0,0.05356666666666667,28.035,6.0,-4,20.86286434135871,55.0,0.0,0.0,0.0,0.0,0.0,44.524937820588086,optimal
2021-02-12 15:00:00,1,1,0.0,0.0,0.0,0.2479,28.119,6.0,-4,20.716065234786768,55.0,0.0,0.0,0.0,0.0,0.0,44.278576698381315,optimal
2021-02-12 15:30:00,1,1,0.0,0.0,0.0,0.047,30.156,6.0,-4,20.576956410784163,55.0,0.0,0.0,0.0,0.0,0.0,44.03246193729675,optimal
2021-02-12 16:00:00,1,1,0.0,0.0,0.0,0.103,29.1585,6.0,-4,20.430176734322405,55.0,0.0,0.0,0.0,0.0,0.0,43.78659329097327,optimal
2021-02-12 16:30:00,1,1,0.0,0.0,0.0,0.06056666666666667,26.712,6.0,-4,20.28548866280162,55.0,0.0,0.0,0.0,0.0,0.0,43.54097051329612,optimal
2021-02-12 17:00:00,1,1,0.04422088885748019,0.0,0.0,0.1849,15.435,6.0,-4,20.13804046087406,55.0,0.0,154.77311100118067,0.0,0.0,0.0,43.29559335839664,optimal
2021-02-12 17:30:00,1,1,1.1074592534379921,0.0,0.0,0.11,13.566,6.0,-4,20.0,55.0,0.0,3876.107387032973,0.0,0.0,0.0,43.05046158065206,optimal
2021-02-12 18:00:00,1,1,1.2326060191213164,0.0,0.0,0.22313333333333332,12.789,6.0,-4,20.0,55.0,0.003590306561622604,3729.934031235045,0.0,584.1870356895622,0.0,42.805574934685225,optimal
2021-02-12 18:30:00,1,1,2.0,0.0,0.0,0.1447,12.1275,6.0,-4,20.0,55.0,0.004666666666666667,6887.5203690228955,0.0,112.47963097710453,0.0,42.56093317536436,optimal
2021-02-12 19:00:00,1,1,0.0,0.0,0.0,0.3131333333333333,13.671,6.0,-4,20.12602677085216,55.0,0.0,0.0,0.0,0.0,0.0,42.316536057802814,optimal
2021-02-12 19:30:00,1,1,1.9323998540012577,0.0,0.0,0.3841,10.668,6.0,-4,20.0,55.0,0.0033333333333333327,6275.732822337734,0.0,487.66666666666663,0.0,42.27421952174501,optimal
2021-02-12 20:00:00,1,1,0.0,0.0,0.0,0.2615,11.7285,6.0,-4,20.121932803736257,55.0,0.0006666666666666665,0.0,0.0,0.0,0.0,42.23194530222327,optimal
2021-02-12 20:30:00,1,1,0.0,0.0,0.0,0.3898666666666667,11.025,6.0,-4,20.0,55.0,0.0006666666666666665,0.0,0.0,0.0,0.0,42.18971335692104,optimal
2021-02-12 21:00:00,1,1,0.0,0.0,0.0,0.30056666666666665,10.689,6.0,-4,19.87915768089855,55.0,0.0,0.0,0.0,0.0,0.0,42.14752364356412,optimal
2021-02-12 21:30:00,1,1,0.49761904761904757,0.0,0.0,0.3650333333333334,8.1585,6.0,-4,19.753117665241202,55.0,0.016666666666666663,0.0,0.0,1741.6666666666665,0.0,42.10537611992056,optimal
2021-02-12 22:00:00,1,1,0.0,0.0,0.0,0.46623333333333333,10.3635,6.0,-4,19.631883649309916,55.0,0.005826666666666666,0.0,0.0,0.0,0.0,42.063270743800636,optimal
2021-02-12 22:30:00,1,1,0.0,0.0,0.0,0.3249666666666666,10.8045,6.0,-4,19.51413032040792,55.0,0.0,0.0,0.0,0.0,0.0,42.02120747305683,optimal
2021-02-12 23:00:00,1,1,0.0,0.0,0.0,0.15906666666666666,11.025,6.0,-4,19.389085257644933,55.0,0.0,0.0,0.0,0.0,0.0,41.97918626558378,optimal
2021-02-12 23:30:00,1,1,0.0,0.0,0.0,0.2509333333333333,10.3635,6.0,-4,19.26231341747108,55.0,0.0,0.0,0.0,0.0,0.0,41.93720707931819,optimal
2021-02-13 00:00:00,1,1,2.0,0.0,0.0,0.063,9.261,6.0,-2,19.26231341747108,55.0,0.0,7000.0,0.0,0.0,0.0,41.89526987223887,optimal
2021-02-13 00:30:00,1,1,2.0,0.0,0.0,0.096,8.1585,6.0,-2,19.386289236940087,55.0,0.06698564593301436,0.0,0.0,7000.0,0.0,41.85337460236663,optimal
2021-02-13 01:00:00,1,1,2.0,0.0,0.0,0.08940000000000001,9.4815,6.0,-2,19.246510664523264,55.0,0.09466666666666666,4107.333333333334,0.0,2892.6666666666665,0.0,41.81152122776426,optimal
2021-02-13 01:30:00,1,1,2.0,0.0,0.0,0.2559,8.379,6.0,-2,19.26306575576373,55.0,0.09466666666666666,7000.0,0.0,0.0,0.0,41.769709706536496,optimal
2021-02-13 02:00:00,1,1,2.0,0.0,0.0,0.13316666666666666,9.5235,6.0,-2,19.395440942498755,55.0,0.09466666666666666,7000.0,0.0,0.0,0.0,41.72793999682996,optimal
2021-02-13 02:30:00,1,1,2.0,0.0,0.5800482088594693,0.0861,8.1375,6.0,-2,19.522565752019833,55.0,0.09466666666666666,7000.0,0.0,0.0,0.0,41.96173495604137,optimal
2021-02-13 03:00:00,1,1,2.0,0.0,0.0,0.27196666666666663,10.0905,6.0,-2,19.64696538193392,55.0,0.09466666666666666,7000.0,0.0,0.0,0.0,41.91977322108532,optimal
2021-02-13 03:30:00,1,1,2.0,0.0,7.0,0.094,7.539,6.0,-2,19.777460022203883,55.0,0.09466666666666666,7000.0,0.0,0.0,0.0,45.202853447864236,optimal
2021-02-13 04:00:00,1,1,2.0,0.0,7.0,0.1869,7.938,6.0,-2,19.899886667973497,55.0,0.09466666666666666,7000.0,0.0,0.0,0.0,48.48265059441637,optimal
2021-02-13 04:30:00,1,1,2.0,0.0,0.0,0.20216666666666663,8.274,6.0,-2,20.024538379682916,55.0,0.09466666666666666,7000.0,0.0,0.0,0.0,48.434167943821954,optimal
2021-02-13 05:00:00,1,1,2.0,0.0,0.0,0.0993,9.261,6.0,-2,20.148093209187376,55.0,0.09466666666666666,7000.0,0.0,0.0,0.0,48.38573377587813,optimal
2021-02-13 05:30:00,1,1,2.0,0.0,0.0,0.0861,9.9225,6.0,-2,20.266096420071275,55.0,0.09466666666666666,7000.0,0.0,0.0,0.0,48.33734804210225,optimal
2021-02-13 06:00:00,1,1,2.0,0.0,0.0,0.26480000000000004,9.702,6.0,-2,20.381976849598217,55.0,0.09466666666666666,7000.0,0.0,0.0,0.0,48.289010694060146,optimal
2021-02-13 06:30:00,1,1,2.0,0.0,0.0,0.12426666666666668,10.584,6.0,-2,20.503000019371644,55.0,0.09466666666666666,7000.0,0.0,0.0,0.0,48.240721683366075,optimal
2021-02-13 07:00:00,1,1,2.0,0.0,0.0,0.062,10.143,6.0,-2,20.617439933950383,55.0,0.09333333333333334,7000.0,0.0,0.0,0.0,48.192480961682705,optimal
2021-02-13 07:30:00,1,1,0.0,0.0,0.0,0.30956666666666666,13.0095,6.0,-2,20.734316788451252,55.0,0.08133333333333333,0.0,0.0,0.0,0.0,48.144288480721016,optimal
2021-02-13 08:00:00,1,1,2.0,0.0,0.0,0.24916666666666662,11.025,6.0,-2,20.6014593801405,55.0,0.07466666666666667,7000.0,0.0,0.0,0.0,48.096144192240295,optimal
2021-02-13 08:30:00,1,1,0.0,0.0,0.0,0.181,12.789,6.0,-2,20.735240811989364,55.0,0.054,0.0,0.0,0.0,0.0,48.048048048048045,optimal
2021-02-13 09:00:00,1,1,0.0,0.0,0.0,0.3129666666666666,12.1275,6.0,-2,20.60029492083937,55.0,0.054,0.0,0.0,0.0,0.0,48.0,optimal
2021-02-13 09:30:00,1,1,2.0,0.0,0.0,0.12240000000000001,12.1695,6.0,-2,20.465735804199923,55.0,0.054,7000.0,0.0,0.0,0.0,47.74684386624907,optimal
2021-02-13 10:00:00,1,1,1.4817825985187811,0.0,0.0,0.2178333333333333,12.306,6.0,-2,20.575525998643766,55.0,0.054,5186.2390948157345,0.0,0.0,0.0,47.4939408886319,optimal
2021-02-13 10:30:00,1,1,0.0,0.0,0.0,0.13183333333333333,13.23,6.0,-2,20.621067007413057,55.0,0.054,0.0,0.0,0.0,0.0,47.24129081399234,optimal
2021-02-13 11:00:00,1,1,0.0,0.0,0.0,0.0885,13.671,6.0,-2,20.467463595557206,55.0,0.054,0.0,0.0,0.0,0.0,46.988893389427425,optimal
2021-02-13 11:30:00,1,1,0.0,0.0,0.0,0.3073666666666667,13.9335,6.0,-2,20.313739943602048,55.0,0.054,0.0,0.0,0.0,0.0,46.736748362287074,optimal
2021-02-13 12:00:00,1,1,0.0,0.0,0.0,0.0862,13.293,6.0,-2,20.169802483594637,55.0,0.054,0.0,0.0,0.0,0.0,46.48485548017386,optimal
2021-02-13 12:30:00,1,1,2.0,0.0,0.0,0.17716666666666667,12.1065,6.0,-2,20.018954482035237,55.0,0.054,7000.0,0.0,0.0,0.0,46.233214490942764,optimal
2021-02-13 13:00:00,1,1,2.0,0.0,0.0,0.26589999999999997,11.571,6.0,-2,20.13786183723846,55.0,0.054,7000.0,0.0,0.0,0.0,45.9818251427009,optimal
2021-02-13 13:30:00,1,1,2.0,0.0,0.0,0.24946666666666667,11.025,6.0,-2,20.26458953853253,55.0,0.052,7000.0,0.0,0.0,0.0,45.73068718380727,optimal
2021-02-13 14:00:00,1,1,2.0,0.0,0.0,0.5759,10.8465,6.0,-2,20.39928710640726,55.0,0.052,7000.0,0.0,0.0,0.0,45.47980036287254,optimal
2021-02-13 14:30:00,1,1,2.0,0.0,0.0,1.7422,11.2455,6.0,-2,20.540593061720525,55.0,0.052,7000.0,0.0,0.0,0.0,45.22916442875874,optimal
2021-02-13 15:00:00,1,1,0.0,0.0,0.0,0.7121333333333333,23.8665,6.0,-2,20.69207635497167,55.0,0.052,0.0,0.0,0.0,0.0,44.978779130579056,optimal
2021-02-13 15:30:00,1,1,0.0,0.0,0.0,0.42053333333333337,27.4575,6.0,-2,20.576302759165962,55.0,0.052,0.0,0.0,0.0,0.0,44.933800351448475,optimal
2021-02-13 16:00:00,1,1,0.0,0.0,0.0,0.4639666666666666,27.3735,6.0,-2,20.463271278229087,55.0,0.052,0.0,0.0,0.0,0.0,44.888866551097024,optimal
2021-02-13 16:30:00,1,1,0.0,0.0,0.0,0.6779333333333333,30.4605,6.0,-2,20.350608379743637,55.0,0.050666666666666665,0.0,0.0,0.0,0.0,44.843977684545926,optimal
2021-02-13 17:00:00,1,1,0.0,0.0,0.0,0.6053666666666667,30.0195,6.0,-2,20.25519556749329,55.0,0.007333333333333333,0.0,0.0,0.0,0.0,44.79913370686138,optimal
2021-02-13 17:30:00,1,1,0.0,0.0,0.0,1.1780666666666666,26.9325,6.0,-2,20.168133403263983,55.0,0.0033333333333333327,0.0,0.0,0.0,0.0,44.75433457315452,optimal
2021-02-13 18:00:00,1,1,0.0,0.0,0.0,1.7497333333333331,14.595,6.0,-2,20.079783065453334,55.0,0.0019999999999999996,0.0,0.0,0.0,0.0,44.70958023858137,optimal
2021-02-13 18:30:00,1,1,0.7377659047502755,0.0,0.0,0.8491333333333333,12.4845,6.0,-2,20.0,55.0,0.0019999999999999996,2582.180666625964,0.0,0.0,0.0,44.664870658342785,optimal
2021-02-13 19:00:00,1,1,0.8390706577190884,0.0,0.0,0.2307,12.1275,6.0,-2,20.0,55.0,0.0019999999999999996,2936.7473020168095,0.0,0.0,0.0,44.62020578768444,optimal
2021-02-13 19:30:00,1,1,1.5723791058499115,0.0,0.0,0.3877,12.1275,6.0,-2,20.0,55.0,0.0006666666666666665,5503.32687047469,0.0,0.0,0.0,44.57558558189675,optimal
2021-02-13 20:00:00,1,1,0.0,0.0,0.0,0.3922333333333333,12.789,6.0,-2,20.104830221445855,55.0,0.0006666666666666665,0.0,0.0,0.0,0.0,44.53100999631486,optimal
2021-02-13 20:30:00,1,1,0.0,0.0,0.0,0.3146333333333333,11.907,6.0,-2,20.0,55.0,0.0,0.0,0.0,0.0,0.0,44.486478986318545,optimal
2021-02-13 21:00:00,1,1,0.0,0.0,0.0,0.5958333333333333,11.025,6.0,-2,19.885232974697356,55.0,0.0,0.0,0.0,0.0,0.0,44.44199250733222,optimal
2021-02-13 21:30:00,1,1,0.29857142857142854,0.0,0.0,0.39,8.2005,6.0,-2,19.77757960271057,55.0,0.005333333333333332,0.0,0.0,1045.0,0.0,44.39755051482489,optimal
2021-02-13 22:00:00,1,1,0.0,0.0,0.0,0.5183333333333334,9.5655,6.0,-2,19.670319223865842,55.0,0.0,0.0,0.0,0.0,0.0,44.35315296431007,optimal
2021-02-13 22:30:00,1,1,0.0398095238095238,0.0,0.0,0.5526666666666666,7.056,6.0,-2,19.57151463452806,55.0,0.0,0.0,0.0,139.33333333333331,0.0,44.30879981134576,optimal
2021-02-13 23:00:00,1,1,0.0,0.0,0.0,0.21506666666666663,9.3975,6.0,-2,19.47247622753968,55.0,0.0,0.0,0.0,0.0,0.0,44.26449101153441,optimal
2021-02-13 23:30:00,1,1,0.0,0.0,0.0,0.173,10.059,6.0,-2,19.337293438701987,55.0,0.0,0.0,0.0,0.0,0.0,44.22022652052288,optimal
2021-02-07 00:00:00,2,1,0.0,0.0,0.0,0.067,9.261,6.0,0,21.0,55.0,0.12,0.0,0.0,0.0,0.0,47.952,optimal
2021-02-07 00:30:00,2,1,0.0,0.0,0.0,0.17973333333333333,10.3635,6.0,0,20.871289611435948,55.0,0.12,0.0,0.0,0.0,0.0,47.904047999999996,optimal
2021-02-07 01:00:00,2,1,0.0,0.0,0.0,0.12440000000000001,8.274,6.0,0,20.747052016503915,55.0,0.12,0.0,0.0,0.0,0.0,47.856143952,optimal
2021-02-07 01:30:00,2,1,0.0,0.0,0.0,0.252,7.7175,6.0,0,20.620904575409284,55.0,0.12,0.0,0.0,0.0,0.0,47.80828780804799,optimal
2021-02-07 02:00:00,2,1,1.0363274442163655,0.0,0.0,0.09073333333333332,6.615,6.0,0,20.500144971079433,55.0,0.12,3627.1460547572788,0.0,0.0,0.0,47.76047952023995,optimal
2021-02-07 02:30:00,2,1,2.0,0.0,0.0,0.17636666666666667,6.174,6.0,0,20.510848477298996,55.0,0.12,7000.0,0.0,0.0,0.0,47.712719040719705,optimal
2021-02-07 03:00:00,2,1,2.0,0.0,0.0,0.2178333333333333,3.906,6.0,0,20.651383946946254,55.0,0.12,7000.0,0.0,0.0,0.0,47.66500632167899,optimal
2021-02-07 03:30:00,2,1,2.0,0.0,0.0,0.07343333333333334,2.3415,6.0,0,20.791694000288302,55.0,0.12,7000.0,0.0,0.0,0.0,47.61734131535731,optimal
2021-02-07 04:00:00,2,1,2.0,0.0,0.0,0.2021,2.205,6.0,0,20.925131035764732,55.0,0.12,7000.0,0.0,0.0,0.0,47.56972397404195,optimal
2021-02-07 04:30:00,2,1,2.0,0.0,1.61443461893103,0.13226666666666667,0.882,6.0,0,21.062062324195654,55.0,0.12,7000.0,0.0,0.0,0.0,48.289010694060146,optimal
2021-02-07 05:00:00,2,1,2.0,0.0,0.0,0.2555,1.5435,6.0,0,21.19533528358585,55.0,0.12,7000.0,0.0,0.0,0.0,48.240721683366075,optimal
2021-02-07 05:30:00,2,1,2.0,0.0,0.0,0.07476666666666666,1.5435,6.0,0,21.332270950225823,55.0,0.12,7000.0,0.0,0.0,0.0,48.192480961682705,optimal
2021-02-07 06:00:00,2,1,2.0,0.0,0.0,0.077,5.0715,6.0,0,21.46130824066601,55.0,0.12,7000.0,0.0,0.0,0.0,48.144288480721016,optimal
2021-02-07 06:30:00,2,1,2.0,0.0,0.0,0.3372,5.376,6.0,0,21.5891411728086,55.0,0.12,7000.0,0.0,0.0,0.0,48.096144192240295,optimal
2021-02-07 07:00:00,2,1,2.0,0.0,0.0,0.07566666666666667,5.0715,6.0,0,21.725479248861884,55.0,0.11866666666666667,7000.0,0.0,0.0,0.0,48.048048048048045,optimal
2021-02-07 07:30:00,2,1,2.0,0.0,0.0,0.5905,5.5125,6.0,0,21.857758178335676,55.0,0.11066666666666666,7000.0,0.0,0.0,0.0,48.0,optimal
2021-02-07 08:00:00,2,1,0.9067382588947934,0.0,0.0,1.8733666666666664,9.261,6.0,0,22.0,55.0,0.10666666666666667,3173.583906131777,0.0,0.0,0.0,47.09820119220299,optimal
2021-02-07 08:30:00,2,1,0.0,0.0,0.0,0.06833333333333333,11.7075,6.0,0,22.0,55.0,0.10666666666666667,0.0,0.0,0.0,0.0,46.19730418321378,optimal
2021-02-07 09:00:00,2,1,0.0,0.0,0.0,0.077,12.348,6.0,0,21.849670496930294,55.0,0.10666666666666667,0.0,0.0,0.0,0.0,45.29730807123356,optimal
2021-02-07 09:30:00,2,1,0.0,0.0,0.0,0.2921666666666667,12.348,6.0,0,21.70008844078739,55.0,0.10666666666666667,0.0,0.0,0.0,0.0,44.39821195536532,optimal
2021-02-07 10:00:00,2,1,0.0,0.0,0.0,0.12203333333333331,12.1275,6.0,0,21.560121941377616,55.0,0.10666666666666667,0.0,0.0,0.0,0.0,43.500014935612946,optimal
2021-02-07 10:30:00,2,1,0.0,0.0,0.0,0.10666666666666669,12.5265,6.0,0,21.415143283110453,55.0,0.10666666666666667,0.0,0.0,0.0,0.0,42.60271611288033,optimal
2021-02-07 11:00:00,2,1,0.0,0.0,0.0,0.30110000000000003,11.7495,6.0,0,21.26991918114098,55.0,0.10666666666666667,0.0,0.0,0.0,0.0,41.70631458897044,optimal
2021-02-07 11:30:00,2,1,0.0,0.0,0.0,0.08476666666666667,13.23,6.0,0,21.132377409362753,55.0,0.10666666666666667,0.0,0.0,0.0,0.0,40.810809466584466,optimal
2021-02-07 12:00:00,2,1,0.0,0.0,0.0,0.43639999999999995,14.3325,6.0,0,20.98991648345571,55.0,0.10666666666666667,0.0,0.0,0.0,0.0,39.916199849320876,optimal
2021-02-07 12:30:00,2,1,0.0,0.0,0.0,0.19069999999999998,14.994,6.0,0,20.865567606657724,55.0,0.10666666666666667,0.0,0.0,0.0,0.0,39.02248484167455,optimal
2021-02-07 13:00:00,2,1,0.0,0.0,0.0,0.20433333333333328,14.8155,6.0,0,20.729121586332017,55.0,0.10666666666666667,0.0,0.0,0.0,0.0,38.983462356832874,optimal
2021-02-07 13:30:00,2,1,0.0,0.0,0.0,0.22669999999999998,14.112,6.0,0,20.604042143512746,55.0,0.10666666666666667,0.0,0.0,0.0,0.0,38.94447889447604,optimal
2021-02-07 14:00:00,2,1,0.0,0.0,0.0,0.1537666666666667,14.007,6.0,0,20.47860602908134,55.0,0.10533333333333333,0.0,0.0,0.0,0.0,38.90553441558156,optimal
2021-02-07 14:30:00,2,1,0.0,0.0,0.0,0.3561666666666667,13.23,6.0,0,20.364791706550033,55.0,0.10333333333333333,0.0,0.0,0.0,0.0,38.86662888116598,optimal
2021-02-07 15:00:00,2,1,2.0,0.0,0.0,1.9095333333333333,11.382,6.0,0,20.265660808070187,55.0,0.098,7000.0,0.0,0.0,0.0,38.82776225228481,optimal
2021-02-07 15:30:00,2,1,1.1967703028830838,0.0,0.0,1.188233333333333,11.7495,6.0,0,20.43860580787446,55.0,0.09266666666666666,4188.696060090793,0.0,0.0,0.0,38.78893449003253,optimal
2021-02-07 16:00:00,2,1,0.0,0.0,0.0,3.1058000000000003,24.3285,6.0,0,20.51711741693038,55.0,0.07533333333333334,0.0,0.0,0.0,0.0,38.750145555542495,optimal
2021-02-07 16:30:00,2,1,0.0,0.0,0.0,3.3418666666666668,28.917,6.0,0,20.448882898000896,55.0,0.072,0.0,0.0,0.0,0.0,38.711395409986956,optimal
2021-02-07 17:00:00,2,1,0.0,0.0,0.0,3.419633333333333,31.3635,6.0,0,20.397165764603063,55.0,0.06933333333333333,0.0,0.0,0.0,0.0,38.672684014576966,optimal
2021-02-07 17:30:00,2,1,0.0,0.0,0.0,2.2531333333333334,33.306,6.0,0,20.380725444243595,55.0,0.068,0.0,0.0,0.0,0.0,38.63401133056239,optimal
2021-02-07 18:00:00,2,1,0.0,0.0,0.0,2.4421999999999997,31.3425,6.0,0,20.32354630198413,55.0,0.066,0.0,0.0,0.0,0.0,38.59537731923182,optimal
2021-02-07 18:30:00,2,1,0.0,0.0,0.0,2.6686,28.2555,6.0,0,20.24023933675685,55.0,0.05266666666666667,0.0,0.0,0.0,0.0,38.55678194191259,optimal
2021-02-07 19:00:00,2,1,0.0,0.0,0.0,0.554,15.6975,6.0,0,20.168066523164086,55.0,0.048666666666666664,0.0,0.0,0.0,0.0,38.518225159970676,optimal
2021-02-07 19:30:00,2,1,0.0,0.0,0.0,2.1375666666666664,12.5475,6.0,0,20.08458629733894,55.0,0.04666666666666667,0.0,0.0,0.0,0.0,38.47970693481071,optimal
2021-02-07 20:00:00,2,1,0.6172548246808318,0.0,0.0,1.4591333333333334,12.0855,6.0,0,20.0,55.0,0.044,2160.3918863829113,0.0,0.0,0.0,38.4412272278759,optimal
2021-02-07 20:30:00,2,1,0.0,0.0,0.0,2.1761,11.907,6.0,0,20.0,55.0,0.044,0.0,0.0,0.0,0.0,38.40278600064802,optimal
2021-02-07 21:00:00,2,1,0.0,0.0,0.0,0.8021666666666666,12.5685,6.0,0,19.922847911221428,55.0,0.044,0.0,0.0,0.0,0.0,38.364383214647376,optimal
2021-02-07 21:30:00,2,1,0.0,0.0,0.0,0.8414333333333333,13.146,6.0,0,19.84215009257164,55.0,0.042666666666666665,0.0,0.0,0.0,0.0,38.32601883143273,optimal
2021-02-07 22:00:00,2,1,0.0,0.0,0.0,0.4530666666666667,10.584,6.0,0,19.76153212116647,55.0,0.04,0.0,0.0,0.0,0.0,38.28769281260129,optimal
2021-02-07 22:30:00,2,1,0.0,0.0,0.0,2.045233333333333,6.678,6.0,0,19.672735007329308,55.0,0.03666666666666667,0.0,0.0,0.0,0.0,38.24940511978869,optimal
2021-02-07 23:00:00,2,1,0.0,0.0,0.0,0.13633333333333333,7.938,6.0,0,19.58778592021221,55.0,0.03666666666666667,0.0,0.0,0.0,0.0,38.211155714668905,optimal
2021-02-07 23:30:00,2,1,0.0,0.0,0.0,2.9641666666666664,5.292,6.0,0,19.46364302672552,55.0,0.03666666666666667,0.0,0.0,0.0,0.0,38.172944558954235,optimal
2021-02-08 00:00:00,2,1,2.0,0.0,0.0,1.234,10.143,6.0,3,19.46364302672552,55.0,0.03666666666666667,7000.0,0.0,0.0,0.0,38.134771614395284,optimal
2021-02-08 00:30:00,2,1,0.0,0.0,0.0,0.07753333333333333,11.2455,6.0,3,19.616351592523863,55.0,0.036,0.0,0.0,0.0,0.0,38.09663684278089,optimal
2021-02-08 01:00:00,2,1,1.5923809523809522,0.0,0.0,0.066,11.025,6.0,3,19.489095258405282,55.0,0.08933333333333333,0.0,0.0,5573.333333333333,0.0,38.05854020593811,optimal
2021-02-08 01:30:00,2,1,2.0,0.0,0.0,0.066,5.9745,6.0,3,19.360122324220193,55.0,0.08933333333333333,7000.0,0.0,0.0,0.0,38.02048166573217,optimal
2021-02-08 02:00:00,2,1,2.0,0.0,0.0,0.066,7.938,6.0,3,19.496187702697494,55.0,0.08933333333333333,7000.0,0.0,0.0,0.0,37.98246118406644,optimal
2021-02-08 02:30:00,2,1,2.0,0.0,0.0,0.10126666666666669,8.6835,6.0,3,19.63086691087902,55.0,0.08933333333333333,7000.0,0.0,0.0,0.0,37.94447872288237,optimal
2021-02-08 03:00:00,2,1,2.0,0.0,0.0,0.1216,7.665,6.0,3,19.771410661605824,55.0,0.08933333333333333,7000.0,0.0,0.0,0.0,37.90653424415949,optimal
2021-02-08 03:30:00,2,1,2.0,0.0,0.0,0.066,6.7725,6.0,3,19.918357054501765,55.0,0.08933333333333333,7000.0,0.0,0.0,0.0,37.86862770991533,optimal
2021-02-08 04:00:00,2,1,2.0,0.0,1.7852342719698293,0.066,5.5755,6.0,3,20.050263634563596,55.0,0.08933333333333333,7000.0,0.0,0.0,0.0,38.67874536139108,optimal
2021-02-08 04:30:00,2,1,2.0,0.0,7.0,0.066,5.0925,6.0,3,20.18081502700293,55.0,0.08933333333333333,7000.0,0.0,0.0,0.0,41.96506661602969,optimal
2021-02-08 05:00:00,2,1,2.0,0.0,7.0,0.066,4.1895,6.0,3,20.30964883235291,55.0,0.08933333333333333,7000.0,0.0,0.0,0.0,45.248101549413654,optimal
2021-02-08 05:30:00,2,1,2.0,0.0,0.0,0.066,7.056,6.0,3,20.43677784648251,55.0,0.08933333333333333,7000.0,0.0,0.0,0.0,45.202853447864236,optimal
2021-02-08 06:00:00,2,1,2.0,0.0,7.0,0.066,5.271,6.0,3,20.562587265425112,55.0,0.08933333333333333,7000.0,0.0,0.0,0.0,48.48265059441637,optimal
2021-02-08 06:30:00,2,1,2.0,0.0,0.0,0.066,7.938,6.0,3,20.687086920045893,55.0,0.08933333333333333,7000.0,0.0,0.0,0.0,48.434167943821954,optimal
2021-02-08 07:00:00,2,1,2.0,0.0,0.0,0.066,7.938,6.0,3,20.810286567970977,55.0,0.08933333333333333,7000.0,0.0,0.0,0.0,48.38573377587813,optimal
2021-02-08 07:30:00,2,1,2.0,0.0,0.0,0.066,11.907,6.0,3,20.93219589413305,55.0,0.08933333333333333,7000.0,0.0,0.0,0.0,48.33734804210225,optimal
2021-02-08 08:00:00,2,1,2.0,0.0,0.0,0.066,11.025,6.0,3,21.05394199779035,55.0,0.08933333333333333,7000.0,0.0,0.0,0.0,48.289010694060146,optimal
2021-02-08 08:30:00,2,1,2.0,0.0,0.0,0.066,11.2875,6.0,3,21.175526094973687,55.0,0.08933333333333333,7000.0,0.0,0.0,0.0,48.240721683366075,optimal
2021-02-08 09:00:00,2,1,0.0,0.0,0.0,0.066,12.936,6.0,3,21.29545941060892,55.0,0.08933333333333333,0.0,0.0,0.0,0.0,48.192480961682705,optimal
2021-02-08 09:30:00,2,1,0.0,0.0,0.0,0.066,13.0095,6.0,3,21.149304273340647,55.0,0.08933333333333333,0.0,0.0,0.0,0.0,48.144288480721016,optimal
2021-02-08 10:00:00,2,1,0.0,0.0,0.0,0.208,13.671,6.0,3,21.005355465146497,55.0,0.07,0.0,0.0,0.0,0.0,48.096144192240295,optimal
2021-02-08 10:30:00,2,1,0.0,0.0,0.0,0.3466,13.188,6.0,3,20.87848382617026,55.0,0.068,0.0,0.0,0.0,0.0,48.048048048048045,optimal
2021-02-08 11:00:00,2,1,0.0,0.0,0.0,1.6903333333333332,13.8495,6.0,3,20.758578269218017,55.0,0.068,0.0,0.0,0.0,0.0,48.0,optimal
2021-02-08 11:30:00,2,1,0.0,0.0,0.0,1.6941,13.23,6.0,3,20.675966158273372,55.0,0.068,0.0,0.0,0.0,0.0,47.85032732970371,optimal
2021-02-08 12:00:00,2,1,0.0,0.0,0.0,0.28953333333333336,13.3665,6.0,3,20.560166243111876,55.0,0.066,0.0,0.0,0.0,0.0,47.700804332077716,optimal
2021-02-08 12:30:00,2,1,1.9184506379200579,0.0,0.0,0.3318,13.0515,6.0,3,20.43485377173497,55.0,0.06266666666666666,6714.577232720203,0.0,0.0,0.0,47.55143085744935,optimal
2021-02-08 13:00:00,2,1,0.0,0.0,0.0,0.36939999999999995,13.5345,6.0,3,20.565604252846423,55.0,0.06066666666666667,0.0,0.0,0.0,0.0,47.40220675629561,optimal
2021-02-08 13:30:00,2,1,0.0,0.0,0.0,0.2035,14.154,6.0,3,20.43674137819262,55.0,0.06066666666666667,0.0,0.0,0.0,0.0,47.25313187924303,optimal
2021-02-08 14:00:00,2,1,0.0,0.0,0.0,0.066,14.112,6.0,3,20.296890668265977,55.0,0.06066666666666667,0.0,0.0,0.0,0.0,47.104206077067495,optimal
2021-02-08 14:30:00,2,1,0.0,0.0,0.0,0.066,14.2485,6.0,3,20.157787913979337,55.0,0.06066666666666667,0.0,0.0,0.0,0.0,46.95542920069414,optimal
2021-02-08 15:00:00,2,1,2.0,0.0,0.0,0.066,12.789,6.0,3,20.018603976194523,55.0,0.06066666666666667,7000.0,0.0,0.0,0.0,46.80680110119716,optimal
2021-02-08 15:30:00,2,1,2.0,0.0,0.0,0.066,13.0095,6.0,3,20.14378942875821,55.0,0.06066666666666667,7000.0,0.0,0.0,0.0,46.65832162979967,optimal
2021-02-08 16:00:00,2,1,2.0,0.0,0.0,0.26026666666666665,12.1275,6.0,3,20.268414756478297,55.0,0.058666666666666666,7000.0,0.0,0.0,0.0,46.509990637873585,optimal
2021-02-08 16:30:00,2,1,2.0,0.0,0.0,0.3038666666666667,12.348,6.0,3,20.40559077369273,55.0,0.05733333333333333,7000.0,0.0,0.0,0.0,46.361807976939424,optimal
2021-02-08 17:00:00,2,1,2.0,0.0,0.0,1.8755,12.348,6.0,3,20.548331664635406,55.0,0.05333333333333334,7000.0,0.0,0.0,0.0,46.2137734986662,optimal
2021-02-08 17:30:00,2,1,0.0,0.0,0.0,0.512,25.389,6.0,3,20.706282644994488,55.0,0.051333333333333335,0.0,0.0,0.0,0.0,46.06588705487125,optimal
2021-02-08 18:00:00,2,1,0.0,0.0,0.0,0.406,29.1375,6.0,3,20.593230544245746,55.0,0.051333333333333335,0.0,0.0,0.0,0.0,45.918148497520086,optimal
2021-02-08 18:30:00,2,1,0.0,0.0,0.0,0.4003,30.597,6.0,3,20.476498328829287,55.0,0.048666666666666664,0.0,0.0,0.0,0.0,45.77055767872628,optimal
2021-02-08 19:00:00,2,1,0.0,0.0,0.0,0.5636,33.684,6.0,3,20.357962041573025,55.0,0.04666666666666667,0.0,0.0,0.0,0.0,45.62311445075126,optimal
2021-02-08 19:30:00,2,1,0.0,0.0,0.0,0.208,32.445,6.0,3,20.24566281635344,55.0,0.04666666666666667,0.0,0.0,0.0,0.0,45.47581866600422,optimal
2021-02-08 20:00:00,2,1,0.0,0.0,0.0,0.2698333333333333,28.917,6.0,3,20.120098482020772,55.0,0.043333333333333335,0.0,0.0,0.0,0.0,45.43034284733822,optimal
2021-02-08 20:30:00,2,1,0.0,0.0,0.0,0.334,15.876,6.0,3,20.0,55.0,0.043333333333333335,0.0,0.0,0.0,0.0,45.38491250449088,optimal
2021-02-08 21:00:00,2,1,0.0,0.0,0.0,0.27476666666666666,12.348,6.0,3,19.89046176373338,55.0,0.043333333333333335,0.0,0.0,0.0,0.0,45.33952759198639,optimal
2021-02-08 21:30:00,2,1,0.0,0.0,0.0,0.2847333333333333,12.1275,6.0,3,19.775608622049106,55.0,0.043333333333333335,0.0,0.0,0.0,0.0,45.294188064394405,optimal
2021-02-08 22:00:00,2,1,0.0,0.0,0.0,0.347,12.348,6.0,3,19.654390882580472,55.0,0.043333333333333335,0.0,0.0,0.0,0.0,45.24889387633001,optimal
2021-02-08 22:30:00,2,1,0.0,0.0,0.0,0.3133333333333333,12.1275,6.0,3,19.54273429286274,55.0,0.023333333333333334,0.0,0.0,0.0,0.0,45.20364498245368,optimal
2021-02-08 23:00:00,2,1,0.0,0.0,0.0,0.24163333333333334,12.1275,6.0,3,19.433287446133733,55.0,0.023333333333333334,0.0,0.0,0.0,0.0,45.15844133747123,optimal
2021-02-08 23:30:00,2,1,0.0,0.0,0.0,0.216,11.2665,6.0,3,19.32117177838996,55.0,0.0,0.0,0.0,0.0,0.0,45.11328289613376,optimal
2021-02-09 00:00:00,2,1,2.0,0.0,0.0,0.062,11.6865,6.0,3,19.32117177838996,55.0,0.0,7000.0,0.0,0.0,0.0,45.06816961323763,optimal
2021-02-09 00:30:00,2,1,2.0,0.0,0.0,0.104,11.466,6.0,3,19.45134602581958,55.0,0.052,1566.0,0.0,5434.0,0.0,45.02310144362439,optimal
2021-02-09 01:00:00,2,1,2.0,0.0,0.0,0.074,10.8045,6.0,3,19.377220947203835,55.0,0.052,7000.0,0.0,0.0,0.0,44.978078342180766,optimal
2021-02-09 01:30:00,2,1,2.0,0.0,7.0,0.164,10.584,6.0,3,19.508175967171752,55.0,0.052,7000.0,0.0,0.0,0.0,48.258100263838585,optimal
2021-02-09 02:00:00,2,1,2.0,0.0,0.0,0.10959999999999999,11.2455,6.0,3,19.640810464122755,55.0,0.052,7000.0,0.0,0.0,0.0,48.20984216357475,optimal
2021-02-09 02:30:00,2,1,2.0,0.0,0.0,0.10959999999999999,12.1275,6.0,3,19.769656700979958,55.0,0.052,7000.0,0.0,0.0,0.0,48.161632321411176,optimal
2021-02-09 03:00:00,2,1,2.0,0.0,0.0,0.218,11.823,6.0,3,19.897915540480604,55.0,0.052,7000.0,0.0,0.0,0.0,48.113470689089766,optimal
2021-02-09 03:30:00,2,1,2.0,0.0,0.0,0.062,11.7705,6.0,3,20.029686555382348,55.0,0.052,7000.0,0.0,0.0,0.0,48.06535721840068,optimal
2021-02-09 04:00:00,2,1,2.0,0.0,0.0,0.252,11.13,6.0,3,20.15532742258127,55.0,0.052,7000.0,0.0,0.0,0.0,48.01729186118228,optimal
2021-02-09 04:30:00,2,1,2.0,0.0,0.0,0.0756,11.6865,6.0,3,20.28795519542684,55.0,0.052,7000.0,0.0,0.0,0.0,47.969274569321094,optimal
2021-02-09 05:00:00,2,1,2.0,0.0,0.0,0.1028,10.7205,6.0,3,20.412185773056375,55.0,0.052,7000.0,0.0,0.0,0.0,47.921305294751775,optimal
2021-02-09 05:30:00,2,1,2.0,0.0,0.0,0.22946666666666668,11.424,6.0,3,20.535773430128877,55.0,0.052,7000.0,0.0,0.0,0.0,47.873383989457025,optimal
2021-02-09 06:00:00,2,1,2.0,0.0,1.0775524981782707,0.06733333333333333,10.689,6.0,3,20.66304935551389,55.0,0.052,7000.0,0.0,0.0,0.0,48.33734804210225,optimal
2021-02-09 06:30:00,2,1,2.0,0.0,0.0,0.1866,11.361,6.0,3,20.783226735964842,55.0,0.052,7000.0,0.0,0.0,0.0,48.289010694060146,optimal
2021-02-09 07:00:00,2,1,2.0,0.0,0.0,0.141,11.571,6.0,3,20.90684351976432,55.0,0.052,7000.0,0.0,0.0,0.0,48.240721683366075,optimal
2021-02-09 07:30:00,2,1,0.0,0.0,0.0,0.062,14.3745,6.0,3,21.027444171505145,55.0,0.052,0.0,0.0,0.0,0.0,48.192480961682705,optimal
2021-02-09 08:00:00,2,1,2.0,0.0,0.0,0.3512,13.23,6.0,3,20.87896689003526,55.0,0.048,7000.0,0.0,0.0,0.0,48.144288480721016,optimal
2021-02-09 08:30:00,2,1,0.0,0.0,0.0,0.09029999999999999,13.9755,6.0,3,21.011502699651228,55.0,0.044,0.0,0.0,0.0,0.0,48.096144192240295,optimal
2021-02-09 09:00:00,2,1,0.0,0.0,0.0,1.4295333333333333,14.994,6.0,3,20.87750104258578,55.0,0.04,0.0,0.0,0.0,0.0,48.048048048048045,optimal
2021-02-09 09:30:00,2,1,2.0,0.0,0.0,0.5496666666666666,13.671,6.0,3,20.78246287767797,55.0,0.03666666666666667,7000.0,0.0,0.0,0.0,48.0,optimal
2021-02-09 10:00:00,2,1,0.0,0.0,0.0,0.062,15.981,6.0,3,20.929044388693193,55.0,0.03666666666666667,0.0,0.0,0.0,0.0,47.884775950213935,optimal
2021-02-09 10:30:00,2,1,0.0,0.0,0.0,0.062,15.6345,6.0,3,20.780913310676194,55.0,0.03666666666666667,0.0,0.0,0.0,0.0,47.76966712447766,optimal
2021-02-09 11:00:00,2,1,0.0,0.0,0.0,0.13366666666666666,16.5375,6.0,3,20.635748273298717,55.0,0.03666666666666667,0.0,0.0,0.0,0.0,47.65467340756712,optimal
2021-02-09 11:30:00,2,1,0.0,0.0,0.0,0.14826666666666669,14.7735,6.0,3,20.49609612554736,55.0,0.03666666666666667,0.0,0.0,0.0,0.0,47.53979468437349,optimal
2021-02-09 12:00:00,2,1,0.0,0.0,0.0,0.09773333333333332,15.2145,6.0,3,20.358370657715426,55.0,0.03666666666666667,0.0,0.0,0.0,0.0,47.42503083990305,optimal
2021-02-09 12:30:00,2,1,0.0,0.0,0.0,0.2332,14.553,6.0,3,20.220185024377805,55.0,0.03666666666666667,0.0,0.0,0.0,0.0,47.310381759277085,optimal
2021-02-09 13:00:00,2,1,2.0,0.0,0.0,0.092,14.3325,6.0,3,20.0879000312062,55.0,0.03666666666666667,7000.0,0.0,0.0,0.0,47.19584732773175,optimal
2021-02-09 13:30:00,2,1,0.42958469313129816,0.0,0.0,0.1492,14.595,6.0,3,20.215343692058646,55.0,0.03666666666666667,1503.5464259595435,0.0,0.0,0.0,47.08142743061796,optimal
2021-02-09 14:00:00,2,1,0.0,0.0,0.0,0.15506666666666666,14.994,6.0,3,20.135902649040702,55.0,0.03666666666666667,0.0,0.0,0.0,0.0,46.967121953401275,optimal
2021-02-09 14:30:00,2,1,1.0083355985921405,0.0,0.0,0.09396666666666668,14.3325,6.0,3,20.0,55.0,0.03666666666666667,3529.1745950724912,0.0,0.0,0.0,46.85293078166181,optimal
2021-02-09 15:00:00,2,1,1.510209556058389,0.0,0.0,0.2854333333333333,13.8915,6.0,3,20.0,55.0,0.03666666666666667,5285.733446204362,0.0,0.0,0.0,46.73885380109409,optimal
2021-02-09 15:30:00,2,1,2.0,0.0,0.0,0.27393333333333336,13.8915,6.0,3,20.077351571883273,55.0,0.03666666666666667,7000.0,0.0,0.0,0.0,46.62489089750693,optimal
2021-02-09 16:00:00,2,1,2.0,0.0,0.0,1.8635333333333333,13.4715,6.0,3,20.220405343959936,55.0,0.03266666666666666,7000.0,0.0,0.0,0.0,46.51104195682336,optimal
2021-02-09 16:30:00,2,1,2.0,0.0,0.0,0.36319999999999997,13.23,6.0,3,20.37907739761626,55.0,0.03266666666666666,7000.0,0.0,0.0,0.0,46.39730686508047,optimal
2021-02-09 17:00:00,2,1,2.0,0.0,0.0,0.35946666666666666,13.8915,6.0,3,20.522192364408046,55.0,0.029333333333333333,7000.0,0.0,0.0,0.0,46.28368550842933,optimal
2021-02-09 17:30:00,2,1,0.0,0.0,0.0,0.4443333333333333,26.9325,6.0,3,20.666876065584994,55.0,0.024666666666666667,0.0,0.0,0.0,0.0,46.17017777313484,optimal
2021-02-09 18:00:00,2,1,0.0,0.0,0.0,0.3967,30.303,6.0,3,20.54810822723377,55.0,0.020666666666666667,0.0,0.0,0.0,0.0,46.124007595361704,optimal
2021-02-09 18:30:00,2,1,0.0,0.0,0.0,0.30519999999999997,32.886,6.0,3,20.429880407482976,55.0,0.012666666666666666,0.0,0.0,0.0,0.0,46.077883587766344,optimal
2021-02-09 19:00:00,2,1,0.0,0.0,0.0,0.2803333333333333,34.9965,6.0,3,20.316295614742913,55.0,0.006,0.0,0.0,0.0,0.0,46.03180570417858,optimal
2021-02-09 19:30:00,2,1,0.0,0.0,0.0,0.3476,33.327,6.0,3,20.206950540063616,55.0,0.0019999999999999996,0.0,0.0,0.0,0.0,45.9857738984744,optimal
2021-02-09 20:00:00,2,1,0.0,0.0,0.0,0.4829,31.122,6.0,3,20.100684271802777,55.0,0.0019999999999999996,0.0,0.0,0.0,0.0,45.93978812457593,optimal
2021-02-09 20:30:00,2,1,0.0,0.0,0.0,0.5596666666666666,17.9025,6.0,3,20.0,55.0,0.001333333333333333,0.0,0.0,0.0,0.0,45.89384833645135,optimal
2021-02-09 21:00:00,2,1,0.0,0.0,0.0,0.22326666666666667,15.6555,6.0,3,19.896768254093452,55.0,0.001333333333333333,0.0,0.0,0.0,0.0,45.847954488114894,optimal
2021-02-09 21:30:00,2,1,0.0,0.0,0.0,0.49460000000000004,14.553,6.0,3,19.780110155141802,55.0,0.001333333333333333,0.0,0.0,0.0,0.0,45.80210653362678,optimal
2021-02-09 22:00:00,2,1,0.0,0.0,0.0,0.4068333333333333,14.3325,6.0,3,19.677588734231588,55.0,0.0,0.0,0.0,0.0,0.0,45.75630442709315,optimal
2021-02-09 22:30:00,2,1,0.0,0.0,0.0,0.5429666666666667,13.335,6.0,3,19.567518297432205,55.0,0.0,0.0,0.0,0.0,0.0,45.710548122666054,optimal
2021-02-09 23:00:00,2,1,0.0,0.0,0.0,0.3476,12.1275,6.0,3,19.463531436142286,55.0,0.0,0.0,0.0,0.0,0.0,45.66483757454339,optimal
2021-02-09 23:30:00,2,1,0.0,0.0,0.0,0.099,12.2955,6.0,3,19.34442305270221,55.0,0.0,0.0,0.0,0.0,0.0,45.61917273696885,optimal
2021-02-10 00:00:00,2,1,2.0,0.0,0.0,0.05546666666666667,11.7075,6.0,1,19.34442305270221,55.0,0.0,7000.0,0.0,0.0,0.0,45.57355356423188,optimal
2021-02-10 00:30:00,2,1,2.0,0.0,0.0,0.045,10.8045,6.0,1,19.482430370809624,55.0,0.062,521.0,0.0,6479.0,0.0,45.52798001066765,optimal
2021-02-10 01:00:00,2,1,2.0,0.0,0.0,0.045,11.508,6.0,1,19.363792710539244,55.0,0.062,7000.0,0.0,0.0,0.0,45.48245203065698,optimal
2021-02-10 01:30:00,2,1,2.0,0.0,0.0,0.045,11.508,6.0,1,19.490061236992567,55.0,0.062,7000.0,0.0,0.0,0.0,45.436969578626325,optimal
2021-02-10 02:00:00,2,1,2.0,0.0,0.0,0.111,11.508,6.0,1,19.614644083322027,55.0,0.062,7000.0,0.0,0.0,0.0,45.3915326090477,optimal
2021-02-10 02:30:00,2,1,2.0,0.0,0.0,0.045,11.844,6.0,1,19.74004719313742,55.0,0.062,7000.0,0.0,0.0,0.0,45.346141076438656,optimal
2021-02-10 03:00:00,2,1,2.0,0.0,0.0,0.045,11.508,6.0,1,19.862022675645004,55.0,0.062,7000.0,0.0,0.0,0.0,45.30079493536222,optimal
2021-02-10 03:30:00,2,1,2.0,0.0,0.0,0.111,11.508,6.0,1,19.983089451804055,55.0,0.062,7000.0,0.0,0.0,0.0,45.255494140426855,optimal
2021-02-10 04:00:00,2,1,2.0,0.0,6.991459220855049,0.045,10.4475,6.0,1,20.105747676839783,55.0,0.062,7000.0,0.0,0.0,0.0,48.53118177619257,optimal
2021-02-10 04:30:00,2,1,2.0,0.0,0.0,0.045,10.8675,6.0,1,20.22499872371186,55.0,0.062,7000.0,0.0,0.0,0.0,48.48265059441637,optimal
2021-02-10 05:00:00,2,1,2.0,0.0,0.0,0.08166666666666667,10.542,6.0,1,20.342616370050326,55.0,0.062,7000.0,0.0,0.0,0.0,48.434167943821954,optimal
2021-02-10 05:30:00,2,1,2.0,0.0,0.0,0.07433333333333333,11.025,6.0,1,20.459997998677924,55.0,0.062,7000.0,0.0,0.0,0.0,48.38573377587813,optimal
2021-02-10 06:00:00,2,1,2.0,0.0,0.0,0.05666666666666666,11.025,6.0,1,20.5754831109421,55.0,0.062,7000.0,0.0,0.0,0.0,48.33734804210225,optimal
2021-02-10 06:30:00,2,1,2.0,0.0,0.0,1.2359666666666667,14.553,6.0,1,20.68853175006438,55.0,0.056,7000.0,0.0,0.0,0.0,48.289010694060146,optimal
2021-02-10 07:00:00,2,1,2.0,0.0,0.0,0.096,13.0935,6.0,1,20.824650756134822,55.0,0.052,7000.0,0.0,0.0,0.0,48.240721683366075,optimal
2021-02-10 07:30:00,2,1,2.0,0.0,0.0,0.2523,15.6345,6.0,1,20.95143860562522,55.0,0.04666666666666667,7000.0,0.0,0.0,0.0,48.192480961682705,optimal
2021-02-10 08:00:00,2,1,0.0,0.0,0.0,0.154,18.102,6.0,1,21.089385143797664,55.0,0.04533333333333334,0.0,0.0,0.0,0.0,48.144288480721016,optimal
2021-02-10 08:30:00,2,1,0.0,0.0,0.0,1.018,17.199,6.0,1,20.95774648483281,55.0,0.026,0.0,0.0,0.0,0.0,48.096144192240295,optimal
2021-02-10 09:00:00,2,1,0.0,0.0,0.0,0.26646666666666663,18.2805,6.0,1,20.833949105113774,55.0,0.02,0.0,0.0,0.0,0.0,48.048048048048045,optimal
2021-02-10 09:30:00,2,1,0.0,0.0,0.0,0.4044,17.4615,6.0,1,20.711040505186574,55.0,0.010666666666666666,0.0,0.0,0.0,0.0,48.0,optimal
2021-02-10 10:00:00,2,1,0.0,0.0,0.0,0.066,18.3225,6.0,1,20.593500644183976,55.0,0.010666666666666666,0.0,0.0,0.0,0.0,47.772356088066665,optimal
2021-02-10 10:30:00,2,1,0.0,0.0,0.0,0.11,17.094,6.0,1,20.443951711650246,55.0,0.010666666666666666,0.0,0.0,0.0,0.0,47.544939820045265,optimal
2021-02-10 11:00:00,2,1,0.0,0.0,0.0,0.055,17.094,6.0,1,20.29829664862264,55.0,0.010666666666666666,0.0,0.0,0.0,0.0,47.31775096829189,optimal
2021-02-10 11:30:00,2,1,0.9930666195568475,0.0,0.0,0.066,17.094,6.0,1,20.152766370418064,55.0,0.010666666666666666,3475.7331684489664,0.0,0.0,0.0,47.09078930539027,optimal
2021-02-10 12:00:00,2,1,0.0,0.0,0.0,0.11,17.3565,6.0,1,20.140789054473302,55.0,0.010666666666666666,0.0,0.0,0.0,0.0,46.86405460415154,optimal
2021-02-10 12:30:00,2,1,2.0,0.0,0.0,0.055,17.115,6.0,1,20.0,55.0,0.010666666666666666,7000.0,0.0,0.0,0.0,46.63754663761406,optimal
2021-02-10 13:00:00,2,1,2.0,0.0,0.0,0.055,17.241,6.0,1,20.122631961508453,55.0,0.010666666666666666,7000.0,0.0,0.0,0.0,46.41126517904311,optimal
2021-02-10 13:30:00,2,1,2.0,0.0,0.0,0.055,17.094,6.0,1,20.244350325428947,55.0,0.010666666666666666,7000.0,0.0,0.0,0.0,46.185210001930734,optimal
2021-02-10 14:00:00,2,1,2.0,0.0,0.0,0.121,16.5165,6.0,1,20.366651880481104,55.0,0.010666666666666666,7000.0,0.0,0.0,0.0,45.95938087999547,optimal
2021-02-10 14:30:00,2,1,0.3461444193441624,0.0,0.0,0.055,17.8185,6.0,1,20.49202566697194,55.0,0.010666666666666666,1211.5054677045684,0.0,0.0,0.0,45.733777587182146,optimal
2021-02-10 15:00:00,2,1,2.0,0.0,0.0,0.121,17.094,6.0,1,20.39529101409068,55.0,0.010666666666666666,7000.0,0.0,0.0,0.0,45.50839989766163,optimal
2021-02-10 15:30:00,2,1,2.0,0.0,0.0,0.19876666666666667,16.8945,6.0,1,20.52045143934631,55.0,0.009333333333333334,7000.0,0.0,0.0,0.0,45.28324758583064,optimal
2021-02-10 16:00:00,2,1,2.0,0.0,0.0,0.121,18.123,6.0,1,20.662136659556758,55.0,0.009333333333333334,7000.0,0.0,0.0,0.0,45.058320426311475,optimal
2021-02-10 16:30:00,2,1,0.0,0.0,0.0,0.22426666666666667,31.647,6.0,1,20.782329141462643,55.0,0.007333333333333333,0.0,0.0,0.0,0.0,44.83361819395183,optimal
2021-02-10 17:00:00,2,1,0.0,0.0,0.0,0.3041333333333333,34.9965,6.0,1,20.651728285802374,55.0,0.006666666666666667,0.0,0.0,0.0,0.0,44.60914066382454,optimal
2021-02-10 17:30:00,2,1,0.0,0.0,0.0,0.27996666666666664,34.9965,6.0,1,20.52901362183969,55.0,0.006666666666666667,0.0,0.0,0.0,0.0,44.384887611227384,optimal
2021-02-10 18:00:00,2,1,0.0,0.0,0.0,1.3236333333333334,34.9965,6.0,1,20.407459737995403,55.0,0.004,0.0,0.0,0.0,0.0,44.16085881168282,optimal
2021-02-10 18:30:00,2,1,0.0,0.0,0.0,2.6374666666666666,34.9965,6.0,1,20.310252766377747,55.0,0.002,0.0,0.0,0.0,0.0,43.9370540409378,optimal
2021-02-10 19:00:00,2,1,0.0,0.0,0.0,0.4276666666666667,34.9965,6.0,1,20.22685119411706,55.0,0.0,0.0,0.0,0.0,0.0,43.71347307496353,optimal
2021-02-10 19:30:00,2,1,0.0,0.0,0.0,0.47103333333333336,27.741,6.0,1,20.11103663064476,55.0,0.0,0.0,0.0,0.0,0.0,43.49011568995523,optimal
2021-02-10 20:00:00,2,1,1.0407943778834083,0.0,0.0,0.15033333333333335,19.026,6.0,1,20.0,55.0,0.0,3642.7803225919292,0.0,0.0,0.0,43.26698166233194,optimal
2021-02-10 20:30:00,2,1,0.0,0.0,0.0,0.055,18.7215,6.0,1,20.0,55.0,0.0,0.0,0.0,0.0,0.0,43.044070768736276,optimal
2021-02-10 21:00:00,2,1,0.0,0.0,0.0,0.055,17.4195,6.0,1,19.845889627362748,55.0,0.0,0.0,0.0,0.0,0.0,42.821382786034206,optimal
2021-02-10 21:30:00,2,1,0.0,0.0,0.0,0.121,16.758,6.0,1,19.692554867616046,55.0,0.0,0.0,0.0,0.0,0.0,42.598917491314836,optimal
2021-02-10 22:00:00,2,1,0.0,0.0,0.0,0.055,14.217,6.0,1,19.532053454169287,55.0,0.0,0.0,0.0,0.0,0.0,42.376674661890185,optimal
2021-02-10 22:30:00,2,1,0.0,0.0,0.0,0.066,13.3665,6.0,1,19.35945200705678,55.0,0.0,0.0,0.0,0.0,0.0,42.154654075294964,optimal
2021-02-10 23:00:00,2,1,0.0,0.0,0.0,0.11,12.789,6.0,1,19.186689511943587,55.0,0.0,0.0,0.0,0.0,0.0,41.932855509286334,optimal
2021-02-10 23:30:00,2,1,0.0,0.0,0.0,0.17306666666666667,11.907,6.0,1,19.015013861345206,55.0,0.0,0.0,0.0,0.0,0.0,41.89092265377705,optimal
2021-02-11 00:00:00,2,1,2.0,0.0,0.0,0.062,11.025,6.0,-4,19.015013861345206,55.0,0.0,7000.0,0.0,0.0,0.0,41.84903173112327,optimal
2021-02-11 00:30:00,2,1,2.0,0.0,0.7288731394001203,0.13566666666666666,10.7835,6.0,-4,19.115407900306437,55.0,0.06698564593301436,0.0,0.0,7000.0,0.0,42.1533974406072,optimal
2021-02-11 01:00:00,2,1,2.0,0.0,0.0,0.075,11.025,6.0,-4,18.954132053418594,55.0,0.08133333333333333,5500.666666666667,0.0,1499.3333333333333,0.0,42.11124404316659,optimal
2021-02-11 01:30:00,2,1,2.0,0.0,7.0,0.062,10.584,6.0,-4,19.000318094398285,55.0,0.08133333333333333,7000.0,0.0,0.0,0.0,45.394132799123426,optimal
2021-02-11 02:00:00,2,1,2.0,0.0,0.0,0.26553333333333334,11.025,6.0,-4,19.102311597468344,55.0,0.08133333333333333,7000.0,0.0,0.0,0.0,45.3487386663243,optimal
2021-02-11 02:30:00,2,1,2.0,0.0,7.0,0.07933333333333333,10.4265,6.0,-4,19.21123445587579,55.0,0.08133333333333333,7000.0,0.0,0.0,0.0,48.62838992765797,optimal
2021-02-11 03:00:00,2,1,2.0,0.0,0.0,0.22556666666666664,12.789,6.0,-4,19.311566488582763,55.0,0.08133333333333333,7000.0,0.0,0.0,0.0,48.579761537730306,optimal
2021-02-11 03:30:00,2,1,2.0,0.0,0.0,0.1193,12.684,6.0,-4,19.415930551537667,55.0,0.08133333333333333,7000.0,0.0,0.0,0.0,48.53118177619257,optimal
2021-02-11 04:00:00,2,1,2.0,0.0,0.0,0.1169,16.254,6.0,-4,19.5173649866711,55.0,0.08133333333333333,7000.0,0.0,0.0,0.0,48.48265059441637,optimal
2021-02-11 04:30:00,2,1,2.0,0.0,0.0,0.1413,17.64,6.0,-4,19.619815553307905,55.0,0.08133333333333333,7000.0,0.0,0.0,0.0,48.434167943821954,optimal
2021-02-11 05:00:00,2,1,2.0,0.0,0.0,0.10276666666666669,19.1625,6.0,-4,19.722424669502477,55.0,0.08133333333333333,7000.0,0.0,0.0,0.0,48.38573377587813,optimal
2021-02-11 05:30:00,2,1,0.4893912363395587,0.0,0.0,0.2444333333333333,26.46,6.0,-4,19.822813622903258,55.0,0.08133333333333333,1712.8693271884554,0.0,0.0,0.0,48.33734804210225,optimal
2021-02-11 06:00:00,2,1,2.0,0.0,0.0,0.09906666666666666,20.79,6.0,-4,19.72984075664055,55.0,0.07733333333333334,7000.0,0.0,0.0,0.0,48.289010694060146,optimal
2021-02-11 06:30:00,2,1,0.0,0.0,0.0,0.9769666666666668,29.106,6.0,-4,19.846428048002995,55.0,0.047613333333333334,0.0,0.0,0.0,0.0,48.240721683366075,optimal
2021-02-11 07:00:00,2,1,2.0,0.0,0.0,0.8972666666666667,19.1835,6.0,-4,19.72011283608858,55.0,0.0,7000.0,0.0,0.0,0.0,48.192480961682705,optimal
2021-02-11 07:30:00,2,1,2.0,0.0,0.0,0.22776666666666667,19.6665,6.0,-4,19.864665511466637,55.0,0.0,7000.0,0.0,0.0,0.0,48.144288480721016,optimal
2021-02-11 08:00:00,2,1,1.1036474065354733,0.0,0.0,0.3846333333333333,19.404,6.0,-4,20.0,55.0,0.0,3217.652589540823,0.0,645.1133333333333,0.0,48.096144192240295,optimal
2021-02-11 08:30:00,2,1,1.8808816654418985,0.0,0.0,0.2347,19.047,6.0,-4,20.0,55.0,0.0,3326.865829046644,0.0,3256.2200000000007,0.0,48.048048048048045,optimal
2021-02-11 09:00:00,2,1,1.9950197716458258,0.0,0.0,0.64,18.858,6.0,-4,20.0,55.0,0.004666666666666667,6425.235867427057,0.0,557.3333333333334,0.0,48.0,optimal
2021-02-11 09:30:00,2,1,0.0,0.0,0.0,1.4305999999999999,19.2675,6.0,-4,20.114183082834938,55.0,0.002,0.0,0.0,0.0,0.0,47.77411046897232,optimal
2021-02-11 10:00:00,2,1,1.8837949827966793,0.0,0.0,0.49623333333333336,18.963,6.0,-4,20.0,55.0,0.002,6593.282439788378,0.0,0.0,0.0,47.548446827475665,optimal
2021-02-11 10:30:00,2,1,2.0,0.0,0.0,0.308,18.438,6.0,-4,20.134966254636858,55.0,0.002,7000.0,0.0,0.0,0.0,47.32300884962051,optimal
2021-02-11 11:00:00,2,1,2.0,0.0,0.0,0.2404,18.7425,6.0,-4,20.261222383826354,55.0,0.002,7000.0,0.0,0.0,0.0,47.0977963097432,optimal
2021-02-11 11:30:00,2,1,2.0,0.0,0.0,0.37156666666666666,15.2145,6.0,-4,20.374431162159183,55.0,0.002,7000.0,0.0,0.0,0.0,46.87280898240578,optimal
2021-02-11 12:00:00,2,1,2.0,0.0,0.0,0.36519999999999997,17.7765,6.0,-4,20.503282590651494,55.0,0.002,7000.0,0.0,0.0,0.0,46.64804664239569,optimal
2021-02-11 12:30:00,2,1,2.0,0.0,0.0,0.072,16.758,6.0,-4,20.6357200933682,55.0,0.002,7000.0,0.0,0.0,0.0,46.423509064725614,optimal
2021-02-11 13:00:00,2,1,2.0,0.0,0.0,0.1757,16.422,6.0,-4,20.759040230004533,55.0,0.002,7000.0,0.0,0.0,0.0,46.19919602463321,optimal
2021-02-11 13:30:00,2,1,2.0,0.0,0.0,0.18916666666666662,16.758,6.0,-4,20.890201720137558,55.0,0.002,7000.0,0.0,0.0,0.0,45.9751072975809,optimal
2021-02-11 14:00:00,2,1,0.0,0.0,0.0,0.072,29.358,6.0,-4,21.021639811351907,55.0,0.002,0.0,0.0,0.0,0.0,45.75124265925564,optimal
2021-02-11 14:30:00,2,1,0.0,0.0,0.0,0.2842,34.9965,6.0,-4,20.88396733169422,55.0,0.002,0.0,0.0,0.0,0.0,45.5276018855687,optimal
2021-02-11 15:00:00,2,1,0.0,0.0,0.0,0.08066666666666668,34.65,6.0,-4,20.752729643142235,55.0,0.002,0.0,0.0,0.0,0.0,45.30418475265545,optimal
2021-02-11 15:30:00,2,1,0.0,0.0,0.0,0.11533333333333332,34.9965,6.0,-4,20.6121729947386,55.0,0.002,0.0,0.0,0.0,0.0,45.08099103687512,optimal
2021-02-11 16:00:00,2,1,0.0,0.0,0.0,0.24953333333333333,34.9965,6.0,-4,20.4654057413687,55.0,0.002,0.0,0.0,0.0,0.0,44.85802051481056,optimal
2021-02-11 16:30:00,2,1,0.0,0.0,0.0,0.08933333333333333,30.4815,6.0,-4,20.3162343748844,55.0,0.002,0.0,0.0,0.0,0.0,44.63527296326807,optimal
2021-02-11 17:00:00,2,1,0.0,0.0,0.0,0.2337,21.4305,6.0,-4,20.155417276279138,55.0,0.0,0.0,0.0,0.0,0.0,44.41274815927712,optimal
2021-02-11 17:30:00,2,1,1.2439406491371334,0.0,0.0,0.36056666666666665,14.3325,6.0,-4,20.0,55.0,0.0,3796.458938646634,0.0,557.3333333333333,0.0,44.19044588009017,optimal
2021-02-11 18:00:00,2,1,2.0,0.0,0.0,0.184,13.692,6.0,-4,20.0,55.0,0.0,6721.333333333333,0.0,278.66666666666663,0.0,43.968365903182395,optimal
2021-02-11 18:30:00,2,1,0.6150115390089055,0.0,0.0,0.13266666666666665,14.007,6.0,-4,20.095961388169467,55.0,0.0,2152.540386531169,0.0,0.0,0.0,43.74650800625153,optimal
2021-02-11 19:00:00,2,1,1.354801228439432,0.0,0.0,0.2322,12.873,6.0,-4,20.0,55.0,0.0,4741.804299538012,0.0,0.0,0.0,43.5248719672176,optimal
2021-02-11 19:30:00,2,1,1.3711896568928077,0.0,0.0,0.2099333333333333,12.684,6.0,-4,20.0,55.0,0.0,4799.163799124827,0.0,0.0,0.0,43.481347095250385,optimal
2021-02-11 20:00:00,2,1,1.3838923710604991,0.0,0.0,0.17456666666666668,12.306,6.0,-4,20.0,55.0,0.0,4843.623298711746,0.0,0.0,0.0,43.43786574815513,optimal
2021-02-11 20:30:00,2,1,0.4777142857142857,0.0,0.0,0.2332,10.6365,6.0,-4,20.0,55.0,0.016,0.0,0.0,1672.0,0.0,43.39442788240698,optimal
2021-02-11 21:00:00,2,1,0.0,0.0,0.0,0.49760000000000004,11.2455,6.0,-4,19.828833999370506,55.0,0.016,0.0,0.0,0.0,0.0,43.351033454524575,optimal
2021-02-11 21:30:00,2,1,0.0,0.0,0.0,0.5854,11.2455,6.0,-4,19.667517139439628,55.0,0.0,0.0,0.0,0.0,0.0,43.30768242107005,optimal
2021-02-11 22:00:00,2,1,0.0,0.0,0.0,0.12716666666666668,11.025,6.0,-4,19.514981203482513,55.0,0.0,0.0,0.0,0.0,0.0,43.264374738648975,optimal
2021-02-11 22:30:00,2,1,0.0,0.0,0.0,0.2806666666666667,12.0855,6.0,-4,19.33755422018172,55.0,0.0,0.0,0.0,0.0,0.0,43.22111036391033,optimal
2021-02-11 23:00:00,2,1,0.0,0.0,0.0,0.0842,11.6865,6.0,-4,19.158670326533198,55.0,0.0,0.0,0.0,0.0,0.0,43.17788925354642,optimal
2021-02-11 23:30:00,2,1,0.0,0.0,0.0,0.1045,11.2245,6.0,-4,18.969226926658262,55.0,0.0,0.0,0.0,0.0,0.0,43.13471136429287,optimal
2021-02-12 00:00:00,2,1,2.0,0.0,0.0,0.058,10.8045,6.0,-4,18.969226926658262,55.0,0.0,7000.0,0.0,0.0,0.0,43.09157665292857,optimal
2021-02-12 00:30:00,2,1,2.0,0.0,0.0,0.15363333333333332,10.059,6.0,-4,19.04600147122122,55.0,0.05999999999999999,730.0000000000009,0.0,6269.999999999999,0.0,43.04848507627565,optimal
2021-02-12 01:00:00,2,1,2.0,0.0,0.0,0.06303333333333333,10.584,6.0,-4,18.88894532541274,55.0,0.05999999999999999,7000.0,0.0,0.0,0.0,43.00543659119937,optimal
2021-02-12 01:30:00,2,1,2.0,0.0,7.0,0.058,9.4185,6.0,-4,18.966508112789864,55.0,0.05999999999999999,7000.0,0.0,0.0,0.0,46.28743115460817,optimal
2021-02-12 02:00:00,2,1,2.0,0.0,0.0,0.15866666666666665,10.3635,6.0,-4,19.04404790325599,55.0,0.05999999999999999,7000.0,0.0,0.0,0.0,46.24114372345356,optimal
2021-02-12 02:30:00,2,1,2.0,0.0,4.816311609865837,0.058,9.8385,6.0,-4,19.12555806270451,55.0,0.05999999999999999,7000.0,0.0,0.0,0.0,48.48265059441637,optimal
2021-02-12 03:00:00,2,1,2.0,0.0,0.0,0.058,11.067,6.0,-4,19.20489290932201,55.0,0.05999999999999999,7000.0,0.0,0.0,0.0,48.434167943821954,optimal
2021-02-12 03:30:00,2,1,2.0,0.0,0.0,0.15866666666666665,10.8465,6.0,-4,19.28587169143914,55.0,0.05999999999999999,7000.0,0.0,0.0,0.0,48.38573377587813,optimal
2021-02-12 04:00:00,2,1,2.0,0.0,0.0,0.058,13.671,6.0,-4,19.37526516827061,55.0,0.05999999999999999,7000.0,0.0,0.0,0.0,48.33734804210225,optimal
2021-02-12 04:30:00,2,1,2.0,0.0,0.0,0.05966666666666666,12.348,6.0,-4,19.465404566207045,55.0,0.05999999999999999,7000.0,0.0,0.0,0.0,48.289010694060146,optimal
2021-02-12 05:00:00,2,1,2.0,0.0,0.0,0.14216666666666666,14.3325,6.0,-4,19.56008737064963,55.0,0.05999999999999999,7000.0,0.0,0.0,0.0,48.240721683366075,optimal
2021-02-12 05:30:00,2,1,2.0,0.0,0.0,0.08316666666666667,15.393,6.0,-4,19.662132015464106,55.0,0.05999999999999999,7000.0,0.0,0.0,0.0,48.192480961682705,optimal
2021-02-12 06:00:00,2,1,2.0,0.0,0.0,0.11336666666666666,13.587,6.0,-4,19.767474843530625,55.0,0.05999999999999999,7000.0,0.0,0.0,0.0,48.144288480721016,optimal
2021-02-12 06:30:00,2,1,0.27275528141844463,0.0,0.0,0.1033,16.1385,6.0,-4,19.87913371763822,55.0,0.05999999999999999,954.6434849645561,0.0,0.0,0.0,48.096144192240295,optimal
2021-02-12 07:00:00,2,1,2.0,0.0,0.0,0.10933333333333331,14.595,6.0,-4,19.761940521706165,55.0,0.057333333333333326,7000.0,0.0,0.0,0.0,48.048048048048045,optimal
2021-02-12 07:30:00,2,1,2.0,0.0,0.0,0.21130000000000002,14.637,6.0,-4,19.881289773745316,55.0,0.0,7000.0,0.0,0.0,0.0,48.0,optimal
2021-02-12 08:00:00,2,1,1.0649386206441251,0.0,0.0,3.1307,13.9125,6.0,-4,20.0,55.0,0.0,3727.285172254438,0.0,0.0,0.0,47.67967640221852,optimal
2021-02-12 08:30:00,2,1,1.4048192249892466,0.0,0.0,2.182366666666667,13.3665,6.0,-4,20.0,55.0,0.0,4568.53395412903,0.0,348.3333333333333,0.0,47.35967312803482,optimal
2021-02-12 09:00:00,2,1,2.0,0.0,0.0,1.2087,13.0095,6.0,-4,20.025319280471052,55.0,0.0,7000.0,0.0,0.0,0.0,47.039989857125306,optimal
2021-02-12 09:30:00,2,1,0.0,0.0,0.0,0.2603666666666667,13.8915,6.0,-4,20.139680376046865,55.0,0.0,0.0,0.0,0.0,0.0,46.7206262694867,optimal
2021-02-12 10:00:00,2,1,0.9202364288409599,0.0,0.0,1.5947,13.188,6.0,-4,20.0,55.0,0.0,2942.160834276693,0.0,278.66666666666663,0.0,46.40158204543573,optimal
2021-02-12 10:30:00,2,1,1.3127620993156435,0.0,0.0,0.3166666666666667,12.5685,6.0,-4,20.0,55.0,0.012941495340875256,3242.281084483289,0.0,1352.3862631214643,0.0,46.08285686560882,optimal
2021-02-12 11:00:00,2,1,2.0,0.0,0.0,0.216,12.285,6.0,-4,20.0,55.0,0.016,6680.386263121464,0.0,319.61373687853575,0.0,45.76445041096173,optimal
2021-02-12 11:30:00,2,1,2.0,0.0,0.0,0.31006666666666666,11.487,6.0,-4,20.128553602124395,55.0,0.014666666666666666,7000.0,0.0,0.0,0.0,45.446362362769285,optimal
2021-02-12 12:00:00,2,1,2.0,0.0,0.0,1.5427,11.802,6.0,-4,20.271772454306213,55.0,0.012,7000.0,0.0,0.0,0.0,45.12859240262504,optimal
2021-02-12 12:30:00,2,1,2.0,0.0,0.0,0.8055666666666668,11.2245,6.0,-4,20.417051019142626,55.0,0.012,7000.0,0.0,0.0,0.0,44.81114021244093,optimal
2021-02-12 13:00:00,2,1,2.0,0.0,0.0,0.1415,11.025,6.0,-4,20.55572001432655,55.0,0.012,7000.0,0.0,0.0,0.0,44.494005474447015,optimal
2021-02-12 13:30:00,2,1,2.0,0.0,0.0,0.06636666666666666,11.907,6.0,-4,20.692344352635182,55.0,0.012,7000.0,0.0,0.0,0.0,44.17718787119109,optimal
2021-02-12 14:00:00,2,1,0.0,0.0,0.0,2.1656,25.83,6.0,-4,20.825318191873492,55.0,0.012,0.0,0.0,0.0,0.0,43.860687085538416,optimal
2021-02-12 14:30:00,2,1,0.0,0.0,0.0,0.2660666666666667,28.035,6.0,-4,20.707127183020273,55.0,0.012,0.0,0.0,0.0,0.0,43.544502800671395,optimal
2021-02-12 15:00:00,2,1,0.0,0.0,0.0,0.0704,28.119,6.0,-4,20.583256566600074,55.0,0.009333333333333334,0.0,0.0,0.0,0.0,43.228634700089245,optimal
2021-02-12 15:30:00,2,1,0.0,0.0,0.0,0.27963333333333334,30.156,6.0,-4,20.45941997223065,55.0,0.009333333333333334,0.0,0.0,0.0,0.0,42.91308246760767,optimal
2021-02-12 16:00:00,2,1,0.0,0.0,0.0,1.1018666666666665,29.1585,6.0,-4,20.346397137372552,55.0,0.009333333333333334,0.0,0.0,0.0,0.0,42.59784578735859,optimal
2021-02-12 16:30:00,2,1,0.0,0.0,0.0,2.7702,26.712,6.0,-4,20.230138493720062,55.0,0.0033333333333333327,0.0,0.0,0.0,0.0,42.28292434378975,optimal
2021-02-12 17:00:00,2,1,0.0,0.0,0.0,0.17673333333333333,15.435,6.0,-4,20.124083324276587,55.0,0.0019999999999999996,0.0,0.0,0.0,0.0,42.240641419445964,optimal
2021-02-12 17:30:00,2,1,0.91058687248561,0.0,0.0,0.24963333333333332,13.566,6.0,-4,20.0,55.0,0.0006666666666666665,3187.054053699635,0.0,0.0,0.0,42.19840077802652,optimal
2021-02-12 18:00:00,2,1,0.807232580352883,0.0,0.0,2.3834666666666666,12.789,6.0,-4,20.0,55.0,0.0,2825.3140312350906,0.0,0.0,0.0,42.15620237724849,optimal
2021-02-12 18:30:00,2,1,1.814163539325145,0.0,0.0,0.24996666666666667,12.1275,6.0,-4,20.0,55.0,0.0006666666666666665,5931.572387638007,0.0,418.0,0.0,42.11404617487124,optimal
2021-02-12 19:00:00,2,1,0.0,0.0,0.0,0.37326666666666664,13.671,6.0,-4,20.11090849410346,55.0,0.0,0.0,0.0,0.0,0.0,42.07193212869637,optimal
2021-02-12 19:30:00,2,1,2.0,0.0,0.0,0.39339999999999997,10.668,6.0,-4,20.0,55.0,0.0,5397.666666666667,0.0,1602.3333333333333,0.0,42.02986019656767,optimal
2021-02-12 20:00:00,2,1,0.2081739837654214,0.0,0.0,0.2922,11.7285,6.0,-4,20.091047584949987,55.0,0.0,728.608943178975,0.0,0.0,0.0,41.9878303363711,optimal
2021-02-12 20:30:00,2,1,0.0,0.0,0.0,2.644,11.025,6.0,-4,20.0,55.0,0.0,0.0,0.0,0.0,0.0,41.94584250603472,optimal
2021-02-12 21:00:00,2,1,0.05971428571428571,0.0,0.0,1.0162666666666669,10.689,6.0,-4,19.906486696516662,55.0,0.0,0.0,0.0,209.0,0.0,41.90389666352869,optimal
2021-02-12 21:30:00,2,1,0.0,0.0,0.0,3.0564333333333336,8.1585,6.0,-4,19.79267991245555,55.0,0.0,0.0,0.0,0.0,0.0,41.861992766865164,optimal
2021-02-12 22:00:00,2,1,0.0,0.0,0.0,2.0339333333333327,10.3635,6.0,-4,19.695821951040163,55.0,0.0,0.0,0.0,0.0,0.0,41.820130774098295,optimal
2021-02-12 22:30:00,2,1,0.0,0.0,0.0,0.5822666666666666,10.8045,6.0,-4,19.591384990635262,55.0,0.0,0.0,0.0,0.0,0.0,41.7783106433242,optimal
2021-02-12 23:00:00,2,1,0.0,0.0,0.0,0.068,11.025,6.0,-4,19.46001726002184,55.0,0.0,0.0,0.0,0.0,0.0,41.73653233268087,optimal
2021-02-12 23:30:00,2,1,0.0,0.0,0.0,0.16866666666666666,10.3635,6.0,-4,19.317854894430905,55.0,0.0,0.0,0.0,0.0,0.0,41.694795800348196,optimal
2021-02-13 00:00:00,2,1,2.0,0.0,7.0,0.044,7.056,6.0,1,19.317854894430905,55.0,0.0,7000.0,0.0,0.0,0.0,44.97810100454785,optimal
2021-02-13 00:30:00,2,1,2.0,0.0,0.0,0.044,9.3975,6.0,1,19.44074447640489,55.0,0.018,5119.0,0.0,1881.0,0.0,44.93312290354331,optimal
2021-02-13 01:00:00,2,1,2.0,0.0,0.0,0.044,10.059,6.0,1,19.49202955238633,55.0,0.018,7000.0,0.0,0.0,0.0,44.88818978063976,optimal
2021-02-13 01:30:00,2,1,2.0,0.0,0.0,0.044,9.261,6.0,1,19.61436653984543,55.0,0.018,7000.0,0.0,0.0,0.0,44.84330159085912,optimal
2021-02-13 02:00:00,2,1,2.0,0.0,0.0,0.15333333333333335,8.1585,6.0,1,19.736164623269172,55.0,0.018,7000.0,0.0,0.0,0.0,44.79845828926826,optimal
2021-02-13 02:30:00,2,1,2.0,0.0,0.0,0.044,9.4815,6.0,1,19.86155827414054,55.0,0.018,7000.0,0.0,0.0,0.0,44.75365983097899,optimal
2021-02-13 03:00:00,2,1,2.0,0.0,0.0,0.10413333333333334,8.379,6.0,1,19.98188729692071,55.0,0.018,7000.0,0.0,0.0,0.0,44.70890617114801,optimal
2021-02-13 03:30:00,2,1,2.0,0.0,0.0,0.0932,9.5235,6.0,1,20.103591630511964,55.0,0.018,7000.0,0.0,0.0,0.0,44.66419726497686,optimal
2021-02-13 04:00:00,2,1,2.0,0.0,0.0,0.10413333333333334,8.1375,6.0,1,20.223603736627542,55.0,0.018,7000.0,0.0,0.0,0.0,44.619533067711885,optimal
2021-02-13 04:30:00,2,1,2.0,0.0,0.0,0.0932,10.0905,6.0,1,20.34276231354888,55.0,0.018,7000.0,0.0,0.0,0.0,44.574913534644175,optimal
2021-02-13 05:00:00,2,1,2.0,0.0,7.0,0.044,7.539,6.0,1,20.45987513315976,55.0,0.018,7000.0,0.0,0.0,0.0,47.85533862110953,optimal
2021-02-13 05:30:00,2,1,2.0,0.0,0.8105214298827204,0.13693333333333332,7.938,6.0,1,20.573511776323937,55.0,0.018,7000.0,0.0,0.0,0.0,48.192480961682705,optimal
2021-02-13 06:00:00,2,1,2.0,0.0,0.0,0.07006666666666667,8.274,6.0,1,20.689067733948008,55.0,0.018,7000.0,0.0,0.0,0.0,48.144288480721016,optimal
2021-02-13 06:30:00,2,1,2.0,0.0,0.0,0.054,9.261,6.0,1,20.800126499432704,55.0,0.018,7000.0,0.0,0.0,0.0,48.096144192240295,optimal
2021-02-13 07:00:00,2,1,2.0,0.0,0.0,0.16066666666666665,9.9225,6.0,1,20.909365823129587,55.0,0.016666666666666666,7000.0,0.0,0.0,0.0,48.048048048048045,optimal
2021-02-13 07:30:00,2,1,2.0,0.0,0.0,0.043,9.702,6.0,1,21.026082712998452,55.0,0.016,7000.0,0.0,0.0,0.0,48.0,optimal
2021-02-13 08:00:00,2,1,2.0,0.0,0.0,0.0588,10.584,6.0,1,21.138950855920523,55.0,0.014666666666666666,7000.0,0.0,0.0,0.0,47.81012629322699,optimal
2021-02-13 08:30:00,2,1,2.0,0.0,0.0,0.1618666666666667,10.143,6.0,1,21.247122462064745,55.0,0.014666666666666666,7000.0,0.0,0.0,0.0,47.62044246016076,optimal
2021-02-13 09:00:00,2,1,0.0,0.0,0.0,0.054,13.0095,6.0,1,21.352017228151816,55.0,0.014666666666666666,0.0,0.0,0.0,0.0,47.4309483109276,optimal
2021-02-13 09:30:00,2,1,2.0,0.0,0.0,0.16333333333333333,11.025,6.0,1,21.185975751602257,55.0,0.014666666666666666,7000.0,0.0,0.0,0.0,47.24164365584367,optimal
2021-02-13 10:00:00,2,1,0.0,0.0,0.0,0.054,12.789,6.0,1,21.291614174665312,55.0,0.014666666666666666,0.0,0.0,0.0,0.0,47.05252830541482,optimal
2021-02-13 10:30:00,2,1,0.0,0.0,0.0,0.052333333333333336,12.1275,6.0,1,21.12974765382682,55.0,0.014666666666666666,0.0,0.0,0.0,0.0,46.8636020703364,optimal
2021-02-13 11:00:00,2,1,2.0,0.0,0.0,0.26493333333333335,12.1695,6.0,1,20.969459519468707,55.0,0.014,7000.0,0.0,0.0,0.0,46.674864761493055,optimal
2021-02-13 11:30:00,2,1,0.7084314080300562,0.0,0.0,0.12433333333333331,12.306,6.0,1,21.09093913227725,55.0,0.014,2479.5099281051966,0.0,0.0,0.0,46.48631618995856,optimal
2021-02-13 12:00:00,2,1,0.0,0.0,0.0,0.20866666666666664,13.23,6.0,1,21.03949922282725,55.0,0.014,0.0,0.0,0.0,0.0,46.2979561669956,optimal
2021-02-13 12:30:00,2,1,0.0,0.0,0.0,0.063,13.671,6.0,1,20.898089428672602,55.0,0.014,0.0,0.0,0.0,0.0,46.1097845040556,optimal
2021-02-13 13:00:00,2,1,0.0,0.0,0.0,0.8533333333333334,13.9335,6.0,1,20.749285331000333,55.0,0.013333333333333334,0.0,0.0,0.0,0.0,45.92180101277854,optimal
2021-02-13 13:30:00,2,1,0.0,0.0,0.0,0.8078666666666666,13.293,6.0,1,20.623900067709823,55.0,0.01,0.0,0.0,0.0,0.0,45.73400550499275,optimal
2021-02-13 14:00:00,2,1,2.0,0.0,0.0,0.0858,12.1065,6.0,1,20.497078431791767,55.0,0.01,7000.0,0.0,0.0,0.0,45.54639779271476,optimal
2021-02-13 14:30:00,2,1,2.0,0.0,0.0,0.1032,11.571,6.0,1,20.616805859228585,55.0,0.01,7000.0,0.0,0.0,0.0,45.35897768814904,optimal
2021-02-13 15:00:00,2,1,2.0,0.0,0.0,0.11413333333333334,11.025,6.0,1,20.731490216781392,55.0,0.01,7000.0,0.0,0.0,0.0,45.17174500368789,optimal
2021-02-13 15:30:00,2,1,2.0,0.0,0.0,0.054,10.8465,6.0,1,20.84647822028934,55.0,0.01,7000.0,0.0,0.0,0.0,44.9846995519112,optimal
2021-02-13 16:00:00,2,1,2.0,0.0,0.0,0.054,11.2455,6.0,1,20.957592831369357,55.0,0.01,7000.0,0.0,0.0,0.0,44.79784114558628,optimal
2021-02-13 16:30:00,2,1,0.0,0.0,0.0,0.054,23.8665,6.0,1,21.067134654751484,55.0,0.01,0.0,0.0,0.0,0.0,44.61116959766769,optimal
2021-02-13 17:00:00,2,1,0.0,0.0,0.0,0.054,27.4575,6.0,1,20.91141043000251,55.0,0.01,0.0,0.0,0.0,0.0,44.42468472129702,optimal
2021-02-13 17:30:00,2,1,0.0,0.0,0.0,0.16333333333333333,27.3735,6.0,1,20.756846334114755,55.0,0.01,0.0,0.0,0.0,0.0,44.238386329802715,optimal
2021-02-13 18:00:00,2,1,0.0,0.0,0.0,0.054,30.4605,6.0,1,20.60681919251889,55.0,0.01,0.0,0.0,0.0,0.0,44.05227423669991,optimal
2021-02-13 18:30:00,2,1,0.0,0.0,0.0,0.136,30.0195,6.0,1,20.45303429086134,55.0,0.01,0.0,0.0,0.0,0.0,43.866348255690205,optimal
2021-02-13 19:00:00,2,1,0.0,0.0,0.0,0.08133333333333333,26.9325,6.0,1,20.303120419887257,55.0,0.01,0.0,0.0,0.0,0.0,43.68060820066151,optimal
2021-02-13 19:30:00,2,1,0.0,0.0,0.0,0.054,14.595,6.0,1,20.15188566989639,55.0,0.01,0.0,0.0,0.0,0.0,43.495053885687845,optimal
2021-02-13 20:00:00,2,1,0.976910621975277,0.0,0.0,0.443,12.4845,6.0,1,20.0,55.0,0.007333333333333333,3419.1871769134696,0.0,0.0,0.0,43.309685125029155,optimal
2021-02-13 20:30:00,2,1,0.0,0.0,0.0,0.3093333333333333,12.1275,6.0,1,20.0,55.0,0.007333333333333333,0.0,0.0,0.0,0.0,43.12450173313112,optimal
2021-02-13 21:00:00,2,1,0.0,0.0,0.0,0.203,12.1275,6.0,1,19.86640161816094,55.0,0.007333333333333333,0.0,0.0,0.0,0.0,42.93950352462498,optimal
2021-02-13 21:30:00,2,1,0.0,0.0,0.0,0.27013333333333334,12.789,6.0,1,19.73221812882198,55.0,0.002666666666666666,0.0,0.0,0.0,0.0,42.754690314327355,optimal
2021-02-13 22:00:00,2,1,0.0,0.0,0.0,0.15630000000000002,11.907,6.0,1,19.600895771505144,55.0,0.001333333333333333,0.0,0.0,0.0,0.0,42.71193562401303,optimal
2021-02-13 22:30:00,2,1,0.0,0.0,0.0,0.23036666666666666,11.025,6.0,1,19.475877525660426,55.0,0.0,0.0,0.0,0.0,0.0,42.66922368838902,optimal
2021-02-13 23:00:00,2,1,0.0796190476190476,0.0,0.0,0.27393333333333336,8.2005,6.0,1,19.357944530058795,55.0,0.0,0.0,0.0,278.66666666666663,0.0,42.626554464700625,optimal
2021-02-13 23:30:00,2,1,0.0,0.0,0.0,0.10266666666666668,9.5655,6.0,1,19.23876671611916,55.0,0.0,0.0,0.0,0.0,0.0,42.58392791023592,optimal
2021-02-07 00:00:00,3,1,0.0,0.0,0.0,0.06,10.584,6.0,4,21.0,55.0,0.12,0.0,0.0,0.0,0.0,47.952,optimal
2021-02-07 00:30:00,3,1,0.6950704413737648,0.0,0.0,0.06,6.678,6.0,4,20.87102138360779,55.0,0.12,2432.746544808177,0.0,0.0,0.0,47.904047999999996,optimal
2021-02-07 01:00:00,3,1,0.0,0.0,0.0,0.06,7.938,6.0,4,20.834164334474107,55.0,0.12,0.0,0.0,0.0,0.0,47.856143952,optimal
2021-02-07 01:30:00,3,1,2.0,0.0,0.0,0.06,5.292,6.0,4,20.704931196869993,55.0,0.12,7000.0,0.0,0.0,0.0,47.80828780804799,optimal
2021-02-07 02:00:00,3,1,0.0,0.0,0.0,0.06,9.261,6.0,4,20.840738310420292,55.0,0.12,0.0,0.0,0.0,0.0,47.76047952023995,optimal
2021-02-07 02:30:00,3,1,0.0,0.0,0.0,0.06,10.3635,6.0,4,20.710711206303074,55.0,0.12,0.0,0.0,0.0,0.0,47.712719040719705,optimal
2021-02-07 03:00:00,3,1,0.0,0.0,0.0,0.06,8.274,6.0,4,20.580907801404575,55.0,0.12,0.0,0.0,0.0,0.0,47.66500632167899,optimal
2021-02-07 03:30:00,3,1,0.0,0.0,0.0,0.06,7.7175,6.0,4,20.451326429185777,55.0,0.12,0.0,0.0,0.0,0.0,47.61734131535731,optimal
2021-02-07 04:00:00,3,1,2.0,0.0,0.0,0.06,6.615,6.0,4,20.32233793101571,55.0,0.12,7000.0,0.0,0.0,0.0,47.56972397404195,optimal
2021-02-07 04:30:00,3,1,2.0,0.0,0.0,0.06,6.174,6.0,4,20.45838786145832,55.0,0.12,7000.0,0.0,0.0,0.0,47.522154250067906,optimal
2021-02-07 05:00:00,3,1,2.0,0.0,0.0,0.06,3.906,6.0,4,20.5934242321841,55.0,0.12,7000.0,0.0,0.0,0.0,47.47463209581784,optimal
2021-02-07 05:30:00,3,1,2.0,0.0,0.0,0.06,2.3415,6.0,4,20.727454594121564,55.0,0.12,7000.0,0.0,0.0,0.0,47.42715746372202,optimal
2021-02-07 06:00:00,3,1,2.0,0.0,0.0,0.06,2.205,6.0,4,20.860486441945497,55.0,0.12,7000.0,0.0,0.0,0.0,47.379730306258296,optimal
2021-02-07 06:30:00,3,1,2.0,0.0,1.506731520202143,0.06,0.882,6.0,4,20.99252721449603,55.0,0.12,7000.0,0.0,0.0,0.0,48.048048048048045,optimal
2021-02-07 07:00:00,3,1,2.0,0.0,0.0,0.2361,1.5435,6.0,4,21.123211799702116,55.0,0.1,7000.0,0.0,0.0,0.0,48.0,optimal
2021-02-07 07:30:00,3,1,2.0,0.0,0.0,0.068,1.5435,6.0,4,21.272953245975234,55.0,0.1,7000.0,0.0,0.0,0.0,47.775756932029175,optimal
2021-02-07 08:00:00,3,1,2.0,0.0,0.0,1.5714333333333335,5.0715,6.0,4,21.40520288214439,55.0,0.09666666666666666,7000.0,0.0,0.0,0.0,47.551738107126326,optimal
2021-02-07 08:30:00,3,1,2.0,0.0,0.0,0.1757,5.376,6.0,4,21.580228203404946,55.0,0.09266666666666666,7000.0,0.0,0.0,0.0,47.32794330104838,optimal
2021-02-07 09:00:00,3,1,2.0,0.0,0.0,0.3888333333333333,5.0715,6.0,4,21.709281232380803,55.0,0.08866666666666667,7000.0,0.0,0.0,0.0,47.10437228977651,optimal
2021-02-07 09:30:00,3,1,2.0,0.0,0.0,1.2511333333333334,5.5125,6.0,4,21.84184845715371,55.0,0.08866666666666667,7000.0,0.0,0.0,0.0,46.88102484951591,optimal
2021-02-07 10:00:00,3,1,0.9281239534232879,0.0,0.0,0.3897,9.261,6.0,4,22.0,55.0,0.08866666666666667,3248.4338369815077,0.0,0.0,0.0,46.65790075669557,optimal
2021-02-07 10:30:00,3,1,0.0,0.0,0.0,0.3736666666666667,11.7075,6.0,4,22.0,55.0,0.088,0.0,0.0,0.0,0.0,46.43499978796805,optimal
2021-02-07 11:00:00,3,1,0.0,0.0,0.0,0.3193666666666667,12.348,6.0,4,21.876252508137373,55.0,0.088,0.0,0.0,0.0,0.0,46.21232172020926,optimal
2021-02-07 11:30:00,3,1,0.0,0.0,0.0,0.216,12.348,6.0,4,21.75097358806379,55.0,0.08533333333333333,0.0,0.0,0.0,0.0,45.989866330518225,optimal
2021-02-07 12:00:00,3,1,0.0,0.0,0.0,1.0298,12.1275,6.0,4,21.625366180501445,55.0,0.084,0.0,0.0,0.0,0.0,45.76763339621689,optimal
2021-02-07 12:30:00,3,1,0.0,0.0,0.0,1.0710666666666666,12.5265,6.0,4,21.512416220146008,55.0,0.082,0.0,0.0,0.0,0.0,45.54562269484985,optimal
2021-02-07 13:00:00,3,1,0.0,0.0,0.0,0.2925,11.7495,6.0,4,21.390195663619775,55.0,0.082,0.0,0.0,0.0,0.0,45.32383400418417,optimal
2021-02-07 13:30:00,3,1,0.0,0.0,0.0,0.4218,13.23,6.0,4,21.261247819120968,55.0,0.08,0.0,0.0,0.0,0.0,45.10226710220916,optimal
2021-02-07 14:00:00,3,1,0.0,0.0,0.0,0.6504666666666667,14.3325,6.0,4,21.143880682252608,55.0,0.07733333333333334,0.0,0.0,0.0,0.0,44.88092176713613,optimal
2021-02-07 14:30:00,3,1,0.0,0.0,0.0,1.2935666666666665,14.994,6.0,4,21.03118441344501,55.0,0.07666666666666666,0.0,0.0,0.0,0.0,44.65979777739817,optimal
2021-02-07 15:00:00,3,1,0.0,0.0,0.0,0.13853333333333334,14.8155,6.0,4,20.94041395379159,55.0,0.07466666666666667,0.0,0.0,0.0,0.0,44.438894911649946,optimal
2021-02-07 15:30:00,3,1,0.0,0.0,0.0,0.13553333333333334,14.112,6.0,4,20.821354142716178,55.0,0.07466666666666667,0.0,0.0,0.0,0.0,44.21821294876747,optimal
2021-02-07 16:00:00,3,1,0.0,0.0,0.0,0.21309999999999998,14.007,6.0,4,20.70451439975773,55.0,0.07133333333333333,0.0,0.0,0.0,0.0,43.99775166784788,optimal
2021-02-07 16:30:00,3,1,0.0,0.0,0.0,0.22513333333333332,13.23,6.0,4,20.59332988469064,55.0,0.066,0.0,0.0,0.0,0.0,43.77751084820921,optimal
2021-02-07 17:00:00,3,1,2.0,0.0,0.0,0.3851,11.382,6.0,4,20.477567318211577,55.0,0.064,7000.0,0.0,0.0,0.0,43.55749026939018,optimal
2021-02-07 17:30:00,3,1,0.20123673243884938,0.0,0.0,0.207,11.7495,6.0,4,20.62934456399705,55.0,0.062,704.3285635359728,0.0,0.0,0.0,43.33768971114996,optimal
2021-02-07 18:00:00,3,1,0.0,0.0,0.0,0.21646666666666667,24.3285,6.0,4,20.534631194654125,55.0,0.06,0.0,0.0,0.0,0.0,43.11810895346799,optimal
2021-02-07 18:30:00,3,1,0.0,0.0,0.0,0.16026666666666667,28.917,6.0,4,20.429347461782278,55.0,0.06,0.0,0.0,0.0,0.0,42.8987477765437,optimal
2021-02-07 19:00:00,3,1,0.0,0.0,0.0,0.18616666666666662,31.3635,6.0,4,20.32918606900717,55.0,0.058666666666666666,0.0,0.0,0.0,0.0,42.67960596079634,optimal
2021-02-07 19:30:00,3,1,0.0,0.0,0.0,0.08746666666666666,33.306,6.0,4,20.224976516343766,55.0,0.058666666666666666,0.0,0.0,0.0,0.0,42.460683286864715,optimal
2021-02-07 20:00:00,3,1,0.0,0.0,0.0,0.07759999999999999,31.3425,6.0,4,20.113627446308588,55.0,0.058666666666666666,0.0,0.0,0.0,0.0,42.24197953560703,optimal
2021-02-07 20:30:00,3,1,0.0,0.0,0.0,0.08293333333333333,28.2555,6.0,4,20.0,55.0,0.056666666666666664,0.0,0.0,0.0,0.0,42.023494488100596,optimal
2021-02-07 21:00:00,3,1,0.0,0.0,0.0,0.10640000000000001,15.6975,6.0,4,19.887807660365205,55.0,0.056666666666666664,0.0,0.0,0.0,0.0,41.805227925641674,optimal
2021-02-07 21:30:00,3,1,0.0,0.0,0.0,0.13543333333333335,12.5475,6.0,4,19.774542572687285,55.0,0.05430666666666667,0.0,0.0,0.0,0.0,41.58717962974521,optimal
2021-02-07 22:00:00,3,1,0.0,0.0,0.0,0.207,12.0855,6.0,4,19.66004473778321,55.0,0.054,0.0,0.0,0.0,0.0,41.36934938214464,optimal
2021-02-07 22:30:00,3,1,0.0,0.0,0.0,0.44523333333333337,11.907,6.0,4,19.54832283050505,55.0,0.054,0.0,0.0,0.0,0.0,41.3279800327625,optimal
2021-02-07 23:00:00,3,1,0.0,0.0,0.0,0.068,12.5685,6.0,4,19.448303394475356,55.0,0.054,0.0,0.0,0.0,0.0,41.286652052729735,optimal
2021-02-07 23:30:00,3,1,0.0,0.0,0.0,0.1772,13.146,6.0,4,19.33367084731555,55.0,0.054,0.0,0.0,0.0,0.0,41.245365400677,optimal
2021-02-08 00:00:00,3,1,2.0,0.0,0.0,0.053,11.025,6.0,1,19.33367084731555,55.0,0.054,7000.0,0.0,0.0,0.0,41.204120035276325,optimal
2021-02-08 00:30:00,3,1,2.0,0.0,0.0,0.053,5.9745,6.0,1,19.470162223847737,55.0,0.084,3865.0,0.0,3135.0,0.0,41.16291591524105,optimal
2021-02-08 01:00:00,3,1,2.0,0.0,0.0,0.22173333333333328,7.938,6.0,1,19.487200943299744,55.0,0.084,7000.0,0.0,0.0,0.0,41.12175299932581,optimal
2021-02-08 01:30:00,3,1,2.0,0.0,0.0,0.13833333333333334,8.6835,6.0,1,19.628923038054513,55.0,0.084,7000.0,0.0,0.0,0.0,41.08063124632648,optimal
2021-02-08 02:00:00,3,1,2.0,0.0,0.0,0.1444,7.665,6.0,1,19.76606608797054,55.0,0.084,7000.0,0.0,0.0,0.0,41.03955061508016,optimal
2021-02-08 02:30:00,3,1,2.0,0.0,0.0,0.22269999999999998,6.7725,6.0,1,19.90204412901096,55.0,0.084,7000.0,0.0,0.0,0.0,40.99851106446508,optimal
2021-02-08 03:00:00,3,1,2.0,0.0,0.0,0.16706666666666667,5.5755,6.0,1,20.040339703219782,55.0,0.084,7000.0,0.0,0.0,0.0,40.95751255340061,optimal
2021-02-08 03:30:00,3,1,2.0,0.0,7.0,0.15203333333333333,5.0925,6.0,1,20.17587573573062,55.0,0.084,7000.0,0.0,0.0,0.0,44.24155504084722,optimal
2021-02-08 04:00:00,3,1,2.0,0.0,7.0,0.2484,4.1895,6.0,1,20.309461603729652,55.0,0.084,7000.0,0.0,0.0,0.0,47.52231348580637,optimal
2021-02-08 04:30:00,3,1,2.0,0.0,0.0,0.19240000000000002,7.056,6.0,1,20.44532036816902,55.0,0.084,7000.0,0.0,0.0,0.0,47.474791172320565,optimal
2021-02-08 05:00:00,3,1,2.0,0.0,1.91585612832422,0.2216,5.271,6.0,1,20.577306406304718,55.0,0.084,7000.0,0.0,0.0,0.0,48.33734804210225,optimal
2021-02-08 05:30:00,3,1,2.0,0.0,0.0,0.16053333333333333,7.938,6.0,1,20.70866730353646,55.0,0.084,7000.0,0.0,0.0,0.0,48.289010694060146,optimal
2021-02-08 06:00:00,3,1,2.0,0.0,0.0,0.24006666666666662,7.938,6.0,1,20.83637006725433,55.0,0.084,7000.0,0.0,0.0,0.0,48.240721683366075,optimal
2021-02-08 06:30:00,3,1,2.0,0.0,0.0,0.12,11.907,6.0,1,20.965753616792078,55.0,0.084,7000.0,0.0,0.0,0.0,48.192480961682705,optimal
2021-02-08 07:00:00,3,1,2.0,0.0,0.0,0.22306666666666664,11.025,6.0,1,21.089264828404605,55.0,0.07782666666666667,7000.0,0.0,0.0,0.0,48.144288480721016,optimal
2021-02-08 07:30:00,3,1,2.0,0.0,0.0,0.3112333333333333,11.2875,6.0,1,21.219192743442488,55.0,0.05466666666666667,7000.0,0.0,0.0,0.0,48.096144192240295,optimal
2021-02-08 08:00:00,3,1,0.0,0.0,0.0,0.23366666666666663,12.936,6.0,1,21.35476521343442,55.0,0.054,0.0,0.0,0.0,0.0,48.048048048048045,optimal
2021-02-08 08:30:00,3,1,0.0,0.0,0.0,0.24706666666666663,13.0095,6.0,1,21.23241478304207,55.0,0.037333333333333336,0.0,0.0,0.0,0.0,48.0,optimal
2021-02-08 09:00:00,3,1,0.0,0.0,0.0,0.31706666666666666,13.671,6.0,1,21.107626658765525,55.0,0.037333333333333336,0.0,0.0,0.0,0.0,46.90854943476641,optimal
2021-02-08 09:30:00,3,1,0.0,0.0,0.0,0.1149,13.188,6.0,1,20.965978775372275,55.0,0.037333333333333336,0.0,0.0,0.0,0.0,45.81819032009805,optimal
2021-02-08 10:00:00,3,1,0.0,0.0,0.0,0.2752,13.8495,6.0,1,20.818866075386318,55.0,0.037333333333333336,0.0,0.0,0.0,0.0,44.72892156454436,optimal
2021-02-08 10:30:00,3,1,0.17314217383038463,0.0,0.0,0.13369999999999999,13.23,6.0,1,20.680022745566976,55.0,0.037333333333333336,605.9976084063462,0.0,0.0,0.0,43.640742077746225,optimal
2021-02-08 11:00:00,3,1,0.0,0.0,0.0,0.2442333333333333,13.3665,6.0,1,20.558644353741816,55.0,0.037333333333333336,0.0,0.0,0.0,0.0,42.553650770434885,optimal
2021-02-08 11:30:00,3,1,2.0,0.0,0.0,0.10990000000000001,13.0515,6.0,1,20.41833480655367,55.0,0.037333333333333336,7000.0,0.0,0.0,0.0,41.46764655443086,optimal
2021-02-08 12:00:00,3,1,0.0,0.0,0.0,0.10913333333333335,13.5345,6.0,1,20.539190594370066,55.0,0.037333333333333336,0.0,0.0,0.0,0.0,40.382728342642835,optimal
2021-02-08 12:30:00,3,1,0.0,0.0,0.0,0.48393333333333327,14.154,6.0,1,20.39541207455489,55.0,0.03666666666666667,0.0,0.0,0.0,0.0,39.2988950490666,optimal
2021-02-08 13:00:00,3,1,0.0,0.0,0.0,0.2143333333333333,14.112,6.0,1,20.280084325922772,55.0,0.03666666666666667,0.0,0.0,0.0,0.0,38.216145588783945,optimal
2021-02-08 13:30:00,3,1,0.0,0.0,0.0,0.36223333333333335,14.2485,6.0,1,20.1784922004105,55.0,0.03666666666666667,0.0,0.0,0.0,0.0,37.13447887796157,optimal
2021-02-08 14:00:00,3,1,2.0,0.0,0.0,0.14723333333333333,12.789,6.0,1,20.05820549595648,55.0,0.03666666666666667,7000.0,0.0,0.0,0.0,36.05389383385002,optimal
2021-02-08 14:30:00,3,1,2.0,0.0,0.0,0.13219999999999998,13.0095,6.0,1,20.188369552208318,55.0,0.03666666666666667,7000.0,0.0,0.0,0.0,34.974389374782575,optimal
2021-02-08 15:00:00,3,1,2.0,0.0,0.0,0.273,12.1275,6.0,1,20.315878473702238,55.0,0.03666666666666667,7000.0,0.0,0.0,0.0,33.8959644201742,optimal
2021-02-08 15:30:00,3,1,2.0,0.0,0.0,0.5006666666666667,12.348,6.0,1,20.45135522313604,55.0,0.035333333333333335,7000.0,0.0,0.0,0.0,33.86206845575403,optimal
2021-02-08 16:00:00,3,1,2.0,0.0,0.0,0.4389333333333333,12.348,6.0,1,20.606431142162666,55.0,0.03333333333333333,7000.0,0.0,0.0,0.0,33.82820638729827,optimal
2021-02-08 16:30:00,3,1,0.0,0.0,0.0,0.38160000000000005,25.389,6.0,1,20.76825931341135,55.0,0.032,0.0,0.0,0.0,0.0,33.794378180910975,optimal
2021-02-08 17:00:00,3,1,0.0,0.0,0.0,0.2382,29.1375,6.0,1,20.661671053793977,55.0,0.02666666666666667,0.0,0.0,0.0,0.0,33.76058380273006,optimal
2021-02-08 17:30:00,3,1,0.0,0.0,0.0,0.3509333333333333,30.597,6.0,1,20.54601112068372,55.0,0.025333333333333333,0.0,0.0,0.0,0.0,33.72682321892733,optimal
2021-02-08 18:00:00,3,1,0.0,0.0,0.0,0.4064666666666666,33.684,6.0,1,20.43563772603924,55.0,0.01897333333333333,0.0,0.0,0.0,0.0,33.6930963957084,optimal
2021-02-08 18:30:00,3,1,0.0,0.0,0.0,1.5650666666666666,32.445,6.0,1,20.325664242593554,55.0,0.012666666666666666,0.0,0.0,0.0,0.0,33.65940329931269,optimal
2021-02-08 19:00:00,3,1,0.0,0.0,0.0,0.3676333333333333,28.917,6.0,1,20.215118036225682,55.0,0.011333333333333334,0.0,0.0,0.0,0.0,33.62574389601338,optimal
2021-02-08 19:30:00,3,1,0.0,0.0,0.0,0.3611666666666667,15.876,6.0,1,20.100770283876283,55.0,0.010666666666666666,0.0,0.0,0.0,0.0,33.59211815211737,optimal
2021-02-08 20:00:00,3,1,0.6638707649504505,0.0,0.0,0.4555,12.348,6.0,1,20.0,55.0,0.004666666666666667,2323.547677326577,0.0,0.0,0.0,33.55852603396526,optimal
2021-02-08 20:30:00,3,1,0.0,0.0,0.0,2.4067,12.1275,6.0,1,20.0,55.0,0.0,0.0,0.0,0.0,0.0,33.524967507931294,optimal
2021-02-08 21:00:00,3,1,0.0,0.0,0.0,3.1314333333333333,12.348,6.0,1,19.934832691081283,55.0,0.0,0.0,0.0,0.0,0.0,33.491442540423364,optimal
2021-02-08 21:30:00,3,1,0.0,0.0,0.0,1.2045666666666666,12.1275,6.0,1,19.87360937701423,55.0,0.0,0.0,0.0,0.0,0.0,33.45795109788294,optimal
2021-02-08 22:00:00,3,1,0.0,0.0,0.0,0.2850666666666667,12.1275,6.0,1,19.775021036374433,55.0,0.0,0.0,0.0,0.0,0.0,33.42449314678506,optimal
2021-02-08 22:30:00,3,1,0.0,0.0,0.0,0.14373333333333332,11.2665,6.0,1,19.64694884599121,55.0,0.0,0.0,0.0,0.0,0.0,33.39106865363828,optimal
2021-02-08 23:00:00,3,1,0.0398095238095238,0.0,0.0,0.297,10.143,6.0,1,19.514118915536528,55.0,0.0006666666666666665,0.0,0.0,139.33333333333331,0.0,33.35767758498464,optimal
2021-02-08 23:30:00,3,1,0.0,0.0,0.0,0.4348333333333333,11.2455,6.0,1,19.40562218589083,55.0,0.0,0.0,0.0,0.0,0.0,33.324319907399655,optimal
2021-02-09 00:00:00,3,1,2.0,0.0,0.0,0.08413333333333334,11.6865,6.0,3,19.40562218589083,55.0,0.0,7000.0,0.0,0.0,0.0,33.290995587492255,optimal
2021-02-09 00:30:00,3,1,2.0,0.0,0.0,0.20646666666666666,11.466,6.0,3,19.535730186051264,55.0,0.06698564593301436,0.0,0.0,7000.0,0.0,33.25770459190476,optimal
2021-02-09 01:00:00,3,1,2.0,0.0,0.0,0.17033333333333334,10.8045,6.0,3,19.40531225263586,55.0,0.10933333333333334,2574.666666666667,0.0,4425.333333333333,0.0,33.22444688731286,optimal
2021-02-09 01:30:00,3,1,2.0,0.0,0.0,0.15919999999999998,10.584,6.0,3,19.3724176118803,55.0,0.10933333333333334,7000.0,0.0,0.0,0.0,33.19122244042555,optimal
2021-02-09 02:00:00,3,1,2.0,0.0,0.0,0.17493333333333333,11.2455,6.0,3,19.505885937073018,55.0,0.10933333333333334,7000.0,0.0,0.0,0.0,33.158031217985126,optimal
2021-02-09 02:30:00,3,1,2.0,0.0,0.0,0.1662,12.1275,6.0,3,19.638209327083242,55.0,0.10933333333333334,7000.0,0.0,0.0,0.0,33.12487318676714,optimal
2021-02-09 03:00:00,3,1,2.0,0.0,0.0,0.12833333333333335,11.823,6.0,3,19.769589482437894,55.0,0.10933333333333334,7000.0,0.0,0.0,0.0,33.091748313580375,optimal
2021-02-09 03:30:00,3,1,2.0,0.0,0.0,0.08553333333333334,11.7705,6.0,3,19.898932814554776,55.0,0.10933333333333334,7000.0,0.0,0.0,0.0,33.058656565266794,optimal
2021-02-09 04:00:00,3,1,2.0,0.0,0.0,0.1164,11.13,6.0,3,20.026440618810295,55.0,0.10933333333333334,7000.0,0.0,0.0,0.0,33.02559790870153,optimal
2021-02-09 04:30:00,3,1,2.0,0.0,0.0,0.2288,11.6865,6.0,3,20.154909590849364,55.0,0.10933333333333334,7000.0,0.0,0.0,0.0,32.99257231079282,optimal
2021-02-09 05:00:00,3,1,2.0,0.0,0.0,0.11553333333333332,10.7205,6.0,3,20.285922800613026,55.0,0.10933333333333334,7000.0,0.0,0.0,0.0,32.95957973848203,optimal
2021-02-09 05:30:00,3,1,2.0,0.0,0.0,0.21306666666666663,11.424,6.0,3,20.41093593039517,55.0,0.10933333333333334,7000.0,0.0,0.0,0.0,32.926620158743546,optimal
2021-02-09 06:00:00,3,1,2.0,0.0,0.0,0.15106666666666665,10.689,6.0,3,20.538702393232246,55.0,0.10933333333333334,7000.0,0.0,0.0,0.0,32.893693538584806,optimal
2021-02-09 06:30:00,3,1,2.0,0.0,0.0,0.057,11.361,6.0,3,20.66317473626394,55.0,0.10933333333333334,7000.0,0.0,0.0,0.0,32.86079984504622,optimal
2021-02-09 07:00:00,3,1,2.0,0.0,0.0,0.2586,11.571,6.0,3,20.782793572167133,55.0,0.10933333333333334,7000.0,0.0,0.0,0.0,32.82793904520118,optimal
2021-02-09 07:30:00,3,1,0.0,0.0,0.0,0.529,14.3745,6.0,3,20.908764922211024,55.0,0.10866666666666666,0.0,0.0,0.0,0.0,32.79511110615598,optimal
2021-02-09 08:00:00,3,1,2.0,0.0,0.0,0.9270333333333332,13.23,6.0,3,20.783439737328713,55.0,0.10266666666666667,7000.0,0.0,0.0,0.0,32.762315995049825,optimal
2021-02-09 08:30:00,3,1,0.0,0.0,0.0,1.9133666666666664,13.9755,6.0,3,20.945385074662145,55.0,0.09866666666666667,0.0,0.0,0.0,0.0,32.729553679054774,optimal
2021-02-09 09:00:00,3,1,0.0,0.0,0.0,3.5999333333333334,14.994,6.0,3,20.83833181494052,55.0,0.09666666666666666,0.0,0.0,0.0,0.0,32.69682412537572,optimal
2021-02-09 09:30:00,3,1,1.2678498899530564,0.0,0.0,0.27693333333333336,13.671,6.0,3,20.729414716636047,55.0,0.04466666666666667,4437.474614835697,0.0,0.0,0.0,32.664127301250346,optimal
2021-02-09 10:00:00,3,1,0.0,0.0,0.0,1.7561666666666667,15.981,6.0,3,20.775721672389516,55.0,0.043333333333333335,0.0,0.0,0.0,0.0,32.63146317394909,optimal
2021-02-09 10:30:00,3,1,0.0,0.0,0.0,1.2998333333333332,15.6345,6.0,3,20.66076628946802,55.0,0.042666666666666665,0.0,0.0,0.0,0.0,32.598831710775144,optimal
2021-02-09 11:00:00,3,1,0.0,0.0,0.0,0.31689999999999996,16.5375,6.0,3,20.543948258457778,55.0,0.042666666666666665,0.0,0.0,0.0,0.0,32.566232879064366,optimal
2021-02-09 11:30:00,3,1,0.0,0.0,0.0,2.6638,14.7735,6.0,3,20.42213601554435,55.0,0.042,0.0,0.0,0.0,0.0,32.5336666461853,optimal
2021-02-09 12:00:00,3,1,0.0,0.0,0.0,0.25903333333333334,15.2145,6.0,3,20.318935809478678,55.0,0.03866666666666667,0.0,0.0,0.0,0.0,32.501132979539115,optimal
2021-02-09 12:30:00,3,1,0.0,0.0,0.0,0.2551,14.553,6.0,3,20.200716521508003,55.0,0.03630666666666667,0.0,0.0,0.0,0.0,32.468631846559575,optimal
2021-02-09 13:00:00,3,1,2.0,0.0,0.0,0.3554333333333333,14.3325,6.0,3,20.082539525418774,55.0,0.035333333333333335,7000.0,0.0,0.0,0.0,32.43616321471301,optimal
2021-02-09 13:30:00,3,1,0.0,0.0,0.0,0.4844666666666666,14.595,6.0,3,20.22954607773205,55.0,0.034666666666666665,0.0,0.0,0.0,0.0,32.4037270514983,optimal
2021-02-09 14:00:00,3,1,0.0,0.0,0.0,0.4264,14.994,6.0,3,20.1132716697123,55.0,0.032,0.0,0.0,0.0,0.0,32.371323324446806,optimal
2021-02-09 14:30:00,3,1,0.7595927414492875,0.0,0.0,0.5614,14.3325,6.0,3,20.0,55.0,0.032,2658.5745950725063,0.0,0.0,0.0,32.33895200112236,optimal
2021-02-09 15:00:00,3,1,0.467722275507408,0.0,0.0,4.276133333333333,13.8915,6.0,3,20.0,55.0,0.028,1637.027964275928,0.0,0.0,0.0,32.30661304912124,optimal
2021-02-09 15:30:00,3,1,1.6847626852205368,0.0,0.0,0.2012333333333333,13.8915,6.0,3,20.0,55.0,0.027333333333333334,5896.669398271879,0.0,0.0,0.0,32.274306436072116,optimal
2021-02-09 16:00:00,3,1,2.0,0.0,0.0,0.27476666666666666,13.4715,6.0,3,20.108709140998076,55.0,0.025333333333333333,7000.0,0.0,0.0,0.0,32.242032129636044,optimal
2021-02-09 16:30:00,3,1,2.0,0.0,0.0,0.38780000000000003,13.23,6.0,3,20.262905936299116,55.0,0.018666666666666665,7000.0,0.0,0.0,0.0,32.209790097506406,optimal
2021-02-09 17:00:00,3,1,2.0,0.0,0.0,0.23266666666666663,13.8915,6.0,3,20.422603513306324,55.0,0.01533333333333333,7000.0,0.0,0.0,0.0,32.1775803074089,optimal
2021-02-09 17:30:00,3,1,0.0,0.0,0.0,0.4329333333333333,26.9325,6.0,3,20.579735461180952,55.0,0.014666666666666665,0.0,0.0,0.0,0.0,32.14540272710149,optimal
2021-02-09 18:00:00,3,1,0.0,0.0,0.0,1.9821,30.303,6.0,3,20.482828974327326,55.0,0.011999999999999997,0.0,0.0,0.0,0.0,32.11325732437439,optimal
2021-02-09 18:30:00,3,1,0.0,0.0,0.0,3.9289,32.886,6.0,3,20.396164506410244,55.0,0.011999999999999997,0.0,0.0,0.0,0.0,32.08114406705001,optimal
2021-02-09 19:00:00,3,1,0.0,0.0,0.0,0.8965666666666667,34.9965,6.0,3,20.316847219846256,55.0,0.009333333333333332,0.0,0.0,0.0,0.0,32.04906292298296,optimal
2021-02-09 19:30:00,3,1,0.0,0.0,0.0,0.30846666666666667,33.327,6.0,3,20.21592681191924,55.0,0.009333333333333332,0.0,0.0,0.0,0.0,32.01701386005998,optimal
2021-02-09 20:00:00,3,1,0.0,0.0,0.0,0.33153333333333335,31.122,6.0,3,20.11014397903996,55.0,0.003999999999999999,0.0,0.0,0.0,0.0,31.984996846199923,optimal
2021-02-09 20:30:00,3,1,0.0,0.0,0.0,0.4966666666666667,17.9025,6.0,3,20.0,55.0,0.003999999999999999,0.0,0.0,0.0,0.0,31.95301184935372,optimal
2021-02-09 21:00:00,3,1,0.0,0.0,0.0,0.8951,15.6555,6.0,3,19.89688284908107,55.0,0.001333333333333333,0.0,0.0,0.0,0.0,31.92105883750437,optimal
2021-02-09 21:30:00,3,1,0.0,0.0,0.0,2.891333333333333,14.553,6.0,3,19.784581024507666,55.0,0.0,0.0,0.0,0.0,0.0,31.889137778666864,optimal
2021-02-09 22:00:00,3,1,0.0,0.0,0.0,3.022333333333333,14.3325,6.0,3,19.684350559415414,55.0,0.0,0.0,0.0,0.0,0.0,31.857248640888198,optimal
2021-02-09 22:30:00,3,1,0.0,0.0,0.0,0.067,13.335,6.0,3,19.58404650835286,55.0,0.0,0.0,0.0,0.0,0.0,31.825391392247308,optimal
2021-02-09 23:00:00,3,1,0.0,0.0,0.0,0.23706666666666665,12.1275,6.0,3,19.447999771832855,55.0,0.0,0.0,0.0,0.0,0.0,31.793566000855062,optimal
2021-02-09 23:30:00,3,1,0.0,0.0,0.0,0.16686666666666666,12.2955,6.0,3,19.319763941747702,55.0,0.0,0.0,0.0,0.0,0.0,31.76177243485421,optimal
2021-02-10 00:00:00,3,1,2.0,0.0,0.0,0.052,11.508,6.0,-1,19.319763941747702,55.0,0.0,7000.0,0.0,0.0,0.0,31.730010662419353,optimal
2021-02-10 00:30:00,3,1,2.0,0.0,0.0,0.052,11.508,6.0,-1,19.448186689778588,55.0,0.05733333333333333,1008.666666666667,0.0,5991.333333333333,0.0,31.698280651756935,optimal
2021-02-10 01:00:00,3,1,2.0,0.0,0.0,0.052,11.508,6.0,-1,19.34856371910326,55.0,0.05733333333333333,7000.0,0.0,0.0,0.0,31.66658237110518,optimal
2021-02-10 01:30:00,3,1,2.0,0.0,0.0,0.052,11.844,6.0,-1,19.475281929419257,55.0,0.05733333333333333,7000.0,0.0,0.0,0.0,31.634915788734073,optimal
2021-02-10 02:00:00,3,1,2.0,0.0,0.0,0.18619999999999998,11.508,6.0,-1,19.600311109507157,55.0,0.05733333333333333,7000.0,0.0,0.0,0.0,31.60328087294534,optimal
2021-02-10 02:30:00,3,1,2.0,0.0,1.4200315631571707,0.052,11.508,6.0,-1,19.728733726227723,55.0,0.05733333333333333,7000.0,0.0,0.0,0.0,32.24619258457205,optimal
2021-02-10 03:00:00,3,1,2.0,0.0,7.0,0.052,10.4475,6.0,-1,19.851129722293248,55.0,0.05733333333333333,7000.0,0.0,0.0,0.0,35.53894639198748,optimal
2021-02-10 03:30:00,3,1,2.0,0.0,7.0,0.18619999999999998,10.8675,6.0,-1,19.97261387922214,55.0,0.05733333333333333,7000.0,0.0,0.0,0.0,38.82840744559549,optimal
2021-02-10 04:00:00,3,1,2.0,0.0,7.0,0.052,10.542,6.0,-1,20.098262873871604,55.0,0.05733333333333333,7000.0,0.0,0.0,0.0,42.11457903814989,optimal
2021-02-10 04:30:00,3,1,2.0,0.0,7.0,0.052,11.025,6.0,-1,20.21790591110041,55.0,0.05733333333333333,7000.0,0.0,0.0,0.0,45.397464459111745,optimal
2021-02-10 05:00:00,3,1,2.0,0.0,7.0,0.113,11.025,6.0,-1,20.335912627502786,55.0,0.05733333333333333,7000.0,0.0,0.0,0.0,48.67706699465263,optimal
2021-02-10 05:30:00,3,1,2.0,0.0,0.0,0.1252,14.553,6.0,-1,20.454599706129482,55.0,0.05733333333333333,7000.0,0.0,0.0,0.0,48.62838992765797,optimal
2021-02-10 06:00:00,3,1,2.0,0.0,0.0,0.062,13.0935,6.0,-1,20.572118484256777,55.0,0.05733333333333333,7000.0,0.0,0.0,0.0,48.579761537730306,optimal
2021-02-10 06:30:00,3,1,2.0,0.0,0.0,0.1657,15.6345,6.0,-1,20.685251375966715,55.0,0.05733333333333333,7000.0,0.0,0.0,0.0,48.53118177619257,optimal
2021-02-10 07:00:00,3,1,0.0,0.0,0.0,0.0925,18.102,6.0,-1,20.802949057236088,55.0,0.05733333333333333,0.0,0.0,0.0,0.0,48.48265059441637,optimal
2021-02-10 07:30:00,3,1,0.0,0.0,0.0,0.1108,17.199,6.0,-1,20.654044520808522,55.0,0.05733333333333333,0.0,0.0,0.0,0.0,48.434167943821954,optimal
2021-02-10 08:00:00,3,1,0.0,0.0,0.0,0.1454,18.2805,6.0,-1,20.506568162043482,55.0,0.05533333333333333,0.0,0.0,0.0,0.0,48.38573377587813,optimal
2021-02-10 08:30:00,3,1,0.0,0.0,0.0,0.1072,17.4615,6.0,-1,20.367856013285078,55.0,0.05533333333333333,0.0,0.0,0.0,0.0,48.33734804210225,optimal
2021-02-10 09:00:00,3,1,0.0,0.0,0.0,0.19419999999999998,18.3225,6.0,-1,20.23121263740613,55.0,0.038,0.0,0.0,0.0,0.0,48.289010694060146,optimal
2021-02-10 09:30:00,3,1,0.21181331109595466,0.0,0.0,0.09886666666666666,17.094,6.0,-1,20.10302609159627,55.0,0.037333333333333336,741.3465888358413,0.0,0.0,0.0,48.240721683366075,optimal
2021-02-10 10:00:00,3,1,0.9231792922832219,0.0,0.0,0.19116666666666662,17.094,6.0,-1,20.0,55.0,0.028666666666666667,3231.1275229912767,0.0,0.0,0.0,48.192480961682705,optimal
2021-02-10 10:30:00,3,1,1.838545086559738,0.0,0.0,0.1855,17.094,6.0,-1,20.0,55.0,0.02666666666666667,6434.907802959083,0.0,0.0,0.0,48.144288480721016,optimal
2021-02-10 11:00:00,3,1,0.0,0.0,0.0,0.1603,17.3565,6.0,-1,20.122680615488896,55.0,0.008,0.0,0.0,0.0,0.0,48.096144192240295,optimal
2021-02-10 11:30:00,3,1,2.0,0.0,0.0,0.2805,17.115,6.0,-1,20.0,55.0,0.008,7000.0,0.0,0.0,0.0,48.048048048048045,optimal
2021-02-10 12:00:00,3,1,2.0,0.0,0.0,0.1015,17.241,6.0,-1,20.14555146192874,55.0,0.008,7000.0,0.0,0.0,0.0,48.0,optimal
2021-02-10 12:30:00,3,1,2.0,0.0,0.0,0.1779,17.094,6.0,-1,20.283340084269412,55.0,0.008,7000.0,0.0,0.0,0.0,47.881025678807994,optimal
2021-02-10 13:00:00,3,1,2.0,0.0,0.0,0.0803,16.5165,6.0,-1,20.408575952898083,55.0,0.008,7000.0,0.0,0.0,0.0,47.762170331937185,optimal
2021-02-10 13:30:00,3,1,1.3873727848204442,0.0,0.0,0.062,17.8185,6.0,-1,20.529191636892524,55.0,0.008,4855.804746871555,0.0,0.0,0.0,47.643433840413245,optimal
2021-02-10 14:00:00,3,1,2.0,0.0,0.0,0.19619999999999999,17.094,6.0,-1,20.568702754328903,55.0,0.008,7000.0,0.0,0.0,0.0,47.52481608538083,optimal
2021-02-10 14:30:00,3,1,2.0,0.0,0.0,0.062,16.8945,6.0,-1,20.695484007566936,55.0,0.008,7000.0,0.0,0.0,0.0,47.406316948103445,optimal
2021-02-10 15:00:00,3,1,2.0,0.0,0.0,0.0681,18.123,6.0,-1,20.816250868159898,55.0,0.008,7000.0,0.0,0.0,0.0,47.287936309963335,optimal
2021-02-10 15:30:00,3,1,0.0,0.0,0.0,0.1901,31.647,6.0,-1,20.936348473517796,55.0,0.008,0.0,0.0,0.0,0.0,47.16967405246137,optimal
2021-02-10 16:00:00,3,1,0.0,0.0,0.0,0.062,34.9965,6.0,-1,20.794220394366782,55.0,0.008,0.0,0.0,0.0,0.0,47.0515300572169,optimal
2021-02-10 16:30:00,3,1,0.0,0.0,0.0,0.48976666666666663,34.9965,6.0,-1,20.646821736738126,55.0,0.008,0.0,0.0,0.0,0.0,46.93350420596768,optimal
2021-02-10 17:00:00,3,1,0.0,0.0,0.0,0.207,34.9965,6.0,-1,20.518893915275804,55.0,0.006,0.0,0.0,0.0,0.0,46.81559638056971,optimal
2021-02-10 17:30:00,3,1,0.0,0.0,0.0,0.0876,34.9965,6.0,-1,20.384612518898226,55.0,0.004,0.0,0.0,0.0,0.0,46.697806462997136,optimal
2021-02-10 18:00:00,3,1,0.0,0.0,0.0,0.2215,34.9965,6.0,-1,20.252124603693726,55.0,0.004,0.0,0.0,0.0,0.0,46.58013433534214,optimal
2021-02-10 18:30:00,3,1,0.0,0.0,0.0,0.1355,27.741,6.0,-1,20.127314041502547,55.0,0.004,0.0,0.0,0.0,0.0,46.46257987981479,optimal
2021-02-10 19:00:00,3,1,0.9950230386714554,0.0,0.0,0.093,19.026,6.0,-1,20.0,55.0,0.004,3482.5806353500934,0.0,0.0,0.0,46.34514297874297,optimal
2021-02-10 19:30:00,3,1,0.9174325178012307,0.0,0.0,0.1195,18.7215,6.0,-1,20.0,55.0,0.0,3211.0138123043075,0.0,0.0,0.0,46.298797835764226,optimal
2021-02-10 20:00:00,3,1,0.8953277112167415,0.0,0.0,0.2745,17.4195,6.0,-1,20.0,55.0,0.0,3133.646989258595,0.0,0.0,0.0,46.25249903792846,optimal
2021-02-10 20:30:00,3,1,0.0,0.0,0.0,0.199,16.758,6.0,-1,20.0,55.0,0.0,0.0,0.0,0.0,0.0,46.20624653889053,optimal
2021-02-10 21:00:00,3,1,0.0,0.0,0.0,0.1143,14.217,6.0,-1,19.876310189075344,55.0,0.0,0.0,0.0,0.0,0.0,46.16004029235164,optimal
2021-02-10 21:30:00,3,1,0.05971428571428571,0.0,0.0,0.2864,13.3665,6.0,-1,19.75122124580943,55.0,0.0,0.0,0.0,209.0,0.0,46.11388025205929,optimal
2021-02-10 22:00:00,3,1,0.1592380952380952,0.0,0.0,0.222,12.789,6.0,-1,19.61924004500466,55.0,0.0,0.0,0.0,557.3333333333333,0.0,46.06776637180723,optimal
2021-02-10 22:30:00,3,1,0.0398095238095238,0.0,0.0,0.11090000000000001,11.907,6.0,-1,19.475244788203103,55.0,0.0,0.0,0.0,139.33333333333331,0.0,46.021698605435425,optimal
2021-02-10 23:00:00,3,1,0.05971428571428571,0.0,0.0,0.06186666666666667,11.7075,6.0,-1,19.32597171182039,55.0,0.0,0.0,0.0,209.0,0.0,45.97567690682999,optimal
2021-02-10 23:30:00,3,1,0.0,0.0,0.0,0.184,10.8045,6.0,-1,19.167781761962676,55.0,0.0,0.0,0.0,0.0,0.0,45.92970122992316,optimal
2021-02-11 00:00:00,3,1,2.0,0.0,0.0,0.22066666666666662,11.6865,6.0,-2,19.167781761962676,55.0,0.0,7000.0,0.0,0.0,0.0,45.88377152869324,optimal
2021-02-11 00:30:00,3,1,2.0,0.0,0.0,0.20633333333333329,11.2245,6.0,-2,19.274914525128054,55.0,0.06698564593301436,0.0,0.0,7000.0,0.0,45.837887757164545,optimal
2021-02-11 01:00:00,3,1,2.0,0.0,0.0,0.1134,11.025,6.0,-2,19.11517672154169,55.0,0.088,4804.0,0.0,2196.0,0.0,45.79204986940738,optimal
2021-02-11 01:30:00,3,1,2.0,0.0,0.0,0.08213333333333334,10.7835,6.0,-2,19.13535129051483,55.0,0.088,7000.0,0.0,0.0,0.0,45.74625781953797,optimal
2021-02-11 02:00:00,3,1,2.0,0.0,0.0,0.29553333333333337,11.025,6.0,-2,19.23715608478738,55.0,0.088,7000.0,0.0,0.0,0.0,45.700511561718436,optimal
2021-02-11 02:30:00,3,1,2.0,0.0,0.0,0.12593333333333334,10.584,6.0,-2,19.346264388791994,55.0,0.088,7000.0,0.0,0.0,0.0,45.65481105015672,optimal
2021-02-11 03:00:00,3,1,2.0,0.0,0.0,0.22006666666666663,11.025,6.0,-2,19.4474076097611,55.0,0.088,7000.0,0.0,0.0,0.0,45.60915623910656,optimal
2021-02-11 03:30:00,3,1,2.0,0.0,5.534597639611075,0.21246666666666666,10.4265,6.0,-2,19.550608554339984,55.0,0.088,7000.0,0.0,0.0,0.0,48.192480961682705,optimal
2021-02-11 04:00:00,3,1,2.0,0.0,0.0,0.17066666666666666,12.789,6.0,-2,19.65461602153592,55.0,0.088,7000.0,0.0,0.0,0.0,48.144288480721016,optimal
2021-02-11 04:30:00,3,1,2.0,0.0,0.0,0.19846666666666668,12.684,6.0,-2,19.758131975824885,55.0,0.088,7000.0,0.0,0.0,0.0,48.096144192240295,optimal
2021-02-11 05:00:00,3,1,2.0,0.0,0.0,0.12893333333333334,16.254,6.0,-2,19.86192698975863,55.0,0.088,7000.0,0.0,0.0,0.0,48.048048048048045,optimal
2021-02-11 05:30:00,3,1,2.0,0.0,0.0,0.1442,17.64,6.0,-2,19.962321870479613,55.0,0.086,7000.0,0.0,0.0,0.0,48.0,optimal
2021-02-11 06:00:00,3,1,2.0,0.0,0.0,1.188766666666667,19.1625,6.0,-2,20.073134897703998,55.0,0.08133333333333333,7000.0,0.0,0.0,0.0,47.81884825015964,optimal
2021-02-11 06:30:00,3,1,0.0,0.0,0.0,0.7677666666666666,26.46,6.0,-2,20.188762963919505,55.0,0.072,0.0,0.0,0.0,0.0,47.63787765206912,optimal
2021-02-11 07:00:00,3,1,1.4608379948576518,0.0,0.0,0.5478333333333334,20.79,6.0,-2,20.04149368458911,55.0,0.04947999999999999,5112.932982001781,0.0,0.0,0.0,47.45708802457669,optimal
2021-02-11 07:30:00,3,1,0.0,0.0,0.0,1.7544000000000002,29.106,6.0,-2,20.10168040477539,55.0,0.0006666666666666665,0.0,0.0,0.0,0.0,47.276479186711754,optimal
2021-02-11 08:00:00,3,1,2.0,0.0,0.0,0.6337666666666667,19.1835,6.0,-2,20.0,55.0,0.0006666666666666665,7000.0,0.0,0.0,0.0,47.09605095768468,optimal
2021-02-11 08:30:00,3,1,0.020783594995880398,0.0,0.0,0.5983666666666667,19.6665,6.0,-2,20.13436907343594,55.0,0.0,72.7425824855814,0.0,0.0,0.0,46.91580315688664,optimal
2021-02-11 09:00:00,3,1,1.2540606670685541,0.0,0.0,0.1297333333333333,19.404,6.0,-2,20.0,55.0,0.0,4389.212334739939,0.0,0.0,0.0,46.735735603889395,optimal
2021-02-11 09:30:00,3,1,1.1423523905262996,0.0,0.0,0.19533333333333328,19.047,6.0,-2,20.0,55.0,0.0,3998.233366842049,0.0,0.0,0.0,46.55584811844515,optimal
2021-02-11 10:00:00,3,1,2.0,0.0,0.0,0.175,18.858,6.0,-2,20.0,55.0,0.0,7000.0,0.0,0.0,0.0,46.376140520486345,optimal
2021-02-11 10:30:00,3,1,0.16723723510604557,0.0,0.0,0.119,19.2675,6.0,-2,20.1249266341215,55.0,0.0,585.3303228711595,0.0,0.0,0.0,46.1966126301255,optimal
2021-02-11 11:00:00,3,1,1.134807652636791,0.0,0.0,0.133,18.963,6.0,-2,20.0,55.0,0.0,3971.8267842287682,0.0,0.0,0.0,46.017264267655015,optimal
2021-02-11 11:30:00,3,1,2.0,0.0,0.0,0.32506666666666667,18.438,6.0,-2,20.0,55.0,0.03223099917034035,3631.8605866994335,0.0,3368.1394133005665,0.0,45.838095253547,optimal
2021-02-11 12:00:00,3,1,1.143701790009092,0.0,0.0,0.07,18.7425,6.0,-2,20.0,55.0,0.034756631798802826,3739.0276553574927,0.0,263.92860967432927,0.0,45.6591054084531,optimal
2021-02-11 12:30:00,3,1,2.0,0.0,0.0,0.6255,15.2145,6.0,-2,20.0,55.0,0.03933333333333333,6521.734689641563,0.0,478.2653103584371,0.0,45.48029455320429,optimal
2021-02-11 13:00:00,3,1,2.0,0.0,0.0,0.5036,17.7765,6.0,-2,20.138485648419497,55.0,0.03799999999999999,7000.0,0.0,0.0,0.0,45.30166250881073,optimal
2021-02-11 13:30:00,3,1,2.0,0.0,0.0,0.5401666666666667,16.758,6.0,-2,20.299005101569055,55.0,0.03533333333333333,7000.0,0.0,0.0,0.0,45.12320909646156,optimal
2021-02-11 14:00:00,3,1,2.0,0.0,0.0,0.3681333333333333,16.422,6.0,-2,20.464365208248108,55.0,0.033333333333333326,7000.0,0.0,0.0,0.0,45.0780858873651,optimal
2021-02-11 14:30:00,3,1,2.0,0.0,0.0,0.6407,16.758,6.0,-2,20.63336758573845,55.0,0.03066666666666666,7000.0,0.0,0.0,0.0,45.03300780147773,optimal
2021-02-11 15:00:00,3,1,0.0,0.0,0.0,0.363,29.358,6.0,-2,20.81392591278103,55.0,0.009999999999999998,0.0,0.0,0.0,0.0,44.98797479367625,optimal
2021-02-11 15:30:00,3,1,0.0,0.0,0.0,0.6210333333333333,34.9965,6.0,-2,20.71404792109739,55.0,0.009999999999999998,0.0,0.0,0.0,0.0,44.942986818882574,optimal
2021-02-11 16:00:00,3,1,0.0,0.0,0.0,0.2768,34.65,6.0,-2,20.623902315366486,55.0,0.009999999999999998,0.0,0.0,0.0,0.0,44.89804383206369,optimal
2021-02-11 16:30:00,3,1,0.0,0.0,0.0,0.1664,34.9965,6.0,-2,20.507655395008854,55.0,0.007999999999999998,0.0,0.0,0.0,0.0,44.85314578823163,optimal
2021-02-11 17:00:00,3,1,0.0,0.0,0.0,0.239,34.9965,6.0,-2,20.383470355804747,55.0,0.007999999999999998,0.0,0.0,0.0,0.0,44.8082926424434,optimal
2021-02-11 17:30:00,3,1,0.0,0.0,0.0,0.3408,30.4815,6.0,-2,20.25288599248935,55.0,0.005333333333333332,0.0,0.0,0.0,0.0,44.763484349800954,optimal
2021-02-11 18:00:00,3,1,0.0,0.0,0.0,0.3582666666666667,21.4305,6.0,-2,20.127829065621654,55.0,0.0,0.0,0.0,0.0,0.0,44.718720865451154,optimal
2021-02-11 18:30:00,3,1,1.0215289993981767,0.0,0.0,0.3395666666666667,14.3325,6.0,-2,20.0,55.0,0.0,3575.351497893618,0.0,0.0,0.0,44.6740021445857,optimal
2021-02-11 19:00:00,3,1,2.0,0.0,0.0,0.3078666666666667,13.692,6.0,-2,20.0,55.0,0.0,6303.333333333333,0.0,696.6666666666666,0.0,44.62932814244111,optimal
2021-02-11 19:30:00,3,1,0.4295840415338761,0.0,0.0,0.158,14.007,6.0,-2,20.09132574627189,55.0,0.0,1503.5441453685662,0.0,0.0,0.0,44.58469881429867,optimal
2021-02-11 20:00:00,3,1,1.2025780853462107,0.0,0.0,0.6121666666666666,12.873,6.0,-2,20.0,55.0,0.0,3721.35663204507,0.0,487.6666666666667,0.0,44.54011411548437,optimal
2021-02-11 20:30:00,3,1,0.0,0.0,0.0,0.30326666666666663,12.684,6.0,-2,20.0,55.0,0.0,0.0,0.0,0.0,0.0,44.49557400136889,optimal
2021-02-11 21:00:00,3,1,0.0398095238095238,0.0,0.0,0.4826666666666667,12.306,6.0,-2,19.84462166266441,55.0,0.0,0.0,0.0,139.33333333333331,0.0,44.45107842736752,optimal
2021-02-11 21:30:00,3,1,0.0398095238095238,0.0,0.0,0.4466,10.6365,6.0,-2,19.69610619681202,55.0,0.001333333333333333,0.0,0.0,139.33333333333331,0.0,44.406627348940155,optimal
2021-02-11 22:00:00,3,1,0.0,0.0,0.0,0.6651666666666667,11.2455,6.0,-2,19.555811609323207,55.0,0.0,0.0,0.0,0.0,0.0,44.362220721591214,optimal
2021-02-11 22:30:00,3,1,0.0,0.0,0.0,0.2494,11.2455,6.0,-2,19.420994377113704,55.0,0.0,0.0,0.0,0.0,0.0,44.317858500869626,optimal
2021-02-11 23:00:00,3,1,0.0,0.0,0.0,0.098,11.025,6.0,-2,19.243537719453943,55.0,0.0,0.0,0.0,0.0,0.0,44.27354064236876,optimal
2021-02-11 23:30:00,3,1,0.0,0.0,0.0,0.11746666666666668,12.0855,6.0,-2,19.05721347689004,55.0,0.0,0.0,0.0,0.0,0.0,44.229267101726386,optimal
2021-02-12 00:00:00,3,1,2.0,0.0,0.0,0.154,10.3635,6.0,-3,19.05721347689004,55.0,0.0,6651.666666666667,0.0,348.3333333333333,0.0,44.18503783462466,optimal
2021-02-12 00:30:00,3,1,2.0,0.0,0.0,0.2532,10.8045,6.0,-3,19.137126757032924,55.0,0.023333333333333327,2959.333333333334,0.0,4040.666666666666,0.0,44.140852796790035,optimal
2021-02-12 01:00:00,3,1,2.0,0.0,0.0,0.09433333333333331,10.059,6.0,-3,19.08587818383837,55.0,0.023333333333333327,7000.0,0.0,0.0,0.0,44.09671194399325,optimal
2021-02-12 01:30:00,3,1,2.0,0.0,0.0,0.059,10.584,6.0,-3,19.16317141975868,55.0,0.023333333333333327,7000.0,0.0,0.0,0.0,44.052615232049256,optimal
2021-02-12 02:00:00,3,1,2.0,0.0,7.0,0.08020000000000001,9.4185,6.0,-3,19.239298976311463,55.0,0.023333333333333327,7000.0,0.0,0.0,0.0,47.33356261681721,optimal
2021-02-12 02:30:00,3,1,2.0,0.0,0.0,0.13673333333333332,10.3635,6.0,-3,19.316405286043555,55.0,0.023333333333333327,7000.0,0.0,0.0,0.0,47.28622905420039,optimal
2021-02-12 03:00:00,3,1,2.0,0.0,2.007448708497942,0.059,9.8385,6.0,-3,19.397307882014797,55.0,0.023333333333333327,7000.0,0.0,0.0,0.0,48.192480961682705,optimal
2021-02-12 03:30:00,3,1,2.0,0.0,0.0,0.11553333333333332,11.067,6.0,-3,19.476906079925953,55.0,0.023333333333333327,7000.0,0.0,0.0,0.0,48.144288480721016,optimal
2021-02-12 04:00:00,3,1,2.0,0.0,0.0,0.1014,10.8465,6.0,-3,19.56326196367378,55.0,0.023333333333333327,7000.0,0.0,0.0,0.0,48.096144192240295,optimal
2021-02-12 04:30:00,3,1,2.0,0.0,0.0,0.059,13.671,6.0,-3,19.65365550368222,55.0,0.023333333333333327,7000.0,0.0,0.0,0.0,48.048048048048045,optimal
2021-02-12 05:00:00,3,1,2.0,0.0,0.0,0.3196,12.348,6.0,-3,19.74698874560581,55.0,0.008666666666666666,7000.0,0.0,0.0,0.0,48.0,optimal
2021-02-12 05:30:00,3,1,2.0,0.0,0.0,0.45080000000000003,14.3325,6.0,-3,19.860503334921855,55.0,0.008666666666666666,7000.0,0.0,0.0,0.0,47.34120851636583,optimal
2021-02-12 06:00:00,3,1,0.8067477971038053,0.0,0.0,0.36460000000000004,15.393,6.0,-3,19.981505931975416,55.0,0.0,2823.6172898633185,0.0,0.0,0.0,46.6830758242153,optimal
2021-02-12 06:30:00,3,1,2.0,0.0,0.0,0.248,13.587,6.0,-3,19.950829412878917,55.0,0.0,7000.0,0.0,0.0,0.0,46.02560126475692,optimal
2021-02-12 07:00:00,3,1,0.0,0.0,0.0,0.069,16.1385,6.0,-3,20.064853069065236,55.0,0.0,0.0,0.0,0.0,0.0,45.368784179858,optimal
2021-02-12 07:30:00,3,1,2.0,0.0,0.0,0.069,14.595,6.0,-3,19.902950930083897,55.0,0.0,7000.0,0.0,0.0,0.0,44.71262391204397,optimal
2021-02-12 08:00:00,3,1,1.308073858739363,0.0,0.0,0.11846666666666668,14.637,6.0,-3,20.0,55.0,0.0,4578.258505587771,0.0,0.0,0.0,44.057119804497766,optimal
2021-02-12 08:30:00,3,1,1.3193423944241363,0.0,0.0,0.11846666666666668,13.9125,6.0,-3,20.0,55.0,0.0,4617.698380484477,0.0,0.0,0.0,43.4022712010591,optimal
2021-02-12 09:00:00,3,1,1.3447442431123497,0.0,0.0,0.069,13.3665,6.0,-3,20.0,55.0,0.0,4706.6048508932245,0.0,0.0,0.0,42.748077446223874,optimal
2021-02-12 09:30:00,3,1,2.0,0.0,0.0,1.4224666666666668,13.0095,6.0,-3,20.0,55.0,0.003162444645939513,6669.524534499321,0.0,330.4754655006791,0.0,42.09453788514348,optimal
2021-02-12 10:00:00,3,1,0.0,0.0,0.0,0.224,13.8915,6.0,-3,20.122029493871494,55.0,0.003162444645939513,0.0,0.0,0.0,0.0,41.44165186362417,optimal
2021-02-12 10:30:00,3,1,0.8117785784416468,0.0,0.0,1.5935666666666666,13.188,6.0,-3,20.0,55.0,0.003857665762965361,2698.9077511498963,0.0,142.3172733958678,0.0,40.789418728126385,optimal
2021-02-12 11:00:00,3,1,2.0,0.0,0.0,0.6023666666666667,12.5685,6.0,-3,20.0,55.0,0.004,6985.12607222988,0.0,14.873927770119735,0.0,40.137837825764095,optimal
2021-02-12 11:30:00,3,1,2.0,0.0,0.0,0.397,12.285,6.0,-3,20.15206193808664,55.0,0.004,7000.0,0.0,0.0,0.0,39.48690850430416,optimal
2021-02-12 12:00:00,3,1,2.0,0.0,0.0,0.6452,11.487,6.0,-3,20.2963548665784,55.0,0.004,7000.0,0.0,0.0,0.0,38.83663011216569,optimal
2021-02-12 12:30:00,3,1,2.0,0.0,0.0,0.3619,11.802,6.0,-3,20.444704918236365,55.0,0.002,7000.0,0.0,0.0,0.0,38.18700199841936,optimal
2021-02-12 13:00:00,3,1,2.0,0.0,0.0,0.40693333333333326,11.2245,6.0,-3,20.579706496096254,55.0,0.002,7000.0,0.0,0.0,0.0,37.53802351278678,optimal
2021-02-12 13:30:00,3,1,2.0,0.0,0.0,1.0111333333333332,11.025,6.0,-3,20.718991826256936,55.0,0.002,7000.0,0.0,0.0,0.0,36.889694005639825,optimal
2021-02-12 14:00:00,3,1,2.0,0.0,0.0,0.6723666666666667,11.907,6.0,-3,20.85341328232687,55.0,0.002,7000.0,0.0,0.0,0.0,36.24201282800002,optimal
2021-02-12 14:30:00,3,1,0.0,0.0,0.0,0.3592666666666667,25.83,6.0,-3,20.98454015304593,55.0,0.002,0.0,0.0,0.0,0.0,35.59497933153786,optimal
2021-02-12 15:00:00,3,1,0.0,0.0,0.0,0.3302,28.035,6.0,-3,20.85606638199634,55.0,0.0,0.0,0.0,0.0,0.0,34.948592868572156,optimal
2021-02-12 15:30:00,3,1,0.0,0.0,0.0,0.3388333333333333,28.119,6.0,-3,20.73247114513615,55.0,0.0,0.0,0.0,0.0,0.0,34.302852792069416,optimal
2021-02-12 16:00:00,3,1,0.0,0.0,0.0,0.069,30.156,6.0,-3,20.590366412435657,55.0,0.0,0.0,0.0,0.0,0.0,33.65775845564318,optimal
2021-02-12 16:30:00,3,1,0.0,0.0,0.0,0.069,29.1585,6.0,-3,20.4431740259672,55.0,0.0,0.0,0.0,0.0,0.0,33.01330921355337,optimal
2021-02-12 17:00:00,3,1,0.0,0.0,0.0,0.16793333333333332,26.712,6.0,-3,20.29484323655361,55.0,0.0,0.0,0.0,0.0,0.0,32.36950442070565,optimal
2021-02-12 17:30:00,3,1,0.0,0.0,0.0,0.069,15.435,6.0,-3,20.149120081382826,55.0,0.0,0.0,0.0,0.0,0.0,31.72634343265078,optimal
2021-02-12 18:00:00,3,1,1.1088554374957469,0.0,0.0,0.12553333333333333,13.566,6.0,-3,20.0,55.0,0.0,3880.9940312351137,0.0,0.0,0.0,31.08382560558396,optimal
2021-02-12 18:30:00,3,1,0.9586820952264458,0.0,0.0,0.397,12.789,6.0,-3,20.0,55.0,0.0,3285.7206666258935,0.0,69.66666666666666,0.0,30.44195029634421,optimal
2021-02-12 19:00:00,3,1,1.8361220927431239,0.0,0.0,0.337,12.1275,6.0,-3,20.0,55.0,0.0,6426.427324600933,0.0,0.0,0.0,29.8007168624137,optimal
2021-02-12 19:30:00,3,1,0.0,0.0,0.0,0.48519999999999996,13.671,6.0,-3,20.122107130657664,55.0,0.0,0.0,0.0,0.0,0.0,29.770916145551286,optimal
2021-02-12 20:00:00,3,1,1.577243955308626,0.0,0.0,0.4776,10.668,6.0,-3,20.0,55.0,0.024666666666666667,2942.687176913525,0.0,2577.6666666666665,0.0,29.741145229405735,optimal
2021-02-12 20:30:00,3,1,0.0,0.0,0.0,0.486,11.7285,6.0,-3,20.0,55.0,0.021333333333333333,0.0,0.0,0.0,0.0,29.71140408417633,optimal
2021-02-12 21:00:00,3,1,0.0,0.0,0.0,0.5644333333333332,11.025,6.0,-3,19.89318360366855,55.0,0.019333333333333334,0.0,0.0,0.0,0.0,29.681692680092155,optimal
2021-02-12 21:30:00,3,1,0.0,0.0,0.0,0.435,10.689,6.0,-3,19.787994867457847,55.0,0.0,0.0,0.0,0.0,0.0,29.652010987412062,optimal
2021-02-12 22:00:00,3,1,0.07961904761904762,0.0,0.0,0.41363333333333335,8.1585,6.0,-3,19.682850324176023,55.0,0.002,0.0,0.0,278.6666666666667,0.0,29.62235897642465,optimal
2021-02-12 22:30:00,3,1,0.0,0.0,0.0,0.4433,10.3635,6.0,-3,19.571770556664447,55.0,0.002,0.0,0.0,0.0,0.0,29.592736617448224,optimal
2021-02-12 23:00:00,3,1,0.0,0.0,0.0,0.5107,10.8045,6.0,-3,19.466127308623154,55.0,0.0,0.0,0.0,0.0,0.0,29.563143880830776,optimal
2021-02-12 23:30:00,3,1,0.0,0.0,0.0,0.4833,11.025,6.0,-3,19.366726318380746,55.0,0.0,0.0,0.0,0.0,0.0,29.533580736949943,optimal
2021-02-13 00:00:00,3,1,2.0,0.0,0.0,0.061,9.261,6.0,-2,19.366726318380746,55.0,0.0,7000.0,0.0,0.0,0.0,29.504047156212994,optimal
2021-02-13 00:30:00,3,1,2.0,0.0,7.0,0.061,8.1585,6.0,-2,19.48987893687003,55.0,0.06698564593301436,0.0,0.0,7000.0,0.0,32.799543109056785,optimal
2021-02-13 01:00:00,3,1,2.0,0.0,0.0,0.119,9.4815,6.0,-2,19.348036603524157,55.0,0.126,833.0,0.0,6167.0,0.0,32.76674356594773,optimal
2021-02-13 01:30:00,3,1,2.0,0.0,5.445056556020338,0.1306,8.379,6.0,-2,19.24128418177234,55.0,0.126,7000.0,0.0,0.0,0.0,35.32037868649144,optimal
2021-02-13 02:00:00,3,1,2.0,0.0,0.0,0.061,9.5235,6.0,-2,19.3691182076354,55.0,0.126,7000.0,0.0,0.0,0.0,35.285058307804945,optimal
2021-02-13 02:30:00,3,1,2.0,0.0,7.0,0.1886,8.1375,6.0,-2,19.49374298873527,55.0,0.126,7000.0,0.0,0.0,0.0,38.57477324949714,optimal
2021-02-13 03:00:00,3,1,2.0,0.0,0.0,0.069,10.0905,6.0,-2,19.622259871644285,55.0,0.126,7000.0,0.0,0.0,0.0,38.53619847624764,optimal
2021-02-13 03:30:00,3,1,2.0,0.0,7.0,0.16906666666666667,7.539,6.0,-2,19.744998770168134,55.0,0.126,7000.0,0.0,0.0,0.0,41.82266227777139,optimal
2021-02-13 04:00:00,3,1,2.0,0.0,7.0,0.0842,7.938,6.0,-2,19.8703948619014,55.0,0.126,7000.0,0.0,0.0,0.0,45.10583961549362,optimal
2021-02-13 04:30:00,3,1,2.0,0.0,7.0,0.11320000000000001,8.274,6.0,-2,19.9914166488948,55.0,0.126,7000.0,0.0,0.0,0.0,48.38573377587813,optimal
2021-02-13 05:00:00,3,1,2.0,0.0,0.0,0.1364,9.261,6.0,-2,20.111887421953348,55.0,0.126,7000.0,0.0,0.0,0.0,48.33734804210225,optimal
2021-02-13 05:30:00,3,1,2.0,0.0,0.0,0.061,9.9225,6.0,-2,20.231592170390584,55.0,0.126,7000.0,0.0,0.0,0.0,48.289010694060146,optimal
2021-02-13 06:00:00,3,1,2.0,0.0,0.0,0.061,9.702,6.0,-2,20.346811634280563,55.0,0.126,7000.0,0.0,0.0,0.0,48.240721683366075,optimal
2021-02-13 06:30:00,3,1,2.0,0.0,0.0,0.1886,10.584,6.0,-2,20.4604277325667,55.0,0.126,7000.0,0.0,0.0,0.0,48.192480961682705,optimal
2021-02-13 07:00:00,3,1,2.0,0.0,0.0,0.060333333333333336,10.143,6.0,-2,20.577645450864026,55.0,0.126,7000.0,0.0,0.0,0.0,48.144288480721016,optimal
2021-02-13 07:30:00,3,1,0.0,0.0,0.0,0.0938,13.0095,6.0,-2,20.690018374052297,55.0,0.124,0.0,0.0,0.0,0.0,48.096144192240295,optimal
2021-02-13 08:00:00,3,1,2.0,0.0,0.0,0.16013333333333332,11.025,6.0,-2,20.545808592626322,55.0,0.10133333333333333,7000.0,0.0,0.0,0.0,48.048048048048045,optimal
2021-02-13 08:30:00,3,1,0.0,0.0,0.0,0.069,12.789,6.0,-2,20.671486810174272,55.0,0.09866666666666667,0.0,0.0,0.0,0.0,48.0,optimal
2021-02-13 09:00:00,3,1,0.4553642397127105,0.0,0.0,0.17646666666666666,12.1275,6.0,-2,20.52897912003027,55.0,0.098,1593.7748389944868,0.0,0.0,0.0,47.29230026432773,optimal
2021-02-13 09:30:00,3,1,2.0,0.0,0.0,0.112,12.1695,6.0,-2,20.449612158223918,55.0,0.098,7000.0,0.0,0.0,0.0,46.58530822839113,optimal
2021-02-13 10:00:00,3,1,2.0,0.0,0.0,0.3115333333333334,12.306,6.0,-2,20.570330920494424,55.0,0.09333333333333334,7000.0,0.0,0.0,0.0,45.879023184490464,optimal
2021-02-13 10:30:00,3,1,0.0,0.0,0.0,0.1974,13.23,6.0,-2,20.698466658402726,55.0,0.07666666666666667,0.0,0.0,0.0,0.0,45.173444425633704,optimal
2021-02-13 11:00:00,3,1,0.0,0.0,0.0,0.233,13.671,6.0,-2,20.554009570073905,55.0,0.07333333333333335,0.0,0.0,0.0,0.0,44.4685712455358,optimal
2021-02-13 11:30:00,3,1,0.0,0.0,0.0,0.45913333333333334,13.9335,6.0,-2,20.415538379549968,55.0,0.07333333333333335,0.0,0.0,0.0,0.0,43.76440293861799,optimal
2021-02-13 12:00:00,3,1,0.0,0.0,0.0,0.2904,13.293,6.0,-2,20.29201817294071,55.0,0.017333333333333333,0.0,0.0,0.0,0.0,43.0609388000071,optimal
2021-02-13 12:30:00,3,1,2.0,0.0,0.0,0.3447333333333333,12.1065,6.0,-2,20.168958793840684,55.0,0.014666666666666666,7000.0,0.0,0.0,0.0,42.35817812553483,optimal
2021-02-13 13:00:00,3,1,2.0,0.0,0.0,0.8777,11.571,6.0,-2,20.311860044158816,55.0,0.014,7000.0,0.0,0.0,0.0,41.656120211737026,optimal
2021-02-13 13:30:00,3,1,2.0,0.0,0.0,1.6466333333333334,11.025,6.0,-2,20.4667869650242,55.0,0.012,7000.0,0.0,0.0,0.0,40.95476435585302,optimal
2021-02-13 14:00:00,3,1,2.0,0.0,0.0,0.3472333333333333,10.8465,6.0,-2,20.635138692928706,55.0,0.012,7000.0,0.0,0.0,0.0,40.2541098558249,optimal
2021-02-13 14:30:00,3,1,2.0,0.0,0.0,0.32713333333333333,11.2455,6.0,-2,20.7669480060209,55.0,0.011333333333333334,7000.0,0.0,0.0,0.0,39.55415601029681,optimal
2021-02-13 15:00:00,3,1,0.0,0.0,0.0,0.24580000000000002,23.8665,6.0,-2,20.897760993394524,55.0,0.011333333333333334,0.0,0.0,0.0,0.0,38.85490211861424,optimal
2021-02-13 15:30:00,3,1,0.0,0.0,0.0,0.3390666666666667,27.4575,6.0,-2,20.762907172900015,55.0,0.008666666666666666,0.0,0.0,0.0,0.0,38.15634748082336,optimal
2021-02-13 16:00:00,3,1,0.0,0.0,0.0,0.2016,27.3735,6.0,-2,20.635339823752467,55.0,0.007333333333333333,0.0,0.0,0.0,0.0,37.458491397670265,optimal
2021-02-13 16:30:00,3,1,0.0,0.0,0.0,0.1987,30.4605,6.0,-2,20.50144215384257,55.0,0.005333333333333332,0.0,0.0,0.0,0.0,36.761333170600324,optimal
2021-02-13 17:00:00,3,1,0.0,0.0,0.0,0.4066,30.0195,6.0,-2,20.37002796648484,55.0,0.004666666666666666,0.0,0.0,0.0,0.0,36.06487210175745,optimal
2021-02-13 17:30:00,3,1,0.0,0.0,0.0,0.3176666666666667,26.9325,6.0,-2,20.247761785947127,55.0,0.004666666666666666,0.0,0.0,0.0,0.0,35.36910749398343,optimal
2021-02-13 18:00:00,3,1,0.0,0.0,0.0,0.418,14.595,6.0,-2,20.122734906763373,55.0,0.003999999999999999,0.0,0.0,0.0,0.0,35.33373838648944,optimal
2021-02-13 18:30:00,3,1,0.8651678095121667,0.0,0.0,0.5618666666666666,12.4845,6.0,-2,20.0,55.0,0.001333333333333333,3028.087333292583,0.0,0.0,0.0,35.29840464810295,optimal
2021-02-13 19:00:00,3,1,0.8449563720048026,0.0,0.0,0.6596000000000001,12.1275,6.0,-2,20.0,55.0,0.001333333333333333,2957.347302016809,0.0,0.0,0.0,35.26310624345485,optimal
2021-02-13 19:30:00,3,1,1.828199397124086,0.0,0.0,0.38206666666666667,12.1275,6.0,-2,20.0,55.0,0.001333333333333333,6398.6978899343,0.0,0.0,0.0,35.227843137211394,optimal
2021-02-13 20:00:00,3,1,0.0,0.0,0.0,0.41523333333333334,12.789,6.0,-2,20.120741459168702,55.0,0.001333333333333333,0.0,0.0,0.0,0.0,35.19261529407418,optimal
2021-02-13 20:30:00,3,1,0.0,0.0,0.0,0.4969333333333333,11.907,6.0,-2,20.0,55.0,0.001333333333333333,0.0,0.0,0.0,0.0,35.15742267878011,optimal
2021-02-13 21:00:00,3,1,0.0,0.0,0.0,0.5090666666666667,11.025,6.0,-2,19.883264711338626,55.0,0.0,0.0,0.0,0.0,0.0,35.12226525610133,optimal
2021-02-13 21:30:00,3,1,0.6170476190476191,0.0,0.0,0.664,8.2005,6.0,-2,19.766610777282086,55.0,0.020666666666666663,0.0,0.0,2159.6666666666665,0.0,35.08714299084523,optimal
2021-02-13 22:00:00,3,1,0.0,0.0,0.0,0.4036,9.5655,6.0,-2,19.657444458841322,55.0,0.0,0.0,0.0,0.0,0.0,35.05205584785438,optimal
2021-02-13 22:30:00,3,1,0.11942857142857143,0.0,0.0,0.257,7.056,6.0,-2,19.541269494372663,55.0,0.0,0.0,0.0,418.0,0.0,35.01700379200653,optimal
2021-02-13 23:00:00,3,1,0.0,0.0,0.0,0.1986,9.3975,6.0,-2,19.413565881216748,55.0,0.0,0.0,0.0,0.0,0.0,34.98198678821452,optimal
2021-02-13 23:30:00,3,1,0.0,0.0,0.0,0.066,10.059,6.0,-2,19.278230104926614,55.0,0.0,0.0,0.0,0.0,0.0,34.9470048014263,optimal
2021-02-07 00:00:00,4,1,1.9498447138627184,0.0,0.0,0.22733333333333328,6.615,6.0,-4,21.0,55.0,0.12,6824.456498519515,0.0,0.0,0.0,47.952,optimal
2021-02-07 00:30:00,4,1,2.0,0.0,0.0,0.07673333333333333,6.174,6.0,-4,21.13519140949356,55.0,0.12,7000.0,0.0,0.0,0.0,47.904047999999996,optimal
2021-02-07 01:00:00,4,1,2.0,0.0,0.0,0.13013333333333332,3.906,6.0,-4,21.269572993939533,55.0,0.12,7000.0,0.0,0.0,0.0,47.856143952,optimal
2021-02-07 01:30:00,4,1,2.0,0.0,0.0,0.2092333333333333,2.3415,6.0,-4,21.404137682216803,55.0,0.12,7000.0,0.0,0.0,0.0,47.80828780804799,optimal
2021-02-07 02:00:00,4,1,2.0,0.0,0.0,0.16963333333333333,2.205,6.0,-4,21.540139364901126,55.0,0.12,7000.0,0.0,0.0,0.0,47.76047952023995,optimal
2021-02-07 02:30:00,4,1,2.0,0.0,1.3150084239632513,0.06,0.882,6.0,-4,21.673523770522106,55.0,0.12,7000.0,0.0,0.0,0.0,48.33734804210225,optimal
2021-02-07 03:00:00,4,1,2.0,0.0,0.0,0.27796666666666664,1.5435,6.0,-4,21.801027693094223,55.0,0.12,7000.0,0.0,0.0,0.0,48.289010694060146,optimal
2021-02-07 03:30:00,4,1,2.0,0.0,0.0,0.09390000000000001,1.5435,6.0,-4,21.935071200348624,55.0,0.12,7000.0,0.0,0.0,0.0,48.240721683366075,optimal
2021-02-07 04:00:00,4,1,2.0,0.0,0.0,0.10143333333333333,5.0715,6.0,-4,22.060789825102763,55.0,0.12,7000.0,0.0,0.0,0.0,48.192480961682705,optimal
2021-02-07 04:30:00,4,1,2.0,0.0,0.0,0.11983333333333332,5.376,6.0,-4,22.185483960484277,55.0,0.12,7000.0,0.0,0.0,0.0,48.144288480721016,optimal
2021-02-07 05:00:00,4,1,2.0,0.0,0.0,0.24306666666666663,5.0715,6.0,-4,22.309944261437597,55.0,0.12,7000.0,0.0,0.0,0.0,48.096144192240295,optimal
2021-02-07 05:30:00,4,1,2.0,0.0,0.0,0.10766666666666669,5.5125,6.0,-4,22.438044773161106,55.0,0.12,7000.0,0.0,0.0,0.0,48.048048048048045,optimal
2021-02-07 06:00:00,4,1,0.0,0.0,0.0,0.14456666666666668,9.261,6.0,-4,22.559786093918962,55.0,0.11733333333333333,0.0,0.0,0.0,0.0,48.0,optimal
2021-02-07 06:30:00,4,1,0.0,0.0,0.0,1.274233333333333,11.7075,6.0,-4,22.42183348863522,55.0,0.11230666666666667,0.0,0.0,0.0,0.0,47.69597103861629,optimal
2021-02-07 07:00:00,4,1,0.0,0.0,0.0,0.059333333333333335,12.348,6.0,-4,22.29420567257264,55.0,0.112,0.0,0.0,0.0,0.0,47.39224610619397,optimal
2021-02-07 07:30:00,4,1,0.0,0.0,0.0,0.13576666666666667,12.348,6.0,-4,22.147680569703322,55.0,0.112,0.0,0.0,0.0,0.0,47.088824898704075,optimal
2021-02-07 08:00:00,4,1,0.0,0.0,0.0,0.2477666666666667,12.1275,6.0,-4,22.0,55.0,0.112,0.0,0.0,0.0,0.0,46.78570711242167,optimal
2021-02-07 08:30:00,4,1,0.0,0.0,0.0,0.06,12.5265,6.0,-4,21.856822985975803,55.0,0.112,0.0,0.0,0.0,0.0,46.48289244392554,optimal
2021-02-07 09:00:00,4,1,1.0621306954168266,0.0,0.0,0.16040000000000001,11.7495,6.0,-4,21.707322133778824,55.0,0.112,3717.4574339588926,0.0,0.0,0.0,46.18038059009791,optimal
2021-02-07 09:30:00,4,1,0.0,0.0,0.0,0.14366666666666666,13.23,6.0,-4,21.702795739320674,55.0,0.112,0.0,0.0,0.0,0.0,45.878171248124104,optimal
2021-02-07 10:00:00,4,1,0.0,0.0,0.0,0.06753333333333333,14.3325,6.0,-4,21.557603184200612,55.0,0.112,0.0,0.0,0.0,0.0,45.57626411549227,optimal
2021-02-07 10:30:00,4,1,0.0,0.0,0.0,0.3066666666666667,14.994,6.0,-4,21.410988589197597,55.0,0.112,0.0,0.0,0.0,0.0,45.27465888999308,optimal
2021-02-07 11:00:00,4,1,0.0,0.0,0.0,0.07,14.8155,6.0,-4,21.273667233472565,55.0,0.112,0.0,0.0,0.0,0.0,44.97335526971938,optimal
2021-02-07 11:30:00,4,1,0.0,0.0,0.0,0.19169999999999998,14.112,6.0,-4,21.127393357125833,55.0,0.112,0.0,0.0,0.0,0.0,44.67235295306595,optimal
2021-02-07 12:00:00,4,1,0.0,0.0,0.0,0.1855,14.007,6.0,-4,20.986983159598182,55.0,0.112,0.0,0.0,0.0,0.0,44.37165163872918,optimal
2021-02-07 12:30:00,4,1,0.0,0.0,0.0,0.06,13.23,6.0,-4,20.847586265284164,55.0,0.112,0.0,0.0,0.0,0.0,44.07125102570675,optimal
2021-02-07 13:00:00,4,1,2.0,0.0,0.0,0.3115,11.382,6.0,-4,20.704486655064162,55.0,0.112,7000.0,0.0,0.0,0.0,43.77115081329734,optimal
2021-02-07 13:30:00,4,1,2.0,0.0,0.0,0.07136666666666666,11.7495,6.0,-4,20.836102175399176,55.0,0.112,7000.0,0.0,0.0,0.0,43.471350701100334,optimal
2021-02-07 14:00:00,4,1,0.0,0.0,0.0,0.0851,24.3285,6.0,-4,20.958226666996737,55.0,0.112,0.0,0.0,0.0,0.0,43.17185038901553,optimal
2021-02-07 14:30:00,4,1,0.0,0.0,0.0,0.28676666666666667,28.917,6.0,-4,20.815996028064244,55.0,0.112,0.0,0.0,0.0,0.0,42.87264957724281,optimal
2021-02-07 15:00:00,4,1,0.0,0.0,0.0,0.06866666666666667,31.3635,6.0,-4,20.68281616781023,55.0,0.112,0.0,0.0,0.0,0.0,42.573747966281864,optimal
2021-02-07 15:30:00,4,1,0.0,0.0,0.0,0.1843333333333333,33.306,6.0,-4,20.542434062386544,55.0,0.112,0.0,0.0,0.0,0.0,42.27514525693188,optimal
2021-02-07 16:00:00,4,1,0.0,0.0,0.0,0.1938666666666667,31.3425,6.0,-4,20.40643817546215,55.0,0.112,0.0,0.0,0.0,0.0,41.97684115029124,optimal
2021-02-07 16:30:00,4,1,0.0,0.0,0.0,0.06966666666666667,28.2555,6.0,-4,20.270937376404927,55.0,0.112,0.0,0.0,0.0,0.0,41.67883534775724,optimal
2021-02-07 17:00:00,4,1,0.0,0.0,0.0,0.22896666666666668,15.6975,6.0,-4,20.13176125069564,55.0,0.112,0.0,0.0,0.0,0.0,41.38112755102578,optimal
2021-02-07 17:30:00,4,1,0.994863355497908,0.0,0.0,0.11903333333333331,12.5475,6.0,-4,20.0,55.0,0.112,3482.0217442426783,0.0,0.0,0.0,41.083717462091045,optimal
2021-02-07 18:00:00,4,1,1.2367439945620573,0.0,0.0,0.24006666666666662,12.0855,6.0,-4,20.0,55.0,0.10866666666666666,4328.6039809672,0.0,0.0,0.0,40.786604783245245,optimal
2021-02-07 18:30:00,4,1,2.0,0.0,0.0,0.48183333333333334,11.907,6.0,-4,20.043486990365516,55.0,0.10533333333333333,7000.0,0.0,0.0,0.0,40.4897892170783,optimal
2021-02-07 19:00:00,4,1,0.0,0.0,0.0,0.36060000000000003,12.5685,6.0,-4,20.197542291155628,55.0,0.10466666666666667,0.0,0.0,0.0,0.0,40.193270466477514,optimal
2021-02-07 19:30:00,4,1,0.0,0.0,0.0,0.9541000000000001,13.146,6.0,-4,20.083328724670817,55.0,0.088,0.0,0.0,0.0,0.0,40.15307719601104,optimal
2021-02-07 20:00:00,4,1,0.8034710151570232,0.0,0.0,0.3564,10.584,6.0,-4,20.0,55.0,0.08466666666666667,2812.148553049581,0.0,0.0,0.0,40.11292411881503,optimal
2021-02-07 20:30:00,4,1,0.0,0.0,0.0,0.4678333333333333,6.678,6.0,-4,20.0,55.0,0.08466666666666667,0.0,0.0,0.0,0.0,40.072811194696214,optimal
2021-02-07 21:00:00,4,1,0.0,0.0,0.0,0.5507333333333333,7.938,6.0,-4,19.892705021978827,55.0,0.082,0.0,0.0,0.0,0.0,40.03273838350152,optimal
2021-02-07 21:30:00,4,1,0.0,0.0,0.0,0.8137666666666666,5.292,6.0,-4,19.788791423383874,55.0,0.082,0.0,0.0,0.0,0.0,39.992705645118015,optimal
2021-02-07 22:00:00,4,1,0.0,0.0,0.0,0.3068,9.261,6.0,-4,19.691338905401746,55.0,0.082,0.0,0.0,0.0,0.0,39.952712939472896,optimal
2021-02-07 22:30:00,4,1,0.0,0.0,0.0,0.07,10.3635,6.0,-4,19.57289098295481,55.0,0.082,0.0,0.0,0.0,0.0,39.91276022653342,optimal
2021-02-07 23:00:00,4,1,0.0,0.0,0.0,0.07,8.274,6.0,-4,19.44637952210443,55.0,0.082,0.0,0.0,0.0,0.0,39.87284746630689,optimal
2021-02-07 23:30:00,4,1,0.0,0.0,0.0,0.3202,7.7175,6.0,-4,19.320810560232314,55.0,0.082,0.0,0.0,0.0,0.0,39.83297461884058,optimal
2021-02-08 00:00:00,4,1,2.0,0.0,0.0,0.053,7.665,6.0,-3,19.320810560232314,55.0,0.082,7000.0,0.0,0.0,0.0,39.79314164422174,optimal
2021-02-08 00:30:00,4,1,2.0,0.0,0.0,0.19103333333333333,6.7725,6.0,-3,19.457458190451664,55.0,0.11933333333333333,3098.6666666666665,0.0,3901.3333333333335,0.0,39.753348502577516,optimal
2021-02-08 01:00:00,4,1,2.0,0.0,0.0,0.17083333333333334,5.5755,6.0,-3,19.450915725651445,55.0,0.11933333333333333,7000.0,0.0,0.0,0.0,39.71359515407494,optimal
2021-02-08 01:30:00,4,1,2.0,0.0,7.0,0.12866666666666665,5.0925,6.0,-3,19.591045658636403,55.0,0.11933333333333333,7000.0,0.0,0.0,0.0,42.998881558920864,optimal
2021-02-08 02:00:00,4,1,2.0,0.0,7.0,0.2027,4.1895,6.0,-3,19.72816614450451,55.0,0.11933333333333333,7000.0,0.0,0.0,0.0,46.280882677361944,optimal
2021-02-08 02:30:00,4,1,2.0,0.0,0.0,0.1888333333333333,7.056,6.0,-3,19.86668947289108,55.0,0.11933333333333333,7000.0,0.0,0.0,0.0,46.23460179468458,optimal
2021-02-08 03:00:00,4,1,2.0,0.0,5.136889967932811,0.122,5.271,6.0,-3,20.00402944766106,55.0,0.11933333333333333,7000.0,0.0,0.0,0.0,48.62838992765797,optimal
2021-02-08 03:30:00,4,1,2.0,0.0,0.0,0.29253333333333337,7.938,6.0,-3,20.138193879908453,55.0,0.11933333333333333,7000.0,0.0,0.0,0.0,48.579761537730306,optimal
2021-02-08 04:00:00,4,1,2.0,0.0,0.0,0.099,7.938,6.0,-3,20.277428808756188,55.0,0.11933333333333333,7000.0,0.0,0.0,0.0,48.53118177619257,optimal
2021-02-08 04:30:00,4,1,2.0,0.0,0.0,0.076,11.907,6.0,-3,20.407942542376595,55.0,0.11933333333333333,7000.0,0.0,0.0,0.0,48.48265059441637,optimal
2021-02-08 05:00:00,4,1,2.0,0.0,0.0,0.26203333333333334,11.025,6.0,-3,20.535870062413494,55.0,0.11933333333333333,7000.0,0.0,0.0,0.0,48.434167943821954,optimal
2021-02-08 05:30:00,4,1,2.0,0.0,0.0,0.0925,11.2875,6.0,-3,20.66912761578583,55.0,0.11933333333333333,7000.0,0.0,0.0,0.0,48.38573377587813,optimal
2021-02-08 06:00:00,4,1,0.0,0.0,0.0,0.2067333333333333,12.936,6.0,-3,20.794275183349455,55.0,0.11866666666666667,0.0,0.0,0.0,0.0,48.33734804210225,optimal
2021-02-08 06:30:00,4,1,0.0,0.0,0.0,0.0736,13.0095,6.0,-3,20.671722323236875,55.0,0.11866666666666667,0.0,0.0,0.0,0.0,48.289010694060146,optimal
2021-02-08 07:00:00,4,1,0.0,0.0,0.0,0.2882333333333333,13.671,6.0,-3,20.531281590240066,55.0,0.11866666666666667,0.0,0.0,0.0,0.0,48.240721683366075,optimal
2021-02-08 07:30:00,4,1,0.0,0.0,0.0,0.12996666666666667,13.188,6.0,-3,20.399623172388843,55.0,0.11466666666666667,0.0,0.0,0.0,0.0,48.192480961682705,optimal
2021-02-08 08:00:00,4,1,0.0,0.0,0.0,0.0848,13.8495,6.0,-3,20.272181455740178,55.0,0.09933333333333333,0.0,0.0,0.0,0.0,48.144288480721016,optimal
2021-02-08 08:30:00,4,1,2.0,0.0,0.0,0.3365,13.23,6.0,-3,20.153573049357245,55.0,0.09466666666666666,7000.0,0.0,0.0,0.0,48.096144192240295,optimal
2021-02-08 09:00:00,4,1,0.0,0.0,0.0,0.2927,13.3665,6.0,-3,20.30734948236111,55.0,0.092,0.0,0.0,0.0,0.0,48.048048048048045,optimal
2021-02-08 09:30:00,4,1,2.0,0.0,0.0,0.6221333333333333,13.0515,6.0,-3,20.205029622466707,55.0,0.092,7000.0,0.0,0.0,0.0,48.0,optimal
2021-02-08 10:00:00,4,1,0.6639710714738813,0.0,0.0,1.2427000000000001,13.5345,6.0,-3,20.3724257131237,55.0,0.09,2323.898750158585,0.0,0.0,0.0,44.58583398024807,optimal
2021-02-08 10:30:00,4,1,0.0,0.0,0.0,0.4009,14.154,6.0,-3,20.374900790198424,55.0,0.086,0.0,0.0,0.0,0.0,41.17508212651589,optimal
2021-02-08 11:00:00,4,1,0.0,0.0,0.0,0.189,14.112,6.0,-3,20.25588880691764,55.0,0.086,0.0,0.0,0.0,0.0,41.133907044389375,optimal
2021-02-08 11:30:00,4,1,0.0,0.0,0.0,0.189,14.2485,6.0,-3,20.12699102669887,55.0,0.07466666666666667,0.0,0.0,0.0,0.0,41.092773137344984,optimal
2021-02-08 12:00:00,4,1,2.0,0.0,0.0,0.3892333333333334,12.789,6.0,-3,20.0,55.0,0.05333333333333334,7000.0,0.0,0.0,0.0,41.05168036420764,optimal
2021-02-08 12:30:00,4,1,1.0245231922522011,0.0,0.0,0.6377999999999999,13.0095,6.0,-3,20.157821435774792,55.0,0.050666666666666665,3585.831172882704,0.0,0.0,0.0,41.010628683843436,optimal
2021-02-08 13:00:00,4,1,2.0,0.0,0.0,0.5724666666666667,12.1275,6.0,-3,20.19794483147064,55.0,0.048666666666666664,7000.0,0.0,0.0,0.0,40.96961805515959,optimal
2021-02-08 13:30:00,4,1,2.0,0.0,0.0,0.43069999999999997,12.348,6.0,-3,20.363206572587057,55.0,0.048666666666666664,7000.0,0.0,0.0,0.0,40.928648437104435,optimal
2021-02-08 14:00:00,4,1,2.0,0.0,0.0,0.29606666666666664,12.348,6.0,-3,20.52342224653687,55.0,0.043333333333333335,7000.0,0.0,0.0,0.0,40.88771978866733,optimal
2021-02-08 14:30:00,4,1,0.0,0.0,0.0,0.3188333333333333,25.389,6.0,-3,20.678138324765786,55.0,0.04066666666666666,0.0,0.0,0.0,0.0,40.84683206887867,optimal
2021-02-08 15:00:00,4,1,0.0,0.0,0.0,0.3249666666666666,29.1375,6.0,-3,20.57893370287687,55.0,0.03933333333333333,0.0,0.0,0.0,0.0,40.80598523680979,optimal
2021-02-08 15:30:00,4,1,0.0,0.0,0.0,0.2511,30.597,6.0,-3,20.47826389416104,55.0,0.03933333333333333,0.0,0.0,0.0,0.0,40.76517925157298,optimal
2021-02-08 16:00:00,4,1,0.0,0.0,0.0,0.5493333333333333,33.684,6.0,-3,20.36812848879567,55.0,0.03866666666666667,0.0,0.0,0.0,0.0,40.72441407232141,optimal
2021-02-08 16:30:00,4,1,0.0,0.0,0.0,0.2568666666666667,32.445,6.0,-3,20.279685984851955,55.0,0.036,0.0,0.0,0.0,0.0,40.68368965824909,optimal
2021-02-08 17:00:00,4,1,0.0,0.0,0.0,0.4298333333333333,28.917,6.0,-3,20.17998776856457,55.0,0.028666666666666667,0.0,0.0,0.0,0.0,40.643005968590835,optimal
2021-02-08 17:30:00,4,1,0.0,0.0,0.0,0.2371,15.876,6.0,-3,20.092122319889466,55.0,0.020666666666666663,0.0,0.0,0.0,0.0,40.602362962622244,optimal
2021-02-08 18:00:00,4,1,0.670129848313313,0.0,0.0,0.30706666666666665,12.348,6.0,-3,20.0,55.0,0.01933333333333333,2345.4544690965954,0.0,0.0,0.0,40.56176059965962,optimal
2021-02-08 18:30:00,4,1,1.3100724879653767,0.0,0.0,0.5761000000000001,12.1275,6.0,-3,20.0,55.0,0.014666666666666665,4585.253707878818,0.0,0.0,0.0,40.52119883905996,optimal
2021-02-08 19:00:00,4,1,0.0,0.0,0.0,0.4111,12.348,6.0,-3,20.09089621052372,55.0,0.014666666666666665,0.0,0.0,0.0,0.0,40.480677640220904,optimal
2021-02-08 19:30:00,4,1,0.6002422203297473,0.0,0.0,0.6679333333333333,12.1275,6.0,-3,20.0,55.0,0.014666666666666665,2100.8477711541154,0.0,0.0,0.0,40.440196962580686,optimal
2021-02-08 20:00:00,4,1,0.5681793363790469,0.0,0.0,0.7806000000000001,12.1275,6.0,-3,20.0,55.0,0.0,1988.6276773266645,0.0,0.0,0.0,40.39975676561811,optimal
2021-02-08 20:30:00,4,1,0.0,0.0,0.0,0.5715333333333333,11.2665,6.0,-3,20.0,55.0,0.0,0.0,0.0,0.0,0.0,40.35935700885249,optimal
2021-02-08 21:00:00,4,1,0.13933333333333334,0.0,0.0,1.7847666666666668,10.143,6.0,-3,19.923555788728496,55.0,0.004666666666666667,0.0,0.0,487.6666666666667,0.0,40.31899765184364,optimal
2021-02-08 21:30:00,4,1,0.0,0.0,0.0,0.7006333333333333,11.2455,6.0,-3,19.89769411275507,55.0,0.001333333333333333,0.0,0.0,0.0,0.0,40.27867865419179,optimal
2021-02-08 22:00:00,4,1,0.0,0.0,0.0,0.48243333333333327,11.025,6.0,-3,19.81698726862492,55.0,0.0,0.0,0.0,0.0,0.0,40.238399975537604,optimal
2021-02-08 22:30:00,4,1,0.0398095238095238,0.0,0.0,0.809,5.9745,6.0,-3,19.72678900946807,55.0,0.001333333333333333,0.0,0.0,139.33333333333331,0.0,40.19816157556207,optimal
2021-02-08 23:00:00,4,1,0.0,0.0,0.0,0.3927,7.938,6.0,-3,19.653666426190835,55.0,0.001333333333333333,0.0,0.0,0.0,0.0,40.15796341398651,optimal
2021-02-08 23:30:00,4,1,0.0,0.0,0.0,0.3145333333333334,8.6835,6.0,-3,19.55109141084733,55.0,0.0,0.0,0.0,0.0,0.0,40.11780545057252,optimal
2021-02-09 00:00:00,4,1,2.0,0.0,0.0,0.11,10.8045,6.0,1,19.55109141084733,55.0,0.0,7000.0,0.0,0.0,0.0,40.07768764512195,optimal
2021-02-09 00:30:00,4,1,2.0,0.0,7.0,0.257,10.584,6.0,1,19.681426594682865,55.0,0.051506666666666666,1617.5533333333333,0.0,5382.446666666667,0.0,43.36260995747683,optimal
2021-02-09 01:00:00,4,1,2.0,0.0,0.0,0.08266666666666667,11.2455,6.0,1,19.613375614157906,55.0,0.051506666666666666,7000.0,0.0,0.0,0.0,43.31924734751935,optimal
2021-02-09 01:30:00,4,1,2.0,0.0,0.0,0.12,12.1275,6.0,1,19.742959163104555,55.0,0.051506666666666666,7000.0,0.0,0.0,0.0,43.27592810017183,optimal
2021-02-09 02:00:00,4,1,2.0,0.0,0.0,0.26966666666666667,11.823,6.0,1,19.872242735156206,55.0,0.051506666666666666,7000.0,0.0,0.0,0.0,43.23265217207166,optimal
2021-02-09 02:30:00,4,1,2.0,0.0,0.0,0.06,11.7705,6.0,1,20.005472357512218,55.0,0.051506666666666666,7000.0,0.0,0.0,0.0,43.18941951989959,optimal
2021-02-09 03:00:00,4,1,2.0,0.0,0.0,0.214,11.13,6.0,1,20.13016102039798,55.0,0.051506666666666666,7000.0,0.0,0.0,0.0,43.14623010037969,optimal
2021-02-09 03:30:00,4,1,2.0,0.0,0.0,0.17566666666666667,11.6865,6.0,1,20.260111158849753,55.0,0.051506666666666666,7000.0,0.0,0.0,0.0,43.10308387027931,optimal
2021-02-09 04:00:00,4,1,2.0,0.0,4.198090528742015,0.111,10.7205,6.0,1,20.38838999305515,55.0,0.051506666666666666,7000.0,0.0,0.0,0.0,45.054073787561485,optimal
2021-02-09 04:30:00,4,1,2.0,0.0,0.0,0.20366666666666663,11.424,6.0,1,20.514015138473354,55.0,0.051506666666666666,7000.0,0.0,0.0,0.0,45.00901971377392,optimal
2021-02-09 05:00:00,4,1,2.0,0.0,7.0,0.135,10.689,6.0,1,20.641460210805807,55.0,0.051506666666666666,7000.0,0.0,0.0,0.0,48.289010694060146,optimal
2021-02-09 05:30:00,4,1,2.0,0.0,0.0,0.06,11.361,6.0,1,20.76461670956257,55.0,0.051506666666666666,7000.0,0.0,0.0,0.0,48.240721683366075,optimal
2021-02-09 06:00:00,4,1,2.0,0.0,0.0,0.221,11.571,6.0,1,20.884022310955263,55.0,0.051506666666666666,7000.0,0.0,0.0,0.0,48.192480961682705,optimal
2021-02-09 06:30:00,4,1,0.0,0.0,0.0,0.172,14.3745,6.0,1,21.008620700724762,55.0,0.051506666666666666,0.0,0.0,0.0,0.0,48.144288480721016,optimal
2021-02-09 07:00:00,4,1,2.0,0.0,0.0,0.07,13.23,6.0,1,20.865491298450674,55.0,0.051506666666666666,7000.0,0.0,0.0,0.0,48.096144192240295,optimal
2021-02-09 07:30:00,4,1,0.0,0.0,0.0,0.2785666666666667,13.9755,6.0,1,20.98340040226509,55.0,0.04817333333333333,0.0,0.0,0.0,0.0,48.048048048048045,optimal
2021-02-09 08:00:00,4,1,0.0,0.0,0.0,0.12776666666666667,14.994,6.0,1,20.84956302350173,55.0,0.025506666666666667,0.0,0.0,0.0,0.0,48.0,optimal
2021-02-09 08:30:00,4,1,2.0,0.0,0.0,0.33113333333333334,13.671,6.0,1,20.71849126421165,55.0,0.025506666666666667,7000.0,0.0,0.0,0.0,47.8257778819127,optimal
2021-02-09 09:00:00,4,1,0.0,0.0,0.0,0.19866666666666663,15.981,6.0,1,20.853185952695707,55.0,0.025506666666666667,0.0,0.0,0.0,0.0,47.65172998594349,optimal
2021-02-09 09:30:00,4,1,0.0,0.0,0.0,0.141,15.6345,6.0,1,20.706373580487266,55.0,0.025506666666666667,0.0,0.0,0.0,0.0,47.47785613787025,optimal
2021-02-09 10:00:00,4,1,0.0,0.0,0.0,0.21063333333333334,16.5375,6.0,1,20.560711356121143,55.0,0.025506666666666667,0.0,0.0,0.0,0.0,47.30415616364508,optimal
2021-02-09 10:30:00,4,1,0.0,0.0,0.0,0.09803333333333332,14.7735,6.0,1,20.420999926092357,55.0,0.025506666666666667,0.0,0.0,0.0,0.0,47.130629889394136,optimal
2021-02-09 11:00:00,4,1,0.0,0.0,0.0,0.19173333333333328,15.2145,6.0,1,20.27993794440145,55.0,0.025506666666666667,0.0,0.0,0.0,0.0,46.95727714141744,optimal
2021-02-09 11:30:00,4,1,0.0,0.0,0.0,0.19793333333333332,14.553,6.0,1,20.14532919412249,55.0,0.025506666666666667,0.0,0.0,0.0,0.0,46.78409774618873,optimal
2021-02-09 12:00:00,4,1,2.0,0.0,0.0,0.08173333333333334,14.3325,6.0,1,20.012329989508086,55.0,0.025506666666666667,7000.0,0.0,0.0,0.0,46.61109153035524,optimal
2021-02-09 12:30:00,4,1,0.9276613793461913,0.0,0.0,0.1809333333333333,14.595,6.0,1,20.14075421656307,55.0,0.025506666666666667,3246.8148277116697,0.0,0.0,0.0,46.43825832073758,optimal
2021-02-09 13:00:00,4,1,0.0,0.0,0.0,0.14223333333333332,14.994,6.0,1,20.129806874298865,55.0,0.025506666666666667,0.0,0.0,0.0,0.0,46.26559794432954,optimal
2021-02-09 13:30:00,4,1,1.2757260390197844,0.0,0.0,0.44896666666666657,14.3325,6.0,1,20.0,55.0,0.021146666666666668,4465.041136569245,0.0,0.0,0.0,46.09311022829792,optimal
2021-02-09 14:00:00,4,1,2.0,0.0,0.0,2.1557,13.8915,6.0,1,20.04983546473773,55.0,0.02084,7000.0,0.0,0.0,0.0,45.92079499998232,optimal
2021-02-09 14:30:00,4,1,2.0,0.0,0.0,0.32206666666666667,13.8915,6.0,1,20.234187992064793,55.0,0.02084,7000.0,0.0,0.0,0.0,45.74865208689504,optimal
2021-02-09 15:00:00,4,1,2.0,0.0,0.0,0.473,13.4715,6.0,1,20.374636503460373,55.0,0.02084,7000.0,0.0,0.0,0.0,45.57668131672085,optimal
2021-02-09 15:30:00,4,1,2.0,0.0,0.0,0.3340666666666667,13.23,6.0,1,20.52065270446626,55.0,0.019506666666666665,7000.0,0.0,0.0,0.0,45.40488251731683,optimal
2021-02-09 16:00:00,4,1,2.0,0.0,0.0,0.7208666666666667,13.8915,6.0,1,20.666276223577253,55.0,0.01884,7000.0,0.0,0.0,0.0,45.23325551671221,optimal
2021-02-09 16:30:00,4,1,0.0,0.0,0.0,0.2903,26.9325,6.0,1,20.823740164290353,55.0,0.018173333333333333,0.0,0.0,0.0,0.0,45.0618001431082,optimal
2021-02-09 17:00:00,4,1,0.0,0.0,0.0,0.39863333333333334,30.303,6.0,1,20.698292815792655,55.0,0.018173333333333333,0.0,0.0,0.0,0.0,44.89051622487779,optimal
2021-02-09 17:30:00,4,1,0.0,0.0,0.0,0.257,32.886,6.0,1,20.578330340082456,55.0,0.018173333333333333,0.0,0.0,0.0,0.0,44.84562570865292,optimal
2021-02-09 18:00:00,4,1,0.0,0.0,0.0,0.30706666666666665,34.9965,6.0,1,20.455451481919333,55.0,0.016173333333333335,0.0,0.0,0.0,0.0,44.800780082944264,optimal
2021-02-09 18:30:00,4,1,0.0,0.0,0.0,0.30843333333333334,33.327,6.0,1,20.338185700395858,55.0,0.014173333333333333,0.0,0.0,0.0,0.0,44.75597930286132,optimal
2021-02-09 19:00:00,4,1,0.0,0.0,0.0,0.166,31.122,6.0,1,20.224572528605588,55.0,0.012173333333333333,0.0,0.0,0.0,0.0,44.71122332355846,optimal
2021-02-09 19:30:00,4,1,0.0,0.0,0.0,0.3198666666666667,17.9025,6.0,1,20.106835111487044,55.0,0.009506666666666667,0.0,0.0,0.0,0.0,44.6665121002349,optimal
2021-02-09 20:00:00,4,1,0.794255616214725,0.0,0.0,0.4083333333333333,15.6555,6.0,1,20.0,55.0,0.009506666666666667,2779.8946567515372,0.0,0.0,0.0,44.62184558813466,optimal
2021-02-09 20:30:00,4,1,0.0,0.0,0.0,0.38239999999999996,14.553,6.0,1,20.0,55.0,0.009506666666666667,0.0,0.0,0.0,0.0,44.57722374254653,optimal
2021-02-09 21:00:00,4,1,0.0,0.0,0.0,2.2331,14.3325,6.0,1,19.893380775888094,55.0,0.009506666666666667,0.0,0.0,0.0,0.0,44.532646518803986,optimal
2021-02-09 21:30:00,4,1,0.0,0.0,0.0,0.7628666666666667,13.335,6.0,1,19.837416262787556,55.0,0.0,0.0,0.0,0.0,0.0,44.48811387228518,optimal
2021-02-09 22:00:00,4,1,0.5123485714285715,0.0,0.0,0.3741333333333333,12.1275,6.0,1,19.740630608304155,55.0,0.006,0.0,0.0,1793.2200000000003,0.0,44.4436257584129,optimal
2021-02-09 22:30:00,4,1,0.0,0.0,0.0,0.3233333333333333,12.2955,6.0,1,19.63677984021759,55.0,0.0,0.0,0.0,0.0,0.0,44.39918213265449,optimal
2021-02-09 23:00:00,4,1,0.0,0.0,0.0,0.17866666666666667,11.6865,6.0,1,19.532634623782087,55.0,0.0,0.0,0.0,0.0,0.0,44.35478295052183,optimal
2021-02-09 23:30:00,4,1,0.0,0.0,0.0,0.17466666666666666,11.466,6.0,1,19.401618671197795,55.0,0.0,0.0,0.0,0.0,0.0,44.31042816757131,optimal
2021-02-10 00:00:00,4,1,2.0,0.0,0.0,0.064,11.508,6.0,-1,19.401618671197795,55.0,0.0,7000.0,0.0,0.0,0.0,44.26611773940374,optimal
2021-02-10 00:30:00,4,1,2.0,0.0,0.0,0.1807,11.508,6.0,-1,19.529809394546984,55.0,0.06698564593301436,0.0,0.0,7000.0,0.0,44.221851621664335,optimal
2021-02-10 01:00:00,4,1,2.0,0.0,0.0,0.1343,11.508,6.0,-1,19.396258904965844,55.0,0.10266666666666667,3271.3333333333335,0.0,3728.6666666666665,0.0,44.17762977004267,optimal
2021-02-10 01:30:00,4,1,2.0,0.0,0.0,0.10690000000000001,11.844,6.0,-1,19.38479172462726,55.0,0.10266666666666667,7000.0,0.0,0.0,0.0,44.13345214027263,optimal
2021-02-10 02:00:00,4,1,2.0,0.0,0.0,0.2081,11.508,6.0,-1,19.51249353479573,55.0,0.10266666666666667,7000.0,0.0,0.0,0.0,44.08931868813236,optimal
2021-02-10 02:30:00,4,1,2.0,0.0,0.0,0.064,11.508,6.0,-1,19.64232217802129,55.0,0.10266666666666667,7000.0,0.0,0.0,0.0,44.04522936944423,optimal
2021-02-10 03:00:00,4,1,2.0,0.0,7.0,0.2104,10.4475,6.0,-1,19.76573971800437,55.0,0.10266666666666667,7000.0,0.0,0.0,0.0,47.32618414007479,optimal
2021-02-10 03:30:00,4,1,2.0,0.0,0.0,0.1046,10.8675,6.0,-1,19.893768590700184,55.0,0.10266666666666667,7000.0,0.0,0.0,0.0,47.27885795593471,optimal
2021-02-10 04:00:00,4,1,2.0,0.0,1.8201370405505726,0.064,10.542,6.0,-1,20.01684668741107,55.0,0.10266666666666667,7000.0,0.0,0.0,0.0,48.096144192240295,optimal
2021-02-10 04:30:00,4,1,2.0,0.0,0.0,0.08906666666666667,11.025,6.0,-1,20.137474053562762,55.0,0.10266666666666667,7000.0,0.0,0.0,0.0,48.048048048048045,optimal
2021-02-10 05:00:00,4,1,2.0,0.0,0.0,0.16666666666666666,11.025,6.0,-1,20.26384599421359,55.0,0.098,7000.0,0.0,0.0,0.0,48.0,optimal
2021-02-10 05:30:00,4,1,2.0,0.0,0.0,0.3462,14.553,6.0,-1,20.401602868615832,55.0,0.096,7000.0,0.0,0.0,0.0,47.92975362401627,optimal
2021-02-10 06:00:00,4,1,2.0,0.0,0.0,0.519,13.0935,6.0,-1,20.53733661862203,55.0,0.096,7000.0,0.0,0.0,0.0,47.859577494408526,optimal
2021-02-10 06:30:00,4,1,2.0,0.0,0.0,0.22913333333333333,15.6345,6.0,-1,20.677990905577815,55.0,0.09266666666666666,7000.0,0.0,0.0,0.0,47.78947154093039,optimal
2021-02-10 07:00:00,4,1,0.0,0.0,0.0,0.37406666666666666,18.102,6.0,-1,20.811583229985235,55.0,0.08466666666666668,0.0,0.0,0.0,0.0,47.719435693405735,optimal
2021-02-10 07:30:00,4,1,0.0,0.0,0.0,1.6941,17.199,6.0,-1,20.687193357521497,55.0,0.07800000000000001,0.0,0.0,0.0,0.0,47.6494698817286,optimal
2021-02-10 08:00:00,4,1,0.0,0.0,0.0,0.528,18.2805,6.0,-1,20.568038951109735,55.0,0.07733333333333334,0.0,0.0,0.0,0.0,47.579574035863146,optimal
2021-02-10 08:30:00,4,1,0.0,0.0,0.0,0.408,17.4615,6.0,-1,20.442883439714205,55.0,0.07333333333333335,0.0,0.0,0.0,0.0,47.509748085843555,optimal
2021-02-10 09:00:00,4,1,0.0,0.0,0.0,0.20713333333333334,18.3225,6.0,-1,20.313523694996036,55.0,0.07333333333333335,0.0,0.0,0.0,0.0,47.439991961773984,optimal
2021-02-10 09:30:00,4,1,0.0,0.0,0.0,0.42510000000000003,17.094,6.0,-1,20.165846744696047,55.0,0.07333333333333335,0.0,0.0,0.0,0.0,47.37030559382848,optimal
2021-02-10 10:00:00,4,1,0.7418974651544723,0.0,0.0,0.38916666666666666,17.094,6.0,-1,20.029832101495025,55.0,0.07333333333333335,2596.6411280406533,0.0,0.0,0.0,47.300688912250926,optimal
2021-02-10 10:30:00,4,1,2.0,0.0,0.0,0.38256666666666667,17.094,6.0,-1,20.002995368312266,55.0,0.024306666666666667,7000.0,0.0,0.0,0.0,47.23114184735495,optimal
2021-02-10 11:00:00,4,1,0.0,0.0,0.0,0.16490000000000002,17.3565,6.0,-1,20.140204418648768,55.0,0.024306666666666667,0.0,0.0,0.0,0.0,47.161664329523866,optimal
2021-02-10 11:30:00,4,1,2.0,0.0,0.0,0.0773,17.115,6.0,-1,20.0,55.0,0.024306666666666667,7000.0,0.0,0.0,0.0,47.09225628921062,optimal
2021-02-10 12:00:00,4,1,2.0,0.0,0.0,0.2016,17.241,6.0,-1,20.12272565153827,55.0,0.024306666666666667,7000.0,0.0,0.0,0.0,47.02291765693768,optimal
2021-02-10 12:30:00,4,1,2.0,0.0,0.0,0.074,17.094,6.0,-1,20.249977878122735,55.0,0.024306666666666667,7000.0,0.0,0.0,0.0,46.95364836329701,optimal
2021-02-10 13:00:00,4,1,2.0,0.0,0.0,0.4266666666666667,16.5165,6.0,-1,20.371461541897638,55.0,0.02266666666666667,7000.0,0.0,0.0,0.0,46.88444833894999,optimal
2021-02-10 13:30:00,4,1,0.0,0.0,0.0,0.103,17.8185,6.0,-1,20.50906570381645,55.0,0.02266666666666667,0.0,0.0,0.0,0.0,46.81531751462731,optimal
2021-02-10 14:00:00,4,1,2.0,0.0,0.0,0.107,17.094,6.0,-1,20.366754775117556,55.0,0.02266666666666667,7000.0,0.0,0.0,0.0,46.746255821128955,optimal
2021-02-10 14:30:00,4,1,2.0,0.0,0.0,2.4188,16.8945,6.0,-1,20.49159511725305,55.0,0.021333333333333333,7000.0,0.0,0.0,0.0,46.6772631893241,optimal
2021-02-10 15:00:00,4,1,1.2367480517502856,0.0,0.0,0.305,18.123,6.0,-1,20.684030694117418,55.0,0.021333333333333333,4328.618181125999,0.0,0.0,0.0,46.63058592613478,optimal
2021-02-10 15:30:00,4,1,0.0,0.0,0.0,1.8084666666666667,31.647,6.0,-1,20.735284362683842,55.0,0.021333333333333333,0.0,0.0,0.0,0.0,46.58395534020864,optimal
2021-02-10 16:00:00,4,1,0.0,0.0,0.0,0.36106666666666665,34.9965,6.0,-1,20.637242727573035,55.0,0.021333333333333333,0.0,0.0,0.0,0.0,46.53737138486843,optimal
2021-02-10 16:30:00,4,1,0.0,0.0,0.0,0.41136666666666666,34.9965,6.0,-1,20.526539244857002,55.0,0.012666666666666666,0.0,0.0,0.0,0.0,46.49083401348356,optimal
2021-02-10 17:00:00,4,1,0.0,0.0,0.0,0.5327999999999999,34.9965,6.0,-1,20.415983254049497,55.0,0.01,0.0,0.0,0.0,0.0,46.444343179470074,optimal
2021-02-10 17:30:00,4,1,0.0,0.0,0.0,0.49110000000000004,34.9965,6.0,-1,20.30866041356161,55.0,0.01,0.0,0.0,0.0,0.0,46.3978988362906,optimal
2021-02-10 18:00:00,4,1,0.0,0.0,0.0,0.6696,34.9965,6.0,-1,20.198814618309072,55.0,0.005333333333333333,0.0,0.0,0.0,0.0,46.35150093745431,optimal
2021-02-10 18:30:00,4,1,0.0,0.0,0.0,0.8861666666666667,27.741,6.0,-1,20.100753020712517,55.0,0.004,0.0,0.0,0.0,0.0,46.30514943651686,optimal
2021-02-10 19:00:00,4,1,0.5127944672428819,0.0,0.0,2.1900333333333335,19.026,6.0,-1,20.0,55.0,0.004,1794.7806353500866,0.0,0.0,0.0,46.258844287080336,optimal
2021-02-10 19:30:00,4,1,0.8170896606583725,0.0,0.0,0.5777,18.7215,6.0,-1,20.0,55.0,0.004,2859.8138123043036,0.0,0.0,0.0,46.212585442793255,optimal
2021-02-10 20:00:00,4,1,0.8197658064548219,0.0,0.0,0.6260333333333333,17.4195,6.0,-1,20.0,55.0,0.004,2869.1803225918766,0.0,0.0,0.0,46.16637285735046,optimal
2021-02-10 20:30:00,4,1,0.0,0.0,0.0,0.7383333333333334,16.758,6.0,-1,20.0,55.0,0.0,0.0,0.0,0.0,0.0,46.12020648449311,optimal
2021-02-10 21:00:00,4,1,0.0,0.0,0.0,0.9785666666666668,14.217,6.0,-1,19.89491865206442,55.0,0.0,0.0,0.0,0.0,0.0,46.074086278008615,optimal
2021-02-10 21:30:00,4,1,0.0,0.0,0.0,0.4569,13.3665,6.0,-1,19.800420164106054,55.0,0.0,0.0,0.0,0.0,0.0,46.0280121917306,optimal
2021-02-10 22:00:00,4,1,0.0,0.0,0.0,0.37089999999999995,12.789,6.0,-1,19.67431345512084,55.0,0.0,0.0,0.0,0.0,0.0,45.98198417953887,optimal
2021-02-10 22:30:00,4,1,0.09952380952380951,0.0,0.0,1.3569,11.907,6.0,-1,19.540279382400875,55.0,0.0,0.0,0.0,348.3333333333333,0.0,45.93600219535933,optimal
2021-02-10 23:00:00,4,1,0.0,0.0,0.0,0.7875,11.7075,6.0,-1,19.44493049684603,55.0,0.0,0.0,0.0,0.0,0.0,45.89006619316397,optimal
2021-02-10 23:30:00,4,1,0.0199047619047619,0.0,0.0,0.5263333333333333,10.8045,6.0,-1,19.32188121587081,55.0,0.0,0.0,0.0,69.66666666666666,0.0,45.8441761269708,optimal
2021-02-11 00:00:00,4,1,2.0,0.0,0.0,0.061,10.6365,6.0,3,19.32188121587081,55.0,0.0,7000.0,0.0,0.0,0.0,45.79833195084383,optimal
2021-02-11 00:30:00,4,1,2.0,0.0,0.0,0.10023333333333331,11.2455,6.0,3,19.420008009988738,55.0,0.06698564593301436,0.0,0.0,7000.0,0.0,45.75253361889299,optimal
2021-02-11 01:00:00,4,1,2.0,0.0,0.0,0.08596666666666666,11.2455,6.0,3,19.255180967024998,55.0,0.12733333333333333,693.666666666667,0.0,6306.333333333333,0.0,45.706781085274095,optimal
2021-02-11 01:30:00,4,1,2.0,0.0,0.0,0.22836666666666666,11.025,6.0,3,19.117993620311942,55.0,0.12733333333333333,7000.0,0.0,0.0,0.0,45.66107430418882,optimal
2021-02-11 02:00:00,4,1,2.0,0.0,0.0,0.07883333333333332,12.0855,6.0,3,19.225452213494272,55.0,0.12733333333333333,7000.0,0.0,0.0,0.0,45.61541322988463,optimal
2021-02-11 02:30:00,4,1,2.0,0.0,0.0,0.1536,11.6865,6.0,3,19.326461094741024,55.0,0.12733333333333333,7000.0,0.0,0.0,0.0,45.56979781665475,optimal
2021-02-11 03:00:00,4,1,2.0,0.0,0.0,0.1536,11.2245,6.0,3,19.42879705549544,55.0,0.12733333333333333,7000.0,0.0,0.0,0.0,45.524228018838095,optimal
2021-02-11 03:30:00,4,1,2.0,0.0,0.0,0.061,11.025,6.0,3,19.52962563158292,55.0,0.12733333333333333,7000.0,0.0,0.0,0.0,45.47870379081925,optimal
2021-02-11 04:00:00,4,1,2.0,0.0,0.0,1.0463333333333333,10.7835,6.0,3,19.62806722599443,55.0,0.12733333333333333,7000.0,0.0,0.0,0.0,45.43322508702843,optimal
2021-02-11 04:30:00,4,1,2.0,0.0,0.0,0.061,11.025,6.0,3,19.734465007698173,55.0,0.12733333333333333,7000.0,0.0,0.0,0.0,45.3877918619414,optimal
2021-02-11 05:00:00,4,1,2.0,0.0,0.0,0.061,10.584,6.0,3,19.833243044686377,55.0,0.12733333333333333,7000.0,0.0,0.0,0.0,45.34240407007946,optimal
2021-02-11 05:30:00,4,1,2.0,0.0,0.0,0.19626666666666667,11.025,6.0,3,19.931285194203905,55.0,0.12733333333333333,7000.0,0.0,0.0,0.0,45.297061666009384,optimal
2021-02-11 06:00:00,4,1,2.0,0.0,5.886912513062486,0.11093333333333334,10.4265,6.0,3,20.03556959688479,55.0,0.12733333333333333,7000.0,0.0,0.0,0.0,48.048048048048045,optimal
2021-02-11 06:30:00,4,1,2.0,0.0,0.0,0.13873333333333332,12.789,6.0,3,20.137715796549177,55.0,0.12533333333333332,7000.0,0.0,0.0,0.0,48.0,optimal
2021-02-11 07:00:00,4,1,2.0,0.0,0.0,0.33426666666666666,12.684,6.0,3,20.248046975074352,55.0,0.122,7000.0,0.0,0.0,0.0,47.57214920952028,optimal
2021-02-11 07:30:00,4,1,2.0,0.0,0.0,0.26253333333333334,16.254,6.0,3,20.369190729815145,55.0,0.11733333333333333,7000.0,0.0,0.0,0.0,47.14472626983105,optimal
2021-02-11 08:00:00,4,1,2.0,0.0,0.0,0.2143333333333333,17.64,6.0,3,20.49014825495961,55.0,0.09866666666666667,7000.0,0.0,0.0,0.0,46.717730753081504,optimal
2021-02-11 08:30:00,4,1,0.17730248138759444,0.0,0.0,0.1688,19.1625,6.0,3,20.610423520211647,55.0,0.09866666666666667,620.5586848565805,0.0,0.0,0.0,46.29116223184871,optimal
2021-02-11 09:00:00,4,1,0.0,0.0,0.0,0.1584,26.46,6.0,3,20.466094950938494,55.0,0.09866666666666667,0.0,0.0,0.0,0.0,45.86502027913715,optimal
2021-02-11 09:30:00,4,1,0.0,0.0,0.0,0.071,20.79,6.0,3,20.297887417385972,55.0,0.09866666666666667,0.0,0.0,0.0,0.0,45.439304468378296,optimal
2021-02-11 10:00:00,4,1,0.0,0.0,0.0,0.192,29.106,6.0,3,20.13992351926009,55.0,0.09866666666666667,0.0,0.0,0.0,0.0,45.0140143734302,optimal
2021-02-11 10:30:00,4,1,2.0,0.0,0.0,0.11023333333333332,19.1835,6.0,3,20.0,55.0,0.09866666666666667,7000.0,0.0,0.0,0.0,44.58914956857706,optimal
2021-02-11 11:00:00,4,1,0.07225871677048634,0.0,0.0,2.0481333333333334,19.6665,6.0,3,20.118009896333344,55.0,0.09533333333333334,252.90550869670219,0.0,0.0,0.0,44.16470962852876,optimal
2021-02-11 11:30:00,4,1,0.8388363581046125,0.0,0.0,2.9126666666666665,19.404,6.0,3,20.0,55.0,0.09333333333333334,2935.927253366144,0.0,0.0,0.0,43.740694128420515,optimal
2021-02-11 12:00:00,4,1,0.9162459967688107,0.0,0.0,1.1491666666666667,19.047,6.0,3,20.0,55.0,0.09,3206.860988690837,0.0,0.0,0.0,43.317102643812376,optimal
2021-02-11 12:30:00,4,1,1.7296659358030815,0.0,0.0,0.37746666666666656,18.858,6.0,3,20.0,55.0,0.08733333333333333,6053.830775310786,0.0,0.0,0.0,42.89393475068885,optimal
2021-02-11 13:00:00,4,1,0.0,0.0,0.0,0.25989999999999996,19.2675,6.0,3,20.115014935935182,55.0,0.08733333333333333,0.0,0.0,0.0,0.0,42.47119002545845,optimal
2021-02-11 13:30:00,4,1,0.6984519721418699,0.0,0.0,0.5397000000000001,18.963,6.0,3,20.0,55.0,0.08533333333333333,2444.581902496545,0.0,0.0,0.0,42.048868044953274,optimal
2021-02-11 14:00:00,4,1,2.0,0.0,0.0,0.38189999999999996,18.438,6.0,3,20.0,55.0,0.082,7000.0,0.0,0.0,0.0,41.62696838642861,optimal
2021-02-11 14:30:00,4,1,0.4614711787507883,0.0,0.0,0.23263333333333333,18.7425,6.0,3,20.1709104165967,55.0,0.056,1615.149125627759,0.0,0.0,0.0,41.20549062756246,optimal
2021-02-11 15:00:00,4,1,2.0,0.0,0.0,0.2705,15.2145,6.0,3,20.12701287838287,55.0,0.05466666666666667,7000.0,0.0,0.0,0.0,40.784434346455186,optimal
2021-02-11 15:30:00,4,1,2.0,0.0,0.0,0.4512,17.7765,6.0,3,20.281375533529836,55.0,0.05266666666666667,7000.0,0.0,0.0,0.0,40.74364991210873,optimal
2021-02-11 16:00:00,4,1,2.0,0.0,0.0,1.3698333333333332,16.758,6.0,3,20.43469728211867,55.0,0.048,7000.0,0.0,0.0,0.0,40.70290626219662,optimal
2021-02-11 16:30:00,4,1,2.0,0.0,0.0,2.9554666666666667,16.422,6.0,3,20.58212125528906,55.0,0.04733333333333333,7000.0,0.0,0.0,0.0,40.66220335593442,optimal
2021-02-11 17:00:00,4,1,2.0,0.0,0.0,1.9978333333333333,16.758,6.0,3,20.743736696193956,55.0,0.04666666666666667,7000.0,0.0,0.0,0.0,40.62154115257849,optimal
2021-02-11 17:30:00,4,1,0.0,0.0,0.0,0.39316666666666666,29.358,6.0,3,20.89156862645798,55.0,0.04666666666666667,0.0,0.0,0.0,0.0,40.58091961142591,optimal
2021-02-11 18:00:00,4,1,0.0,0.0,0.0,0.3516666666666667,34.9965,6.0,3,20.75777296983206,55.0,0.04,0.0,0.0,0.0,0.0,40.54033869181448,optimal
2021-02-11 18:30:00,4,1,0.0,0.0,0.0,0.239,34.65,6.0,3,20.621179608639462,55.0,0.035333333333333335,0.0,0.0,0.0,0.0,40.49979835312267,optimal
2021-02-11 19:00:00,4,1,0.0,0.0,0.0,0.24666666666666662,34.9965,6.0,3,20.468243868493392,55.0,0.012666666666666666,0.0,0.0,0.0,0.0,40.459298554769546,optimal
2021-02-11 19:30:00,4,1,0.0,0.0,0.0,0.35136666666666666,34.9965,6.0,3,20.309790166772913,55.0,0.007999999999999998,0.0,0.0,0.0,0.0,40.418839256214774,optimal
2021-02-11 20:00:00,4,1,0.0,0.0,0.0,0.41986666666666667,30.4815,6.0,3,20.153105791686833,55.0,0.002666666666666666,0.0,0.0,0.0,0.0,40.37842041695856,optimal
2021-02-11 20:30:00,4,1,0.0,0.0,0.0,0.32563333333333333,21.4305,6.0,3,20.0,55.0,0.0,0.0,0.0,0.0,0.0,40.338041996541605,optimal
2021-02-11 21:00:00,4,1,0.09952380952380951,0.0,0.0,0.7471333333333333,14.3325,6.0,3,19.84618569535253,55.0,0.0,0.0,0.0,348.3333333333333,0.0,40.297703954545064,optimal
2021-02-11 21:30:00,4,1,0.0199047619047619,0.0,0.0,0.34936666666666666,13.692,6.0,3,19.703766112651888,55.0,0.0,0.0,0.0,69.66666666666666,0.0,40.25740625059052,optimal
2021-02-11 22:00:00,4,1,0.0,0.0,0.0,0.48786666666666667,14.007,6.0,3,19.54641536346048,55.0,0.0,0.0,0.0,0.0,0.0,40.21714884433993,optimal
2021-02-11 22:30:00,4,1,0.05971428571428571,0.0,0.0,0.5718666666666666,12.873,6.0,3,19.40437435036664,55.0,0.0,0.0,0.0,209.0,0.0,40.17693169549559,optimal
2021-02-11 23:00:00,4,1,0.05971428571428571,0.0,0.0,0.28996666666666665,12.684,6.0,3,19.267759250293388,55.0,0.0,0.0,0.0,209.0,0.0,40.13675476380009,optimal
2021-02-11 23:30:00,4,1,0.0,0.0,0.0,0.1612333333333333,12.306,6.0,3,19.107874597345905,55.0,0.0,0.0,0.0,0.0,0.0,40.09661800903629,optimal
2021-02-12 00:00:00,4,1,2.0,0.0,0.0,0.06733333333333333,11.025,6.0,3,19.107874597345905,55.0,0.0,6860.666666666667,0.0,139.33333333333331,0.0,40.05652139102725,optimal
2021-02-12 00:30:00,4,1,2.0,0.0,0.0,0.08566666666666667,10.689,6.0,3,19.181969083725107,55.0,0.06044833322983373,683.1491774823753,0.0,6316.850822517625,0.0,40.01646486963622,optimal
2021-02-12 01:00:00,4,1,2.0,0.0,7.0,0.11873333333333332,8.1585,6.0,3,19.019558573356633,55.0,0.06044833322983373,7000.0,0.0,0.0,0.0,43.30144840476659,optimal
2021-02-12 01:30:00,4,1,2.0,0.0,0.0,0.065,10.3635,6.0,3,19.098248792155857,55.0,0.06044833322983373,7000.0,0.0,0.0,0.0,43.25814695636182,optimal
2021-02-12 02:00:00,4,1,2.0,0.0,0.0,0.12286666666666667,10.8045,6.0,3,19.175067798551883,55.0,0.06044833322983373,7000.0,0.0,0.0,0.0,43.21488880940546,optimal
2021-02-12 02:30:00,4,1,2.0,0.0,0.0,0.08153333333333333,11.025,6.0,3,19.254245621024236,55.0,0.06044833322983373,7000.0,0.0,0.0,0.0,43.17167392059605,optimal
2021-02-12 03:00:00,4,1,2.0,0.0,0.0,0.065,10.3635,6.0,3,19.333507034694975,55.0,0.06044833322983373,7000.0,0.0,0.0,0.0,43.12850224667545,optimal
2021-02-12 03:30:00,4,1,2.0,0.0,0.0,0.1394,10.8045,6.0,3,19.41378832528739,55.0,0.06044833322983373,7000.0,0.0,0.0,0.0,43.08537374442878,optimal
2021-02-12 04:00:00,4,1,2.0,0.0,0.0,0.07479999999999999,10.059,6.0,3,19.5014971898075,55.0,0.06044833322983373,7000.0,0.0,0.0,0.0,43.042288370684346,optimal
2021-02-12 04:30:00,4,1,2.0,0.0,0.0,0.14526666666666668,10.584,6.0,3,19.591112994089748,55.0,0.06044833322983373,7000.0,0.0,0.0,0.0,42.99924608231366,optimal
2021-02-12 05:00:00,4,1,2.0,0.0,7.0,0.08326666666666667,9.4185,6.0,3,19.68777452819082,55.0,0.06044833322983373,7000.0,0.0,0.0,0.0,46.28124683623135,optimal
2021-02-12 05:30:00,4,1,2.0,0.0,0.0,0.14113333333333333,10.3635,6.0,3,19.786588608296128,55.0,0.06044833322983373,7000.0,0.0,0.0,0.0,46.23496558939512,optimal
2021-02-12 06:00:00,4,1,2.0,0.0,4.015607512493833,0.075,9.8385,6.0,3,19.892812580056166,55.0,0.06044833322983373,7000.0,0.0,0.0,0.0,48.096144192240295,optimal
2021-02-12 06:30:00,4,1,2.0,0.0,0.0,0.31906666666666667,11.067,6.0,3,20.001706698095198,55.0,0.06044833322983373,7000.0,0.0,0.0,0.0,48.048048048048045,optimal
2021-02-12 07:00:00,4,1,2.0,0.0,0.0,0.073,10.8465,6.0,3,20.12134174458877,55.0,0.05511499989650039,7000.0,0.0,0.0,0.0,48.0,optimal
2021-02-12 07:30:00,4,1,2.0,0.0,0.0,0.31839999999999996,13.671,6.0,3,20.23565232945851,55.0,0.05511499989650039,7000.0,0.0,0.0,0.0,47.819075944524656,optimal
2021-02-12 08:00:00,4,1,2.0,0.0,0.0,0.073,12.348,6.0,3,20.34817014200298,55.0,0.05244833322983373,7000.0,0.0,0.0,0.0,47.63833281310479,optimal
2021-02-12 08:30:00,4,1,0.0,0.0,0.0,0.10193333333333333,14.3325,6.0,3,20.44393059566085,55.0,0.049781666563167064,0.0,0.0,0.0,0.0,47.45777042481634,optimal
2021-02-12 09:00:00,4,1,0.0,0.0,0.0,0.11846666666666668,15.393,6.0,3,20.278494173590094,55.0,0.03844833322983373,0.0,0.0,0.0,0.0,47.27738859891618,optimal
2021-02-12 09:30:00,4,1,2.0,0.0,0.0,1.1206666666666667,13.587,6.0,3,20.118808310161405,55.0,0.03378166656316706,7000.0,0.0,0.0,0.0,47.097187154841926,optimal
2021-02-12 10:00:00,4,1,0.0,0.0,0.0,1.0528333333333333,16.1385,6.0,3,20.259680993108255,55.0,0.03378166656316706,0.0,0.0,0.0,0.0,46.91716591221174,optimal
2021-02-12 10:30:00,4,1,0.0,0.0,0.0,1.7688666666666666,14.595,6.0,3,20.14774549963231,55.0,0.031114999896500396,0.0,0.0,0.0,0.0,46.73732469082419,optimal
2021-02-12 11:00:00,4,1,0.43620639844086795,0.0,0.0,0.1452,14.637,6.0,3,20.06659903580217,55.0,0.031114999896500396,1526.7223945430378,0.0,0.0,0.0,46.55766331065802,optimal
2021-02-12 11:30:00,4,1,0.9512689370795455,0.0,0.0,0.08116666666666666,13.9125,6.0,3,20.0,55.0,0.030448333229833726,3329.4412797784094,0.0,0.0,0.0,46.37818159187202,optimal
2021-02-12 12:00:00,4,1,0.9256041749479526,0.0,0.0,0.11433333333333331,13.3665,6.0,3,20.0,55.0,0.030448333229833726,3239.6146123178337,0.0,0.0,0.0,46.19887935480481,optimal
2021-02-12 12:30:00,4,1,1.7814029313668605,0.0,0.0,0.2814,13.0095,6.0,3,20.0,55.0,0.027114999896500395,6234.910259784012,0.0,0.0,0.0,46.01975641997466,optimal
2021-02-12 13:00:00,4,1,0.0,0.0,0.0,0.42773333333333335,13.8915,6.0,3,20.115251917216927,55.0,0.027114999896500395,0.0,0.0,0.0,0.0,45.84081260807935,optimal
2021-02-12 13:30:00,4,1,1.0327470326634787,0.0,0.0,0.11633333333333332,13.188,6.0,3,20.0,55.0,0.027114999896500395,3614.614614322175,0.0,0.0,0.0,45.66204773999593,optimal
2021-02-12 14:00:00,4,1,1.0501908314738237,0.0,0.0,0.075,12.5685,6.0,3,20.0,55.0,0.027114999896500395,3675.667910158383,0.0,0.0,0.0,45.48346163678059,optimal
2021-02-12 14:30:00,4,1,2.0,0.0,0.0,0.0998,12.285,6.0,3,20.0,55.0,0.03866666666666667,5792.850822517625,0.0,1207.1491774823753,0.0,45.30505411966847,optimal
2021-02-12 15:00:00,4,1,2.0,0.0,0.0,0.12459999999999999,11.487,6.0,3,20.080176054723644,55.0,0.03866666666666667,7000.0,0.0,0.0,0.0,45.12682501007346,optimal
2021-02-12 15:30:00,4,1,2.0,0.0,0.0,0.12459999999999999,11.802,6.0,3,20.205551087574378,55.0,0.03866666666666667,7000.0,0.0,0.0,0.0,44.948774129588045,optimal
2021-02-12 16:00:00,4,1,2.0,0.0,0.0,0.0998,11.2245,6.0,3,20.328874601255567,55.0,0.03866666666666667,7000.0,0.0,0.0,0.0,44.770901299983116,optimal
2021-02-12 16:30:00,4,1,2.0,0.0,0.0,0.075,11.025,6.0,3,20.44922496721953,55.0,0.03866666666666667,7000.0,0.0,0.0,0.0,44.59320634320779,optimal
2021-02-12 17:00:00,4,1,2.0,0.0,0.0,0.1494,11.907,6.0,3,20.565506852381667,55.0,0.03866666666666667,7000.0,0.0,0.0,0.0,44.41568908138924,optimal
2021-02-12 17:30:00,4,1,0.0,0.0,0.0,0.3141666666666667,25.83,6.0,3,20.681498197030432,55.0,0.03866666666666667,0.0,0.0,0.0,0.0,44.238349336832506,optimal
2021-02-12 18:00:00,4,1,0.0,0.0,0.0,0.5589666666666667,28.035,6.0,3,20.54040538252696,55.0,0.03266666666666666,0.0,0.0,0.0,0.0,44.19411098749568,optimal
2021-02-12 18:30:00,4,1,0.0,0.0,0.0,0.474,28.119,6.0,3,20.422008801852982,55.0,0.028666666666666667,0.0,0.0,0.0,0.0,44.14991687650818,optimal
2021-02-12 19:00:00,4,1,0.0,0.0,0.0,1.892,30.156,6.0,3,20.304605335201067,55.0,0.02666666666666667,0.0,0.0,0.0,0.0,44.10576695963167,optimal
2021-02-12 19:30:00,4,1,0.0,0.0,0.0,0.5169333333333332,29.1585,6.0,3,20.221534725357614,55.0,0.019826666666666666,0.0,0.0,0.0,0.0,44.06166119267204,optimal
2021-02-12 20:00:00,4,1,0.0,0.0,0.0,0.693,26.712,6.0,3,20.106276582262698,55.0,0.015333333333333332,0.0,0.0,0.0,0.0,44.01759953147937,optimal
2021-02-12 20:30:00,4,1,0.0,0.0,0.0,0.6180333333333333,15.435,6.0,3,20.0,55.0,0.0019999999999999996,0.0,0.0,0.0,0.0,43.97358193194789,optimal
2021-02-12 21:00:00,4,1,0.0,0.0,0.0,0.5075,13.566,6.0,3,19.901521333481817,55.0,0.0006666666666666665,0.0,0.0,0.0,0.0,43.92960835001594,optimal
2021-02-12 21:30:00,4,1,0.0,0.0,0.0,0.39566666666666667,12.789,6.0,3,19.795410389885745,55.0,0.0,0.0,0.0,0.0,0.0,43.88567874166593,optimal
2021-02-12 22:00:00,4,1,0.0,0.0,0.0,0.4478333333333333,12.1275,6.0,3,19.683844913032544,55.0,0.0,0.0,0.0,0.0,0.0,43.84179306292426,optimal
2021-02-12 22:30:00,4,1,0.0,0.0,0.0,0.3338,13.671,6.0,3,19.56698894868991,55.0,0.0,0.0,0.0,0.0,0.0,43.797951269861336,optimal
2021-02-12 23:00:00,4,1,0.0398095238095238,0.0,0.0,0.24013333333333334,10.668,6.0,3,19.449040324530596,55.0,0.0,0.0,0.0,139.33333333333331,0.0,43.75415331859148,optimal
2021-02-12 23:30:00,4,1,0.0,0.0,0.0,0.1935,11.7285,6.0,3,19.330378670017296,55.0,0.0,0.0,0.0,0.0,0.0,43.71039916527288,optimal
2021-02-13 00:00:00,4,1,2.0,0.0,7.0,0.064,7.056,6.0,1,19.330378670017296,55.0,0.0,7000.0,0.0,0.0,0.0,46.991688766107615,optimal
2021-02-13 00:30:00,4,1,2.0,0.0,0.0,0.064,9.3975,6.0,1,19.45065512055021,55.0,0.06698564593301436,0.0,0.0,7000.0,0.0,46.94469707734151,optimal
2021-02-13 01:00:00,4,1,2.0,0.0,0.0,0.124,10.059,6.0,1,19.305958046439947,55.0,0.1339712918660287,0.0,0.0,7000.0,0.0,46.897752380264166,optimal
2021-02-13 01:30:00,4,1,2.0,0.0,0.0,0.064,9.261,6.0,1,19.164978162020535,55.0,0.17866666666666664,2329.3333333333376,0.0,4670.666666666662,0.0,46.850854627883905,optimal
2021-02-13 02:00:00,4,1,2.0,0.0,0.0,0.064,8.1585,6.0,1,19.111153222687026,55.0,0.17866666666666664,7000.0,0.0,0.0,0.0,46.80400377325602,optimal
2021-02-13 02:30:00,4,1,2.0,0.0,0.0,0.124,9.4815,6.0,1,19.234552865009174,55.0,0.17866666666666664,7000.0,0.0,0.0,0.0,46.75719976948277,optimal
2021-02-13 03:00:00,4,1,2.0,0.0,0.0,0.10883333333333331,8.379,6.0,1,19.359299905161322,55.0,0.17866666666666664,7000.0,0.0,0.0,0.0,46.71044256971329,optimal
2021-02-13 03:30:00,4,1,2.0,0.0,0.0,0.6342666666666666,9.5235,6.0,1,19.485034223760362,55.0,0.17866666666666664,7000.0,0.0,0.0,0.0,46.663732127143575,optimal
2021-02-13 04:00:00,4,1,2.0,0.0,0.0,0.36233333333333334,8.1375,6.0,1,19.632992866413787,55.0,0.17866666666666664,7000.0,0.0,0.0,0.0,46.61706839501643,optimal
2021-02-13 04:30:00,4,1,2.0,0.0,0.0,0.4567333333333333,10.0905,6.0,1,19.76918837185161,55.0,0.13866666666666666,7000.0,0.0,0.0,0.0,46.570451326621416,optimal
2021-02-13 05:00:00,4,1,2.0,0.0,4.123725724466492,1.2509666666666668,7.539,6.0,1,19.9058053246885,55.0,0.12066666666666664,7000.0,0.0,0.0,0.0,48.48265059441637,optimal
2021-02-13 05:30:00,4,1,2.0,0.0,0.0,0.3536666666666667,7.938,6.0,1,20.04078429775869,55.0,0.12066666666666664,7000.0,0.0,0.0,0.0,48.434167943821954,optimal
2021-02-13 06:00:00,4,1,2.0,0.0,0.0,0.8555333333333333,8.274,6.0,1,20.17289054928424,55.0,0.11933333333333332,7000.0,0.0,0.0,0.0,48.38573377587813,optimal
2021-02-13 06:30:00,4,1,2.0,0.0,0.0,1.3019666666666667,9.261,6.0,1,20.3071563040259,55.0,0.11599999999999998,7000.0,0.0,0.0,0.0,48.33734804210225,optimal
2021-02-13 07:00:00,4,1,2.0,0.0,0.0,0.6755333333333333,9.9225,6.0,1,20.45149796441203,55.0,0.11466666666666665,7000.0,0.0,0.0,0.0,48.289010694060146,optimal
2021-02-13 07:30:00,4,1,2.0,0.0,0.0,0.313,9.702,6.0,1,20.585556397474505,55.0,0.10999999999999999,7000.0,0.0,0.0,0.0,48.240721683366075,optimal
2021-02-13 08:00:00,4,1,2.0,0.0,0.0,0.28556666666666664,10.584,6.0,1,20.70695134616678,55.0,0.10666666666666665,7000.0,0.0,0.0,0.0,48.192480961682705,optimal
2021-02-13 08:30:00,4,1,2.0,0.0,0.0,0.21,10.143,6.0,1,20.82491100257518,55.0,0.05466666666666667,7000.0,0.0,0.0,0.0,48.144288480721016,optimal
2021-02-13 09:00:00,4,1,0.0,0.0,0.0,1.2655,13.0095,6.0,1,20.93961030811041,55.0,0.043333333333333335,0.0,0.0,0.0,0.0,48.096144192240295,optimal
2021-02-13 09:30:00,4,1,2.0,0.0,0.0,0.5923999999999999,11.025,6.0,1,20.822378478136727,55.0,0.042666666666666665,7000.0,0.0,0.0,0.0,48.048048048048045,optimal
2021-02-13 10:00:00,4,1,0.0,0.0,0.0,0.15113333333333331,12.789,6.0,1,20.954547573391455,55.0,0.037333333333333336,0.0,0.0,0.0,0.0,48.0,optimal
2021-02-13 10:30:00,4,1,0.0,0.0,0.0,0.10766666666666669,12.1275,6.0,1,20.80664788925063,55.0,0.037333333333333336,0.0,0.0,0.0,0.0,47.64630522594357,optimal
2021-02-13 11:00:00,4,1,2.0,0.0,0.0,0.35436666666666666,12.1695,6.0,1,20.65803390158099,55.0,0.03333333333333333,7000.0,0.0,0.0,0.0,47.2929641466612,optimal
2021-02-13 11:30:00,4,1,0.5442476611112085,0.0,0.0,0.22096666666666667,12.306,6.0,1,20.786509334519486,55.0,0.03266666666666666,1904.8668138892294,0.0,0.0,0.0,46.93997640845811,optimal
2021-02-13 12:00:00,4,1,0.0,0.0,0.0,0.2606666666666667,13.23,6.0,1,20.716625560205888,55.0,0.023333333333333334,0.0,0.0,0.0,0.0,46.58734165799322,optimal
2021-02-13 12:30:00,4,1,0.0,0.0,0.0,0.22619999999999998,13.671,6.0,1,20.578614722051753,55.0,0.021333333333333333,0.0,0.0,0.0,0.0,46.2350595422788,optimal
2021-02-13 13:00:00,4,1,0.0,0.0,0.0,0.5553333333333333,13.9335,6.0,1,20.440664414798725,55.0,0.020666666666666667,0.0,0.0,0.0,0.0,45.883129708680094,optimal
2021-02-13 13:30:00,4,1,0.0,0.0,0.0,1.3361333333333334,13.293,6.0,1,20.316270203652955,55.0,0.018666666666666668,0.0,0.0,0.0,0.0,45.53155180491499,optimal
2021-02-13 14:00:00,4,1,2.0,0.0,0.0,0.22866666666666663,12.1065,6.0,1,20.200521632683053,55.0,0.018666666666666668,7000.0,0.0,0.0,0.0,45.18032547905365,optimal
2021-02-13 14:30:00,4,1,2.0,0.0,0.0,0.22223333333333328,11.571,6.0,1,20.336500675021007,55.0,0.018666666666666668,7000.0,0.0,0.0,0.0,44.82945037951817,optimal
2021-02-13 15:00:00,4,1,2.0,0.0,0.0,0.3115,11.025,6.0,1,20.47242449599979,55.0,0.018666666666666668,7000.0,0.0,0.0,0.0,44.47892615508223,optimal
2021-02-13 15:30:00,4,1,2.0,0.0,0.0,0.23053333333333334,10.8465,6.0,1,20.612908786083114,55.0,0.018666666666666668,7000.0,0.0,0.0,0.0,44.12875245487072,optimal
2021-02-13 16:00:00,4,1,2.0,0.0,0.0,0.2994,11.2455,6.0,1,20.748421793800134,55.0,0.015333333333333332,7000.0,0.0,0.0,0.0,43.77892892835942,optimal
2021-02-13 16:30:00,4,1,0.0,0.0,0.0,0.28863333333333335,23.8665,6.0,1,20.88019309532145,55.0,0.015333333333333332,0.0,0.0,0.0,0.0,43.42945522537463,optimal
2021-02-13 17:00:00,4,1,0.0,0.0,0.0,0.2153333333333333,27.4575,6.0,1,20.744613589882338,55.0,0.013333333333333334,0.0,0.0,0.0,0.0,43.38602577014926,optimal
2021-02-13 17:30:00,4,1,0.0,0.0,0.0,0.9153666666666668,27.3735,6.0,1,20.612279368862964,55.0,0.012,0.0,0.0,0.0,0.0,43.34263974437911,optimal
2021-02-13 18:00:00,4,1,0.0,0.0,0.0,0.8475666666666667,30.4605,6.0,1,20.490963756424826,55.0,0.008666666666666666,0.0,0.0,0.0,0.0,43.29929710463473,optimal
2021-02-13 18:30:00,4,1,0.0,0.0,0.0,0.439,30.0195,6.0,1,20.36765885297834,55.0,0.008666666666666666,0.0,0.0,0.0,0.0,43.2559978075301,optimal
2021-02-13 19:00:00,4,1,0.0,0.0,0.0,0.3616666666666667,26.9325,6.0,1,20.24497335487471,55.0,0.0026666666666666666,0.0,0.0,0.0,0.0,43.21274180972257,optimal
2021-02-13 19:30:00,4,1,0.0,0.0,0.0,0.36060000000000003,14.595,6.0,1,20.123378405691415,55.0,0.0026666666666666666,0.0,0.0,0.0,0.0,43.16952906791285,optimal
2021-02-13 20:00:00,4,1,0.8896249076895755,0.0,0.0,0.5068,12.4845,6.0,1,20.0,55.0,0.0026666666666666666,3113.687176913514,0.0,0.0,0.0,43.12635953884494,optimal
2021-02-13 20:30:00,4,1,0.0,0.0,0.0,0.45096666666666657,12.1275,6.0,1,20.0,55.0,0.002,0.0,0.0,0.0,0.0,43.08323317930609,optimal
2021-02-13 21:00:00,4,1,0.0,0.0,0.0,0.5782,12.1275,6.0,1,19.879539744598308,55.0,0.0,0.0,0.0,0.0,0.0,43.04014994612679,optimal
2021-02-13 21:30:00,4,1,0.0,0.0,0.0,0.3842,12.789,6.0,1,19.764336553911544,55.0,0.0,0.0,0.0,0.0,0.0,42.99710979618066,optimal
2021-02-13 22:00:00,4,1,0.0,0.0,0.0,0.074,11.907,6.0,1,19.644833835920135,55.0,0.0,0.0,0.0,0.0,0.0,42.95411268638448,optimal
2021-02-13 22:30:00,4,1,0.0,0.0,0.0,0.074,11.025,6.0,1,19.502236043035214,55.0,0.0,0.0,0.0,0.0,0.0,42.911158573698096,optimal
2021-02-13 23:00:00,4,1,0.0,0.0,0.0,0.134,8.2005,6.0,1,19.361073086344504,55.0,0.0,0.0,0.0,0.0,0.0,42.8682474151244,optimal
2021-02-13 23:30:00,4,1,0.0,0.0,0.0,0.074,9.5655,6.0,1,19.223600990488467,55.0,0.0,0.0,0.0,0.0,0.0,42.82537916770928,optimal
2021-02-07 00:00:00,5,1,0.0,0.0,0.0,0.068,10.584,6.0,4,21.0,55.0,0.12,0.0,0.0,0.0,0.0,47.952,optimal
2021-02-07 00:30:00,5,1,0.5587670004385447,0.0,0.0,0.06266666666666666,6.678,6.0,4,20.87102138360779,55.0,0.12,1955.684501534906,0.0,0.0,0.0,47.904047999999996,optimal
2021-02-07 01:00:00,5,1,0.0,0.0,0.0,0.1216,7.938,6.0,4,20.816141613944072,55.0,0.12,0.0,0.0,0.0,0.0,47.856143952,optimal
2021-02-07 01:30:00,5,1,2.0,0.0,0.0,0.058,5.292,6.0,4,20.68944546086636,55.0,0.12,7000.0,0.0,0.0,0.0,47.80828780804799,optimal
2021-02-07 02:00:00,5,1,0.0,0.0,0.0,0.063,9.261,6.0,4,20.825367941753836,55.0,0.12,0.0,0.0,0.0,0.0,47.76047952023995,optimal
2021-02-07 02:30:00,5,1,0.0,0.0,0.0,0.068,10.3635,6.0,4,20.695455345497543,55.0,0.12,0.0,0.0,0.0,0.0,47.712719040719705,optimal
2021-02-07 03:00:00,5,1,0.0,0.0,0.0,0.059,8.274,6.0,4,20.565765595386722,55.0,0.12,0.0,0.0,0.0,0.0,47.66500632167899,optimal
2021-02-07 03:30:00,5,1,0.0,0.0,0.0,0.11806666666666667,7.7175,6.0,4,20.43629703123768,55.0,0.12,0.0,0.0,0.0,0.0,47.61734131535731,optimal
2021-02-07 04:00:00,5,1,2.0,0.0,0.0,0.06153333333333333,6.615,6.0,4,20.309689733339336,55.0,0.12,7000.0,0.0,0.0,0.0,47.56972397404195,optimal
2021-02-07 04:30:00,5,1,2.0,0.0,0.0,0.09333333333333331,6.174,6.0,4,20.445967375985685,55.0,0.12,7000.0,0.0,0.0,0.0,47.522154250067906,optimal
2021-02-07 05:00:00,5,1,2.0,0.0,0.0,0.08626666666666667,3.906,6.0,4,20.582431120921417,55.0,0.12,7000.0,0.0,0.0,0.0,47.47463209581784,optimal
2021-02-07 05:30:00,5,1,2.0,0.0,0.0,0.10393333333333334,2.3415,6.0,4,20.717611254717067,55.0,0.12,7000.0,0.0,0.0,0.0,47.42715746372202,optimal
2021-02-07 06:00:00,5,1,2.0,0.0,0.0,0.08066666666666668,2.205,6.0,4,20.85245173005894,55.0,0.12,7000.0,0.0,0.0,0.0,47.379730306258296,optimal
2021-02-07 06:30:00,5,1,2.0,0.0,1.8108008120645842,0.0724,0.882,6.0,4,20.98521978184514,55.0,0.11,7000.0,0.0,0.0,0.0,48.192480961682705,optimal
2021-02-07 07:00:00,5,1,2.0,0.0,0.0,0.23363333333333333,1.5435,6.0,4,21.126864219872928,55.0,0.108,7000.0,0.0,0.0,0.0,48.144288480721016,optimal
2021-02-07 07:30:00,5,1,2.0,0.0,0.0,0.12446666666666668,1.5435,6.0,4,21.29117684993889,55.0,0.10733333333333334,7000.0,0.0,0.0,0.0,48.096144192240295,optimal
2021-02-07 08:00:00,5,1,2.0,0.0,0.0,0.20980000000000001,5.0715,6.0,4,21.439118682333792,55.0,0.10466666666666667,7000.0,0.0,0.0,0.0,48.048048048048045,optimal
2021-02-07 08:30:00,5,1,2.0,0.0,0.0,0.213,5.376,6.0,4,21.584639389244437,55.0,0.102,7000.0,0.0,0.0,0.0,48.0,optimal
2021-02-07 09:00:00,5,1,2.0,0.0,0.0,0.2147333333333333,5.0715,6.0,4,21.72919964303269,55.0,0.1,7000.0,0.0,0.0,0.0,47.639392167946774,optimal
2021-02-07 09:30:00,5,1,2.0,0.0,0.0,0.23846666666666666,5.5125,6.0,4,21.86473457960515,55.0,0.09866666666666667,7000.0,0.0,0.0,0.0,47.279144943725605,optimal
2021-02-07 10:00:00,5,1,0.9940382391375744,0.0,0.0,0.189,9.261,6.0,4,22.0,55.0,0.096,3479.1338369815103,0.0,0.0,0.0,46.91925796672866,optimal
2021-02-07 10:30:00,5,1,0.0,0.0,0.0,1.5426666666666669,11.7075,6.0,4,22.0,55.0,0.096,0.0,0.0,0.0,0.0,46.559730876708706,optimal
2021-02-07 11:00:00,5,1,0.0,0.0,0.0,2.0074,12.348,6.0,4,21.90242600330893,55.0,0.096,0.0,0.0,0.0,0.0,46.20056331377877,optimal
2021-02-07 11:30:00,5,1,0.0,0.0,0.0,2.5008666666666666,12.348,6.0,4,21.779910658593295,55.0,0.096,0.0,0.0,0.0,0.0,45.841754918411766,optimal
2021-02-07 12:00:00,5,1,0.0,0.0,0.0,0.7493333333333334,12.1275,6.0,4,21.66653571040471,55.0,0.094,0.0,0.0,0.0,0.0,45.48330533144013,optimal
2021-02-07 12:30:00,5,1,0.0,0.0,0.0,0.17223333333333332,12.5265,6.0,4,21.539014357447318,55.0,0.094,0.0,0.0,0.0,0.0,45.12521419405547,optimal
2021-02-07 13:00:00,5,1,0.9959248868319416,0.0,0.0,0.29046666666666665,11.7495,6.0,4,21.40930413184112,55.0,0.09333333333333334,3485.737103911795,0.0,0.0,0.0,44.76748114780818,optimal
2021-02-07 13:30:00,5,1,0.0,0.0,0.0,0.15369999999999998,13.23,6.0,4,21.413426339028145,55.0,0.09333333333333334,0.0,0.0,0.0,0.0,44.41010583460715,optimal
2021-02-07 14:00:00,5,1,0.0,0.0,0.0,0.095,14.3325,6.0,4,21.279135807754617,55.0,0.09266666666666666,0.0,0.0,0.0,0.0,44.05308789671932,optimal
2021-02-07 14:30:00,5,1,0.0,0.0,0.0,0.058,14.994,6.0,4,21.142703558768634,55.0,0.09266666666666666,0.0,0.0,0.0,0.0,43.696426976769374,optimal
2021-02-07 15:00:00,5,1,0.0,0.0,0.0,0.07213333333333334,14.8155,6.0,4,20.998492614221334,55.0,0.09266666666666666,0.0,0.0,0.0,0.0,43.340122717739376,optimal
2021-02-07 15:30:00,5,1,0.0,0.0,0.0,0.10746666666666668,14.112,6.0,4,20.856262461961546,55.0,0.09266666666666666,0.0,0.0,0.0,0.0,42.984174762968415,optimal
2021-02-07 16:00:00,5,1,0.0,0.0,0.0,0.0686,14.007,6.0,4,20.71530926774944,55.0,0.09266666666666666,0.0,0.0,0.0,0.0,42.62858275615222,optimal
2021-02-07 16:30:00,5,1,0.0,0.0,0.0,0.111,13.23,6.0,4,20.572820345977487,55.0,0.09266666666666666,0.0,0.0,0.0,0.0,42.273346341342844,optimal
2021-02-07 17:00:00,5,1,2.0,0.0,0.0,0.063,11.382,6.0,4,20.433367260575245,55.0,0.09266666666666666,7000.0,0.0,0.0,0.0,41.91846516294828,optimal
2021-02-07 17:30:00,5,1,2.0,0.0,0.0,0.1316,11.7495,6.0,4,20.55777328794177,55.0,0.09266666666666666,7000.0,0.0,0.0,0.0,41.563938865732105,optimal
2021-02-07 18:00:00,5,1,0.0,0.0,0.0,0.063,24.3285,6.0,4,20.68440020948784,55.0,0.09266666666666666,0.0,0.0,0.0,0.0,41.209767094813145,optimal
2021-02-07 18:30:00,5,1,0.0,0.0,0.0,0.10393333333333334,28.917,6.0,4,20.543976073919822,55.0,0.09266666666666666,0.0,0.0,0.0,0.0,40.85594949566511,optimal
2021-02-07 19:00:00,5,1,0.0,0.0,0.0,0.07566666666666667,31.3635,6.0,4,20.406705876521716,55.0,0.09266666666666666,0.0,0.0,0.0,0.0,40.50248571411622,optimal
2021-02-07 19:30:00,5,1,0.0,0.0,0.0,0.0736,33.306,6.0,4,20.269762951041415,55.0,0.09266666666666666,0.0,0.0,0.0,0.0,40.14937539634888,optimal
2021-02-07 20:00:00,5,1,0.0,0.0,0.0,0.121,31.3425,6.0,4,20.13357326946789,55.0,0.09266666666666666,0.0,0.0,0.0,0.0,39.79661818889931,optimal
2021-02-07 20:30:00,5,1,0.0,0.0,0.0,0.11696666666666668,28.2555,6.0,4,20.0,55.0,0.09266666666666666,0.0,0.0,0.0,0.0,39.75682157071041,optimal
2021-02-07 21:00:00,5,1,0.0,0.0,0.0,0.26766666666666666,15.6975,6.0,4,19.878235830685302,55.0,0.09266666666666666,0.0,0.0,0.0,0.0,39.717064749139695,optimal
2021-02-07 21:30:00,5,1,0.0,0.0,0.0,0.203,12.5475,6.0,4,19.78111557339575,55.0,0.09266666666666666,0.0,0.0,0.0,0.0,39.677347684390554,optimal
2021-02-07 22:00:00,5,1,0.0,0.0,0.0,0.2014,12.0855,6.0,4,19.681753235730902,55.0,0.09266666666666666,0.0,0.0,0.0,0.0,39.637670336706165,optimal
2021-02-07 22:30:00,5,1,0.0,0.0,0.0,0.26580000000000004,11.907,6.0,4,19.579072461105554,55.0,0.09266666666666666,0.0,0.0,0.0,0.0,39.598032666369456,optimal
2021-02-07 23:00:00,5,1,0.0,0.0,0.0,0.058,12.5685,6.0,4,19.49066878324854,55.0,0.09266666666666666,0.0,0.0,0.0,0.0,39.55843463370309,optimal
2021-02-07 23:30:00,5,1,0.0,0.0,0.0,0.23686666666666667,13.146,6.0,4,19.364739647519723,55.0,0.09133333333333334,0.0,0.0,0.0,0.0,39.51887619906938,optimal
2021-02-08 00:00:00,5,1,0.0,0.0,0.0,0.0752,11.2455,6.0,2,19.364739647519723,55.0,0.09133333333333334,0.0,0.0,0.0,0.0,39.479357322870314,optimal
2021-02-08 00:30:00,5,1,2.0,0.0,0.0,0.17226666666666668,11.025,6.0,2,19.2373467206401,55.0,0.12466666666666666,3516.6666666666665,0.0,3483.3333333333335,0.0,39.439877965547446,optimal
2021-02-08 01:00:00,5,1,2.0,0.0,0.0,0.14366666666666666,5.9745,6.0,2,19.247424527685098,55.0,0.12466666666666666,7000.0,0.0,0.0,0.0,39.4004380875819,optimal
2021-02-08 01:30:00,5,1,2.0,0.0,0.0,0.057,7.938,6.0,2,19.387942131872013,55.0,0.12466666666666666,7000.0,0.0,0.0,0.0,39.361037649494314,optimal
2021-02-08 02:00:00,5,1,2.0,0.0,0.0,0.057,8.6835,6.0,2,19.523766254579666,55.0,0.12466666666666666,7000.0,0.0,0.0,0.0,39.32167661184482,optimal
2021-02-08 02:30:00,5,1,2.0,0.0,0.0,0.22253333333333333,7.665,6.0,2,19.65820600432528,55.0,0.12466666666666666,7000.0,0.0,0.0,0.0,39.28235493523298,optimal
2021-02-08 03:00:00,5,1,2.0,0.0,0.0,0.11159999999999999,6.7725,6.0,2,19.798270297728916,55.0,0.12466666666666666,7000.0,0.0,0.0,0.0,39.24307258029775,optimal
2021-02-08 03:30:00,5,1,2.0,0.0,0.0,0.09166666666666669,5.5755,6.0,2,19.933472717861783,55.0,0.12466666666666666,7000.0,0.0,0.0,0.0,39.20382950771745,optimal
2021-02-08 04:00:00,5,1,2.0,0.0,7.0,0.24246666666666666,5.0925,6.0,2,20.06654234388498,55.0,0.12466666666666666,7000.0,0.0,0.0,0.0,42.489625678209734,optimal
2021-02-08 04:30:00,5,1,2.0,0.0,7.0,0.057,4.1895,6.0,2,20.203945125653902,55.0,0.12466666666666666,7000.0,0.0,0.0,0.0,45.77213605253153,optimal
2021-02-08 05:00:00,5,1,2.0,0.0,0.0,0.14366666666666666,7.056,6.0,2,20.332572613143512,55.0,0.12466666666666666,7000.0,0.0,0.0,0.0,45.726363916478995,optimal
2021-02-08 05:30:00,5,1,2.0,0.0,5.593074714820492,0.08733333333333333,5.271,6.0,2,20.462770988965524,55.0,0.12466666666666666,7000.0,0.0,0.0,0.0,48.33734804210225,optimal
2021-02-08 06:00:00,5,1,2.0,0.0,0.0,0.16013333333333332,7.938,6.0,2,20.58949871050547,55.0,0.12466666666666666,7000.0,0.0,0.0,0.0,48.289010694060146,optimal
2021-02-08 06:30:00,5,1,2.0,0.0,0.0,0.14366666666666666,7.938,6.0,2,20.717660106154824,55.0,0.12466666666666666,7000.0,0.0,0.0,0.0,48.240721683366075,optimal
2021-02-08 07:00:00,5,1,2.0,0.0,0.0,0.09746666666666669,11.907,6.0,2,20.84387212839229,55.0,0.12133333333333333,7000.0,0.0,0.0,0.0,48.192480961682705,optimal
2021-02-08 07:30:00,5,1,2.0,0.0,0.0,0.20433333333333328,11.025,6.0,2,20.981205572748845,55.0,0.116,7000.0,0.0,0.0,0.0,48.144288480721016,optimal
2021-02-08 08:00:00,5,1,2.0,0.0,0.0,0.17866666666666667,11.2875,6.0,2,21.125586150518963,55.0,0.10933333333333334,7000.0,0.0,0.0,0.0,48.096144192240295,optimal
2021-02-08 08:30:00,5,1,0.0,0.0,0.0,0.18546666666666667,12.936,6.0,2,21.27333587805224,55.0,0.062,0.0,0.0,0.0,0.0,48.048048048048045,optimal
2021-02-08 09:00:00,5,1,0.0,0.0,0.0,1.5488666666666666,13.0095,6.0,2,21.15592957447626,55.0,0.062,0.0,0.0,0.0,0.0,48.0,optimal
2021-02-08 09:30:00,5,1,0.0,0.0,0.0,0.26106666666666667,13.671,6.0,2,21.07184267888484,55.0,0.059333333333333335,0.0,0.0,0.0,0.0,47.762847708389415,optimal
2021-02-08 10:00:00,5,1,0.0,0.0,0.0,0.08286666666666666,13.188,6.0,2,20.946056875685755,55.0,0.059333333333333335,0.0,0.0,0.0,0.0,47.52593256907044,optimal
2021-02-08 10:30:00,5,1,0.0,0.0,0.0,0.20046666666666668,13.8495,6.0,2,20.804209572521295,55.0,0.059333333333333335,0.0,0.0,0.0,0.0,47.289254344890786,optimal
2021-02-08 11:00:00,5,1,1.3606912077044664,0.0,0.0,0.067,13.23,6.0,2,20.661493071159175,55.0,0.059333333333333335,4762.419226965632,0.0,0.0,0.0,47.052812798935314,optimal
2021-02-08 11:30:00,5,1,0.0,0.0,0.0,0.15366666666666665,13.3665,6.0,2,20.69359750795067,55.0,0.059333333333333335,0.0,0.0,0.0,0.0,46.81660769452579,optimal
2021-02-08 12:00:00,5,1,2.0,0.0,0.0,0.20046666666666668,13.0515,6.0,2,20.54956452757466,55.0,0.059333333333333335,7000.0,0.0,0.0,0.0,46.580638795220686,optimal
2021-02-08 12:30:00,5,1,0.0,0.0,0.0,0.067,13.5345,6.0,2,20.673567580374673,55.0,0.059333333333333335,0.0,0.0,0.0,0.0,46.34490586481488,optimal
2021-02-08 13:00:00,5,1,0.0,0.0,0.0,0.15366666666666665,14.154,6.0,2,20.528644652702898,55.0,0.059333333333333335,0.0,0.0,0.0,0.0,46.10940866733949,optimal
2021-02-08 13:30:00,5,1,0.0,0.0,0.0,0.0852,14.112,6.0,2,20.389565511872018,55.0,0.059333333333333335,0.0,0.0,0.0,0.0,45.87414696706156,optimal
2021-02-08 14:00:00,5,1,0.0,0.0,0.0,0.19093333333333332,14.2485,6.0,2,20.249680916509607,55.0,0.059333333333333335,0.0,0.0,0.0,0.0,45.63912052848392,optimal
2021-02-08 14:30:00,5,1,2.0,0.0,0.0,0.145,12.789,6.0,2,20.11557789368671,55.0,0.059333333333333335,7000.0,0.0,0.0,0.0,45.404329116344854,optimal
2021-02-08 15:00:00,5,1,2.0,0.0,0.0,0.2039333333333333,13.0095,6.0,2,20.24407111571236,55.0,0.058,7000.0,0.0,0.0,0.0,45.16977249561793,optimal
2021-02-08 15:30:00,5,1,2.0,0.0,0.0,0.15166666666666664,12.1275,6.0,2,20.37539828113881,55.0,0.058,7000.0,0.0,0.0,0.0,44.935450431511725,optimal
2021-02-08 16:00:00,5,1,2.0,0.0,0.0,0.20953333333333332,12.348,6.0,2,20.51524560909974,55.0,0.052,7000.0,0.0,0.0,0.0,44.890514981080216,optimal
2021-02-08 16:30:00,5,1,2.0,0.0,0.0,0.22926666666666667,12.348,6.0,2,20.66637545915028,55.0,0.03266666666666666,7000.0,0.0,0.0,0.0,44.84562446609914,optimal
2021-02-08 17:00:00,5,1,0.0,0.0,0.0,0.1428,25.389,6.0,2,20.804010202323717,55.0,0.029333333333333333,0.0,0.0,0.0,0.0,44.80077884163304,optimal
2021-02-08 17:30:00,5,1,0.0,0.0,0.0,1.3773333333333333,29.1375,6.0,2,20.679841181193794,55.0,0.025333333333333333,0.0,0.0,0.0,0.0,44.75597806279141,optimal
2021-02-08 18:00:00,5,1,0.0,0.0,0.0,0.7306666666666666,30.597,6.0,2,20.57073621941854,55.0,0.024,0.0,0.0,0.0,0.0,44.71122208472862,optimal
2021-02-08 18:30:00,5,1,0.0,0.0,0.0,1.5798666666666665,33.684,6.0,2,20.45063047364827,55.0,0.02266666666666667,0.0,0.0,0.0,0.0,44.66651086264389,optimal
2021-02-08 19:00:00,5,1,0.0,0.0,0.0,1.1097000000000001,32.445,6.0,2,20.3412240493296,55.0,0.02266666666666667,0.0,0.0,0.0,0.0,44.62184435178125,optimal
2021-02-08 19:30:00,5,1,0.0,0.0,0.0,0.32326666666666665,28.917,6.0,2,20.230232241658335,55.0,0.020666666666666663,0.0,0.0,0.0,0.0,44.57722250742947,optimal
2021-02-08 20:00:00,5,1,0.0,0.0,0.0,0.3212333333333333,15.876,6.0,2,20.115509458271188,55.0,0.020666666666666663,0.0,0.0,0.0,0.0,44.53264528492204,optimal
2021-02-08 20:30:00,5,1,0.0,0.0,0.0,0.12866666666666665,12.348,6.0,2,20.0,55.0,0.020666666666666663,0.0,0.0,0.0,0.0,44.488112639637116,optimal
2021-02-08 21:00:00,5,1,0.0,0.0,0.0,0.24253333333333332,12.1275,6.0,2,19.879283085655693,55.0,0.0006666666666666665,0.0,0.0,0.0,0.0,44.44362452699748,optimal
2021-02-08 21:30:00,5,1,0.0,0.0,0.0,0.27553333333333335,12.348,6.0,2,19.761070337344535,55.0,0.0006666666666666665,0.0,0.0,0.0,0.0,44.39918090247048,optimal
2021-02-08 22:00:00,5,1,0.0,0.0,0.0,0.15259999999999999,12.1275,6.0,2,19.647597214532528,55.0,0.0006666666666666665,0.0,0.0,0.0,0.0,44.35478172156801,optimal
2021-02-08 22:30:00,5,1,0.0,0.0,0.0,0.30260000000000004,12.1275,6.0,2,19.530898686151055,55.0,0.0,0.0,0.0,0.0,0.0,44.310426939846444,optimal
2021-02-08 23:00:00,5,1,0.0,0.0,0.0,0.42219999999999996,11.2665,6.0,2,19.418241944695755,55.0,0.0,0.0,0.0,0.0,0.0,44.2661165129066,optimal
2021-02-08 23:30:00,5,1,0.1592380952380952,0.0,0.0,0.37160000000000004,10.143,6.0,2,19.311300692605705,55.0,0.0,0.0,0.0,557.3333333333333,0.0,44.22185039639369,optimal
2021-02-09 00:00:00,5,1,2.0,0.0,0.0,0.043333333333333335,12.1275,6.0,-2,19.311300692605705,55.0,0.0,7000.0,0.0,0.0,0.0,44.177628545997294,optimal
2021-02-09 00:30:00,5,1,2.0,0.0,0.0,0.12179999999999999,11.823,6.0,-2,19.440853353095363,55.0,0.06698564593301436,0.0,0.0,7000.0,0.0,44.1334509174513,optimal
2021-02-09 01:00:00,5,1,2.0,0.0,0.0,0.1428,11.7705,6.0,-2,19.30837811168814,55.0,0.088,4804.0,0.0,2196.0,0.0,44.08931746653385,optimal
2021-02-09 01:30:00,5,1,2.0,0.0,0.0,0.042,11.13,6.0,-2,19.359543881823726,55.0,0.088,7000.0,0.0,0.0,0.0,44.04522814906731,optimal
2021-02-09 02:00:00,5,1,2.0,0.0,0.0,0.1674,11.6865,6.0,-2,19.488737134902856,55.0,0.088,7000.0,0.0,0.0,0.0,44.00118292091825,optimal
2021-02-09 02:30:00,5,1,2.0,0.0,2.8201014765136727,0.09720000000000001,10.7205,6.0,-2,19.62096035125362,55.0,0.088,7000.0,0.0,0.0,0.0,45.29672993934132,optimal
2021-02-09 03:00:00,5,1,2.0,0.0,0.0,0.042,11.424,6.0,-2,19.74991895662734,55.0,0.088,7000.0,0.0,0.0,0.0,45.251433209401974,optimal
2021-02-09 03:30:00,5,1,2.0,0.0,7.0,0.07573333333333333,10.689,6.0,-2,19.876203950591684,55.0,0.088,7000.0,0.0,0.0,0.0,48.53118177619257,optimal
2021-02-09 04:00:00,5,1,2.0,0.0,0.0,0.17746666666666666,11.361,6.0,-2,20.00356752072574,55.0,0.088,7000.0,0.0,0.0,0.0,48.48265059441637,optimal
2021-02-09 04:30:00,5,1,2.0,0.0,0.0,0.053399999999999996,11.571,6.0,-2,20.134570574313802,55.0,0.088,7000.0,0.0,0.0,0.0,48.434167943821954,optimal
2021-02-09 05:00:00,5,1,0.0,0.0,0.0,0.08573333333333333,14.3745,6.0,-2,20.259165615055604,55.0,0.088,0.0,0.0,0.0,0.0,48.38573377587813,optimal
2021-02-09 05:30:00,5,1,2.0,0.0,0.0,0.19753333333333334,13.23,6.0,-2,20.118531564329597,55.0,0.088,7000.0,0.0,0.0,0.0,48.33734804210225,optimal
2021-02-09 06:00:00,5,1,2.0,0.0,0.0,0.07426666666666666,13.9755,6.0,-2,20.247568468431588,55.0,0.088,7000.0,0.0,0.0,0.0,48.289010694060146,optimal
2021-02-09 06:30:00,5,1,0.0,0.0,0.0,0.06893333333333333,14.994,6.0,-2,20.37118870685508,55.0,0.088,0.0,0.0,0.0,0.0,48.240721683366075,optimal
2021-02-09 07:00:00,5,1,2.0,0.0,0.0,0.4203,13.671,6.0,-2,20.230211468608267,55.0,0.08,7000.0,0.0,0.0,0.0,48.192480961682705,optimal
2021-02-09 07:30:00,5,1,0.0,0.0,0.0,1.2569666666666668,15.981,6.0,-2,20.37578368097769,55.0,0.074,0.0,0.0,0.0,0.0,48.144288480721016,optimal
2021-02-09 08:00:00,5,1,0.0,0.0,0.0,0.05,15.6345,6.0,-2,20.28725873331775,55.0,0.059333333333333335,0.0,0.0,0.0,0.0,48.096144192240295,optimal
2021-02-09 08:30:00,5,1,0.0,0.0,0.0,0.21356666666666663,16.5375,6.0,-2,20.156367784302127,55.0,0.05466666666666667,0.0,0.0,0.0,0.0,48.048048048048045,optimal
2021-02-09 09:00:00,5,1,1.4047952619915616,0.0,0.0,0.3068333333333333,14.7735,6.0,-2,20.035776211647352,55.0,0.028666666666666667,4916.783416970466,0.0,0.0,0.0,48.0,optimal
2021-02-09 09:30:00,5,1,0.0,0.0,0.0,0.299,15.2145,6.0,-2,20.110331489286896,55.0,0.02666666666666667,0.0,0.0,0.0,0.0,47.757503237530834,optimal
2021-02-09 10:00:00,5,1,1.0378936707930202,0.0,0.0,0.1756,14.553,6.0,-2,20.0,55.0,0.02666666666666667,3632.627847775571,0.0,0.0,0.0,47.515248971824136,optimal
2021-02-09 10:30:00,5,1,2.0,0.0,0.0,0.109,14.3325,6.0,-2,20.0,55.0,0.02666666666666667,7000.0,0.0,0.0,0.0,47.273236960383144,optimal
2021-02-09 11:00:00,5,1,1.1078259827125045,0.0,0.0,0.052,14.595,6.0,-2,20.126560920509068,55.0,0.02666666666666667,3877.390939493766,0.0,0.0,0.0,47.031466960953594,optimal
2021-02-09 11:30:00,5,1,0.0,0.0,0.0,0.18130000000000002,14.994,6.0,-2,20.13392037914834,55.0,0.02666666666666667,0.0,0.0,0.0,0.0,46.78993873152348,optimal
2021-02-09 12:00:00,5,1,1.904155983453535,0.0,0.0,0.3503,14.3325,6.0,-2,20.0,55.0,0.022,6664.545942087373,0.0,0.0,0.0,46.54865203032279,optimal
2021-02-09 12:30:00,5,1,2.0,0.0,0.0,0.3542,13.8915,6.0,-2,20.136718287676754,55.0,0.020666666666666667,7000.0,0.0,0.0,0.0,46.3076066158233,optimal
2021-02-09 13:00:00,5,1,2.0,0.0,0.0,0.7090666666666667,13.8915,6.0,-2,20.284865851074056,55.0,0.020666666666666667,7000.0,0.0,0.0,0.0,46.06680224673831,optimal
2021-02-09 13:30:00,5,1,2.0,0.0,0.0,0.38946666666666657,13.4715,6.0,-2,20.445321373456185,55.0,0.020666666666666667,7000.0,0.0,0.0,0.0,45.82623868202241,optimal
2021-02-09 14:00:00,5,1,2.0,0.0,0.0,0.2041,13.23,6.0,-2,20.59584988350114,55.0,0.020666666666666667,7000.0,0.0,0.0,0.0,45.58591568087122,optimal
2021-02-09 14:30:00,5,1,2.0,0.0,0.0,0.0805,13.8915,6.0,-2,20.722682009551104,55.0,0.020666666666666667,7000.0,0.0,0.0,0.0,45.34583300272118,optimal
2021-02-09 15:00:00,5,1,0.0,0.0,0.0,0.052,26.9325,6.0,-2,20.84352732127953,55.0,0.020666666666666667,0.0,0.0,0.0,0.0,45.105990407249294,optimal
2021-02-09 15:30:00,5,1,0.0,0.0,0.0,0.2737,30.303,6.0,-2,20.69757318770917,55.0,0.020666666666666667,0.0,0.0,0.0,0.0,44.86638765437288,optimal
2021-02-09 16:00:00,5,1,0.0,0.0,0.0,0.2658333333333333,32.886,6.0,-2,20.569796163857834,55.0,0.020666666666666667,0.0,0.0,0.0,0.0,44.62702450424934,optimal
2021-02-09 16:30:00,5,1,0.0,0.0,0.0,1.5327,34.9965,6.0,-2,20.461500191829483,55.0,0.018666666666666668,0.0,0.0,0.0,0.0,44.387900717275926,optimal
2021-02-09 17:00:00,5,1,0.0,0.0,0.0,0.22646666666666668,33.327,6.0,-2,20.386841599845074,55.0,0.018666666666666668,0.0,0.0,0.0,0.0,44.149016054089486,optimal
2021-02-09 17:30:00,5,1,0.0,0.0,0.0,0.058133333333333335,31.122,6.0,-2,20.24939084547111,55.0,0.018666666666666668,0.0,0.0,0.0,0.0,43.91037027556623,optimal
2021-02-09 18:00:00,5,1,0.0,0.0,0.0,0.9688,17.9025,6.0,-2,20.10585970367111,55.0,0.002,0.0,0.0,0.0,0.0,43.6719631428215,optimal
2021-02-09 18:30:00,5,1,0.8675394168025843,0.0,0.0,0.2617,15.6555,6.0,-2,20.0,55.0,0.0,3036.387958809045,0.0,0.0,0.0,43.43379441720951,optimal
2021-02-09 19:00:00,5,1,1.0583127590718588,0.0,0.0,0.10413333333333334,14.553,6.0,-2,20.0,55.0,0.0,3704.094656751506,0.0,0.0,0.0,43.195863860323136,optimal
2021-02-09 19:30:00,5,1,1.0544175209766105,0.0,0.0,0.11776666666666669,14.3325,6.0,-2,20.0,55.0,0.0,3690.4613234181365,0.0,0.0,0.0,42.958171233993646,optimal
2021-02-09 20:00:00,5,1,1.0552937114528214,0.0,0.0,0.1147,13.335,6.0,-2,20.0,55.0,0.0,3693.5279900848745,0.0,0.0,0.0,42.72071630029049,optimal
2021-02-09 20:30:00,5,1,0.0,0.0,0.0,0.1072,12.1275,6.0,-2,20.0,55.0,0.0,0.0,0.0,0.0,0.0,42.48349882152104,optimal
2021-02-09 21:00:00,5,1,0.0,0.0,0.0,0.10233333333333332,12.2955,6.0,-2,19.85943547384211,55.0,0.0,0.0,0.0,0.0,0.0,42.246518560230356,optimal
2021-02-09 21:30:00,5,1,0.0,0.0,0.0,0.4834666666666666,11.6865,6.0,-2,19.723195307883962,55.0,0.0,0.0,0.0,0.0,0.0,42.20427204167012,optimal
2021-02-09 22:00:00,5,1,0.0,0.0,0.0,0.3100333333333334,11.466,6.0,-2,19.616418392246327,55.0,0.0,0.0,0.0,0.0,0.0,42.16206776962845,optimal
2021-02-09 22:30:00,5,1,0.4578095238095238,0.0,0.0,0.26463333333333333,10.8045,6.0,-2,19.499297067648545,55.0,0.0,0.0,0.0,1602.3333333333333,0.0,42.11990570185882,optimal
2021-02-09 23:00:00,5,1,0.0398095238095238,0.0,0.0,0.31593333333333334,10.584,6.0,-2,19.388964156968186,55.0,0.001333333333333333,0.0,0.0,139.33333333333331,0.0,42.07778579615696,optimal
2021-02-09 23:30:00,5,1,0.0,0.0,0.0,0.45330000000000004,11.2455,6.0,-2,19.27849086930542,55.0,0.0,0.0,0.0,0.0,0.0,42.0357080103608,optimal
2021-02-10 00:00:00,5,1,2.0,0.0,0.0,0.062,11.907,6.0,2,19.27849086930542,55.0,0.0,7000.0,0.0,0.0,0.0,41.99367230235044,optimal
2021-02-10 00:30:00,5,1,2.0,0.0,0.0,0.146,11.7075,6.0,2,19.407304210853376,55.0,0.05266666666666667,1496.333333333333,0.0,5503.666666666667,0.0,41.951678630048086,optimal
2021-02-10 01:00:00,5,1,2.0,0.0,0.0,0.2008,10.8045,6.0,2,19.329930121446193,55.0,0.05266666666666667,7000.0,0.0,0.0,0.0,41.90972695141804,optimal
2021-02-10 01:30:00,5,1,2.0,0.0,0.0,0.124,11.508,6.0,2,19.46237837835212,55.0,0.05266666666666667,7000.0,0.0,0.0,0.0,41.86781722446662,optimal
2021-02-10 02:00:00,5,1,2.0,0.0,0.0,0.2159,11.508,6.0,2,19.590193522727247,55.0,0.05266666666666667,7000.0,0.0,0.0,0.0,41.825949407242156,optimal
2021-02-10 02:30:00,5,1,2.0,0.0,0.0,0.1999,11.508,6.0,2,19.719783315153524,55.0,0.05266666666666667,7000.0,0.0,0.0,0.0,41.784123457834916,optimal
2021-02-10 03:00:00,5,1,2.0,0.0,0.0,0.118,11.844,6.0,2,19.84780321823127,55.0,0.05266666666666667,7000.0,0.0,0.0,0.0,41.74233933437708,optimal
2021-02-10 03:30:00,5,1,2.0,0.0,0.0,0.146,11.508,6.0,2,19.9717753199065,55.0,0.05266666666666667,7000.0,0.0,0.0,0.0,41.7005969950427,optimal
2021-02-10 04:00:00,5,1,2.0,0.0,0.0,0.118,11.508,6.0,2,20.09588164048608,55.0,0.05266666666666667,7000.0,0.0,0.0,0.0,41.65889639804766,optimal
2021-02-10 04:30:00,5,1,2.0,0.0,7.0,0.055,10.4475,6.0,2,20.2180055802799,55.0,0.05266666666666667,7000.0,0.0,0.0,0.0,44.942237501649615,optimal
2021-02-10 05:00:00,5,1,2.0,0.0,0.0,0.1845,10.8675,6.0,2,20.336094667004037,55.0,0.05266666666666667,7000.0,0.0,0.0,0.0,44.897295264147964,optimal
2021-02-10 05:30:00,5,1,2.0,0.0,6.930295814394126,0.0795,10.542,6.0,2,20.457451334164226,55.0,0.05266666666666667,7000.0,0.0,0.0,0.0,48.144288480721016,optimal
2021-02-10 06:00:00,5,1,2.0,0.0,0.0,0.21030000000000001,11.025,6.0,2,20.57319216453815,55.0,0.05266666666666667,7000.0,0.0,0.0,0.0,48.096144192240295,optimal
2021-02-10 06:30:00,5,1,2.0,0.0,0.0,0.2055,11.025,6.0,2,20.692267181783784,55.0,0.05266666666666667,7000.0,0.0,0.0,0.0,48.048048048048045,optimal
2021-02-10 07:00:00,5,1,2.0,0.0,0.0,1.0709000000000002,14.553,6.0,2,20.81176374573225,55.0,0.050666666666666665,7000.0,0.0,0.0,0.0,48.0,optimal
2021-02-10 07:30:00,5,1,2.0,0.0,0.0,0.09540000000000001,13.0935,6.0,2,20.937812066307245,55.0,0.048666666666666664,7000.0,0.0,0.0,0.0,47.70912748267764,optimal
2021-02-10 08:00:00,5,1,2.0,0.0,0.0,0.188,15.6345,6.0,2,21.052651487762926,55.0,0.048666666666666664,7000.0,0.0,0.0,0.0,47.4185458378726,optimal
2021-02-10 08:30:00,5,1,0.0,0.0,0.0,0.152,18.102,6.0,2,21.163200287938654,55.0,0.048666666666666664,0.0,0.0,0.0,0.0,47.12825477471237,optimal
2021-02-10 09:00:00,5,1,0.0,0.0,0.0,0.1738,17.199,6.0,2,21.008341041670967,55.0,0.048666666666666664,0.0,0.0,0.0,0.0,46.838254002615294,optimal
2021-02-10 09:30:00,5,1,0.0,0.0,0.0,0.125,18.2805,6.0,2,20.856835704059275,55.0,0.048666666666666664,0.0,0.0,0.0,0.0,46.54854323129032,optimal
2021-02-10 10:00:00,5,1,0.0,0.0,0.0,0.1172,17.4615,6.0,2,20.70629434827466,55.0,0.048666666666666664,0.0,0.0,0.0,0.0,46.25912217073667,optimal
2021-02-10 10:30:00,5,1,0.0,0.0,0.0,0.29860000000000003,18.3225,6.0,2,20.558258717559518,55.0,0.048666666666666664,0.0,0.0,0.0,0.0,45.96999053124357,optimal
2021-02-10 11:00:00,5,1,0.0,0.0,0.0,0.08916666666666667,17.094,6.0,2,20.419296457541716,55.0,0.048666666666666664,0.0,0.0,0.0,0.0,45.681148023389966,optimal
2021-02-10 11:30:00,5,1,0.0,0.0,0.0,0.2503,17.094,6.0,2,20.274209658666404,55.0,0.048666666666666664,0.0,0.0,0.0,0.0,45.392594358044214,optimal
2021-02-10 12:00:00,5,1,1.0608919593644845,0.0,0.0,0.094,17.094,6.0,2,20.13721242081399,55.0,0.048666666666666664,3713.121857775696,0.0,0.0,0.0,45.10432924636381,optimal
2021-02-10 12:30:00,5,1,0.0,0.0,0.0,0.2105,17.3565,6.0,2,20.136541321126987,55.0,0.048666666666666664,0.0,0.0,0.0,0.0,44.816352399795086,optimal
2021-02-10 13:00:00,5,1,2.0,0.0,0.0,0.1753,17.115,6.0,2,20.0,55.0,0.048666666666666664,7000.0,0.0,0.0,0.0,44.52866353007293,optimal
2021-02-10 13:30:00,5,1,2.0,0.0,0.0,0.116,17.241,6.0,2,20.127256057621555,55.0,0.048666666666666664,7000.0,0.0,0.0,0.0,44.2412623492205,optimal
2021-02-10 14:00:00,5,1,2.0,0.0,0.0,0.1557666666666667,17.094,6.0,2,20.25281378201231,55.0,0.048666666666666664,7000.0,0.0,0.0,0.0,43.95414856954892,optimal
2021-02-10 14:30:00,5,1,2.0,0.0,0.0,0.6112000000000001,16.5165,6.0,2,20.38261957882974,55.0,0.04666666666666667,7000.0,0.0,0.0,0.0,43.66732190365701,optimal
2021-02-10 15:00:00,5,1,0.0,0.0,0.0,0.6755,17.8185,6.0,2,20.53473370950482,55.0,0.046,0.0,0.0,0.0,0.0,43.380782064430996,optimal
2021-02-10 15:30:00,5,1,2.0,0.0,0.0,0.06283333333333334,17.094,6.0,2,20.428227219887592,55.0,0.04533333333333334,7000.0,0.0,0.0,0.0,43.0945287650442,optimal
2021-02-10 16:00:00,5,1,2.0,0.0,0.0,0.5059666666666666,16.8945,6.0,2,20.56284482162839,55.0,0.04533333333333334,7000.0,0.0,0.0,0.0,43.05143423627916,optimal
2021-02-10 16:30:00,5,1,1.895202195290536,0.0,0.0,1.2755,18.123,6.0,2,20.711269741518908,55.0,0.043333333333333335,6633.207683516876,0.0,0.0,0.0,43.008382802042874,optimal
2021-02-10 17:00:00,5,1,0.0,0.0,0.0,0.28833333333333333,31.647,6.0,2,20.843293040002575,55.0,0.04,0.0,0.0,0.0,0.0,42.96537441924083,optimal
2021-02-10 17:30:00,5,1,0.0,0.0,0.0,0.30689999999999995,34.9965,6.0,2,20.71641984547164,55.0,0.03133333333333333,0.0,0.0,0.0,0.0,42.92240904482159,optimal
2021-02-10 18:00:00,5,1,0.0,0.0,0.0,0.13406666666666667,34.9965,6.0,2,20.59307942362681,55.0,0.011333333333333334,0.0,0.0,0.0,0.0,42.87948663577677,optimal
2021-02-10 18:30:00,5,1,0.0,0.0,0.0,0.29553333333333337,34.9965,6.0,2,20.466500720823813,55.0,0.008,0.0,0.0,0.0,0.0,42.836607149140995,optimal
2021-02-10 19:00:00,5,1,0.0,0.0,0.0,0.24346666666666666,34.9965,6.0,2,20.341756097873144,55.0,0.008,0.0,0.0,0.0,0.0,42.793770541991854,optimal
2021-02-10 19:30:00,5,1,0.0,0.0,0.0,0.33613333333333334,34.9965,6.0,2,20.221670320738514,55.0,0.005333333333333333,0.0,0.0,0.0,0.0,42.750976771449864,optimal
2021-02-10 20:00:00,5,1,0.0,0.0,0.0,0.6532666666666667,27.741,6.0,2,20.107744250727983,55.0,0.004666666666666667,0.0,0.0,0.0,0.0,42.70822579467841,optimal
2021-02-10 20:30:00,5,1,0.0,0.0,0.0,0.3343666666666667,19.026,6.0,2,20.0,55.0,0.002,0.0,0.0,0.0,0.0,42.665517568883736,optimal
2021-02-10 21:00:00,5,1,0.0,0.0,0.0,0.6768666666666667,18.7215,6.0,2,19.878396825278426,55.0,0.002,0.0,0.0,0.0,0.0,42.62285205131485,optimal
2021-02-10 21:30:00,5,1,0.0,0.0,0.0,1.3844666666666667,17.4195,6.0,2,19.75850603091178,55.0,0.002,0.0,0.0,0.0,0.0,42.580229199263535,optimal
2021-02-10 22:00:00,5,1,0.0,0.0,0.0,1.9414,16.758,6.0,2,19.631338957160047,55.0,0.0,0.0,0.0,0.0,0.0,42.53764897006427,optimal
2021-02-10 22:30:00,5,1,0.0,0.0,0.0,0.6018,14.217,6.0,2,19.49703859128195,55.0,0.0,0.0,0.0,0.0,0.0,42.49511132109421,optimal
2021-02-10 23:00:00,5,1,0.0,0.0,0.0,0.219,13.3665,6.0,2,19.36560967751371,55.0,0.0,0.0,0.0,0.0,0.0,42.45261620977311,optimal
2021-02-10 23:30:00,5,1,0.0,0.0,0.0,0.21680000000000002,12.789,6.0,2,19.203107307390503,55.0,0.0,0.0,0.0,0.0,0.0,42.41016359356334,optimal
2021-02-11 00:00:00,5,1,2.0,0.0,0.0,0.2821,11.025,6.0,-4,19.203107307390503,55.0,0.0,6930.333333333333,0.0,69.66666666666666,0.0,42.367753429969774,optimal
2021-02-11 00:30:00,5,1,2.0,0.0,0.0,0.050333333333333334,10.7835,6.0,-4,19.308718872134435,55.0,0.012,5746.0,0.0,1254.0,0.0,42.3253856765398,optimal
2021-02-11 01:00:00,5,1,2.0,0.0,0.0,0.1166,11.025,6.0,-4,19.359687267841704,55.0,0.012,7000.0,0.0,0.0,0.0,42.28306029086326,optimal
2021-02-11 01:30:00,5,1,2.0,0.0,6.024696263016656,0.044,10.584,6.0,-4,19.461137992021964,55.0,0.012,7000.0,0.0,0.0,0.0,45.1025079555053,optimal
2021-02-11 02:00:00,5,1,2.0,0.0,0.0,0.1166,11.025,6.0,-4,19.559090193463593,55.0,0.012,7000.0,0.0,0.0,0.0,45.0574054475498,optimal
2021-02-11 02:30:00,5,1,2.0,0.0,7.0,0.044,10.4265,6.0,-4,19.65905538382424,55.0,0.012,7000.0,0.0,0.0,0.0,48.33734804210225,optimal
2021-02-11 03:00:00,5,1,2.0,0.0,0.0,0.1166,12.789,6.0,-4,19.754788127554335,55.0,0.012,7000.0,0.0,0.0,0.0,48.289010694060146,optimal
2021-02-11 03:30:00,5,1,2.0,0.0,0.0,0.044,12.684,6.0,-4,19.851805403978364,55.0,0.012,7000.0,0.0,0.0,0.0,48.240721683366075,optimal
2021-02-11 04:00:00,5,1,2.0,0.0,0.0,0.044,16.254,6.0,-4,19.947219663912243,55.0,0.012,7000.0,0.0,0.0,0.0,48.192480961682705,optimal
2021-02-11 04:30:00,5,1,2.0,0.0,0.0,0.044,17.64,6.0,-4,20.043785573673638,55.0,0.012,7000.0,0.0,0.0,0.0,48.144288480721016,optimal
2021-02-11 05:00:00,5,1,2.0,0.0,0.0,0.1166,19.1625,6.0,-4,20.139632076112775,55.0,0.012,7000.0,0.0,0.0,0.0,48.096144192240295,optimal
2021-02-11 05:30:00,5,1,0.0,0.0,0.0,0.06783333333333333,26.46,6.0,-4,20.23750725473867,55.0,0.012,0.0,0.0,0.0,0.0,48.048048048048045,optimal
2021-02-11 06:00:00,5,1,0.22980498032642668,0.0,0.0,0.2253,20.79,6.0,-4,20.070084921933006,55.0,0.004666666666666667,804.3174311424934,0.0,0.0,0.0,48.0,optimal
2021-02-11 06:30:00,5,1,0.0,0.0,0.0,1.0503333333333333,29.106,6.0,-4,19.94963770094498,55.0,0.0,0.0,0.0,0.0,0.0,47.667032918657306,optimal
2021-02-11 07:00:00,5,1,2.0,0.0,0.0,0.1145,19.1835,6.0,-4,19.80057162329603,55.0,0.0,7000.0,0.0,0.0,0.0,47.33439880439595,optimal
2021-02-11 07:30:00,5,1,2.0,0.0,0.0,0.054,19.6665,6.0,-4,19.90161876159945,55.0,0.0,7000.0,0.0,0.0,0.0,47.002097324248865,optimal
2021-02-11 08:00:00,5,1,1.258681692249746,0.0,0.0,0.054,19.404,6.0,-4,20.0,55.0,0.0,4405.385922874111,0.0,0.0,0.0,46.67012814558193,optimal
2021-02-11 08:30:00,5,1,1.5014455067887205,0.0,0.0,0.1266,19.047,6.0,-4,20.0,55.0,0.0085425210020463,4362.365829046683,0.0,892.6934447138383,0.0,46.33849093609365,optimal
2021-02-11 09:00:00,5,1,2.0,0.0,0.0,0.054,18.858,6.0,-4,20.0,55.0,0.0085425210020463,7000.0,0.0,0.0,0.0,46.00718536381486,optimal
2021-02-11 09:30:00,5,1,0.4532289355569031,0.0,0.0,0.09029999999999999,19.2675,6.0,-4,20.095785832231456,55.0,0.0085425210020463,1586.3012744491607,0.0,0.0,0.0,45.67621109710836,optimal
2021-02-11 10:00:00,5,1,2.0,0.0,0.0,0.09029999999999999,18.963,6.0,-4,20.0,55.0,0.01,6847.693444713838,0.0,152.3065552861617,0.0,45.345567804668555,optimal
2021-02-11 10:30:00,5,1,2.0,0.0,0.0,0.054,18.438,6.0,-4,20.115987977438113,55.0,0.01,7000.0,0.0,0.0,0.0,45.015255155521196,optimal
2021-02-11 11:00:00,5,1,2.0,0.0,0.0,0.1158,18.7425,6.0,-4,20.231024470452432,55.0,0.01,7000.0,0.0,0.0,0.0,44.685272819022984,optimal
2021-02-11 11:30:00,5,1,2.0,0.0,0.0,0.22533333333333327,15.2145,6.0,-4,20.34633027445809,55.0,0.01,7000.0,0.0,0.0,0.0,44.35562046486127,optimal
2021-02-11 12:00:00,5,1,2.0,0.0,0.0,0.05603333333333333,17.7765,6.0,-4,20.483869821828492,55.0,0.008,7000.0,0.0,0.0,0.0,44.02629776305371,optimal
2021-02-11 12:30:00,5,1,2.0,0.0,0.0,0.1492666666666667,16.758,6.0,-4,20.621608722365586,55.0,0.007333333333333333,7000.0,0.0,0.0,0.0,43.697304383947966,optimal
2021-02-11 13:00:00,5,1,2.0,0.0,0.0,0.052,16.422,6.0,-4,20.767397640027013,55.0,0.004666666666666667,7000.0,0.0,0.0,0.0,43.368639998221326,optimal
2021-02-11 13:30:00,5,1,2.0,0.0,0.0,0.12459999999999999,16.758,6.0,-4,20.905399012462908,55.0,0.002,7000.0,0.0,0.0,0.0,43.04030427688041,optimal
2021-02-11 14:00:00,5,1,0.0,0.0,0.0,0.05333333333333334,29.358,6.0,-4,21.04287171741225,55.0,0.002,0.0,0.0,0.0,0.0,42.71229689126084,optimal
2021-02-11 14:30:00,5,1,0.0,0.0,0.0,0.054,34.9965,6.0,-4,20.907266219585164,55.0,0.002,0.0,0.0,0.0,0.0,42.38461751302689,optimal
2021-02-11 15:00:00,5,1,0.0,0.0,0.0,0.1266,34.65,6.0,-4,20.7672301094937,55.0,0.002,0.0,0.0,0.0,0.0,42.05726581417117,optimal
2021-02-11 15:30:00,5,1,0.0,0.0,0.0,0.054,34.9965,6.0,-4,20.628372508727686,55.0,0.002,0.0,0.0,0.0,0.0,41.7302414670143,optimal
2021-02-11 16:00:00,5,1,0.0,0.0,0.0,0.054,34.9965,6.0,-4,20.47923926425303,55.0,0.002,0.0,0.0,0.0,0.0,41.403544144204595,optimal
2021-02-11 16:30:00,5,1,0.0,0.0,0.0,0.1266,30.4815,6.0,-4,20.322649649346573,55.0,0.002,0.0,0.0,0.0,0.0,41.0771735187177,optimal
2021-02-11 17:00:00,5,1,0.0,0.0,0.0,0.05423333333333333,21.4305,6.0,-4,20.163264418079297,55.0,0.0,0.0,0.0,0.0,0.0,40.75112926385629,optimal
2021-02-11 17:30:00,5,1,1.302426363422848,0.0,0.0,0.16353333333333334,14.3325,6.0,-4,20.0,55.0,0.0,4001.1589386466344,0.0,557.3333333333333,0.0,40.71037813459244,optimal
2021-02-11 18:00:00,5,1,2.0,0.0,0.0,0.12346666666666668,13.692,6.0,-4,20.0,55.0,0.002,6582.0,0.0,418.0,0.0,40.66966775645785,optimal
2021-02-11 18:30:00,5,1,0.44984987001922216,0.0,0.0,0.0883,14.007,6.0,-4,20.09867011144818,55.0,0.0,1574.4745450672776,0.0,0.0,0.0,40.62899808870139,optimal
2021-02-11 19:00:00,5,1,1.1283726570108563,0.0,0.0,0.4319666666666666,12.873,6.0,-4,20.0,55.0,0.0,3949.304299537997,0.0,0.0,0.0,40.58836909061269,optimal
2021-02-11 19:30:00,5,1,1.2992182283213738,0.0,0.0,0.2766,12.684,6.0,-4,20.0,55.0,0.0,4198.930465791475,0.0,348.3333333333333,0.0,40.547780721522074,optimal
2021-02-11 20:00:00,5,1,1.192349513917632,0.0,0.0,0.4550666666666667,12.306,6.0,-4,20.0,55.0,0.0,4173.223298711712,0.0,0.0,0.0,40.50723294080055,optimal
2021-02-11 20:30:00,5,1,0.0199047619047619,0.0,0.0,0.25703333333333334,10.6365,6.0,-4,20.0,55.0,0.0006666666666666665,0.0,0.0,69.66666666666666,0.0,40.46672570785975,optimal
2021-02-11 21:00:00,5,1,0.0,0.0,0.0,0.42560000000000003,11.2455,6.0,-4,19.836748609229495,55.0,0.0006666666666666665,0.0,0.0,0.0,0.0,40.42625898215189,optimal
2021-02-11 21:30:00,5,1,0.0,0.0,0.0,0.17796666666666666,11.2455,6.0,-4,19.68255071396442,55.0,0.0006666666666666665,0.0,0.0,0.0,0.0,40.38583272316974,optimal
2021-02-11 22:00:00,5,1,0.0,0.0,0.0,0.2253,11.025,6.0,-4,19.51929959466393,55.0,0.0,0.0,0.0,0.0,0.0,40.345446890446574,optimal
2021-02-11 22:30:00,5,1,0.0,0.0,0.0,0.12256666666666666,12.0855,6.0,-4,19.357036238810284,55.0,0.0,0.0,0.0,0.0,0.0,40.305101443556126,optimal
2021-02-11 23:00:00,5,1,0.0,0.0,0.0,0.0782,11.6865,6.0,-4,19.175279593316912,55.0,0.0,0.0,0.0,0.0,0.0,40.26479634211257,optimal
2021-02-11 23:30:00,5,1,0.0,0.0,0.0,0.10073333333333331,11.2245,6.0,-4,18.988730963432715,55.0,0.0,0.0,0.0,0.0,0.0,40.22453154577045,optimal
2021-02-12 00:00:00,5,1,2.0,0.0,0.0,0.09253333333333331,11.7285,6.0,4,18.988730963432715,55.0,0.0,7000.0,0.0,0.0,0.0,40.184307014224686,optimal
2021-02-12 00:30:00,5,1,2.0,0.0,0.0,0.15643333333333334,11.025,6.0,4,19.066706380963097,55.0,0.012666666666666666,5676.333333333333,0.0,1323.6666666666667,0.0,40.144122707210464,optimal
2021-02-12 01:00:00,5,1,2.0,0.0,0.0,0.1265,10.689,6.0,4,19.09650870880546,55.0,0.012666666666666666,7000.0,0.0,0.0,0.0,40.10397858450325,optimal
2021-02-12 01:30:00,5,1,2.0,0.0,7.0,0.05006666666666667,8.1585,6.0,4,19.174964403853217,55.0,0.012666666666666666,7000.0,0.0,0.0,0.0,43.38887460591875,optimal
2021-02-12 02:00:00,5,1,2.0,0.0,0.0,0.2814,10.3635,6.0,4,19.250693060199826,55.0,0.012666666666666666,7000.0,0.0,0.0,0.0,43.345485731312834,optimal
2021-02-12 02:30:00,5,1,2.0,0.0,0.0,0.044,10.8045,6.0,4,19.335341977781294,55.0,0.012666666666666666,7000.0,0.0,0.0,0.0,43.30214024558152,optimal
2021-02-12 03:00:00,5,1,2.0,0.0,0.0,0.194,11.025,6.0,4,19.41262660962483,55.0,0.012666666666666666,7000.0,0.0,0.0,0.0,43.25883810533594,optimal
2021-02-12 03:30:00,5,1,2.0,0.0,0.0,0.14746666666666666,10.3635,6.0,4,19.497086121715753,55.0,0.012666666666666666,7000.0,0.0,0.0,0.0,43.2155792672306,optimal
2021-02-12 04:00:00,5,1,2.0,0.0,0.0,0.044,10.8045,6.0,4,19.584297835148472,55.0,0.012666666666666666,7000.0,0.0,0.0,0.0,43.17236368796337,optimal
2021-02-12 04:30:00,5,1,2.0,0.0,0.0,0.17746666666666666,10.059,6.0,4,19.6723926150423,55.0,0.012666666666666666,7000.0,0.0,0.0,0.0,43.1291913242754,optimal
2021-02-12 05:00:00,5,1,2.0,0.0,0.0,0.1045,10.584,6.0,4,19.770088213117482,55.0,0.012666666666666666,7000.0,0.0,0.0,0.0,43.08606213295113,optimal
2021-02-12 05:30:00,5,1,2.0,0.0,7.0,0.1663,9.4185,6.0,4,19.869514348558297,55.0,0.012666666666666666,7000.0,0.0,0.0,0.0,46.36797607081818,optimal
2021-02-12 06:00:00,5,1,2.0,0.0,0.0,0.14866666666666667,10.3635,6.0,4,19.97649441159499,55.0,0.012666666666666666,7000.0,0.0,0.0,0.0,46.32160809474736,optimal
2021-02-12 06:30:00,5,1,2.0,0.0,3.934741040144026,0.11,9.8385,6.0,4,20.087971248615116,55.0,0.012666666666666666,7000.0,0.0,0.0,0.0,48.144288480721016,optimal
2021-02-12 07:00:00,5,1,2.0,0.0,0.0,0.20346666666666666,11.067,6.0,4,20.19790181296337,55.0,0.011333333333333334,7000.0,0.0,0.0,0.0,48.096144192240295,optimal
2021-02-12 07:30:00,5,1,2.0,0.0,0.0,2.996033333333333,10.8465,6.0,4,20.316201401590078,55.0,0.006,7000.0,0.0,0.0,0.0,48.048048048048045,optimal
2021-02-12 08:00:00,5,1,1.8513437916075934,0.0,0.0,1.3538,13.671,6.0,4,20.46715748744716,55.0,0.0,6479.703270626577,0.0,0.0,0.0,48.0,optimal
2021-02-12 08:30:00,5,1,2.0,0.0,0.0,0.044,12.348,6.0,4,20.557694010493705,55.0,0.0,7000.0,0.0,0.0,0.0,47.83502743974353,optimal
2021-02-12 09:00:00,5,1,0.0,0.0,0.0,0.132,14.3325,6.0,4,20.641130169252218,55.0,0.0,0.0,0.0,0.0,0.0,47.67021985204731,optimal
2021-02-12 09:30:00,5,1,0.0,0.0,0.0,0.1852666666666667,15.393,6.0,4,20.461329299372295,55.0,0.0,0.0,0.0,0.0,0.0,47.505577071938795,optimal
2021-02-12 10:00:00,5,1,2.0,0.0,0.0,0.0722,13.587,6.0,4,20.30111895551737,55.0,0.0,7000.0,0.0,0.0,0.0,47.341098934610386,optimal
2021-02-12 10:30:00,5,1,0.0,0.0,0.0,0.123,16.1385,6.0,4,20.41844377314871,55.0,0.0,0.0,0.0,0.0,0.0,47.176785275419306,optimal
2021-02-12 11:00:00,5,1,0.0,0.0,0.0,0.17406666666666668,14.595,6.0,4,20.275645903743175,55.0,0.0,0.0,0.0,0.0,0.0,47.012635929887416,optimal
2021-02-12 11:30:00,5,1,0.0,0.0,0.0,0.0804,14.637,6.0,4,20.138896615427758,55.0,0.0,0.0,0.0,0.0,0.0,46.84865073370106,optimal
2021-02-12 12:00:00,5,1,1.0266422701860456,0.0,0.0,0.1265,13.9125,6.0,4,20.0,55.0,0.0,3593.2479456511596,0.0,0.0,0.0,46.684829522710885,optimal
2021-02-12 12:30:00,5,1,1.1046314379581748,0.0,0.0,0.10183333333333332,13.3665,6.0,4,20.0,55.0,0.0,3866.2100328536117,0.0,0.0,0.0,46.5211721329317,optimal
2021-02-12 13:00:00,5,1,2.0,0.0,0.0,0.14713333333333334,13.0095,6.0,4,20.009752740758895,55.0,0.0,7000.0,0.0,0.0,0.0,46.3576784005423,optimal
2021-02-12 13:30:00,5,1,0.0,0.0,0.0,0.044,13.8915,6.0,4,20.139906784318015,55.0,0.0,0.0,0.0,0.0,0.0,46.19434816188529,optimal
2021-02-12 14:00:00,5,1,1.010181307664287,0.0,0.0,0.20383333333333328,13.188,6.0,4,20.0,55.0,0.0,3535.6345768250044,0.0,0.0,0.0,46.03118125346693,optimal
2021-02-12 14:30:00,5,1,1.0375870040781037,0.0,0.0,0.12763333333333335,12.5685,6.0,4,20.0,55.0,0.0,3631.554514273363,0.0,0.0,0.0,45.86817751195699,optimal
2021-02-12 15:00:00,5,1,1.0592593783257103,0.0,0.0,0.0715,12.285,6.0,4,20.0,55.0,0.0,3707.407824139986,0.0,0.0,0.0,45.70533677418857,optimal
2021-02-12 15:30:00,5,1,2.0,0.0,0.0,0.7272000000000001,11.487,6.0,4,20.0,55.0,0.014,5537.0,0.0,1463.0,0.0,45.542658877157905,optimal
2021-02-12 16:00:00,5,1,1.736250036216354,0.0,0.0,0.144,11.802,6.0,4,20.088808430719876,55.0,0.012,6076.875126757239,0.0,0.0,0.0,45.497116218280745,optimal
2021-02-12 16:30:00,5,1,2.0,0.0,0.0,2.1308000000000002,11.2245,6.0,4,20.196513656325013,55.0,0.008666666666666666,7000.0,0.0,0.0,0.0,45.451619102062466,optimal
2021-02-12 17:00:00,5,1,2.0,0.0,0.0,1.8396666666666668,11.025,6.0,4,20.355234769302804,55.0,0.008,7000.0,0.0,0.0,0.0,45.406167482960406,optimal
2021-02-12 17:30:00,5,1,2.0,0.0,0.0,0.15,11.907,6.0,4,20.499975560505415,55.0,0.004666666666666667,7000.0,0.0,0.0,0.0,45.36076131547745,optimal
2021-02-12 18:00:00,5,1,0.0,0.0,0.0,0.2732,25.83,6.0,4,20.636353584869468,55.0,0.004666666666666667,0.0,0.0,0.0,0.0,45.31540055416197,optimal
2021-02-12 18:30:00,5,1,0.0,0.0,0.0,0.3275666666666667,28.035,6.0,4,20.511667341483115,55.0,0.002666666666666666,0.0,0.0,0.0,0.0,45.27008515360781,optimal
2021-02-12 19:00:00,5,1,0.0,0.0,0.0,0.23086666666666666,28.119,6.0,4,20.387956090403186,55.0,0.002666666666666666,0.0,0.0,0.0,0.0,45.2248150684542,optimal
2021-02-12 19:30:00,5,1,0.0,0.0,0.0,0.5957,30.156,6.0,4,20.24928386474623,55.0,0.002666666666666666,0.0,0.0,0.0,0.0,45.17959025338575,optimal
2021-02-12 20:00:00,5,1,0.0,0.0,0.0,1.6555333333333333,29.1585,6.0,4,20.128176134388546,55.0,0.002666666666666666,0.0,0.0,0.0,0.0,45.134410663132364,optimal
2021-02-12 20:30:00,5,1,0.0,0.0,0.0,1.5421666666666667,26.712,6.0,4,20.0,55.0,0.002666666666666666,0.0,0.0,0.0,0.0,45.08927625246923,optimal
2021-02-12 21:00:00,5,1,0.0,0.0,0.0,1.2445333333333333,15.435,6.0,4,19.87357048264519,55.0,0.002666666666666666,0.0,0.0,0.0,0.0,45.044186976216764,optimal
2021-02-12 21:30:00,5,1,0.0,0.0,0.0,1.1448333333333331,13.566,6.0,4,19.754122516903266,55.0,0.0,0.0,0.0,0.0,0.0,44.999142789240544,optimal
2021-02-12 22:00:00,5,1,0.0,0.0,0.0,2.1187666666666667,12.789,6.0,4,19.62842276618518,55.0,0.0,0.0,0.0,0.0,0.0,44.95414364645131,optimal
2021-02-12 22:30:00,5,1,0.0,0.0,0.0,1.8407666666666669,12.1275,6.0,4,19.513361128119513,55.0,0.0,0.0,0.0,0.0,0.0,44.90918950280486,optimal
2021-02-12 23:00:00,5,1,0.0,0.0,0.0,0.17083333333333334,13.671,6.0,4,19.395485997352676,55.0,0.0,0.0,0.0,0.0,0.0,44.864280313302054,optimal
2021-02-12 23:30:00,5,1,0.0,0.0,0.0,0.16063333333333332,10.668,6.0,4,19.258108621957394,55.0,0.0,0.0,0.0,0.0,0.0,44.81941603298875,optimal
2021-02-13 00:00:00,5,1,2.0,0.0,0.0,0.062,8.1585,6.0,-3,19.258108621957394,55.0,0.0,7000.0,0.0,0.0,0.0,44.77459661695576,optimal
2021-02-13 00:30:00,5,1,2.0,0.0,0.0,0.13566666666666666,9.4815,6.0,-3,19.382021320355545,55.0,0.06698564593301436,0.0,0.0,7000.0,0.0,44.72982202033881,optimal
2021-02-13 01:00:00,5,1,2.0,0.0,0.0,0.075,8.379,6.0,-3,19.24371642551956,55.0,0.132,206.0,0.0,6794.0,0.0,44.68509219831847,optimal
2021-02-13 01:30:00,5,1,2.0,0.0,0.0,0.062,9.5235,6.0,-3,19.112304870295283,55.0,0.132,7000.0,0.0,0.0,0.0,44.64040710612015,optimal
2021-02-13 02:00:00,5,1,2.0,0.0,0.0,0.26553333333333334,8.1375,6.0,-3,19.23842127997647,55.0,0.132,7000.0,0.0,0.0,0.0,44.59576669901403,optimal
2021-02-13 02:30:00,5,1,2.0,0.0,0.0,0.07933333333333333,10.0905,6.0,-3,19.37165982700796,55.0,0.132,7000.0,0.0,0.0,0.0,44.55117093231502,optimal
2021-02-13 03:00:00,5,1,2.0,0.0,7.0,0.22556666666666664,7.539,6.0,-3,19.49687138963575,55.0,0.132,7000.0,0.0,0.0,0.0,47.831619761382704,optimal
2021-02-13 03:30:00,5,1,2.0,0.0,1.5734602833079012,0.1193,7.938,6.0,-3,19.626674623241414,55.0,0.132,7000.0,0.0,0.0,0.0,48.53118177619257,optimal
2021-02-13 04:00:00,5,1,2.0,0.0,0.0,0.1169,8.274,6.0,-3,19.751123736542755,55.0,0.132,7000.0,0.0,0.0,0.0,48.48265059441637,optimal
2021-02-13 04:30:00,5,1,2.0,0.0,0.0,0.1413,9.261,6.0,-3,19.874182551115048,55.0,0.132,7000.0,0.0,0.0,0.0,48.434167943821954,optimal
2021-02-13 05:00:00,5,1,2.0,0.0,0.0,0.10276666666666669,9.9225,6.0,-3,19.996501394670876,55.0,0.132,7000.0,0.0,0.0,0.0,48.38573377587813,optimal
2021-02-13 05:30:00,5,1,2.0,0.0,0.0,0.2444333333333333,9.702,6.0,-3,20.11570824875596,55.0,0.132,7000.0,0.0,0.0,0.0,48.33734804210225,optimal
2021-02-13 06:00:00,5,1,2.0,0.0,0.0,0.09906666666666666,10.584,6.0,-3,20.2385458452566,55.0,0.128,7000.0,0.0,0.0,0.0,48.289010694060146,optimal
2021-02-13 06:30:00,5,1,2.0,0.0,0.0,0.9769666666666668,10.143,6.0,-3,20.366988140252857,55.0,0.09828,7000.0,0.0,0.0,0.0,48.240721683366075,optimal
2021-02-13 07:00:00,5,1,0.0,0.0,0.0,0.8972666666666667,13.0095,6.0,-3,20.514654611731217,55.0,0.050666666666666665,0.0,0.0,0.0,0.0,48.192480961682705,optimal
2021-02-13 07:30:00,5,1,2.0,0.0,0.0,0.22776666666666667,11.025,6.0,-3,20.400012915861183,55.0,0.050666666666666665,7000.0,0.0,0.0,0.0,48.144288480721016,optimal
2021-02-13 08:00:00,5,1,0.0,0.0,0.0,0.3846333333333333,12.789,6.0,-3,20.541788988282956,55.0,0.044493333333333336,0.0,0.0,0.0,0.0,48.096144192240295,optimal
2021-02-13 08:30:00,5,1,2.0,0.0,0.0,0.2347,12.1275,6.0,-3,20.42587928691709,55.0,0.01333333333333333,7000.0,0.0,0.0,0.0,48.048048048048045,optimal
2021-02-13 09:00:00,5,1,2.0,0.0,0.0,0.64,12.1695,6.0,-3,20.572647136045404,55.0,0.012666666666666665,7000.0,0.0,0.0,0.0,48.0,optimal
2021-02-13 09:30:00,5,1,2.0,0.0,0.0,1.4305999999999999,12.306,6.0,-3,20.7169426610837,55.0,0.009999999999999998,7000.0,0.0,0.0,0.0,47.84919084769856,optimal
2021-02-13 10:00:00,5,1,0.0,0.0,0.0,0.49623333333333336,13.23,6.0,-3,20.8649540176147,55.0,0.009999999999999998,0.0,0.0,0.0,0.0,47.69853250454942,optimal
2021-02-13 10:30:00,5,1,0.0,0.0,0.0,0.308,13.671,6.0,-3,20.73619677610529,55.0,0.009999999999999998,0.0,0.0,0.0,0.0,47.54802481974343,optimal
2021-02-13 11:00:00,5,1,0.0,0.0,0.0,0.2404,13.9335,6.0,-3,20.590171360082937,55.0,0.009999999999999998,0.0,0.0,0.0,0.0,47.39766764262225,optimal
2021-02-13 11:30:00,5,1,0.9754965298530281,0.0,0.0,0.37156666666666666,13.293,6.0,-3,20.437969508366695,55.0,0.009999999999999998,3414.2378544855987,0.0,0.0,0.0,47.24746082267819,optimal
2021-02-13 12:00:00,5,1,2.0,0.0,0.0,0.36519999999999997,12.1065,6.0,-3,20.42715766990327,55.0,0.009999999999999998,7000.0,0.0,0.0,0.0,47.09740420955408,optimal
2021-02-13 12:30:00,5,1,2.0,0.0,0.0,0.072,11.571,6.0,-3,20.55122240334802,55.0,0.009999999999999998,7000.0,0.0,0.0,0.0,46.94749765304309,optimal
2021-02-13 13:00:00,5,1,2.0,0.0,0.0,0.1757,11.025,6.0,-3,20.66213469667143,55.0,0.009999999999999998,7000.0,0.0,0.0,0.0,46.7977410030886,optimal
2021-02-13 13:30:00,5,1,2.0,0.0,0.0,0.18916666666666662,10.8465,6.0,-3,20.776883332584323,55.0,0.009999999999999998,7000.0,0.0,0.0,0.0,46.648134109784074,optimal
2021-02-13 14:00:00,5,1,2.0,0.0,0.0,0.072,11.2455,6.0,-3,20.89203084386286,55.0,0.009999999999999998,7000.0,0.0,0.0,0.0,46.49867682337285,optimal
2021-02-13 14:30:00,5,1,0.0,0.0,0.0,0.2842,23.8665,6.0,-3,21.002639115673823,55.0,0.009999999999999998,0.0,0.0,0.0,0.0,46.34936899424803,optimal
2021-02-13 15:00:00,5,1,0.0,0.0,0.0,0.08066666666666668,27.4575,6.0,-3,20.856734997384798,55.0,0.009999999999999998,0.0,0.0,0.0,0.0,46.20021047295234,optimal
2021-02-13 15:30:00,5,1,0.0,0.0,0.0,0.11533333333333332,27.3735,6.0,-3,20.704973642293623,55.0,0.009999999999999998,0.0,0.0,0.0,0.0,46.05120111017795,optimal
2021-02-13 16:00:00,5,1,0.0,0.0,0.0,0.24953333333333333,30.4605,6.0,-3,20.554907561632895,55.0,0.009999999999999998,0.0,0.0,0.0,0.0,45.90234075676633,optimal
2021-02-13 16:30:00,5,1,0.0,0.0,0.0,0.08933333333333333,30.0195,6.0,-3,20.410284349620028,55.0,0.009999999999999998,0.0,0.0,0.0,0.0,45.75362926370812,optimal
2021-02-13 17:00:00,5,1,0.0,0.0,0.0,0.2337,26.9325,6.0,-3,20.260686441009963,55.0,0.007999999999999998,0.0,0.0,0.0,0.0,45.60506648214297,optimal
2021-02-13 17:30:00,5,1,0.0,0.0,0.0,0.36056666666666665,14.595,6.0,-3,20.123109693150983,55.0,0.002666666666666666,0.0,0.0,0.0,0.0,45.45665226335939,optimal
2021-02-13 18:00:00,5,1,1.0143411517814538,0.0,0.0,0.184,12.4845,6.0,-3,20.0,55.0,0.0,3550.1940312350885,0.0,0.0,0.0,45.30838645879459,optimal
2021-02-13 18:30:00,5,1,1.264757702474567,0.0,0.0,0.13266666666666665,12.1275,6.0,-3,20.0,55.0,0.0,4426.651958660985,0.0,0.0,0.0,45.160268920034355,optimal
2021-02-13 19:00:00,5,1,2.0,0.0,0.0,0.2322,12.1275,6.0,-3,20.0204658320996,55.0,0.0,7000.0,0.0,0.0,0.0,45.01229949881288,optimal
2021-02-13 19:30:00,5,1,0.0,0.0,0.0,0.2099333333333333,12.789,6.0,-3,20.141384329123568,55.0,0.0,0.0,0.0,0.0,0.0,44.967287199314065,optimal
2021-02-13 20:00:00,5,1,1.034567764832427,0.0,0.0,0.17456666666666668,11.907,6.0,-3,20.0,55.0,0.0,3620.9871769134947,0.0,0.0,0.0,44.92231991211475,optimal
2021-02-13 20:30:00,5,1,0.0,0.0,0.0,0.2332,11.025,6.0,-3,20.0,55.0,0.0,0.0,0.0,0.0,0.0,44.877397592202634,optimal
2021-02-13 21:00:00,5,1,0.4777142857142857,0.0,0.0,0.49760000000000004,8.2005,6.0,-3,19.874278449452586,55.0,0.016,0.0,0.0,1672.0,0.0,44.83252019461043,optimal
2021-02-13 21:30:00,5,1,0.0,0.0,0.0,0.5854,9.5655,6.0,-3,19.75732249156257,55.0,0.0,0.0,0.0,0.0,0.0,44.78768767441582,optimal
2021-02-13 22:00:00,5,1,0.0,0.0,0.0,0.12716666666666668,7.056,6.0,-3,19.645837008985456,55.0,0.0,0.0,0.0,0.0,0.0,44.742899986741406,optimal
2021-02-13 22:30:00,5,1,0.0,0.0,0.0,0.2806666666666667,9.3975,6.0,-3,19.50617469294789,55.0,0.0,0.0,0.0,0.0,0.0,44.69815708675466,optimal
2021-02-13 23:00:00,5,1,0.0,0.0,0.0,0.0842,10.059,6.0,-3,19.36961656459818,55.0,0.0,0.0,0.0,0.0,0.0,44.653458929667906,optimal
2021-02-13 23:30:00,5,1,0.0,0.0,0.0,0.1045,9.261,6.0,-3,19.227026048288455,55.0,0.0,0.0,0.0,0.0,0.0,44.60880547073824,optimal
2021-02-07 00:00:00,6,1,0.0,0.0,0.0,0.063,7.938,6.0,2,21.0,55.0,0.12,0.0,0.0,0.0,0.0,47.952,optimal
2021-02-07 00:30:00,6,1,2.0,0.0,0.0,0.18566666666666662,5.292,6.0,2,20.871153608593502,55.0,0.12,7000.0,0.0,0.0,0.0,47.904047999999996,optimal
2021-02-07 01:00:00,6,1,0.0,0.0,0.0,0.07526666666666666,9.261,6.0,2,21.0116062625524,55.0,0.12,0.0,0.0,0.0,0.0,47.856143952,optimal
2021-02-07 01:30:00,6,1,0.0,0.0,0.0,0.12433333333333331,10.3635,6.0,2,20.88164684065907,55.0,0.12,0.0,0.0,0.0,0.0,47.80828780804799,optimal
2021-02-07 02:00:00,6,1,0.0,0.0,0.0,0.1366,8.274,6.0,2,20.754136777621575,55.0,0.12,0.0,0.0,0.0,0.0,47.76047952023995,optimal
2021-02-07 02:30:00,6,1,0.0,0.0,0.0,0.063,7.7175,6.0,2,20.627667574658915,55.0,0.12,0.0,0.0,0.0,0.0,47.712719040719705,optimal
2021-02-07 03:00:00,6,1,0.5107793534138102,0.0,0.0,0.131,6.615,6.0,2,20.49861506231545,55.0,0.12,1787.7277369483356,0.0,0.0,0.0,47.66500632167899,optimal
2021-02-07 03:30:00,6,1,2.0,0.0,0.0,0.1466,6.174,6.0,2,20.439633866740397,55.0,0.12,7000.0,0.0,0.0,0.0,47.61734131535731,optimal
2021-02-07 04:00:00,6,1,2.0,0.0,0.0,0.06633333333333333,3.906,6.0,2,20.578095176070995,55.0,0.12,7000.0,0.0,0.0,0.0,47.56972397404195,optimal
2021-02-07 04:30:00,6,1,2.0,0.0,0.0,0.11206666666666666,2.3415,6.0,2,20.712371963080294,55.0,0.12,7000.0,0.0,0.0,0.0,47.522154250067906,optimal
2021-02-07 05:00:00,6,1,2.0,0.0,1.1060376930150764,1.7406,2.205,6.0,2,20.847502068502596,55.0,0.11666666666666667,7000.0,0.0,0.0,0.0,48.0,optimal
2021-02-07 05:30:00,6,1,2.0,0.0,0.0,0.2582,0.882,6.0,2,21.01510987034591,55.0,0.11666666666666667,7000.0,0.0,0.0,0.0,47.55813114417596,optimal
2021-02-07 06:00:00,6,1,2.0,0.0,0.0,0.0834,1.5435,6.0,2,21.161673039886097,55.0,0.102,7000.0,0.0,0.0,0.0,47.11670415720774,optimal
2021-02-07 06:30:00,6,1,2.0,0.0,0.0,1.7522,1.5435,6.0,2,21.298404885113232,55.0,0.10133333333333333,7000.0,0.0,0.0,0.0,46.6757185972265,optimal
2021-02-07 07:00:00,6,1,2.0,0.0,0.0,0.3815,5.0715,6.0,2,21.459495466430443,55.0,0.098,7000.0,0.0,0.0,0.0,46.23517402280523,optimal
2021-02-07 07:30:00,6,1,2.0,0.0,0.0,0.2651,5.376,6.0,2,21.605224013008343,55.0,0.06533333333333333,7000.0,0.0,0.0,0.0,45.79506999295839,optimal
2021-02-07 08:00:00,6,1,2.0,0.0,0.0,0.3111333333333333,5.0715,6.0,2,21.740888947995177,55.0,0.06266666666666666,7000.0,0.0,0.0,0.0,45.355406067141395,optimal
2021-02-07 08:30:00,6,1,2.0,0.0,0.0,0.11526666666666668,5.5125,6.0,2,21.878752862073007,55.0,0.06266666666666666,7000.0,0.0,0.0,0.0,44.91618180525022,optimal
2021-02-07 09:00:00,6,1,1.1144820416702805,0.0,0.0,0.165,9.261,6.0,2,22.0,55.0,0.06266666666666666,3900.687145845982,0.0,0.0,0.0,44.47739676762093,optimal
2021-02-07 09:30:00,6,1,0.0,0.0,0.0,0.073,11.7075,6.0,2,22.0,55.0,0.06266666666666666,0.0,0.0,0.0,0.0,44.039050515029274,optimal
2021-02-07 10:00:00,6,1,0.0,0.0,0.0,0.073,12.348,6.0,2,21.849534495261533,55.0,0.06266666666666666,0.0,0.0,0.0,0.0,43.6011426086902,optimal
2021-02-07 10:30:00,6,1,0.0,0.0,0.0,0.07806666666666666,12.348,6.0,2,21.70056244190002,55.0,0.062,0.0,0.0,0.0,0.0,43.16367261025747,optimal
2021-02-07 11:00:00,6,1,0.0,0.0,0.0,0.2079333333333333,12.1275,6.0,2,21.555848936928992,55.0,0.062,0.0,0.0,0.0,0.0,42.72664008182318,optimal
2021-02-07 11:30:00,6,1,0.0,0.0,0.0,0.073,12.5265,6.0,2,21.412672422482718,55.0,0.062,0.0,0.0,0.0,0.0,42.290044585917315,optimal
2021-02-07 12:00:00,6,1,1.3746932378587573,0.0,0.0,0.18953333333333333,11.7495,6.0,2,21.265464972141082,55.0,0.062,4811.426332505651,0.0,0.0,0.0,41.85388568550736,optimal
2021-02-07 12:30:00,6,1,0.0,0.0,0.0,0.1014,13.23,6.0,2,21.305525461473184,55.0,0.062,0.0,0.0,0.0,0.0,41.418162943997814,optimal
2021-02-07 13:00:00,6,1,0.0,0.0,0.0,0.1827333333333333,14.3325,6.0,2,21.162040308769427,55.0,0.056666666666666664,0.0,0.0,0.0,0.0,40.98287592522978,optimal
2021-02-07 13:30:00,6,1,0.0,0.0,0.0,0.15969999999999998,14.994,6.0,2,21.02942134810492,55.0,0.05533333333333333,0.0,0.0,0.0,0.0,40.54802419348051,optimal
2021-02-07 14:00:00,6,1,0.0,0.0,0.0,0.09666666666666669,14.8155,6.0,2,20.89691744879733,55.0,0.05533333333333333,0.0,0.0,0.0,0.0,40.113607313462985,optimal
2021-02-07 14:30:00,6,1,0.0,0.0,0.0,1.5572000000000001,14.112,6.0,2,20.768602802273175,55.0,0.05533333333333333,0.0,0.0,0.0,0.0,39.67962485032548,optimal
2021-02-07 15:00:00,6,1,0.0,0.0,0.0,0.4592,14.007,6.0,2,20.695483783683592,55.0,0.05230666666666667,0.0,0.0,0.0,0.0,39.24607636965112,optimal
2021-02-07 15:30:00,6,1,0.0,0.0,0.0,0.3385,13.23,6.0,2,20.58407413537967,55.0,0.05,0.0,0.0,0.0,0.0,38.81296143745743,optimal
2021-02-07 16:00:00,6,1,2.0,0.0,0.0,0.22340000000000002,11.382,6.0,2,20.46855380141913,55.0,0.05,7000.0,0.0,0.0,0.0,38.380279620195935,optimal
2021-02-07 16:30:00,6,1,2.0,0.0,0.0,1.7458666666666665,11.7495,6.0,2,20.609008468105664,55.0,0.05,7000.0,0.0,0.0,0.0,37.9480304847517,optimal
2021-02-07 17:00:00,6,1,0.0,0.0,0.0,0.6106,24.3285,6.0,2,20.766204671512195,55.0,0.048666666666666664,0.0,0.0,0.0,0.0,37.51621359844291,optimal
2021-02-07 17:30:00,6,1,0.0,0.0,0.0,0.6992333333333334,28.917,6.0,2,20.660968312863943,55.0,0.048666666666666664,0.0,0.0,0.0,0.0,37.08482852902043,optimal
2021-02-07 18:00:00,6,1,0.0,0.0,0.0,0.6134666666666667,31.3635,6.0,2,20.557265731870665,55.0,0.043333333333333335,0.0,0.0,0.0,0.0,36.65387484466737,optimal
2021-02-07 18:30:00,6,1,0.0,0.0,0.0,0.3507,33.306,6.0,2,20.453539350550546,55.0,0.04,0.0,0.0,0.0,0.0,36.223352113998665,optimal
2021-02-07 19:00:00,6,1,0.0,0.0,0.0,0.34833333333333333,31.3425,6.0,2,20.340347980345065,55.0,0.036,0.0,0.0,0.0,0.0,35.79325990606063,optimal
2021-02-07 19:30:00,6,1,0.0,0.0,0.0,0.4666,28.2555,6.0,2,20.22619506637113,55.0,0.035333333333333335,0.0,0.0,0.0,0.0,35.36359779033053,optimal
2021-02-07 20:00:00,6,1,0.0,0.0,0.0,0.3241,15.6975,6.0,2,20.115899755276104,55.0,0.035333333333333335,0.0,0.0,0.0,0.0,34.93436533671616,optimal
2021-02-07 20:30:00,6,1,0.0,0.0,0.0,1.7525,12.5475,6.0,2,20.0,55.0,0.03333333333333333,0.0,0.0,0.0,0.0,34.505562115555406,optimal
2021-02-07 21:00:00,6,1,0.0,0.0,0.0,0.2942666666666667,12.0855,6.0,2,19.903113017282656,55.0,0.03333333333333333,0.0,0.0,0.0,0.0,34.07718769761581,optimal
2021-02-07 21:30:00,6,1,0.0,0.0,0.0,0.2412333333333333,11.907,6.0,2,19.79064940669084,55.0,0.03133333333333333,0.0,0.0,0.0,0.0,33.649241654094155,optimal
2021-02-07 22:00:00,6,1,0.0,0.0,0.0,0.4345,12.5685,6.0,2,19.67689922508886,55.0,0.03133333333333333,0.0,0.0,0.0,0.0,33.22172355661602,optimal
2021-02-07 22:30:00,6,1,0.0,0.0,0.0,0.3625333333333334,13.146,6.0,2,19.57001711643456,55.0,0.03,0.0,0.0,0.0,0.0,32.794632977235366,optimal
2021-02-07 23:00:00,6,1,0.0,0.0,0.0,0.21386666666666668,10.584,6.0,2,19.45915102179941,55.0,0.027333333333333334,0.0,0.0,0.0,0.0,32.76183834425813,optimal
2021-02-07 23:30:00,6,1,0.0,0.0,0.0,0.10946666666666668,6.678,6.0,2,19.352158340673906,55.0,0.027333333333333334,0.0,0.0,0.0,0.0,32.72907650591387,optimal
2021-02-08 00:00:00,6,1,2.0,0.0,0.0,0.18666666666666662,8.6835,6.0,-2,19.352158340673906,55.0,0.027333333333333334,7000.0,0.0,0.0,0.0,32.69634742940796,optimal
2021-02-08 00:30:00,6,1,2.0,0.0,0.0,0.1268,7.665,6.0,-2,19.493259493677048,55.0,0.027333333333333334,7000.0,0.0,0.0,0.0,32.66365108197855,optimal
2021-02-08 01:00:00,6,1,2.0,0.0,5.704044783585148,0.28196666666666664,6.7725,6.0,-2,19.631312228883626,55.0,0.027333333333333334,7000.0,0.0,0.0,0.0,35.34040870309952,optimal
2021-02-08 01:30:00,6,1,2.0,0.0,7.0,0.08816666666666667,5.5755,6.0,-2,19.774236236592305,55.0,0.027333333333333334,7000.0,0.0,0.0,0.0,38.630068294396416,optimal
2021-02-08 02:00:00,6,1,2.0,0.0,7.0,0.19096666666666667,5.0925,6.0,-2,19.90840149148409,55.0,0.027333333333333334,7000.0,0.0,0.0,0.0,41.916438226102024,optimal
2021-02-08 02:30:00,6,1,2.0,0.0,7.0,0.17916666666666667,4.1895,6.0,-2,20.045078368552684,55.0,0.027333333333333334,7000.0,0.0,0.0,0.0,45.19952178787592,optimal
2021-02-08 03:00:00,6,1,2.0,0.0,0.0,0.13636666666666666,7.056,6.0,-2,20.180663723606397,55.0,0.027333333333333334,7000.0,0.0,0.0,0.0,45.15432226608804,optimal
2021-02-08 03:30:00,6,1,2.0,0.0,7.0,0.25303333333333333,5.271,6.0,-2,20.31399455279811,55.0,0.027333333333333334,7000.0,0.0,0.0,0.0,48.434167943821954,optimal
2021-02-08 04:00:00,6,1,2.0,0.0,0.0,0.10653333333333331,7.938,6.0,-2,20.45036708336341,55.0,0.027333333333333334,7000.0,0.0,0.0,0.0,48.38573377587813,optimal
2021-02-08 04:30:00,6,1,2.0,0.0,0.0,0.24646666666666667,7.938,6.0,-2,20.579816595261377,55.0,0.027333333333333334,7000.0,0.0,0.0,0.0,48.33734804210225,optimal
2021-02-08 05:00:00,6,1,2.0,0.0,0.0,0.07683333333333332,11.907,6.0,-2,20.712843209837974,55.0,0.027333333333333334,7000.0,0.0,0.0,0.0,48.289010694060146,optimal
2021-02-08 05:30:00,6,1,2.0,0.0,0.0,0.1492,11.025,6.0,-2,20.837725292835977,55.0,0.027333333333333334,7000.0,0.0,0.0,0.0,48.240721683366075,optimal
2021-02-08 06:00:00,6,1,2.0,0.0,0.0,0.2552666666666667,11.2875,6.0,-2,20.96403842907162,55.0,0.027333333333333334,7000.0,0.0,0.0,0.0,48.192480961682705,optimal
2021-02-08 06:30:00,6,1,0.0,0.0,0.0,0.14043333333333333,12.936,6.0,-2,21.093045095046858,55.0,0.027333333333333334,0.0,0.0,0.0,0.0,48.144288480721016,optimal
2021-02-08 07:00:00,6,1,0.0,0.0,0.0,0.058,13.0095,6.0,-2,20.95192996725905,55.0,0.027333333333333334,0.0,0.0,0.0,0.0,48.096144192240295,optimal
2021-02-08 07:30:00,6,1,0.0,0.0,0.0,0.49973333333333336,13.671,6.0,-2,20.808379425724304,55.0,0.022,0.0,0.0,0.0,0.0,48.048048048048045,optimal
2021-02-08 08:00:00,6,1,0.0,0.0,0.0,0.208,13.188,6.0,-2,20.687373672956134,55.0,0.020666666666666667,0.0,0.0,0.0,0.0,48.0,optimal
2021-02-08 08:30:00,6,1,0.0,0.0,0.0,0.19736666666666666,13.8495,6.0,-2,20.561244473891765,55.0,0.020666666666666667,0.0,0.0,0.0,0.0,47.833308846742874,optimal
2021-02-08 09:00:00,6,1,2.0,0.0,0.0,0.17276666666666668,13.23,6.0,-2,20.420267768773257,55.0,0.020666666666666667,7000.0,0.0,0.0,0.0,47.66678438463901,optimal
2021-02-08 09:30:00,6,1,0.0,0.0,0.0,0.09013333333333334,13.3665,6.0,-2,20.543116956972302,55.0,0.020666666666666667,0.0,0.0,0.0,0.0,47.500426446997245,optimal
2021-02-08 10:00:00,6,1,2.0,0.0,0.0,0.3658,13.0515,6.0,-2,20.398294447362318,55.0,0.020666666666666667,7000.0,0.0,0.0,0.0,47.33423486729313,optimal
2021-02-08 10:30:00,6,1,1.6201145477415388,0.0,0.0,0.06,13.5345,6.0,-2,20.53045704788073,55.0,0.020666666666666667,5670.400917095386,0.0,0.0,0.0,47.16820947916871,optimal
2021-02-08 11:00:00,6,1,0.0,0.0,0.0,0.18996666666666667,14.154,6.0,-2,20.59903675661001,55.0,0.020666666666666667,0.0,0.0,0.0,0.0,47.00235011643242,optimal
2021-02-08 11:30:00,6,1,0.0,0.0,0.0,0.24796666666666667,14.112,6.0,-2,20.45675395841404,55.0,0.020666666666666667,0.0,0.0,0.0,0.0,46.836656613058864,optimal
2021-02-08 12:00:00,6,1,0.0,0.0,0.0,0.1123,14.2485,6.0,-2,20.318467302128784,55.0,0.020666666666666667,0.0,0.0,0.0,0.0,46.67112880318868,optimal
2021-02-08 12:30:00,6,1,2.0,0.0,0.0,0.27646666666666664,12.789,6.0,-2,20.176830568745885,55.0,0.020666666666666667,7000.0,0.0,0.0,0.0,46.505766521128365,optimal
2021-02-08 13:00:00,6,1,2.0,0.0,0.0,0.10716666666666669,13.0095,6.0,-2,20.30839095112277,55.0,0.020666666666666667,7000.0,0.0,0.0,0.0,46.34056960135011,optimal
2021-02-08 13:30:00,6,1,2.0,0.0,0.0,0.17866666666666667,12.1275,6.0,-2,20.4340652906508,55.0,0.020666666666666667,7000.0,0.0,0.0,0.0,46.17553787849164,optimal
2021-02-08 14:00:00,6,1,2.0,0.0,0.0,0.19253333333333333,12.348,6.0,-2,20.562249526229138,55.0,0.020666666666666667,7000.0,0.0,0.0,0.0,46.010671187356024,optimal
2021-02-08 14:30:00,6,1,2.0,0.0,0.0,0.22126666666666667,12.348,6.0,-2,20.690747654669494,55.0,0.020666666666666667,7000.0,0.0,0.0,0.0,45.845969362911546,optimal
2021-02-08 15:00:00,6,1,0.0,0.0,0.0,0.15793333333333334,25.389,6.0,-2,20.81825650132812,55.0,0.020666666666666667,0.0,0.0,0.0,0.0,45.681432240291514,optimal
2021-02-08 15:30:00,6,1,0.0,0.0,0.0,0.4813,29.1375,6.0,-2,20.676553087151948,55.0,0.02,0.0,0.0,0.0,0.0,45.517059654794096,optimal
2021-02-08 16:00:00,6,1,0.0,0.0,0.0,0.3889333333333333,30.597,6.0,-2,20.5592308443631,55.0,0.02,0.0,0.0,0.0,0.0,45.35285144188218,optimal
2021-02-08 16:30:00,6,1,0.0,0.0,0.0,0.5247333333333334,33.684,6.0,-2,20.442429785866246,55.0,0.015333333333333332,0.0,0.0,0.0,0.0,45.18880743718317,optimal
2021-02-08 17:00:00,6,1,0.0,0.0,0.0,0.3425666666666667,32.445,6.0,-2,20.33503004434826,55.0,0.015333333333333332,0.0,0.0,0.0,0.0,45.02492747648886,optimal
2021-02-08 17:30:00,6,1,0.0,0.0,0.0,0.4156666666666667,28.917,6.0,-2,20.221060830677505,55.0,0.014,0.0,0.0,0.0,0.0,44.86121139575525,optimal
2021-02-08 18:00:00,6,1,0.0,0.0,0.0,0.5831000000000001,15.876,6.0,-2,20.10780543482934,55.0,0.014,0.0,0.0,0.0,0.0,44.69765903110237,optimal
2021-02-08 18:30:00,6,1,0.9300174762968607,0.0,0.0,0.2413333333333333,12.348,6.0,-2,20.0,55.0,0.012666666666666666,3255.0611670390126,0.0,0.0,0.0,44.53427021881414,optimal
2021-02-08 19:00:00,6,1,1.7201377310479058,0.0,0.0,0.5403333333333333,12.1275,6.0,-2,20.0,55.0,0.012666666666666666,6020.482058667671,0.0,0.0,0.0,44.37104479533821,optimal
2021-02-08 19:30:00,6,1,0.0,0.0,0.0,0.23676666666666668,12.348,6.0,-2,20.117984261324334,55.0,0.012666666666666666,0.0,0.0,0.0,0.0,44.32667375054287,optimal
2021-02-08 20:00:00,6,1,0.8554460030457008,0.0,0.0,0.2812333333333333,12.1275,6.0,-2,20.0,55.0,0.012666666666666666,2994.061010659953,0.0,0.0,0.0,44.28234707679233,optimal
2021-02-08 20:30:00,6,1,0.0,0.0,0.0,0.5373333333333333,12.1275,6.0,-2,20.0,55.0,0.012666666666666666,0.0,0.0,0.0,0.0,44.23806472971553,optimal
2021-02-08 21:00:00,6,1,0.0,0.0,0.0,0.28803333333333336,11.2665,6.0,-2,19.893957540498466,55.0,0.010666666666666666,0.0,0.0,0.0,0.0,44.193826664985814,optimal
2021-02-08 21:30:00,6,1,0.0,0.0,0.0,0.5115666666666666,10.143,6.0,-2,19.7823386459544,55.0,0.009333333333333334,0.0,0.0,0.0,0.0,44.14963283832083,optimal
2021-02-08 22:00:00,6,1,0.0,0.0,0.0,0.3325,11.2455,6.0,-2,19.68216632042041,55.0,0.009333333333333334,0.0,0.0,0.0,0.0,44.10548320548251,optimal
2021-02-08 22:30:00,6,1,0.0,0.0,0.0,0.10796666666666668,11.025,6.0,-2,19.562068337798884,55.0,0.009333333333333334,0.0,0.0,0.0,0.0,44.06137772227702,optimal
2021-02-08 23:00:00,6,1,0.0,0.0,0.0,0.15246666666666667,5.9745,6.0,-2,19.428519546052808,55.0,0.009333333333333334,0.0,0.0,0.0,0.0,44.01731634455474,optimal
2021-02-08 23:30:00,6,1,0.0,0.0,0.0,0.26626666666666665,7.938,6.0,-2,19.29727433152017,55.0,0.009333333333333334,0.0,0.0,0.0,0.0,43.973299028210185,optimal
2021-02-09 00:00:00,6,1,2.0,0.0,0.0,0.046,11.823,6.0,-3,19.29727433152017,55.0,0.009333333333333334,7000.0,0.0,0.0,0.0,43.929325729181976,optimal
2021-02-09 00:30:00,6,1,2.0,0.0,0.0,0.0577,11.7705,6.0,-3,19.42706748997788,55.0,0.03933333333333333,3865.0,0.0,3135.0,0.0,43.885396403452795,optimal
2021-02-09 01:00:00,6,1,2.0,0.0,0.0,0.2398333333333333,11.13,6.0,-3,19.43827239720664,55.0,0.03933333333333333,7000.0,0.0,0.0,0.0,43.84151100704934,optimal
2021-02-09 01:30:00,6,1,2.0,0.0,0.0,0.082,11.6865,6.0,-3,19.575082869408217,55.0,0.03933333333333333,7000.0,0.0,0.0,0.0,43.79766949604229,optimal
2021-02-09 02:00:00,6,1,2.0,0.0,3.0434736027993234,0.1162,10.7205,6.0,-3,19.70416640772769,55.0,0.03933333333333333,7000.0,0.0,0.0,0.0,45.19952178787592,optimal
2021-02-09 02:30:00,6,1,2.0,0.0,0.0,0.2173333333333333,11.424,6.0,-3,19.832835321341907,55.0,0.03933333333333333,7000.0,0.0,0.0,0.0,45.15432226608804,optimal
2021-02-09 03:00:00,6,1,2.0,0.0,7.0,0.1162,10.689,6.0,-3,19.964738831086,55.0,0.03933333333333333,7000.0,0.0,0.0,0.0,48.434167943821954,optimal
2021-02-09 03:30:00,6,1,2.0,0.0,0.0,0.16333333333333333,11.361,6.0,-3,20.09221149462188,55.0,0.03933333333333333,7000.0,0.0,0.0,0.0,48.38573377587813,optimal
2021-02-09 04:00:00,6,1,2.0,0.0,0.0,0.1585,11.571,6.0,-3,20.221260119098662,55.0,0.03933333333333333,7000.0,0.0,0.0,0.0,48.33734804210225,optimal
2021-02-09 04:30:00,6,1,0.0,0.0,0.0,0.14503333333333332,14.3745,6.0,-3,20.349909737533004,55.0,0.03933333333333333,0.0,0.0,0.0,0.0,48.289010694060146,optimal
2021-02-09 05:00:00,6,1,2.0,0.0,0.0,0.1651,13.23,6.0,-3,20.211897214127127,55.0,0.03933333333333333,7000.0,0.0,0.0,0.0,48.240721683366075,optimal
2021-02-09 05:30:00,6,1,2.0,0.0,0.0,0.08109999999999999,13.9755,6.0,-3,20.339375941934016,55.0,0.03933333333333333,7000.0,0.0,0.0,0.0,48.192480961682705,optimal
2021-02-09 06:00:00,6,1,0.0,0.0,0.0,0.1801333333333333,14.994,6.0,-3,20.462731565053943,55.0,0.03933333333333333,0.0,0.0,0.0,0.0,48.144288480721016,optimal
2021-02-09 06:30:00,6,1,2.0,0.0,0.0,0.07540000000000001,13.671,6.0,-3,20.324459565932873,55.0,0.03933333333333333,7000.0,0.0,0.0,0.0,48.096144192240295,optimal
2021-02-09 07:00:00,6,1,0.0,0.0,0.0,0.124,15.981,6.0,-3,20.447338481382946,55.0,0.03933333333333333,0.0,0.0,0.0,0.0,48.048048048048045,optimal
2021-02-09 07:30:00,6,1,0.0,0.0,0.0,0.12359999999999999,15.6345,6.0,-3,20.306315531448888,55.0,0.03666666666666667,0.0,0.0,0.0,0.0,48.0,optimal
2021-02-09 08:00:00,6,1,0.0,0.0,0.0,0.1226,16.5375,6.0,-3,20.183553092567585,55.0,0.034,0.0,0.0,0.0,0.0,47.74306519456573,optimal
2021-02-09 08:30:00,6,1,1.4514797193243645,0.0,0.0,2.087333333333333,14.7735,6.0,-3,20.06124986752475,55.0,0.032,5080.179017635275,0.0,0.0,0.0,47.486387323936896,optimal
2021-02-09 09:00:00,6,1,0.0,0.0,0.0,2.0906666666666665,15.2145,6.0,-3,20.124298760179858,55.0,0.032,0.0,0.0,0.0,0.0,47.22996613117869,optimal
2021-02-09 09:30:00,6,1,0.8613298331374678,0.0,0.0,0.1318,14.553,6.0,-3,20.0,55.0,0.02666666666666667,3014.6544159811374,0.0,0.0,0.0,46.97380135961325,optimal
2021-02-09 10:00:00,6,1,2.0,0.0,0.0,0.32976666666666665,14.3325,6.0,-3,20.0,55.0,0.02666666666666667,7000.0,0.0,0.0,0.0,46.71789275281937,optimal
2021-02-09 10:30:00,6,1,0.38858532976382926,0.0,0.0,1.2427666666666668,14.595,6.0,-3,20.156163204360727,55.0,0.02666666666666667,1360.0486541734024,0.0,0.0,0.0,46.46224005463228,optimal
2021-02-09 11:00:00,6,1,0.0,0.0,0.0,0.1957333333333333,14.994,6.0,-3,20.12340863353711,55.0,0.024,0.0,0.0,0.0,0.0,46.206843009143384,optimal
2021-02-09 11:30:00,6,1,0.9141756500844623,0.0,0.0,1.4826,14.3325,6.0,-3,20.0,55.0,0.023333333333333334,3199.614775295618,0.0,0.0,0.0,45.95170136069997,optimal
2021-02-09 12:00:00,6,1,1.3220035902926033,0.0,0.0,0.9178,13.8915,6.0,-3,20.0,55.0,0.021333333333333333,4627.012566024112,0.0,0.0,0.0,45.696814853905,optimal
2021-02-09 12:30:00,6,1,2.0,0.0,0.0,0.14603333333333332,13.8915,6.0,-3,20.062368050668578,55.0,0.018666666666666668,7000.0,0.0,0.0,0.0,45.44218323361683,optimal
2021-02-09 13:00:00,6,1,2.0,0.0,0.0,1.3689,13.4715,6.0,-3,20.208456499054115,55.0,0.017333333333333333,7000.0,0.0,0.0,0.0,45.187806244948945,optimal
2021-02-09 13:30:00,6,1,2.0,0.0,0.0,0.7942666666666667,13.23,6.0,-3,20.38380777845797,55.0,0.016,7000.0,0.0,0.0,0.0,44.93368363326973,optimal
2021-02-09 14:00:00,6,1,2.0,0.0,0.0,0.2346,13.8915,6.0,-3,20.556487390395937,55.0,0.015333333333333332,7000.0,0.0,0.0,0.0,44.679815144202195,optimal
2021-02-09 14:30:00,6,1,0.0,0.0,0.0,0.10936666666666665,26.9325,6.0,-3,20.729983436317074,55.0,0.013333333333333334,0.0,0.0,0.0,0.0,44.42620052362373,optimal
2021-02-09 15:00:00,6,1,0.0,0.0,0.0,0.21013333333333334,30.303,6.0,-3,20.63090309112047,55.0,0.01,0.0,0.0,0.0,0.0,44.172839517665835,optimal
2021-02-09 15:30:00,6,1,0.0,0.0,0.0,0.14556666666666665,32.886,6.0,-3,20.535987652123715,55.0,0.01,0.0,0.0,0.0,0.0,43.9197318727139,optimal
2021-02-09 16:00:00,6,1,0.0,0.0,0.0,2.2475666666666667,34.9965,6.0,-3,20.44060944828867,55.0,0.004666666666666667,0.0,0.0,0.0,0.0,43.66687733540692,optimal
2021-02-09 16:30:00,6,1,0.0,0.0,0.0,0.4016,33.327,6.0,-3,20.3646069308307,55.0,0.0026666666666666666,0.0,0.0,0.0,0.0,43.41427565263725,optimal
2021-02-09 17:00:00,6,1,0.0,0.0,0.0,0.4031,31.122,6.0,-3,20.275295063567274,55.0,0.0006666666666666665,0.0,0.0,0.0,0.0,43.161926571550346,optimal
2021-02-09 17:30:00,6,1,0.0,0.0,0.0,1.5747,17.9025,6.0,-3,20.181502364061636,55.0,0.0006666666666666665,0.0,0.0,0.0,0.0,42.90982983954453,optimal
2021-02-09 18:00:00,6,1,0.0,0.0,0.0,0.2844,15.6555,6.0,-3,20.111761109551352,55.0,0.0,0.0,0.0,0.0,0.0,42.657985204270716,optimal
2021-02-09 18:30:00,6,1,0.8037298929930612,0.0,0.0,0.18976666666666667,14.553,6.0,-3,20.0,55.0,0.0,2813.054625475714,0.0,0.0,0.0,42.406392413632176,optimal
2021-02-09 19:00:00,6,1,0.9503032352623307,0.0,0.0,0.29956666666666665,14.3325,6.0,-3,20.0,55.0,0.0,3326.061323418158,0.0,0.0,0.0,42.155051215784276,optimal
2021-02-09 19:30:00,6,1,1.06095085430994,0.0,0.0,0.0953,13.335,6.0,-3,20.0,55.0,0.0,3713.32799008479,0.0,0.0,0.0,41.90396135913422,optimal
2021-02-09 20:00:00,6,1,1.0521222828813686,0.0,0.0,0.1262,12.1275,6.0,-3,20.0,55.0,0.0,3682.4279900847905,0.0,0.0,0.0,41.65312259234082,optimal
2021-02-09 20:30:00,6,1,0.0,0.0,0.0,0.14873333333333333,12.2955,6.0,-3,20.0,55.0,0.0,0.0,0.0,0.0,0.0,41.40253466431421,optimal
2021-02-09 21:00:00,6,1,0.05971428571428571,0.0,0.0,0.24686666666666668,11.6865,6.0,-3,19.860989432245614,55.0,0.0,0.0,0.0,209.0,0.0,41.361132129649896,optimal
2021-02-09 21:30:00,6,1,0.0,0.0,0.0,0.3209666666666666,11.466,6.0,-3,19.727903533381046,55.0,0.0,0.0,0.0,0.0,0.0,41.319770997520244,optimal
2021-02-09 22:00:00,6,1,0.0,0.0,0.0,2.2588666666666666,10.8045,6.0,-3,19.602816663648497,55.0,0.0,0.0,0.0,0.0,0.0,41.278451226522726,optimal
2021-02-09 22:30:00,6,1,0.09952380952380951,0.0,0.0,2.3919,10.584,6.0,-3,19.4954857398698,55.0,0.0033333333333333335,0.0,0.0,348.3333333333333,0.0,41.2371727752962,optimal
2021-02-09 23:00:00,6,1,0.0,0.0,0.0,0.24163333333333334,11.2455,6.0,-3,19.39099156689562,55.0,0.0,0.0,0.0,0.0,0.0,41.195935602520905,optimal
2021-02-09 23:30:00,6,1,0.0,0.0,0.0,0.3906,12.1275,6.0,-3,19.27310361315416,55.0,0.0,0.0,0.0,0.0,0.0,41.15473966691838,optimal
2021-02-10 00:00:00,6,1,2.0,0.0,0.0,0.037,11.508,6.0,-2,19.27310361315416,55.0,0.0,7000.0,0.0,0.0,0.0,41.113584927251466,optimal
2021-02-10 00:30:00,6,1,2.0,0.0,0.0,0.037,11.508,6.0,-2,19.401277075062552,55.0,0.044,2402.0,0.0,4598.0,0.0,41.072471342324214,optimal
2021-02-10 01:00:00,6,1,2.0,0.0,0.0,0.037,11.844,6.0,-2,19.35404481259266,55.0,0.044,7000.0,0.0,0.0,0.0,41.03139887098189,optimal
2021-02-10 01:30:00,6,1,2.0,0.0,0.0,0.037,11.508,6.0,-2,19.48012528789222,55.0,0.044,7000.0,0.0,0.0,0.0,40.990367472110904,optimal
2021-02-10 02:00:00,6,1,2.0,0.0,0.0,0.037,11.508,6.0,-2,19.604521484032063,55.0,0.044,7000.0,0.0,0.0,0.0,40.94937710463879,optimal
2021-02-10 02:30:00,6,1,2.0,0.0,7.0,0.037,10.4475,6.0,-2,19.727245948740084,55.0,0.044,7000.0,0.0,0.0,0.0,44.233427727534156,optimal
2021-02-10 03:00:00,6,1,2.0,0.0,2.236292441253385,0.037,10.8675,6.0,-2,19.8490561272497,55.0,0.044,7000.0,0.0,0.0,0.0,45.251433209401974,optimal
2021-02-10 03:30:00,6,1,2.0,0.0,7.0,0.037,10.542,6.0,-2,19.969958830910667,55.0,0.044,7000.0,0.0,0.0,0.0,48.53118177619257,optimal
2021-02-10 04:00:00,6,1,2.0,0.0,0.0,0.037,11.025,6.0,-2,20.089960820328795,55.0,0.044,7000.0,0.0,0.0,0.0,48.48265059441637,optimal
2021-02-10 04:30:00,6,1,2.0,0.0,0.0,0.037,11.025,6.0,-2,20.209068805743996,55.0,0.044,7000.0,0.0,0.0,0.0,48.434167943821954,optimal
2021-02-10 05:00:00,6,1,2.0,0.0,0.0,0.037,14.553,6.0,-2,20.326544456420542,55.0,0.044,7000.0,0.0,0.0,0.0,48.38573377587813,optimal
2021-02-10 05:30:00,6,1,2.0,0.0,0.0,0.037,13.0935,6.0,-2,20.442399933105083,55.0,0.044,7000.0,0.0,0.0,0.0,48.33734804210225,optimal
2021-02-10 06:00:00,6,1,2.0,0.0,0.0,0.04533333333333334,15.6345,6.0,-2,20.5566473059478,55.0,0.044,7000.0,0.0,0.0,0.0,48.289010694060146,optimal
2021-02-10 06:30:00,6,1,0.0,0.0,0.0,0.047,18.102,6.0,-2,20.66929855517734,55.0,0.044,0.0,0.0,0.0,0.0,48.240721683366075,optimal
2021-02-10 07:00:00,6,1,0.5393406731540566,0.0,0.0,0.047,17.199,6.0,-2,20.518150573303426,55.0,0.044,1887.692356039198,0.0,0.0,0.0,48.192480961682705,optimal
2021-02-10 07:30:00,6,1,0.0,0.0,0.0,0.047,18.2805,6.0,-2,20.440932925039515,55.0,0.044,0.0,0.0,0.0,0.0,48.144288480721016,optimal
2021-02-10 08:00:00,6,1,0.0,0.0,0.0,0.047,17.4615,6.0,-2,20.292603733000288,55.0,0.044,0.0,0.0,0.0,0.0,48.096144192240295,optimal
2021-02-10 08:30:00,6,1,0.0,0.0,0.0,0.047,18.3225,6.0,-2,20.145007084653052,55.0,0.044,0.0,0.0,0.0,0.0,48.048048048048045,optimal
2021-02-10 09:00:00,6,1,1.0268021048541183,0.0,0.0,0.045,17.094,6.0,-2,20.0,55.0,0.035333333333333335,3593.8073669894134,0.0,0.0,0.0,48.0,optimal
2021-02-10 09:30:00,6,1,1.3206509005728169,0.0,0.0,0.047,17.094,6.0,-2,20.0,55.0,0.035333333333333335,4622.278152004859,0.0,0.0,0.0,47.72395585226253,optimal
2021-02-10 10:00:00,6,1,2.0,0.0,0.0,0.047,17.094,6.0,-2,20.027329418334322,55.0,0.035333333333333335,7000.0,0.0,0.0,0.0,47.448187748672794,optimal
2021-02-10 10:30:00,6,1,0.0,0.0,0.0,0.047,17.3565,6.0,-2,20.145772145459237,55.0,0.035333333333333335,0.0,0.0,0.0,0.0,47.17269541318665,optimal
2021-02-10 11:00:00,6,1,2.0,0.0,0.0,0.047,17.115,6.0,-2,20.0,55.0,0.035333333333333335,7000.0,0.0,0.0,0.0,46.89747857003599,optimal
2021-02-10 11:30:00,6,1,2.0,0.0,0.0,0.04633333333333334,17.241,6.0,-2,20.12088130424355,55.0,0.03266666666666666,7000.0,0.0,0.0,0.0,46.622536943728484,optimal
2021-02-10 12:00:00,6,1,2.0,0.0,0.0,0.041466666666666666,17.094,6.0,-2,20.243483380164463,55.0,0.030666666666666665,7000.0,0.0,0.0,0.0,46.34787025904728,optimal
2021-02-10 12:30:00,6,1,2.0,0.0,0.0,0.09666666666666669,16.5165,6.0,-2,20.369989605397567,55.0,0.030666666666666665,7000.0,0.0,0.0,0.0,46.073478241050765,optimal
2021-02-10 13:00:00,6,1,0.797577567081492,0.0,0.0,0.04986666666666667,17.8185,6.0,-2,20.497412076170704,55.0,0.027333333333333334,2791.521484785222,0.0,0.0,0.0,45.799360615072246,optimal
2021-02-10 13:30:00,6,1,2.0,0.0,0.0,0.08866666666666667,17.094,6.0,-2,20.46315212024217,55.0,0.027333333333333334,7000.0,0.0,0.0,0.0,45.525517106719704,optimal
2021-02-10 14:00:00,6,1,2.0,0.0,0.0,0.047,16.8945,6.0,-2,20.588839356106032,55.0,0.027333333333333334,7000.0,0.0,0.0,0.0,45.251947441875515,optimal
2021-02-10 14:30:00,6,1,2.0,0.0,0.0,0.2886666666666667,18.123,6.0,-2,20.709803808374247,55.0,0.027333333333333334,7000.0,0.0,0.0,0.0,44.97865134669617,optimal
2021-02-10 15:00:00,6,1,0.0,0.0,0.0,0.18966666666666662,31.647,6.0,-2,20.842749577843055,55.0,0.027333333333333334,0.0,0.0,0.0,0.0,44.705628547612,optimal
2021-02-10 15:30:00,6,1,0.0,0.0,0.0,0.2622333333333333,34.9965,6.0,-2,20.713525304267225,55.0,0.027333333333333334,0.0,0.0,0.0,0.0,44.43287877132692,optimal
2021-02-10 16:00:00,6,1,0.0,0.0,0.0,1.271,34.9965,6.0,-2,20.592374678409115,55.0,0.025333333333333333,0.0,0.0,0.0,0.0,44.160401744818124,optimal
2021-02-10 16:30:00,6,1,0.0,0.0,0.0,0.4274333333333333,34.9965,6.0,-2,20.504442149761285,55.0,0.024666666666666667,0.0,0.0,0.0,0.0,43.888197195335835,optimal
2021-02-10 17:00:00,6,1,0.0,0.0,0.0,0.28586666666666666,34.9965,6.0,-2,20.38424724209389,55.0,0.024666666666666667,0.0,0.0,0.0,0.0,43.61626485040303,optimal
2021-02-10 17:30:00,6,1,0.0,0.0,0.0,0.07666666666666667,34.9965,6.0,-2,20.26025290828978,55.0,0.024,0.0,0.0,0.0,0.0,43.34460443781515,optimal
2021-02-10 18:00:00,6,1,0.0,0.0,0.0,0.04686666666666667,27.741,6.0,-2,20.13072898503876,55.0,0.02266666666666667,0.0,0.0,0.0,0.0,43.073215685639866,optimal
2021-02-10 18:30:00,6,1,0.967571681587618,0.0,0.0,0.14853333333333332,19.026,6.0,-2,20.0,55.0,0.005333333333333333,3386.500885556663,0.0,0.0,0.0,42.80209832221676,optimal
2021-02-10 19:00:00,6,1,0.9836801815286029,0.0,0.0,0.18419999999999997,18.7215,6.0,-2,20.0,55.0,0.004,3442.8806353501104,0.0,0.0,0.0,42.53125207615707,optimal
2021-02-10 19:30:00,6,1,1.0167563273250464,0.0,0.0,0.0659,17.4195,6.0,-2,20.0,55.0,0.002,3558.647145637662,0.0,0.0,0.0,42.26067667634344,optimal
2021-02-10 20:00:00,6,1,0.9820896159786279,0.0,0.0,0.23153333333333334,16.758,6.0,-2,20.0,55.0,0.0,3437.3136559251975,0.0,0.0,0.0,41.99037185192962,optimal
2021-02-10 20:30:00,6,1,0.0,0.0,0.0,0.33,14.217,6.0,-2,20.0,55.0,0.0,0.0,0.0,0.0,0.0,41.72033733234022,optimal
2021-02-10 21:00:00,6,1,0.0,0.0,0.0,0.30293333333333333,13.3665,6.0,-2,19.866847917240744,55.0,0.0,0.0,0.0,0.0,0.0,41.45057284727041,optimal
2021-02-10 21:30:00,6,1,0.0398095238095238,0.0,0.0,0.3068,12.789,6.0,-2,19.73305980228038,55.0,0.0,0.0,0.0,139.33333333333331,0.0,41.18107812668567,optimal
2021-02-10 22:00:00,6,1,0.0199047619047619,0.0,0.0,0.3340666666666667,11.907,6.0,-2,19.58871927108573,55.0,0.0,0.0,0.0,69.66666666666666,0.0,41.139897048558986,optimal
2021-02-10 22:30:00,6,1,0.0,0.0,0.0,0.452,11.7075,6.0,-2,19.441570209520936,55.0,0.0,0.0,0.0,0.0,0.0,41.098757151510426,optimal
2021-02-10 23:00:00,6,1,0.0,0.0,0.0,0.4063,10.8045,6.0,-2,19.303833723065463,55.0,0.0,0.0,0.0,0.0,0.0,41.05765839435892,optimal
2021-02-10 23:30:00,6,1,0.0,0.0,0.0,0.36826666666666663,11.508,6.0,-2,19.164774799321506,55.0,0.0,0.0,0.0,0.0,0.0,41.01660073596456,optimal
2021-02-11 00:00:00,6,1,2.0,0.0,0.0,0.042,11.025,6.0,0,19.164774799321506,55.0,0.0,7000.0,0.0,0.0,0.0,40.975584135228594,optimal
2021-02-11 00:30:00,6,1,2.0,0.0,0.0,0.1191,12.0855,6.0,0,19.263324006446055,55.0,0.06333333333333334,381.66666666666697,0.0,6618.333333333333,0.0,40.93460855109336,optimal
2021-02-11 01:00:00,6,1,2.0,0.0,0.0,0.2688333333333333,11.6865,6.0,0,19.11476559783736,55.0,0.06333333333333334,7000.0,0.0,0.0,0.0,40.89367394254227,optimal
2021-02-11 01:30:00,6,1,2.0,0.0,0.0,0.042,11.2245,6.0,0,19.22374678933417,55.0,0.06333333333333334,7000.0,0.0,0.0,0.0,40.85278026859973,optimal
2021-02-11 02:00:00,6,1,2.0,0.0,0.0,0.17959999999999998,11.025,6.0,0,19.323346642419384,55.0,0.06333333333333334,7000.0,0.0,0.0,0.0,40.81192748833113,optimal
2021-02-11 02:30:00,6,1,2.0,0.0,1.8868193185815436,0.103,10.7835,6.0,0,19.4274028164449,55.0,0.06333333333333334,7000.0,0.0,0.0,0.0,41.667354737169035,optimal
2021-02-11 03:00:00,6,1,2.0,0.0,0.0,0.10809999999999999,11.025,6.0,0,19.52704495211098,55.0,0.06333333333333334,7000.0,0.0,0.0,0.0,41.62568738243186,optimal
2021-02-11 03:30:00,6,1,2.0,0.0,7.0,0.21663333333333332,10.584,6.0,0,19.625392442557647,55.0,0.06333333333333334,7000.0,0.0,0.0,0.0,44.90906169504943,optimal
2021-02-11 04:00:00,6,1,2.0,0.0,0.0,0.1348,11.025,6.0,0,19.728969964371565,55.0,0.06333333333333334,7000.0,0.0,0.0,0.0,44.86415263335437,optimal
2021-02-11 04:30:00,6,1,2.0,0.0,7.0,0.211,10.4265,6.0,0,19.83054677435343,55.0,0.06333333333333334,7000.0,0.0,0.0,0.0,48.144288480721016,optimal
2021-02-11 05:00:00,6,1,2.0,0.0,0.0,0.14733333333333334,12.789,6.0,0,19.934245573089893,55.0,0.06333333333333334,7000.0,0.0,0.0,0.0,48.096144192240295,optimal
2021-02-11 05:30:00,6,1,2.0,0.0,0.0,0.042,12.684,6.0,0,20.0347665896699,55.0,0.06333333333333334,7000.0,0.0,0.0,0.0,48.048048048048045,optimal
2021-02-11 06:00:00,6,1,2.0,0.0,0.0,0.33763333333333334,16.254,6.0,0,20.13242186877367,55.0,0.058,7000.0,0.0,0.0,0.0,48.0,optimal
2021-02-11 06:30:00,6,1,2.0,0.0,0.0,0.3330666666666667,17.64,6.0,0,20.246536348515292,55.0,0.041999999999999996,7000.0,0.0,0.0,0.0,47.73055993908772,optimal
2021-02-11 07:00:00,6,1,2.0,0.0,0.0,1.0907666666666669,19.1625,6.0,0,20.355353260886005,55.0,0.017333333333333333,7000.0,0.0,0.0,0.0,47.46138931823635,optimal
2021-02-11 07:30:00,6,1,0.0,0.0,0.0,1.331766666666667,26.46,6.0,0,20.4706667475863,55.0,0.017333333333333333,0.0,0.0,0.0,0.0,47.192487868005834,optimal
2021-02-11 08:00:00,6,1,0.14541304140441444,0.0,0.0,0.0994,20.79,6.0,0,20.316588330900885,55.0,0.017333333333333333,508.9456449154505,0.0,0.0,0.0,46.92385531922555,optimal
2021-02-11 08:30:00,6,1,0.0,0.0,0.0,0.058,29.106,6.0,0,20.168697657602344,55.0,0.017333333333333333,0.0,0.0,0.0,0.0,46.655491402994045,optimal
2021-02-11 09:00:00,6,1,2.0,0.0,0.0,0.3499333333333333,19.1835,6.0,0,20.0,55.0,0.017333333333333333,7000.0,0.0,0.0,0.0,46.38739585067877,optimal
2021-02-11 09:30:00,6,1,0.38093247939391683,0.0,0.0,0.052,19.6665,6.0,0,20.10692043531391,55.0,0.017333333333333333,1333.263677878709,0.0,0.0,0.0,46.11956839391581,optimal
2021-02-11 10:00:00,6,1,1.041444082487027,0.0,0.0,0.22393333333333332,19.404,6.0,0,20.0,55.0,0.017333333333333333,3645.054288704595,0.0,0.0,0.0,45.85200876460962,optimal
2021-02-11 10:30:00,6,1,1.096944927636596,0.0,0.0,0.148,19.047,6.0,0,20.0,55.0,0.017333333333333333,3839.3072467280854,0.0,0.0,0.0,45.58471669493273,optimal
2021-02-11 11:00:00,6,1,2.0,0.0,0.0,0.09540000000000001,18.858,6.0,0,20.0,55.0,0.017333333333333333,7000.0,0.0,0.0,0.0,45.31769191732552,optimal
2021-02-11 11:30:00,6,1,0.17619264148270222,0.0,0.0,0.7607333333333334,19.2675,6.0,0,20.11294934878135,55.0,0.017333333333333333,616.6742451894578,0.0,0.0,0.0,45.050934164495914,optimal
2021-02-11 12:00:00,6,1,1.4581870470015204,0.0,0.0,0.27353333333333335,18.963,6.0,0,20.0,55.0,0.017333333333333333,5103.654664505321,0.0,0.0,0.0,44.78444316941914,optimal
2021-02-11 12:30:00,6,1,2.0,0.0,0.0,0.0678,18.438,6.0,0,20.05921262825391,55.0,0.017333333333333333,7000.0,0.0,0.0,0.0,44.51821866533744,optimal
2021-02-11 13:00:00,6,1,2.0,0.0,0.0,0.19219999999999998,18.7425,6.0,0,20.186695468547214,55.0,0.017333333333333333,7000.0,0.0,0.0,0.0,44.252260385759826,optimal
2021-02-11 13:30:00,6,1,2.0,0.0,0.0,0.2157333333333333,15.2145,6.0,0,20.32277066691429,55.0,0.017333333333333333,7000.0,0.0,0.0,0.0,43.986568064461785,optimal
2021-02-11 14:00:00,6,1,2.0,0.0,0.0,0.052,17.7765,6.0,0,20.459466163923942,55.0,0.017333333333333333,7000.0,0.0,0.0,0.0,43.721141435485045,optimal
2021-02-11 14:30:00,6,1,2.0,0.0,0.0,0.184,16.758,6.0,0,20.58970267233175,55.0,0.017333333333333333,7000.0,0.0,0.0,0.0,43.45598023313728,optimal
2021-02-11 15:00:00,6,1,2.0,0.0,0.0,0.15733333333333335,16.422,6.0,0,20.721348232935146,55.0,0.017333333333333333,7000.0,0.0,0.0,0.0,43.19108419199186,optimal
2021-02-11 15:30:00,6,1,2.0,0.0,0.0,0.1448,16.758,6.0,0,20.84839814645767,55.0,0.017333333333333333,7000.0,0.0,0.0,0.0,42.926453046887595,optimal
2021-02-11 16:00:00,6,1,0.0,0.0,0.0,0.2578666666666667,29.358,6.0,0,20.965460661873703,55.0,0.017333333333333333,0.0,0.0,0.0,0.0,42.66208653292843,optimal
2021-02-11 16:30:00,6,1,0.0,0.0,0.0,0.6297999999999999,34.9965,6.0,0,20.812905197703525,55.0,0.015333333333333332,0.0,0.0,0.0,0.0,42.39798438548322,optimal
2021-02-11 17:00:00,6,1,0.0,0.0,0.0,1.8917333333333328,34.65,6.0,0,20.672405796362163,55.0,0.009333333333333332,0.0,0.0,0.0,0.0,42.13414634018546,optimal
2021-02-11 17:30:00,6,1,0.0,0.0,0.0,0.5929,34.9965,6.0,0,20.567094870669916,55.0,0.002,0.0,0.0,0.0,0.0,41.87057213293299,optimal
2021-02-11 18:00:00,6,1,0.0,0.0,0.0,3.534,34.9965,6.0,0,20.42004646825226,55.0,0.002,0.0,0.0,0.0,0.0,41.60726149988778,optimal
2021-02-11 18:30:00,6,1,0.0,0.0,0.0,1.8916333333333328,30.4815,6.0,0,20.294354469858348,55.0,0.0,0.0,0.0,0.0,0.0,41.34421417747561,optimal
2021-02-11 19:00:00,6,1,0.0,0.0,0.0,2.018,21.4305,6.0,0,20.160062064066896,55.0,0.0,0.0,0.0,0.0,0.0,41.08142990238585,optimal
2021-02-11 19:30:00,6,1,1.322942037845185,0.0,0.0,1.3920666666666666,14.3325,6.0,0,20.0,55.0,0.0,4421.297132458148,0.0,209.0,0.0,40.818908411571186,optimal
2021-02-11 20:00:00,6,1,1.2213971329652467,0.0,0.0,1.6649,13.692,6.0,0,20.0,55.0,0.0,4274.889965378363,0.0,0.0,0.0,40.556649442247334,optimal
2021-02-11 20:30:00,6,1,0.0,0.0,0.0,0.5258666666666667,14.007,6.0,0,20.0,55.0,0.0,0.0,0.0,0.0,0.0,40.29465273189281,optimal
2021-02-11 21:00:00,6,1,0.0,0.0,0.0,2.2036,12.873,6.0,0,19.824910317365948,55.0,0.0,0.0,0.0,0.0,0.0,40.03291801824864,optimal
2021-02-11 21:30:00,6,1,0.05971428571428571,0.0,0.0,0.3822,12.684,6.0,0,19.656516288137382,55.0,0.0,0.0,0.0,209.0,0.0,39.77144503931811,optimal
2021-02-11 22:00:00,6,1,0.0,0.0,0.0,0.4331333333333333,12.306,6.0,0,19.48871287561805,55.0,0.0,0.0,0.0,0.0,0.0,39.51023353336651,optimal
2021-02-11 22:30:00,6,1,0.0,0.0,0.0,2.6395999999999997,10.6365,6.0,0,19.326854947330418,55.0,0.0,0.0,0.0,0.0,0.0,39.470723299833146,optimal
2021-02-11 23:00:00,6,1,0.0,0.0,0.0,0.131,11.2455,6.0,0,19.181246789427043,55.0,0.0,0.0,0.0,0.0,0.0,39.43125257653331,optimal
2021-02-11 23:30:00,6,1,0.0,0.0,0.0,0.2756,11.2455,6.0,0,18.996603078544826,55.0,0.0,0.0,0.0,0.0,0.0,39.391821323956776,optimal
2021-02-12 00:00:00,6,1,2.0,0.0,0.0,0.11566666666666668,10.3635,6.0,-3,18.996603078544826,55.0,0.0,7000.0,0.0,0.0,0.0,39.352429502632816,optimal
2021-02-12 00:30:00,6,1,2.0,0.0,0.0,0.12966666666666665,10.8045,6.0,-3,19.075397571575305,55.0,0.011999999999999997,5746.0,0.0,1253.9999999999998,0.0,39.31307707313018,optimal
2021-02-12 01:00:00,6,1,2.0,0.0,5.754336197183938,0.139,10.059,6.0,-3,19.10669666494809,55.0,0.011999999999999997,7000.0,0.0,0.0,0.0,42.00707368971941,optimal
2021-02-12 01:30:00,6,1,2.0,0.0,0.0,0.2107333333333333,10.584,6.0,-3,19.18517468491613,55.0,0.011999999999999997,7000.0,0.0,0.0,0.0,41.96506661602969,optimal
2021-02-12 02:00:00,6,1,2.0,0.0,7.0,0.1248,9.4185,6.0,-3,19.26658598853839,55.0,0.011999999999999997,7000.0,0.0,0.0,0.0,45.248101549413654,optimal
2021-02-12 02:30:00,6,1,2.0,0.0,0.0,0.25889999999999996,10.3635,6.0,-3,19.345204159446837,55.0,0.011999999999999997,7000.0,0.0,0.0,0.0,45.202853447864236,optimal
2021-02-12 03:00:00,6,1,2.0,0.0,7.0,0.10003333333333332,9.8385,6.0,-3,19.43053771090544,55.0,0.011999999999999997,7000.0,0.0,0.0,0.0,48.48265059441637,optimal
2021-02-12 03:30:00,6,1,2.0,0.0,0.0,0.17176666666666668,11.067,6.0,-3,19.51146875298769,55.0,0.011999999999999997,7000.0,0.0,0.0,0.0,48.434167943821954,optimal
2021-02-12 04:00:00,6,1,2.0,0.0,0.0,0.2029,10.8465,6.0,-3,19.59972178556135,55.0,0.011999999999999997,7000.0,0.0,0.0,0.0,48.38573377587813,optimal
2021-02-12 04:30:00,6,1,2.0,0.0,0.0,0.1248,13.671,6.0,-3,19.693708450623095,55.0,0.011999999999999997,7000.0,0.0,0.0,0.0,48.33734804210225,optimal
2021-02-12 05:00:00,6,1,2.0,0.0,0.0,0.14173333333333332,12.348,6.0,-3,19.789259354288014,55.0,0.011999999999999997,7000.0,0.0,0.0,0.0,48.289010694060146,optimal
2021-02-12 05:30:00,6,1,2.0,0.0,0.0,0.16346666666666668,14.3325,6.0,-3,19.88995306630298,55.0,0.011999999999999997,7000.0,0.0,0.0,0.0,48.240721683366075,optimal
2021-02-12 06:00:00,6,1,0.1747314863903292,0.0,0.0,0.162,15.393,6.0,-3,19.996614637038714,55.0,0.010666666666666665,611.5602023661522,0.0,0.0,0.0,48.192480961682705,optimal
2021-02-12 06:30:00,6,1,2.0,0.0,0.0,0.208,13.587,6.0,-3,19.86751853339103,55.0,0.007999999999999998,7000.0,0.0,0.0,0.0,48.144288480721016,optimal
2021-02-12 07:00:00,6,1,0.0,0.0,0.0,0.43473333333333336,16.1385,6.0,-3,19.99177371565185,55.0,0.007999999999999998,0.0,0.0,0.0,0.0,48.096144192240295,optimal
2021-02-12 07:30:00,6,1,2.0,0.0,0.0,1.3818,14.595,6.0,-3,19.853921835867993,55.0,0.002666666666666666,7000.0,0.0,0.0,0.0,48.048048048048045,optimal
2021-02-12 08:00:00,6,1,1.1552738587393636,0.0,0.0,0.19453333333333334,14.637,6.0,-3,20.0,55.0,0.0,4043.458505587772,0.0,0.0,0.0,48.0,optimal
2021-02-12 08:30:00,6,1,1.1503404896622307,0.0,0.0,0.22376666666666667,13.9125,6.0,-3,20.0,55.0,0.0,4026.191713817808,0.0,0.0,0.0,47.36400604040963,optimal
2021-02-12 09:00:00,6,1,1.6070461309288298,0.0,0.0,1.3831333333333335,13.3665,6.0,-3,20.0,55.0,0.02,3534.661458250904,0.0,2090.0,0.0,46.728648074778846,optimal
2021-02-12 09:30:00,6,1,2.0,0.0,0.0,0.49860000000000004,13.0095,6.0,-3,20.005991300754797,55.0,0.019333333333333334,7000.0,0.0,0.0,0.0,46.0939254671137,optimal
2021-02-12 10:00:00,6,1,0.0,0.0,0.0,0.12919999999999998,13.8915,6.0,-3,20.13242806690207,55.0,0.0,0.0,0.0,0.0,0.0,45.45983758205622,optimal
2021-02-12 10:30:00,6,1,1.1454529164373861,0.0,0.0,1.3097,13.188,6.0,-3,20.0,55.0,0.006666666666666667,3312.418540864185,0.0,696.6666666666666,0.0,44.82638378488379,optimal
2021-02-12 11:00:00,6,1,2.0,0.0,0.0,0.6073,12.5685,6.0,-3,20.029123653329883,55.0,0.006666666666666667,7000.0,0.0,0.0,0.0,44.19356344150853,optimal
2021-02-12 11:30:00,6,1,2.0,0.0,0.0,0.16546666666666668,12.285,6.0,-3,20.183830245829597,55.0,0.004666666666666667,7000.0,0.0,0.0,0.0,43.56137591847665,optimal
2021-02-12 12:00:00,6,1,2.0,0.0,0.0,1.0948,11.487,6.0,-3,20.32452798865554,55.0,0.0006666666666666665,7000.0,0.0,0.0,0.0,42.9298205829678,optimal
2021-02-12 12:30:00,6,1,2.0,0.0,0.0,1.1616,11.802,6.0,-3,20.48056714781167,55.0,0.0006666666666666665,7000.0,0.0,0.0,0.0,42.29889680279446,optimal
2021-02-12 13:00:00,6,1,2.0,0.0,0.0,0.5210333333333333,11.2245,6.0,-3,20.6249358455388,55.0,0.0,7000.0,0.0,0.0,0.0,41.66860394640129,optimal
2021-02-12 13:30:00,6,1,2.0,0.0,0.0,0.2864333333333333,11.025,6.0,-3,20.758211139593786,55.0,0.0,7000.0,0.0,0.0,0.0,41.03894138286452,optimal
2021-02-12 14:00:00,6,1,2.0,0.0,0.0,0.13183333333333333,11.907,6.0,-3,20.886932791185092,55.0,0.0,7000.0,0.0,0.0,0.0,40.409908481891286,optimal
2021-02-12 14:30:00,6,1,0.0,0.0,0.0,0.1348,25.83,6.0,-3,21.008109919633192,55.0,0.0,0.0,0.0,0.0,0.0,39.781504613819024,optimal
2021-02-12 15:00:00,6,1,0.0,0.0,0.0,0.15173333333333333,28.035,6.0,-3,20.863301403407874,55.0,0.0,0.0,0.0,0.0,0.0,39.15372914961483,optimal
2021-02-12 15:30:00,6,1,0.0,0.0,0.0,0.20753333333333332,28.119,6.0,-3,20.71946642218608,55.0,0.0,0.0,0.0,0.0,0.0,38.526581460874844,optimal
2021-02-12 16:00:00,6,1,0.0,0.0,0.0,0.1896,30.156,6.0,-3,20.57769355618808,55.0,0.0,0.0,0.0,0.0,0.0,37.9000609198236,optimal
2021-02-12 16:30:00,6,1,0.0,0.0,0.0,0.08906666666666667,29.1585,6.0,-3,20.435181899432006,55.0,0.0,0.0,0.0,0.0,0.0,37.27416689931341,optimal
2021-02-12 17:00:00,6,1,0.0,0.0,0.0,0.2429333333333333,26.712,6.0,-3,20.287698963412563,55.0,0.0,0.0,0.0,0.0,0.0,36.64889877282372,optimal
2021-02-12 17:30:00,6,1,0.0,0.0,0.0,0.17926666666666669,15.435,6.0,-3,20.14489264783745,55.0,0.0,0.0,0.0,0.0,0.0,36.024255914460525,optimal
2021-02-12 18:00:00,6,1,1.1262078184481132,0.0,0.0,0.064,13.566,6.0,-3,20.0,55.0,0.0,3941.7273645683963,0.0,0.0,0.0,35.40023769895569,optimal
2021-02-12 18:30:00,6,1,1.233182016436392,0.0,0.0,0.1565,12.789,6.0,-3,20.0,55.0,0.0,4316.137057527372,0.0,0.0,0.0,34.77684350166636,optimal
2021-02-12 19:00:00,6,1,2.0,0.0,0.0,0.22243333333333332,12.1275,6.0,-3,20.017266683787486,55.0,0.0,7000.0,0.0,0.0,0.0,34.154072698574325,optimal
2021-02-12 19:30:00,6,1,0.0,0.0,0.0,0.17306666666666667,13.671,6.0,-3,20.13791560063826,55.0,0.0,0.0,0.0,0.0,0.0,34.11991862587575,optimal
2021-02-12 20:00:00,6,1,1.0554915743562474,0.0,0.0,0.2736,10.668,6.0,-3,20.0,55.0,0.002666666666666666,3345.887176913533,0.0,348.33333333333326,0.0,34.08579870724987,optimal
2021-02-12 20:30:00,6,1,0.0,0.0,0.0,0.2508,11.7285,6.0,-3,20.0,55.0,0.002666666666666666,0.0,0.0,0.0,0.0,34.05171290854262,optimal
2021-02-12 21:00:00,6,1,0.0,0.0,0.0,0.29386666666666666,11.025,6.0,-3,19.872982144423055,55.0,0.0,0.0,0.0,0.0,0.0,34.017661195634076,optimal
2021-02-12 21:30:00,6,1,0.0,0.0,0.0,0.291,10.689,6.0,-3,19.746354715309888,55.0,0.0,0.0,0.0,0.0,0.0,33.98364353443844,optimal
2021-02-12 22:00:00,6,1,0.0,0.0,0.0,0.1348,8.1585,6.0,-3,19.614488563186033,55.0,0.0,0.0,0.0,0.0,0.0,33.949659890904,optimal
2021-02-12 22:30:00,6,1,0.0,0.0,0.0,0.23726666666666668,10.3635,6.0,-3,19.473744342891717,55.0,0.0,0.0,0.0,0.0,0.0,33.9157102310131,optimal
2021-02-12 23:00:00,6,1,0.0,0.0,0.0,0.15346666666666667,10.8045,6.0,-3,19.337919698217824,55.0,0.0,0.0,0.0,0.0,0.0,33.88179452078209,optimal
2021-02-12 23:30:00,6,1,0.0,0.0,0.0,0.16513333333333333,11.025,6.0,-3,19.1999410909585,55.0,0.0,0.0,0.0,0.0,0.0,33.847912726261306,optimal
2021-02-13 00:00:00,6,1,2.0,0.0,7.0,0.045,8.1585,6.0,-3,19.1999410909585,55.0,0.0,7000.0,0.0,0.0,0.0,37.13906481353505,optimal
2021-02-13 00:30:00,6,1,2.0,0.0,0.0,0.045,9.4815,6.0,-3,19.323746898705718,55.0,0.06698564593301436,0.0,0.0,7000.0,0.0,37.10192574872151,optimal
2021-02-13 01:00:00,6,1,2.0,0.0,0.0,0.12293333333333334,8.379,6.0,-3,19.182552888416687,55.0,0.07352797694958058,6316.32640876883,0.0,683.6735912311697,0.0,37.06482382297279,optimal
2021-02-13 01:30:00,6,1,2.0,0.0,0.0,0.08953333333333333,9.5235,6.0,-3,19.28434922856305,55.0,0.07352797694958058,7000.0,0.0,0.0,0.0,37.02775899914982,optimal
2021-02-13 02:00:00,6,1,2.0,0.0,7.0,0.045,8.1375,6.0,-3,19.41032609530445,55.0,0.07352797694958058,7000.0,0.0,0.0,0.0,40.31573124015067,optimal
2021-02-13 02:30:00,6,1,2.0,0.0,0.0,0.09509999999999999,10.0905,6.0,-3,19.5340545357055,55.0,0.07352797694958058,7000.0,0.0,0.0,0.0,40.27541550891052,optimal
2021-02-13 03:00:00,6,1,2.0,0.0,7.0,0.11736666666666666,7.539,6.0,-3,19.65875391660378,55.0,0.07352797694958058,7000.0,0.0,0.0,0.0,43.560140093401614,optimal
2021-02-13 03:30:00,6,1,2.0,0.0,7.0,0.045,7.938,6.0,-3,19.783365501122315,55.0,0.07352797694958058,7000.0,0.0,0.0,0.0,46.84157995330821,optimal
2021-02-13 04:00:00,6,1,2.0,0.0,3.553499412760998,0.13963333333333333,8.274,6.0,-3,19.903942336087226,55.0,0.07352797694958058,7000.0,0.0,0.0,0.0,48.48265059441637,optimal
2021-02-13 04:30:00,6,1,2.0,0.0,0.0,0.07283333333333333,9.261,6.0,-3,20.026823500765747,55.0,0.07352797694958058,7000.0,0.0,0.0,0.0,48.434167943821954,optimal
2021-02-13 05:00:00,6,1,2.0,0.0,0.0,0.061700000000000005,9.9225,6.0,-3,20.145520612561544,55.0,0.07352797694958058,7000.0,0.0,0.0,0.0,48.38573377587813,optimal
2021-02-13 05:30:00,6,1,2.0,0.0,0.0,0.1507666666666667,9.702,6.0,-3,20.262167849206996,55.0,0.07352797694958058,7000.0,0.0,0.0,0.0,48.33734804210225,optimal
2021-02-13 06:00:00,6,1,2.0,0.0,0.0,0.045,10.584,6.0,-3,20.38056589453524,55.0,0.07352797694958058,7000.0,0.0,0.0,0.0,48.289010694060146,optimal
2021-02-13 06:30:00,6,1,2.0,0.0,0.0,0.16746666666666668,10.143,6.0,-3,20.49334118097485,55.0,0.07352797694958058,7000.0,0.0,0.0,0.0,48.240721683366075,optimal
2021-02-13 07:00:00,6,1,0.0,0.0,0.0,0.04583333333333334,13.0095,6.0,-3,20.60953042141906,55.0,0.0528613102829139,0.0,0.0,0.0,0.0,48.192480961682705,optimal
2021-02-13 07:30:00,6,1,2.0,0.0,0.0,0.1288,11.025,6.0,-3,20.465216074307293,55.0,0.028194643616247243,7000.0,0.0,0.0,0.0,48.144288480721016,optimal
2021-02-13 08:00:00,6,1,0.0,0.0,0.0,0.12283333333333331,12.789,6.0,-3,20.58644848838716,55.0,0.026194643616247244,0.0,0.0,0.0,0.0,48.096144192240295,optimal
2021-02-13 08:30:00,6,1,2.0,0.0,0.0,0.053,12.1275,6.0,-3,20.446444618196523,55.0,0.026194643616247244,7000.0,0.0,0.0,0.0,48.048048048048045,optimal
2021-02-13 09:00:00,6,1,2.0,0.0,0.0,0.0883,12.1695,6.0,-3,20.57394078381253,55.0,0.024861310282913912,7000.0,0.0,0.0,0.0,48.0,optimal
2021-02-13 09:30:00,6,1,2.0,0.0,0.0,0.9343333333333333,12.306,6.0,-3,20.706100758601973,55.0,0.024861310282913912,7000.0,0.0,0.0,0.0,47.65092085833269,optimal
2021-02-13 10:00:00,6,1,0.0,0.0,0.0,0.8088,13.23,6.0,-3,20.838957545689755,55.0,0.024861310282913912,0.0,0.0,0.0,0.0,47.30219079580705,optimal
2021-02-13 10:30:00,6,1,0.0,0.0,0.0,0.35756666666666664,13.671,6.0,-3,20.69686169272925,55.0,0.02286131028291391,0.0,0.0,0.0,0.0,46.95380946334394,optimal
2021-02-13 11:00:00,6,1,0.0,0.0,0.0,0.9697666666666668,13.9335,6.0,-3,20.556885765767046,55.0,0.020194643616247242,0.0,0.0,0.0,0.0,46.60577651221328,optimal
2021-02-13 11:30:00,6,1,0.0,0.0,0.0,1.2705,13.293,6.0,-3,20.434944945627233,55.0,0.020194643616247242,0.0,0.0,0.0,0.0,46.25809159403376,optimal
2021-02-13 12:00:00,6,1,2.0,0.0,0.0,0.13293333333333335,12.1065,6.0,-3,20.318560595492027,55.0,0.020194643616247242,7000.0,0.0,0.0,0.0,45.910754360772415,optimal
2021-02-13 12:30:00,6,1,2.0,0.0,0.0,0.09953333333333332,11.571,6.0,-3,20.43286518349322,55.0,0.020194643616247242,7000.0,0.0,0.0,0.0,45.56376446474433,optimal
2021-02-13 13:00:00,6,1,2.0,0.0,0.0,0.09396666666666668,11.025,6.0,-3,20.545801399454014,55.0,0.020194643616247242,7000.0,0.0,0.0,0.0,45.21712155861228,optimal
2021-02-13 13:30:00,6,1,2.0,0.0,0.0,0.1385,10.8465,6.0,-3,20.658430941837768,55.0,0.020194643616247242,7000.0,0.0,0.0,0.0,44.870825295386354,optimal
2021-02-13 14:00:00,6,1,2.0,0.0,0.0,0.055,11.2455,6.0,-3,20.772648800801793,55.0,0.020194643616247242,7000.0,0.0,0.0,0.0,44.52487532842366,optimal
2021-02-13 14:30:00,6,1,0.0,0.0,0.0,0.17746666666666666,23.8665,6.0,-3,20.88360622455816,55.0,0.020194643616247242,0.0,0.0,0.0,0.0,44.17927131142793,optimal
2021-02-13 15:00:00,6,1,0.0,0.0,0.0,0.055,27.4575,6.0,-3,20.734658660287515,55.0,0.020194643616247242,0.0,0.0,0.0,0.0,43.834012898449195,optimal
2021-02-13 15:30:00,6,1,0.0,0.0,0.0,0.32993333333333336,27.3735,6.0,-3,20.582939115139098,55.0,0.020194643616247242,0.0,0.0,0.0,0.0,43.489099743883436,optimal
2021-02-13 16:00:00,6,1,0.0,0.0,0.0,0.23826666666666668,30.4605,6.0,-3,20.453853933535143,55.0,0.018194643616247244,0.0,0.0,0.0,0.0,43.14453150247225,optimal
2021-02-13 16:30:00,6,1,0.0,0.0,0.0,0.6534666666666668,30.0195,6.0,-3,20.331873723147435,55.0,0.016861310282913912,0.0,0.0,0.0,0.0,42.80030782930247,optimal
2021-02-13 17:00:00,6,1,0.0,0.0,0.0,0.2607333333333333,26.9325,6.0,-3,20.23004413796544,55.0,0.016861310282913912,0.0,0.0,0.0,0.0,42.45642837980586,optimal
2021-02-13 17:30:00,6,1,0.0,0.0,0.0,0.2086,14.595,6.0,-3,20.115874082854088,55.0,0.016861310282913912,0.0,0.0,0.0,0.0,42.11289280975874,optimal
2021-02-13 18:00:00,6,1,0.9251316279719378,0.0,0.0,0.3454,12.4845,6.0,-3,20.0,55.0,0.016194643616247242,3237.9606979017826,0.0,0.0,0.0,41.76970077528167,optimal
2021-02-13 18:30:00,6,1,0.9068154285598004,0.0,0.0,0.4400333333333334,12.1275,6.0,-3,20.0,55.0,0.015527976949580578,3173.8539999593013,0.0,0.0,0.0,41.42685193283908,optimal
2021-02-13 19:00:00,6,1,1.890749936987361,0.0,0.0,0.19026666666666667,12.1275,6.0,-3,20.0,55.0,0.015527976949580578,6617.624779455764,0.0,0.0,0.0,41.38542508090624,optimal
2021-02-13 19:30:00,6,1,0.0,0.0,0.0,0.4406666666666667,12.789,6.0,-3,20.121485703001444,55.0,0.01286131028291391,0.0,0.0,0.0,0.0,41.344039655825334,optimal
2021-02-13 20:00:00,6,1,0.9657296695943421,0.0,0.0,0.07663333333333334,11.907,6.0,-3,20.0,55.0,0.01286131028291391,3380.0538435801973,0.0,0.0,0.0,41.30269561616951,optimal
2021-02-13 20:30:00,6,1,0.3325694501244275,0.0,0.0,0.059533333333333334,11.025,6.0,-3,20.0,55.0,0.0,0.0,0.0,1163.9930754354964,0.0,41.26139292055334,optimal
2021-02-13 21:00:00,6,1,0.0199047619047619,0.0,0.0,0.06413333333333333,8.2005,6.0,-3,19.873278576703495,55.0,0.0,0.0,0.0,69.66666666666666,0.0,41.22013152763279,optimal
2021-02-13 21:30:00,6,1,0.0,0.0,0.0,0.20386666666666667,9.5655,6.0,-3,19.751836936832298,55.0,0.0,0.0,0.0,0.0,0.0,41.17891139610516,optimal
2021-02-13 22:00:00,6,1,0.0398095238095238,0.0,0.0,0.097,7.056,6.0,-3,19.62948816732176,55.0,0.0,0.0,0.0,139.33333333333331,0.0,41.137732484709055,optimal
2021-02-13 22:30:00,6,1,0.0,0.0,0.0,0.19146666666666667,9.3975,6.0,-3,19.500178084718033,55.0,0.0,0.0,0.0,0.0,0.0,41.09659475222435,optimal
2021-02-13 23:00:00,6,1,0.0,0.0,0.0,0.055,10.059,6.0,-3,19.367461376577314,55.0,0.0,0.0,0.0,0.0,0.0,41.05549815747212,optimal
2021-02-13 23:30:00,6,1,0.0,0.0,0.0,0.051333333333333335,9.261,6.0,-3,19.22705918384645,55.0,0.0,0.0,0.0,0.0,0.0,41.01444265931465,optimal
2021-02-07 00:00:00,7,1,0.0,0.0,0.0,0.1987333333333333,7.7175,6.0,-3,21.0,55.0,0.12,0.0,0.0,0.0,0.0,47.952,optimal
2021-02-07 00:30:00,7,1,1.8202450436276838,0.0,0.0,0.143,6.615,6.0,-3,20.876266308040996,55.0,0.12,6370.857652696894,0.0,0.0,0.0,47.904047999999996,optimal
2021-02-07 01:00:00,7,1,2.0,0.0,0.0,0.16833333333333333,6.174,6.0,-3,20.991285779345066,55.0,0.12,7000.0,0.0,0.0,0.0,47.856143952,optimal
2021-02-07 01:30:00,7,1,2.0,0.0,0.0,0.1278,3.906,6.0,-3,21.129428528549287,55.0,0.12,7000.0,0.0,0.0,0.0,47.80828780804799,optimal
2021-02-07 02:00:00,7,1,2.0,0.0,0.0,0.11259999999999999,2.3415,6.0,-3,21.264638339970006,55.0,0.12,7000.0,0.0,0.0,0.0,47.76047952023995,optimal
2021-02-07 02:30:00,7,1,2.0,0.0,0.0,0.16833333333333333,2.205,6.0,-3,21.39789412076873,55.0,0.12,7000.0,0.0,0.0,0.0,47.712719040719705,optimal
2021-02-07 03:00:00,7,1,2.0,0.0,3.8885595958852175,0.1754,0.882,6.0,-3,21.531517692515376,55.0,0.12,7000.0,0.0,0.0,0.0,49.51207212972446,optimal
2021-02-07 03:30:00,7,1,2.0,0.0,0.0,0.17833333333333334,1.5435,6.0,-3,21.663592201121673,55.0,0.12,7000.0,0.0,0.0,0.0,49.46256005759473,optimal
2021-02-07 04:00:00,7,1,2.0,0.0,0.0,0.115,1.5435,6.0,-3,21.79411885964507,55.0,0.12,7000.0,0.0,0.0,0.0,49.41309749753713,optimal
2021-02-07 04:30:00,7,1,2.0,0.0,0.0,0.1434,5.0715,6.0,-3,21.920907968238453,55.0,0.12,7000.0,0.0,0.0,0.0,49.363684400039595,optimal
2021-02-07 05:00:00,7,1,2.0,0.0,0.0,0.12273333333333332,5.376,6.0,-3,22.047900977850233,55.0,0.12,7000.0,0.0,0.0,0.0,49.314320715639546,optimal
2021-02-07 05:30:00,7,1,2.0,0.0,0.0,0.1678,5.0715,6.0,-3,22.173469372469167,55.0,0.12,7000.0,0.0,0.0,0.0,49.26500639492391,optimal
2021-02-07 06:00:00,7,1,2.0,0.0,0.0,0.13019999999999998,5.5125,6.0,-3,22.29972929083528,55.0,0.12,7000.0,0.0,0.0,0.0,49.215741388528976,optimal
2021-02-07 06:30:00,7,1,0.0,0.0,0.0,0.077,9.261,6.0,-3,22.423325881520977,55.0,0.12,0.0,0.0,0.0,0.0,49.16652564714044,optimal
2021-02-07 07:00:00,7,1,0.0,0.0,0.0,0.2847333333333333,11.7075,6.0,-3,22.27916940205091,55.0,0.12,0.0,0.0,0.0,0.0,49.1173591214933,optimal
2021-02-07 07:30:00,7,1,0.0,0.0,0.0,0.077,12.348,6.0,-3,22.143562247587994,55.0,0.12,0.0,0.0,0.0,0.0,49.0682417623718,optimal
2021-02-07 08:00:00,7,1,0.0,0.0,0.0,0.15806666666666666,12.348,6.0,-3,22.0,55.0,0.12,0.0,0.0,0.0,0.0,49.01917352060943,optimal
2021-02-07 08:30:00,7,1,0.0,0.0,0.0,0.19833333333333328,12.1275,6.0,-3,21.859452374263086,55.0,0.12,0.0,0.0,0.0,0.0,48.97015434708881,optimal
2021-02-07 09:00:00,7,1,0.0,0.0,0.0,0.067,12.5265,6.0,-3,21.72130202284598,55.0,0.12,0.0,0.0,0.0,0.0,48.92118419274172,optimal
2021-02-07 09:30:00,7,1,0.0,0.0,0.0,1.5708,11.7495,6.0,-3,21.579023099576656,55.0,0.114,0.0,0.0,0.0,0.0,48.87226300854897,optimal
2021-02-07 10:00:00,7,1,0.0,0.0,0.0,0.2954,13.23,6.0,-3,21.467089833827142,55.0,0.114,0.0,0.0,0.0,0.0,48.823390745540415,optimal
2021-02-07 10:30:00,7,1,0.0,0.0,0.0,1.4024666666666668,14.3325,6.0,-3,21.34771418439673,55.0,0.114,0.0,0.0,0.0,0.0,48.774567354794875,optimal
2021-02-07 11:00:00,7,1,0.0,0.0,0.0,0.5023333333333333,14.994,6.0,-3,21.238123972194554,55.0,0.11266666666666666,0.0,0.0,0.0,0.0,48.72579278744007,optimal
2021-02-07 11:30:00,7,1,0.0,0.0,0.0,0.6024666666666667,14.8155,6.0,-3,21.12101675324539,55.0,0.11066666666666666,0.0,0.0,0.0,0.0,48.67706699465263,optimal
2021-02-07 12:00:00,7,1,0.0,0.0,0.0,0.4104,14.112,6.0,-3,21.020878160780683,55.0,0.092,0.0,0.0,0.0,0.0,48.62838992765797,optimal
2021-02-07 12:30:00,7,1,0.0,0.0,0.0,1.5232,14.007,6.0,-3,20.914551463019624,55.0,0.09066666666666667,0.0,0.0,0.0,0.0,48.579761537730306,optimal
2021-02-07 13:00:00,7,1,0.0,0.0,0.0,1.375233333333333,13.23,6.0,-3,20.827546017569126,55.0,0.09066666666666667,0.0,0.0,0.0,0.0,48.53118177619257,optimal
2021-02-07 13:30:00,7,1,1.805044890256638,0.0,0.0,0.5033333333333333,11.382,6.0,-3,20.740160421028946,55.0,0.086,6317.657115898233,0.0,0.0,0.0,48.48265059441637,optimal
2021-02-07 14:00:00,7,1,0.0,0.0,0.0,0.3333333333333333,11.7495,6.0,-3,20.87322218955686,55.0,0.086,0.0,0.0,0.0,0.0,48.434167943821954,optimal
2021-02-07 14:30:00,7,1,0.0,0.0,0.0,0.4838,24.3285,6.0,-3,20.76530567839266,55.0,0.084,0.0,0.0,0.0,0.0,48.38573377587813,optimal
2021-02-07 15:00:00,7,1,0.0,0.0,0.0,2.041333333333333,28.917,6.0,-3,20.65884418497028,55.0,0.084,0.0,0.0,0.0,0.0,48.33734804210225,optimal
2021-02-07 15:30:00,7,1,0.0,0.0,0.0,1.3655,31.3635,6.0,-3,20.57485492501143,55.0,0.08266666666666667,0.0,0.0,0.0,0.0,48.289010694060146,optimal
2021-02-07 16:00:00,7,1,0.0,0.0,0.0,0.4142,33.306,6.0,-3,20.4851455891266,55.0,0.08266666666666667,0.0,0.0,0.0,0.0,48.240721683366075,optimal
2021-02-07 16:30:00,7,1,0.0,0.0,0.0,0.24656666666666663,31.3425,6.0,-3,20.383988238444104,55.0,0.07933333333333334,0.0,0.0,0.0,0.0,48.192480961682705,optimal
2021-02-07 17:00:00,7,1,0.0,0.0,0.0,0.5187666666666666,28.2555,6.0,-3,20.276877041019528,55.0,0.07733333333333334,0.0,0.0,0.0,0.0,48.144288480721016,optimal
2021-02-07 17:30:00,7,1,0.0,0.0,0.0,1.9392,15.6975,6.0,-3,20.18338207608758,55.0,0.07466666666666667,0.0,0.0,0.0,0.0,48.096144192240295,optimal
2021-02-07 18:00:00,7,1,0.0,0.0,0.0,0.22553333333333334,12.5475,6.0,-3,20.10326388805378,55.0,0.07133333333333333,0.0,0.0,0.0,0.0,48.048048048048045,optimal
2021-02-07 18:30:00,7,1,1.153316851703738,0.0,0.0,0.2767,12.0855,6.0,-3,20.0,55.0,0.06866666666666667,4036.608980963083,0.0,0.0,0.0,48.0,optimal
2021-02-07 19:00:00,7,1,2.0,0.0,0.0,0.6701666666666666,11.907,6.0,-3,20.04869004237153,55.0,0.06866666666666667,7000.0,0.0,0.0,0.0,47.54005073727727,optimal
2021-02-07 19:30:00,7,1,0.0,0.0,0.0,0.19803333333333334,12.5685,6.0,-3,20.219631881596946,55.0,0.06866666666666667,0.0,0.0,0.0,0.0,47.080561423817265,optimal
2021-02-07 20:00:00,7,1,0.0,0.0,0.0,0.2889333333333333,13.146,6.0,-3,20.10572321131829,55.0,0.04266666666666668,0.0,0.0,0.0,0.0,46.62153159967072,optimal
2021-02-07 20:30:00,7,1,0.0,0.0,0.0,0.1801333333333333,10.584,6.0,-3,20.0,55.0,0.04266666666666668,0.0,0.0,0.0,0.0,46.16296080534832,optimal
2021-02-07 21:00:00,7,1,0.0,0.0,0.0,0.11773333333333331,6.678,6.0,-3,19.888143889614586,55.0,0.04266666666666668,0.0,0.0,0.0,0.0,46.11679784454297,optimal
2021-02-07 21:30:00,7,1,0.0,0.0,0.0,0.13126666666666667,7.938,6.0,-3,19.76934677408519,55.0,0.04266666666666668,0.0,0.0,0.0,0.0,46.07068104669843,optimal
2021-02-07 22:00:00,7,1,0.0,0.0,0.0,0.3048666666666667,5.292,6.0,-3,19.65675642721035,55.0,0.039333333333333345,0.0,0.0,0.0,0.0,46.02461036565173,optimal
2021-02-07 22:30:00,7,1,0.0,0.0,0.0,0.43260000000000004,9.261,6.0,-3,19.56007599806956,55.0,0.03733333333333334,0.0,0.0,0.0,0.0,45.97858575528608,optimal
2021-02-07 23:00:00,7,1,0.0,0.0,0.0,0.2803,10.3635,6.0,-3,19.468928818889967,55.0,0.03600000000000001,0.0,0.0,0.0,0.0,45.9326071695308,optimal
2021-02-07 23:30:00,7,1,0.0,0.0,0.0,0.247,8.274,6.0,-3,19.37384035919188,55.0,0.03600000000000001,0.0,0.0,0.0,0.0,45.886674562361264,optimal
2021-02-08 00:00:00,7,1,2.0,0.0,0.0,0.19526666666666667,6.7725,6.0,-4,19.37384035919188,55.0,0.03600000000000001,7000.0,0.0,0.0,0.0,45.8407878877989,optimal
2021-02-08 00:30:00,7,1,2.0,0.0,0.0,0.053,5.5755,6.0,-4,19.51543733018353,55.0,0.03600000000000001,7000.0,0.0,0.0,0.0,45.794947099911106,optimal
2021-02-08 01:00:00,7,1,2.0,0.0,0.0,0.14353333333333332,5.0925,6.0,-4,19.650604785658565,55.0,0.03600000000000001,7000.0,0.0,0.0,0.0,45.74915215281119,optimal
2021-02-08 01:30:00,7,1,2.0,0.0,5.953218474808826,0.10473333333333332,4.1895,6.0,-4,19.788185475406113,55.0,0.03600000000000001,7000.0,0.0,0.0,0.0,48.53118177619257,optimal
2021-02-08 02:00:00,7,1,2.0,0.0,0.0,0.10473333333333332,7.056,6.0,-4,19.922902897512508,55.0,0.03600000000000001,7000.0,0.0,0.0,0.0,48.48265059441637,optimal
2021-02-08 02:30:00,7,1,2.0,0.0,0.0,0.14353333333333332,5.271,6.0,-4,20.05624419147657,55.0,0.03600000000000001,7000.0,0.0,0.0,0.0,48.434167943821954,optimal
2021-02-08 03:00:00,7,1,2.0,0.0,0.0,0.053,7.938,6.0,-4,20.190430408726886,55.0,0.03600000000000001,7000.0,0.0,0.0,0.0,48.38573377587813,optimal
2021-02-08 03:30:00,7,1,2.0,0.0,0.0,0.2049333333333333,7.938,6.0,-4,20.32056922661772,55.0,0.03600000000000001,7000.0,0.0,0.0,0.0,48.33734804210225,optimal
2021-02-08 04:00:00,7,1,2.0,0.0,0.0,0.05333333333333334,11.907,6.0,-4,20.45474065740263,55.0,0.03600000000000001,7000.0,0.0,0.0,0.0,48.289010694060146,optimal
2021-02-08 04:30:00,7,1,2.0,0.0,0.0,0.17906666666666665,11.025,6.0,-4,20.582165396783576,55.0,0.03600000000000001,7000.0,0.0,0.0,0.0,48.240721683366075,optimal
2021-02-08 05:00:00,7,1,2.0,0.0,0.0,0.08886666666666666,11.2875,6.0,-4,20.71229326759766,55.0,0.03600000000000001,7000.0,0.0,0.0,0.0,48.192480961682705,optimal
2021-02-08 05:30:00,7,1,0.0,0.0,0.0,0.2582333333333333,12.936,6.0,-4,20.837286486889923,55.0,0.03600000000000001,0.0,0.0,0.0,0.0,48.144288480721016,optimal
2021-02-08 06:00:00,7,1,0.0,0.0,0.0,1.343,13.0095,6.0,-4,20.70600343431356,55.0,0.03333333333333334,0.0,0.0,0.0,0.0,48.096144192240295,optimal
2021-02-08 06:30:00,7,1,0.0,0.0,0.0,2.4844333333333335,13.671,6.0,-4,20.58681376583832,55.0,0.016666666666666677,0.0,0.0,0.0,0.0,48.048048048048045,optimal
2021-02-08 07:00:00,7,1,0.0,0.0,0.0,0.9321333333333333,13.188,6.0,-4,20.47544882543729,55.0,0.014666666666666677,0.0,0.0,0.0,0.0,48.0,optimal
2021-02-08 07:30:00,7,1,0.0,0.0,0.0,0.08886666666666666,13.8495,6.0,-4,20.351530865287547,55.0,0.014666666666666677,0.0,0.0,0.0,0.0,47.905931620725724,optimal
2021-02-08 08:00:00,7,1,2.0,0.0,0.0,0.1794,13.23,6.0,-4,20.20766997023287,55.0,0.014666666666666677,7000.0,0.0,0.0,0.0,47.811957309830724,optimal
2021-02-08 08:30:00,7,1,1.6750957457731679,0.0,0.0,0.05333333333333334,13.3665,6.0,-4,20.33349600795259,55.0,0.014666666666666677,5862.835110206088,0.0,0.0,0.0,47.71807697324662,optimal
2021-02-08 09:00:00,7,1,2.0,0.0,0.0,0.053,13.0515,6.0,-4,20.410281776437934,55.0,0.014666666666666677,7000.0,0.0,0.0,0.0,47.624290516999096,optimal
2021-02-08 09:30:00,7,1,2.0,0.0,0.0,0.06266666666666666,13.5345,6.0,-4,20.52871096915104,55.0,0.014666666666666677,7000.0,0.0,0.0,0.0,47.53059784720782,optimal
2021-02-08 10:00:00,7,1,0.0,0.0,0.0,0.1762,14.154,6.0,-4,20.647375361532305,55.0,0.014666666666666677,0.0,0.0,0.0,0.0,47.43699887008634,optimal
2021-02-08 10:30:00,7,1,0.0,0.0,0.0,0.08206666666666666,14.112,6.0,-4,20.506464959575506,55.0,0.014666666666666677,0.0,0.0,0.0,0.0,47.343493491941985,optimal
2021-02-08 11:00:00,7,1,0.0,0.0,0.0,0.063,14.2485,6.0,-4,20.361578018497983,55.0,0.014666666666666677,0.0,0.0,0.0,0.0,47.250081619175766,optimal
2021-02-08 11:30:00,7,1,2.0,0.0,0.0,0.063,12.789,6.0,-4,20.215920084906976,55.0,0.014666666666666677,7000.0,0.0,0.0,0.0,47.15676315828232,optimal
2021-02-08 12:00:00,7,1,2.0,0.0,0.0,0.20526666666666668,13.0095,6.0,-4,20.336542252197205,55.0,0.014666666666666677,7000.0,0.0,0.0,0.0,47.06353801584976,optimal
2021-02-08 12:30:00,7,1,2.0,0.0,0.0,0.063,12.1275,6.0,-4,20.462385418145942,55.0,0.014666666666666677,7000.0,0.0,0.0,0.0,46.970406098559636,optimal
2021-02-08 13:00:00,7,1,2.0,0.0,0.0,1.5359333333333334,12.348,6.0,-4,20.58340641497532,55.0,0.01400000000000001,7000.0,0.0,0.0,0.0,46.8773673131868,optimal
2021-02-08 13:30:00,7,1,2.0,0.0,0.0,0.19319999999999998,12.348,6.0,-4,20.717634594944645,55.0,0.01400000000000001,7000.0,0.0,0.0,0.0,46.78442156659934,optimal
2021-02-08 14:00:00,7,1,0.0,0.0,0.0,0.09766666666666668,25.389,6.0,-4,20.850493814036405,55.0,0.01400000000000001,0.0,0.0,0.0,0.0,46.69156876575847,optimal
2021-02-08 14:30:00,7,1,0.0,0.0,0.0,0.206,29.1375,6.0,-4,20.72162136252727,55.0,0.01400000000000001,0.0,0.0,0.0,0.0,46.598808817718435,optimal
2021-02-08 15:00:00,7,1,0.0,0.0,0.0,0.3334,30.597,6.0,-4,20.59600543588904,55.0,0.01400000000000001,0.0,0.0,0.0,0.0,46.50614162962644,optimal
2021-02-08 15:30:00,7,1,0.0,0.0,0.0,0.42203333333333337,33.684,6.0,-4,20.47728377338118,55.0,0.01400000000000001,0.0,0.0,0.0,0.0,46.41356710872254,optimal
2021-02-08 16:00:00,7,1,0.0,0.0,0.0,0.184,32.445,6.0,-4,20.363737968768028,55.0,0.01400000000000001,0.0,0.0,0.0,0.0,46.32108516233954,optimal
2021-02-08 16:30:00,7,1,0.0,0.0,0.0,0.2755,28.917,6.0,-4,20.241071828218917,55.0,0.01400000000000001,0.0,0.0,0.0,0.0,46.22869569790293,optimal
2021-02-08 17:00:00,7,1,0.0,0.0,0.0,0.14693333333333333,15.876,6.0,-4,20.123924246548402,55.0,0.011333333333333343,0.0,0.0,0.0,0.0,46.13639862293075,optimal
2021-02-08 17:30:00,7,1,0.8790898766123434,0.0,0.0,2.4119333333333333,12.348,6.0,-4,20.0,55.0,0.010666666666666677,3076.8145681432015,0.0,0.0,0.0,46.04419384503355,optimal
2021-02-08 18:00:00,7,1,1.9589427299324282,0.0,0.0,0.4109,12.1275,6.0,-4,20.0,55.0,0.008666666666666677,6856.299554763498,0.0,0.0,0.0,45.95208127191424,optimal
2021-02-08 18:30:00,7,1,0.0,0.0,0.0,0.08886666666666666,12.348,6.0,-4,20.14342803420108,55.0,0.008666666666666677,0.0,0.0,0.0,0.0,45.86006081136805,optimal
2021-02-08 19:00:00,7,1,1.0812193899947309,0.0,0.0,0.063,12.1275,6.0,-4,20.0,55.0,0.008666666666666677,3784.267864981558,0.0,0.0,0.0,45.768132371282405,optimal
2021-02-08 19:30:00,7,1,1.0748898393773605,0.0,0.0,0.11473333333333333,12.1275,6.0,-4,20.0,55.0,0.008666666666666677,3762.114437820762,0.0,0.0,0.0,45.67629585963685,optimal
2021-02-08 20:00:00,7,1,1.072255526855231,0.0,0.0,0.15353333333333333,11.2665,6.0,-4,20.0,55.0,0.008666666666666677,3752.8943439933087,0.0,0.0,0.0,45.58455118450294,optimal
2021-02-08 20:30:00,7,1,0.0,0.0,0.0,0.063,10.143,6.0,-4,20.0,55.0,0.008666666666666677,0.0,0.0,0.0,0.0,45.492898254044164,optimal
2021-02-08 21:00:00,7,1,0.0,0.0,0.0,0.09923333333333333,11.2455,6.0,-4,19.854055817667597,55.0,0.008666666666666677,0.0,0.0,0.0,0.0,45.40133697651584,optimal
2021-02-08 21:30:00,7,1,0.0,0.0,0.0,0.3566333333333333,11.025,6.0,-4,19.712681337037697,55.0,0.007333333333333344,0.0,0.0,0.0,0.0,45.355935639539325,optimal
2021-02-08 22:00:00,7,1,0.0,0.0,0.0,0.063,5.9745,6.0,-4,19.599634442622868,55.0,0.007333333333333344,0.0,0.0,0.0,0.0,45.31057970389978,optimal
2021-02-08 22:30:00,7,1,0.0,0.0,0.0,0.16,7.938,6.0,-4,19.46450972888381,55.0,0.007333333333333344,0.0,0.0,0.0,0.0,45.26526912419588,optimal
2021-02-08 23:00:00,7,1,0.0,0.0,0.0,0.10826666666666668,8.6835,6.0,-4,19.333683707620644,55.0,0.007333333333333344,0.0,0.0,0.0,0.0,45.22000385507169,optimal
2021-02-08 23:30:00,7,1,0.0,0.0,0.0,0.058333333333333334,7.665,6.0,-4,19.201505421712017,55.0,0.007333333333333344,0.0,0.0,0.0,0.0,45.17478385121662,optimal
2021-02-09 00:00:00,7,1,2.0,0.0,0.0,0.052,10.584,6.0,0,19.201505421712017,55.0,0.007333333333333344,7000.0,0.0,0.0,0.0,45.1296090673654,optimal
2021-02-09 00:30:00,7,1,2.0,0.0,0.0,0.052,11.2455,6.0,0,19.329008653810174,55.0,0.0743189792663477,0.0,0.0,7000.0,0.0,45.084479458298034,optimal
2021-02-09 01:00:00,7,1,2.0,0.0,0.0,0.052,12.1275,6.0,0,19.191484522393996,55.0,0.14130462519936204,0.0,0.0,7000.0,0.0,45.03939497883974,optimal
2021-02-09 01:30:00,7,1,2.0,0.0,0.0,0.052,11.823,6.0,0,19.055357428851476,55.0,0.2,866.333333333333,0.0,6133.666666666667,0.0,44.9943555838609,optimal
2021-02-09 02:00:00,7,1,2.0,0.0,0.0,0.052,11.7705,6.0,0,18.95222831107641,55.0,0.2,7000.0,0.0,0.0,0.0,44.94936122827704,optimal
2021-02-09 02:30:00,7,1,2.0,0.0,0.0,0.052,11.13,6.0,0,19.0808436441914,55.0,0.2,7000.0,0.0,0.0,0.0,44.904411867048765,optimal
2021-02-09 03:00:00,7,1,2.0,0.0,0.0,0.052,11.6865,6.0,0,19.208873300161894,55.0,0.2,7000.0,0.0,0.0,0.0,44.85950745518171,optimal
2021-02-09 03:30:00,7,1,2.0,0.0,0.0,0.052,10.7205,6.0,0,19.336321642229816,55.0,0.2,7000.0,0.0,0.0,0.0,44.814647947726534,optimal
2021-02-09 04:00:00,7,1,2.0,0.0,0.0,0.051333333333333335,11.424,6.0,0,19.463565496623815,55.0,0.2,3129.32,0.0,3870.68,0.0,44.76983329977881,optimal
2021-02-09 04:30:00,7,1,2.0,0.0,0.0,1.4436666666666667,10.689,6.0,0,19.44907477691041,55.0,0.17370666666666668,7000.0,0.0,0.0,0.0,44.72506346647903,optimal
2021-02-09 05:00:00,7,1,2.0,0.0,0.0,0.8874,11.361,6.0,0,19.589779077641836,55.0,0.17237333333333332,7000.0,0.0,0.0,0.0,44.68033840301255,optimal
2021-02-09 05:30:00,7,1,2.0,0.0,0.0,1.9316666666666666,11.571,6.0,0,19.73069115781618,55.0,0.17037333333333332,7000.0,0.0,0.0,0.0,44.63565806460954,optimal
2021-02-09 06:00:00,7,1,2.0,0.0,0.0,1.1671666666666667,14.3745,6.0,0,19.88353215657969,55.0,0.16668,7000.0,0.0,0.0,0.0,44.59102240654493,optimal
2021-02-09 06:30:00,7,1,2.0,0.0,0.0,0.0798,13.23,6.0,0,20.02531397782459,55.0,0.14168,7000.0,0.0,0.0,0.0,44.54643138413839,optimal
2021-02-09 07:00:00,7,1,2.0,0.0,0.0,2.0217666666666667,13.9755,6.0,0,20.161043574790074,55.0,0.11504,7000.0,0.0,0.0,0.0,44.501884952754246,optimal
2021-02-09 07:30:00,7,1,0.30506753475049864,0.0,0.0,0.06,14.994,6.0,0,20.305278672647386,55.0,0.11437333333333333,1067.7363716267453,0.0,0.0,0.0,44.457383067801494,optimal
2021-02-09 08:00:00,7,1,2.0,0.0,0.0,0.06,13.671,6.0,0,20.21836963703654,55.0,0.09570666666666666,7000.0,0.0,0.0,0.0,44.41292568473369,optimal
2021-02-09 08:30:00,7,1,0.0,0.0,0.0,0.0948,15.981,6.0,0,20.353726348289754,55.0,0.09570666666666666,0.0,0.0,0.0,0.0,44.36851275904896,optimal
2021-02-09 09:00:00,7,1,0.0,0.0,0.0,0.4024,15.6345,6.0,0,20.228516258179738,55.0,0.09437333333333334,0.0,0.0,0.0,0.0,44.32414424628991,optimal
2021-02-09 09:30:00,7,1,0.0,0.0,0.0,0.09866666666666668,16.5375,6.0,0,20.12052833304565,55.0,0.09037333333333333,0.0,0.0,0.0,0.0,44.27982010204362,optimal
2021-02-09 10:00:00,7,1,1.2593077111751119,0.0,0.0,1.6250666666666667,14.7735,6.0,0,20.0,55.0,0.044373333333333334,4407.576989112891,0.0,0.0,0.0,44.23554028194158,optimal
2021-02-09 10:30:00,7,1,0.0,0.0,0.0,3.762766666666667,15.2145,6.0,0,20.083778851864516,55.0,0.04304,0.0,0.0,0.0,0.0,44.19130474165964,optimal
2021-02-09 11:00:00,7,1,0.519836593529443,0.0,0.0,2.881466666666667,14.553,6.0,0,20.0,55.0,0.04104,1819.4280773530504,0.0,0.0,0.0,44.147113436917984,optimal
2021-02-09 11:30:00,7,1,2.0,0.0,0.0,1.7048666666666665,14.3325,6.0,0,20.0,55.0,0.04104,7000.0,0.0,0.0,0.0,44.10296632348106,optimal
2021-02-09 12:00:00,7,1,0.11143757603479089,0.0,0.0,2.5566,14.595,6.0,0,20.178915210761645,55.0,0.035706666666666664,390.0315161217681,0.0,0.0,0.0,44.058863357157584,optimal
2021-02-09 12:30:00,7,1,0.0,0.0,0.0,2.9786333333333332,14.994,6.0,0,20.09566616331049,55.0,0.03504,0.0,0.0,0.0,0.0,44.014804493800426,optimal
2021-02-09 13:00:00,7,1,0.8054352620166089,0.0,0.0,4.569100000000001,14.3325,6.0,0,20.0,55.0,0.034666666666666665,2509.7034170581305,0.0,309.32,0.0,43.97078968930663,optimal
2021-02-09 13:30:00,7,1,2.0,0.0,0.0,3.1830333333333334,13.8915,6.0,0,20.009314636160106,55.0,0.030666666666666665,7000.0,0.0,0.0,0.0,43.926818899617324,optimal
2021-02-09 14:00:00,7,1,2.0,0.0,0.0,0.2431333333333333,13.8915,6.0,0,20.187966151046453,55.0,0.027333333333333334,7000.0,0.0,0.0,0.0,43.8828920807177,optimal
2021-02-09 14:30:00,7,1,2.0,0.0,0.0,1.537766666666667,13.4715,6.0,0,20.330422274200835,55.0,0.027333333333333334,7000.0,0.0,0.0,0.0,43.839009188636986,optimal
2021-02-09 15:00:00,7,1,2.0,0.0,0.0,0.4782,13.23,6.0,0,20.48170552733602,55.0,0.026,7000.0,0.0,0.0,0.0,43.79517017944835,optimal
2021-02-09 15:30:00,7,1,2.0,0.0,0.0,1.8875,13.8915,6.0,0,20.620648801873067,55.0,0.024,7000.0,0.0,0.0,0.0,43.7513750092689,optimal
2021-02-09 16:00:00,7,1,0.0,0.0,0.0,1.6537666666666668,26.9325,6.0,0,20.79462630057135,55.0,0.02266666666666667,0.0,0.0,0.0,0.0,43.707623634259626,optimal
2021-02-09 16:30:00,7,1,0.0,0.0,0.0,1.3067,30.303,6.0,0,20.67280183507398,55.0,0.016666666666666666,0.0,0.0,0.0,0.0,43.663916010625364,optimal
2021-02-09 17:00:00,7,1,0.0,0.0,0.0,1.7371666666666667,32.886,6.0,0,20.555792768231413,55.0,0.016666666666666666,0.0,0.0,0.0,0.0,43.62025209461474,optimal
2021-02-09 17:30:00,7,1,0.0,0.0,0.0,2.991966666666667,34.9965,6.0,0,20.442848325813983,55.0,0.016666666666666666,0.0,0.0,0.0,0.0,43.57663184252013,optimal
2021-02-09 18:00:00,7,1,0.0,0.0,0.0,0.1984333333333333,33.327,6.0,0,20.346744409016168,55.0,0.016666666666666666,0.0,0.0,0.0,0.0,43.53305521067761,optimal
2021-02-09 18:30:00,7,1,0.0,0.0,0.0,0.17033333333333334,31.122,6.0,0,20.232018743770276,55.0,0.015333333333333332,0.0,0.0,0.0,0.0,43.48952215546693,optimal
2021-02-09 19:00:00,7,1,0.0,0.0,0.0,0.31939999999999996,17.9025,6.0,0,20.112615479804184,55.0,0.0,0.0,0.0,0.0,0.0,43.44603263331146,optimal
2021-02-09 19:30:00,7,1,0.8212079971671049,0.0,0.0,1.6570333333333334,15.6555,6.0,0,20.0,55.0,0.0,2874.2279900848675,0.0,0.0,0.0,43.40258660067815,optimal
2021-02-09 20:00:00,7,1,0.8553508543099595,0.0,0.0,0.5092666666666666,14.553,6.0,0,20.0,55.0,0.0,2993.727990084858,0.0,0.0,0.0,43.35918401407747,optimal
2021-02-09 20:30:00,7,1,0.05971428571428571,0.0,0.0,1.6315333333333333,14.3325,6.0,0,20.0,55.0,0.0,0.0,0.0,209.0,0.0,43.31582483006339,optimal
2021-02-09 21:00:00,7,1,0.0,0.0,0.0,3.131866666666667,13.335,6.0,0,19.90454434253884,55.0,0.0,0.0,0.0,0.0,0.0,43.27250900523333,optimal
2021-02-09 21:30:00,7,1,0.0796190476190476,0.0,0.0,2.537333333333333,12.1275,6.0,0,19.813966295747544,55.0,0.0,0.0,0.0,278.66666666666663,0.0,43.2292364962281,optimal
2021-02-09 22:00:00,7,1,0.0,0.0,0.0,2.095733333333333,12.2955,6.0,0,19.700139648264983,55.0,0.0,0.0,0.0,0.0,0.0,43.186007259731866,optimal
2021-02-09 22:30:00,7,1,0.0199047619047619,0.0,0.0,2.610266666666667,11.6865,6.0,0,19.595065539345228,55.0,0.0,0.0,0.0,69.66666666666666,0.0,43.14282125247213,optimal
2021-02-09 23:00:00,7,1,0.11942857142857143,0.0,0.0,1.7550333333333332,11.466,6.0,0,19.50092456735742,55.0,0.0,0.0,0.0,418.0,0.0,43.09967843121966,optimal
2021-02-09 23:30:00,7,1,0.0,0.0,0.0,2.561,10.8045,6.0,0,19.396019140752994,55.0,0.0,0.0,0.0,0.0,0.0,43.05657875278844,optimal
2021-02-10 00:00:00,7,1,2.0,0.0,0.0,0.06233333333333334,11.844,6.0,-4,19.396019140752994,55.0,0.0,7000.0,0.0,0.0,0.0,43.01352217403565,optimal
2021-02-10 00:30:00,7,1,2.0,0.0,0.0,0.06766666666666667,11.508,6.0,-4,19.52415713368083,55.0,0.06698564593301436,0.0,0.0,7000.0,0.0,42.970508651861614,optimal
2021-02-10 01:00:00,7,1,2.0,0.0,0.0,0.15106666666666665,11.508,6.0,-4,19.386145547705947,55.0,0.11066666666666666,2435.333333333333,0.0,4564.666666666667,0.0,42.92753814320975,optimal
2021-02-10 01:30:00,7,1,2.0,0.0,7.0,0.20033333333333328,10.4475,6.0,-4,19.34382313859546,55.0,0.11066666666666666,7000.0,0.0,0.0,0.0,46.209610605066544,optimal
2021-02-10 02:00:00,7,1,2.0,0.0,0.0,0.061,10.8675,6.0,-4,19.475378827795897,55.0,0.11066666666666666,7000.0,0.0,0.0,0.0,46.163400994461476,optimal
2021-02-10 02:30:00,7,1,2.0,0.0,6.006140533940628,0.2714,10.542,6.0,-4,19.59994563426977,55.0,0.11066666666666666,7000.0,0.0,0.0,0.0,48.97015434708881,optimal
2021-02-10 03:00:00,7,1,2.0,0.0,0.0,0.084,11.025,6.0,-4,19.73153303983477,55.0,0.11066666666666666,7000.0,0.0,0.0,0.0,48.92118419274172,optimal
2021-02-10 03:30:00,7,1,2.0,0.0,0.0,0.06666666666666667,11.025,6.0,-4,19.85490931330095,55.0,0.11066666666666666,7000.0,0.0,0.0,0.0,48.87226300854897,optimal
2021-02-10 04:00:00,7,1,2.0,0.0,0.0,0.061,14.553,6.0,-4,19.976648651872665,55.0,0.11066666666666666,7000.0,0.0,0.0,0.0,48.823390745540415,optimal
2021-02-10 04:30:00,7,1,2.0,0.0,0.0,0.15106666666666665,13.0935,6.0,-4,20.09748104334688,55.0,0.11066666666666666,7000.0,0.0,0.0,0.0,48.774567354794875,optimal
2021-02-10 05:00:00,7,1,2.0,0.0,0.0,0.175,15.6345,6.0,-4,20.220070843045054,55.0,0.11066666666666666,7000.0,0.0,0.0,0.0,48.72579278744007,optimal
2021-02-10 05:30:00,7,1,0.0,0.0,0.0,0.09509999999999999,18.102,6.0,-4,20.341906535847205,55.0,0.11066666666666666,0.0,0.0,0.0,0.0,48.67706699465263,optimal
2021-02-10 06:00:00,7,1,2.0,0.0,0.0,0.21563333333333332,17.199,6.0,-4,20.194532943792993,55.0,0.11066666666666666,7000.0,0.0,0.0,0.0,48.62838992765797,optimal
2021-02-10 06:30:00,7,1,0.0,0.0,0.0,0.13133333333333333,18.2805,6.0,-4,20.31655360736911,55.0,0.10533333333333333,0.0,0.0,0.0,0.0,48.579761537730306,optimal
2021-02-10 07:00:00,7,1,0.5771402305089695,0.0,0.0,0.1492,17.4615,6.0,-4,20.174442047863707,55.0,0.050666666666666665,2019.9908067813933,0.0,0.0,0.0,48.53118177619257,optimal
2021-02-10 07:30:00,7,1,0.0,0.0,0.0,0.44830000000000003,18.3225,6.0,-4,20.118578516569162,55.0,0.04666666666666667,0.0,0.0,0.0,0.0,48.48265059441637,optimal
2021-02-10 08:00:00,7,1,0.9428439547359505,0.0,0.0,0.2089333333333333,17.094,6.0,-4,20.0,55.0,0.04666666666666667,3299.953841575827,0.0,0.0,0.0,48.434167943821954,optimal
2021-02-10 08:30:00,7,1,0.9198420857178395,0.0,0.0,0.17466666666666666,17.094,6.0,-4,20.0,55.0,0.044,3219.447300012438,0.0,0.0,0.0,48.38573377587813,optimal
2021-02-10 09:00:00,7,1,1.6047560594771222,0.0,0.0,0.4387,17.094,6.0,-4,20.0,55.0,0.038,5616.646208169927,0.0,0.0,0.0,48.33734804210225,optimal
2021-02-10 09:30:00,7,1,0.0,0.0,0.0,0.3012666666666666,17.3565,6.0,-4,20.108374324938538,55.0,0.035333333333333335,0.0,0.0,0.0,0.0,48.289010694060146,optimal
2021-02-10 10:00:00,7,1,2.0,0.0,0.0,0.4029666666666666,17.115,6.0,-4,20.0,55.0,0.034,7000.0,0.0,0.0,0.0,48.240721683366075,optimal
2021-02-10 10:30:00,7,1,2.0,0.0,0.0,1.8700333333333332,17.241,6.0,-4,20.161383962780718,55.0,0.030666666666666665,7000.0,0.0,0.0,0.0,48.192480961682705,optimal
2021-02-10 11:00:00,7,1,2.0,0.0,0.0,0.16503333333333334,17.094,6.0,-4,20.325604154892183,55.0,0.029333333333333333,7000.0,0.0,0.0,0.0,48.144288480721016,optimal
2021-02-10 11:30:00,7,1,2.0,0.0,0.0,0.25566666666666665,16.5165,6.0,-4,20.462319378419068,55.0,0.029333333333333333,7000.0,0.0,0.0,0.0,48.096144192240295,optimal
2021-02-10 12:00:00,7,1,0.0,0.0,0.0,0.36119999999999997,17.8185,6.0,-4,20.607071102371123,55.0,0.025333333333333333,0.0,0.0,0.0,0.0,48.048048048048045,optimal
2021-02-10 12:30:00,7,1,2.0,0.0,0.0,0.4468666666666667,17.094,6.0,-4,20.5025795495215,55.0,0.020666666666666667,7000.0,0.0,0.0,0.0,48.0,optimal
2021-02-10 13:00:00,7,1,2.0,0.0,0.0,0.24786666666666668,16.8945,6.0,-4,20.660666380172035,55.0,0.020666666666666667,7000.0,0.0,0.0,0.0,47.67528518078253,optimal
2021-02-10 13:30:00,7,1,1.5291741300014372,0.0,0.0,0.26,18.123,6.0,-4,20.803572222026183,55.0,0.018666666666666668,5352.10945500503,0.0,0.0,0.0,47.35089507638428,optimal
2021-02-10 14:00:00,7,1,0.0,0.0,0.0,0.32239999999999996,31.647,6.0,-4,20.880397118166485,55.0,0.016666666666666666,0.0,0.0,0.0,0.0,47.02682936209043,optimal
2021-02-10 14:30:00,7,1,0.0,0.0,0.0,0.3044,34.9965,6.0,-4,20.75694198399852,55.0,0.015333333333333332,0.0,0.0,0.0,0.0,46.703087713510875,optimal
2021-02-10 15:00:00,7,1,0.0,0.0,0.0,0.116,34.9965,6.0,-4,20.6331221081608,55.0,0.015333333333333332,0.0,0.0,0.0,0.0,46.3796698065799,optimal
2021-02-10 15:30:00,7,1,0.0,0.0,0.0,1.5363,34.9965,6.0,-4,20.501873095009376,55.0,0.013333333333333334,0.0,0.0,0.0,0.0,46.05657531755585,optimal
2021-02-10 16:00:00,7,1,0.0,0.0,0.0,0.35433333333333333,34.9965,6.0,-4,20.378302538461593,55.0,0.013333333333333334,0.0,0.0,0.0,0.0,45.73380392302082,optimal
2021-02-10 16:30:00,7,1,0.0,0.0,0.0,0.23666666666666664,34.9965,6.0,-4,20.25222051582407,55.0,0.012666666666666666,0.0,0.0,0.0,0.0,45.6880701190978,optimal
2021-02-10 17:00:00,7,1,0.0,0.0,0.0,0.22119999999999998,27.741,6.0,-4,20.122918125493147,55.0,0.01,0.0,0.0,0.0,0.0,45.6423820489787,optimal
2021-02-10 17:30:00,7,1,0.7786155442139665,0.0,0.0,0.7823666666666667,19.026,6.0,-4,20.0,55.0,0.006666666666666667,2725.154404748883,0.0,0.0,0.0,45.59673966692972,optimal
2021-02-10 18:00:00,7,1,0.8957365149799599,0.0,0.0,1.2654666666666667,18.7215,6.0,-4,20.0,55.0,0.006666666666666667,3135.0778024298597,0.0,0.0,0.0,45.551142927262795,optimal
2021-02-10 18:30:00,7,1,0.7992421577780933,0.0,0.0,1.7079666666666666,17.4195,6.0,-4,20.0,55.0,0.004,2797.3475522233266,0.0,0.0,0.0,45.50559178433553,optimal
2021-02-10 19:00:00,7,1,0.8752135148619378,0.0,0.0,0.48353333333333337,16.758,6.0,-4,20.0,55.0,0.0,3063.247302016782,0.0,0.0,0.0,45.460086192551195,optimal
2021-02-10 19:30:00,7,1,0.9255658511345671,0.0,0.0,0.45626666666666665,14.217,6.0,-4,20.0,55.0,0.0,3239.4804789709847,0.0,0.0,0.0,45.41462610635865,optimal
2021-02-10 20:00:00,7,1,0.9678419969310088,0.0,0.0,0.30626666666666663,13.3665,6.0,-4,20.0,55.0,0.0,3387.4469892585307,0.0,0.0,0.0,45.36921148025229,optimal
2021-02-10 20:30:00,7,1,0.0,0.0,0.0,1.5691666666666668,12.789,6.0,-4,20.0,55.0,0.0,0.0,0.0,0.0,0.0,45.32384226877204,optimal
2021-02-10 21:00:00,7,1,0.0,0.0,0.0,0.40976666666666667,11.907,6.0,-4,19.888996609775813,55.0,0.0,0.0,0.0,0.0,0.0,45.27851842650327,optimal
2021-02-10 21:30:00,7,1,0.0,0.0,0.0,0.4656,11.7075,6.0,-4,19.779157548589744,55.0,0.0,0.0,0.0,0.0,0.0,45.23323990807676,optimal
2021-02-10 22:00:00,7,1,0.11942857142857143,0.0,0.0,1.5528333333333333,10.8045,6.0,-4,19.664868969341853,55.0,0.004,0.0,0.0,418.0,0.0,45.18800666816868,optimal
2021-02-10 22:30:00,7,1,0.0,0.0,0.0,0.504,11.508,6.0,-4,19.54507637558668,55.0,0.0006666666666666665,0.0,0.0,0.0,0.0,45.14281866150051,optimal
2021-02-10 23:00:00,7,1,0.0,0.0,0.0,0.3108666666666667,11.508,6.0,-4,19.41985675894632,55.0,0.0,0.0,0.0,0.0,0.0,45.09767584283901,optimal
2021-02-10 23:30:00,7,1,0.0,0.0,0.0,0.23203333333333334,11.508,6.0,-4,19.277671797146134,55.0,0.0,0.0,0.0,0.0,0.0,45.05257816699617,optimal
2021-02-11 00:00:00,7,1,2.0,0.0,0.0,0.059,12.0855,6.0,-1,19.277671797146134,55.0,0.0,7000.0,0.0,0.0,0.0,45.007525588829175,optimal
2021-02-11 00:30:00,7,1,2.0,0.0,0.0,0.059,11.6865,6.0,-1,19.37609772459418,55.0,0.06698564593301436,0.0,0.0,7000.0,0.0,44.962518063240346,optimal
2021-02-11 01:00:00,7,1,2.0,0.0,0.0,0.059,11.2245,6.0,-1,19.21008540731868,55.0,0.07574850085346738,6084.281660812659,0.0,915.7183391873415,0.0,44.9175555451771,optimal
2021-02-11 01:30:00,7,1,2.0,0.0,0.0,0.16033333333333336,11.025,6.0,-1,19.27591030230092,55.0,0.07574850085346738,7000.0,0.0,0.0,0.0,44.872637989631926,optimal
2021-02-11 02:00:00,7,1,2.0,0.0,0.0,0.059,10.7835,6.0,-1,19.3796675628544,55.0,0.07574850085346738,7000.0,0.0,0.0,0.0,44.82776535164229,optimal
2021-02-11 02:30:00,7,1,2.0,0.0,0.0,0.059,11.025,6.0,-1,19.478823613012793,55.0,0.07574850085346738,7000.0,0.0,0.0,0.0,44.78293758629065,optimal
2021-02-11 03:00:00,7,1,2.0,0.0,1.5864760179356023,0.1046,10.584,6.0,-1,19.57649596855152,55.0,0.07574850085346738,7000.0,0.0,0.0,0.0,45.49173075722377,optimal
2021-02-11 03:30:00,7,1,2.0,0.0,0.0,0.11473333333333333,11.025,6.0,-1,19.674418385532718,55.0,0.07574850085346738,7000.0,0.0,0.0,0.0,45.44623902646654,optimal
2021-02-11 04:00:00,7,1,2.0,0.0,7.0,0.059,10.4265,6.0,-1,19.773856589613313,55.0,0.07574850085346738,7000.0,0.0,0.0,0.0,48.72579278744007,optimal
2021-02-11 04:30:00,7,1,2.0,0.0,0.0,0.16033333333333336,12.789,6.0,-1,19.872310940013538,55.0,0.07574850085346738,7000.0,0.0,0.0,0.0,48.67706699465263,optimal
2021-02-11 05:00:00,7,1,2.0,0.0,0.0,0.059,12.684,6.0,-1,19.97386004253672,55.0,0.07574850085346738,7000.0,0.0,0.0,0.0,48.62838992765797,optimal
2021-02-11 05:30:00,7,1,2.0,0.0,0.0,0.059,16.254,6.0,-1,20.070824385243075,55.0,0.07574850085346738,7000.0,0.0,0.0,0.0,48.579761537730306,optimal
2021-02-11 06:00:00,7,1,2.0,0.0,0.0,0.059,17.64,6.0,-1,20.168928829800027,55.0,0.07574850085346738,7000.0,0.0,0.0,0.0,48.53118177619257,optimal
2021-02-11 06:30:00,7,1,2.0,0.0,0.0,0.059,19.1625,6.0,-1,20.268164882551574,55.0,0.07574850085346738,7000.0,0.0,0.0,0.0,48.48265059441637,optimal
2021-02-11 07:00:00,7,1,0.0,0.0,0.0,0.1502,26.46,6.0,-1,20.368524113118678,55.0,0.07574850085346738,0.0,0.0,0.0,0.0,48.434167943821954,optimal
2021-02-11 07:30:00,7,1,0.7518812753380704,0.0,0.0,0.15696666666666667,20.79,6.0,-1,20.20899358784767,55.0,0.07508183418680071,2631.584463683246,0.0,0.0,0.0,48.38573377587813,optimal
2021-02-11 08:00:00,7,1,0.0,0.0,0.0,0.204,29.106,6.0,-1,20.152502987480172,55.0,0.07508183418680071,0.0,0.0,0.0,0.0,48.33734804210225,optimal
2021-02-11 08:30:00,7,1,2.0,0.0,0.0,0.2024,19.1835,6.0,-1,20.0,55.0,0.07174850085346739,7000.0,0.0,0.0,0.0,48.289010694060146,optimal
2021-02-11 09:00:00,7,1,0.08469572468312613,0.0,0.0,0.37539999999999996,19.6665,6.0,-1,20.121654574211746,55.0,0.07174850085346739,296.43503639094143,0.0,0.0,0.0,48.240721683366075,optimal
2021-02-11 09:30:00,7,1,0.972609533383451,0.0,0.0,0.2991333333333333,19.404,6.0,-1,20.0,55.0,0.047081834186800724,3404.1333668420784,0.0,0.0,0.0,48.192480961682705,optimal
2021-02-11 10:00:00,7,1,0.9010840824870409,0.0,0.0,0.24209999999999998,19.047,6.0,-1,20.0,55.0,0.047081834186800724,3153.794288704643,0.0,0.0,0.0,48.144288480721016,optimal
2021-02-11 10:30:00,7,1,2.0,0.0,0.0,0.5735333333333333,18.858,6.0,-1,20.0,55.0,0.052,6346.718339187342,0.0,653.2816608126577,0.0,48.096144192240295,optimal
2021-02-11 11:00:00,7,1,0.0,0.0,0.0,0.7127,19.2675,6.0,-1,20.127845105813087,55.0,0.051333333333333335,0.0,0.0,0.0,0.0,48.048048048048045,optimal
2021-02-11 11:30:00,7,1,1.8357477257295127,0.0,0.0,1.2445333333333333,18.963,6.0,-1,20.0,55.0,0.051333333333333335,6425.117040053295,0.0,0.0,0.0,48.0,optimal
2021-02-11 12:00:00,7,1,2.0,0.0,0.0,0.17813333333333334,18.438,6.0,-1,20.12214326324191,55.0,0.04933333333333333,7000.0,0.0,0.0,0.0,47.487805747907295,optimal
2021-02-11 12:30:00,7,1,2.0,0.0,0.0,0.15080000000000002,18.7425,6.0,-1,20.25384384854583,55.0,0.04533333333333334,7000.0,0.0,0.0,0.0,46.976123690066686,optimal
2021-02-11 13:00:00,7,1,2.0,0.0,0.0,0.2074,15.2145,6.0,-1,20.386108656263456,55.0,0.042666666666666665,7000.0,0.0,0.0,0.0,46.46495331428392,optimal
2021-02-11 13:30:00,7,1,2.0,0.0,0.0,0.19463333333333332,17.7765,6.0,-1,20.522658196433152,55.0,0.042666666666666665,7000.0,0.0,0.0,0.0,45.95429410887693,optimal
2021-02-11 14:00:00,7,1,2.0,0.0,0.0,0.0974,16.758,6.0,-1,20.661562063682556,55.0,0.042,7000.0,0.0,0.0,0.0,45.44414556267535,optimal
2021-02-11 14:30:00,7,1,2.0,0.0,0.0,0.067,16.422,6.0,-1,20.798279364993153,55.0,0.023333333333333334,7000.0,0.0,0.0,0.0,44.93450716501997,optimal
2021-02-11 15:00:00,7,1,2.0,0.0,0.0,0.13486666666666666,16.758,6.0,-1,20.933830051021012,55.0,0.023333333333333334,7000.0,0.0,0.0,0.0,44.42537840576225,optimal
2021-02-11 15:30:00,7,1,0.0,0.0,0.0,0.10446666666666668,29.358,6.0,-1,21.058523792809112,55.0,0.023333333333333334,0.0,0.0,0.0,0.0,43.91675877526379,optimal
2021-02-11 16:00:00,7,1,0.0,0.0,0.0,0.0994,34.9965,6.0,-1,20.908122741265665,55.0,0.023333333333333334,0.0,0.0,0.0,0.0,43.40864776439582,optimal
2021-02-11 16:30:00,7,1,0.0,0.0,0.0,0.2117666666666667,34.65,6.0,-1,20.750083352930904,55.0,0.008,0.0,0.0,0.0,0.0,43.36523911663143,optimal
2021-02-11 17:00:00,7,1,0.0,0.0,0.0,0.326,34.9965,6.0,-1,20.600558718409857,55.0,0.006666666666666667,0.0,0.0,0.0,0.0,43.3218738775148,optimal
2021-02-11 17:30:00,7,1,0.0,0.0,0.0,0.29956666666666665,34.9965,6.0,-1,20.455576577030513,55.0,0.002666666666666666,0.0,0.0,0.0,0.0,43.27855200363728,optimal
2021-02-11 18:00:00,7,1,0.0,0.0,0.0,0.2095,30.4815,6.0,-1,20.306669897423355,55.0,0.002666666666666666,0.0,0.0,0.0,0.0,43.235273451633645,optimal
2021-02-11 18:30:00,7,1,0.0,0.0,0.0,0.222,21.4305,6.0,-1,20.15333523776822,55.0,0.0,0.0,0.0,0.0,0.0,43.19203817818201,optimal
2021-02-11 19:00:00,7,1,1.2794964665346524,0.0,0.0,0.31753333333333333,14.3325,6.0,-1,20.0,55.0,0.0,4060.2376328712835,0.0,418.0,0.0,43.148846140003826,optimal
2021-02-11 19:30:00,7,1,2.0,0.0,0.0,0.189,13.692,6.0,-1,20.0,55.0,0.0,7000.0,0.0,0.0,0.0,43.10569729386382,optimal
2021-02-11 20:00:00,7,1,0.5828438300268735,0.0,0.0,0.193,14.007,6.0,-1,20.096009300099226,55.0,0.0,2039.953405094057,0.0,0.0,0.0,43.06259159656996,optimal
2021-02-11 20:30:00,7,1,0.0,0.0,0.0,0.2468333333333333,12.873,6.0,-1,20.0,55.0,0.0,0.0,0.0,0.0,0.0,43.019529004973386,optimal
2021-02-11 21:00:00,7,1,0.0,0.0,0.0,0.2047333333333333,12.684,6.0,-1,19.835252577962592,55.0,0.0,0.0,0.0,0.0,0.0,42.97650947596841,optimal
2021-02-11 21:30:00,7,1,0.0,0.0,0.0,0.1883333333333333,12.306,6.0,-1,19.668374747938483,55.0,0.0,0.0,0.0,0.0,0.0,42.93353296649244,optimal
2021-02-11 22:00:00,7,1,0.0,0.0,0.0,0.069,10.6365,6.0,-1,19.49833087190953,55.0,0.0,0.0,0.0,0.0,0.0,42.89059943352595,optimal
2021-02-11 22:30:00,7,1,0.0,0.0,0.0,0.16526666666666667,11.2455,6.0,-1,19.31799809097677,55.0,0.0,0.0,0.0,0.0,0.0,42.84770883409242,optimal
2021-02-11 23:00:00,7,1,0.0,0.0,0.0,0.07406666666666667,11.2455,6.0,-1,19.138175643845,55.0,0.0,0.0,0.0,0.0,0.0,42.80486112525833,optimal
2021-02-11 23:30:00,7,1,0.0,0.0,0.0,0.11259999999999999,11.025,6.0,-1,18.95177750648161,55.0,0.0,0.0,0.0,0.0,0.0,42.76205626413307,optimal
2021-02-12 00:00:00,7,1,2.0,0.0,0.0,0.0592,10.689,6.0,2,18.95177750648161,55.0,0.0,7000.0,0.0,0.0,0.0,42.71929420786894,optimal
2021-02-12 00:30:00,7,1,2.0,0.0,7.0,0.13013333333333332,8.1585,6.0,2,19.028768938356706,55.0,0.04901376709651144,1878.0613384145554,0.0,5121.938661585445,0.0,46.001574913661074,optimal
2021-02-12 01:00:00,7,1,2.0,0.0,0.0,0.38939999999999997,10.3635,6.0,2,18.914367046046657,55.0,0.047680433763178105,7000.0,0.0,0.0,0.0,45.95557333874741,optimal
2021-02-12 01:30:00,7,1,2.0,0.0,0.0,0.2595,10.8045,6.0,2,19.009539186259126,55.0,0.047680433763178105,7000.0,0.0,0.0,0.0,45.90961776540867,optimal
2021-02-12 02:00:00,7,1,2.0,0.0,0.0,0.09663333333333333,11.025,6.0,2,19.10379401440908,55.0,0.047680433763178105,7000.0,0.0,0.0,0.0,45.86370814764326,optimal
2021-02-12 02:30:00,7,1,2.0,0.0,0.0,0.17863333333333334,10.3635,6.0,2,19.189055010262216,55.0,0.047680433763178105,7000.0,0.0,0.0,0.0,45.817844439495616,optimal
2021-02-12 03:00:00,7,1,2.0,0.0,0.0,0.06333333333333334,10.8045,6.0,2,19.27251572127628,55.0,0.047680433763178105,7000.0,0.0,0.0,0.0,45.77202659505612,optimal
2021-02-12 03:30:00,7,1,2.0,0.0,0.0,0.07346666666666667,10.059,6.0,2,19.360046496635242,55.0,0.047680433763178105,7000.0,0.0,0.0,0.0,45.726254568461066,optimal
2021-02-12 04:00:00,7,1,2.0,0.0,0.0,0.17959999999999998,10.584,6.0,2,19.45803860615168,55.0,0.047680433763178105,7000.0,0.0,0.0,0.0,45.6805283138926,optimal
2021-02-12 04:30:00,7,1,2.0,0.0,5.080421605198622,0.06620000000000001,9.4185,6.0,2,19.55219677965132,55.0,0.047680433763178105,7000.0,0.0,0.0,0.0,48.048048048048045,optimal
2021-02-12 05:00:00,7,1,2.0,0.0,0.0,0.1851,10.3635,6.0,2,19.646584330604426,55.0,0.047013767096511436,7000.0,0.0,0.0,0.0,48.0,optimal
2021-02-12 05:30:00,7,1,2.0,0.0,0.0,0.4315333333333334,9.8385,6.0,2,19.75400522521436,55.0,0.045680433763178104,7000.0,0.0,0.0,0.0,47.864114080814865,optimal
2021-02-12 06:00:00,7,1,2.0,0.0,0.0,0.07966666666666668,11.067,6.0,2,19.87536324406029,55.0,0.0436804337631781,7000.0,0.0,0.0,0.0,47.728364047548915,optimal
2021-02-12 06:30:00,7,1,2.0,0.0,0.0,0.2119333333333333,10.8465,6.0,2,19.993499548523285,55.0,0.0436804337631781,7000.0,0.0,0.0,0.0,47.59274976431623,optimal
2021-02-12 07:00:00,7,1,2.0,0.0,0.0,0.045,13.671,6.0,2,20.10163801450456,55.0,0.0436804337631781,7000.0,0.0,0.0,0.0,47.45727109536678,optimal
2021-02-12 07:30:00,7,1,2.0,0.0,0.0,0.15393333333333334,12.348,6.0,2,20.203371568904988,55.0,0.031333767096511436,7000.0,0.0,0.0,0.0,47.32192790508628,optimal
2021-02-12 08:00:00,7,1,0.2634391457312544,0.0,0.0,0.13440000000000002,14.3325,6.0,2,20.303785093682354,55.0,0.0236804337631781,922.0370100593902,0.0,0.0,0.0,47.186720057996055,optimal
2021-02-12 08:30:00,7,1,0.0,0.0,0.0,0.13523333333333332,15.393,6.0,2,20.173657030296756,55.0,0.021680433763178103,0.0,0.0,0.0,0.0,47.05164741875293,optimal
2021-02-12 09:00:00,7,1,2.0,0.0,0.0,0.17493333333333333,13.587,6.0,2,20.017298714016384,55.0,0.021680433763178103,7000.0,0.0,0.0,0.0,46.91670985214904,optimal
2021-02-12 09:30:00,7,1,0.0,0.0,0.0,0.21146666666666666,16.1385,6.0,2,20.129725861161813,55.0,0.021680433763178103,0.0,0.0,0.0,0.0,46.78190722311176,optimal
2021-02-12 10:00:00,7,1,1.0775983336028663,0.0,0.0,0.13563333333333333,14.595,6.0,2,20.0,55.0,0.021680433763178103,3771.5941676100315,0.0,0.0,0.0,46.64723939670351,optimal
2021-02-12 10:30:00,7,1,1.066756500328541,0.0,0.0,0.0947,14.637,6.0,2,20.0,55.0,0.021680433763178103,3733.6477511498933,0.0,0.0,0.0,46.51270623812167,optimal
2021-02-12 11:00:00,7,1,1.0268955948102663,0.0,0.0,0.15533333333333335,13.9125,6.0,2,20.0,55.0,0.021680433763178103,3594.1345818359314,0.0,0.0,0.0,46.37830761269842,optimal
2021-02-12 11:30:00,7,1,1.0553209265514774,0.0,0.0,0.1206,13.3665,6.0,2,20.0,55.0,0.021680433763178103,3693.623242930171,0.0,0.0,0.0,46.24404338590059,optimal
2021-02-12 12:00:00,7,1,2.0,0.0,0.0,0.0996,13.0095,6.0,2,20.00281885900331,55.0,0.021680433763178103,7000.0,0.0,0.0,0.0,46.10991342332956,optimal
2021-02-12 12:30:00,7,1,0.0,0.0,0.0,0.15463333333333332,13.8915,6.0,2,20.130106041539204,55.0,0.021680433763178103,0.0,0.0,0.0,0.0,45.975917590721096,optimal
2021-02-12 13:00:00,7,1,0.9591889552972814,0.0,0.0,0.10786666666666667,13.188,6.0,2,20.0,55.0,0.017680433763178103,3357.1613435404847,0.0,0.0,0.0,45.84205575394524,optimal
2021-02-12 13:30:00,7,1,2.0,0.0,0.0,0.32930000000000004,12.5685,6.0,2,20.0,55.0,0.056999911138084745,2891.1146143222563,0.0,4108.885385677744,0.0,45.70832777900616,optimal
2021-02-12 14:00:00,7,1,2.0,0.0,0.0,0.4046,12.285,6.0,2,20.0,55.0,0.072,5293.157380596523,0.0,1706.8426194034773,0.0,45.574733532042025,optimal
2021-02-12 14:30:00,7,1,2.0,0.0,0.0,0.2892,11.487,6.0,2,20.08929428327288,55.0,0.06733333333333333,7000.0,0.0,0.0,0.0,45.44127287932485,optimal
2021-02-12 15:00:00,7,1,2.0,0.0,0.0,0.28496666666666665,11.802,6.0,2,20.234741895079907,55.0,0.06733333333333333,7000.0,0.0,0.0,0.0,45.30794568726039,optimal
2021-02-12 15:30:00,7,1,2.0,0.0,0.0,0.5254,11.2245,6.0,2,20.381112481817986,55.0,0.06333333333333334,7000.0,0.0,0.0,0.0,45.174751822388,optimal
2021-02-12 16:00:00,7,1,2.0,0.0,0.0,0.21853333333333333,11.025,6.0,2,20.53588461539916,55.0,0.058666666666666666,7000.0,0.0,0.0,0.0,45.041691151380476,optimal
2021-02-12 16:30:00,7,1,2.0,0.0,0.0,1.6803666666666666,11.907,6.0,2,20.68153822537589,55.0,0.05266666666666667,7000.0,0.0,0.0,0.0,44.90876354104396,optimal
2021-02-12 17:00:00,7,1,0.0,0.0,0.0,0.38906666666666667,25.83,6.0,2,20.84237393542045,55.0,0.05266666666666667,0.0,0.0,0.0,0.0,44.77596885831778,optimal
2021-02-12 17:30:00,7,1,0.0,0.0,0.0,0.49210000000000004,28.035,6.0,2,20.716494374032344,55.0,0.05266666666666667,0.0,0.0,0.0,0.0,44.64330697027433,optimal
2021-02-12 18:00:00,7,1,0.0,0.0,0.0,0.21436666666666668,28.119,6.0,2,20.59220667932091,55.0,0.05266666666666667,0.0,0.0,0.0,0.0,44.510777744118926,optimal
2021-02-12 18:30:00,7,1,0.0,0.0,0.0,1.1965666666666666,30.156,6.0,2,20.45469911082211,55.0,0.048,0.0,0.0,0.0,0.0,44.4662669663748,optimal
2021-02-12 19:00:00,7,1,0.0,0.0,0.0,2.8461,29.1585,6.0,2,20.336711593495075,55.0,0.030986666666666666,0.0,0.0,0.0,0.0,44.42180069940843,optimal
2021-02-12 19:30:00,7,1,0.0,0.0,0.0,1.6482666666666668,26.712,6.0,2,20.23905223575813,55.0,0.0,0.0,0.0,0.0,0.0,44.37737889870902,optimal
2021-02-12 20:00:00,7,1,0.0,0.0,0.0,0.24209999999999998,15.435,6.0,2,20.124268549581707,55.0,0.0,0.0,0.0,0.0,0.0,44.33300151981031,optimal
2021-02-12 20:30:00,7,1,0.0,0.0,0.0,0.3744333333333333,13.566,6.0,2,20.0,55.0,0.0,0.0,0.0,0.0,0.0,44.2886685182905,optimal
2021-02-12 21:00:00,7,1,0.33838095238095234,0.0,0.0,0.18309999999999998,12.789,6.0,2,19.878574631675843,55.0,0.0,0.0,0.0,1184.3333333333333,0.0,44.24437984977221,optimal
2021-02-12 21:30:00,7,1,0.0,0.0,0.0,0.3348,12.1275,6.0,2,19.75461929945783,55.0,0.0,0.0,0.0,0.0,0.0,44.20013546992244,optimal
2021-02-12 22:00:00,7,1,0.0,0.0,0.0,0.29086666666666666,13.671,6.0,2,19.63804352741097,55.0,0.0,0.0,0.0,0.0,0.0,44.155935334452515,optimal
2021-02-12 22:30:00,7,1,0.0,0.0,0.0,0.3058,10.668,6.0,2,19.52213197705416,55.0,0.0,0.0,0.0,0.0,0.0,44.11177939911806,optimal
2021-02-12 23:00:00,7,1,0.0,0.0,0.0,0.3842,11.7285,6.0,2,19.40885703139213,55.0,0.0,0.0,0.0,0.0,0.0,44.06766761971895,optimal
2021-02-12 23:30:00,7,1,0.0,0.0,0.0,0.104,11.025,6.0,2,19.30218342752703,55.0,0.0,0.0,0.0,0.0,0.0,44.023599952099225,optimal
2021-02-13 00:00:00,7,1,2.0,0.0,7.0,0.047,7.056,6.0,1,19.30218342752703,55.0,0.0,7000.0,0.0,0.0,0.0,47.30457635214713,optimal
2021-02-13 00:30:00,7,1,2.0,0.0,0.0,0.047,9.3975,6.0,1,19.425261539794615,55.0,0.06698564593301436,0.0,0.0,7000.0,0.0,47.25727177579498,optimal
2021-02-13 01:00:00,7,1,2.0,0.0,0.0,0.11886666666666666,10.059,6.0,1,19.283345255291678,55.0,0.108,2714.0,0.0,4286.0,0.0,47.210014504019185,optimal
2021-02-13 01:30:00,7,1,2.0,0.0,0.0,0.06659999999999999,9.261,6.0,1,19.248104781290646,55.0,0.108,7000.0,0.0,0.0,0.0,47.16280448951517,optimal
2021-02-13 02:00:00,7,1,2.0,0.0,0.0,0.047,8.1585,6.0,1,19.37344372099489,55.0,0.108,7000.0,0.0,0.0,0.0,47.11564168502565,optimal
2021-02-13 02:30:00,7,1,2.0,0.0,0.0,0.047,9.4815,6.0,1,19.497480932470193,55.0,0.108,7000.0,0.0,0.0,0.0,47.068526043340626,optimal
2021-02-13 03:00:00,7,1,2.0,0.0,0.0,0.13846666666666668,8.379,6.0,1,19.62059407790202,55.0,0.108,7000.0,0.0,0.0,0.0,47.021457517297286,optimal
2021-02-13 03:30:00,7,1,2.0,0.0,0.0,0.1052,9.5235,6.0,1,19.746245521125672,55.0,0.108,7000.0,0.0,0.0,0.0,46.97443605977999,optimal
2021-02-13 04:00:00,7,1,2.0,0.0,0.0,0.047,8.1375,6.0,1,19.86933160992533,55.0,0.108,7000.0,0.0,0.0,0.0,46.92746162372021,optimal
2021-02-13 04:30:00,7,1,2.0,0.0,0.0,0.19666666666666663,10.0905,6.0,1,19.98892951034768,55.0,0.108,7000.0,0.0,0.0,0.0,46.880534162096495,optimal
2021-02-13 05:00:00,7,1,2.0,0.0,3.165672450879691,0.047,7.539,6.0,1,20.112545618454863,55.0,0.108,7000.0,0.0,0.0,0.0,48.33734804210225,optimal
2021-02-13 05:30:00,7,1,2.0,0.0,0.0,0.046666666666666655,7.938,6.0,1,20.228841614469626,55.0,0.108,7000.0,0.0,0.0,0.0,48.289010694060146,optimal
2021-02-13 06:00:00,7,1,2.0,0.0,0.0,0.35253333333333337,8.274,6.0,1,20.34479810324725,55.0,0.08466666666666667,7000.0,0.0,0.0,0.0,48.240721683366075,optimal
2021-02-13 06:30:00,7,1,2.0,0.0,0.0,0.11096666666666669,9.261,6.0,1,20.47372322550531,55.0,0.082,7000.0,0.0,0.0,0.0,48.192480961682705,optimal
2021-02-13 07:00:00,7,1,2.0,0.0,0.0,0.2351,9.9225,6.0,1,20.59080411501149,55.0,0.06666666666666667,7000.0,0.0,0.0,0.0,48.144288480721016,optimal
2021-02-13 07:30:00,7,1,2.0,0.0,0.0,0.42306666666666665,9.702,6.0,1,20.711939340666344,55.0,0.06466666666666666,7000.0,0.0,0.0,0.0,48.096144192240295,optimal
2021-02-13 08:00:00,7,1,2.0,0.0,0.0,0.1355,10.584,6.0,1,20.84410536298817,55.0,0.012,7000.0,0.0,0.0,0.0,48.048048048048045,optimal
2021-02-13 08:30:00,7,1,2.0,0.0,0.0,0.20566666666666664,10.143,6.0,1,20.96515228317742,55.0,0.012,7000.0,0.0,0.0,0.0,48.0,optimal
2021-02-13 09:00:00,7,1,0.0,0.0,0.0,0.056,13.0095,6.0,1,21.09048415898164,55.0,0.012,0.0,0.0,0.0,0.0,47.89272807572603,optimal
2021-02-13 09:30:00,7,1,2.0,0.0,0.0,0.08253333333333333,11.025,6.0,1,20.93818680823107,55.0,0.012,7000.0,0.0,0.0,0.0,47.785563423376345,optimal
2021-02-13 10:00:00,7,1,0.0,0.0,0.0,0.17426666666666668,12.789,6.0,1,21.046449475071274,55.0,0.012,0.0,0.0,0.0,0.0,47.678505935679006,optimal
2021-02-13 10:30:00,7,1,0.09148176952251263,0.0,0.0,0.10556666666666667,12.1275,6.0,1,20.89091135508511,55.0,0.012,320.1861933287942,0.0,0.0,0.0,47.57155550546936,optimal
2021-02-13 11:00:00,7,1,2.0,0.0,0.0,0.07316666666666667,12.1695,6.0,1,20.74640526365475,55.0,0.012,7000.0,0.0,0.0,0.0,47.46471202568993,optimal
2021-02-13 11:30:00,7,1,2.0,0.0,0.0,0.14846666666666666,12.306,6.0,1,20.854477999331912,55.0,0.012,7000.0,0.0,0.0,0.0,47.35797538939027,optimal
2021-02-13 12:00:00,7,1,0.0,0.0,0.0,0.057,13.23,6.0,1,20.964962824484715,55.0,0.012,0.0,0.0,0.0,0.0,47.251345489726916,optimal
2021-02-13 12:30:00,7,1,0.0,0.0,0.0,0.1152,13.671,6.0,1,20.807091593760003,55.0,0.012,0.0,0.0,0.0,0.0,47.144822219963224,optimal
2021-02-13 13:00:00,7,1,0.0,0.0,0.0,0.1449,13.9335,6.0,1,20.653340193076517,55.0,0.012,0.0,0.0,0.0,0.0,47.0384054734693,optimal
2021-02-13 13:30:00,7,1,0.0,0.0,0.0,0.07970000000000001,13.293,6.0,1,20.511680690678528,55.0,0.012,0.0,0.0,0.0,0.0,46.93209514372186,optimal
2021-02-13 14:00:00,7,1,2.0,0.0,0.0,0.09903333333333332,12.1065,6.0,1,20.3602789181779,55.0,0.012,7000.0,0.0,0.0,0.0,46.82589112430417,optimal
2021-02-13 14:30:00,7,1,2.0,0.0,0.0,0.14846666666666666,11.571,6.0,1,20.4759304202092,55.0,0.012,7000.0,0.0,0.0,0.0,46.7197933089059,optimal
2021-02-13 15:00:00,7,1,2.0,0.0,0.0,0.057,11.025,6.0,1,20.593332840473824,55.0,0.012,7000.0,0.0,0.0,0.0,46.61380159132303,optimal
2021-02-13 15:30:00,7,1,2.0,0.0,0.0,0.1152,10.8465,6.0,1,20.707150132075196,55.0,0.012,7000.0,0.0,0.0,0.0,46.50791586545775,optimal
2021-02-13 16:00:00,7,1,2.0,0.0,0.0,0.057,11.2455,6.0,1,20.821573216749407,55.0,0.012,7000.0,0.0,0.0,0.0,46.40213602531833,optimal
2021-02-13 16:30:00,7,1,0.0,0.0,0.0,0.1152,23.8665,6.0,1,20.93220015327618,55.0,0.012,0.0,0.0,0.0,0.0,46.29646196501904,optimal
2021-02-13 17:00:00,7,1,0.0,0.0,0.0,0.14846666666666666,27.4575,6.0,1,20.779751670296275,55.0,0.012,0.0,0.0,0.0,0.0,46.190893578780056,optimal
2021-02-13 17:30:00,7,1,0.0,0.0,0.0,0.0585,27.3735,6.0,1,20.629695679203774,55.0,0.012,0.0,0.0,0.0,0.0,46.08543076092731,optimal
2021-02-13 18:00:00,7,1,0.0,0.0,0.0,1.4481333333333335,30.4605,6.0,1,20.48290140184874,55.0,0.01,0.0,0.0,0.0,0.0,45.98007340589242,optimal
2021-02-13 18:30:00,7,1,0.0,0.0,0.0,0.12256666666666666,30.0195,6.0,1,20.37241690298093,55.0,0.005333333333333332,0.0,0.0,0.0,0.0,45.87482140821256,optimal
2021-02-13 19:00:00,7,1,0.0,0.0,0.0,0.10553333333333331,26.9325,6.0,1,20.250622792019275,55.0,0.0,0.0,0.0,0.0,0.0,45.769674662530385,optimal
2021-02-13 19:30:00,7,1,0.0,0.0,0.0,0.1739,14.595,6.0,1,20.124359139824243,55.0,0.0,0.0,0.0,0.0,0.0,45.66463306359389,optimal
2021-02-13 20:00:00,7,1,0.911196336260998,0.0,0.0,0.3290666666666667,12.4845,6.0,1,20.0,55.0,0.0,3189.187176913493,0.0,0.0,0.0,45.55969650625633,optimal
2021-02-13 20:30:00,7,1,0.0,0.0,0.0,0.3421,12.1275,6.0,1,20.0,55.0,0.0,0.0,0.0,0.0,0.0,45.454864885476105,optimal
2021-02-13 21:00:00,7,1,0.0,0.0,0.0,0.203,12.1275,6.0,1,19.881383338684795,55.0,0.0,0.0,0.0,0.0,0.0,45.35013809631666,optimal
2021-02-13 21:30:00,7,1,0.0,0.0,0.0,0.3196333333333333,12.789,6.0,1,19.753370812628187,55.0,0.0,0.0,0.0,0.0,0.0,45.304787958220345,optimal
2021-02-13 22:00:00,7,1,0.0,0.0,0.0,0.13726666666666668,11.907,6.0,1,19.638565070064878,55.0,0.0,0.0,0.0,0.0,0.0,45.25948317026212,optimal
2021-02-13 22:30:00,7,1,0.0,0.0,0.0,0.10723333333333332,11.025,6.0,1,19.51493600401849,55.0,0.0,0.0,0.0,0.0,0.0,45.21422368709186,optimal
2021-02-13 23:00:00,7,1,0.0,0.0,0.0,0.3226666666666667,8.2005,6.0,1,19.390395449813976,55.0,0.0,0.0,0.0,0.0,0.0,45.16900946340477,optimal
2021-02-13 23:30:00,7,1,0.0,0.0,0.0,0.16143333333333335,9.5655,6.0,1,19.270833580177293,55.0,0.0,0.0,0.0,0.0,0.0,45.12384045394136,optimal
2021-02-07 00:00:00,8,1,0.0,0.0,0.0,0.07,9.261,6.0,0,21.0,55.0,0.12,0.0,0.0,0.0,0.0,47.952,optimal
2021-02-07 00:30:00,8,1,0.0,0.0,0.0,0.15366666666666665,10.3635,6.0,0,20.871210276444522,55.0,0.12,0.0,0.0,0.0,0.0,47.904047999999996,optimal
2021-02-07 01:00:00,8,1,0.0,0.0,0.0,0.2329333333333333,8.274,6.0,0,20.745984733372136,55.0,0.12,0.0,0.0,0.0,0.0,47.856143952,optimal
2021-02-07 01:30:00,8,1,0.0,0.0,0.0,0.07,7.7175,6.0,0,20.623941699426506,55.0,0.12,0.0,0.0,0.0,0.0,47.80828780804799,optimal
2021-02-07 02:00:00,8,1,1.1432510461619887,0.0,0.0,0.27316666666666667,6.615,6.0,0,20.496091098846083,55.0,0.12,4001.37866156696,0.0,0.0,0.0,47.76047952023995,optimal
2021-02-07 02:30:00,8,1,2.0,0.0,0.0,0.11843333333333333,6.174,6.0,0,20.527662177063792,55.0,0.12,7000.0,0.0,0.0,0.0,47.712719040719705,optimal
2021-02-07 03:00:00,8,1,2.0,0.0,0.0,0.0783,3.906,6.0,0,20.665879969971915,55.0,0.12,7000.0,0.0,0.0,0.0,47.66500632167899,optimal
2021-02-07 03:30:00,8,1,2.0,0.0,0.0,0.3083,2.3415,6.0,0,20.800806881962163,55.0,0.12,7000.0,0.0,0.0,0.0,47.61734131535731,optimal
2021-02-07 04:00:00,8,1,2.0,0.0,0.0,0.065,2.205,6.0,0,20.943045175618924,55.0,0.12,7000.0,0.0,0.0,0.0,47.56972397404195,optimal
2021-02-07 04:30:00,8,1,2.0,0.0,1.9200288289558904,0.16546666666666668,0.882,6.0,0,21.07465978588302,55.0,0.12,7000.0,0.0,0.0,0.0,48.434167943821954,optimal
2021-02-07 05:00:00,8,1,2.0,0.0,0.0,0.22113333333333332,1.5435,6.0,0,21.209089365898475,55.0,0.12,7000.0,0.0,0.0,0.0,48.38573377587813,optimal
2021-02-07 05:30:00,8,1,2.0,0.0,0.0,0.065,1.5435,6.0,0,21.344620464577293,55.0,0.12,7000.0,0.0,0.0,0.0,48.33734804210225,optimal
2021-02-07 06:00:00,8,1,2.0,0.0,0.0,0.26053333333333334,5.0715,6.0,0,21.47324337514086,55.0,0.12,7000.0,0.0,0.0,0.0,48.289010694060146,optimal
2021-02-07 06:30:00,8,1,2.0,0.0,0.0,0.13106666666666666,5.376,6.0,0,21.608295025817867,55.0,0.12,7000.0,0.0,0.0,0.0,48.240721683366075,optimal
2021-02-07 07:00:00,8,1,2.0,0.0,0.0,0.15866666666666665,5.0715,6.0,0,21.736888100357366,55.0,0.12,7000.0,0.0,0.0,0.0,48.192480961682705,optimal
2021-02-07 07:30:00,8,1,2.0,0.0,0.0,0.4229333333333333,5.5125,6.0,0,21.865193361050547,55.0,0.116,7000.0,0.0,0.0,0.0,48.144288480721016,optimal
2021-02-07 08:00:00,8,1,0.8822782588947957,0.0,0.0,2.2386,9.261,6.0,0,22.0,55.0,0.11533333333333333,3087.973906131785,0.0,0.0,0.0,48.096144192240295,optimal
2021-02-07 08:30:00,8,1,0.0,0.0,0.0,2.6062,11.7075,6.0,0,22.0,55.0,0.10933333333333334,0.0,0.0,0.0,0.0,48.048048048048045,optimal
2021-02-07 09:00:00,8,1,0.0,0.0,0.0,2.3025333333333333,12.348,6.0,0,21.883602954263377,55.0,0.106,0.0,0.0,0.0,0.0,48.0,optimal
2021-02-07 09:30:00,8,1,0.0,0.0,0.0,2.267533333333333,12.348,6.0,0,21.772755837730582,55.0,0.106,0.0,0.0,0.0,0.0,47.53934935412097,optimal
2021-02-07 10:00:00,8,1,0.0,0.0,0.0,0.15296666666666667,12.1275,6.0,0,21.651245554997324,55.0,0.106,0.0,0.0,0.0,0.0,47.07915935888783,optimal
2021-02-07 10:30:00,8,1,0.0,0.0,0.0,0.2426333333333333,12.5265,6.0,0,21.51185297977508,55.0,0.106,0.0,0.0,0.0,0.0,46.619429553649915,optimal
2021-02-07 11:00:00,8,1,0.17915710911818733,0.0,0.0,0.065,11.7495,6.0,0,21.37123014013736,55.0,0.106,627.0498819136557,0.0,0.0,0.0,46.16015947821724,optimal
2021-02-07 11:30:00,8,1,0.0,0.0,0.0,0.2379333333333333,13.23,6.0,0,21.248077145107366,55.0,0.106,0.0,0.0,0.0,0.0,45.70134867285999,optimal
2021-02-07 12:00:00,8,1,0.0,0.0,0.0,0.075,14.3325,6.0,0,21.108496863337827,55.0,0.106,0.0,0.0,0.0,0.0,45.24299667830811,optimal
2021-02-07 12:30:00,8,1,0.0,0.0,0.0,0.22933333333333328,14.994,6.0,0,20.963612162666397,55.0,0.106,0.0,0.0,0.0,0.0,44.78510303575077,optimal
2021-02-07 13:00:00,8,1,0.0,0.0,0.0,0.16093333333333334,14.8155,6.0,0,20.825826225017344,55.0,0.10466666666666667,0.0,0.0,0.0,0.0,44.327667286836,optimal
2021-02-07 13:30:00,8,1,0.0,0.0,0.0,0.6862666666666667,14.112,6.0,0,20.69037391740093,55.0,0.10466666666666667,0.0,0.0,0.0,0.0,43.870688973670134,optimal
2021-02-07 14:00:00,8,1,0.0,0.0,0.0,1.8763333333333332,14.007,6.0,0,20.564528866154458,55.0,0.104,0.0,0.0,0.0,0.0,43.41416763881744,optimal
2021-02-07 14:30:00,8,1,0.0,0.0,0.0,0.671,13.23,6.0,0,20.449360411310096,55.0,0.102,0.0,0.0,0.0,0.0,42.9581028252996,optimal
2021-02-07 15:00:00,8,1,2.0,0.0,0.0,1.6072666666666668,11.382,6.0,0,20.343156978585622,55.0,0.102,7000.0,0.0,0.0,0.0,42.50249407659527,optimal
2021-02-07 15:30:00,8,1,2.0,0.0,0.0,2.5058000000000002,11.7495,6.0,0,20.493030902122378,55.0,0.102,7000.0,0.0,0.0,0.0,42.04734093663965,optimal
2021-02-07 16:00:00,8,1,0.0,0.0,0.0,0.1802666666666667,24.3285,6.0,0,20.64343970909191,55.0,0.09666666666666666,0.0,0.0,0.0,0.0,41.59264294982398,optimal
2021-02-07 16:30:00,8,1,0.0,0.0,0.0,0.4585,28.917,6.0,0,20.515061307585892,55.0,0.09466666666666666,0.0,0.0,0.0,0.0,41.55105030687416,optimal
2021-02-07 17:00:00,8,1,0.0,0.0,0.0,3.596766666666667,31.3635,6.0,0,20.403542578126142,55.0,0.094,0.0,0.0,0.0,0.0,41.50949925656729,optimal
2021-02-07 17:30:00,8,1,0.0,0.0,0.0,3.055,33.306,6.0,0,20.312002589905614,55.0,0.09133333333333334,0.0,0.0,0.0,0.0,41.46798975731072,optimal
2021-02-07 18:00:00,8,1,0.0,0.0,0.0,1.9853333333333332,31.3425,6.0,0,20.235825315252505,55.0,0.08533333333333333,0.0,0.0,0.0,0.0,41.42652176755341,optimal
2021-02-07 18:30:00,8,1,0.0,0.0,0.0,1.4106333333333334,28.2555,6.0,0,20.146237229646253,55.0,0.08097333333333333,0.0,0.0,0.0,0.0,41.385095245785855,optimal
2021-02-07 19:00:00,8,1,0.0,0.0,0.0,1.5478333333333332,15.6975,6.0,0,20.0712457756574,55.0,0.07866666666666666,0.0,0.0,0.0,0.0,41.34371015054007,optimal
2021-02-07 19:30:00,8,1,0.749147205633216,0.0,0.0,0.40166666666666667,12.5475,6.0,0,20.0,55.0,0.078,2622.015219716256,0.0,0.0,0.0,41.30236644038953,optimal
2021-02-07 20:00:00,8,1,0.7285833961094224,0.0,0.0,1.6387333333333332,12.0855,6.0,0,20.0,55.0,0.078,2550.041886382978,0.0,0.0,0.0,41.261064073949136,optimal
2021-02-07 20:30:00,8,1,0.0,0.0,0.0,0.47973333333333334,11.907,6.0,0,20.0,55.0,0.078,0.0,0.0,0.0,0.0,41.219803009875186,optimal
2021-02-07 21:00:00,8,1,0.0,0.0,0.0,0.47943333333333327,12.5685,6.0,0,19.89955377252443,55.0,0.074,0.0,0.0,0.0,0.0,41.17858320686531,optimal
2021-02-07 21:30:00,8,1,0.0,0.0,0.0,1.0070333333333332,13.146,6.0,0,19.802768338436653,55.0,0.07133333333333333,0.0,0.0,0.0,0.0,41.13740462365845,optimal
2021-02-07 22:00:00,8,1,0.0,0.0,0.0,1.0975666666666666,10.584,6.0,0,19.697922948770785,55.0,0.07133333333333333,0.0,0.0,0.0,0.0,41.096267219034786,optimal
2021-02-07 22:30:00,8,1,0.0,0.0,0.0,2.7951333333333332,6.678,6.0,0,19.579436805650275,55.0,0.07133333333333333,0.0,0.0,0.0,0.0,41.055170951815754,optimal
2021-02-07 23:00:00,8,1,0.0,0.0,0.0,1.7764666666666666,7.938,6.0,0,19.480271077479102,55.0,0.07133333333333333,0.0,0.0,0.0,0.0,41.01411578086394,optimal
2021-02-07 23:30:00,8,1,0.0,0.0,0.0,0.19713333333333333,5.292,6.0,0,19.36853599505254,55.0,0.07133333333333333,0.0,0.0,0.0,0.0,40.97310166508308,optimal
2021-02-08 00:00:00,8,1,2.0,0.0,0.0,0.052,6.7725,6.0,-4,19.36853599505254,55.0,0.07133333333333333,7000.0,0.0,0.0,0.0,40.932128563418,optimal
2021-02-08 00:30:00,8,1,2.0,0.0,0.0,0.05766666666666666,5.5755,6.0,-4,19.50476007366373,55.0,0.07133333333333333,7000.0,0.0,0.0,0.0,40.89119643485458,optimal
2021-02-08 01:00:00,8,1,2.0,0.0,7.0,0.19953333333333334,5.0925,6.0,-4,19.640183373718223,55.0,0.07133333333333333,7000.0,0.0,0.0,0.0,44.175305238419725,optimal
2021-02-08 01:30:00,8,1,2.0,0.0,7.0,0.08766666666666667,4.1895,6.0,-4,19.779957301816612,55.0,0.07133333333333333,7000.0,0.0,0.0,0.0,47.45612993318131,optimal
2021-02-08 02:00:00,8,1,2.0,0.0,0.0,0.14833333333333334,7.056,6.0,-4,19.91409126885843,55.0,0.07133333333333333,7000.0,0.0,0.0,0.0,47.40867380324813,optimal
2021-02-08 02:30:00,8,1,2.0,0.0,2.462982414205672,0.14453333333333332,5.271,6.0,-4,20.049145354197883,55.0,0.07133333333333333,7000.0,0.0,0.0,0.0,48.53118177619257,optimal
2021-02-08 03:00:00,8,1,2.0,0.0,0.0,0.09733333333333331,7.938,6.0,-4,20.18342223571331,55.0,0.07133333333333333,7000.0,0.0,0.0,0.0,48.48265059441637,optimal
2021-02-08 03:30:00,8,1,2.0,0.0,0.0,0.13133333333333333,7.938,6.0,-4,20.315288113680314,55.0,0.07133333333333333,7000.0,0.0,0.0,0.0,48.434167943821954,optimal
2021-02-08 04:00:00,8,1,2.0,0.0,0.0,0.052,11.907,6.0,-4,20.447083578541523,55.0,0.07133333333333333,7000.0,0.0,0.0,0.0,48.38573377587813,optimal
2021-02-08 04:30:00,8,1,2.0,0.0,0.0,0.2266,11.025,6.0,-4,20.57452758390235,55.0,0.07133333333333333,7000.0,0.0,0.0,0.0,48.33734804210225,optimal
2021-02-08 05:00:00,8,1,2.0,0.0,0.0,0.06626666666666667,11.2875,6.0,-4,20.706873289786035,55.0,0.07133333333333333,7000.0,0.0,0.0,0.0,48.289010694060146,optimal
2021-02-08 05:30:00,8,1,0.0,0.0,0.0,0.054,12.936,6.0,-4,20.83143087747582,55.0,0.07133333333333333,0.0,0.0,0.0,0.0,48.240721683366075,optimal
2021-02-08 06:00:00,8,1,0.0,0.0,0.0,0.1242,13.0095,6.0,-4,20.689699081224134,55.0,0.07133333333333333,0.0,0.0,0.0,0.0,48.192480961682705,optimal
2021-02-08 06:30:00,8,1,0.0,0.0,0.0,0.17666666666666667,13.671,6.0,-4,20.551076062608473,55.0,0.07133333333333333,0.0,0.0,0.0,0.0,48.144288480721016,optimal
2021-02-08 07:00:00,8,1,0.888781042336939,0.0,0.0,1.2289,13.188,6.0,-4,20.41539762153095,55.0,0.068,3110.7336481792863,0.0,0.0,0.0,48.096144192240295,optimal
2021-02-08 07:30:00,8,1,0.0,0.0,0.0,0.1159,13.8495,6.0,-4,20.40603683421408,55.0,0.06066666666666667,0.0,0.0,0.0,0.0,48.048048048048045,optimal
2021-02-08 08:00:00,8,1,2.0,0.0,0.0,0.1773,13.23,6.0,-4,20.28384641007608,55.0,0.058,7000.0,0.0,0.0,0.0,48.0,optimal
2021-02-08 08:30:00,8,1,2.0,0.0,0.0,0.07073333333333333,13.3665,6.0,-4,20.43308551545199,55.0,0.05533333333333333,7000.0,0.0,0.0,0.0,46.8636883989545,optimal
2021-02-08 09:00:00,8,1,2.0,0.0,0.0,0.181,13.0515,6.0,-4,20.55845172219819,55.0,0.05533333333333333,7000.0,0.0,0.0,0.0,45.72851310951005,optimal
2021-02-08 09:30:00,8,1,2.0,0.0,0.0,0.1262,13.5345,6.0,-4,20.6802349331198,55.0,0.05533333333333333,7000.0,0.0,0.0,0.0,44.59447299535504,optimal
2021-02-08 10:00:00,8,1,0.0,0.0,0.0,0.062,14.154,6.0,-4,20.80015809108573,55.0,0.05533333333333333,0.0,0.0,0.0,0.0,43.46156692131419,optimal
2021-02-08 10:30:00,8,1,0.0,0.0,0.0,0.15833333333333335,14.112,6.0,-4,20.6534299663586,55.0,0.05533333333333333,0.0,0.0,0.0,0.0,42.329793753347374,optimal
2021-02-08 11:00:00,8,1,0.0,0.0,0.0,0.14026666666666668,14.2485,6.0,-4,20.51031680177665,55.0,0.05533333333333333,0.0,0.0,0.0,0.0,41.19915235854853,optimal
2021-02-08 11:30:00,8,1,2.0,0.0,0.0,0.07626666666666666,12.789,6.0,-4,20.36646980162936,55.0,0.05533333333333333,7000.0,0.0,0.0,0.0,40.06964160514448,optimal
2021-02-08 12:00:00,8,1,2.0,0.0,0.0,0.10836666666666667,13.0095,6.0,-4,20.48647158276226,55.0,0.05533333333333333,7000.0,0.0,0.0,0.0,38.94126036249384,optimal
2021-02-08 12:30:00,8,1,2.0,0.0,0.0,0.2045,12.1275,6.0,-4,20.607537045538656,55.0,0.05533333333333333,7000.0,0.0,0.0,0.0,37.814007501085854,optimal
2021-02-08 13:00:00,8,1,2.0,0.0,0.0,0.09053333333333331,12.348,6.0,-4,20.732822343108914,55.0,0.05533333333333333,7000.0,0.0,0.0,0.0,36.687881892539274,optimal
2021-02-08 13:30:00,8,1,2.0,0.0,0.0,0.09766666666666668,12.348,6.0,-4,20.854358760706234,55.0,0.05533333333333333,7000.0,0.0,0.0,0.0,35.56288240960124,optimal
2021-02-08 14:00:00,8,1,0.0,0.0,0.0,0.18666666666666662,25.389,6.0,-4,20.976004221047706,55.0,0.05533333333333333,0.0,0.0,0.0,0.0,34.43900792614614,optimal
2021-02-08 14:30:00,8,1,0.0,0.0,0.0,0.1262,29.1375,6.0,-4,20.83640074580834,55.0,0.05533333333333333,0.0,0.0,0.0,0.0,33.3162573171745,optimal
2021-02-08 15:00:00,8,1,0.0,0.0,0.0,0.062,30.597,6.0,-4,20.694435473357903,55.0,0.05533333333333333,0.0,0.0,0.0,0.0,32.194629458811825,optimal
2021-02-08 15:30:00,8,1,0.0,0.0,0.0,0.2059,33.684,6.0,-4,20.549984956502705,55.0,0.05533333333333333,0.0,0.0,0.0,0.0,32.16243482935301,optimal
2021-02-08 16:00:00,8,1,0.0,0.0,0.0,0.12563333333333335,32.445,6.0,-4,20.418526949363645,55.0,0.05533333333333333,0.0,0.0,0.0,0.0,32.13027239452366,optimal
2021-02-08 16:30:00,8,1,0.0,0.0,0.0,0.09053333333333331,28.917,6.0,-4,20.281132040253052,55.0,0.05533333333333333,0.0,0.0,0.0,0.0,32.09814212212913,optimal
2021-02-08 17:00:00,8,1,0.0,0.0,0.0,0.09766666666666668,15.876,6.0,-4,20.14046604683789,55.0,0.05533333333333333,0.0,0.0,0.0,0.0,32.066043980007,optimal
2021-02-08 17:30:00,8,1,1.061299400421882,0.0,0.0,0.113,12.348,6.0,-4,20.0,55.0,0.05533333333333333,3714.5479014765874,0.0,0.0,0.0,32.03397793602699,optimal
2021-02-08 18:00:00,8,1,2.0,0.0,0.0,0.19273333333333328,12.1275,6.0,-4,20.0,55.0,0.05533333333333333,7000.0,0.0,0.0,0.0,32.00194395809097,optimal
2021-02-08 18:30:00,8,1,0.139150135387613,0.0,0.0,0.06913333333333334,12.348,6.0,-4,20.12564190151497,55.0,0.05533333333333333,487.02547385664553,0.0,0.0,0.0,31.96994201413288,optimal
2021-02-08 19:00:00,8,1,1.069276532851883,0.0,0.0,0.10479999999999999,12.1275,6.0,-4,20.0,55.0,0.05533333333333333,3742.46786498159,0.0,0.0,0.0,31.937972072118747,optimal
2021-02-08 19:30:00,8,1,1.0838422203297318,0.0,0.0,0.0834,12.1275,6.0,-4,20.0,55.0,0.05533333333333333,3793.4477711540617,0.0,0.0,0.0,31.90603410004663,optimal
2021-02-08 20:00:00,8,1,1.0967888601885694,0.0,0.0,0.06766666666666667,11.2665,6.0,-4,20.0,55.0,0.05533333333333333,3838.7610106599927,0.0,0.0,0.0,31.874128065946582,optimal
2021-02-08 20:30:00,8,1,0.0,0.0,0.0,0.2024,10.143,6.0,-4,20.0,55.0,0.05533333333333333,0.0,0.0,0.0,0.0,31.842253937880635,optimal
2021-02-08 21:00:00,8,1,0.0,0.0,0.0,0.10479999999999999,11.2455,6.0,-4,19.85932214995563,55.0,0.05533333333333333,0.0,0.0,0.0,0.0,31.810411683942753,optimal
2021-02-08 21:30:00,8,1,0.0,0.0,0.0,0.062,11.025,6.0,-4,19.715260158053994,55.0,0.05533333333333333,0.0,0.0,0.0,0.0,31.77860127225881,optimal
2021-02-08 22:00:00,8,1,0.0,0.0,0.0,0.2437333333333333,5.9745,6.0,-4,19.571771978799788,55.0,0.05533333333333333,0.0,0.0,0.0,0.0,31.746822670986553,optimal
2021-02-08 22:30:00,8,1,0.0,0.0,0.0,0.06913333333333334,7.938,6.0,-4,19.437335884995274,55.0,0.05533333333333333,0.0,0.0,0.0,0.0,31.715075848315568,optimal
2021-02-08 23:00:00,8,1,0.0,0.0,0.0,0.14133333333333334,8.6835,6.0,-4,19.296932694619034,55.0,0.05533333333333333,0.0,0.0,0.0,0.0,31.683360772467253,optimal
2021-02-08 23:30:00,8,1,0.0,0.0,0.0,0.10666666666666669,7.665,6.0,-4,19.15993061242359,55.0,0.05533333333333333,0.0,0.0,0.0,0.0,31.651677411694784,optimal
2021-02-09 00:00:00,8,1,2.0,0.0,7.0,0.066,10.584,6.0,0,19.15993061242359,55.0,0.05533333333333333,7000.0,0.0,0.0,0.0,34.94502573428309,optimal
2021-02-09 00:30:00,8,1,2.0,0.0,7.0,0.19526666666666667,11.2455,6.0,0,19.29143076127593,55.0,0.05533333333333333,7000.0,0.0,0.0,0.0,38.235080708548814,optimal
2021-02-09 01:00:00,8,1,2.0,0.0,0.0,0.1812,12.1275,6.0,0,19.42720725083886,55.0,0.05533333333333333,7000.0,0.0,0.0,0.0,38.19684562784027,optimal
2021-02-09 01:30:00,8,1,2.0,0.0,0.0,0.12733333333333333,11.823,6.0,0,19.561813294773334,55.0,0.05533333333333333,7000.0,0.0,0.0,0.0,38.15864878221243,optimal
2021-02-09 02:00:00,8,1,2.0,0.0,0.0,0.1998,11.7705,6.0,0,19.69263653933597,55.0,0.05533333333333333,7000.0,0.0,0.0,0.0,38.120490133430216,optimal
2021-02-09 02:30:00,8,1,2.0,0.0,7.0,0.169,11.13,6.0,0,19.824477858382455,55.0,0.05533333333333333,7000.0,0.0,0.0,0.0,41.40736964329679,optimal
2021-02-09 03:00:00,8,1,2.0,0.0,0.0,0.17796666666666666,11.6865,6.0,0,19.954545887105816,55.0,0.05533333333333333,7000.0,0.0,0.0,0.0,41.365962273653494,optimal
2021-02-09 03:30:00,8,1,2.0,0.0,7.0,0.21396666666666667,10.7205,6.0,0,20.084356164053897,55.0,0.05533333333333333,7000.0,0.0,0.0,0.0,44.649596311379845,optimal
2021-02-09 04:00:00,8,1,2.0,0.0,0.0,0.11186666666666666,11.424,6.0,0,20.21530438555058,55.0,0.05533333333333333,7000.0,0.0,0.0,0.0,44.604946715068465,optimal
2021-02-09 04:30:00,8,1,2.0,0.0,7.0,0.23033333333333328,10.689,6.0,0,20.342164853861085,55.0,0.05533333333333333,7000.0,0.0,0.0,0.0,47.8853417683534,optimal
2021-02-09 05:00:00,8,1,2.0,0.0,2.384627201060575,0.08133333333333333,11.361,6.0,0,20.471810733079177,55.0,0.05533333333333333,7000.0,0.0,0.0,0.0,48.97015434708881,optimal
2021-02-09 05:30:00,8,1,2.0,0.0,0.0,0.3028,11.571,6.0,0,20.594116764665227,55.0,0.05533333333333333,7000.0,0.0,0.0,0.0,48.92118419274172,optimal
2021-02-09 06:00:00,8,1,0.0,0.0,0.0,0.138,14.3745,6.0,0,20.723878320723472,55.0,0.05533333333333333,0.0,0.0,0.0,0.0,48.87226300854897,optimal
2021-02-09 06:30:00,8,1,2.0,0.0,0.0,0.1811333333333333,13.23,6.0,0,20.581883949864327,55.0,0.05533333333333333,7000.0,0.0,0.0,0.0,48.823390745540415,optimal
2021-02-09 07:00:00,8,1,0.5115751141867197,0.0,0.0,0.10446666666666668,13.9755,6.0,0,20.706389965763677,55.0,0.05533333333333333,1790.512899653519,0.0,0.0,0.0,48.774567354794875,optimal
2021-02-09 07:30:00,8,1,0.0,0.0,0.0,0.3378,14.994,6.0,0,20.62989261148784,55.0,0.05533333333333333,0.0,0.0,0.0,0.0,48.72579278744007,optimal
2021-02-09 08:00:00,8,1,2.0,0.0,0.0,0.07706666666666666,13.671,6.0,0,20.494769937177512,55.0,0.05533333333333333,7000.0,0.0,0.0,0.0,48.67706699465263,optimal
2021-02-09 08:30:00,8,1,0.0,0.0,0.0,0.2302,15.981,6.0,0,20.614508763291806,55.0,0.05533333333333333,0.0,0.0,0.0,0.0,48.62838992765797,optimal
2021-02-09 09:00:00,8,1,0.0,0.0,0.0,0.15919999999999998,15.6345,6.0,0,20.475556361831945,55.0,0.05533333333333333,0.0,0.0,0.0,0.0,48.579761537730306,optimal
2021-02-09 09:30:00,8,1,0.0,0.0,0.0,0.19546666666666668,16.5375,6.0,0,20.336023981977828,55.0,0.05533333333333333,0.0,0.0,0.0,0.0,48.53118177619257,optimal
2021-02-09 10:00:00,8,1,0.0,0.0,0.0,1.7255,14.7735,6.0,0,20.20143840997742,55.0,0.05533333333333333,0.0,0.0,0.0,0.0,48.48265059441637,optimal
2021-02-09 10:30:00,8,1,0.0,0.0,0.0,0.8760666666666668,15.2145,6.0,0,20.107044199972236,55.0,0.05533333333333333,0.0,0.0,0.0,0.0,48.434167943821954,optimal
2021-02-09 11:00:00,8,1,0.6571337363865943,0.0,0.0,1.5181,14.553,6.0,0,20.0,55.0,0.05533333333333333,2299.9680773530804,0.0,0.0,0.0,48.38573377587813,optimal
2021-02-09 11:30:00,8,1,2.0,0.0,0.0,0.26866666666666666,14.3325,6.0,0,20.0,55.0,0.05533333333333333,7000.0,0.0,0.0,0.0,48.33734804210225,optimal
2021-02-09 12:00:00,8,1,0.43639214643797564,0.0,0.0,1.1134000000000002,14.595,6.0,0,20.14384561855145,55.0,0.050666666666666665,1527.3725125329147,0.0,0.0,0.0,48.289010694060146,optimal
2021-02-09 12:30:00,8,1,0.0,0.0,0.0,1.9567,14.994,6.0,0,20.096088906665027,55.0,0.04933333333333333,0.0,0.0,0.0,0.0,48.240721683366075,optimal
2021-02-09 13:00:00,8,1,0.7501737157703716,0.0,0.0,1.2030666666666665,14.3325,6.0,0,20.0,55.0,0.04933333333333333,2625.6080051963004,0.0,0.0,0.0,48.192480961682705,optimal
2021-02-09 13:30:00,8,1,2.0,0.0,0.0,1.79,13.8915,6.0,0,20.0,55.0,0.04933333333333333,7000.0,0.0,0.0,0.0,48.144288480721016,optimal
2021-02-09 14:00:00,8,1,2.0,0.0,0.0,0.36319999999999997,13.8915,6.0,0,20.194949195403737,55.0,0.04466666666666667,7000.0,0.0,0.0,0.0,48.096144192240295,optimal
2021-02-09 14:30:00,8,1,2.0,0.0,0.0,1.4089666666666667,13.4715,6.0,0,20.35764164545757,55.0,0.044,7000.0,0.0,0.0,0.0,48.048048048048045,optimal
2021-02-09 15:00:00,8,1,2.0,0.0,0.0,0.698,13.23,6.0,0,20.529281716794667,55.0,0.044,7000.0,0.0,0.0,0.0,48.0,optimal
2021-02-09 15:30:00,8,1,2.0,0.0,0.0,1.5251,13.8915,6.0,0,20.68992542876876,55.0,0.04066666666666666,7000.0,0.0,0.0,0.0,47.296284041277474,optimal
2021-02-09 16:00:00,8,1,0.0,0.0,0.0,0.35803333333333337,26.9325,6.0,0,20.86612589490313,55.0,0.04066666666666666,0.0,0.0,0.0,0.0,46.59327179851367,optimal
2021-02-09 16:30:00,8,1,0.0,0.0,0.0,0.3451,30.303,6.0,0,20.743085349590423,55.0,0.038,0.0,0.0,0.0,0.0,45.89096256799263,optimal
2021-02-09 17:00:00,8,1,0.0,0.0,0.0,0.2686,32.886,6.0,0,20.619894832726505,55.0,0.03666666666666667,0.0,0.0,0.0,0.0,45.18935564670211,optimal
2021-02-09 17:30:00,8,1,0.0,0.0,0.0,0.3518,34.9965,6.0,0,20.49635195751542,55.0,0.030666666666666665,0.0,0.0,0.0,0.0,44.48845033233288,optimal
2021-02-09 18:00:00,8,1,0.0,0.0,0.0,0.14056666666666667,33.327,6.0,0,20.381167312289403,55.0,0.028,0.0,0.0,0.0,0.0,43.788245923278026,optimal
2021-02-09 18:30:00,8,1,0.0,0.0,0.0,0.7301333333333333,31.122,6.0,0,20.25766487329526,55.0,0.023333333333333334,0.0,0.0,0.0,0.0,43.08874171863222,optimal
2021-02-09 19:00:00,8,1,0.0,0.0,0.0,1.3657666666666668,17.9025,6.0,0,20.1577065879971,55.0,0.023333333333333334,0.0,0.0,0.0,0.0,42.38993701819106,optimal
2021-02-09 19:30:00,8,1,0.39712738495614486,0.0,0.0,0.20153333333333334,15.6555,6.0,0,20.084461717068113,55.0,0.023333333333333334,1389.945847346507,0.0,0.0,0.0,41.691831122450346,optimal
2021-02-09 20:00:00,8,1,0.9227127590718647,0.0,0.0,0.32616666666666666,14.553,6.0,0,20.0,55.0,0.004,3229.4946567515262,0.0,0.0,0.0,41.650139291327896,optimal
2021-02-09 20:30:00,8,1,0.0,0.0,0.0,0.4958333333333333,14.3325,6.0,0,20.0,55.0,0.002,0.0,0.0,0.0,0.0,41.60848915203657,optimal
2021-02-09 21:00:00,8,1,0.0,0.0,0.0,1.2173,13.335,6.0,0,19.88599380668637,55.0,0.002,0.0,0.0,0.0,0.0,41.56688066288453,optimal
2021-02-09 21:30:00,8,1,0.0,0.0,0.0,0.5777333333333333,12.1275,6.0,0,19.780114866668974,55.0,0.002,0.0,0.0,0.0,0.0,41.525313782221644,optimal
2021-02-09 22:00:00,8,1,0.0,0.0,0.0,0.18666666666666662,12.2955,6.0,0,19.65307789087901,55.0,0.002,0.0,0.0,0.0,0.0,41.48378846843942,optimal
2021-02-09 22:30:00,8,1,0.0,0.0,0.0,0.24046666666666666,11.6865,6.0,0,19.52063499366179,55.0,0.002,0.0,0.0,0.0,0.0,41.44230467997098,optimal
2021-02-09 23:00:00,8,1,0.0,0.0,0.0,0.21180000000000002,11.466,6.0,0,19.391583766504738,55.0,0.002,0.0,0.0,0.0,0.0,41.40086237529101,optimal
2021-02-09 23:30:00,8,1,0.0,0.0,0.0,0.13286666666666666,10.8045,6.0,0,19.262783469251197,55.0,0.002,0.0,0.0,0.0,0.0,41.35946151291572,optimal
2021-02-10 00:00:00,8,1,2.0,0.0,0.0,0.08756666666666667,10.8045,6.0,0,19.262783469251197,55.0,0.002,7000.0,0.0,0.0,0.0,41.3181020514028,optimal
2021-02-10 00:30:00,8,1,2.0,0.0,0.0,0.26873333333333327,11.508,6.0,0,19.399812295066937,55.0,0.05231897926634769,0.0,0.0,7000.0,0.0,41.2767839493514,optimal
2021-02-10 01:00:00,8,1,2.0,0.0,0.0,0.2432,11.508,6.0,0,19.283585873247297,55.0,0.07333333333333333,4804.0,0.0,2196.0,0.0,41.23550716540205,optimal
2021-02-10 01:30:00,8,1,2.0,0.0,0.0,0.16133333333333336,11.508,6.0,0,19.35665777207818,55.0,0.07333333333333333,7000.0,0.0,0.0,0.0,41.194271658236644,optimal
2021-02-10 02:00:00,8,1,2.0,0.0,0.0,0.066,11.844,6.0,0,19.48629313961341,55.0,0.07333333333333333,7000.0,0.0,0.0,0.0,41.15307738657841,optimal
2021-02-10 02:30:00,8,1,2.0,0.0,0.0,0.066,11.508,6.0,0,19.610616187608585,55.0,0.07333333333333333,7000.0,0.0,0.0,0.0,41.111924309191835,optimal
2021-02-10 03:00:00,8,1,2.0,0.0,0.0,0.2926,11.508,6.0,0,19.734013040103978,55.0,0.07333333333333333,7000.0,0.0,0.0,0.0,41.07081238488264,optimal
2021-02-10 03:30:00,8,1,2.0,0.0,7.0,0.066,10.4475,6.0,0,19.865051220533175,55.0,0.07333333333333333,7000.0,0.0,0.0,0.0,44.354741572497765,optimal
2021-02-10 04:00:00,8,1,2.0,0.0,0.8617534500935838,0.066,10.8675,6.0,0,19.98655255497072,55.0,0.07333333333333333,7000.0,0.0,0.0,0.0,44.71971971971972,optimal
2021-02-10 04:30:00,8,1,2.0,0.0,7.0,0.6655,10.542,6.0,0,20.10714871542011,55.0,0.07266666666666667,7000.0,0.0,0.0,0.0,48.0,optimal
2021-02-10 05:00:00,8,1,2.0,0.0,0.0,0.231,11.025,6.0,0,20.254372415591607,55.0,0.06533333333333333,7000.0,0.0,0.0,0.0,47.58436679098929,optimal
2021-02-10 05:30:00,8,1,2.0,0.0,0.0,0.2102,11.025,6.0,0,20.384013251756652,55.0,0.06533333333333333,7000.0,0.0,0.0,0.0,47.169149215187595,optimal
2021-02-10 06:00:00,8,1,2.0,0.0,0.0,0.35196666666666665,14.553,6.0,0,20.510127394590732,55.0,0.06533333333333333,7000.0,0.0,0.0,0.0,46.7543468569617,optimal
2021-02-10 06:30:00,8,1,2.0,0.0,0.0,0.45713333333333334,13.0935,6.0,0,20.646264585465527,55.0,0.058666666666666666,7000.0,0.0,0.0,0.0,46.339959301094034,optimal
2021-02-10 07:00:00,8,1,2.0,0.0,0.0,0.066,15.6345,6.0,0,20.78474129116678,55.0,0.058666666666666666,7000.0,0.0,0.0,0.0,45.925986132782235,optimal
2021-02-10 07:30:00,8,1,0.0,0.0,0.0,0.16133333333333336,18.102,6.0,0,20.893044218174474,55.0,0.058666666666666666,0.0,0.0,0.0,0.0,45.51242693763875,optimal
2021-02-10 08:00:00,8,1,0.0,0.0,0.0,0.19726666666666667,17.199,6.0,0,20.73931938797854,55.0,0.058666666666666666,0.0,0.0,0.0,0.0,45.099281301690404,optimal
2021-02-10 08:30:00,8,1,0.0,0.0,0.0,0.066,18.2805,6.0,0,20.587724808345744,55.0,0.058666666666666666,0.0,0.0,0.0,0.0,44.68654881137801,optimal
2021-02-10 09:00:00,8,1,0.0,0.0,0.0,0.22463333333333332,17.4615,6.0,0,20.433790510027837,55.0,0.058666666666666666,0.0,0.0,0.0,0.0,44.27422905355593,optimal
2021-02-10 09:30:00,8,1,0.0,0.0,0.0,0.13396666666666668,18.3225,6.0,0,20.288485932587637,55.0,0.058666666666666666,0.0,0.0,0.0,0.0,43.862321615491666,optimal
2021-02-10 10:00:00,8,1,0.01352913391334147,0.0,0.0,0.1197,17.094,6.0,0,20.142328586347286,55.0,0.058666666666666666,47.351968696695145,0.0,0.0,0.0,43.45082608486547,optimal
2021-02-10 10:30:00,8,1,1.162932322811273,0.0,0.0,0.2198333333333333,17.094,6.0,0,20.0,55.0,0.058666666666666666,4070.263129839455,0.0,0.0,0.0,43.0397420497699,optimal
2021-02-10 11:00:00,8,1,2.0,0.0,0.0,0.09103333333333331,17.094,6.0,0,20.01561194937265,55.0,0.058666666666666666,7000.0,0.0,0.0,0.0,42.62906909870942,optimal
2021-02-10 11:30:00,8,1,0.0,0.0,0.0,0.20083333333333328,17.3565,6.0,0,20.138040462249606,55.0,0.058666666666666666,0.0,0.0,0.0,0.0,42.21880682060001,optimal
2021-02-10 12:00:00,8,1,2.0,0.0,0.0,0.15180000000000002,17.115,6.0,0,20.0,55.0,0.058666666666666666,7000.0,0.0,0.0,0.0,41.8089548047687,optimal
2021-02-10 12:30:00,8,1,2.0,0.0,0.0,0.1853333333333333,17.241,6.0,0,20.12633048325163,55.0,0.058666666666666666,7000.0,0.0,0.0,0.0,41.399512640953226,optimal
2021-02-10 13:00:00,8,1,2.0,0.0,0.0,0.17326666666666668,17.094,6.0,0,20.252986657083458,55.0,0.058666666666666666,7000.0,0.0,0.0,0.0,40.99047991930157,optimal
2021-02-10 13:30:00,8,1,2.0,0.0,0.0,0.0839,16.5165,6.0,0,20.37824339192899,55.0,0.058666666666666666,7000.0,0.0,0.0,0.0,40.581856230371564,optimal
2021-02-10 14:00:00,8,1,0.0,0.0,0.0,0.2747,17.8185,6.0,0,20.50068081272663,55.0,0.058666666666666666,0.0,0.0,0.0,0.0,40.17364116513048,optimal
2021-02-10 14:30:00,8,1,2.0,0.0,0.0,0.2035,17.094,6.0,0,20.36645424655801,55.0,0.058666666666666666,7000.0,0.0,0.0,0.0,39.765834314954645,optimal
2021-02-10 15:00:00,8,1,2.0,0.0,0.0,0.34926666666666667,16.8945,6.0,0,20.511975556083815,55.0,0.058666666666666666,7000.0,0.0,0.0,0.0,39.358435271628984,optimal
2021-02-10 15:30:00,8,1,1.4880302653732023,0.0,0.0,0.15893333333333334,18.123,6.0,0,20.665983313095143,55.0,0.058666666666666666,5208.105928806208,0.0,0.0,0.0,39.319076836357354,optimal
2021-02-10 16:00:00,8,1,0.0,0.0,0.0,0.2154333333333333,31.647,6.0,0,20.747522805044543,55.0,0.05466666666666667,0.0,0.0,0.0,0.0,39.279757759521,optimal
2021-02-10 16:30:00,8,1,0.0,0.0,0.0,0.40473333333333333,34.9965,6.0,0,20.63995568026543,55.0,0.05,0.0,0.0,0.0,0.0,39.240478001761474,optimal
2021-02-10 17:00:00,8,1,0.0,0.0,0.0,0.26513333333333333,34.9965,6.0,0,20.52954656056007,55.0,0.05,0.0,0.0,0.0,0.0,39.201237523759715,optimal
2021-02-10 17:30:00,8,1,0.0,0.0,0.0,0.2830666666666667,34.9965,6.0,0,20.415260074337564,55.0,0.044,0.0,0.0,0.0,0.0,39.16203628623595,optimal
2021-02-10 18:00:00,8,1,0.0,0.0,0.0,0.15343333333333334,34.9965,6.0,0,20.308661420499813,55.0,0.0,0.0,0.0,0.0,0.0,39.12287424994972,optimal
2021-02-10 18:30:00,8,1,0.0,0.0,0.0,0.32873333333333327,34.9965,6.0,0,20.199189623131435,55.0,0.0,0.0,0.0,0.0,0.0,39.08375137569977,optimal
2021-02-10 19:00:00,8,1,0.0,0.0,0.0,0.36186666666666667,27.741,6.0,0,20.10190045743715,55.0,0.0,0.0,0.0,0.0,0.0,39.04466762432407,optimal
2021-02-10 19:30:00,8,1,0.9110229939917014,0.0,0.0,0.4028,19.026,6.0,0,20.0,55.0,0.0,3188.5804789709546,0.0,0.0,0.0,39.005622956699746,optimal
2021-02-10 20:00:00,8,1,0.9658610445500724,0.0,0.0,0.2645,18.7215,6.0,0,20.0,55.0,0.0,3380.5136559252533,0.0,0.0,0.0,38.966617333743045,optimal
2021-02-10 20:30:00,8,1,0.0,0.0,0.0,0.3398333333333333,17.4195,6.0,0,20.0,55.0,0.0,0.0,0.0,0.0,0.0,38.9276507164093,optimal
2021-02-10 21:00:00,8,1,0.0,0.0,0.0,0.2336,16.758,6.0,0,19.877633698218034,55.0,0.0,0.0,0.0,0.0,0.0,38.88872306569289,optimal
2021-02-10 21:30:00,8,1,0.0,0.0,0.0,0.13163333333333332,14.217,6.0,0,19.74082731690779,55.0,0.0,0.0,0.0,0.0,0.0,38.8498343426272,optimal
2021-02-10 22:00:00,8,1,0.0,0.0,0.0,0.13163333333333332,13.3665,6.0,0,19.58675634590325,55.0,0.0,0.0,0.0,0.0,0.0,38.81098450828457,optimal
2021-02-10 22:30:00,8,1,0.0,0.0,0.0,0.12796666666666667,12.789,6.0,0,19.423030820461314,55.0,0.0,0.0,0.0,0.0,0.0,38.77217352377628,optimal
2021-02-10 23:00:00,8,1,0.0,0.0,0.0,0.23063333333333333,11.907,6.0,0,19.258524036548003,55.0,0.0,0.0,0.0,0.0,0.0,38.73340135025251,optimal
2021-02-10 23:30:00,8,1,0.0,0.0,0.0,0.061666666666666654,11.7075,6.0,0,19.09725893546296,55.0,0.0,0.0,0.0,0.0,0.0,38.69466794890226,optimal
2021-02-11 00:00:00,8,1,2.0,0.0,0.0,0.06566666666666666,11.025,6.0,0,19.09725893546296,55.0,0.0,7000.0,0.0,0.0,0.0,38.655973280953354,optimal
2021-02-11 00:30:00,8,1,2.0,0.0,0.0,0.133,12.0855,6.0,0,19.199664607181415,55.0,0.06698564593301436,0.0,0.0,7000.0,0.0,38.6173173076724,optimal
2021-02-11 01:00:00,8,1,2.0,0.0,0.0,0.10790000000000001,11.6865,6.0,0,19.037690535430755,55.0,0.12502674976179184,934.7046498927517,0.0,6065.295350107248,0.0,38.578699990364726,optimal
2021-02-11 01:30:00,8,1,2.0,0.0,0.0,0.2175,11.2245,6.0,0,18.912031707421786,55.0,0.12502674976179184,7000.0,0.0,0.0,0.0,38.54012129037436,optimal
2021-02-11 02:00:00,8,1,2.0,0.0,0.0,0.077,11.025,6.0,0,19.02058772619194,55.0,0.12502674976179184,7000.0,0.0,0.0,0.0,38.501581169083984,optimal
2021-02-11 02:30:00,8,1,2.0,0.0,7.0,0.263,10.7835,6.0,0,19.123027123696524,55.0,0.12502674976179184,7000.0,0.0,0.0,0.0,41.7880795879149,optimal
2021-02-11 03:00:00,8,1,2.0,0.0,0.0,0.07840000000000001,11.025,6.0,0,19.230985179466064,55.0,0.12502674976179184,7000.0,0.0,0.0,0.0,41.74629150832698,optimal
2021-02-11 03:30:00,8,1,2.0,0.0,7.0,0.061,10.584,6.0,0,19.330420042935565,55.0,0.12502674976179184,7000.0,0.0,0.0,0.0,45.02954521681866,optimal
2021-02-11 04:00:00,8,1,2.0,0.0,0.1534521598904348,0.097,11.025,6.0,0,19.430319256026877,55.0,0.12502674976179184,7000.0,0.0,0.0,0.0,45.0574054475498,optimal
2021-02-11 04:30:00,8,1,2.0,0.0,7.0,0.2243,10.4265,6.0,0,19.53269673487346,55.0,0.12502674976179184,7000.0,0.0,0.0,0.0,48.33734804210225,optimal
2021-02-11 05:00:00,8,1,2.0,0.0,0.0,0.1331,12.789,6.0,0,19.639120722355162,55.0,0.12502674976179184,7000.0,0.0,0.0,0.0,48.289010694060146,optimal
2021-02-11 05:30:00,8,1,2.0,0.0,0.0,0.081,12.684,6.0,0,19.741306455382343,55.0,0.12502674976179184,7000.0,0.0,0.0,0.0,48.240721683366075,optimal
2021-02-11 06:00:00,8,1,2.0,0.0,0.0,0.2134,16.254,6.0,0,19.842625128014216,55.0,0.12502674976179184,7000.0,0.0,0.0,0.0,48.192480961682705,optimal
2021-02-11 06:30:00,8,1,2.0,0.0,0.0,0.12733333333333333,17.64,6.0,0,19.950053345447905,55.0,0.12502674976179184,7000.0,0.0,0.0,0.0,48.144288480721016,optimal
2021-02-11 07:00:00,8,1,2.0,0.0,0.0,0.225,19.1625,6.0,0,20.05608558436015,55.0,0.10836008309512518,7000.0,0.0,0.0,0.0,48.096144192240295,optimal
2021-02-11 07:30:00,8,1,0.0,0.0,0.0,0.2758333333333333,26.46,6.0,0,20.174423197471285,55.0,0.10236008309512519,0.0,0.0,0.0,0.0,48.048048048048045,optimal
2021-02-11 08:00:00,8,1,2.0,0.0,0.0,0.22740000000000002,20.79,6.0,0,20.03222811891063,55.0,0.10236008309512519,7000.0,0.0,0.0,0.0,48.0,optimal
2021-02-11 08:30:00,8,1,0.0,0.0,0.0,0.2623666666666667,29.106,6.0,0,20.14962345714582,55.0,0.09836008309512519,0.0,0.0,0.0,0.0,47.751770496919285,optimal
2021-02-11 09:00:00,8,1,2.0,0.0,0.0,0.5363333333333333,19.1835,6.0,0,20.0,55.0,0.08036008309512518,7000.0,0.0,0.0,0.0,47.503789223341656,optimal
2021-02-11 09:30:00,8,1,0.011119704958809049,0.0,0.0,1.7060666666666666,19.6665,6.0,0,20.12599735253807,55.0,0.07836008309512518,38.91896735583167,0.0,0.0,0.0,47.2560559310376,optimal
2021-02-11 10:00:00,8,1,0.9456859872489455,0.0,0.0,0.4224666666666666,19.404,6.0,0,20.0,55.0,0.03102674976179185,3309.900955371309,0.0,0.0,0.0,47.00857037202585,optimal
2021-02-11 10:30:00,8,1,1.2158561991060326,0.0,0.0,0.4167,19.047,6.0,0,20.0,55.0,0.03472744625438815,3381.107246728134,0.0,874.3894501429802,0.0,46.76133229857311,optimal
2021-02-11 11:00:00,8,1,2.0,0.0,0.0,0.30593333333333333,18.858,6.0,0,20.0,55.0,0.03472744625438815,7000.0,0.0,0.0,0.0,46.51434146319382,optimal
2021-02-11 11:30:00,8,1,0.014185430436372722,0.0,0.0,0.5155,19.2675,6.0,0,20.125938375806257,55.0,0.03206077958772149,49.64900652730452,0.0,0.0,0.0,46.267597618649916,optimal
2021-02-11 12:00:00,8,1,2.0,0.0,0.0,0.28713333333333335,18.963,6.0,0,20.0,55.0,0.044,5752.351466916895,0.0,1247.6485330831047,0.0,46.02110051795055,optimal
2021-02-11 12:30:00,8,1,2.0,0.0,0.0,1.1565333333333334,18.438,6.0,0,20.09062160834508,55.0,0.03933333333333333,7000.0,0.0,0.0,0.0,45.77484991435189,optimal
2021-02-11 13:00:00,8,1,2.0,0.0,0.0,0.8081,18.7425,6.0,0,20.24120035697566,55.0,0.03933333333333333,7000.0,0.0,0.0,0.0,45.528845561356825,optimal
2021-02-11 13:30:00,8,1,2.0,0.0,0.0,0.23766666666666664,15.2145,6.0,0,20.394841392966878,55.0,0.037333333333333336,7000.0,0.0,0.0,0.0,45.283087212714754,optimal
2021-02-11 14:00:00,8,1,2.0,0.0,0.0,0.2117333333333333,17.7765,6.0,0,20.537385806731702,55.0,0.037333333333333336,7000.0,0.0,0.0,0.0,45.037574622421324,optimal
2021-02-11 14:30:00,8,1,2.0,0.0,0.0,0.30110000000000003,16.758,6.0,0,20.6807491443438,55.0,0.037333333333333336,7000.0,0.0,0.0,0.0,44.79230754471819,optimal
2021-02-11 15:00:00,8,1,2.0,0.0,0.0,0.113,16.422,6.0,0,20.82813246373601,55.0,0.037333333333333336,7000.0,0.0,0.0,0.0,44.54728573409276,optimal
2021-02-11 15:30:00,8,1,2.0,0.0,0.0,0.21480000000000002,16.758,6.0,0,20.965472335310615,55.0,0.02964,7000.0,0.0,0.0,0.0,44.30250894527796,optimal
2021-02-11 16:00:00,8,1,0.0,0.0,0.0,0.3399333333333333,29.358,6.0,0,21.096034884877994,55.0,0.028666666666666667,0.0,0.0,0.0,0.0,44.057976933251965,optimal
2021-02-11 16:30:00,8,1,0.0,0.0,0.0,0.137,34.9965,6.0,0,20.964701562833554,55.0,0.025333333333333333,0.0,0.0,0.0,0.0,43.813689453238,optimal
2021-02-11 17:00:00,8,1,0.0,0.0,0.0,1.4602,34.65,6.0,0,20.821467466144092,55.0,0.004,0.0,0.0,0.0,0.0,43.56964626070405,optimal
2021-02-11 17:30:00,8,1,0.0,0.0,0.0,0.258,34.9965,6.0,0,20.693338731510043,55.0,0.0,0.0,0.0,0.0,0.0,43.32584711136263,optimal
2021-02-11 18:00:00,8,1,0.0,0.0,0.0,0.071,34.9965,6.0,0,20.539136760524343,55.0,0.0,0.0,0.0,0.0,0.0,43.08229176117055,optimal
2021-02-11 18:30:00,8,1,0.0,0.0,0.0,0.2184,30.4815,6.0,0,20.362586831732006,55.0,0.0,0.0,0.0,0.0,0.0,42.838979966328665,optimal
2021-02-11 19:00:00,8,1,0.0,0.0,0.0,0.071,21.4305,6.0,0,20.186588321447818,55.0,0.0,0.0,0.0,0.0,0.0,42.595911483281625,optimal
2021-02-11 19:30:00,8,1,1.4131610854642496,0.0,0.0,0.1849,14.3325,6.0,0,20.0,55.0,0.0,4946.063799124873,0.0,0.0,0.0,42.35308606871763,optimal
2021-02-11 20:00:00,8,1,1.4606352282033515,0.0,0.0,0.1765,13.692,6.0,0,20.0,55.0,0.0,5112.22329871173,0.0,0.0,0.0,42.1105034795682,optimal
2021-02-11 20:30:00,8,1,0.0,0.0,0.0,0.1433,14.007,6.0,0,20.0,55.0,0.0,0.0,0.0,0.0,0.0,41.86816347300792,optimal
2021-02-11 21:00:00,8,1,0.09952380952380951,0.0,0.0,0.29756666666666665,12.873,6.0,0,19.809116105787037,55.0,0.0,0.0,0.0,348.3333333333333,0.0,41.82629530953491,optimal
2021-02-11 21:30:00,8,1,0.0,0.0,0.0,0.32776666666666665,12.684,6.0,0,19.638335274852952,55.0,0.0,0.0,0.0,0.0,0.0,41.78446901422538,optimal
2021-02-11 22:00:00,8,1,0.0,0.0,0.0,0.24806666666666663,12.306,6.0,0,19.47334329109724,55.0,0.0,0.0,0.0,0.0,0.0,41.742684545211155,optimal
2021-02-11 22:30:00,8,1,0.0398095238095238,0.0,0.0,0.2958,10.6365,6.0,0,19.310429988526565,55.0,0.001333333333333333,0.0,0.0,139.33333333333331,0.0,41.70094186066594,optimal
2021-02-11 23:00:00,8,1,0.0,0.0,0.0,0.2153333333333333,11.2455,6.0,0,19.147600054817,55.0,0.0,0.0,0.0,0.0,0.0,41.659240918805274,optimal
2021-02-11 23:30:00,8,1,0.0,0.0,0.0,0.2540666666666666,11.2455,6.0,0,18.97730219255116,55.0,0.0,0.0,0.0,0.0,0.0,41.61758167788647,optimal
2021-02-12 00:00:00,8,1,2.0,0.0,0.0,0.07533333333333334,11.025,6.0,3,18.97730219255116,55.0,0.0,7000.0,0.0,0.0,0.0,41.57596409620859,optimal
2021-02-12 00:30:00,8,1,2.0,0.0,0.0,0.2666,10.689,6.0,3,19.05467140561187,55.0,0.06266666666666666,451.33333333333303,0.0,6548.666666666667,0.0,41.534388132112376,optimal
2021-02-12 01:00:00,8,1,2.0,0.0,7.0,0.1274,8.1585,6.0,3,18.891290760964544,55.0,0.06266666666666666,7000.0,0.0,0.0,0.0,44.817853743980265,optimal
2021-02-12 01:30:00,8,1,2.0,0.0,0.0,0.15853333333333333,10.3635,6.0,3,18.97126775550975,55.0,0.06266666666666666,7000.0,0.0,0.0,0.0,44.77303589023629,optimal
2021-02-12 02:00:00,8,1,2.0,0.0,0.0,0.22826666666666667,10.8045,6.0,3,19.05257009237055,55.0,0.06266666666666666,7000.0,0.0,0.0,0.0,44.72826285434605,optimal
2021-02-12 02:30:00,8,1,2.0,0.0,0.0,0.0752,11.025,6.0,3,19.136646150565735,55.0,0.06266666666666666,7000.0,0.0,0.0,0.0,44.6835345914917,optimal
2021-02-12 03:00:00,8,1,2.0,0.0,0.0,0.14386666666666667,10.3635,6.0,3,19.21654818328662,55.0,0.06266666666666666,7000.0,0.0,0.0,0.0,44.63885105690021,optimal
2021-02-12 03:30:00,8,1,2.0,0.0,0.0,0.17986666666666667,10.8045,6.0,3,19.30068405431289,55.0,0.06266666666666666,7000.0,0.0,0.0,0.0,44.594212205843306,optimal
2021-02-12 04:00:00,8,1,2.0,0.0,0.0,0.19326666666666667,10.059,6.0,3,19.390768086004023,55.0,0.06266666666666666,7000.0,0.0,0.0,0.0,44.54961799363746,optimal
2021-02-12 04:30:00,8,1,2.0,0.0,0.0,0.07166666666666667,10.584,6.0,3,19.485902169477278,55.0,0.06266666666666666,7000.0,0.0,0.0,0.0,44.50506837564382,optimal
2021-02-12 05:00:00,8,1,2.0,0.0,7.0,0.235,9.4185,6.0,3,19.58094857571043,55.0,0.06266666666666666,7000.0,0.0,0.0,0.0,47.785563307268184,optimal
2021-02-12 05:30:00,8,1,2.0,0.0,0.0,0.17366666666666666,10.3635,6.0,3,19.686672331013476,55.0,0.06266666666666666,7000.0,0.0,0.0,0.0,47.73777774396092,optimal
2021-02-12 06:00:00,8,1,2.0,0.0,1.362753843969035,0.1018,9.8385,6.0,3,19.795251296286285,55.0,0.06266666666666666,7000.0,0.0,0.0,0.0,48.33734804210225,optimal
2021-02-12 06:30:00,8,1,2.0,0.0,0.0,0.3122,11.067,6.0,3,19.906266266229274,55.0,0.06266666666666666,7000.0,0.0,0.0,0.0,48.289010694060146,optimal
2021-02-12 07:00:00,8,1,2.0,0.0,0.0,1.5162666666666669,10.8465,6.0,3,20.024946300516284,55.0,0.062,7000.0,0.0,0.0,0.0,48.240721683366075,optimal
2021-02-12 07:30:00,8,1,2.0,0.0,0.0,0.6394333333333333,13.671,6.0,3,20.170230366199007,55.0,0.056973333333333334,7000.0,0.0,0.0,0.0,48.192480961682705,optimal
2021-02-12 08:00:00,8,1,2.0,0.0,0.0,1.5529000000000002,12.348,6.0,3,20.29836084555171,55.0,0.05466666666666667,7000.0,0.0,0.0,0.0,48.144288480721016,optimal
2021-02-12 08:30:00,8,1,0.0,0.0,0.0,1.3235333333333332,14.3325,6.0,3,20.42529399550636,55.0,0.05333333333333334,0.0,0.0,0.0,0.0,48.096144192240295,optimal
2021-02-12 09:00:00,8,1,0.0,0.0,0.0,0.6537666666666666,15.393,6.0,3,20.302159058584632,55.0,0.052,0.0,0.0,0.0,0.0,48.048048048048045,optimal
2021-02-12 09:30:00,8,1,2.0,0.0,0.0,0.103,13.587,6.0,3,20.15848702486083,55.0,0.052,7000.0,0.0,0.0,0.0,48.0,optimal
2021-02-12 10:00:00,8,1,0.0,0.0,0.0,0.0575,16.1385,6.0,3,20.278380339338277,55.0,0.051333333333333335,0.0,0.0,0.0,0.0,44.068641804380725,optimal
2021-02-12 10:30:00,8,1,0.0,0.0,0.0,0.3531666666666667,14.595,6.0,3,20.13771597693678,55.0,0.05,0.0,0.0,0.0,0.0,40.14121496695707,optimal
2021-02-12 11:00:00,8,1,0.8179009370249362,0.0,0.0,0.2872333333333333,14.637,6.0,3,20.01129232133323,55.0,0.05,2862.6532795872768,0.0,0.0,0.0,40.101073751990114,optimal
2021-02-12 11:30:00,8,1,0.8759336989843102,0.0,0.0,1.2083,13.9125,6.0,3,20.0,55.0,0.05,3065.7679464450853,0.0,0.0,0.0,40.06097267823812,optimal
2021-02-12 12:00:00,8,1,0.8710517939955769,0.0,0.0,0.9889,13.3665,6.0,3,20.0,55.0,0.048,3048.681278984519,0.0,0.0,0.0,40.02091170555988,optimal
2021-02-12 12:30:00,8,1,1.7312312760902517,0.0,0.0,1.2382,13.0095,6.0,3,20.0,55.0,0.04666666666666667,6059.309466315881,0.0,0.0,0.0,39.98089079385432,optimal
2021-02-12 13:00:00,8,1,0.0,0.0,0.0,0.34776666666666667,13.8915,6.0,3,20.117580558132047,55.0,0.0006666666666666665,0.0,0.0,0.0,0.0,39.940909903060465,optimal
2021-02-12 13:30:00,8,1,0.9275794136158616,0.0,0.0,0.29386666666666666,13.188,6.0,3,20.0,55.0,0.0,3246.5279476555156,0.0,0.0,0.0,39.900968993157406,optimal
2021-02-12 14:00:00,8,1,0.5933546409976255,0.0,0.0,2.0956666666666663,12.5685,6.0,3,20.0,55.0,0.0,2076.741243491689,0.0,0.0,0.0,39.86106802416425,optimal
2021-02-12 14:30:00,8,1,1.333449465301511,0.0,0.0,0.19753333333333334,12.285,6.0,3,20.0,55.0,0.01326671720205946,3280.7011809400747,0.0,1386.3719476152137,0.0,39.82120695614008,optimal
2021-02-12 15:00:00,8,1,2.0,0.0,0.0,0.29386666666666666,11.487,6.0,3,20.0,55.0,0.02,6296.371947615214,0.0,703.6280523847863,0.0,39.78138574918394,optimal
2021-02-12 15:30:00,8,1,2.0,0.0,0.0,0.19426666666666667,11.802,6.0,3,20.12276387708393,55.0,0.018666666666666668,7000.0,0.0,0.0,0.0,39.74160436343475,optimal
2021-02-12 16:00:00,8,1,2.0,0.0,0.0,0.15,11.2245,6.0,3,20.263917322588387,55.0,0.017333333333333333,7000.0,0.0,0.0,0.0,39.70186275907132,optimal
2021-02-12 16:30:00,8,1,2.0,0.0,0.0,1.6945999999999999,11.025,6.0,3,20.400554389143334,55.0,0.014,7000.0,0.0,0.0,0.0,39.662160896312244,optimal
2021-02-12 17:00:00,8,1,2.0,0.0,0.0,0.2616,11.907,6.0,3,20.55720460554409,55.0,0.014,7000.0,0.0,0.0,0.0,39.62249873541593,optimal
2021-02-12 17:30:00,8,1,0.0,0.0,0.0,0.1718,25.83,6.0,3,20.703542360053493,55.0,0.012666666666666666,0.0,0.0,0.0,0.0,39.58287623668051,optimal
2021-02-12 18:00:00,8,1,0.0,0.0,0.0,0.6253333333333334,28.035,6.0,3,20.576046791321367,55.0,0.012666666666666666,0.0,0.0,0.0,0.0,39.54329336044383,optimal
2021-02-12 18:30:00,8,1,0.0,0.0,0.0,0.5095,28.119,6.0,3,20.4677284571043,55.0,0.007333333333333333,0.0,0.0,0.0,0.0,39.50375006708339,optimal
2021-02-12 19:00:00,8,1,0.0,0.0,0.0,1.0170666666666668,30.156,6.0,3,20.35131292942741,55.0,0.0033333333333333335,0.0,0.0,0.0,0.0,39.464246317016304,optimal
2021-02-12 19:30:00,8,1,0.0,0.0,0.0,0.28613333333333335,29.1585,6.0,3,20.252733813141724,55.0,0.0033333333333333335,0.0,0.0,0.0,0.0,39.42478207069929,optimal
2021-02-12 20:00:00,8,1,0.0,0.0,0.0,0.0828,26.712,6.0,3,20.12971397118337,55.0,0.002,0.0,0.0,0.0,0.0,39.38535728862859,optimal
2021-02-12 20:30:00,8,1,0.0,0.0,0.0,0.2443333333333333,15.435,6.0,3,20.0,55.0,0.002,0.0,0.0,0.0,0.0,39.34597193133996,optimal
2021-02-12 21:00:00,8,1,0.0,0.0,0.0,0.2399333333333333,13.566,6.0,3,19.871023955348953,55.0,0.002,0.0,0.0,0.0,0.0,39.30662595940862,optimal
2021-02-12 21:30:00,8,1,0.0,0.0,0.0,0.1916,12.789,6.0,3,19.74096948708263,55.0,0.0,0.0,0.0,0.0,0.0,39.26731933344921,optimal
2021-02-12 22:00:00,8,1,0.6170476190476191,0.0,0.0,0.2319333333333333,12.1275,6.0,3,19.609674872937585,55.0,0.0006666666666666665,0.0,0.0,2159.6666666666665,0.0,39.22805201411576,optimal
2021-02-12 22:30:00,8,1,0.0,0.0,0.0,0.32463333333333333,13.671,6.0,3,19.477527137562273,55.0,0.0,0.0,0.0,0.0,0.0,39.188823962101644,optimal
2021-02-12 23:00:00,8,1,0.0,0.0,0.0,0.1572666666666667,10.668,6.0,3,19.351276363942887,55.0,0.0,0.0,0.0,0.0,0.0,39.149635138139544,optimal
2021-02-12 23:30:00,8,1,0.0,0.0,0.0,0.2557333333333333,11.7285,6.0,3,19.21329647500312,55.0,0.0,0.0,0.0,0.0,0.0,39.11048550300141,optimal
2021-02-13 00:00:00,8,1,2.0,0.0,0.0,0.056,8.1585,6.0,-3,19.21329647500312,55.0,0.0,7000.0,0.0,0.0,0.0,39.071375017498404,optimal
2021-02-13 00:30:00,8,1,2.0,0.0,0.0,0.05733333333333333,9.4815,6.0,-3,19.337391905586863,55.0,0.06,730.0,0.0,6270.0,0.0,39.032303642480905,optimal
2021-02-13 01:00:00,8,1,2.0,0.0,0.0,0.254,8.379,6.0,-3,19.22406371463293,55.0,0.06,7000.0,0.0,0.0,0.0,38.993271338838426,optimal
2021-02-13 01:30:00,8,1,2.0,0.0,0.0,0.08053333333333333,9.5235,6.0,-3,19.355926291898108,55.0,0.06,7000.0,0.0,0.0,0.0,38.95427806749959,optimal
2021-02-13 02:00:00,8,1,2.0,0.0,6.004608805838485,0.11943333333333334,8.1375,6.0,-3,19.48062567819365,55.0,0.06,7000.0,0.0,0.0,0.0,41.76751297220537,optimal
2021-02-13 02:30:00,8,1,2.0,0.0,0.0,0.13703333333333334,10.0905,6.0,-3,19.606338889911495,55.0,0.06,7000.0,0.0,0.0,0.0,41.72574545923315,optimal
2021-02-13 03:00:00,8,1,2.0,0.0,7.0,0.0887,7.539,6.0,-3,19.73205749514764,55.0,0.06,7000.0,0.0,0.0,0.0,45.00901971377392,optimal
2021-02-13 03:30:00,8,1,2.0,0.0,7.0,0.2325,7.938,6.0,-3,19.85501354401998,55.0,0.06,7000.0,0.0,0.0,0.0,48.289010694060146,optimal
2021-02-13 04:00:00,8,1,2.0,0.0,0.0,0.056,8.274,6.0,-3,19.981861786789008,55.0,0.06,7000.0,0.0,0.0,0.0,48.240721683366075,optimal
2021-02-13 04:30:00,8,1,2.0,0.0,0.0,0.056,9.261,6.0,-3,20.10097646607143,55.0,0.06,7000.0,0.0,0.0,0.0,48.192480961682705,optimal
2021-02-13 05:00:00,8,1,2.0,0.0,0.0,0.2199,9.9225,6.0,-3,20.21845876074649,55.0,0.06,7000.0,0.0,0.0,0.0,48.144288480721016,optimal
2021-02-13 05:30:00,8,1,2.0,0.0,0.0,0.10596666666666668,9.702,6.0,-3,20.340462367697235,55.0,0.06,7000.0,0.0,0.0,0.0,48.096144192240295,optimal
2021-02-13 06:00:00,8,1,2.0,0.0,0.0,0.06466666666666668,10.584,6.0,-3,20.45618041543331,55.0,0.06,7000.0,0.0,0.0,0.0,48.048048048048045,optimal
2021-02-13 06:30:00,8,1,2.0,0.0,0.0,0.2545666666666666,10.143,6.0,-3,20.56878149975257,55.0,0.06,7000.0,0.0,0.0,0.0,48.0,optimal
2021-02-13 07:00:00,8,1,0.0,0.0,0.0,0.8869333333333332,13.0095,6.0,-3,20.68968764176668,55.0,0.058666666666666666,0.0,0.0,0.0,0.0,47.69221350803715,optimal
2021-02-13 07:30:00,8,1,2.0,0.0,0.0,0.07133333333333333,11.025,6.0,-3,20.543309566605163,55.0,0.056,7000.0,0.0,0.0,0.0,47.384734802566264,optimal
2021-02-13 08:00:00,8,1,0.0,0.0,0.0,0.12926666666666667,12.789,6.0,-3,20.661107909372955,55.0,0.03933333333333333,0.0,0.0,0.0,0.0,47.07756357580085,optimal
2021-02-13 08:30:00,8,1,2.0,0.0,0.0,0.1903333333333333,12.1275,6.0,-3,20.517233393584736,55.0,0.034,7000.0,0.0,0.0,0.0,46.770699520262205,optimal
2021-02-13 09:00:00,8,1,2.0,0.0,0.0,0.2122333333333333,12.1695,6.0,-3,20.632745209015276,55.0,0.032,7000.0,0.0,0.0,0.0,46.4641423287791,optimal
2021-02-13 09:30:00,8,1,2.0,0.0,0.0,0.23846666666666666,12.306,6.0,-3,20.747304292992908,55.0,0.03,7000.0,0.0,0.0,0.0,46.15789169448747,optimal
2021-02-13 10:00:00,8,1,0.0,0.0,0.0,1.4743,13.23,6.0,-3,20.865860684261914,55.0,0.03,0.0,0.0,0.0,0.0,45.851947310830134,optimal
2021-02-13 10:30:00,8,1,0.0,0.0,0.0,0.7045666666666667,13.671,6.0,-3,20.7309770639719,55.0,0.02666666666666667,0.0,0.0,0.0,0.0,45.546308871556455,optimal
2021-02-13 11:00:00,8,1,0.0,0.0,0.0,0.066,13.9335,6.0,-3,20.59049940502478,55.0,0.02666666666666667,0.0,0.0,0.0,0.0,45.24097607072205,optimal
2021-02-13 11:30:00,8,1,0.0766939013841287,0.0,0.0,0.13140000000000002,13.293,6.0,-3,20.43502801889921,55.0,0.02666666666666667,268.4286548444504,0.0,0.0,0.0,44.93594860268848,optimal
2021-02-13 12:00:00,8,1,2.0,0.0,0.0,0.20313333333333333,12.1065,6.0,-3,20.29369894439601,55.0,0.02666666666666667,7000.0,0.0,0.0,0.0,44.63122616212294,optimal
2021-02-13 12:30:00,8,1,2.0,0.0,0.0,0.11323333333333332,11.571,6.0,-3,20.410814359887127,55.0,0.02666666666666667,7000.0,0.0,0.0,0.0,44.32680844399797,optimal
2021-02-13 13:00:00,8,1,2.0,0.0,0.0,0.15273333333333333,11.025,6.0,-3,20.524405973871396,55.0,0.02666666666666667,7000.0,0.0,0.0,0.0,44.02269514359112,optimal
2021-02-13 13:30:00,8,1,2.0,0.0,0.0,0.16726666666666667,10.8465,6.0,-3,20.639388585724156,55.0,0.02666666666666667,7000.0,0.0,0.0,0.0,43.718885956484684,optimal
2021-02-13 14:00:00,8,1,2.0,0.0,0.0,0.0987,11.2455,6.0,-3,20.754808626981394,55.0,0.02666666666666667,7000.0,0.0,0.0,0.0,43.41538057856535,optimal
2021-02-13 14:30:00,8,1,0.0,0.0,0.0,0.9872000000000001,23.8665,6.0,-3,20.867523436820303,55.0,0.02666666666666667,0.0,0.0,0.0,0.0,43.11217870602393,optimal
2021-02-13 15:00:00,8,1,0.0,0.0,0.0,0.26366666666666666,27.4575,6.0,-3,20.72910368317226,55.0,0.02266666666666667,0.0,0.0,0.0,0.0,42.80928003535506,optimal
2021-02-13 15:30:00,8,1,0.0,0.0,0.0,0.184,27.3735,6.0,-3,20.592623839745873,55.0,0.022,0.0,0.0,0.0,0.0,42.7664707553197,optimal
2021-02-13 16:00:00,8,1,0.0,0.0,0.0,0.2154,30.4605,6.0,-3,20.45957657466562,55.0,0.019333333333333334,0.0,0.0,0.0,0.0,42.723704284564384,optimal
2021-02-13 16:30:00,8,1,0.0,0.0,0.0,0.4332,30.0195,6.0,-3,20.33220554526676,55.0,0.016,0.0,0.0,0.0,0.0,42.68098058027982,optimal
2021-02-13 17:00:00,8,1,0.0,0.0,0.0,2.0000999999999998,26.9325,6.0,-3,20.21345120844003,55.0,0.009333333333333334,0.0,0.0,0.0,0.0,42.63829959969954,optimal
2021-02-13 17:30:00,8,1,0.0,0.0,0.0,0.228,14.595,6.0,-3,20.121469215487668,55.0,0.0033333333333333335,0.0,0.0,0.0,0.0,42.59566130009984,optimal
2021-02-13 18:00:00,8,1,0.9002078184481137,0.0,0.0,0.228,12.4845,6.0,-3,20.0,55.0,0.0033333333333333335,3150.727364568398,0.0,0.0,0.0,42.553065638799744,optimal
2021-02-13 18:30:00,8,1,0.8499487618931245,0.0,0.0,0.3361,12.1275,6.0,-3,20.0,55.0,0.001333333333333333,2974.8206666259357,0.0,0.0,0.0,42.510512573160945,optimal
2021-02-13 19:00:00,8,1,1.7037993838893957,0.0,0.0,0.26373333333333326,12.1275,6.0,-3,20.0,55.0,0.0,5963.297843612884,0.0,0.0,0.0,42.468002060587786,optimal
2021-02-13 19:30:00,8,1,0.0,0.0,0.0,0.5131,12.789,6.0,-3,20.110801410272664,55.0,0.0,0.0,0.0,0.0,0.0,42.4255340585272,optimal
2021-02-13 20:00:00,8,1,0.8608058600705297,0.0,0.0,0.4000666666666667,11.907,6.0,-3,20.0,55.0,0.0,3012.820510246854,0.0,0.0,0.0,42.38310852446867,optimal
2021-02-13 20:30:00,8,1,0.0,0.0,0.0,0.1729,11.025,6.0,-3,20.0,55.0,0.0,0.0,0.0,0.0,0.0,42.3407254159442,optimal
2021-02-13 21:00:00,8,1,0.0,0.0,0.0,0.5011666666666666,8.2005,6.0,-3,19.878693504689757,55.0,0.0,0.0,0.0,0.0,0.0,42.29838469052825,optimal
2021-02-13 21:30:00,8,1,0.0,0.0,0.0,0.5991333333333333,9.5655,6.0,-3,19.77190109036293,55.0,0.0,0.0,0.0,0.0,0.0,42.25608630583773,optimal
2021-02-13 22:00:00,8,1,0.0,0.0,0.0,0.11686666666666666,7.056,6.0,-3,19.671587678748544,55.0,0.0,0.0,0.0,0.0,0.0,42.213830219531886,optimal
2021-02-13 22:30:00,8,1,0.0,0.0,0.0,0.08053333333333333,9.3975,6.0,-3,19.530485570534683,55.0,0.0,0.0,0.0,0.0,0.0,42.171616389312355,optimal
2021-02-13 23:00:00,8,1,0.0,0.0,0.0,0.20313333333333333,10.059,6.0,-3,19.389434534518827,55.0,0.0,0.0,0.0,0.0,0.0,42.129444772923044,optimal
2021-02-13 23:30:00,8,1,0.0,0.0,0.0,0.066,9.261,6.0,-3,19.25443846385457,55.0,0.0,0.0,0.0,0.0,0.0,42.08731532815012,optimal
2021-02-07 00:00:00,9,1,1.8473331245689193,0.0,0.0,0.062,6.615,6.0,-4,21.0,55.0,0.12,6465.665935991218,0.0,0.0,0.0,47.952,optimal
2021-02-07 00:30:00,9,1,2.0,0.0,0.0,0.062,6.174,6.0,-4,21.115409648879766,55.0,0.12,7000.0,0.0,0.0,0.0,47.904047999999996,optimal
2021-02-07 01:00:00,9,1,2.0,0.0,0.0,0.122,3.906,6.0,-4,21.249400890717084,55.0,0.12,7000.0,0.0,0.0,0.0,47.856143952,optimal
2021-02-07 01:30:00,9,1,2.0,0.0,0.0,0.18380000000000002,2.3415,6.0,-4,21.383915632937903,55.0,0.12,7000.0,0.0,0.0,0.0,47.80828780804799,optimal
2021-02-07 02:00:00,9,1,2.0,0.0,0.0,0.14906666666666665,2.205,6.0,-4,21.519390472425247,55.0,0.12,7000.0,0.0,0.0,0.0,47.76047952023995,optimal
2021-02-07 02:30:00,9,1,2.0,0.0,1.8253526252854912,0.062,0.882,6.0,-4,21.65217136550657,55.0,0.12,7000.0,0.0,0.0,0.0,48.579761537730306,optimal
2021-02-07 03:00:00,9,1,2.0,0.0,0.0,0.062,1.5435,6.0,-4,21.779928807989492,55.0,0.12,7000.0,0.0,0.0,0.0,48.53118177619257,optimal
2021-02-07 03:30:00,9,1,2.0,0.0,0.0,0.116,1.5435,6.0,-4,21.905989478058356,55.0,0.12,7000.0,0.0,0.0,0.0,48.48265059441637,optimal
2021-02-07 04:00:00,9,1,2.0,0.0,0.0,0.20006666666666664,5.0715,6.0,-4,22.034327475905034,55.0,0.12,7000.0,0.0,0.0,0.0,48.434167943821954,optimal
2021-02-07 04:30:00,9,1,2.0,0.0,0.0,0.08966666666666667,5.376,6.0,-4,22.162837940154226,55.0,0.12,7000.0,0.0,0.0,0.0,48.38573377587813,optimal
2021-02-07 05:00:00,9,1,2.0,0.0,0.0,0.07866666666666668,5.0715,6.0,-4,22.28605655206987,55.0,0.12,7000.0,0.0,0.0,0.0,48.33734804210225,optimal
2021-02-07 05:30:00,9,1,2.0,0.0,0.0,0.2542,5.5125,6.0,-4,22.40823126787714,55.0,0.12,7000.0,0.0,0.0,0.0,48.289010694060146,optimal
2021-02-07 06:00:00,9,1,0.0,0.0,0.0,0.062,9.261,6.0,-4,22.536127190920563,55.0,0.12,0.0,0.0,0.0,0.0,48.240721683366075,optimal
2021-02-07 06:30:00,9,1,0.0,0.0,0.0,0.19246666666666667,11.7075,6.0,-4,22.391359288801127,55.0,0.12,0.0,0.0,0.0,0.0,48.192480961682705,optimal
2021-02-07 07:00:00,9,1,0.0,0.0,0.0,2.780466666666667,12.348,6.0,-4,22.251898828511855,55.0,0.11666666666666667,0.0,0.0,0.0,0.0,48.144288480721016,optimal
2021-02-07 07:30:00,9,1,0.0,0.0,0.0,0.2892333333333333,12.348,6.0,-4,22.124755750756343,55.0,0.11,0.0,0.0,0.0,0.0,48.096144192240295,optimal
2021-02-07 08:00:00,9,1,0.0,0.0,0.0,0.4487,12.1275,6.0,-4,22.0,55.0,0.10533333333333333,0.0,0.0,0.0,0.0,48.048048048048045,optimal
2021-02-07 08:30:00,9,1,0.0,0.0,0.0,0.3330666666666667,12.5265,6.0,-4,21.882829751736807,55.0,0.10533333333333333,0.0,0.0,0.0,0.0,48.0,optimal
2021-02-07 09:00:00,9,1,0.12335780974286174,0.0,0.0,0.4000666666666667,11.7495,6.0,-4,21.77223848725372,55.0,0.10333333333333333,431.7523341000161,0.0,0.0,0.0,47.83826222233759,optimal
2021-02-07 09:30:00,9,1,0.0,0.0,0.0,0.3041333333333333,13.23,6.0,-4,21.663594113205455,55.0,0.10333333333333333,0.0,0.0,0.0,0.0,47.67668618245285,optimal
2021-02-07 10:00:00,9,1,0.0,0.0,0.0,0.07533333333333334,14.3325,6.0,-4,21.530239996132433,55.0,0.10333333333333333,0.0,0.0,0.0,0.0,47.515271718607984,optimal
2021-02-07 10:30:00,9,1,0.0,0.0,0.0,0.2236,14.994,6.0,-4,21.383890959407054,55.0,0.10333333333333333,0.0,0.0,0.0,0.0,47.35401866922697,optimal
2021-02-07 11:00:00,9,1,0.0,0.0,0.0,0.10593333333333334,14.8155,6.0,-4,21.243740378194364,55.0,0.10333333333333333,0.0,0.0,0.0,0.0,47.192926872895335,optimal
2021-02-07 11:30:00,9,1,0.0,0.0,0.0,0.06533333333333333,14.112,6.0,-4,21.09931771047415,55.0,0.10333333333333333,0.0,0.0,0.0,0.0,47.03199616836003,optimal
2021-02-07 12:00:00,9,1,0.0,0.0,0.0,0.062,14.007,6.0,-4,20.95443716877443,55.0,0.10333333333333333,0.0,0.0,0.0,0.0,46.871226394529266,optimal
2021-02-07 12:30:00,9,1,0.0,0.0,0.0,0.2708666666666667,13.23,6.0,-4,20.810635975374453,55.0,0.10333333333333333,0.0,0.0,0.0,0.0,46.71061739047233,optimal
2021-02-07 13:00:00,9,1,2.0,0.0,0.0,0.063,11.382,6.0,-4,20.675796771334564,55.0,0.10333333333333333,7000.0,0.0,0.0,0.0,46.55016899541945,optimal
2021-02-07 13:30:00,9,1,2.0,0.0,0.0,0.19036666666666668,11.7495,6.0,-4,20.798521393986565,55.0,0.10333333333333333,7000.0,0.0,0.0,0.0,46.38988104876162,optimal
2021-02-07 14:00:00,9,1,0.0,0.0,0.0,0.14916666666666667,24.3285,6.0,-4,20.925301876401974,55.0,0.10333333333333333,0.0,0.0,0.0,0.0,46.229753390050455,optimal
2021-02-07 14:30:00,9,1,0.0,0.0,0.0,0.062,28.917,6.0,-4,20.785755760356206,55.0,0.10333333333333333,0.0,0.0,0.0,0.0,46.069785858997996,optimal
2021-02-07 15:00:00,9,1,0.0,0.0,0.0,0.2142,31.3635,6.0,-4,20.644328714000306,55.0,0.10333333333333333,0.0,0.0,0.0,0.0,45.90997829547659,optimal
2021-02-07 15:30:00,9,1,0.0,0.0,0.0,0.072,33.306,6.0,-4,20.509951752448448,55.0,0.10333333333333333,0.0,0.0,0.0,0.0,45.75033053951871,optimal
2021-02-07 16:00:00,9,1,0.0,0.0,0.0,0.19176666666666667,31.3425,6.0,-4,20.369834431276335,55.0,0.10333333333333333,0.0,0.0,0.0,0.0,45.59084243131678,optimal
2021-02-07 16:30:00,9,1,0.0,0.0,0.0,0.14643333333333333,28.2555,6.0,-4,20.23434439541318,55.0,0.10333333333333333,0.0,0.0,0.0,0.0,45.431513811223056,optimal
2021-02-07 17:00:00,9,1,0.0,0.0,0.0,2.5248000000000004,15.6975,6.0,-4,20.09872510090136,55.0,0.10333333333333333,0.0,0.0,0.0,0.0,45.272344519749424,optimal
2021-02-07 17:30:00,9,1,0.7008595459740947,0.0,0.0,1.0872,12.5475,6.0,-4,20.0,55.0,0.09733333333333333,2453.008410909332,0.0,0.0,0.0,45.113334397567264,optimal
2021-02-07 18:00:00,9,1,0.6885548625943919,0.0,0.0,0.5598,12.0855,6.0,-4,20.0,55.0,0.09666666666666666,2409.9420190803717,0.0,0.0,0.0,44.95448328550729,optimal
2021-02-07 18:30:00,9,1,2.0,0.0,0.0,2.0656333333333334,11.907,6.0,-4,20.007554713416972,55.0,0.09666666666666666,7000.0,0.0,0.0,0.0,44.79579102455937,optimal
2021-02-07 19:00:00,9,1,0.0,0.0,0.0,1.3420999999999998,12.5685,6.0,-4,20.206066792941456,55.0,0.09666666666666666,0.0,0.0,0.0,0.0,44.6372574558724,optimal
2021-02-07 19:30:00,9,1,0.0,0.0,0.0,1.844733333333333,13.146,6.0,-4,20.103255263019232,55.0,0.09266666666666666,0.0,0.0,0.0,0.0,44.47888242075412,optimal
2021-02-07 20:00:00,9,1,0.6944862532522763,0.0,0.0,2.9728000000000003,10.584,6.0,-4,20.0,55.0,0.09133333333333334,2430.701886382967,0.0,0.0,0.0,44.43440353833336,optimal
2021-02-07 20:30:00,9,1,0.0,0.0,0.0,1.4064666666666668,6.678,6.0,-4,20.0,55.0,0.09133333333333334,0.0,0.0,0.0,0.0,44.38996913479503,optimal
2021-02-07 21:00:00,9,1,0.0,0.0,0.0,3.067466666666667,7.938,6.0,-4,19.89943011068065,55.0,0.09133333333333334,0.0,0.0,0.0,0.0,44.34557916566023,optimal
2021-02-07 21:30:00,9,1,0.0,0.0,0.0,0.14916666666666667,5.292,6.0,-4,19.806729460992567,55.0,0.09133333333333334,0.0,0.0,0.0,0.0,44.301233586494575,optimal
2021-02-07 22:00:00,9,1,0.0,0.0,0.0,0.13946666666666666,9.261,6.0,-4,19.69781855104262,55.0,0.08866666666666667,0.0,0.0,0.0,0.0,44.25693235290808,optimal
2021-02-07 22:30:00,9,1,0.0,0.0,0.0,0.10373333333333332,10.3635,6.0,-4,19.591430386654203,55.0,0.08733333333333333,0.0,0.0,0.0,0.0,44.21267542055517,optimal
2021-02-07 23:00:00,9,1,0.0,0.0,0.0,0.24046666666666666,8.274,6.0,-4,19.472433487376325,55.0,0.08733333333333333,0.0,0.0,0.0,0.0,44.16846274513462,optimal
2021-02-07 23:30:00,9,1,0.0,0.0,0.0,0.08533333333333333,7.7175,6.0,-4,19.353129301542303,55.0,0.08733333333333333,0.0,0.0,0.0,0.0,44.124294282389485,optimal
2021-02-08 00:00:00,9,1,2.0,0.0,0.0,0.061,10.143,6.0,3,19.353129301542303,55.0,0.08733333333333333,7000.0,0.0,0.0,0.0,44.080169988107095,optimal
2021-02-08 00:30:00,9,1,0.0,0.0,0.0,0.061,11.2455,6.0,3,19.4897061636055,55.0,0.08733333333333333,0.0,0.0,0.0,0.0,44.03608981811899,optimal
2021-02-08 01:00:00,9,1,1.334984469632249,0.0,0.0,0.13219999999999998,11.025,6.0,3,19.360815568936637,55.0,0.10733333333333334,2582.4456437128724,0.0,2090.0,0.0,43.99205372830087,optimal
2021-02-08 01:30:00,9,1,2.0,0.0,0.0,0.12033333333333332,5.9745,6.0,3,19.333136128241996,55.0,0.10733333333333334,7000.0,0.0,0.0,0.0,43.948061674572564,optimal
2021-02-08 02:00:00,9,1,2.0,0.0,0.0,0.061,7.938,6.0,3,19.47173097048061,55.0,0.10733333333333334,7000.0,0.0,0.0,0.0,43.904113612897994,optimal
2021-02-08 02:30:00,9,1,2.0,0.0,0.0,0.19153333333333333,8.6835,6.0,3,19.606679269817267,55.0,0.10733333333333334,7000.0,0.0,0.0,0.0,43.8602094992851,optimal
2021-02-08 03:00:00,9,1,2.0,0.0,0.0,0.061,7.665,6.0,3,19.745926074306226,55.0,0.10733333333333334,7000.0,0.0,0.0,0.0,43.81634928978581,optimal
2021-02-08 03:30:00,9,1,2.0,0.0,0.0,0.12033333333333332,6.7725,6.0,3,19.87957663582315,55.0,0.10733333333333334,7000.0,0.0,0.0,0.0,43.77253294049603,optimal
2021-02-08 04:00:00,9,1,2.0,0.0,0.0,0.13219999999999998,5.5755,6.0,3,20.014100545542156,55.0,0.10733333333333334,7000.0,0.0,0.0,0.0,43.728760407555534,optimal
2021-02-08 04:30:00,9,1,2.0,0.0,2.787343298159882,0.06693333333333333,5.0925,6.0,3,20.147698074434516,55.0,0.10733333333333334,7000.0,0.0,0.0,0.0,45.00901971377392,optimal
2021-02-08 05:00:00,9,1,2.0,0.0,7.0,0.1856,4.1895,6.0,3,20.27708964163344,55.0,0.10733333333333334,7000.0,0.0,0.0,0.0,48.289010694060146,optimal
2021-02-08 05:30:00,9,1,2.0,0.0,0.0,0.061,7.056,6.0,3,20.409255318994887,55.0,0.10733333333333334,7000.0,0.0,0.0,0.0,48.240721683366075,optimal
2021-02-08 06:00:00,9,1,2.0,0.0,0.0,0.10253333333333332,5.271,6.0,3,20.535356668990996,55.0,0.10733333333333334,7000.0,0.0,0.0,0.0,48.192480961682705,optimal
2021-02-08 06:30:00,9,1,2.0,0.0,0.0,0.15,7.938,6.0,3,20.661715149635697,55.0,0.10733333333333334,7000.0,0.0,0.0,0.0,48.144288480721016,optimal
2021-02-08 07:00:00,9,1,2.0,0.0,0.0,0.06833333333333333,7.938,6.0,3,20.788552998161748,55.0,0.10733333333333334,7000.0,0.0,0.0,0.0,48.096144192240295,optimal
2021-02-08 07:30:00,9,1,2.0,0.0,0.0,0.19086666666666668,11.907,6.0,3,20.91398401138225,55.0,0.10733333333333334,7000.0,0.0,0.0,0.0,48.048048048048045,optimal
2021-02-08 08:00:00,9,1,2.0,0.0,0.0,0.3453,11.025,6.0,3,21.04843975842257,55.0,0.10666666666666667,7000.0,0.0,0.0,0.0,48.0,optimal
2021-02-08 08:30:00,9,1,2.0,0.0,0.0,0.059,11.2875,6.0,3,21.188955389751758,55.0,0.10666666666666667,7000.0,0.0,0.0,0.0,47.916165106544796,optimal
2021-02-08 09:00:00,9,1,0.0,0.0,0.0,0.18953333333333333,12.936,6.0,3,21.310005128220094,55.0,0.10666666666666667,0.0,0.0,0.0,0.0,47.83241404798305,optimal
2021-02-08 09:30:00,9,1,0.0,0.0,0.0,0.059,13.0095,6.0,3,21.17854452863867,55.0,0.10666666666666667,0.0,0.0,0.0,0.0,47.748746740479866,optimal
2021-02-08 10:00:00,9,1,0.0,0.0,0.0,1.4136666666666668,13.671,6.0,3,21.037197423588164,55.0,0.10466666666666667,0.0,0.0,0.0,0.0,47.66516310028418,optimal
2021-02-08 10:30:00,9,1,0.0,0.0,0.0,0.6369333333333332,13.188,6.0,3,20.938087520437826,55.0,0.10266666666666667,0.0,0.0,0.0,0.0,47.581663043728696,optimal
2021-02-08 11:00:00,9,1,0.0,0.0,0.0,0.09659999999999999,13.8495,6.0,3,20.825553551349138,55.0,0.10266666666666667,0.0,0.0,0.0,0.0,47.498246487229764,optimal
2021-02-08 11:30:00,9,1,0.0,0.0,0.0,0.11120000000000001,13.23,6.0,3,20.677984185270464,55.0,0.10266666666666667,0.0,0.0,0.0,0.0,47.41491334728733,optimal
2021-02-08 12:00:00,9,1,0.0,0.0,0.0,0.15133333333333335,13.3665,6.0,3,20.53248334148349,55.0,0.10266666666666667,0.0,0.0,0.0,0.0,47.33166354048484,optimal
2021-02-08 12:30:00,9,1,2.0,0.0,0.0,0.06966666666666667,13.0515,6.0,3,20.390604680612036,55.0,0.10266666666666667,7000.0,0.0,0.0,0.0,47.248496983489154,optimal
2021-02-08 13:00:00,9,1,0.0,0.0,0.0,0.12440000000000001,13.5345,6.0,3,20.512360663871913,55.0,0.10266666666666667,0.0,0.0,0.0,0.0,47.16541359305046,optimal
2021-02-08 13:30:00,9,1,0.0,0.0,0.0,0.15146666666666667,14.154,6.0,3,20.372266961698283,55.0,0.10266666666666667,0.0,0.0,0.0,0.0,47.08241328600221,optimal
2021-02-08 14:00:00,9,1,0.0,0.0,0.0,0.1066,14.112,6.0,3,20.237591196997652,55.0,0.10133333333333333,0.0,0.0,0.0,0.0,46.999495979261006,optimal
2021-02-08 14:30:00,9,1,0.0,0.0,0.0,0.12663333333333335,14.2485,6.0,3,20.112060789149982,55.0,0.10133333333333333,0.0,0.0,0.0,0.0,46.91666158982654,optimal
2021-02-08 15:00:00,9,1,2.0,0.0,0.0,0.1512,12.789,6.0,3,20.0,55.0,0.10133333333333333,7000.0,0.0,0.0,0.0,46.83391003478151,optimal
2021-02-08 15:30:00,9,1,0.7891849250100456,0.0,0.0,0.0768,13.0095,6.0,3,20.140659630280503,55.0,0.10066666666666667,2762.147237535159,0.0,0.0,0.0,46.75124123129152,optimal
2021-02-08 16:00:00,9,1,2.0,0.0,0.0,0.4242666666666666,12.1275,6.0,3,20.112654424351692,55.0,0.098,7000.0,0.0,0.0,0.0,46.66865509660503,optimal
2021-02-08 16:30:00,9,1,2.0,0.0,0.0,0.18653333333333333,12.348,6.0,3,20.259157308973233,55.0,0.098,7000.0,0.0,0.0,0.0,46.58615154805322,optimal
2021-02-08 17:00:00,9,1,2.0,0.0,0.0,0.2884,12.348,6.0,3,20.40335304955912,55.0,0.09733333333333333,7000.0,0.0,0.0,0.0,46.503730503049965,optimal
2021-02-08 17:30:00,9,1,0.0,0.0,0.0,0.4482333333333334,25.389,6.0,3,20.553915160160113,55.0,0.09666666666666666,0.0,0.0,0.0,0.0,46.421391879091715,optimal
2021-02-08 18:00:00,9,1,0.0,0.0,0.0,0.2823333333333333,29.1375,6.0,3,20.44629360654463,55.0,0.07666666666666667,0.0,0.0,0.0,0.0,46.33913559375742,optimal
2021-02-08 18:30:00,9,1,0.0,0.0,0.0,0.3111333333333333,30.597,6.0,3,20.34632534851716,55.0,0.061333333333333344,0.0,0.0,0.0,0.0,46.25696156470846,optimal
2021-02-08 19:00:00,9,1,0.0,0.0,0.0,0.2368,33.684,6.0,3,20.2432909938015,55.0,0.05866666666666668,0.0,0.0,0.0,0.0,46.17486970968855,optimal
2021-02-08 19:30:00,9,1,0.0,0.0,0.0,0.8007333333333333,32.445,6.0,3,20.140608418460403,55.0,0.0019999999999999996,0.0,0.0,0.0,0.0,46.09285994652366,optimal
2021-02-08 20:00:00,9,1,0.0,0.0,0.0,1.1725,28.917,6.0,3,20.063420169063857,55.0,0.0019999999999999996,0.0,0.0,0.0,0.0,46.01093219312193,optimal
2021-02-08 20:30:00,9,1,0.0,0.0,0.0,0.1487,15.876,6.0,3,20.0,55.0,0.0019999999999999996,0.0,0.0,0.0,0.0,45.92908636747361,optimal
2021-02-08 21:00:00,9,1,0.0,0.0,0.0,0.08286666666666666,12.348,6.0,3,19.87195026573383,55.0,0.0019999999999999996,0.0,0.0,0.0,0.0,45.847322387650934,optimal
2021-02-08 21:30:00,9,1,0.0,0.0,0.0,0.18966666666666662,12.1275,6.0,3,19.726863583465786,55.0,0.0019999999999999996,0.0,0.0,0.0,0.0,45.76564017180808,optimal
2021-02-08 22:00:00,9,1,0.0,0.0,0.0,0.071,12.348,6.0,3,19.588010021370987,55.0,0.0019999999999999996,0.0,0.0,0.0,0.0,45.68403963818107,optimal
2021-02-08 22:30:00,9,1,0.0,0.0,0.0,0.275,12.1275,6.0,3,19.446825335615117,55.0,0.0019999999999999996,0.0,0.0,0.0,0.0,45.602520705087684,optimal
2021-02-08 23:00:00,9,1,0.0,0.0,0.0,0.4172,12.1275,6.0,3,19.32102590453001,55.0,0.001333333333333333,0.0,0.0,0.0,0.0,45.556918184382596,optimal
2021-02-08 23:30:00,9,1,0.0,0.0,0.0,0.5655666666666668,11.2665,6.0,3,19.21016088010598,55.0,0.0,0.0,0.0,0.0,0.0,45.511361266198215,optimal
2021-02-09 00:00:00,9,1,0.0,0.0,0.0,0.043333333333333335,12.2955,6.0,4,19.21016088010598,55.0,0.0,0.0,0.0,0.0,0.0,45.465849904932014,optimal
2021-02-09 00:30:00,9,1,2.0,0.0,0.0,0.12179999999999999,11.6865,6.0,4,19.076017051658802,55.0,0.06698564593301436,0.0,0.0,7000.0,0.0,45.420384055027085,optimal
2021-02-09 01:00:00,9,1,2.0,0.0,0.0,0.1428,11.466,6.0,4,18.946259807807113,55.0,0.10333333333333333,3201.6666666666665,0.0,3798.3333333333335,0.0,45.37496367097206,optimal
2021-02-09 01:30:00,9,1,2.0,0.0,0.0,0.042,10.8045,6.0,4,18.93958946891737,55.0,0.10333333333333333,7000.0,0.0,0.0,0.0,45.329588707301085,optimal
2021-02-09 02:00:00,9,1,2.0,0.0,7.0,0.1674,10.584,6.0,4,19.07191134451356,55.0,0.10333333333333333,7000.0,0.0,0.0,0.0,48.60925911859378,optimal
2021-02-09 02:30:00,9,1,2.0,0.0,0.0,0.09720000000000001,11.2455,6.0,4,19.207239875425678,55.0,0.10333333333333333,7000.0,0.0,0.0,0.0,48.56064985947519,optimal
2021-02-09 03:00:00,9,1,2.0,0.0,0.0,0.042,12.1275,6.0,4,19.33928066104722,55.0,0.10333333333333333,7000.0,0.0,0.0,0.0,48.512089209615716,optimal
2021-02-09 03:30:00,9,1,2.0,0.0,0.0,0.07573333333333333,11.823,6.0,4,19.468624873294395,55.0,0.10333333333333333,7000.0,0.0,0.0,0.0,48.4635771204061,optimal
2021-02-09 04:00:00,9,1,2.0,0.0,0.0,0.17746666666666666,11.7705,6.0,4,19.599024870810865,55.0,0.10333333333333333,7000.0,0.0,0.0,0.0,48.41511354328569,optimal
2021-02-09 04:30:00,9,1,2.0,0.0,0.0,0.053399999999999996,11.13,6.0,4,19.733041730671083,55.0,0.10333333333333333,7000.0,0.0,0.0,0.0,48.36669842974241,optimal
2021-02-09 05:00:00,9,1,2.0,0.0,0.0,0.08573333333333333,11.6865,6.0,4,19.860628125100007,55.0,0.10333333333333333,7000.0,0.0,0.0,0.0,48.31833173131266,optimal
2021-02-09 05:30:00,9,1,2.0,0.0,0.0,0.19753333333333334,10.7205,6.0,4,19.987413114167982,55.0,0.10333333333333333,7000.0,0.0,0.0,0.0,48.27001339958135,optimal
2021-02-09 06:00:00,9,1,2.0,0.0,0.0,0.07426666666666666,11.424,6.0,4,20.117426838903285,55.0,0.10333333333333333,7000.0,0.0,0.0,0.0,48.22174338618177,optimal
2021-02-09 06:30:00,9,1,2.0,0.0,0.14147376962208563,0.06893333333333333,10.689,6.0,4,20.242016620734432,55.0,0.10333333333333333,7000.0,0.0,0.0,0.0,48.240721683366075,optimal
2021-02-09 07:00:00,9,1,2.0,0.0,0.0,0.4203,11.361,6.0,4,20.366451674306454,55.0,0.09533333333333334,7000.0,0.0,0.0,0.0,48.192480961682705,optimal
2021-02-09 07:30:00,9,1,2.0,0.0,0.0,1.2569666666666668,11.571,6.0,4,20.511008909425545,55.0,0.08933333333333333,7000.0,0.0,0.0,0.0,48.144288480721016,optimal
2021-02-09 08:00:00,9,1,0.0,0.0,0.0,0.05,14.3745,6.0,4,20.685926517426445,55.0,0.07466666666666667,0.0,0.0,0.0,0.0,48.096144192240295,optimal
2021-02-09 08:30:00,9,1,2.0,0.0,0.0,0.21356666666666663,13.23,6.0,4,20.552065529359304,55.0,0.07,7000.0,0.0,0.0,0.0,48.048048048048045,optimal
2021-02-09 09:00:00,9,1,0.510577199497374,0.0,0.0,0.3068333333333333,13.9755,6.0,4,20.69297601559835,55.0,0.044,1787.0201982408091,0.0,0.0,0.0,48.0,optimal
2021-02-09 09:30:00,9,1,0.0,0.0,0.0,0.299,14.994,6.0,4,20.644397243409454,55.0,0.042,0.0,0.0,0.0,0.0,47.353547685861976,optimal
2021-02-09 10:00:00,9,1,2.0,0.0,0.0,0.1756,13.671,6.0,4,20.530087012400628,55.0,0.042,7000.0,0.0,0.0,0.0,46.707741824038095,optimal
2021-02-09 10:30:00,9,1,0.0,0.0,0.0,0.109,15.981,6.0,4,20.653352407577774,55.0,0.042,0.0,0.0,0.0,0.0,46.062581768076036,optimal
2021-02-09 11:00:00,9,1,0.0,0.0,0.0,0.052,15.6345,6.0,4,20.510595940128262,55.0,0.042,0.0,0.0,0.0,0.0,45.41806687216994,optimal
2021-02-09 11:30:00,9,1,0.0,0.0,0.0,0.18130000000000002,16.5375,6.0,4,20.36861209775779,55.0,0.042,0.0,0.0,0.0,0.0,44.77419649115974,optimal
2021-02-09 12:00:00,9,1,0.0,0.0,0.0,0.3503,14.7735,6.0,4,20.232943286463385,55.0,0.037333333333333336,0.0,0.0,0.0,0.0,44.13096998053056,optimal
2021-02-09 12:30:00,9,1,0.0,0.0,0.0,0.3542,15.2145,6.0,4,20.116149169952127,55.0,0.036,0.0,0.0,0.0,0.0,43.48838669641201,optimal
2021-02-09 13:00:00,9,1,0.7704460967227411,0.0,0.0,0.7090666666666667,14.553,6.0,4,20.0,55.0,0.036,2696.5613385295937,0.0,0.0,0.0,42.846445995577575,optimal
2021-02-09 13:30:00,9,1,2.0,0.0,0.0,0.38946666666666657,14.3325,6.0,4,20.0,55.0,0.036,7000.0,0.0,0.0,0.0,42.205147235443974,optimal
2021-02-09 14:00:00,9,1,0.9055553858252576,0.0,0.0,0.2041,14.595,6.0,4,20.153846114131262,55.0,0.036,3169.4438503884016,0.0,0.0,0.0,41.56448977407051,optimal
2021-02-09 14:30:00,9,1,0.0,0.0,0.0,0.0805,14.994,6.0,4,20.139258204945357,55.0,0.036,0.0,0.0,0.0,0.0,40.92447297015842,optimal
2021-02-09 15:00:00,9,1,1.056305132650265,0.0,0.0,0.052,14.3325,6.0,4,20.0,55.0,0.036,3697.067964275928,0.0,0.0,0.0,40.285096183050236,optimal
2021-02-09 15:30:00,9,1,1.3558172092426322,0.0,0.0,0.2737,13.8915,6.0,4,20.0,55.0,0.036,4745.360232349212,0.0,0.0,0.0,39.646358772729165,optimal
2021-02-09 16:00:00,9,1,2.0,0.0,0.0,0.2658333333333333,13.8915,6.0,4,20.056692744629487,55.0,0.036,7000.0,0.0,0.0,0.0,39.008260099818415,optimal
2021-02-09 16:30:00,9,1,2.0,0.0,0.0,1.5327,13.4715,6.0,4,20.21666931824003,55.0,0.034,7000.0,0.0,0.0,0.0,38.37079952558057,optimal
2021-02-09 17:00:00,9,1,2.0,0.0,0.0,0.22646666666666668,13.23,6.0,4,20.4082846656144,55.0,0.034,7000.0,0.0,0.0,0.0,37.73397641191697,optimal
2021-02-09 17:30:00,9,1,2.0,0.0,0.0,0.058133333333333335,13.8915,6.0,4,20.535124133755716,55.0,0.034,7000.0,0.0,0.0,0.0,37.097790121367034,optimal
2021-02-09 18:00:00,9,1,0.0,0.0,0.0,0.9688,26.9325,6.0,4,20.65391427613915,55.0,0.017333333333333333,0.0,0.0,0.0,0.0,36.462240017107646,optimal
2021-02-09 18:30:00,9,1,0.0,0.0,0.0,0.2617,30.303,6.0,4,20.543971615310532,55.0,0.015333333333333332,0.0,0.0,0.0,0.0,35.827325462952516,optimal
2021-02-09 19:00:00,9,1,0.0,0.0,0.0,0.10413333333333334,32.886,6.0,4,20.42520868882525,55.0,0.015333333333333332,0.0,0.0,0.0,0.0,35.19304582335154,optimal
2021-02-09 19:30:00,9,1,0.0,0.0,0.0,0.11776666666666669,34.9965,6.0,4,20.28210553298014,55.0,0.015333333333333332,0.0,0.0,0.0,0.0,34.55940046339017,optimal
2021-02-09 20:00:00,9,1,0.0,0.0,0.0,0.1147,33.327,6.0,4,20.140583530546742,55.0,0.015333333333333332,0.0,0.0,0.0,0.0,33.92638874878876,optimal
2021-02-09 20:30:00,9,1,0.0,0.0,0.0,0.1072,31.122,6.0,4,20.0,55.0,0.015333333333333332,0.0,0.0,0.0,0.0,33.29401004590195,optimal
2021-02-09 21:00:00,9,1,0.0,0.0,0.0,0.10233333333333332,17.9025,6.0,4,19.85943547384211,55.0,0.015333333333333332,0.0,0.0,0.0,0.0,32.66226372171803,optimal
2021-02-09 21:30:00,9,1,0.0,0.0,0.0,0.4834666666666666,15.6555,6.0,4,19.723195307883962,55.0,0.015333333333333332,0.0,0.0,0.0,0.0,32.62960145799631,optimal
2021-02-09 22:00:00,9,1,0.0,0.0,0.0,0.3100333333333334,14.553,6.0,4,19.616418392246327,55.0,0.015333333333333332,0.0,0.0,0.0,0.0,32.59697185653831,optimal
2021-02-09 22:30:00,9,1,0.0,0.0,0.0,0.26463333333333333,14.3325,6.0,4,19.499297067648545,55.0,0.0,0.0,0.0,0.0,0.0,32.56437488468177,optimal
2021-02-09 23:00:00,9,1,0.0,0.0,0.0,0.31593333333333334,13.335,6.0,4,19.388964156968186,55.0,0.0,0.0,0.0,0.0,0.0,32.53181050979709,optimal
2021-02-09 23:30:00,9,1,0.0398095238095238,0.0,0.0,0.45330000000000004,12.1275,6.0,4,19.27849086930542,55.0,0.0,0.0,0.0,139.33333333333331,0.0,32.499278699287295,optimal
2021-02-10 00:00:00,9,1,2.0,0.0,7.0,0.1754,10.8045,6.0,0,19.27849086930542,55.0,0.0,7000.0,0.0,0.0,0.0,35.79177942058801,optimal
2021-02-10 00:30:00,9,1,2.0,0.0,0.0,0.0872,11.508,6.0,0,19.411822527507958,55.0,0.06698564593301436,0.0,0.0,7000.0,0.0,35.75598764116742,optimal
2021-02-10 01:00:00,9,1,2.0,0.0,0.0,0.22719999999999999,11.508,6.0,0,19.275633844829773,55.0,0.11066666666666665,2435.3333333333358,0.0,4564.666666666664,0.0,35.720231653526255,optimal
2021-02-10 01:30:00,9,1,2.0,0.0,0.0,0.125,11.508,6.0,0,19.237007168346906,55.0,0.11066666666666665,7000.0,0.0,0.0,0.0,35.68451142187273,optimal
2021-02-10 02:00:00,9,1,2.0,0.0,0.0,0.1575,11.844,6.0,0,19.366508863632717,55.0,0.11066666666666665,7000.0,0.0,0.0,0.0,35.64882691045086,optimal
2021-02-10 02:30:00,9,1,2.0,0.0,0.0,0.19469999999999998,11.508,6.0,0,19.49552859541708,55.0,0.11066666666666665,7000.0,0.0,0.0,0.0,35.613178083540404,optimal
2021-02-10 03:00:00,9,1,2.0,0.0,0.0,0.062,11.508,6.0,0,19.624992504536113,55.0,0.11066666666666665,7000.0,0.0,0.0,0.0,35.57756490545687,optimal
2021-02-10 03:30:00,9,1,2.0,0.0,7.0,0.2646,10.4475,6.0,0,19.74847870331663,55.0,0.11066666666666665,7000.0,0.0,0.0,0.0,38.86698734055141,optimal
2021-02-10 04:00:00,9,1,2.0,0.0,7.0,0.0876,10.8675,6.0,0,19.87869887879287,55.0,0.11066666666666665,7000.0,0.0,0.0,0.0,42.15312035321086,optimal
2021-02-10 04:30:00,9,1,2.0,0.0,7.0,0.188,10.542,6.0,0,20.00126211928098,55.0,0.11066666666666665,7000.0,0.0,0.0,0.0,45.43596723285765,optimal
2021-02-10 05:00:00,9,1,2.0,0.0,0.0,0.16419999999999998,11.025,6.0,0,20.125960251853176,55.0,0.11066666666666665,7000.0,0.0,0.0,0.0,45.390531265624794,optimal
2021-02-10 05:30:00,9,1,2.0,0.0,6.401248508460969,0.0998,11.025,6.0,0,20.24808527369152,55.0,0.11066666666666665,7000.0,0.0,0.0,0.0,48.38573377587813,optimal
2021-02-10 06:00:00,9,1,2.0,0.0,0.0,0.1628,14.553,6.0,0,20.366122544404757,55.0,0.11066666666666665,7000.0,0.0,0.0,0.0,48.33734804210225,optimal
2021-02-10 06:30:00,9,1,2.0,0.0,0.0,0.15159999999999998,13.0935,6.0,0,20.484915506850147,55.0,0.11066666666666665,7000.0,0.0,0.0,0.0,48.289010694060146,optimal
2021-02-10 07:00:00,9,1,2.0,0.0,0.0,0.062,15.6345,6.0,0,20.603890334450192,55.0,0.11066666666666665,7000.0,0.0,0.0,0.0,48.240721683366075,optimal
2021-02-10 07:30:00,9,1,0.0,0.0,0.0,0.30019999999999997,18.102,6.0,0,20.720083832645955,55.0,0.11066666666666665,0.0,0.0,0.0,0.0,48.192480961682705,optimal
2021-02-10 08:00:00,9,1,0.0,0.0,0.0,0.072,17.199,6.0,0,20.579210301908784,55.0,0.11066666666666665,0.0,0.0,0.0,0.0,48.144288480721016,optimal
2021-02-10 08:30:00,9,1,0.0,0.0,0.0,0.1728,18.2805,6.0,0,20.430392701790673,55.0,0.11066666666666665,0.0,0.0,0.0,0.0,48.096144192240295,optimal
2021-02-10 09:00:00,9,1,0.0,0.0,0.0,0.2046,17.4615,6.0,0,20.287981840935846,55.0,0.10666666666666665,0.0,0.0,0.0,0.0,48.048048048048045,optimal
2021-02-10 09:30:00,9,1,0.0,0.0,0.0,0.24486666666666668,18.3225,6.0,0,20.156589348549634,55.0,0.10199999999999998,0.0,0.0,0.0,0.0,48.0,optimal
2021-02-10 10:00:00,9,1,0.7539062970417605,0.0,0.0,0.28326666666666667,17.094,6.0,0,20.028785960806875,55.0,0.10199999999999998,2638.6720396461615,0.0,0.0,0.0,47.61225226839369,optimal
2021-02-10 10:30:00,9,1,0.9652326524243947,0.0,0.0,0.3252,17.094,6.0,0,20.0,55.0,0.10133333333333332,3378.3142834853816,0.0,0.0,0.0,47.22489228451899,optimal
2021-02-10 11:00:00,9,1,1.956430041796642,0.0,0.0,0.4585,17.094,6.0,0,20.0,55.0,0.09866666666666665,6847.505146288247,0.0,0.0,0.0,46.83791966062816,optimal
2021-02-10 11:30:00,9,1,0.0,0.0,0.0,0.20126666666666668,17.3565,6.0,0,20.136189374151556,55.0,0.09866666666666665,0.0,0.0,0.0,0.0,46.451334009361226,optimal
2021-02-10 12:00:00,9,1,2.0,0.0,0.0,0.1232,17.115,6.0,0,20.0,55.0,0.09866666666666665,7000.0,0.0,0.0,0.0,46.065134943745555,optimal
2021-02-10 12:30:00,9,1,2.0,0.0,0.0,0.072,17.241,6.0,0,20.125219793371656,55.0,0.09866666666666665,7000.0,0.0,0.0,0.0,45.6793220771955,optimal
2021-02-10 13:00:00,9,1,2.0,0.0,0.0,0.38339999999999996,17.094,6.0,0,20.2475724479232,55.0,0.09733333333333331,7000.0,0.0,0.0,0.0,45.29389502351199,optimal
2021-02-10 13:30:00,9,1,2.0,0.0,0.0,0.3628,16.5165,6.0,0,20.390927673330285,55.0,0.09733333333333331,7000.0,0.0,0.0,0.0,44.90885339688217,optimal
2021-02-10 14:00:00,9,1,0.18739871022469304,0.0,0.0,0.213,17.8185,6.0,0,20.53577025280069,55.0,0.09733333333333331,655.8954857864256,0.0,0.0,0.0,44.52419681187898,optimal
2021-02-10 14:30:00,9,1,2.0,0.0,0.0,0.38553333333333334,17.094,6.0,0,20.429298688470137,55.0,0.09733333333333331,7000.0,0.0,0.0,0.0,44.13992488346079,optimal
2021-02-10 15:00:00,9,1,2.0,0.0,0.0,0.5324,16.8945,6.0,0,20.57347912766346,55.0,0.09733333333333331,7000.0,0.0,0.0,0.0,43.756037226971024,optimal
2021-02-10 15:30:00,9,1,2.0,0.0,0.0,0.27786666666666665,18.123,6.0,0,20.72258718837678,55.0,0.09733333333333331,7000.0,0.0,0.0,0.0,43.372533458137745,optimal
2021-02-10 16:00:00,9,1,0.0,0.0,0.0,0.2044,31.647,6.0,0,20.858365312383782,55.0,0.09733333333333331,0.0,0.0,0.0,0.0,42.9894131930733,optimal
2021-02-10 16:30:00,9,1,0.0,0.0,0.0,0.20726666666666668,34.9965,6.0,0,20.715808003180914,55.0,0.08733333333333332,0.0,0.0,0.0,0.0,42.60667604827391,optimal
2021-02-10 17:00:00,9,1,0.0,0.0,0.0,0.3166666666666667,34.9965,6.0,0,20.57663334926973,55.0,0.08399999999999998,0.0,0.0,0.0,0.0,42.22432164061933,optimal
2021-02-10 17:30:00,9,1,0.0,0.0,0.0,0.23536666666666667,34.9965,6.0,0,20.443337236304036,55.0,0.038119999999999994,0.0,0.0,0.0,0.0,42.18209731897871,optimal
2021-02-10 18:00:00,9,1,0.0,0.0,0.0,0.1556,34.9965,6.0,0,20.316700699426455,55.0,0.006,0.0,0.0,0.0,0.0,42.139915221659734,optimal
2021-02-10 18:30:00,9,1,0.0,0.0,0.0,1.0304,34.9965,6.0,0,20.19311916095883,55.0,0.0026666666666666666,0.0,0.0,0.0,0.0,42.09777530643807,optimal
2021-02-10 19:00:00,9,1,0.0,0.0,0.0,0.7111333333333333,27.741,6.0,0,20.105678757886768,55.0,0.0026666666666666666,0.0,0.0,0.0,0.0,42.055677531131636,optimal
2021-02-10 19:30:00,9,1,0.9019468035155297,0.0,0.0,0.4695666666666667,19.026,6.0,0,20.0,55.0,0.002,3156.813812304354,0.0,0.0,0.0,42.013621853600505,optimal
2021-02-10 20:00:00,9,1,0.9513086635976773,0.0,0.0,0.22003333333333333,18.7215,6.0,0,20.0,55.0,0.002,3329.5803225918708,0.0,0.0,0.0,41.971608231746906,optimal
2021-02-10 20:30:00,9,1,0.0,0.0,0.0,0.42773333333333335,17.4195,6.0,0,20.0,55.0,0.002,0.0,0.0,0.0,0.0,41.92963662351516,optimal
2021-02-10 21:00:00,9,1,0.0,0.0,0.0,0.5962999999999999,16.758,6.0,0,19.88183089705018,55.0,0.0,0.0,0.0,0.0,0.0,41.887706986891644,optimal
2021-02-10 21:30:00,9,1,0.0398095238095238,0.0,0.0,0.38503333333333334,14.217,6.0,0,19.76628650682881,55.0,0.0,0.0,0.0,139.33333333333331,0.0,41.84581927990475,optimal
2021-02-10 22:00:00,9,1,0.0,0.0,0.0,0.2533333333333333,13.3665,6.0,0,19.629182373871924,55.0,0.0,0.0,0.0,0.0,0.0,41.803973460624846,optimal
2021-02-10 22:30:00,9,1,0.0,0.0,0.0,0.17909999999999998,12.789,6.0,0,19.472214185439103,55.0,0.0,0.0,0.0,0.0,0.0,41.76216948716422,optimal
2021-02-10 23:00:00,9,1,0.0,0.0,0.0,0.1035,11.907,6.0,0,19.309242511113695,55.0,0.0,0.0,0.0,0.0,0.0,41.72040731767706,optimal
2021-02-10 23:30:00,9,1,0.0,0.0,0.0,0.11243333333333334,11.7075,6.0,0,19.1427664239163,55.0,0.0,0.0,0.0,0.0,0.0,41.67868691035938,optimal
2021-02-11 00:00:00,9,1,2.0,0.0,0.0,0.11053333333333332,11.2245,6.0,-3,19.1427664239163,55.0,0.0,7000.0,0.0,0.0,0.0,41.63700822344902,optimal
2021-02-11 00:30:00,9,1,2.0,0.0,0.0,0.14393333333333333,11.025,6.0,-3,19.243770231920298,55.0,0.06698564593301436,0.0,0.0,7000.0,0.0,41.595371215225576,optimal
2021-02-11 01:00:00,9,1,2.0,0.0,1.468242197469794,0.05,10.7835,6.0,-3,19.081805065776436,55.0,0.07760613268677748,5890.159134231754,0.0,1109.8408657682457,0.0,42.251190887808505,optimal
2021-02-11 01:30:00,9,1,2.0,0.0,0.0,0.17476666666666668,11.025,6.0,-3,19.14084018041075,55.0,0.07760613268677748,7000.0,0.0,0.0,0.0,42.20893969692069,optimal
2021-02-11 02:00:00,9,1,2.0,0.0,7.0,0.1231,10.584,6.0,-3,19.246077192573082,55.0,0.07760613268677748,7000.0,0.0,0.0,0.0,45.49173075722377,optimal
2021-02-11 02:30:00,9,1,2.0,0.0,0.0,0.05,11.025,6.0,-3,19.34857830583576,55.0,0.07760613268677748,7000.0,0.0,0.0,0.0,45.44623902646654,optimal
2021-02-11 03:00:00,9,1,2.0,0.0,7.0,0.11059999999999999,10.4265,6.0,-3,19.446809190787206,55.0,0.07760613268677748,7000.0,0.0,0.0,0.0,48.72579278744007,optimal
2021-02-11 03:30:00,9,1,2.0,0.0,0.0,0.1872666666666667,12.789,6.0,-3,19.545852654697544,55.0,0.07760613268677748,7000.0,0.0,0.0,0.0,48.67706699465263,optimal
2021-02-11 04:00:00,9,1,2.0,0.0,0.0,0.06186666666666667,12.684,6.0,-3,19.648917088022813,55.0,0.07760613268677748,7000.0,0.0,0.0,0.0,48.62838992765797,optimal
2021-02-11 04:30:00,9,1,2.0,0.0,0.0,0.22943333333333332,16.254,6.0,-3,19.748338745728297,55.0,0.07760613268677748,7000.0,0.0,0.0,0.0,48.579761537730306,optimal
2021-02-11 05:00:00,9,1,2.0,0.0,0.0,0.05656666666666667,17.64,6.0,-3,19.853350149648406,55.0,0.07760613268677748,7000.0,0.0,0.0,0.0,48.53118177619257,optimal
2021-02-11 05:30:00,9,1,2.0,0.0,0.0,0.05,19.1625,6.0,-3,19.951048573067588,55.0,0.07760613268677748,7000.0,0.0,0.0,0.0,48.48265059441637,optimal
2021-02-11 06:00:00,9,1,0.0,0.0,0.0,0.24786666666666668,26.46,6.0,-3,20.049633550243335,55.0,0.07760613268677748,0.0,0.0,0.0,0.0,48.434167943821954,optimal
2021-02-11 06:30:00,9,1,2.0,0.0,0.0,0.05,20.79,6.0,-3,19.89237170345902,55.0,0.07760613268677748,7000.0,0.0,0.0,0.0,48.38573377587813,optimal
2021-02-11 07:00:00,9,1,0.0,0.0,0.0,0.25939999999999996,29.106,6.0,-3,19.99511877294836,55.0,0.07093946602011081,0.0,0.0,0.0,0.0,48.33734804210225,optimal
2021-02-11 07:30:00,9,1,2.0,0.0,0.0,1.601233333333333,19.1835,6.0,-3,19.85536414267677,55.0,0.06960613268677747,7000.0,0.0,0.0,0.0,48.289010694060146,optimal
2021-02-11 08:00:00,9,1,1.03609121605927,0.0,0.0,0.20566666666666664,19.6665,6.0,-3,20.0,55.0,0.06760613268677747,3626.3192562074446,0.0,0.0,0.0,48.240721683366075,optimal
2021-02-11 08:30:00,9,1,1.1708452276033459,0.0,0.0,0.27593333333333336,19.404,6.0,-3,20.0,55.0,0.0,3569.1324957132892,0.0,528.8258008984208,0.0,48.192480961682705,optimal
2021-02-11 09:00:00,9,1,0.991813048020934,0.0,0.0,0.5166333333333333,19.047,6.0,-3,20.0,55.0,0.0,3401.6790014066023,0.0,69.66666666666666,0.0,48.144288480721016,optimal
2021-02-11 09:30:00,9,1,1.880446186579806,0.0,0.0,0.186,18.858,6.0,-3,20.0,55.0,0.002,6372.561653029321,0.0,209.0,0.0,48.096144192240295,optimal
2021-02-11 10:00:00,9,1,0.0,0.0,0.0,0.186,19.2675,6.0,-3,20.11869880864168,55.0,0.002,0.0,0.0,0.0,0.0,48.048048048048045,optimal
2021-02-11 10:30:00,9,1,0.8911811181127868,0.0,0.0,0.41403333333333336,18.963,6.0,-3,20.0,55.0,0.0,3119.1339133947536,0.0,0.0,0.0,48.0,optimal
2021-02-11 11:00:00,9,1,2.0,0.0,0.0,0.1322333333333333,18.438,6.0,-3,20.0,55.0,0.011999999999999997,5746.0,0.0,1253.9999999999998,0.0,47.718375653896985,optimal
2021-02-11 11:30:00,9,1,1.9765423385146859,0.0,0.0,0.06,18.7425,6.0,-3,20.066970313750083,55.0,0.011999999999999997,6917.8981848014,0.0,0.0,0.0,47.43703293214008,optimal
2021-02-11 12:00:00,9,1,2.0,0.0,0.0,0.2513,15.2145,6.0,-3,20.180572899736518,55.0,0.011999999999999997,7000.0,0.0,0.0,0.0,47.155971553104926,optimal
2021-02-11 12:30:00,9,1,2.0,0.0,0.0,0.06953333333333334,17.7765,6.0,-3,20.309245320510502,55.0,0.011999999999999997,7000.0,0.0,0.0,0.0,46.87519123544881,optimal
2021-02-11 13:00:00,9,1,2.0,0.0,0.0,0.16296666666666668,16.758,6.0,-3,20.43493470049386,55.0,0.011999999999999997,7000.0,0.0,0.0,0.0,46.594691698110346,optimal
2021-02-11 13:30:00,9,1,2.0,0.0,0.0,0.15193333333333334,16.422,6.0,-3,20.568059923366473,55.0,0.011999999999999997,7000.0,0.0,0.0,0.0,46.31447266030922,optimal
2021-02-11 14:00:00,9,1,2.0,0.0,0.0,0.105,16.758,6.0,-3,20.700521542788554,55.0,0.011999999999999997,7000.0,0.0,0.0,0.0,46.0345338415459,optimal
2021-02-11 14:30:00,9,1,0.0,0.0,0.0,1.1976333333333335,29.358,6.0,-3,20.83467055188106,55.0,0.010666666666666665,0.0,0.0,0.0,0.0,45.75487496160134,optimal
2021-02-11 15:00:00,9,1,0.0,0.0,0.0,1.5090666666666666,34.9965,6.0,-3,20.72466597821111,55.0,0.005333333333333332,0.0,0.0,0.0,0.0,45.47549574053672,optimal
2021-02-11 15:30:00,9,1,0.0,0.0,0.0,0.6733,34.65,6.0,-3,20.61573379890063,55.0,0.003999999999999999,0.0,0.0,0.0,0.0,45.19639589869317,optimal
2021-02-11 16:00:00,9,1,0.0,0.0,0.0,1.6068,34.9965,6.0,-3,20.49959279183395,55.0,0.003999999999999999,0.0,0.0,0.0,0.0,44.91757515669146,optimal
2021-02-11 16:30:00,9,1,0.0,0.0,0.0,0.542,34.9965,6.0,-3,20.40788634123961,55.0,0.001333333333333333,0.0,0.0,0.0,0.0,44.63903323543176,optimal
2021-02-11 17:00:00,9,1,0.0,0.0,0.0,0.40526666666666666,30.4815,6.0,-3,20.278545826986445,55.0,0.0,0.0,0.0,0.0,0.0,44.36076985609331,optimal
2021-02-11 17:30:00,9,1,0.0,0.0,0.0,0.5114666666666666,21.4305,6.0,-3,20.137985065257183,55.0,0.0,0.0,0.0,0.0,0.0,44.08278474013421,optimal
2021-02-11 18:00:00,9,1,1.2899520084521456,0.0,0.0,0.12313333333333334,14.3325,6.0,-3,20.0,55.0,0.0,4514.83202958251,0.0,0.0,0.0,43.80507760929106,optimal
2021-02-11 18:30:00,9,1,2.0,0.0,0.0,0.12906666666666666,13.692,6.0,-3,20.0,55.0,0.0,7000.0,0.0,0.0,0.0,43.527648185578755,optimal
2021-02-11 19:00:00,9,1,0.7148472936121795,0.0,0.0,0.16506666666666667,14.007,6.0,-3,20.08777781499742,55.0,0.0,2501.965527642628,0.0,0.0,0.0,43.25049619129016,optimal
2021-02-11 19:30:00,9,1,1.4488467997499614,0.0,0.0,0.06,12.873,6.0,-3,20.0,55.0,0.0,5070.963799124866,0.0,0.0,0.0,42.973621348995856,optimal
2021-02-11 20:00:00,9,1,1.4786637996319216,0.0,0.0,0.1134,12.684,6.0,-3,20.0,55.0,0.0,5175.323298711725,0.0,0.0,0.0,42.69702338154384,optimal
2021-02-11 20:30:00,9,1,0.0,0.0,0.0,0.0994,12.306,6.0,-3,20.0,55.0,0.0,0.0,0.0,0.0,0.0,42.42070201205929,optimal
2021-02-11 21:00:00,9,1,0.597142857142857,0.0,0.0,0.16506666666666667,10.6365,6.0,-3,19.804699791264287,55.0,0.019999999999999997,0.0,0.0,2089.9999999999995,0.0,42.144656963944215,optimal
2021-02-11 21:30:00,9,1,0.0,0.0,0.0,0.06,11.2455,6.0,-3,19.614080335051256,55.0,0.019999999999999997,0.0,0.0,0.0,0.0,41.86888796087726,optimal
2021-02-11 22:00:00,9,1,0.0,0.0,0.0,0.5046333333333334,11.2455,6.0,-3,19.423519176907423,55.0,0.018,0.0,0.0,0.0,0.0,41.593394726813365,optimal
2021-02-11 22:30:00,9,1,0.0,0.0,0.0,0.5431,11.025,6.0,-3,19.263705931343754,55.0,0.018,0.0,0.0,0.0,0.0,41.551801332086555,optimal
2021-02-11 23:00:00,9,1,0.0,0.0,0.0,0.41236666666666666,12.0855,6.0,-3,19.109798563149976,55.0,0.018,0.0,0.0,0.0,0.0,41.51024953075447,optimal
2021-02-11 23:30:00,9,1,0.0,0.0,0.0,0.36033333333333334,11.6865,6.0,-3,18.9563809617955,55.0,0.0,0.0,0.0,0.0,0.0,41.46873928122372,optimal
2021-02-12 00:00:00,9,1,2.0,0.0,0.0,0.062,10.689,6.0,2,18.9563809617955,55.0,0.0,7000.0,0.0,0.0,0.0,41.4272705419425,optimal
2021-02-12 00:30:00,9,1,2.0,0.0,7.0,0.062,8.1585,6.0,2,19.033372099054123,55.0,0.016,5328.0,0.0,1672.0,0.0,44.710843271400556,optimal
2021-02-12 01:00:00,9,1,2.0,0.0,0.0,0.062,10.3635,6.0,2,19.046623894678405,55.0,0.016,7000.0,0.0,0.0,0.0,44.66613242812915,optimal
2021-02-12 01:30:00,9,1,2.0,0.0,0.0,0.062,10.8045,6.0,2,19.122942730222494,55.0,0.016,7000.0,0.0,0.0,0.0,44.621466295701026,optimal
2021-02-12 02:00:00,9,1,2.0,0.0,0.0,0.062,11.025,6.0,2,19.19943798830691,55.0,0.016,7000.0,0.0,0.0,0.0,44.576844829405324,optimal
2021-02-12 02:30:00,9,1,2.0,0.0,0.0,0.062,10.3635,6.0,2,19.276108354599636,55.0,0.016,7000.0,0.0,0.0,0.0,44.53226798457592,optimal
2021-02-12 03:00:00,9,1,2.0,0.0,0.0,0.062,10.8045,6.0,2,19.35444250653021,55.0,0.016,7000.0,0.0,0.0,0.0,44.48773571659134,optimal
2021-02-12 03:30:00,9,1,2.0,0.0,0.0,0.062,10.059,6.0,2,19.434428049045614,55.0,0.016,7000.0,0.0,0.0,0.0,44.443247980874744,optimal
2021-02-12 04:00:00,9,1,2.0,0.0,0.0,0.062,10.584,6.0,2,19.51903264337468,55.0,0.016,7000.0,0.0,0.0,0.0,44.39880473289387,optimal
2021-02-12 04:30:00,9,1,2.0,0.0,7.0,0.062,9.4185,6.0,2,19.608221877997806,55.0,0.016,7000.0,0.0,0.0,0.0,47.67940592816098,optimal
2021-02-12 05:00:00,9,1,2.0,0.0,0.0,0.062,10.3635,6.0,2,19.701961597758107,55.0,0.016,7000.0,0.0,0.0,0.0,47.63172652223282,optimal
2021-02-12 05:30:00,9,1,2.0,0.0,2.8149250463813384,0.062,9.8385,6.0,2,19.80021790195154,55.0,0.016,7000.0,0.0,0.0,0.0,48.92118419274172,optimal
2021-02-12 06:00:00,9,1,2.0,0.0,0.0,0.062,11.067,6.0,2,19.9037021334162,55.0,0.016,7000.0,0.0,0.0,0.0,48.87226300854897,optimal
2021-02-12 06:30:00,9,1,2.0,0.0,0.0,0.062,10.8465,6.0,2,20.012375344565218,55.0,0.016,7000.0,0.0,0.0,0.0,48.823390745540415,optimal
2021-02-12 07:00:00,9,1,2.0,0.0,0.0,0.07066666666666667,13.671,6.0,2,20.12098394107307,55.0,0.016,7000.0,0.0,0.0,0.0,48.774567354794875,optimal
2021-02-12 07:30:00,9,1,2.0,0.0,0.0,0.064,12.348,6.0,2,20.22952840431301,55.0,0.016,7000.0,0.0,0.0,0.0,48.72579278744007,optimal
2021-02-12 08:00:00,9,1,0.0,0.0,0.0,0.0705,14.3325,6.0,2,20.33055930222258,55.0,0.014666666666666666,0.0,0.0,0.0,0.0,48.67706699465263,optimal
2021-02-12 08:30:00,9,1,0.0,0.0,0.0,0.075,15.393,6.0,2,20.16313937778972,55.0,0.013333333333333334,0.0,0.0,0.0,0.0,48.62838992765797,optimal
2021-02-12 09:00:00,9,1,2.0,0.0,0.0,1.9133,13.587,6.0,2,20.003926540960716,55.0,0.009999999999999998,7000.0,0.0,0.0,0.0,48.579761537730306,optimal
2021-02-12 09:30:00,9,1,0.0,0.0,0.0,0.5682999999999999,16.1385,6.0,2,20.152605383683124,55.0,0.009999999999999998,0.0,0.0,0.0,0.0,48.53118177619257,optimal
2021-02-12 10:00:00,9,1,0.5331799957679023,0.0,0.0,1.3020666666666667,14.595,6.0,2,20.022341612609413,55.0,0.009999999999999998,1866.1299851876583,0.0,0.0,0.0,48.48265059441637,optimal
2021-02-12 10:30:00,9,1,0.824527928899986,0.0,0.0,0.32839999999999997,14.637,6.0,2,20.0,55.0,0.009333333333333332,2885.847751149951,0.0,0.0,0.0,48.434167943821954,optimal
2021-02-12 11:00:00,9,1,0.7973051186197673,0.0,0.0,0.39330000000000004,13.9125,6.0,2,20.0,55.0,0.009333333333333332,2790.5679151691857,0.0,0.0,0.0,48.38573377587813,optimal
2021-02-12 11:30:00,9,1,0.7865070323176391,0.0,0.0,0.5007333333333334,13.3665,6.0,2,20.0,55.0,0.003999999999999999,2752.774613111737,0.0,0.0,0.0,48.33734804210225,optimal
2021-02-12 12:00:00,9,1,1.5401261751825992,0.0,0.0,0.8869666666666667,13.0095,6.0,2,20.0,55.0,0.001333333333333333,5390.441613139097,0.0,0.0,0.0,48.289010694060146,optimal
2021-02-12 12:30:00,9,1,0.0,0.0,0.0,1.4406333333333334,13.8915,6.0,2,20.10557347835792,55.0,0.001333333333333333,0.0,0.0,0.0,0.0,48.240721683366075,optimal
2021-02-12 13:00:00,9,1,0.837808002916345,0.0,0.0,0.35919999999999996,13.188,6.0,2,20.0,55.0,0.0,2932.3280102072076,0.0,0.0,0.0,48.192480961682705,optimal
2021-02-12 13:30:00,9,1,1.9035304239309356,0.0,0.0,0.8282333333333334,12.5685,6.0,2,20.0,55.0,0.029333333333333333,3597.023150424942,0.0,3065.3333333333335,0.0,48.144288480721016,optimal
2021-02-12 14:00:00,9,1,2.0,0.0,0.0,1.1845,12.285,6.0,2,20.04120011688661,55.0,0.028,7000.0,0.0,0.0,0.0,48.096144192240295,optimal
2021-02-12 14:30:00,9,1,2.0,0.0,0.0,0.505,11.487,6.0,2,20.219608423439777,55.0,0.024,7000.0,0.0,0.0,0.0,48.048048048048045,optimal
2021-02-12 15:00:00,9,1,2.0,0.0,0.0,0.5342,11.802,6.0,2,20.375433636424074,55.0,0.024,7000.0,0.0,0.0,0.0,48.0,optimal
2021-02-12 15:30:00,9,1,2.0,0.0,0.0,1.0351333333333335,11.2245,6.0,2,20.53412339878517,55.0,0.024,7000.0,0.0,0.0,0.0,47.445261768916644,optimal
2021-02-12 16:00:00,9,1,2.0,0.0,0.0,0.1052,11.025,6.0,2,20.705609765756673,55.0,0.023333333333333334,7000.0,0.0,0.0,0.0,46.89107827606438,optimal
2021-02-12 16:30:00,9,1,2.0,0.0,0.0,0.06,11.907,6.0,2,20.84703080255623,55.0,0.021333333333333333,7000.0,0.0,0.0,0.0,46.33744896670496,optimal
2021-02-12 17:00:00,9,1,0.0,0.0,0.0,0.0798,25.83,6.0,2,20.977385944694976,55.0,0.018666666666666668,0.0,0.0,0.0,0.0,45.784373286654905,optimal
2021-02-12 17:30:00,9,1,0.0,0.0,0.0,0.06866666666666667,28.035,6.0,2,20.838497045877762,55.0,0.018666666666666668,0.0,0.0,0.0,0.0,45.23185068228489,optimal
2021-02-12 18:00:00,9,1,0.0,0.0,0.0,0.2464,28.119,6.0,2,20.68430916967834,55.0,0.018666666666666668,0.0,0.0,0.0,0.0,44.679880600519255,optimal
2021-02-12 18:30:00,9,1,0.0,0.0,0.0,0.22066666666666662,30.156,6.0,2,20.539644732914436,55.0,0.014666666666666666,0.0,0.0,0.0,0.0,44.12846248883538,optimal
2021-02-12 19:00:00,9,1,0.0,0.0,0.0,0.2083333333333333,29.1585,6.0,2,20.40223130410586,55.0,0.014666666666666666,0.0,0.0,0.0,0.0,43.57759579526319,optimal
2021-02-12 19:30:00,9,1,0.0,0.0,0.0,0.19440000000000002,26.712,6.0,2,20.26402091904662,55.0,0.014,0.0,0.0,0.0,0.0,43.027279968384576,optimal
2021-02-12 20:00:00,9,1,0.0,0.0,0.0,0.3243333333333333,15.435,6.0,2,20.125543630828133,55.0,0.001333333333333333,0.0,0.0,0.0,0.0,42.98425268841619,optimal
2021-02-12 20:30:00,9,1,0.0,0.0,0.0,0.28713333333333335,13.566,6.0,2,20.0,55.0,0.001333333333333333,0.0,0.0,0.0,0.0,42.94126843572778,optimal
2021-02-12 21:00:00,9,1,0.0,0.0,0.0,0.18856666666666663,12.789,6.0,2,19.870469869694542,55.0,0.0,0.0,0.0,0.0,0.0,42.89832716729205,optimal
2021-02-12 21:30:00,9,1,0.0,0.0,0.0,0.42726666666666663,12.1275,6.0,2,19.737970218866796,55.0,0.0,0.0,0.0,0.0,0.0,42.85542884012476,optimal
2021-02-12 22:00:00,9,1,0.0,0.0,0.0,0.3482,13.671,6.0,2,19.615104939519643,55.0,0.0,0.0,0.0,0.0,0.0,42.81257341128463,optimal
2021-02-12 22:30:00,9,1,0.0,0.0,0.0,0.21703333333333333,10.668,6.0,2,19.49360304805443,55.0,0.0,0.0,0.0,0.0,0.0,42.76976083787335,optimal
2021-02-12 23:00:00,9,1,0.0,0.0,0.0,0.072,11.7285,6.0,2,19.368386015940757,55.0,0.0,0.0,0.0,0.0,0.0,42.72699107703548,optimal
2021-02-12 23:30:00,9,1,0.0,0.0,0.0,0.06966666666666667,11.025,6.0,2,19.227027186273133,55.0,0.0,0.0,0.0,0.0,0.0,42.684264085958446,optimal
2021-02-13 00:00:00,9,1,2.0,0.0,0.0,0.12086666666666666,9.5655,6.0,2,19.227027186273133,55.0,0.0,7000.0,0.0,0.0,0.0,42.64157982187249,optimal
2021-02-13 00:30:00,9,1,2.0,0.0,7.0,0.06253333333333333,7.056,6.0,2,19.361940848829903,55.0,0.05533333333333333,1217.666666666667,0.0,5782.333333333333,0.0,45.92393824205062,optimal
2021-02-13 01:00:00,9,1,2.0,0.0,0.0,0.1532666666666667,9.3975,6.0,2,19.272843539966484,55.0,0.05533333333333333,7000.0,0.0,0.0,0.0,45.87801430380857,optimal
2021-02-13 01:30:00,9,1,2.0,0.0,0.0,0.141,10.059,6.0,2,19.40094138158373,55.0,0.05533333333333333,7000.0,0.0,0.0,0.0,45.83213628950476,optimal
2021-02-13 02:00:00,9,1,2.0,0.0,0.0,0.056,9.261,6.0,2,19.527993984228708,55.0,0.05533333333333333,7000.0,0.0,0.0,0.0,45.786304153215255,optimal
2021-02-13 02:30:00,9,1,2.0,0.0,0.0,0.21146666666666666,8.1585,6.0,2,19.6512613737059,55.0,0.05533333333333333,7000.0,0.0,0.0,0.0,45.74051784906204,optimal
2021-02-13 03:00:00,9,1,2.0,0.0,0.0,0.09,9.4815,6.0,2,19.779483740180826,55.0,0.05533333333333333,7000.0,0.0,0.0,0.0,45.694777331212975,optimal
2021-02-13 03:30:00,9,1,2.0,0.0,0.0,0.12079999999999999,8.379,6.0,2,19.90216202493786,55.0,0.05533333333333333,7000.0,0.0,0.0,0.0,45.64908255388176,optimal
2021-02-13 04:00:00,9,1,2.0,0.0,0.0,0.056,9.5235,6.0,2,20.02471745191474,55.0,0.05533333333333333,7000.0,0.0,0.0,0.0,45.60343347132788,optimal
2021-02-13 04:30:00,9,1,2.0,0.0,0.0,0.056,8.1375,6.0,2,20.143539305352576,55.0,0.05533333333333333,7000.0,0.0,0.0,0.0,45.557830037856554,optimal
2021-02-13 05:00:00,9,1,2.0,0.0,0.0,0.175,10.0905,6.0,2,20.260730955709192,55.0,0.05533333333333333,7000.0,0.0,0.0,0.0,45.5122722078187,optimal
2021-02-13 05:30:00,9,1,2.0,0.0,5.839919468958319,0.061666666666666654,7.539,6.0,2,20.380800197364763,55.0,0.05533333333333333,7000.0,0.0,0.0,0.0,48.240721683366075,optimal
2021-02-13 06:00:00,9,1,2.0,0.0,0.0,0.14713333333333334,7.938,6.0,2,20.494948372043464,55.0,0.05533333333333333,7000.0,0.0,0.0,0.0,48.192480961682705,optimal
2021-02-13 06:30:00,9,1,2.0,0.0,0.0,0.15433333333333335,8.274,6.0,2,20.610729970348874,55.0,0.05533333333333333,7000.0,0.0,0.0,0.0,48.144288480721016,optimal
2021-02-13 07:00:00,9,1,2.0,0.0,0.0,0.07306666666666667,9.261,6.0,2,20.72554851637709,55.0,0.05533333333333333,7000.0,0.0,0.0,0.0,48.096144192240295,optimal
2021-02-13 07:30:00,9,1,2.0,0.0,0.0,0.1172,9.9225,6.0,2,20.837290547867067,55.0,0.05333333333333334,7000.0,0.0,0.0,0.0,48.048048048048045,optimal
2021-02-13 08:00:00,9,1,2.0,0.0,0.0,0.21586666666666668,9.702,6.0,2,20.957307517636263,55.0,0.051333333333333335,7000.0,0.0,0.0,0.0,48.0,optimal
2021-02-13 08:30:00,9,1,2.0,0.0,0.0,0.29769999999999996,10.584,6.0,2,21.08454042407613,55.0,0.048666666666666664,7000.0,0.0,0.0,0.0,47.69675471202111,optimal
2021-02-13 09:00:00,9,1,2.0,0.0,0.0,0.1346,10.143,6.0,2,21.21315362282855,55.0,0.04733333333333333,7000.0,0.0,0.0,0.0,47.3938126693302,optimal
2021-02-13 09:30:00,9,1,0.0,0.0,0.0,0.17546666666666666,13.0095,6.0,2,21.333359739655563,55.0,0.04733333333333333,0.0,0.0,0.0,0.0,47.09117356868199,optimal
2021-02-13 10:00:00,9,1,2.0,0.0,0.0,0.09933333333333332,11.025,6.0,2,21.178227923355895,55.0,0.04733333333333333,7000.0,0.0,0.0,0.0,46.78883710713442,optimal
2021-02-13 10:30:00,9,1,0.0,0.0,0.0,0.16386666666666666,12.789,6.0,2,21.28339390538791,55.0,0.04733333333333333,0.0,0.0,0.0,0.0,46.486802982048395,optimal
2021-02-13 11:00:00,9,1,0.0,0.0,0.0,0.21496666666666667,12.1275,6.0,2,21.126111725572702,55.0,0.04733333333333333,0.0,0.0,0.0,0.0,46.18507089108746,optimal
2021-02-13 11:30:00,9,1,0.19219136499138445,0.0,0.0,1.5704,12.1695,6.0,2,20.973356023505794,55.0,0.04133333333333333,672.6697774698456,0.0,0.0,0.0,45.88364053221749,optimal
2021-02-13 12:00:00,9,1,0.0,0.0,0.0,0.19466666666666663,12.306,6.0,2,20.866654148277448,55.0,0.04,0.0,0.0,0.0,0.0,45.582511603706386,optimal
2021-02-13 12:30:00,9,1,0.0,0.0,0.0,0.24780000000000002,13.23,6.0,2,20.723688567510557,55.0,0.04,0.0,0.0,0.0,0.0,45.281683804123794,optimal
2021-02-13 13:00:00,9,1,0.0,0.0,0.0,0.22826666666666667,13.671,6.0,2,20.5843348442222,55.0,0.03866666666666667,0.0,0.0,0.0,0.0,44.98115683234078,optimal
2021-02-13 13:30:00,9,1,0.0,0.0,0.0,0.22023333333333328,13.9335,6.0,2,20.4436674502578,55.0,0.03866666666666667,0.0,0.0,0.0,0.0,44.68093038752955,optimal
2021-02-13 14:00:00,9,1,0.0,0.0,0.0,0.16233333333333333,13.293,6.0,2,20.300173695324194,55.0,0.03866666666666667,0.0,0.0,0.0,0.0,44.381004169163134,optimal
2021-02-13 14:30:00,9,1,2.0,0.0,0.0,0.064,12.1065,6.0,2,20.160665707755204,55.0,0.03866666666666667,7000.0,0.0,0.0,0.0,44.081377877015086,optimal
2021-02-13 15:00:00,9,1,2.0,0.0,0.0,0.1072,11.571,6.0,2,20.28761867592808,55.0,0.037333333333333336,7000.0,0.0,0.0,0.0,43.782051211159185,optimal
2021-02-13 15:30:00,9,1,2.0,0.0,0.0,0.41636666666666666,11.025,6.0,2,20.422216193495544,55.0,0.036,7000.0,0.0,0.0,0.0,43.48302387196914,optimal
2021-02-13 16:00:00,9,1,2.0,0.0,0.0,0.2586,10.8465,6.0,2,20.57835143033272,55.0,0.036,7000.0,0.0,0.0,0.0,43.18429556011828,optimal
2021-02-13 16:30:00,9,1,2.0,0.0,0.0,0.3435,11.2455,6.0,2,20.72552899920198,55.0,0.032,7000.0,0.0,0.0,0.0,42.885865976579275,optimal
2021-02-13 17:00:00,9,1,0.0,0.0,0.0,0.49556666666666666,23.8665,6.0,2,20.876259390806013,55.0,0.030666666666666665,0.0,0.0,0.0,0.0,42.58773482262381,optimal
2021-02-13 17:30:00,9,1,0.0,0.0,0.0,0.21919999999999998,27.4575,6.0,2,20.770662555299463,55.0,0.024,0.0,0.0,0.0,0.0,42.289901799822296,optimal
2021-02-13 18:00:00,9,1,0.0,0.0,0.0,0.5835,27.3735,6.0,2,20.656039300264258,55.0,0.021333333333333333,0.0,0.0,0.0,0.0,41.99236661004359,optimal
2021-02-13 18:30:00,9,1,0.0,0.0,0.0,0.45539999999999997,30.4605,6.0,2,20.55142171145975,55.0,0.020666666666666667,0.0,0.0,0.0,0.0,41.695128955454656,optimal
2021-02-13 19:00:00,9,1,0.0,0.0,0.0,0.17906666666666665,30.0195,6.0,2,20.440055758112692,55.0,0.02,0.0,0.0,0.0,0.0,41.398188538520316,optimal
2021-02-13 19:30:00,9,1,0.0,0.0,0.0,0.14533333333333334,26.9325,6.0,2,20.301731069262893,55.0,0.02,0.0,0.0,0.0,0.0,41.101545062002906,optimal
2021-02-13 20:00:00,9,1,0.0,0.0,0.0,0.066,14.595,6.0,2,20.152179507134125,55.0,0.02,0.0,0.0,0.0,0.0,40.80519822896201,optimal
2021-02-13 20:30:00,9,1,0.0,0.0,0.0,0.38980000000000004,12.4845,6.0,2,20.0,55.0,0.02,0.0,0.0,0.0,0.0,40.76439303073305,optimal
2021-02-13 21:00:00,9,1,0.0,0.0,0.0,0.23066666666666663,12.1275,6.0,2,19.870253772744658,55.0,0.016666666666666666,0.0,0.0,0.0,0.0,40.72362863770232,optimal
2021-02-13 21:30:00,9,1,0.0,0.0,0.0,0.21546666666666667,12.1275,6.0,2,19.745183998499062,55.0,0.016666666666666666,0.0,0.0,0.0,0.0,40.68290500906462,optimal
2021-02-13 22:00:00,9,1,0.0,0.0,0.0,0.15896666666666667,12.789,6.0,2,19.622894867063966,55.0,0.016666666666666666,0.0,0.0,0.0,0.0,40.642222104055556,optimal
2021-02-13 22:30:00,9,1,0.0,0.0,0.0,0.31826666666666664,11.907,6.0,2,19.50084205460239,55.0,0.016666666666666666,0.0,0.0,0.0,0.0,40.6015798819515,optimal
2021-02-13 23:00:00,9,1,0.0,0.0,0.0,0.13113333333333332,11.025,6.0,2,19.387348431439438,55.0,0.0,0.0,0.0,0.0,0.0,40.56097830206955,optimal
2021-02-13 23:30:00,9,1,0.0,0.0,0.0,0.12946666666666667,8.2005,6.0,2,19.26225707170067,55.0,0.0,0.0,0.0,0.0,0.0,40.52041732376748,optimal
2021-02-07 00:00:00,10,1,0.21250118582868802,0.0,0.0,0.062,7.7175,6.0,-3,21.0,55.0,0.12,743.7541504004081,0.0,0.0,0.0,47.952,optimal
2021-02-07 00:30:00,10,1,2.0,0.0,0.0,0.062,6.615,6.0,-3,20.89924401913982,55.0,0.12,7000.0,0.0,0.0,0.0,47.904047999999996,optimal
2021-02-07 01:00:00,10,1,2.0,0.0,0.0,0.062,6.174,6.0,-3,21.034845675431267,55.0,0.12,7000.0,0.0,0.0,0.0,47.856143952,optimal
2021-02-07 01:30:00,10,1,2.0,0.0,0.0,0.062,3.906,6.0,-3,21.168692120622946,55.0,0.12,7000.0,0.0,0.0,0.0,47.80828780804799,optimal
2021-02-07 02:00:00,10,1,2.0,0.0,0.0,0.062,2.3415,6.0,-3,21.30116892637179,55.0,0.12,7000.0,0.0,0.0,0.0,47.76047952023995,optimal
2021-02-07 02:30:00,10,1,2.0,0.0,0.0,0.062,2.205,6.0,-3,21.43228629636818,55.0,0.12,7000.0,0.0,0.0,0.0,47.712719040719705,optimal
2021-02-07 03:00:00,10,1,2.0,0.0,2.130654048365572,0.062,0.882,6.0,-3,21.56168186279344,55.0,0.12,7000.0,0.0,0.0,0.0,48.67706699465263,optimal
2021-02-07 03:30:00,10,1,2.0,0.0,0.0,0.06233333333333334,1.5435,6.0,-3,21.689368452928946,55.0,0.12,7000.0,0.0,0.0,0.0,48.62838992765797,optimal
2021-02-07 04:00:00,10,1,2.0,0.0,0.0,0.07166666666666667,1.5435,6.0,-3,21.815731293986477,55.0,0.12,7000.0,0.0,0.0,0.0,48.579761537730306,optimal
2021-02-07 04:30:00,10,1,2.0,0.0,0.0,0.062,5.0715,6.0,-3,21.940780247777326,55.0,0.12,7000.0,0.0,0.0,0.0,48.53118177619257,optimal
2021-02-07 05:00:00,10,1,2.0,0.0,0.0,0.062,5.376,6.0,-3,22.06489759813565,55.0,0.12,7000.0,0.0,0.0,0.0,48.48265059441637,optimal
2021-02-07 05:30:00,10,1,2.0,0.0,0.0,0.062,5.0715,6.0,-3,22.188090285423048,55.0,0.12,7000.0,0.0,0.0,0.0,48.434167943821954,optimal
2021-02-07 06:00:00,10,1,2.0,0.0,0.0,0.062,5.5125,6.0,-3,22.310365198296033,55.0,0.12,7000.0,0.0,0.0,0.0,48.38573377587813,optimal
2021-02-07 06:30:00,10,1,0.0,0.0,0.0,0.062,9.261,6.0,-3,22.431729174091256,55.0,0.12,0.0,0.0,0.0,0.0,48.33734804210225,optimal
2021-02-07 07:00:00,10,1,0.0,0.0,0.0,0.062,11.7075,6.0,-3,22.287366532293188,55.0,0.12,0.0,0.0,0.0,0.0,48.289010694060146,optimal
2021-02-07 07:30:00,10,1,0.0,0.0,0.0,0.06233333333333334,12.348,6.0,-3,22.14370688366968,55.0,0.12,0.0,0.0,0.0,0.0,48.240721683366075,optimal
2021-02-07 08:00:00,10,1,0.0,0.0,0.0,0.0886,12.348,6.0,-3,22.0,55.0,0.12,0.0,0.0,0.0,0.0,48.192480961682705,optimal
2021-02-07 08:30:00,10,1,0.0,0.0,0.0,0.20466666666666664,12.1275,6.0,-3,21.858938585747183,55.0,0.11866666666666667,0.0,0.0,0.0,0.0,48.144288480721016,optimal
2021-02-07 09:00:00,10,1,0.0,0.0,0.0,0.23536666666666667,12.5265,6.0,-3,21.72442636018689,55.0,0.11333333333333333,0.0,0.0,0.0,0.0,48.096144192240295,optimal
2021-02-07 09:30:00,10,1,0.5898730080086835,0.0,0.0,0.333,11.7495,6.0,-3,21.59321468897325,55.0,0.11333333333333333,2064.555528030392,0.0,0.0,0.0,48.048048048048045,optimal
2021-02-07 10:00:00,10,1,0.0,0.0,0.0,0.292,13.23,6.0,-3,21.54777259416354,55.0,0.11,0.0,0.0,0.0,0.0,48.0,optimal
2021-02-07 10:30:00,10,1,0.0,0.0,0.0,0.11833333333333332,14.3325,6.0,-3,21.42422705011359,55.0,0.108,0.0,0.0,0.0,0.0,47.74255395225078,optimal
2021-02-07 11:00:00,10,1,0.0,0.0,0.0,0.072,14.994,6.0,-3,21.28138584463403,55.0,0.108,0.0,0.0,0.0,0.0,47.48536535054931,optimal
2021-02-07 11:30:00,10,1,0.0,0.0,0.0,0.072,14.8155,6.0,-3,21.135148911748352,55.0,0.108,0.0,0.0,0.0,0.0,47.228433937449545,optimal
2021-02-07 12:00:00,10,1,0.0,0.0,0.0,0.072,14.112,6.0,-3,20.990001430829338,55.0,0.108,0.0,0.0,0.0,0.0,46.97175945576288,optimal
2021-02-07 12:30:00,10,1,0.0,0.0,0.0,0.072,14.007,6.0,-3,20.84593528688319,55.0,0.108,0.0,0.0,0.0,0.0,46.715341648557896,optimal
2021-02-07 13:00:00,10,1,0.0,0.0,0.0,0.072,13.23,6.0,-3,20.702942422721804,55.0,0.108,0.0,0.0,0.0,0.0,46.45918025916012,optimal
2021-02-07 13:30:00,10,1,2.0,0.0,0.0,0.072,11.382,6.0,-3,20.561014841296004,55.0,0.108,7000.0,0.0,0.0,0.0,46.20327503115174,optimal
2021-02-07 14:00:00,10,1,2.0,0.0,0.0,0.072,11.7495,6.0,-3,20.684967074471615,55.0,0.108,7000.0,0.0,0.0,0.0,45.94762570837137,optimal
2021-02-07 14:30:00,10,1,0.0,0.0,0.0,0.12133333333333332,24.3285,6.0,-3,20.80836837066909,55.0,0.108,0.0,0.0,0.0,0.0,45.69223203491378,optimal
2021-02-07 15:00:00,10,1,0.0,0.0,0.0,0.23906666666666662,28.917,6.0,-3,20.67258824320503,55.0,0.108,0.0,0.0,0.0,0.0,45.437093755129645,optimal
2021-02-07 15:30:00,10,1,0.0,0.0,0.0,0.48436666666666667,31.3635,6.0,-3,20.551749630651003,55.0,0.108,0.0,0.0,0.0,0.0,45.182210613625294,optimal
2021-02-07 16:00:00,10,1,0.0,0.0,0.0,0.396,33.306,6.0,-3,20.437426664661828,55.0,0.108,0.0,0.0,0.0,0.0,44.92758235526245,optimal
2021-02-07 16:30:00,10,1,0.0,0.0,0.0,0.3273666666666667,31.3425,6.0,-3,20.32392769103683,55.0,0.106,0.0,0.0,0.0,0.0,44.67320872515797,optimal
2021-02-07 17:00:00,10,1,0.0,0.0,0.0,0.5627666666666666,28.2555,6.0,-3,20.20971628523444,55.0,0.10266666666666667,0.0,0.0,0.0,0.0,44.419089468683595,optimal
2021-02-07 17:30:00,10,1,0.0,0.0,0.0,1.4690999999999999,15.6975,6.0,-3,20.097218350557572,55.0,0.10266666666666667,0.0,0.0,0.0,0.0,44.165224331465694,optimal
2021-02-07 18:00:00,10,1,0.7815338544280019,0.0,0.0,0.5451,12.5475,6.0,-3,20.0,55.0,0.102,2735.368490498007,0.0,0.0,0.0,43.91161305938501,optimal
2021-02-07 18:30:00,10,1,1.2640319514792815,0.0,0.0,0.2742333333333333,12.0855,6.0,-3,20.0,55.0,0.102,4424.111830177486,0.0,0.0,0.0,43.65825539857641,optimal
2021-02-07 19:00:00,10,1,2.0,0.0,0.0,0.913,11.907,6.0,-3,20.053105457105055,55.0,0.102,7000.0,0.0,0.0,0.0,43.405151095428614,optimal
2021-02-07 19:30:00,10,1,0.0,0.0,0.0,1.7138,12.5685,6.0,-3,20.214051186251154,55.0,0.102,0.0,0.0,0.0,0.0,43.15229989658397,optimal
2021-02-07 20:00:00,10,1,0.0,0.0,0.0,0.4273666666666667,13.146,6.0,-3,20.11481371592591,55.0,0.102,0.0,0.0,0.0,0.0,42.89970154893817,optimal
2021-02-07 20:30:00,10,1,0.0,0.0,0.0,0.4597333333333333,10.584,6.0,-3,20.0,55.0,0.102,0.0,0.0,0.0,0.0,42.64735579964001,optimal
2021-02-07 21:00:00,10,1,0.0,0.0,0.0,0.5173333333333334,6.678,6.0,-3,19.88574218015984,55.0,0.05066666666666666,0.0,0.0,0.0,0.0,42.395262396091155,optimal
2021-02-07 21:30:00,10,1,0.0,0.0,0.0,0.5155333333333333,7.938,6.0,-3,19.774793194874622,55.0,0.049333333333333326,0.0,0.0,0.0,0.0,42.352867133695064,optimal
2021-02-07 22:00:00,10,1,0.0,0.0,0.0,0.22080000000000002,5.292,6.0,-3,19.66725331239145,55.0,0.04599999999999999,0.0,0.0,0.0,0.0,42.31051426656137,optimal
2021-02-07 22:30:00,10,1,0.0,0.0,0.0,0.13996666666666666,9.261,6.0,-3,19.55646875963236,55.0,0.04599999999999999,0.0,0.0,0.0,0.0,42.26820375229481,optimal
2021-02-07 23:00:00,10,1,0.0,0.0,0.0,0.072,10.3635,6.0,-3,19.43525026944935,55.0,0.04599999999999999,0.0,0.0,0.0,0.0,42.225935548542516,optimal
2021-02-07 23:30:00,10,1,0.0,0.0,0.0,0.072,8.274,6.0,-3,19.309858665924573,55.0,0.04599999999999999,0.0,0.0,0.0,0.0,42.18370961299397,optimal
2021-02-08 00:00:00,10,1,2.0,0.0,0.0,0.08413333333333334,7.938,6.0,-1,19.309858665924573,55.0,0.04599999999999999,7000.0,0.0,0.0,0.0,42.14152590338098,optimal
2021-02-08 00:30:00,10,1,2.0,0.0,0.0,0.20646666666666666,8.6835,6.0,-1,19.4473850145402,55.0,0.108,520.9999999999991,0.0,6479.000000000001,0.0,42.0993843774776,optimal
2021-02-08 01:00:00,10,1,2.0,0.0,0.0,0.17033333333333334,7.665,6.0,-1,19.34364030164756,55.0,0.108,7000.0,0.0,0.0,0.0,42.05728499310012,optimal
2021-02-08 01:30:00,10,1,2.0,0.0,0.0,0.15919999999999998,6.7725,6.0,-1,19.484347792608656,55.0,0.108,7000.0,0.0,0.0,0.0,42.01522770810702,optimal
2021-02-08 02:00:00,10,1,2.0,0.0,0.0,0.17493333333333333,5.5755,6.0,-1,19.6233146714176,55.0,0.108,7000.0,0.0,0.0,0.0,41.973212480398914,optimal
2021-02-08 02:30:00,10,1,2.0,0.0,0.0,0.1662,5.0925,6.0,-1,19.761468146807783,55.0,0.108,7000.0,0.0,0.0,0.0,41.931239267918514,optimal
2021-02-08 03:00:00,10,1,2.0,0.0,0.0,0.12833333333333335,4.1895,6.0,-1,19.8986349539319,55.0,0.108,7000.0,0.0,0.0,0.0,41.889308028650596,optimal
2021-02-08 03:30:00,10,1,2.0,0.0,0.0,0.08553333333333334,7.056,6.0,-1,20.033721827784234,55.0,0.108,7000.0,0.0,0.0,0.0,41.847418720621945,optimal
2021-02-08 04:00:00,10,1,2.0,0.0,0.0,0.1164,5.271,6.0,-1,20.16581289842963,55.0,0.108,7000.0,0.0,0.0,0.0,41.805571301901324,optimal
2021-02-08 04:30:00,10,1,2.0,0.0,0.0,0.2288,7.938,6.0,-1,20.297713505459726,55.0,0.108,7000.0,0.0,0.0,0.0,41.763765730599424,optimal
2021-02-08 05:00:00,10,1,2.0,0.0,0.0,0.11553333333333332,7.938,6.0,-1,20.43213278484309,55.0,0.108,7000.0,0.0,0.0,0.0,41.722001964868824,optimal
2021-02-08 05:30:00,10,1,2.0,0.0,0.0,0.21306666666666663,11.907,6.0,-1,20.560526609333337,55.0,0.108,7000.0,0.0,0.0,0.0,41.68027996290395,optimal
2021-02-08 06:00:00,10,1,2.0,0.0,0.0,0.15106666666666665,11.025,6.0,-1,20.691276085515234,55.0,0.108,7000.0,0.0,0.0,0.0,41.63859968294105,optimal
2021-02-08 06:30:00,10,1,2.0,0.0,0.0,0.057,11.2875,6.0,-1,20.81833672321877,55.0,0.108,7000.0,0.0,0.0,0.0,41.59696108325811,optimal
2021-02-08 07:00:00,10,1,0.0,0.0,0.0,0.2586,12.936,6.0,-1,20.940524571231837,55.0,0.108,0.0,0.0,0.0,0.0,41.55536412217485,optimal
2021-02-08 07:30:00,10,1,0.0,0.0,0.0,0.529,13.0095,6.0,-1,20.80459582305482,55.0,0.10733333333333334,0.0,0.0,0.0,0.0,41.513808758052676,optimal
2021-02-08 08:00:00,10,1,0.0,0.0,0.0,0.9270333333333332,13.671,6.0,-1,20.685261625465,55.0,0.10133333333333333,0.0,0.0,0.0,0.0,41.47229494929462,optimal
2021-02-08 08:30:00,10,1,0.0,0.0,0.0,1.9133666666666664,13.188,6.0,-1,20.590193328323423,55.0,0.09733333333333333,0.0,0.0,0.0,0.0,41.43082265434533,optimal
2021-02-08 09:00:00,10,1,0.0,0.0,0.0,3.5999333333333334,13.8495,6.0,-1,20.490628656493506,55.0,0.09533333333333334,0.0,0.0,0.0,0.0,41.38939183169098,optimal
2021-02-08 09:30:00,10,1,1.2842447096033172,0.0,0.0,0.27693333333333336,13.23,6.0,-1,20.387281879237943,55.0,0.043333333333333335,4494.85648361161,0.0,0.0,0.0,41.348002439859286,optimal
2021-02-08 10:00:00,10,1,0.0,0.0,0.0,1.7561666666666667,13.3665,6.0,-1,20.440167975967242,55.0,0.042,0.0,0.0,0.0,0.0,41.306654437419425,optimal
2021-02-08 10:30:00,10,1,2.0,0.0,0.0,1.2998333333333332,13.0515,6.0,-1,20.328457428364388,55.0,0.04133333333333333,7000.0,0.0,0.0,0.0,41.265347782982005,optimal
2021-02-08 11:00:00,10,1,0.0,0.0,0.0,0.31689999999999996,13.5345,6.0,-1,20.476330066424538,55.0,0.04133333333333333,0.0,0.0,0.0,0.0,41.22408243519902,optimal
2021-02-08 11:30:00,10,1,0.0,0.0,0.0,2.6638,14.154,6.0,-1,20.349806635975558,55.0,0.04066666666666666,0.0,0.0,0.0,0.0,41.18285835276382,optimal
2021-02-08 12:00:00,10,1,0.0,0.0,0.0,0.25903333333333334,14.112,6.0,-1,20.242302835789232,55.0,0.037333333333333336,0.0,0.0,0.0,0.0,41.14167549441106,optimal
2021-02-08 12:30:00,10,1,0.0,0.0,0.0,0.2551,14.2485,6.0,-1,20.120184509480644,55.0,0.034973333333333335,0.0,0.0,0.0,0.0,41.10053381891665,optimal
2021-02-08 13:00:00,10,1,2.0,0.0,0.0,0.3554333333333333,12.789,6.0,-1,20.0,55.0,0.034,7000.0,0.0,0.0,0.0,41.05943328509773,optimal
2021-02-08 13:30:00,10,1,1.2070359986236885,0.0,0.0,0.4844666666666666,13.0095,6.0,-1,20.146876471269362,55.0,0.03333333333333333,4224.62599518291,0.0,0.0,0.0,41.01837385181263,optimal
2021-02-08 14:00:00,10,1,2.0,0.0,0.0,0.4264,12.1275,6.0,-1,20.19119075544596,55.0,0.030666666666666665,7000.0,0.0,0.0,0.0,40.97735547796082,optimal
2021-02-08 14:30:00,10,1,2.0,0.0,0.0,0.5614,12.348,6.0,-1,20.343278547598462,55.0,0.030666666666666665,7000.0,0.0,0.0,0.0,40.93637812248286,optimal
2021-02-08 15:00:00,10,1,2.0,0.0,0.0,4.276133333333333,12.348,6.0,-1,20.50547897502533,55.0,0.02666666666666667,7000.0,0.0,0.0,0.0,40.895441744360376,optimal
2021-02-08 15:30:00,10,1,0.0,0.0,0.0,0.2012333333333333,25.389,6.0,-1,20.704318601245454,55.0,0.026,0.0,0.0,0.0,0.0,40.854546302616015,optimal
2021-02-08 16:00:00,10,1,0.0,0.0,0.0,0.27476666666666666,29.1375,6.0,-1,20.585385404459995,55.0,0.024,0.0,0.0,0.0,0.0,40.813691756313396,optimal
2021-02-08 16:30:00,10,1,0.0,0.0,0.0,0.38780000000000003,30.597,6.0,-1,20.472326023565717,55.0,0.017333333333333333,0.0,0.0,0.0,0.0,40.772878064557084,optimal
2021-02-08 17:00:00,10,1,0.0,0.0,0.0,0.23266666666666663,33.684,6.0,-1,20.366385963304513,55.0,0.013999999999999997,0.0,0.0,0.0,0.0,40.732105186492525,optimal
2021-02-08 17:30:00,10,1,0.0,0.0,0.0,0.4329333333333333,32.445,6.0,-1,20.259486755360737,55.0,0.01333333333333333,0.0,0.0,0.0,0.0,40.69137308130603,optimal
2021-02-08 18:00:00,10,1,0.0,0.0,0.0,1.9821,28.917,6.0,-1,20.164221101434222,55.0,0.010666666666666665,0.0,0.0,0.0,0.0,40.650681708224724,optimal
2021-02-08 18:30:00,10,1,0.0,0.0,0.0,3.9289,15.876,6.0,-1,20.078440251477637,55.0,0.010666666666666665,0.0,0.0,0.0,0.0,40.6100310265165,optimal
2021-02-08 19:00:00,10,1,0.7566641518994912,0.0,0.0,0.8965666666666667,12.348,6.0,-1,20.0,55.0,0.007999999999999998,2648.3245316482194,0.0,0.0,0.0,40.569420995489985,optimal
2021-02-08 19:30:00,10,1,1.6689626222390048,0.0,0.0,0.30846666666666667,12.1275,6.0,-1,20.0,55.0,0.007999999999999998,5841.369177836516,0.0,0.0,0.0,40.528851574494496,optimal
2021-02-08 20:00:00,10,1,0.0,0.0,0.0,0.33153333333333335,12.348,6.0,-1,20.113896892834163,55.0,0.002666666666666666,0.0,0.0,0.0,0.0,40.48832272292,optimal
2021-02-08 20:30:00,10,1,0.0,0.0,0.0,0.4966666666666667,12.1275,6.0,-1,20.0,55.0,0.002666666666666666,0.0,0.0,0.0,0.0,40.44783440019708,optimal
2021-02-08 21:00:00,10,1,0.0,0.0,0.0,0.8951,12.1275,6.0,-1,19.893157894156307,55.0,0.0,0.0,0.0,0.0,0.0,40.407386565796884,optimal
2021-02-08 21:30:00,10,1,0.0398095238095238,0.0,0.0,2.891333333333333,11.2665,6.0,-1,19.777158865236526,55.0,0.0,0.0,0.0,139.33333333333331,0.0,40.36697917923109,optimal
2021-02-08 22:00:00,10,1,0.0,0.0,0.0,3.022333333333333,10.143,6.0,-1,19.675866208084305,55.0,0.0,0.0,0.0,0.0,0.0,40.326612200051855,optimal
2021-02-08 22:30:00,10,1,0.0,0.0,0.0,0.067,11.2455,6.0,-1,19.577115346644202,55.0,0.0,0.0,0.0,0.0,0.0,40.2862855878518,optimal
2021-02-08 23:00:00,10,1,0.0,0.0,0.0,0.23706666666666665,11.025,6.0,-1,19.441865237639032,55.0,0.0,0.0,0.0,0.0,0.0,40.24599930226395,optimal
2021-02-08 23:30:00,10,1,0.0,0.0,0.0,0.16686666666666666,5.9745,6.0,-1,19.31367510928059,55.0,0.0,0.0,0.0,0.0,0.0,40.20575330296168,optimal
2021-02-09 00:00:00,10,1,2.0,0.0,7.0,0.062,10.584,6.0,0,19.31367510928059,55.0,0.0,7000.0,0.0,0.0,0.0,43.49054754965872,optimal
2021-02-09 00:30:00,10,1,2.0,0.0,0.0,0.061,11.2455,6.0,0,19.443897650505775,55.0,0.06698564593301436,0.0,0.0,7000.0,0.0,43.44705700210906,optimal
2021-02-09 01:00:00,10,1,2.0,0.0,0.0,0.1996,12.1275,6.0,0,19.30907256960877,55.0,0.086,5013.0,0.0,1987.0,0.0,43.40360994510695,optimal
2021-02-09 01:30:00,10,1,2.0,0.0,0.0,0.061,11.823,6.0,0,19.37024448644215,55.0,0.086,7000.0,0.0,0.0,0.0,43.36020633516184,optimal
2021-02-09 02:00:00,10,1,2.0,0.0,0.0,0.1492,11.7705,6.0,0,19.500045590907238,55.0,0.086,7000.0,0.0,0.0,0.0,43.31684612882668,optimal
2021-02-09 02:30:00,10,1,2.0,0.0,0.0,0.1114,11.13,6.0,0,19.631466767500658,55.0,0.086,7000.0,0.0,0.0,0.0,43.27352928269786,optimal
2021-02-09 03:00:00,10,1,2.0,0.0,0.0,0.061,11.6865,6.0,0,19.760853333822936,55.0,0.086,7000.0,0.0,0.0,0.0,43.23025575341516,optimal
2021-02-09 03:30:00,10,1,2.0,0.0,4.032594648091719,0.10443333333333334,10.7205,6.0,0,19.887744437588612,55.0,0.084,7000.0,0.0,0.0,0.0,45.1025079555053,optimal
2021-02-09 04:00:00,10,1,2.0,0.0,0.0,0.1555,11.424,6.0,0,20.016982739780175,55.0,0.084,7000.0,0.0,0.0,0.0,45.0574054475498,optimal
2021-02-09 04:30:00,10,1,2.0,0.0,7.0,0.061,10.689,6.0,0,20.14702575914576,55.0,0.084,7000.0,0.0,0.0,0.0,48.33734804210225,optimal
2021-02-09 05:00:00,10,1,2.0,0.0,0.0,0.187,11.361,6.0,0,20.27178490414136,55.0,0.084,7000.0,0.0,0.0,0.0,48.289010694060146,optimal
2021-02-09 05:30:00,10,1,2.0,0.0,0.0,0.0736,11.571,6.0,0,20.399629713254484,55.0,0.084,7000.0,0.0,0.0,0.0,48.240721683366075,optimal
2021-02-09 06:00:00,10,1,0.0,0.0,0.0,0.1184,14.3745,6.0,0,20.52223800052795,55.0,0.06533333333333333,0.0,0.0,0.0,0.0,48.192480961682705,optimal
2021-02-09 06:30:00,10,1,2.0,0.0,0.0,0.5070333333333333,13.23,6.0,0,20.39259457713249,55.0,0.037333333333333336,7000.0,0.0,0.0,0.0,48.144288480721016,optimal
2021-02-09 07:00:00,10,1,1.9685871971176043,0.0,0.0,1.1208333333333333,13.9755,6.0,0,20.541470706098707,55.0,0.028666666666666667,6890.055189911615,0.0,0.0,0.0,48.096144192240295,optimal
2021-02-09 07:30:00,10,1,0.0,0.0,0.0,0.333,14.994,6.0,0,20.70525691262898,55.0,0.014666666666666666,0.0,0.0,0.0,0.0,48.048048048048045,optimal
2021-02-09 08:00:00,10,1,2.0,0.0,0.0,0.17980000000000002,13.671,6.0,0,20.590514700234756,55.0,0.008,7000.0,0.0,0.0,0.0,48.0,optimal
2021-02-09 08:30:00,10,1,0.0,0.0,0.0,0.071,15.981,6.0,0,20.723603937833055,55.0,0.008,0.0,0.0,0.0,0.0,47.75729325611431,optimal
2021-02-09 09:00:00,10,1,0.0,0.0,0.0,0.071,15.6345,6.0,0,20.571408379215423,55.0,0.008,0.0,0.0,0.0,0.0,47.51482921897251,optimal
2021-02-09 09:30:00,10,1,0.0,0.0,0.0,0.20959999999999998,16.5375,6.0,0,20.42146415223518,55.0,0.008,0.0,0.0,0.0,0.0,47.27260764586784,optimal
2021-02-09 10:00:00,10,1,0.0,0.0,0.0,0.071,14.7735,6.0,0,20.280108078617417,55.0,0.008,0.0,0.0,0.0,0.0,47.03062829433629,optimal
2021-02-09 10:30:00,10,1,0.0,0.0,0.0,0.1655,15.2145,6.0,0,20.136803961895094,55.0,0.008,0.0,0.0,0.0,0.0,46.78889092215626,optimal
2021-02-09 11:00:00,10,1,1.0272365935294405,0.0,0.0,0.1151,14.553,6.0,0,20.0,55.0,0.008,3595.3280773530423,0.0,0.0,0.0,46.547395287348415,optimal
2021-02-09 11:30:00,10,1,2.0,0.0,0.0,0.071,14.3325,6.0,0,20.0,55.0,0.008,7000.0,0.0,0.0,0.0,46.30614114817538,optimal
2021-02-09 12:00:00,10,1,1.083599019046266,0.0,0.0,0.20959999999999998,14.595,6.0,0,20.127330088193347,55.0,0.008,3792.5965666619313,0.0,0.0,0.0,46.06512826314151,optimal
2021-02-09 12:30:00,10,1,0.0,0.0,0.0,0.071,14.994,6.0,0,20.13814907921886,55.0,0.008,0.0,0.0,0.0,0.0,45.824356390992676,optimal
2021-02-09 13:00:00,10,1,1.8803775107292404,0.0,0.0,0.071,14.3325,6.0,0,20.0,55.0,0.008,6581.321287552341,0.0,0.0,0.0,45.58382529071599,optimal
2021-02-09 13:30:00,10,1,2.0,0.0,0.0,0.20959999999999998,13.8915,6.0,0,20.1111405134923,55.0,0.008,7000.0,0.0,0.0,0.0,45.34353472153959,optimal
2021-02-09 14:00:00,10,1,2.0,0.0,0.0,0.071,13.8915,6.0,0,20.242133736054686,55.0,0.008,7000.0,0.0,0.0,0.0,45.10348444293236,optimal
2021-02-09 14:30:00,10,1,2.0,0.0,0.0,0.1529,13.4715,6.0,0,20.366542465347813,55.0,0.008,7000.0,0.0,0.0,0.0,44.86367421460374,optimal
2021-02-09 15:00:00,10,1,2.0,0.0,0.0,0.1277,13.23,6.0,0,20.492745929996378,55.0,0.008,7000.0,0.0,0.0,0.0,44.62410379650345,optimal
2021-02-09 15:30:00,10,1,2.0,0.0,0.0,0.1088,13.8915,6.0,0,20.616684672284347,55.0,0.008,7000.0,0.0,0.0,0.0,44.38477294882126,optimal
2021-02-09 16:00:00,10,1,0.0,0.0,0.0,0.1718,26.9325,6.0,0,20.73898606719256,55.0,0.008,0.0,0.0,0.0,0.0,44.145681431986745,optimal
2021-02-09 16:30:00,10,1,0.0,0.0,0.0,1.8444,30.303,6.0,0,20.59830640257168,55.0,0.008,0.0,0.0,0.0,0.0,44.10153575055476,optimal
2021-02-09 17:00:00,10,1,0.0,0.0,0.0,3.032766666666667,32.886,6.0,0,20.488435990916848,55.0,0.008,0.0,0.0,0.0,0.0,44.0574342148042,optimal
2021-02-09 17:30:00,10,1,0.0,0.0,0.0,2.0808666666666666,34.9965,6.0,0,20.391987536546896,55.0,0.0019999999999999996,0.0,0.0,0.0,0.0,44.0133767805894,optimal
2021-02-09 18:00:00,10,1,0.0,0.0,0.0,1.555,33.327,6.0,0,20.299522944334516,55.0,0.0019999999999999996,0.0,0.0,0.0,0.0,43.969363403808806,optimal
2021-02-09 18:30:00,10,1,0.0,0.0,0.0,0.29656666666666665,31.122,6.0,0,20.211103706081527,55.0,0.0006666666666666665,0.0,0.0,0.0,0.0,43.925394040404996,optimal
2021-02-09 19:00:00,10,1,0.0,0.0,0.0,0.6137666666666667,17.9025,6.0,0,20.09673976673298,55.0,0.0006666666666666665,0.0,0.0,0.0,0.0,43.88146864636459,optimal
2021-02-09 19:30:00,10,1,0.7979222828813779,0.0,0.0,0.3521333333333333,15.6555,6.0,0,20.0,55.0,0.0006666666666666665,2792.7279900848225,0.0,0.0,0.0,43.83758717771823,optimal
2021-02-09 20:00:00,10,1,0.7790556162147144,0.0,0.0,0.3567333333333333,14.553,6.0,0,20.0,55.0,0.0,2726.6946567515006,0.0,0.0,0.0,43.79374959054051,optimal
2021-02-09 20:30:00,10,1,0.0,0.0,0.0,0.48073333333333335,14.3325,6.0,0,20.0,55.0,0.0,0.0,0.0,0.0,0.0,43.749955840949966,optimal
2021-02-09 21:00:00,10,1,0.0,0.0,0.0,0.495,13.335,6.0,0,19.897795831125265,55.0,0.0,0.0,0.0,0.0,0.0,43.706205885109014,optimal
2021-02-09 21:30:00,10,1,0.0,0.0,0.0,0.5058,12.1275,6.0,0,19.79868703634864,55.0,0.0,0.0,0.0,0.0,0.0,43.662499679223906,optimal
2021-02-09 22:00:00,10,1,0.0,0.0,0.0,0.0836,12.2955,6.0,0,19.703400336408517,55.0,0.0,0.0,0.0,0.0,0.0,43.618837179544684,optimal
2021-02-09 22:30:00,10,1,0.0,0.0,0.0,0.197,11.6865,6.0,0,19.566745498351914,55.0,0.0,0.0,0.0,0.0,0.0,43.57521834236514,optimal
2021-02-09 23:00:00,10,1,0.0,0.0,0.0,0.071,11.466,6.0,0,19.43576531154885,55.0,0.0,0.0,0.0,0.0,0.0,43.53164312402278,optimal
2021-02-09 23:30:00,10,1,0.0,0.0,0.0,0.20959999999999998,10.8045,6.0,0,19.301373311336416,55.0,0.0,0.0,0.0,0.0,0.0,43.48811148089876,optimal
2021-02-10 00:00:00,10,1,2.0,0.0,0.0,0.082,11.508,6.0,-2,19.301373311336416,55.0,0.0,6860.666666666667,0.0,139.33333333333331,0.0,43.44462336941786,optimal
2021-02-10 00:30:00,10,1,2.0,0.0,0.0,0.193,11.508,6.0,-2,19.434052191032237,55.0,0.06298564593301435,0.0,0.0,7000.0,0.0,43.401178746048444,optimal
2021-02-10 01:00:00,10,1,2.0,0.0,0.0,0.45339999999999997,11.844,6.0,-2,19.31261791489533,55.0,0.07333333333333333,5849.0,0.0,1151.0,0.0,43.35777756730239,optimal
2021-02-10 01:30:00,10,1,2.0,0.0,0.0,0.32780000000000004,11.508,6.0,-2,19.421411019463882,55.0,0.06866666666666667,7000.0,0.0,0.0,0.0,43.31441978973509,optimal
2021-02-10 02:00:00,10,1,2.0,0.0,0.0,0.1945,11.508,6.0,-2,19.56680120938894,55.0,0.06866666666666667,7000.0,0.0,0.0,0.0,43.27110536994535,optimal
2021-02-10 02:30:00,10,1,2.0,0.0,7.0,0.41723333333333334,10.4475,6.0,-2,19.70408572591377,55.0,0.06266666666666666,7000.0,0.0,0.0,0.0,46.55283426457541,optimal
2021-02-10 03:00:00,10,1,2.0,0.0,0.0,0.4161,10.8675,6.0,-2,19.85025554409604,55.0,0.06266666666666666,7000.0,0.0,0.0,0.0,46.506281430310835,optimal
2021-02-10 03:30:00,10,1,2.0,0.0,3.343732419300059,0.2476,10.542,6.0,-2,19.99370059834405,55.0,0.06266666666666666,7000.0,0.0,0.0,0.0,48.048048048048045,optimal
2021-02-10 04:00:00,10,1,2.0,0.0,0.0,0.2546,11.025,6.0,-2,20.130534884039886,55.0,0.06266666666666666,7000.0,0.0,0.0,0.0,48.0,optimal
2021-02-10 04:30:00,10,1,2.0,0.0,0.0,0.13426666666666667,11.025,6.0,-2,20.26331614768508,55.0,0.056,7000.0,0.0,0.0,0.0,47.832211475596964,optimal
2021-02-10 05:00:00,10,1,2.0,0.0,0.0,0.40663333333333335,14.553,6.0,-2,20.38819271256828,55.0,0.056,7000.0,0.0,0.0,0.0,47.664590739718335,optimal
2021-02-10 05:30:00,10,1,2.0,0.0,0.0,0.3649333333333333,13.0935,6.0,-2,20.52382941240056,55.0,0.056,7000.0,0.0,0.0,0.0,47.49713762457558,optimal
2021-02-10 06:00:00,10,1,2.0,0.0,0.0,0.311,15.6345,6.0,-2,20.658140056444015,55.0,0.006,7000.0,0.0,0.0,0.0,47.32985196254797,optimal
2021-02-10 06:30:00,10,1,0.0,0.0,0.0,0.41933333333333334,18.102,6.0,-2,20.788891736079957,55.0,0.0,0.0,0.0,0.0,0.0,47.16273358618239,optimal
2021-02-10 07:00:00,10,1,0.0,0.0,0.0,0.11566666666666668,17.199,6.0,-2,20.660053873282475,55.0,0.0,0.0,0.0,0.0,0.0,46.99578232819317,optimal
2021-02-10 07:30:00,10,1,0.0,0.0,0.0,0.073,18.2805,6.0,-2,20.51227811665778,55.0,0.0,0.0,0.0,0.0,0.0,46.82899802146194,optimal
2021-02-10 08:00:00,10,1,0.0,0.0,0.0,0.12643333333333334,17.4615,6.0,-2,20.35797729567497,55.0,0.0,0.0,0.0,0.0,0.0,46.66238049903745,optimal
2021-02-10 08:30:00,10,1,0.0,0.0,0.0,0.12643333333333334,18.3225,6.0,-2,20.20647214126329,55.0,0.0,0.0,0.0,0.0,0.0,46.495929594135376,optimal
2021-02-10 09:00:00,10,1,0.6861053035079923,0.0,0.0,0.073,17.094,6.0,-2,20.057585668563625,55.0,0.0,2401.368562277973,0.0,0.0,0.0,46.329645140138204,optimal
2021-02-10 09:30:00,10,1,1.472662561616881,0.0,0.0,0.17986666666666667,17.094,6.0,-2,20.0,55.0,0.0,5154.318965659084,0.0,0.0,0.0,46.16352697059503,optimal
2021-02-10 10:00:00,10,1,2.0,0.0,0.0,0.073,17.094,6.0,-2,20.05237311322381,55.0,0.0,7000.0,0.0,0.0,0.0,45.9975749192214,optimal
2021-02-10 10:30:00,10,1,0.0,0.0,0.0,0.073,17.3565,6.0,-2,20.1715359526958,55.0,0.0,0.0,0.0,0.0,0.0,45.831788819899145,optimal
2021-02-10 11:00:00,10,1,2.0,0.0,0.0,0.12643333333333334,17.115,6.0,-2,20.026478554811582,55.0,0.0,7000.0,0.0,0.0,0.0,45.666168506676215,optimal
2021-02-10 11:30:00,10,1,2.0,0.0,0.0,0.12643333333333334,17.241,6.0,-2,20.150087916607,55.0,0.0,7000.0,0.0,0.0,0.0,45.5007138137665,optimal
2021-02-10 12:00:00,10,1,2.0,0.0,0.0,0.073,17.094,6.0,-2,20.273521390785437,55.0,0.0,7000.0,0.0,0.0,0.0,45.3354245755497,optimal
2021-02-10 12:30:00,10,1,2.0,0.0,0.0,0.17986666666666667,16.5165,6.0,-2,20.39476165609224,55.0,0.0,7000.0,0.0,0.0,0.0,45.17030062657112,optimal
2021-02-10 13:00:00,10,1,2.0,0.0,0.0,0.073,17.8185,6.0,-2,20.519135961916085,55.0,0.0,7000.0,0.0,0.0,0.0,45.00534180154151,optimal
2021-02-10 13:30:00,10,1,2.0,0.0,0.0,0.073,17.094,6.0,-2,20.638546420280186,55.0,0.0,7000.0,0.0,0.0,0.0,44.840547935336936,optimal
2021-02-10 14:00:00,10,1,2.0,0.0,0.0,0.2652,16.8945,6.0,-2,20.758557263464287,55.0,0.0,7000.0,0.0,0.0,0.0,44.675918862998564,optimal
2021-02-10 14:30:00,10,1,2.0,0.0,0.0,0.11406666666666666,18.123,6.0,-2,20.890379215598593,55.0,0.0,7000.0,0.0,0.0,0.0,44.51145441973253,optimal
2021-02-10 15:00:00,10,1,0.0,0.0,0.0,0.073,31.647,6.0,-2,21.01340649834615,55.0,0.0,0.0,0.0,0.0,0.0,44.34715444090976,optimal
2021-02-10 15:30:00,10,1,0.0,0.0,0.0,0.17986666666666667,34.9965,6.0,-2,20.8676646756021,55.0,0.0,0.0,0.0,0.0,0.0,44.18301876206582,optimal
2021-02-10 16:00:00,10,1,0.0,0.0,0.0,0.073,34.9965,6.0,-2,20.725555903892605,55.0,0.0,0.0,0.0,0.0,0.0,44.019047218900724,optimal
2021-02-10 16:30:00,10,1,0.0,0.0,0.0,0.073,34.9965,6.0,-2,20.578978574780084,55.0,0.0,0.0,0.0,0.0,0.0,43.855239647278786,optimal
2021-02-10 17:00:00,10,1,0.0,0.0,0.0,0.17986666666666667,34.9965,6.0,-2,20.43200325158553,55.0,0.0,0.0,0.0,0.0,0.0,43.69159588322847,optimal
2021-02-10 17:30:00,10,1,0.0,0.0,0.0,0.073,34.9965,6.0,-2,20.28867016529591,55.0,0.0,0.0,0.0,0.0,0.0,43.52811576294221,optimal
2021-02-10 18:00:00,10,1,0.0,0.0,0.0,0.1188,27.741,6.0,-2,20.142740123506364,55.0,0.0,0.0,0.0,0.0,0.0,43.36479912277623,optimal
2021-02-10 18:30:00,10,1,1.0896573958733453,0.0,0.0,0.13406666666666667,19.026,6.0,-2,20.0,55.0,0.0,3813.800885556709,0.0,0.0,0.0,43.20164579925042,optimal
2021-02-10 19:00:00,10,1,1.106842086290495,0.0,0.0,0.1038,18.7215,6.0,-2,20.0,55.0,0.0,3873.9473020167325,0.0,0.0,0.0,43.03865562904814,optimal
2021-02-10 19:30:00,10,1,1.1240991844679005,0.0,0.0,0.1417,17.4195,6.0,-2,20.0,55.0,0.0,3934.3471456376515,0.0,0.0,0.0,42.875828449016055,optimal
2021-02-10 20:00:00,10,1,1.146908663597683,0.0,0.0,0.11116666666666669,16.758,6.0,-2,20.0,55.0,0.0,4014.1803225918907,0.0,0.0,0.0,42.71316409616401,optimal
2021-02-10 20:30:00,10,1,0.0,0.0,0.0,0.073,14.217,6.0,-2,20.0,55.0,0.0,0.0,0.0,0.0,0.0,42.55066240766481,optimal
2021-02-10 21:00:00,10,1,0.0,0.0,0.0,0.12643333333333334,13.3665,6.0,-2,19.846535640864367,55.0,0.0,0.0,0.0,0.0,0.0,42.38832322085411,optimal
2021-02-10 21:30:00,10,1,0.0,0.0,0.0,0.12643333333333334,12.789,6.0,-2,19.695860716658792,55.0,0.0,0.0,0.0,0.0,0.0,42.22614637323022,optimal
2021-02-10 22:00:00,10,1,0.0,0.0,0.0,0.162,11.907,6.0,-2,19.535505937773323,55.0,0.0,0.0,0.0,0.0,0.0,42.18392022685699,optimal
2021-02-10 22:30:00,10,1,0.0,0.0,0.0,0.4174666666666666,11.7075,6.0,-2,19.377335368406957,55.0,0.0,0.0,0.0,0.0,0.0,42.141736306630136,optimal
2021-02-10 23:00:00,10,1,0.05971428571428571,0.0,0.0,0.5036,10.8045,6.0,-2,19.237978196668116,55.0,0.0,0.0,0.0,209.0,0.0,42.099594570323504,optimal
2021-02-10 23:30:00,10,1,0.0,0.0,0.0,0.07233333333333333,11.508,6.0,-2,19.101962462525922,55.0,0.0,0.0,0.0,0.0,0.0,42.05749497575318,optimal
2021-02-11 00:00:00,10,1,2.0,0.0,0.0,0.067,11.025,6.0,0,19.101962462525922,55.0,0.0,7000.0,0.0,0.0,0.0,42.01543748077743,optimal
2021-02-11 00:30:00,10,1,2.0,0.0,0.0,0.057,12.0855,6.0,0,19.201591628688043,55.0,0.04836,1946.38,0.0,5053.62,0.0,41.97342204329665,optimal
2021-02-11 01:00:00,10,1,2.0,0.0,0.0,0.057,11.6865,6.0,0,19.110305034017614,55.0,0.04836,7000.0,0.0,0.0,0.0,41.93144862125335,optimal
2021-02-11 01:30:00,10,1,2.0,0.0,0.0,0.057,11.2245,6.0,0,19.211362030744112,55.0,0.04836,7000.0,0.0,0.0,0.0,41.8895171726321,optimal
2021-02-11 02:00:00,10,1,2.0,0.0,0.0,0.057,11.025,6.0,0,19.311666161955333,55.0,0.04836,7000.0,0.0,0.0,0.0,41.84762765545946,optimal
2021-02-11 02:30:00,10,1,2.0,0.0,0.0,0.057,10.7835,6.0,0,19.411223036431497,55.0,0.04836,7000.0,0.0,0.0,0.0,41.805780027804005,optimal
2021-02-11 03:00:00,10,1,2.0,0.0,0.0,0.057,11.025,6.0,0,19.509293230182962,55.0,0.04836,7000.0,0.0,0.0,0.0,41.763974247776204,optimal
2021-02-11 03:30:00,10,1,2.0,0.0,6.91258480054143,0.057,10.584,6.0,0,19.6058878188471,55.0,0.04836,7000.0,0.0,0.0,0.0,45.0056880537856,optimal
2021-02-11 04:00:00,10,1,2.0,0.0,0.0,0.057,11.025,6.0,0,19.703625263996123,55.0,0.04836,7000.0,0.0,0.0,0.0,44.96068236573181,optimal
2021-02-11 04:30:00,10,1,2.0,0.0,7.0,0.057,10.4265,6.0,0,19.802497051452242,55.0,0.04836,7000.0,0.0,0.0,0.0,48.240721683366075,optimal
2021-02-11 05:00:00,10,1,2.0,0.0,0.0,0.057,12.789,6.0,0,19.900632253005153,55.0,0.04836,7000.0,0.0,0.0,0.0,48.192480961682705,optimal
2021-02-11 05:30:00,10,1,2.0,0.0,0.0,0.057,12.684,6.0,0,19.998036356153428,55.0,0.04836,7000.0,0.0,0.0,0.0,48.144288480721016,optimal
2021-02-11 06:00:00,10,1,2.0,0.0,0.0,0.057,16.254,6.0,0,20.096577284976654,55.0,0.04836,7000.0,0.0,0.0,0.0,48.096144192240295,optimal
2021-02-11 06:30:00,10,1,2.0,0.0,0.0,0.2531333333333333,17.64,6.0,0,20.19624657022604,55.0,0.04636,7000.0,0.0,0.0,0.0,48.048048048048045,optimal
2021-02-11 07:00:00,10,1,2.0,0.0,0.0,0.079,19.1625,6.0,0,20.308786199478124,55.0,0.04236,7000.0,0.0,0.0,0.0,48.0,optimal
2021-02-11 07:30:00,10,1,0.0,0.0,0.0,0.9918333333333333,26.46,6.0,0,20.42221767111445,55.0,0.03836,0.0,0.0,0.0,0.0,47.780974440198136,optimal
2021-02-11 08:00:00,10,1,0.20876237345759918,0.0,0.0,0.065,20.79,6.0,0,20.2705647943865,55.0,0.03436,730.6683071015972,0.0,0.0,0.0,47.56216790595607,optimal
2021-02-11 08:30:00,10,1,0.0,0.0,0.0,0.07833333333333332,29.106,6.0,0,20.14378472690098,55.0,0.014506666666666666,0.0,0.0,0.0,0.0,47.34358017824825,optimal
2021-02-11 09:00:00,10,1,1.9685935257182876,0.0,0.0,0.093,19.1835,6.0,0,20.0,55.0,0.011693333333333333,6890.077340014006,0.0,0.0,0.0,47.12521103826814,optimal
2021-02-11 09:30:00,10,1,0.0,0.0,0.0,0.10273333333333332,19.6665,6.0,0,20.121188544138697,55.0,0.011693333333333333,0.0,0.0,0.0,0.0,46.90706026742801,optimal
2021-02-11 10:00:00,10,1,0.8647012253441825,0.0,0.0,0.0785,19.404,6.0,0,20.0,55.0,0.011693333333333333,3026.4542887046387,0.0,0.0,0.0,46.68912764735872,optimal
2021-02-11 10:30:00,10,1,0.8499449276366086,0.0,0.0,0.3736333333333333,19.047,6.0,0,20.0,55.0,0.011693333333333333,2974.80724672813,0.0,0.0,0.0,46.47141295990949,optimal
2021-02-11 11:00:00,10,1,2.0,0.0,0.0,0.20853333333333332,18.858,6.0,0,20.0,55.0,0.01036,7000.0,0.0,0.0,0.0,46.25391598714772,optimal
2021-02-11 11:30:00,10,1,0.0,0.0,0.0,0.4332,19.2675,6.0,0,20.140168806554158,55.0,0.01036,0.0,0.0,0.0,0.0,46.03663651135871,optimal
2021-02-11 12:00:00,10,1,2.0,0.0,0.0,0.1785,18.963,6.0,0,20.027966394000707,55.0,0.01036,7000.0,0.0,0.0,0.0,45.819574315045486,optimal
2021-02-11 12:30:00,10,1,2.0,0.0,0.0,0.082,18.438,6.0,0,20.173351822801635,55.0,0.00836,7000.0,0.0,0.0,0.0,45.60272918092858,optimal
2021-02-11 13:00:00,10,1,2.0,0.0,0.0,0.25939999999999996,18.7425,6.0,0,20.31558940327032,55.0,0.00836,7000.0,0.0,0.0,0.0,45.38610089194579,optimal
2021-02-11 13:30:00,10,1,2.0,0.0,0.0,0.067,15.2145,6.0,0,20.45858999973425,55.0,0.00836,7000.0,0.0,0.0,0.0,45.16968923125198,optimal
2021-02-11 14:00:00,10,1,2.0,0.0,0.0,0.067,17.7765,6.0,0,20.588700056989452,55.0,0.00836,7000.0,0.0,0.0,0.0,44.953493982218866,optimal
2021-02-11 14:30:00,10,1,2.0,0.0,0.0,0.067,16.758,6.0,0,20.718585797335425,55.0,0.00836,7000.0,0.0,0.0,0.0,44.737514928434784,optimal
2021-02-11 15:00:00,10,1,2.0,0.0,0.0,0.067,16.422,6.0,0,20.844896432177748,55.0,0.00836,7000.0,0.0,0.0,0.0,44.52175185370449,optimal
2021-02-11 15:30:00,10,1,2.0,0.0,0.0,0.067,16.758,6.0,0,20.96765859311773,55.0,0.00836,7000.0,0.0,0.0,0.0,44.30620454204892,optimal
2021-02-11 16:00:00,10,1,0.0,0.0,0.0,0.067,29.358,6.0,0,21.080938790698827,55.0,0.00836,0.0,0.0,0.0,0.0,44.09087277770501,optimal
2021-02-11 16:30:00,10,1,0.0,0.0,0.0,0.067,34.9965,6.0,0,20.920357689939348,55.0,0.00836,0.0,0.0,0.0,0.0,43.87575634512544,optimal
2021-02-11 17:00:00,10,1,0.0,0.0,0.0,0.067,34.65,6.0,0,20.75426798503949,55.0,0.00836,0.0,0.0,0.0,0.0,43.66085502897845,optimal
2021-02-11 17:30:00,10,1,0.0,0.0,0.0,0.067,34.9965,6.0,0,20.582710710514533,55.0,0.00836,0.0,0.0,0.0,0.0,43.44616861414761,optimal
2021-02-11 18:00:00,10,1,0.0,0.0,0.0,0.067,34.9965,6.0,0,20.40907906278653,55.0,0.00836,0.0,0.0,0.0,0.0,43.2316968857316,optimal
2021-02-11 18:30:00,10,1,0.0,0.0,0.0,0.178,30.4815,6.0,0,20.23338849427227,55.0,0.00236,0.0,0.0,0.0,0.0,43.18846518884587,optimal
2021-02-11 19:00:00,10,1,0.6517033303936252,0.0,0.0,0.31906666666666667,21.4305,6.0,0,20.070233859385187,55.0,0.0,2280.961656377688,0.0,0.0,0.0,43.14527672365702,optimal
2021-02-11 19:30:00,10,1,1.1691934664166135,0.0,0.0,0.16016666666666665,14.3325,6.0,0,20.0,55.0,0.0,4060.1304657914807,0.0,32.046666666666674,0.0,43.10213144693336,optimal
2021-02-11 20:00:00,10,1,1.2266352282033397,0.0,0.0,0.36010000000000003,13.692,6.0,0,20.0,55.0,0.001333333333333333,4153.889965378356,0.0,139.33333333333331,0.0,43.05902931548643,optimal
2021-02-11 20:30:00,10,1,0.0,0.0,0.0,0.3357333333333333,14.007,6.0,0,20.0,55.0,0.0,0.0,0.0,0.0,0.0,43.01597028617094,optimal
2021-02-11 21:00:00,10,1,0.0199047619047619,0.0,0.0,0.23303333333333334,12.873,6.0,0,19.839270958242633,55.0,0.0,0.0,0.0,69.66666666666666,0.0,42.97295431588477,optimal
2021-02-11 21:30:00,10,1,0.7273199999999999,0.0,0.0,0.22719999999999999,12.684,6.0,0,19.68013424295077,55.0,0.0,0.0,0.0,2545.6199999999994,0.0,42.929981361568885,optimal
2021-02-11 22:00:00,10,1,0.009156190476190477,0.0,0.0,0.19183333333333327,12.306,6.0,0,19.529193012670305,55.0,0.0,0.0,0.0,32.046666666666674,0.0,42.88705138020732,optimal
2021-02-11 22:30:00,10,1,0.0,0.0,0.0,0.067,10.6365,6.0,0,19.364057819189647,55.0,0.0,0.0,0.0,0.0,0.0,42.84416432882711,optimal
2021-02-11 23:00:00,10,1,0.0,0.0,0.0,0.067,11.2455,6.0,0,19.180149634496587,55.0,0.0,0.0,0.0,0.0,0.0,42.801320164498286,optimal
2021-02-11 23:30:00,10,1,0.0,0.0,0.0,0.062,11.2455,6.0,0,18.993141603290365,55.0,0.0,0.0,0.0,0.0,0.0,42.758518844333786,optimal
2021-02-12 00:00:00,10,1,2.0,0.0,0.0,0.08613333333333334,10.3635,6.0,0,18.993141603290365,55.0,0.0,6651.666666666667,0.0,348.3333333333333,0.0,42.71576032548945,optimal
2021-02-12 00:30:00,10,1,2.0,0.0,0.0,0.065,10.8045,6.0,0,19.05843086046167,55.0,0.02266666666666667,4631.333333333334,0.0,2368.6666666666665,0.0,42.673044565163956,optimal
2021-02-12 01:00:00,10,1,2.0,0.0,0.0,0.065,11.025,6.0,0,19.04531668268731,55.0,0.02266666666666667,7000.0,0.0,0.0,0.0,42.63037152059879,optimal
2021-02-12 01:30:00,10,1,2.0,0.0,0.0,0.065,10.3635,6.0,0,19.121785037542068,55.0,0.02266666666666667,7000.0,0.0,0.0,0.0,42.58774114907819,optimal
2021-02-12 02:00:00,10,1,2.0,0.0,0.0,0.065,10.8045,6.0,0,19.19842870103177,55.0,0.02266666666666667,7000.0,0.0,0.0,0.0,42.545153407929114,optimal
2021-02-12 02:30:00,10,1,2.0,0.0,0.0,0.065,10.059,6.0,0,19.275246367122886,55.0,0.02266666666666667,7000.0,0.0,0.0,0.0,42.502608254521185,optimal
2021-02-12 03:00:00,10,1,2.0,0.0,0.0,0.065,10.584,6.0,0,19.35372672148163,55.0,0.02266666666666667,7000.0,0.0,0.0,0.0,42.46010564626666,optimal
2021-02-12 03:30:00,10,1,2.0,0.0,7.0,0.065,9.4185,6.0,0,19.4338573772303,55.0,0.02266666666666667,7000.0,0.0,0.0,0.0,45.7426455406204,optimal
2021-02-12 04:00:00,10,1,2.0,0.0,0.0,0.065,10.3635,6.0,0,19.518606003712126,55.0,0.02266666666666667,7000.0,0.0,0.0,0.0,45.69690289507978,optimal
2021-02-12 04:30:00,10,1,2.0,0.0,5.858867266604746,0.065,9.8385,6.0,0,19.607938197461454,55.0,0.02266666666666667,7000.0,0.0,0.0,0.0,48.434167943821954,optimal
2021-02-12 05:00:00,10,1,2.0,0.0,0.0,0.065,11.067,6.0,0,19.701819811315353,55.0,0.02266666666666667,7000.0,0.0,0.0,0.0,48.38573377587813,optimal
2021-02-12 05:30:00,10,1,2.0,0.0,0.0,0.065,10.8465,6.0,0,19.800216952504183,55.0,0.02266666666666667,7000.0,0.0,0.0,0.0,48.33734804210225,optimal
2021-02-12 06:00:00,10,1,2.0,0.0,0.0,0.06966666666666667,13.671,6.0,0,19.90384097174132,55.0,0.02266666666666667,7000.0,0.0,0.0,0.0,48.289010694060146,optimal
2021-02-12 06:30:00,10,1,2.0,0.0,0.0,0.075,12.348,6.0,0,20.012652929256515,55.0,0.02266666666666667,7000.0,0.0,0.0,0.0,48.240721683366075,optimal
2021-02-12 07:00:00,10,1,1.2563249962601397,0.0,0.0,0.06966666666666667,14.3325,6.0,0,20.12139923848262,55.0,0.02266666666666667,4397.137486910488,0.0,0.0,0.0,48.192480961682705,optimal
2021-02-12 07:30:00,10,1,0.0,0.0,0.0,0.6925333333333333,15.393,6.0,0,20.131747971750286,55.0,0.01,0.0,0.0,0.0,0.0,48.144288480721016,optimal
2021-02-12 08:00:00,10,1,2.0,0.0,0.0,1.0386,13.587,6.0,0,20.000434972397365,55.0,0.007333333333333333,7000.0,0.0,0.0,0.0,48.096144192240295,optimal
2021-02-12 08:30:00,10,1,0.0,0.0,0.0,0.9422,16.1385,6.0,0,20.143261469771193,55.0,0.007333333333333333,0.0,0.0,0.0,0.0,48.048048048048045,optimal
2021-02-12 09:00:00,10,1,0.9541823383504515,0.0,0.0,3.2474666666666665,14.595,6.0,0,20.0,55.0,0.005333333333333333,3339.6381842265805,0.0,0.0,0.0,48.0,optimal
2021-02-12 09:30:00,10,1,0.7384760648655364,0.0,0.0,3.7262,14.637,6.0,0,20.0,55.0,0.004666666666666667,2584.6662270293773,0.0,0.0,0.0,47.51220871841104,optimal
2021-02-12 10:00:00,10,1,0.6982288097933432,0.0,0.0,2.5778000000000003,13.9125,6.0,0,20.0,55.0,0.004666666666666667,2443.800834276701,0.0,0.0,0.0,47.02490522810367,optimal
2021-02-12 10:30:00,10,1,0.9260540341982176,0.0,0.0,0.4623,13.3665,6.0,0,20.0,55.0,0.004,3241.1891196937618,0.0,0.0,0.0,46.538089041286604,optimal
2021-02-12 11:00:00,10,1,2.0,0.0,0.0,0.183,13.0095,6.0,0,20.005277717559864,55.0,0.004,7000.0,0.0,0.0,0.0,46.05175967065636,optimal
2021-02-12 11:30:00,10,1,0.0,0.0,0.0,0.1706,13.8915,6.0,0,20.138800698868323,55.0,0.004,0.0,0.0,0.0,0.0,45.565916629396746,optimal
2021-02-12 12:00:00,10,1,1.820218823790147,0.0,0.0,0.2339,13.188,6.0,0,20.0,55.0,0.004,6370.765883265515,0.0,0.0,0.0,45.080559431178386,optimal
2021-02-12 12:30:00,10,1,2.0,0.0,0.0,0.075,12.5685,6.0,0,20.10376253515861,55.0,0.004,7000.0,0.0,0.0,0.0,44.59568759015825,optimal
2021-02-12 13:00:00,10,1,2.0,0.0,0.0,0.075,12.285,6.0,0,20.229695504862224,55.0,0.004,7000.0,0.0,0.0,0.0,44.11130062097913,optimal
2021-02-12 13:30:00,10,1,2.0,0.0,0.0,0.075,11.487,6.0,0,20.355062780711215,55.0,0.004,7000.0,0.0,0.0,0.0,43.62739803876919,optimal
2021-02-12 14:00:00,10,1,2.0,0.0,0.0,0.075,11.802,6.0,0,20.478751090672095,55.0,0.004,7000.0,0.0,0.0,0.0,43.14397935914146,optimal
2021-02-12 14:30:00,10,1,2.0,0.0,0.0,0.075,11.2245,6.0,0,20.600772941942854,55.0,0.004,7000.0,0.0,0.0,0.0,42.66104409819336,optimal
2021-02-12 15:00:00,10,1,2.0,0.0,0.0,0.075,11.025,6.0,0,20.721140750437026,55.0,0.004,7000.0,0.0,0.0,0.0,42.1785917725062,optimal
2021-02-12 15:30:00,10,1,2.0,0.0,0.0,0.075,11.907,6.0,0,20.839866837147607,55.0,0.004,7000.0,0.0,0.0,0.0,41.69662189914474,optimal
2021-02-12 16:00:00,10,1,0.0,0.0,0.0,0.075,25.83,6.0,0,20.956590938737975,55.0,0.004,0.0,0.0,0.0,0.0,41.215133995656636,optimal
2021-02-12 16:30:00,10,1,0.0,0.0,0.0,0.075,28.035,6.0,0,20.806877994684285,55.0,0.004,0.0,0.0,0.0,0.0,40.73412758007202,optimal
2021-02-12 17:00:00,10,1,0.0,0.0,0.0,0.075,28.119,6.0,0,20.65604542561224,55.0,0.004,0.0,0.0,0.0,0.0,40.25360217090299,optimal
2021-02-12 17:30:00,10,1,0.0,0.0,0.0,0.2675,30.156,6.0,0,20.504101569219827,55.0,0.004,0.0,0.0,0.0,0.0,39.77355728714313,optimal
2021-02-12 18:00:00,10,1,0.0,0.0,0.0,0.47243333333333326,29.1585,6.0,0,20.366109965980264,55.0,0.0019999999999999996,0.0,0.0,0.0,0.0,39.733783729855986,optimal
2021-02-12 18:30:00,10,1,0.0,0.0,0.0,1.3814000000000002,26.712,6.0,0,20.23841624159176,55.0,0.0006666666666666665,0.0,0.0,0.0,0.0,39.69404994612613,optimal
2021-02-12 19:00:00,10,1,0.0,0.0,0.0,1.1926666666666668,15.435,6.0,0,20.12019692177023,55.0,0.0,0.0,0.0,0.0,0.0,39.65435589618,optimal
2021-02-12 19:30:00,10,1,0.935247782704312,0.0,0.0,0.25626666666666664,13.566,6.0,0,20.0,55.0,0.0,3273.3672394650916,0.0,0.0,0.0,39.61470154028382,optimal
2021-02-12 20:00:00,10,1,0.8577010981657553,0.0,0.0,0.49489999999999995,12.789,6.0,0,20.0,55.0,0.0,3001.9538435801437,0.0,0.0,0.0,39.57508683874354,optimal
2021-02-12 20:30:00,10,1,0.0,0.0,0.0,0.5241333333333333,12.1275,6.0,0,20.0,55.0,0.0,0.0,0.0,0.0,0.0,39.53551175190479,optimal
2021-02-12 21:00:00,10,1,0.0,0.0,0.0,0.5098666666666667,13.671,6.0,0,19.883051391906346,55.0,0.0,0.0,0.0,0.0,0.0,39.495976240152885,optimal
2021-02-12 21:30:00,10,1,0.3781904761904762,0.0,0.0,0.3293333333333333,10.668,6.0,0,19.77032953629636,55.0,0.010666666666666666,0.0,0.0,1323.6666666666667,0.0,39.45648026391273,optimal
2021-02-12 22:00:00,10,1,0.0,0.0,0.0,0.31610000000000005,11.7285,6.0,0,19.65227669597688,55.0,0.001333333333333333,0.0,0.0,0.0,0.0,39.417023783648816,optimal
2021-02-12 22:30:00,10,1,0.0,0.0,0.0,1.1572,11.025,6.0,0,19.530077276893994,55.0,0.0,0.0,0.0,0.0,0.0,39.37760675986517,optimal
2021-02-12 23:00:00,10,1,0.0,0.0,0.0,0.075,10.689,6.0,0,19.403315125486962,55.0,0.0,0.0,0.0,0.0,0.0,39.3382291531053,optimal
2021-02-12 23:30:00,10,1,0.0,0.0,0.0,0.073,8.1585,6.0,0,19.261835857801277,55.0,0.0,0.0,0.0,0.0,0.0,39.2988909239522,optimal
2021-02-13 00:00:00,10,1,2.0,0.0,0.0,0.151,10.059,6.0,-1,19.261835857801277,55.0,0.0,7000.0,0.0,0.0,0.0,39.25959203302825,optimal
2021-02-13 00:30:00,10,1,2.0,0.0,0.0,0.293,9.261,6.0,-1,19.395875667531016,55.0,0.058666666666666666,869.333333333333,0.0,6130.666666666667,0.0,39.22033244099522,optimal
2021-02-13 01:00:00,10,1,2.0,0.0,0.0,1.4879,8.1585,6.0,-1,19.302038712812386,55.0,0.056,7000.0,0.0,0.0,0.0,39.181112108554224,optimal
2021-02-13 01:30:00,10,1,2.0,0.0,0.0,0.3207333333333333,9.4815,6.0,-1,19.454027571704312,55.0,0.056,7000.0,0.0,0.0,0.0,39.14193099644567,optimal
2021-02-13 02:00:00,10,1,2.0,0.0,0.0,0.15369999999999998,8.379,6.0,-1,19.587871177956313,55.0,0.056,7000.0,0.0,0.0,0.0,39.10278906544923,optimal
2021-02-13 02:30:00,10,1,2.0,0.0,0.0,0.3466666666666667,9.5235,6.0,-1,19.719865123889804,55.0,0.056,7000.0,0.0,0.0,0.0,39.06368627638378,optimal
2021-02-13 03:00:00,10,1,2.0,0.0,5.570674695533186,0.128,8.1375,6.0,-1,19.85723385970974,55.0,0.056,7000.0,0.0,0.0,0.0,41.670693070485655,optimal
2021-02-13 03:30:00,10,1,2.0,0.0,0.0,0.06,10.0905,6.0,-1,19.98156562641564,55.0,0.056,7000.0,0.0,0.0,0.0,41.62902237741516,optimal
2021-02-13 04:00:00,10,1,2.0,0.0,7.0,0.06,7.539,6.0,-1,20.101160787547187,55.0,0.056,7000.0,0.0,0.0,0.0,44.91239335503775,optimal
2021-02-13 04:30:00,10,1,2.0,0.0,7.0,0.06,7.938,6.0,-1,20.21949248001739,55.0,0.056,7000.0,0.0,0.0,0.0,48.192480961682705,optimal
2021-02-13 05:00:00,10,1,2.0,0.0,0.0,0.06,8.274,6.0,-1,20.336197621061398,55.0,0.056,7000.0,0.0,0.0,0.0,48.144288480721016,optimal
2021-02-13 05:30:00,10,1,2.0,0.0,0.0,0.1456,9.261,6.0,-1,20.4512883283407,55.0,0.056,7000.0,0.0,0.0,0.0,48.096144192240295,optimal
2021-02-13 06:00:00,10,1,2.0,0.0,0.0,0.13133333333333333,9.9225,6.0,-1,20.56801047460612,55.0,0.056,7000.0,0.0,0.0,0.0,48.048048048048045,optimal
2021-02-13 06:30:00,10,1,2.0,0.0,0.0,0.09340000000000001,9.702,6.0,-1,20.682579086191996,55.0,0.03866666666666667,7000.0,0.0,0.0,0.0,48.0,optimal
2021-02-13 07:00:00,10,1,2.0,0.0,0.0,0.26426666666666665,10.584,6.0,-1,20.7958234521824,55.0,0.038,7000.0,0.0,0.0,0.0,47.849427635152246,optimal
2021-02-13 07:30:00,10,1,2.0,0.0,0.0,0.11366666666666668,10.143,6.0,-1,20.915981610055596,55.0,0.03666666666666667,7000.0,0.0,0.0,0.0,47.699005842669344,optimal
2021-02-13 08:00:00,10,1,0.0,0.0,0.0,0.068,13.0095,6.0,-1,21.03029082405898,55.0,0.034,0.0,0.0,0.0,0.0,47.548734471978925,optimal
2021-02-13 08:30:00,10,1,2.0,0.0,0.0,0.33003333333333335,11.025,6.0,-1,20.877276313814573,55.0,0.034,7000.0,0.0,0.0,0.0,47.39861337265919,optimal
2021-02-13 09:00:00,10,1,0.0,0.0,0.0,0.1536,12.789,6.0,-1,20.99876343029757,55.0,0.034,0.0,0.0,0.0,0.0,47.24864239443878,optimal
2021-02-13 09:30:00,10,1,0.0,0.0,0.0,0.068,12.1275,6.0,-1,20.852456020133566,55.0,0.032,0.0,0.0,0.0,0.0,47.098821387196594,optimal
2021-02-13 10:00:00,10,1,2.0,0.0,0.0,0.22793333333333332,12.1695,6.0,-1,20.70428051925463,55.0,0.030666666666666665,7000.0,0.0,0.0,0.0,46.94915020096165,optimal
2021-02-13 10:30:00,10,1,0.6323578395994748,0.0,0.0,1.5757333333333332,12.306,6.0,-1,20.828052274377256,55.0,0.030666666666666665,2213.252438598162,0.0,0.0,0.0,46.799628685912936,optimal
2021-02-13 11:00:00,10,1,0.0,0.0,0.0,2.568366666666667,13.23,6.0,-1,20.81206743410211,55.0,0.030666666666666665,0.0,0.0,0.0,0.0,46.65025669237927,optimal
2021-02-13 11:30:00,10,1,0.0,0.0,0.0,2.8051999999999997,13.671,6.0,-1,20.695935383561928,55.0,0.030666666666666665,0.0,0.0,0.0,0.0,46.50103407083914,optimal
2021-02-13 12:00:00,10,1,0.0,0.0,0.0,0.5888,13.9335,6.0,-1,20.581612465616775,55.0,0.030666666666666665,0.0,0.0,0.0,0.0,46.35196067192055,optimal
2021-02-13 12:30:00,10,1,0.0,0.0,0.0,0.0728,13.293,6.0,-1,20.44462232241566,55.0,0.03,0.0,0.0,0.0,0.0,46.20303634640088,optimal
2021-02-13 13:00:00,10,1,2.0,0.0,0.0,0.4193,12.1065,6.0,-1,20.302849701267093,55.0,0.027333333333333334,7000.0,0.0,0.0,0.0,46.05426094520673,optimal
2021-02-13 13:30:00,10,1,2.0,0.0,0.0,0.1028,11.571,6.0,-1,20.43939345165428,55.0,0.027333333333333334,7000.0,0.0,0.0,0.0,45.90563431941377,optimal
2021-02-13 14:00:00,10,1,2.0,0.0,0.0,0.08426666666666667,11.025,6.0,-1,20.55903608833538,55.0,0.027333333333333334,7000.0,0.0,0.0,0.0,45.75715632024661,optimal
2021-02-13 14:30:00,10,1,2.0,0.0,0.0,0.21266666666666662,10.8465,6.0,-1,20.672618781002036,55.0,0.027333333333333334,7000.0,0.0,0.0,0.0,45.60882679907861,optimal
2021-02-13 15:00:00,10,1,2.0,0.0,0.0,0.07,11.2455,6.0,-1,20.79095105188005,55.0,0.027333333333333334,7000.0,0.0,0.0,0.0,45.46064560743177,optimal
2021-02-13 15:30:00,10,1,0.0,0.0,0.0,0.2557333333333333,23.8665,6.0,-1,20.903757004143447,55.0,0.025333333333333333,0.0,0.0,0.0,0.0,45.312612596976585,optimal
2021-02-13 16:00:00,10,1,0.0,0.0,0.0,0.3803,27.4575,6.0,-1,20.764930048982762,55.0,0.024,0.0,0.0,0.0,0.0,45.16472761953186,optimal
2021-02-13 16:30:00,10,1,0.0,0.0,0.0,0.3703333333333333,27.3735,6.0,-1,20.63248351260209,55.0,0.024,0.0,0.0,0.0,0.0,45.01699052706458,optimal
2021-02-13 17:00:00,10,1,0.0,0.0,0.0,0.23246666666666665,30.4605,6.0,-1,20.50221497513431,55.0,0.018,0.0,0.0,0.0,0.0,44.86940117168976,optimal
2021-02-13 17:30:00,10,1,0.0,0.0,0.0,0.07429999999999999,30.0195,6.0,-1,20.37083154703486,55.0,0.014666666666666666,0.0,0.0,0.0,0.0,44.82453177051807,optimal
2021-02-13 18:00:00,10,1,0.0,0.0,0.0,0.2459333333333333,26.9325,6.0,-1,20.2405319404108,55.0,0.008,0.0,0.0,0.0,0.0,44.779707238747555,optimal
2021-02-13 18:30:00,10,1,0.0,0.0,0.0,0.1167,14.595,6.0,-1,20.1215762944344,55.0,0.008,0.0,0.0,0.0,0.0,44.73492753150881,optimal
2021-02-13 19:00:00,10,1,0.809594467242898,0.0,0.0,0.2686,12.4845,6.0,-1,20.0,55.0,0.004,2833.580635350143,0.0,0.0,0.0,44.6901926039773,optimal
2021-02-13 19:30:00,10,1,0.8393620684186078,0.0,0.0,0.27293333333333336,12.1275,6.0,-1,20.0,55.0,0.002,2937.767239465127,0.0,0.0,0.0,44.64550241137332,optimal
2021-02-13 20:00:00,10,1,0.7803391934038483,0.0,0.0,0.5812999999999999,12.1275,6.0,-1,20.0,55.0,0.0,2731.187176913469,0.0,0.0,0.0,44.60085690896195,optimal
2021-02-13 20:30:00,10,1,0.0,0.0,0.0,0.4591,12.789,6.0,-1,20.0,55.0,0.0,0.0,0.0,0.0,0.0,44.55625605205299,optimal
2021-02-13 21:00:00,10,1,0.0,0.0,0.0,0.4529333333333333,11.907,6.0,-1,19.893653817358782,55.0,0.0,0.0,0.0,0.0,0.0,44.51169979600093,optimal
2021-02-13 21:30:00,10,1,0.0,0.0,0.0,0.224,11.025,6.0,-1,19.77810747312806,55.0,0.0,0.0,0.0,0.0,0.0,44.46718809620493,optimal
2021-02-13 22:00:00,10,1,0.0,0.0,0.0,0.3206,8.2005,6.0,-1,19.65019465607055,55.0,0.0,0.0,0.0,0.0,0.0,44.42272090810872,optimal
2021-02-13 22:30:00,10,1,0.0,0.0,0.0,0.09853333333333332,9.5655,6.0,-1,19.52653687779343,55.0,0.0,0.0,0.0,0.0,0.0,44.37829818720061,optimal
2021-02-13 23:00:00,10,1,0.0,0.0,0.0,0.08426666666666667,7.056,6.0,-1,19.386149939113935,55.0,0.0,0.0,0.0,0.0,0.0,44.333919889013416,optimal
2021-02-13 23:30:00,10,1,0.0,0.0,0.0,0.264,9.3975,6.0,-1,19.24664239173666,55.0,0.0,0.0,0.0,0.0,0.0,44.2895859691244,optimal
