time,run,dwelling_id,hp_elec_kw,boiler_gas_kw,ev_charge_kw,appliance_kw,tariff_elec_price,tariff_gas_price,tariff_offset_steps,Tin_C,T_tank_C,V_stor_m3,Q_hp_space_w,Q_bo_space_w,Q_hp_hw_w,Q_bo_hw_w,ev_soc_kwh,solve_status
2021-02-07 00:00:00,1,34,0.0,0.0,0.0,0.39080000000000004,9.261,6.0,0,21.0,55.0,0.12,0.0,0.0,0.0,0.0,47.952,optimal
2021-02-07 00:30:00,1,34,0.0,0.0,0.0,0.4624666666666666,10.3635,6.0,0,20.959756989948062,55.0,0.12,0.0,0.0,0.0,0.0,47.904047999999996,optimal
2021-02-07 01:00:00,1,34,0.0,0.0,0.0,0.7042999999999999,8.274,6.0,0,20.919808071212312,55.0,0.12,0.0,0.0,0.0,0.0,47.856143952,optimal
2021-02-07 01:30:00,1,34,0.0,0.0,0.0,0.5148333333333334,7.7175,6.0,0,20.883867062597517,55.0,0.118,0.0,0.0,0.0,0.0,47.80828780804799,optimal
2021-02-07 02:00:00,1,34,0.0,0.0,0.0,0.39753333333333335,6.615,6.0,0,20.846230937834253,55.0,0.118,0.0,0.0,0.0,0.0,47.76047952023995,optimal
2021-02-07 02:30:00,1,34,0.28729879443016415,0.0,0.0,0.1829333333333333,6.174,6.0,0,20.808293001523747,55.0,0.118,1005.5457805055746,0.0,0.0,0.0,47.712719040719705,optimal
2021-02-07 03:00:00,1,34,2.0,0.0,0.0,0.065,3.906,6.0,0,20.777845691573365,55.0,0.118,7000.0,0.0,0.0,0.0,47.66500632167899,optimal
2021-02-07 03:30:00,1,34,2.0,0.0,0.0,0.08466666666666667,2.3415,6.0,0,20.82878838405485,55.0,0.118,7000.0,0.0,0.0,0.0,47.61734131535731,optimal
2021-02-07 04:00:00,1,34,2.0,0.0,0.0,0.11613333333333334,2.205,6.0,0,20.879727202751084,55.0,0.118,7000.0,0.0,0.0,0.0,47.56972397404195,optimal
2021-02-07 04:30:00,1,34,2.0,0.0,1.716197456914406,0.065,0.882,6.0,0,20.930828506558363,55.0,0.118,7000.0,0.0,0.0,0.0,48.33734804210225,optimal
2021-02-07 05:00:00,1,34,2.0,0.0,0.0,0.065,1.5435,6.0,0,20.981066653846334,55.0,0.118,7000.0,0.0,0.0,0.0,48.289010694060146,optimal
2021-02-07 05:30:00,1,34,2.0,0.0,0.0,0.1358,1.5435,6.0,0,21.03116489026642,55.0,0.118,7000.0,0.0,0.0,0.0,48.240721683366075,optimal
2021-02-07 06:00:00,1,34,2.0,0.0,0.0,0.065,5.0715,6.0,0,21.08212169411173,55.0,0.118,7000.0,0.0,0.0,0.0,48.192480961682705,optimal
2021-02-07 06:30:00,1,34,2.0,0.0,0.0,0.09646666666666669,5.376,6.0,0,21.131938497016645,55.0,0.118,7000.0,0.0,0.0,0.0,48.144288480721016,optimal
2021-02-07 07:00:00,1,34,2.0,0.0,0.0,0.10433333333333332,5.0715,6.0,0,21.181920909793607,55.0,0.118,7000.0,0.0,0.0,0.0,48.096144192240295,optimal
2021-02-07 07:30:00,1,34,2.0,0.0,0.0,0.2876,5.5125,6.0,0,21.231735775010954,55.0,0.11066666666666666,7000.0,0.0,0.0,0.0,48.048048048048045,optimal
2021-02-07 08:00:00,1,34,0.0,0.0,0.0,0.3211333333333333,9.261,6.0,0,21.28481359300925,55.0,0.08866666666666667,0.0,0.0,0.0,0.0,48.0,optimal
2021-02-07 08:30:00,1,34,0.0,0.0,0.0,0.1362,11.7075,6.0,0,21.242623964977593,55.0,0.086,0.0,0.0,0.0,0.0,47.794532335671754,optimal
2021-02-07 09:00:00,1,34,0.0,0.0,0.0,0.075,12.348,6.0,0,21.19233483408323,55.0,0.086,0.0,0.0,0.0,0.0,47.58927013900784,optimal
2021-02-07 09:30:00,1,34,0.0,0.0,0.0,0.1458,12.348,6.0,0,21.13826555650453,55.0,0.086,0.0,0.0,0.0,0.0,47.384213204540586,optimal
2021-02-07 10:00:00,1,34,0.0,0.0,0.0,0.075,12.1275,6.0,0,21.085484195597516,55.0,0.086,0.0,0.0,0.0,0.0,47.179361327007804,optimal
2021-02-07 10:30:00,1,34,0.0,0.0,0.0,0.1458,12.5265,6.0,0,21.032048519552774,55.0,0.086,0.0,0.0,0.0,0.0,46.97471430135255,optimal
2021-02-07 11:00:00,1,34,0.0,0.0,0.0,0.075,11.7495,6.0,0,20.97948125271259,55.0,0.086,0.0,0.0,0.0,0.0,46.770271922722955,optimal
2021-02-07 11:30:00,1,34,0.0,0.0,0.0,0.075,13.23,6.0,0,20.925861013669607,55.0,0.086,0.0,0.0,0.0,0.0,46.566033986471986,optimal
2021-02-07 12:00:00,1,34,0.0,0.0,0.0,0.26913333333333334,14.3325,6.0,0,20.87239010446034,55.0,0.08533333333333333,0.0,0.0,0.0,0.0,46.36200028815727,optimal
2021-02-07 12:30:00,1,34,0.0,0.0,0.0,0.075,14.994,6.0,0,20.823497840357994,55.0,0.08533333333333333,0.0,0.0,0.0,0.0,46.15817062354087,optimal
2021-02-07 13:00:00,1,34,0.0,0.0,0.0,0.075,14.8155,6.0,0,20.77036499800463,55.0,0.08533333333333333,0.0,0.0,0.0,0.0,45.95454478858908,optimal
2021-02-07 13:30:00,1,34,0.0,0.0,0.0,0.1458,14.112,6.0,0,20.71733167987784,55.0,0.08533333333333333,0.0,0.0,0.0,0.0,45.75112257947225,optimal
2021-02-07 14:00:00,1,34,0.0,0.0,0.0,0.075,14.007,6.0,0,20.665583393324585,55.0,0.08533333333333333,0.0,0.0,0.0,0.0,45.54790379256453,optimal
2021-02-07 14:30:00,1,34,0.0,0.0,0.0,0.134,13.23,6.0,0,20.61314006439033,55.0,0.08533333333333333,0.0,0.0,0.0,0.0,45.34488822444372,optimal
2021-02-07 15:00:00,1,34,0.0,0.0,0.0,0.0868,11.382,6.0,0,20.56181377582958,55.0,0.08533333333333333,0.0,0.0,0.0,0.0,45.142075671891035,optimal
2021-02-07 15:30:00,1,34,0.0,0.0,0.0,0.0868,11.7495,6.0,0,20.510151217988913,55.0,0.08533333333333333,0.0,0.0,0.0,0.0,44.9394659318909,optimal
2021-02-07 16:00:00,1,34,0.0,0.0,0.0,0.134,24.3285,6.0,0,20.45821479501547,55.0,0.08533333333333333,0.0,0.0,0.0,0.0,44.737058801630766,optimal
2021-02-07 16:30:00,1,34,0.0,0.0,0.0,0.075,28.917,6.0,0,20.406563167531534,55.0,0.08533333333333333,0.0,0.0,0.0,0.0,44.53485407850089,optimal
2021-02-07 17:00:00,1,34,0.0,0.0,0.0,0.09073333333333332,31.3635,6.0,0,20.354362894490055,55.0,0.08533333333333333,0.0,0.0,0.0,0.0,44.33285156009415,optimal
2021-02-07 17:30:00,1,34,0.0,0.0,0.0,0.13006666666666666,33.306,6.0,0,20.302549435291535,55.0,0.08533333333333333,0.0,0.0,0.0,0.0,44.13105104420581,optimal
2021-02-07 18:00:00,1,34,0.0,0.0,0.0,0.11040000000000001,31.3425,6.0,0,20.251713263101337,55.0,0.08533333333333333,0.0,0.0,0.0,0.0,43.929452328833364,optimal
2021-02-07 18:30:00,1,34,0.0,0.0,0.0,0.11040000000000001,28.2555,6.0,0,20.200994177558947,55.0,0.08533333333333333,0.0,0.0,0.0,0.0,43.72805521217629,optimal
2021-02-07 19:00:00,1,34,0.0,0.0,0.0,0.075,15.6975,6.0,0,20.15055558991369,55.0,0.08533333333333333,0.0,0.0,0.0,0.0,43.526859492635865,optimal
2021-02-07 19:30:00,1,34,0.0,0.0,0.0,0.1458,12.5475,6.0,0,20.099897674668203,55.0,0.08533333333333333,0.0,0.0,0.0,0.0,43.32586496881498,optimal
2021-02-07 20:00:00,1,34,0.0,0.0,0.0,0.075,12.0855,6.0,0,20.05037892797247,55.0,0.08533333333333333,0.0,0.0,0.0,0.0,43.125071439517924,optimal
2021-02-07 20:30:00,1,34,0.0,0.0,0.0,0.09073333333333332,11.907,6.0,0,20.0,55.0,0.08533333333333333,0.0,0.0,0.0,0.0,42.92447870375016,optimal
2021-02-07 21:00:00,1,34,0.0,0.0,0.0,0.13006666666666666,12.5685,6.0,0,19.949704677162433,55.0,0.08533333333333333,0.0,0.0,0.0,0.0,42.72408656071816,optimal
2021-02-07 21:30:00,1,34,0.0,0.0,0.0,0.2586666666666667,13.146,6.0,0,19.899825422839395,55.0,0.08533333333333333,0.0,0.0,0.0,0.0,42.5238948098292,optimal
2021-02-07 22:00:00,1,34,0.0,0.0,0.0,0.46503333333333335,10.584,6.0,0,19.857067941140556,55.0,0.08533333333333333,0.0,0.0,0.0,0.0,42.323903250691124,optimal
2021-02-07 22:30:00,1,34,0.0,0.0,0.0,0.40553333333333336,6.678,6.0,0,19.819428908537148,55.0,0.082,0.0,0.0,0.0,0.0,42.281579347440434,optimal
2021-02-07 23:00:00,1,34,0.0,0.0,0.0,0.376,7.938,6.0,0,19.78170908444789,55.0,0.082,0.0,0.0,0.0,0.0,42.239297768092996,optimal
2021-02-07 23:30:00,1,34,0.0,0.0,0.0,0.153,5.292,6.0,0,19.74450406972868,55.0,0.082,0.0,0.0,0.0,0.0,42.197058470324905,optimal
2021-02-08 00:00:00,1,34,2.0,0.0,1.6496310989707073,0.055,5.9745,6.0,0,19.74450406972868,55.0,0.082,7000.0,0.0,0.0,0.0,42.93843618386567,optimal
2021-02-08 00:30:00,1,34,2.0,0.0,0.0,0.055,7.938,6.0,0,19.79660396299775,55.0,0.136,1357.0,0.0,5643.0,0.0,42.895497747681794,optimal
2021-02-08 01:00:00,1,34,2.0,0.0,0.0,0.055,8.6835,6.0,0,19.769007711932357,55.0,0.136,7000.0,0.0,0.0,0.0,42.852602249934115,optimal
2021-02-08 01:30:00,1,34,2.0,0.0,0.0,0.2009333333333333,7.665,6.0,0,19.821039363714984,55.0,0.136,7000.0,0.0,0.0,0.0,42.80974964768417,optimal
2021-02-08 02:00:00,1,34,2.0,0.0,0.0,0.055,6.7725,6.0,0,19.874844127749604,55.0,0.136,7000.0,0.0,0.0,0.0,42.76693989803649,optimal
2021-02-08 02:30:00,1,34,2.0,0.0,3.0,0.2009333333333333,5.5755,6.0,0,19.92630253483408,55.0,0.136,7000.0,0.0,0.0,0.0,44.14917295813844,optimal
2021-02-08 03:00:00,1,34,2.0,0.0,3.0,0.055,5.0925,6.0,0,19.97981414590781,55.0,0.136,7000.0,0.0,0.0,0.0,45.530023785180305,optimal
2021-02-08 03:30:00,1,34,2.0,0.0,3.0,0.1545,4.1895,6.0,0,20.031258711726405,55.0,0.136,7000.0,0.0,0.0,0.0,46.90949376139512,optimal
2021-02-08 04:00:00,1,34,2.0,0.0,0.0,0.10143333333333333,7.056,6.0,0,20.08382344029964,55.0,0.136,7000.0,0.0,0.0,0.0,46.86258426763372,optimal
2021-02-08 04:30:00,1,34,2.0,0.0,3.0,0.055,5.271,6.0,0,20.13535443437101,55.0,0.136,7000.0,0.0,0.0,0.0,48.240721683366075,optimal
2021-02-08 05:00:00,1,34,2.0,0.0,0.0,0.2026,7.938,6.0,0,20.185808837275367,55.0,0.136,7000.0,0.0,0.0,0.0,48.192480961682705,optimal
2021-02-08 05:30:00,1,34,2.0,0.0,0.0,0.06266666666666666,7.938,6.0,0,20.237901497356432,55.0,0.136,7000.0,0.0,0.0,0.0,48.144288480721016,optimal
2021-02-08 06:00:00,1,34,2.0,0.0,0.0,0.06826666666666667,11.907,6.0,0,20.287652568616014,55.0,0.136,7000.0,0.0,0.0,0.0,48.096144192240295,optimal
2021-02-08 06:30:00,1,34,2.0,0.0,0.0,0.187,11.025,6.0,0,20.33731286199654,55.0,0.13533333333333333,7000.0,0.0,0.0,0.0,48.048048048048045,optimal
2021-02-08 07:00:00,1,34,2.0,0.0,0.0,0.8413999999999999,11.2875,6.0,0,20.388909821660025,55.0,0.11,7000.0,0.0,0.0,0.0,48.0,optimal
2021-02-08 07:30:00,1,34,1.1601798491026554,0.0,0.0,2.309833333333333,12.936,6.0,0,20.445384953107244,55.0,0.088,4060.6294718592944,0.0,0.0,0.0,47.318826458953055,optimal
2021-02-08 08:00:00,1,34,0.0,0.0,0.0,0.18263333333333331,13.0095,6.0,0,20.463366538975382,55.0,0.08066666666666666,0.0,0.0,0.0,0.0,46.638334091447156,optimal
2021-02-08 08:30:00,1,34,0.0,0.0,0.0,0.19140000000000001,13.671,6.0,0,20.41596576479822,55.0,0.06565333333333333,0.0,0.0,0.0,0.0,45.958522216308765,optimal
2021-02-08 09:00:00,1,34,0.0,0.0,0.0,2.1252,13.188,6.0,0,20.368202815612456,55.0,0.018666666666666668,0.0,0.0,0.0,0.0,45.27939015304551,optimal
2021-02-08 09:30:00,1,34,0.0,0.0,0.0,0.063,13.8495,6.0,0,20.32370738924464,55.0,0.016666666666666666,0.0,0.0,0.0,0.0,44.60093722184552,optimal
2021-02-08 10:00:00,1,34,0.0,0.0,0.0,2.4639,13.23,6.0,0,20.27684300147499,55.0,0.016666666666666666,0.0,0.0,0.0,0.0,43.92316274357673,optimal
2021-02-08 10:30:00,1,34,0.0,0.0,0.0,0.9718,13.3665,6.0,0,20.240192040236924,55.0,0.016666666666666666,0.0,0.0,0.0,0.0,43.246066039786214,optimal
2021-02-08 11:00:00,1,34,2.0,0.0,0.0,0.065,13.0515,6.0,0,20.191930182781967,55.0,0.016666666666666666,7000.0,0.0,0.0,0.0,42.569646432699486,optimal
2021-02-08 11:30:00,1,34,0.0,0.0,0.0,0.065,13.5345,6.0,0,20.236992470781907,55.0,0.016666666666666666,0.0,0.0,0.0,0.0,41.893903245219846,optimal
2021-02-08 12:00:00,1,34,0.0,0.0,0.0,0.065,14.154,6.0,0,20.18352667670479,55.0,0.016666666666666666,0.0,0.0,0.0,0.0,41.218835800927685,optimal
2021-02-08 12:30:00,1,34,0.0,0.0,0.0,0.13796666666666668,14.112,6.0,0,20.130532183826073,55.0,0.016666666666666666,0.0,0.0,0.0,0.0,40.544443424079816,optimal
2021-02-08 13:00:00,1,34,0.0,0.0,0.0,2.4635,14.2485,6.0,0,20.079270901455313,55.0,0.014,0.0,0.0,0.0,0.0,39.87072543960879,optimal
2021-02-08 13:30:00,1,34,2.0,0.0,0.0,0.065,12.789,6.0,0,20.044511726312273,55.0,0.014,7000.0,0.0,0.0,0.0,39.19768117312224,optimal
2021-02-08 14:00:00,1,34,2.0,0.0,0.0,0.065,13.0095,6.0,0,20.09196280083393,55.0,0.014,7000.0,0.0,0.0,0.0,38.52530995090218,optimal
2021-02-08 14:30:00,1,34,2.0,0.0,0.0,0.2109333333333333,12.1275,6.0,0,20.139563249646006,55.0,0.014,7000.0,0.0,0.0,0.0,37.85361109990433,optimal
2021-02-08 15:00:00,1,34,2.0,0.0,0.0,1.3211,12.348,6.0,0,20.18867065612324,55.0,0.010666666666666666,7000.0,0.0,0.0,0.0,37.18258394775748,optimal
2021-02-08 15:30:00,1,34,2.0,0.0,0.0,1.3410666666666666,12.348,6.0,0,20.247099240784298,55.0,0.010666666666666666,7000.0,0.0,0.0,0.0,36.512227822762775,optimal
2021-02-08 16:00:00,1,34,0.0,0.0,0.0,0.4103,25.389,6.0,0,20.30964092217808,55.0,0.007333333333333333,0.0,0.0,0.0,0.0,35.84254205389307,optimal
2021-02-08 16:30:00,1,34,0.0,0.0,0.0,2.3776666666666664,29.1375,6.0,0,20.271571615563545,55.0,0.007333333333333333,0.0,0.0,0.0,0.0,35.173525970792234,optimal
2021-02-08 17:00:00,1,34,0.0,0.0,0.0,1.293233333333333,30.597,6.0,0,20.235401513378015,55.0,0.0033333333333333335,0.0,0.0,0.0,0.0,34.5051789037745,optimal
2021-02-08 17:30:00,1,34,0.0,0.0,0.0,1.0524,33.684,6.0,0,20.19432828974756,55.0,0.0,0.0,0.0,0.0,0.0,33.837500183823785,optimal
2021-02-08 18:00:00,1,34,0.0,0.0,0.0,0.4172,32.445,6.0,0,20.14829399682316,55.0,0.0,0.0,0.0,0.0,0.0,33.17048914259302,optimal
2021-02-08 18:30:00,1,34,0.0,0.0,0.0,0.11333333333333331,28.917,6.0,0,20.104791645314553,55.0,0.0,0.0,0.0,0.0,0.0,32.504145112403485,optimal
2021-02-08 19:00:00,1,34,0.0,0.0,0.0,0.065,15.876,6.0,0,20.053571093084905,55.0,0.0,0.0,0.0,0.0,0.0,31.83846742624414,optimal
2021-02-08 19:30:00,1,34,1.0911847029987773,0.0,0.0,0.065,12.348,6.0,0,20.0,55.0,0.0,3819.146460495721,0.0,0.0,0.0,31.173455417770956,optimal
2021-02-08 20:00:00,1,34,1.4579369422253603,0.0,0.0,0.065,12.1275,6.0,0,20.0,55.0,0.011999999999999997,3848.779297788761,0.0,1253.9999999999998,0.0,30.509108421306244,optimal
2021-02-08 20:30:00,1,34,0.0,0.0,0.0,0.2441333333333333,12.348,6.0,0,20.0,55.0,0.006666666666666665,0.0,0.0,0.0,0.0,29.845425771838,optimal
2021-02-08 21:00:00,1,34,0.0,0.0,0.0,1.7968666666666666,12.1275,6.0,0,19.952675826150458,55.0,0.001333333333333333,0.0,0.0,0.0,0.0,29.18240680501922,optimal
2021-02-08 21:30:00,1,34,0.0,0.0,0.0,0.7156333333333333,12.1275,6.0,0,19.9135129598138,55.0,0.0,0.0,0.0,0.0,0.0,28.52005085716726,optimal
2021-02-08 22:00:00,1,34,0.0,0.0,0.0,0.32326666666666665,11.2665,6.0,0,19.87046303934671,55.0,0.0,0.0,0.0,0.0,0.0,27.85835726526315,optimal
2021-02-08 22:30:00,1,34,0.059714285714285706,0.0,0.0,3.9281333333333333,10.143,6.0,0,19.82863917180955,55.0,0.001333333333333333,0.0,0.0,208.99999999999997,0.0,27.19732536695095,optimal
2021-02-08 23:00:00,1,34,0.0,0.0,0.0,0.8591333333333333,11.2455,6.0,0,19.805786762584496,55.0,0.0,0.0,0.0,0.0,0.0,26.536954500537057,optimal
2021-02-08 23:30:00,1,34,0.0,0.0,0.0,1.4414,11.025,6.0,0,19.772382577077018,55.0,0.0,0.0,0.0,0.0,0.0,26.51041754603652,optimal
2021-02-09 00:00:00,1,34,2.0,0.0,3.0,0.0872,10.584,6.0,0,19.772382577077018,55.0,0.0,7000.0,0.0,0.0,0.0,27.908907128490487,optimal
2021-02-09 00:30:00,1,34,2.0,0.0,3.0,0.07440000000000001,11.2455,6.0,0,19.819978320628376,55.0,0.048666666666666664,1914.333333333333,0.0,5085.666666666667,0.0,29.305998221361996,optimal
2021-02-09 01:00:00,1,34,2.0,0.0,3.0,0.052,12.1275,6.0,0,19.795706159611285,55.0,0.048666666666666664,7000.0,0.0,0.0,0.0,30.701692223140636,optimal
2021-02-09 01:30:00,1,34,2.0,0.0,3.0,0.0872,11.823,6.0,0,19.8430192185,55.0,0.048666666666666664,7000.0,0.0,0.0,0.0,32.0959905309175,optimal
2021-02-09 02:00:00,1,34,2.0,0.0,3.0,0.07440000000000001,11.7705,6.0,0,19.890418242340562,55.0,0.048666666666666664,7000.0,0.0,0.0,0.0,33.488894540386575,optimal
2021-02-09 02:30:00,1,34,2.0,0.0,3.0,0.052,11.13,6.0,0,19.937226321454848,55.0,0.048666666666666664,7000.0,0.0,0.0,0.0,34.88040564584619,optimal
2021-02-09 03:00:00,1,34,2.0,0.0,3.0,0.052,11.6865,6.0,0,19.983727510458834,55.0,0.048666666666666664,7000.0,0.0,0.0,0.0,36.27052524020034,optimal
2021-02-09 03:30:00,1,34,2.0,0.0,3.0,0.10959999999999999,10.7205,6.0,0,20.030238443486226,55.0,0.048666666666666664,7000.0,0.0,0.0,0.0,37.65925471496014,optimal
2021-02-09 04:00:00,1,34,2.0,0.0,3.0,0.052,11.424,6.0,0,20.07771034536305,55.0,0.048666666666666664,7000.0,0.0,0.0,0.0,39.04659546024518,optimal
2021-02-09 04:30:00,1,34,2.0,0.0,3.0,0.052,10.689,6.0,0,20.124516531188952,55.0,0.048666666666666664,7000.0,0.0,0.0,0.0,40.432548864784934,optimal
2021-02-09 05:00:00,1,34,2.0,0.0,3.0,0.068,11.361,6.0,0,20.17091386871973,55.0,0.048666666666666664,7000.0,0.0,0.0,0.0,41.817116315920146,optimal
2021-02-09 05:30:00,1,34,2.0,0.0,3.0,0.09426666666666668,11.571,6.0,0,20.217129053335174,55.0,0.04533333333333334,7000.0,0.0,0.0,0.0,43.200299199604224,optimal
2021-02-09 06:00:00,1,34,0.0,0.0,3.0,0.06133333333333334,14.3745,6.0,0,20.26426249012235,55.0,0.04533333333333334,0.0,0.0,0.0,0.0,44.58209890040462,optimal
2021-02-09 06:30:00,1,34,2.0,0.0,3.0,0.06,13.23,6.0,0,20.212048824025942,55.0,0.04066666666666666,7000.0,0.0,0.0,0.0,45.96251680150421,optimal
2021-02-09 07:00:00,1,34,2.0,0.0,3.0,0.10479999999999999,13.9755,6.0,0,20.2607591750654,55.0,0.03666666666666667,7000.0,0.0,0.0,0.0,47.3415542847027,optimal
2021-02-09 07:30:00,1,34,0.0,0.0,1.4858679359620983,0.1006,14.994,6.0,0,20.3101880119873,55.0,0.03,0.0,0.0,0.0,0.0,48.0,optimal
2021-02-09 08:00:00,1,34,2.0,0.0,0.0,0.1276,13.671,6.0,0,20.26255620519198,55.0,0.03,7000.0,0.0,0.0,0.0,47.642415557198404,optimal
2021-02-09 08:30:00,1,34,0.0,0.0,0.0,0.08073333333333334,15.981,6.0,0,20.308202858581282,55.0,0.03,0.0,0.0,0.0,0.0,47.28518869883961,optimal
2021-02-09 09:00:00,1,34,0.0,0.0,0.0,0.0726,15.6345,6.0,0,20.256457138750374,55.0,0.024,0.0,0.0,0.0,0.0,46.92831906733918,optimal
2021-02-09 09:30:00,1,34,0.0,0.0,0.0,0.062,16.5375,6.0,0,20.206628274911225,55.0,0.024,0.0,0.0,0.0,0.0,46.57180630547025,optimal
2021-02-09 10:00:00,1,34,0.0,0.0,0.0,0.062,14.7735,6.0,0,20.152384741095435,55.0,0.024,0.0,0.0,0.0,0.0,46.21565005636318,optimal
2021-02-09 10:30:00,1,34,0.0,0.0,0.0,0.1196,15.2145,6.0,0,20.099262505434147,55.0,0.024,0.0,0.0,0.0,0.0,45.859849963505226,optimal
2021-02-09 11:00:00,1,34,1.531606998153741,0.0,0.0,0.062,14.553,6.0,0,20.04779645520905,55.0,0.024,5360.624493538094,0.0,0.0,0.0,45.50440567074013,optimal
2021-02-09 11:30:00,1,34,2.0,0.0,0.0,0.1196,14.3325,6.0,0,20.07205394910265,55.0,0.024,7000.0,0.0,0.0,0.0,45.14931682226779,optimal
2021-02-09 12:00:00,1,34,2.0,0.0,0.0,0.062,14.595,6.0,0,20.120305902863933,55.0,0.024,7000.0,0.0,0.0,0.0,44.79458306264393,optimal
2021-02-09 12:30:00,1,34,0.0,0.0,0.0,0.1196,14.994,6.0,0,20.167838532945247,55.0,0.024,0.0,0.0,0.0,0.0,44.44020403677969,optimal
2021-02-09 13:00:00,1,34,2.0,0.0,0.0,0.062,14.3325,6.0,0,20.117230462570422,55.0,0.024,7000.0,0.0,0.0,0.0,44.086179389941314,optimal
2021-02-09 13:30:00,1,34,2.0,0.0,0.0,0.062,13.8915,6.0,0,20.164514358430658,55.0,0.024,7000.0,0.0,0.0,0.0,43.73250876774978,optimal
2021-02-09 14:00:00,1,34,2.0,0.0,0.0,0.0876,13.8915,6.0,0,20.21152732323481,55.0,0.024,7000.0,0.0,0.0,0.0,43.37919181618044,optimal
2021-02-09 14:30:00,1,34,2.0,0.0,0.0,0.094,13.4715,6.0,0,20.258605264201247,55.0,0.024,7000.0,0.0,0.0,0.0,43.026228181562665,optimal
2021-02-09 15:00:00,1,34,2.0,0.0,0.0,0.09720000000000001,13.23,6.0,0,20.30550307038889,55.0,0.024,7000.0,0.0,0.0,0.0,42.67361751057951,optimal
2021-02-09 15:30:00,1,34,2.0,0.0,0.0,0.0844,13.8915,6.0,0,20.35207469363094,55.0,0.024,7000.0,0.0,0.0,0.0,42.32135945026734,optimal
2021-02-09 16:00:00,1,34,0.0,0.0,0.0,0.0684,26.9325,6.0,0,20.39833617169616,55.0,0.024,0.0,0.0,0.0,0.0,41.969453648015474,optimal
2021-02-09 16:30:00,1,34,0.0,0.0,0.0,0.11320000000000001,30.303,6.0,0,20.345422887299854,55.0,0.024,0.0,0.0,0.0,0.0,41.617899751565865,optimal
2021-02-09 17:00:00,1,34,0.0,0.0,0.0,0.062,32.886,6.0,0,20.29301002754256,55.0,0.024,0.0,0.0,0.0,0.0,41.26669740901271,optimal
2021-02-09 17:30:00,1,34,0.0,0.0,0.0,0.062,34.9965,6.0,0,20.239602055556208,55.0,0.024,0.0,0.0,0.0,0.0,40.9158462688021,optimal
2021-02-09 18:00:00,1,34,0.0,0.0,0.0,0.0716,33.327,6.0,0,20.18606432697198,55.0,0.024,0.0,0.0,0.0,0.0,40.5653459797317,optimal
2021-02-09 18:30:00,1,34,0.0,0.0,0.0,0.9845,31.122,6.0,0,20.132490145008255,55.0,0.02266666666666667,0.0,0.0,0.0,0.0,40.21519619095038,optimal
2021-02-09 19:00:00,1,34,0.0,0.0,0.0,0.07173333333333333,17.9025,6.0,0,20.083851586301115,55.0,0.02266666666666667,0.0,0.0,0.0,0.0,39.865396551957836,optimal
2021-02-09 19:30:00,1,34,0.0,0.0,0.0,0.17793333333333333,15.6555,6.0,0,20.038081399068016,55.0,0.016666666666666666,0.0,0.0,0.0,0.0,39.825531155405876,optimal
2021-02-09 20:00:00,1,34,0.7213723352797852,0.0,0.0,0.11893333333333334,14.553,6.0,0,20.0,55.0,0.0006666666666666665,2524.803173479248,0.0,0.0,0.0,39.78570562425047,optimal
2021-02-09 20:30:00,1,34,0.0,0.0,0.0,0.2099,14.3325,6.0,0,20.0,55.0,0.0,0.0,0.0,0.0,0.0,39.74591991862622,optimal
2021-02-09 21:00:00,1,34,0.09952380952380951,0.0,0.0,0.4579666666666666,13.335,6.0,0,19.96196419875032,55.0,0.0,0.0,0.0,348.3333333333333,0.0,39.7061739987076,optimal
2021-02-09 21:30:00,1,34,0.0,0.0,0.0,0.711,12.1275,6.0,0,19.928312546526307,55.0,0.0,0.0,0.0,0.0,0.0,39.66646782470889,optimal
2021-02-09 22:00:00,1,34,0.0,0.0,0.0,0.44706666666666667,12.2955,6.0,0,19.891052045074254,55.0,0.0,0.0,0.0,0.0,0.0,39.62680135688418,optimal
2021-02-09 22:30:00,1,34,0.0398095238095238,0.0,0.0,0.0696,11.6865,6.0,0,19.85317126883069,55.0,0.0,0.0,0.0,139.33333333333331,0.0,39.5871745555273,optimal
2021-02-09 23:00:00,1,34,0.0,0.0,0.0,0.0856,11.466,6.0,0,19.812738567572268,55.0,0.0,0.0,0.0,0.0,0.0,39.54758738097177,optimal
2021-02-09 23:30:00,1,34,0.0398095238095238,0.0,0.0,0.1286,10.8045,6.0,0,19.772628203602924,55.0,0.0,0.0,0.0,139.33333333333331,0.0,39.5080397935908,optimal
2021-02-10 00:00:00,1,34,2.0,0.0,3.0,0.105,10.8045,6.0,0,19.772628203602924,55.0,0.0,6721.333333333333,0.0,278.66666666666663,0.0,40.893531753797205,optimal
2021-02-10 00:30:00,1,34,2.0,0.0,0.0,0.3095333333333334,11.508,6.0,0,19.82269249235796,55.0,0.06698564593301436,0.0,0.0,7000.0,0.0,40.85263822204341,optimal
2021-02-10 01:00:00,1,34,2.0,0.0,0.0,0.08220000000000001,11.508,6.0,0,19.779674974536434,55.0,0.1339712918660287,0.0,0.0,7000.0,0.0,40.81178558382137,optimal
2021-02-10 01:30:00,1,34,2.0,0.0,0.0,0.16119999999999998,11.508,6.0,0,19.729737699413874,55.0,0.152,5116.0,0.0,1884.0,0.0,40.77097379823755,optimal
2021-02-10 02:00:00,1,34,2.0,0.0,0.0,0.07213333333333334,11.844,6.0,0,19.75289646137382,55.0,0.152,7000.0,0.0,0.0,0.0,40.73020282443931,optimal
2021-02-10 02:30:00,1,34,2.0,0.0,0.0,0.1536,11.508,6.0,0,19.801015940808234,55.0,0.152,7000.0,0.0,0.0,0.0,40.68947262161487,optimal
2021-02-10 03:00:00,1,34,2.0,0.0,1.1413471961666675,0.14333333333333334,11.508,6.0,0,19.850149869583696,55.0,0.152,7000.0,0.0,0.0,0.0,41.19092306717241,optimal
2021-02-10 03:30:00,1,34,2.0,0.0,3.0,0.1278,10.4475,6.0,0,19.899002230435546,55.0,0.152,7000.0,0.0,0.0,0.0,42.57473214410523,optimal
2021-02-10 04:00:00,1,34,2.0,0.0,3.0,0.1267333333333333,10.8675,6.0,0,19.947499561751442,55.0,0.152,7000.0,0.0,0.0,0.0,43.95715741196112,optimal
2021-02-10 04:30:00,1,34,2.0,0.0,3.0,0.1034,10.542,6.0,0,19.995846793172632,55.0,0.152,7000.0,0.0,0.0,0.0,45.33820025454915,optimal
2021-02-10 05:00:00,1,34,2.0,0.0,3.0,0.061,11.025,6.0,0,20.043451947622785,55.0,0.152,7000.0,0.0,0.0,0.0,46.71786205429459,optimal
2021-02-10 05:30:00,1,34,2.0,0.0,3.0,0.061,11.025,6.0,0,20.090048303282945,55.0,0.152,7000.0,0.0,0.0,0.0,48.096144192240295,optimal
2021-02-10 06:00:00,1,34,2.0,0.0,0.0,0.2359333333333333,14.553,6.0,0,20.136236395015086,55.0,0.152,7000.0,0.0,0.0,0.0,48.048048048048045,optimal
2021-02-10 06:30:00,1,34,2.0,0.0,0.0,0.8937,13.0935,6.0,0,20.184483447020416,55.0,0.152,7000.0,0.0,0.0,0.0,48.0,optimal
2021-02-10 07:00:00,1,34,2.0,0.0,0.0,3.720533333333333,15.6345,6.0,0,20.238771084752848,55.0,0.12849333333333332,7000.0,0.0,0.0,0.0,47.74562471372,optimal
2021-02-10 07:30:00,1,34,0.0,0.0,0.0,0.2581,18.102,6.0,0,20.307774878973696,55.0,0.06466666666666666,0.0,0.0,0.0,0.0,47.49150380272628,optimal
2021-02-10 08:00:00,1,34,0.0,0.0,0.0,1.6954666666666667,17.199,6.0,0,20.26215162983315,55.0,0.062,0.0,0.0,0.0,0.0,47.23763701264355,optimal
2021-02-10 08:30:00,1,34,0.0,0.0,0.0,1.1041666666666667,18.2805,6.0,0,20.229879698211565,55.0,0.06133333333333333,0.0,0.0,0.0,0.0,46.98402408935091,optimal
2021-02-10 09:00:00,1,34,0.0,0.0,0.0,0.8524333333333333,17.4615,6.0,0,20.18605271728435,55.0,0.05266666666666667,0.0,0.0,0.0,0.0,46.73066477898156,optimal
2021-02-10 09:30:00,1,34,0.0,0.0,0.0,1.1233333333333333,18.3225,6.0,0,20.142139708916822,55.0,0.05266666666666667,0.0,0.0,0.0,0.0,46.47755882792258,optimal
2021-02-10 10:00:00,1,34,0.21355387819232033,0.0,0.0,0.4333,17.094,6.0,0,20.096710802617093,55.0,0.05,747.4385736731211,0.0,0.0,0.0,46.224705982814655,optimal
2021-02-10 10:30:00,1,34,2.0,0.0,0.0,0.23146666666666668,17.094,6.0,0,20.064995074053332,55.0,0.05,7000.0,0.0,0.0,0.0,45.97210599055184,optimal
2021-02-10 11:00:00,1,34,2.0,0.0,0.0,0.4231333333333333,17.094,6.0,0,20.116603203621416,55.0,0.05,7000.0,0.0,0.0,0.0,45.71975859828129,optimal
2021-02-10 11:30:00,1,34,0.0,0.0,0.0,0.38206666666666667,17.3565,6.0,0,20.170190852261136,55.0,0.05,0.0,0.0,0.0,0.0,45.46766355340301,optimal
2021-02-10 12:00:00,1,34,2.0,0.0,0.0,1.8032333333333328,17.115,6.0,0,20.12365379364767,55.0,0.048,7000.0,0.0,0.0,0.0,45.215820603569604,optimal
2021-02-10 12:30:00,1,34,2.0,0.0,0.0,0.40686666666666665,17.241,6.0,0,20.179673117093486,55.0,0.044,7000.0,0.0,0.0,0.0,44.96422949668604,optimal
2021-02-10 13:00:00,1,34,2.0,0.0,0.0,0.38589999999999997,17.094,6.0,0,20.231562589227508,55.0,0.042,7000.0,0.0,0.0,0.0,44.71288998090935,optimal
2021-02-10 13:30:00,1,34,2.0,0.0,0.0,0.2848,16.5165,6.0,0,20.282934393008873,55.0,0.04066666666666666,7000.0,0.0,0.0,0.0,44.461801804648445,optimal
2021-02-10 14:00:00,1,34,0.0,0.0,0.0,0.3867,17.8185,6.0,0,20.332895647083355,55.0,0.04066666666666666,0.0,0.0,0.0,0.0,44.210964716563794,optimal
2021-02-10 14:30:00,1,34,2.0,0.0,0.0,0.22596666666666668,17.094,6.0,0,20.286223017321518,55.0,0.04066666666666666,7000.0,0.0,0.0,0.0,43.96037846556723,optimal
2021-02-10 15:00:00,1,34,2.0,0.0,0.0,0.32796666666666663,16.8945,6.0,0,20.33845768718984,55.0,0.04066666666666666,7000.0,0.0,0.0,0.0,43.71004280082166,optimal
2021-02-10 15:30:00,1,34,0.0,0.0,0.0,0.4098,18.123,6.0,0,20.391844159410113,55.0,0.04066666666666666,0.0,0.0,0.0,0.0,43.459957471740836,optimal
2021-02-10 16:00:00,1,34,0.0,0.0,0.0,0.4078333333333333,31.647,6.0,0,20.34848759441106,55.0,0.04,0.0,0.0,0.0,0.0,43.210122227989096,optimal
2021-02-10 16:30:00,1,34,0.0,0.0,0.0,0.25626666666666664,34.9965,6.0,0,20.303451416447583,55.0,0.03666666666666667,0.0,0.0,0.0,0.0,42.960536819481106,optimal
2021-02-10 17:00:00,1,34,0.0,0.0,0.0,0.3615333333333334,34.9965,6.0,0,20.257541486332446,55.0,0.03266666666666666,0.0,0.0,0.0,0.0,42.71120099638163,optimal
2021-02-10 17:30:00,1,34,0.0,0.0,0.0,1.1073,34.9965,6.0,0,20.217181048176975,55.0,0.03266666666666666,0.0,0.0,0.0,0.0,42.46211450910525,optimal
2021-02-10 18:00:00,1,34,0.0,0.0,0.0,2.3534,34.9965,6.0,0,20.18299260753456,55.0,0.025333333333333333,0.0,0.0,0.0,0.0,42.21327710831614,optimal
2021-02-10 18:30:00,1,34,0.0,0.0,0.0,1.1991333333333334,34.9965,6.0,0,20.149217793558165,55.0,0.02266666666666667,0.0,0.0,0.0,0.0,42.171063831207825,optimal
2021-02-10 19:00:00,1,34,0.0,0.0,0.0,0.5493666666666667,27.741,6.0,0,20.113576329066323,55.0,0.01933333333333333,0.0,0.0,0.0,0.0,42.12889276737662,optimal
2021-02-10 19:30:00,1,34,0.0,0.0,0.0,0.7953666666666667,19.026,6.0,0,20.075914724016105,55.0,0.01933333333333333,0.0,0.0,0.0,0.0,42.08676387460924,optimal
2021-02-10 20:00:00,1,34,0.0,0.0,0.0,2.0965,18.7215,6.0,0,20.037150974491173,55.0,0.001333333333333333,0.0,0.0,0.0,0.0,42.04467711073463,optimal
2021-02-10 20:30:00,1,34,0.0,0.0,0.0,0.9886666666666666,17.4195,6.0,0,20.0,55.0,0.0,0.0,0.0,0.0,0.0,42.002632433623894,optimal
2021-02-10 21:00:00,1,34,0.0,0.0,0.0,0.28946666666666665,16.758,6.0,0,19.961236223923002,55.0,0.0,0.0,0.0,0.0,0.0,41.96062980119027,optimal
2021-02-10 21:30:00,1,34,0.0398095238095238,0.0,0.0,0.7835666666666667,14.217,6.0,0,19.918480754775068,55.0,0.0,0.0,0.0,139.33333333333331,0.0,41.918669171389084,optimal
2021-02-10 22:00:00,1,34,0.05971428571428571,0.0,0.0,1.0418,13.3665,6.0,0,19.87402978975296,55.0,0.0,0.0,0.0,209.0,0.0,41.876750502217696,optimal
2021-02-10 22:30:00,1,34,0.0,0.0,0.0,0.4656,12.789,6.0,0,19.823616099744672,55.0,0.0,0.0,0.0,0.0,0.0,41.83487375171548,optimal
2021-02-10 23:00:00,1,34,0.0,0.0,0.0,0.5329333333333333,11.907,6.0,0,19.771053576694356,55.0,0.0,0.0,0.0,0.0,0.0,41.79303887796376,optimal
2021-02-10 23:30:00,1,34,0.3781904761904762,0.0,0.0,0.5347666666666666,11.7075,6.0,0,19.71995617328628,55.0,0.0,0.0,0.0,1323.6666666666667,0.0,41.7512458390858,optimal
2021-02-11 00:00:00,1,34,2.0,0.0,0.0,0.062,11.025,6.0,0,19.71995617328628,55.0,0.0,7000.0,0.0,0.0,0.0,41.70949459324671,optimal
2021-02-11 00:30:00,1,34,2.0,0.0,0.0,0.26523333333333327,12.0855,6.0,0,19.75773571900143,55.0,0.05800212669661338,938.7777602039022,0.0,6061.222239796098,0.0,41.66778509865346,optimal
2021-02-11 01:00:00,1,34,2.0,0.0,0.0,0.1641,11.6865,6.0,0,19.713106734623814,55.0,0.05800212669661338,7000.0,0.0,0.0,0.0,41.62611731355481,optimal
2021-02-11 01:30:00,1,34,2.0,0.0,0.0,0.12583333333333332,11.2245,6.0,0,19.752901680310934,55.0,0.05800212669661338,7000.0,0.0,0.0,0.0,41.58449119624125,optimal
2021-02-11 02:00:00,1,34,2.0,0.0,0.0,0.3035,11.025,6.0,0,19.7920463423773,55.0,0.05800212669661338,7000.0,0.0,0.0,0.0,41.54290670504501,optimal
2021-02-11 02:30:00,1,34,2.0,0.0,3.0,0.062,10.7835,6.0,0,19.833586608226312,55.0,0.05800212669661338,7000.0,0.0,0.0,0.0,42.92636379833996,optimal
2021-02-11 03:00:00,1,34,2.0,0.0,2.6677183955270998,0.30496666666666666,11.025,6.0,0,19.8713281938238,55.0,0.05800212669661338,7000.0,0.0,0.0,0.0,44.15060367241699,optimal
2021-02-11 03:30:00,1,34,2.0,0.0,3.0,0.12436666666666665,10.584,6.0,0,19.912111348940652,55.0,0.05800212669661338,7000.0,0.0,0.0,0.0,45.531453068744575,optimal
2021-02-11 04:00:00,1,34,2.0,0.0,3.0,0.062,11.025,6.0,0,19.9509311912009,55.0,0.05800212669661338,7000.0,0.0,0.0,0.0,46.910921615675825,optimal
2021-02-11 04:30:00,1,34,2.0,0.0,3.0,0.1499,10.4265,6.0,0,19.989459958787407,55.0,0.05800212669661338,7000.0,0.0,0.0,0.0,48.289010694060146,optimal
2021-02-11 05:00:00,1,34,2.0,0.0,0.0,0.1741,12.789,6.0,0,20.029120578007117,55.0,0.05800212669661338,7000.0,0.0,0.0,0.0,48.240721683366075,optimal
2021-02-11 05:30:00,1,34,2.0,0.0,0.0,0.2112,12.684,6.0,0,20.069011898869483,55.0,0.05800212669661338,7000.0,0.0,0.0,0.0,48.192480961682705,optimal
2021-02-11 06:00:00,1,34,2.0,0.0,0.0,0.21613333333333332,16.254,6.0,0,20.110011372210966,55.0,0.055335460029946715,7000.0,0.0,0.0,0.0,48.144288480721016,optimal
2021-02-11 06:30:00,1,34,2.0,0.0,0.0,0.11266666666666668,17.64,6.0,0,20.154721562327833,55.0,0.05333546002994671,7000.0,0.0,0.0,0.0,48.096144192240295,optimal
2021-02-11 07:00:00,1,34,0.0,0.0,0.0,0.5008,19.1625,6.0,0,20.198086712349983,55.0,0.05000212669661338,0.0,0.0,0.0,0.0,48.048048048048045,optimal
2021-02-11 07:30:00,1,34,0.0,0.0,0.0,0.37139999999999995,26.46,6.0,0,20.149322093981052,55.0,0.04866879336328005,0.0,0.0,0.0,0.0,48.0,optimal
2021-02-11 08:00:00,1,34,0.0,0.0,0.0,0.3396666666666667,20.79,6.0,0,20.10431644248006,55.0,0.046668793363280045,0.0,0.0,0.0,0.0,47.733460217849576,optimal
2021-02-11 08:30:00,1,34,0.0,0.0,0.0,0.3512,29.106,6.0,0,20.05856632357883,55.0,0.04400212669661338,0.0,0.0,0.0,0.0,47.467186975481305,optimal
2021-02-11 09:00:00,1,34,2.0,0.0,0.0,0.275,19.1835,6.0,0,20.003901617111147,55.0,0.03800212669661338,7000.0,0.0,0.0,0.0,47.2011800063554,optimal
2021-02-11 09:30:00,1,34,0.0,0.0,0.0,0.29860000000000003,19.6665,6.0,0,20.04886620260189,55.0,0.017335460029946716,0.0,0.0,0.0,0.0,46.935439044198624,optimal
2021-02-11 10:00:00,1,34,0.8061630641236432,0.0,0.0,0.5714333333333332,19.404,6.0,0,20.0,55.0,0.017335460029946716,2821.5707244327514,0.0,0.0,0.0,46.669963823004004,optimal
2021-02-11 10:30:00,1,34,0.911114878172607,0.0,0.0,0.3403,19.047,6.0,0,20.0,55.0,0.014002126696613382,3188.9020736041243,0.0,0.0,0.0,46.404754077030574,optimal
2021-02-11 11:00:00,1,34,2.0,0.0,0.0,0.47633333333333333,18.858,6.0,0,20.0,55.0,0.014002126696613382,7000.0,0.0,0.0,0.0,46.13980954080312,optimal
2021-02-11 11:30:00,1,34,0.0,0.0,0.0,0.39053333333333334,19.2675,6.0,0,20.05339036669684,55.0,0.014002126696613382,0.0,0.0,0.0,0.0,45.875129949111894,optimal
2021-02-11 12:00:00,1,34,0.7524319589082243,0.0,0.0,0.23326666666666668,18.963,6.0,0,20.008181653534304,55.0,0.013335460029946716,2633.5118561787854,0.0,0.0,0.0,45.61071503701236,optimal
2021-02-11 12:30:00,1,34,1.972265909041922,0.0,0.0,0.709,18.438,6.0,0,20.0,55.0,0.028304235285564163,5338.6936674347035,0.0,1564.2370142120235,0.0,45.346564539824925,optimal
2021-02-11 13:00:00,1,34,0.0,0.0,0.0,0.0958,18.7425,6.0,0,20.039184425296355,55.0,0.028304235285564163,0.0,0.0,0.0,0.0,45.082678193134676,optimal
2021-02-11 13:30:00,1,34,2.0000000000000004,0.0,0.0,0.084,15.2145,6.0,0,20.0,55.0,0.034,6404.792587341456,0.0,595.2074126585449,0.0,44.81905573279112,optimal
2021-02-11 14:00:00,1,34,2.0,0.0,0.0,0.22066666666666662,17.7765,6.0,0,20.050345472013433,55.0,0.034,7000.0,0.0,0.0,0.0,44.55569689490791,optimal
2021-02-11 14:30:00,1,34,2.0,0.0,0.0,0.23846666666666666,16.758,6.0,0,20.108298916363545,55.0,0.03333333333333333,7000.0,0.0,0.0,0.0,44.29260141586258,optimal
2021-02-11 15:00:00,1,34,2.0,0.0,0.0,0.3868666666666667,16.422,6.0,0,20.166856775940364,55.0,0.03133333333333333,7000.0,0.0,0.0,0.0,44.029769032296294,optimal
2021-02-11 15:30:00,1,34,2.0,0.0,0.0,0.5702999999999999,16.758,6.0,0,20.226163362961092,55.0,0.030666666666666665,7000.0,0.0,0.0,0.0,43.76719948111357,optimal
2021-02-11 16:00:00,1,34,0.0,0.0,0.0,0.5624333333333332,29.358,6.0,0,20.284428142294583,55.0,0.030666666666666665,0.0,0.0,0.0,0.0,43.50489249948203,optimal
2021-02-11 16:30:00,1,34,0.0,0.0,0.0,0.563,34.9965,6.0,0,20.24335989195169,55.0,0.028666666666666667,0.0,0.0,0.0,0.0,43.242847824832126,optimal
2021-02-11 17:00:00,1,34,0.0,0.0,0.0,0.5031666666666667,34.65,6.0,0,20.202514605892798,55.0,0.025333333333333333,0.0,0.0,0.0,0.0,42.98106519485687,optimal
2021-02-11 17:30:00,1,34,0.0,0.0,0.0,0.6849,34.9965,6.0,0,20.159837702829176,55.0,0.024,0.0,0.0,0.0,0.0,42.71954434751159,optimal
2021-02-11 18:00:00,1,34,0.0,0.0,0.0,0.489,34.9965,6.0,0,20.117808322552087,55.0,0.024,0.0,0.0,0.0,0.0,42.45828502101365,optimal
2021-02-11 18:30:00,1,34,0.0,0.0,0.0,1.8653666666666664,30.4815,6.0,0,20.067933552042962,55.0,0.0,0.0,0.0,0.0,0.0,42.197286953842216,optimal
2021-02-11 19:00:00,1,34,0.0,0.0,0.0,2.9646999999999997,21.4305,6.0,0,20.02570905764485,55.0,0.0,0.0,0.0,0.0,0.0,41.93654988473795,optimal
2021-02-11 19:30:00,1,34,1.1193523540641683,0.0,0.0,1.4405666666666666,14.3325,6.0,0,20.0,55.0,0.0,3430.0665725579224,0.0,487.6666666666667,0.0,41.67607355270279,optimal
2021-02-11 20:00:00,1,34,1.0128528680341633,0.0,0.0,0.4964333333333333,13.692,6.0,0,20.0,55.0,0.0,3544.985038119572,0.0,0.0,0.0,41.63439747915009,optimal
2021-02-11 20:30:00,1,34,0.0,0.0,0.0,0.5155666666666667,14.007,6.0,0,20.0,55.0,0.0,0.0,0.0,0.0,0.0,41.59276308167094,optimal
2021-02-11 21:00:00,1,34,0.0,0.0,0.0,4.0681,12.873,6.0,0,19.952887164035513,55.0,0.0,0.0,0.0,0.0,0.0,41.551170318589264,optimal
2021-02-11 21:30:00,1,34,0.0796190476190476,0.0,0.0,3.079,12.684,6.0,0,19.914243361249444,55.0,0.0,0.0,0.0,278.66666666666663,0.0,41.50961914827067,optimal
2021-02-11 22:00:00,1,34,0.0796190476190476,0.0,0.0,0.6585,12.306,6.0,0,19.870885950295126,55.0,0.0,0.0,0.0,278.66666666666663,0.0,41.4681095291224,optimal
2021-02-11 22:30:00,1,34,0.0,0.0,0.0,0.3283666666666667,10.6365,6.0,0,19.810628821168233,55.0,0.0,0.0,0.0,0.0,0.0,41.42664141959328,optimal
2021-02-11 23:00:00,1,34,0.0,0.0,0.0,0.29806666666666665,11.2455,6.0,0,19.745538752014156,55.0,0.0,0.0,0.0,0.0,0.0,41.38521477817369,optimal
2021-02-11 23:30:00,1,34,0.0,0.0,0.0,0.15733333333333335,11.2455,6.0,0,19.678032227638237,55.0,0.0,0.0,0.0,0.0,0.0,41.343829563395516,optimal
2021-02-12 00:00:00,1,34,2.0,0.0,0.22418939441762045,0.11233333333333331,10.3635,6.0,0,19.678032227638237,55.0,0.0,5188.666666666667,0.0,1811.333333333333,0.0,41.408975696180484,optimal
2021-02-12 00:30:00,1,34,2.0,0.0,0.0,0.214,10.8045,6.0,0,19.68384542302983,55.0,0.06698564593301436,0.0,0.0,7000.0,0.0,41.3675667204843,optimal
2021-02-12 01:00:00,1,34,2.0,0.0,0.0,0.2775,11.025,6.0,0,19.617043227557073,55.0,0.09866666666666667,3689.3333333333335,0.0,3310.6666666666665,0.0,41.32619915376382,optimal
2021-02-12 01:30:00,1,34,2.0,0.0,3.0,0.06743333333333333,10.3635,6.0,0,19.602947023997764,55.0,0.09533333333333334,7000.0,0.0,0.0,0.0,42.70987295461004,optimal
2021-02-12 02:00:00,1,34,2.0,0.0,0.0,0.21886666666666668,10.8045,6.0,0,19.6327400295231,55.0,0.09533333333333334,7000.0,0.0,0.0,0.0,42.667163081655424,optimal
2021-02-12 02:30:00,1,34,2.0,0.0,3.0,0.3176666666666667,10.059,6.0,0,19.66494606307605,55.0,0.094,7000.0,0.0,0.0,0.0,44.04949591857376,optimal
2021-02-12 03:00:00,1,34,2.0,0.0,0.0,0.19446666666666668,10.584,6.0,0,19.699528007656255,55.0,0.094,7000.0,0.0,0.0,0.0,44.00544642265518,optimal
2021-02-12 03:30:00,1,34,2.0,0.0,3.0,0.33130000000000004,9.4185,6.0,0,19.733943612591624,55.0,0.094,7000.0,0.0,0.0,0.0,45.38644097623252,optimal
2021-02-12 04:00:00,1,34,2.0,0.0,3.0,0.2897333333333333,10.3635,6.0,0,19.773845712148304,55.0,0.094,7000.0,0.0,0.0,0.0,46.76605453525628,optimal
2021-02-12 04:30:00,1,34,2.0,0.0,3.0,0.249,9.8385,6.0,0,19.814470587061606,55.0,0.09066666666666667,7000.0,0.0,0.0,0.0,48.144288480721016,optimal
2021-02-12 05:00:00,1,34,2.0,0.0,0.0,0.2972666666666667,11.067,6.0,0,19.856349572183653,55.0,0.09,7000.0,0.0,0.0,0.0,48.096144192240295,optimal
2021-02-12 05:30:00,1,34,2.0,0.0,0.0,0.2838,10.8465,6.0,0,19.90085507109198,55.0,0.088,7000.0,0.0,0.0,0.0,48.048048048048045,optimal
2021-02-12 06:00:00,1,34,2.0,0.0,0.0,0.2393,13.671,6.0,0,19.948382320563688,55.0,0.08466666666666667,7000.0,0.0,0.0,0.0,48.0,optimal
2021-02-12 06:30:00,1,34,2.0,0.0,0.0,0.4718,12.348,6.0,0,19.99884583994099,55.0,0.08,7000.0,0.0,0.0,0.0,47.71103254869204,optimal
2021-02-12 07:00:00,1,34,2.0,0.0,0.0,0.34003333333333335,14.3325,6.0,0,20.050709212148817,55.0,0.058666666666666666,7000.0,0.0,0.0,0.0,47.42235406483539,optimal
2021-02-12 07:30:00,1,34,0.0,0.0,0.0,0.5422333333333333,15.393,6.0,0,20.10080256763836,55.0,0.004666666666666667,0.0,0.0,0.0,0.0,47.133964259462594,optimal
2021-02-12 08:00:00,1,34,2.0,0.0,0.0,0.09659999999999999,13.587,6.0,0,20.050059744878467,55.0,0.004666666666666667,7000.0,0.0,0.0,0.0,46.84586284389517,optimal
2021-02-12 08:30:00,1,34,0.0,0.0,0.0,0.069,16.1385,6.0,0,20.08364859249247,55.0,0.004666666666666667,0.0,0.0,0.0,0.0,46.558049529743315,optimal
2021-02-12 09:00:00,1,34,1.9467878991895549,0.0,0.0,0.12103333333333331,14.595,6.0,0,20.017516739780408,55.0,0.002,6813.757647163442,0.0,0.0,0.0,46.27052402890561,optimal
2021-02-12 09:30:00,1,34,0.0,0.0,0.0,0.2119,14.637,6.0,0,20.053565437166366,55.0,0.0,0.0,0.0,0.0,0.0,45.98328605356875,optimal
2021-02-12 10:00:00,1,34,1.0211459320254355,0.0,0.0,0.07390000000000001,13.9125,6.0,0,20.0,55.0,0.0,3434.6774287556905,0.0,139.33333333333331,0.0,45.69633531620722,optimal
2021-02-12 10:30:00,1,34,1.0662878176696406,0.0,0.0,0.2275,13.3665,6.0,0,20.0,55.0,0.0,3732.0073618437423,0.0,0.0,0.0,45.40967152958305,optimal
2021-02-12 11:00:00,1,34,2.0,0.0,0.0,0.15869999999999998,13.0095,6.0,0,20.003231817139596,55.0,0.0,7000.0,0.0,0.0,0.0,45.12329440674551,optimal
2021-02-12 11:30:00,1,34,0.0,0.0,0.0,0.069,13.8915,6.0,0,20.051586421684178,55.0,0.0,0.0,0.0,0.0,0.0,44.837203661030806,optimal
2021-02-12 12:00:00,1,34,0.9954307317109268,0.0,0.0,0.22080000000000002,13.188,6.0,0,20.0,55.0,0.0,3484.0075609882438,0.0,0.0,0.0,44.551399006061814,optimal
2021-02-12 12:30:00,1,34,2.0,0.0,0.0,0.069,12.5685,6.0,0,20.0,55.0,0.02266666666666667,4631.333333333334,0.0,2368.6666666666665,0.0,44.265880155747794,optimal
2021-02-12 13:00:00,1,34,2.0,0.0,0.0,0.24409999999999998,12.285,6.0,0,20.014173470408792,55.0,0.021333333333333333,7000.0,0.0,0.0,0.0,43.98064682428409,optimal
2021-02-12 13:30:00,1,34,2.0,0.0,0.0,0.24203333333333332,11.487,6.0,0,20.064994690492785,55.0,0.02,7000.0,0.0,0.0,0.0,43.695698726151846,optimal
2021-02-12 14:00:00,1,34,2.0,0.0,0.0,0.23553333333333334,11.802,6.0,0,20.116748281320596,55.0,0.02,7000.0,0.0,0.0,0.0,43.41103557611773,optimal
2021-02-12 14:30:00,1,34,2.0,0.0,0.0,0.3382,11.2245,6.0,0,20.168931874662647,55.0,0.02,7000.0,0.0,0.0,0.0,43.12665708923365,optimal
2021-02-12 15:00:00,1,34,2.0,0.0,0.0,0.24053333333333332,11.025,6.0,0,20.22306938802602,55.0,0.017333333333333333,7000.0,0.0,0.0,0.0,42.84256298083646,optimal
2021-02-12 15:30:00,1,34,2.0,0.0,0.0,0.42756666666666665,11.907,6.0,0,20.27593383986352,55.0,0.015333333333333332,7000.0,0.0,0.0,0.0,42.558752966547665,optimal
2021-02-12 16:00:00,1,34,0.0,0.0,0.0,0.3755333333333334,25.83,6.0,0,20.329025497907768,55.0,0.015333333333333332,0.0,0.0,0.0,0.0,42.27522676227316,optimal
2021-02-12 16:30:00,1,34,0.0,0.0,0.0,0.2565,28.035,6.0,0,20.28735456742897,55.0,0.009333333333333334,0.0,0.0,0.0,0.0,41.991984084202926,optimal
2021-02-12 17:00:00,1,34,0.0,0.0,0.0,0.23316666666666663,28.119,6.0,0,20.244875389717322,55.0,0.007333333333333333,0.0,0.0,0.0,0.0,41.70902464881076,optimal
2021-02-12 17:30:00,1,34,0.0,0.0,0.0,1.5155,30.156,6.0,0,20.202319999018627,55.0,0.0033333333333333335,0.0,0.0,0.0,0.0,41.42634817285399,optimal
2021-02-12 18:00:00,1,34,0.0,0.0,0.0,0.46476666666666666,29.1585,6.0,0,20.176671755711407,55.0,0.0,0.0,0.0,0.0,0.0,41.14395437337318,optimal
2021-02-12 18:30:00,1,34,0.0,0.0,0.0,0.08766666666666667,26.712,6.0,0,20.13663415338229,55.0,0.0,0.0,0.0,0.0,0.0,40.86184296769184,optimal
2021-02-12 19:00:00,1,34,0.0,0.0,0.0,0.2001,15.435,6.0,0,20.084594092020396,55.0,0.0,0.0,0.0,0.0,0.0,40.58001367341619,optimal
2021-02-12 19:30:00,1,34,0.48257579585213894,0.0,0.0,0.1142,13.566,6.0,0,20.030329049792307,55.0,0.0,1689.0152854824862,0.0,0.0,0.0,40.29846620843482,optimal
2021-02-12 20:00:00,1,34,0.9981869800048422,0.0,0.0,0.12023333333333332,12.789,6.0,0,20.0,55.0,0.0,3493.6544300169476,0.0,0.0,0.0,40.017200290918424,optimal
2021-02-12 20:30:00,1,34,0.11942857142857143,0.0,0.0,0.2552333333333333,12.1275,6.0,0,20.0,55.0,0.002,0.0,0.0,418.0,0.0,39.736215639319546,optimal
2021-02-12 21:00:00,1,34,0.0,0.0,0.0,0.18916666666666662,13.671,6.0,0,19.954004457727503,55.0,0.0,0.0,0.0,0.0,0.0,39.69647942368022,optimal
2021-02-12 21:30:00,1,34,0.2786666666666667,0.0,0.0,0.20763333333333334,10.668,6.0,0,19.910776501823175,55.0,0.0033333333333333335,0.0,0.0,975.3333333333334,0.0,39.65678294425654,optimal
2021-02-12 22:00:00,1,34,0.0,0.0,0.0,0.2214,11.7285,6.0,0,19.866486324798043,55.0,0.0,0.0,0.0,0.0,0.0,39.617126161312285,optimal
2021-02-12 22:30:00,1,34,0.0,0.0,0.0,0.3579,11.025,6.0,0,19.821645797319842,55.0,0.0,0.0,0.0,0.0,0.0,39.577509035150975,optimal
2021-02-12 23:00:00,1,34,0.0,0.0,0.0,0.22619999999999998,10.689,6.0,0,19.777174031836303,55.0,0.0,0.0,0.0,0.0,0.0,39.53793152611583,optimal
2021-02-12 23:30:00,1,34,0.0398095238095238,0.0,0.0,0.32630000000000003,8.1585,6.0,0,19.731303610012592,55.0,0.0,0.0,0.0,139.33333333333331,0.0,39.498393594589714,optimal
2021-02-13 00:00:00,1,34,2.0,0.0,0.0,0.044,9.3975,6.0,0,19.731303610012592,55.0,0.0,7000.0,0.0,0.0,0.0,39.45889520099512,optimal
2021-02-13 00:30:00,1,34,2.0,0.0,0.0,0.1522666666666667,10.059,6.0,0,19.77826100282926,55.0,0.06698564593301436,0.0,0.0,7000.0,0.0,39.41943630579413,optimal
2021-02-13 01:00:00,1,34,2.0,0.0,0.0,0.044,9.261,6.0,0,19.72807205553882,55.0,0.1339712918660287,0.0,0.0,7000.0,0.0,39.38001686948834,optimal
2021-02-13 01:30:00,1,34,2.0,0.0,3.0,0.3133333333333333,8.1585,6.0,0,19.676635862349215,55.0,0.17533333333333334,2677.666666666667,0.0,4322.333333333333,0.0,40.76563685261885,optimal
2021-02-13 02:00:00,1,34,2.0,0.0,0.0,0.1684,9.4815,6.0,0,19.6670268992732,55.0,0.17533333333333334,7000.0,0.0,0.0,0.0,40.72487121576623,optimal
2021-02-13 02:30:00,1,34,2.0,0.0,3.0,0.20566666666666664,8.379,6.0,0,19.716473994032278,55.0,0.17533333333333334,7000.0,0.0,0.0,0.0,42.10914634455046,optimal
2021-02-13 03:00:00,1,34,2.0,0.0,0.0,0.1987333333333333,9.5235,6.0,0,19.766308740246323,55.0,0.17533333333333334,7000.0,0.0,0.0,0.0,42.06703719820591,optimal
2021-02-13 03:30:00,1,34,2.0,0.0,3.0,0.18613333333333332,8.1375,6.0,0,19.81590695778424,55.0,0.17533333333333334,7000.0,0.0,0.0,0.0,43.4499701610077,optimal
2021-02-13 04:00:00,1,34,2.0,0.0,0.0,0.19206666666666664,10.0905,6.0,0,19.865050173043667,55.0,0.17533333333333334,7000.0,0.0,0.0,0.0,43.40652019084669,optimal
2021-02-13 04:30:00,1,34,2.0,0.0,3.0,0.24106666666666662,7.539,6.0,0,19.914000923094186,55.0,0.17533333333333334,7000.0,0.0,0.0,0.0,44.78811367065584,optimal
2021-02-13 05:00:00,1,34,2.0,0.0,3.0,0.1358,7.938,6.0,0,19.96322761990656,55.0,0.17533333333333334,7000.0,0.0,0.0,0.0,46.16832555698518,optimal
2021-02-13 05:30:00,1,34,2.0,0.0,3.0,0.1307333333333333,8.274,6.0,0,20.01055475192058,55.0,0.17533333333333334,7000.0,0.0,0.0,0.0,47.547157231428194,optimal
2021-02-13 06:00:00,1,34,2.0,0.0,1.2558613011442714,0.2916,9.261,6.0,0,20.057400158522686,55.0,0.17533333333333334,7000.0,0.0,0.0,0.0,48.096144192240295,optimal
2021-02-13 06:30:00,1,34,2.0,0.0,0.0,0.1034,9.9225,6.0,0,20.106104392825266,55.0,0.17533333333333334,7000.0,0.0,0.0,0.0,48.048048048048045,optimal
2021-02-13 07:00:00,1,34,2.0,0.0,0.0,0.3961,9.702,6.0,0,20.151880629146813,55.0,0.11733333333333333,7000.0,0.0,0.0,0.0,48.0,optimal
2021-02-13 07:30:00,1,34,2.0,0.0,0.0,1.3008333333333333,10.584,6.0,0,20.204330890501282,55.0,0.11333333333333333,7000.0,0.0,0.0,0.0,47.80884042963272,optimal
2021-02-13 08:00:00,1,34,2.0,0.0,0.0,0.233,10.143,6.0,0,20.25914433894808,55.0,0.108,7000.0,0.0,0.0,0.0,47.617872018835804,optimal
2021-02-13 08:30:00,1,34,0.0,0.0,0.0,0.4597333333333333,13.0095,6.0,0,20.31200760570597,55.0,0.102,0.0,0.0,0.0,0.0,47.42709457644969,optimal
2021-02-13 09:00:00,1,34,2.0,0.0,0.0,0.159,11.025,6.0,0,20.266585000092824,55.0,0.09964,7000.0,0.0,0.0,0.0,47.23650791150596,optimal
2021-02-13 09:30:00,1,34,0.0,0.0,0.0,0.47263333333333335,12.789,6.0,0,20.317616342935246,55.0,0.098,0.0,0.0,0.0,0.0,47.04611183322717,optimal
2021-02-13 10:00:00,1,34,0.9817646045879161,0.0,0.0,0.24616666666666662,12.1275,6.0,0,20.26972657533434,55.0,0.054786666666666664,3436.176116057706,0.0,0.0,0.0,46.855906151026666,optimal
2021-02-13 10:30:00,1,34,0.0,0.0,0.0,0.202,12.1695,6.0,0,20.26595813544878,55.0,0.046,0.0,0.0,0.0,0.0,46.66589067450836,optimal
2021-02-13 11:00:00,1,34,0.0,0.0,0.0,0.3642666666666666,12.306,6.0,0,20.21415239324104,55.0,0.046,0.0,0.0,0.0,0.0,46.47606521346657,optimal
2021-02-13 11:30:00,1,34,0.0,0.0,0.0,1.6438,13.23,6.0,0,20.165107054480274,55.0,0.04466666666666667,0.0,0.0,0.0,0.0,46.28642957788582,optimal
2021-02-13 12:00:00,1,34,0.0,0.0,0.0,1.1996666666666667,13.671,6.0,0,20.126867293564644,55.0,0.04133333333333333,0.0,0.0,0.0,0.0,46.096983577940655,optimal
2021-02-13 12:30:00,1,34,0.0,0.0,0.0,0.2138333333333333,13.9335,6.0,0,20.089031055055575,55.0,0.03933333333333333,0.0,0.0,0.0,0.0,45.907727023995434,optimal
2021-02-13 13:00:00,1,34,0.0,0.0,0.0,0.48036666666666666,13.293,6.0,0,20.042333206491037,55.0,0.038,0.0,0.0,0.0,0.0,45.71865972660416,optimal
2021-02-13 13:30:00,1,34,1.7514631920375965,0.0,0.0,0.40163333333333334,12.1065,6.0,0,20.0,55.0,0.038,6130.121172131588,0.0,0.0,0.0,45.529781496510275,optimal
2021-02-13 14:00:00,1,34,2.0,0.0,0.0,0.14776666666666669,11.571,6.0,0,20.045396521878143,55.0,0.037333333333333336,7000.0,0.0,0.0,0.0,45.34109214464648,optimal
2021-02-13 14:30:00,1,34,2.0,0.0,0.0,0.2774333333333333,11.025,6.0,0,20.098988743129944,55.0,0.037333333333333336,7000.0,0.0,0.0,0.0,45.152591482134554,optimal
2021-02-13 15:00:00,1,34,2.0,0.0,0.0,2.7128666666666668,10.8465,6.0,0,20.152634552358673,55.0,0.03333333333333333,7000.0,0.0,0.0,0.0,44.96427932028514,optimal
2021-02-13 15:30:00,1,34,2.0,0.0,0.0,0.5893999999999999,11.2455,6.0,0,20.22718431866672,55.0,0.03133333333333333,7000.0,0.0,0.0,0.0,44.77615547059757,optimal
2021-02-13 16:00:00,1,34,0.0,0.0,0.0,0.507,23.8665,6.0,0,20.2816855286005,55.0,0.029333333333333333,0.0,0.0,0.0,0.0,44.58821974475969,optimal
2021-02-13 16:30:00,1,34,0.0,0.0,0.0,0.1879333333333333,27.4575,6.0,0,20.241257076633694,55.0,0.026,0.0,0.0,0.0,0.0,44.40047195464765,optimal
2021-02-13 17:00:00,1,34,0.0,0.0,0.0,0.3183,27.3735,6.0,0,20.2004933918527,55.0,0.024666666666666667,0.0,0.0,0.0,0.0,44.21291191232572,optimal
2021-02-13 17:30:00,1,34,0.0,0.0,0.0,0.46863333333333335,30.4605,6.0,0,20.161304139698426,55.0,0.023333333333333334,0.0,0.0,0.0,0.0,44.025539430046116,optimal
2021-02-13 18:00:00,1,34,0.0,0.0,0.0,0.26846666666666663,30.0195,6.0,0,20.12233508779801,55.0,0.021333333333333333,0.0,0.0,0.0,0.0,43.83835432024879,optimal
2021-02-13 18:30:00,1,34,0.0,0.0,0.0,0.4864333333333333,26.9325,6.0,0,20.081756633226366,55.0,0.018666666666666668,0.0,0.0,0.0,0.0,43.65135639556126,optimal
2021-02-13 19:00:00,1,34,0.0,0.0,0.0,0.3649333333333333,14.595,6.0,0,20.041471948744025,55.0,0.014666666666666666,0.0,0.0,0.0,0.0,43.46454546879841,optimal
2021-02-13 19:30:00,1,34,0.889247391949101,0.0,0.0,0.3368333333333333,12.4845,6.0,0,20.0,55.0,0.012,3112.365871821853,0.0,0.0,0.0,43.27792135296233,optimal
2021-02-13 20:00:00,1,34,0.9483393609572477,0.0,0.0,0.17843333333333333,12.1275,6.0,0,20.0,55.0,0.012,3319.187763350367,0.0,0.0,0.0,43.09148386124209,optimal
2021-02-13 20:30:00,1,34,0.0,0.0,0.0,0.46623333333333333,12.1275,6.0,0,20.0,55.0,0.00964,0.0,0.0,0.0,0.0,42.90523280701357,optimal
2021-02-13 21:00:00,1,34,0.0,0.0,0.0,0.4286666666666667,12.789,6.0,0,19.958196047128084,55.0,0.004666666666666667,0.0,0.0,0.0,0.0,42.71916800383927,optimal
2021-02-13 21:30:00,1,34,0.0,0.0,0.0,0.2906333333333333,11.907,6.0,0,19.917753777551244,55.0,0.0,0.0,0.0,0.0,0.0,42.53328926546815,optimal
2021-02-13 22:00:00,1,34,0.17914285714285713,0.0,0.0,0.5402,11.025,6.0,0,19.874689107806013,55.0,0.0,0.0,0.0,627.0,0.0,42.49075597620268,optimal
2021-02-13 22:30:00,1,34,0.11942857142857141,0.0,0.0,0.46953333333333336,8.2005,6.0,0,19.83660449502149,55.0,0.001333333333333333,0.0,0.0,417.99999999999994,0.0,42.448265220226475,optimal
2021-02-13 23:00:00,1,34,0.0,0.0,0.0,0.5358333333333334,9.5655,6.0,0,19.79569621210465,55.0,0.0,0.0,0.0,0.0,0.0,42.405816955006244,optimal
2021-02-13 23:30:00,1,34,0.05971428571428571,0.0,0.0,0.6424,7.056,6.0,0,19.754375712030956,55.0,0.0,0.0,0.0,209.0,0.0,42.36341113805124,optimal
2021-02-07 00:00:00,2,34,0.0,0.0,0.0,0.058,9.261,6.0,0,21.0,55.0,0.12,0.0,0.0,0.0,0.0,47.952,optimal
2021-02-07 00:30:00,2,34,0.0,0.0,0.0,0.1883333333333333,10.3635,6.0,0,20.954126529411536,55.0,0.12,0.0,0.0,0.0,0.0,47.904047999999996,optimal
2021-02-07 01:00:00,2,34,0.0,0.0,0.0,0.11086666666666666,8.274,6.0,0,20.909939666741028,55.0,0.12,0.0,0.0,0.0,0.0,47.856143952,optimal
2021-02-07 01:30:00,2,34,0.0,0.0,0.0,0.058,7.7175,6.0,0,20.864505296488787,55.0,0.12,0.0,0.0,0.0,0.0,47.80828780804799,optimal
2021-02-07 02:00:00,2,34,0.0,0.0,0.0,0.2127333333333333,6.615,6.0,0,20.818312934056706,55.0,0.12,0.0,0.0,0.0,0.0,47.76047952023995,optimal
2021-02-07 02:30:00,2,34,0.0,0.0,0.0,0.08646666666666666,6.174,6.0,0,20.774291289334048,55.0,0.12,0.0,0.0,0.0,0.0,47.712719040719705,optimal
2021-02-07 03:00:00,2,34,2.0,0.0,0.0,0.28446666666666665,3.906,6.0,0,20.728333728797853,55.0,0.17333333333333334,1426.666666666667,0.0,5573.333333333333,0.0,47.66500632167899,optimal
2021-02-07 03:30:00,2,34,2.0,0.0,0.0,0.15506666666666666,2.3415,6.0,0,20.705425114855426,55.0,0.17066666666666666,7000.0,0.0,0.0,0.0,47.61734131535731,optimal
2021-02-07 04:00:00,2,34,2.0,0.0,0.0,0.056,2.205,6.0,0,20.760163211906,55.0,0.16533333333333333,7000.0,0.0,0.0,0.0,47.56972397404195,optimal
2021-02-07 04:30:00,2,34,2.0,0.0,1.4112141297153802,0.19953333333333334,0.882,6.0,0,20.814373723527567,55.0,0.16533333333333333,7000.0,0.0,0.0,0.0,48.192480961682705,optimal
2021-02-07 05:00:00,2,34,2.0,0.0,0.0,0.10113333333333334,1.5435,6.0,0,20.8697894214332,55.0,0.16533333333333333,7000.0,0.0,0.0,0.0,48.144288480721016,optimal
2021-02-07 05:30:00,2,34,2.0,0.0,0.0,0.12713333333333335,1.5435,6.0,0,20.92189675392391,55.0,0.16533333333333333,7000.0,0.0,0.0,0.0,48.096144192240295,optimal
2021-02-07 06:00:00,2,34,1.9100637343871032,0.0,0.0,0.0654,5.0715,6.0,0,20.974225499683687,55.0,0.16533333333333333,6685.223070354861,0.0,0.0,0.0,48.048048048048045,optimal
2021-02-07 06:30:00,2,34,0.0,0.0,0.0,0.2457333333333333,5.376,6.0,0,21.021539161194283,55.0,0.14133333333333334,0.0,0.0,0.0,0.0,48.0,optimal
2021-02-07 07:00:00,2,34,2.0,0.0,0.0,0.07933333333333333,5.0715,6.0,0,20.9781853841282,55.0,0.14133333333333334,7000.0,0.0,0.0,0.0,47.914752574646876,optimal
2021-02-07 07:30:00,2,34,0.0,0.0,0.0,0.111,5.5125,6.0,0,21.03503454333941,55.0,0.13866666666666666,0.0,0.0,0.0,0.0,47.829590396719105,optimal
2021-02-07 08:00:00,2,34,0.0,0.0,0.0,0.1895,9.261,6.0,0,20.9903052014459,55.0,0.132,0.0,0.0,0.0,0.0,47.744513380969266,optimal
2021-02-07 08:30:00,2,34,0.0,0.0,0.0,0.24980000000000002,11.7075,6.0,0,20.94623895240658,55.0,0.13,0.0,0.0,0.0,0.0,47.659521442235175,optimal
2021-02-07 09:00:00,2,34,0.0,0.0,0.0,1.139,12.348,6.0,0,20.90419981634778,55.0,0.12666666666666668,0.0,0.0,0.0,0.0,47.57461449543982,optimal
2021-02-07 09:30:00,2,34,0.0,0.0,0.0,0.4756,12.348,6.0,0,20.86192642953984,55.0,0.12666666666666668,0.0,0.0,0.0,0.0,47.48979245559126,optimal
2021-02-07 10:00:00,2,34,0.0,0.0,0.0,1.6156666666666668,12.1275,6.0,0,20.820479174639352,55.0,0.124,0.0,0.0,0.0,0.0,47.40505523778254,optimal
2021-02-07 10:30:00,2,34,0.0,0.0,0.0,0.11273333333333332,12.5265,6.0,0,20.7890113029228,55.0,0.124,0.0,0.0,0.0,0.0,47.32040275719164,optimal
2021-02-07 11:00:00,2,34,0.0,0.0,0.0,0.20646666666666666,11.7495,6.0,0,20.736660371542975,55.0,0.124,0.0,0.0,0.0,0.0,47.23583492908132,optimal
2021-02-07 11:30:00,2,34,0.0,0.0,0.0,0.3789333333333333,13.23,6.0,0,20.68557534078998,55.0,0.122,0.0,0.0,0.0,0.0,47.151351668799116,optimal
2021-02-07 12:00:00,2,34,0.0,0.0,0.0,0.3058666666666667,14.3325,6.0,0,20.63791424227983,55.0,0.11666666666666667,0.0,0.0,0.0,0.0,47.06695289177719,optimal
2021-02-07 12:30:00,2,34,0.0,0.0,0.0,0.2354,14.994,6.0,0,20.59201231427159,55.0,0.11066666666666666,0.0,0.0,0.0,0.0,46.982638513532294,optimal
2021-02-07 13:00:00,2,34,0.0,0.0,0.0,0.48573333333333335,14.8155,6.0,0,20.545935598983533,55.0,0.10933333333333334,0.0,0.0,0.0,0.0,46.89840844966564,optimal
2021-02-07 13:30:00,2,34,0.0,0.0,0.0,1.7747,14.112,6.0,0,20.503942013443023,55.0,0.08866666666666667,0.0,0.0,0.0,0.0,46.81426261586285,optimal
2021-02-07 14:00:00,2,34,0.0,0.0,0.0,1.5826,14.007,6.0,0,20.465723029151125,55.0,0.084,0.0,0.0,0.0,0.0,46.73020092789387,optimal
2021-02-07 14:30:00,2,34,0.0,0.0,0.0,0.4658333333333333,13.23,6.0,0,20.430542726962567,55.0,0.082,0.0,0.0,0.0,0.0,46.64622330161285,optimal
2021-02-07 15:00:00,2,34,0.0,0.0,0.0,0.4348,11.382,6.0,0,20.39313421856169,55.0,0.07466666666666667,0.0,0.0,0.0,0.0,46.56232965295811,optimal
2021-02-07 15:30:00,2,34,0.0,0.0,0.0,0.3673,11.7495,6.0,0,20.356607313600552,55.0,0.072,0.0,0.0,0.0,0.0,46.47851989795203,optimal
2021-02-07 16:00:00,2,34,0.0,0.0,0.0,0.3599333333333333,24.3285,6.0,0,20.31771924951964,55.0,0.068,0.0,0.0,0.0,0.0,46.39479395270096,optimal
2021-02-07 16:30:00,2,34,0.0,0.0,0.0,1.1765,28.917,6.0,0,20.27472461080493,55.0,0.066,0.0,0.0,0.0,0.0,46.311151733395135,optimal
2021-02-07 17:00:00,2,34,0.0,0.0,0.0,0.4653,31.3635,6.0,0,20.24633530730702,55.0,0.06266666666666666,0.0,0.0,0.0,0.0,46.227593156308615,optimal
2021-02-07 17:30:00,2,34,0.0,0.0,0.0,0.5702999999999999,33.306,6.0,0,20.208230639287493,55.0,0.05466666666666667,0.0,0.0,0.0,0.0,46.14411813779918,optimal
2021-02-07 18:00:00,2,34,0.0,0.0,0.0,0.2653333333333333,31.3425,6.0,0,20.17598334501777,55.0,0.05266666666666667,0.0,0.0,0.0,0.0,46.060726594308264,optimal
2021-02-07 18:30:00,2,34,0.0,0.0,0.0,0.333,28.2555,6.0,0,20.137913679027616,55.0,0.048,0.0,0.0,0.0,0.0,45.977418442360836,optimal
2021-02-07 19:00:00,2,34,0.0,0.0,0.0,0.9000333333333334,15.6975,6.0,0,20.10070486488001,55.0,0.028666666666666667,0.0,0.0,0.0,0.0,45.931441023918474,optimal
2021-02-07 19:30:00,2,34,0.0,0.0,0.0,0.8962333333333333,12.5475,6.0,0,20.066518957177713,55.0,0.016,0.0,0.0,0.0,0.0,45.88550958289456,optimal
2021-02-07 20:00:00,2,34,0.0,0.0,0.0,0.5283,12.0855,6.0,0,20.034342292657737,55.0,0.012,0.0,0.0,0.0,0.0,45.83962407331166,optimal
2021-02-07 20:30:00,2,34,0.0,0.0,0.0,0.5427000000000001,11.907,6.0,0,20.0,55.0,0.008,0.0,0.0,0.0,0.0,45.79378444923835,optimal
2021-02-07 21:00:00,2,34,0.0,0.0,0.0,0.4381333333333333,12.5685,6.0,0,19.967312671384114,55.0,0.003999999999999999,0.0,0.0,0.0,0.0,45.747990664789114,optimal
2021-02-07 21:30:00,2,34,0.0,0.0,0.0,0.4158,13.146,6.0,0,19.92837792196315,55.0,0.003999999999999999,0.0,0.0,0.0,0.0,45.70224267412433,optimal
2021-02-07 22:00:00,2,34,0.0,0.0,0.0,0.3638,10.584,6.0,0,19.888556804702194,55.0,0.001333333333333333,0.0,0.0,0.0,0.0,45.6565404314502,optimal
2021-02-07 22:30:00,2,34,0.0,0.0,0.0,0.3942,6.678,6.0,0,19.847416181607656,55.0,0.001333333333333333,0.0,0.0,0.0,0.0,45.61088389101875,optimal
2021-02-07 23:00:00,2,34,0.0,0.0,0.0,0.41253333333333336,7.938,6.0,0,19.807030150502555,55.0,0.001333333333333333,0.0,0.0,0.0,0.0,45.565273007127736,optimal
2021-02-07 23:30:00,2,34,0.0,0.0,0.0,0.24446666666666667,5.292,6.0,0,19.769695879071385,55.0,0.0,0.0,0.0,0.0,0.0,45.51970773412061,optimal
2021-02-08 00:00:00,2,34,2.0,0.0,0.0,0.047,5.9745,6.0,0,19.769695879071385,55.0,0.0,7000.0,0.0,0.0,0.0,45.474188026386486,optimal
2021-02-08 00:30:00,2,34,2.0,0.0,0.0,0.047,7.938,6.0,0,19.821607197043814,55.0,0.06698564593301436,0.0,0.0,7000.0,0.0,45.428713838360096,optimal
2021-02-08 01:00:00,2,34,2.0,0.0,0.0,0.07686666666666667,8.6835,6.0,0,19.774692863436282,55.0,0.1339712918660287,0.0,0.0,7000.0,0.0,45.383285124521734,optimal
2021-02-08 01:30:00,2,34,2.0,0.0,0.0,0.1814,7.665,6.0,0,19.728330223311463,55.0,0.2,100.0,0.0,6900.0,0.0,45.33790183939721,optimal
2021-02-08 02:00:00,2,34,2.0,0.0,0.0,0.047,6.7725,6.0,0,19.684840820516303,55.0,0.2,7000.0,0.0,0.0,0.0,45.292563937557816,optimal
2021-02-08 02:30:00,2,34,2.0,0.0,0.0,0.09179999999999999,5.5755,6.0,0,19.736709960541976,55.0,0.2,7000.0,0.0,0.0,0.0,45.24727137362026,optimal
2021-02-08 03:00:00,2,34,2.0,0.0,3.0,0.16646666666666668,5.0925,6.0,0,19.789205454019413,55.0,0.2,7000.0,0.0,0.0,0.0,46.62702410224664,optimal
2021-02-08 03:30:00,2,34,2.0,0.0,3.0,0.047,4.1895,6.0,0,19.842746595862803,55.0,0.2,7000.0,0.0,0.0,0.0,48.005397078144384,optimal
2021-02-08 04:00:00,2,34,2.0,0.0,0.0,0.21126666666666669,7.056,6.0,0,19.894315223399605,55.0,0.2,7000.0,0.0,0.0,0.0,47.95739168106624,optimal
2021-02-08 04:30:00,2,34,2.0,0.0,0.49442987649652387,0.047,5.271,6.0,0,19.94791670313932,55.0,0.2,7000.0,0.0,0.0,0.0,48.144288480721016,optimal
2021-02-08 05:00:00,2,34,2.0,0.0,0.0,0.047,7.938,6.0,0,19.99877469397686,55.0,0.2,7000.0,0.0,0.0,0.0,48.096144192240295,optimal
2021-02-08 05:30:00,2,34,2.0,0.0,0.0,0.1738,7.938,6.0,0,20.04921255243365,55.0,0.2,7000.0,0.0,0.0,0.0,48.048048048048045,optimal
2021-02-08 06:00:00,2,34,2.0,0.0,0.0,0.42369999999999997,11.907,6.0,0,20.10152006412386,55.0,0.18829333333333334,3377.3333333333335,0.0,3622.6666666666665,0.0,48.0,optimal
2021-02-08 06:30:00,2,34,2.0,0.0,0.0,1.4323333333333332,11.025,6.0,0,20.111720202363042,55.0,0.17266666666666666,7000.0,0.0,0.0,0.0,47.372804677831446,optimal
2021-02-08 07:00:00,2,34,2.0,0.0,0.0,0.2123333333333333,11.2875,6.0,0,20.176799013660364,55.0,0.15,7000.0,0.0,0.0,0.0,46.74623655098506,optimal
2021-02-08 07:30:00,2,34,2.0,0.0,0.0,0.30193333333333333,12.936,6.0,0,20.23553623925806,55.0,0.13333333333333333,7000.0,0.0,0.0,0.0,46.12029499226552,optimal
2021-02-08 08:00:00,2,34,2.0,0.0,0.0,0.4003,13.0095,6.0,0,20.296292454687574,55.0,0.12733333333333333,7000.0,0.0,0.0,0.0,45.494979375104705,optimal
2021-02-08 08:30:00,2,34,0.0,0.0,0.0,0.2162666666666667,13.671,6.0,0,20.36023973566843,55.0,0.12133333333333333,0.0,0.0,0.0,0.0,44.87028907356105,optimal
2021-02-08 09:00:00,2,34,0.0,0.0,0.0,0.4299,13.188,6.0,0,20.321738834889892,55.0,0.118,0.0,0.0,0.0,0.0,44.24622346231893,optimal
2021-02-08 09:30:00,2,34,0.0,0.0,0.0,0.1779,13.8495,6.0,0,20.282889080942795,55.0,0.118,0.0,0.0,0.0,0.0,43.62278191668806,optimal
2021-02-08 10:00:00,2,34,0.12830359899822513,0.0,0.0,0.23886666666666667,13.23,6.0,0,20.241629267527653,55.0,0.08733333333333332,449.06259649378796,0.0,0.0,0.0,42.99996381260282,optimal
2021-02-08 10:30:00,2,34,0.0,0.0,0.0,0.9411666666666666,13.3665,6.0,0,20.2048988795155,55.0,0.08466666666666665,0.0,0.0,0.0,0.0,42.377768526621665,optimal
2021-02-08 11:00:00,2,34,2.0,0.0,0.0,1.1412666666666669,13.0515,6.0,0,20.164036584057566,55.0,0.026,7000.0,0.0,0.0,0.0,41.75619543592649,optimal
2021-02-08 11:30:00,2,34,0.0,0.0,0.0,1.6236333333333335,13.5345,6.0,0,20.21925283260379,55.0,0.024666666666666667,0.0,0.0,0.0,0.0,41.13524391832201,optimal
2021-02-08 12:00:00,2,34,0.0,0.0,0.0,0.25516666666666665,14.154,6.0,0,20.186798935683484,55.0,0.02266666666666667,0.0,0.0,0.0,0.0,40.51491335223514,optimal
2021-02-08 12:30:00,2,34,0.0,0.0,0.0,0.4305333333333334,14.112,6.0,0,20.14057622369518,55.0,0.022,0.0,0.0,0.0,0.0,39.895203116714356,optimal
2021-02-08 13:00:00,2,34,0.0,0.0,0.0,0.2710666666666667,14.2485,6.0,0,20.098474177789782,55.0,0.020666666666666667,0.0,0.0,0.0,0.0,39.27611259142909,optimal
2021-02-08 13:30:00,2,34,2.0,0.0,0.0,1.3835666666666666,12.789,6.0,0,20.055505343119457,55.0,0.017333333333333333,7000.0,0.0,0.0,0.0,38.65764115666911,optimal
2021-02-08 14:00:00,2,34,2.0,0.0,0.0,0.9336666666666666,13.0095,6.0,0,20.115737894622,55.0,0.017333333333333333,7000.0,0.0,0.0,0.0,38.03978819334389,optimal
2021-02-08 14:30:00,2,34,2.0,0.0,0.0,0.22126666666666667,12.1275,6.0,0,20.16958772010526,55.0,0.017333333333333333,7000.0,0.0,0.0,0.0,37.42255308298199,optimal
2021-02-08 15:00:00,2,34,2.0,0.0,0.0,0.057,12.348,6.0,0,20.21875154300312,55.0,0.017333333333333333,7000.0,0.0,0.0,0.0,36.80593520773046,optimal
2021-02-08 15:30:00,2,34,2.0,0.0,0.0,0.057,12.348,6.0,0,20.264949605571086,55.0,0.017333333333333333,7000.0,0.0,0.0,0.0,36.189933950354174,optimal
2021-02-08 16:00:00,2,34,0.0,0.0,0.0,0.22126666666666667,25.389,6.0,0,20.311158256355267,55.0,0.017333333333333333,0.0,0.0,0.0,0.0,35.57454869423527,optimal
2021-02-08 16:30:00,2,34,0.0,0.0,0.0,0.057,29.1375,6.0,0,20.260898550351694,55.0,0.017333333333333333,0.0,0.0,0.0,0.0,34.95977882337248,optimal
2021-02-08 17:00:00,2,34,0.0,0.0,0.0,0.8584666666666667,30.597,6.0,0,20.20804535630484,55.0,0.017333333333333333,0.0,0.0,0.0,0.0,34.34562372238056,optimal
2021-02-08 17:30:00,2,34,0.0,0.0,0.0,0.3378,33.684,6.0,0,20.162520172409387,55.0,0.012,0.0,0.0,0.0,0.0,33.73208277648963,optimal
2021-02-08 18:00:00,2,34,0.0,0.0,0.0,0.24806666666666663,32.445,6.0,0,20.11624618452692,55.0,0.008666666666666666,0.0,0.0,0.0,0.0,33.119155371544586,optimal
2021-02-08 18:30:00,2,34,0.0,0.0,0.0,0.5825666666666667,28.917,6.0,0,20.07064753367278,55.0,0.0,0.0,0.0,0.0,0.0,32.50684089400449,optimal
2021-02-08 19:00:00,2,34,0.0,0.0,0.0,0.4628333333333333,15.876,6.0,0,20.034231661081147,55.0,0.0,0.0,0.0,0.0,0.0,32.47433405311049,optimal
2021-02-08 19:30:00,2,34,0.5968485125226127,0.0,0.0,1.6364,12.348,6.0,0,20.0,55.0,0.0,1810.303127162478,0.0,278.66666666666663,0.0,32.441859719057376,optimal
2021-02-08 20:00:00,2,34,1.499489323177691,0.0,0.0,0.3443,12.1275,6.0,0,20.0,55.0,0.012666666666666666,2391.879297788584,0.0,2856.3333333333335,0.0,32.40941785933832,optimal
2021-02-08 20:30:00,2,34,0.0,0.0,0.0,1.0833333333333333,12.348,6.0,0,20.0,55.0,0.008666666666666666,0.0,0.0,0.0,0.0,32.37700844147898,optimal
2021-02-08 21:00:00,2,34,0.0,0.0,0.0,0.39963333333333334,12.1275,6.0,0,19.961936011801516,55.0,0.002666666666666666,0.0,0.0,0.0,0.0,32.3446314330375,optimal
2021-02-08 21:30:00,2,34,0.0,0.0,0.0,0.30760000000000004,12.1275,6.0,0,19.926965267633445,55.0,0.0,0.0,0.0,0.0,0.0,32.312286801604465,optimal
2021-02-08 22:00:00,2,34,1.4132380952380952,0.0,0.0,0.32053333333333334,11.2665,6.0,0,19.888938812850437,55.0,0.0,0.0,0.0,4946.333333333333,0.0,32.27997451480286,optimal
2021-02-08 22:30:00,2,34,0.0,0.0,0.0,0.5683333333333334,10.143,6.0,0,19.847940812957695,55.0,0.0,0.0,0.0,0.0,0.0,32.24769454028806,optimal
2021-02-08 23:00:00,2,34,0.0,0.0,0.0,0.5490333333333333,11.2455,6.0,0,19.80894399444983,55.0,0.0,0.0,0.0,0.0,0.0,32.21544684574777,optimal
2021-02-08 23:30:00,2,34,0.0,0.0,0.0,0.169,11.025,6.0,0,19.76391395040718,55.0,0.0,0.0,0.0,0.0,0.0,32.183231398902024,optimal
2021-02-09 00:00:00,2,34,2.0,0.0,3.0,0.099,10.584,6.0,0,19.76391395040718,55.0,0.0,7000.0,0.0,0.0,0.0,33.57604816750312,optimal
2021-02-09 00:30:00,2,34,2.0,0.0,3.0,0.076,11.2455,6.0,0,19.81407925057399,55.0,0.06698564593301436,0.0,0.0,7000.0,0.0,34.96747211933561,optimal
2021-02-09 01:00:00,2,34,2.0,0.0,1.6979462067967546,0.08366666666666667,12.1275,6.0,0,19.765238771539295,55.0,0.1339712918660287,0.0,0.0,7000.0,0.0,35.739029095444735,optimal
2021-02-09 01:30:00,2,34,2.0,0.0,3.0,0.216,11.823,6.0,0,19.71678163785052,55.0,0.13866666666666666,6509.333333333333,0.0,490.6666666666667,0.0,37.12829006634928,optimal
2021-02-09 02:00:00,2,34,2.0,0.0,3.0,0.053,11.7705,6.0,0,19.761810509195808,55.0,0.13866666666666666,7000.0,0.0,0.0,0.0,38.51616177628293,optimal
2021-02-09 02:30:00,2,34,2.0,0.0,3.0,0.053,11.13,6.0,0,19.811054696393995,55.0,0.13866666666666666,7000.0,0.0,0.0,0.0,39.90264561450663,optimal
2021-02-09 03:00:00,2,34,2.0,0.0,3.0,0.122,11.6865,6.0,0,19.860300988495144,55.0,0.13866666666666666,7000.0,0.0,0.0,0.0,41.28774296889212,optimal
2021-02-09 03:30:00,2,34,2.0,0.0,3.0,0.17766666666666667,10.7205,6.0,0,19.91052209315002,55.0,0.13866666666666666,7000.0,0.0,0.0,0.0,42.67145522592322,optimal
2021-02-09 04:00:00,2,34,2.0,0.0,3.0,0.122,11.424,6.0,0,19.961666579226794,55.0,0.13866666666666666,7000.0,0.0,0.0,0.0,44.053783770697294,optimal
2021-02-09 04:30:00,2,34,2.0,0.0,3.0,0.10966666666666669,10.689,6.0,0,20.012162376053823,55.0,0.13866666666666666,7000.0,0.0,0.0,0.0,45.43472998692659,optimal
2021-02-09 05:00:00,2,34,2.0,0.0,3.0,0.13013333333333332,11.361,6.0,0,20.062065182526776,55.0,0.13733333333333334,7000.0,0.0,0.0,0.0,46.81429525693965,optimal
2021-02-09 05:30:00,2,34,2.0,0.0,3.0,0.149,11.571,6.0,0,20.112501614419312,55.0,0.12933333333333333,7000.0,0.0,0.0,0.0,48.192480961682705,optimal
2021-02-09 06:00:00,2,34,0.5170330793033441,0.0,0.0,0.27366666666666667,14.3745,6.0,0,20.1656879990845,55.0,0.12666666666666668,1809.6157775617041,0.0,0.0,0.0,48.144288480721016,optimal
2021-02-09 06:30:00,2,34,2.0,0.0,0.0,0.15009999999999998,13.23,6.0,0,20.149575952037598,55.0,0.122,7000.0,0.0,0.0,0.0,48.096144192240295,optimal
2021-02-09 07:00:00,2,34,2.0,0.0,0.0,0.23866666666666664,13.9755,6.0,0,20.20499532418794,55.0,0.09866666666666667,7000.0,0.0,0.0,0.0,48.048048048048045,optimal
2021-02-09 07:30:00,2,34,0.0,0.0,0.0,0.2562333333333333,14.994,6.0,0,20.262161457192274,55.0,0.078,0.0,0.0,0.0,0.0,48.0,optimal
2021-02-09 08:00:00,2,34,2.0,0.0,0.0,0.08983333333333333,13.671,6.0,0,20.220816872350056,55.0,0.078,7000.0,0.0,0.0,0.0,47.56558038208941,optimal
2021-02-09 08:30:00,2,34,0.0,0.0,0.0,0.2015,15.981,6.0,0,20.263868857541993,55.0,0.078,0.0,0.0,0.0,0.0,47.131595183796726,optimal
2021-02-09 09:00:00,2,34,0.0,0.0,0.0,0.122,15.6345,6.0,0,20.210111805091266,55.0,0.078,0.0,0.0,0.0,0.0,46.69804397070234,optimal
2021-02-09 09:30:00,2,34,0.0,0.0,0.0,0.10133333333333332,16.5375,6.0,0,20.155880199649925,55.0,0.078,0.0,0.0,0.0,0.0,46.264926308821046,optimal
2021-02-09 10:00:00,2,34,0.0,0.0,0.0,0.131,14.7735,6.0,0,20.10234376835847,55.0,0.078,0.0,0.0,0.0,0.0,45.83224176460163,optimal
2021-02-09 10:30:00,2,34,0.0,0.0,0.0,0.18866666666666662,15.2145,6.0,0,20.050344885793894,55.0,0.078,0.0,0.0,0.0,0.0,45.39998990492644,optimal
2021-02-09 11:00:00,2,34,1.0335226841799428,0.0,0.0,0.07433333333333333,14.553,6.0,0,20.0,55.0,0.078,3617.329394629799,0.0,0.0,0.0,44.96817029711092,optimal
2021-02-09 11:30:00,2,34,2.0,0.0,0.0,0.2453333333333333,14.3325,6.0,0,20.0,55.0,0.078,7000.0,0.0,0.0,0.0,44.53678250890322,optimal
2021-02-09 12:00:00,2,34,1.4601152724638196,0.0,0.0,0.063,14.595,6.0,0,20.050236398623788,55.0,0.078,5110.4034536233685,0.0,0.0,0.0,44.105826108483726,optimal
2021-02-09 12:30:00,2,34,0.0,0.0,0.0,0.20566666666666664,14.994,6.0,0,20.071351339833516,55.0,0.078,0.0,0.0,0.0,0.0,43.67530066446465,optimal
2021-02-09 13:00:00,2,34,2.0,0.0,0.0,0.114,14.3325,6.0,0,20.02223656695959,55.0,0.078,7000.0,0.0,0.0,0.0,43.24520574588959,optimal
2021-02-09 13:30:00,2,34,2.0,0.0,0.0,0.132,13.8915,6.0,0,20.07052935363012,55.0,0.078,7000.0,0.0,0.0,0.0,42.81554092223311,optimal
2021-02-09 14:00:00,2,34,2.0,0.0,0.0,0.07233333333333333,13.8915,6.0,0,20.118802150882466,55.0,0.078,7000.0,0.0,0.0,0.0,42.38630576340029,optimal
2021-02-09 14:30:00,2,34,2.0,0.0,0.0,0.1375,13.4715,6.0,0,20.167395805993312,55.0,0.076,7000.0,0.0,0.0,0.0,41.957499839726296,optimal
2021-02-09 15:00:00,2,34,2.0,0.0,0.0,0.49276666666666663,13.23,6.0,0,20.22089563918347,55.0,0.076,7000.0,0.0,0.0,0.0,41.52912272197598,optimal
2021-02-09 15:30:00,2,34,2.0,0.0,0.0,1.5445333333333333,13.8915,6.0,0,20.279417838153822,55.0,0.076,7000.0,0.0,0.0,0.0,41.101173981343415,optimal
2021-02-09 16:00:00,2,34,0.0,0.0,0.0,0.3025,26.9325,6.0,0,20.33513869938525,55.0,0.076,0.0,0.0,0.0,0.0,40.67365318945148,optimal
2021-02-09 16:30:00,2,34,0.0,0.0,0.0,0.49376666666666663,30.303,6.0,0,20.288467483987755,55.0,0.07466666666666667,0.0,0.0,0.0,0.0,40.24655991835144,optimal
2021-02-09 17:00:00,2,34,0.0,0.0,0.0,0.5566666666666666,32.886,6.0,0,20.245169631233686,55.0,0.07333333333333333,0.0,0.0,0.0,0.0,39.819893740522495,optimal
2021-02-09 17:30:00,2,34,0.0,0.0,0.0,0.42623333333333335,34.9965,6.0,0,20.20547510091471,55.0,0.072,0.0,0.0,0.0,0.0,39.393654228871384,optimal
2021-02-09 18:00:00,2,34,0.0,0.0,0.0,0.15066666666666667,33.327,6.0,0,20.164445930386893,55.0,0.06866666666666667,0.0,0.0,0.0,0.0,38.96784095673192,optimal
2021-02-09 18:30:00,2,34,0.0,0.0,0.0,0.236,31.122,6.0,0,20.12209137516939,55.0,0.06866666666666667,0.0,0.0,0.0,0.0,38.5424534978646,optimal
2021-02-09 19:00:00,2,34,0.0,0.0,0.0,0.1005,17.9025,6.0,0,20.080874164287685,55.0,0.05333333333333334,0.0,0.0,0.0,0.0,38.11749142645615,optimal
2021-02-09 19:30:00,2,34,0.0,0.0,0.0,0.2991333333333333,15.6555,6.0,0,20.038670426869597,55.0,0.02864,0.0,0.0,0.0,0.0,37.6929543171191,optimal
2021-02-09 20:00:00,2,34,0.7412009067083972,0.0,0.0,0.2887333333333333,14.553,6.0,0,20.0,55.0,0.0,2594.2031734793904,0.0,0.0,0.0,37.65526136280199,optimal
2021-02-09 20:30:00,2,34,0.0,0.0,0.0,0.5323333333333333,14.3325,6.0,0,20.0,55.0,0.0,0.0,0.0,0.0,0.0,37.617606101439186,optimal
2021-02-09 21:00:00,2,34,1.433142857142857,0.0,0.0,1.7539333333333333,13.335,6.0,0,19.96421986029826,55.0,0.0,0.0,0.0,5016.0,0.0,37.579988495337744,optimal
2021-02-09 21:30:00,2,34,0.0,0.0,0.0,1.4520666666666666,12.1275,6.0,0,19.934208896971565,55.0,0.0,0.0,0.0,0.0,0.0,37.542408506842406,optimal
2021-02-09 22:00:00,2,34,0.0,0.0,0.0,0.5227,12.2955,6.0,0,19.8986263756139,55.0,0.0,0.0,0.0,0.0,0.0,37.50486609833556,optimal
2021-02-09 22:30:00,2,34,0.0,0.0,0.0,0.2469333333333333,11.6865,6.0,0,19.860120905938604,55.0,0.0,0.0,0.0,0.0,0.0,37.467361232237224,optimal
2021-02-09 23:00:00,2,34,0.0,0.0,0.0,0.063,11.466,6.0,0,19.81560131009173,55.0,0.0,0.0,0.0,0.0,0.0,37.429893871004985,optimal
2021-02-09 23:30:00,2,34,0.0,0.0,0.0,0.132,10.8045,6.0,0,19.76657160199447,55.0,0.0,0.0,0.0,0.0,0.0,37.39246397713398,optimal
2021-02-10 00:00:00,2,34,2.0,0.0,3.0,0.044,10.8045,6.0,0,19.76657160199447,55.0,0.0,7000.0,0.0,0.0,0.0,38.78007151315684,optimal
2021-02-10 00:30:00,2,34,2.0,0.0,0.0,0.044,11.508,6.0,0,19.8153971588206,55.0,0.06698564593301436,0.0,0.0,7000.0,0.0,38.74129144164368,optimal
2021-02-10 01:00:00,2,34,2.0,0.0,0.0,0.044,11.508,6.0,0,19.765127162487985,55.0,0.09533333333333334,4037.6666666666665,0.0,2962.3333333333335,0.0,38.702550150202036,optimal
2021-02-10 01:30:00,2,34,2.0,0.0,0.0,0.044,11.508,6.0,0,19.771638857790297,55.0,0.09533333333333334,7000.0,0.0,0.0,0.0,38.66384760005183,optimal
2021-02-10 02:00:00,2,34,2.0,0.0,0.0,0.044,11.844,6.0,0,19.819614816714754,55.0,0.09533333333333334,7000.0,0.0,0.0,0.0,38.62518375245178,optimal
2021-02-10 02:30:00,2,34,2.0,0.0,2.8728804791231557,0.044,11.508,6.0,0,19.867178669581246,55.0,0.09533333333333334,7000.0,0.0,0.0,0.0,39.95117679628283,optimal
2021-02-10 03:00:00,2,34,2.0,0.0,3.0,0.044,11.508,6.0,0,19.914610059363543,55.0,0.09533333333333334,7000.0,0.0,0.0,0.0,41.33622561948654,optimal
2021-02-10 03:30:00,2,34,2.0,0.0,3.0,0.044,10.4475,6.0,0,19.961909354965073,55.0,0.09533333333333334,7000.0,0.0,0.0,0.0,42.71988939386704,optimal
2021-02-10 04:00:00,2,34,2.0,0.0,3.0,0.044,10.8675,6.0,0,20.009076924261894,55.0,0.09533333333333334,7000.0,0.0,0.0,0.0,44.102169504473174,optimal
2021-02-10 04:30:00,2,34,2.0,0.0,3.0,0.044,10.542,6.0,0,20.056113134105544,55.0,0.09533333333333334,7000.0,0.0,0.0,0.0,45.483067334968695,optimal
2021-02-10 05:00:00,2,34,2.0,0.0,3.0,0.044,11.025,6.0,0,20.102739855048046,55.0,0.09533333333333334,7000.0,0.0,0.0,0.0,46.86258426763372,optimal
2021-02-10 05:30:00,2,34,2.0,0.0,3.0,0.05266666666666666,11.025,6.0,0,20.14895822749665,55.0,0.09533333333333334,7000.0,0.0,0.0,0.0,48.240721683366075,optimal
2021-02-10 06:00:00,2,34,2.0,0.0,0.0,0.04533333333333334,14.553,6.0,0,20.19476938868263,55.0,0.09533333333333334,7000.0,0.0,0.0,0.0,48.192480961682705,optimal
2021-02-10 06:30:00,2,34,2.0,0.0,0.0,0.044,13.0935,6.0,0,20.240174472670123,55.0,0.09533333333333334,7000.0,0.0,0.0,0.0,48.144288480721016,optimal
2021-02-10 07:00:00,2,34,2.0,0.0,0.0,0.044,15.6345,6.0,0,20.286010096198513,55.0,0.09533333333333334,7000.0,0.0,0.0,0.0,48.096144192240295,optimal
2021-02-10 07:30:00,2,34,0.0,0.0,0.0,0.04366666666666666,18.102,6.0,0,20.33227506023551,55.0,0.09533333333333334,0.0,0.0,0.0,0.0,48.048048048048045,optimal
2021-02-10 08:00:00,2,34,0.0,0.0,0.0,0.4559333333333333,17.199,6.0,0,20.279938583215785,55.0,0.042,0.0,0.0,0.0,0.0,48.0,optimal
2021-02-10 08:30:00,2,34,0.0,0.0,0.0,0.09543333333333334,18.2805,6.0,0,20.237502304965357,55.0,0.03866666666666667,0.0,0.0,0.0,0.0,47.85413788045275,optimal
2021-02-10 09:00:00,2,34,0.0,0.0,0.0,0.11693333333333333,17.4615,6.0,0,20.19167413003429,55.0,0.03866666666666667,0.0,0.0,0.0,0.0,47.708421623025046,optimal
2021-02-10 09:30:00,2,34,0.0,0.0,0.0,1.5491666666666668,18.3225,6.0,0,20.14793159761289,55.0,0.037333333333333336,0.0,0.0,0.0,0.0,47.56285108185477,optimal
2021-02-10 10:00:00,2,34,0.20828217055926362,0.0,0.0,0.22386666666666669,17.094,6.0,0,20.10902892888369,55.0,0.036,728.9875969574226,0.0,0.0,0.0,47.41742611122566,optimal
2021-02-10 10:30:00,2,34,2.0,0.0,0.0,0.24530000000000002,17.094,6.0,0,20.078863652320944,55.0,0.036,7000.0,0.0,0.0,0.0,47.27214656556718,optimal
2021-02-10 11:00:00,2,34,2.0,0.0,0.0,0.5157666666666667,17.094,6.0,0,20.13559314528851,55.0,0.03266666666666666,7000.0,0.0,0.0,0.0,47.127012299454364,optimal
2021-02-10 11:30:00,2,34,0.0,0.0,0.0,0.1819,17.3565,6.0,0,20.195275081310516,55.0,0.03266666666666666,0.0,0.0,0.0,0.0,46.98202316760766,optimal
2021-02-10 12:00:00,2,34,2.0,0.0,0.0,0.054,17.115,6.0,0,20.142130589677688,55.0,0.03266666666666666,7000.0,0.0,0.0,0.0,46.8371790248928,optimal
2021-02-10 12:30:00,2,34,2.0,0.0,0.0,0.10333333333333332,17.241,6.0,0,20.187860246973205,55.0,0.03266666666666666,7000.0,0.0,0.0,0.0,46.692479726320656,optimal
2021-02-10 13:00:00,2,34,2.0,0.0,0.0,0.10796666666666668,17.094,6.0,0,20.234876978160397,55.0,0.028666666666666667,7000.0,0.0,0.0,0.0,46.54792512704709,optimal
2021-02-10 13:30:00,2,34,2.0,0.0,0.0,0.06143333333333333,16.5165,6.0,0,20.28368183188728,55.0,0.028666666666666667,7000.0,0.0,0.0,0.0,46.40351508237279,optimal
2021-02-10 14:00:00,2,34,0.0,0.0,0.0,0.12406666666666666,17.8185,6.0,0,20.334765780739332,55.0,0.028666666666666667,0.0,0.0,0.0,0.0,46.259249447743166,optimal
2021-02-10 14:30:00,2,34,2.0,0.0,0.0,0.0793,17.094,6.0,0,20.28922221128331,55.0,0.028666666666666667,7000.0,0.0,0.0,0.0,46.11512807874817,optimal
2021-02-10 15:00:00,2,34,2.0,0.0,0.0,0.28713333333333335,16.8945,6.0,0,20.346079960606843,55.0,0.028666666666666667,7000.0,0.0,0.0,0.0,45.97115083112217,optimal
2021-02-10 15:30:00,2,34,0.0,0.0,0.0,0.054,18.123,6.0,0,20.40431488154851,55.0,0.028666666666666667,0.0,0.0,0.0,0.0,45.8273175607438,optimal
2021-02-10 16:00:00,2,34,0.0,0.0,0.0,0.2864333333333333,31.647,6.0,0,20.351061586904937,55.0,0.024,0.0,0.0,0.0,0.0,45.683628123635806,optimal
2021-02-10 16:30:00,2,34,0.0,0.0,0.0,0.3543,34.9965,6.0,0,20.30792231544751,55.0,0.008666666666666666,0.0,0.0,0.0,0.0,45.54008237596492,optimal
2021-02-10 17:00:00,2,34,0.0,0.0,0.0,0.33826666666666666,34.9965,6.0,0,20.265946707420298,55.0,0.007333333333333333,0.0,0.0,0.0,0.0,45.396680174041705,optimal
2021-02-10 17:30:00,2,34,0.0,0.0,0.0,0.5388,34.9965,6.0,0,20.226784156975988,55.0,0.007333333333333333,0.0,0.0,0.0,0.0,45.25342137432041,optimal
2021-02-10 18:00:00,2,34,0.0,0.0,0.0,0.4401333333333333,34.9965,6.0,0,20.190597465103416,55.0,0.006,0.0,0.0,0.0,0.0,45.11030583339884,optimal
2021-02-10 18:30:00,2,34,0.0,0.0,0.0,0.46003333333333335,34.9965,6.0,0,20.15593613285932,55.0,0.006,0.0,0.0,0.0,0.0,44.96733340801819,optimal
2021-02-10 19:00:00,2,34,0.0,0.0,0.0,0.3723333333333333,27.741,6.0,0,20.120281784992656,55.0,0.006,0.0,0.0,0.0,0.0,44.82450395506292,optimal
2021-02-10 19:30:00,2,34,0.0,0.0,0.0,0.31,19.026,6.0,0,20.082421060159046,55.0,0.004666666666666667,0.0,0.0,0.0,0.0,44.68181733156061,optimal
2021-02-10 20:00:00,2,34,0.0,0.0,0.0,0.16526666666666667,18.7215,6.0,0,20.042611497822953,55.0,0.004,0.0,0.0,0.0,0.0,44.5392733946818,optimal
2021-02-10 20:30:00,2,34,0.0,0.0,0.0,0.22,17.4195,6.0,0,20.0,55.0,0.0,0.0,0.0,0.0,0.0,44.396872001739865,optimal
2021-02-10 21:00:00,2,34,0.0,0.0,0.0,0.3418,16.758,6.0,0,19.956816721223447,55.0,0.0,0.0,0.0,0.0,0.0,44.25461301019087,optimal
2021-02-10 21:30:00,2,34,0.11942857142857143,0.0,0.0,0.6382333333333333,14.217,6.0,0,19.91692450360323,55.0,0.0,0.0,0.0,418.0,0.0,44.11249627763343,optimal
2021-02-10 22:00:00,2,34,0.05971428571428571,0.0,0.0,0.4024666666666666,13.3665,6.0,0,19.875907275187224,55.0,0.0,0.0,0.0,209.0,0.0,43.97052166180855,optimal
2021-02-10 22:30:00,2,34,0.0,0.0,0.0,0.3722,12.789,6.0,0,19.828946893405135,55.0,0.0,0.0,0.0,0.0,0.0,43.82868902059949,optimal
2021-02-10 23:00:00,2,34,1.7118095238095234,0.0,0.0,0.2479333333333333,11.907,6.0,0,19.783637151007692,55.0,0.0,0.0,0.0,5991.333333333332,0.0,43.78486033157889,optimal
2021-02-10 23:30:00,2,34,0.0,0.0,0.0,0.10766666666666669,11.7075,6.0,0,19.736733892125542,55.0,0.0,0.0,0.0,0.0,0.0,43.74107547124731,optimal
2021-02-11 00:00:00,2,34,2.0,0.0,0.0,0.0674,11.025,6.0,0,19.736733892125542,55.0,0.0,7000.0,0.0,0.0,0.0,43.69733439577607,optimal
2021-02-11 00:30:00,2,34,2.0,0.0,0.0,1.697266666666667,12.0855,6.0,0,19.77674671556725,55.0,0.06365231259968102,0.0,0.0,7000.0,0.0,43.653637061380294,optimal
2021-02-11 01:00:00,2,34,2.0,0.0,0.0,1.890266666666667,11.6865,6.0,0,19.735148930755518,55.0,0.1306379585326954,0.0,0.0,7000.0,0.0,43.60998342431891,optimal
2021-02-11 01:30:00,2,34,2.0,0.0,0.0,0.5288333333333334,11.2245,6.0,0,19.69245197442243,55.0,0.15044200133376082,4930.477527288661,0.0,2069.522472711339,0.0,43.566373440894594,optimal
2021-02-11 02:00:00,2,34,2.0,0.0,0.0,0.25353333333333333,11.025,6.0,0,19.71205100873419,55.0,0.1311086680004275,7000.0,0.0,0.0,0.0,43.5228070674537,optimal
2021-02-11 02:30:00,2,34,2.0,0.0,3.0,0.26176666666666665,10.7835,6.0,0,19.758195967716688,55.0,0.1311086680004275,7000.0,0.0,0.0,0.0,44.90428426038624,optimal
2021-02-11 03:00:00,2,34,2.0,0.0,0.0,0.26703333333333334,11.025,6.0,0,19.803767571781606,55.0,0.1311086680004275,7000.0,0.0,0.0,0.0,44.85937997612586,optimal
2021-02-11 03:30:00,2,34,2.0,0.0,3.0,0.2006,10.584,6.0,0,19.84851460616397,55.0,0.1311086680004275,7000.0,0.0,0.0,0.0,46.23952059614973,optimal
2021-02-11 04:00:00,2,34,2.0,0.0,1.9188932088685744,0.17996666666666666,11.025,6.0,0,19.890791533518556,55.0,0.1311086680004275,7000.0,0.0,0.0,0.0,47.104755349766144,optimal
2021-02-11 04:30:00,2,34,2.0,0.0,3.0,0.1313666666666667,10.4265,6.0,0,19.92979886757196,55.0,0.1311086680004275,7000.0,0.0,0.0,0.0,48.48265059441637,optimal
2021-02-11 05:00:00,2,34,2.0,0.0,0.0,0.065,12.789,6.0,0,19.96801243939385,55.0,0.1311086680004275,7000.0,0.0,0.0,0.0,48.434167943821954,optimal
2021-02-11 05:30:00,2,34,2.0,0.0,0.0,0.212,12.684,6.0,0,20.005183997592756,55.0,0.1311086680004275,7000.0,0.0,0.0,0.0,48.38573377587813,optimal
2021-02-11 06:00:00,2,34,2.0,0.0,0.0,0.09933333333333332,16.254,6.0,0,20.04502057565323,55.0,0.1311086680004275,7000.0,0.0,0.0,0.0,48.33734804210225,optimal
2021-02-11 06:30:00,2,34,2.0,0.0,0.0,0.14106666666666667,17.64,6.0,0,20.08385415342522,55.0,0.1311086680004275,7000.0,0.0,0.0,0.0,48.289010694060146,optimal
2021-02-11 07:00:00,2,34,2.0,0.0,0.0,0.10846666666666668,19.1625,6.0,0,20.12386414691832,55.0,0.1311086680004275,7000.0,0.0,0.0,0.0,48.240721683366075,optimal
2021-02-11 07:30:00,2,34,0.0,0.0,0.0,0.17716666666666667,26.46,6.0,0,20.163999380771937,55.0,0.12844200133376082,0.0,0.0,0.0,0.0,48.192480961682705,optimal
2021-02-11 08:00:00,2,34,0.0,0.0,0.0,0.2083,20.79,6.0,0,20.107611108142812,55.0,0.08444200133376083,0.0,0.0,0.0,0.0,48.144288480721016,optimal
2021-02-11 08:30:00,2,34,0.0,0.0,0.0,0.9051666666666667,29.106,6.0,0,20.053293344570207,55.0,0.08044200133376082,0.0,0.0,0.0,0.0,48.096144192240295,optimal
2021-02-11 09:00:00,2,34,2.0,0.0,0.0,0.5005333333333334,19.1835,6.0,0,20.0,55.0,0.06276200133376084,7000.0,0.0,0.0,0.0,48.048048048048045,optimal
2021-02-11 09:30:00,2,34,0.0,0.0,0.0,2.7390333333333334,19.6665,6.0,0,20.049623236243782,55.0,0.04977533466709416,0.0,0.0,0.0,0.0,48.0,optimal
2021-02-11 10:00:00,2,34,0.4281271256512722,0.0,0.0,0.5349333333333333,19.404,6.0,0,20.019127181037565,55.0,0.04844200133376083,1498.4449397794526,0.0,0.0,0.0,47.70498787818552,optimal
2021-02-11 10:30:00,2,34,0.6479777353154367,0.0,0.0,1.6151666666666666,19.047,6.0,0,20.0,55.0,0.045775334667094165,2267.9220736040284,0.0,0.0,0.0,47.41027076849286,optimal
2021-02-11 11:00:00,2,34,2.0,0.0,0.0,0.4854,18.858,6.0,0,20.0,55.0,0.0501454460844531,6543.3233568859905,0.0,456.67664311400927,0.0,47.115848375909884,optimal
2021-02-11 11:30:00,2,34,0.0,0.0,0.0,0.5046666666666667,19.2675,6.0,0,20.045677876655986,55.0,0.04881211275111977,0.0,0.0,0.0,0.0,46.821720405719496,optimal
2021-02-11 12:00:00,2,34,0.7695549974895878,0.0,0.0,1.4085,18.963,6.0,0,20.000576635927477,55.0,0.04881211275111977,2693.4424912135573,0.0,0.0,0.0,46.5278865634993,optimal
2021-02-11 12:30:00,2,34,2.0,0.0,0.0,1.2950666666666666,18.438,6.0,0,20.0,55.0,0.08866666666666667,2486.8657824920156,0.0,4513.134217507984,0.0,46.23434655512132,optimal
2021-02-11 13:00:00,2,34,2.0,0.0,0.0,1.3802,18.7425,6.0,0,20.000644652906182,55.0,0.08666666666666667,7000.0,0.0,0.0,0.0,45.94110008675172,optimal
2021-02-11 13:30:00,2,34,2.0,0.0,0.0,0.3621666666666667,15.2145,6.0,0,20.06655295141363,55.0,0.08666666666666667,7000.0,0.0,0.0,0.0,45.64814686485049,optimal
2021-02-11 14:00:00,2,34,2.0,0.0,0.0,0.21830000000000002,17.7765,6.0,0,20.12741932653236,55.0,0.084,7000.0,0.0,0.0,0.0,45.35548659617116,optimal
2021-02-11 14:30:00,2,34,2.0,0.0,0.0,0.0978,16.758,6.0,0,20.18459517176551,55.0,0.084,7000.0,0.0,0.0,0.0,45.06311898776051,optimal
2021-02-11 15:00:00,2,34,2.0,0.0,0.0,0.2258666666666667,16.422,6.0,0,20.238743314561532,55.0,0.084,7000.0,0.0,0.0,0.0,44.77104374695827,optimal
2021-02-11 15:30:00,2,34,2.0,0.0,0.0,0.26053333333333334,16.758,6.0,0,20.291028018809488,55.0,0.06965333333333333,7000.0,0.0,0.0,0.0,44.47926058139684,optimal
2021-02-11 16:00:00,2,34,0.0,0.0,0.0,0.22703333333333334,29.358,6.0,0,20.341221425937864,55.0,0.03333333333333333,0.0,0.0,0.0,0.0,44.18776919900096,optimal
2021-02-11 16:30:00,2,34,0.0,0.0,0.0,0.43339999999999995,34.9965,6.0,0,20.294204309166194,55.0,0.030666666666666665,0.0,0.0,0.0,0.0,43.896569307987484,optimal
2021-02-11 17:00:00,2,34,0.0,0.0,0.0,1.3945999999999998,34.65,6.0,0,20.246534271090347,55.0,0.029333333333333333,0.0,0.0,0.0,0.0,43.605660616865016,optimal
2021-02-11 17:30:00,2,34,0.0,0.0,0.0,0.6146,34.9965,6.0,0,20.201051589754154,55.0,0.020666666666666667,0.0,0.0,0.0,0.0,43.315042834433676,optimal
2021-02-11 18:00:00,2,34,0.0,0.0,0.0,0.33666666666666667,34.9965,6.0,0,20.15760202101936,55.0,0.014666666666666666,0.0,0.0,0.0,0.0,43.02471566978476,optimal
2021-02-11 18:30:00,2,34,0.0,0.0,0.0,0.21680000000000002,30.4815,6.0,0,20.108796370722068,55.0,0.012666666666666666,0.0,0.0,0.0,0.0,42.734678832300496,optimal
2021-02-11 19:00:00,2,34,0.0,0.0,0.0,0.18280000000000002,21.4305,6.0,0,20.055196543347595,55.0,0.0,0.0,0.0,0.0,0.0,42.444932031653714,optimal
2021-02-11 19:30:00,2,34,1.2126675921593995,0.0,0.0,0.15713333333333332,14.3325,6.0,0,20.0,55.0,0.0,4105.003239224565,0.0,139.33333333333331,0.0,42.15547497780758,optimal
2021-02-11 20:00:00,2,34,1.2772719156532528,0.0,0.0,0.42283333333333334,13.692,6.0,0,20.0,55.0,0.002,3913.118371453051,0.0,557.3333333333334,0.0,42.11331950282977,optimal
2021-02-11 20:30:00,2,34,0.0,0.0,0.0,0.22,14.007,6.0,0,20.0,55.0,0.0,0.0,0.0,0.0,0.0,42.071206183326936,optimal
2021-02-11 21:00:00,2,34,0.0199047619047619,0.0,0.0,0.075,12.873,6.0,0,19.94294603193449,55.0,0.0,0.0,0.0,69.66666666666666,0.0,42.029134977143606,optimal
2021-02-11 21:30:00,2,34,0.09952380952380951,0.0,0.0,1.4617,12.684,6.0,0,19.88273182148602,55.0,0.0,0.0,0.0,348.3333333333333,0.0,41.987105842166464,optimal
2021-02-11 22:00:00,2,34,0.0,0.0,0.0,0.8343666666666667,12.306,6.0,0,19.834557812937668,55.0,0.0,0.0,0.0,0.0,0.0,41.9451187363243,optimal
2021-02-11 22:30:00,2,34,0.0,0.0,0.0,0.1587333333333333,10.6365,6.0,0,19.784394772130906,55.0,0.0,0.0,0.0,0.0,0.0,41.903173617587974,optimal
2021-02-11 23:00:00,2,34,0.0,0.0,0.0,0.065,11.2455,6.0,0,19.719800682483204,55.0,0.0,0.0,0.0,0.0,0.0,41.86127044397038,optimal
2021-02-11 23:30:00,2,34,0.0,0.0,0.0,0.13019999999999998,11.2455,6.0,0,19.650697751218527,55.0,0.0,0.0,0.0,0.0,0.0,41.81940917352641,optimal
2021-02-12 00:00:00,2,34,2.0,0.0,0.0,0.069,10.3635,6.0,0,19.650697751218527,55.0,0.0,7000.0,0.0,0.0,0.0,41.77758976435288,optimal
2021-02-12 00:30:00,2,34,2.0,0.0,0.0,0.25930000000000003,10.8045,6.0,0,19.679830225693483,55.0,0.032,3656.0,0.0,3344.0,0.0,41.73581217458853,optimal
2021-02-12 01:00:00,2,34,2.0,0.0,0.0,0.07383333333333333,11.025,6.0,0,19.664422921147906,55.0,0.032,7000.0,0.0,0.0,0.0,41.694076362413945,optimal
2021-02-12 01:30:00,2,34,2.0,0.0,2.532808973614426,0.16746666666666668,10.3635,6.0,0,19.69358530860962,55.0,0.032,7000.0,0.0,0.0,0.0,42.85546654851838,optimal
2021-02-12 02:00:00,2,34,2.0,0.0,0.0,0.16083333333333336,10.8045,6.0,0,19.724264952413193,55.0,0.032,7000.0,0.0,0.0,0.0,42.81261108196986,optimal
2021-02-12 02:30:00,2,34,2.0,0.0,3.0,0.12306666666666666,10.059,6.0,0,19.755044138063358,55.0,0.032,7000.0,0.0,0.0,0.0,44.19479847088789,optimal
2021-02-12 03:00:00,2,34,2.0,0.0,0.0,0.11823333333333332,10.584,6.0,0,19.78604068304094,55.0,0.032,7000.0,0.0,0.0,0.0,44.15060367241699,optimal
2021-02-12 03:30:00,2,34,2.0,0.0,3.0,0.069,9.4185,6.0,0,19.817718253001136,55.0,0.032,7000.0,0.0,0.0,0.0,45.531453068744575,optimal
2021-02-12 04:00:00,2,34,2.0,0.0,3.0,0.16566666666666666,10.3635,6.0,0,19.850563012433387,55.0,0.032,7000.0,0.0,0.0,0.0,46.910921615675825,optimal
2021-02-12 04:30:00,2,34,2.0,0.0,3.0,0.16746666666666668,9.8385,6.0,0,19.88662850644435,55.0,0.032,7000.0,0.0,0.0,0.0,48.289010694060146,optimal
2021-02-12 05:00:00,2,34,2.0,0.0,0.0,0.08833333333333333,11.067,6.0,0,19.92456840183765,55.0,0.032,7000.0,0.0,0.0,0.0,48.240721683366075,optimal
2021-02-12 05:30:00,2,34,2.0,0.0,0.0,0.14633333333333334,10.8465,6.0,0,19.96323653723351,55.0,0.032,7000.0,0.0,0.0,0.0,48.192480961682705,optimal
2021-02-12 06:00:00,2,34,2.0,0.0,0.0,0.16746666666666668,13.671,6.0,0,20.00484258916375,55.0,0.032,7000.0,0.0,0.0,0.0,48.144288480721016,optimal
2021-02-12 06:30:00,2,34,2.0,0.0,0.0,0.113,12.348,6.0,0,20.048858655309566,55.0,0.032,7000.0,0.0,0.0,0.0,48.096144192240295,optimal
2021-02-12 07:00:00,2,34,2.0,0.0,0.0,0.14573333333333333,14.3325,6.0,0,20.09218761568975,55.0,0.032,7000.0,0.0,0.0,0.0,48.048048048048045,optimal
2021-02-12 07:30:00,2,34,0.0,0.0,0.0,2.2947333333333333,15.393,6.0,0,20.136145251968575,55.0,0.027333333333333334,0.0,0.0,0.0,0.0,48.0,optimal
2021-02-12 08:00:00,2,34,2.0,0.0,0.0,0.3678666666666667,13.587,6.0,0,20.086097209429116,55.0,0.023333333333333334,7000.0,0.0,0.0,0.0,47.6713036958956,optimal
2021-02-12 08:30:00,2,34,0.0,0.0,0.0,0.22523333333333329,16.1385,6.0,0,20.130343435947967,55.0,0.006,0.0,0.0,0.0,0.0,47.342936088095314,optimal
2021-02-12 09:00:00,2,34,0.19818576639559227,0.0,0.0,1.7506666666666668,14.595,6.0,0,20.071933734890873,55.0,0.0033333333333333335,693.6501823845729,0.0,0.0,0.0,47.014896847902826,optimal
2021-02-12 09:30:00,2,34,0.0,0.0,0.0,2.0120666666666662,14.637,6.0,0,20.039410203772107,55.0,0.0,0.0,0.0,0.0,0.0,46.687185646950525,optimal
2021-02-12 10:00:00,2,34,1.091584027263586,0.0,0.0,0.45003333333333334,13.9125,6.0,0,20.0,55.0,0.0,3193.544095422551,0.0,627.0,0.0,46.35980215719918,optimal
2021-02-12 10:30:00,2,34,0.870244722659532,0.0,0.0,0.5086333333333333,13.3665,6.0,0,20.0,55.0,0.0,3045.856529308362,0.0,0.0,0.0,46.03274605093758,optimal
2021-02-12 11:00:00,2,34,2.0,0.0,0.0,0.45403333333333334,13.0095,6.0,0,20.0,55.0,0.0,6651.666666666667,0.0,348.3333333333333,0.0,45.706017000782246,optimal
2021-02-12 11:30:00,2,34,0.0,0.0,0.0,1.324,13.8915,6.0,0,20.0541496057193,55.0,0.0,0.0,0.0,0.0,0.0,45.37961467967707,optimal
2021-02-12 12:00:00,2,34,0.4953509509523747,0.0,0.0,1.6650999999999998,13.188,6.0,0,20.015196105355287,55.0,0.0,1733.7283283333115,0.0,0.0,0.0,45.053538760893,optimal
2021-02-12 12:30:00,2,34,2.0,0.0,0.0,0.36469999999999997,12.5685,6.0,0,20.0,55.0,0.03666666666666667,3168.3333333333335,0.0,3831.6666666666665,0.0,44.727788918027706,optimal
2021-02-12 13:00:00,2,34,2.0,0.0,0.0,0.17043333333333333,12.285,6.0,0,20.002408805912676,55.0,0.03666666666666667,7000.0,0.0,0.0,0.0,44.402364825005286,optimal
2021-02-12 13:30:00,2,34,2.0,0.0,0.0,0.079,11.487,6.0,0,20.051506736699665,55.0,0.03666666666666667,7000.0,0.0,0.0,0.0,44.077266156075886,optimal
2021-02-12 14:00:00,2,34,2.0,0.0,0.0,0.17566666666666667,11.802,6.0,0,20.098900473908067,55.0,0.03666666666666667,7000.0,0.0,0.0,0.0,43.75249258581542,optimal
2021-02-12 14:30:00,2,34,2.0,0.0,0.0,0.17746666666666666,11.2245,6.0,0,20.14720861507628,55.0,0.03666666666666667,7000.0,0.0,0.0,0.0,43.428043789125205,optimal
2021-02-12 15:00:00,2,34,2.0,0.0,0.0,0.166,11.025,6.0,0,20.195129100209787,55.0,0.03666666666666667,7000.0,0.0,0.0,0.0,43.10391944123168,optimal
2021-02-12 15:30:00,2,34,2.0,0.0,0.0,0.24963333333333332,11.907,6.0,0,20.242416938487562,55.0,0.03666666666666667,7000.0,0.0,0.0,0.0,42.78011921768606,optimal
2021-02-12 16:00:00,2,34,0.0,0.0,0.0,0.6991,25.83,6.0,0,20.29343104971917,55.0,0.032,0.0,0.0,0.0,0.0,42.45664279436397,optimal
2021-02-12 16:30:00,2,34,0.0,0.0,0.0,3.5724333333333336,28.035,6.0,0,20.251795340350053,55.0,0.029333333333333333,0.0,0.0,0.0,0.0,42.13348984746521,optimal
2021-02-12 17:00:00,2,34,0.0,0.0,0.0,0.6038333333333333,28.119,6.0,0,20.220473489326707,55.0,0.01632,0.0,0.0,0.0,0.0,41.81066005351335,optimal
2021-02-12 17:30:00,2,34,0.0,0.0,0.0,2.289733333333333,30.156,6.0,0,20.180006857343443,55.0,0.006666666666666667,0.0,0.0,0.0,0.0,41.48815308935544,optimal
2021-02-12 18:00:00,2,34,0.0,0.0,0.0,3.5561,29.1585,6.0,0,20.14218627465842,55.0,0.005333333333333333,0.0,0.0,0.0,0.0,41.16596863216169,optimal
2021-02-12 18:30:00,2,34,0.0,0.0,0.0,0.48333333333333334,26.712,6.0,0,20.108176949446033,55.0,0.004,0.0,0.0,0.0,0.0,40.84410635942513,optimal
2021-02-12 19:00:00,2,34,0.0,0.0,0.0,0.36519999999999997,15.435,6.0,0,20.06634222869474,55.0,0.0,0.0,0.0,0.0,0.0,40.522565948961315,optimal
2021-02-12 19:30:00,2,34,0.38081988331913624,0.0,0.0,0.35286666666666666,13.566,6.0,0,20.024356482621002,55.0,0.0,1332.8695916169768,0.0,0.0,0.0,40.20134707890796,optimal
2021-02-12 20:00:00,2,34,0.8413488847667637,0.0,0.0,0.4239333333333333,12.789,6.0,0,20.0,55.0,0.0,2875.0544300170063,0.0,69.66666666666666,0.0,39.880449427724656,optimal
2021-02-12 20:30:00,2,34,0.23885714285714285,0.0,0.0,0.3889333333333333,12.1275,6.0,0,20.0,55.0,0.004666666666666667,0.0,0.0,836.0,0.0,39.55987267419253,optimal
2021-02-12 21:00:00,2,34,0.0,0.0,0.0,0.23306666666666664,13.671,6.0,0,19.958370860607275,55.0,0.0,0.0,0.0,0.0,0.0,39.520312801518344,optimal
2021-02-12 21:30:00,2,34,0.0,0.0,0.0,0.30136666666666667,10.668,6.0,0,19.915877901233337,55.0,0.0,0.0,0.0,0.0,0.0,39.48079248871682,optimal
2021-02-12 22:00:00,2,34,0.0,0.0,0.0,0.2533,11.7285,6.0,0,19.876449302273492,55.0,0.0,0.0,0.0,0.0,0.0,39.441311696228105,optimal
2021-02-12 22:30:00,2,34,0.0,0.0,0.0,0.4909,11.025,6.0,0,19.8359347436857,55.0,0.0,0.0,0.0,0.0,0.0,39.401870384531875,optimal
2021-02-12 23:00:00,2,34,0.0,0.0,0.0,0.1607333333333333,10.689,6.0,0,19.798654627759728,55.0,0.0,0.0,0.0,0.0,0.0,39.362468514147345,optimal
2021-02-12 23:30:00,2,34,0.0,0.0,0.0,0.079,8.1585,6.0,0,19.748226875746173,55.0,0.0,0.0,0.0,0.0,0.0,39.323106045633196,optimal
2021-02-13 00:00:00,2,34,2.0,0.0,0.0,0.09353333333333332,9.3975,6.0,0,19.748226875746173,55.0,0.0,7000.0,0.0,0.0,0.0,39.28378293958756,optimal
2021-02-13 00:30:00,2,34,2.0,0.0,0.0,0.116,10.059,6.0,0,19.795114582391253,55.0,0.06698564593301436,0.0,0.0,7000.0,0.0,39.244499156647976,optimal
2021-02-13 01:00:00,2,34,2.0,0.0,0.0,0.09733333333333331,9.261,6.0,0,19.743171985886004,55.0,0.1339712918660287,0.0,0.0,7000.0,0.0,39.20525465749133,optimal
2021-02-13 01:30:00,2,34,2.0,0.0,3.0,0.10666666666666669,8.1585,6.0,0,19.691250145148782,55.0,0.2,100.0,0.0,6900.0,0.0,40.59104940283384,optimal
2021-02-13 02:00:00,2,34,2.0,0.0,0.0,0.10666666666666669,9.4815,6.0,0,19.641153456428523,55.0,0.2,7000.0,0.0,0.0,0.0,40.550458353431004,optimal
2021-02-13 02:30:00,2,34,2.0,0.0,3.0,0.06133333333333334,8.379,6.0,0,19.68860688354165,55.0,0.2,7000.0,0.0,0.0,0.0,41.93490789507757,optimal
2021-02-13 03:00:00,2,34,2.0,0.0,0.0,0.2018,9.5235,6.0,0,19.73527028122768,55.0,0.2,7000.0,0.0,0.0,0.0,41.892972987182496,optimal
2021-02-13 03:30:00,2,34,2.0,0.0,3.0,0.2048,8.1375,6.0,0,19.78457337256171,55.0,0.2,7000.0,0.0,0.0,0.0,43.27608001419531,optimal
2021-02-13 04:00:00,2,34,2.0,0.0,0.0,0.3237333333333333,10.0905,6.0,0,19.83762233830157,55.0,0.2,6651.666666666667,0.0,348.3333333333333,0.0,43.23280393418111,optimal
2021-02-13 04:30:00,2,34,2.0,0.0,3.0,0.5557000000000001,7.539,6.0,0,19.88879132294451,55.0,0.2,5119.0,0.0,1881.0,0.0,44.61457113024693,optimal
2021-02-13 05:00:00,2,34,2.0,0.0,3.0,1.1174000000000002,7.938,6.0,0,19.921380580467932,55.0,0.19364,7000.0,0.0,0.0,0.0,45.99495655911668,optimal
2021-02-13 05:30:00,2,34,2.0,0.0,3.0,0.49169999999999997,8.274,6.0,0,19.977329717855998,55.0,0.18933333333333333,7000.0,0.0,0.0,0.0,47.37396160255756,optimal
2021-02-13 06:00:00,2,34,2.0,0.0,1.721475452139002,0.09333333333333331,9.261,6.0,0,20.033586250061855,55.0,0.18933333333333333,7000.0,0.0,0.0,0.0,48.144288480721016,optimal
2021-02-13 06:30:00,2,34,2.0,0.0,0.0,0.07,9.9225,6.0,0,20.07940953002212,55.0,0.18933333333333333,7000.0,0.0,0.0,0.0,48.096144192240295,optimal
2021-02-13 07:00:00,2,34,2.0,0.0,0.0,0.308,9.702,6.0,0,20.124637009735906,55.0,0.14066666666666666,7000.0,0.0,0.0,0.0,48.048048048048045,optimal
2021-02-13 07:30:00,2,34,2.0,0.0,0.0,1.2093666666666665,10.584,6.0,0,20.177244719644253,55.0,0.136,7000.0,0.0,0.0,0.0,48.0,optimal
2021-02-13 08:00:00,2,34,2.0,0.0,0.0,0.32366666666666666,10.143,6.0,0,20.23464508230055,55.0,0.072,7000.0,0.0,0.0,0.0,47.626288690760624,optimal
2021-02-13 08:30:00,2,34,0.0,0.0,0.0,0.33353333333333335,13.0095,6.0,0,20.28874007526742,55.0,0.05599999999999999,0.0,0.0,0.0,0.0,47.25295109283049,optimal
2021-02-13 09:00:00,2,34,2.0,0.0,0.0,0.30706666666666665,11.025,6.0,0,20.243247874393678,55.0,0.047333333333333324,7000.0,0.0,0.0,0.0,46.87998683249829,optimal
2021-02-13 09:30:00,2,34,0.0,0.0,0.0,1.0872,12.789,6.0,0,20.30065463020484,55.0,0.047333333333333324,0.0,0.0,0.0,0.0,46.507395536426415,optimal
2021-02-13 10:00:00,2,34,2.0,0.0,0.0,0.24,12.1275,6.0,0,20.255175371090168,55.0,0.041999999999999996,7000.0,0.0,0.0,0.0,46.13517683165062,optimal
2021-02-13 10:30:00,2,34,1.5437684849157247,0.0,0.0,0.07,12.1695,6.0,0,20.303563150841743,55.0,0.041999999999999996,5403.189697205036,0.0,0.0,0.0,45.7633303455796,optimal
2021-02-13 11:00:00,2,34,0.0,0.0,0.0,0.154,12.306,6.0,0,20.322537035329987,55.0,0.041999999999999996,0.0,0.0,0.0,0.0,45.391855705994644,optimal
2021-02-13 11:30:00,2,34,0.0,0.0,0.0,0.07933333333333333,13.23,6.0,0,20.266774640373566,55.0,0.041999999999999996,0.0,0.0,0.0,0.0,45.020752541049276,optimal
2021-02-13 12:00:00,2,34,0.0,0.0,0.0,0.10266666666666668,13.671,6.0,0,20.210254190495398,55.0,0.041999999999999996,0.0,0.0,0.0,0.0,44.65002047926885,optimal
2021-02-13 12:30:00,2,34,0.0,0.0,0.0,0.13066666666666665,13.9335,6.0,0,20.154425948293547,55.0,0.041999999999999996,0.0,0.0,0.0,0.0,44.27965914955021,optimal
2021-02-13 13:00:00,2,34,0.0,0.0,0.0,0.09333333333333331,13.293,6.0,0,20.099426404711842,55.0,0.041999999999999996,0.0,0.0,0.0,0.0,43.90966818116129,optimal
2021-02-13 13:30:00,2,34,2.0,0.0,0.0,0.14,12.1065,6.0,0,20.044362508584964,55.0,0.041999999999999996,7000.0,0.0,0.0,0.0,43.54004720374075,optimal
2021-02-13 14:00:00,2,34,2.0,0.0,0.0,0.07,11.571,6.0,0,20.0890694129706,55.0,0.041999999999999996,7000.0,0.0,0.0,0.0,43.17079584729763,optimal
2021-02-13 14:30:00,2,34,2.0,0.0,0.0,0.154,11.025,6.0,0,20.132820860623262,55.0,0.041999999999999996,7000.0,0.0,0.0,0.0,42.801913742210964,optimal
2021-02-13 15:00:00,2,34,2.0,0.0,0.0,0.10316666666666668,10.8465,6.0,0,20.177913130810207,55.0,0.041999999999999996,7000.0,0.0,0.0,0.0,42.43340051922938,optimal
2021-02-13 15:30:00,2,34,2.0,0.0,0.0,0.07363333333333334,11.2455,6.0,0,20.22339604862676,55.0,0.041999999999999996,7000.0,0.0,0.0,0.0,42.06525580947078,optimal
2021-02-13 16:00:00,2,34,0.0,0.0,0.0,1.1753666666666667,23.8665,6.0,0,20.274285649148734,55.0,0.03666666666666666,0.0,0.0,0.0,0.0,41.697479244421935,optimal
2021-02-13 16:30:00,2,34,0.0,0.0,0.0,0.3841,27.4575,6.0,0,20.243004677706477,55.0,0.033999999999999996,0.0,0.0,0.0,0.0,41.33007045593814,optimal
2021-02-13 17:00:00,2,34,0.0,0.0,0.0,0.3742,27.3735,6.0,0,20.204396959667207,55.0,0.031999999999999994,0.0,0.0,0.0,0.0,40.96302907624283,optimal
2021-02-13 17:30:00,2,34,0.0,0.0,0.0,0.2973,30.4605,6.0,0,20.16052405212009,55.0,0.02666666666666666,0.0,0.0,0.0,0.0,40.596354737927214,optimal
2021-02-13 18:00:00,2,34,0.0,0.0,0.0,0.4492,30.0195,6.0,0,20.116227454532346,55.0,0.025999999999999995,0.0,0.0,0.0,0.0,40.23004707394991,optimal
2021-02-13 18:30:00,2,34,0.0,0.0,0.0,0.3099666666666666,26.9325,6.0,0,20.07706728078129,55.0,0.023333333333333327,0.0,0.0,0.0,0.0,39.86410571763659,optimal
2021-02-13 19:00:00,2,34,0.0,0.0,0.0,0.7151666666666666,14.595,6.0,0,20.03700617556356,55.0,0.023333333333333327,0.0,0.0,0.0,0.0,39.49853030267958,optimal
2021-02-13 19:30:00,2,34,0.7798283443300046,0.0,0.0,0.4786,12.4845,6.0,0,20.0,55.0,0.022,2729.3992051550163,0.0,0.0,0.0,39.13332046313753,optimal
2021-02-13 20:00:00,2,34,0.5984326942905551,0.0,0.0,1.4043666666666665,12.1275,6.0,0,20.0,55.0,0.020666666666666663,2094.5144300169427,0.0,0.0,0.0,38.76847583343502,optimal
2021-02-13 20:30:00,2,34,0.0,0.0,0.0,0.44976666666666665,12.1275,6.0,0,20.0,55.0,0.0,0.0,0.0,0.0,0.0,38.72970735760158,optimal
2021-02-13 21:00:00,2,34,0.0,0.0,0.0,0.3556,12.789,6.0,0,19.97027367162398,55.0,0.0,0.0,0.0,0.0,0.0,38.69097765024398,optimal
2021-02-13 21:30:00,2,34,0.0,0.0,0.0,0.39030000000000004,11.907,6.0,0,19.933842281024955,55.0,0.0,0.0,0.0,0.0,0.0,38.65228667259374,optimal
2021-02-13 22:00:00,2,34,1.2540000000000002,0.0,0.0,0.29653333333333337,11.025,6.0,0,19.89535765888731,55.0,0.0,0.0,0.0,4389.000000000001,0.0,38.613634385921145,optimal
2021-02-13 22:30:00,2,34,0.05971428571428571,0.0,0.0,0.2503333333333333,8.2005,6.0,0,19.8520417770596,55.0,0.0,0.0,0.0,209.0,0.0,38.57502075153523,optimal
2021-02-13 23:00:00,2,34,0.0,0.0,0.0,0.20886666666666667,9.5655,6.0,0,19.80735236871059,55.0,0.0,0.0,0.0,0.0,0.0,38.53644573078369,optimal
2021-02-13 23:30:00,2,34,0.0796190476190476,0.0,0.0,0.4237666666666666,7.056,6.0,0,19.762234958505562,55.0,0.0,0.0,0.0,278.66666666666663,0.0,38.497909285052906,optimal
2021-02-07 00:00:00,3,34,0.0,0.0,0.0,0.07713333333333335,9.261,6.0,0,21.0,55.0,0.12,0.0,0.0,0.0,0.0,47.952,optimal
2021-02-07 00:30:00,3,34,0.0,0.0,0.0,0.2564666666666666,10.3635,6.0,0,20.95653011859901,55.0,0.12,0.0,0.0,0.0,0.0,47.904047999999996,optimal
2021-02-07 01:00:00,3,34,0.0,0.0,0.0,0.32193333333333335,8.274,6.0,0,20.915954398439933,55.0,0.11866666666666667,0.0,0.0,0.0,0.0,47.856143952,optimal
2021-02-07 01:30:00,3,34,0.0,0.0,0.0,0.3653,7.7175,6.0,0,20.87803452356469,55.0,0.11866666666666667,0.0,0.0,0.0,0.0,47.80828780804799,optimal
2021-02-07 02:00:00,3,34,0.0,0.0,0.0,0.8206,6.615,6.0,0,20.83968064286846,55.0,0.11866666666666667,0.0,0.0,0.0,0.0,47.76047952023995,optimal
2021-02-07 02:30:00,3,34,0.0,0.0,0.0,0.237,6.174,6.0,0,20.80734507623956,55.0,0.11866666666666667,0.0,0.0,0.0,0.0,47.712719040719705,optimal
2021-02-07 03:00:00,3,34,2.0,0.0,0.0,0.3149666666666666,3.906,6.0,0,20.76857013777781,55.0,0.11733333333333333,7000.0,0.0,0.0,0.0,47.66500632167899,optimal
2021-02-07 03:30:00,3,34,2.0,0.0,0.0,0.7874,2.3415,6.0,0,20.833361532138667,55.0,0.11733333333333333,7000.0,0.0,0.0,0.0,47.61734131535731,optimal
2021-02-07 04:00:00,3,34,2.0,0.0,0.0,0.5300333333333334,2.205,6.0,0,20.906974395357807,55.0,0.11533333333333333,7000.0,0.0,0.0,0.0,47.56972397404195,optimal
2021-02-07 04:30:00,3,34,2.0,0.0,1.1071448378529387,0.215,0.882,6.0,0,20.971701920073627,55.0,0.10933333333333334,7000.0,0.0,0.0,0.0,48.048048048048045,optimal
2021-02-07 05:00:00,3,34,2.0,0.0,0.0,0.4542,1.5435,6.0,0,21.033291568718777,55.0,0.106,7000.0,0.0,0.0,0.0,48.0,optimal
2021-02-07 05:30:00,3,34,2.0,0.0,0.0,0.48519999999999996,1.5435,6.0,0,21.09802960661195,55.0,0.10266666666666667,7000.0,0.0,0.0,0.0,47.623135606336554,optimal
2021-02-07 06:00:00,3,34,0.0,0.0,0.0,0.3422,5.0715,6.0,0,21.161625916451626,55.0,0.10266666666666667,0.0,0.0,0.0,0.0,47.24664807706677,optimal
2021-02-07 06:30:00,3,34,0.0,0.0,0.0,0.103,5.376,6.0,0,21.121928083014385,55.0,0.10066666666666667,0.0,0.0,0.0,0.0,46.870537035326265,optimal
2021-02-07 07:00:00,3,34,0.12597934981444717,0.0,0.0,1.0698666666666665,5.0715,6.0,0,21.07805413366784,55.0,0.092,440.9277243505651,0.0,0.0,0.0,46.494802104627496,optimal
2021-02-07 07:30:00,3,34,0.0,0.0,0.0,1.3437666666666668,5.5125,6.0,0,21.05220222804272,55.0,0.08933333333333333,0.0,0.0,0.0,0.0,46.119442908859426,optimal
2021-02-07 08:00:00,3,34,0.0,0.0,0.0,0.3420666666666667,9.261,6.0,0,21.025100360278728,55.0,0.08466666666666667,0.0,0.0,0.0,0.0,45.74445907228712,optimal
2021-02-07 08:30:00,3,34,0.0,0.0,0.0,1.4592,11.7075,6.0,0,20.992653942050477,55.0,0.084,0.0,0.0,0.0,0.0,45.36985021955139,optimal
2021-02-07 09:00:00,3,34,0.0,0.0,0.0,0.5894333333333333,12.348,6.0,0,20.959854700196388,55.0,0.066,0.0,0.0,0.0,0.0,44.99561597566839,optimal
2021-02-07 09:30:00,3,34,0.0,0.0,0.0,0.26943333333333336,12.348,6.0,0,20.922384430602936,55.0,0.06466666666666666,0.0,0.0,0.0,0.0,44.62175596602928,optimal
2021-02-07 10:00:00,3,34,0.0,0.0,0.0,1.2734,12.1275,6.0,0,20.879183326989498,55.0,0.062,0.0,0.0,0.0,0.0,44.24826981639981,optimal
2021-02-07 10:30:00,3,34,0.0,0.0,0.0,0.33113333333333334,12.5265,6.0,0,20.834076266521876,55.0,0.05533333333333333,0.0,0.0,0.0,0.0,43.87515715291997,optimal
2021-02-07 11:00:00,3,34,0.0,0.0,0.0,0.3882,11.7495,6.0,0,20.786743935126577,55.0,0.05466666666666667,0.0,0.0,0.0,0.0,43.502417602103606,optimal
2021-02-07 11:30:00,3,34,0.0,0.0,0.0,0.16633333333333333,13.23,6.0,0,20.7401466268936,55.0,0.05466666666666667,0.0,0.0,0.0,0.0,43.130050790838055,optimal
2021-02-07 12:00:00,3,34,0.0,0.0,0.0,0.077,14.3325,6.0,0,20.689169834471382,55.0,0.05466666666666667,0.0,0.0,0.0,0.0,42.758056346383775,optimal
2021-02-07 12:30:00,3,34,0.0,0.0,0.0,0.2366,14.994,6.0,0,20.636437874136096,55.0,0.05466666666666667,0.0,0.0,0.0,0.0,42.386433896373944,optimal
2021-02-07 13:00:00,3,34,0.0,0.0,0.0,0.0846,14.8155,6.0,0,20.586102698467304,55.0,0.05466666666666667,0.0,0.0,0.0,0.0,42.015183068814125,optimal
2021-02-07 13:30:00,3,34,0.0,0.0,0.0,0.2326,14.112,6.0,0,20.53371646646782,55.0,0.05466666666666667,0.0,0.0,0.0,0.0,41.64430349208187,optimal
2021-02-07 14:00:00,3,34,0.0,0.0,0.0,0.1606,14.007,6.0,0,20.483701775288136,55.0,0.05466666666666667,0.0,0.0,0.0,0.0,41.27379479492634,optimal
2021-02-07 14:30:00,3,34,0.0,0.0,0.0,0.149,13.23,6.0,0,20.432970296989456,55.0,0.05466666666666667,0.0,0.0,0.0,0.0,40.90365660646797,optimal
2021-02-07 15:00:00,3,34,0.0,0.0,0.0,1.6282,11.382,6.0,0,20.38235582245262,55.0,0.05466666666666667,0.0,0.0,0.0,0.0,40.53388855619806,optimal
2021-02-07 15:30:00,3,34,0.0,0.0,0.0,0.6601333333333333,11.7495,6.0,0,20.34954255859683,55.0,0.05466666666666667,0.0,0.0,0.0,0.0,40.164490273978416,optimal
2021-02-07 16:00:00,3,34,0.0,0.0,0.0,0.4784,24.3285,6.0,0,20.309782374498607,55.0,0.05466666666666667,0.0,0.0,0.0,0.0,39.79546139004099,optimal
2021-02-07 16:30:00,3,34,0.0,0.0,0.0,0.378,28.917,6.0,0,20.275275454590997,55.0,0.054,0.0,0.0,0.0,0.0,39.426801534987504,optimal
2021-02-07 17:00:00,3,34,0.0,0.0,0.0,0.2794,31.3635,6.0,0,20.240406908915663,55.0,0.051333333333333335,0.0,0.0,0.0,0.0,39.05851033978907,optimal
2021-02-07 17:30:00,3,34,0.0,0.0,0.0,0.4388,33.306,6.0,0,20.201676854269227,55.0,0.050666666666666665,0.0,0.0,0.0,0.0,38.69058743578584,optimal
2021-02-07 18:00:00,3,34,0.0,0.0,0.0,0.38953333333333334,31.3425,6.0,0,20.163615290183657,55.0,0.048,0.0,0.0,0.0,0.0,38.323032454686604,optimal
2021-02-07 18:30:00,3,34,0.0,0.0,0.0,0.9108999999999999,28.2555,6.0,0,20.120949576393226,55.0,0.048,0.0,0.0,0.0,0.0,37.955845028568476,optimal
2021-02-07 19:00:00,3,34,0.0,0.0,0.0,1.3898,15.6975,6.0,0,20.09561780047997,55.0,0.04466666666666667,0.0,0.0,0.0,0.0,37.58902478987646,optimal
2021-02-07 19:30:00,3,34,0.0,0.0,0.0,1.1301333333333334,12.5475,6.0,0,20.065752737342077,55.0,0.043333333333333335,0.0,0.0,0.0,0.0,37.22257137142314,optimal
2021-02-07 20:00:00,3,34,0.0,0.0,0.0,1.1781,12.0855,6.0,0,20.034050983068187,55.0,0.043333333333333335,0.0,0.0,0.0,0.0,36.856484406388276,optimal
2021-02-07 20:30:00,3,34,0.0,0.0,0.0,0.9766,11.907,6.0,0,20.0,55.0,0.042,0.0,0.0,0.0,0.0,36.490763528318446,optimal
2021-02-07 21:00:00,3,34,0.0,0.0,0.0,0.6325666666666667,12.5685,6.0,0,19.97066294107542,55.0,0.04066666666666666,0.0,0.0,0.0,0.0,36.454272764790126,optimal
2021-02-07 21:30:00,3,34,0.0,0.0,0.0,1.634266666666667,13.146,6.0,0,19.94254887499754,55.0,0.035333333333333335,0.0,0.0,0.0,0.0,36.41781849202533,optimal
2021-02-07 22:00:00,3,34,0.0,0.0,0.0,1.2911666666666668,10.584,6.0,0,19.9256563608978,55.0,0.03333333333333333,0.0,0.0,0.0,0.0,36.38140067353331,optimal
2021-02-07 22:30:00,3,34,0.0,0.0,0.0,0.6803666666666667,6.678,6.0,0,19.901409810576332,55.0,0.03333333333333333,0.0,0.0,0.0,0.0,36.34501927285977,optimal
2021-02-07 23:00:00,3,34,0.0,0.0,0.0,0.4776,7.938,6.0,0,19.872223143810174,55.0,0.028666666666666667,0.0,0.0,0.0,0.0,36.308674253586915,optimal
2021-02-07 23:30:00,3,34,0.0,0.0,0.0,0.5423,5.292,6.0,0,19.83842664990544,55.0,0.027333333333333334,0.0,0.0,0.0,0.0,36.272365579333325,optimal
2021-02-08 00:00:00,3,34,2.0,0.0,3.0,0.054,5.9745,6.0,0,19.83842664990544,55.0,0.027333333333333334,7000.0,0.0,0.0,0.0,37.661093213753986,optimal
2021-02-08 00:30:00,3,34,2.0,0.0,0.0,0.10543333333333334,7.938,6.0,0,19.890257924575238,55.0,0.09431897926634769,0.0,0.0,7000.0,0.0,37.62343212054023,optimal
2021-02-08 01:00:00,3,34,2.0,0.0,0.0,0.21463333333333331,8.6835,6.0,0,19.84398884157236,55.0,0.11333333333333333,5013.0,0.0,1987.0,0.0,37.58580868841969,optimal
2021-02-08 01:30:00,3,34,2.0,0.0,3.0,0.15713333333333332,7.665,6.0,0,19.8700577919455,55.0,0.11333333333333333,7000.0,0.0,0.0,0.0,38.97322287973127,optimal
2021-02-08 02:00:00,3,34,2.0,0.0,3.0,0.08893333333333334,6.7725,6.0,0,19.92311562899968,55.0,0.11333333333333333,7000.0,0.0,0.0,0.0,40.35924965685153,optimal
2021-02-08 02:30:00,3,34,2.0,0.0,3.0,0.219,5.5755,6.0,0,19.974925019169213,55.0,0.11333333333333333,7000.0,0.0,0.0,0.0,41.74389040719468,optimal
2021-02-08 03:00:00,3,34,2.0,0.0,3.0,0.16926666666666668,5.0925,6.0,0,20.028562958739727,55.0,0.11333333333333333,7000.0,0.0,0.0,0.0,43.12714651678748,optimal
2021-02-08 03:30:00,3,34,2.0,0.0,3.0,0.1268,4.1895,6.0,0,20.081489661235242,55.0,0.11333333333333333,7000.0,0.0,0.0,0.0,44.509019370270686,optimal
2021-02-08 04:00:00,3,34,2.0,0.0,3.0,0.12203333333333331,7.056,6.0,0,20.13353105249986,55.0,0.11333333333333333,7000.0,0.0,0.0,0.0,45.88951035090041,optimal
2021-02-08 04:30:00,3,34,2.0,0.0,3.0,0.22836666666666666,5.271,6.0,0,20.185221066191275,55.0,0.11333333333333333,7000.0,0.0,0.0,0.0,47.2686208405495,optimal
2021-02-08 05:00:00,3,34,2.0,0.0,0.0,0.18746666666666667,7.938,6.0,0,20.23798764296913,55.0,0.11333333333333333,7000.0,0.0,0.0,0.0,47.221352219708955,optimal
2021-02-08 05:30:00,3,34,2.0,0.0,2.1438949351441376,0.0761,7.938,6.0,0,20.28975219258547,55.0,0.11333333333333333,7000.0,0.0,0.0,0.0,48.192480961682705,optimal
2021-02-08 06:00:00,3,34,2.0,0.0,0.0,0.3471,11.907,6.0,0,20.33966336372871,55.0,0.11333333333333333,7000.0,0.0,0.0,0.0,48.144288480721016,optimal
2021-02-08 06:30:00,3,34,2.0,0.0,0.0,0.7572666666666666,11.025,6.0,0,20.39311665454311,55.0,0.068,7000.0,0.0,0.0,0.0,48.096144192240295,optimal
2021-02-08 07:00:00,3,34,2.0,0.0,0.0,0.20936666666666667,11.2875,6.0,0,20.447390350304495,55.0,0.064,7000.0,0.0,0.0,0.0,48.048048048048045,optimal
2021-02-08 07:30:00,3,34,0.06995268472050739,0.0,0.0,1.6560666666666666,12.936,6.0,0,20.50159403649473,55.0,0.059333333333333335,244.83439652177586,0.0,0.0,0.0,48.0,optimal
2021-02-08 08:00:00,3,34,0.0,0.0,0.0,1.3119333333333334,13.0095,6.0,0,20.473441051996932,55.0,0.043333333333333335,0.0,0.0,0.0,0.0,47.83634189181871,optimal
2021-02-08 08:30:00,3,34,0.0,0.0,0.0,0.30060000000000003,13.671,6.0,0,20.429327388197795,55.0,0.043333333333333335,0.0,0.0,0.0,0.0,47.67284744174561,optimal
2021-02-08 09:00:00,3,34,0.0,0.0,0.0,0.064,13.188,6.0,0,20.37831821274933,55.0,0.043333333333333335,0.0,0.0,0.0,0.0,47.50951648612258,optimal
2021-02-08 09:30:00,3,34,0.0,0.0,0.0,0.1992,13.8495,6.0,0,20.3239128799897,55.0,0.043333333333333335,0.0,0.0,0.0,0.0,47.34634886145517,optimal
2021-02-08 10:00:00,3,34,0.0,0.0,0.0,0.24266666666666664,13.23,6.0,0,20.271982761022723,55.0,0.043333333333333335,0.0,0.0,0.0,0.0,47.18334440441243,optimal
2021-02-08 10:30:00,3,34,0.0,0.0,0.0,0.17893333333333333,13.3665,6.0,0,20.2227289121266,55.0,0.042666666666666665,0.0,0.0,0.0,0.0,47.020502951826735,optimal
2021-02-08 11:00:00,3,34,2.0,0.0,0.0,0.2581333333333333,13.0515,6.0,0,20.170953395616287,55.0,0.042666666666666665,7000.0,0.0,0.0,0.0,46.857824340693625,optimal
2021-02-08 11:30:00,3,34,0.0,0.0,0.0,0.18506666666666663,13.5345,6.0,0,20.21880380964265,55.0,0.042666666666666665,0.0,0.0,0.0,0.0,46.69530840817165,optimal
2021-02-08 12:00:00,3,34,0.0,0.0,0.0,0.1186,14.154,6.0,0,20.167088334270844,55.0,0.042666666666666665,0.0,0.0,0.0,0.0,46.53295499158219,optimal
2021-02-08 12:30:00,3,34,0.0,0.0,0.0,0.19416666666666663,14.112,6.0,0,20.114902285182804,55.0,0.042666666666666665,0.0,0.0,0.0,0.0,46.37076392840932,optimal
2021-02-08 13:00:00,3,34,0.0,0.0,0.0,0.2005,14.2485,6.0,0,20.064483848097883,55.0,0.042666666666666665,0.0,0.0,0.0,0.0,46.20873505629962,optimal
2021-02-08 13:30:00,3,34,2.0,0.0,0.0,0.19140000000000001,12.789,6.0,0,20.014836957345953,55.0,0.042666666666666665,7000.0,0.0,0.0,0.0,46.04686821306204,optimal
2021-02-08 14:00:00,3,34,2.0,0.0,0.0,0.2457333333333333,13.0095,6.0,0,20.06415962172365,55.0,0.042666666666666665,7000.0,0.0,0.0,0.0,45.885163236667694,optimal
2021-02-08 14:30:00,3,34,2.0,0.0,0.0,0.1802333333333333,12.1275,6.0,0,20.114392401255,55.0,0.042666666666666665,7000.0,0.0,0.0,0.0,45.72361996524974,optimal
2021-02-08 15:00:00,3,34,2.0,0.0,0.0,0.8952666666666667,12.348,6.0,0,20.163144168978324,55.0,0.04066666666666666,7000.0,0.0,0.0,0.0,45.5622382371032,optimal
2021-02-08 15:30:00,3,34,2.0,0.0,0.0,0.7400666666666668,12.348,6.0,0,20.218025490405964,55.0,0.03866666666666667,7000.0,0.0,0.0,0.0,45.40101789068481,optimal
2021-02-08 16:00:00,3,34,0.0,0.0,0.0,0.8337,25.389,6.0,0,20.274231521006396,55.0,0.03866666666666667,0.0,0.0,0.0,0.0,45.239958764612844,optimal
2021-02-08 16:30:00,3,34,0.0,0.0,0.0,0.2161,29.1375,6.0,0,20.236683276910753,55.0,0.034,0.0,0.0,0.0,0.0,45.07906069766695,optimal
2021-02-08 17:00:00,3,34,0.0,0.0,0.0,0.18419999999999997,30.597,6.0,0,20.19784303764341,55.0,0.015999999999999997,0.0,0.0,0.0,0.0,44.918323528787994,optimal
2021-02-08 17:30:00,3,34,0.0,0.0,0.0,0.7017333333333333,33.684,6.0,0,20.159176407259334,55.0,0.010666666666666665,0.0,0.0,0.0,0.0,44.75774709707792,optimal
2021-02-08 18:00:00,3,34,0.0,0.0,0.0,0.27093333333333336,32.445,6.0,0,20.118059594664302,55.0,0.006666666666666665,0.0,0.0,0.0,0.0,44.59733124179955,optimal
2021-02-08 18:30:00,3,34,0.0,0.0,0.0,1.0120333333333331,28.917,6.0,0,20.07978733397577,55.0,0.001333333333333333,0.0,0.0,0.0,0.0,44.43707580237647,optimal
2021-02-08 19:00:00,3,34,0.0,0.0,0.0,1.0975,15.876,6.0,0,20.041612697779424,55.0,0.0,0.0,0.0,0.0,0.0,44.276980618392805,optimal
2021-02-08 19:30:00,3,34,0.996912322046438,0.0,0.0,0.9015333333333332,12.348,6.0,0,20.0,55.0,0.0,3489.193127162533,0.0,0.0,0.0,44.11704552959313,optimal
2021-02-08 20:00:00,3,34,1.0882740850824655,0.0,0.0,1.1453333333333333,12.1275,6.0,0,20.0,55.0,0.006666666666666667,3112.292631121963,0.0,696.6666666666666,0.0,43.957270375882246,optimal
2021-02-08 20:30:00,3,34,0.0,0.0,0.0,0.3305,12.348,6.0,0,20.0,55.0,0.005333333333333333,0.0,0.0,0.0,0.0,43.797654997325075,optimal
2021-02-08 21:00:00,3,34,0.0,0.0,0.0,0.7606,12.1275,6.0,0,19.95602008099492,55.0,0.002,0.0,0.0,0.0,0.0,43.63819923414646,optimal
2021-02-08 21:30:00,3,34,0.0,0.0,0.0,1.0614000000000001,12.1275,6.0,0,19.91458575476175,55.0,0.0,0.0,0.0,0.0,0.0,43.47890292673103,optimal
2021-02-08 22:00:00,3,34,0.0,0.0,0.0,1.0956,11.2665,6.0,0,19.87673089604912,55.0,0.0,0.0,0.0,0.0,0.0,43.319765915623016,optimal
2021-02-08 22:30:00,3,34,0.0796190476190476,0.0,0.0,0.41910000000000003,10.143,6.0,0,19.833203019170565,55.0,0.0,0.0,0.0,278.66666666666663,0.0,43.160788041526104,optimal
2021-02-08 23:00:00,3,34,0.0,0.0,0.0,0.1426,11.2455,6.0,0,19.792601620219124,55.0,0.0,0.0,0.0,0.0,0.0,43.11762725348458,optimal
2021-02-08 23:30:00,3,34,0.0,0.0,0.0,0.17693333333333333,11.025,6.0,0,19.744759519765875,55.0,0.0,0.0,0.0,0.0,0.0,43.07450962623109,optimal
2021-02-09 00:00:00,3,34,2.0,0.0,3.0,0.065,10.584,6.0,0,19.744759519765875,55.0,0.0,7000.0,0.0,0.0,0.0,44.45643511660486,optimal
2021-02-09 00:30:00,3,34,2.0,0.0,0.0,0.065,11.2455,6.0,0,19.794460793307078,55.0,0.06698564593301436,0.0,0.0,7000.0,0.0,44.41197868148825,optimal
2021-02-09 01:00:00,3,34,2.0,0.0,0.0,0.065,12.1275,6.0,0,19.74548181777662,55.0,0.074,6267.0,0.0,733.0,0.0,44.36756670280676,optimal
2021-02-09 01:30:00,3,34,2.0,0.0,0.0,0.08483333333333333,11.823,6.0,0,19.785126256118275,55.0,0.074,7000.0,0.0,0.0,0.0,44.32319913610395,optimal
2021-02-09 02:00:00,3,34,2.0,0.0,0.0,0.11656666666666667,11.7705,6.0,0,19.83499470660111,55.0,0.074,7000.0,0.0,0.0,0.0,44.27887593696785,optimal
2021-02-09 02:30:00,3,34,2.0,0.0,2.7211961170319316,0.065,11.13,6.0,0,19.884893134760272,55.0,0.074,7000.0,0.0,0.0,0.0,45.52716521662104,optimal
2021-02-09 03:00:00,3,34,2.0,0.0,0.0,0.1364,11.6865,6.0,0,19.934064895162102,55.0,0.074,7000.0,0.0,0.0,0.0,45.481638051404424,optimal
2021-02-09 03:30:00,3,34,2.0,0.0,3.0,0.065,10.7205,6.0,0,19.984245509198413,55.0,0.074,7000.0,0.0,0.0,0.0,46.86115641335301,optimal
2021-02-09 04:00:00,3,34,2.0,0.0,0.0,0.065,11.424,6.0,0,20.033558320845778,55.0,0.074,7000.0,0.0,0.0,0.0,46.81429525693965,optimal
2021-02-09 04:30:00,3,34,2.0,0.0,3.0,0.065,10.689,6.0,0,20.083012293919182,55.0,0.074,7000.0,0.0,0.0,0.0,48.192480961682705,optimal
2021-02-09 05:00:00,3,34,2.0,0.0,0.0,0.13243333333333335,11.361,6.0,0,20.13205004473501,55.0,0.074,7000.0,0.0,0.0,0.0,48.144288480721016,optimal
2021-02-09 05:30:00,3,34,2.0,0.0,0.0,0.06896666666666666,11.571,6.0,0,20.181623360199666,55.0,0.074,7000.0,0.0,0.0,0.0,48.096144192240295,optimal
2021-02-09 06:00:00,3,34,0.0,0.0,0.0,0.06433333333333333,14.3745,6.0,0,20.230163907853846,55.0,0.074,0.0,0.0,0.0,0.0,48.048048048048045,optimal
2021-02-09 06:30:00,3,34,2.0,0.0,0.0,0.8188333333333334,13.23,6.0,0,20.18180824325475,55.0,0.07,7000.0,0.0,0.0,0.0,48.0,optimal
2021-02-09 07:00:00,3,34,2.0,0.0,0.0,2.5641333333333334,13.9755,6.0,0,20.234597845961883,55.0,0.04066666666666666,7000.0,0.0,0.0,0.0,47.872799611963636,optimal
2021-02-09 07:30:00,3,34,0.0,0.0,0.0,0.074,14.994,6.0,0,20.29295151586257,55.0,0.03666666666666667,0.0,0.0,0.0,0.0,47.74572642431531,optimal
2021-02-09 08:00:00,3,34,2.0,0.0,0.0,1.4098,13.671,6.0,0,20.246009138921593,55.0,0.034666666666666665,7000.0,0.0,0.0,0.0,47.61878030985463,optimal
2021-02-09 08:30:00,3,34,0.0,0.0,0.0,0.43689999999999996,15.981,6.0,0,20.303780627388758,55.0,0.03266666666666666,0.0,0.0,0.0,0.0,47.49196114150841,optimal
2021-02-09 09:00:00,3,34,0.0,0.0,0.0,2.0844666666666667,15.6345,6.0,0,20.260814802355746,55.0,0.032,0.0,0.0,0.0,0.0,47.36526879233054,optimal
2021-02-09 09:30:00,3,34,0.0,0.0,0.0,2.0631,16.5375,6.0,0,20.21908270900183,55.0,0.03,0.0,0.0,0.0,0.0,47.238703135501844,optimal
2021-02-09 10:00:00,3,34,0.0,0.0,0.0,0.16,14.7735,6.0,0,20.176108408005,55.0,0.028666666666666667,0.0,0.0,0.0,0.0,47.11226404432998,optimal
2021-02-09 10:30:00,3,34,0.0,0.0,0.0,2.3658,15.2145,6.0,0,20.1274382868322,55.0,0.028666666666666667,0.0,0.0,0.0,0.0,46.98595139224929,optimal
2021-02-09 11:00:00,3,34,0.0,0.0,0.0,2.2685,14.553,6.0,0,20.08260022863388,55.0,0.028666666666666667,0.0,0.0,0.0,0.0,46.85976505282068,optimal
2021-02-09 11:30:00,3,34,1.7419942491352436,0.0,0.0,0.3088,14.3325,6.0,0,20.052825412714043,55.0,0.028666666666666667,6096.979871973353,0.0,0.0,0.0,46.73370489973149,optimal
2021-02-09 12:00:00,3,34,0.0,0.0,0.0,0.2358,14.595,6.0,0,20.09180639891866,55.0,0.024666666666666667,0.0,0.0,0.0,0.0,46.6077708067954,optimal
2021-02-09 12:30:00,3,34,0.0,0.0,0.0,0.2596,14.994,6.0,0,20.045402113434285,55.0,0.02,0.0,0.0,0.0,0.0,46.481962647952244,optimal
2021-02-09 13:00:00,3,34,1.1581891203869505,0.0,0.0,0.2723,14.3325,6.0,0,20.0,55.0,0.018,4053.6619213543268,0.0,0.0,0.0,46.35628029726793,optimal
2021-02-09 13:30:00,3,34,2.0,0.0,0.0,2.849733333333333,13.8915,6.0,0,20.011930990652413,55.0,0.016,7000.0,0.0,0.0,0.0,46.2307236289343,optimal
2021-02-09 14:00:00,3,34,2.0,0.0,0.0,1.0553333333333332,13.8915,6.0,0,20.07448448499192,55.0,0.016,7000.0,0.0,0.0,0.0,46.105292517269,optimal
2021-02-09 14:30:00,3,34,2.0,0.0,0.0,0.331,13.4715,6.0,0,20.13853895224814,55.0,0.016,7000.0,0.0,0.0,0.0,45.97998683671537,optimal
2021-02-09 15:00:00,3,34,2.0,0.0,0.0,3.744433333333333,13.23,6.0,0,20.19234188771045,55.0,0.016,7000.0,0.0,0.0,0.0,45.854806461842294,optimal
2021-02-09 15:30:00,3,34,2.0,0.0,0.0,0.4630666666666667,13.8915,6.0,0,20.255977376463658,55.0,0.006666666666666667,7000.0,0.0,0.0,0.0,45.72975126734409,optimal
2021-02-09 16:00:00,3,34,0.0,0.0,0.0,0.6647333333333334,26.9325,6.0,0,20.31305971776857,55.0,0.005333333333333333,0.0,0.0,0.0,0.0,45.604821128040385,optimal
2021-02-09 16:30:00,3,34,0.0,0.0,0.0,0.8803666666666666,30.303,6.0,0,20.273683784440273,55.0,0.0019999999999999996,0.0,0.0,0.0,0.0,45.480015918875985,optimal
2021-02-09 17:00:00,3,34,0.0,0.0,0.0,2.0225333333333335,32.886,6.0,0,20.231904782292986,55.0,0.0019999999999999996,0.0,0.0,0.0,0.0,45.355335514920746,optimal
2021-02-09 17:30:00,3,34,0.0,0.0,0.0,0.38939999999999997,34.9965,6.0,0,20.19241636151937,55.0,0.0019999999999999996,0.0,0.0,0.0,0.0,45.230779791369464,optimal
2021-02-09 18:00:00,3,34,0.0,0.0,0.0,0.27013333333333334,33.327,6.0,0,20.15243536898141,55.0,0.0019999999999999996,0.0,0.0,0.0,0.0,45.106348623541734,optimal
2021-02-09 18:30:00,3,34,0.0,0.0,0.0,0.32503333333333334,31.122,6.0,0,20.114675208192605,55.0,0.001333333333333333,0.0,0.0,0.0,0.0,44.98204188688183,optimal
2021-02-09 19:00:00,3,34,0.0,0.0,0.0,0.5495,17.9025,6.0,0,20.076627047379876,55.0,0.0,0.0,0.0,0.0,0.0,44.857859456958586,optimal
2021-02-09 19:30:00,3,34,0.0,0.0,0.0,2.4403,15.6555,6.0,0,20.039011167672257,55.0,0.0,0.0,0.0,0.0,0.0,44.73380120946526,optimal
2021-02-09 20:00:00,3,34,0.8357532876607295,0.0,0.0,0.317,14.553,6.0,0,20.0,55.0,0.0,2925.1365068125533,0.0,0.0,0.0,44.60986702021943,optimal
2021-02-09 20:30:00,3,34,0.0,0.0,0.0,2.057366666666667,14.3325,6.0,0,20.0,55.0,0.0,0.0,0.0,0.0,0.0,44.48605676516285,optimal
2021-02-09 21:00:00,3,34,0.0,0.0,0.0,2.571266666666667,13.335,6.0,0,19.96703198916112,55.0,0.0,0.0,0.0,0.0,0.0,44.36237032036132,optimal
2021-02-09 21:30:00,3,34,0.17914285714285713,0.0,0.0,0.5812999999999999,12.1275,6.0,0,19.92975543563495,55.0,0.002666666666666666,0.0,0.0,627.0,0.0,44.31800795004096,optimal
2021-02-09 22:00:00,3,34,0.0,0.0,0.0,2.1431999999999998,12.2955,6.0,0,19.893817941389504,55.0,0.0,0.0,0.0,0.0,0.0,44.27368994209092,optimal
2021-02-09 22:30:00,3,34,0.0,0.0,0.0,2.7361,11.6865,6.0,0,19.859181003874614,55.0,0.0,0.0,0.0,0.0,0.0,44.22941625214883,optimal
2021-02-09 23:00:00,3,34,0.05971428571428571,0.0,0.0,0.2596666666666667,11.466,6.0,0,19.825554657674914,55.0,0.0,0.0,0.0,209.0,0.0,44.18518683589668,optimal
2021-02-09 23:30:00,3,34,0.0,0.0,0.0,0.40066666666666667,10.8045,6.0,0,19.784560414113045,55.0,0.0,0.0,0.0,0.0,0.0,44.14100164906078,optimal
2021-02-10 00:00:00,3,34,2.0,0.0,0.46773353251105143,0.038,10.8045,6.0,0,19.784560414113045,55.0,0.0,6791.0,0.0,209.0,0.0,44.31903407535447,optimal
2021-02-10 00:30:00,3,34,2.0,0.0,0.0,0.17926666666666669,11.508,6.0,0,19.8322080891639,55.0,0.06565231259968102,0.0,0.0,7000.0,0.0,44.27471504127911,optimal
2021-02-10 01:00:00,3,34,2.0,0.0,0.0,0.04,11.508,6.0,0,19.787084249594834,55.0,0.1326379585326954,0.0,0.0,7000.0,0.0,44.23044032623783,optimal
2021-02-10 01:30:00,3,34,2.0,0.0,0.0,0.1072,11.508,6.0,0,19.736541302153693,55.0,0.19933333333333333,30.33333333333303,0.0,6969.666666666667,0.0,44.186209885911595,optimal
2021-02-10 02:00:00,3,34,2.0,0.0,0.0,0.04,11.844,6.0,0,19.687235575552027,55.0,0.19933333333333333,7000.0,0.0,0.0,0.0,44.14202367602567,optimal
2021-02-10 02:30:00,3,34,2.0,0.0,0.0,0.04,11.508,6.0,0,19.735094792408123,55.0,0.19933333333333333,7000.0,0.0,0.0,0.0,44.09788165234964,optimal
2021-02-10 03:00:00,3,34,2.0,0.0,0.0,0.06986666666666666,11.508,6.0,0,19.78282072360526,55.0,0.19933333333333333,7000.0,0.0,0.0,0.0,44.053783770697294,optimal
2021-02-10 03:30:00,3,34,2.0,0.0,3.0,0.07733333333333332,10.4475,6.0,0,19.830834779616676,55.0,0.19933333333333333,7000.0,0.0,0.0,0.0,45.43472998692659,optimal
2021-02-10 04:00:00,3,34,2.0,0.0,3.0,0.08126666666666667,10.8675,6.0,0,19.87882037856914,55.0,0.19933333333333333,7000.0,0.0,0.0,0.0,46.81429525693965,optimal
2021-02-10 04:30:00,3,34,2.0,0.0,3.0,0.0736,10.542,6.0,0,19.9266197099846,55.0,0.19933333333333333,7000.0,0.0,0.0,0.0,48.192480961682705,optimal
2021-02-10 05:00:00,3,34,2.0,0.0,0.0,0.04,11.025,6.0,0,19.974007427241368,55.0,0.19933333333333333,7000.0,0.0,0.0,0.0,48.144288480721016,optimal
2021-02-10 05:30:00,3,34,2.0,0.0,0.0,0.1402,11.025,6.0,0,20.02051100747659,55.0,0.19933333333333333,7000.0,0.0,0.0,0.0,48.096144192240295,optimal
2021-02-10 06:00:00,3,34,2.0,0.0,0.0,1.095,14.553,6.0,0,20.068315174590182,55.0,0.19333333333333333,7000.0,0.0,0.0,0.0,48.048048048048045,optimal
2021-02-10 06:30:00,3,34,2.0,0.0,0.0,3.0564666666666667,13.0935,6.0,0,20.121536664560224,55.0,0.17898666666666666,7000.0,0.0,0.0,0.0,48.0,optimal
2021-02-10 07:00:00,3,34,2.0,0.0,0.0,0.6109333333333333,15.6345,6.0,0,20.176488500379293,55.0,0.14866666666666667,7000.0,0.0,0.0,0.0,47.619075634660646,optimal
2021-02-10 07:30:00,3,34,0.0,0.0,0.0,0.404,18.102,6.0,0,20.227624027588327,55.0,0.12266666666666666,0.0,0.0,0.0,0.0,47.23853219368664,optimal
2021-02-10 08:00:00,3,34,0.0,0.0,0.0,0.6179333333333333,17.199,6.0,0,20.183438711900298,55.0,0.11666666666666667,0.0,0.0,0.0,0.0,46.8583692961536,optimal
2021-02-10 08:30:00,3,34,0.0,0.0,0.0,1.8644333333333327,18.2805,6.0,0,20.136448401850668,55.0,0.11266666666666666,0.0,0.0,0.0,0.0,46.4785865615181,optimal
2021-02-10 09:00:00,3,34,0.0,0.0,0.0,0.184,17.4615,6.0,0,20.092296913771374,55.0,0.108,0.0,0.0,0.0,0.0,46.09918360961723,optimal
2021-02-10 09:30:00,3,34,0.0,0.0,0.0,2.5287333333333333,18.3225,6.0,0,20.04540521701778,55.0,0.106,0.0,0.0,0.0,0.0,45.72016006066826,optimal
2021-02-10 10:00:00,3,34,1.765290879292142,0.0,0.0,0.5245333333333333,17.094,6.0,0,20.006246461255316,55.0,0.056666666666666664,6178.518077522497,0.0,0.0,0.0,45.34151553526824,optimal
2021-02-10 10:30:00,3,34,2.0,0.0,0.0,0.22856666666666664,17.094,6.0,0,20.05248903486692,55.0,0.056,7000.0,0.0,0.0,0.0,44.96324965439362,optimal
2021-02-10 11:00:00,3,34,2.0,0.0,0.0,1.6967999999999999,17.094,6.0,0,20.104949636406243,55.0,0.03866666666666667,7000.0,0.0,0.0,0.0,44.58536203939988,optimal
2021-02-10 11:30:00,3,34,0.0,0.0,0.0,0.4073333333333333,17.3565,6.0,0,20.1726972051838,55.0,0.03866666666666667,0.0,0.0,0.0,0.0,44.20785231202113,optimal
2021-02-10 12:00:00,3,34,2.0,0.0,0.0,1.0271333333333335,17.115,6.0,0,20.128264941629425,55.0,0.03,7000.0,0.0,0.0,0.0,43.83072009436977,optimal
2021-02-10 12:30:00,3,34,2.0,0.0,0.0,2.184466666666667,17.241,6.0,0,20.1860110297311,55.0,0.027333333333333334,7000.0,0.0,0.0,0.0,43.45396500893605,optimal
2021-02-10 13:00:00,3,34,2.0,0.0,0.0,0.4806666666666667,17.094,6.0,0,20.24426864480289,55.0,0.026,7000.0,0.0,0.0,0.0,43.077586678587764,optimal
2021-02-10 13:30:00,3,34,2.0,0.0,0.0,0.198,16.5165,6.0,0,20.299993081555087,55.0,0.025333333333333333,7000.0,0.0,0.0,0.0,42.701584726569834,optimal
2021-02-10 14:00:00,3,34,0.0,0.0,0.0,0.205,17.8185,6.0,0,20.35214905011203,55.0,0.022,0.0,0.0,0.0,0.0,42.32595877650391,optimal
2021-02-10 14:30:00,3,34,2.0,0.0,0.0,0.13933333333333334,17.094,6.0,0,20.30711532204424,55.0,0.020666666666666667,7000.0,0.0,0.0,0.0,41.95070845238806,optimal
2021-02-10 15:00:00,3,34,2.0,0.0,0.0,0.22319999999999998,16.8945,6.0,0,20.35868656386694,55.0,0.019333333333333334,7000.0,0.0,0.0,0.0,41.575833378596315,optimal
2021-02-10 15:30:00,3,34,0.0,0.0,0.0,0.2155,18.123,6.0,0,20.409925130613384,55.0,0.016,0.0,0.0,0.0,0.0,41.201333179878375,optimal
2021-02-10 16:00:00,3,34,0.0,0.0,0.0,0.41743333333333327,31.647,6.0,0,20.36628607546801,55.0,0.016,0.0,0.0,0.0,0.0,40.82720748135915,optimal
2021-02-10 16:30:00,3,34,0.0,0.0,0.0,0.38153333333333334,34.9965,6.0,0,20.327744294976004,55.0,0.012666666666666666,0.0,0.0,0.0,0.0,40.453455908538444,optimal
2021-02-10 17:00:00,3,34,0.0,0.0,0.0,1.7079000000000002,34.9965,6.0,0,20.287854393219853,55.0,0.009333333333333334,0.0,0.0,0.0,0.0,40.08007808729056,optimal
2021-02-10 17:30:00,3,34,0.0,0.0,0.0,4.6061000000000005,34.9965,6.0,0,20.248249827950417,55.0,0.005333333333333333,0.0,0.0,0.0,0.0,39.70707364386392,optimal
2021-02-10 18:00:00,3,34,0.0,0.0,0.0,1.9700666666666664,34.9965,6.0,0,20.226299612340785,55.0,0.004666666666666667,0.0,0.0,0.0,0.0,39.334442204880716,optimal
2021-02-10 18:30:00,3,34,0.0,0.0,0.0,1.2699666666666667,34.9965,6.0,0,20.18634672272967,55.0,0.002666666666666666,0.0,0.0,0.0,0.0,38.96218339733649,optimal
2021-02-10 19:00:00,3,34,0.0,0.0,0.0,1.5391333333333335,27.741,6.0,0,20.13997540721022,55.0,0.0019999999999999996,0.0,0.0,0.0,0.0,38.590296848599806,optimal
2021-02-10 19:30:00,3,34,0.0,0.0,0.0,1.3892,19.026,6.0,0,20.09593221134784,55.0,0.0006666666666666665,0.0,0.0,0.0,0.0,38.21878218641186,optimal
2021-02-10 20:00:00,3,34,0.0,0.0,0.0,0.2857333333333333,18.7215,6.0,0,20.049793867224313,55.0,0.0,0.0,0.0,0.0,0.0,37.8476390388861,optimal
2021-02-10 20:30:00,3,34,0.0,0.0,0.0,2.093866666666667,17.4195,6.0,0,20.0,55.0,0.0,0.0,0.0,0.0,0.0,37.47686703450786,optimal
2021-02-10 21:00:00,3,34,0.0,0.0,0.0,0.2634666666666666,16.758,6.0,0,19.952383027244625,55.0,0.0,0.0,0.0,0.0,0.0,37.10646580213401,optimal
2021-02-10 21:30:00,3,34,0.0,0.0,0.0,2.1230666666666664,14.217,6.0,0,19.90040495070284,55.0,0.0,0.0,0.0,0.0,0.0,36.73643497099253,optimal
2021-02-10 22:00:00,3,34,1.3535238095238094,0.0,0.0,0.198,13.3665,6.0,0,19.847878173875227,55.0,0.0,0.0,0.0,4737.333333333333,0.0,36.36677417068219,optimal
2021-02-10 22:30:00,3,34,0.0,0.0,0.0,0.2700666666666667,12.789,6.0,0,19.79101684497698,55.0,0.0,0.0,0.0,0.0,0.0,35.997483031172166,optimal
2021-02-10 23:00:00,3,34,0.0,0.0,0.0,0.24796666666666667,11.907,6.0,0,19.73473836913434,55.0,0.0,0.0,0.0,0.0,0.0,35.96148554814099,optimal
2021-02-10 23:30:00,3,34,0.0,0.0,0.0,0.5348999999999999,11.7075,6.0,0,19.67816192168826,55.0,0.0,0.0,0.0,0.0,0.0,35.92552406259285,optimal
2021-02-11 00:00:00,3,34,2.0,0.0,3.0,0.9869666666666668,11.025,6.0,0,19.67816192168826,55.0,0.0,2053.666666666667,0.0,4946.333333333333,0.0,37.314598538530255,optimal
2021-02-11 00:30:00,3,34,2.0,0.0,0.0,1.619733333333333,12.0855,6.0,0,19.649692438900264,55.0,0.06698564593301436,0.0,0.0,7000.0,0.0,37.277283939991726,optimal
2021-02-11 01:00:00,3,34,2.0,0.0,2.8912910983085958,0.2053,11.6865,6.0,0,19.600208060093074,55.0,0.12095795853269538,0.0,0.0,7000.0,0.0,38.61336992774831,optimal
2021-02-11 01:30:00,3,34,2.0,0.0,3.0,0.09256666666666666,11.2245,6.0,0,19.545724088550177,55.0,0.1463183248360544,4349.8417212989825,0.0,2650.158278701018,0.0,39.999756557820554,optimal
2021-02-11 02:00:00,3,34,2.0,0.0,3.0,0.069,11.025,6.0,0,19.547448933385784,55.0,0.1463183248360544,7000.0,0.0,0.0,0.0,41.38475680126273,optimal
2021-02-11 02:30:00,3,34,2.0,0.0,3.0,0.28903333333333336,10.7835,6.0,0,19.58619681741701,55.0,0.0959983248360544,7000.0,0.0,0.0,0.0,42.768372044461465,optimal
2021-02-11 03:00:00,3,34,2.0,0.0,3.0,0.15883333333333335,11.025,6.0,0,19.628683634239252,55.0,0.0959983248360544,7000.0,0.0,0.0,0.0,44.15060367241699,optimal
2021-02-11 03:30:00,3,34,2.0,0.0,3.0,0.15483333333333335,10.584,6.0,0,19.672543312724535,55.0,0.0959983248360544,7000.0,0.0,0.0,0.0,45.531453068744575,optimal
2021-02-11 04:00:00,3,34,2.0,0.0,3.0,0.17796666666666666,11.025,6.0,0,19.71229208047253,55.0,0.0959983248360544,7000.0,0.0,0.0,0.0,46.910921615675825,optimal
2021-02-11 04:30:00,3,34,2.0,0.0,3.0,0.09256666666666666,10.4265,6.0,0,19.75295250545122,55.0,0.0959983248360544,7000.0,0.0,0.0,0.0,48.289010694060146,optimal
2021-02-11 05:00:00,3,34,2.0,0.0,0.0,0.22193333333333332,12.789,6.0,0,19.792295783878057,55.0,0.0959983248360544,7000.0,0.0,0.0,0.0,48.240721683366075,optimal
2021-02-11 05:30:00,3,34,2.0,0.0,0.0,0.0873,12.684,6.0,0,19.83335321349138,55.0,0.0959983248360544,7000.0,0.0,0.0,0.0,48.192480961682705,optimal
2021-02-11 06:00:00,3,34,2.0,0.0,0.0,0.1361,16.254,6.0,0,19.873094572171887,55.0,0.0959983248360544,7000.0,0.0,0.0,0.0,48.144288480721016,optimal
2021-02-11 06:30:00,3,34,2.0,0.0,0.0,0.19863333333333333,17.64,6.0,0,19.914109439347367,55.0,0.0959983248360544,7000.0,0.0,0.0,0.0,48.096144192240295,optimal
2021-02-11 07:00:00,3,34,2.0,0.0,0.0,1.0804,19.1625,6.0,0,19.957109471239175,55.0,0.08866499150272106,7000.0,0.0,0.0,0.0,48.048048048048045,optimal
2021-02-11 07:30:00,3,34,0.874483272301873,0.0,0.0,0.25006666666666666,26.46,6.0,0,20.00438309846288,55.0,0.08199832483605439,3060.6914530565555,0.0,0.0,0.0,48.0,optimal
2021-02-11 08:00:00,3,34,2.0,0.0,0.0,0.34703333333333336,20.79,6.0,0,20.0,55.0,0.03067381320274469,6266.184799014198,0.0,733.8152009858022,0.0,47.76946193789309,optimal
2021-02-11 08:30:00,3,34,0.0,0.0,0.0,1.6286666666666667,29.106,6.0,0,20.04261398779419,55.0,0.02302047986941136,0.0,0.0,0.0,0.0,47.53915441384829,optimal
2021-02-11 09:00:00,3,34,2.0,0.0,0.0,0.5066666666666667,19.1835,6.0,0,20.0,55.0,0.0,3344.6401463534885,0.0,3655.359853646512,0.0,47.30907719732753,optimal
2021-02-11 09:30:00,3,34,0.5540196960378873,0.0,0.0,2.294366666666667,19.6665,6.0,0,20.0,55.0,0.0,1730.0689361326054,0.0,209.0,0.0,47.0792300580233,optimal
2021-02-11 10:00:00,3,34,0.9105725879331703,0.0,0.0,1.9720666666666664,19.404,6.0,0,20.0,55.0,0.0,2838.6707244327627,0.0,348.3333333333333,0.0,46.84961276585837,optimal
2021-02-11 10:30:00,3,34,0.9249785640168382,0.0,0.0,0.4542,19.047,6.0,0,20.0,55.0,0.0,3237.4249740589335,0.0,0.0,0.0,46.6202250909856,optimal
2021-02-11 11:00:00,3,34,2.0,0.0,0.0,1.4454,18.858,6.0,0,20.001379508419124,55.0,0.0,7000.0,0.0,0.0,0.0,46.39106680378771,optimal
2021-02-11 11:30:00,3,34,0.0,0.0,0.0,0.16576666666666667,19.2675,6.0,0,20.05330973544939,55.0,0.0,0.0,0.0,0.0,0.0,46.162137674877016,optimal
2021-02-11 12:00:00,3,34,1.0326854993648065,0.0,0.0,0.16703333333333334,18.963,6.0,0,20.0,55.0,0.0,3614.399247776823,0.0,0.0,0.0,45.93343747509523,optimal
2021-02-11 12:30:00,3,34,2.0,0.0,0.0,0.0873,18.438,6.0,0,20.0,55.0,0.020312311699120688,4877.363427441887,0.0,2122.636572558112,0.0,45.70496597551323,optimal
2021-02-11 13:00:00,3,34,1.3829491897455095,0.0,0.0,0.2455,18.7425,6.0,0,20.01849057630623,55.0,0.020312311699120688,4840.322164109283,0.0,0.0,0.0,45.476722947430815,optimal
2021-02-11 13:30:00,3,34,2.0,0.0,0.0,0.069,15.2145,6.0,0,20.040390354992837,55.0,0.020312311699120688,7000.0,0.0,0.0,0.0,45.248708162376474,optimal
2021-02-11 14:00:00,3,34,2.0,0.0,0.0,0.1296,17.7765,6.0,0,20.09046508663383,55.0,0.020312311699120688,7000.0,0.0,0.0,0.0,45.02092139210719,optimal
2021-02-11 14:30:00,3,34,2.0,0.0,0.0,0.2032,16.758,6.0,0,20.14154526606286,55.0,0.020312311699120688,7000.0,0.0,0.0,0.0,44.793362408608175,optimal
2021-02-11 15:00:00,3,34,2.0,0.0,0.0,0.12286666666666667,16.422,6.0,0,20.19254601721211,55.0,0.020312311699120688,7000.0,0.0,0.0,0.0,44.56603098409266,optimal
2021-02-11 15:30:00,3,34,2.0,0.0,0.0,0.358,16.758,6.0,0,20.241193050826432,55.0,0.020312311699120688,7000.0,0.0,0.0,0.0,44.33892689100166,optimal
2021-02-11 16:00:00,3,34,0.0,0.0,0.0,2.560766666666667,29.358,6.0,0,20.292770507247734,55.0,0.020312311699120688,0.0,0.0,0.0,0.0,44.112049902003754,optimal
2021-02-11 16:30:00,3,34,0.0,0.0,0.0,1.5928,34.9965,6.0,0,20.265363740199028,55.0,0.018978978365787356,0.0,0.0,0.0,0.0,43.88539978999484,optimal
2021-02-11 17:00:00,3,34,0.0,0.0,0.0,2.7514333333333334,34.65,6.0,0,20.217790092664767,55.0,0.014978978365787356,0.0,0.0,0.0,0.0,43.65897632809794,optimal
2021-02-11 17:30:00,3,34,0.0,0.0,0.0,3.004266666666667,34.9965,6.0,0,20.17514442394762,55.0,0.012978978365787356,0.0,0.0,0.0,0.0,43.43277928966294,optimal
2021-02-11 18:00:00,3,34,0.0,0.0,0.0,3.7029333333333327,34.9965,6.0,0,20.136086417335036,55.0,0.01031231169912069,0.0,0.0,0.0,0.0,43.20680844826637,optimal
2021-02-11 18:30:00,3,34,0.0,0.0,0.0,1.6111333333333335,30.4815,6.0,0,20.107410351251986,55.0,0.0036456450324540224,0.0,0.0,0.0,0.0,42.9810635777112,optimal
2021-02-11 19:00:00,3,34,0.0,0.0,0.0,0.8092333333333334,21.4305,6.0,0,20.059966820340374,55.0,0.00031231169912068925,0.0,0.0,0.0,0.0,42.75554445202658,optimal
2021-02-11 19:30:00,3,34,2.0,0.0,0.0,0.2906666666666667,14.3325,6.0,0,20.0,55.0,0.0,4454.969905891446,0.0,2545.0300941085543,0.0,42.53025084546764,optimal
2021-02-11 20:00:00,3,34,1.315045248986578,0.0,0.0,0.2893,13.692,6.0,0,20.0,55.0,0.0,4602.658371453023,0.0,0.0,0.0,42.30518253251527,optimal
2021-02-11 20:30:00,3,34,0.0,0.0,0.0,0.33403333333333335,14.007,6.0,0,20.0,55.0,0.0,0.0,0.0,0.0,0.0,42.080339287875844,optimal
2021-02-11 21:00:00,3,34,0.0796190476190476,0.0,0.0,1.623733333333333,12.873,6.0,0,19.935604347471255,55.0,0.0,0.0,0.0,278.66666666666663,0.0,41.85572088648106,optimal
2021-02-11 21:30:00,3,34,0.09952380952380951,0.0,0.0,0.1699,12.684,6.0,0,19.88530453641343,55.0,0.0,0.0,0.0,348.3333333333333,0.0,41.63132710348767,optimal
2021-02-11 22:00:00,3,34,0.09952380952380951,0.0,0.0,0.20856666666666662,12.306,6.0,0,19.82146164161729,55.0,0.0,0.0,0.0,348.3333333333333,0.0,41.407157714277275,optimal
2021-02-11 22:30:00,3,34,0.0796190476190476,0.0,0.0,0.3665,10.6365,6.0,0,19.76159543829744,55.0,0.002666666666666666,0.0,0.0,278.66666666666663,0.0,41.18321249445609,optimal
2021-02-11 23:00:00,3,34,0.0,0.0,0.0,0.2772,11.2455,6.0,0,19.70199278893956,55.0,0.0,0.0,0.0,0.0,0.0,40.959491219854726,optimal
2021-02-11 23:30:00,3,34,0.0,0.0,0.0,1.0995333333333333,11.2455,6.0,0,19.639057678840157,55.0,0.0,0.0,0.0,0.0,0.0,40.918531728634875,optimal
2021-02-12 00:00:00,3,34,2.0,0.0,1.0163847110242548,0.10796666666666668,10.3635,6.0,0,19.639057678840157,55.0,0.0,7000.0,0.0,0.0,0.0,41.36039593464276,optimal
2021-02-12 00:30:00,3,34,2.0,0.0,0.0,0.5636333333333333,10.8045,6.0,0,19.670301451806985,55.0,0.022985645933014356,0.0,0.0,7000.0,0.0,41.31903553870811,optimal
2021-02-12 01:00:00,3,34,2.0,0.0,0.0,0.0818,11.025,6.0,0,19.609675408803295,55.0,0.0899712918660287,0.0,0.0,7000.0,0.0,41.277716503169394,optimal
2021-02-12 01:30:00,3,34,2.0,0.0,3.0,0.23033333333333328,10.3635,6.0,0,19.54032986052691,55.0,0.126,3235.0,0.0,3765.0,0.0,42.66143878666622,optimal
2021-02-12 02:00:00,3,34,2.0,0.0,0.0,0.08546666666666666,10.8045,6.0,0,19.519154606887046,55.0,0.126,7000.0,0.0,0.0,0.0,42.61877734787955,optimal
2021-02-12 02:30:00,3,34,2.0,0.0,3.0,0.2073333333333333,10.059,6.0,0,19.549350916425976,55.0,0.126,7000.0,0.0,0.0,0.0,44.00115857053166,optimal
2021-02-12 03:00:00,3,34,2.0,0.0,0.0,0.12026666666666667,10.584,6.0,0,19.58201660713172,55.0,0.126,7000.0,0.0,0.0,0.0,43.95715741196112,optimal
2021-02-12 03:30:00,3,34,2.0,0.0,3.0,0.10093333333333333,9.4185,6.0,0,19.614199406581125,55.0,0.126,7000.0,0.0,0.0,0.0,45.33820025454915,optimal
2021-02-12 04:00:00,3,34,2.0,0.0,3.0,0.10866666666666669,10.3635,6.0,0,19.64796949765121,55.0,0.126,7000.0,0.0,0.0,0.0,46.71786205429459,optimal
2021-02-12 04:30:00,3,34,2.0,0.0,3.0,0.07,9.8385,6.0,0,19.683704026656336,55.0,0.126,7000.0,0.0,0.0,0.0,48.096144192240295,optimal
2021-02-12 05:00:00,3,34,2.0,0.0,0.0,0.7270333333333333,11.067,6.0,0,19.720743408135494,55.0,0.12333333333333334,7000.0,0.0,0.0,0.0,48.048048048048045,optimal
2021-02-12 05:30:00,3,34,2.0,0.0,0.0,0.49339999999999995,10.8465,6.0,0,19.770582233713547,55.0,0.12133333333333333,7000.0,0.0,0.0,0.0,48.0,optimal
2021-02-12 06:00:00,3,34,2.0,0.0,0.0,0.3742,13.671,6.0,0,19.81968136508302,55.0,0.058,7000.0,0.0,0.0,0.0,47.80260317558553,optimal
2021-02-12 06:30:00,3,34,2.0,0.0,0.0,0.3286,12.348,6.0,0,19.869667340814754,55.0,0.04533333333333334,7000.0,0.0,0.0,0.0,47.60540374799548,optimal
2021-02-12 07:00:00,3,34,2.0,0.0,0.0,0.238,14.3325,6.0,0,19.921210321439528,55.0,0.022,7000.0,0.0,0.0,0.0,47.40840151983302,optimal
2021-02-12 07:30:00,3,34,2.0,0.0,0.0,0.2011,15.393,6.0,0,19.970605430234336,55.0,0.0,7000.0,0.0,0.0,0.0,47.21159629389872,optimal
2021-02-12 08:00:00,3,34,2.0,0.0,0.0,0.22666666666666663,13.587,6.0,0,20.01342243272001,55.0,0.0,7000.0,0.0,0.0,0.0,47.01498787319036,optimal
2021-02-12 08:30:00,3,34,0.3451353015323048,0.0,0.0,0.07,16.1385,6.0,0,20.048969457661126,55.0,0.0,1207.973555363067,0.0,0.0,0.0,46.8185760609027,optimal
2021-02-12 09:00:00,3,34,2.0,0.0,0.0,0.2576,14.595,6.0,0,20.0,55.0,0.0,7000.0,0.0,0.0,0.0,46.62236066042733,optimal
2021-02-12 09:30:00,3,34,0.5121216504329739,0.0,0.0,0.07,14.637,6.0,0,20.035013995578222,55.0,0.0,1792.4257765154084,0.0,0.0,0.0,46.42634147535244,optimal
2021-02-12 10:00:00,3,34,1.0739364082159357,0.0,0.0,0.1349,13.9125,6.0,0,20.0,55.0,0.0,3758.7774287557745,0.0,0.0,0.0,46.23051830946262,optimal
2021-02-12 10:30:00,3,34,1.0906880704263053,0.0,0.0,0.19269999999999998,13.3665,6.0,0,20.0,55.0,0.0,3817.4082464920684,0.0,0.0,0.0,46.034890966738686,optimal
2021-02-12 11:00:00,3,34,2.0,0.0,0.0,0.1172,13.0095,6.0,0,20.00275534096244,55.0,0.0,7000.0,0.0,0.0,0.0,45.83945925135748,optimal
2021-02-12 11:30:00,3,34,0.0,0.0,0.0,0.1408,13.8915,6.0,0,20.050548790308913,55.0,0.0,0.0,0.0,0.0,0.0,45.64422296769166,optimal
2021-02-12 12:00:00,3,34,1.038059303139482,0.0,0.0,0.07,13.188,6.0,0,20.0,55.0,0.0,3633.2075609881867,0.0,0.0,0.0,45.4491819203095,optimal
2021-02-12 12:30:00,3,34,2.0,0.0,0.0,0.0877,12.5685,6.0,0,20.0,55.0,0.018666666666666668,5049.333333333333,0.0,1950.6666666666667,0.0,45.25433591397472,optimal
2021-02-12 13:00:00,3,34,2.0,0.0,0.0,0.29610000000000003,12.285,6.0,0,20.020352315809795,55.0,0.018666666666666668,7000.0,0.0,0.0,0.0,45.05968475364628,optimal
2021-02-12 13:30:00,3,34,2.0,0.0,0.0,0.2523,11.487,6.0,0,20.071911943235715,55.0,0.018666666666666668,7000.0,0.0,0.0,0.0,44.86522824447817,optimal
2021-02-12 14:00:00,3,34,2.0,0.0,0.0,0.4179,11.802,6.0,0,20.125391045335533,55.0,0.017333333333333333,7000.0,0.0,0.0,0.0,44.670966191819225,optimal
2021-02-12 14:30:00,3,34,2.0,0.0,0.0,0.2294,11.2245,6.0,0,20.180336664841796,55.0,0.016,7000.0,0.0,0.0,0.0,44.47689840121294,optimal
2021-02-12 15:00:00,3,34,2.0,0.0,0.0,0.419,11.025,6.0,0,20.23255055910712,55.0,0.016,7000.0,0.0,0.0,0.0,44.28302467839726,optimal
2021-02-12 15:30:00,3,34,2.0,0.0,0.0,0.217,11.907,6.0,0,20.288043127410063,55.0,0.016,7000.0,0.0,0.0,0.0,44.089344829304395,optimal
2021-02-12 16:00:00,3,34,0.0,0.0,0.0,0.15093333333333334,25.83,6.0,0,20.34006453438177,55.0,0.016,0.0,0.0,0.0,0.0,43.895858660060625,optimal
2021-02-12 16:30:00,3,34,0.0,0.0,0.0,0.11253333333333332,28.035,6.0,0,20.291462703595474,55.0,0.016,0.0,0.0,0.0,0.0,43.7025659769861,optimal
2021-02-12 17:00:00,3,34,0.0,0.0,0.0,0.09733333333333331,28.119,6.0,0,20.237277436999,55.0,0.011333333333333334,0.0,0.0,0.0,0.0,43.50946658659465,optimal
2021-02-12 17:30:00,3,34,0.0,0.0,0.0,0.342,30.156,6.0,0,20.185946022822687,55.0,0.004666666666666666,0.0,0.0,0.0,0.0,43.31656029559359,optimal
2021-02-12 18:00:00,3,34,0.0,0.0,0.0,0.19203333333333333,29.1585,6.0,0,20.138425372353666,55.0,0.003999999999999999,0.0,0.0,0.0,0.0,43.12384691088353,optimal
2021-02-12 18:30:00,3,34,0.0,0.0,0.0,0.38553333333333334,26.712,6.0,0,20.08838464260155,55.0,0.001333333333333333,0.0,0.0,0.0,0.0,42.93132623955818,optimal
2021-02-12 19:00:00,3,34,0.0,0.0,0.0,0.42560000000000003,15.435,6.0,0,20.04500217978864,55.0,0.0,0.0,0.0,0.0,0.0,42.738998088904154,optimal
2021-02-12 19:30:00,3,34,0.6237798545813572,0.0,0.0,0.513,13.566,6.0,0,20.004480895373028,55.0,0.0,2183.22949103475,0.0,0.0,0.0,42.54686226640078,optimal
2021-02-12 20:00:00,3,34,0.8172917419096026,0.0,0.0,0.3120333333333334,12.789,6.0,0,20.0,55.0,0.0,2721.1877633502754,0.0,139.33333333333331,0.0,42.354918579719914,optimal
2021-02-12 20:30:00,3,34,0.05971428571428571,0.0,0.0,0.37176666666666663,12.1275,6.0,0,20.0,55.0,0.002,0.0,0.0,209.0,0.0,42.16316683672573,optimal
2021-02-12 21:00:00,3,34,0.0,0.0,0.0,0.4062,13.671,6.0,0,19.964479689431748,55.0,0.0,0.0,0.0,0.0,0.0,41.97160684547454,optimal
2021-02-12 21:30:00,3,34,0.0398095238095238,0.0,0.0,0.43073333333333336,10.668,6.0,0,19.928677211307274,55.0,0.001333333333333333,0.0,0.0,139.33333333333331,0.0,41.92963523862907,optimal
2021-02-12 22:00:00,3,34,0.0,0.0,0.0,0.5342666666666667,11.7285,6.0,0,19.89214849407839,55.0,0.0,0.0,0.0,0.0,0.0,41.88770560339044,optimal
2021-02-12 22:30:00,3,34,0.0,0.0,0.0,0.5640666666666667,11.025,6.0,0,19.853851420467638,55.0,0.0,0.0,0.0,0.0,0.0,41.84581789778704,optimal
2021-02-12 23:00:00,3,34,0.0,0.0,0.0,0.07,10.689,6.0,0,19.814167158795907,55.0,0.0,0.0,0.0,0.0,0.0,41.803972079889256,optimal
2021-02-12 23:30:00,3,34,0.0,0.0,0.0,0.2539333333333333,8.1585,6.0,0,19.762466450882584,55.0,0.0,0.0,0.0,0.0,0.0,41.762168107809366,optimal
2021-02-13 00:00:00,3,34,2.0,0.0,0.0,0.056,9.3975,6.0,0,19.762466450882584,55.0,0.0,7000.0,0.0,0.0,0.0,41.72040593970156,optimal
2021-02-13 00:30:00,3,34,2.0,0.0,0.0,0.056,10.059,6.0,0,19.809513272875073,55.0,0.06698564593301436,0.0,0.0,7000.0,0.0,41.67868553376186,optimal
2021-02-13 01:00:00,3,34,2.0,0.0,0.0,0.1169,9.261,6.0,0,19.757887238318123,55.0,0.086,5013.0,0.0,1987.0,0.0,41.6370068482281,optimal
2021-02-13 01:30:00,3,34,2.0,0.0,3.0,0.11463333333333334,8.1585,6.0,0,19.778072504174254,55.0,0.086,7000.0,0.0,0.0,0.0,43.02036984137987,optimal
2021-02-13 02:00:00,3,34,2.0,0.0,0.0,0.087,9.4815,6.0,0,19.826320178492992,55.0,0.086,7000.0,0.0,0.0,0.0,42.97734947153849,optimal
2021-02-13 02:30:00,3,34,2.0,0.0,0.0,0.15073333333333333,8.379,6.0,0,19.874183177640965,55.0,0.086,7000.0,0.0,0.0,0.0,42.93437212206695,optimal
2021-02-13 03:00:00,3,34,2.0,0.0,0.0,0.056,9.5235,6.0,0,19.922811348343583,55.0,0.086,7000.0,0.0,0.0,0.0,42.89143774994488,optimal
2021-02-13 03:30:00,3,34,2.0,0.0,3.0,0.1118,8.1375,6.0,0,19.96996860792407,55.0,0.086,7000.0,0.0,0.0,0.0,44.27354631219493,optimal
2021-02-13 04:00:00,3,34,2.0,0.0,0.0,0.15073333333333333,10.0905,6.0,0,20.017641918313167,55.0,0.086,7000.0,0.0,0.0,0.0,44.22927276588273,optimal
2021-02-13 04:30:00,3,34,2.0,0.0,3.0,0.056,7.539,6.0,0,20.06559206791949,55.0,0.086,7000.0,0.0,0.0,0.0,45.61004349311685,optimal
2021-02-13 05:00:00,3,34,2.0,0.0,3.0,0.13240000000000002,7.938,6.0,0,20.111794699382564,55.0,0.086,7000.0,0.0,0.0,0.0,46.989433449623725,optimal
2021-02-13 05:30:00,3,34,2.0,0.0,2.428842475928832,0.13013333333333332,8.274,6.0,0,20.158667196933663,55.0,0.086,7000.0,0.0,0.0,0.0,48.096144192240295,optimal
2021-02-13 06:00:00,3,34,2.0,0.0,0.0,0.056,9.261,6.0,0,20.205098707640765,55.0,0.086,7000.0,0.0,0.0,0.0,48.048048048048045,optimal
2021-02-13 06:30:00,3,34,2.0,0.0,0.0,0.2014333333333333,9.9225,6.0,0,20.25007733386636,55.0,0.08533333333333333,7000.0,0.0,0.0,0.0,48.0,optimal
2021-02-13 07:00:00,3,34,2.0,0.0,0.0,0.0571,9.702,6.0,0,20.297638163335154,55.0,0.082,7000.0,0.0,0.0,0.0,47.719402051516525,optimal
2021-02-13 07:30:00,3,34,2.0,0.0,0.0,0.2323,10.584,6.0,0,20.342792489781644,55.0,0.06466666666666666,7000.0,0.0,0.0,0.0,47.43908470098153,optimal
2021-02-13 08:00:00,3,34,2.0,0.0,0.0,1.3982666666666668,10.143,6.0,0,20.3896004580831,55.0,0.04666666666666667,7000.0,0.0,0.0,0.0,47.159047667797076,optimal
2021-02-13 08:30:00,3,34,0.0,0.0,0.0,0.2437,13.0095,6.0,0,20.43816848653215,55.0,0.04666666666666667,0.0,0.0,0.0,0.0,46.879290671645805,optimal
2021-02-13 09:00:00,3,34,2.0,0.0,0.0,0.2317333333333333,11.025,6.0,0,20.38349819441533,55.0,0.044,7000.0,0.0,0.0,0.0,46.599813432490684,optimal
2021-02-13 09:30:00,3,34,0.0,0.0,0.0,0.11009999999999999,12.789,6.0,0,20.428436735212163,55.0,0.042666666666666665,0.0,0.0,0.0,0.0,46.32061567057472,optimal
2021-02-13 10:00:00,3,34,0.9175578682909472,0.0,0.0,0.8980333333333334,12.1275,6.0,0,20.373807151029425,55.0,0.04,3211.4525390183153,0.0,0.0,0.0,46.04169710642067,optimal
2021-02-13 10:30:00,3,34,0.0,0.0,0.0,0.2063,12.1695,6.0,0,20.366337913159164,55.0,0.04,0.0,0.0,0.0,0.0,45.76305746083078,optimal
2021-02-13 11:00:00,3,34,0.0,0.0,0.0,1.5372333333333332,12.306,6.0,0,20.313859773326175,55.0,0.04,0.0,0.0,0.0,0.0,45.484696454886475,optimal
2021-02-13 11:30:00,3,34,0.0,0.0,0.0,0.15109999999999998,13.23,6.0,0,20.26427181901318,55.0,0.038,0.0,0.0,0.0,0.0,45.20661380994812,optimal
2021-02-13 12:00:00,3,34,0.0,0.0,0.0,0.4313666666666667,13.671,6.0,0,20.211881328920924,55.0,0.038,0.0,0.0,0.0,0.0,44.9288092476547,optimal
2021-02-13 12:30:00,3,34,0.0,0.0,0.0,1.0685,13.9335,6.0,0,20.1643710356419,55.0,0.037333333333333336,0.0,0.0,0.0,0.0,44.65128248992357,optimal
2021-02-13 13:00:00,3,34,0.0,0.0,0.0,0.4026,13.293,6.0,0,20.11662551942032,55.0,0.035333333333333335,0.0,0.0,0.0,0.0,44.37403325895017,optimal
2021-02-13 13:30:00,3,34,2.0,0.0,0.0,0.2005,12.1065,6.0,0,20.070929685357225,55.0,0.03266666666666666,7000.0,0.0,0.0,0.0,44.09706127720775,optimal
2021-02-13 14:00:00,3,34,2.0,0.0,0.0,0.32026666666666664,11.571,6.0,0,20.120391395640883,55.0,0.03266666666666666,7000.0,0.0,0.0,0.0,43.82036626744707,optimal
2021-02-13 14:30:00,3,34,2.0,0.0,0.0,0.0755,11.025,6.0,0,20.17163807935178,55.0,0.03266666666666666,7000.0,0.0,0.0,0.0,43.54394795269615,optimal
2021-02-13 15:00:00,3,34,2.0,0.0,0.0,0.40443333333333326,10.8465,6.0,0,20.219484936586703,55.0,0.03133333333333333,7000.0,0.0,0.0,0.0,43.26780605625998,optimal
2021-02-13 15:30:00,3,34,2.0,0.0,0.0,1.5813,11.2455,6.0,0,20.271805335819227,55.0,0.03133333333333333,7000.0,0.0,0.0,0.0,42.99194030172025,optimal
2021-02-13 16:00:00,3,34,0.0,0.0,0.0,1.7232333333333332,23.8665,6.0,0,20.326159722651653,55.0,0.03133333333333333,0.0,0.0,0.0,0.0,42.71635041293506,optimal
2021-02-13 16:30:00,3,34,0.0,0.0,0.0,1.6873333333333334,27.4575,6.0,0,20.2809623526984,55.0,0.03133333333333333,0.0,0.0,0.0,0.0,42.441036114038646,optimal
2021-02-13 17:00:00,3,34,0.0,0.0,0.0,0.1987,27.3735,6.0,0,20.240305188976727,55.0,0.030666666666666665,0.0,0.0,0.0,0.0,42.16599712944113,optimal
2021-02-13 17:30:00,3,34,0.0,0.0,0.0,0.33263333333333334,30.4605,6.0,0,20.190771176872747,55.0,0.028,0.0,0.0,0.0,0.0,41.89123318382821,optimal
2021-02-13 18:00:00,3,34,0.0,0.0,0.0,0.26576666666666665,30.0195,6.0,0,20.139533511052342,55.0,0.023333333333333334,0.0,0.0,0.0,0.0,41.616744002160914,optimal
2021-02-13 18:30:00,3,34,0.0,0.0,0.0,1.4528333333333332,26.9325,6.0,0,20.091162104554453,55.0,0.002,0.0,0.0,0.0,0.0,41.34252930967528,optimal
2021-02-13 19:00:00,3,34,0.0,0.0,0.0,0.29506666666666664,14.595,6.0,0,20.050471351107706,55.0,0.0,0.0,0.0,0.0,0.0,41.06858883188213,optimal
2021-02-13 19:30:00,3,34,1.0205902490919165,0.0,0.0,0.2765,12.4845,6.0,0,20.0,55.0,0.0,3572.065871821708,0.0,0.0,0.0,40.794922294566774,optimal
2021-02-13 20:00:00,3,34,1.072244122862022,0.0,0.0,0.20986666666666667,12.1275,6.0,0,20.0,55.0,0.0,3752.8544300170774,0.0,0.0,0.0,40.521529423788735,optimal
2021-02-13 20:30:00,3,34,0.0,0.0,0.0,0.17933333333333334,12.1275,6.0,0,20.0,55.0,0.0,0.0,0.0,0.0,0.0,40.24840994588147,optimal
2021-02-13 21:00:00,3,34,0.0,0.0,0.0,0.2605,12.789,6.0,0,19.94512221362389,55.0,0.0,0.0,0.0,0.0,0.0,39.975563587452115,optimal
2021-02-13 21:30:00,3,34,0.0,0.0,0.0,0.47513333333333335,11.907,6.0,0,19.89401979478434,55.0,0.0,0.0,0.0,0.0,0.0,39.93558802386466,optimal
2021-02-13 22:00:00,3,34,0.0,0.0,0.0,0.1391,11.025,6.0,0,19.847783543783393,55.0,0.0,0.0,0.0,0.0,0.0,39.895652435840795,optimal
2021-02-13 22:30:00,3,34,0.09952380952380951,0.0,0.0,0.3756333333333333,8.2005,6.0,0,19.797920854165035,55.0,0.0,0.0,0.0,348.3333333333333,0.0,39.855756783404956,optimal
2021-02-13 23:00:00,3,34,0.0,0.0,0.0,0.4641,9.5655,6.0,0,19.751525086067975,55.0,0.0,0.0,0.0,0.0,0.0,39.81590102662155,optimal
2021-02-13 23:30:00,3,34,0.0199047619047619,0.0,0.0,0.35669999999999996,7.056,6.0,0,19.706758634731244,55.0,0.0,0.0,0.0,69.66666666666666,0.0,39.77608512559493,optimal
2021-02-07 00:00:00,4,34,0.0,0.0,0.0,0.16923333333333332,9.261,6.0,0,,,,,,,,,infeasible
2021-02-07 00:30:00,4,34,0.0,0.0,0.0,1.1756,10.3635,6.0,0,,,,,,,,,infeasible
2021-02-07 01:00:00,4,34,0.0,0.0,0.0,0.5245333333333333,8.274,6.0,0,,,,,,,,,infeasible
2021-02-07 01:30:00,4,34,0.0,0.0,0.0,0.6126333333333334,7.7175,6.0,0,,,,,,,,,infeasible
2021-02-07 02:00:00,4,34,0.0,0.0,0.0,0.49926666666666664,6.615,6.0,0,,,,,,,,,infeasible
2021-02-07 02:30:00,4,34,0.0,0.0,0.0,0.5302,6.174,6.0,0,,,,,,,,,infeasible
2021-02-07 03:00:00,4,34,0.0,0.0,0.0,0.5222666666666667,3.906,6.0,0,,,,,,,,,infeasible
2021-02-07 03:30:00,4,34,0.0,0.0,0.0,0.3969666666666666,2.3415,6.0,0,,,,,,,,,infeasible
2021-02-07 04:00:00,4,34,0.0,0.0,0.0,0.47413333333333335,2.205,6.0,0,,,,,,,,,infeasible
2021-02-07 04:30:00,4,34,0.0,0.0,0.0,1.3104,0.882,6.0,0,,,,,,,,,infeasible
2021-02-07 05:00:00,4,34,0.0,0.0,0.0,0.5699333333333333,1.5435,6.0,0,,,,,,,,,infeasible
2021-02-07 05:30:00,4,34,0.0,0.0,0.0,0.2954333333333333,1.5435,6.0,0,,,,,,,,,infeasible
2021-02-07 06:00:00,4,34,0.0,0.0,0.0,0.6177333333333334,5.0715,6.0,0,,,,,,,,,infeasible
2021-02-07 06:30:00,4,34,0.0,0.0,0.0,0.4508666666666667,5.376,6.0,0,,,,,,,,,infeasible
2021-02-07 07:00:00,4,34,0.0,0.0,0.0,0.2586,5.0715,6.0,0,,,,,,,,,infeasible
2021-02-07 07:30:00,4,34,0.0,0.0,0.0,1.7295333333333334,5.5125,6.0,0,,,,,,,,,infeasible
2021-02-07 08:00:00,4,34,0.0,0.0,0.0,0.36660000000000004,9.261,6.0,0,,,,,,,,,infeasible
2021-02-07 08:30:00,4,34,0.0,0.0,0.0,1.059,11.7075,6.0,0,,,,,,,,,infeasible
2021-02-07 09:00:00,4,34,0.0,0.0,0.0,2.5918666666666668,12.348,6.0,0,,,,,,,,,infeasible
2021-02-07 09:30:00,4,34,0.0,0.0,0.0,0.7123333333333334,12.348,6.0,0,,,,,,,,,infeasible
2021-02-07 10:00:00,4,34,0.0,0.0,0.0,0.7638666666666667,12.1275,6.0,0,,,,,,,,,infeasible
2021-02-07 10:30:00,4,34,0.0,0.0,0.0,1.6174666666666666,12.5265,6.0,0,,,,,,,,,infeasible
2021-02-07 11:00:00,4,34,0.0,0.0,0.0,5.290833333333333,11.7495,6.0,0,,,,,,,,,infeasible
2021-02-07 11:30:00,4,34,0.0,0.0,0.0,4.306866666666667,13.23,6.0,0,,,,,,,,,infeasible
2021-02-07 12:00:00,4,34,0.0,0.0,0.0,1.594266666666667,14.3325,6.0,0,,,,,,,,,infeasible
2021-02-07 12:30:00,4,34,0.0,0.0,0.0,0.5740666666666667,14.994,6.0,0,,,,,,,,,infeasible
2021-02-07 13:00:00,4,34,0.0,0.0,0.0,0.44206666666666666,14.8155,6.0,0,,,,,,,,,infeasible
2021-02-07 13:30:00,4,34,0.0,0.0,0.0,0.2475,14.112,6.0,0,,,,,,,,,infeasible
2021-02-07 14:00:00,4,34,0.0,0.0,0.0,0.3738666666666667,14.007,6.0,0,,,,,,,,,infeasible
2021-02-07 14:30:00,4,34,0.0,0.0,0.0,2.0219333333333327,13.23,6.0,0,,,,,,,,,infeasible
2021-02-07 15:00:00,4,34,0.0,0.0,0.0,0.5439333333333333,11.382,6.0,0,,,,,,,,,infeasible
2021-02-07 15:30:00,4,34,0.0,0.0,0.0,0.6381666666666667,11.7495,6.0,0,,,,,,,,,infeasible
2021-02-07 16:00:00,4,34,0.0,0.0,0.0,1.4599000000000002,24.3285,6.0,0,,,,,,,,,infeasible
2021-02-07 16:30:00,4,34,0.0,0.0,0.0,3.0518666666666667,28.917,6.0,0,,,,,,,,,infeasible
2021-02-07 17:00:00,4,34,0.0,0.0,0.0,3.680766666666667,31.3635,6.0,0,,,,,,,,,infeasible
2021-02-07 17:30:00,4,34,0.0,0.0,0.0,1.8815666666666664,33.306,6.0,0,,,,,,,,,infeasible
2021-02-07 18:00:00,4,34,0.0,0.0,0.0,0.3448333333333333,31.3425,6.0,0,,,,,,,,,infeasible
2021-02-07 18:30:00,4,34,0.0,0.0,0.0,0.3025333333333334,28.2555,6.0,0,,,,,,,,,infeasible
2021-02-07 19:00:00,4,34,0.0,0.0,0.0,0.8828333333333334,15.6975,6.0,0,,,,,,,,,infeasible
2021-02-07 19:30:00,4,34,0.0,0.0,0.0,2.189033333333333,12.5475,6.0,0,,,,,,,,,infeasible
2021-02-07 20:00:00,4,34,0.0,0.0,0.0,0.44696666666666657,12.0855,6.0,0,,,,,,,,,infeasible
2021-02-07 20:30:00,4,34,0.0,0.0,0.0,0.7306,11.907,6.0,0,,,,,,,,,infeasible
2021-02-07 21:00:00,4,34,0.0,0.0,0.0,1.3955666666666666,12.5685,6.0,0,,,,,,,,,infeasible
2021-02-07 21:30:00,4,34,0.0,0.0,0.0,0.2167666666666667,13.146,6.0,0,,,,,,,,,infeasible
2021-02-07 22:00:00,4,34,0.0,0.0,0.0,0.762,10.584,6.0,0,,,,,,,,,infeasible
2021-02-07 22:30:00,4,34,0.0,0.0,0.0,1.7454333333333334,6.678,6.0,0,,,,,,,,,infeasible
2021-02-07 23:00:00,4,34,0.0,0.0,0.0,0.3233666666666667,7.938,6.0,0,,,,,,,,,infeasible
2021-02-07 23:30:00,4,34,0.0,0.0,0.0,0.3161333333333333,5.292,6.0,0,,,,,,,,,infeasible
2021-02-08 00:00:00,4,34,0.0,0.0,0.0,0.06,5.9745,6.0,0,,,,,,,,,infeasible
2021-02-08 00:30:00,4,34,0.0,0.0,0.0,0.144,7.938,6.0,0,,,,,,,,,infeasible
2021-02-08 01:00:00,4,34,0.0,0.0,0.0,0.111,8.6835,6.0,0,,,,,,,,,infeasible
2021-02-08 01:30:00,4,34,0.0,0.0,0.0,0.123,7.665,6.0,0,,,,,,,,,infeasible
2021-02-08 02:00:00,4,34,0.0,0.0,0.0,0.132,6.7725,6.0,0,,,,,,,,,infeasible
2021-02-08 02:30:00,4,34,0.0,0.0,0.0,0.06509999999999999,5.5755,6.0,0,,,,,,,,,infeasible
2021-02-08 03:00:00,4,34,0.0,0.0,0.0,0.22290000000000001,5.0925,6.0,0,,,,,,,,,infeasible
2021-02-08 03:30:00,4,34,0.0,0.0,0.0,0.078,4.1895,6.0,0,,,,,,,,,infeasible
2021-02-08 04:00:00,4,34,0.0,0.0,0.0,0.1467,7.056,6.0,0,,,,,,,,,infeasible
2021-02-08 04:30:00,4,34,0.0,0.0,0.0,0.07529999999999999,5.271,6.0,0,,,,,,,,,infeasible
2021-02-08 05:00:00,4,34,0.0,0.0,0.0,0.2256,7.938,6.0,0,,,,,,,,,infeasible
2021-02-08 05:30:00,4,34,0.0,0.0,0.0,0.0804,7.938,6.0,0,,,,,,,,,infeasible
2021-02-08 06:00:00,4,34,0.0,0.0,0.0,0.14366666666666666,11.907,6.0,0,,,,,,,,,infeasible
2021-02-08 06:30:00,4,34,0.0,0.0,0.0,0.161,11.025,6.0,0,,,,,,,,,infeasible
2021-02-08 07:00:00,4,34,0.0,0.0,0.0,0.059,11.2875,6.0,0,,,,,,,,,infeasible
2021-02-08 07:30:00,4,34,0.0,0.0,0.0,0.161,12.936,6.0,0,,,,,,,,,infeasible
2021-02-08 08:00:00,4,34,0.0,0.0,0.0,0.143,13.0095,6.0,0,,,,,,,,,infeasible
2021-02-08 08:30:00,4,34,0.0,0.0,0.0,0.06973333333333333,13.671,6.0,0,,,,,,,,,infeasible
2021-02-08 09:00:00,4,34,0.0,0.0,0.0,0.115,13.188,6.0,0,,,,,,,,,infeasible
2021-02-08 09:30:00,4,34,0.0,0.0,0.0,0.24386666666666668,13.8495,6.0,0,,,,,,,,,infeasible
2021-02-08 10:00:00,4,34,0.0,0.0,0.0,0.06,13.23,6.0,0,,,,,,,,,infeasible
2021-02-08 10:30:00,4,34,0.0,0.0,0.0,0.144,13.3665,6.0,0,,,,,,,,,infeasible
2021-02-08 11:00:00,4,34,0.0,0.0,0.0,0.06,13.0515,6.0,0,,,,,,,,,infeasible
2021-02-08 11:30:00,4,34,0.0,0.0,0.0,0.0998,13.5345,6.0,0,,,,,,,,,infeasible
2021-02-08 12:00:00,4,34,0.0,0.0,0.0,0.15906666666666666,14.154,6.0,0,,,,,,,,,infeasible
2021-02-08 12:30:00,4,34,0.0,0.0,0.0,0.1797,14.112,6.0,0,,,,,,,,,infeasible
2021-02-08 13:00:00,4,34,0.0,0.0,0.0,0.1263,14.2485,6.0,0,,,,,,,,,infeasible
2021-02-08 13:30:00,4,34,0.0,0.0,0.0,0.07443333333333334,12.789,6.0,0,,,,,,,,,infeasible
2021-02-08 14:00:00,4,34,0.0,0.0,0.0,0.1972333333333333,13.0095,6.0,0,,,,,,,,,infeasible
2021-02-08 14:30:00,4,34,0.0,0.0,0.0,0.5219,12.1275,6.0,0,,,,,,,,,infeasible
2021-02-08 15:00:00,4,34,0.0,0.0,0.0,0.06,12.348,6.0,0,,,,,,,,,infeasible
2021-02-08 15:30:00,4,34,0.0,0.0,0.0,1.5946666666666667,12.348,6.0,0,,,,,,,,,infeasible
2021-02-08 16:00:00,4,34,0.0,0.0,0.0,0.17726666666666668,25.389,6.0,0,,,,,,,,,infeasible
2021-02-08 16:30:00,4,34,0.0,0.0,0.0,0.33130000000000004,29.1375,6.0,0,,,,,,,,,infeasible
2021-02-08 17:00:00,4,34,0.0,0.0,0.0,0.3138333333333333,30.597,6.0,0,,,,,,,,,infeasible
2021-02-08 17:30:00,4,34,0.0,0.0,0.0,1.1956333333333335,33.684,6.0,0,,,,,,,,,infeasible
2021-02-08 18:00:00,4,34,0.0,0.0,0.0,1.5281,32.445,6.0,0,,,,,,,,,infeasible
2021-02-08 18:30:00,4,34,0.0,0.0,0.0,0.32613333333333333,28.917,6.0,0,,,,,,,,,infeasible
2021-02-08 19:00:00,4,34,0.0,0.0,0.0,0.6763333333333333,15.876,6.0,0,,,,,,,,,infeasible
2021-02-08 19:30:00,4,34,0.0,0.0,0.0,0.399,12.348,6.0,0,,,,,,,,,infeasible
2021-02-08 20:00:00,4,34,0.0,0.0,0.0,0.39976666666666666,12.1275,6.0,0,,,,,,,,,infeasible
2021-02-08 20:30:00,4,34,0.0,0.0,0.0,0.3690333333333334,12.348,6.0,0,,,,,,,,,infeasible
2021-02-08 21:00:00,4,34,0.0,0.0,0.0,1.199,12.1275,6.0,0,,,,,,,,,infeasible
2021-02-08 21:30:00,4,34,0.0,0.0,0.0,0.4472,12.1275,6.0,0,,,,,,,,,infeasible
2021-02-08 22:00:00,4,34,0.0,0.0,0.0,0.52,11.2665,6.0,0,,,,,,,,,infeasible
2021-02-08 22:30:00,4,34,0.0,0.0,0.0,0.3777,10.143,6.0,0,,,,,,,,,infeasible
2021-02-08 23:00:00,4,34,0.0,0.0,0.0,0.32413333333333333,11.2455,6.0,0,,,,,,,,,infeasible
2021-02-08 23:30:00,4,34,0.0,0.0,0.0,0.2273,11.025,6.0,0,,,,,,,,,infeasible
2021-02-09 00:00:00,4,34,0.0,0.0,0.0,0.058,10.584,6.0,0,,,,,,,,,infeasible
2021-02-09 00:30:00,4,34,0.0,0.0,0.0,0.058,11.2455,6.0,0,,,,,,,,,infeasible
2021-02-09 01:00:00,4,34,0.0,0.0,0.0,0.26596666666666663,12.1275,6.0,0,,,,,,,,,infeasible
2021-02-09 01:30:00,4,34,0.0,0.0,0.0,0.15830000000000002,11.823,6.0,0,,,,,,,,,infeasible
2021-02-09 02:00:00,4,34,0.0,0.0,0.0,0.058,11.7705,6.0,0,,,,,,,,,infeasible
2021-02-09 02:30:00,4,34,0.0,0.0,0.0,0.3429333333333333,11.13,6.0,0,,,,,,,,,infeasible
2021-02-09 03:00:00,4,34,0.0,0.0,0.0,0.08133333333333333,11.6865,6.0,0,,,,,,,,,infeasible
2021-02-09 03:30:00,4,34,0.0,0.0,0.0,0.21406666666666663,10.7205,6.0,0,,,,,,,,,infeasible
2021-02-09 04:00:00,4,34,0.0,0.0,0.0,0.2102,11.424,6.0,0,,,,,,,,,infeasible
2021-02-09 04:30:00,4,34,0.0,0.0,0.0,0.0993,10.689,6.0,0,,,,,,,,,infeasible
2021-02-09 05:00:00,4,34,0.0,0.0,0.0,0.26316666666666666,11.361,6.0,0,,,,,,,,,infeasible
2021-02-09 05:30:00,4,34,0.0,0.0,0.0,0.1257,11.571,6.0,0,,,,,,,,,infeasible
2021-02-09 06:00:00,4,34,0.0,0.0,0.0,0.29856666666666665,14.3745,6.0,0,,,,,,,,,infeasible
2021-02-09 06:30:00,4,34,0.0,0.0,0.0,0.058,13.23,6.0,0,,,,,,,,,infeasible
2021-02-09 07:00:00,4,34,0.0,0.0,0.0,0.18606666666666663,13.9755,6.0,0,,,,,,,,,infeasible
2021-02-09 07:30:00,4,34,0.0,0.0,0.0,0.19363333333333332,14.994,6.0,0,,,,,,,,,infeasible
2021-02-09 08:00:00,4,34,0.0,0.0,0.0,0.3118666666666667,13.671,6.0,0,,,,,,,,,infeasible
2021-02-09 08:30:00,4,34,0.0,0.0,0.0,2.028233333333333,15.981,6.0,0,,,,,,,,,infeasible
2021-02-09 09:00:00,4,34,0.0,0.0,0.0,1.727266666666667,15.6345,6.0,0,,,,,,,,,infeasible
2021-02-09 09:30:00,4,34,0.0,0.0,0.0,0.8742000000000001,16.5375,6.0,0,,,,,,,,,infeasible
2021-02-09 10:00:00,4,34,0.0,0.0,0.0,0.7013333333333334,14.7735,6.0,0,,,,,,,,,infeasible
2021-02-09 10:30:00,4,34,0.0,0.0,0.0,0.5267000000000001,15.2145,6.0,0,,,,,,,,,infeasible
2021-02-09 11:00:00,4,34,0.0,0.0,0.0,0.5813333333333334,14.553,6.0,0,,,,,,,,,infeasible
2021-02-09 11:30:00,4,34,0.0,0.0,0.0,1.5265333333333333,14.3325,6.0,0,,,,,,,,,infeasible
2021-02-09 12:00:00,4,34,0.0,0.0,0.0,0.3872333333333334,14.595,6.0,0,,,,,,,,,infeasible
2021-02-09 12:30:00,4,34,0.0,0.0,0.0,0.5368333333333334,14.994,6.0,0,,,,,,,,,infeasible
2021-02-09 13:00:00,4,34,0.0,0.0,0.0,0.475,14.3325,6.0,0,,,,,,,,,infeasible
2021-02-09 13:30:00,4,34,0.0,0.0,0.0,0.4326666666666667,13.8915,6.0,0,,,,,,,,,infeasible
2021-02-09 14:00:00,4,34,0.0,0.0,0.0,0.48719999999999997,13.8915,6.0,0,,,,,,,,,infeasible
2021-02-09 14:30:00,4,34,0.0,0.0,0.0,0.2728666666666667,13.4715,6.0,0,,,,,,,,,infeasible
2021-02-09 15:00:00,4,34,0.0,0.0,0.0,0.16133333333333336,13.23,6.0,0,,,,,,,,,infeasible
2021-02-09 15:30:00,4,34,0.0,0.0,0.0,0.1978,13.8915,6.0,0,,,,,,,,,infeasible
2021-02-09 16:00:00,4,34,0.0,0.0,0.0,0.2687,26.9325,6.0,0,,,,,,,,,infeasible
2021-02-09 16:30:00,4,34,0.0,0.0,0.0,0.4643,30.303,6.0,0,,,,,,,,,infeasible
2021-02-09 17:00:00,4,34,0.0,0.0,0.0,0.2165,32.886,6.0,0,,,,,,,,,infeasible
2021-02-09 17:30:00,4,34,0.0,0.0,0.0,1.5234,34.9965,6.0,0,,,,,,,,,infeasible
2021-02-09 18:00:00,4,34,0.0,0.0,0.0,0.374,33.327,6.0,0,,,,,,,,,infeasible
2021-02-09 18:30:00,4,34,0.0,0.0,0.0,0.5355333333333333,31.122,6.0,0,,,,,,,,,infeasible
2021-02-09 19:00:00,4,34,0.0,0.0,0.0,0.4729,17.9025,6.0,0,,,,,,,,,infeasible
2021-02-09 19:30:00,4,34,0.0,0.0,0.0,0.9709,15.6555,6.0,0,,,,,,,,,infeasible
2021-02-09 20:00:00,4,34,0.0,0.0,0.0,0.54,14.553,6.0,0,,,,,,,,,infeasible
2021-02-09 20:30:00,4,34,0.0,0.0,0.0,0.6441333333333333,14.3325,6.0,0,,,,,,,,,infeasible
2021-02-09 21:00:00,4,34,0.0,0.0,0.0,0.41756666666666664,13.335,6.0,0,,,,,,,,,infeasible
2021-02-09 21:30:00,4,34,0.0,0.0,0.0,0.8932333333333333,12.1275,6.0,0,,,,,,,,,infeasible
2021-02-09 22:00:00,4,34,0.0,0.0,0.0,0.4981333333333333,12.2955,6.0,0,,,,,,,,,infeasible
2021-02-09 22:30:00,4,34,0.0,0.0,0.0,0.3645333333333334,11.6865,6.0,0,,,,,,,,,infeasible
2021-02-09 23:00:00,4,34,0.0,0.0,0.0,0.5481333333333334,11.466,6.0,0,,,,,,,,,infeasible
2021-02-09 23:30:00,4,34,0.0,0.0,0.0,0.9321,10.8045,6.0,0,,,,,,,,,infeasible
2021-02-10 00:00:00,4,34,0.0,0.0,0.0,0.06353333333333333,10.8045,6.0,0,,,,,,,,,infeasible
2021-02-10 00:30:00,4,34,0.0,0.0,0.0,0.0928,11.508,6.0,0,,,,,,,,,infeasible
2021-02-10 01:00:00,4,34,0.0,0.0,0.0,0.3122,11.508,6.0,0,,,,,,,,,infeasible
2021-02-10 01:30:00,4,34,0.0,0.0,0.0,0.5322,11.508,6.0,0,,,,,,,,,infeasible
2021-02-10 02:00:00,4,34,0.0,0.0,0.0,0.15880000000000002,11.844,6.0,0,,,,,,,,,infeasible
2021-02-10 02:30:00,4,34,0.0,0.0,0.0,0.061,11.508,6.0,0,,,,,,,,,infeasible
2021-02-10 03:00:00,4,34,0.0,0.0,0.0,0.20106666666666664,11.508,6.0,0,,,,,,,,,infeasible
2021-02-10 03:30:00,4,34,0.0,0.0,0.0,0.061,10.4475,6.0,0,,,,,,,,,infeasible
2021-02-10 04:00:00,4,34,0.0,0.0,0.0,0.061,10.8675,6.0,0,,,,,,,,,infeasible
2021-02-10 04:30:00,4,34,0.0,0.0,0.0,0.20106666666666664,10.542,6.0,0,,,,,,,,,infeasible
2021-02-10 05:00:00,4,34,0.0,0.0,0.0,0.061,11.025,6.0,0,,,,,,,,,infeasible
2021-02-10 05:30:00,4,34,0.0,0.0,0.0,0.14376666666666668,11.025,6.0,0,,,,,,,,,infeasible
2021-02-10 06:00:00,4,34,0.0,0.0,0.0,0.1183,14.553,6.0,0,,,,,,,,,infeasible
2021-02-10 06:30:00,4,34,0.0,0.0,0.0,0.061,13.0935,6.0,0,,,,,,,,,infeasible
2021-02-10 07:00:00,4,34,0.0,0.0,0.0,0.2914333333333333,15.6345,6.0,0,,,,,,,,,infeasible
2021-02-10 07:30:00,4,34,0.0,0.0,0.0,0.3764333333333333,18.102,6.0,0,,,,,,,,,infeasible
2021-02-10 08:00:00,4,34,0.0,0.0,0.0,0.5803666666666667,17.199,6.0,0,,,,,,,,,infeasible
2021-02-10 08:30:00,4,34,0.0,0.0,0.0,0.8252666666666667,18.2805,6.0,0,,,,,,,,,infeasible
2021-02-10 09:00:00,4,34,0.0,0.0,0.0,1.295,17.4615,6.0,0,,,,,,,,,infeasible
2021-02-10 09:30:00,4,34,0.0,0.0,0.0,0.4521,18.3225,6.0,0,,,,,,,,,infeasible
2021-02-10 10:00:00,4,34,0.0,0.0,0.0,0.4749,17.094,6.0,0,,,,,,,,,infeasible
2021-02-10 10:30:00,4,34,0.0,0.0,0.0,0.5599666666666667,17.094,6.0,0,,,,,,,,,infeasible
2021-02-10 11:00:00,4,34,0.0,0.0,0.0,0.7697999999999999,17.094,6.0,0,,,,,,,,,infeasible
2021-02-10 11:30:00,4,34,0.0,0.0,0.0,0.071,17.3565,6.0,0,,,,,,,,,infeasible
2021-02-10 12:00:00,4,34,0.0,0.0,0.0,0.1856,17.115,6.0,0,,,,,,,,,infeasible
2021-02-10 12:30:00,4,34,0.0,0.0,0.0,0.09646666666666669,17.241,6.0,0,,,,,,,,,infeasible
2021-02-10 13:00:00,4,34,0.0,0.0,0.0,0.27113333333333334,17.094,6.0,0,,,,,,,,,infeasible
2021-02-10 13:30:00,4,34,0.0,0.0,0.0,0.3846333333333333,16.5165,6.0,0,,,,,,,,,infeasible
2021-02-10 14:00:00,4,34,0.0,0.0,0.0,0.3123333333333333,17.8185,6.0,0,,,,,,,,,infeasible
2021-02-10 14:30:00,4,34,0.0,0.0,0.0,0.36806666666666665,17.094,6.0,0,,,,,,,,,infeasible
2021-02-10 15:00:00,4,34,0.0,0.0,0.0,0.2187666666666667,16.8945,6.0,0,,,,,,,,,infeasible
2021-02-10 15:30:00,4,34,0.0,0.0,0.0,0.25,18.123,6.0,0,,,,,,,,,infeasible
2021-02-10 16:00:00,4,34,0.0,0.0,0.0,0.3654,31.647,6.0,0,,,,,,,,,infeasible
2021-02-10 16:30:00,4,34,0.0,0.0,0.0,0.23926666666666668,34.9965,6.0,0,,,,,,,,,infeasible
2021-02-10 17:00:00,4,34,0.0,0.0,0.0,0.6923666666666667,34.9965,6.0,0,,,,,,,,,infeasible
2021-02-10 17:30:00,4,34,0.0,0.0,0.0,0.4269666666666666,34.9965,6.0,0,,,,,,,,,infeasible
2021-02-10 18:00:00,4,34,0.0,0.0,0.0,0.3962333333333333,34.9965,6.0,0,,,,,,,,,infeasible
2021-02-10 18:30:00,4,34,0.0,0.0,0.0,0.334,34.9965,6.0,0,,,,,,,,,infeasible
2021-02-10 19:00:00,4,34,0.0,0.0,0.0,0.47336666666666666,27.741,6.0,0,,,,,,,,,infeasible
2021-02-10 19:30:00,4,34,0.0,0.0,0.0,0.37010000000000004,19.026,6.0,0,,,,,,,,,infeasible
2021-02-10 20:00:00,4,34,0.0,0.0,0.0,0.5118,18.7215,6.0,0,,,,,,,,,infeasible
2021-02-10 20:30:00,4,34,0.0,0.0,0.0,0.5908,17.4195,6.0,0,,,,,,,,,infeasible
2021-02-10 21:00:00,4,34,0.0,0.0,0.0,0.30196666666666666,16.758,6.0,0,,,,,,,,,infeasible
2021-02-10 21:30:00,4,34,0.0,0.0,0.0,0.2884,14.217,6.0,0,,,,,,,,,infeasible
2021-02-10 22:00:00,4,34,0.0,0.0,0.0,0.217,13.3665,6.0,0,,,,,,,,,infeasible
2021-02-10 22:30:00,4,34,0.0,0.0,0.0,0.071,12.789,6.0,0,,,,,,,,,infeasible
2021-02-10 23:00:00,4,34,0.0,0.0,0.0,0.071,11.907,6.0,0,,,,,,,,,infeasible
2021-02-10 23:30:00,4,34,0.0,0.0,0.0,0.12193333333333334,11.7075,6.0,0,,,,,,,,,infeasible
2021-02-11 00:00:00,4,34,0.0,0.0,0.0,0.21906666666666663,11.025,6.0,0,,,,,,,,,infeasible
2021-02-11 00:30:00,4,34,0.0,0.0,0.0,0.057,12.0855,6.0,0,,,,,,,,,infeasible
2021-02-11 01:00:00,4,34,0.0,0.0,0.0,0.057,11.6865,6.0,0,,,,,,,,,infeasible
2021-02-11 01:30:00,4,34,0.0,0.0,0.0,0.19696666666666668,11.2245,6.0,0,,,,,,,,,infeasible
2021-02-11 02:00:00,4,34,0.0,0.0,0.0,0.07909999999999999,11.025,6.0,0,,,,,,,,,infeasible
2021-02-11 02:30:00,4,34,0.0,0.0,0.0,0.057,10.7835,6.0,0,,,,,,,,,infeasible
2021-02-11 03:00:00,4,34,0.0,0.0,0.0,0.21906666666666663,11.025,6.0,0,,,,,,,,,infeasible
2021-02-11 03:30:00,4,34,0.0,0.0,0.0,0.057,10.584,6.0,0,,,,,,,,,infeasible
2021-02-11 04:00:00,4,34,0.0,0.0,0.0,0.16013333333333332,11.025,6.0,0,,,,,,,,,infeasible
2021-02-11 04:30:00,4,34,0.0,0.0,0.0,0.11593333333333333,10.4265,6.0,0,,,,,,,,,infeasible
2021-02-11 05:00:00,4,34,0.0,0.0,0.0,0.057,12.789,6.0,0,,,,,,,,,infeasible
2021-02-11 05:30:00,4,34,0.0,0.0,0.0,0.20433333333333328,12.684,6.0,0,,,,,,,,,infeasible
2021-02-11 06:00:00,4,34,0.0,0.0,0.0,0.07073333333333333,16.254,6.0,0,,,,,,,,,infeasible
2021-02-11 06:30:00,4,34,0.0,0.0,0.0,0.08546666666666666,17.64,6.0,0,,,,,,,,,infeasible
2021-02-11 07:00:00,4,34,0.0,0.0,0.0,0.38439999999999996,19.1625,6.0,0,,,,,,,,,infeasible
2021-02-11 07:30:00,4,34,0.0,0.0,0.0,0.06266666666666666,26.46,6.0,0,,,,,,,,,infeasible
2021-02-11 08:00:00,4,34,0.0,0.0,0.0,0.22069999999999998,20.79,6.0,0,,,,,,,,,infeasible
2021-02-11 08:30:00,4,34,0.0,0.0,0.0,0.07403333333333333,29.106,6.0,0,,,,,,,,,infeasible
2021-02-11 09:00:00,4,34,0.0,0.0,0.0,0.14803333333333332,19.1835,6.0,0,,,,,,,,,infeasible
2021-02-11 09:30:00,4,34,0.0,0.0,0.0,0.14736666666666667,19.6665,6.0,0,,,,,,,,,infeasible
2021-02-11 10:00:00,4,34,0.0,0.0,0.0,0.8758666666666667,19.404,6.0,0,,,,,,,,,infeasible
2021-02-11 10:30:00,4,34,0.0,0.0,0.0,0.9252333333333332,19.047,6.0,0,,,,,,,,,infeasible
2021-02-11 11:00:00,4,34,0.0,0.0,0.0,0.14193333333333333,18.858,6.0,0,,,,,,,,,infeasible
2021-02-11 11:30:00,4,34,0.0,0.0,0.0,0.33766666666666667,19.2675,6.0,0,,,,,,,,,infeasible
2021-02-11 12:00:00,4,34,0.0,0.0,0.0,0.2524333333333333,18.963,6.0,0,,,,,,,,,infeasible
2021-02-11 12:30:00,4,34,0.0,0.0,0.0,0.19123333333333328,18.438,6.0,0,,,,,,,,,infeasible
2021-02-11 13:00:00,4,34,0.0,0.0,0.0,0.11456666666666666,18.7425,6.0,0,,,,,,,,,infeasible
2021-02-11 13:30:00,4,34,0.0,0.0,0.0,0.098,15.2145,6.0,0,,,,,,,,,infeasible
2021-02-11 14:00:00,4,34,0.0,0.0,0.0,0.26053333333333334,17.7765,6.0,0,,,,,,,,,infeasible
2021-02-11 14:30:00,4,34,0.0,0.0,0.0,0.16636666666666666,16.758,6.0,0,,,,,,,,,infeasible
2021-02-11 15:00:00,4,34,0.0,0.0,0.0,0.21253333333333332,16.422,6.0,0,,,,,,,,,infeasible
2021-02-11 15:30:00,4,34,0.0,0.0,0.0,0.25680000000000003,16.758,6.0,0,,,,,,,,,infeasible
2021-02-11 16:00:00,4,34,0.0,0.0,0.0,0.2062,29.358,6.0,0,,,,,,,,,infeasible
2021-02-11 16:30:00,4,34,0.0,0.0,0.0,0.38976666666666665,34.9965,6.0,0,,,,,,,,,infeasible
2021-02-11 17:00:00,4,34,0.0,0.0,0.0,1.6569333333333334,34.65,6.0,0,,,,,,,,,infeasible
2021-02-11 17:30:00,4,34,0.0,0.0,0.0,2.086733333333333,34.9965,6.0,0,,,,,,,,,infeasible
2021-02-11 18:00:00,4,34,0.0,0.0,0.0,1.1056,34.9965,6.0,0,,,,,,,,,infeasible
2021-02-11 18:30:00,4,34,0.0,0.0,0.0,0.2258666666666667,30.4815,6.0,0,,,,,,,,,infeasible
2021-02-11 19:00:00,4,34,0.0,0.0,0.0,0.3041666666666667,21.4305,6.0,0,,,,,,,,,infeasible
2021-02-11 19:30:00,4,34,0.0,0.0,0.0,0.14843333333333333,14.3325,6.0,0,,,,,,,,,infeasible
2021-02-11 20:00:00,4,34,0.0,0.0,0.0,0.31060000000000004,13.692,6.0,0,,,,,,,,,infeasible
2021-02-11 20:30:00,4,34,0.0,0.0,0.0,0.31426666666666664,14.007,6.0,0,,,,,,,,,infeasible
2021-02-11 21:00:00,4,34,0.0,0.0,0.0,0.48869999999999997,12.873,6.0,0,,,,,,,,,infeasible
2021-02-11 21:30:00,4,34,0.0,0.0,0.0,0.334,12.684,6.0,0,,,,,,,,,infeasible
2021-02-11 22:00:00,4,34,0.0,0.0,0.0,0.48733333333333334,12.306,6.0,0,,,,,,,,,infeasible
2021-02-11 22:30:00,4,34,0.0,0.0,0.0,0.19503333333333334,10.6365,6.0,0,,,,,,,,,infeasible
2021-02-11 23:00:00,4,34,0.0,0.0,0.0,0.2394333333333333,11.2455,6.0,0,,,,,,,,,infeasible
2021-02-11 23:30:00,4,34,0.0,0.0,0.0,0.2357,11.2455,6.0,0,,,,,,,,,infeasible
2021-02-12 00:00:00,4,34,0.0,0.0,0.0,0.054,10.3635,6.0,0,,,,,,,,,infeasible
2021-02-12 00:30:00,4,34,0.0,0.0,0.0,0.08153333333333333,10.8045,6.0,0,,,,,,,,,infeasible
2021-02-12 01:00:00,4,34,0.0,0.0,0.0,0.11193333333333334,11.025,6.0,0,,,,,,,,,infeasible
2021-02-12 01:30:00,4,34,0.0,0.0,0.0,0.20066666666666663,10.3635,6.0,0,,,,,,,,,infeasible
2021-02-12 02:00:00,4,34,0.0,0.0,0.0,0.1248,10.8045,6.0,0,,,,,,,,,infeasible
2021-02-12 02:30:00,4,34,0.0,0.0,0.0,0.098,10.059,6.0,0,,,,,,,,,infeasible
2021-02-12 03:00:00,4,34,0.0,0.0,0.0,0.17133333333333334,10.584,6.0,0,,,,,,,,,infeasible
2021-02-12 03:30:00,4,34,0.0,0.0,0.0,0.0658,9.4185,6.0,0,,,,,,,,,infeasible
2021-02-12 04:00:00,4,34,0.0,0.0,0.0,0.1863333333333333,10.3635,6.0,0,,,,,,,,,infeasible
2021-02-12 04:30:00,4,34,0.0,0.0,0.0,0.142,9.8385,6.0,0,,,,,,,,,infeasible
2021-02-12 05:00:00,4,34,0.0,0.0,0.0,0.11693333333333333,11.067,6.0,0,,,,,,,,,infeasible
2021-02-12 05:30:00,4,34,0.0,0.0,0.0,0.0692,10.8465,6.0,0,,,,,,,,,infeasible
2021-02-12 06:00:00,4,34,0.0,0.0,0.0,0.26306666666666667,13.671,6.0,0,,,,,,,,,infeasible
2021-02-12 06:30:00,4,34,0.0,0.0,0.0,0.06973333333333333,12.348,6.0,0,,,,,,,,,infeasible
2021-02-12 07:00:00,4,34,0.0,0.0,0.0,0.1248,14.3325,6.0,0,,,,,,,,,infeasible
2021-02-12 07:30:00,4,34,0.0,0.0,0.0,0.2553333333333333,15.393,6.0,0,,,,,,,,,infeasible
2021-02-12 08:00:00,4,34,0.0,0.0,0.0,0.06066666666666666,13.587,6.0,0,,,,,,,,,infeasible
2021-02-12 08:30:00,4,34,0.0,0.0,0.0,0.26213333333333333,16.1385,6.0,0,,,,,,,,,infeasible
2021-02-12 09:00:00,4,34,0.0,0.0,0.0,0.08316666666666667,14.595,6.0,0,,,,,,,,,infeasible
2021-02-12 09:30:00,4,34,0.0,0.0,0.0,0.1501333333333333,14.637,6.0,0,,,,,,,,,infeasible
2021-02-12 10:00:00,4,34,0.0,0.0,0.0,0.256,13.9125,6.0,0,,,,,,,,,infeasible
2021-02-12 10:30:00,4,34,0.0,0.0,0.0,0.06866666666666667,13.3665,6.0,0,,,,,,,,,infeasible
2021-02-12 11:00:00,4,34,0.0,0.0,0.0,0.15480000000000002,13.0095,6.0,0,,,,,,,,,infeasible
2021-02-12 11:30:00,4,34,0.0,0.0,0.0,0.43019999999999997,13.8915,6.0,0,,,,,,,,,infeasible
2021-02-12 12:00:00,4,34,0.0,0.0,0.0,0.1398,13.188,6.0,0,,,,,,,,,infeasible
2021-02-12 12:30:00,4,34,0.0,0.0,0.0,0.14603333333333332,12.5685,6.0,0,,,,,,,,,infeasible
2021-02-12 13:00:00,4,34,0.0,0.0,0.0,0.41853333333333337,12.285,6.0,0,,,,,,,,,infeasible
2021-02-12 13:30:00,4,34,0.0,0.0,0.0,0.11836666666666666,11.487,6.0,0,,,,,,,,,infeasible
2021-02-12 14:00:00,4,34,0.0,0.0,0.0,0.22066666666666662,11.802,6.0,0,,,,,,,,,infeasible
2021-02-12 14:30:00,4,34,0.0,0.0,0.0,0.6001666666666666,11.2245,6.0,0,,,,,,,,,infeasible
2021-02-12 15:00:00,4,34,0.0,0.0,0.0,0.219,11.025,6.0,0,,,,,,,,,infeasible
2021-02-12 15:30:00,4,34,0.0,0.0,0.0,0.2607333333333333,11.907,6.0,0,,,,,,,,,infeasible
2021-02-12 16:00:00,4,34,0.0,0.0,0.0,0.17473333333333332,25.83,6.0,0,,,,,,,,,infeasible
2021-02-12 16:30:00,4,34,0.0,0.0,0.0,0.177,28.035,6.0,0,,,,,,,,,infeasible
2021-02-12 17:00:00,4,34,0.0,0.0,0.0,0.1669,28.119,6.0,0,,,,,,,,,infeasible
2021-02-12 17:30:00,4,34,0.0,0.0,0.0,0.38713333333333333,30.156,6.0,0,,,,,,,,,infeasible
2021-02-12 18:00:00,4,34,0.0,0.0,0.0,0.1987,29.1585,6.0,0,,,,,,,,,infeasible
2021-02-12 18:30:00,4,34,0.0,0.0,0.0,0.3226,26.712,6.0,0,,,,,,,,,infeasible
2021-02-12 19:00:00,4,34,0.0,0.0,0.0,0.30426666666666663,15.435,6.0,0,,,,,,,,,infeasible
2021-02-12 19:30:00,4,34,0.0,0.0,0.0,0.25876666666666664,13.566,6.0,0,,,,,,,,,infeasible
2021-02-12 20:00:00,4,34,0.0,0.0,0.0,0.15530000000000002,12.789,6.0,0,,,,,,,,,infeasible
2021-02-12 20:30:00,4,34,0.0,0.0,0.0,0.7389666666666667,12.1275,6.0,0,,,,,,,,,infeasible
2021-02-12 21:00:00,4,34,0.0,0.0,0.0,1.5696666666666668,13.671,6.0,0,,,,,,,,,infeasible
2021-02-12 21:30:00,4,34,0.0,0.0,0.0,0.7293999999999999,10.668,6.0,0,,,,,,,,,infeasible
2021-02-12 22:00:00,4,34,0.0,0.0,0.0,0.4382,11.7285,6.0,0,,,,,,,,,infeasible
2021-02-12 22:30:00,4,34,0.0,0.0,0.0,0.31256666666666666,11.025,6.0,0,,,,,,,,,infeasible
2021-02-12 23:00:00,4,34,0.0,0.0,0.0,0.19753333333333334,10.689,6.0,0,,,,,,,,,infeasible
2021-02-12 23:30:00,4,34,0.0,0.0,0.0,0.07706666666666666,8.1585,6.0,0,,,,,,,,,infeasible
2021-02-13 00:00:00,4,34,0.0,0.0,0.0,0.098,9.3975,6.0,0,,,,,,,,,infeasible
2021-02-13 00:30:00,4,34,0.0,0.0,0.0,0.034,10.059,6.0,0,,,,,,,,,infeasible
2021-02-13 01:00:00,4,34,0.0,0.0,0.0,0.034,9.261,6.0,0,,,,,,,,,infeasible
2021-02-13 01:30:00,4,34,0.0,0.0,0.0,0.034,8.1585,6.0,0,,,,,,,,,infeasible
2021-02-13 02:00:00,4,34,0.0,0.0,0.0,0.034,9.4815,6.0,0,,,,,,,,,infeasible
2021-02-13 02:30:00,4,34,0.0,0.0,0.0,0.034,8.379,6.0,0,,,,,,,,,infeasible
2021-02-13 03:00:00,4,34,0.0,0.0,0.0,0.034,9.5235,6.0,0,,,,,,,,,infeasible
2021-02-13 03:30:00,4,34,0.0,0.0,0.0,0.034,8.1375,6.0,0,,,,,,,,,infeasible
2021-02-13 04:00:00,4,34,0.0,0.0,0.0,0.034,10.0905,6.0,0,,,,,,,,,infeasible
2021-02-13 04:30:00,4,34,0.0,0.0,0.0,0.034,7.539,6.0,0,,,,,,,,,infeasible
2021-02-13 05:00:00,4,34,0.0,0.0,0.0,0.034,7.938,6.0,0,,,,,,,,,infeasible
2021-02-13 05:30:00,4,34,0.0,0.0,0.0,0.034,8.274,6.0,0,,,,,,,,,infeasible
2021-02-13 06:00:00,4,34,0.0,0.0,0.0,0.077,9.261,6.0,0,,,,,,,,,infeasible
2021-02-13 06:30:00,4,34,0.0,0.0,0.0,0.121,9.9225,6.0,0,,,,,,,,,infeasible
2021-02-13 07:00:00,4,34,0.0,0.0,0.0,0.069,9.702,6.0,0,,,,,,,,,infeasible
2021-02-13 07:30:00,4,34,0.0,0.0,0.0,0.05363333333333333,10.584,6.0,0,,,,,,,,,infeasible
2021-02-13 08:00:00,4,34,0.0,0.0,0.0,0.07043333333333333,10.143,6.0,0,,,,,,,,,infeasible
2021-02-13 08:30:00,4,34,0.0,0.0,0.0,0.053700000000000005,13.0095,6.0,0,,,,,,,,,infeasible
2021-02-13 09:00:00,4,34,0.0,0.0,0.0,0.044,11.025,6.0,0,,,,,,,,,infeasible
2021-02-13 09:30:00,4,34,0.0,0.0,0.0,0.044,12.789,6.0,0,,,,,,,,,infeasible
2021-02-13 10:00:00,4,34,0.0,0.0,0.0,0.044,12.1275,6.0,0,,,,,,,,,infeasible
2021-02-13 10:30:00,4,34,0.0,0.0,0.0,0.044,12.1695,6.0,0,,,,,,,,,infeasible
2021-02-13 11:00:00,4,34,0.0,0.0,0.0,0.293,12.306,6.0,0,,,,,,,,,infeasible
2021-02-13 11:30:00,4,34,0.0,0.0,0.0,1.4348666666666665,13.23,6.0,0,,,,,,,,,infeasible
2021-02-13 12:00:00,4,34,0.0,0.0,0.0,0.05106666666666667,13.671,6.0,0,,,,,,,,,infeasible
2021-02-13 12:30:00,4,34,0.0,0.0,0.0,0.054,13.9335,6.0,0,,,,,,,,,infeasible
2021-02-13 13:00:00,4,34,0.0,0.0,0.0,0.17593333333333333,13.293,6.0,0,,,,,,,,,infeasible
2021-02-13 13:30:00,4,34,0.0,0.0,0.0,0.09646666666666669,12.1065,6.0,0,,,,,,,,,infeasible
2021-02-13 14:00:00,4,34,0.0,0.0,0.0,0.072,11.571,6.0,0,,,,,,,,,infeasible
2021-02-13 14:30:00,4,34,0.0,0.0,0.0,0.07970000000000001,11.025,6.0,0,,,,,,,,,infeasible
2021-02-13 15:00:00,4,34,0.0,0.0,0.0,0.22796666666666668,10.8465,6.0,0,,,,,,,,,infeasible
2021-02-13 15:30:00,4,34,0.0,0.0,0.0,1.3220666666666665,11.2455,6.0,0,,,,,,,,,infeasible
2021-02-13 16:00:00,4,34,0.0,0.0,0.0,0.5794666666666667,23.8665,6.0,0,,,,,,,,,infeasible
2021-02-13 16:30:00,4,34,0.0,0.0,0.0,0.3456666666666667,27.4575,6.0,0,,,,,,,,,infeasible
2021-02-13 17:00:00,4,34,0.0,0.0,0.0,0.2529333333333333,27.3735,6.0,0,,,,,,,,,infeasible
2021-02-13 17:30:00,4,34,0.0,0.0,0.0,0.9192666666666668,30.4605,6.0,0,,,,,,,,,infeasible
2021-02-13 18:00:00,4,34,0.0,0.0,0.0,2.6285666666666665,30.0195,6.0,0,,,,,,,,,infeasible
2021-02-13 18:30:00,4,34,0.0,0.0,0.0,1.989233333333333,26.9325,6.0,0,,,,,,,,,infeasible
2021-02-13 19:00:00,4,34,0.0,0.0,0.0,0.12003333333333331,14.595,6.0,0,,,,,,,,,infeasible
2021-02-13 19:30:00,4,34,0.0,0.0,0.0,0.2397333333333333,12.4845,6.0,0,,,,,,,,,infeasible
2021-02-13 20:00:00,4,34,0.0,0.0,0.0,0.3765,12.1275,6.0,0,,,,,,,,,infeasible
2021-02-13 20:30:00,4,34,0.0,0.0,0.0,0.272,12.1275,6.0,0,,,,,,,,,infeasible
2021-02-13 21:00:00,4,34,0.0,0.0,0.0,0.426,12.789,6.0,0,,,,,,,,,infeasible
2021-02-13 21:30:00,4,34,0.0,0.0,0.0,0.18619999999999998,11.907,6.0,0,,,,,,,,,infeasible
2021-02-13 22:00:00,4,34,0.0,0.0,0.0,0.2971333333333333,11.025,6.0,0,,,,,,,,,infeasible
2021-02-13 22:30:00,4,34,0.0,0.0,0.0,0.23166666666666663,8.2005,6.0,0,,,,,,,,,infeasible
2021-02-13 23:00:00,4,34,0.0,0.0,0.0,0.16723333333333332,9.5655,6.0,0,,,,,,,,,infeasible
2021-02-13 23:30:00,4,34,0.0,0.0,0.0,0.1252666666666667,7.056,6.0,0,,,,,,,,,infeasible
2021-02-07 00:00:00,5,34,0.0,0.0,0.0,0.065,9.261,6.0,0,21.0,55.0,0.12,0.0,0.0,0.0,0.0,47.952,optimal
2021-02-07 00:30:00,5,34,0.0,0.0,0.0,0.065,10.3635,6.0,0,20.9542181618439,55.0,0.12,0.0,0.0,0.0,0.0,47.904047999999996,optimal
2021-02-07 01:00:00,5,34,0.0,0.0,0.0,0.072,8.274,6.0,0,20.908285328667326,55.0,0.12,0.0,0.0,0.0,0.0,47.856143952,optimal
2021-02-07 01:30:00,5,34,0.0,0.0,0.0,0.212,7.7175,6.0,0,20.862300602065286,55.0,0.12,0.0,0.0,0.0,0.0,47.80828780804799,optimal
2021-02-07 02:00:00,5,34,0.0,0.0,0.0,0.065,6.615,6.0,0,20.81827831473666,55.0,0.12,0.0,0.0,0.0,0.0,47.76047952023995,optimal
2021-02-07 02:30:00,5,34,0.0,0.0,0.0,0.177,6.174,6.0,0,20.77216707705929,55.0,0.12,0.0,0.0,0.0,0.0,47.712719040719705,optimal
2021-02-07 03:00:00,5,34,2.0,0.0,0.0,0.107,3.906,6.0,0,20.72748465901973,55.0,0.16066666666666668,2750.333333333333,0.0,4249.666666666667,0.0,47.66500632167899,optimal
2021-02-07 03:30:00,5,34,2.0,0.0,0.0,0.065,2.3415,6.0,0,20.720433639955512,55.0,0.16066666666666668,7000.0,0.0,0.0,0.0,47.61734131535731,optimal
2021-02-07 04:00:00,5,34,2.0,0.0,0.0,0.065,2.205,6.0,0,20.772579737893146,55.0,0.16066666666666668,7000.0,0.0,0.0,0.0,47.56972397404195,optimal
2021-02-07 04:30:00,5,34,2.0,0.0,1.4112141297153802,0.219,0.882,6.0,0,20.82444136377151,55.0,0.16066666666666668,7000.0,0.0,0.0,0.0,48.192480961682705,optimal
2021-02-07 05:00:00,5,34,2.0,0.0,0.0,0.065,1.5435,6.0,0,20.87832954125302,55.0,0.16066666666666668,7000.0,0.0,0.0,0.0,48.144288480721016,optimal
2021-02-07 05:30:00,5,34,2.0,0.0,0.0,0.107,1.5435,6.0,0,20.929896658922686,55.0,0.16066666666666668,7000.0,0.0,0.0,0.0,48.096144192240295,optimal
2021-02-07 06:00:00,5,34,1.308533125352455,0.0,0.0,0.17633333333333334,5.0715,6.0,0,20.981912251090783,55.0,0.16066666666666668,4579.865938733593,0.0,0.0,0.0,48.048048048048045,optimal
2021-02-07 06:30:00,5,34,0.0,0.0,0.0,0.11153333333333332,5.376,6.0,0,21.000971982502893,55.0,0.16066666666666668,0.0,0.0,0.0,0.0,48.0,optimal
2021-02-07 07:00:00,5,34,2.0,0.0,0.0,0.31543333333333334,5.0715,6.0,0,20.95532076550137,55.0,0.14632,7000.0,0.0,0.0,0.0,47.88847325715614,optimal
2021-02-07 07:30:00,5,34,0.0,0.0,0.0,0.20666666666666664,5.5125,6.0,0,21.011631177091683,55.0,0.134,0.0,0.0,0.0,0.0,47.777058041055135,optimal
2021-02-07 08:00:00,5,34,0.0,0.0,0.0,0.45266666666666666,9.261,6.0,0,20.97395692237296,55.0,0.128,0.0,0.0,0.0,0.0,47.66575424017022,optimal
2021-02-07 08:30:00,5,34,0.0,0.0,0.0,0.131,11.7075,6.0,0,20.93243612323781,55.0,0.128,0.0,0.0,0.0,0.0,47.5545617430862,optimal
2021-02-07 09:00:00,5,34,0.0,0.0,0.0,0.096,12.348,6.0,0,20.879971003630125,55.0,0.128,0.0,0.0,0.0,0.0,47.44348043849926,optimal
2021-02-07 09:30:00,5,34,0.0,0.0,0.0,0.208,12.348,6.0,0,20.827066278082263,55.0,0.128,0.0,0.0,0.0,0.0,47.3325102152169,optimal
2021-02-07 10:00:00,5,34,0.0,0.0,0.0,0.11166666666666669,12.1275,6.0,0,20.776027034631912,55.0,0.128,0.0,0.0,0.0,0.0,47.221650962157824,optimal
2021-02-07 10:30:00,5,34,0.0,0.0,0.0,0.159,12.5265,6.0,0,20.72465944090532,55.0,0.128,0.0,0.0,0.0,0.0,47.11090256835181,optimal
2021-02-07 11:00:00,5,34,0.0,0.0,0.0,3.1305666666666667,11.7495,6.0,0,20.67313291272827,55.0,0.128,0.0,0.0,0.0,0.0,47.00026492293961,optimal
2021-02-07 11:30:00,5,34,0.0,0.0,0.0,2.4793000000000003,13.23,6.0,0,20.640819842934956,55.0,0.12666666666666668,0.0,0.0,0.0,0.0,46.88973791517281,optimal
2021-02-07 12:00:00,5,34,0.0,0.0,0.0,0.40463333333333334,14.3325,6.0,0,20.60252787703299,55.0,0.12666666666666668,0.0,0.0,0.0,0.0,46.77932143441378,optimal
2021-02-07 12:30:00,5,34,0.0,0.0,0.0,0.3823666666666667,14.994,6.0,0,20.558800560361473,55.0,0.124,0.0,0.0,0.0,0.0,46.66901537013551,optimal
2021-02-07 13:00:00,5,34,0.0,0.0,0.0,1.2077,14.8155,6.0,0,20.51489521967971,55.0,0.12133333333333333,0.0,0.0,0.0,0.0,46.55881961192152,optimal
2021-02-07 13:30:00,5,34,0.0,0.0,0.0,3.0525333333333333,14.112,6.0,0,20.470643652599925,55.0,0.11866666666666667,0.0,0.0,0.0,0.0,46.44873404946574,optimal
2021-02-07 14:00:00,5,34,0.0,0.0,0.0,2.5319333333333334,14.007,6.0,0,20.437326413694176,55.0,0.11466666666666667,0.0,0.0,0.0,0.0,46.338758572572424,optimal
2021-02-07 14:30:00,5,34,0.0,0.0,0.0,0.513,13.23,6.0,0,20.405705253547065,55.0,0.10933333333333334,0.0,0.0,0.0,0.0,46.228893071155994,optimal
2021-02-07 15:00:00,5,34,0.0,0.0,0.0,0.366,11.382,6.0,0,20.365843064014264,55.0,0.10933333333333334,0.0,0.0,0.0,0.0,46.11913743524098,optimal
2021-02-07 15:30:00,5,34,0.0,0.0,0.0,0.8188,11.7495,6.0,0,20.32441064867841,55.0,0.10866666666666666,0.0,0.0,0.0,0.0,46.00949155496188,optimal
2021-02-07 16:00:00,5,34,0.0,0.0,0.0,1.9933333333333332,24.3285,6.0,0,20.29336332076539,55.0,0.10866666666666666,0.0,0.0,0.0,0.0,45.899955320563066,optimal
2021-02-07 16:30:00,5,34,0.0,0.0,0.0,1.6168333333333333,28.917,6.0,0,20.256683541491018,55.0,0.10866666666666666,0.0,0.0,0.0,0.0,45.79052862239865,optimal
2021-02-07 17:00:00,5,34,0.0,0.0,0.0,0.14726666666666668,31.3635,6.0,0,20.216315398716986,55.0,0.10466666666666667,0.0,0.0,0.0,0.0,45.681211350932394,optimal
2021-02-07 17:30:00,5,34,0.0,0.0,0.0,0.4992,33.306,6.0,0,20.17142895094641,55.0,0.06,0.0,0.0,0.0,0.0,45.63553013958146,optimal
2021-02-07 18:00:00,5,34,0.0,0.0,0.0,0.09073333333333332,31.3425,6.0,0,20.137616719317748,55.0,0.058,0.0,0.0,0.0,0.0,45.58989460944188,optimal
2021-02-07 18:30:00,5,34,0.0,0.0,0.0,0.10643333333333334,28.2555,6.0,0,20.10588819733877,55.0,0.058,0.0,0.0,0.0,0.0,45.544304714832435,optimal
2021-02-07 19:00:00,5,34,0.0,0.0,0.0,0.23676666666666668,15.6975,6.0,0,20.07529938056865,55.0,0.058,0.0,0.0,0.0,0.0,45.498760410117605,optimal
2021-02-07 19:30:00,5,34,0.0,0.0,0.0,2.222033333333333,12.5475,6.0,0,20.04819617462016,55.0,0.05533333333333333,0.0,0.0,0.0,0.0,45.453261649707486,optimal
2021-02-07 20:00:00,5,34,0.0,0.0,0.0,2.0424,12.0855,6.0,0,20.027656026031977,55.0,0.05333333333333334,0.0,0.0,0.0,0.0,45.40780838805778,optimal
2021-02-07 20:30:00,5,34,0.0,0.0,0.0,0.8194666666666667,11.907,6.0,0,20.0,55.0,0.05,0.0,0.0,0.0,0.0,45.362400579669725,optimal
2021-02-07 21:00:00,5,34,0.0,0.0,0.0,0.42210000000000003,12.5685,6.0,0,19.97482361739678,55.0,0.05,0.0,0.0,0.0,0.0,45.317038179090055,optimal
2021-02-07 21:30:00,5,34,0.0,0.0,0.0,1.6144333333333334,13.146,6.0,0,19.940866382053997,55.0,0.0019999999999999996,0.0,0.0,0.0,0.0,45.27172114091096,optimal
2021-02-07 22:00:00,5,34,0.0,0.0,0.0,1.1371,10.584,6.0,0,19.911596474491347,55.0,0.001333333333333333,0.0,0.0,0.0,0.0,45.22644941977005,optimal
2021-02-07 22:30:00,5,34,0.0,0.0,0.0,1.7739666666666667,6.678,6.0,0,19.877503444548893,55.0,0.0,0.0,0.0,0.0,0.0,45.18122297035028,optimal
2021-02-07 23:00:00,5,34,0.0,0.0,0.0,0.6411666666666667,7.938,6.0,0,19.843053872643786,55.0,0.0,0.0,0.0,0.0,0.0,45.13604174737993,optimal
2021-02-07 23:30:00,5,34,0.0,0.0,0.0,0.19933333333333328,5.292,6.0,0,19.80070096477898,55.0,0.0,0.0,0.0,0.0,0.0,45.09090570563255,optimal
2021-02-08 00:00:00,5,34,2.0,0.0,0.0,0.052,5.9745,6.0,0,19.80070096477898,55.0,0.0,7000.0,0.0,0.0,0.0,45.045814799926916,optimal
2021-02-08 00:30:00,5,34,2.0,0.0,0.0,0.17003333333333334,7.938,6.0,0,19.85259078261934,55.0,0.024666666666666667,4422.333333333334,0.0,2577.6666666666665,0.0,45.00076898512699,optimal
2021-02-08 01:00:00,5,34,2.0,0.0,0.0,0.1217,8.6835,6.0,0,19.869661907449704,55.0,0.024666666666666667,7000.0,0.0,0.0,0.0,44.95576821614186,optimal
2021-02-08 01:30:00,5,34,2.0,0.0,0.0,0.15586666666666668,7.665,6.0,0,19.922342253942084,55.0,0.024666666666666667,7000.0,0.0,0.0,0.0,44.91081244792572,optimal
2021-02-08 02:00:00,5,34,2.0,0.0,0.0,0.12246666666666668,6.7725,6.0,0,19.975218298175513,55.0,0.024666666666666667,7000.0,0.0,0.0,0.0,44.8659016354778,optimal
2021-02-08 02:30:00,5,34,2.0,0.0,0.0,0.13906666666666667,5.5755,6.0,0,20.027336987754317,55.0,0.024666666666666667,7000.0,0.0,0.0,0.0,44.82103573384232,optimal
2021-02-08 03:00:00,5,34,2.0,0.0,3.0,0.12566666666666668,5.0925,6.0,0,20.07968379201766,55.0,0.024666666666666667,7000.0,0.0,0.0,0.0,46.20121469810848,optimal
2021-02-08 03:30:00,5,34,2.0,0.0,3.0,0.18466666666666662,4.1895,6.0,0,20.131835156758303,55.0,0.024666666666666667,7000.0,0.0,0.0,0.0,47.58001348341037,optimal
2021-02-08 04:00:00,5,34,2.0,0.0,0.0,0.1807333333333333,7.056,6.0,0,20.184533775311824,55.0,0.024666666666666667,7000.0,0.0,0.0,0.0,47.53243346992696,optimal
2021-02-08 04:30:00,5,34,2.0,0.0,1.9984566470840475,0.0616,5.271,6.0,0,20.236890933692923,55.0,0.024666666666666667,7000.0,0.0,0.0,0.0,48.434167943821954,optimal
2021-02-08 05:00:00,5,34,2.0,0.0,0.0,0.20533333333333328,7.938,6.0,0,20.287144326565635,55.0,0.024666666666666667,7000.0,0.0,0.0,0.0,48.38573377587813,optimal
2021-02-08 05:30:00,5,34,2.0,0.0,0.0,0.16006666666666666,7.938,6.0,0,20.339005522364467,55.0,0.024666666666666667,7000.0,0.0,0.0,0.0,48.33734804210225,optimal
2021-02-08 06:00:00,5,34,2.0,0.0,0.0,0.1694,11.907,6.0,0,20.389944901885833,55.0,0.024666666666666667,7000.0,0.0,0.0,0.0,48.289010694060146,optimal
2021-02-08 06:30:00,5,34,2.0,0.0,0.0,0.2007333333333333,11.025,6.0,0,20.44060786910083,55.0,0.024666666666666667,7000.0,0.0,0.0,0.0,48.240721683366075,optimal
2021-02-08 07:00:00,5,34,2.0,0.0,0.0,0.052,11.2875,6.0,0,20.491483900110637,55.0,0.024666666666666667,7000.0,0.0,0.0,0.0,48.192480961682705,optimal
2021-02-08 07:30:00,5,34,0.0,0.0,0.0,0.2467333333333333,12.936,6.0,0,20.54005744370661,55.0,0.024666666666666667,0.0,0.0,0.0,0.0,48.144288480721016,optimal
2021-02-08 08:00:00,5,34,0.0,0.0,0.0,0.33316666666666667,13.0095,6.0,0,20.49283834023623,55.0,0.024666666666666667,0.0,0.0,0.0,0.0,48.096144192240295,optimal
2021-02-08 08:30:00,5,34,0.0,0.0,0.0,0.5478999999999999,13.671,6.0,0,20.44931682902197,55.0,0.02266666666666667,0.0,0.0,0.0,0.0,48.048048048048045,optimal
2021-02-08 09:00:00,5,34,0.0,0.0,0.0,2.8914,13.188,6.0,0,20.40766277570182,55.0,0.02266666666666667,0.0,0.0,0.0,0.0,48.0,optimal
2021-02-08 09:30:00,5,34,0.0,0.0,0.0,1.1830333333333334,13.8495,6.0,0,20.368189059385035,55.0,0.020666666666666667,0.0,0.0,0.0,0.0,47.72879528363896,optimal
2021-02-08 10:00:00,5,34,0.0,0.0,0.0,3.3254333333333332,13.23,6.0,0,20.328571329196222,55.0,0.016,0.0,0.0,0.0,0.0,47.45786177199428,optimal
2021-02-08 10:30:00,5,34,0.0,0.0,0.0,1.4148333333333332,13.3665,6.0,0,20.28806984560538,55.0,0.012,0.0,0.0,0.0,0.0,47.18719919386125,optimal
2021-02-08 11:00:00,5,34,0.5570357052117271,0.0,0.0,2.6300333333333334,13.0515,6.0,0,20.24684105879029,55.0,0.012,1949.6249682410446,0.0,0.0,0.0,46.916807278306344,optimal
2021-02-08 11:30:00,5,34,0.0,0.0,0.0,1.1079666666666668,13.5345,6.0,0,20.23340027544866,55.0,0.008666666666666666,0.0,0.0,0.0,0.0,46.646685754667,optimal
2021-02-08 12:00:00,5,34,0.0,0.0,0.0,0.6657333333333334,14.154,6.0,0,20.19283373835763,55.0,0.008666666666666666,0.0,0.0,0.0,0.0,46.37683435255129,optimal
2021-02-08 12:30:00,5,34,0.0,0.0,0.0,0.06936666666666666,14.112,6.0,0,20.146837586071022,55.0,0.008666666666666666,0.0,0.0,0.0,0.0,46.1072528018377,optimal
2021-02-08 13:00:00,5,34,0.0,0.0,0.0,0.1527666666666667,14.2485,6.0,0,20.094552541493243,55.0,0.008666666666666666,0.0,0.0,0.0,0.0,45.837940832674825,optimal
2021-02-08 13:30:00,5,34,2.0,0.0,0.0,0.15266666666666664,12.789,6.0,0,20.044201159859544,55.0,0.008666666666666666,7000.0,0.0,0.0,0.0,45.56889817548111,optimal
2021-02-08 14:00:00,5,34,2.0,0.0,0.0,0.10356666666666667,13.0095,6.0,0,20.09301865749133,55.0,0.008666666666666666,7000.0,0.0,0.0,0.0,45.30012456094459,optimal
2021-02-08 14:30:00,5,34,2.0,0.0,0.0,0.1723,12.1275,6.0,0,20.141289546692896,55.0,0.008666666666666666,7000.0,0.0,0.0,0.0,45.031619720022604,optimal
2021-02-08 15:00:00,5,34,2.0,0.0,0.0,0.15086666666666668,12.348,6.0,0,20.189859737586822,55.0,0.008666666666666666,7000.0,0.0,0.0,0.0,44.763383383941544,optimal
2021-02-08 15:30:00,5,34,2.0,0.0,0.0,0.16016666666666665,12.348,6.0,0,20.237582765530593,55.0,0.008666666666666666,7000.0,0.0,0.0,0.0,44.49541528419656,optimal
2021-02-08 16:00:00,5,34,0.0,0.0,0.0,0.2052333333333333,25.389,6.0,0,20.285457336896076,55.0,0.008666666666666666,0.0,0.0,0.0,0.0,44.227715152551326,optimal
2021-02-08 16:30:00,5,34,0.0,0.0,0.0,0.4938333333333333,29.1375,6.0,0,20.235178514127014,55.0,0.006666666666666667,0.0,0.0,0.0,0.0,43.960282721037736,optimal
2021-02-08 17:00:00,5,34,0.0,0.0,0.0,0.42573333333333335,30.597,6.0,0,20.19007433726914,55.0,0.0033333333333333335,0.0,0.0,0.0,0.0,43.69311772195566,optimal
2021-02-08 17:30:00,5,34,0.0,0.0,0.0,2.588966666666667,33.684,6.0,0,20.148072775864666,55.0,0.0026666666666666666,0.0,0.0,0.0,0.0,43.42621988787266,optimal
2021-02-08 18:00:00,5,34,0.0,0.0,0.0,0.6051333333333333,32.445,6.0,0,20.1107671236173,55.0,0.002,0.0,0.0,0.0,0.0,43.15958895162375,optimal
2021-02-08 18:30:00,5,34,0.0,0.0,0.0,0.3930666666666667,28.917,6.0,0,20.070240150280057,55.0,0.0,0.0,0.0,0.0,0.0,42.89322464631109,optimal
2021-02-08 19:00:00,5,34,0.0,0.0,0.0,2.2294666666666667,15.876,6.0,0,20.03269198953004,55.0,0.0,0.0,0.0,0.0,0.0,42.62712670530374,optimal
2021-02-08 19:30:00,5,34,0.6733980363321399,0.0,0.0,1.1686666666666667,12.348,6.0,0,20.0,55.0,0.0,2356.8931271624897,0.0,0.0,0.0,42.36129486223739,optimal
2021-02-08 20:00:00,5,34,0.9129559898443622,0.0,0.0,0.14873333333333333,12.1275,6.0,0,20.0,55.0,0.0,3195.3459644552677,0.0,0.0,0.0,42.095728851014115,optimal
2021-02-08 20:30:00,5,34,0.0,0.0,0.0,0.2936666666666667,12.348,6.0,0,20.0,55.0,0.0,0.0,0.0,0.0,0.0,41.83042840580206,optimal
2021-02-08 21:00:00,5,34,0.0,0.0,0.0,0.2913,12.1275,6.0,0,19.955767833355463,55.0,0.0,0.0,0.0,0.0,0.0,41.56539326103522,optimal
2021-02-08 21:30:00,5,34,0.0,0.0,0.0,0.052,12.1275,6.0,0,19.904396554852365,55.0,0.0,0.0,0.0,0.0,0.0,41.30062315141314,optimal
2021-02-08 22:00:00,5,34,0.0398095238095238,0.0,0.0,0.16583333333333333,11.2665,6.0,0,19.850212602610014,55.0,0.0,0.0,0.0,139.33333333333331,0.0,41.03611781190069,optimal
2021-02-08 22:30:00,5,34,0.0398095238095238,0.0,0.0,0.5358333333333334,10.143,6.0,0,19.79996043825562,55.0,0.0,0.0,0.0,139.33333333333331,0.0,40.99508169408879,optimal
2021-02-08 23:00:00,5,34,0.0,0.0,0.0,2.1026333333333334,11.2455,6.0,0,19.762220327509482,55.0,0.0,0.0,0.0,0.0,0.0,40.9540866123947,optimal
2021-02-08 23:30:00,5,34,0.0,0.0,0.0,0.1807333333333333,11.025,6.0,0,19.72649948587356,55.0,0.0,0.0,0.0,0.0,0.0,40.9131325257823,optimal
2021-02-09 00:00:00,5,34,2.0,0.0,3.0,1.6683333333333332,10.584,6.0,0,19.72649948587356,55.0,0.0,6791.0,0.0,209.0,0.0,42.29721939325652,optimal
2021-02-09 00:30:00,5,34,2.0,0.0,3.0,2.7448333333333332,11.2455,6.0,0,19.779554844456243,55.0,0.06698564593301436,0.0,0.0,7000.0,0.0,43.67992217386326,optimal
2021-02-09 01:00:00,5,34,2.0,0.0,0.0,2.119733333333333,12.1275,6.0,0,19.740940127228043,55.0,0.1339712918660287,0.0,0.0,7000.0,0.0,43.636242251689396,optimal
2021-02-09 01:30:00,5,34,2.0,0.0,0.0,2.2738,11.823,6.0,0,19.703661589946176,55.0,0.16933333333333334,2886.666666666667,0.0,4113.333333333333,0.0,43.59260600943771,optimal
2021-02-09 02:00:00,5,34,2.0,0.0,0.0,0.29806666666666665,11.7705,6.0,0,19.704740143099745,55.0,0.16933333333333334,7000.0,0.0,0.0,0.0,43.54901340342827,optimal
2021-02-09 02:30:00,5,34,2.0,0.0,3.0,0.24713333333333332,11.13,6.0,0,19.759534169037188,55.0,0.16933333333333334,7000.0,0.0,0.0,0.0,44.93046439002484,optimal
2021-02-09 03:00:00,5,34,2.0,0.0,0.7501674936251173,2.3226,11.6865,6.0,0,19.817167103007918,55.0,0.16933333333333334,7000.0,0.0,0.0,0.0,45.24186348510674,optimal
2021-02-09 03:30:00,5,34,2.0,0.0,3.0,0.437,10.7205,6.0,0,19.87525996736538,55.0,0.168,7000.0,0.0,0.0,0.0,46.62162162162162,optimal
2021-02-09 04:00:00,5,34,2.0,0.0,3.0,0.5403,11.424,6.0,0,19.933965296071293,55.0,0.16533333333333333,7000.0,0.0,0.0,0.0,48.0,optimal
2021-02-09 04:30:00,5,34,2.0,0.0,0.0,2.6204,10.689,6.0,0,19.992256556919575,55.0,0.162,7000.0,0.0,0.0,0.0,47.83035703994961,optimal
2021-02-09 05:00:00,5,34,2.0,0.0,0.0,0.20666666666666664,11.361,6.0,0,20.054743491176932,55.0,0.162,7000.0,0.0,0.0,0.0,47.660883722859275,optimal
2021-02-09 05:30:00,5,34,2.0,0.0,0.0,0.15259999999999999,11.571,6.0,0,20.105854428228263,55.0,0.162,7000.0,0.0,0.0,0.0,47.491579879086025,optimal
2021-02-09 06:00:00,5,34,0.0,0.0,0.0,0.137,14.3745,6.0,0,20.154627604635905,55.0,0.162,0.0,0.0,0.0,0.0,47.32244533915655,optimal
2021-02-09 06:30:00,5,34,2.0,0.0,0.0,0.41753333333333337,13.23,6.0,0,20.10436395120197,55.0,0.11,7000.0,0.0,0.0,0.0,47.15347993376701,optimal
2021-02-09 07:00:00,5,34,2.0,0.0,0.0,0.36186666666666667,13.9755,6.0,0,20.157633462947594,55.0,0.11,7000.0,0.0,0.0,0.0,46.98468349378285,optimal
2021-02-09 07:30:00,5,34,0.0,0.0,0.0,1.2229666666666668,14.994,6.0,0,20.21407485073383,55.0,0.10066666666666667,0.0,0.0,0.0,0.0,46.81605585023868,optimal
2021-02-09 08:00:00,5,34,2.0,0.0,0.0,3.8850666666666664,13.671,6.0,0,20.17384192636873,55.0,0.08,7000.0,0.0,0.0,0.0,46.64759683433806,optimal
2021-02-09 08:30:00,5,34,0.0,0.0,0.0,2.3455333333333335,15.981,6.0,0,20.23414054514939,55.0,0.074,0.0,0.0,0.0,0.0,46.47930627745333,optimal
2021-02-09 09:00:00,5,34,0.0,0.0,0.0,2.4711999999999996,15.6345,6.0,0,20.190789688457322,55.0,0.07133333333333333,0.0,0.0,0.0,0.0,46.31118401112549,optimal
2021-02-09 09:30:00,5,34,0.0,0.0,0.0,2.1883000000000004,16.5375,6.0,0,20.151016324602534,55.0,0.07066666666666667,0.0,0.0,0.0,0.0,46.14322986706398,optimal
2021-02-09 10:00:00,5,34,0.0,0.0,0.0,0.3895,14.7735,6.0,0,20.12032443484902,55.0,0.07066666666666667,0.0,0.0,0.0,0.0,45.97544367714653,optimal
2021-02-09 10:30:00,5,34,0.0,0.0,0.0,0.2962666666666667,15.2145,6.0,0,20.073339696072836,55.0,0.07066666666666667,0.0,0.0,0.0,0.0,45.807825273419,optimal
2021-02-09 11:00:00,5,34,0.2917813680292645,0.0,0.0,0.222,14.553,6.0,0,20.02875013513834,55.0,0.07,1021.2347881024258,0.0,0.0,0.0,45.64037448809519,optimal
2021-02-09 11:30:00,5,34,1.9162178051118828,0.0,0.0,0.3034,14.3325,6.0,0,20.0,55.0,0.07,6706.76231789159,0.0,0.0,0.0,45.47309115355671,optimal
2021-02-09 12:00:00,5,34,0.0,0.0,0.0,2.9961333333333333,14.595,6.0,0,20.05142098019985,55.0,0.06866666666666667,0.0,0.0,0.0,0.0,45.30597510235277,optimal
2021-02-09 12:30:00,5,34,0.0,0.0,0.0,1.4061,14.994,6.0,0,20.023880451231225,55.0,0.06466666666666666,0.0,0.0,0.0,0.0,45.13902616720003,optimal
2021-02-09 13:00:00,5,34,0.7798467081458027,0.0,0.0,0.5612666666666667,14.3325,6.0,0,20.0,55.0,0.06066666666666667,2729.4634785103094,0.0,0.0,0.0,44.97224418098244,optimal
2021-02-09 13:30:00,5,34,1.7551794891882022,0.0,0.0,2.673333333333333,13.8915,6.0,0,20.0,55.0,0.06066666666666667,6143.128212158708,0.0,0.0,0.0,44.80562897675107,optimal
2021-02-09 14:00:00,5,34,2.0,0.0,0.0,0.3582333333333333,13.8915,6.0,0,20.049470993904205,55.0,0.06066666666666667,7000.0,0.0,0.0,0.0,44.63918038772393,optimal
2021-02-09 14:30:00,5,34,2.0,0.0,0.0,2.661766666666667,13.4715,6.0,0,20.104720403999696,55.0,0.058666666666666666,7000.0,0.0,0.0,0.0,44.47289824728582,optimal
2021-02-09 15:00:00,5,34,2.0,0.0,0.0,1.6493333333333333,13.23,6.0,0,20.16575169476909,55.0,0.05533333333333333,7000.0,0.0,0.0,0.0,44.30678238898815,optimal
2021-02-09 15:30:00,5,34,2.0,0.0,0.0,0.5552333333333334,13.8915,6.0,0,20.23523666369764,55.0,0.05,7000.0,0.0,0.0,0.0,44.14083264654877,optimal
2021-02-09 16:00:00,5,34,0.0,0.0,0.0,3.0621666666666667,26.9325,6.0,0,20.297380414616345,55.0,0.05,0.0,0.0,0.0,0.0,44.096691813902225,optimal
2021-02-09 16:30:00,5,34,0.0,0.0,0.0,1.9253333333333333,30.303,6.0,0,20.26777081839099,55.0,0.048666666666666664,0.0,0.0,0.0,0.0,44.05259512208832,optimal
2021-02-09 17:00:00,5,34,0.0,0.0,0.0,2.4823000000000004,32.886,6.0,0,20.233510865191203,55.0,0.048666666666666664,0.0,0.0,0.0,0.0,44.00854252696623,optimal
2021-02-09 17:30:00,5,34,0.0,0.0,0.0,2.5831999999999997,34.9965,6.0,0,20.202884983582273,55.0,0.04533333333333334,0.0,0.0,0.0,0.0,43.964533984439264,optimal
2021-02-09 18:00:00,5,34,0.0,0.0,0.0,1.3236333333333334,33.327,6.0,0,20.169673962907854,55.0,0.042,0.0,0.0,0.0,0.0,43.92056945045483,optimal
2021-02-09 18:30:00,5,34,0.0,0.0,0.0,0.3918666666666667,31.122,6.0,0,20.13818678659764,55.0,0.02164,0.0,0.0,0.0,0.0,43.87664888100437,optimal
2021-02-09 19:00:00,5,34,0.0,0.0,0.0,0.4069,17.9025,6.0,0,20.10276883233658,55.0,0.001333333333333333,0.0,0.0,0.0,0.0,43.83277223212337,optimal
2021-02-09 19:30:00,5,34,0.0,0.0,0.0,0.7244333333333333,15.6555,6.0,0,20.067484255080682,55.0,0.001333333333333333,0.0,0.0,0.0,0.0,43.788939459891246,optimal
2021-02-09 20:00:00,5,34,0.0,0.0,0.0,3.0108333333333333,14.553,6.0,0,20.03418651163284,55.0,0.001333333333333333,0.0,0.0,0.0,0.0,43.74515052043135,optimal
2021-02-09 20:30:00,5,34,0.0,0.0,0.0,0.5610666666666667,14.3325,6.0,0,20.0,55.0,0.0,0.0,0.0,0.0,0.0,43.70140536991092,optimal
2021-02-09 21:00:00,5,34,0.0199047619047619,0.0,0.0,0.4547333333333333,13.335,6.0,0,19.96361969136175,55.0,0.0,0.0,0.0,69.66666666666666,0.0,43.657703964541014,optimal
2021-02-09 21:30:00,5,34,0.4976190476190476,0.0,0.0,0.4574666666666666,12.1275,6.0,0,19.927680136418363,55.0,0.016666666666666666,0.0,0.0,1741.6666666666667,0.0,43.61404626057647,optimal
2021-02-09 22:00:00,5,34,0.0,0.0,0.0,1.7824666666666666,12.2955,6.0,0,19.890742344666837,55.0,0.0,0.0,0.0,0.0,0.0,43.57043221431589,optimal
2021-02-09 22:30:00,5,34,0.0,0.0,0.0,1.4263,11.6865,6.0,0,19.85717878839868,55.0,0.0,0.0,0.0,0.0,0.0,43.52686178210158,optimal
2021-02-09 23:00:00,5,34,0.0,0.0,0.0,0.13753333333333334,11.466,6.0,0,19.81672881755868,55.0,0.0,0.0,0.0,0.0,0.0,43.48333492031948,optimal
2021-02-09 23:30:00,5,34,0.0,0.0,0.0,0.2007333333333333,10.8045,6.0,0,19.768735410126347,55.0,0.0,0.0,0.0,0.0,0.0,43.43985158539916,optimal
2021-02-10 00:00:00,5,34,2.0,0.0,2.044840860074439,0.06,10.8045,6.0,0,19.768735410126347,55.0,0.0,7000.0,0.0,0.0,0.0,44.36771114234912,optimal
2021-02-10 00:30:00,5,34,2.0,0.0,0.0,0.19946666666666668,11.508,6.0,0,19.817753712740757,55.0,0.06698564593301436,0.0,0.0,7000.0,0.0,44.32334343120677,optimal
2021-02-10 01:00:00,5,34,2.0,0.0,0.0,0.1288,11.508,6.0,0,19.76964202847017,55.0,0.114,2087.0,0.0,4913.0,0.0,44.279020087775564,optimal
2021-02-10 01:30:00,5,34,2.0,0.0,0.0,0.06,11.508,6.0,0,19.749810688120707,55.0,0.114,7000.0,0.0,0.0,0.0,44.234741067687786,optimal
2021-02-10 02:00:00,5,34,2.0,0.0,0.0,0.26826666666666665,11.844,6.0,0,19.798046209358688,55.0,0.114,7000.0,0.0,0.0,0.0,44.190506326620095,optimal
2021-02-10 02:30:00,5,34,2.0,0.0,0.0,0.06,11.508,6.0,0,19.84880489878494,55.0,0.114,7000.0,0.0,0.0,0.0,44.14631582029347,optimal
2021-02-10 03:00:00,5,34,2.0,0.0,0.0,0.097,11.508,6.0,0,19.89648623054302,55.0,0.114,7000.0,0.0,0.0,0.0,44.102169504473174,optimal
2021-02-10 03:30:00,5,34,2.0,0.0,3.0,0.17883333333333334,10.4475,6.0,0,19.944556372043362,55.0,0.114,7000.0,0.0,0.0,0.0,45.483067334968695,optimal
2021-02-10 04:00:00,5,34,2.0,0.0,3.0,0.11243333333333334,10.8675,6.0,0,19.993646269297574,55.0,0.114,7000.0,0.0,0.0,0.0,46.86258426763372,optimal
2021-02-10 04:30:00,5,34,2.0,0.0,3.0,0.1997,10.542,6.0,0,20.041663392966157,55.0,0.114,7000.0,0.0,0.0,0.0,48.240721683366075,optimal
2021-02-10 05:00:00,5,34,2.0,0.0,0.0,0.12856666666666666,11.025,6.0,0,20.090498520078174,55.0,0.114,7000.0,0.0,0.0,0.0,48.192480961682705,optimal
2021-02-10 05:30:00,5,34,2.0,0.0,0.0,0.1525,11.025,6.0,0,20.13791636064236,55.0,0.114,7000.0,0.0,0.0,0.0,48.144288480721016,optimal
2021-02-10 06:00:00,5,34,2.0,0.0,0.0,0.11526666666666668,14.553,6.0,0,20.18526104479694,55.0,0.114,7000.0,0.0,0.0,0.0,48.096144192240295,optimal
2021-02-10 06:30:00,5,34,2.0,0.0,0.0,0.26463333333333333,13.0935,6.0,0,20.23167049159498,55.0,0.09933333333333333,7000.0,0.0,0.0,0.0,48.048048048048045,optimal
2021-02-10 07:00:00,5,34,2.0,0.0,0.0,1.8037999999999998,15.6345,6.0,0,20.28128296875687,55.0,0.09666666666666666,7000.0,0.0,0.0,0.0,48.0,optimal
2021-02-10 07:30:00,5,34,0.0,0.0,0.0,0.7786000000000001,18.102,6.0,0,20.335840111380435,55.0,0.05,0.0,0.0,0.0,0.0,47.72752996848675,optimal
2021-02-10 08:00:00,5,34,0.0,0.0,0.0,0.8933333333333334,17.199,6.0,0,20.29016877612713,55.0,0.04666666666666667,0.0,0.0,0.0,0.0,47.45533240700502,optimal
2021-02-10 08:30:00,5,34,0.0,0.0,0.0,1.1215333333333333,18.2805,6.0,0,20.245385941688596,55.0,0.04466666666666667,0.0,0.0,0.0,0.0,47.18340704308476,optimal
2021-02-10 09:00:00,5,34,0.0,0.0,0.0,1.7121,17.4615,6.0,0,20.19907285595862,55.0,0.042,0.0,0.0,0.0,0.0,46.91175360452843,optimal
2021-02-10 09:30:00,5,34,0.0,0.0,0.0,0.6339333333333332,18.3225,6.0,0,20.163020376159132,55.0,0.03933333333333333,0.0,0.0,0.0,0.0,46.64037181941065,optimal
2021-02-10 10:00:00,5,34,0.0,0.0,0.0,0.5139333333333332,17.094,6.0,0,20.118429812312634,55.0,0.03933333333333333,0.0,0.0,0.0,0.0,46.369261416078,optimal
2021-02-10 10:30:00,5,34,1.3748705990656145,0.0,0.0,1.0211666666666666,17.094,6.0,0,20.07477608058343,55.0,0.03933333333333333,4812.047096729651,0.0,0.0,0.0,46.09842212314867,optimal
2021-02-10 11:00:00,5,34,2.0,0.0,0.0,0.863,17.094,6.0,0,20.100753653203792,55.0,0.03666666666666667,7000.0,0.0,0.0,0.0,45.82785366951227,optimal
2021-02-10 11:30:00,5,34,0.0,0.0,0.0,0.8982,17.3565,6.0,0,20.155789532902798,55.0,0.035333333333333335,0.0,0.0,0.0,0.0,45.55755578432951,optimal
2021-02-10 12:00:00,5,34,2.0,0.0,0.0,0.7738666666666667,17.115,6.0,0,20.113799581208408,55.0,0.030666666666666665,7000.0,0.0,0.0,0.0,45.28752819703193,optimal
2021-02-10 12:30:00,5,34,2.0,0.0,0.0,0.7613,17.241,6.0,0,20.169421267666333,55.0,0.029333333333333333,7000.0,0.0,0.0,0.0,45.017770637321654,optimal
2021-02-10 13:00:00,5,34,2.0,0.0,0.0,0.3929666666666666,17.094,6.0,0,20.224396994498505,55.0,0.027333333333333334,7000.0,0.0,0.0,0.0,44.74828283517108,optimal
2021-02-10 13:30:00,5,34,2.0,0.0,0.0,0.07,16.5165,6.0,0,20.279287703309517,55.0,0.027333333333333334,7000.0,0.0,0.0,0.0,44.47906452082266,optimal
2021-02-10 14:00:00,5,34,0.0,0.0,0.0,0.24126666666666668,17.8185,6.0,0,20.325369950867003,55.0,0.027333333333333334,0.0,0.0,0.0,0.0,44.21011542478859,optimal
2021-02-10 14:30:00,5,34,2.0,0.0,0.0,0.107,17.094,6.0,0,20.275597514122286,55.0,0.027333333333333334,7000.0,0.0,0.0,0.0,43.94143527785055,optimal
2021-02-10 15:00:00,5,34,2.0,0.0,0.0,0.13736666666666666,16.8945,6.0,0,20.322751975158546,55.0,0.027333333333333334,7000.0,0.0,0.0,0.0,43.67302381105945,optimal
2021-02-10 15:30:00,5,34,0.0,0.0,0.0,0.24063333333333334,18.123,6.0,0,20.370112360743196,55.0,0.027333333333333334,0.0,0.0,0.0,0.0,43.40488075573514,optimal
2021-02-10 16:00:00,5,34,0.0,0.0,0.0,0.2925,31.647,6.0,0,20.321755857961012,55.0,0.027333333333333334,0.0,0.0,0.0,0.0,43.137005843466156,optimal
2021-02-10 16:30:00,5,34,0.0,0.0,0.0,1.1069666666666667,34.9965,6.0,0,20.279903896420823,55.0,0.027333333333333334,0.0,0.0,0.0,0.0,42.86939880610944,optimal
2021-02-10 17:00:00,5,34,0.0,0.0,0.0,0.9379333333333332,34.9965,6.0,0,20.24140057162637,55.0,0.027333333333333334,0.0,0.0,0.0,0.0,42.826529407303326,optimal
2021-02-10 17:30:00,5,34,0.0,0.0,0.0,2.1436333333333333,34.9965,6.0,0,20.205811908936568,55.0,0.025333333333333333,0.0,0.0,0.0,0.0,42.783702877896026,optimal
2021-02-10 18:00:00,5,34,0.0,0.0,0.0,1.7578666666666665,34.9965,6.0,0,20.1737949595653,55.0,0.025333333333333333,0.0,0.0,0.0,0.0,42.74091917501813,optimal
2021-02-10 18:30:00,5,34,0.0,0.0,0.0,0.5291,34.9965,6.0,0,20.143170238583927,55.0,0.018,0.0,0.0,0.0,0.0,42.69817825584311,optimal
2021-02-10 19:00:00,5,34,0.0,0.0,0.0,1.2988,27.741,6.0,0,20.107574468715562,55.0,0.006666666666666667,0.0,0.0,0.0,0.0,42.65548007758727,optimal
2021-02-10 19:30:00,5,34,0.0,0.0,0.0,0.5306666666666666,19.026,6.0,0,20.07070821928317,55.0,0.005333333333333333,0.0,0.0,0.0,0.0,42.612824597509686,optimal
2021-02-10 20:00:00,5,34,0.0,0.0,0.0,1.0342,18.7215,6.0,0,20.035643063319124,55.0,0.0006666666666666665,0.0,0.0,0.0,0.0,42.570211772912174,optimal
2021-02-10 20:30:00,5,34,0.0,0.0,0.0,0.24866666666666662,17.4195,6.0,0,20.0,55.0,0.0006666666666666665,0.0,0.0,0.0,0.0,42.52764156113926,optimal
2021-02-10 21:00:00,5,34,0.0,0.0,0.0,0.33866666666666667,16.758,6.0,0,19.95945432554589,55.0,0.0,0.0,0.0,0.0,0.0,42.485113919578126,optimal
2021-02-10 21:30:00,5,34,0.0398095238095238,0.0,0.0,0.3857333333333334,14.217,6.0,0,19.917843820341428,55.0,0.0,0.0,0.0,139.33333333333331,0.0,42.44262880565855,optimal
2021-02-10 22:00:00,5,34,0.05971428571428571,0.0,0.0,0.5193666666666666,13.3665,6.0,0,19.873137118521196,55.0,0.0,0.0,0.0,209.0,0.0,42.40018617685289,optimal
2021-02-10 22:30:00,5,34,0.0,0.0,0.0,0.8146,12.789,6.0,0,19.824197860360893,55.0,0.0,0.0,0.0,0.0,0.0,42.357785990676035,optimal
2021-02-10 23:00:00,5,34,0.0,0.0,0.0,0.24386666666666668,11.907,6.0,0,19.773138650611138,55.0,0.0,0.0,0.0,0.0,0.0,42.31542820468536,optimal
2021-02-10 23:30:00,5,34,0.0,0.0,0.0,0.07383333333333333,11.7075,6.0,0,19.713939362538596,55.0,0.0,0.0,0.0,0.0,0.0,42.27311277648067,optimal
2021-02-11 00:00:00,5,34,2.0,0.0,0.0,1.7857333333333332,11.025,6.0,0,19.713939362538596,55.0,0.0,6582.0,0.0,418.0,0.0,42.230839663704195,optimal
2021-02-11 00:30:00,5,34,2.0,0.0,0.0,0.059,12.0855,6.0,0,19.749524832644987,55.0,0.06698564593301436,0.0,0.0,7000.0,0.0,42.18860882404049,optimal
2021-02-11 01:00:00,5,34,2.0,0.0,0.0,0.059,11.6865,6.0,0,19.688750368550505,55.0,0.11333333333333333,2156.666666666667,0.0,4843.333333333333,0.0,42.14642021521645,optimal
2021-02-11 01:30:00,5,34,2.0,0.0,0.0,0.059,11.2245,6.0,0,19.65882682489602,55.0,0.11333333333333333,7000.0,0.0,0.0,0.0,42.104273795001234,optimal
2021-02-11 02:00:00,5,34,2.0,0.0,0.0,0.059,11.025,6.0,0,19.697264526758822,55.0,0.11333333333333333,7000.0,0.0,0.0,0.0,42.06216952120623,optimal
2021-02-11 02:30:00,5,34,2.0,0.0,3.0,0.059,10.7835,6.0,0,19.735595181437017,55.0,0.11333333333333333,7000.0,0.0,0.0,0.0,43.44510735168502,optimal
2021-02-11 03:00:00,5,34,2.0,0.0,1.6787875340591392,0.059,11.025,6.0,0,19.773540591774108,55.0,0.11333333333333333,7000.0,0.0,0.0,0.0,44.199086323011414,optimal
2021-02-11 03:30:00,5,34,2.0,0.0,3.0,0.059,10.584,6.0,0,19.811101830657396,55.0,0.11333333333333333,7000.0,0.0,0.0,0.0,45.5798872366884,optimal
2021-02-11 04:00:00,5,34,2.0,0.0,3.0,0.059,11.025,6.0,0,19.849254701458726,55.0,0.11333333333333333,7000.0,0.0,0.0,0.0,46.959307349451706,optimal
2021-02-11 04:30:00,5,34,2.0,0.0,3.0,0.059,10.4265,6.0,0,19.88799755651114,55.0,0.11333333333333333,7000.0,0.0,0.0,0.0,48.33734804210225,optimal
2021-02-11 05:00:00,5,34,2.0,0.0,0.0,0.059,12.789,6.0,0,19.92663251454173,55.0,0.11333333333333333,7000.0,0.0,0.0,0.0,48.289010694060146,optimal
2021-02-11 05:30:00,5,34,2.0,0.0,0.0,0.059,12.684,6.0,0,19.9651598760386,55.0,0.11333333333333333,7000.0,0.0,0.0,0.0,48.240721683366075,optimal
2021-02-11 06:00:00,5,34,2.0,0.0,0.0,0.47556666666666664,16.254,6.0,0,20.004276178847665,55.0,0.10933333333333334,7000.0,0.0,0.0,0.0,48.192480961682705,optimal
2021-02-11 06:30:00,5,34,2.0,0.0,0.0,1.0199333333333331,17.64,6.0,0,20.049713059619908,55.0,0.10866666666666666,7000.0,0.0,0.0,0.0,48.144288480721016,optimal
2021-02-11 07:00:00,5,34,1.965659999462649,0.0,0.0,0.27776666666666666,19.1625,6.0,0,20.097194028351712,55.0,0.10333333333333333,6879.809998119272,0.0,0.0,0.0,48.096144192240295,optimal
2021-02-11 07:30:00,5,34,0.0,0.0,0.0,1.2465666666666666,26.46,6.0,0,20.14285557294349,55.0,0.051333333333333335,0.0,0.0,0.0,0.0,48.048048048048045,optimal
2021-02-11 08:00:00,5,34,0.0,0.0,0.0,1.5368333333333333,20.79,6.0,0,20.09052732672778,55.0,0.019333333333333334,0.0,0.0,0.0,0.0,48.0,optimal
2021-02-11 08:30:00,5,34,0.0,0.0,0.0,2.754366666666667,29.106,6.0,0,20.04139917685621,55.0,0.018666666666666668,0.0,0.0,0.0,0.0,47.905508545643954,optimal
2021-02-11 09:00:00,5,34,2.0,0.0,0.0,6.522,19.1835,6.0,0,20.0,55.0,0.018666666666666668,7000.0,0.0,0.0,0.0,47.811111582742264,optimal
2021-02-11 09:30:00,5,34,0.0,0.0,0.0,1.9015,19.6665,6.0,0,20.06898155089665,55.0,0.017333333333333333,0.0,0.0,0.0,0.0,47.71680901680348,optimal
2021-02-11 10:00:00,5,34,0.438568766241854,0.0,0.0,1.6532,19.404,6.0,0,20.022407984718683,55.0,0.017333333333333333,1534.990681846489,0.0,0.0,0.0,47.62260075343063,optimal
2021-02-11 10:30:00,5,34,0.9042148781725721,0.0,0.0,1.6455,19.047,6.0,0,20.0,55.0,0.017333333333333333,3164.7520736040024,0.0,0.0,0.0,47.52848669832116,optimal
2021-02-11 11:00:00,5,34,2.0,0.0,0.0,1.9613666666666663,18.858,6.0,0,20.0,55.0,0.017333333333333333,7000.0,0.0,0.0,0.0,47.4344667572668,optimal
2021-02-11 11:30:00,5,34,0.0,0.0,0.0,0.44189999999999996,19.2675,6.0,0,20.063811370797517,55.0,0.017333333333333333,0.0,0.0,0.0,0.0,47.34054083615349,optimal
2021-02-11 12:00:00,5,34,0.3152861980134009,0.0,0.0,2.569633333333333,18.963,6.0,0,20.019391231882327,55.0,0.017333333333333333,1103.5016930469033,0.0,0.0,0.0,47.24670884096129,optimal
2021-02-11 12:30:00,5,34,2.0,0.0,0.0,0.206,18.438,6.0,0,20.0,55.0,0.017333333333333333,7000.0,0.0,0.0,0.0,47.15297067776429,optimal
2021-02-11 13:00:00,5,34,0.9801619203841885,0.0,0.0,4.388533333333334,18.7425,6.0,0,20.05631930951115,55.0,0.014666666666666666,3430.56672134466,0.0,0.0,0.0,47.05932625273048,optimal
2021-02-11 13:30:00,5,34,2.0,0.0,0.0,0.17876666666666668,15.2145,6.0,0,20.08350037850027,55.0,0.014666666666666666,7000.0,0.0,0.0,0.0,46.965775472121706,optimal
2021-02-11 14:00:00,5,34,2.0,0.0,0.0,0.1529,17.7765,6.0,0,20.139955314540664,55.0,0.014666666666666666,7000.0,0.0,0.0,0.0,46.87231824229354,optimal
2021-02-11 14:30:00,5,34,2.0,0.0,0.0,0.08273333333333334,16.758,6.0,0,20.19580493520766,55.0,0.012666666666666666,7000.0,0.0,0.0,0.0,46.7789544696952,optimal
2021-02-11 15:00:00,5,34,2.0,0.0,0.0,1.1212666666666669,16.422,6.0,0,20.24996321141388,55.0,0.011333333333333334,7000.0,0.0,0.0,0.0,46.68568406086946,optimal
2021-02-11 15:30:00,5,34,2.0,0.0,0.0,1.140766666666667,16.758,6.0,0,20.3071723386853,55.0,0.011333333333333334,7000.0,0.0,0.0,0.0,46.59250692245255,optimal
2021-02-11 16:00:00,5,34,0.0,0.0,0.0,0.09359999999999999,29.358,6.0,0,20.361471498876455,55.0,0.009333333333333334,0.0,0.0,0.0,0.0,46.499422961174055,optimal
2021-02-11 16:30:00,5,34,0.0,0.0,0.0,0.205,34.9965,6.0,0,20.312013663726702,55.0,0.006,0.0,0.0,0.0,0.0,46.406432083856835,optimal
2021-02-11 17:00:00,5,34,0.0,0.0,0.0,0.5412,34.65,6.0,0,20.262798868089106,55.0,0.004666666666666667,0.0,0.0,0.0,0.0,46.313534197416935,optimal
2021-02-11 17:30:00,5,34,0.0,0.0,0.0,0.37160000000000004,34.9965,6.0,0,20.214561390079698,55.0,0.004666666666666667,0.0,0.0,0.0,0.0,46.220729208863474,optimal
2021-02-11 18:00:00,5,34,0.0,0.0,0.0,2.06,34.9965,6.0,0,20.161192931610408,55.0,0.002306666666666667,0.0,0.0,0.0,0.0,46.12801702529857,optimal
2021-02-11 18:30:00,5,34,0.0,0.0,0.0,0.6259333333333332,30.4815,6.0,0,20.109542408294207,55.0,0.0,0.0,0.0,0.0,0.0,46.03539755391723,optimal
2021-02-11 19:00:00,5,34,0.0,0.0,0.0,2.2027666666666668,21.4305,6.0,0,20.055719081690935,55.0,0.0,0.0,0.0,0.0,0.0,45.94287070200727,optimal
2021-02-11 19:30:00,5,34,1.1317675921594248,0.0,0.0,1.8880666666666663,14.3325,6.0,0,20.0,55.0,0.0,3961.1865725579864,0.0,0.0,0.0,45.85043637694922,optimal
2021-02-11 20:00:00,5,34,1.37453667755799,0.0,0.0,0.3966,13.692,6.0,0,20.0,55.0,0.004,4392.8783714529645,0.0,418.0,0.0,45.75809448621622,optimal
2021-02-11 20:30:00,5,34,0.0,0.0,0.0,0.5116,14.007,6.0,0,20.0,55.0,0.0,0.0,0.0,0.0,0.0,45.66584493737396,optimal
2021-02-11 21:00:00,5,34,0.0,0.0,0.0,0.39130000000000004,12.873,6.0,0,19.940097907972557,55.0,0.0,0.0,0.0,0.0,0.0,45.62017909243659,optimal
2021-02-11 21:30:00,5,34,0.0,0.0,0.0,2.6461333333333332,12.684,6.0,0,19.879728288730263,55.0,0.0,0.0,0.0,0.0,0.0,45.57455891334415,optimal
2021-02-11 22:00:00,5,34,0.0,0.0,0.0,0.12916666666666665,12.306,6.0,0,19.826034530720587,55.0,0.0,0.0,0.0,0.0,0.0,45.528984354430804,optimal
2021-02-11 22:30:00,5,34,0.0,0.0,0.0,0.069,10.6365,6.0,0,19.76109372257458,55.0,0.0,0.0,0.0,0.0,0.0,45.48345537007637,optimal
2021-02-11 23:00:00,5,34,0.0,0.0,0.0,0.069,11.2455,6.0,0,19.692418980027313,55.0,0.0,0.0,0.0,0.0,0.0,45.437971914706296,optimal
2021-02-11 23:30:00,5,34,0.0,0.0,0.0,0.069,11.2455,6.0,0,19.622264521727992,55.0,0.0,0.0,0.0,0.0,0.0,45.39253394279159,optimal
2021-02-12 00:00:00,5,34,2.0,0.0,0.0,0.058333333333333334,10.3635,6.0,0,19.622264521727992,55.0,0.0,7000.0,0.0,0.0,0.0,45.3471414088488,optimal
2021-02-12 00:30:00,5,34,2.0,0.0,0.0,0.06566666666666666,10.8045,6.0,0,19.6513182916748,55.0,0.04533333333333334,2262.666666666667,0.0,4737.333333333333,0.0,45.30179426743995,optimal
2021-02-12 01:00:00,5,34,2.0,0.0,0.0,0.067,11.025,6.0,0,19.61350755189548,55.0,0.04533333333333334,7000.0,0.0,0.0,0.0,45.256492473172514,optimal
2021-02-12 01:30:00,5,34,2.0,0.0,0.0,0.067,10.3635,6.0,0,19.642585709589756,55.0,0.04533333333333334,7000.0,0.0,0.0,0.0,45.21123598069934,optimal
2021-02-12 02:00:00,5,34,2.0,0.0,0.0,0.067,10.8045,6.0,0,19.67186138126582,55.0,0.04533333333333334,7000.0,0.0,0.0,0.0,45.16602474471864,optimal
2021-02-12 02:30:00,5,34,2.0,0.0,1.059417505653402,0.067,10.059,6.0,0,19.70133401685656,55.0,0.04533333333333334,7000.0,0.0,0.0,0.0,45.62408203515929,optimal
2021-02-12 03:00:00,5,34,2.0,0.0,0.0,0.067,10.584,6.0,0,19.731560058382485,55.0,0.04533333333333334,7000.0,0.0,0.0,0.0,45.57845795312413,optimal
2021-02-12 03:30:00,5,34,2.0,0.0,3.0,0.067,9.4185,6.0,0,19.762537407643638,55.0,0.04533333333333334,7000.0,0.0,0.0,0.0,46.957879495171,optimal
2021-02-12 04:00:00,5,34,2.0,0.0,0.0,0.067,10.3635,6.0,0,19.795377953394876,55.0,0.04533333333333334,7000.0,0.0,0.0,0.0,46.910921615675825,optimal
2021-02-12 04:30:00,5,34,2.0,0.0,3.0,0.067,9.8385,6.0,0,19.830076506721955,55.0,0.04533333333333334,7000.0,0.0,0.0,0.0,48.289010694060146,optimal
2021-02-12 05:00:00,5,34,2.0,0.0,0.0,0.067,11.067,6.0,0,19.866627893161514,55.0,0.04533333333333334,7000.0,0.0,0.0,0.0,48.240721683366075,optimal
2021-02-12 05:30:00,5,34,2.0,0.0,0.0,0.067,10.8465,6.0,0,19.90502695266083,55.0,0.04533333333333334,7000.0,0.0,0.0,0.0,48.192480961682705,optimal
2021-02-12 06:00:00,5,34,2.0,0.0,0.0,0.067,13.671,6.0,0,19.945547034815533,55.0,0.04533333333333334,7000.0,0.0,0.0,0.0,48.144288480721016,optimal
2021-02-12 06:30:00,5,34,2.0,0.0,0.0,0.067,12.348,6.0,0,19.988182232677687,55.0,0.04533333333333334,7000.0,0.0,0.0,0.0,48.096144192240295,optimal
2021-02-12 07:00:00,5,34,2.0,0.0,0.0,0.067,14.3325,6.0,0,20.030977188804947,55.0,0.04533333333333334,7000.0,0.0,0.0,0.0,48.048048048048045,optimal
2021-02-12 07:30:00,5,34,0.0,0.0,0.0,0.06633333333333333,15.393,6.0,0,20.073931458278086,55.0,0.03933333333333333,0.0,0.0,0.0,0.0,48.0,optimal
2021-02-12 08:00:00,5,34,2.0,0.0,0.0,1.6893,13.587,6.0,0,20.01837499749956,55.0,0.03666666666666667,7000.0,0.0,0.0,0.0,47.889148731796254,optimal
2021-02-12 08:30:00,5,34,0.0,0.0,0.0,2.7929666666666666,16.1385,6.0,0,20.06528211719695,55.0,0.024,0.0,0.0,0.0,0.0,47.77840831486071,optimal
2021-02-12 09:00:00,5,34,1.4076908225988456,0.0,0.0,3.1257333333333333,14.595,6.0,0,20.01326699261965,55.0,0.004,4926.9178790959595,0.0,0.0,0.0,47.66777863834211,optimal
2021-02-12 09:30:00,5,34,0.0,0.0,0.0,0.3524333333333333,14.637,6.0,0,20.04525449049717,55.0,0.0,0.0,0.0,0.0,0.0,47.55725959150002,optimal
2021-02-12 10:00:00,5,34,0.7160792653588006,0.0,0.0,0.5964666666666667,13.9125,6.0,0,20.0,55.0,0.0,2297.2774287558022,0.0,209.0,0.0,47.44685106370478,optimal
2021-02-12 10:30:00,5,34,0.7042628178975999,0.0,0.0,1.8928666666666663,13.3665,6.0,0,20.0,55.0,0.0,2464.9198626415996,0.0,0.0,0.0,47.33655294443733,optimal
2021-02-12 11:00:00,5,34,2.0,0.0,0.0,1.8235,13.0095,6.0,0,20.0,55.0,0.0006666666666666665,6930.333333333333,0.0,69.66666666666666,0.0,47.22636512328915,optimal
2021-02-12 11:30:00,5,34,0.0,0.0,0.0,2.211833333333333,13.8915,6.0,0,20.06305087418142,55.0,0.0,0.0,0.0,0.0,0.0,47.11628748996212,optimal
2021-02-12 12:00:00,5,34,0.23833462676549752,0.0,0.0,0.219,13.188,6.0,0,20.030927301029013,55.0,0.0,834.1711936792414,0.0,0.0,0.0,47.00631993426841,optimal
2021-02-12 12:30:00,5,34,1.4054772648112492,0.0,0.0,2.987333333333333,12.5685,6.0,0,20.0,55.0,0.021127979058520385,2502.2966152239924,0.0,2416.87381161538,0.0,46.8964623461304,optimal
2021-02-12 13:00:00,5,34,2.0000000000000004,0.0,0.0,0.22786666666666666,12.285,6.0,0,20.0,55.0,0.032,5654.873811615381,0.0,1345.12618838462,0.0,46.78671461558052,optimal
2021-02-12 13:30:00,5,34,2.0,0.0,0.0,0.233,11.487,6.0,0,20.034783295608058,55.0,0.027333333333333334,7000.0,0.0,0.0,0.0,46.6770766327612,optimal
2021-02-12 14:00:00,5,34,2.0,0.0,0.0,1.2441,11.802,6.0,0,20.090002495453298,55.0,0.027333333333333334,7000.0,0.0,0.0,0.0,46.567548287924694,optimal
2021-02-12 14:30:00,5,34,2.0,0.0,0.0,0.6407,11.2245,6.0,0,20.1587938848045,55.0,0.02,7000.0,0.0,0.0,0.0,46.458129471433026,optimal
2021-02-12 15:00:00,5,34,2.0,0.0,0.0,4.4402,11.025,6.0,0,20.21953165101324,55.0,0.016666666666666666,7000.0,0.0,0.0,0.0,46.34882007375785,optimal
2021-02-12 15:30:00,5,34,2.0,0.0,0.0,2.607133333333333,11.907,6.0,0,20.286163695667856,55.0,0.014666666666666666,7000.0,0.0,0.0,0.0,46.239619985480346,optimal
2021-02-12 16:00:00,5,34,0.0,0.0,0.0,0.094,25.83,6.0,0,20.348357448544757,55.0,0.012,0.0,0.0,0.0,0.0,46.130529097291124,optimal
2021-02-12 16:30:00,5,34,0.0,0.0,0.0,0.1165,28.035,6.0,0,20.304521374272593,55.0,0.008666666666666666,0.0,0.0,0.0,0.0,46.02154729999009,optimal
2021-02-12 17:00:00,5,34,0.0,0.0,0.0,2.487733333333333,28.119,6.0,0,20.26078483970728,55.0,0.006,0.0,0.0,0.0,0.0,45.91267448448635,optimal
2021-02-12 17:30:00,5,34,0.0,0.0,0.0,1.9911333333333328,30.156,6.0,0,20.221124898335933,55.0,0.006,0.0,0.0,0.0,0.0,45.803910541798125,optimal
2021-02-12 18:00:00,5,34,0.0,0.0,0.0,1.4914,29.1585,6.0,0,20.18149972586762,55.0,0.004666666666666667,0.0,0.0,0.0,0.0,45.69525536305258,optimal
2021-02-12 18:30:00,5,34,0.0,0.0,0.0,0.112,26.712,6.0,0,20.139322993402647,55.0,0.002666666666666666,0.0,0.0,0.0,0.0,45.58670883948579,optimal
2021-02-12 19:00:00,5,34,0.0,0.0,0.0,0.098,15.435,6.0,0,20.092339662843756,55.0,0.001333333333333333,0.0,0.0,0.0,0.0,45.47827086244256,optimal
2021-02-12 19:30:00,5,34,0.0,0.0,0.0,0.7119,13.566,6.0,0,20.044542035508,55.0,0.001333333333333333,0.0,0.0,0.0,0.0,45.36994132337637,optimal
2021-02-12 20:00:00,5,34,0.842313646671544,0.0,0.0,2.1586666666666665,12.789,6.0,0,20.0,55.0,0.0,2948.097763350404,0.0,0.0,0.0,45.26172011384925,optimal
2021-02-12 20:30:00,5,34,0.0,0.0,0.0,2.1783333333333332,12.1275,6.0,0,20.0,55.0,0.0,0.0,0.0,0.0,0.0,45.15360712553166,optimal
2021-02-12 21:00:00,5,34,0.0,0.0,0.0,2.439,13.671,6.0,0,19.953889235817677,55.0,0.0,0.0,0.0,0.0,0.0,45.04560225020238,optimal
2021-02-12 21:30:00,5,34,0.6767619047619047,0.0,0.0,0.1242,10.668,6.0,0,19.90887312368508,55.0,0.016666666666666666,0.0,0.0,2368.6666666666665,0.0,45.00055664795217,optimal
2021-02-12 22:00:00,5,34,0.0,0.0,0.0,0.21753333333333333,11.7285,6.0,0,19.866202857927483,55.0,0.016666666666666666,0.0,0.0,0.0,0.0,44.955556091304224,optimal
2021-02-12 22:30:00,5,34,0.0,0.0,0.0,2.802833333333333,11.025,6.0,0,19.824670345834722,55.0,0.001333333333333333,0.0,0.0,0.0,0.0,44.91060053521292,optimal
2021-02-12 23:00:00,5,34,0.0,0.0,0.0,0.2685666666666667,10.689,6.0,0,19.787740669553443,55.0,0.0,0.0,0.0,0.0,0.0,44.86568993467771,optimal
2021-02-12 23:30:00,5,34,0.0,0.0,0.0,0.7104666666666667,8.1585,6.0,0,19.74127598843135,55.0,0.0,0.0,0.0,0.0,0.0,44.82082424474304,optimal
2021-02-13 00:00:00,5,34,2.0,0.0,0.0,0.7026333333333333,9.3975,6.0,0,19.74127598843135,55.0,0.0,7000.0,0.0,0.0,0.0,44.77600342049829,optimal
2021-02-13 00:30:00,5,34,2.0,0.0,0.0,0.9933333333333334,10.059,6.0,0,19.792712044677856,55.0,0.06498564593301435,0.0,0.0,7000.0,0.0,44.73122741707779,optimal
2021-02-13 01:00:00,5,34,2.0,0.0,0.0,0.055,9.261,6.0,0,19.74608988038416,55.0,0.12933333333333333,275.66666666666697,0.0,6724.333333333333,0.0,44.68649618966071,optimal
2021-02-13 01:30:00,5,34,2.0,0.0,0.0,0.055,8.1585,6.0,0,19.698644733625535,55.0,0.12933333333333333,7000.0,0.0,0.0,0.0,44.641809693471046,optimal
2021-02-13 02:00:00,5,34,2.0,0.0,0.0,0.055,9.4815,6.0,0,19.746265893057682,55.0,0.12933333333333333,7000.0,0.0,0.0,0.0,44.59716788377757,optimal
2021-02-13 02:30:00,5,34,2.0,0.0,0.0,0.055,8.379,6.0,0,19.79389367744848,55.0,0.12933333333333333,7000.0,0.0,0.0,0.0,44.55257071589379,optimal
2021-02-13 03:00:00,5,34,2.0,0.0,0.0,0.055,9.5235,6.0,0,19.8413888207088,55.0,0.12933333333333333,7000.0,0.0,0.0,0.0,44.5080181451779,optimal
2021-02-13 03:30:00,5,34,2.0,0.0,2.3442525722330596,0.055,8.1375,6.0,0,19.888751692237932,55.0,0.12933333333333333,7000.0,0.0,0.0,0.0,45.577030098843416,optimal
2021-02-13 04:00:00,5,34,2.0,0.0,0.0,0.055,10.0905,6.0,0,19.935843412767472,55.0,0.12933333333333333,7000.0,0.0,0.0,0.0,45.531453068744575,optimal
2021-02-13 04:30:00,5,34,2.0,0.0,3.0,0.055,7.539,6.0,0,19.98266473744015,55.0,0.12933333333333333,7000.0,0.0,0.0,0.0,46.910921615675825,optimal
2021-02-13 05:00:00,5,34,2.0,0.0,3.0,0.055,7.938,6.0,0,20.02907717165673,55.0,0.12933333333333333,7000.0,0.0,0.0,0.0,48.289010694060146,optimal
2021-02-13 05:30:00,5,34,2.0,0.0,0.0,0.055,8.274,6.0,0,20.075081854157826,55.0,0.12933333333333333,7000.0,0.0,0.0,0.0,48.240721683366075,optimal
2021-02-13 06:00:00,5,34,2.0,0.0,0.0,0.055,9.261,6.0,0,20.12067992051271,55.0,0.12933333333333333,7000.0,0.0,0.0,0.0,48.192480961682705,optimal
2021-02-13 06:30:00,5,34,2.0,0.0,0.0,0.055,9.9225,6.0,0,20.16587250312815,55.0,0.12933333333333333,7000.0,0.0,0.0,0.0,48.144288480721016,optimal
2021-02-13 07:00:00,5,34,2.0,0.0,0.0,0.06296666666666667,9.702,6.0,0,20.210799978896137,55.0,0.12666666666666668,7000.0,0.0,0.0,0.0,48.096144192240295,optimal
2021-02-13 07:30:00,5,34,2.0,0.0,0.0,0.552,10.584,6.0,0,20.257530219818946,55.0,0.10765333333333334,7000.0,0.0,0.0,0.0,48.048048048048045,optimal
2021-02-13 08:00:00,5,34,2.0,0.0,0.0,0.532,10.143,6.0,0,20.307410136090596,55.0,0.064,7000.0,0.0,0.0,0.0,48.0,optimal
2021-02-13 08:30:00,5,34,0.0,0.0,0.0,0.5305,13.0095,6.0,0,20.359560337819975,55.0,0.06066666666666667,0.0,0.0,0.0,0.0,47.864845375807214,optimal
2021-02-13 09:00:00,5,34,2.0,0.0,0.0,0.5246000000000001,11.025,6.0,0,20.313882841570965,55.0,0.058,7000.0,0.0,0.0,0.0,47.729825906238624,optimal
2021-02-13 09:30:00,5,34,0.0,0.0,0.0,0.8018666666666667,12.789,6.0,0,20.36996509855104,55.0,0.05333333333333334,0.0,0.0,0.0,0.0,47.5949414561396,optimal
2021-02-13 10:00:00,5,34,0.45055387332091595,0.0,0.0,0.7797333333333334,12.1275,6.0,0,20.326824123755863,55.0,0.05333333333333334,1576.9385566232058,0.0,0.0,0.0,47.46019189049068,optimal
2021-02-13 10:30:00,5,34,0.0,0.0,0.0,0.334,12.1695,6.0,0,20.30437323159204,55.0,0.052,0.0,0.0,0.0,0.0,47.3255770744074,optimal
2021-02-13 11:00:00,5,34,0.0,0.0,0.0,1.629,12.306,6.0,0,20.258903439925742,55.0,0.04733333333333333,0.0,0.0,0.0,0.0,47.191096873140204,optimal
2021-02-13 11:30:00,5,34,0.0,0.0,0.0,1.0675,13.23,6.0,0,20.219952696398675,55.0,0.04733333333333333,0.0,0.0,0.0,0.0,47.05675115207428,optimal
2021-02-13 12:00:00,5,34,0.0,0.0,0.0,0.784,13.671,6.0,0,20.176985150080576,55.0,0.046,0.0,0.0,0.0,0.0,46.922539776729415,optimal
2021-02-13 12:30:00,5,34,0.0,0.0,0.0,0.5139,13.9335,6.0,0,20.134377433729068,55.0,0.028,0.0,0.0,0.0,0.0,46.7884626127599,optimal
2021-02-13 13:00:00,5,34,0.0,0.0,0.0,0.7529,13.293,6.0,0,20.09338375183529,55.0,0.026,0.0,0.0,0.0,0.0,46.654519525954356,optimal
2021-02-13 13:30:00,5,34,2.0,0.0,0.0,0.7039666666666667,12.1065,6.0,0,20.047932808456743,55.0,0.023333333333333334,7000.0,0.0,0.0,0.0,46.52071038223562,optimal
2021-02-13 14:00:00,5,34,2.0,0.0,0.0,0.5266666666666666,11.571,6.0,0,20.101916129358848,55.0,0.021333333333333333,7000.0,0.0,0.0,0.0,46.3870350476606,optimal
2021-02-13 14:30:00,5,34,2.0,0.0,0.0,0.5266666666666666,11.025,6.0,0,20.150319150861023,55.0,0.021333333333333333,7000.0,0.0,0.0,0.0,46.25349338842016,optimal
2021-02-13 15:00:00,5,34,2.0,0.0,0.0,0.5376666666666666,10.8465,6.0,0,20.19917600805215,55.0,0.021333333333333333,7000.0,0.0,0.0,0.0,46.120085270838956,optimal
2021-02-13 15:30:00,5,34,2.0,0.0,0.0,0.12426666666666668,11.2455,6.0,0,20.248294141468726,55.0,0.018666666666666668,7000.0,0.0,0.0,0.0,45.986810561375336,optimal
2021-02-13 16:00:00,5,34,0.0,0.0,0.0,0.18466666666666662,23.8665,6.0,0,20.300410883418376,55.0,0.018666666666666668,0.0,0.0,0.0,0.0,45.85366912662118,optimal
2021-02-13 16:30:00,5,34,0.0,0.0,0.0,0.6352666666666666,27.4575,6.0,0,20.254803095199264,55.0,0.016666666666666666,0.0,0.0,0.0,0.0,45.72066083330177,optimal
2021-02-13 17:00:00,5,34,0.0,0.0,0.0,0.8139666666666667,27.3735,6.0,0,20.21151257260521,55.0,0.013333333333333334,0.0,0.0,0.0,0.0,45.58778554827568,optimal
2021-02-13 17:30:00,5,34,0.0,0.0,0.0,0.3808,30.4605,6.0,0,20.16900984192459,55.0,0.007333333333333332,0.0,0.0,0.0,0.0,45.45504313853462,optimal
2021-02-13 18:00:00,5,34,0.0,0.0,0.0,1.612766666666667,30.0195,6.0,0,20.124382948605962,55.0,0.005999999999999998,0.0,0.0,0.0,0.0,45.322433471203304,optimal
2021-02-13 18:30:00,5,34,0.0,0.0,0.0,1.5109333333333335,26.9325,6.0,0,20.083913354874625,55.0,0.0006666666666666665,0.0,0.0,0.0,0.0,45.18995641353931,optimal
2021-02-13 19:00:00,5,34,0.0,0.0,0.0,0.4759,14.595,6.0,0,20.041753268422063,55.0,0.0006666666666666665,0.0,0.0,0.0,0.0,45.05761183293299,optimal
2021-02-13 19:30:00,5,34,0.8743978681395131,0.0,0.0,0.7748999999999999,12.4845,6.0,0,20.0,55.0,0.0,3060.392538488296,0.0,0.0,0.0,44.925399596907276,optimal
2021-02-13 20:00:00,5,34,0.8681126942905464,0.0,0.0,0.5959333333333333,12.1275,6.0,0,20.0,55.0,0.0,3038.3944300169123,0.0,0.0,0.0,44.793319573117586,optimal
2021-02-13 20:30:00,5,34,0.0,0.0,0.0,0.6553,12.1275,6.0,0,20.0,55.0,0.0,0.0,0.0,0.0,0.0,44.661371629351684,optimal
2021-02-13 21:00:00,5,34,0.0,0.0,0.0,0.3196333333333333,12.789,6.0,0,19.956306539381682,55.0,0.0,0.0,0.0,0.0,0.0,44.52955563352955,optimal
2021-02-13 21:30:00,5,34,0.0,0.0,0.0,1.2863333333333333,11.907,6.0,0,19.91189409415969,55.0,0.0,0.0,0.0,0.0,0.0,44.39787145370323,optimal
2021-02-13 22:00:00,5,34,0.1592380952380952,0.0,0.0,0.814,11.025,6.0,0,19.86922590047285,55.0,0.0,0.0,0.0,557.3333333333333,0.0,44.26631895805674,optimal
2021-02-13 22:30:00,5,34,2.0,0.0,0.0,0.3156666666666667,8.2005,6.0,0,19.828591264266397,55.0,0.06498564593301435,0.0,0.0,7000.0,0.0,44.222052639098685,optimal
2021-02-13 23:00:00,5,34,0.2293333333333333,0.0,0.0,0.9170666666666668,9.5655,6.0,0,19.787664415656682,55.0,0.0,0.0,0.0,802.6666666666666,0.0,44.177830586459585,optimal
2021-02-13 23:30:00,5,34,0.0,0.0,0.0,1.1776,7.056,6.0,0,19.747602240800987,55.0,0.0,0.0,0.0,0.0,0.0,44.13365275587312,optimal
2021-02-07 00:00:00,6,34,0.0,0.0,0.0,0.043,9.261,6.0,0,21.0,55.0,0.12,0.0,0.0,0.0,0.0,47.952,optimal
2021-02-07 00:30:00,6,34,0.0,0.0,0.0,0.043,10.3635,6.0,0,20.95388687535765,55.0,0.12,0.0,0.0,0.0,0.0,47.904047999999996,optimal
2021-02-07 01:00:00,6,34,0.0,0.0,0.0,0.043,8.274,6.0,0,20.907623678312046,55.0,0.12,0.0,0.0,0.0,0.0,47.856143952,optimal
2021-02-07 01:30:00,6,34,0.0,0.0,0.0,0.176,7.7175,6.0,0,20.861210826807742,55.0,0.12,0.0,0.0,0.0,0.0,47.80828780804799,optimal
2021-02-07 02:00:00,6,34,0.0,0.0,0.0,0.064,6.615,6.0,0,20.816662925803474,55.0,0.12,0.0,0.0,0.0,0.0,47.76047952023995,optimal
2021-02-07 02:30:00,6,34,0.0,0.0,0.0,0.043,6.174,6.0,0,20.770520943664785,55.0,0.12,0.0,0.0,0.0,0.0,47.712719040719705,optimal
2021-02-07 03:00:00,6,34,2.0,0.0,0.0,0.043,3.906,6.0,0,20.723932926246576,55.0,0.18133333333333335,590.666666666667,0.0,6409.333333333333,0.0,47.66500632167899,optimal
2021-02-07 03:30:00,6,34,2.0,0.0,0.0,0.197,2.3415,6.0,0,20.685522962576737,55.0,0.18133333333333335,7000.0,0.0,0.0,0.0,47.61734131535731,optimal
2021-02-07 04:00:00,6,34,2.0,0.0,0.0,0.043,2.205,6.0,0,20.739605982398324,55.0,0.18133333333333335,7000.0,0.0,0.0,0.0,47.56972397404195,optimal
2021-02-07 04:30:00,6,34,2.0,0.0,1.5127735437856342,0.13266666666666665,0.882,6.0,0,20.791228152142423,55.0,0.18133333333333335,7000.0,0.0,0.0,0.0,48.240721683366075,optimal
2021-02-07 05:00:00,6,34,2.0,0.0,0.0,0.123,1.5435,6.0,0,20.843890729553586,55.0,0.18133333333333335,7000.0,0.0,0.0,0.0,48.192480961682705,optimal
2021-02-07 05:30:00,6,34,2.0,0.0,0.0,0.04733333333333334,1.5435,6.0,0,20.89620928201144,55.0,0.18133333333333335,7000.0,0.0,0.0,0.0,48.144288480721016,optimal
2021-02-07 06:00:00,6,34,2.0,0.0,0.0,0.195,5.0715,6.0,0,20.947395318961153,55.0,0.18066666666666667,7000.0,0.0,0.0,0.0,48.096144192240295,optimal
2021-02-07 06:30:00,6,34,2.0,0.0,0.0,0.8430666666666667,5.376,6.0,0,21.004026034039885,55.0,0.17466666666666666,7000.0,0.0,0.0,0.0,48.048048048048045,optimal
2021-02-07 07:00:00,6,34,2.0,0.0,0.0,0.4156333333333333,5.0715,6.0,0,21.06342275438497,55.0,0.08666666666666667,7000.0,0.0,0.0,0.0,48.0,optimal
2021-02-07 07:30:00,6,34,0.489277684962563,0.0,0.0,1.3615,5.5125,6.0,0,21.122640839867515,55.0,0.03666666666666667,1712.4718973689705,0.0,0.0,0.0,47.780111804605845,optimal
2021-02-07 08:00:00,6,34,0.0,0.0,0.0,1.495266666666667,9.261,6.0,0,21.113562976504465,55.0,0.03,0.0,0.0,0.0,0.0,47.560443497407086,optimal
2021-02-07 08:30:00,6,34,0.0,0.0,0.0,0.053,11.7075,6.0,0,21.080211286392153,55.0,0.03,0.0,0.0,0.0,0.0,47.34099485851552,optimal
2021-02-07 09:00:00,6,34,0.0,0.0,0.0,1.4952333333333332,12.348,6.0,0,21.026213884798903,55.0,0.029333333333333333,0.0,0.0,0.0,0.0,47.12176566826285,optimal
2021-02-07 09:30:00,6,34,0.0,0.0,0.0,0.7777999999999999,12.348,6.0,0,20.983350702500115,55.0,0.029333333333333333,0.0,0.0,0.0,0.0,46.902755707200434,optimal
2021-02-07 10:00:00,6,34,0.0,0.0,0.0,0.151,12.1275,6.0,0,20.937247190592196,55.0,0.028,0.0,0.0,0.0,0.0,46.68396475609908,optimal
2021-02-07 10:30:00,6,34,0.0,0.0,0.0,0.1466,12.5265,6.0,0,20.892100507600812,55.0,0.028,0.0,0.0,0.0,0.0,46.46539259594883,optimal
2021-02-07 11:00:00,6,34,0.0,0.0,0.0,0.4724666666666666,11.7495,6.0,0,20.845244061217425,55.0,0.028,0.0,0.0,0.0,0.0,46.247039007958726,optimal
2021-02-07 11:30:00,6,34,0.0,0.0,0.0,2.636,13.23,6.0,0,20.795313726663775,55.0,0.028,0.0,0.0,0.0,0.0,46.028903773556614,optimal
2021-02-07 12:00:00,6,34,0.0,0.0,0.0,2.3721,14.3325,6.0,0,20.750103691424503,55.0,0.028,0.0,0.0,0.0,0.0,45.81098667438891,optimal
2021-02-07 12:30:00,6,34,0.0,0.0,0.0,0.053,14.994,6.0,0,20.704170609170014,55.0,0.028,0.0,0.0,0.0,0.0,45.593287492320364,optimal
2021-02-07 13:00:00,6,34,0.0,0.0,0.0,0.179,14.8155,6.0,0,20.651037391304726,55.0,0.028,0.0,0.0,0.0,0.0,45.37580600943389,optimal
2021-02-07 13:30:00,6,34,0.0,0.0,0.0,0.081,14.112,6.0,0,20.599779958169982,55.0,0.028,0.0,0.0,0.0,0.0,45.1585420080303,optimal
2021-02-07 14:00:00,6,34,0.0,0.0,0.0,0.053,14.007,6.0,0,20.547422987070846,55.0,0.028,0.0,0.0,0.0,0.0,44.94149527062812,optimal
2021-02-07 14:30:00,6,34,0.0,0.0,0.0,0.053,13.23,6.0,0,20.494976033072323,55.0,0.028,0.0,0.0,0.0,0.0,44.724665579963336,optimal
2021-02-07 15:00:00,6,34,0.0,0.0,0.0,0.109,11.382,6.0,0,20.44281438900299,55.0,0.028,0.0,0.0,0.0,0.0,44.50805271898922,optimal
2021-02-07 15:30:00,6,34,0.0,0.0,0.0,0.151,11.7495,6.0,0,20.391773643159425,55.0,0.028,0.0,0.0,0.0,0.0,44.29165647087608,optimal
2021-02-07 16:00:00,6,34,0.0,0.0,0.0,0.05593333333333333,24.3285,6.0,0,20.3410493869521,55.0,0.025333333333333333,0.0,0.0,0.0,0.0,44.07547661901105,optimal
2021-02-07 16:30:00,6,34,0.0,0.0,0.0,1.7832000000000001,28.917,6.0,0,20.29099187653293,55.0,0.024666666666666667,0.0,0.0,0.0,0.0,43.85951294699788,optimal
2021-02-07 17:00:00,6,34,0.0,0.0,0.0,0.2331,31.3635,6.0,0,20.250512162737976,55.0,0.024666666666666667,0.0,0.0,0.0,0.0,43.643765238656734,optimal
2021-02-07 17:30:00,6,34,0.0,0.0,0.0,1.1997,33.306,6.0,0,20.204923167027285,55.0,0.017333333333333333,0.0,0.0,0.0,0.0,43.428233278023924,optimal
2021-02-07 18:00:00,6,34,0.0,0.0,0.0,1.0443666666666667,31.3425,6.0,0,20.171224180993747,55.0,0.012666666666666666,0.0,0.0,0.0,0.0,43.21291684935175,optimal
2021-02-07 18:30:00,6,34,0.0,0.0,0.0,0.2359333333333333,28.2555,6.0,0,20.13953189992901,55.0,0.010666666666666666,0.0,0.0,0.0,0.0,42.99781573710825,optimal
2021-02-07 19:00:00,6,34,0.0,0.0,0.0,0.9990666666666669,15.6975,6.0,0,20.098305360520875,55.0,0.008666666666666666,0.0,0.0,0.0,0.0,42.782929725976985,optimal
2021-02-07 19:30:00,6,34,0.0,0.0,0.0,1.8491,12.5475,6.0,0,20.061402114570093,55.0,0.008666666666666666,0.0,0.0,0.0,0.0,42.56825860085685,optimal
2021-02-07 20:00:00,6,34,0.0,0.0,0.0,0.2069,12.0855,6.0,0,20.034956295238107,55.0,0.008666666666666666,0.0,0.0,0.0,0.0,42.35380214686184,optimal
2021-02-07 20:30:00,6,34,0.0,0.0,0.0,0.2942666666666667,11.907,6.0,0,20.0,55.0,0.008666666666666666,0.0,0.0,0.0,0.0,42.13956014932082,optimal
2021-02-07 21:00:00,6,34,0.0,0.0,0.0,0.2904,12.5685,6.0,0,19.967259571564334,55.0,0.008666666666666666,0.0,0.0,0.0,0.0,41.925532393777345,optimal
2021-02-07 21:30:00,6,34,0.0,0.0,0.0,0.338,13.146,6.0,0,19.93294916548002,55.0,0.004,0.0,0.0,0.0,0.0,41.711718665989416,optimal
2021-02-07 22:00:00,6,34,0.0,0.0,0.0,1.1932333333333331,10.584,6.0,0,19.899403651931667,55.0,0.002,0.0,0.0,0.0,0.0,41.67000694732343,optimal
2021-02-07 22:30:00,6,34,0.0,0.0,0.0,0.312,6.678,6.0,0,19.867923866926944,55.0,0.0,0.0,0.0,0.0,0.0,41.62833694037611,optimal
2021-02-07 23:00:00,6,34,0.0,0.0,0.0,0.4119666666666666,7.938,6.0,0,19.832006895135656,55.0,0.0,0.0,0.0,0.0,0.0,41.58670860343573,optimal
2021-02-07 23:30:00,6,34,0.11942857142857143,0.0,0.0,0.327,5.292,6.0,0,19.79638731257678,55.0,0.0,0.0,0.0,418.0,0.0,41.5451218948323,optimal
2021-02-08 00:00:00,6,34,2.0,0.0,3.0,0.060333333333333336,5.9745,6.0,0,19.79638731257678,55.0,0.0,7000.0,0.0,0.0,0.0,42.92857677293746,optimal
2021-02-08 00:30:00,6,34,2.0,0.0,0.0,0.056,7.938,6.0,0,19.848345532923975,55.0,0.042,2611.0,0.0,4389.0,0.0,42.885648196164524,optimal
2021-02-08 01:00:00,6,34,2.0,0.0,0.0,0.056,8.6835,6.0,0,19.838286014287313,55.0,0.042,7000.0,0.0,0.0,0.0,42.84276254796836,optimal
2021-02-08 01:30:00,6,34,2.0,0.0,0.0,0.056,7.665,6.0,0,19.890127548728763,55.0,0.042,7000.0,0.0,0.0,0.0,42.79991978542039,optimal
2021-02-08 02:00:00,6,34,2.0,0.0,0.2251178436114736,0.056,6.7725,6.0,0,19.9416854593059,55.0,0.042,7000.0,0.0,0.0,0.0,42.86405084135042,optimal
2021-02-08 02:30:00,6,34,2.0,0.0,3.0,0.056,5.5755,6.0,0,19.992960535897794,55.0,0.042,7000.0,0.0,0.0,0.0,44.246186790509064,optimal
2021-02-08 03:00:00,6,34,2.0,0.0,3.0,0.061666666666666654,5.0925,6.0,0,20.04423206146159,55.0,0.042,7000.0,0.0,0.0,0.0,45.626940603718545,optimal
2021-02-08 03:30:00,6,34,2.0,0.0,3.0,0.060333333333333336,4.1895,6.0,0,20.09550004588673,55.0,0.042,7000.0,0.0,0.0,0.0,47.006313663114824,optimal
2021-02-08 04:00:00,6,34,2.0,0.0,0.0,0.056,7.056,6.0,0,20.14648600375727,55.0,0.042,7000.0,0.0,0.0,0.0,46.959307349451706,optimal
2021-02-08 04:30:00,6,34,2.0,0.0,3.0,0.056,5.271,6.0,0,20.197190720503848,55.0,0.042,7000.0,0.0,0.0,0.0,48.33734804210225,optimal
2021-02-08 05:00:00,6,34,2.0,0.0,0.0,0.056,7.938,6.0,0,20.24747573173078,55.0,0.042,7000.0,0.0,0.0,0.0,48.289010694060146,optimal
2021-02-08 05:30:00,6,34,2.0,0.0,0.0,0.056,7.938,6.0,0,20.297342206298122,55.0,0.042,7000.0,0.0,0.0,0.0,48.240721683366075,optimal
2021-02-08 06:00:00,6,34,2.0,0.0,0.0,0.056,11.907,6.0,0,20.346930557449635,55.0,0.042,7000.0,0.0,0.0,0.0,48.192480961682705,optimal
2021-02-08 06:30:00,6,34,2.0,0.0,0.0,0.056,11.025,6.0,0,20.3962415597459,55.0,0.042,7000.0,0.0,0.0,0.0,48.144288480721016,optimal
2021-02-08 07:00:00,6,34,2.0,0.0,0.0,0.0592,11.2875,6.0,0,20.445275985590378,55.0,0.042,7000.0,0.0,0.0,0.0,48.096144192240295,optimal
2021-02-08 07:30:00,6,34,0.0,0.0,0.0,0.15630000000000002,12.936,6.0,0,20.49686628235053,55.0,0.03933333333333333,0.0,0.0,0.0,0.0,48.048048048048045,optimal
2021-02-08 08:00:00,6,34,0.0,0.0,0.0,0.261,13.0095,6.0,0,20.45316322119553,55.0,0.036,0.0,0.0,0.0,0.0,48.0,optimal
2021-02-08 08:30:00,6,34,0.0,0.0,0.0,0.066,13.671,6.0,0,20.411461265655408,55.0,0.034666666666666665,0.0,0.0,0.0,0.0,47.52886437560166,optimal
2021-02-08 09:00:00,6,34,0.0,0.0,0.0,0.06123333333333333,13.188,6.0,0,20.36212115606296,55.0,0.03333333333333333,0.0,0.0,0.0,0.0,47.058199886827715,optimal
2021-02-08 09:30:00,6,34,0.0,0.0,0.0,0.067,13.8495,6.0,0,20.31061234467265,55.0,0.03333333333333333,0.0,0.0,0.0,0.0,46.58800606254255,optimal
2021-02-08 10:00:00,6,34,0.0,0.0,0.0,0.067,13.23,6.0,0,20.261541076075456,55.0,0.03333333333333333,0.0,0.0,0.0,0.0,46.118282432081664,optimal
2021-02-08 10:30:00,6,34,0.0,0.0,0.0,0.0592,13.3665,6.0,0,20.21470579866903,55.0,0.03333333333333333,0.0,0.0,0.0,0.0,45.64902852525124,optimal
2021-02-08 11:00:00,6,34,1.4662361554507748,0.0,0.0,0.25853333333333334,13.0515,6.0,0,20.16694977382366,55.0,0.03333333333333333,5131.826544077711,0.0,0.0,0.0,45.180243872327644,optimal
2021-02-08 11:30:00,6,34,0.0,0.0,0.0,0.067,13.5345,6.0,0,20.192550669801122,55.0,0.03133333333333333,0.0,0.0,0.0,0.0,44.71192800405697,optimal
2021-02-08 12:00:00,6,34,0.0,0.0,0.0,0.0631,14.154,6.0,0,20.142123495210225,55.0,0.03,0.0,0.0,0.0,0.0,44.244080451654575,optimal
2021-02-08 12:30:00,6,34,0.0,0.0,0.0,0.6395,14.112,6.0,0,20.09215258066721,55.0,0.027333333333333334,0.0,0.0,0.0,0.0,43.77670074680458,optimal
2021-02-08 13:00:00,6,34,0.0,0.0,0.0,0.7385,14.2485,6.0,0,20.052519434841866,55.0,0.021333333333333333,0.0,0.0,0.0,0.0,43.309788421659434,optimal
2021-02-08 13:30:00,6,34,2.0,0.0,0.0,0.07673333333333333,12.789,6.0,0,20.015321354136752,55.0,0.018,7000.0,0.0,0.0,0.0,42.84334300883943,optimal
2021-02-08 14:00:00,6,34,2.0,0.0,0.0,1.4012,13.0095,6.0,0,20.067401510571376,55.0,0.018,7000.0,0.0,0.0,0.0,42.37736404143225,optimal
2021-02-08 14:30:00,6,34,2.0,0.0,0.0,0.6517333333333334,12.1275,6.0,0,20.131348792540546,55.0,0.016666666666666666,7000.0,0.0,0.0,0.0,41.911851052992475,optimal
2021-02-08 15:00:00,6,34,2.0,0.0,0.0,1.0849666666666666,12.348,6.0,0,20.188059286626256,55.0,0.012666666666666666,7000.0,0.0,0.0,0.0,41.44680357754114,optimal
2021-02-08 15:30:00,6,34,2.0,0.0,0.0,0.15466666666666665,12.348,6.0,0,20.2421232650247,55.0,0.011333333333333334,7000.0,0.0,0.0,0.0,40.982221149565255,optimal
2021-02-08 16:00:00,6,34,0.0,0.0,0.0,0.1007,25.389,6.0,0,20.29532054842681,55.0,0.008,0.0,0.0,0.0,0.0,40.51810330401735,optimal
2021-02-08 16:30:00,6,34,0.0,0.0,0.0,0.297,29.1375,6.0,0,20.25168039905662,55.0,0.007333333333333333,0.0,0.0,0.0,0.0,40.054449576314994,optimal
2021-02-08 17:00:00,6,34,0.0,0.0,0.0,0.10286666666666666,30.597,6.0,0,20.207446119642228,55.0,0.006666666666666667,0.0,0.0,0.0,0.0,39.591259502340336,optimal
2021-02-08 17:30:00,6,34,0.0,0.0,0.0,0.09093333333333334,33.684,6.0,0,20.159406706936718,55.0,0.006,0.0,0.0,0.0,0.0,39.12853261843966,optimal
2021-02-08 18:00:00,6,34,0.0,0.0,0.0,0.15173333333333333,32.445,6.0,0,20.11136090126119,55.0,0.004666666666666667,0.0,0.0,0.0,0.0,38.666268461422874,optimal
2021-02-08 18:30:00,6,34,0.0,0.0,0.0,0.21076666666666669,28.917,6.0,0,20.06535951551037,55.0,0.002666666666666666,0.0,0.0,0.0,0.0,38.20446656856311,optimal
2021-02-08 19:00:00,6,34,0.0,0.0,0.0,2.2496,15.876,6.0,0,20.022737702416656,55.0,0.002666666666666666,0.0,0.0,0.0,0.0,37.743126477596206,optimal
2021-02-08 19:30:00,6,34,0.8198513696654675,0.0,0.0,0.27566666666666667,12.348,6.0,0,20.0,55.0,0.0,2869.4797938291363,0.0,0.0,0.0,37.28224772672027,optimal
2021-02-08 20:00:00,6,34,0.9214702755586358,0.0,0.0,0.219,12.1275,6.0,0,20.0,55.0,0.0,2946.4792977885586,0.0,278.66666666666663,0.0,36.82182985459521,optimal
2021-02-08 20:30:00,6,34,0.0,0.0,0.0,0.20763333333333334,12.348,6.0,0,20.0,55.0,0.0,0.0,0.0,0.0,0.0,36.36187240034227,optimal
2021-02-08 21:00:00,6,34,0.0796190476190476,0.0,0.0,0.1187,12.1275,6.0,0,19.957574167047866,55.0,0.0,0.0,0.0,278.66666666666663,0.0,35.90237490354359,optimal
2021-02-08 21:30:00,6,34,0.0,0.0,0.0,0.13793333333333332,12.1275,6.0,0,19.913159103391177,55.0,0.0,0.0,0.0,0.0,0.0,35.443336904241704,optimal
2021-02-08 22:00:00,6,34,0.0,0.0,0.0,0.1182,11.2665,6.0,0,19.867234319750914,55.0,0.0,0.0,0.0,0.0,0.0,35.40789356733746,optimal
2021-02-08 22:30:00,6,34,0.09952380952380951,0.0,0.0,0.08506666666666667,10.143,6.0,0,19.821363181705912,55.0,0.0033333333333333335,0.0,0.0,348.3333333333333,0.0,35.37248567377012,optimal
2021-02-08 23:00:00,6,34,0.0,0.0,0.0,0.3137333333333333,11.2455,6.0,0,19.775568418128426,55.0,0.0033333333333333335,0.0,0.0,0.0,0.0,35.33711318809635,optimal
2021-02-08 23:30:00,6,34,0.0,0.0,0.0,0.3087,11.025,6.0,0,19.734110489469284,55.0,0.0,0.0,0.0,0.0,0.0,35.301776074908254,optimal
2021-02-09 00:00:00,6,34,2.0,0.0,3.0,0.049,10.584,6.0,0,19.734110489469284,55.0,0.0,7000.0,0.0,0.0,0.0,36.69147429883334,optimal
2021-02-09 00:30:00,6,34,2.0,0.0,3.0,0.049,11.2455,6.0,0,19.783627141138233,55.0,0.06698564593301436,0.0,0.0,7000.0,0.0,38.079782824534504,optimal
2021-02-09 01:00:00,6,34,2.0,0.0,0.0,0.049,12.1275,6.0,0,19.734464057898723,55.0,0.1339712918660287,0.0,0.0,7000.0,0.0,38.04170304170997,optimal
2021-02-09 01:30:00,6,34,2.0,0.0,0.0,0.049,11.823,6.0,0,19.68557713916341,55.0,0.2,100.0,0.0,6900.0,0.0,38.00366133866826,optimal
2021-02-09 02:00:00,6,34,2.0,0.0,1.0567850887939825,0.0528,11.7705,6.0,0,19.637957602639133,55.0,0.2,7000.0,0.0,0.0,0.0,38.46763059450672,optimal
2021-02-09 02:30:00,6,34,2.0,0.0,3.0,0.11359999999999999,11.13,6.0,0,19.687517110009264,55.0,0.2,7000.0,0.0,0.0,0.0,39.854162963912216,optimal
2021-02-09 03:00:00,6,34,2.0,0.0,3.0,0.049,11.6865,6.0,0,19.73793495980563,55.0,0.2,7000.0,0.0,0.0,0.0,41.239308800948294,optimal
2021-02-09 03:30:00,6,34,2.0,0.0,3.0,0.1174,10.7205,6.0,0,19.787440960505293,55.0,0.2,7000.0,0.0,0.0,0.0,42.62306949214734,optimal
2021-02-09 04:00:00,6,34,2.0,0.0,3.0,0.049,11.424,6.0,0,19.838051839743052,55.0,0.2,7000.0,0.0,0.0,0.0,44.00544642265518,optimal
2021-02-09 04:30:00,6,34,2.0,0.0,3.0,0.1174,10.689,6.0,0,19.88783601021546,55.0,0.2,7000.0,0.0,0.0,0.0,45.38644097623252,optimal
2021-02-09 05:00:00,6,34,2.0,0.0,3.0,0.049,11.361,6.0,0,19.938167293980577,55.0,0.2,7000.0,0.0,0.0,0.0,46.76605453525628,optimal
2021-02-09 05:30:00,6,34,2.0,0.0,3.0,0.060399999999999995,11.571,6.0,0,19.98711565708482,55.0,0.2,7000.0,0.0,0.0,0.0,48.144288480721016,optimal
2021-02-09 06:00:00,6,34,2.0,0.0,0.0,0.106,14.3745,6.0,0,20.03608841049831,55.0,0.2,7000.0,0.0,0.0,0.0,48.096144192240295,optimal
2021-02-09 06:30:00,6,34,2.0,0.0,0.0,0.047666666666666656,13.23,6.0,0,20.085567613862406,55.0,0.2,7000.0,0.0,0.0,0.0,48.048048048048045,optimal
2021-02-09 07:00:00,6,34,2.0,0.0,0.0,0.1154,13.9755,6.0,0,20.135256129099094,55.0,0.19666666666666666,7000.0,0.0,0.0,0.0,48.0,optimal
2021-02-09 07:30:00,6,34,0.0,0.0,0.0,0.4844,14.994,6.0,0,20.1874357257155,55.0,0.19533333333333333,0.0,0.0,0.0,0.0,47.66915516819115,optimal
2021-02-09 08:00:00,6,34,2.0,0.0,0.0,1.7398,13.671,6.0,0,20.14352997542768,55.0,0.192,7000.0,0.0,0.0,0.0,47.338641181214115,optimal
2021-02-09 08:30:00,6,34,0.0,0.0,0.0,0.07740000000000001,15.981,6.0,0,20.208915108565783,55.0,0.18933333333333333,0.0,0.0,0.0,0.0,47.00845770822406,optimal
2021-02-09 09:00:00,6,34,0.0,0.0,0.0,1.1618333333333333,15.6345,6.0,0,20.16072681141881,55.0,0.18733333333333332,0.0,0.0,0.0,0.0,46.67860441870699,optimal
2021-02-09 09:30:00,6,34,0.0,0.0,0.0,1.4822,16.5375,6.0,0,20.115727612197684,55.0,0.18266666666666667,0.0,0.0,0.0,0.0,46.349080982479435,optimal
2021-02-09 10:00:00,6,34,0.49790846986912546,0.0,0.0,0.3984,14.7735,6.0,0,20.072033287490815,55.0,0.18266666666666667,1742.679644541939,0.0,0.0,0.0,46.01988706968811,optimal
2021-02-09 10:30:00,6,34,0.0,0.0,0.0,0.1704,15.2145,6.0,0,20.051302880610386,55.0,0.18266666666666667,0.0,0.0,0.0,0.0,45.691022350809575,optimal
2021-02-09 11:00:00,6,34,0.9892217317990001,0.0,0.0,0.1756,14.553,6.0,0,20.0,55.0,0.18266666666666667,3462.2760612965003,0.0,0.0,0.0,45.36248649664992,optimal
2021-02-09 11:30:00,6,34,2.0,0.0,0.0,0.22030000000000002,14.3325,6.0,0,20.0,55.0,0.128,7000.0,0.0,0.0,0.0,45.03427917834443,optimal
2021-02-09 12:00:00,6,34,0.8254851692523713,0.0,0.0,0.2828,14.595,6.0,0,20.050896997974668,55.0,0.128,2889.1980923832994,0.0,0.0,0.0,44.70640006735724,optimal
2021-02-09 12:30:00,6,34,0.0,0.0,0.0,0.057,14.994,6.0,0,20.046318169471302,55.0,0.126,0.0,0.0,0.0,0.0,44.37884883548104,optimal
2021-02-09 13:00:00,6,34,1.195300513112429,0.0,0.0,0.7945333333333333,14.3325,6.0,0,20.0,55.0,0.13356,3393.5317958935016,0.0,790.02,0.0,44.051625154836714,optimal
2021-02-09 13:30:00,6,34,2.0,0.0,0.0,0.5534,13.8915,6.0,0,20.01407476488223,55.0,0.13356,7000.0,0.0,0.0,0.0,43.72472869787303,optimal
2021-02-09 14:00:00,6,34,2.0,0.0,0.0,0.3512,13.8915,6.0,0,20.074567372877166,55.0,0.13156,7000.0,0.0,0.0,0.0,43.398159137366314,optimal
2021-02-09 14:30:00,6,34,2.0,0.0,0.0,0.057,13.4715,6.0,0,20.131088953444053,55.0,0.13156,7000.0,0.0,0.0,0.0,43.0719161464201,optimal
2021-02-09 15:00:00,6,34,2.0,0.0,0.0,0.0836,13.23,6.0,0,20.182929147072922,55.0,0.13022666666666666,7000.0,0.0,0.0,0.0,42.74599939846484,optimal
2021-02-09 15:30:00,6,34,2.0,0.0,0.0,0.5419333333333333,13.8915,6.0,0,20.234099046774126,55.0,0.1272,7000.0,0.0,0.0,0.0,42.42040856725753,optimal
2021-02-09 16:00:00,6,34,0.0,0.0,0.0,1.2490999999999999,26.9325,6.0,0,20.290582188753124,55.0,0.12489333333333333,0.0,0.0,0.0,0.0,42.09514332688143,optimal
2021-02-09 16:30:00,6,34,0.0,0.0,0.0,0.3529,30.303,6.0,0,20.253064380046197,55.0,0.11956,0.0,0.0,0.0,0.0,41.7702033517457,optimal
2021-02-09 17:00:00,6,34,0.0,0.0,0.0,0.26793333333333336,32.886,6.0,0,20.212931379406776,55.0,0.11756,0.0,0.0,0.0,0.0,41.44558831658511,optimal
2021-02-09 17:30:00,6,34,0.0,0.0,0.0,0.30689999999999995,34.9965,6.0,0,20.172073945259857,55.0,0.06622666666666667,0.0,0.0,0.0,0.0,41.12129789645968,optimal
2021-02-09 18:00:00,6,34,0.0,0.0,0.0,0.30410000000000004,33.327,6.0,0,20.133355112272604,55.0,0.06356,0.0,0.0,0.0,0.0,40.797331766754375,optimal
2021-02-09 18:30:00,6,34,0.0,0.0,0.0,2.0642,31.122,6.0,0,20.093403611405638,55.0,0.062226666666666666,0.0,0.0,0.0,0.0,40.75653443498762,optimal
2021-02-09 19:00:00,6,34,0.0,0.0,0.0,0.3444333333333333,17.9025,6.0,0,20.069924381209383,55.0,0.060226666666666664,0.0,0.0,0.0,0.0,40.71577790055263,optimal
2021-02-09 19:30:00,6,34,0.0,0.0,0.0,0.37803333333333333,15.6555,6.0,0,20.034050092793994,55.0,0.05956,0.0,0.0,0.0,0.0,40.67506212265208,optimal
2021-02-09 20:00:00,6,34,0.7795723352797815,0.0,0.0,0.28833333333333333,14.553,6.0,0,20.0,55.0,0.0,2728.5031734792356,0.0,0.0,0.0,40.63438706052943,optimal
2021-02-09 20:30:00,6,34,0.11266095238095251,0.0,0.0,1.1629666666666667,14.3325,6.0,0,20.0,55.0,0.0,0.0,0.0,394.3133333333338,0.0,40.5937526734689,optimal
2021-02-09 21:00:00,6,34,0.0,0.0,0.0,0.30186666666666667,13.335,6.0,0,19.96199878411966,55.0,0.0,0.0,0.0,0.0,0.0,40.55315892079543,optimal
2021-02-09 21:30:00,6,34,1.7715238095238095,0.0,0.0,0.3628,12.1275,6.0,0,19.922496187292907,55.0,0.013333333333333334,0.0,0.0,6200.333333333333,0.0,40.51260576187464,optimal
2021-02-09 22:00:00,6,34,0.0,0.0,0.0,0.3701666666666667,12.2955,6.0,0,19.88351838647024,55.0,0.0,0.0,0.0,0.0,0.0,40.47209315611276,optimal
2021-02-09 22:30:00,6,34,0.0796190476190476,0.0,0.0,0.23166666666666663,11.6865,6.0,0,19.845246245164482,55.0,0.0,0.0,0.0,278.66666666666663,0.0,40.43162106295665,optimal
2021-02-09 23:00:00,6,34,0.0,0.0,0.0,0.48210000000000003,11.466,6.0,0,19.805603447514986,55.0,0.0,0.0,0.0,0.0,0.0,40.391189441893694,optimal
2021-02-09 23:30:00,6,34,0.0,0.0,0.0,0.1274,10.8045,6.0,0,19.767909964966815,55.0,0.0,0.0,0.0,0.0,0.0,40.3507982524518,optimal
2021-02-10 00:00:00,6,34,2.0,0.0,3.0,0.061,10.8045,6.0,0,19.767909964966815,55.0,0.0,7000.0,0.0,0.0,0.0,41.735447454199345,optimal
2021-02-10 00:30:00,6,34,2.0,0.0,0.0,0.061,11.508,6.0,0,19.815766129651088,55.0,0.06698564593301436,0.0,0.0,7000.0,0.0,41.693712006745145,optimal
2021-02-10 01:00:00,6,34,2.0,0.0,0.0,0.1198,11.508,6.0,0,19.764529440887962,55.0,0.1339712918660287,0.0,0.0,7000.0,0.0,41.6520182947384,optimal
2021-02-10 01:30:00,6,34,2.0,0.0,0.0,0.1975,11.508,6.0,0,19.713985869686205,55.0,0.2,100.0,0.0,6900.0,0.0,41.610366276443656,optimal
2021-02-10 02:00:00,6,34,2.0,0.0,0.0,0.1263,11.844,6.0,0,19.665809654393595,55.0,0.2,7000.0,0.0,0.0,0.0,41.56875591016721,optimal
2021-02-10 02:30:00,6,34,2.0,0.0,0.0,0.15433333333333335,11.508,6.0,0,19.71375673602293,55.0,0.2,7000.0,0.0,0.0,0.0,41.52718715425704,optimal
2021-02-10 03:00:00,6,34,2.0,0.0,0.0,0.1198,11.508,6.0,0,19.761965481528012,55.0,0.2,7000.0,0.0,0.0,0.0,41.485659967102784,optimal
2021-02-10 03:30:00,6,34,2.0,0.0,3.0,0.1845,10.4475,6.0,0,19.80955314128703,55.0,0.2,7000.0,0.0,0.0,0.0,42.86917430713568,optimal
2021-02-10 04:00:00,6,34,2.0,0.0,3.0,0.1085,10.8675,6.0,0,19.857920366795263,55.0,0.2,7000.0,0.0,0.0,0.0,44.25130513282854,optimal
2021-02-10 04:30:00,6,34,2.0,0.0,3.0,0.18513333333333332,10.542,6.0,0,19.905081497270594,55.0,0.2,7000.0,0.0,0.0,0.0,45.63205382769571,optimal
2021-02-10 05:00:00,6,34,2.0,0.0,2.483437392396372,0.089,11.025,6.0,0,19.952913113828828,55.0,0.2,7000.0,0.0,0.0,0.0,46.76605453525628,optimal
2021-02-10 05:30:00,6,34,2.0,0.0,3.0,0.12633333333333333,11.025,6.0,0,19.99897780613656,55.0,0.2,7000.0,0.0,0.0,0.0,48.144288480721016,optimal
2021-02-10 06:00:00,6,34,2.0,0.0,0.0,0.191,14.553,6.0,0,20.04516201427232,55.0,0.2,7000.0,0.0,0.0,0.0,48.096144192240295,optimal
2021-02-10 06:30:00,6,34,2.0,0.0,0.0,0.08506666666666667,13.0935,6.0,0,20.091850731516033,55.0,0.2,5815.666666666667,0.0,1184.3333333333333,0.0,48.048048048048045,optimal
2021-02-10 07:00:00,6,34,2.0,0.0,0.0,0.21846666666666667,15.6345,6.0,0,20.12211403435555,55.0,0.2,4422.333333333334,0.0,2577.6666666666665,0.0,48.0,optimal
2021-02-10 07:30:00,6,34,0.0,0.0,0.0,0.5634666666666667,18.102,6.0,0,20.13852014318896,55.0,0.17333333333333334,0.0,0.0,0.0,0.0,47.66543369349123,optimal
2021-02-10 08:00:00,6,34,2.0000000000000004,0.0,0.0,0.32673333333333326,17.199,6.0,0,20.097429503879606,55.0,0.19225205172087037,4883.660595169049,0.0,2116.339404830952,0.0,47.331201953288975,optimal
2021-02-10 08:30:00,6,34,0.0,0.0,0.0,0.2089333333333333,18.2805,6.0,0,20.119117352853426,55.0,0.18825205172087037,0.0,0.0,0.0,0.0,46.997304444826916,optimal
2021-02-10 09:00:00,6,34,0.0,0.0,0.0,0.6191,17.4615,6.0,0,20.06977125208408,55.0,0.1855853850542037,0.0,0.0,0.0,0.0,46.66374083387332,optimal
2021-02-10 09:30:00,6,34,0.0,0.0,0.0,2.6184000000000003,18.3225,6.0,0,20.029251298680546,55.0,0.18291871838753704,0.0,0.0,0.0,0.0,46.33051078653068,optimal
2021-02-10 10:00:00,6,34,2.0,0.0,0.0,0.4824666666666666,17.094,6.0,0,20.0,55.0,0.18066666666666667,5563.339404830953,0.0,1436.6605951690467,0.0,45.99761396923538,optimal
2021-02-10 10:30:00,6,34,2.0,0.0,0.0,0.8334,17.094,6.0,0,20.03622252479021,55.0,0.16466666666666666,7000.0,0.0,0.0,0.0,45.66505004875738,optimal
2021-02-10 11:00:00,6,34,2.0,0.0,0.0,0.24359999999999998,17.094,6.0,0,20.09900535751438,55.0,0.12133333333333333,7000.0,0.0,0.0,0.0,45.33281869219986,optimal
2021-02-10 11:30:00,6,34,0.5480975664126989,0.0,0.0,1.7409333333333334,17.3565,6.0,0,20.154379742170118,55.0,0.12133333333333333,1918.3414824444462,0.0,0.0,0.0,45.00091956699889,optimal
2021-02-10 12:00:00,6,34,2.0,0.0,0.0,4.269399999999999,17.115,6.0,0,20.141325056905533,55.0,0.116,7000.0,0.0,0.0,0.0,44.66935234092312,optimal
2021-02-10 12:30:00,6,34,2.0,0.0,0.0,1.8056666666666668,17.241,6.0,0,20.20675304346765,55.0,0.116,7000.0,0.0,0.0,0.0,44.33811668207343,optimal
2021-02-10 13:00:00,6,34,2.0,0.0,0.0,0.3206666666666667,17.094,6.0,0,20.26401993387618,55.0,0.11066666666666666,7000.0,0.0,0.0,0.0,44.00721225888259,optimal
2021-02-10 13:30:00,6,34,2.0,0.0,0.0,0.37426666666666664,16.5165,6.0,0,20.315545698638363,55.0,0.10733333333333334,7000.0,0.0,0.0,0.0,43.67663874011494,optimal
2021-02-10 14:00:00,6,34,0.0,0.0,0.0,0.2985333333333334,17.8185,6.0,0,20.369860821637324,55.0,0.10733333333333334,0.0,0.0,0.0,0.0,43.346395794866055,optimal
2021-02-10 14:30:00,6,34,2.0,0.0,0.0,0.13333333333333333,17.094,6.0,0,20.32437223487025,55.0,0.10733333333333334,7000.0,0.0,0.0,0.0,43.016483092562424,optimal
2021-02-10 15:00:00,6,34,2.0,0.0,0.0,0.3038,16.8945,6.0,0,20.37176772835992,55.0,0.10733333333333334,7000.0,0.0,0.0,0.0,42.68690030296109,optimal
2021-02-10 15:30:00,6,34,0.0,0.0,0.0,0.12816666666666665,18.123,6.0,0,20.42134350648393,55.0,0.10733333333333334,0.0,0.0,0.0,0.0,42.357647096149364,optimal
2021-02-10 16:00:00,6,34,0.0,0.0,0.0,0.19253333333333333,31.647,6.0,0,20.371519181435065,55.0,0.10533333333333333,0.0,0.0,0.0,0.0,42.02872314254445,optimal
2021-02-10 16:30:00,6,34,0.0,0.0,0.0,0.123,34.9965,6.0,0,20.323884167537067,55.0,0.10533333333333333,0.0,0.0,0.0,0.0,41.70012811289314,optimal
2021-02-10 17:00:00,6,34,0.0,0.0,0.0,0.36333333333333334,34.9965,6.0,0,20.27560302687035,55.0,0.10333333333333333,0.0,0.0,0.0,0.0,41.37186167827148,optimal
2021-02-10 17:30:00,6,34,0.0,0.0,0.0,0.33866666666666667,34.9965,6.0,0,20.234703581871415,55.0,0.08148,0.0,0.0,0.0,0.0,41.04392351008444,optimal
2021-02-10 18:00:00,6,34,0.0,0.0,0.0,0.22933333333333328,34.9965,6.0,0,20.196162483929292,55.0,0.051333333333333335,0.0,0.0,0.0,0.0,40.71631328006559,optimal
2021-02-10 18:30:00,6,34,0.0,0.0,0.0,0.40853333333333336,34.9965,6.0,0,20.15630207715804,55.0,0.013626666666666667,0.0,0.0,0.0,0.0,40.38903066027676,optimal
2021-02-10 19:00:00,6,34,0.0,0.0,0.0,0.349,27.741,6.0,0,20.11706599664282,55.0,0.01,0.0,0.0,0.0,0.0,40.06207532310771,optimal
2021-02-10 19:30:00,6,34,0.0,0.0,0.0,0.5484,19.026,6.0,0,20.075685204207,55.0,0.01,0.0,0.0,0.0,0.0,39.73544694127584,optimal
2021-02-10 20:00:00,6,34,0.0,0.0,0.0,0.8519333333333333,18.7215,6.0,0,20.03545127586693,55.0,0.0033333333333333335,0.0,0.0,0.0,0.0,39.40914518782579,optimal
2021-02-10 20:30:00,6,34,0.0,0.0,0.0,1.5754000000000001,17.4195,6.0,0,20.0,55.0,0.0,0.0,0.0,0.0,0.0,39.0831697361292,optimal
2021-02-10 21:00:00,6,34,0.5573333333333333,0.0,0.0,0.7878,16.758,6.0,0,19.964347121506368,55.0,0.0,0.0,0.0,1950.6666666666667,0.0,38.7575202598843,optimal
2021-02-10 21:30:00,6,34,0.05971428571428571,0.0,0.0,0.5257000000000001,14.217,6.0,0,19.92368743319461,55.0,0.0,0.0,0.0,209.0,0.0,38.71876273962442,optimal
2021-02-10 22:00:00,6,34,0.0199047619047619,0.0,0.0,0.5562999999999999,13.3665,6.0,0,19.880213007818263,55.0,0.0,0.0,0.0,69.66666666666666,0.0,38.68004397688479,optimal
2021-02-10 22:30:00,6,34,0.0,0.0,0.0,0.6387,12.789,6.0,0,19.83300004090042,55.0,0.0,0.0,0.0,0.0,0.0,38.64136393290791,optimal
2021-02-10 23:00:00,6,34,0.0,0.0,0.0,0.24716666666666662,11.907,6.0,0,19.787882011759535,55.0,0.0,0.0,0.0,0.0,0.0,38.602722568975,optimal
2021-02-10 23:30:00,6,34,0.0,0.0,0.0,0.11673333333333331,11.7075,6.0,0,19.73098322520181,55.0,0.0,0.0,0.0,0.0,0.0,38.56411984640602,optimal
2021-02-11 00:00:00,6,34,2.0,0.0,3.0,0.053,11.025,6.0,0,19.73098322520181,55.0,0.0,7000.0,0.0,0.0,0.0,39.950555726559614,optimal
2021-02-11 00:30:00,6,34,2.0,0.0,0.0,0.07783333333333332,12.0855,6.0,0,19.768627741098165,55.0,0.06698564593301436,0.0,0.0,7000.0,0.0,39.91060517083305,optimal
2021-02-11 01:00:00,6,34,2.0,0.0,0.0,0.2467666666666667,11.6865,6.0,0,19.708114915945124,55.0,0.11773745561295024,1696.4358884467,0.0,5303.5641115533,0.0,39.87069456566222,optimal
2021-02-11 01:30:00,6,34,2.0,0.0,0.4580233192666733,0.053,11.2245,6.0,0,19.674345775900402,55.0,0.11773745561295024,7000.0,0.0,0.0,0.0,40.04838494774822,optimal
2021-02-11 02:00:00,6,34,2.0,0.0,3.0,0.16226666666666667,11.025,6.0,0,19.71270501497426,55.0,0.11773745561295024,7000.0,0.0,0.0,0.0,41.43333656280047,optimal
2021-02-11 02:30:00,6,34,2.0,0.0,3.0,0.09126666666666668,10.7835,6.0,0,19.75249779006227,55.0,0.11773745561295024,7000.0,0.0,0.0,0.0,42.81690322623766,optimal
2021-02-11 03:00:00,6,34,2.0,0.0,3.0,0.20353333333333334,11.025,6.0,0,19.790900340765482,55.0,0.11773745561295024,7000.0,0.0,0.0,0.0,44.199086323011414,optimal
2021-02-11 03:30:00,6,34,2.0,0.0,3.0,0.0828,10.584,6.0,0,19.830500103476005,55.0,0.11773745561295024,7000.0,0.0,0.0,0.0,45.5798872366884,optimal
2021-02-11 04:00:00,6,34,2.0,0.0,3.0,0.16233333333333333,11.025,6.0,0,19.868983807219493,55.0,0.11773745561295024,7000.0,0.0,0.0,0.0,46.959307349451706,optimal
2021-02-11 04:30:00,6,34,2.0,0.0,3.0,0.15233333333333335,10.4265,6.0,0,19.909177778904194,55.0,0.11773745561295024,7000.0,0.0,0.0,0.0,48.33734804210225,optimal
2021-02-11 05:00:00,6,34,2.0,0.0,0.0,0.134,12.789,6.0,0,19.949118839302898,55.0,0.11773745561295024,7000.0,0.0,0.0,0.0,48.289010694060146,optimal
2021-02-11 05:30:00,6,34,2.0,0.0,0.0,0.14093333333333333,12.684,6.0,0,19.988690215284198,55.0,0.11773745561295024,7000.0,0.0,0.0,0.0,48.240721683366075,optimal
2021-02-11 06:00:00,6,34,2.0,0.0,0.0,0.16726666666666667,16.254,6.0,0,20.028945366307838,55.0,0.11773745561295024,7000.0,0.0,0.0,0.0,48.192480961682705,optimal
2021-02-11 06:30:00,6,34,2.0,0.0,0.0,0.11263333333333334,17.64,6.0,0,20.07015587565998,55.0,0.11773745561295024,7000.0,0.0,0.0,0.0,48.144288480721016,optimal
2021-02-11 07:00:00,6,34,2.0,0.0,0.0,0.16496666666666668,19.1625,6.0,0,20.111177671542443,55.0,0.11573745561295024,7000.0,0.0,0.0,0.0,48.096144192240295,optimal
2021-02-11 07:30:00,6,34,0.0,0.0,0.0,1.3714333333333335,26.46,6.0,0,20.155412957348734,55.0,0.11307078894628357,0.0,0.0,0.0,0.0,48.048048048048045,optimal
2021-02-11 08:00:00,6,34,0.0,0.0,0.0,0.2163333333333333,20.79,6.0,0,20.11352793154711,55.0,0.09573745561295025,0.0,0.0,0.0,0.0,48.0,optimal
2021-02-11 08:30:00,6,34,0.0,0.0,0.0,1.1376,29.106,6.0,0,20.061722745034057,55.0,0.09307078894628358,0.0,0.0,0.0,0.0,47.58333523500202,optimal
2021-02-11 09:00:00,6,34,2.0,0.0,0.0,0.1849,19.1835,6.0,0,20.009361251827773,55.0,0.08907078894628358,7000.0,0.0,0.0,0.0,47.167087134769034,optimal
2021-02-11 09:30:00,6,34,0.0,0.0,0.0,0.3038666666666667,19.6665,6.0,0,20.050505302045906,55.0,0.08907078894628358,0.0,0.0,0.0,0.0,46.751255282636286,optimal
2021-02-11 10:00:00,6,34,0.6700963974569779,0.0,0.0,1.5376666666666667,19.404,6.0,0,20.0,55.0,0.0884041222796169,2345.337391099423,0.0,0.0,0.0,46.33583926235567,optimal
2021-02-11 10:30:00,6,34,0.9901910686487693,0.0,0.0,0.2576,19.047,6.0,0,20.0,55.0,0.0884041222796169,3465.6687402706925,0.0,0.0,0.0,45.920838658095334,optimal
2021-02-11 11:00:00,6,34,2.0,0.0,0.0,0.24309999999999998,18.858,6.0,0,20.0,55.0,0.0884041222796169,7000.0,0.0,0.0,0.0,45.506253054439256,optimal
2021-02-11 11:30:00,6,34,0.0,0.0,0.0,0.37106666666666666,19.2675,6.0,0,20.04875752489834,55.0,0.0884041222796169,0.0,0.0,0.0,0.0,45.092082036386834,optimal
2021-02-11 12:00:00,6,34,0.9022034469682692,0.0,0.0,0.27443333333333336,18.963,6.0,0,20.001679254883687,55.0,0.0884041222796169,3157.712064388942,0.0,0.0,0.0,44.67832518935247,optimal
2021-02-11 12:30:00,6,34,2.0,0.0,0.0,0.2053,18.438,6.0,0,20.0,55.0,0.10333333333333333,5161.230778219967,0.0,1838.7692217800331,0.0,44.26498209916514,optimal
2021-02-11 13:00:00,6,34,1.0023973438905869,0.0,0.0,0.062,18.7425,6.0,0,20.027405246844904,55.0,0.10333333333333333,3508.3907036170544,0.0,0.0,0.0,43.85205235206799,optimal
2021-02-11 13:30:00,6,34,2.0,0.0,0.0,0.1837,15.2145,6.0,0,20.031246022487355,55.0,0.10266666666666667,7000.0,0.0,0.0,0.0,43.43953553471795,optimal
2021-02-11 14:00:00,6,34,2.0,0.0,0.0,0.20446666666666666,17.7765,6.0,0,20.085101740659887,55.0,0.10266666666666667,7000.0,0.0,0.0,0.0,43.02743123418525,optimal
2021-02-11 14:30:00,6,34,2.0,0.0,0.0,0.2627,16.758,6.0,0,20.13944910323836,55.0,0.10266666666666667,7000.0,0.0,0.0,0.0,42.615739037953084,optimal
2021-02-11 15:00:00,6,34,2.0,0.0,0.0,0.505,16.422,6.0,0,20.1952656899365,55.0,0.10133333333333333,7000.0,0.0,0.0,0.0,42.20445853391715,optimal
2021-02-11 15:30:00,6,34,2.0,0.0,0.0,0.34276666666666666,16.758,6.0,0,20.255581940733745,55.0,0.09333333333333334,7000.0,0.0,0.0,0.0,41.79358931038525,optimal
2021-02-11 16:00:00,6,34,0.0,0.0,0.0,0.45913333333333334,29.358,6.0,0,20.317213929453604,55.0,0.09133333333333334,0.0,0.0,0.0,0.0,41.38313095607688,optimal
2021-02-11 16:30:00,6,34,0.0,0.0,0.0,1.0892,34.9965,6.0,0,20.2787159419695,55.0,0.08466666666666667,0.0,0.0,0.0,0.0,40.973083060122825,optimal
2021-02-11 17:00:00,6,34,0.0,0.0,0.0,0.3222333333333333,34.65,6.0,0,20.245742332957175,55.0,0.062,0.0,0.0,0.0,0.0,40.56344521206472,optimal
2021-02-11 17:30:00,6,34,0.0,0.0,0.0,0.4099,34.9965,6.0,0,20.20101559262624,55.0,0.06066666666666667,0.0,0.0,0.0,0.0,40.154217001854676,optimal
2021-02-11 18:00:00,6,34,0.0,0.0,0.0,0.48283333333333334,34.9965,6.0,0,20.15476828054014,55.0,0.05466666666666667,0.0,0.0,0.0,0.0,39.74539801985484,optimal
2021-02-11 18:30:00,6,34,0.0,0.0,0.0,1.1450333333333333,30.4815,6.0,0,20.104756744779838,55.0,0.0,0.0,0.0,0.0,0.0,39.336987856837005,optimal
2021-02-11 19:00:00,6,34,0.0,0.0,0.0,0.3852,21.4305,6.0,0,20.05257183546375,55.0,0.0,0.0,0.0,0.0,0.0,38.92898610398219,optimal
2021-02-11 19:30:00,6,34,1.2654294969213422,0.0,0.0,0.6063999999999999,14.3325,6.0,0,20.0,55.0,0.0,3732.336572558031,0.0,696.6666666666666,0.0,38.52139235288023,optimal
2021-02-11 20:00:00,6,34,1.052079534700882,0.0,0.0,0.9495,13.692,6.0,0,20.0,55.0,0.0,3682.278371453087,0.0,0.0,0.0,38.11420619552936,optimal
2021-02-11 20:30:00,6,34,0.0,0.0,0.0,0.5659,14.007,6.0,0,20.0,55.0,0.0,0.0,0.0,0.0,0.0,38.07609198933383,optimal
2021-02-11 21:00:00,6,34,1.6572704761904757,0.0,0.0,0.8905,12.873,6.0,0,19.94466167301435,55.0,0.0,0.0,0.0,5800.446666666666,0.0,38.0380158973445,optimal
2021-02-11 21:30:00,6,34,0.8109200000000002,0.0,0.0,0.6790333333333333,12.684,6.0,0,19.891519433842703,55.0,0.0,0.0,0.0,2838.2200000000007,0.0,37.99997788144716,optimal
2021-02-11 22:00:00,6,34,0.0,0.0,0.0,0.263,12.306,6.0,0,19.837697352357058,55.0,0.0,0.0,0.0,0.0,0.0,37.96197790356571,optimal
2021-02-11 22:30:00,6,34,0.0,0.0,0.0,0.1226,10.6365,6.0,0,19.775214586324275,55.0,0.0,0.0,0.0,0.0,0.0,37.92401592566215,optimal
2021-02-11 23:00:00,6,34,0.0,0.0,0.0,0.17233333333333334,11.2455,6.0,0,19.708489646485503,55.0,0.0,0.0,0.0,0.0,0.0,37.886091909736486,optimal
2021-02-11 23:30:00,6,34,0.0,0.0,0.0,0.1484,11.2455,6.0,0,19.640980666371295,55.0,0.0,0.0,0.0,0.0,0.0,37.84820581782675,optimal
2021-02-12 00:00:00,6,34,2.0,0.0,3.0,0.15763333333333332,10.3635,6.0,0,19.640980666371295,55.0,0.0,6930.333333333333,0.0,69.66666666666666,0.0,39.235357612008926,optimal
2021-02-12 00:30:00,6,34,2.0,0.0,0.0,0.16333333333333333,10.8045,6.0,0,19.674583670573636,55.0,0.06565231259968102,0.0,0.0,7000.0,0.0,39.19612225439692,optimal
2021-02-12 01:00:00,6,34,2.0,0.0,0.0,0.087,11.025,6.0,0,19.60851965206703,55.0,0.10863795853269538,0.0,0.0,7000.0,0.0,39.15692613214252,optimal
2021-02-12 01:30:00,6,34,2.0,0.0,3.0,0.19126666666666667,10.3635,6.0,0,19.542974194587945,55.0,0.156,1841.666666666667,0.0,5158.333333333333,0.0,40.54276920601038,optimal
2021-02-12 02:00:00,6,34,2.0,0.0,0.0,0.08486666666666666,10.8045,6.0,0,19.503596194993943,55.0,0.156,7000.0,0.0,0.0,0.0,40.502226436804364,optimal
2021-02-12 02:30:00,6,34,2.0,0.0,3.0,0.1682,10.059,6.0,0,19.53639355361312,55.0,0.15266666666666667,7000.0,0.0,0.0,0.0,41.886724210367554,optimal
2021-02-12 03:00:00,6,34,2.0,0.0,3.0,0.11486666666666666,10.584,6.0,0,19.571526173924667,55.0,0.15266666666666667,7000.0,0.0,0.0,0.0,43.269837486157186,optimal
2021-02-12 03:30:00,6,34,2.0,0.0,3.0,1.908733333333333,9.4185,6.0,0,19.60706703053461,55.0,0.15133333333333332,7000.0,0.0,0.0,0.0,44.651567648671026,optimal
2021-02-12 04:00:00,6,34,2.0,0.0,3.0,0.2414333333333333,10.3635,6.0,0,19.648392977146024,55.0,0.15133333333333332,7000.0,0.0,0.0,0.0,46.03191608102235,optimal
2021-02-12 04:30:00,6,34,2.0,0.0,3.0,1.2116333333333333,9.8385,6.0,0,19.69186898536983,55.0,0.136,7000.0,0.0,0.0,0.0,47.41088416494133,optimal
2021-02-12 05:00:00,6,34,2.0,0.0,0.0,2.1794000000000002,11.067,6.0,0,19.741249897365265,55.0,0.12097333333333334,7000.0,0.0,0.0,0.0,47.36347328077639,optimal
2021-02-12 05:30:00,6,34,2.0,0.0,1.4397688263250226,0.2226,10.8465,6.0,0,19.79613709052471,55.0,0.12,7000.0,0.0,0.0,0.0,48.0,optimal
2021-02-12 06:00:00,6,34,2.0,0.0,0.0,0.3253666666666667,13.671,6.0,0,19.84622939876989,55.0,0.09948,7000.0,0.0,0.0,0.0,47.71964820236616,optimal
2021-02-12 06:30:00,6,34,2.0,0.0,0.0,0.8794333333333333,12.348,6.0,0,19.898604237317528,55.0,0.06866666666666667,7000.0,0.0,0.0,0.0,47.43957675652995,optimal
2021-02-12 07:00:00,6,34,2.0,0.0,0.0,1.7719666666666667,14.3325,6.0,0,19.9499413050791,55.0,0.06866666666666667,7000.0,0.0,0.0,0.0,47.15978538213958,optimal
2021-02-12 07:30:00,6,34,1.1264634304119931,0.0,0.0,3.0645666666666664,15.393,6.0,0,20.00248698307853,55.0,0.004666666666666667,3942.6220064419763,0.0,0.0,0.0,46.8802737991236,optimal
2021-02-12 08:00:00,6,34,2.0,0.0,0.0,0.7662,13.587,6.0,0,20.010996714552125,55.0,0.0,7000.0,0.0,0.0,0.0,46.601041727690635,optimal
2021-02-12 08:30:00,6,34,0.0,0.0,0.0,0.38346666666666657,16.1385,6.0,0,20.055579954889247,55.0,0.0,0.0,0.0,0.0,0.0,46.322088888329105,optimal
2021-02-12 09:00:00,6,34,2.0,0.0,0.0,0.4616,14.595,6.0,0,20.0,55.0,0.002666666666666666,6024.666666666667,0.0,975.3333333333334,0.0,46.043415001806935,optimal
2021-02-12 09:30:00,6,34,0.18542970332869194,0.0,0.0,1.2518,14.637,6.0,0,20.032794423111334,55.0,0.0,649.0039616504218,0.0,0.0,0.0,45.76501978917129,optimal
2021-02-12 10:00:00,6,34,0.7306154558350045,0.0,0.0,1.7301666666666669,13.9125,6.0,0,20.0,55.0,0.0,2557.154095422516,0.0,0.0,0.0,45.48690297174828,optimal
2021-02-12 10:30:00,6,34,0.8691113893261542,0.0,0.0,2.1315999999999997,13.3665,6.0,0,20.0,55.0,0.0,2832.8898626415394,0.0,209.0,0.0,45.209064271142694,optimal
2021-02-12 11:00:00,6,34,2.0,0.0,0.0,2.175533333333333,13.0095,6.0,0,20.0,55.0,0.006,6373.0,0.0,627.0,0.0,44.93150340923771,optimal
2021-02-12 11:30:00,6,34,0.0,0.0,0.0,2.7520333333333333,13.8915,6.0,0,20.049889402479092,55.0,0.0033333333333333335,0.0,0.0,0.0,0.0,44.654220108194636,optimal
2021-02-12 12:00:00,6,34,0.5459779276014223,0.0,0.0,2.6385,13.188,6.0,0,20.01122769191306,55.0,0.0,1910.9227466049779,0.0,0.0,0.0,44.377214090452604,optimal
2021-02-12 12:30:00,6,34,0.8644504614925727,0.0,0.0,1.017966666666667,12.5685,6.0,0,20.0,55.0,0.0,3025.5766152240044,0.0,0.0,0.0,44.10048507872831,optimal
2021-02-12 13:00:00,6,34,2.0,0.0,0.0,2.813266666666667,12.285,6.0,0,20.0,55.0,0.023333333333333334,4561.666666666666,0.0,2438.3333333333335,0.0,43.82403279601574,optimal
2021-02-12 13:30:00,6,34,2.0,0.0,0.0,2.5181999999999998,11.487,6.0,0,20.033437654848516,55.0,0.021333333333333333,7000.0,0.0,0.0,0.0,43.547856965585886,optimal
2021-02-12 14:00:00,6,34,2.0,0.0,0.0,1.9607666666666668,11.802,6.0,0,20.105725380605943,55.0,0.021333333333333333,7000.0,0.0,0.0,0.0,43.27195731098646,optimal
2021-02-12 14:30:00,6,34,2.0,0.0,0.0,2.261633333333333,11.2245,6.0,0,20.170151972881946,55.0,0.020666666666666667,7000.0,0.0,0.0,0.0,42.996333556041634,optimal
2021-02-12 15:00:00,6,34,2.0,0.0,0.0,1.471266666666667,11.025,6.0,0,20.240923248677895,55.0,0.016666666666666666,7000.0,0.0,0.0,0.0,42.720985424851754,optimal
2021-02-12 15:30:00,6,34,2.0,0.0,0.0,1.8208,11.907,6.0,0,20.30605403514058,55.0,0.013333333333333334,7000.0,0.0,0.0,0.0,42.445912641793065,optimal
2021-02-12 16:00:00,6,34,0.0,0.0,0.0,0.22223333333333328,25.83,6.0,0,20.374754263329592,55.0,0.010666666666666666,0.0,0.0,0.0,0.0,42.17111493151743,optimal
2021-02-12 16:30:00,6,34,0.0,0.0,0.0,1.1145333333333334,28.035,6.0,0,20.341188802014226,55.0,0.008666666666666666,0.0,0.0,0.0,0.0,41.89659201895207,optimal
2021-02-12 17:00:00,6,34,0.0,0.0,0.0,2.231533333333333,28.119,6.0,0,20.308206760980998,55.0,0.004666666666666667,0.0,0.0,0.0,0.0,41.62234362929928,optimal
2021-02-12 17:30:00,6,34,0.0,0.0,0.0,1.383233333333333,30.156,6.0,0,20.274020307109552,55.0,0.004666666666666667,0.0,0.0,0.0,0.0,41.34836948803614,optimal
2021-02-12 18:00:00,6,34,0.0,0.0,0.0,0.1484,29.1585,6.0,0,20.226018197197234,55.0,0.004666666666666667,0.0,0.0,0.0,0.0,41.07466932091427,optimal
2021-02-12 18:30:00,6,34,0.0,0.0,0.0,0.37360000000000004,26.712,6.0,0,20.17089204376584,55.0,0.004666666666666667,0.0,0.0,0.0,0.0,40.801242853959515,optimal
2021-02-12 19:00:00,6,34,0.0,0.0,0.0,0.18780000000000002,15.435,6.0,0,20.12089325615577,55.0,0.002666666666666666,0.0,0.0,0.0,0.0,40.528089813471716,optimal
2021-02-12 19:30:00,6,34,0.0,0.0,0.0,2.1885333333333334,13.566,6.0,0,20.070533104448792,55.0,0.0,0.0,0.0,0.0,0.0,40.487561723658246,optimal
2021-02-12 20:00:00,6,34,0.0984655987517469,0.0,0.0,0.26723333333333327,12.789,6.0,0,20.03247510305447,55.0,0.0,344.6295956311141,0.0,0.0,0.0,40.44707416193459,optimal
2021-02-12 20:30:00,6,34,0.0398095238095238,0.0,0.0,0.35886666666666667,12.1275,6.0,0,20.0,55.0,0.001333333333333333,0.0,0.0,139.33333333333331,0.0,40.406627087772655,optimal
2021-02-12 21:00:00,6,34,0.0,0.0,0.0,0.31293333333333334,13.671,6.0,0,19.962936035378796,55.0,0.0,0.0,0.0,0.0,0.0,40.366220460684886,optimal
2021-02-12 21:30:00,6,34,0.21895238095238095,0.0,0.0,0.6082666666666666,10.668,6.0,0,19.923591916080316,55.0,0.004666666666666667,0.0,0.0,766.3333333333334,0.0,40.3258542402242,optimal
2021-02-12 22:00:00,6,34,0.0,0.0,0.0,0.5474,11.7285,6.0,0,19.88707360187923,55.0,0.002666666666666666,0.0,0.0,0.0,0.0,40.28552838598398,optimal
2021-02-12 22:30:00,6,34,0.0,0.0,0.0,0.4961666666666667,11.025,6.0,0,19.852155216556167,55.0,0.002666666666666666,0.0,0.0,0.0,0.0,40.245242857597994,optimal
2021-02-12 23:00:00,6,34,0.0,0.0,0.0,2.437866666666667,10.689,6.0,0,19.81446057819028,55.0,0.0,0.0,0.0,0.0,0.0,40.20499761474039,optimal
2021-02-12 23:30:00,6,34,0.05971428571428571,0.0,0.0,0.6655666666666668,8.1585,6.0,0,19.77697335797253,55.0,0.0,0.0,0.0,209.0,0.0,40.16479261712565,optimal
2021-02-13 00:00:00,6,34,2.0,0.0,3.0,0.05766666666666666,9.3975,6.0,0,19.77697335797253,55.0,0.0,7000.0,0.0,0.0,0.0,41.54962782450852,optimal
2021-02-13 00:30:00,6,34,2.0,0.0,0.0,0.1252333333333333,10.059,6.0,0,19.82478755404837,55.0,0.06698564593301436,0.0,0.0,7000.0,0.0,41.50807819668401,optimal
2021-02-13 01:00:00,6,34,2.0,0.0,3.0,0.357,9.261,6.0,0,19.775339775572277,55.0,0.1319712918660287,0.0,0.0,7000.0,0.0,42.89157011848732,optimal
2021-02-13 01:30:00,6,34,2.0,0.0,3.0,0.20953333333333332,8.1585,6.0,0,19.729302313740217,55.0,0.14866666666666667,5255.333333333333,0.0,1744.6666666666667,0.0,44.273678548368835,optimal
2021-02-13 02:00:00,6,34,2.0,0.0,2.331297055082982,0.347,9.4815,6.0,0,19.755330786608106,55.0,0.14866666666666667,7000.0,0.0,0.0,0.0,45.33677097098487,optimal
2021-02-13 02:30:00,6,34,2.0,0.0,3.0,0.193,8.379,6.0,0,19.810141273801392,55.0,0.14866666666666667,7000.0,0.0,0.0,0.0,46.716434200013886,optimal
2021-02-13 03:00:00,6,34,2.0,0.0,0.0,0.193,9.5235,6.0,0,19.86237438124267,55.0,0.14466666666666667,7000.0,0.0,0.0,0.0,46.66971776581387,optimal
2021-02-13 03:30:00,6,34,2.0,0.0,3.0,0.326,8.1375,6.0,0,19.91478156068476,55.0,0.14466666666666667,7000.0,0.0,0.0,0.0,48.048048048048045,optimal
2021-02-13 04:00:00,6,34,2.0,0.0,0.0,0.214,10.0905,6.0,0,19.969182604029356,55.0,0.14333333333333334,7000.0,0.0,0.0,0.0,48.0,optimal
2021-02-13 04:30:00,6,34,2.0,0.0,0.0,0.193,7.539,6.0,0,20.020366296481374,55.0,0.14066666666666666,7000.0,0.0,0.0,0.0,47.818040341285254,optimal
2021-02-13 05:00:00,6,34,2.0,0.0,0.0,0.26673333333333327,7.938,6.0,0,20.068886069490627,55.0,0.138,7000.0,0.0,0.0,0.0,47.63626264222923,optimal
2021-02-13 05:30:00,6,34,2.0,0.0,0.0,0.27466666666666667,8.274,6.0,0,20.120721426987757,55.0,0.138,7000.0,0.0,0.0,0.0,47.454666720872254,optimal
2021-02-13 06:00:00,6,34,2.0,0.0,0.0,0.056266666666666666,9.261,6.0,0,20.17200141558964,55.0,0.13133333333333333,7000.0,0.0,0.0,0.0,47.273252395436636,optimal
2021-02-13 06:30:00,6,34,2.0,0.0,0.0,0.095,9.9225,6.0,0,20.219652021614262,55.0,0.12933333333333333,7000.0,0.0,0.0,0.0,47.09201948432646,optimal
2021-02-13 07:00:00,6,34,2.0,0.0,0.0,1.0891666666666668,9.702,6.0,0,20.266947971168225,55.0,0.10533333333333333,7000.0,0.0,0.0,0.0,46.91096780612739,optimal
2021-02-13 07:30:00,6,34,2.0,0.0,0.0,0.4960333333333334,10.584,6.0,0,20.319503466795897,55.0,0.10333333333333333,7000.0,0.0,0.0,0.0,46.73009717960652,optimal
2021-02-13 08:00:00,6,34,2.0,0.0,0.0,0.9188,10.143,6.0,0,20.368501743438625,55.0,0.102,7000.0,0.0,0.0,0.0,46.54940742371217,optimal
2021-02-13 08:30:00,6,34,0.0,0.0,0.0,0.064,13.0095,6.0,0,20.416279215641083,55.0,0.102,0.0,0.0,0.0,0.0,46.36889835757371,optimal
2021-02-13 09:00:00,6,34,2.0,0.0,0.0,0.113,11.025,6.0,0,20.356793628978394,55.0,0.102,7000.0,0.0,0.0,0.0,46.1885698005014,optimal
2021-02-13 09:30:00,6,34,0.0,0.0,0.0,0.169,12.789,6.0,0,20.397066559471057,55.0,0.102,0.0,0.0,0.0,0.0,46.008421571986155,optimal
2021-02-13 10:00:00,6,34,0.0,0.0,0.0,0.4173,12.1275,6.0,0,20.340031937586026,55.0,0.102,0.0,0.0,0.0,0.0,45.82845349169943,optimal
2021-02-13 10:30:00,6,34,0.0,0.0,0.0,0.27896666666666664,12.1695,6.0,0,20.290483486687418,55.0,0.102,0.0,0.0,0.0,0.0,45.64866537949298,optimal
2021-02-13 11:00:00,6,34,0.0,0.0,0.0,1.4565333333333332,12.306,6.0,0,20.240246138749654,55.0,0.10066666666666667,0.0,0.0,0.0,0.0,45.46905705539874,optimal
2021-02-13 11:30:00,6,34,0.0,0.0,0.0,0.6505,13.23,6.0,0,20.194414304119473,55.0,0.09666666666666666,0.0,0.0,0.0,0.0,45.2896283396286,optimal
2021-02-13 12:00:00,6,34,0.0,0.0,0.0,1.1873333333333334,13.671,6.0,0,20.144527501203076,55.0,0.09266666666666666,0.0,0.0,0.0,0.0,45.110379052574224,optimal
2021-02-13 12:30:00,6,34,0.0,0.0,0.0,1.103233333333333,13.9335,6.0,0,20.106409004534523,55.0,0.09266666666666666,0.0,0.0,0.0,0.0,44.93130901480691,optimal
2021-02-13 13:00:00,6,34,0.0,0.0,0.0,0.3203666666666667,13.293,6.0,0,20.067095136277082,55.0,0.09266666666666666,0.0,0.0,0.0,0.0,44.752418047077356,optimal
2021-02-13 13:30:00,6,34,1.4402996433127124,0.0,0.0,0.4973333333333333,12.1065,6.0,0,20.016616063473133,55.0,0.09266666666666666,5041.048751594494,0.0,0.0,0.0,44.57370597031554,optimal
2021-02-13 14:00:00,6,34,2.0,0.0,0.0,0.283,11.571,6.0,0,20.040336276147382,55.0,0.09266666666666666,7000.0,0.0,0.0,0.0,44.39517260563048,optimal
2021-02-13 14:30:00,6,34,2.0,0.0,0.0,0.24566666666666662,11.025,6.0,0,20.09000474490235,55.0,0.09266666666666666,7000.0,0.0,0.0,0.0,44.2168177743101,optimal
2021-02-13 15:00:00,6,34,2.0,0.0,0.0,0.371,10.8465,6.0,0,20.138940291983122,55.0,0.09266666666666666,7000.0,0.0,0.0,0.0,44.038641297821044,optimal
2021-02-13 15:30:00,6,34,2.0,0.0,0.0,0.2114,11.2455,6.0,0,20.190033922446666,55.0,0.092,7000.0,0.0,0.0,0.0,43.860642997808476,optimal
2021-02-13 16:00:00,6,34,0.0,0.0,0.0,0.2949333333333333,23.8665,6.0,0,20.240904596356163,55.0,0.08933333333333333,0.0,0.0,0.0,0.0,43.682822696095926,optimal
2021-02-13 16:30:00,6,34,0.0,0.0,0.0,3.8360666666666665,27.4575,6.0,0,20.19641409790344,55.0,0.08133333333333333,0.0,0.0,0.0,0.0,43.50518021468508,optimal
2021-02-13 17:00:00,6,34,0.0,0.0,0.0,2.0308333333333333,27.3735,6.0,0,20.183778780914928,55.0,0.08066666666666666,0.0,0.0,0.0,0.0,43.32771537575565,optimal
2021-02-13 17:30:00,6,34,0.0,0.0,0.0,2.2836,30.4605,6.0,0,20.153395198877305,55.0,0.025333333333333333,0.0,0.0,0.0,0.0,43.150428001665155,optimal
2021-02-13 18:00:00,6,34,0.0,0.0,0.0,0.43360000000000004,30.0195,6.0,0,20.122018609610823,55.0,0.024,0.0,0.0,0.0,0.0,42.973317914948744,optimal
2021-02-13 18:30:00,6,34,0.0,0.0,0.0,0.3106666666666667,26.9325,6.0,0,20.0819304945778,55.0,0.024,0.0,0.0,0.0,0.0,42.79638493831905,optimal
2021-02-13 19:00:00,6,34,0.0,0.0,0.0,0.3216666666666667,14.595,6.0,0,20.040385027522323,55.0,0.0006666666666666665,0.0,0.0,0.0,0.0,42.619628894665986,optimal
2021-02-13 19:30:00,6,34,0.7965721538538203,0.0,0.0,1.3278333333333332,12.4845,6.0,0,20.0,55.0,0.0006666666666666665,2788.002538488371,0.0,0.0,0.0,42.44304960705658,optimal
2021-02-13 20:00:00,6,34,0.9543869800048589,0.0,0.0,0.0863,12.1275,6.0,0,20.0,55.0,0.0006666666666666665,3340.354430017006,0.0,0.0,0.0,42.26664689873478,optimal
2021-02-13 20:30:00,6,34,0.0,0.0,0.0,0.26666666666666666,12.1275,6.0,0,20.0,55.0,0.0,0.0,0.0,0.0,0.0,42.224380251836045,optimal
2021-02-13 21:00:00,6,34,0.0,0.0,0.0,0.122,12.789,6.0,0,19.95829754766855,55.0,0.0,0.0,0.0,0.0,0.0,42.18215587158421,optimal
2021-02-13 21:30:00,6,34,0.0,0.0,0.0,0.10863333333333335,11.907,6.0,0,19.910903148215247,55.0,0.0,0.0,0.0,0.0,0.0,42.13997371571262,optimal
2021-02-13 22:00:00,6,34,0.0,0.0,0.0,0.3161333333333333,11.025,6.0,0,19.864514148142597,55.0,0.0,0.0,0.0,0.0,0.0,42.09783374199691,optimal
2021-02-13 22:30:00,6,34,0.737272380952381,0.0,0.0,0.12533333333333332,8.2005,6.0,0,19.820147451964576,55.0,0.0,0.0,0.0,2580.4533333333334,0.0,42.05573590825491,optimal
2021-02-13 23:00:00,6,34,0.0,0.0,0.0,0.064,9.5655,6.0,0,19.770731700961445,55.0,0.0,0.0,0.0,0.0,0.0,42.01368017234665,optimal
2021-02-13 23:30:00,6,34,0.0,0.0,0.0,0.218,7.056,6.0,0,19.719586302816413,55.0,0.0,0.0,0.0,0.0,0.0,41.97166649217431,optimal
2021-02-07 00:00:00,7,34,0.03980952380952381,0.0,0.0,0.123,9.261,6.0,0,21.0,55.0,0.12,0.0,0.0,139.33333333333334,0.0,47.952,optimal
2021-02-07 00:30:00,7,34,0.0,0.0,0.0,0.053,10.3635,6.0,0,20.957023993913975,55.0,0.12,0.0,0.0,0.0,0.0,47.904047999999996,optimal
2021-02-07 01:00:00,7,34,0.0,0.0,0.0,0.1184,8.274,6.0,0,20.91090994987095,55.0,0.12,0.0,0.0,0.0,0.0,47.856143952,optimal
2021-02-07 01:30:00,7,34,0.0,0.0,0.0,0.09336666666666665,7.7175,6.0,0,20.86556779922774,55.0,0.12,0.0,0.0,0.0,0.0,47.80828780804799,optimal
2021-02-07 02:00:00,7,34,0.0,0.0,0.0,0.2049,6.615,6.0,0,20.819859774351933,55.0,0.12,0.0,0.0,0.0,0.0,47.76047952023995,optimal
2021-02-07 02:30:00,7,34,0.0,0.0,0.0,0.053,6.174,6.0,0,20.775712115085515,55.0,0.12,0.0,0.0,0.0,0.0,47.712719040719705,optimal
2021-02-07 03:00:00,7,34,2.0,0.0,0.0,0.0857,3.906,6.0,0,20.729267530229652,55.0,0.12,7000.0,0.0,0.0,0.0,47.66500632167899,optimal
2021-02-07 03:30:00,7,34,2.0,0.0,0.0,0.0857,2.3415,6.0,0,20.781815858703606,55.0,0.12,7000.0,0.0,0.0,0.0,47.61734131535731,optimal
2021-02-07 04:00:00,7,34,2.0,0.0,0.0,0.20166666666666663,2.205,6.0,0,20.83407859492524,55.0,0.12,7000.0,0.0,0.0,0.0,47.56972397404195,optimal
2021-02-07 04:30:00,7,34,2.0,0.0,1.2083998782576613,0.09659999999999999,0.882,6.0,0,20.887691350830906,55.0,0.12,7000.0,0.0,0.0,0.0,48.096144192240295,optimal
2021-02-07 05:00:00,7,34,2.0,0.0,0.0,0.053,1.5435,6.0,0,20.93967364170807,55.0,0.12,7000.0,0.0,0.0,0.0,48.048048048048045,optimal
2021-02-07 05:30:00,7,34,2.0,0.0,0.0,0.2213333333333333,1.5435,6.0,0,20.990896522198092,55.0,0.12,7000.0,0.0,0.0,0.0,48.0,optimal
2021-02-07 06:00:00,7,34,2.0,0.0,0.0,1.0450333333333333,5.0715,6.0,0,21.044349794428125,55.0,0.116,7000.0,0.0,0.0,0.0,47.86177620931405,optimal
2021-02-07 06:30:00,7,34,2.0,0.0,0.0,0.21586666666666668,5.376,6.0,0,21.10268848765339,55.0,0.11133333333333334,7000.0,0.0,0.0,0.0,47.72369064241879,optimal
2021-02-07 07:00:00,7,34,2.0,0.0,0.0,0.13373333333333332,5.0715,6.0,0,21.152996713478178,55.0,0.11133333333333334,7000.0,0.0,0.0,0.0,47.58574316109042,optimal
2021-02-07 07:30:00,7,34,0.0045500471443064155,0.0,0.0,0.1184,5.5125,6.0,0,21.199748433921368,55.0,0.11133333333333334,15.925165005072456,0.0,0.0,0.0,47.44793362724338,optimal
2021-02-07 08:00:00,7,34,0.0,0.0,0.0,0.17986666666666667,9.261,6.0,0,21.147279472330307,55.0,0.11133333333333334,0.0,0.0,0.0,0.0,47.310261902930186,optimal
2021-02-07 08:30:00,7,34,0.0,0.0,0.0,0.10856666666666666,11.7075,6.0,0,21.095180903490668,55.0,0.11133333333333334,0.0,0.0,0.0,0.0,47.17272785034131,optimal
2021-02-07 09:00:00,7,34,0.0,0.0,0.0,0.1965,12.348,6.0,0,21.041965564292177,55.0,0.11133333333333334,0.0,0.0,0.0,0.0,47.035331331805025,optimal
2021-02-07 09:30:00,7,34,0.0,0.0,0.0,0.06620000000000001,12.348,6.0,0,20.990022240730674,55.0,0.11133333333333334,0.0,0.0,0.0,0.0,46.89807220978727,optimal
2021-02-07 10:00:00,7,34,0.0,0.0,0.0,0.13053333333333333,12.1275,6.0,0,20.93664342415224,55.0,0.11133333333333334,0.0,0.0,0.0,0.0,46.76095034689154,optimal
2021-02-07 10:30:00,7,34,0.0,0.0,0.0,0.14866666666666667,12.5265,6.0,0,20.88442298911341,55.0,0.11133333333333334,0.0,0.0,0.0,0.0,46.6239656058587,optimal
2021-02-07 11:00:00,7,34,0.0,0.0,0.0,0.11666666666666668,11.7495,6.0,0,20.83241910321511,55.0,0.11133333333333334,0.0,0.0,0.0,0.0,46.48711784956689,optimal
2021-02-07 11:30:00,7,34,0.0,0.0,0.0,0.1972,13.23,6.0,0,20.779931146754915,55.0,0.11133333333333334,0.0,0.0,0.0,0.0,46.35040694103138,optimal
2021-02-07 12:00:00,7,34,0.0,0.0,0.0,0.0848,14.3325,6.0,0,20.72860719163905,55.0,0.11133333333333334,0.0,0.0,0.0,0.0,46.2138327434044,optimal
2021-02-07 12:30:00,7,34,0.0,0.0,0.0,0.23536666666666667,14.994,6.0,0,20.675871129855995,55.0,0.11133333333333334,0.0,0.0,0.0,0.0,46.07739511997505,optimal
2021-02-07 13:00:00,7,34,0.0,0.0,0.0,0.0639,14.8155,6.0,0,20.625531394251865,55.0,0.11133333333333334,0.0,0.0,0.0,0.0,45.94109393416913,optimal
2021-02-07 13:30:00,7,34,0.0,0.0,0.0,0.053,14.112,6.0,0,20.572880284926338,55.0,0.11133333333333334,0.0,0.0,0.0,0.0,45.80492904954902,optimal
2021-02-07 14:00:00,7,34,0.0,0.0,0.0,0.18819999999999998,14.007,6.0,0,20.52036139355252,55.0,0.11133333333333334,0.0,0.0,0.0,0.0,45.66890032981352,optimal
2021-02-07 14:30:00,7,34,0.0,0.0,0.0,0.063,13.23,6.0,0,20.469936171659516,55.0,0.11133333333333334,0.0,0.0,0.0,0.0,45.533007638797756,optimal
2021-02-07 15:00:00,7,34,0.0,0.0,0.0,0.09759999999999999,11.382,6.0,0,20.418002152151413,55.0,0.11133333333333334,0.0,0.0,0.0,0.0,45.39725084047301,optimal
2021-02-07 15:30:00,7,34,0.0,0.0,0.0,0.2123333333333333,11.7495,6.0,0,20.36688671478348,55.0,0.11133333333333334,0.0,0.0,0.0,0.0,45.26162979894659,optimal
2021-02-07 16:00:00,7,34,0.0,0.0,0.0,0.09676666666666668,24.3285,6.0,0,20.317230795964242,55.0,0.11133333333333334,0.0,0.0,0.0,0.0,45.1261443784617,optimal
2021-02-07 16:30:00,7,34,0.0,0.0,0.0,0.18986666666666668,28.917,6.0,0,20.2687353424384,55.0,0.10933333333333334,0.0,0.0,0.0,0.0,44.99079444339729,optimal
2021-02-07 17:00:00,7,34,0.0,0.0,0.0,1.1181333333333334,31.3635,6.0,0,20.22404227770062,55.0,0.10533333333333333,0.0,0.0,0.0,0.0,44.855579858267944,optimal
2021-02-07 17:30:00,7,34,0.0,0.0,0.0,0.21556666666666663,33.306,6.0,0,20.194790299394256,55.0,0.10333333333333333,0.0,0.0,0.0,0.0,44.72050048772373,optimal
2021-02-07 18:00:00,7,34,0.0,0.0,0.0,1.1360999999999999,31.3425,6.0,0,20.15832380391157,55.0,0.09866666666666667,0.0,0.0,0.0,0.0,44.585556196550066,optimal
2021-02-07 18:30:00,7,34,0.0,0.0,0.0,0.5607000000000001,28.2555,6.0,0,20.12907794665098,55.0,0.096,0.0,0.0,0.0,0.0,44.45074684966757,optimal
2021-02-07 19:00:00,7,34,0.0,0.0,0.0,0.6383333333333334,15.6975,6.0,0,20.09582688554395,55.0,0.09533333333333334,0.0,0.0,0.0,0.0,44.31607231213195,optimal
2021-02-07 19:30:00,7,34,0.0,0.0,0.0,0.49339999999999995,12.5475,6.0,0,20.066095164438252,55.0,0.09,0.0,0.0,0.0,0.0,44.18153244913387,optimal
2021-02-07 20:00:00,7,34,0.0,0.0,0.0,0.35969999999999996,12.0855,6.0,0,20.03423296909776,55.0,0.09,0.0,0.0,0.0,0.0,44.047127125998784,optimal
2021-02-07 20:30:00,7,34,0.0,0.0,0.0,0.6115333333333333,11.907,6.0,0,20.0,55.0,0.08666666666666667,0.0,0.0,0.0,0.0,43.91285620818684,optimal
2021-02-07 21:00:00,7,34,0.0,0.0,0.0,0.3699666666666666,12.5685,6.0,0,19.970331842553133,55.0,0.086,0.0,0.0,0.0,0.0,43.778719561292704,optimal
2021-02-07 21:30:00,7,34,0.0,0.0,0.0,0.4264,13.146,6.0,0,19.935153603078547,55.0,0.08533333333333333,0.0,0.0,0.0,0.0,43.64471705104546,optimal
2021-02-07 22:00:00,7,34,0.0,0.0,0.0,0.291,10.584,6.0,0,19.900536664510568,55.0,0.08533333333333333,0.0,0.0,0.0,0.0,43.51084854330847,optimal
2021-02-07 22:30:00,7,34,0.0,0.0,0.0,0.17383333333333334,6.678,6.0,0,19.865169354824786,55.0,0.08266666666666667,0.0,0.0,0.0,0.0,43.46733769476516,optimal
2021-02-07 23:00:00,7,34,0.0,0.0,0.0,0.2765666666666667,7.938,6.0,0,19.82846731620218,55.0,0.082,0.0,0.0,0.0,0.0,43.4238703570704,optimal
2021-02-07 23:30:00,7,34,0.0,0.0,0.0,0.14666666666666667,5.292,6.0,0,19.792186559852613,55.0,0.082,0.0,0.0,0.0,0.0,43.38044648671333,optimal
2021-02-08 00:00:00,7,34,2.0,0.0,0.0,0.05966666666666666,5.9745,6.0,0,19.792186559852613,55.0,0.082,7000.0,0.0,0.0,0.0,43.33706604022662,optimal
2021-02-08 00:30:00,7,34,2.0,0.0,0.0,0.059533333333333334,7.938,6.0,0,19.844100089908633,55.0,0.12333333333333334,2680.666666666667,0.0,4319.333333333333,0.0,43.29372897418639,optimal
2021-02-08 01:00:00,7,34,2.0,0.0,0.0,0.11226666666666668,8.6835,6.0,0,19.835084316791722,55.0,0.12333333333333334,7000.0,0.0,0.0,0.0,43.25043524521221,optimal
2021-02-08 01:30:00,7,34,2.0,0.0,0.0,0.1618666666666667,7.665,6.0,0,19.887727975736873,55.0,0.12333333333333334,7000.0,0.0,0.0,0.0,43.207184809966996,optimal
2021-02-08 02:00:00,7,34,2.0,0.0,0.0,0.09720000000000001,6.7725,6.0,0,19.940785002884294,55.0,0.12333333333333334,7000.0,0.0,0.0,0.0,43.16397762515703,optimal
2021-02-08 02:30:00,7,34,2.0,0.0,2.4714797989787933,0.06706666666666666,5.5755,6.0,0,19.992643395853037,55.0,0.12333333333333334,7000.0,0.0,0.0,0.0,44.2947665520468,optimal
2021-02-08 03:00:00,7,34,2.0,0.0,3.0,0.192,5.0925,6.0,0,20.04407181472686,55.0,0.12333333333333334,7000.0,0.0,0.0,0.0,45.67547178549474,optimal
2021-02-08 03:30:00,7,34,2.0,0.0,3.0,0.07836666666666665,4.1895,6.0,0,20.09725747786266,55.0,0.12333333333333334,7000.0,0.0,0.0,0.0,47.05479631370924,optimal
2021-02-08 04:00:00,7,34,2.0,0.0,0.0,0.11836666666666666,7.056,6.0,0,20.14855385091746,55.0,0.12333333333333334,7000.0,0.0,0.0,0.0,47.00774151739553,optimal
2021-02-08 04:30:00,7,34,2.0,0.0,3.0,0.1407,5.271,6.0,0,20.200132010248158,55.0,0.12333333333333334,7000.0,0.0,0.0,0.0,48.38573377587813,optimal
2021-02-08 05:00:00,7,34,2.0,0.0,0.0,0.09343333333333334,7.938,6.0,0,20.251602871202277,55.0,0.12333333333333334,7000.0,0.0,0.0,0.0,48.33734804210225,optimal
2021-02-08 05:30:00,7,34,2.0,0.0,0.0,0.08213333333333334,7.938,6.0,0,20.301985560709536,55.0,0.12333333333333334,7000.0,0.0,0.0,0.0,48.289010694060146,optimal
2021-02-08 06:00:00,7,34,2.0,0.0,0.0,0.16446666666666668,11.907,6.0,0,20.35192938970739,55.0,0.12333333333333334,7000.0,0.0,0.0,0.0,48.240721683366075,optimal
2021-02-08 06:30:00,7,34,2.0,0.0,0.0,0.0668,11.025,6.0,0,20.402755557337624,55.0,0.12333333333333334,7000.0,0.0,0.0,0.0,48.192480961682705,optimal
2021-02-08 07:00:00,7,34,2.0,0.0,0.0,0.062,11.2875,6.0,0,20.45189119912344,55.0,0.12333333333333334,7000.0,0.0,0.0,0.0,48.144288480721016,optimal
2021-02-08 07:30:00,7,34,0.0,0.0,0.0,0.2791,12.936,6.0,0,20.500575006522038,55.0,0.11933333333333333,0.0,0.0,0.0,0.0,48.096144192240295,optimal
2021-02-08 08:00:00,7,34,0.0,0.0,0.0,0.7621666666666667,13.0095,6.0,0,20.456464354907798,55.0,0.11133333333333334,0.0,0.0,0.0,0.0,48.048048048048045,optimal
2021-02-08 08:30:00,7,34,0.0,0.0,0.0,0.8433333333333334,13.671,6.0,0,20.428642802973386,55.0,0.09733333333333333,0.0,0.0,0.0,0.0,48.0,optimal
2021-02-08 09:00:00,7,34,0.0,0.0,0.0,1.4345,13.188,6.0,0,20.394593548897202,55.0,0.09333333333333334,0.0,0.0,0.0,0.0,47.92825020826488,optimal
2021-02-08 09:30:00,7,34,0.0,0.0,0.0,0.49689999999999995,13.8495,6.0,0,20.36005560445913,55.0,0.09,0.0,0.0,0.0,0.0,47.85657216632149,optimal
2021-02-08 10:00:00,7,34,0.0,0.0,0.0,0.42473333333333335,13.23,6.0,0,20.319461027180544,55.0,0.08733333333333333,0.0,0.0,0.0,0.0,47.78496580242005,optimal
2021-02-08 10:30:00,7,34,0.0,0.0,0.0,0.35906666666666665,13.3665,6.0,0,20.27764191282905,55.0,0.08733333333333333,0.0,0.0,0.0,0.0,47.713431044882505,optimal
2021-02-08 11:00:00,7,34,0.0,0.0,0.0,0.5740666666666667,13.0515,6.0,0,20.23417851729792,55.0,0.08666666666666667,0.0,0.0,0.0,0.0,47.6419678221025,optimal
2021-02-08 11:30:00,7,34,0.0,0.0,0.0,2.4642,13.5345,6.0,0,20.192868362319324,55.0,0.08466666666666667,0.0,0.0,0.0,0.0,47.57057606254528,optimal
2021-02-08 12:00:00,7,34,0.0,0.0,0.0,1.0385,14.154,6.0,0,20.164716946125058,55.0,0.07830666666666666,0.0,0.0,0.0,0.0,47.49925569474761,optimal
2021-02-08 12:30:00,7,34,0.0,0.0,0.0,1.779766666666667,14.112,6.0,0,20.126759042708365,55.0,0.076,0.0,0.0,0.0,0.0,47.428006647317744,optimal
2021-02-08 13:00:00,7,34,0.0,0.0,0.0,0.3618,14.2485,6.0,0,20.096930333351185,55.0,0.076,0.0,0.0,0.0,0.0,47.35682884893531,optimal
2021-02-08 13:30:00,7,34,2.0,0.0,0.0,0.4807666666666667,12.789,6.0,0,20.056761198284796,55.0,0.05,7000.0,0.0,0.0,0.0,47.285722228351254,optimal
2021-02-08 14:00:00,7,34,0.1861305680143928,0.0,0.0,1.5319,13.0095,6.0,0,20.116505117299365,55.0,0.04933333333333333,651.4569880503748,0.0,0.0,0.0,47.21468671438778,optimal
2021-02-08 14:30:00,7,34,2.0,0.0,0.0,0.4088333333333333,12.1275,6.0,0,20.09599083620086,55.0,0.04666666666666667,7000.0,0.0,0.0,0.0,47.14372223593827,optimal
2021-02-08 15:00:00,7,34,2.0,0.0,0.0,0.26180000000000003,12.348,6.0,0,20.154850393388724,55.0,0.042,7000.0,0.0,0.0,0.0,47.07282872196721,optimal
2021-02-08 15:30:00,7,34,2.0,0.0,0.0,0.22583333333333327,12.348,6.0,0,20.21157571348934,55.0,0.04066666666666666,7000.0,0.0,0.0,0.0,47.002006101510126,optimal
2021-02-08 16:00:00,7,34,0.0,0.0,0.0,0.2948,25.389,6.0,0,20.272810825689625,55.0,0.04066666666666666,0.0,0.0,0.0,0.0,46.9312543036735,optimal
2021-02-08 16:30:00,7,34,0.0,0.0,0.0,0.4247666666666666,29.1375,6.0,0,20.23381921564186,55.0,0.04066666666666666,0.0,0.0,0.0,0.0,46.860573257634705,optimal
2021-02-08 17:00:00,7,34,0.0,0.0,0.0,0.17923333333333333,30.597,6.0,0,20.198917279133585,55.0,0.04066666666666666,0.0,0.0,0.0,0.0,46.78996289264195,optimal
2021-02-08 17:30:00,7,34,0.0,0.0,0.0,0.44839999999999997,33.684,6.0,0,20.16293084262136,55.0,0.03866666666666667,0.0,0.0,0.0,0.0,46.71942313801419,optimal
2021-02-08 18:00:00,7,34,0.0,0.0,0.0,0.3725,32.445,6.0,0,20.12271754887526,55.0,0.03866666666666667,0.0,0.0,0.0,0.0,46.64895392314106,optimal
2021-02-08 18:30:00,7,34,0.0,0.0,0.0,0.6023666666666667,28.917,6.0,0,20.078209393053683,55.0,0.036,0.0,0.0,0.0,0.0,46.5785551774828,optimal
2021-02-08 19:00:00,7,34,0.0,0.0,0.0,1.2377333333333331,15.876,6.0,0,20.038944543204934,55.0,0.03333333333333333,0.0,0.0,0.0,0.0,46.508226830570194,optimal
2021-02-08 19:30:00,7,34,0.7367942268083423,0.0,0.0,0.3493,12.348,6.0,0,20.0,55.0,0.03333333333333333,2578.779793829198,0.0,0.0,0.0,46.437968812004506,optimal
2021-02-08 20:00:00,7,34,0.7379083707967627,0.0,0.0,0.30356666666666665,12.1275,6.0,0,20.0,55.0,0.006,2582.6792977886694,0.0,0.0,0.0,46.36778105145738,optimal
2021-02-08 20:30:00,7,34,0.0,0.0,0.0,1.3209666666666666,12.348,6.0,0,20.0,55.0,0.004,0.0,0.0,0.0,0.0,46.2976634786708,optimal
2021-02-08 21:00:00,7,34,0.0,0.0,0.0,0.3334,12.1275,6.0,0,19.97164966051531,55.0,0.002,0.0,0.0,0.0,0.0,46.22761602345701,optimal
2021-02-08 21:30:00,7,34,0.0,0.0,0.0,0.37960000000000005,12.1275,6.0,0,19.934417912584145,55.0,0.0,0.0,0.0,0.0,0.0,46.15763861569843,optimal
2021-02-08 22:00:00,7,34,0.0199047619047619,0.0,0.0,2.935366666666667,11.2665,6.0,0,19.89398675558362,55.0,0.0,0.0,0.0,69.66666666666666,0.0,46.111480977082735,optimal
2021-02-08 22:30:00,7,34,0.0398095238095238,0.0,0.0,0.3272,10.143,6.0,0,19.86575258165188,55.0,0.001333333333333333,0.0,0.0,139.33333333333331,0.0,46.06536949610565,optimal
2021-02-08 23:00:00,7,34,0.0,0.0,0.0,0.2858,11.2455,6.0,0,19.829068395324732,55.0,0.0,0.0,0.0,0.0,0.0,46.01930412660955,optimal
2021-02-08 23:30:00,7,34,0.0,0.0,0.0,0.4386333333333333,11.025,6.0,0,19.79057030173521,55.0,0.0,0.0,0.0,0.0,0.0,45.97328482248294,optimal
2021-02-09 00:00:00,7,34,2.0,0.0,3.0,0.054,10.584,6.0,0,19.79057030173521,55.0,0.0,7000.0,0.0,0.0,0.0,47.352311537660455,optimal
2021-02-09 00:30:00,7,34,2.0,0.0,0.0,0.054,11.2455,6.0,0,19.83882025819661,55.0,0.05,1775.0,0.0,5225.0,0.0,47.3049592261228,optimal
2021-02-09 01:00:00,7,34,2.0,0.0,0.0,0.08233333333333333,12.1275,6.0,0,19.813416710120748,55.0,0.05,7000.0,0.0,0.0,0.0,47.25765426689667,optimal
2021-02-09 01:30:00,7,34,2.0,0.0,0.0,0.28633333333333333,11.823,6.0,0,19.862280959114624,55.0,0.05,7000.0,0.0,0.0,0.0,47.21039661262978,optimal
2021-02-09 02:00:00,7,34,2.0,0.0,0.0,0.054,11.7705,6.0,0,19.91360647685124,55.0,0.05,7000.0,0.0,0.0,0.0,47.16318621601715,optimal
2021-02-09 02:30:00,7,34,2.0,0.0,0.0,0.15,11.13,6.0,0,19.961235288097033,55.0,0.05,7000.0,0.0,0.0,0.0,47.116023029801134,optimal
2021-02-09 03:00:00,7,34,2.0,0.0,0.0,0.21866666666666662,11.6865,6.0,0,20.01022404353111,55.0,0.05,7000.0,0.0,0.0,0.0,47.06890700677133,optimal
2021-02-09 03:30:00,7,34,2.0,0.0,0.0,0.054,10.7205,6.0,0,20.060183629647277,55.0,0.05,7000.0,0.0,0.0,0.0,47.02183809976456,optimal
2021-02-09 04:00:00,7,34,2.0,0.0,0.0,0.15,11.424,6.0,0,20.107961220999826,55.0,0.05,7000.0,0.0,0.0,0.0,46.97481626166479,optimal
2021-02-09 04:30:00,7,34,2.0,0.0,2.9673823088402616,0.09966666666666668,10.689,6.0,0,20.15723758983402,55.0,0.05,7000.0,0.0,0.0,0.0,48.33734804210225,optimal
2021-02-09 05:00:00,7,34,2.0,0.0,0.0,0.253,11.361,6.0,0,20.205388667066597,55.0,0.05,7000.0,0.0,0.0,0.0,48.289010694060146,optimal
2021-02-09 05:30:00,7,34,2.0,0.0,0.0,0.08066666666666668,11.571,6.0,0,20.255288736129035,55.0,0.05,7000.0,0.0,0.0,0.0,48.240721683366075,optimal
2021-02-09 06:00:00,7,34,0.0,0.0,0.0,0.208,14.3745,6.0,0,20.30262040162299,55.0,0.05,0.0,0.0,0.0,0.0,48.192480961682705,optimal
2021-02-09 06:30:00,7,34,2.0,0.0,0.0,0.102,13.23,6.0,0,20.252934225507445,55.0,0.048,7000.0,0.0,0.0,0.0,48.144288480721016,optimal
2021-02-09 07:00:00,7,34,2.0,0.0,0.0,0.16166666666666665,13.9755,6.0,0,20.302468652813957,55.0,0.048,7000.0,0.0,0.0,0.0,48.096144192240295,optimal
2021-02-09 07:30:00,7,34,0.0,0.0,0.0,1.4533,14.994,6.0,0,20.352191092251058,55.0,0.044,0.0,0.0,0.0,0.0,48.048048048048045,optimal
2021-02-09 08:00:00,7,34,2.0,0.0,0.0,3.2264333333333335,13.671,6.0,0,20.30939525328955,55.0,0.03933333333333333,7000.0,0.0,0.0,0.0,48.0,optimal
2021-02-09 08:30:00,7,34,0.0,0.0,0.0,2.2731666666666666,15.981,6.0,0,20.370426712581096,55.0,0.034666666666666665,0.0,0.0,0.0,0.0,47.87243817144904,optimal
2021-02-09 09:00:00,7,34,0.0,0.0,0.0,0.8587333333333333,15.6345,6.0,0,20.329526149814814,55.0,0.03266666666666666,0.0,0.0,0.0,0.0,47.74500390472664,optimal
2021-02-09 09:30:00,7,34,0.0,0.0,0.0,0.16333333333333333,16.5375,6.0,0,20.278412059618436,55.0,0.03266666666666666,0.0,0.0,0.0,0.0,47.61769707227095,optimal
2021-02-09 10:00:00,7,34,0.0,0.0,0.0,0.3729333333333333,14.7735,6.0,0,20.224714828288377,55.0,0.03266666666666666,0.0,0.0,0.0,0.0,47.49051754664772,optimal
2021-02-09 10:30:00,7,34,0.0,0.0,0.0,0.313,15.2145,6.0,0,20.174826010224816,55.0,0.03266666666666666,0.0,0.0,0.0,0.0,47.36346520055012,optimal
2021-02-09 11:00:00,7,34,0.0,0.0,0.0,2.609,14.553,6.0,0,20.12308467163957,55.0,0.03266666666666666,0.0,0.0,0.0,0.0,47.23653990679861,optimal
2021-02-09 11:30:00,7,34,1.1324144378964545,0.0,0.0,2.6157,14.3325,6.0,0,20.07941436886392,55.0,0.03266666666666666,3963.4505326375906,0.0,0.0,0.0,47.109741538340856,optimal
2021-02-09 12:00:00,7,34,0.0,0.0,0.0,0.12666666666666668,14.595,6.0,0,20.094985072384414,55.0,0.03133333333333333,0.0,0.0,0.0,0.0,46.983069968251556,optimal
2021-02-09 12:30:00,7,34,0.0,0.0,0.0,0.194,14.994,6.0,0,20.04702076183303,55.0,0.03133333333333333,0.0,0.0,0.0,0.0,46.85652506973235,optimal
2021-02-09 13:00:00,7,34,1.4537201077317665,0.0,0.0,0.07533333333333334,14.3325,6.0,0,20.0,55.0,0.03,5088.020377061183,0.0,0.0,0.0,46.730106716111656,optimal
2021-02-09 13:30:00,7,34,2.0,0.0,0.0,0.3077333333333333,13.8915,6.0,0,20.023221400297434,55.0,0.03,7000.0,0.0,0.0,0.0,46.60381478084459,optimal
2021-02-09 14:00:00,7,34,2.0,0.0,0.0,1.5247666666666668,13.8915,6.0,0,20.07634309160214,55.0,0.027333333333333334,7000.0,0.0,0.0,0.0,46.477649137512785,optimal
2021-02-09 14:30:00,7,34,2.0,0.0,0.0,1.227766666666667,13.4715,6.0,0,20.131042867201845,55.0,0.027333333333333334,7000.0,0.0,0.0,0.0,46.35160965982431,optimal
2021-02-09 15:00:00,7,34,2.0,0.0,0.0,2.6128,13.23,6.0,0,20.185886195446855,55.0,0.02666666666666667,7000.0,0.0,0.0,0.0,46.22569622161353,optimal
2021-02-09 15:30:00,7,34,2.0,0.0,0.0,1.5395,13.8915,6.0,0,20.24413306754256,55.0,0.02666666666666667,7000.0,0.0,0.0,0.0,46.09990869684096,optimal
2021-02-09 16:00:00,7,34,0.0,0.0,0.0,0.33976666666666666,26.9325,6.0,0,20.298857023158682,55.0,0.020666666666666663,0.0,0.0,0.0,0.0,45.97424695959317,optimal
2021-02-09 16:30:00,7,34,0.0,0.0,0.0,0.32303333333333334,30.303,6.0,0,20.260176449934008,55.0,0.017639999999999996,0.0,0.0,0.0,0.0,45.848710884082614,optimal
2021-02-09 17:00:00,7,34,0.0,0.0,0.0,0.3416666666666667,32.886,6.0,0,20.224735429179102,55.0,0.015999999999999997,0.0,0.0,0.0,0.0,45.723300344647576,optimal
2021-02-09 17:30:00,7,34,0.0,0.0,0.0,0.5006666666666667,34.9965,6.0,0,20.185848911147378,55.0,0.01533333333333333,0.0,0.0,0.0,0.0,45.59801521575197,optimal
2021-02-09 18:00:00,7,34,0.0,0.0,0.0,0.2875,33.327,6.0,0,20.147863589548074,55.0,0.012666666666666665,0.0,0.0,0.0,0.0,45.47285537198526,optimal
2021-02-09 18:30:00,7,34,0.0,0.0,0.0,1.8359,31.122,6.0,0,20.107799505094896,55.0,0.009999999999999998,0.0,0.0,0.0,0.0,45.34782068806232,optimal
2021-02-09 19:00:00,7,34,0.0,0.0,0.0,0.45426666666666665,17.9025,6.0,0,20.075913906984436,55.0,0.0026666666666666666,0.0,0.0,0.0,0.0,45.2229110388233,optimal
2021-02-09 19:30:00,7,34,0.0,0.0,0.0,0.2878,15.6555,6.0,0,20.039756217157922,55.0,0.002,0.0,0.0,0.0,0.0,45.09812629923352,optimal
2021-02-09 20:00:00,7,34,0.7100237638512343,0.0,0.0,0.4263,14.553,6.0,0,20.0,55.0,0.0,2485.08317347932,0.0,0.0,0.0,45.05302817293429,optimal
2021-02-09 20:30:00,7,34,0.0,0.0,0.0,1.9069333333333327,14.3325,6.0,0,20.0,55.0,0.0,0.0,0.0,0.0,0.0,45.00797514476135,optimal
2021-02-09 21:00:00,7,34,0.0,0.0,0.0,2.7449333333333334,13.335,6.0,0,19.968918207538152,55.0,0.0,0.0,0.0,0.0,0.0,44.96296716961659,optimal
2021-02-09 21:30:00,7,34,0.0,0.0,0.0,1.6285333333333334,12.1275,6.0,0,19.93544596061979,55.0,0.0,0.0,0.0,0.0,0.0,44.91800420244697,optimal
2021-02-09 22:00:00,7,34,0.0,0.0,0.0,0.373,12.2955,6.0,0,19.903784963609,55.0,0.0,0.0,0.0,0.0,0.0,44.87308619824453,optimal
2021-02-09 22:30:00,7,34,0.0,0.0,0.0,0.128,11.6865,6.0,0,19.86345080534886,55.0,0.0,0.0,0.0,0.0,0.0,44.828213112046285,optimal
2021-02-09 23:00:00,7,34,0.0,0.0,0.0,0.16966666666666666,11.466,6.0,0,19.81504235967592,55.0,0.0,0.0,0.0,0.0,0.0,44.78338489893424,optimal
2021-02-09 23:30:00,7,34,0.0,0.0,0.0,0.167,10.8045,6.0,0,19.767495364264157,55.0,0.0,0.0,0.0,0.0,0.0,44.7386015140353,optimal
2021-02-10 00:00:00,7,34,2.0,0.0,0.0,0.2397,10.8045,6.0,0,19.767495364264157,55.0,0.0,6860.666666666667,0.0,139.33333333333331,0.0,44.69386291252127,optimal
2021-02-10 00:30:00,7,34,2.0,0.0,0.0,0.5048666666666667,11.508,6.0,0,19.81664869512242,55.0,0.0663189792663477,0.0,0.0,7000.0,0.0,44.649169049608744,optimal
2021-02-10 01:00:00,7,34,2.0,0.0,0.0,0.33426666666666666,11.508,6.0,0,19.77439986484612,55.0,0.10066666666666667,3410.6666666666665,0.0,3589.3333333333335,0.0,44.60451988055914,optimal
2021-02-10 01:30:00,7,34,2.0,0.0,0.0,0.5513333333333333,11.508,6.0,0,19.780082660074775,55.0,0.10066666666666667,7000.0,0.0,0.0,0.0,44.55991536067858,optimal
2021-02-10 02:00:00,7,34,2.0,0.0,0.0,0.5120666666666667,11.844,6.0,0,19.841062885741657,55.0,0.09933333333333333,7000.0,0.0,0.0,0.0,44.5153554453179,optimal
2021-02-10 02:30:00,7,34,2.0,0.0,0.0,0.38096666666666656,11.508,6.0,0,19.9006930319653,55.0,0.09866666666666667,7000.0,0.0,0.0,0.0,44.47084008987258,optimal
2021-02-10 03:00:00,7,34,2.0,0.0,0.0,0.4865333333333334,11.508,6.0,0,19.958528873210856,55.0,0.09733333333333333,7000.0,0.0,0.0,0.0,44.42636924978271,optimal
2021-02-10 03:30:00,7,34,2.0,0.0,3.0,0.2127333333333333,10.4475,6.0,0,20.015860140225737,55.0,0.09733333333333333,7000.0,0.0,0.0,0.0,45.80694288053292,optimal
2021-02-10 04:00:00,7,34,2.0,0.0,2.2171775142889847,0.28646666666666665,10.8675,6.0,0,20.069232520750337,55.0,0.096,7000.0,0.0,0.0,0.0,46.81429525693965,optimal
2021-02-10 04:30:00,7,34,2.0,0.0,3.0,0.19369999999999998,10.542,6.0,0,20.12177489234661,55.0,0.094,7000.0,0.0,0.0,0.0,48.192480961682705,optimal
2021-02-10 05:00:00,7,34,2.0,0.0,0.0,0.08993333333333334,11.025,6.0,0,20.16979482622977,55.0,0.094,7000.0,0.0,0.0,0.0,48.144288480721016,optimal
2021-02-10 05:30:00,7,34,2.0,0.0,0.0,0.22340000000000002,11.025,6.0,0,20.214060062399973,55.0,0.094,7000.0,0.0,0.0,0.0,48.096144192240295,optimal
2021-02-10 06:00:00,7,34,2.0,0.0,0.0,0.14393333333333333,14.553,6.0,0,20.259682869401306,55.0,0.09333333333333334,7000.0,0.0,0.0,0.0,48.048048048048045,optimal
2021-02-10 06:30:00,7,34,2.0,0.0,0.0,0.30093333333333333,13.0935,6.0,0,20.304541112590748,55.0,0.08733333333333333,7000.0,0.0,0.0,0.0,48.0,optimal
2021-02-10 07:00:00,7,34,2.0,0.0,0.0,0.07840000000000001,15.6345,6.0,0,20.35507702256747,55.0,0.03933333333333333,7000.0,0.0,0.0,0.0,47.45626376091012,optimal
2021-02-10 07:30:00,7,34,0.0,0.0,0.0,0.07743333333333334,18.102,6.0,0,20.401974330367274,55.0,0.03666666666666667,0.0,0.0,0.0,0.0,46.91307125805933,optimal
2021-02-10 08:00:00,7,34,0.0,0.0,0.0,0.19936666666666666,17.199,6.0,0,20.346529832822256,55.0,0.03666666666666667,0.0,0.0,0.0,0.0,46.37042194771139,optimal
2021-02-10 08:30:00,7,34,0.0,0.0,0.0,0.1613,18.2805,6.0,0,20.290955504338687,55.0,0.03666666666666667,0.0,0.0,0.0,0.0,45.8283152866738,optimal
2021-02-10 09:00:00,7,34,0.0,0.0,0.0,0.1273,17.4615,6.0,0,20.235556301174615,55.0,0.03666666666666667,0.0,0.0,0.0,0.0,45.28675073229724,optimal
2021-02-10 09:30:00,7,34,0.0,0.0,0.0,0.11433333333333331,18.3225,6.0,0,20.180476877040817,55.0,0.03666666666666667,0.0,0.0,0.0,0.0,44.74572774247507,optimal
2021-02-10 10:00:00,7,34,2.0,0.0,0.0,0.22726666666666667,17.094,6.0,0,20.12661580967026,55.0,0.03666666666666667,7000.0,0.0,0.0,0.0,44.205245775642716,optimal
2021-02-10 10:30:00,7,34,2.0,0.0,0.0,0.07743333333333334,17.094,6.0,0,20.176156248907173,55.0,0.035333333333333335,7000.0,0.0,0.0,0.0,43.66530429077719,optimal
2021-02-10 11:00:00,7,34,2.0,0.0,0.0,0.2105,17.094,6.0,0,20.2221208524689,55.0,0.035333333333333335,7000.0,0.0,0.0,0.0,43.12590274739654,optimal
2021-02-10 11:30:00,7,34,0.17944452159933308,0.0,0.0,0.13376666666666667,17.3565,6.0,0,20.26912301565998,55.0,0.035333333333333335,628.0558255976658,0.0,0.0,0.0,42.58704060555926,optimal
2021-02-10 12:00:00,7,34,2.0,0.0,0.0,0.19006666666666663,17.115,6.0,0,20.22536385138779,55.0,0.034,7000.0,0.0,0.0,0.0,42.04871732586382,optimal
2021-02-10 12:30:00,7,34,2.0,0.0,0.0,1.6379333333333335,17.241,6.0,0,20.27328371763577,55.0,0.03266666666666666,7000.0,0.0,0.0,0.0,41.51093236944808,optimal
2021-02-10 13:00:00,7,34,2.0,0.0,0.0,0.24459999999999998,17.094,6.0,0,20.327807415656633,55.0,0.032,7000.0,0.0,0.0,0.0,40.97368519798875,optimal
2021-02-10 13:30:00,7,34,2.0,0.0,0.0,0.4565,16.5165,6.0,0,20.37822041457414,55.0,0.028666666666666667,7000.0,0.0,0.0,0.0,40.43697527370088,optimal
2021-02-10 14:00:00,7,34,0.0,0.0,0.0,0.3364,17.8185,6.0,0,20.431965703232876,55.0,0.028666666666666667,0.0,0.0,0.0,0.0,39.9008020593373,optimal
2021-02-10 14:30:00,7,34,2.0,0.0,0.0,0.3591666666666667,17.094,6.0,0,20.385875411501743,55.0,0.028666666666666667,7000.0,0.0,0.0,0.0,39.36516501818809,optimal
2021-02-10 15:00:00,7,34,2.0,0.0,0.0,0.32189999999999996,16.8945,6.0,0,20.44142539134463,55.0,0.026,7000.0,0.0,0.0,0.0,38.83006361408002,optimal
2021-02-10 15:30:00,7,34,0.0,0.0,0.0,0.14780000000000001,18.123,6.0,0,20.49740753075645,55.0,0.026,0.0,0.0,0.0,0.0,38.29549731137606,optimal
2021-02-10 16:00:00,7,34,0.0,0.0,0.0,0.074,31.647,6.0,0,20.445190519101505,55.0,0.026,0.0,0.0,0.0,0.0,37.76146557497481,optimal
2021-02-10 16:30:00,7,34,0.0,0.0,0.0,0.27026666666666666,34.9965,6.0,0,20.39138529761483,55.0,0.026,0.0,0.0,0.0,0.0,37.22796787030995,optimal
2021-02-10 17:00:00,7,34,0.0,0.0,0.0,0.074,34.9965,6.0,0,20.3399397601211,55.0,0.026,0.0,0.0,0.0,0.0,36.695003663349766,optimal
2021-02-10 17:30:00,7,34,0.0,0.0,0.0,0.22016666666666662,34.9965,6.0,0,20.28516984523276,55.0,0.026,0.0,0.0,0.0,0.0,36.16257242059654,optimal
2021-02-10 18:00:00,7,34,0.0,0.0,0.0,0.2917666666666667,34.9965,6.0,0,20.23275226456348,55.0,0.026,0.0,0.0,0.0,0.0,35.63067360908607,optimal
2021-02-10 18:30:00,7,34,0.0,0.0,0.0,0.0945,34.9965,6.0,0,20.18679296671499,55.0,0.026,0.0,0.0,0.0,0.0,35.0993066963871,optimal
2021-02-10 19:00:00,7,34,0.0,0.0,0.0,0.3948,27.741,6.0,0,20.131853104937722,55.0,0.024666666666666667,0.0,0.0,0.0,0.0,34.568471150600836,optimal
2021-02-10 19:30:00,7,34,0.0,0.0,0.0,0.42706666666666665,19.026,6.0,0,20.08525319380997,55.0,0.024,0.0,0.0,0.0,0.0,34.03816644036036,optimal
2021-02-10 20:00:00,7,34,0.0,0.0,0.0,0.40543333333333326,18.7215,6.0,0,20.042980464837864,55.0,0.018,0.0,0.0,0.0,0.0,33.508392034830116,optimal
2021-02-10 20:30:00,7,34,0.0,0.0,0.0,0.6185,17.4195,6.0,0,20.0,55.0,0.002,0.0,0.0,0.0,0.0,33.474883642795284,optimal
2021-02-10 21:00:00,7,34,0.0,0.0,0.0,0.6644666666666666,16.758,6.0,0,19.96102617419342,55.0,0.0,0.0,0.0,0.0,0.0,33.44140875915249,optimal
2021-02-10 21:30:00,7,34,0.0,0.0,0.0,2.0131333333333328,14.217,6.0,0,19.92467193290239,55.0,0.0,0.0,0.0,0.0,0.0,33.407967350393335,optimal
2021-02-10 22:00:00,7,34,0.0,0.0,0.0,0.5080333333333333,13.3665,6.0,0,19.888619906204024,55.0,0.0,0.0,0.0,0.0,0.0,33.37455938304294,optimal
2021-02-10 22:30:00,7,34,0.05971428571428571,0.0,0.0,0.43023333333333336,12.789,6.0,0,19.841483147371992,55.0,0.0,0.0,0.0,209.0,0.0,33.3411848236599,optimal
2021-02-10 23:00:00,7,34,0.0,0.0,0.0,0.07809999999999999,11.907,6.0,0,19.787465834808117,55.0,0.0,0.0,0.0,0.0,0.0,33.30784363883624,optimal
2021-02-10 23:30:00,7,34,0.0,0.0,0.0,0.17976666666666669,11.7075,6.0,0,19.725889784223824,55.0,0.0,0.0,0.0,0.0,0.0,33.2745357951974,optimal
2021-02-11 00:00:00,7,34,2.0,0.0,3.0,0.3102,11.025,6.0,0,19.725889784223824,55.0,0.0,7000.0,0.0,0.0,0.0,34.6662612594022,optimal
2021-02-11 00:30:00,7,34,2.0,0.0,3.0,0.4439333333333333,12.0855,6.0,0,19.76857558132541,55.0,0.06698564593301436,0.0,0.0,7000.0,0.0,36.05659499814279,optimal
2021-02-11 01:00:00,7,34,2.0,0.0,3.0,0.15803333333333333,11.6865,6.0,0,19.7140613014306,55.0,0.1339712918660287,0.0,0.0,7000.0,0.0,37.445538403144646,optimal
2021-02-11 01:30:00,7,34,2.0,0.0,3.0,0.1999,11.2245,6.0,0,19.655086984079958,55.0,0.15,5325.0,0.0,1675.0,0.0,38.833092864741495,optimal
2021-02-11 02:00:00,7,34,2.0,0.0,3.0,0.1092,11.025,6.0,0,19.67193522231931,55.0,0.15,7000.0,0.0,0.0,0.0,40.21925977187675,optimal
2021-02-11 02:30:00,7,34,2.0,0.0,3.0,0.17593333333333333,10.7835,6.0,0,19.71107088710295,55.0,0.15,7000.0,0.0,0.0,0.0,41.60404051210487,optimal
2021-02-11 03:00:00,7,34,2.0,0.0,3.0,0.0723,11.025,6.0,0,19.750759825269323,55.0,0.15,7000.0,0.0,0.0,0.0,42.987436471592765,optimal
2021-02-11 03:30:00,7,34,2.0,0.0,3.0,0.31760000000000005,10.584,6.0,0,19.788598786430352,55.0,0.15,7000.0,0.0,0.0,0.0,44.36944903512117,optimal
2021-02-11 04:00:00,7,34,2.0,0.0,3.0,0.08283333333333333,11.025,6.0,0,19.830486673090554,55.0,0.15,7000.0,0.0,0.0,0.0,45.750079586086045,optimal
2021-02-11 04:30:00,7,34,2.0,0.0,3.0,0.1723,10.4265,6.0,0,19.86964456666592,55.0,0.15,7000.0,0.0,0.0,0.0,47.12932950649996,optimal
2021-02-11 05:00:00,7,34,2.0,0.0,0.0,0.16663333333333333,12.789,6.0,0,19.909954645554066,55.0,0.15,7000.0,0.0,0.0,0.0,47.08220017699346,optimal
2021-02-11 05:30:00,7,34,2.0,0.0,2.335095797693806,0.1286,12.684,6.0,0,19.950072578091383,55.0,0.15,7000.0,0.0,0.0,0.0,48.144288480721016,optimal
2021-02-11 06:00:00,7,34,2.0,0.0,0.0,2.0585,16.254,6.0,0,19.99023885506882,55.0,0.15,7000.0,0.0,0.0,0.0,48.096144192240295,optimal
2021-02-11 06:30:00,7,34,2.0,0.0,0.0,0.5444,17.64,6.0,0,20.035497401809767,55.0,0.12933333333333333,7000.0,0.0,0.0,0.0,48.048048048048045,optimal
2021-02-11 07:00:00,7,34,2.0,0.0,0.0,3.0088666666666666,19.1625,6.0,0,20.08489407579127,55.0,0.07666666666666666,7000.0,0.0,0.0,0.0,48.0,optimal
2021-02-11 07:30:00,7,34,0.0,0.0,0.0,1.2068666666666665,26.46,6.0,0,20.13779500384013,55.0,0.019333333333333334,0.0,0.0,0.0,0.0,47.7305003421261,optimal
2021-02-11 08:00:00,7,34,0.3303235191376336,0.0,0.0,1.3362,20.79,6.0,0,20.088661389302377,55.0,0.016,1156.1323169817176,0.0,0.0,0.0,47.461270183910074,optimal
2021-02-11 08:30:00,7,34,0.0,0.0,0.0,0.18663333333333332,29.106,6.0,0,20.0561273222514,55.0,0.0,0.0,0.0,0.0,0.0,47.192309255852265,optimal
2021-02-11 09:00:00,7,34,2.0,0.0,0.0,0.17633333333333334,19.1835,6.0,0,20.0,55.0,0.0,7000.0,0.0,0.0,0.0,46.92361728872251,optimal
2021-02-11 09:30:00,7,34,0.38815793115200803,0.0,0.0,0.18469999999999998,19.6665,6.0,0,20.037460182126324,55.0,0.0,1358.552759032028,0.0,0.0,0.0,46.65519401355989,optimal
2021-02-11 10:00:00,7,34,1.0649535403141206,0.0,0.0,0.128,19.404,6.0,0,20.0,55.0,0.0,3727.3373910994223,0.0,0.0,0.0,46.38703916167243,optimal
2021-02-11 10:30:00,7,34,1.2865714642269706,0.0,0.0,0.1438,19.047,6.0,0,20.0,55.0,0.0,4503.000124794397,0.0,0.0,0.0,46.11915246463686,optimal
2021-02-11 11:00:00,7,34,2.0,0.0,0.0,0.16133333333333336,18.858,6.0,0,20.00948651378155,55.0,0.0,7000.0,0.0,0.0,0.0,45.85153365429833,optimal
2021-02-11 11:30:00,7,34,0.0,0.0,0.0,0.196,19.2675,6.0,0,20.052855477208812,55.0,0.0,0.0,0.0,0.0,0.0,45.58418246277013,optimal
2021-02-11 12:00:00,7,34,1.2294148233318867,0.0,0.0,0.2367333333333333,18.963,6.0,0,20.0,55.0,0.007274187884065424,3542.799247776767,0.0,760.1526338848369,0.0,45.31709862243346,optimal
2021-02-11 12:30:00,7,34,2.0,0.0,0.0,0.07856666666666666,18.438,6.0,0,20.0,55.0,0.04101048498606195,3474.5569528413635,0.0,3525.443047158637,0.0,45.05028186593713,optimal
2021-02-11 13:00:00,7,34,2.0,0.0,0.0,0.5232666666666667,18.7425,6.0,0,20.0,55.0,0.042,6896.595681043474,0.0,103.40431895652637,0.0,44.78373192619729,optimal
2021-02-11 13:30:00,7,34,2.0,0.0,0.0,0.0741,15.2145,6.0,0,20.056954019983145,55.0,0.042,7000.0,0.0,0.0,0.0,44.5174485363972,optimal
2021-02-11 14:00:00,7,34,2.0,0.0,0.0,0.4456,17.7765,6.0,0,20.10708130368031,55.0,0.04066666666666666,7000.0,0.0,0.0,0.0,44.2514314299869,optimal
2021-02-11 14:30:00,7,34,2.0,0.0,0.0,0.4687,16.758,6.0,0,20.164359840517847,55.0,0.037333333333333336,7000.0,0.0,0.0,0.0,43.98568034068302,optimal
2021-02-11 15:00:00,7,34,2.0,0.0,0.0,0.30926666666666663,16.422,6.0,0,20.22164647685275,55.0,0.034,7000.0,0.0,0.0,0.0,43.72019500246844,optimal
2021-02-11 15:30:00,7,34,2.0,0.0,0.0,0.4048,16.758,6.0,0,20.276881898407744,55.0,0.034,7000.0,0.0,0.0,0.0,43.454975149592066,optimal
2021-02-11 16:00:00,7,34,0.0,0.0,0.0,1.5923333333333332,29.358,6.0,0,20.333400686673823,55.0,0.032,0.0,0.0,0.0,0.0,43.19002051656857,optimal
2021-02-11 16:30:00,7,34,0.0,0.0,0.0,1.1995666666666667,34.9965,6.0,0,20.29189375706256,55.0,0.012666666666666666,0.0,0.0,0.0,0.0,42.925330838178105,optimal
2021-02-11 17:00:00,7,34,0.0,0.0,0.0,2.1796666666666664,34.65,6.0,0,20.248059684573295,55.0,0.01,0.0,0.0,0.0,0.0,42.660905849466026,optimal
2021-02-11 17:30:00,7,34,0.0,0.0,0.0,0.17136666666666667,34.9965,6.0,0,20.200036651250606,55.0,0.006,0.0,0.0,0.0,0.0,42.39674528574266,optimal
2021-02-11 18:00:00,7,34,0.0,0.0,0.0,1.7618333333333334,34.9965,6.0,0,20.149006502950897,55.0,0.004666666666666667,0.0,0.0,0.0,0.0,42.13284888258302,optimal
2021-02-11 18:30:00,7,34,0.0,0.0,0.0,2.7879,30.4815,6.0,0,20.09965314536053,55.0,0.002,0.0,0.0,0.0,0.0,41.86921637582654,optimal
2021-02-11 19:00:00,7,34,0.0,0.0,0.0,2.2641,21.4305,6.0,0,20.05085800017227,55.0,0.0,0.0,0.0,0.0,0.0,41.82734715945071,optimal
2021-02-11 19:30:00,7,34,1.1969723540641748,0.0,0.0,0.34526666666666667,14.3325,6.0,0,20.0,55.0,0.0,3980.4032392246113,0.0,209.0,0.0,41.78551981229126,optimal
2021-02-11 20:00:00,7,34,1.3827938204151053,0.0,0.0,0.3532666666666667,13.692,6.0,0,20.0,55.0,0.0033333333333333335,4212.778371452869,0.0,627.0,0.0,41.74373429247897,optimal
2021-02-11 20:30:00,7,34,0.0,0.0,0.0,1.4339666666666666,14.007,6.0,0,20.0,55.0,0.0,0.0,0.0,0.0,0.0,41.70199055818649,optimal
2021-02-11 21:00:00,7,34,0.05971428571428571,0.0,0.0,1.5009333333333335,12.873,6.0,0,19.945027826815892,55.0,0.0,0.0,0.0,209.0,0.0,41.6602885676283,optimal
2021-02-11 21:30:00,7,34,0.0,0.0,0.0,0.4171,12.684,6.0,0,19.88745190774618,55.0,0.0,0.0,0.0,0.0,0.0,41.61862827906067,optimal
2021-02-11 22:00:00,7,34,0.4578095238095238,0.0,0.0,0.3147,12.306,6.0,0,19.833015798020973,55.0,0.0,0.0,0.0,1602.3333333333333,0.0,41.57700965078161,optimal
2021-02-11 22:30:00,7,34,0.0,0.0,0.0,0.07,10.6365,6.0,0,19.775213685027754,55.0,0.0,0.0,0.0,0.0,0.0,41.53543264113083,optimal
2021-02-11 23:00:00,7,34,0.0,0.0,0.0,0.30793333333333334,11.2455,6.0,0,19.707724674186082,55.0,0.0,0.0,0.0,0.0,0.0,41.4938972084897,optimal
2021-02-11 23:30:00,7,34,0.0,0.0,0.0,0.1248,11.2455,6.0,0,19.642106862320098,55.0,0.0,0.0,0.0,0.0,0.0,41.45240331128121,optimal
2021-02-12 00:00:00,7,34,2.0,0.0,0.09821721713309803,0.066,10.3635,6.0,0,19.642106862320098,55.0,0.0,7000.0,0.0,0.0,0.0,41.45760408610814,optimal
2021-02-12 00:30:00,7,34,2.0,0.0,0.0,0.13116666666666665,10.8045,6.0,0,19.671232247960926,55.0,0.06698564593301436,0.0,0.0,7000.0,0.0,41.41614648202203,optimal
2021-02-12 01:00:00,7,34,2.0,0.0,0.0,0.06983333333333333,11.025,6.0,0,19.60251411364057,55.0,0.07733333333333334,5918.666666666667,0.0,1081.3333333333333,0.0,41.37473033554001,optimal
2021-02-12 01:30:00,7,34,2.0,0.0,3.0,0.12733333333333333,10.3635,6.0,0,19.61655992538984,55.0,0.07733333333333334,7000.0,0.0,0.0,0.0,42.75835560520446,optimal
2021-02-12 02:00:00,7,34,2.0,0.0,0.0,0.07366666666666667,10.8045,6.0,0,19.64689958755513,55.0,0.07733333333333334,7000.0,0.0,0.0,0.0,42.71559724959925,optimal
2021-02-12 02:30:00,7,34,2.0,0.0,3.0,0.112,10.059,6.0,0,19.67667669551741,55.0,0.07733333333333334,7000.0,0.0,0.0,0.0,44.09788165234964,optimal
2021-02-12 03:00:00,7,34,2.0,0.0,0.0,0.089,10.584,6.0,0,19.70774675786971,55.0,0.07733333333333334,7000.0,0.0,0.0,0.0,44.053783770697294,optimal
2021-02-12 03:30:00,7,34,2.0,0.0,3.0,0.1005,9.4185,6.0,0,19.739241539561487,55.0,0.07733333333333334,7000.0,0.0,0.0,0.0,45.43472998692659,optimal
2021-02-12 04:00:00,7,34,2.0,0.0,3.0,0.1005,10.3635,6.0,0,19.772760195637265,55.0,0.07733333333333334,7000.0,0.0,0.0,0.0,46.81429525693965,optimal
2021-02-12 04:30:00,7,34,2.0,0.0,3.0,0.08133333333333333,9.8385,6.0,0,19.80813497078365,55.0,0.07733333333333334,7000.0,0.0,0.0,0.0,48.192480961682705,optimal
2021-02-12 05:00:00,7,34,2.0,0.0,0.0,0.122,11.067,6.0,0,19.84509049759868,55.0,0.07733333333333334,7000.0,0.0,0.0,0.0,48.144288480721016,optimal
2021-02-12 05:30:00,7,34,2.0,0.0,0.0,0.076,10.8465,6.0,0,19.88443296835761,55.0,0.07733333333333334,7000.0,0.0,0.0,0.0,48.096144192240295,optimal
2021-02-12 06:00:00,7,34,2.0,0.0,0.0,0.136,13.671,6.0,0,19.92513727946171,55.0,0.07333333333333333,7000.0,0.0,0.0,0.0,48.048048048048045,optimal
2021-02-12 06:30:00,7,34,2.0,0.0,0.0,0.27593333333333336,12.348,6.0,0,19.969784142752577,55.0,0.07066666666666667,7000.0,0.0,0.0,0.0,48.0,optimal
2021-02-12 07:00:00,7,34,2.0,0.0,0.0,0.13826666666666668,14.3325,6.0,0,20.017638636507737,55.0,0.06866666666666667,7000.0,0.0,0.0,0.0,47.74301435407449,optimal
2021-02-12 07:30:00,7,34,0.0,0.0,0.0,0.4316666666666667,15.393,6.0,0,20.06522248276543,55.0,0.064,0.0,0.0,0.0,0.0,47.486285693794905,optimal
2021-02-12 08:00:00,7,34,2.0,0.0,0.0,1.0279333333333334,13.587,6.0,0,20.01219982994454,55.0,0.009333333333333334,7000.0,0.0,0.0,0.0,47.2298137621756,optimal
2021-02-12 08:30:00,7,34,0.0,0.0,0.0,0.3371,16.1385,6.0,0,20.06095768866814,55.0,0.004,0.0,0.0,0.0,0.0,46.973598302487915,optimal
2021-02-12 09:00:00,7,34,2.0,0.0,0.0,0.145,14.595,6.0,0,20.00199641643405,55.0,0.004,7000.0,0.0,0.0,0.0,46.71763905825992,optimal
2021-02-12 09:30:00,7,34,0.39293582936848814,0.0,0.0,0.222,14.637,6.0,0,20.035379433709558,55.0,0.0,1375.2754027897086,0.0,0.0,0.0,46.46193577327615,optimal
2021-02-12 10:00:00,7,34,0.7138392653587858,0.0,0.0,1.8862999999999999,13.9125,6.0,0,20.0,55.0,0.0,2289.4374287557503,0.0,209.0,0.0,46.20648819157737,optimal
2021-02-12 10:30:00,7,34,0.8161932940880625,0.0,0.0,2.7734,13.3665,6.0,0,20.0,55.0,0.0,2787.0098626415524,0.0,69.66666666666666,0.0,45.95129605746028,optimal
2021-02-12 11:00:00,7,34,2.0,0.0,0.0,0.384,13.0095,6.0,0,20.0,55.0,0.002666666666666666,6721.333333333333,0.0,278.66666666666663,0.0,45.696359115477314,optimal
2021-02-12 11:30:00,7,34,0.0,0.0,0.0,0.5351333333333333,13.8915,6.0,0,20.04970190842517,55.0,0.002666666666666666,0.0,0.0,0.0,0.0,45.44167711043633,optimal
2021-02-12 12:00:00,7,34,0.7076883707197847,0.0,0.0,0.5352,13.188,6.0,0,20.007128814005995,55.0,0.0,2476.9092975192466,0.0,0.0,0.0,45.18724978740038,optimal
2021-02-12 12:30:00,7,34,1.5102561034233306,0.0,0.0,0.43256666666666665,12.5685,6.0,0,20.0,55.0,0.02210774877280041,2975.6366152240134,0.0,2310.259746757643,0.0,44.93307689168747,optimal
2021-02-12 13:00:00,7,34,2.0000000000000004,0.0,0.0,0.2593333333333333,12.285,6.0,0,20.0,55.0,0.023333333333333334,6871.92641342431,0.0,128.07358657569057,0.0,44.67915816887027,optimal
2021-02-12 13:30:00,7,34,2.0,0.0,0.0,0.32746666666666663,11.487,6.0,0,20.051157578040627,55.0,0.023333333333333334,7000.0,0.0,0.0,0.0,44.425493364775896,optimal
2021-02-12 14:00:00,7,34,2.0,0.0,0.0,0.29133333333333333,11.802,6.0,0,20.10344780907736,55.0,0.023333333333333334,7000.0,0.0,0.0,0.0,44.17208222548561,optimal
2021-02-12 14:30:00,7,34,2.0,0.0,0.0,0.3111666666666667,11.2245,6.0,0,20.15647245946182,55.0,0.023333333333333334,7000.0,0.0,0.0,0.0,43.918924497334615,optimal
2021-02-12 15:00:00,7,34,2.0,0.0,0.0,0.9027666666666667,11.025,6.0,0,20.209275354231675,55.0,0.023333333333333334,7000.0,0.0,0.0,0.0,43.66601992691177,optimal
2021-02-12 15:30:00,7,34,2.0,0.0,0.0,0.076,11.907,6.0,0,20.269557687021884,55.0,0.023333333333333334,7000.0,0.0,0.0,0.0,43.413368261059354,optimal
2021-02-12 16:00:00,7,34,0.0,0.0,0.0,0.6059333333333333,25.83,6.0,0,20.314963023365205,55.0,0.02266666666666667,0.0,0.0,0.0,0.0,43.16096924687279,optimal
2021-02-12 16:30:00,7,34,0.0,0.0,0.0,0.511,28.035,6.0,0,20.27181109765648,55.0,0.022,0.0,0.0,0.0,0.0,42.90882263170041,optimal
2021-02-12 17:00:00,7,34,0.0,0.0,0.0,0.26996666666666663,28.119,6.0,0,20.225900693902766,55.0,0.014666666666666666,0.0,0.0,0.0,0.0,42.6569281631432,optimal
2021-02-12 17:30:00,7,34,0.0,0.0,0.0,2.0028666666666664,30.156,6.0,0,20.17664704514702,55.0,0.014666666666666666,0.0,0.0,0.0,0.0,42.40528558905455,optimal
2021-02-12 18:00:00,7,34,0.0,0.0,0.0,0.6937666666666666,29.1585,6.0,0,20.14519247869109,55.0,0.014,0.0,0.0,0.0,0.0,42.153894657539986,optimal
2021-02-12 18:30:00,7,34,0.0,0.0,0.0,0.6596000000000001,26.712,6.0,0,20.106054079075808,55.0,0.011333333333333334,0.0,0.0,0.0,0.0,41.90275511695694,optimal
2021-02-12 19:00:00,7,34,0.0,0.0,0.0,0.9736666666666667,15.435,6.0,0,20.069065812396783,55.0,0.009333333333333334,0.0,0.0,0.0,0.0,41.65186671591447,optimal
2021-02-12 19:30:00,7,34,0.0,0.0,0.0,0.456,13.566,6.0,0,20.03814872774964,55.0,0.006,0.0,0.0,0.0,0.0,41.40122920327305,optimal
2021-02-12 20:00:00,7,34,0.7801298371476738,0.0,0.0,0.40086666666666665,12.789,6.0,0,20.0,55.0,0.0,2730.454430016858,0.0,0.0,0.0,41.150842328144265,optimal
2021-02-12 20:30:00,7,34,0.5374285714285715,0.0,0.0,0.7035666666666667,12.1275,6.0,0,20.0,55.0,0.006,0.0,0.0,1881.0,0.0,40.90070583989061,optimal
2021-02-12 21:00:00,7,34,0.0,0.0,0.0,0.48669999999999997,13.671,6.0,0,19.96350838564866,55.0,0.0,0.0,0.0,0.0,0.0,40.859805134050724,optimal
2021-02-12 21:30:00,7,34,0.0,0.0,0.0,0.4678333333333333,10.668,6.0,0,19.926021166074072,55.0,0.0,0.0,0.0,0.0,0.0,40.818945328916676,optimal
2021-02-12 22:00:00,7,34,0.0,0.0,0.0,0.43939999999999996,11.7285,6.0,0,19.889211791031173,55.0,0.0,0.0,0.0,0.0,0.0,40.77812638358776,optimal
2021-02-12 22:30:00,7,34,0.0,0.0,0.0,0.19983333333333328,11.025,6.0,0,19.85170999509827,55.0,0.0,0.0,0.0,0.0,0.0,40.737348257204175,optimal
2021-02-12 23:00:00,7,34,0.0,0.0,0.0,0.1105,10.689,6.0,0,19.804685595578686,55.0,0.0,0.0,0.0,0.0,0.0,40.69661090894697,optimal
2021-02-12 23:30:00,7,34,0.0,0.0,0.0,0.11816666666666668,8.1585,6.0,0,19.753544171208645,55.0,0.0,0.0,0.0,0.0,0.0,40.65591429803803,optimal
2021-02-13 00:00:00,7,34,2.0,0.0,0.0,0.064,9.3975,6.0,0,19.753544171208645,55.0,0.0,7000.0,0.0,0.0,0.0,40.61525838373999,optimal
2021-02-13 00:30:00,7,34,2.0,0.0,0.0,0.11466666666666668,10.059,6.0,0,19.80071170295026,55.0,0.06698564593301436,0.0,0.0,7000.0,0.0,40.57464312535625,optimal
2021-02-13 01:00:00,7,34,2.0,0.0,0.0,0.07033333333333333,9.261,6.0,0,19.749920305034035,55.0,0.09533333333333334,4037.6666666666665,0.0,2962.3333333333335,0.0,40.5340684822309,optimal
2021-02-13 01:30:00,7,34,2.0,0.0,3.0,0.064,8.1585,6.0,0,19.755704813568567,55.0,0.09533333333333334,7000.0,0.0,0.0,0.0,41.91853441374867,optimal
2021-02-13 02:00:00,7,34,2.0,0.0,0.0,0.11783333333333332,9.4815,6.0,0,19.80328407094002,55.0,0.09533333333333334,7000.0,0.0,0.0,0.0,41.87661587933492,optimal
2021-02-13 02:30:00,7,34,2.0,0.0,1.944455456313422,0.06716666666666667,8.379,6.0,0,19.851628974469342,55.0,0.09533333333333334,7000.0,0.0,0.0,0.0,42.75835560520446,optimal
2021-02-13 03:00:00,7,34,2.0,0.0,0.0,0.121,9.5235,6.0,0,19.8991249766627,55.0,0.09533333333333334,7000.0,0.0,0.0,0.0,42.71559724959925,optimal
2021-02-13 03:30:00,7,34,2.0,0.0,3.0,0.064,8.1375,6.0,0,19.947247609236744,55.0,0.09533333333333334,7000.0,0.0,0.0,0.0,44.09788165234964,optimal
2021-02-13 04:00:00,7,34,2.0,0.0,0.0,0.064,10.0905,6.0,0,19.99429342896719,55.0,0.09533333333333334,7000.0,0.0,0.0,0.0,44.053783770697294,optimal
2021-02-13 04:30:00,7,34,2.0,0.0,3.0,0.121,7.539,6.0,0,20.041068980672332,55.0,0.09533333333333334,7000.0,0.0,0.0,0.0,45.43472998692659,optimal
2021-02-13 05:00:00,7,34,2.0,0.0,3.0,0.064,7.938,6.0,0,20.0882393153423,55.0,0.09533333333333334,7000.0,0.0,0.0,0.0,46.81429525693965,optimal
2021-02-13 05:30:00,7,34,2.0,0.0,3.0,0.07983333333333333,8.274,6.0,0,20.134196241634438,55.0,0.09533333333333334,7000.0,0.0,0.0,0.0,48.192480961682705,optimal
2021-02-13 06:00:00,7,34,2.0,0.0,0.0,0.10516666666666669,9.261,6.0,0,20.1799698919862,55.0,0.09533333333333334,7000.0,0.0,0.0,0.0,48.144288480721016,optimal
2021-02-13 06:30:00,7,34,2.0,0.0,0.0,0.064,9.9225,6.0,0,20.225694701136653,55.0,0.09533333333333334,7000.0,0.0,0.0,0.0,48.096144192240295,optimal
2021-02-13 07:00:00,7,34,2.0,0.0,0.0,0.121,9.702,6.0,0,20.270572582475562,55.0,0.09533333333333334,7000.0,0.0,0.0,0.0,48.048048048048045,optimal
2021-02-13 07:30:00,7,34,2.0,0.0,0.0,0.062,10.584,6.0,0,20.315989779340587,55.0,0.09133333333333334,7000.0,0.0,0.0,0.0,48.0,optimal
2021-02-13 08:00:00,7,34,2.0,0.0,0.0,0.062,10.143,6.0,0,20.366977524895002,55.0,0.09133333333333334,7000.0,0.0,0.0,0.0,47.78023704888907,optimal
2021-02-13 08:30:00,7,34,0.0,0.0,0.0,0.1187,13.0095,6.0,0,20.411720710516832,55.0,0.03666666666666667,0.0,0.0,0.0,0.0,47.56069386072925,optimal
2021-02-13 09:00:00,7,34,2.0,0.0,0.0,0.2332,11.025,6.0,0,20.3603871286194,55.0,0.03666666666666667,7000.0,0.0,0.0,0.0,47.34137021575759,optimal
2021-02-13 09:30:00,7,34,0.0,0.0,0.0,0.22666666666666663,12.789,6.0,0,20.41297860777286,55.0,0.03666666666666667,0.0,0.0,0.0,0.0,47.12226589443091,optimal
2021-02-13 10:00:00,7,34,0.21604745029697112,0.0,0.0,0.4806,12.1275,6.0,0,20.368958467971787,55.0,0.03666666666666667,756.1660760393988,0.0,0.0,0.0,46.90338067742555,optimal
2021-02-13 10:30:00,7,34,0.0,0.0,0.0,0.21866666666666662,12.1695,6.0,0,20.339638016197767,55.0,0.034,0.0,0.0,0.0,0.0,46.6847143456372,optimal
2021-02-13 11:00:00,7,34,0.0,0.0,0.0,1.8198333333333332,12.306,6.0,0,20.29250662350244,55.0,0.034,0.0,0.0,0.0,0.0,46.46626668018063,optimal
2021-02-13 11:30:00,7,34,0.0,0.0,0.0,0.3958333333333333,13.23,6.0,0,20.26163440595134,55.0,0.03266666666666666,0.0,0.0,0.0,0.0,46.248037462389526,optimal
2021-02-13 12:00:00,7,34,0.0,0.0,0.0,0.074,13.671,6.0,0,20.21534016557423,55.0,0.03266666666666666,0.0,0.0,0.0,0.0,46.03002647381621,optimal
2021-02-13 12:30:00,7,34,0.0,0.0,0.0,0.074,13.9335,6.0,0,20.159095046379452,55.0,0.03266666666666666,0.0,0.0,0.0,0.0,45.812233496231464,optimal
2021-02-13 13:00:00,7,34,0.0,0.0,0.0,0.074,13.293,6.0,0,20.10328506246351,55.0,0.03266666666666666,0.0,0.0,0.0,0.0,45.59465831162431,optimal
2021-02-13 13:30:00,7,34,2.0,0.0,0.0,0.131,12.1065,6.0,0,20.04793928213918,55.0,0.03266666666666666,7000.0,0.0,0.0,0.0,45.37730070220176,optimal
2021-02-13 14:00:00,7,34,2.0,0.0,0.0,0.074,11.571,6.0,0,20.092510759433505,55.0,0.03266666666666666,7000.0,0.0,0.0,0.0,45.16016045038863,optimal
2021-02-13 14:30:00,7,34,2.0,0.0,0.0,0.131,11.025,6.0,0,20.136310422017655,55.0,0.03266666666666666,7000.0,0.0,0.0,0.0,44.943237338827316,optimal
2021-02-13 15:00:00,7,34,2.0,0.0,0.0,0.074,10.8465,6.0,0,20.181070145833022,55.0,0.03266666666666666,7000.0,0.0,0.0,0.0,44.72653115037756,optimal
2021-02-13 15:30:00,7,34,2.0,0.0,0.0,0.074,11.2455,6.0,0,20.225077212774124,55.0,0.03266666666666666,7000.0,0.0,0.0,0.0,44.51004166811626,optimal
2021-02-13 16:00:00,7,34,0.0,0.0,0.0,0.4064,23.8665,6.0,0,20.268683226834018,55.0,0.03266666666666666,0.0,0.0,0.0,0.0,44.29376867533721,optimal
2021-02-13 16:30:00,7,34,0.0,0.0,0.0,0.4269333333333333,27.4575,6.0,0,20.224376636116883,55.0,0.012666666666666666,0.0,0.0,0.0,0.0,44.077711955550946,optimal
2021-02-13 17:00:00,7,34,0.0,0.0,0.0,0.24259999999999998,27.3735,6.0,0,20.184350260222775,55.0,0.010666666666666666,0.0,0.0,0.0,0.0,43.861871292484466,optimal
2021-02-13 17:30:00,7,34,0.0,0.0,0.0,1.5511666666666668,30.4605,6.0,0,20.14260783403775,55.0,0.008,0.0,0.0,0.0,0.0,43.64624647008105,optimal
2021-02-13 18:00:00,7,34,0.0,0.0,0.0,0.27826666666666666,30.0195,6.0,0,20.11416955950331,55.0,0.008,0.0,0.0,0.0,0.0,43.43083727250004,optimal
2021-02-13 18:30:00,7,34,0.0,0.0,0.0,0.41226666666666667,26.9325,6.0,0,20.080904497789437,55.0,0.008,0.0,0.0,0.0,0.0,43.21564348411661,optimal
2021-02-13 19:00:00,7,34,0.0,0.0,0.0,0.3679,14.595,6.0,0,20.04107517961688,55.0,0.006,0.0,0.0,0.0,0.0,43.000664889521566,optimal
2021-02-13 19:30:00,7,34,0.8126664395681282,0.0,0.0,0.21723333333333328,12.4845,6.0,0,20.0,55.0,0.006,2844.332538488449,0.0,0.0,0.0,42.95766422463205,optimal
2021-02-13 20:00:00,7,34,0.8507203133381692,0.0,0.0,0.2131333333333333,12.1275,6.0,0,20.0,55.0,0.006,2977.5210966835925,0.0,0.0,0.0,42.91470656040742,optimal
2021-02-13 20:30:00,7,34,0.0,0.0,0.0,0.4284333333333333,12.1275,6.0,0,20.0,55.0,0.0,0.0,0.0,0.0,0.0,42.87179185384701,optimal
2021-02-13 21:00:00,7,34,0.0,0.0,0.0,0.559,12.789,6.0,0,19.95872939487545,55.0,0.0,0.0,0.0,0.0,0.0,42.82892006199316,optimal
2021-02-13 21:30:00,7,34,0.0,0.0,0.0,0.5629,11.907,6.0,0,19.920617332921633,55.0,0.0,0.0,0.0,0.0,0.0,42.786091141931166,optimal
2021-02-13 22:00:00,7,34,0.1592380952380952,0.0,0.0,0.4694,11.025,6.0,0,19.88375830704423,55.0,0.0,0.0,0.0,557.3333333333333,0.0,42.74330505078923,optimal
2021-02-13 22:30:00,7,34,0.05971428571428571,0.0,0.0,0.4697,8.2005,6.0,0,19.845845329220197,55.0,0.0,0.0,0.0,209.0,0.0,42.70056174573844,optimal
2021-02-13 23:00:00,7,34,0.0,0.0,0.0,0.4332,9.5655,6.0,0,19.80654612759189,55.0,0.0,0.0,0.0,0.0,0.0,42.6578611839927,optimal
2021-02-13 23:30:00,7,34,0.0,0.0,0.0,0.7086333333333333,7.056,6.0,0,19.761934236243462,55.0,0.0,0.0,0.0,0.0,0.0,42.61520332280871,optimal
2021-02-07 00:00:00,8,34,0.0,0.0,0.0,0.087,9.261,6.0,0,21.0,55.0,0.12,0.0,0.0,0.0,0.0,47.952,optimal
2021-02-07 00:30:00,8,34,0.0,0.0,0.0,0.164,10.3635,6.0,0,20.954550858059882,55.0,0.12,0.0,0.0,0.0,0.0,47.904047999999996,optimal
2021-02-07 01:00:00,8,34,0.0,0.0,0.0,0.17433333333333334,8.274,6.0,0,20.910035286447155,55.0,0.12,0.0,0.0,0.0,0.0,47.856143952,optimal
2021-02-07 01:30:00,8,34,0.0,0.0,0.0,0.2586,7.7175,6.0,0,20.86551086539339,55.0,0.12,0.0,0.0,0.0,0.0,47.80828780804799,optimal
2021-02-07 02:00:00,8,34,0.0,0.0,0.0,0.17433333333333334,6.615,6.0,0,20.82215912736223,55.0,0.12,0.0,0.0,0.0,0.0,47.76047952023995,optimal
2021-02-07 02:30:00,8,34,0.0,0.0,0.0,0.1431,6.174,6.0,0,20.777600941984023,55.0,0.12,0.0,0.0,0.0,0.0,47.712719040719705,optimal
2021-02-07 03:00:00,8,34,2.0,0.0,0.0,0.1805,3.906,6.0,0,20.732448048184864,55.0,0.15133333333333332,3725.6666666666665,0.0,3274.3333333333335,0.0,47.66500632167899,optimal
2021-02-07 03:30:00,8,34,2.0,0.0,0.0,0.22676666666666667,2.3415,6.0,0,20.740191477296634,55.0,0.15133333333333332,7000.0,0.0,0.0,0.0,47.61734131535731,optimal
2021-02-07 04:00:00,8,34,2.0,0.0,0.0,0.20616666666666664,2.205,6.0,0,20.79458557905709,55.0,0.15133333333333332,7000.0,0.0,0.0,0.0,47.56972397404195,optimal
2021-02-07 04:30:00,8,34,2.0,0.0,1.4112141297153802,0.10936666666666665,0.882,6.0,0,20.84839854384967,55.0,0.15133333333333332,7000.0,0.0,0.0,0.0,48.192480961682705,optimal
2021-02-07 05:00:00,8,34,2.0,0.0,0.0,0.09323333333333332,1.5435,6.0,0,20.90069702369902,55.0,0.15133333333333332,7000.0,0.0,0.0,0.0,48.144288480721016,optimal
2021-02-07 05:30:00,8,34,2.0,0.0,0.0,0.33566666666666667,1.5435,6.0,0,20.95262241835537,55.0,0.15133333333333332,7000.0,0.0,0.0,0.0,48.096144192240295,optimal
2021-02-07 06:00:00,8,34,1.424263552172771,0.0,0.0,0.09726666666666668,5.0715,6.0,0,21.007820858011936,55.0,0.15133333333333332,4984.922432604698,0.0,0.0,0.0,48.048048048048045,optimal
2021-02-07 06:30:00,8,34,0.0,0.0,0.0,0.2867333333333333,5.376,6.0,0,21.031097629422888,55.0,0.15,0.0,0.0,0.0,0.0,48.0,optimal
2021-02-07 07:00:00,8,34,2.0,0.0,0.0,1.0048,5.0715,6.0,0,20.988062146347776,55.0,0.14466666666666667,7000.0,0.0,0.0,0.0,47.73763014050028,optimal
2021-02-07 07:30:00,8,34,0.0,0.0,0.0,0.28436666666666666,5.5125,6.0,0,21.04402236039637,55.0,0.14133333333333334,0.0,0.0,0.0,0.0,47.47552265086006,optimal
2021-02-07 08:00:00,8,34,0.0,0.0,0.0,0.21063333333333334,9.261,6.0,0,21.004194993258665,55.0,0.08533333333333333,0.0,0.0,0.0,0.0,47.213677268709475,optimal
2021-02-07 08:30:00,8,34,0.0,0.0,0.0,0.1762,11.7075,6.0,0,20.963429241622485,55.0,0.08266666666666667,0.0,0.0,0.0,0.0,46.95209373194105,optimal
2021-02-07 09:00:00,8,34,0.0,0.0,0.0,0.1641,12.348,6.0,0,20.923576183130084,55.0,0.06466666666666666,0.0,0.0,0.0,0.0,46.69077177870939,optimal
2021-02-07 09:30:00,8,34,0.0,0.0,0.0,0.37239999999999995,12.348,6.0,0,20.88190492227138,55.0,0.06333333333333334,0.0,0.0,0.0,0.0,46.429711147430965,optimal
2021-02-07 10:00:00,8,34,0.0,0.0,0.0,0.17896666666666666,12.1275,6.0,0,20.84122953956281,55.0,0.06,0.0,0.0,0.0,0.0,46.16891157678381,optimal
2021-02-07 10:30:00,8,34,0.0,0.0,0.0,0.07473333333333333,12.5265,6.0,0,20.79661482047454,55.0,0.06,0.0,0.0,0.0,0.0,45.90837280570731,optimal
2021-02-07 11:00:00,8,34,0.0,0.0,0.0,0.3735333333333334,11.7495,6.0,0,20.746621867529562,55.0,0.058666666666666666,0.0,0.0,0.0,0.0,45.648094573401885,optimal
2021-02-07 11:30:00,8,34,0.0,0.0,0.0,0.233,13.23,6.0,0,20.700685152134607,55.0,0.058666666666666666,0.0,0.0,0.0,0.0,45.388076619328764,optimal
2021-02-07 12:00:00,8,34,0.0,0.0,0.0,0.32643333333333335,14.3325,6.0,0,20.65233133625257,55.0,0.058666666666666666,0.0,0.0,0.0,0.0,45.12831868320971,optimal
2021-02-07 12:30:00,8,34,0.0,0.0,0.0,0.31010000000000004,14.994,6.0,0,20.608231304163947,55.0,0.056666666666666664,0.0,0.0,0.0,0.0,44.86882050502678,optimal
2021-02-07 13:00:00,8,34,0.0,0.0,0.0,0.141,14.8155,6.0,0,20.562557713808662,55.0,0.05466666666666667,0.0,0.0,0.0,0.0,44.60958182502203,optimal
2021-02-07 13:30:00,8,34,0.0,0.0,0.0,0.32713333333333333,14.112,6.0,0,20.516168256358277,55.0,0.05466666666666667,0.0,0.0,0.0,0.0,44.35060238369729,optimal
2021-02-07 14:00:00,8,34,0.0,0.0,0.0,0.3445,14.007,6.0,0,20.47511098818082,55.0,0.05466666666666667,0.0,0.0,0.0,0.0,44.09188192181388,optimal
2021-02-07 14:30:00,8,34,0.0,0.0,0.0,0.18530000000000002,13.23,6.0,0,20.43673622039536,55.0,0.05466666666666667,0.0,0.0,0.0,0.0,43.833420180392345,optimal
2021-02-07 15:00:00,8,34,0.0,0.0,0.0,0.242,11.382,6.0,0,20.3959037105453,55.0,0.054,0.0,0.0,0.0,0.0,43.575216900712235,optimal
2021-02-07 15:30:00,8,34,0.0,0.0,0.0,0.18836666666666668,11.7495,6.0,0,20.3570444483571,55.0,0.054,0.0,0.0,0.0,0.0,43.3172718243118,optimal
2021-02-07 16:00:00,8,34,0.0,0.0,0.0,0.36973333333333336,24.3285,6.0,0,20.306987381947557,55.0,0.052,0.0,0.0,0.0,0.0,43.05958469298777,optimal
2021-02-07 16:30:00,8,34,0.0,0.0,0.0,0.32006666666666667,28.917,6.0,0,20.262646264852116,55.0,0.04933333333333333,0.0,0.0,0.0,0.0,42.80215524879506,optimal
2021-02-07 17:00:00,8,34,0.0,0.0,0.0,1.8359,31.3635,6.0,0,20.219245493402465,55.0,0.04133333333333333,0.0,0.0,0.0,0.0,42.54498323404655,optimal
2021-02-07 17:30:00,8,34,0.0,0.0,0.0,1.929266666666667,33.306,6.0,0,20.196953082197197,55.0,0.037333333333333336,0.0,0.0,0.0,0.0,42.288068391312784,optimal
2021-02-07 18:00:00,8,34,0.0,0.0,0.0,0.35986666666666667,31.3425,6.0,0,20.174779452104993,55.0,0.03133333333333333,0.0,0.0,0.0,0.0,42.03141046342175,optimal
2021-02-07 18:30:00,8,34,0.0,0.0,0.0,0.3726333333333333,28.2555,6.0,0,20.139393974933878,55.0,0.028666666666666667,0.0,0.0,0.0,0.0,41.77500919345861,optimal
2021-02-07 19:00:00,8,34,0.0,0.0,0.0,0.3863333333333333,15.6975,6.0,0,20.103154691564715,55.0,0.02666666666666667,0.0,0.0,0.0,0.0,41.51886432476543,optimal
2021-02-07 19:30:00,8,34,0.0,0.0,0.0,0.5712,12.5475,6.0,0,20.067546545572156,55.0,0.006,0.0,0.0,0.0,0.0,41.26297560094095,optimal
2021-02-07 20:00:00,8,34,0.0,0.0,0.0,0.37710000000000005,12.0855,6.0,0,20.035082582798765,55.0,0.004666666666666667,0.0,0.0,0.0,0.0,41.221712625340004,optimal
2021-02-07 20:30:00,8,34,0.0,0.0,0.0,0.26680000000000004,11.907,6.0,0,20.0,55.0,0.002666666666666666,0.0,0.0,0.0,0.0,41.18049091271467,optimal
2021-02-07 21:00:00,8,34,0.0,0.0,0.0,0.4205,12.5685,6.0,0,19.964315116070935,55.0,0.0,0.0,0.0,0.0,0.0,41.13931042180195,optimal
2021-02-07 21:30:00,8,34,0.0,0.0,0.0,0.5201666666666667,13.146,6.0,0,19.929755117579738,55.0,0.0,0.0,0.0,0.0,0.0,41.09817111138015,optimal
2021-02-07 22:00:00,8,34,0.0,0.0,0.0,0.5970666666666667,10.584,6.0,0,19.89505453245794,55.0,0.0,0.0,0.0,0.0,0.0,41.05707294026877,optimal
2021-02-07 22:30:00,8,34,0.0,0.0,0.0,0.3014,6.678,6.0,0,19.862343853852774,55.0,0.0,0.0,0.0,0.0,0.0,41.0160158673285,optimal
2021-02-07 23:00:00,8,34,0.0,0.0,0.0,0.11873333333333332,7.938,6.0,0,19.81988107006701,55.0,0.0,0.0,0.0,0.0,0.0,40.97499985146117,optimal
2021-02-07 23:30:00,8,34,0.0,0.0,0.0,0.28003333333333336,5.292,6.0,0,19.774961436824462,55.0,0.0,0.0,0.0,0.0,0.0,40.934024851609706,optimal
2021-02-08 00:00:00,8,34,2.0,0.0,3.0,0.065,5.9745,6.0,0,19.774961436824462,55.0,0.0,7000.0,0.0,0.0,0.0,42.318090826758095,optimal
2021-02-08 00:30:00,8,34,2.0,0.0,0.0,0.22633333333333328,7.938,6.0,0,19.827094925061623,55.0,0.043333333333333335,2471.666666666667,0.0,4528.333333333333,0.0,42.275772735931334,optimal
2021-02-08 01:00:00,8,34,2.0,0.0,0.0,0.065,8.6835,6.0,0,19.81752032674245,55.0,0.043333333333333335,7000.0,0.0,0.0,0.0,42.2334969631954,optimal
2021-02-08 01:30:00,8,34,2.0,0.0,0.0,0.1165,7.665,6.0,0,19.869535290480883,55.0,0.043333333333333335,7000.0,0.0,0.0,0.0,42.19126346623221,optimal
2021-02-08 02:00:00,8,34,2.0,0.0,1.5052181864935597,0.33843333333333336,6.7725,6.0,0,19.92199215817289,55.0,0.043333333333333335,7000.0,0.0,0.0,0.0,42.86405084135042,optimal
2021-02-08 02:30:00,8,34,2.0,0.0,3.0,0.065,5.5755,6.0,0,19.97729234850449,55.0,0.043333333333333335,7000.0,0.0,0.0,0.0,44.246186790509064,optimal
2021-02-08 03:00:00,8,34,2.0,0.0,3.0,0.1855,5.0925,6.0,0,20.028723107068057,55.0,0.043333333333333335,7000.0,0.0,0.0,0.0,45.626940603718545,optimal
2021-02-08 03:30:00,8,34,2.0,0.0,3.0,0.26943333333333336,4.1895,6.0,0,20.081848605359703,55.0,0.043333333333333335,7000.0,0.0,0.0,0.0,47.006313663114824,optimal
2021-02-08 04:00:00,8,34,2.0,0.0,0.0,0.065,7.056,6.0,0,20.135870137160648,55.0,0.043333333333333335,7000.0,0.0,0.0,0.0,46.959307349451706,optimal
2021-02-08 04:30:00,8,34,2.0,0.0,3.0,0.2396,5.271,6.0,0,20.186720016432155,55.0,0.043333333333333335,7000.0,0.0,0.0,0.0,48.33734804210225,optimal
2021-02-08 05:00:00,8,34,2.0,0.0,0.0,0.2153333333333333,7.938,6.0,0,20.239611174019593,55.0,0.043333333333333335,7000.0,0.0,0.0,0.0,48.289010694060146,optimal
2021-02-08 05:30:00,8,34,2.0,0.0,0.0,0.0875,7.938,6.0,0,20.291734442538726,55.0,0.043333333333333335,7000.0,0.0,0.0,0.0,48.240721683366075,optimal
2021-02-08 06:00:00,8,34,2.0,0.0,0.0,0.3556333333333333,11.907,6.0,0,20.341771198074223,55.0,0.043333333333333335,7000.0,0.0,0.0,0.0,48.192480961682705,optimal
2021-02-08 06:30:00,8,34,2.0,0.0,0.0,0.0768,11.025,6.0,0,20.395309311282055,55.0,0.043333333333333335,7000.0,0.0,0.0,0.0,48.144288480721016,optimal
2021-02-08 07:00:00,8,34,2.0,0.0,0.0,0.22666666666666663,11.2875,6.0,0,20.44462827934023,55.0,0.043333333333333335,7000.0,0.0,0.0,0.0,48.096144192240295,optimal
2021-02-08 07:30:00,8,34,0.0,0.0,0.0,0.2444,12.936,6.0,0,20.4957833637158,55.0,0.043333333333333335,0.0,0.0,0.0,0.0,48.048048048048045,optimal
2021-02-08 08:00:00,8,34,0.0,0.0,0.0,1.610766666666667,13.0095,6.0,0,20.450635807952604,55.0,0.026,0.0,0.0,0.0,0.0,48.0,optimal
2021-02-08 08:30:00,8,34,0.0,0.0,0.0,2.804333333333333,13.671,6.0,0,20.413388024541252,55.0,0.025333333333333333,0.0,0.0,0.0,0.0,47.83060176219893,optimal
2021-02-08 09:00:00,8,34,0.0,0.0,0.0,1.6387,13.188,6.0,0,20.377098056034008,55.0,0.022,0.0,0.0,0.0,0.0,47.661372922635664,optimal
2021-02-08 09:30:00,8,34,0.0,0.0,0.0,0.279,13.8495,6.0,0,20.337759177486618,55.0,0.015333333333333332,0.0,0.0,0.0,0.0,47.492313311911964,optimal
2021-02-08 10:00:00,8,34,0.0,0.0,0.0,1.9587999999999999,13.23,6.0,0,20.294902520291522,55.0,0.015333333333333332,0.0,0.0,0.0,0.0,47.323422760798984,optimal
2021-02-08 10:30:00,8,34,0.0,0.0,0.0,0.5047333333333334,13.3665,6.0,0,20.257877966128564,55.0,0.015333333333333332,0.0,0.0,0.0,0.0,47.15470110023712,optimal
2021-02-08 11:00:00,8,34,0.62455165522086,0.0,0.0,0.39886666666666665,13.0515,6.0,0,20.215186694777724,55.0,0.015333333333333332,2185.93079327301,0.0,0.0,0.0,46.98614816133581,optimal
2021-02-08 11:30:00,8,34,0.0,0.0,0.0,0.4159,13.5345,6.0,0,20.203115969713647,55.0,0.014666666666666666,0.0,0.0,0.0,0.0,46.81776377537341,optimal
2021-02-08 12:00:00,8,34,0.0,0.0,0.0,0.34186666666666665,14.154,6.0,0,20.161760774354015,55.0,0.014666666666666666,0.0,0.0,0.0,0.0,46.64954777379697,optimal
2021-02-08 12:30:00,8,34,0.0,0.0,0.0,0.3038333333333333,14.112,6.0,0,20.116165951453272,55.0,0.014666666666666666,0.0,0.0,0.0,0.0,46.481499988222104,optimal
2021-02-08 13:00:00,8,34,0.0,0.0,0.0,0.1711,14.2485,6.0,0,20.067260394395664,55.0,0.014666666666666666,0.0,0.0,0.0,0.0,46.31362025043281,optimal
2021-02-08 13:30:00,8,34,2.0,0.0,0.0,0.19233333333333327,12.789,6.0,0,20.01716170622886,55.0,0.014666666666666666,7000.0,0.0,0.0,0.0,46.145908392381315,optimal
2021-02-08 14:00:00,8,34,2.0,0.0,0.0,0.2826,13.0095,6.0,0,20.066461449443857,55.0,0.014666666666666666,7000.0,0.0,0.0,0.0,45.978364246187866,optimal
2021-02-08 14:30:00,8,34,2.0,0.0,0.0,0.14833333333333334,12.1275,6.0,0,20.117177934529387,55.0,0.014666666666666666,7000.0,0.0,0.0,0.0,45.81098764414061,optimal
2021-02-08 15:00:00,8,34,2.0,0.0,0.0,0.163,12.348,6.0,0,20.165442636566315,55.0,0.014666666666666666,7000.0,0.0,0.0,0.0,45.643778418695405,optimal
2021-02-08 15:30:00,8,34,2.0,0.0,0.0,0.2902666666666667,12.348,6.0,0,20.213266558677088,55.0,0.010973333333333333,7000.0,0.0,0.0,0.0,45.476736402475645,optimal
2021-02-08 16:00:00,8,34,0.0,0.0,0.0,0.35133333333333333,25.389,6.0,0,20.266898518715546,55.0,0.006666666666666667,0.0,0.0,0.0,0.0,45.3098614282721,optimal
2021-02-08 16:30:00,8,34,0.0,0.0,0.0,0.3159666666666666,29.1375,6.0,0,20.225906520831618,55.0,0.006666666666666667,0.0,0.0,0.0,0.0,45.14315332904276,optimal
2021-02-08 17:00:00,8,34,0.0,0.0,0.0,0.6216,30.597,6.0,0,20.179495501533683,55.0,0.004666666666666667,0.0,0.0,0.0,0.0,44.97661193791265,optimal
2021-02-08 17:30:00,8,34,0.0,0.0,0.0,1.8152000000000001,33.684,6.0,0,20.13967088997394,55.0,0.0033333333333333335,0.0,0.0,0.0,0.0,44.81023708817367,optimal
2021-02-08 18:00:00,8,34,0.0,0.0,0.0,0.5436,32.445,6.0,0,20.11931403966907,55.0,0.0,0.0,0.0,0.0,0.0,44.64402861328443,optimal
2021-02-08 18:30:00,8,34,0.0,0.0,0.0,0.5167333333333334,28.917,6.0,0,20.078934592727247,55.0,0.0,0.0,0.0,0.0,0.0,44.47798634687008,optimal
2021-02-08 19:00:00,8,34,0.0,0.0,0.0,0.4439333333333333,15.876,6.0,0,20.039007969718607,55.0,0.0,0.0,0.0,0.0,0.0,44.312110122722146,optimal
2021-02-08 19:30:00,8,34,0.8247847029987846,0.0,0.0,0.5378,12.348,6.0,0,20.0,55.0,0.0,2886.7464604957463,0.0,0.0,0.0,44.146399774798354,optimal
2021-02-08 20:00:00,8,34,0.8985655136538682,0.0,0.0,0.475,12.1275,6.0,0,20.0,55.0,0.0,2935.9792977885386,0.0,209.0,0.0,43.98085513722249,optimal
2021-02-08 20:30:00,8,34,0.0,0.0,0.0,0.5147,12.348,6.0,0,20.0,55.0,0.0,0.0,0.0,0.0,0.0,43.8154760442842,optimal
2021-02-08 21:00:00,8,34,0.0796190476190476,0.0,0.0,0.8785333333333333,12.1275,6.0,0,19.958751761281263,55.0,0.0,0.0,0.0,278.66666666666663,0.0,43.65026233043885,optimal
2021-02-08 21:30:00,8,34,0.0,0.0,0.0,0.5172333333333333,12.1275,6.0,0,19.923529085100714,55.0,0.0,0.0,0.0,0.0,0.0,43.485213830307345,optimal
2021-02-08 22:00:00,8,34,0.05971428571428571,0.0,0.0,0.6084666666666667,11.2665,6.0,0,19.883869864789833,55.0,0.0,0.0,0.0,209.0,0.0,43.32033037867597,optimal
2021-02-08 22:30:00,8,34,0.09952380952380951,0.0,0.0,0.3028666666666667,10.143,6.0,0,19.84730501446772,55.0,0.0033333333333333335,0.0,0.0,348.3333333333333,0.0,43.155611810496225,optimal
2021-02-08 23:00:00,8,34,0.0,0.0,0.0,0.306,11.2455,6.0,0,19.804632921586204,55.0,0.0033333333333333335,0.0,0.0,0.0,0.0,42.99105796088466,optimal
2021-02-08 23:30:00,8,34,0.0,0.0,0.0,0.38073333333333337,11.025,6.0,0,19.764461487494266,55.0,0.0,0.0,0.0,0.0,0.0,42.94806690292378,optimal
2021-02-09 00:00:00,8,34,2.0,0.0,3.0,0.11823333333333332,10.584,6.0,0,19.764461487494266,55.0,0.0,7000.0,0.0,0.0,0.0,44.33011883602085,optimal
2021-02-09 00:30:00,8,34,2.0,0.0,0.29317540053473057,0.43989999999999996,11.2455,6.0,0,19.81830559720793,55.0,0.06565231259968102,0.0,0.0,7000.0,0.0,44.425047032438826,optimal
2021-02-09 01:00:00,8,34,2.0,0.0,0.0,0.3489,12.1275,6.0,0,19.777336086730553,55.0,0.1326379585326954,0.0,0.0,7000.0,0.0,44.38062198540638,optimal
2021-02-09 01:30:00,8,34,2.0,0.0,0.0,0.06,11.823,6.0,0,19.736405173215466,55.0,0.14133333333333334,6091.333333333333,0.0,908.6666666666666,0.0,44.33624136342097,optimal
2021-02-09 02:00:00,8,34,2.0,0.0,0.0,0.06,11.7705,6.0,0,19.773276267460705,55.0,0.14133333333333334,7000.0,0.0,0.0,0.0,44.29190512205755,optimal
2021-02-09 02:30:00,8,34,2.0,0.0,3.0,0.06,11.13,6.0,0,19.822575926306737,55.0,0.14133333333333334,7000.0,0.0,0.0,0.0,45.67261321693549,optimal
2021-02-09 03:00:00,8,34,2.0,0.0,0.0,0.06,11.6865,6.0,0,19.871877535569812,55.0,0.14133333333333334,7000.0,0.0,0.0,0.0,45.626940603718545,optimal
2021-02-09 03:30:00,8,34,2.0,0.0,3.0,0.06,10.7205,6.0,0,19.92118108981811,55.0,0.14133333333333334,7000.0,0.0,0.0,0.0,47.006313663114824,optimal
2021-02-09 04:00:00,8,34,2.0,0.0,0.0,0.06,11.424,6.0,0,19.970625831273864,55.0,0.14133333333333334,7000.0,0.0,0.0,0.0,46.959307349451706,optimal
2021-02-09 04:30:00,8,34,2.0,0.0,3.0,0.06,10.689,6.0,0,20.02021136673737,55.0,0.14133333333333334,7000.0,0.0,0.0,0.0,48.33734804210225,optimal
2021-02-09 05:00:00,8,34,2.0,0.0,0.0,0.06,11.361,6.0,0,20.069380313548262,55.0,0.14133333333333334,7000.0,0.0,0.0,0.0,48.289010694060146,optimal
2021-02-09 05:30:00,8,34,2.0,0.0,0.0,0.06,11.571,6.0,0,20.118133831886258,55.0,0.14133333333333334,7000.0,0.0,0.0,0.0,48.240721683366075,optimal
2021-02-09 06:00:00,8,34,0.0,0.0,0.0,0.06,14.3745,6.0,0,20.166751573977894,55.0,0.14133333333333334,0.0,0.0,0.0,0.0,48.192480961682705,optimal
2021-02-09 06:30:00,8,34,2.0,0.0,0.0,0.06,13.23,6.0,0,20.11655283694287,55.0,0.14133333333333334,7000.0,0.0,0.0,0.0,48.144288480721016,optimal
2021-02-09 07:00:00,8,34,2.0,0.0,0.0,0.26753333333333335,13.9755,6.0,0,20.16503573439184,55.0,0.13066666666666665,7000.0,0.0,0.0,0.0,48.096144192240295,optimal
2021-02-09 07:30:00,8,34,0.0,0.0,0.0,0.23813333333333334,14.994,6.0,0,20.22193111621032,55.0,0.12116,0.0,0.0,0.0,0.0,48.048048048048045,optimal
2021-02-09 08:00:00,8,34,2.0,0.0,0.0,0.24866666666666662,13.671,6.0,0,20.180554778535672,55.0,0.06933333333333333,7000.0,0.0,0.0,0.0,48.0,optimal
2021-02-09 08:30:00,8,34,0.0,0.0,0.0,0.22936666666666666,15.981,6.0,0,20.23940025535007,55.0,0.06666666666666667,0.0,0.0,0.0,0.0,47.72136641515193,optimal
2021-02-09 09:00:00,8,34,0.0,0.0,0.0,1.0304333333333333,15.6345,6.0,0,20.194961993280895,55.0,0.06666666666666667,0.0,0.0,0.0,0.0,47.4430114638887,optimal
2021-02-09 09:30:00,8,34,0.0,0.0,0.0,0.7744666666666667,16.5375,6.0,0,20.16024348441725,55.0,0.064,0.0,0.0,0.0,0.0,47.16493486757674,optimal
2021-02-09 10:00:00,8,34,0.0,0.0,0.0,0.20126666666666668,14.7735,6.0,0,20.122471468923862,55.0,0.05733333333333333,0.0,0.0,0.0,0.0,46.887136347861095,optimal
2021-02-09 10:30:00,8,34,0.0,0.0,0.0,0.212,15.2145,6.0,0,20.07729319328039,55.0,0.05733333333333333,0.0,0.0,0.0,0.0,46.60961562666516,optimal
2021-02-09 11:00:00,8,34,0.27570065603259,0.0,0.0,0.2548666666666667,14.553,6.0,0,20.031180451953848,55.0,0.05733333333333333,964.9522961140649,0.0,0.0,0.0,46.332372426190425,optimal
2021-02-09 11:30:00,8,34,2.0,0.0,0.0,2.754966666666667,14.3325,6.0,0,20.0,55.0,0.05266666666666667,7000.0,0.0,0.0,0.0,46.05540646891616,optimal
2021-02-09 12:00:00,8,34,0.4265715968605756,0.0,0.0,3.285,14.595,6.0,0,20.060194635445516,55.0,0.04733333333333333,1493.0005890120146,0.0,0.0,0.0,45.77871747759917,optimal
2021-02-09 12:30:00,8,34,0.0,0.0,0.0,0.6879666666666667,14.994,6.0,0,20.044659844159842,55.0,0.044,0.0,0.0,0.0,0.0,45.502305175273506,optimal
2021-02-09 13:00:00,8,34,1.7746083487750173,0.0,0.0,0.2013,14.3325,6.0,0,20.0,55.0,0.04133333333333333,6211.129220712561,0.0,0.0,0.0,45.22616928525016,optimal
2021-02-09 13:30:00,8,34,2.0,0.0,0.0,0.2582,13.8915,6.0,0,20.040741646037606,55.0,0.04133333333333333,7000.0,0.0,0.0,0.0,44.95030953111684,optimal
2021-02-09 14:00:00,8,34,2.0,0.0,0.0,0.35683333333333334,13.8915,6.0,0,20.096126782986314,55.0,0.04133333333333333,7000.0,0.0,0.0,0.0,44.67472563673765,optimal
2021-02-09 14:30:00,8,34,2.0,0.0,0.0,0.3475666666666667,13.4715,6.0,0,20.153148454226326,55.0,0.04133333333333333,7000.0,0.0,0.0,0.0,44.39941732625284,optimal
2021-02-09 15:00:00,8,34,2.0,0.0,0.0,0.42119999999999996,13.23,6.0,0,20.209537029400124,55.0,0.04,7000.0,0.0,0.0,0.0,44.12438432407851,optimal
2021-02-09 15:30:00,8,34,2.0,0.0,0.0,0.3342,13.8915,6.0,0,20.268134469201964,55.0,0.03866666666666667,7000.0,0.0,0.0,0.0,43.84962635490636,optimal
2021-02-09 16:00:00,8,34,0.0,0.0,0.0,0.3676333333333333,26.9325,6.0,0,20.3271030054682,55.0,0.023333333333333334,0.0,0.0,0.0,0.0,43.575143143703386,optimal
2021-02-09 16:30:00,8,34,0.0,0.0,0.0,0.3654,30.303,6.0,0,20.290034692335222,55.0,0.017333333333333333,0.0,0.0,0.0,0.0,43.30093441571161,optimal
2021-02-09 17:00:00,8,34,0.0,0.0,0.0,0.12246666666666668,32.886,6.0,0,20.250041204635213,55.0,0.016,0.0,0.0,0.0,0.0,43.026999896447826,optimal
2021-02-09 17:30:00,8,34,0.0,0.0,0.0,0.07859999999999999,34.9965,6.0,0,20.205061845812708,55.0,0.014666666666666666,0.0,0.0,0.0,0.0,42.75333931170331,optimal
2021-02-09 18:00:00,8,34,0.0,0.0,0.0,0.26393333333333335,33.327,6.0,0,20.158804762689066,55.0,0.014666666666666666,0.0,0.0,0.0,0.0,42.479952387543534,optimal
2021-02-09 18:30:00,8,34,0.0,0.0,0.0,0.36086666666666667,31.122,6.0,0,20.11645276037975,55.0,0.01,0.0,0.0,0.0,0.0,42.20683885030792,optimal
2021-02-09 19:00:00,8,34,0.0,0.0,0.0,0.448,17.9025,6.0,0,20.075616372773712,55.0,0.006,0.0,0.0,0.0,0.0,41.93399842660954,optimal
2021-02-09 19:30:00,8,34,0.0,0.0,0.0,0.6256,15.6555,6.0,0,20.034658911929707,55.0,0.006,0.0,0.0,0.0,0.0,41.66143084333486,optimal
2021-02-09 20:00:00,8,34,0.7262390019464339,0.0,0.0,0.3796333333333333,14.553,6.0,0,20.0,55.0,0.002,2541.8365068125186,0.0,0.0,0.0,41.38913582764346,optimal
2021-02-09 20:30:00,8,34,0.0,0.0,0.0,0.38326666666666664,14.3325,6.0,0,20.0,55.0,0.0,0.0,0.0,0.0,0.0,41.347746691815814,optimal
2021-02-09 21:00:00,8,34,0.0,0.0,0.0,0.33453333333333335,13.335,6.0,0,19.967253504692493,55.0,0.0,0.0,0.0,0.0,0.0,41.306398945124,optimal
2021-02-09 21:30:00,8,34,0.17914285714285713,0.0,0.0,0.35760000000000003,12.1275,6.0,0,19.93127375551636,55.0,0.006,0.0,0.0,627.0,0.0,41.26509254617888,optimal
2021-02-09 22:00:00,8,34,0.0,0.0,0.0,0.5819666666666667,12.2955,6.0,0,19.894020514264117,55.0,0.0,0.0,0.0,0.0,0.0,41.2238274536327,optimal
2021-02-09 22:30:00,8,34,0.6767619047619047,0.0,0.0,0.2941333333333333,11.6865,6.0,0,19.86053899097089,55.0,0.0,0.0,0.0,2368.6666666666665,0.0,41.182603626179066,optimal
2021-02-09 23:00:00,8,34,0.0,0.0,0.0,0.2662,11.466,6.0,0,19.8227886927541,55.0,0.0,0.0,0.0,0.0,0.0,41.14142102255289,optimal
2021-02-09 23:30:00,8,34,0.09952380952380951,0.0,0.0,0.3058333333333333,10.8045,6.0,0,19.7857273097486,55.0,0.0,0.0,0.0,348.3333333333333,0.0,41.10027960153034,optimal
2021-02-10 00:00:00,8,34,2.0,0.0,3.0,0.158,10.8045,6.0,0,19.7857273097486,55.0,0.0,7000.0,0.0,0.0,0.0,42.484179321928806,optimal
2021-02-10 00:30:00,8,34,2.0,0.0,0.0,0.054,11.508,6.0,0,19.836079825859095,55.0,0.06698564593301436,0.0,0.0,7000.0,0.0,42.441695142606875,optimal
2021-02-10 01:00:00,8,34,2.0,0.0,0.0,0.19553333333333334,11.508,6.0,0,19.785866417383474,55.0,0.082,5431.0,0.0,1569.0,0.0,42.39925344746427,optimal
2021-02-10 01:30:00,8,34,2.0,0.0,0.0,0.0696,11.508,6.0,0,19.814072014644555,55.0,0.082,7000.0,0.0,0.0,0.0,42.356854194016805,optimal
2021-02-10 02:00:00,8,34,2.0,0.0,0.0,0.1424,11.844,6.0,0,19.862263905176636,55.0,0.082,7000.0,0.0,0.0,0.0,42.314497339822786,optimal
2021-02-10 02:30:00,8,34,2.0,0.0,0.0,0.12476666666666668,11.508,6.0,0,19.911069371533937,55.0,0.082,7000.0,0.0,0.0,0.0,42.27218284248296,optimal
2021-02-10 03:00:00,8,34,2.0,0.0,0.0,0.18196666666666667,11.508,6.0,0,19.959490334629933,55.0,0.082,7000.0,0.0,0.0,0.0,42.22991065964048,optimal
2021-02-10 03:30:00,8,34,2.0,0.0,3.0,0.1008,10.4475,6.0,0,20.008582813035044,55.0,0.082,7000.0,0.0,0.0,0.0,43.612680748980836,optimal
2021-02-10 04:00:00,8,34,2.0,0.0,3.0,0.19553333333333334,10.8675,6.0,0,20.0563943405762,55.0,0.082,7000.0,0.0,0.0,0.0,44.994068068231854,optimal
2021-02-10 04:30:00,8,34,2.0,0.0,3.0,0.158,10.542,6.0,0,20.105408199233896,55.0,0.082,7000.0,0.0,0.0,0.0,46.37407400016362,optimal
2021-02-10 05:00:00,8,34,2.0,0.0,0.7200375571587726,0.1633666666666667,11.025,6.0,0,20.1534779427737,55.0,0.082,7000.0,0.0,0.0,0.0,46.66971776581387,optimal
2021-02-10 05:30:00,8,34,2.0,0.0,3.0,0.3599333333333333,11.025,6.0,0,20.201210974565257,55.0,0.062,7000.0,0.0,0.0,0.0,48.048048048048045,optimal
2021-02-10 06:00:00,8,34,2.0,0.0,0.0,0.2433333333333333,14.553,6.0,0,20.25364472674571,55.0,0.05733333333333333,7000.0,0.0,0.0,0.0,48.0,optimal
2021-02-10 06:30:00,8,34,2.0,0.0,0.0,0.2988,13.0935,6.0,0,20.305352745872447,55.0,0.048666666666666664,7000.0,0.0,0.0,0.0,47.86438952259614,optimal
2021-02-10 07:00:00,8,34,2.0,0.0,0.0,2.0142,15.6345,6.0,0,20.360745263953813,55.0,0.044,7000.0,0.0,0.0,0.0,47.72891465566969,optimal
2021-02-10 07:30:00,8,34,0.0,0.0,0.0,2.8973,18.102,6.0,0,20.427110660549726,55.0,0.03933333333333333,0.0,0.0,0.0,0.0,47.59357526361016,optimal
2021-02-10 08:00:00,8,34,0.0,0.0,0.0,1.0739,17.199,6.0,0,20.39977693873528,55.0,0.034,0.0,0.0,0.0,0.0,47.458371210942694,optimal
2021-02-10 08:30:00,8,34,0.0,0.0,0.0,0.22466666666666663,18.2805,6.0,0,20.365121038696266,55.0,0.030666666666666665,0.0,0.0,0.0,0.0,47.323302362327894,optimal
2021-02-10 09:00:00,8,34,0.0,0.0,0.0,1.2379333333333333,17.4615,6.0,0,20.310343739191794,55.0,0.028666666666666667,0.0,0.0,0.0,0.0,47.18836858256171,optimal
2021-02-10 09:30:00,8,34,0.0,0.0,0.0,0.7749333333333333,18.3225,6.0,0,20.2643237397843,55.0,0.02666666666666667,0.0,0.0,0.0,0.0,47.05356973657529,optimal
2021-02-10 10:00:00,8,34,0.0,0.0,0.0,0.3018,17.094,6.0,0,20.21585882455005,55.0,0.024666666666666667,0.0,0.0,0.0,0.0,46.91890568943486,optimal
2021-02-10 10:30:00,8,34,1.1181584581584596,0.0,0.0,0.6100666666666668,17.094,6.0,0,20.171754721946957,55.0,0.021333333333333333,3913.554603554608,0.0,0.0,0.0,46.784376306341564,optimal
2021-02-10 11:00:00,8,34,2.0,0.0,0.0,1.6064333333333334,17.094,6.0,0,20.188811278021266,55.0,0.021333333333333333,7000.0,0.0,0.0,0.0,46.649981452631366,optimal
2021-02-10 11:30:00,8,34,0.0,0.0,0.0,0.48973333333333335,17.3565,6.0,0,20.247386669787062,55.0,0.021333333333333333,0.0,0.0,0.0,0.0,46.51572099377488,optimal
2021-02-10 12:00:00,8,34,2.0,0.0,0.0,0.32553333333333334,17.115,6.0,0,20.204330183959947,55.0,0.021333333333333333,7000.0,0.0,0.0,0.0,46.38159479537725,optimal
2021-02-10 12:30:00,8,34,2.0,0.0,0.0,0.21159999999999998,17.241,6.0,0,20.255004407147723,55.0,0.021333333333333333,7000.0,0.0,0.0,0.0,46.24760272317801,optimal
2021-02-10 13:00:00,8,34,2.0,0.0,0.0,0.3205,17.094,6.0,0,20.30153650408275,55.0,0.021333333333333333,7000.0,0.0,0.0,0.0,46.11374464305098,optimal
2021-02-10 13:30:00,8,34,2.0,0.0,0.0,0.25353333333333333,16.5165,6.0,0,20.349456958142163,55.0,0.021333333333333333,7000.0,0.0,0.0,0.0,45.98002042100407,optimal
2021-02-10 14:00:00,8,34,0.0,0.0,0.0,1.0643,17.8185,6.0,0,20.3986500737622,55.0,0.021333333333333333,0.0,0.0,0.0,0.0,45.84642992317921,optimal
2021-02-10 14:30:00,8,34,2.0,0.0,0.0,0.2798,17.094,6.0,0,20.353194981494553,55.0,0.02,7000.0,0.0,0.0,0.0,45.71297301585217,optimal
2021-02-10 15:00:00,8,34,2.0,0.0,0.0,0.12306666666666666,16.8945,6.0,0,20.409138690755544,55.0,0.019333333333333334,7000.0,0.0,0.0,0.0,45.57964956543246,optimal
2021-02-10 15:30:00,8,34,0.0,0.0,0.0,0.12463333333333335,18.123,6.0,0,20.458505132694242,55.0,0.019333333333333334,0.0,0.0,0.0,0.0,45.44645943846317,optimal
2021-02-10 16:00:00,8,34,0.0,0.0,0.0,0.2822333333333333,31.647,6.0,0,20.40606987499372,55.0,0.019333333333333334,0.0,0.0,0.0,0.0,45.31340250162085,optimal
2021-02-10 16:30:00,8,34,0.0,0.0,0.0,0.16823333333333332,34.9965,6.0,0,20.356169064993182,55.0,0.016666666666666666,0.0,0.0,0.0,0.0,45.18047862171537,optimal
2021-02-10 17:00:00,8,34,0.0,0.0,0.0,0.48369999999999996,34.9965,6.0,0,20.311949666462688,55.0,0.013333333333333334,0.0,0.0,0.0,0.0,45.0476876656898,optimal
2021-02-10 17:30:00,8,34,0.0,0.0,0.0,0.8671666666666666,34.9965,6.0,0,20.274201808164886,55.0,0.012666666666666666,0.0,0.0,0.0,0.0,44.91502950062026,optimal
2021-02-10 18:00:00,8,34,0.0,0.0,0.0,1.258733333333333,34.9965,6.0,0,20.22970813165799,55.0,0.012666666666666666,0.0,0.0,0.0,0.0,44.78250399371578,optimal
2021-02-10 18:30:00,8,34,0.0,0.0,0.0,1.3063333333333333,34.9965,6.0,0,20.193122428109756,55.0,0.0,0.0,0.0,0.0,0.0,44.650111012318206,optimal
2021-02-10 19:00:00,8,34,0.0,0.0,0.0,1.7115333333333334,27.741,6.0,0,20.155757614240024,55.0,0.0,0.0,0.0,0.0,0.0,44.51785042390203,optimal
2021-02-10 19:30:00,8,34,0.0,0.0,0.0,0.168,19.026,6.0,0,20.11302474603572,55.0,0.0,0.0,0.0,0.0,0.0,44.385722096074275,optimal
2021-02-10 20:00:00,8,34,0.0,0.0,0.0,0.064,18.7215,6.0,0,20.057516257314166,55.0,0.0,0.0,0.0,0.0,0.0,44.253725896574345,optimal
2021-02-10 20:30:00,8,34,0.0,0.0,0.0,0.20553333333333332,17.4195,6.0,0,20.0,55.0,0.0,0.0,0.0,0.0,0.0,44.121861693273914,optimal
2021-02-10 21:00:00,8,34,0.0,0.0,0.0,0.168,16.758,6.0,0,19.94449991258358,55.0,0.0,0.0,0.0,0.0,0.0,43.99012935417678,optimal
2021-02-10 21:30:00,8,34,0.0,0.0,0.0,0.1412,14.217,6.0,0,19.88848602409271,55.0,0.0,0.0,0.0,0.0,0.0,43.858528747418745,optimal
2021-02-10 22:00:00,8,34,0.05971428571428571,0.0,0.0,1.2884,13.3665,6.0,0,19.828212142540046,55.0,0.0,0.0,0.0,209.0,0.0,43.72705974126747,optimal
2021-02-10 22:30:00,8,34,0.0,0.0,0.0,0.6531333333333333,12.789,6.0,0,19.78096120062162,55.0,0.0,0.0,0.0,0.0,0.0,43.6833326815262,optimal
2021-02-10 23:00:00,8,34,0.05971428571428571,0.0,0.0,0.5415666666666668,11.907,6.0,0,19.73067576566581,55.0,0.0,0.0,0.0,209.0,0.0,43.63964934884468,optimal
2021-02-10 23:30:00,8,34,0.0,0.0,0.0,0.06133333333333334,11.7075,6.0,0,19.67842252570881,55.0,0.0,0.0,0.0,0.0,0.0,43.59600969949583,optimal
2021-02-11 00:00:00,8,34,2.0,0.0,0.0,0.06366666666666666,11.025,6.0,0,19.67842252570881,55.0,0.0,7000.0,0.0,0.0,0.0,43.55241368979633,optimal
2021-02-11 00:30:00,8,34,2.0,0.0,0.0,0.046,12.0855,6.0,0,19.716648557247527,55.0,0.06698564593301436,0.0,0.0,7000.0,0.0,43.508861276106536,optimal
2021-02-11 01:00:00,8,34,2.0000000000000004,0.0,0.0,0.18066666666666664,11.6865,6.0,0,19.6558204498655,55.0,0.07204844913806178,6470.937065072544,0.0,529.0629349274568,0.0,43.46535241483043,optimal
2021-02-11 01:30:00,8,34,2.0,0.0,0.0,0.05946666666666667,11.2245,6.0,0,19.688561400736088,55.0,0.07204844913806178,7000.0,0.0,0.0,0.0,43.4218870624156,optimal
2021-02-11 02:00:00,8,34,2.0,0.0,0.0,0.1066,11.025,6.0,0,19.72696093465069,55.0,0.07204844913806178,7000.0,0.0,0.0,0.0,43.378465175353185,optimal
2021-02-11 02:30:00,8,34,2.0,0.0,3.0,0.13353333333333334,10.7835,6.0,0,19.765917980288766,55.0,0.07204844913806178,7000.0,0.0,0.0,0.0,44.76008671017783,optimal
2021-02-11 03:00:00,8,34,2.0,0.0,0.0,0.046,11.025,6.0,0,19.804867724323426,55.0,0.07204844913806178,7000.0,0.0,0.0,0.0,44.715326623467654,optimal
2021-02-11 03:30:00,8,34,2.0,0.0,3.0,0.147,10.584,6.0,0,19.842196516459815,55.0,0.07204844913806178,7000.0,0.0,0.0,0.0,46.09561129684418,optimal
2021-02-11 04:00:00,8,34,2.0,0.0,1.9153508713776097,0.09313333333333335,11.025,6.0,0,19.881541414893473,55.0,0.07204844913806178,7000.0,0.0,0.0,0.0,46.959307349451706,optimal
2021-02-11 04:30:00,8,34,2.0,0.0,3.0,0.046,10.4265,6.0,0,19.920713603423682,55.0,0.07204844913806178,7000.0,0.0,0.0,0.0,48.33734804210225,optimal
2021-02-11 05:00:00,8,34,2.0,0.0,0.0,0.19413333333333332,12.789,6.0,0,19.959112246646463,55.0,0.07204844913806178,7000.0,0.0,0.0,0.0,48.289010694060146,optimal
2021-02-11 05:30:00,8,34,2.0,0.0,0.0,0.05533333333333334,12.684,6.0,0,19.99949223109926,55.0,0.07204844913806178,7000.0,0.0,0.0,0.0,48.240721683366075,optimal
2021-02-11 06:00:00,8,34,2.0,0.0,0.0,0.04966666666666666,16.254,6.0,0,20.038367717758643,55.0,0.07204844913806178,7000.0,0.0,0.0,0.0,48.192480961682705,optimal
2021-02-11 06:30:00,8,34,2.0,0.0,0.0,0.19413333333333332,17.64,6.0,0,20.07783117621807,55.0,0.07204844913806178,7000.0,0.0,0.0,0.0,48.144288480721016,optimal
2021-02-11 07:00:00,8,34,2.0,0.0,0.0,0.06233333333333334,19.1625,6.0,0,20.119969248641997,55.0,0.07204844913806178,7000.0,0.0,0.0,0.0,48.096144192240295,optimal
2021-02-11 07:30:00,8,34,0.0,0.0,0.0,0.07553333333333333,26.46,6.0,0,20.161716312665316,55.0,0.05804844913806179,0.0,0.0,0.0,0.0,48.048048048048045,optimal
2021-02-11 08:00:00,8,34,0.0,0.0,0.0,0.5213333333333334,20.79,6.0,0,20.105888891966355,55.0,0.05471511580472846,0.0,0.0,0.0,0.0,48.0,optimal
2021-02-11 08:30:00,8,34,0.0,0.0,0.0,0.23326666666666668,29.106,6.0,0,20.057745371887286,55.0,0.048715115804728454,0.0,0.0,0.0,0.0,47.69672653131328,optimal
2021-02-11 09:00:00,8,34,2.0,0.0,0.0,0.28286666666666666,19.1835,6.0,0,20.002575918938867,55.0,0.042715115804728455,7000.0,0.0,0.0,0.0,47.39375633609525,optimal
2021-02-11 09:30:00,8,34,0.0,0.0,0.0,0.49973333333333336,19.6665,6.0,0,20.046922693590016,55.0,0.03604844913806179,0.0,0.0,0.0,0.0,47.09108911107244,optimal
2021-02-11 10:00:00,8,34,0.840002111742739,0.0,0.0,1.2765,19.404,6.0,0,20.0,55.0,0.03338178247139512,2940.0073910995866,0.0,0.0,0.0,46.788724553274655,optimal
2021-02-11 10:30:00,8,34,0.8769720210297186,0.0,0.0,0.4476666666666667,19.047,6.0,0,20.0,55.0,0.03271511580472846,3069.402073604015,0.0,0.0,0.0,46.486662360034664,optimal
2021-02-11 11:00:00,8,34,2.0,0.0,0.0,0.297,18.858,6.0,0,20.0,55.0,0.03271511580472846,7000.0,0.0,0.0,0.0,46.184902228987916,optimal
2021-02-11 11:30:00,8,34,0.0,0.0,0.0,0.2735,19.2675,6.0,0,20.051888534625835,55.0,0.03071511580472846,0.0,0.0,0.0,0.0,45.88344385807221,optimal
2021-02-11 12:00:00,8,34,0.7259829134663525,0.0,0.0,0.5531333333333334,18.963,6.0,0,20.004258798951383,55.0,0.027381782471395125,2540.9401971322336,0.0,0.0,0.0,45.58228694552742,optimal
2021-02-11 12:30:00,8,34,2.0,0.0,0.0,0.5301333333333333,18.438,6.0,0,20.0,55.0,0.03,6169.062934927457,0.0,830.9370650725429,0.0,45.28143118989518,optimal
2021-02-11 13:00:00,8,34,1.9817268219246729,0.0,0.0,0.4005,18.7425,6.0,0,20.047130450567924,55.0,0.02666666666666667,6936.043876736355,0.0,0.0,0.0,44.98087629001857,optimal
2021-02-11 13:30:00,8,34,2.0,0.0,0.0,0.3423333333333333,15.2145,6.0,0,20.104867868674937,55.0,0.022,7000.0,0.0,0.0,0.0,44.680621945041835,optimal
2021-02-11 14:00:00,8,34,2.0,0.0,0.0,0.4082,17.7765,6.0,0,20.162798962848683,55.0,0.022,7000.0,0.0,0.0,0.0,44.38066785441008,optimal
2021-02-11 14:30:00,8,34,2.0,0.0,0.0,0.2476,16.758,6.0,0,20.2205942998072,55.0,0.02,7000.0,0.0,0.0,0.0,44.08101371786895,optimal
2021-02-11 15:00:00,8,34,2.0,0.0,0.0,1.7039000000000002,16.422,6.0,0,20.274111188533738,55.0,0.02,7000.0,0.0,0.0,0.0,43.78165923546436,optimal
2021-02-11 15:30:00,8,34,2.0,0.0,0.0,0.15493333333333334,16.758,6.0,0,20.329390435929607,55.0,0.02,7000.0,0.0,0.0,0.0,43.48260410754218,optimal
2021-02-11 16:00:00,8,34,0.0,0.0,0.0,0.46826666666666666,29.358,6.0,0,20.374131780316414,55.0,0.018,0.0,0.0,0.0,0.0,43.18384803474792,optimal
2021-02-11 16:30:00,8,34,0.0,0.0,0.0,0.6007666666666667,34.9965,6.0,0,20.323190424539384,55.0,0.015333333333333332,0.0,0.0,0.0,0.0,42.88539071802645,optimal
2021-02-11 17:00:00,8,34,0.0,0.0,0.0,0.6038,34.65,6.0,0,20.274222688817172,55.0,0.008,0.0,0.0,0.0,0.0,42.587231858621706,optimal
2021-02-11 17:30:00,8,34,0.0,0.0,0.0,0.41233333333333333,34.9965,6.0,0,20.222346743468517,55.0,0.0019999999999999996,0.0,0.0,0.0,0.0,42.28937115807637,optimal
2021-02-11 18:00:00,8,34,0.0,0.0,0.0,0.4613333333333333,34.9965,6.0,0,20.169872457571437,55.0,0.0019999999999999996,0.0,0.0,0.0,0.0,41.99180831823158,optimal
2021-02-11 18:30:00,8,34,0.0,0.0,0.0,0.3203666666666667,30.4815,6.0,0,20.11699046964561,55.0,0.0006666666666666665,0.0,0.0,0.0,0.0,41.69454304122663,optimal
2021-02-11 19:00:00,8,34,0.0,0.0,0.0,0.21,21.4305,6.0,0,20.06060146245491,55.0,0.0,0.0,0.0,0.0,0.0,41.39757502949869,optimal
2021-02-11 19:30:00,8,34,1.2447342588260901,0.0,0.0,0.38763333333333333,14.3325,6.0,0,20.0,55.0,0.0,4008.236572557982,0.0,348.3333333333333,0.0,41.10090398578247,optimal
2021-02-11 20:00:00,8,34,1.4217500108913503,0.0,0.0,0.42973333333333336,13.692,6.0,0,20.0,55.0,0.004666666666666667,4140.125038119726,0.0,836.0,0.0,40.80452961310997,optimal
2021-02-11 20:30:00,8,34,0.0,0.0,0.0,0.26089999999999997,14.007,6.0,0,20.0,55.0,0.0,0.0,0.0,0.0,0.0,40.50845161481014,optimal
2021-02-11 21:00:00,8,34,0.11942857142857143,0.0,0.0,0.44553333333333334,12.873,6.0,0,19.938294863649517,55.0,0.0,0.0,0.0,418.0,0.0,40.46794316319533,optimal
2021-02-11 21:30:00,8,34,0.0199047619047619,0.0,0.0,0.3109666666666666,12.684,6.0,0,19.881435135852072,55.0,0.0,0.0,0.0,69.66666666666666,0.0,40.427475220032136,optimal
2021-02-11 22:00:00,8,34,0.0398095238095238,0.0,0.0,0.3858666666666667,12.306,6.0,0,19.824003190122188,55.0,0.0,0.0,0.0,139.33333333333331,0.0,40.3870477448121,optimal
2021-02-11 22:30:00,8,34,0.05971428571428571,0.0,0.0,0.21706666666666663,10.6365,6.0,0,19.7686222474453,55.0,0.002,0.0,0.0,209.0,0.0,40.346660697067286,optimal
2021-02-11 23:00:00,8,34,0.0,0.0,0.0,0.2658666666666667,11.2455,6.0,0,19.708958206773808,55.0,0.0,0.0,0.0,0.0,0.0,40.30631403637022,optimal
2021-02-11 23:30:00,8,34,0.0,0.0,0.0,0.16373333333333331,11.2455,6.0,0,19.64541255164841,55.0,0.0,0.0,0.0,0.0,0.0,40.266007722333846,optimal
2021-02-12 00:00:00,8,34,2.0,0.0,2.901136418175853,0.1953,10.3635,6.0,0,19.64541255164841,55.0,0.0,7000.0,0.0,0.0,0.0,41.60378151324504,optimal
2021-02-12 00:30:00,8,34,2.0,0.0,0.0,0.16706666666666667,10.8045,6.0,0,19.678149856863744,55.0,0.027333333333333334,4143.666666666666,0.0,2856.3333333333335,0.0,41.56217773173179,optimal
2021-02-12 01:00:00,8,34,2.0,0.0,0.0,0.10043333333333333,11.025,6.0,0,19.67150353332103,55.0,0.027333333333333334,7000.0,0.0,0.0,0.0,41.52061555400005,optimal
2021-02-12 01:30:00,8,34,2.0,0.0,3.0,0.17173333333333332,10.3635,6.0,0,19.703052610259128,55.0,0.027333333333333334,7000.0,0.0,0.0,0.0,42.90409493844604,optimal
2021-02-12 02:00:00,8,34,2.0,0.0,0.0,0.1672,10.8045,6.0,0,19.732478953300767,55.0,0.027333333333333334,7000.0,0.0,0.0,0.0,42.8611908435076,optimal
2021-02-12 02:30:00,8,34,2.0,0.0,3.0,0.07859999999999999,10.059,6.0,0,19.762037932896742,55.0,0.027333333333333334,7000.0,0.0,0.0,0.0,44.24332965266409,optimal
2021-02-12 03:00:00,8,34,2.0,0.0,0.0,0.2603333333333333,10.584,6.0,0,19.791101057424275,55.0,0.027333333333333334,7000.0,0.0,0.0,0.0,44.199086323011414,optimal
2021-02-12 03:30:00,8,34,2.0,0.0,3.0,0.056,9.4185,6.0,0,19.82348067718296,55.0,0.027333333333333334,7000.0,0.0,0.0,0.0,45.5798872366884,optimal
2021-02-12 04:00:00,8,34,2.0,0.0,3.0,0.1125,10.3635,6.0,0,19.854839040428917,55.0,0.027333333333333334,7000.0,0.0,0.0,0.0,46.959307349451706,optimal
2021-02-12 04:30:00,8,34,2.0,0.0,3.0,0.22643333333333332,9.8385,6.0,0,19.888856036355733,55.0,0.027333333333333334,7000.0,0.0,0.0,0.0,48.33734804210225,optimal
2021-02-12 05:00:00,8,34,2.0,0.0,0.0,0.056,11.067,6.0,0,19.92633391557113,55.0,0.027333333333333334,7000.0,0.0,0.0,0.0,48.289010694060146,optimal
2021-02-12 05:30:00,8,34,2.0,0.0,0.0,0.232,10.8465,6.0,0,19.963254238239998,55.0,0.027333333333333334,7000.0,0.0,0.0,0.0,48.240721683366075,optimal
2021-02-12 06:00:00,8,34,2.0,0.0,0.0,0.10693333333333334,13.671,6.0,0,20.00478082609905,55.0,0.027333333333333334,7000.0,0.0,0.0,0.0,48.192480961682705,optimal
2021-02-12 06:30:00,8,34,2.0,0.0,0.0,0.09743333333333334,12.348,6.0,0,20.046656624613973,55.0,0.027333333333333334,7000.0,0.0,0.0,0.0,48.144288480721016,optimal
2021-02-12 07:00:00,8,34,2.0,0.0,0.0,0.2552,14.3325,6.0,0,20.08856037196109,55.0,0.006666666666666667,7000.0,0.0,0.0,0.0,48.096144192240295,optimal
2021-02-12 07:30:00,8,34,0.0,0.0,0.0,0.0594,15.393,6.0,0,20.135991815885895,55.0,0.006,0.0,0.0,0.0,0.0,48.048048048048045,optimal
2021-02-12 08:00:00,8,34,2.0,0.0,0.0,0.42110000000000003,13.587,6.0,0,20.081437294715947,55.0,0.002,7000.0,0.0,0.0,0.0,48.0,optimal
2021-02-12 08:30:00,8,34,0.0,0.0,0.0,0.5206333333333333,16.1385,6.0,0,20.130106039486694,55.0,0.002,0.0,0.0,0.0,0.0,47.78315027712653,optimal
2021-02-12 09:00:00,8,34,0.7492043179646604,0.0,0.0,0.08706666666666667,14.595,6.0,0,20.076085488213057,55.0,0.002,2622.215112876311,0.0,0.0,0.0,47.566517403975936,optimal
2021-02-12 09:30:00,8,34,0.0,0.0,0.0,0.18519999999999998,14.637,6.0,0,20.052529690680068,55.0,0.0,0.0,0.0,0.0,0.0,47.35010116369849,optimal
2021-02-12 10:00:00,8,34,1.1038411701206914,0.0,0.0,0.1227,13.9125,6.0,0,20.0,55.0,0.0,3445.44409542242,0.0,418.0,0.0,47.13390133966132,optimal
2021-02-12 10:30:00,8,34,0.9703590083738,0.0,0.0,0.2531333333333333,13.3665,6.0,0,20.0,55.0,0.0,3396.2565293083,0.0,0.0,0.0,46.91791771544819,optimal
2021-02-12 11:00:00,8,34,2.0,0.0,0.0,0.21723333333333328,13.0095,6.0,0,20.0,55.0,0.0,6442.666666666667,0.0,557.3333333333333,0.0,46.702150074859276,optimal
2021-02-12 11:30:00,8,34,0.0,0.0,0.0,0.4229333333333333,13.8915,6.0,0,20.043584621222326,55.0,0.0,0.0,0.0,0.0,0.0,46.48659820191095,optimal
2021-02-12 12:00:00,8,34,0.8922337387553163,0.0,0.0,0.28326666666666667,13.188,6.0,0,20.00023075011467,55.0,0.0,3122.818085643607,0.0,0.0,0.0,46.271261880835574,optimal
2021-02-12 12:30:00,8,34,2.0,0.0,0.0,0.2083333333333333,12.5685,6.0,0,20.0,55.0,0.019333333333333334,4701.0,0.0,2299.0,0.0,46.056140896081274,optimal
2021-02-12 13:00:00,8,34,2.0,0.0,0.0,0.2885,12.285,6.0,0,20.020852769863488,55.0,0.018,7000.0,0.0,0.0,0.0,45.84123503231172,optimal
2021-02-12 13:30:00,8,34,2.0,0.0,0.0,0.10356666666666667,11.487,6.0,0,20.075083851114165,55.0,0.018,7000.0,0.0,0.0,0.0,45.62654407440594,optimal
2021-02-12 14:00:00,8,34,2.0,0.0,0.0,0.22516666666666663,11.802,6.0,0,20.12696911347533,55.0,0.015333333333333332,7000.0,0.0,0.0,0.0,45.412067807458065,optimal
2021-02-12 14:30:00,8,34,2.0,0.0,0.0,0.21613333333333332,11.2245,6.0,0,20.1840333911078,55.0,0.014,7000.0,0.0,0.0,0.0,45.197806016777136,optimal
2021-02-12 15:00:00,8,34,2.0,0.0,0.0,0.24956666666666663,11.025,6.0,0,20.241317656107366,55.0,0.014,7000.0,0.0,0.0,0.0,44.98375848788689,optimal
2021-02-12 15:30:00,8,34,2.0,0.0,0.0,0.2919,11.907,6.0,0,20.29777825818818,55.0,0.014,7000.0,0.0,0.0,0.0,44.76992500652553,optimal
2021-02-12 16:00:00,8,34,0.0,0.0,0.0,0.19373333333333329,25.83,6.0,0,20.34961043436158,55.0,0.007333333333333332,0.0,0.0,0.0,0.0,44.55630535864554,optimal
2021-02-12 16:30:00,8,34,0.0,0.0,0.0,0.1883333333333333,28.035,6.0,0,20.30070289220832,55.0,0.005999999999999998,0.0,0.0,0.0,0.0,44.342899330413424,optimal
2021-02-12 17:00:00,8,34,0.0,0.0,0.0,0.3038,28.119,6.0,0,20.250904346173808,55.0,0.005999999999999998,0.0,0.0,0.0,0.0,44.12970670820954,optimal
2021-02-12 17:30:00,8,34,0.0,0.0,0.0,0.3026333333333333,30.156,6.0,0,20.201730400796457,55.0,0.0033333333333333327,0.0,0.0,0.0,0.0,43.91672727862786,optimal
2021-02-12 18:00:00,8,34,0.0,0.0,0.0,0.15436666666666668,29.1585,6.0,0,20.157850355181118,55.0,0.0006666666666666665,0.0,0.0,0.0,0.0,43.703960828475765,optimal
2021-02-12 18:30:00,8,34,0.0,0.0,0.0,0.18996666666666667,26.712,6.0,0,20.112908559837503,55.0,0.0006666666666666665,0.0,0.0,0.0,0.0,43.491407144773824,optimal
2021-02-12 19:00:00,8,34,0.0,0.0,0.0,0.08213333333333334,15.435,6.0,0,20.06939906033445,55.0,0.0,0.0,0.0,0.0,0.0,43.279066014755585,optimal
2021-02-12 19:30:00,8,34,0.317928861089282,0.0,0.0,0.4664666666666666,13.566,6.0,0,20.02257976617743,55.0,0.0,1112.751013812487,0.0,0.0,0.0,43.06693722586736,optimal
2021-02-12 20:00:00,8,34,0.7479774561953029,0.0,0.0,0.24456666666666663,12.789,6.0,0,20.0,55.0,0.0,2617.9210966835603,0.0,0.0,0.0,42.85502056576803,optimal
2021-02-12 20:30:00,8,34,1.5525714285714287,0.0,0.0,0.2847,12.1275,6.0,0,20.0,55.0,0.002,0.0,0.0,5434.0,0.0,42.643315822328795,optimal
2021-02-12 21:00:00,8,34,0.0,0.0,0.0,0.3916,13.671,6.0,0,19.95952448943528,55.0,0.0,0.0,0.0,0.0,0.0,42.431822783632995,optimal
2021-02-12 21:30:00,8,34,1.373428571428571,0.0,0.0,0.44703333333333334,10.668,6.0,0,19.914411858883017,55.0,0.04533333333333332,0.0,0.0,4806.999999999999,0.0,42.220541237975894,optimal
2021-02-12 22:00:00,8,34,0.0,0.0,0.0,0.5281666666666667,11.7285,6.0,0,19.871327684406126,55.0,0.04266666666666666,0.0,0.0,0.0,0.0,42.00947097386445,optimal
2021-02-12 22:30:00,8,34,0.0,0.0,0.0,1.1808333333333332,11.025,6.0,0,19.832140317569596,55.0,0.04266666666666666,0.0,0.0,0.0,0.0,41.79861178001712,optimal
2021-02-12 23:00:00,8,34,0.0,0.0,0.0,0.1638,10.689,6.0,0,19.7902845891967,55.0,0.0,0.0,0.0,0.0,0.0,41.587963445363634,optimal
2021-02-12 23:30:00,8,34,0.11942857142857143,0.0,0.0,0.21096666666666666,8.1585,6.0,0,19.74414363995487,55.0,0.0,0.0,0.0,418.0,0.0,41.54637548191827,optimal
2021-02-13 00:00:00,8,34,2.0,0.0,0.0,0.054,9.3975,6.0,0,19.74414363995487,55.0,0.0,7000.0,0.0,0.0,0.0,41.50482910643635,optimal
2021-02-13 00:30:00,8,34,2.0,0.0,0.0,0.15153333333333333,10.059,6.0,0,19.791196378759246,55.0,0.06698564593301436,0.0,0.0,7000.0,0.0,41.46332427732991,optimal
2021-02-13 01:00:00,8,34,2.0,0.0,0.0,0.1812,9.261,6.0,0,19.740951200931555,55.0,0.08999999999999998,4595.000000000002,0.0,2404.9999999999977,0.0,41.42186095305258,optimal
2021-02-13 01:30:00,8,34,2.0,0.0,3.0,0.09620000000000001,8.1585,6.0,0,19.75618050204482,55.0,0.08999999999999998,7000.0,0.0,0.0,0.0,42.805439092099526,optimal
2021-02-13 02:00:00,8,34,2.0,0.0,0.0,0.18706666666666663,9.4815,6.0,0,19.804212367618977,55.0,0.08999999999999998,7000.0,0.0,0.0,0.0,42.76263365300743,optimal
2021-02-13 02:30:00,8,34,2.0,0.0,0.0,0.16,8.379,6.0,0,19.853530688768075,55.0,0.08999999999999998,7000.0,0.0,0.0,0.0,42.71987101935442,optimal
2021-02-13 03:00:00,8,34,2.0,0.0,0.0,0.15153333333333333,9.5235,6.0,0,19.902330093875076,55.0,0.08999999999999998,7000.0,0.0,0.0,0.0,42.677151148335064,optimal
2021-02-13 03:30:00,8,34,2.0,0.0,3.0,0.14586666666666667,8.1375,6.0,0,19.950874237826202,55.0,0.08999999999999998,7000.0,0.0,0.0,0.0,44.05947399718673,optimal
2021-02-13 04:00:00,8,34,2.0,0.0,0.0,0.1176,10.0905,6.0,0,19.999064056305194,55.0,0.08999999999999998,7000.0,0.0,0.0,0.0,44.01541452318954,optimal
2021-02-13 04:30:00,8,34,2.0,0.0,3.0,0.15153333333333333,7.539,6.0,0,20.04658193717307,55.0,0.08999999999999998,7000.0,0.0,0.0,0.0,45.39639910866635,optimal
2021-02-13 05:00:00,8,34,2.0,0.0,3.0,0.20946666666666666,7.938,6.0,0,20.094167355996685,55.0,0.08999999999999998,7000.0,0.0,0.0,0.0,46.77600270955768,optimal
2021-02-13 05:30:00,8,34,2.0,0.0,2.8777210218782563,0.052,8.274,6.0,0,20.142158459820916,55.0,0.08999999999999998,7000.0,0.0,0.0,0.0,48.096144192240295,optimal
2021-02-13 06:00:00,8,34,2.0,0.0,0.0,0.24076666666666668,9.261,6.0,0,20.190509477390787,55.0,0.08466666666666665,7000.0,0.0,0.0,0.0,48.048048048048045,optimal
2021-02-13 06:30:00,8,34,2.0,0.0,0.0,0.3488,9.9225,6.0,0,20.245248350503353,55.0,0.08399999999999999,7000.0,0.0,0.0,0.0,48.0,optimal
2021-02-13 07:00:00,8,34,2.0,0.0,0.0,1.046266666666667,9.702,6.0,0,20.300376900169105,55.0,0.032,7000.0,0.0,0.0,0.0,47.917414752053034,optimal
2021-02-13 07:30:00,8,34,2.0,0.0,0.0,0.19466666666666663,10.584,6.0,0,20.35401162905048,55.0,0.029333333333333333,7000.0,0.0,0.0,0.0,47.83491208935402,optimal
2021-02-13 08:00:00,8,34,2.0,0.0,0.0,0.142,10.143,6.0,0,20.407191345006723,55.0,0.029333333333333333,7000.0,0.0,0.0,0.0,47.7524919293177,optimal
2021-02-13 08:30:00,8,34,0.0,0.0,0.0,0.16153333333333333,13.0095,6.0,0,20.45374775793803,55.0,0.029333333333333333,0.0,0.0,0.0,0.0,47.67015418944142,optimal
2021-02-13 09:00:00,8,34,2.0,0.0,0.0,0.21946666666666667,11.025,6.0,0,20.39553277954978,55.0,0.029333333333333333,7000.0,0.0,0.0,0.0,47.587898787305015,optimal
2021-02-13 09:30:00,8,34,0.0,0.0,0.0,0.064,12.789,6.0,0,20.4371987155886,55.0,0.029333333333333333,0.0,0.0,0.0,0.0,47.505725640570745,optimal
2021-02-13 10:00:00,8,34,0.9048625917862836,0.0,0.0,0.26753333333333335,12.1275,6.0,0,20.37857211132872,55.0,0.029333333333333333,3167.0190712519925,0.0,0.0,0.0,47.42363466698321,optimal
2021-02-13 10:30:00,8,34,0.0,0.0,0.0,0.11346666666666669,12.1695,6.0,0,20.368459985519905,55.0,0.029333333333333333,0.0,0.0,0.0,0.0,47.34162578436926,optimal
2021-02-13 11:00:00,8,34,0.0,0.0,0.0,0.148,12.306,6.0,0,20.311696936179015,55.0,0.029333333333333333,0.0,0.0,0.0,0.0,47.25969891063793,optimal
2021-02-13 11:30:00,8,34,0.0,0.0,0.0,0.233,13.23,6.0,0,20.25588155633285,55.0,0.029333333333333333,0.0,0.0,0.0,0.0,47.17785396378033,optimal
2021-02-13 12:00:00,8,34,0.0,0.0,0.0,0.064,13.671,6.0,0,20.201559137592213,55.0,0.029333333333333333,0.0,0.0,0.0,0.0,47.096090861869584,optimal
2021-02-13 12:30:00,8,34,0.0,0.0,0.0,1.2594333333333334,13.9335,6.0,0,20.145211424936733,55.0,0.028666666666666667,0.0,0.0,0.0,0.0,47.01440952306075,optimal
2021-02-13 13:00:00,8,34,0.0,0.0,0.0,1.0684,13.293,6.0,0,20.099015225523356,55.0,0.02666666666666667,0.0,0.0,0.0,0.0,46.93280986559073,optimal
2021-02-13 13:30:00,8,34,2.0,0.0,0.0,2.829,12.1065,6.0,0,20.0593387816713,55.0,0.026,7000.0,0.0,0.0,0.0,46.851291807778175,optimal
2021-02-13 14:00:00,8,34,2.0,0.0,0.0,1.2653666666666665,11.571,6.0,0,20.135316706614066,55.0,0.025333333333333333,7000.0,0.0,0.0,0.0,46.769855268023434,optimal
2021-02-13 14:30:00,8,34,2.0,0.0,0.0,0.6028666666666667,11.025,6.0,0,20.190770749441075,55.0,0.025333333333333333,7000.0,0.0,0.0,0.0,46.688500164808445,optimal
2021-02-13 15:00:00,8,34,2.0,0.0,0.0,0.132,10.8465,6.0,0,20.24544098470999,55.0,0.024666666666666667,7000.0,0.0,0.0,0.0,46.607226416696676,optimal
2021-02-13 15:30:00,8,34,2.0,0.0,0.0,0.317,11.2455,6.0,0,20.29490817072931,55.0,0.024666666666666667,7000.0,0.0,0.0,0.0,46.526033942333015,optimal
2021-02-13 16:00:00,8,34,0.0,0.0,0.0,0.064,23.8665,6.0,0,20.34174535210962,55.0,0.024666666666666667,0.0,0.0,0.0,0.0,46.444922660443716,optimal
2021-02-13 16:30:00,8,34,0.0,0.0,0.0,0.07726666666666666,27.4575,6.0,0,20.285810837102105,55.0,0.024666666666666667,0.0,0.0,0.0,0.0,46.36389248983631,optimal
2021-02-13 17:00:00,8,34,0.0,0.0,0.0,0.30106666666666665,27.3735,6.0,0,20.231050861761535,55.0,0.02,0.0,0.0,0.0,0.0,46.28294334939951,optimal
2021-02-13 17:30:00,8,34,0.0,0.0,0.0,0.13133333333333333,30.4605,6.0,0,20.1864698158877,55.0,0.016,0.0,0.0,0.0,0.0,46.20207515810315,optimal
2021-02-13 18:00:00,8,34,0.0,0.0,0.0,0.2774,30.0195,6.0,0,20.139154625440028,55.0,0.013333333333333334,0.0,0.0,0.0,0.0,46.12128783499808,optimal
2021-02-13 18:30:00,8,34,0.0,0.0,0.0,0.3370666666666667,26.9325,6.0,0,20.093201960605445,55.0,0.012,0.0,0.0,0.0,0.0,46.040581299216115,optimal
2021-02-13 19:00:00,8,34,0.0,0.0,0.0,0.24866666666666662,14.595,6.0,0,20.04629726449458,55.0,0.007333333333333332,0.0,0.0,0.0,0.0,45.959955469969934,optimal
2021-02-13 19:30:00,8,34,0.837133106234781,0.0,0.0,0.2507,12.4845,6.0,0,20.0,55.0,0.007333333333333332,2929.9658718217333,0.0,0.0,0.0,45.879410266553,optimal
2021-02-13 20:00:00,8,34,0.5341926942905894,0.0,0.0,2.0174000000000003,12.1275,6.0,0,20.0,55.0,0.006666666666666665,1869.6744300170626,0.0,0.0,0.0,45.79894560833949,optimal
2021-02-13 20:30:00,8,34,0.0,0.0,0.0,0.7763333333333333,12.1275,6.0,0,20.0,55.0,0.005333333333333332,0.0,0.0,0.0,0.0,45.71856141478418,optimal
2021-02-13 21:00:00,8,34,0.0,0.0,0.0,2.265233333333333,12.789,6.0,0,19.963411483232473,55.0,0.002666666666666666,0.0,0.0,0.0,0.0,45.63825760542243,optimal
2021-02-13 21:30:00,8,34,0.0,0.0,0.0,0.3374,11.907,6.0,0,19.944473273401528,55.0,0.0,0.0,0.0,0.0,0.0,45.55803409987004,optimal
2021-02-13 22:00:00,8,34,0.0,0.0,0.0,0.38646666666666657,11.025,6.0,0,19.902886303553416,55.0,0.0,0.0,0.0,0.0,0.0,45.51247606577017,optimal
2021-02-13 22:30:00,8,34,0.0199047619047619,0.0,0.0,0.43746666666666656,8.2005,6.0,0,19.863297926154505,55.0,0.0,0.0,0.0,69.66666666666666,0.0,45.466963589704406,optimal
2021-02-13 23:00:00,8,34,0.0,0.0,0.0,0.1267,9.5655,6.0,0,19.825444903290233,55.0,0.0,0.0,0.0,0.0,0.0,45.4214966261147,optimal
2021-02-13 23:30:00,8,34,0.0,0.0,0.0,0.09516666666666669,7.056,6.0,0,19.773846859028136,55.0,0.0,0.0,0.0,0.0,0.0,45.37607512948859,optimal
2021-02-07 00:00:00,9,34,0.0,0.0,0.0,0.052,9.261,6.0,0,21.0,55.0,0.12,0.0,0.0,0.0,0.0,47.952,optimal
2021-02-07 00:30:00,9,34,0.0,0.0,0.0,0.074,10.3635,6.0,0,20.95406309157374,55.0,0.12,0.0,0.0,0.0,0.0,47.904047999999996,optimal
2021-02-07 01:00:00,9,34,0.0,0.0,0.0,0.151,8.274,6.0,0,20.908285760530706,55.0,0.12,0.0,0.0,0.0,0.0,47.856143952,optimal
2021-02-07 01:30:00,9,34,0.0,0.0,0.0,0.052,7.7175,6.0,0,20.863442913806217,55.0,0.12,0.0,0.0,0.0,0.0,47.80828780804799,optimal
2021-02-07 02:00:00,9,34,0.0,0.0,0.0,0.052,6.615,6.0,0,20.817190072221944,55.0,0.12,0.0,0.0,0.0,0.0,47.76047952023995,optimal
2021-02-07 02:30:00,9,34,0.0,0.0,0.0,0.1455,6.174,6.0,0,20.770926794978433,55.0,0.12,0.0,0.0,0.0,0.0,47.712719040719705,optimal
2021-02-07 03:00:00,9,34,2.0,0.0,0.0,0.0795,3.906,6.0,0,20.72583196079593,55.0,0.12733333333333333,6233.666666666667,0.0,766.3333333333334,0.0,47.66500632167899,optimal
2021-02-07 03:30:00,9,34,2.0,0.0,0.0,0.0795,2.3415,6.0,0,20.767531648887978,55.0,0.12733333333333333,7000.0,0.0,0.0,0.0,47.61734131535731,optimal
2021-02-07 04:00:00,9,34,2.0,0.0,0.0,0.1455,2.205,6.0,0,20.81977918650001,55.0,0.12733333333333333,7000.0,0.0,0.0,0.0,47.56972397404195,optimal
2021-02-07 04:30:00,9,34,2.0,0.0,1.61443461893103,0.052,0.882,6.0,0,20.87267239116903,55.0,0.12733333333333333,7000.0,0.0,0.0,0.0,48.289010694060146,optimal
2021-02-07 05:00:00,9,34,2.0,0.0,0.0,0.173,1.5435,6.0,0,20.92410019346438,55.0,0.12733333333333333,7000.0,0.0,0.0,0.0,48.240721683366075,optimal
2021-02-07 05:30:00,9,34,2.0,0.0,0.0,0.052,1.5435,6.0,0,20.977090544730594,55.0,0.12733333333333333,7000.0,0.0,0.0,0.0,48.192480961682705,optimal
2021-02-07 06:00:00,9,34,2.0,0.0,0.0,0.14,5.0715,6.0,0,21.028227547399055,55.0,0.12733333333333333,7000.0,0.0,0.0,0.0,48.144288480721016,optimal
2021-02-07 06:30:00,9,34,0.7511101093618623,0.0,0.0,0.085,5.376,6.0,0,21.080462698091125,55.0,0.12733333333333333,2628.885382766518,0.0,0.0,0.0,48.096144192240295,optimal
2021-02-07 07:00:00,9,34,2.0,0.0,0.0,1.0177666666666667,5.0715,6.0,0,21.070016875129635,55.0,0.09333333333333334,7000.0,0.0,0.0,0.0,48.048048048048045,optimal
2021-02-07 07:30:00,9,34,0.0,0.0,0.0,2.5498000000000003,5.5125,6.0,0,21.12794990714504,55.0,0.07866666666666666,0.0,0.0,0.0,0.0,48.0,optimal
2021-02-07 08:00:00,9,34,0.0,0.0,0.0,0.4101,9.261,6.0,0,21.09401314160431,55.0,0.07533333333333334,0.0,0.0,0.0,0.0,47.63909189423075,optimal
2021-02-07 08:30:00,9,34,0.0,0.0,0.0,0.3235,11.7075,6.0,0,21.053224029188694,55.0,0.07333333333333333,0.0,0.0,0.0,0.0,47.27854469656727,optimal
2021-02-07 09:00:00,9,34,0.0,0.0,0.0,0.2236,12.348,6.0,0,21.00876107231213,55.0,0.07333333333333333,0.0,0.0,0.0,0.0,46.91835804610146,optimal
2021-02-07 09:30:00,9,34,0.0,0.0,0.0,0.2161,12.348,6.0,0,20.956246520936542,55.0,0.07333333333333333,0.0,0.0,0.0,0.0,46.558531582286115,optimal
2021-02-07 10:00:00,9,34,0.0,0.0,0.0,0.062,12.1275,6.0,0,20.903251984502948,55.0,0.07333333333333333,0.0,0.0,0.0,0.0,46.199064944934584,optimal
2021-02-07 10:30:00,9,34,0.0,0.0,0.0,0.183,12.5265,6.0,0,20.850167336560947,55.0,0.07333333333333333,0.0,0.0,0.0,0.0,45.8399577742204,optimal
2021-02-07 11:00:00,9,34,0.0,0.0,0.0,0.062,11.7495,6.0,0,20.798657804550633,55.0,0.07333333333333333,0.0,0.0,0.0,0.0,45.481209710676936,optimal
2021-02-07 11:30:00,9,34,0.0,0.0,0.0,0.062,13.23,6.0,0,20.745384670272152,55.0,0.07333333333333333,0.0,0.0,0.0,0.0,45.12282039519701,optimal
2021-02-07 12:00:00,9,34,0.0,0.0,0.0,0.1775,14.3325,6.0,0,20.692259899157,55.0,0.07333333333333333,0.0,0.0,0.0,0.0,44.764789469032564,optimal
2021-02-07 12:30:00,9,34,0.0,0.0,0.0,0.0675,14.994,6.0,0,20.640964306109424,55.0,0.07333333333333333,0.0,0.0,0.0,0.0,44.40711657379428,optimal
2021-02-07 13:00:00,9,34,0.0,0.0,0.0,0.062,14.8155,6.0,0,20.588260866164635,55.0,0.07333333333333333,0.0,0.0,0.0,0.0,44.049801351451244,optimal
2021-02-07 13:30:00,9,34,0.0,0.0,0.0,0.183,14.112,6.0,0,20.535578219445906,55.0,0.07333333333333333,0.0,0.0,0.0,0.0,43.69284344433055,optimal
2021-02-07 14:00:00,9,34,0.0,0.0,0.0,0.16266666666666665,14.007,6.0,0,20.484887312021222,55.0,0.07333333333333333,0.0,0.0,0.0,0.0,43.33624249511697,optimal
2021-02-07 14:30:00,9,34,0.0,0.0,0.0,0.2425,13.23,6.0,0,20.435591396201843,55.0,0.07333333333333333,0.0,0.0,0.0,0.0,42.97999814685261,optimal
2021-02-07 15:00:00,9,34,0.0,0.0,0.0,0.172,11.382,6.0,0,20.39079885445575,55.0,0.07333333333333333,0.0,0.0,0.0,0.0,42.62411004293651,optimal
2021-02-07 15:30:00,9,34,0.0,0.0,0.0,0.073,11.7495,6.0,0,20.340840439689252,55.0,0.07333333333333333,0.0,0.0,0.0,0.0,42.268577827124325,optimal
2021-02-07 16:00:00,9,34,0.0,0.0,0.0,0.2495,24.3285,6.0,0,20.289207781400552,55.0,0.06866666666666667,0.0,0.0,0.0,0.0,41.913401143527956,optimal
2021-02-07 16:30:00,9,34,0.0,0.0,0.0,0.4862666666666666,28.917,6.0,0,20.245513435148123,55.0,0.06866666666666667,0.0,0.0,0.0,0.0,41.558579636615185,optimal
2021-02-07 17:00:00,9,34,0.0,0.0,0.0,1.4713333333333332,31.3635,6.0,0,20.20590555979947,55.0,0.06866666666666667,0.0,0.0,0.0,0.0,41.204112951209325,optimal
2021-02-07 17:30:00,9,34,0.0,0.0,0.0,1.5019,33.306,6.0,0,20.18356007697672,55.0,0.066,0.0,0.0,0.0,0.0,40.85000073248887,optimal
2021-02-07 18:00:00,9,34,0.0,0.0,0.0,0.5996,31.3425,6.0,0,20.164530320183815,55.0,0.06266666666666666,0.0,0.0,0.0,0.0,40.496242625987136,optimal
2021-02-07 18:30:00,9,34,0.0,0.0,0.0,0.357,28.2555,6.0,0,20.13281001915132,55.0,0.058,0.0,0.0,0.0,0.0,40.142838277591906,optimal
2021-02-07 19:00:00,9,34,0.0,0.0,0.0,0.5999,15.6975,6.0,0,20.098564103138052,55.0,0.05466666666666667,0.0,0.0,0.0,0.0,39.78978733354507,optimal
2021-02-07 19:30:00,9,34,0.0,0.0,0.0,0.2246,12.5475,6.0,0,20.068183801893948,55.0,0.048,0.0,0.0,0.0,0.0,39.749997546211524,optimal
2021-02-07 20:00:00,9,34,0.0,0.0,0.0,0.234,12.0855,6.0,0,20.03396013142007,55.0,0.048,0.0,0.0,0.0,0.0,39.710247548665315,optimal
2021-02-07 20:30:00,9,34,0.0,0.0,0.0,0.5274,11.907,6.0,0,20.0,55.0,0.046,0.0,0.0,0.0,0.0,39.67053730111665,optimal
2021-02-07 21:00:00,9,34,0.0,0.0,0.0,0.3391,12.5685,6.0,0,19.972353864894036,55.0,0.04533333333333334,0.0,0.0,0.0,0.0,39.63086676381553,optimal
2021-02-07 21:30:00,9,34,0.0,0.0,0.0,0.345,13.146,6.0,0,19.940939141567412,55.0,0.025999999999999995,0.0,0.0,0.0,0.0,39.59123589705172,optimal
2021-02-07 22:00:00,9,34,0.0,0.0,0.0,0.347,10.584,6.0,0,19.909305055590853,55.0,0.020666666666666663,0.0,0.0,0.0,0.0,39.55164466115467,optimal
2021-02-07 22:30:00,9,34,0.0,0.0,0.0,0.4595,6.678,6.0,0,19.876344170312198,55.0,0.0,0.0,0.0,0.0,0.0,39.512093016493516,optimal
2021-02-07 23:00:00,9,34,0.0,0.0,0.0,0.062,7.938,6.0,0,19.8435446262092,55.0,0.0,0.0,0.0,0.0,0.0,39.472580923477025,optimal
2021-02-07 23:30:00,9,34,0.0,0.0,0.0,0.183,5.292,6.0,0,19.797764943333043,55.0,0.0,0.0,0.0,0.0,0.0,39.433108342553545,optimal
2021-02-08 00:00:00,9,34,2.0,0.0,3.0,0.062,5.9745,6.0,0,19.797764943333043,55.0,0.0,7000.0,0.0,0.0,0.0,40.818675234210986,optimal
2021-02-08 00:30:00,9,34,2.0,0.0,0.0,0.26523333333333327,7.938,6.0,0,19.849809549746276,55.0,0.06698564593301436,0.0,0.0,7000.0,0.0,40.77785655897677,optimal
2021-02-08 01:00:00,9,34,2.0,0.0,0.0,0.1641,8.6835,6.0,0,19.80589317409621,55.0,0.08333333333333333,5291.666666666667,0.0,1708.3333333333333,0.0,40.7370787024178,optimal
2021-02-08 01:30:00,9,34,2.0,0.0,0.0,0.12583333333333332,7.665,6.0,0,19.835271594957906,55.0,0.08333333333333333,7000.0,0.0,0.0,0.0,40.69634162371538,optimal
2021-02-08 02:00:00,9,34,2.0,0.0,3.0,0.3035,6.7725,6.0,0,19.887972376955393,55.0,0.08333333333333333,7000.0,0.0,0.0,0.0,42.08064528209166,optimal
2021-02-08 02:30:00,9,34,2.0,0.0,3.0,0.062,5.5755,6.0,0,19.94289176194273,55.0,0.08333333333333333,7000.0,0.0,0.0,0.0,43.463564636809565,optimal
2021-02-08 03:00:00,9,34,2.0,0.0,3.0,0.30496666666666666,5.0925,6.0,0,19.994392949380305,55.0,0.08333333333333333,7000.0,0.0,0.0,0.0,44.84510107217275,optimal
2021-02-08 03:30:00,9,34,2.0,0.0,3.0,0.12436666666666665,4.1895,6.0,0,20.04931512941265,55.0,0.08333333333333333,7000.0,0.0,0.0,0.0,46.22525597110058,optimal
2021-02-08 04:00:00,9,34,2.0,0.0,1.540822948518625,0.062,7.056,6.0,0,20.101399134238108,55.0,0.08333333333333333,7000.0,0.0,0.0,0.0,46.910921615675825,optimal
2021-02-08 04:30:00,9,34,2.0,0.0,3.0,0.1499,5.271,6.0,0,20.152319638489864,55.0,0.08333333333333333,7000.0,0.0,0.0,0.0,48.289010694060146,optimal
2021-02-08 05:00:00,9,34,2.0,0.0,0.0,0.1741,7.938,6.0,0,20.204058988695518,55.0,0.08333333333333333,7000.0,0.0,0.0,0.0,48.240721683366075,optimal
2021-02-08 05:30:00,9,34,2.0,0.0,0.0,0.2112,7.938,6.0,0,20.25571690657055,55.0,0.08333333333333333,7000.0,0.0,0.0,0.0,48.192480961682705,optimal
2021-02-08 06:00:00,9,34,2.0,0.0,0.0,0.21613333333333332,11.907,6.0,0,20.307614721674096,55.0,0.08066666666666666,7000.0,0.0,0.0,0.0,48.144288480721016,optimal
2021-02-08 06:30:00,9,34,2.0,0.0,0.0,0.11266666666666668,11.025,6.0,0,20.36235741635229,55.0,0.07866666666666666,7000.0,0.0,0.0,0.0,48.096144192240295,optimal
2021-02-08 07:00:00,9,34,2.0,0.0,0.0,0.5008,11.2875,6.0,0,20.41489164505075,55.0,0.07533333333333334,7000.0,0.0,0.0,0.0,48.048048048048045,optimal
2021-02-08 07:30:00,9,34,0.0,0.0,0.0,0.37139999999999995,12.936,6.0,0,20.473116165084168,55.0,0.074,0.0,0.0,0.0,0.0,48.0,optimal
2021-02-08 08:00:00,9,34,0.0,0.0,0.0,0.3396666666666667,13.0095,6.0,0,20.43625985891544,55.0,0.072,0.0,0.0,0.0,0.0,47.646224727899686,optimal
2021-02-08 08:30:00,9,34,0.0,0.0,0.0,0.3512,13.671,6.0,0,20.398772609429088,55.0,0.06933333333333333,0.0,0.0,0.0,0.0,47.292803231071474,optimal
2021-02-08 09:00:00,9,34,0.0,0.0,0.0,0.275,13.188,6.0,0,20.352487008314068,55.0,0.06333333333333334,0.0,0.0,0.0,0.0,46.93973515574009,optimal
2021-02-08 09:30:00,9,34,0.0,0.0,0.0,0.29860000000000003,13.8495,6.0,0,20.307239792250545,55.0,0.042666666666666665,0.0,0.0,0.0,0.0,46.58702014848404,optimal
2021-02-08 10:00:00,9,34,0.0,0.0,0.0,0.5714333333333332,13.23,6.0,0,20.262916675544712,55.0,0.042666666666666665,0.0,0.0,0.0,0.0,46.23465785623524,optimal
2021-02-08 10:30:00,9,34,0.0,0.0,0.0,0.3403,13.3665,6.0,0,20.223446224450765,55.0,0.03933333333333333,0.0,0.0,0.0,0.0,45.88264792627869,optimal
2021-02-08 11:00:00,9,34,0.6298580662947771,0.0,0.0,0.47633333333333333,13.0515,6.0,0,20.18016054621741,55.0,0.03933333333333333,2204.50323203172,0.0,0.0,0.0,45.530990006252104,optimal
2021-02-08 11:30:00,9,34,0.0,0.0,0.0,0.39053333333333334,13.5345,6.0,0,20.168999453017737,55.0,0.03933333333333333,0.0,0.0,0.0,0.0,45.17968374414554,optimal
2021-02-08 12:00:00,9,34,0.0,0.0,0.0,0.23326666666666668,14.154,6.0,0,20.12521237699832,55.0,0.03866666666666667,0.0,0.0,0.0,0.0,44.828728788301085,optimal
2021-02-08 12:30:00,9,34,0.0,0.0,0.0,0.709,14.112,6.0,0,20.07945525028916,55.0,0.03866666666666667,0.0,0.0,0.0,0.0,44.47812478741247,optimal
2021-02-08 13:00:00,9,34,0.0,0.0,0.0,0.0958,14.2485,6.0,0,20.041779867369407,55.0,0.03866666666666667,0.0,0.0,0.0,0.0,44.127871390524746,optimal
2021-02-08 13:30:00,9,34,2.0,0.0,0.0,0.084,12.789,6.0,0,20.0,55.0,0.03866666666666667,7000.0,0.0,0.0,0.0,43.77796824703391,optimal
2021-02-08 14:00:00,9,34,0.4729809640110284,0.0,0.0,0.22066666666666662,13.0095,6.0,0,20.056148073967815,55.0,0.03866666666666667,1655.4333740385994,0.0,0.0,0.0,43.42841500668656,optimal
2021-02-08 14:30:00,9,34,2.0,0.0,0.0,0.23846666666666666,12.1275,6.0,0,20.036144115815173,55.0,0.038,7000.0,0.0,0.0,0.0,43.079211319579564,optimal
2021-02-08 15:00:00,9,34,2.0,0.0,0.0,0.3868666666666667,12.348,6.0,0,20.092862615727334,55.0,0.036,7000.0,0.0,0.0,0.0,42.73035683615967,optimal
2021-02-08 15:30:00,9,34,2.0,0.0,0.0,0.5702999999999999,12.348,6.0,0,20.150901040212123,55.0,0.035333333333333335,7000.0,0.0,0.0,0.0,42.3818512072232,optimal
2021-02-08 16:00:00,9,34,0.0,0.0,0.0,0.5624333333333332,25.389,6.0,0,20.211243132116703,55.0,0.035333333333333335,0.0,0.0,0.0,0.0,42.03369408391566,optimal
2021-02-08 16:30:00,9,34,0.0,0.0,0.0,0.563,29.1375,6.0,0,20.17560803455532,55.0,0.03333333333333333,0.0,0.0,0.0,0.0,41.68588511773143,optimal
2021-02-08 17:00:00,9,34,0.0,0.0,0.0,0.5031666666666667,30.597,6.0,0,20.14226948478791,55.0,0.03,0.0,0.0,0.0,0.0,41.33842396051339,optimal
2021-02-08 17:30:00,9,34,0.0,0.0,0.0,0.6849,33.684,6.0,0,20.109209518895163,55.0,0.028666666666666667,0.0,0.0,0.0,0.0,40.991310264452565,optimal
2021-02-08 18:00:00,9,34,0.0,0.0,0.0,0.489,32.445,6.0,0,20.07746653126768,55.0,0.028666666666666667,0.0,0.0,0.0,0.0,40.6445436820878,optimal
2021-02-08 18:30:00,9,34,0.0,0.0,0.0,1.8653666666666664,28.917,6.0,0,20.038565426578607,55.0,0.004666666666666667,0.0,0.0,0.0,0.0,40.2981238663054,optimal
2021-02-08 19:00:00,9,34,0.0,0.0,0.0,2.9646999999999997,15.876,6.0,0,20.009790494360107,55.0,0.004666666666666667,0.0,0.0,0.0,0.0,39.95205047033878,optimal
2021-02-08 19:30:00,9,34,0.6216027982368966,0.0,0.0,1.4405666666666666,12.348,6.0,0,20.0,55.0,0.0,2175.6097938291377,0.0,0.0,0.0,39.60632314776813,optimal
2021-02-08 20:00:00,9,34,0.6177483707967731,0.0,0.0,0.4964333333333333,12.1275,6.0,0,20.0,55.0,0.0,2162.119297788706,0.0,0.0,0.0,39.566716824620364,optimal
2021-02-08 20:30:00,9,34,0.0,0.0,0.0,0.5155666666666667,12.348,6.0,0,20.0,55.0,0.0,0.0,0.0,0.0,0.0,39.52715010779574,optimal
2021-02-08 21:00:00,9,34,0.0796190476190476,0.0,0.0,4.0681,12.1275,6.0,0,19.971824842929603,55.0,0.002666666666666666,0.0,0.0,278.66666666666663,0.0,39.48762295768795,optimal
2021-02-08 21:30:00,9,34,0.0,0.0,0.0,3.079,12.1275,6.0,0,19.951508987940457,55.0,0.0,0.0,0.0,0.0,0.0,39.44813533473026,optimal
2021-02-08 22:00:00,9,34,0.0796190476190476,0.0,0.0,0.6585,11.2665,6.0,0,19.925871491758215,55.0,0.0,0.0,0.0,278.66666666666663,0.0,39.40868719939553,optimal
2021-02-08 22:30:00,9,34,0.0,0.0,0.0,0.3283666666666667,10.143,6.0,0,19.88272793772181,55.0,0.0,0.0,0.0,0.0,0.0,39.36927851219613,optimal
2021-02-08 23:00:00,9,34,0.0,0.0,0.0,0.29806666666666665,11.2455,6.0,0,19.83623550718792,55.0,0.0,0.0,0.0,0.0,0.0,39.329909233683935,optimal
2021-02-08 23:30:00,9,34,0.0,0.0,0.0,0.15733333333333335,11.025,6.0,0,19.78880655191503,55.0,0.0,0.0,0.0,0.0,0.0,39.29057932445025,optimal
2021-02-09 00:00:00,9,34,2.0,0.0,3.0,1.0171333333333332,10.584,6.0,0,19.78880655191503,55.0,0.0,6442.666666666667,0.0,557.3333333333333,0.0,40.676288745125795,optimal
2021-02-09 00:30:00,9,34,2.0,0.0,3.0,0.2765666666666667,11.2455,6.0,0,19.834424661851784,55.0,0.03866666666666667,2959.3333333333335,0.0,4040.6666666666665,0.0,42.06061245638067,optimal
2021-02-09 01:00:00,9,34,2.0,0.0,0.0,0.063,12.1275,6.0,0,19.82993682772171,55.0,0.03866666666666667,7000.0,0.0,0.0,0.0,42.018551843924286,optimal
2021-02-09 01:30:00,9,34,2.0,0.0,0.0,0.158,11.823,6.0,0,19.878495208788177,55.0,0.03866666666666667,7000.0,0.0,0.0,0.0,41.97653329208036,optimal
2021-02-09 02:00:00,9,34,2.0,0.0,0.0,0.1501333333333333,11.7705,6.0,0,19.927979105020807,55.0,0.03866666666666667,7000.0,0.0,0.0,0.0,41.93455675878828,optimal
2021-02-09 02:30:00,9,34,2.0,0.0,3.0,0.0844,11.13,6.0,0,19.976935796922614,55.0,0.03866666666666667,7000.0,0.0,0.0,0.0,43.31762220202949,optimal
2021-02-09 03:00:00,9,34,2.0,0.0,0.0,0.20233333333333328,11.6865,6.0,0,20.024968732046528,55.0,0.03866666666666667,7000.0,0.0,0.0,0.0,43.27430457982746,optimal
2021-02-09 03:30:00,9,34,2.0,0.0,3.0,0.1272,10.7205,6.0,0,20.07466968661331,55.0,0.03866666666666667,7000.0,0.0,0.0,0.0,44.65603027524763,optimal
2021-02-09 04:00:00,9,34,2.0,0.0,1.6317194342318875,0.1833333333333333,11.424,6.0,0,20.123451544710246,55.0,0.03866666666666667,7000.0,0.0,0.0,0.0,45.38644097623252,optimal
2021-02-09 04:30:00,9,34,2.0,0.0,3.0,0.11766666666666668,10.689,6.0,0,20.173167371201515,55.0,0.03866666666666667,7000.0,0.0,0.0,0.0,46.76605453525628,optimal
2021-02-09 05:00:00,9,34,2.0,0.0,3.0,0.09153333333333331,11.361,6.0,0,20.22154052366394,55.0,0.03866666666666667,7000.0,0.0,0.0,0.0,48.144288480721016,optimal
2021-02-09 05:30:00,9,34,2.0,0.0,0.0,0.15443333333333334,11.571,6.0,0,20.269132054534047,55.0,0.03866666666666667,7000.0,0.0,0.0,0.0,48.096144192240295,optimal
2021-02-09 06:00:00,9,34,0.0,0.0,0.0,0.8198,14.3745,6.0,0,20.31805575442617,55.0,0.037333333333333336,0.0,0.0,0.0,0.0,48.048048048048045,optimal
2021-02-09 06:30:00,9,34,2.0,0.0,0.0,0.9709,13.23,6.0,0,20.27282785860577,55.0,0.036,7000.0,0.0,0.0,0.0,48.0,optimal
2021-02-09 07:00:00,9,34,2.0,0.0,0.0,1.7538666666666665,13.9755,6.0,0,20.328259795799983,55.0,0.034666666666666665,7000.0,0.0,0.0,0.0,47.70095323314605,optimal
2021-02-09 07:30:00,9,34,0.0,0.0,0.0,1.917233333333333,14.994,6.0,0,20.38451442800895,55.0,0.030666666666666665,0.0,0.0,0.0,0.0,47.40220551305896,optimal
2021-02-09 08:00:00,9,34,2.0,0.0,0.0,0.37806666666666666,13.671,6.0,0,20.340906694480623,55.0,0.029333333333333333,7000.0,0.0,0.0,0.0,47.103756540691954,optimal
2021-02-09 08:30:00,9,34,0.0,0.0,0.0,3.426733333333333,15.981,6.0,0,20.39433921492885,55.0,0.024666666666666667,0.0,0.0,0.0,0.0,46.805606017297315,optimal
2021-02-09 09:00:00,9,34,0.0,0.0,0.0,0.951,15.6345,6.0,0,20.351246278523774,55.0,0.018,0.0,0.0,0.0,0.0,46.507753644426074,optimal
2021-02-09 09:30:00,9,34,0.0,0.0,0.0,0.21066666666666664,16.5375,6.0,0,20.306126675943435,55.0,0.018,0.0,0.0,0.0,0.0,46.2101991239277,optimal
2021-02-09 10:00:00,9,34,0.0,0.0,0.0,0.5067,14.7735,6.0,0,20.26111373097966,55.0,0.018,0.0,0.0,0.0,0.0,45.91294215794983,optimal
2021-02-09 10:30:00,9,34,0.0,0.0,0.0,0.2558333333333333,15.2145,6.0,0,20.213120566824625,55.0,0.018,0.0,0.0,0.0,0.0,45.615982448937935,optimal
2021-02-09 11:00:00,9,34,0.0,0.0,0.0,0.0737,14.553,6.0,0,20.16340033177813,55.0,0.018,0.0,0.0,0.0,0.0,45.31931969963505,optimal
2021-02-09 11:30:00,9,34,2.0,0.0,0.0,0.1272,14.3325,6.0,0,20.11207287828462,55.0,0.018,7000.0,0.0,0.0,0.0,45.02295361308147,optimal
2021-02-09 12:00:00,9,34,0.06306660456028855,0.0,0.0,1.5082666666666669,14.595,6.0,0,20.160462903379866,55.0,0.018,220.73311596100993,0.0,0.0,0.0,44.72688389261444,optimal
2021-02-09 12:30:00,9,34,0.0,0.0,0.0,0.30593333333333333,14.994,6.0,0,20.116525032192854,55.0,0.018,0.0,0.0,0.0,0.0,44.43111024186788,optimal
2021-02-09 13:00:00,9,34,2.0,0.0,0.0,1.5795333333333332,14.3325,6.0,0,20.071211489833196,55.0,0.017333333333333333,7000.0,0.0,0.0,0.0,44.135632364772064,optimal
2021-02-09 13:30:00,9,34,2.0,0.0,0.0,0.13426666666666667,13.8915,6.0,0,20.12350055334694,55.0,0.017333333333333333,7000.0,0.0,0.0,0.0,43.84044996555335,optimal
2021-02-09 14:00:00,9,34,2.0,0.0,0.0,0.19526666666666667,13.8915,6.0,0,20.17178888704808,55.0,0.017333333333333333,7000.0,0.0,0.0,0.0,43.54556274873385,optimal
2021-02-09 14:30:00,9,34,2.0,0.0,0.0,0.063,13.4715,6.0,0,20.220637689393318,55.0,0.017333333333333333,7000.0,0.0,0.0,0.0,43.25097041913117,optimal
2021-02-09 15:00:00,9,34,2.0,0.0,0.0,0.20633333333333329,13.23,6.0,0,20.267346599970615,55.0,0.017333333333333333,7000.0,0.0,0.0,0.0,42.956672681858095,optimal
2021-02-09 15:30:00,9,34,2.0,0.0,0.0,0.10866666666666669,13.8915,6.0,0,20.315648965738376,55.0,0.017333333333333333,7000.0,0.0,0.0,0.0,42.66266924232229,optimal
2021-02-09 16:00:00,9,34,0.0,0.0,0.0,0.2282,26.9325,6.0,0,20.362355391879603,55.0,0.017333333333333333,0.0,0.0,0.0,0.0,42.368959806226016,optimal
2021-02-09 16:30:00,9,34,0.0,0.0,0.0,0.5468,30.303,6.0,0,20.311796470092254,55.0,0.015333333333333332,0.0,0.0,0.0,0.0,42.075544079565844,optimal
2021-02-09 17:00:00,9,34,0.0,0.0,0.0,1.5586666666666666,32.886,6.0,0,20.263576470424184,55.0,0.010666666666666666,0.0,0.0,0.0,0.0,41.78242176863233,optimal
2021-02-09 17:30:00,9,34,0.0,0.0,0.0,0.5636333333333333,34.9965,6.0,0,20.22299395634227,55.0,0.002666666666666666,0.0,0.0,0.0,0.0,41.489592580009756,optimal
2021-02-09 18:00:00,9,34,0.0,0.0,0.0,0.073,33.327,6.0,0,20.182266173493964,55.0,0.002666666666666666,0.0,0.0,0.0,0.0,41.1970562205758,optimal
2021-02-09 18:30:00,9,34,0.0,0.0,0.0,0.15619999999999998,31.122,6.0,0,20.128723715154255,55.0,0.002666666666666666,0.0,0.0,0.0,0.0,40.90481239750128,optimal
2021-02-09 19:00:00,9,34,0.0,0.0,0.0,0.46313333333333334,17.9025,6.0,0,20.076642512805893,55.0,0.0019999999999999996,0.0,0.0,0.0,0.0,40.612860818249835,optimal
2021-02-09 19:30:00,9,34,0.0,0.0,0.0,2.127766666666667,15.6555,6.0,0,20.037630910605365,55.0,0.001333333333333333,0.0,0.0,0.0,0.0,40.32120119057764,optimal
2021-02-09 20:00:00,9,34,0.6762085257560104,0.0,0.0,3.1282666666666668,14.553,6.0,0,20.0,55.0,0.001333333333333333,2366.7298401460366,0.0,0.0,0.0,40.029833222533114,optimal
2021-02-09 20:30:00,9,34,0.0,0.0,0.0,1.991,14.3325,6.0,0,20.0,55.0,0.0,0.0,0.0,0.0,0.0,39.738756622456634,optimal
2021-02-09 21:00:00,9,34,1.6321904761904766,0.0,0.0,0.44789999999999996,13.335,6.0,0,19.966130701954555,55.0,0.0,0.0,0.0,5712.666666666668,0.0,39.69901786583418,optimal
2021-02-09 21:30:00,9,34,0.0995238095238095,0.0,0.0,0.44356666666666666,12.1275,6.0,0,19.92700286387742,55.0,0.002666666666666666,0.0,0.0,348.33333333333326,0.0,39.65931884796834,optimal
2021-02-09 22:00:00,9,34,0.0,0.0,0.0,0.5042666666666666,12.2955,6.0,0,19.889096970262592,55.0,0.0,0.0,0.0,0.0,0.0,39.619659529120376,optimal
2021-02-09 22:30:00,9,34,0.0,0.0,0.0,1.3280999999999998,11.6865,6.0,0,19.849765904901183,55.0,0.0,0.0,0.0,0.0,0.0,39.58003986959125,optimal
2021-02-09 23:00:00,9,34,0.0,0.0,0.0,0.4794,11.466,6.0,0,19.81161019069816,55.0,0.0,0.0,0.0,0.0,0.0,39.54045982972166,optimal
2021-02-09 23:30:00,9,34,0.33838095238095234,0.0,0.0,0.49623333333333336,10.8045,6.0,0,19.774411241635484,55.0,0.0,0.0,0.0,1184.3333333333333,0.0,39.50091936989194,optimal
2021-02-10 00:00:00,9,34,2.0,0.0,3.0,0.15333333333333335,10.8045,6.0,0,19.774411241635484,55.0,0.0,7000.0,0.0,0.0,0.0,40.886418450522044,optimal
2021-02-10 00:30:00,9,34,2.0,0.0,0.0,0.6835,11.508,6.0,0,19.829227932638332,55.0,0.06698564593301436,0.0,0.0,7000.0,0.0,40.845532032071524,optimal
2021-02-10 01:00:00,9,34,2.0,0.0,0.6993126206696251,0.8861,11.508,6.0,0,19.793558521666736,55.0,0.10266666666666667,3271.3333333333335,0.0,3728.6666666666665,0.0,41.13685999485752,optimal
2021-02-10 01:30:00,9,34,2.0,0.0,3.0,1.0271333333333335,11.508,6.0,0,19.80541238760307,55.0,0.10066666666666667,7000.0,0.0,0.0,0.0,42.520723134862656,optimal
2021-02-10 02:00:00,9,34,2.0,0.0,0.0,0.19846666666666668,11.844,6.0,0,19.87023783045138,55.0,0.10066666666666667,7000.0,0.0,0.0,0.0,42.47820241172779,optimal
2021-02-10 02:30:00,9,34,2.0,0.0,3.0,0.22,11.508,6.0,0,19.92210228908041,55.0,0.10066666666666667,7000.0,0.0,0.0,0.0,43.86072420931606,optimal
2021-02-10 03:00:00,9,34,2.0,0.0,3.0,0.3409333333333333,11.508,6.0,0,19.974067130704164,55.0,0.09866666666666667,7000.0,0.0,0.0,0.0,45.24186348510674,optimal
2021-02-10 03:30:00,9,34,2.0,0.0,3.0,0.20026666666666668,10.4475,6.0,0,20.027298392156304,55.0,0.09866666666666667,7000.0,0.0,0.0,0.0,46.62162162162162,optimal
2021-02-10 04:00:00,9,34,2.0,0.0,3.0,0.2797333333333333,10.8675,6.0,0,20.078668585438557,55.0,0.096,7000.0,0.0,0.0,0.0,48.0,optimal
2021-02-10 04:30:00,9,34,2.0,0.0,0.0,0.218,10.542,6.0,0,20.131732592994823,55.0,0.09364,7000.0,0.0,0.0,0.0,47.876286066592414,optimal
2021-02-10 05:00:00,9,34,2.0,0.0,0.0,0.5915666666666667,11.025,6.0,0,20.183549391905924,55.0,0.09266666666666666,7000.0,0.0,0.0,0.0,47.75269584711824,optimal
2021-02-10 05:30:00,9,34,2.0,0.0,0.0,0.6374,11.025,6.0,0,20.239403773062755,55.0,0.072,7000.0,0.0,0.0,0.0,47.62922921786354,optimal
2021-02-10 06:00:00,9,34,2.0,0.0,0.0,0.225,14.553,6.0,0,20.293816150371697,55.0,0.06133333333333333,7000.0,0.0,0.0,0.0,47.50588605523809,optimal
2021-02-10 06:30:00,9,34,2.0,0.0,0.0,0.26653333333333334,13.0935,6.0,0,20.34301058443275,55.0,0.05533333333333333,7000.0,0.0,0.0,0.0,47.38266623577527,optimal
2021-02-10 07:00:00,9,34,2.0,0.0,0.0,0.064,15.6345,6.0,0,20.39352629208025,55.0,0.051333333333333335,7000.0,0.0,0.0,0.0,47.25956963613191,optimal
2021-02-10 07:30:00,9,34,0.0,0.0,0.0,0.09373333333333332,18.102,6.0,0,20.44054818606551,55.0,0.051333333333333335,0.0,0.0,0.0,0.0,47.13659613308819,optimal
2021-02-10 08:00:00,9,34,0.0,0.0,0.0,0.172,17.199,6.0,0,20.391070317645053,55.0,0.048666666666666664,0.0,0.0,0.0,0.0,47.01374560354752,optimal
2021-02-10 08:30:00,9,34,0.0,0.0,0.0,0.2955,18.2805,6.0,0,20.34487775357531,55.0,0.048,0.0,0.0,0.0,0.0,46.891017924536385,optimal
2021-02-10 09:00:00,9,34,0.0,0.0,0.0,0.19590000000000002,17.4615,6.0,0,20.297773130478372,55.0,0.035333333333333335,0.0,0.0,0.0,0.0,46.76841297320426,optimal
2021-02-10 09:30:00,9,34,0.0,0.0,0.0,0.2122,18.3225,6.0,0,20.249391928020646,55.0,0.030666666666666665,0.0,0.0,0.0,0.0,46.64593062682347,optimal
2021-02-10 10:00:00,9,34,0.0,0.0,0.0,0.2976666666666667,17.094,6.0,0,20.203246579445704,55.0,0.026,0.0,0.0,0.0,0.0,46.52357076278906,optimal
2021-02-10 10:30:00,9,34,0.7270651529567526,0.0,0.0,0.2248666666666667,17.094,6.0,0,20.15988669540321,55.0,0.01964,2544.728035348634,0.0,0.0,0.0,46.40133325861869,optimal
2021-02-10 11:00:00,9,34,2.0,0.0,0.0,0.196,17.094,6.0,0,20.151025154074837,55.0,0.018666666666666668,7000.0,0.0,0.0,0.0,46.279217991952486,optimal
2021-02-10 11:30:00,9,34,0.0,0.0,0.0,0.3026666666666667,17.3565,6.0,0,20.202564933443625,55.0,0.018666666666666668,0.0,0.0,0.0,0.0,46.15722484055295,optimal
2021-02-10 12:00:00,9,34,2.0,0.0,0.0,0.21666666666666662,17.115,6.0,0,20.157407686721946,55.0,0.018666666666666668,7000.0,0.0,0.0,0.0,46.03535368230481,optimal
2021-02-10 12:30:00,9,34,2.0,0.0,0.0,0.21753333333333333,17.241,6.0,0,20.212325238377385,55.0,0.016,7000.0,0.0,0.0,0.0,45.91360439521492,optimal
2021-02-10 13:00:00,9,34,2.0,0.0,0.0,0.2463333333333333,17.094,6.0,0,20.26678017661434,55.0,0.012666666666666666,7000.0,0.0,0.0,0.0,45.791976857412116,optimal
2021-02-10 13:30:00,9,34,2.0,0.0,0.0,0.5033333333333333,16.5165,6.0,0,20.320857383598383,55.0,0.012666666666666666,7000.0,0.0,0.0,0.0,45.67047094714712,optimal
2021-02-10 14:00:00,9,34,0.0,0.0,0.0,1.8219666666666667,17.8185,6.0,0,20.379236531820666,55.0,0.012666666666666666,0.0,0.0,0.0,0.0,45.549086542792395,optimal
2021-02-10 14:30:00,9,34,2.0,0.0,0.0,0.9867999999999999,17.094,6.0,0,20.350386531212667,55.0,0.012666666666666666,7000.0,0.0,0.0,0.0,45.42782352284202,optimal
2021-02-10 15:00:00,9,34,2.0,0.0,0.0,0.2214,16.8945,6.0,0,20.41591867909347,55.0,0.012666666666666666,7000.0,0.0,0.0,0.0,45.30668176591159,optimal
2021-02-10 15:30:00,9,34,0.0,0.0,0.0,0.42510000000000003,18.123,6.0,0,20.474704379618622,55.0,0.012666666666666666,0.0,0.0,0.0,0.0,45.18566115073809,optimal
2021-02-10 16:00:00,9,34,0.0,0.0,0.0,0.20386666666666667,31.647,6.0,0,20.436154017139803,55.0,0.008666666666666666,0.0,0.0,0.0,0.0,45.06476155617977,optimal
2021-02-10 16:30:00,9,34,0.0,0.0,0.0,0.09066666666666669,34.9965,6.0,0,20.394068139894056,55.0,0.005333333333333333,0.0,0.0,0.0,0.0,44.94398286121601,optimal
2021-02-10 17:00:00,9,34,0.0,0.0,0.0,0.11733333333333332,34.9965,6.0,0,20.347801526483245,55.0,0.004666666666666667,0.0,0.0,0.0,0.0,44.82332494494721,optimal
2021-02-10 17:30:00,9,34,0.0,0.0,0.0,0.18130000000000002,34.9965,6.0,0,20.29759838721383,55.0,0.004666666666666667,0.0,0.0,0.0,0.0,44.702787686594675,optimal
2021-02-10 18:00:00,9,34,0.0,0.0,0.0,0.187,34.9965,6.0,0,20.249193997603108,55.0,0.0006666666666666665,0.0,0.0,0.0,0.0,44.582370965500495,optimal
2021-02-10 18:30:00,9,34,0.0,0.0,0.0,0.2836,34.9965,6.0,0,20.20004380327972,55.0,0.0006666666666666665,0.0,0.0,0.0,0.0,44.46207466112741,optimal
2021-02-10 19:00:00,9,34,0.0,0.0,0.0,0.23653333333333332,27.741,6.0,0,20.151489767192416,55.0,0.0006666666666666665,0.0,0.0,0.0,0.0,44.3418986530587,optimal
2021-02-10 19:30:00,9,34,0.0,0.0,0.0,0.13246666666666668,19.026,6.0,0,20.10015627591791,55.0,0.0,0.0,0.0,0.0,0.0,44.221842820998056,optimal
2021-02-10 20:00:00,9,34,0.0,0.0,0.0,0.21719999999999998,18.7215,6.0,0,20.048454182392398,55.0,0.0,0.0,0.0,0.0,0.0,44.101907044769476,optimal
2021-02-10 20:30:00,9,34,0.0,0.0,0.0,0.18263333333333331,17.4195,6.0,0,20.0,55.0,0.0,0.0,0.0,0.0,0.0,43.98209120431712,optimal
2021-02-10 21:00:00,9,34,0.0,0.0,0.0,0.2372333333333333,16.758,6.0,0,19.948951369156983,55.0,0.0,0.0,0.0,0.0,0.0,43.86239517970522,optimal
2021-02-10 21:30:00,9,34,0.0,0.0,0.0,0.2618666666666667,14.217,6.0,0,19.898236005367778,55.0,0.0,0.0,0.0,0.0,0.0,43.742818851117924,optimal
2021-02-10 22:00:00,9,34,0.17914285714285713,0.0,0.0,0.3517,13.3665,6.0,0,19.843423518321508,55.0,0.0,0.0,0.0,627.0,0.0,43.623362098859225,optimal
2021-02-10 22:30:00,9,34,0.5374285714285714,0.0,0.0,0.5838666666666666,12.789,6.0,0,19.79043960443488,55.0,0.0,0.0,0.0,1880.9999999999998,0.0,43.57973873676037,optimal
2021-02-10 23:00:00,9,34,0.0,0.0,0.0,0.2537333333333333,11.907,6.0,0,19.740255118157535,55.0,0.0,0.0,0.0,0.0,0.0,43.53615899802361,optimal
2021-02-10 23:30:00,9,34,0.11942857142857143,0.0,0.0,0.2036,11.7075,6.0,0,19.684478600519046,55.0,0.0,0.0,0.0,418.0,0.0,43.492622839025586,optimal
2021-02-11 00:00:00,9,34,2.0,0.0,0.0,0.1427,11.025,6.0,0,19.684478600519046,55.0,0.0,7000.0,0.0,0.0,0.0,43.44913021618656,optimal
2021-02-11 00:30:00,9,34,2.0,0.0,0.0,0.2677,12.0855,6.0,0,19.725183457705143,55.0,0.034666666666666665,3377.3333333333335,0.0,3622.6666666666665,0.0,43.40568108597037,optimal
2021-02-11 01:00:00,9,34,2.0,0.0,0.0,0.071,11.6865,6.0,0,19.717065340990786,55.0,0.034666666666666665,7000.0,0.0,0.0,0.0,43.3622754048844,optimal
2021-02-11 01:30:00,9,34,2.0,0.0,0.0,0.32666666666666666,11.2245,6.0,0,19.75422293566149,55.0,0.034666666666666665,7000.0,0.0,0.0,0.0,43.31891312947952,optimal
2021-02-11 02:00:00,9,34,2.0,0.0,0.0,0.071,11.025,6.0,0,19.79488125719211,55.0,0.034666666666666665,7000.0,0.0,0.0,0.0,43.275594216350036,optimal
2021-02-11 02:30:00,9,34,2.0,0.0,3.0,0.19166666666666662,10.7835,6.0,0,19.831822138210775,55.0,0.034666666666666665,7000.0,0.0,0.0,0.0,44.65731862213369,optimal
2021-02-11 03:00:00,9,34,2.0,0.0,0.0,0.206,11.025,6.0,0,19.870082719215013,55.0,0.034666666666666665,7000.0,0.0,0.0,0.0,44.61266130351155,optimal
2021-02-11 03:30:00,9,34,2.0,0.0,3.0,0.071,10.584,6.0,0,19.908160312291137,55.0,0.034666666666666665,7000.0,0.0,0.0,0.0,45.99304864220804,optimal
2021-02-11 04:00:00,9,34,2.0,0.0,2.1310563281807946,0.3123333333333333,11.025,6.0,0,19.94492496412948,55.0,0.034666666666666665,7000.0,0.0,0.0,0.0,46.959307349451706,optimal
2021-02-11 04:30:00,9,34,2.0,0.0,3.0,0.08533333333333333,10.4265,6.0,0,19.985685614088492,55.0,0.034666666666666665,7000.0,0.0,0.0,0.0,48.33734804210225,optimal
2021-02-11 05:00:00,9,34,2.0,0.0,0.0,0.071,12.789,6.0,0,20.02313266107794,55.0,0.034666666666666665,7000.0,0.0,0.0,0.0,48.289010694060146,optimal
2021-02-11 05:30:00,9,34,2.0,0.0,0.0,0.2678666666666667,12.684,6.0,0,20.060273358548713,55.0,0.034666666666666665,7000.0,0.0,0.0,0.0,48.240721683366075,optimal
2021-02-11 06:00:00,9,34,2.0,0.0,0.0,0.1298,16.254,6.0,0,20.10078214705145,55.0,0.034666666666666665,7000.0,0.0,0.0,0.0,48.192480961682705,optimal
2021-02-11 06:30:00,9,34,2.0,0.0,0.0,0.15736666666666668,17.64,6.0,0,20.13992799184027,55.0,0.034666666666666665,7000.0,0.0,0.0,0.0,48.144288480721016,optimal
2021-02-11 07:00:00,9,34,0.07888425350496239,0.0,0.0,1.2629000000000001,19.1625,6.0,0,20.180049670989728,55.0,0.024666666666666667,276.09488726736834,0.0,0.0,0.0,48.096144192240295,optimal
2021-02-11 07:30:00,9,34,0.0,0.0,0.0,0.6131333333333333,26.46,6.0,0,20.135637473030652,55.0,0.018,0.0,0.0,0.0,0.0,48.048048048048045,optimal
2021-02-11 08:00:00,9,34,0.0,0.0,0.0,1.3122333333333331,20.79,6.0,0,20.08910348786923,55.0,0.016666666666666666,0.0,0.0,0.0,0.0,48.0,optimal
2021-02-11 08:30:00,9,34,0.0,0.0,0.0,2.8607,29.106,6.0,0,20.045214757588184,55.0,0.015333333333333332,0.0,0.0,0.0,0.0,47.907362267902684,optimal
2021-02-11 09:00:00,9,34,2.0,0.0,0.0,2.9101666666666666,19.1835,6.0,0,20.0,55.0,0.014,7000.0,0.0,0.0,0.0,47.81481717353747,optimal
2021-02-11 09:30:00,9,34,0.0,0.0,0.0,0.2087,19.6665,6.0,0,20.055337528708176,55.0,0.014,0.0,0.0,0.0,0.0,47.72236462426662,optimal
2021-02-11 10:00:00,9,34,0.802745773114729,0.0,0.0,0.2758333333333333,19.404,6.0,0,20.005542900309855,55.0,0.014,2809.610205901552,0.0,0.0,0.0,47.63000452754504,optimal
2021-02-11 10:30:00,9,34,0.8952958305535609,0.0,0.0,0.5595333333333333,19.047,6.0,0,20.0,55.0,0.014,3133.535406937463,0.0,0.0,0.0,47.53773679092018,optimal
2021-02-11 11:00:00,9,34,1.9823025910352292,0.0,0.0,0.2344333333333333,18.858,6.0,0,20.0,55.0,0.013333333333333334,6938.059068623302,0.0,0.0,0.0,47.44556132203194,optimal
2021-02-11 11:30:00,9,34,0.0,0.0,0.0,0.5859333333333333,19.2675,6.0,0,20.045946416707384,55.0,0.013333333333333334,0.0,0.0,0.0,0.0,47.3534780286126,optimal
2021-02-11 12:00:00,9,34,1.8370651296444362,0.0,0.0,0.0925,18.963,6.0,0,20.0,55.0,0.013333333333333334,6429.727953755527,0.0,0.0,0.0,47.261486818486674,optimal
2021-02-11 12:30:00,9,34,2.0,0.0,0.0,0.07816666666666668,18.438,6.0,0,20.03867586987437,55.0,0.013333333333333334,7000.0,0.0,0.0,0.0,47.169587599570875,optimal
2021-02-11 13:00:00,9,34,2.0,0.0,0.0,0.22640000000000002,18.7425,6.0,0,20.086891481892927,55.0,0.013333333333333334,7000.0,0.0,0.0,0.0,47.07778027987399,optimal
2021-02-11 13:30:00,9,34,2.0,0.0,0.0,0.1641,15.2145,6.0,0,20.138815192109185,55.0,0.013333333333333334,7000.0,0.0,0.0,0.0,46.986064767496806,optimal
2021-02-11 14:00:00,9,34,2.0,0.0,0.0,0.18566666666666662,17.7765,6.0,0,20.189994530901267,55.0,0.013333333333333334,7000.0,0.0,0.0,0.0,46.894440970632,optimal
2021-02-11 14:30:00,9,34,2.0,0.0,0.0,0.212,16.758,6.0,0,20.24162597669851,55.0,0.013333333333333334,7000.0,0.0,0.0,0.0,46.80290879756405,optimal
2021-02-11 15:00:00,9,34,2.0,0.0,0.0,0.071,16.422,6.0,0,20.292510126713402,55.0,0.013333333333333334,7000.0,0.0,0.0,0.0,46.71146815666917,optimal
2021-02-11 15:30:00,9,34,2.0,0.0,0.0,0.12033333333333332,16.758,6.0,0,20.340185647886596,55.0,0.013333333333333334,7000.0,0.0,0.0,0.0,46.62011895641518,optimal
2021-02-11 16:00:00,9,34,0.0,0.0,0.0,0.3378333333333333,29.358,6.0,0,20.386005915504466,55.0,0.012666666666666666,0.0,0.0,0.0,0.0,46.52886110536146,optimal
2021-02-11 16:30:00,9,34,0.0,0.0,0.0,0.5523666666666667,34.9965,6.0,0,20.3391760962241,55.0,0.007333333333333333,0.0,0.0,0.0,0.0,46.437694512158785,optimal
2021-02-11 17:00:00,9,34,0.0,0.0,0.0,0.21819999999999998,34.65,6.0,0,20.291986621700357,55.0,0.007333333333333333,0.0,0.0,0.0,0.0,46.346619085549314,optimal
2021-02-11 17:30:00,9,34,0.0,0.0,0.0,0.3634333333333333,34.9965,6.0,0,20.23211324240889,55.0,0.007333333333333333,0.0,0.0,0.0,0.0,46.25563473436645,optimal
2021-02-11 18:00:00,9,34,0.0,0.0,0.0,0.183,34.9965,6.0,0,20.174352055655575,55.0,0.0033333333333333335,0.0,0.0,0.0,0.0,46.16474136753477,optimal
2021-02-11 18:30:00,9,34,0.0,0.0,0.0,0.47336666666666666,30.4815,6.0,0,20.115466240913538,55.0,0.0033333333333333335,0.0,0.0,0.0,0.0,46.073938894069926,optimal
2021-02-11 19:00:00,9,34,0.0,0.0,0.0,0.2174333333333333,21.4305,6.0,0,20.06032673988825,55.0,0.0,0.0,0.0,0.0,0.0,45.98322722307854,optimal
2021-02-11 19:30:00,9,34,1.2161342588260875,0.0,0.0,0.37473333333333336,14.3325,6.0,0,20.0,55.0,0.0,3838.469905891307,0.0,418.0,0.0,45.892606263758154,optimal
2021-02-11 20:00:00,9,34,1.343641439462739,0.0,0.0,0.4585,13.692,6.0,0,20.0,55.0,0.004666666666666667,3657.745038119586,0.0,1045.0,0.0,45.802075925397084,optimal
2021-02-11 20:30:00,9,34,0.0,0.0,0.0,0.6214666666666667,14.007,6.0,0,20.0,55.0,0.0,0.0,0.0,0.0,0.0,45.75627384947169,optimal
2021-02-11 21:00:00,9,34,0.0398095238095238,0.0,0.0,0.6596000000000001,12.873,6.0,0,19.950912884541424,55.0,0.0,0.0,0.0,139.33333333333331,0.0,45.71051757562222,optimal
2021-02-11 21:30:00,9,34,0.0796190476190476,0.0,0.0,0.5221333333333333,12.684,6.0,0,19.900245732183233,55.0,0.0,0.0,0.0,278.66666666666663,0.0,45.6648070580466,optimal
2021-02-11 22:00:00,9,34,0.13933333333333334,0.0,0.0,0.6165,12.306,6.0,0,19.850495177122617,55.0,0.0,0.0,0.0,487.6666666666667,0.0,45.61914225098855,optimal
2021-02-11 22:30:00,9,34,0.19904761904761903,0.0,0.0,0.6910666666666667,10.6365,6.0,0,19.80279537875064,55.0,0.002666666666666666,0.0,0.0,696.6666666666666,0.0,45.57352310873756,optimal
2021-02-11 23:00:00,9,34,0.0,0.0,0.0,0.3167,11.2455,6.0,0,19.754093617604376,55.0,0.002666666666666666,0.0,0.0,0.0,0.0,45.527949585628825,optimal
2021-02-11 23:30:00,9,34,0.0,0.0,0.0,0.4728,11.2455,6.0,0,19.696751948973144,55.0,0.0,0.0,0.0,0.0,0.0,45.4824216360432,optimal
2021-02-12 00:00:00,9,34,2.0,0.0,0.0,0.059,10.3635,6.0,0,19.696751948973144,55.0,0.0,7000.0,0.0,0.0,0.0,45.436939214407154,optimal
2021-02-12 00:30:00,9,34,2.0,0.0,0.0,0.059,10.8045,6.0,0,19.72562505981733,55.0,0.06266666666666666,451.33333333333303,0.0,6548.666666666667,0.0,45.39150227519275,optimal
2021-02-12 01:00:00,9,34,2.0,0.0,0.0,0.2255,11.025,6.0,0,19.66209925957615,55.0,0.06266666666666666,7000.0,0.0,0.0,0.0,45.346110772917555,optimal
2021-02-12 01:30:00,9,34,2.0,0.0,0.0,0.12283333333333331,10.3635,6.0,0,19.69341607652228,55.0,0.06266666666666666,7000.0,0.0,0.0,0.0,45.30076466214464,optimal
2021-02-12 02:00:00,9,34,2.0,0.0,0.0,0.09566666666666669,10.8045,6.0,0,19.7234768503684,55.0,0.06266666666666666,7000.0,0.0,0.0,0.0,45.25546389748249,optimal
2021-02-12 02:30:00,9,34,2.0,0.0,0.4636498973011714,0.25266666666666665,10.059,6.0,0,19.753349425080426,55.0,0.06266666666666666,7000.0,0.0,0.0,0.0,45.43044213480306,optimal
2021-02-12 03:00:00,9,34,2.0,0.0,0.0,0.059,10.584,6.0,0,19.78618756759017,55.0,0.06266666666666666,7000.0,0.0,0.0,0.0,45.38501169266825,optimal
2021-02-12 03:30:00,9,34,2.0,0.0,3.0,0.0935,9.4185,6.0,0,19.817039566682617,55.0,0.06266666666666666,7000.0,0.0,0.0,0.0,46.764626680975574,optimal
2021-02-12 04:00:00,9,34,2.0,0.0,0.0,0.2548333333333333,10.3635,6.0,0,19.850241468115858,55.0,0.06266666666666666,7000.0,0.0,0.0,0.0,46.71786205429459,optimal
2021-02-12 04:30:00,9,34,2.0,0.0,3.0,0.059,9.8385,6.0,0,19.887574734728773,55.0,0.06266666666666666,7000.0,0.0,0.0,0.0,48.096144192240295,optimal
2021-02-12 05:00:00,9,34,2.0,0.0,0.0,0.08966666666666667,11.067,6.0,0,19.92399277618333,55.0,0.06266666666666666,7000.0,0.0,0.0,0.0,48.048048048048045,optimal
2021-02-12 05:30:00,9,34,2.0,0.0,0.0,0.09533333333333331,10.8465,6.0,0,19.962691179173937,55.0,0.06266666666666666,7000.0,0.0,0.0,0.0,48.0,optimal
2021-02-12 06:00:00,9,34,2.0,0.0,0.0,0.2716,13.671,6.0,0,20.005686863773505,55.0,0.04133333333333333,7000.0,0.0,0.0,0.0,47.53353676848892,optimal
2021-02-12 06:30:00,9,34,2.0,0.0,0.0,0.298,12.348,6.0,0,20.05534184711885,55.0,0.034,7000.0,0.0,0.0,0.0,47.067540000209355,optimal
2021-02-12 07:00:00,9,34,2.0,0.0,0.0,1.2780333333333334,14.3325,6.0,0,20.10535836652562,55.0,0.006666666666666667,7000.0,0.0,0.0,0.0,46.60200922869807,optimal
2021-02-12 07:30:00,9,34,0.0,0.0,0.0,0.2869333333333333,15.393,6.0,0,20.157104779600456,55.0,0.0026666666666666666,0.0,0.0,0.0,0.0,46.1369439879583,optimal
2021-02-12 08:00:00,9,34,2.0,0.0,0.0,0.067,13.587,6.0,0,20.103961338020696,55.0,0.0006666666666666665,7000.0,0.0,0.0,0.0,45.67234381245926,optimal
2021-02-12 08:30:00,9,34,0.0,0.0,0.0,0.2403333333333333,16.1385,6.0,0,20.144733486291937,55.0,0.0006666666666666665,0.0,0.0,0.0,0.0,45.20820823713572,optimal
2021-02-12 09:00:00,9,34,0.4884554362964618,0.0,0.0,0.102,14.595,6.0,0,20.088155830703904,55.0,0.0,1709.5940270376163,0.0,0.0,0.0,44.74453679738751,optimal
2021-02-12 09:30:00,9,34,0.0,0.0,0.0,0.2302,14.637,6.0,0,20.052586237349015,55.0,0.0,0.0,0.0,0.0,0.0,44.281329029079046,optimal
2021-02-12 10:00:00,9,34,0.9949268844064417,0.0,0.0,0.19140000000000001,13.9125,6.0,0,20.0,55.0,0.0,3482.244095422546,0.0,0.0,0.0,43.818584468538894,optimal
2021-02-12 10:30:00,9,34,1.0644161512309225,0.0,0.0,0.092,13.3665,6.0,0,20.0,55.0,0.0,3725.4565293082283,0.0,0.0,0.0,43.35630265255928,optimal
2021-02-12 11:00:00,9,34,2.0000000000000004,0.0,0.0,0.17766666666666667,13.0095,6.0,0,20.0,55.0,0.0016105940683885877,6831.6929198533935,0.0,168.3070801466074,0.0,42.89448311839564,optimal
2021-02-12 11:30:00,9,34,0.0,0.0,0.0,0.2524333333333333,13.8915,6.0,0,20.046932159607206,55.0,0.0016105940683885877,0.0,0.0,0.0,0.0,42.43312540376617,optimal
2021-02-12 12:00:00,9,34,1.00111442309759,0.0,0.0,0.0958,13.188,6.0,0,20.0,55.0,0.0,3463.2075609881726,0.0,40.69291985339259,0.0,41.972229046851325,optimal
2021-02-12 12:30:00,9,34,2.0,0.0,0.0,0.5025666666666667,12.5685,6.0,0,20.0,55.0,0.028,4074.0,0.0,2926.0,0.0,41.5117935862934,optimal
2021-02-12 13:00:00,9,34,2.0,0.0,0.0,0.179,12.285,6.0,0,20.01027462788905,55.0,0.028,7000.0,0.0,0.0,0.0,41.05181856119603,optimal
2021-02-12 13:30:00,9,34,2.0,0.0,0.0,0.069,11.487,6.0,0,20.05948128768813,55.0,0.028,7000.0,0.0,0.0,0.0,40.59230351112376,optimal
2021-02-12 14:00:00,9,34,2.0,0.0,0.0,0.8923333333333334,11.802,6.0,0,20.10672171128383,55.0,0.027333333333333334,7000.0,0.0,0.0,0.0,40.13324797610156,optimal
2021-02-12 14:30:00,9,34,2.0,0.0,0.0,1.4904666666666666,11.2245,6.0,0,20.15780920364626,55.0,0.027333333333333334,7000.0,0.0,0.0,0.0,39.67465149661438,optimal
2021-02-12 15:00:00,9,34,2.0,0.0,0.0,0.157,11.025,6.0,0,20.21556639510261,55.0,0.026,7000.0,0.0,0.0,0.0,39.21651361360669,optimal
2021-02-12 15:30:00,9,34,2.0,0.0,0.0,1.0025666666666668,11.907,6.0,0,20.267533538457787,55.0,0.026,7000.0,0.0,0.0,0.0,38.75883386848201,optimal
2021-02-12 16:00:00,9,34,0.0,0.0,0.0,0.8449,25.83,6.0,0,20.323263357645615,55.0,0.026,0.0,0.0,0.0,0.0,38.301611803102446,optimal
2021-02-12 16:30:00,9,34,0.0,0.0,0.0,1.2602,28.035,6.0,0,20.279084306385077,55.0,0.026,0.0,0.0,0.0,0.0,37.84484695978827,optimal
2021-02-12 17:00:00,9,34,0.0,0.0,0.0,0.49360000000000004,28.119,6.0,0,20.23514940146546,55.0,0.018666666666666668,0.0,0.0,0.0,0.0,37.38853888131741,optimal
2021-02-12 17:30:00,9,34,0.0,0.0,0.0,0.3444333333333333,30.156,6.0,0,20.191284015528066,55.0,0.013333333333333334,0.0,0.0,0.0,0.0,36.932687110925016,optimal
2021-02-12 18:00:00,9,34,0.0,0.0,0.0,0.5038333333333334,29.1585,6.0,0,20.146225770062728,55.0,0.008,0.0,0.0,0.0,0.0,36.477291192303014,optimal
2021-02-12 18:30:00,9,34,0.0,0.0,0.0,0.8556333333333334,26.712,6.0,0,20.103167511737517,55.0,0.0019999999999999996,0.0,0.0,0.0,0.0,36.44081390111071,optimal
2021-02-12 19:00:00,9,34,0.0,0.0,0.0,1.497766666666667,15.435,6.0,0,20.063772416986918,55.0,0.0006666666666666665,0.0,0.0,0.0,0.0,36.4043730872096,optimal
2021-02-12 19:30:00,9,34,0.18317759399089018,0.0,0.0,1.1404,13.566,6.0,0,20.026728351677885,55.0,0.0,641.1215789681156,0.0,0.0,0.0,36.36796871412239,optimal
2021-02-12 20:00:00,9,34,0.7696822181000925,0.0,0.0,0.4231666666666667,12.789,6.0,0,20.0,55.0,0.0,2693.887763350324,0.0,0.0,0.0,36.33160074540827,optimal
2021-02-12 20:30:00,9,34,0.21895238095238095,0.0,0.0,0.4186333333333333,12.1275,6.0,0,20.0,55.0,0.004,0.0,0.0,766.3333333333334,0.0,36.29526914466286,optimal
2021-02-12 21:00:00,9,34,0.0,0.0,0.0,0.24336666666666668,13.671,6.0,0,19.96070960222723,55.0,0.0,0.0,0.0,0.0,0.0,36.2589738755182,optimal
2021-02-12 21:30:00,9,34,0.21895238095238095,0.0,0.0,0.15733333333333335,10.668,6.0,0,19.917792379658707,55.0,0.002,0.0,0.0,766.3333333333334,0.0,36.22271490164268,optimal
2021-02-12 22:00:00,9,34,0.0,0.0,0.0,0.3693666666666667,11.7285,6.0,0,19.875618874194032,55.0,0.0,0.0,0.0,0.0,0.0,36.18649218674104,optimal
2021-02-12 22:30:00,9,34,0.0,0.0,0.0,0.2665666666666667,11.025,6.0,0,19.83492947227332,55.0,0.0,0.0,0.0,0.0,0.0,36.1503056945543,optimal
2021-02-12 23:00:00,9,34,0.0,0.0,0.0,0.18966666666666662,10.689,6.0,0,19.79202310517396,55.0,0.0,0.0,0.0,0.0,0.0,36.11415538885974,optimal
2021-02-12 23:30:00,9,34,0.0,0.0,0.0,0.113,8.1585,6.0,0,19.743530584158815,55.0,0.0,0.0,0.0,0.0,0.0,36.078041233470884,optimal
2021-02-13 00:00:00,9,34,2.0,0.0,2.936257959083997,0.043,9.3975,6.0,0,19.743530584158815,55.0,0.0,7000.0,0.0,0.0,0.0,37.43668572280231,optimal
2021-02-13 00:30:00,9,34,2.0,0.0,0.0,0.097,10.059,6.0,0,19.79043559894339,55.0,0.06698564593301436,0.0,0.0,7000.0,0.0,37.39924903707951,optimal
2021-02-13 01:00:00,9,34,2.0,0.0,3.0,0.07713333333333335,9.261,6.0,0,19.73942940615841,55.0,0.10533333333333333,2992.6666666666665,0.0,4007.3333333333335,0.0,38.78684978804242,optimal
2021-02-13 01:30:00,9,34,2.0,0.0,3.0,0.21280000000000002,8.1585,6.0,0,19.73061295622621,55.0,0.10533333333333333,7000.0,0.0,0.0,0.0,40.17306293825437,optimal
2021-02-13 02:00:00,9,34,2.0,0.0,0.0,0.043,9.4815,6.0,0,19.780365409990743,55.0,0.10533333333333333,7000.0,0.0,0.0,0.0,40.13288987531612,optimal
2021-02-13 02:30:00,9,34,2.0,0.0,3.0,0.17196666666666666,8.379,6.0,0,19.827724832080477,55.0,0.10533333333333333,7000.0,0.0,0.0,0.0,41.5177569854408,optimal
2021-02-13 03:00:00,9,34,2.0,0.0,0.0,0.10716666666666669,9.5235,6.0,0,19.876770441856216,55.0,0.10533333333333333,7000.0,0.0,0.0,0.0,41.476239228455356,optimal
2021-02-13 03:30:00,9,34,2.0,0.0,3.0,0.043,8.1375,6.0,0,19.924765957060522,55.0,0.10533333333333333,7000.0,0.0,0.0,0.0,42.85976298922689,optimal
2021-02-13 04:00:00,9,34,2.0,0.0,0.0,0.043,10.0905,6.0,0,19.971583982806543,55.0,0.10533333333333333,7000.0,0.0,0.0,0.0,42.81690322623766,optimal
2021-02-13 04:30:00,9,34,2.0,0.0,3.0,0.1821333333333333,7.539,6.0,0,20.01813237492275,55.0,0.10533333333333333,7000.0,0.0,0.0,0.0,44.199086323011414,optimal
2021-02-13 05:00:00,9,34,2.0,0.0,3.0,0.097,7.938,6.0,0,20.066234040649707,55.0,0.10533333333333333,7000.0,0.0,0.0,0.0,45.5798872366884,optimal
2021-02-13 05:30:00,9,34,2.0,0.0,3.0,0.043,8.274,6.0,0,20.11272310032214,55.0,0.10533333333333333,7000.0,0.0,0.0,0.0,46.959307349451706,optimal
2021-02-13 06:00:00,9,34,2.0,0.0,3.0,0.08979999999999999,9.261,6.0,0,20.158042940827297,55.0,0.10533333333333333,7000.0,0.0,0.0,0.0,48.33734804210225,optimal
2021-02-13 06:30:00,9,34,2.0,0.0,0.0,0.061,9.9225,6.0,0,20.203617825951905,55.0,0.10533333333333333,7000.0,0.0,0.0,0.0,48.289010694060146,optimal
2021-02-13 07:00:00,9,34,2.0,0.0,0.0,0.2162666666666667,9.702,6.0,0,20.248520537372755,55.0,0.10533333333333333,7000.0,0.0,0.0,0.0,48.240721683366075,optimal
2021-02-13 07:30:00,9,34,2.0,0.0,0.0,0.1512666666666667,10.584,6.0,0,20.296307345617898,55.0,0.086,7000.0,0.0,0.0,0.0,48.192480961682705,optimal
2021-02-13 08:00:00,9,34,2.0,0.0,0.0,0.31426666666666664,10.143,6.0,0,20.344324155913046,55.0,0.07266666666666667,7000.0,0.0,0.0,0.0,48.144288480721016,optimal
2021-02-13 08:30:00,9,34,0.0,0.0,0.0,0.2571,13.0095,6.0,0,20.39602400847123,55.0,0.07266666666666667,0.0,0.0,0.0,0.0,48.096144192240295,optimal
2021-02-13 09:00:00,9,34,2.0,0.0,0.0,0.49839999999999995,11.025,6.0,0,20.348757509793558,55.0,0.07133333333333333,7000.0,0.0,0.0,0.0,48.048048048048045,optimal
2021-02-13 09:30:00,9,34,0.0,0.0,0.0,0.19419999999999998,12.789,6.0,0,20.402290934507253,55.0,0.06866666666666667,0.0,0.0,0.0,0.0,48.0,optimal
2021-02-13 10:00:00,9,34,0.0,0.0,0.0,0.33903333333333335,12.1275,6.0,0,20.356719782435725,55.0,0.06866666666666667,0.0,0.0,0.0,0.0,47.89970347684212,optimal
2021-02-13 10:30:00,9,34,0.0,0.0,0.0,0.2592,12.1695,6.0,0,20.311735142800075,55.0,0.064,0.0,0.0,0.0,0.0,47.7995072502074,optimal
2021-02-13 11:00:00,9,34,0.0,0.0,0.0,0.19340000000000002,12.306,6.0,0,20.266548880270197,55.0,0.064,0.0,0.0,0.0,0.0,47.699411219799316,optimal
2021-02-13 11:30:00,9,34,0.0,0.0,0.0,0.34956666666666664,13.23,6.0,0,20.220982974719664,55.0,0.064,0.0,0.0,0.0,0.0,47.599415285421635,optimal
2021-02-13 12:00:00,9,34,0.0,0.0,0.0,1.2196333333333333,13.671,6.0,0,20.176418624711815,55.0,0.064,0.0,0.0,0.0,0.0,47.49951934697834,optimal
2021-02-13 12:30:00,9,34,0.0,0.0,0.0,0.4939333333333333,13.9335,6.0,0,20.137952298428083,55.0,0.06133333333333333,0.0,0.0,0.0,0.0,47.39972330447348,optimal
2021-02-13 13:00:00,9,34,0.0,0.0,0.0,0.2783333333333333,13.293,6.0,0,20.091770065537446,55.0,0.06133333333333333,0.0,0.0,0.0,0.0,47.30002705801113,optimal
2021-02-13 13:30:00,9,34,1.4798216432197158,0.0,0.0,0.4259333333333333,12.1065,6.0,0,20.04465957122725,55.0,0.06133333333333333,5179.375751269005,0.0,0.0,0.0,47.20043050779524,optimal
2021-02-13 14:00:00,9,34,2.0,0.0,0.0,0.24753333333333333,11.571,6.0,0,20.07578115079989,55.0,0.05733333333333333,7000.0,0.0,0.0,0.0,47.10093355412957,optimal
2021-02-13 14:30:00,9,34,2.0,0.0,0.0,0.24253333333333332,11.025,6.0,0,20.131240758059324,55.0,0.056,7000.0,0.0,0.0,0.0,47.001536097417564,optimal
2021-02-13 15:00:00,9,34,2.0,0.0,0.0,0.1072,10.8465,6.0,0,20.1875076572178,55.0,0.054,7000.0,0.0,0.0,0.0,46.90223803816227,optimal
2021-02-13 15:30:00,9,34,2.0,0.0,0.0,0.3475,11.2455,6.0,0,20.2424024651751,55.0,0.050666666666666665,7000.0,0.0,0.0,0.0,46.803039276966224,optimal
2021-02-13 16:00:00,9,34,0.0,0.0,0.0,0.2905,23.8665,6.0,0,20.302800390654618,55.0,0.03,0.0,0.0,0.0,0.0,46.70393971453138,optimal
2021-02-13 16:30:00,9,34,0.0,0.0,0.0,0.40926666666666667,27.4575,6.0,0,20.262790093352283,55.0,0.03,0.0,0.0,0.0,0.0,46.60493925165897,optimal
2021-02-13 17:00:00,9,34,0.0,0.0,0.0,0.304,27.3735,6.0,0,20.22238870118129,55.0,0.024,0.0,0.0,0.0,0.0,46.50603778924943,optimal
2021-02-13 17:30:00,9,34,0.0,0.0,0.0,0.39916666666666667,30.4605,6.0,0,20.181956648201886,55.0,0.005333333333333332,0.0,0.0,0.0,0.0,46.407235228302305,optimal
2021-02-13 18:00:00,9,34,0.0,0.0,0.0,0.3583,30.0195,6.0,0,20.138304756800583,55.0,0.003999999999999999,0.0,0.0,0.0,0.0,46.308531469916126,optimal
2021-02-13 18:30:00,9,34,0.0,0.0,0.0,0.3373333333333333,26.9325,6.0,0,20.095014618808133,55.0,0.003999999999999999,0.0,0.0,0.0,0.0,46.20992641528833,optimal
2021-02-13 19:00:00,9,34,0.0,0.0,0.0,0.3417,14.595,6.0,0,20.048206657016184,55.0,0.0033333333333333327,0.0,0.0,0.0,0.0,46.111419965715164,optimal
2021-02-13 19:30:00,9,34,0.9697426300442961,0.0,0.0,0.1976,12.4845,6.0,0,20.0,55.0,0.0033333333333333327,3394.0992051550365,0.0,0.0,0.0,46.013012022591575,optimal
2021-02-13 20:00:00,9,34,0.8883393609572046,0.0,0.0,0.32803333333333334,12.1275,6.0,0,20.0,55.0,0.002666666666666666,3109.187763350216,0.0,0.0,0.0,45.914702487411105,optimal
2021-02-13 20:30:00,9,34,0.0,0.0,0.0,1.5160333333333333,12.1275,6.0,0,20.0,55.0,0.002666666666666666,0.0,0.0,0.0,0.0,45.81649126176582,optimal
2021-02-13 21:00:00,9,34,0.0,0.0,0.0,0.4681666666666667,12.789,6.0,0,19.958627142479127,55.0,0.002666666666666666,0.0,0.0,0.0,0.0,45.71837824734617,optimal
2021-02-13 21:30:00,9,34,0.0,0.0,0.0,0.1292333333333333,11.907,6.0,0,19.915640049981562,55.0,0.0,0.0,0.0,0.0,0.0,45.62036334594095,optimal
2021-02-13 22:00:00,9,34,0.4578095238095238,0.0,0.0,0.2088333333333333,11.025,6.0,0,19.868941814618143,55.0,0.0,0.0,0.0,1602.3333333333333,0.0,45.522446459437134,optimal
2021-02-13 22:30:00,9,34,0.0398095238095238,0.0,0.0,0.41583333333333333,8.2005,6.0,0,19.82486118039065,55.0,0.0006666666666666665,0.0,0.0,139.33333333333331,0.0,45.42462748981982,optimal
2021-02-13 23:00:00,9,34,0.0,0.0,0.0,0.14073333333333332,9.5655,6.0,0,19.784377976825017,55.0,0.0,0.0,0.0,0.0,0.0,45.37920286233,optimal
2021-02-13 23:30:00,9,34,0.0398095238095238,0.0,0.0,0.19640000000000002,7.056,6.0,0,19.744511884708306,55.0,0.0,0.0,0.0,139.33333333333331,0.0,45.33382365946767,optimal
2021-02-07 00:00:00,10,34,0.0,0.0,0.0,0.046,9.261,6.0,0,21.0,55.0,0.12,0.0,0.0,0.0,0.0,47.952,optimal
2021-02-07 00:30:00,10,34,0.0,0.0,0.0,0.0842,10.3635,6.0,0,20.953961591033273,55.0,0.12,0.0,0.0,0.0,0.0,47.904047999999996,optimal
2021-02-07 01:00:00,10,34,0.0,0.0,0.0,0.12653333333333333,8.274,6.0,0,20.908311418340034,55.0,0.12,0.0,0.0,0.0,0.0,47.856143952,optimal
2021-02-07 01:30:00,10,34,0.0,0.0,0.0,0.1792,7.7175,6.0,0,20.863106669529387,55.0,0.12,0.0,0.0,0.0,0.0,47.80828780804799,optimal
2021-02-07 02:00:00,10,34,0.0,0.0,0.0,0.046,6.615,6.0,0,20.81863102382774,55.0,0.12,0.0,0.0,0.0,0.0,47.76047952023995,optimal
2021-02-07 02:30:00,10,34,0.0,0.0,0.0,0.13513333333333333,6.174,6.0,0,20.772262233061582,55.0,0.12,0.0,0.0,0.0,0.0,47.712719040719705,optimal
2021-02-07 03:00:00,10,34,2.0,0.0,0.0,0.046,3.906,6.0,0,20.727000621008457,55.0,0.12,7000.0,0.0,0.0,0.0,47.66500632167899,optimal
2021-02-07 03:30:00,10,34,2.0,0.0,0.0,0.2088,2.3415,6.0,0,20.779011107042262,55.0,0.12,7000.0,0.0,0.0,0.0,47.61734131535731,optimal
2021-02-07 04:00:00,10,34,2.0,0.0,0.0,0.13513333333333333,2.205,6.0,0,20.833032538687906,55.0,0.12,7000.0,0.0,0.0,0.0,47.56972397404195,optimal
2021-02-07 04:30:00,10,34,2.0,0.0,1.61443461893103,0.16440000000000002,0.882,6.0,0,20.885725774658304,55.0,0.12,7000.0,0.0,0.0,0.0,48.289010694060146,optimal
2021-02-07 05:00:00,10,34,2.0,0.0,0.0,0.17316666666666666,1.5435,6.0,0,20.93868484335538,55.0,0.12,7000.0,0.0,0.0,0.0,48.240721683366075,optimal
2021-02-07 05:30:00,10,34,2.0,0.0,0.0,0.11896666666666668,1.5435,6.0,0,20.991620009853158,55.0,0.12,7000.0,0.0,0.0,0.0,48.192480961682705,optimal
2021-02-07 06:00:00,10,34,2.0,0.0,0.0,0.1422,5.0715,6.0,0,21.04364368089895,55.0,0.12,7000.0,0.0,0.0,0.0,48.144288480721016,optimal
2021-02-07 06:30:00,10,34,0.1351535825598655,0.0,0.0,0.0708,5.376,6.0,0,21.095849995684485,55.0,0.12,473.0375389595293,0.0,0.0,0.0,48.096144192240295,optimal
2021-02-07 07:00:00,10,34,2.0,0.0,0.0,0.8377,5.0715,6.0,0,21.055245998892417,55.0,0.072,7000.0,0.0,0.0,0.0,48.048048048048045,optimal
2021-02-07 07:30:00,10,34,0.0,0.0,0.0,1.5022,5.5125,6.0,0,21.115991131855424,55.0,0.04266666666666667,0.0,0.0,0.0,0.0,48.0,optimal
2021-02-07 08:00:00,10,34,0.0,0.0,0.0,1.002433333333333,9.261,6.0,0,21.081362599948694,55.0,0.03866666666666667,0.0,0.0,0.0,0.0,47.90919866453399,optimal
2021-02-07 08:30:00,10,34,0.0,0.0,0.0,0.4004,11.7075,6.0,0,21.043130161287003,55.0,0.037333333333333336,0.0,0.0,0.0,0.0,47.818488130403445,optimal
2021-02-07 09:00:00,10,34,0.0,0.0,0.0,0.40676666666666667,12.348,6.0,0,21.004119015532208,55.0,0.03200000000000001,0.0,0.0,0.0,0.0,47.72786830680703,optimal
2021-02-07 09:30:00,10,34,0.0,0.0,0.0,0.41086666666666666,12.348,6.0,0,20.96190766722938,55.0,0.027333333333333338,0.0,0.0,0.0,0.0,47.637339103034215,optimal
2021-02-07 10:00:00,10,34,0.0,0.0,0.0,0.4071,12.1275,6.0,0,20.91787941074627,55.0,0.027333333333333338,0.0,0.0,0.0,0.0,47.54690042846517,optimal
2021-02-07 10:30:00,10,34,0.0,0.0,0.0,0.18180000000000002,12.5265,6.0,0,20.870758065027548,55.0,0.027333333333333338,0.0,0.0,0.0,0.0,47.4565521925707,optimal
2021-02-07 11:00:00,10,34,0.0,0.0,0.0,0.14513333333333334,11.7495,6.0,0,20.819157355297286,55.0,0.027333333333333338,0.0,0.0,0.0,0.0,47.36629430491212,optimal
2021-02-07 11:30:00,10,34,0.0,0.0,0.0,0.056,13.23,6.0,0,20.766982169295726,55.0,0.027333333333333338,0.0,0.0,0.0,0.0,47.27612667514119,optimal
2021-02-07 12:00:00,10,34,0.0,0.0,0.0,0.056,14.3325,6.0,0,20.713695749625195,55.0,0.027333333333333338,0.0,0.0,0.0,0.0,47.18604921300004,optimal
2021-02-07 12:30:00,10,34,0.0,0.0,0.0,0.14513333333333334,14.994,6.0,0,20.66061072036915,55.0,0.027333333333333338,0.0,0.0,0.0,0.0,47.09606182832103,optimal
2021-02-07 13:00:00,10,34,0.0,0.0,0.0,1.1776,14.8155,6.0,0,20.608930069511032,55.0,0.027333333333333338,0.0,0.0,0.0,0.0,47.0061644310267,optimal
2021-02-07 13:30:00,10,34,0.0,0.0,0.0,1.6676333333333335,14.112,6.0,0,20.569797135270555,55.0,0.027333333333333338,0.0,0.0,0.0,0.0,46.91635693112966,optimal
2021-02-07 14:00:00,10,34,0.0,0.0,0.0,0.5952000000000001,14.007,6.0,0,20.53799388039827,55.0,0.026000000000000006,0.0,0.0,0.0,0.0,46.826639238732525,optimal
2021-02-07 14:30:00,10,34,0.0,0.0,0.0,0.41553333333333337,13.23,6.0,0,20.498526252674004,55.0,0.026000000000000006,0.0,0.0,0.0,0.0,46.737011264027785,optimal
2021-02-07 15:00:00,10,34,0.0,0.0,0.0,0.2794,11.382,6.0,0,20.455567305187945,55.0,0.02466666666666667,0.0,0.0,0.0,0.0,46.64747291729775,optimal
2021-02-07 15:30:00,10,34,0.0,0.0,0.0,0.054,11.7495,6.0,0,20.411742222889668,55.0,0.024000000000000004,0.0,0.0,0.0,0.0,46.55802410891444,optimal
2021-02-07 16:00:00,10,34,0.0,0.0,0.0,0.2932,24.3285,6.0,0,20.36714120053174,55.0,0.023333333333333338,0.0,0.0,0.0,0.0,46.46866474933952,optimal
2021-02-07 16:30:00,10,34,0.0,0.0,0.0,0.17383333333333334,28.917,6.0,0,20.325370253025277,55.0,0.020000000000000004,0.0,0.0,0.0,0.0,46.37939474912417,optimal
2021-02-07 17:00:00,10,34,0.0,0.0,0.0,0.173,31.3635,6.0,0,20.282301831022913,55.0,0.01733333333333334,0.0,0.0,0.0,0.0,46.29021401890903,optimal
2021-02-07 17:30:00,10,34,0.0,0.0,0.0,0.6750333333333333,33.306,6.0,0,20.23538486820971,55.0,0.01666666666666667,0.0,0.0,0.0,0.0,46.201122469424114,optimal
2021-02-07 18:00:00,10,34,0.0,0.0,0.0,1.0935,31.3425,6.0,0,20.19562825787117,55.0,0.014666666666666672,0.0,0.0,0.0,0.0,46.11212001148868,optimal
2021-02-07 18:30:00,10,34,0.0,0.0,0.0,0.33646666666666664,28.2555,6.0,0,20.15343234731487,55.0,0.012000000000000005,0.0,0.0,0.0,0.0,46.02320655601118,optimal
2021-02-07 19:00:00,10,34,0.0,0.0,0.0,0.3778,15.6975,6.0,0,20.11613191368821,55.0,0.010000000000000005,0.0,0.0,0.0,0.0,45.934382013989165,optimal
2021-02-07 19:30:00,10,34,0.0,0.0,0.0,0.34936666666666666,12.5475,6.0,0,20.08008773341179,55.0,0.010000000000000005,0.0,0.0,0.0,0.0,45.845646296509166,optimal
2021-02-07 20:00:00,10,34,0.0,0.0,0.0,0.421,12.0855,6.0,0,20.039497935199417,55.0,0.008000000000000005,0.0,0.0,0.0,0.0,45.75699931474665,optimal
2021-02-07 20:30:00,10,34,0.0,0.0,0.0,0.3654333333333333,11.907,6.0,0,20.0,55.0,0.008000000000000005,0.0,0.0,0.0,0.0,45.668440979965894,optimal
2021-02-07 21:00:00,10,34,0.0,0.0,0.0,0.0856,12.5685,6.0,0,19.958102907066355,55.0,0.008000000000000005,0.0,0.0,0.0,0.0,45.57997120351992,optimal
2021-02-07 21:30:00,10,34,0.0,0.0,0.0,0.18919999999999998,13.146,6.0,0,19.907583272358337,55.0,0.008000000000000005,0.0,0.0,0.0,0.0,45.491589896850385,optimal
2021-02-07 22:00:00,10,34,0.0,0.0,0.0,0.36336666666666667,10.584,6.0,0,19.85866481244633,55.0,0.006666666666666671,0.0,0.0,0.0,0.0,45.40329697148753,optimal
2021-02-07 22:30:00,10,34,0.0,0.0,0.0,0.6961333333333333,6.678,6.0,0,19.818479589930853,55.0,0.004666666666666671,0.0,0.0,0.0,0.0,45.31509233905003,optimal
2021-02-07 23:00:00,10,34,0.0,0.0,0.0,0.39753333333333335,7.938,6.0,0,19.78501133505146,55.0,0.004666666666666671,0.0,0.0,0.0,0.0,45.26977724671098,optimal
2021-02-07 23:30:00,10,34,0.0,0.0,0.0,0.39963333333333334,5.292,6.0,0,19.74574032804605,55.0,0.004666666666666671,0.0,0.0,0.0,0.0,45.22450746946427,optimal
2021-02-08 00:00:00,10,34,2.0,0.0,0.0,0.0544,5.9745,6.0,0,19.74574032804605,55.0,0.004666666666666671,6582.0,0.0,418.0,0.0,45.17928296199481,optimal
2021-02-08 00:30:00,10,34,2.0,0.0,0.0,0.067,7.938,6.0,0,19.79407702920757,55.0,0.022318979266347704,0.0,0.0,7000.0,0.0,45.13410367903281,optimal
2021-02-08 01:00:00,10,34,2.0,0.0,0.0,0.15733333333333335,8.6835,6.0,0,19.75155783788644,55.0,0.08930462519936207,0.0,0.0,7000.0,0.0,45.08896957535378,optimal
2021-02-08 01:30:00,10,34,2.0,0.0,0.0,0.1288,7.665,6.0,0,19.706243149156048,55.0,0.11666666666666667,4140.666666666669,0.0,2859.333333333331,0.0,45.043880605778426,optimal
2021-02-08 02:00:00,10,34,2.0,0.0,0.0,0.064,6.7725,6.0,0,19.718885378139824,55.0,0.11666666666666667,7000.0,0.0,0.0,0.0,44.998836725172644,optimal
2021-02-08 02:30:00,10,34,2.0,0.0,0.0,0.24613333333333332,5.5755,6.0,0,19.770748518653058,55.0,0.11666666666666667,7000.0,0.0,0.0,0.0,44.953837888447474,optimal
2021-02-08 03:00:00,10,34,2.0,0.0,3.0,0.17493333333333333,5.0925,6.0,0,19.82517405815386,55.0,0.11666666666666667,7000.0,0.0,0.0,0.0,46.33388405055902,optimal
2021-02-08 03:30:00,10,34,2.0,0.0,3.0,0.064,4.1895,6.0,0,19.87858354516928,55.0,0.11666666666666667,7000.0,0.0,0.0,0.0,47.71255016650846,optimal
2021-02-08 04:00:00,10,34,2.0,0.0,0.0,0.35706666666666664,7.056,6.0,0,19.930141181467448,55.0,0.11666666666666667,7000.0,0.0,0.0,0.0,47.66483761634195,optimal
2021-02-08 04:30:00,10,34,2.0,0.0,1.3127345360852198,0.064,5.271,6.0,0,19.985547432469204,55.0,0.11666666666666667,7000.0,0.0,0.0,0.0,48.240721683366075,optimal
2021-02-08 05:00:00,10,34,2.0,0.0,0.0,0.15733333333333335,7.938,6.0,0,20.036389436475446,55.0,0.11666666666666667,7000.0,0.0,0.0,0.0,48.192480961682705,optimal
2021-02-08 05:30:00,10,34,2.0,0.0,0.0,0.1376,7.938,6.0,0,20.088127100370322,55.0,0.11666666666666667,7000.0,0.0,0.0,0.0,48.144288480721016,optimal
2021-02-08 06:00:00,10,34,2.0,0.0,0.0,0.12533333333333332,11.907,6.0,0,20.139303243008982,55.0,0.11666666666666667,7000.0,0.0,0.0,0.0,48.096144192240295,optimal
2021-02-08 06:30:00,10,34,2.0,0.0,0.0,0.064,11.025,6.0,0,20.190024688021357,55.0,0.11666666666666667,7000.0,0.0,0.0,0.0,48.048048048048045,optimal
2021-02-08 07:00:00,10,34,2.0,0.0,0.0,0.34326666666666666,11.2875,6.0,0,20.239600994331965,55.0,0.09266666666666666,7000.0,0.0,0.0,0.0,48.0,optimal
2021-02-08 07:30:00,10,34,2.0,0.0,0.0,0.1166,12.936,6.0,0,20.299199470729704,55.0,0.08733333333333333,7000.0,0.0,0.0,0.0,47.68807108474786,optimal
2021-02-08 08:00:00,10,34,0.1789840516408905,0.0,0.0,0.06866666666666667,13.0095,6.0,0,20.354972618420618,55.0,0.068,626.4441807431167,0.0,0.0,0.0,47.376454098410974,optimal
2021-02-08 08:30:00,10,34,0.0,0.0,0.0,1.1969666666666667,13.671,6.0,0,20.316146163160994,55.0,0.06733333333333333,0.0,0.0,0.0,0.0,47.065148729060425,optimal
2021-02-08 09:00:00,10,34,0.0,0.0,0.0,2.7051,13.188,6.0,0,20.274249469478807,55.0,0.06733333333333333,0.0,0.0,0.0,0.0,46.75415466507923,optimal
2021-02-08 09:30:00,10,34,0.0,0.0,0.0,1.7434666666666667,13.8495,6.0,0,20.23434450883036,55.0,0.06533333333333333,0.0,0.0,0.0,0.0,46.44347159516201,optimal
2021-02-08 10:00:00,10,34,0.0,0.0,0.0,0.19013333333333332,13.23,6.0,0,20.192375837576623,55.0,0.05232,0.0,0.0,0.0,0.0,46.13309920831471,optimal
2021-02-08 10:30:00,10,34,0.0,0.0,0.0,0.32389999999999997,13.3665,6.0,0,20.149281471820533,55.0,0.048666666666666664,0.0,0.0,0.0,0.0,45.82303719385426,optimal
2021-02-08 11:00:00,10,34,2.0,0.0,0.0,0.30626666666666663,13.0515,6.0,0,20.10835687585649,55.0,0.04733333333333333,7000.0,0.0,0.0,0.0,45.51328524140827,optimal
2021-02-08 11:30:00,10,34,0.0,0.0,0.0,0.09216666666666669,13.5345,6.0,0,20.15802442327836,55.0,0.04733333333333333,0.0,0.0,0.0,0.0,45.20384304091473,optimal
2021-02-08 12:00:00,10,34,0.0,0.0,0.0,0.24880000000000002,14.154,6.0,0,20.110643966975868,55.0,0.04733333333333333,0.0,0.0,0.0,0.0,44.89471028262167,optimal
2021-02-08 12:30:00,10,34,0.0,0.0,0.0,1.1621333333333335,14.112,6.0,0,20.066920770437097,55.0,0.04533333333333334,0.0,0.0,0.0,0.0,44.58588665708692,optimal
2021-02-08 13:00:00,10,34,0.0,0.0,0.0,0.38826666666666665,14.2485,6.0,0,20.035885631086764,55.0,0.04533333333333334,0.0,0.0,0.0,0.0,44.27737185517769,optimal
2021-02-08 13:30:00,10,34,2.0,0.0,0.0,1.2229666666666668,12.789,6.0,0,20.0,55.0,0.043333333333333335,7000.0,0.0,0.0,0.0,43.96916556807037,optimal
2021-02-08 14:00:00,10,34,0.23900441618915735,0.0,0.0,0.3006666666666667,13.0095,6.0,0,20.065456895294513,55.0,0.043333333333333335,836.5154566620507,0.0,0.0,0.0,43.661267487250164,optimal
2021-02-08 14:30:00,10,34,2.0,0.0,0.0,1.0308,12.1275,6.0,0,20.040134164615928,55.0,0.042666666666666665,7000.0,0.0,0.0,0.0,43.353677304510775,optimal
2021-02-08 15:00:00,10,34,2.0,0.0,0.0,2.8266,12.348,6.0,0,20.102741177363335,55.0,0.042666666666666665,7000.0,0.0,0.0,0.0,43.04639471195413,optimal
2021-02-08 15:30:00,10,34,2.0,0.0,0.0,3.1799333333333335,12.348,6.0,0,20.17095477447714,55.0,0.04,7000.0,0.0,0.0,0.0,42.739419401990034,optimal
2021-02-08 16:00:00,10,34,0.0,0.0,0.0,0.346,25.389,6.0,0,20.24427368707487,55.0,0.03933333333333333,0.0,0.0,0.0,0.0,42.43275106733591,optimal
2021-02-08 16:30:00,10,34,0.0,0.0,0.0,1.7409000000000001,29.1375,6.0,0,20.210508944760065,55.0,0.03333333333333333,0.0,0.0,0.0,0.0,42.12638940101643,optimal
2021-02-08 17:00:00,10,34,0.0,0.0,0.0,0.4145,30.597,6.0,0,20.18505753086137,55.0,0.030666666666666665,0.0,0.0,0.0,0.0,41.820334096363275,optimal
2021-02-08 17:30:00,10,34,0.0,0.0,0.0,0.5305333333333333,33.684,6.0,0,20.150231180083797,55.0,0.03,0.0,0.0,0.0,0.0,41.514584847014774,optimal
2021-02-08 18:00:00,10,34,0.0,0.0,0.0,0.44006666666666666,32.445,6.0,0,20.116342058618002,55.0,0.026,0.0,0.0,0.0,0.0,41.20914134691562,optimal
2021-02-08 18:30:00,10,34,0.0,0.0,0.0,0.5268999999999999,28.917,6.0,0,20.07757375120463,55.0,0.024,0.0,0.0,0.0,0.0,40.90400329031657,optimal
2021-02-08 19:00:00,10,34,0.0,0.0,0.0,0.3561333333333333,15.876,6.0,0,20.039700195191028,55.0,0.0,0.0,0.0,0.0,0.0,40.599170371774115,optimal
2021-02-08 19:30:00,10,34,0.8930037506178439,0.0,0.0,0.256,12.348,6.0,0,20.0,55.0,0.0,2777.1797938291197,0.0,348.3333333333333,0.0,40.2946422861502,optimal
2021-02-08 20:00:00,10,34,2.0,0.0,0.0,0.34946666666666665,12.1275,6.0,0,20.0,55.0,0.03933416939915236,2680.579297788579,0.0,4319.4207022114215,0.0,39.990418728611914,optimal
2021-02-08 20:30:00,10,34,0.2587369422253081,0.0,0.0,0.3161333333333333,12.348,6.0,0,20.0,55.0,0.0,0.0,0.0,905.5792977885783,0.0,39.9504283098833,optimal
2021-02-08 21:00:00,10,34,0.17914285714285713,0.0,0.0,0.24266666666666664,12.1275,6.0,0,19.964599320196015,55.0,0.0,0.0,0.0,627.0,0.0,39.910477881573414,optimal
2021-02-08 21:30:00,10,34,0.0,0.0,0.0,0.3967333333333333,12.1275,6.0,0,19.927427619381938,55.0,0.0,0.0,0.0,0.0,0.0,39.87056740369184,optimal
2021-02-08 22:00:00,10,34,0.0,0.0,0.0,0.35153333333333336,11.2665,6.0,0,19.891904496789177,55.0,0.0,0.0,0.0,0.0,0.0,39.83069683628815,optimal
2021-02-08 22:30:00,10,34,0.0796190476190476,0.0,0.0,0.35013333333333335,10.143,6.0,0,19.855734550396054,55.0,0.0,0.0,0.0,278.66666666666663,0.0,39.79086613945186,optimal
2021-02-08 23:00:00,10,34,0.0,0.0,0.0,0.3470666666666667,11.2455,6.0,0,19.819908124713198,55.0,0.0,0.0,0.0,0.0,0.0,39.7510752733124,optimal
2021-02-08 23:30:00,10,34,0.0,0.0,0.0,0.1966,11.025,6.0,0,19.782368407197257,55.0,0.0,0.0,0.0,0.0,0.0,39.71132419803909,optimal
2021-02-09 00:00:00,10,34,2.0,0.0,3.0,0.061,10.584,6.0,0,19.782368407197257,55.0,0.0,7000.0,0.0,0.0,0.0,41.096612873841046,optimal
2021-02-09 00:30:00,10,34,2.0,0.0,3.0,0.1156,11.2455,6.0,0,19.830741296358376,55.0,0.06698564593301436,0.0,0.0,7000.0,0.0,42.4805162609672,optimal
2021-02-09 01:00:00,10,34,2.0,0.0,0.0,0.16,12.1275,6.0,0,19.78120734836749,55.0,0.1339712918660287,0.0,0.0,7000.0,0.0,42.438035744706234,optimal
2021-02-09 01:30:00,10,34,2.0,0.0,0.0,0.115,11.823,6.0,0,19.73257651772118,55.0,0.16733333333333333,3513.6666666666665,0.0,3486.3333333333335,0.0,42.395597708961525,optimal
2021-02-09 02:00:00,10,34,2.0,0.0,0.0,0.1366,11.7705,6.0,0,19.732701451554313,55.0,0.16733333333333333,7000.0,0.0,0.0,0.0,42.353202111252564,optimal
2021-02-09 02:30:00,10,34,2.0,0.0,3.0,0.193,11.13,6.0,0,19.78199992123861,55.0,0.16733333333333333,7000.0,0.0,0.0,0.0,43.73584890914131,optimal
2021-02-09 03:00:00,10,34,2.0,0.0,0.0,0.1366,11.6865,6.0,0,19.832095432218715,55.0,0.16733333333333333,7000.0,0.0,0.0,0.0,43.69211306023217,optimal
2021-02-09 03:30:00,10,34,2.0,0.0,3.0,0.061,10.7205,6.0,0,19.88139558963825,55.0,0.16733333333333333,7000.0,0.0,0.0,0.0,45.07342094717193,optimal
2021-02-09 04:00:00,10,34,2.0,0.0,0.8555420225301634,0.193,11.424,6.0,0,19.92977118805033,55.0,0.16733333333333333,7000.0,0.0,0.0,0.0,45.43472998692659,optimal
2021-02-09 04:30:00,10,34,2.0,0.0,3.0,0.082,10.689,6.0,0,19.980151401224976,55.0,0.16733333333333333,7000.0,0.0,0.0,0.0,46.81429525693965,optimal
2021-02-09 05:00:00,10,34,2.0,0.0,3.0,0.1156,11.361,6.0,0,20.028548012608216,55.0,0.16733333333333333,7000.0,0.0,0.0,0.0,48.192480961682705,optimal
2021-02-09 05:30:00,10,34,2.0,0.0,0.0,0.197,11.571,6.0,0,20.077005015625108,55.0,0.16733333333333333,7000.0,0.0,0.0,0.0,48.144288480721016,optimal
2021-02-09 06:00:00,10,34,0.20132049522469295,0.0,0.0,0.11523333333333333,14.3745,6.0,0,20.126418198986844,55.0,0.166,704.6217332864253,0.0,0.0,0.0,48.096144192240295,optimal
2021-02-09 06:30:00,10,34,2.0,0.0,0.0,0.34,13.23,6.0,0,20.08629841414934,55.0,0.162,7000.0,0.0,0.0,0.0,48.048048048048045,optimal
2021-02-09 07:00:00,10,34,2.0,0.0,0.0,0.38289999999999996,13.9755,6.0,0,20.141948520804156,55.0,0.14,7000.0,0.0,0.0,0.0,48.0,optimal
2021-02-09 07:30:00,10,34,0.0,0.0,0.0,0.239,14.994,6.0,0,20.197638502846598,55.0,0.09066666666666667,0.0,0.0,0.0,0.0,47.83967643482574,optimal
2021-02-09 08:00:00,10,34,2.0,0.0,0.0,0.26913333333333334,13.671,6.0,0,20.15230786003698,55.0,0.07066666666666667,7000.0,0.0,0.0,0.0,47.67951319321666,optimal
2021-02-09 08:30:00,10,34,0.0,0.0,0.0,1.3129666666666666,15.981,6.0,0,20.20682095886436,55.0,0.05466666666666667,0.0,0.0,0.0,0.0,47.51951011484918,optimal
2021-02-09 09:00:00,10,34,0.0,0.0,0.0,1.2289,15.6345,6.0,0,20.172448488193943,55.0,0.05466666666666667,0.0,0.0,0.0,0.0,47.35966703956008,optimal
2021-02-09 09:30:00,10,34,0.0,0.0,0.0,1.2350999999999999,16.5375,6.0,0,20.131551898851765,55.0,0.05266666666666667,0.0,0.0,0.0,0.0,47.199983807346264,optimal
2021-02-09 10:00:00,10,34,0.0,0.0,0.0,0.2424,14.7735,6.0,0,20.087078800110188,55.0,0.05266666666666667,0.0,0.0,0.0,0.0,47.04046025836466,optimal
2021-02-09 10:30:00,10,34,0.0,0.0,0.0,0.9797333333333332,15.2145,6.0,0,20.038058896786286,55.0,0.05266666666666667,0.0,0.0,0.0,0.0,46.88109623293204,optimal
2021-02-09 11:00:00,10,34,0.9375550651323623,0.0,0.0,0.36660000000000004,14.553,6.0,0,20.0,55.0,0.051333333333333335,3281.442727963268,0.0,0.0,0.0,46.72189157152485,optimal
2021-02-09 11:30:00,10,34,2.0,0.0,0.0,0.33423333333333327,14.3325,6.0,0,20.0,55.0,0.051333333333333335,7000.0,0.0,0.0,0.0,46.56284611477907,optimal
2021-02-09 12:00:00,10,34,1.0348933773272513,0.0,0.0,0.6965666666666667,14.595,6.0,0,20.052981518333542,55.0,0.050666666666666665,3622.1268206453797,0.0,0.0,0.0,46.40395970349003,optimal
2021-02-09 12:30:00,10,34,0.0,0.0,0.0,0.2338,14.994,6.0,0,20.063898771609303,55.0,0.04666666666666667,0.0,0.0,0.0,0.0,46.245232178612284,optimal
2021-02-09 13:00:00,10,34,2.0,0.0,0.0,0.2338,14.3325,6.0,0,20.017788211801857,55.0,0.04666666666666667,7000.0,0.0,0.0,0.0,46.08666338125941,optimal
2021-02-09 13:30:00,10,34,2.0,0.0,0.0,0.2048,13.8915,6.0,0,20.070679237738986,55.0,0.04666666666666667,7000.0,0.0,0.0,0.0,45.928253152703896,optimal
2021-02-09 14:00:00,10,34,2.0,0.0,0.0,0.107,13.8915,6.0,0,20.119956754867754,55.0,0.04666666666666667,7000.0,0.0,0.0,0.0,45.770001334376936,optimal
2021-02-09 14:30:00,10,34,2.0,0.0,0.0,0.1352,13.4715,6.0,0,20.167553335002264,55.0,0.04666666666666667,7000.0,0.0,0.0,0.0,45.6119077678683,optimal
2021-02-09 15:00:00,10,34,2.0,0.0,0.0,0.2144,13.23,6.0,0,20.215275657053258,55.0,0.04666666666666667,7000.0,0.0,0.0,0.0,45.453972294926174,optimal
2021-02-09 15:30:00,10,34,2.0,0.0,0.0,0.071,13.8915,6.0,0,20.26374089451474,55.0,0.04666666666666667,7000.0,0.0,0.0,0.0,45.29619475745699,optimal
2021-02-09 16:00:00,10,34,0.0,0.0,0.0,0.37360000000000004,26.9325,6.0,0,20.3100496061475,55.0,0.04666666666666667,0.0,0.0,0.0,0.0,45.138574997525275,optimal
2021-02-09 16:30:00,10,34,0.0,0.0,0.0,0.24516666666666662,30.303,6.0,0,20.26611077223758,55.0,0.04533333333333334,0.0,0.0,0.0,0.0,44.981112857353494,optimal
2021-02-09 17:00:00,10,34,0.0,0.0,0.0,0.2848,32.886,6.0,0,20.224821642697464,55.0,0.021653333333333333,0.0,0.0,0.0,0.0,44.82380817932189,optimal
2021-02-09 17:30:00,10,34,0.0,0.0,0.0,0.28613333333333335,34.9965,6.0,0,20.18399462654853,55.0,0.014,0.0,0.0,0.0,0.0,44.666660805968306,optimal
2021-02-09 18:00:00,10,34,0.0,0.0,0.0,0.11183333333333331,33.327,6.0,0,20.1442100149915,55.0,0.012666666666666666,0.0,0.0,0.0,0.0,44.50967057998808,optimal
2021-02-09 18:30:00,10,34,0.0,0.0,0.0,2.2712,31.122,6.0,0,20.09915297476369,55.0,0.006,0.0,0.0,0.0,0.0,44.35283734423383,optimal
2021-02-09 19:00:00,10,34,0.0,0.0,0.0,2.7756,17.9025,6.0,0,20.06444775002312,55.0,0.002666666666666666,0.0,0.0,0.0,0.0,44.19616094171534,optimal
2021-02-09 19:30:00,10,34,0.0,0.0,0.0,0.8871666666666667,15.6555,6.0,0,20.032568098845214,55.0,0.002666666666666666,0.0,0.0,0.0,0.0,44.03964121559937,optimal
2021-02-09 20:00:00,10,34,0.7554961448036048,0.0,0.0,0.3128,14.553,6.0,0,20.0,55.0,0.002666666666666666,2644.236506812617,0.0,0.0,0.0,43.88327800920951,optimal
2021-02-09 20:30:00,10,34,0.0,0.0,0.0,0.3339,14.3325,6.0,0,20.0,55.0,0.0,0.0,0.0,0.0,0.0,43.72707116602604,optimal
2021-02-09 21:00:00,10,34,0.0,0.0,0.0,0.14363333333333334,13.335,6.0,0,19.962066639110606,55.0,0.0,0.0,0.0,0.0,0.0,43.57102052968576,optimal
2021-02-09 21:30:00,10,34,0.0796190476190476,0.0,0.0,0.2657,12.1275,6.0,0,19.921050743402077,55.0,0.002666666666666666,0.0,0.0,278.66666666666663,0.0,43.41512594398182,optimal
2021-02-09 22:00:00,10,34,0.0,0.0,0.0,1.6494000000000002,12.2955,6.0,0,19.882546408072056,55.0,0.0,0.0,0.0,0.0,0.0,43.37171081803784,optimal
2021-02-09 22:30:00,10,34,0.6369523809523808,0.0,0.0,0.6536333333333333,11.6865,6.0,0,19.84976335983849,55.0,0.0,0.0,0.0,2229.333333333333,0.0,43.328339107219804,optimal
2021-02-09 23:00:00,10,34,0.0,0.0,0.0,0.0752,11.466,6.0,0,19.817106350521232,55.0,0.0,0.0,0.0,0.0,0.0,43.285010768112585,optimal
2021-02-09 23:30:00,10,34,0.0,0.0,0.0,0.1424,10.8045,6.0,0,19.76822329203842,55.0,0.0,0.0,0.0,0.0,0.0,43.241725757344476,optimal
2021-02-10 00:00:00,10,34,2.0,0.0,2.461530759498936,0.184,10.8045,6.0,0,19.76822329203842,55.0,0.0,6860.666666666667,0.0,139.33333333333331,0.0,44.36771114234912,optimal
2021-02-10 00:30:00,10,34,2.0,0.0,0.0,0.10313333333333334,11.508,6.0,0,19.81898685655196,55.0,0.06698564593301436,0.0,0.0,7000.0,0.0,44.32334343120677,optimal
2021-02-10 01:00:00,10,34,2.0,0.0,0.0,0.11006666666666666,11.508,6.0,0,19.76952356650352,55.0,0.11266666666666666,2226.333333333333,0.0,4773.666666666667,0.0,44.279020087775564,optimal
2021-02-10 01:30:00,10,34,2.0,0.0,0.0,0.10959999999999999,11.508,6.0,0,19.751402558225983,55.0,0.11266666666666666,7000.0,0.0,0.0,0.0,44.234741067687786,optimal
2021-02-10 02:00:00,10,34,2.0,0.0,0.0,0.11886666666666666,11.844,6.0,0,19.80034274023444,55.0,0.11266666666666666,7000.0,0.0,0.0,0.0,44.190506326620095,optimal
2021-02-10 02:30:00,10,34,2.0,0.0,0.0,0.14273333333333332,11.508,6.0,0,19.84899876582404,55.0,0.11266666666666666,7000.0,0.0,0.0,0.0,44.14631582029347,optimal
2021-02-10 03:00:00,10,34,2.0,0.0,0.0,0.12340000000000001,11.508,6.0,0,19.89771476920236,55.0,0.11266666666666666,7000.0,0.0,0.0,0.0,44.102169504473174,optimal
2021-02-10 03:30:00,10,34,2.0,0.0,3.0,0.138,10.4475,6.0,0,19.946093039550597,55.0,0.11266666666666666,7000.0,0.0,0.0,0.0,45.483067334968695,optimal
2021-02-10 04:00:00,10,34,2.0,0.0,3.0,0.1564,10.8675,6.0,0,19.994612885727236,55.0,0.11266666666666666,7000.0,0.0,0.0,0.0,46.86258426763372,optimal
2021-02-10 04:30:00,10,34,2.0,0.0,3.0,0.052,10.542,6.0,0,20.043256996693536,55.0,0.11266666666666666,7000.0,0.0,0.0,0.0,48.240721683366075,optimal
2021-02-10 05:00:00,10,34,2.0,0.0,0.0,0.1873333333333333,11.025,6.0,0,20.090015382993197,55.0,0.11266666666666666,7000.0,0.0,0.0,0.0,48.192480961682705,optimal
2021-02-10 05:30:00,10,34,2.0,0.0,0.0,0.08346666666666668,11.025,6.0,0,20.138272888350034,55.0,0.11266666666666666,7000.0,0.0,0.0,0.0,48.144288480721016,optimal
2021-02-10 06:00:00,10,34,2.0,0.0,0.0,0.062,14.553,6.0,0,20.184653264277152,55.0,0.11266666666666666,7000.0,0.0,0.0,0.0,48.096144192240295,optimal
2021-02-10 06:30:00,10,34,2.0,0.0,0.0,0.3178,13.0935,6.0,0,20.23018238281497,55.0,0.11266666666666666,7000.0,0.0,0.0,0.0,48.048048048048045,optimal
2021-02-10 07:00:00,10,34,2.0,0.0,0.0,0.32106666666666667,15.6345,6.0,0,20.28035396789275,55.0,0.09533333333333334,7000.0,0.0,0.0,0.0,48.0,optimal
2021-02-10 07:30:00,10,34,0.0,0.0,0.0,0.2722,18.102,6.0,0,20.33398454487565,55.0,0.09,0.0,0.0,0.0,0.0,47.92202322788989,optimal
2021-02-10 08:00:00,10,34,0.0,0.0,0.0,0.20533333333333328,17.199,6.0,0,20.2888564241339,55.0,0.08764,0.0,0.0,0.0,0.0,47.84412443255189,optimal
2021-02-10 08:30:00,10,34,0.0,0.0,0.0,0.10433333333333332,18.2805,6.0,0,20.235200176431917,55.0,0.08764,0.0,0.0,0.0,0.0,47.766303536009225,optimal
2021-02-10 09:00:00,10,34,0.0,0.0,0.0,0.1904,17.4615,6.0,0,20.179163041295855,55.0,0.08764,0.0,0.0,0.0,0.0,47.68856046036311,optimal
2021-02-10 09:30:00,10,34,0.0,0.0,0.0,0.1004,18.3225,6.0,0,20.125140077294773,55.0,0.08764,0.0,0.0,0.0,0.0,47.61089512779263,optimal
2021-02-10 10:00:00,10,34,2.0,0.0,0.0,0.1196,17.094,6.0,0,20.070555798497246,55.0,0.08764,7000.0,0.0,0.0,0.0,47.53330746055473,optimal
2021-02-10 10:30:00,10,34,2.0,0.0,0.0,0.10133333333333332,17.094,6.0,0,20.1157745906897,55.0,0.08764,7000.0,0.0,0.0,0.0,47.455797380984066,optimal
2021-02-10 11:00:00,10,34,2.0,0.0,0.0,0.09346666666666668,17.094,6.0,0,20.16102768296753,55.0,0.08764,7000.0,0.0,0.0,0.0,47.37836481149297,optimal
2021-02-10 11:30:00,10,34,0.5842955054800794,0.0,0.0,0.08953333333333333,17.3565,6.0,0,20.20656000216634,55.0,0.08764,2045.0342691802775,0.0,0.0,0.0,47.30100967457137,optimal
2021-02-10 12:00:00,10,34,2.0,0.0,0.0,0.20126666666666668,17.115,6.0,0,20.18233693695932,55.0,0.08764,7000.0,0.0,0.0,0.0,47.22373189278669,optimal
2021-02-10 12:30:00,10,34,2.0,0.0,0.0,0.20096666666666668,17.241,6.0,0,20.23001376670002,55.0,0.086,7000.0,0.0,0.0,0.0,47.14653138878379,optimal
2021-02-10 13:00:00,10,34,2.0,0.0,0.0,0.44380000000000003,17.094,6.0,0,20.28100742736745,55.0,0.086,7000.0,0.0,0.0,0.0,47.0694080852849,optimal
2021-02-10 13:30:00,10,34,2.0,0.0,0.0,0.20613333333333334,16.5165,6.0,0,20.336054566579705,55.0,0.086,7000.0,0.0,0.0,0.0,46.9923619050895,optimal
2021-02-10 14:00:00,10,34,0.0,0.0,0.0,0.2392,17.8185,6.0,0,20.389894353530387,55.0,0.086,0.0,0.0,0.0,0.0,46.9153927710743,optimal
2021-02-10 14:30:00,10,34,2.0,0.0,0.0,1.1054666666666666,17.094,6.0,0,20.344382398106763,55.0,0.086,7000.0,0.0,0.0,0.0,46.838500606193115,optimal
2021-02-10 15:00:00,10,34,2.0,0.0,0.0,1.0228,16.8945,6.0,0,20.399104072988223,55.0,0.03333333333333333,7000.0,0.0,0.0,0.0,46.76168533347681,optimal
2021-02-10 15:30:00,10,34,0.0,0.0,0.0,0.2352,18.123,6.0,0,20.456090043416705,55.0,0.03133333333333333,0.0,0.0,0.0,0.0,46.68494687603322,optimal
2021-02-10 16:00:00,10,34,0.0,0.0,0.0,0.5123,31.647,6.0,0,20.40903728099131,55.0,0.029333333333333333,0.0,0.0,0.0,0.0,46.60828515704708,optimal
2021-02-10 16:30:00,10,34,0.0,0.0,0.0,0.39353333333333335,34.9965,6.0,0,20.367928961637666,55.0,0.028,0.0,0.0,0.0,0.0,46.53170009977992,optimal
2021-02-10 17:00:00,10,34,0.0,0.0,0.0,0.4967,34.9965,6.0,0,20.324945945034116,55.0,0.028,0.0,0.0,0.0,0.0,46.45519162757003,optimal
2021-02-10 17:30:00,10,34,0.0,0.0,0.0,0.116,34.9965,6.0,0,20.284391209905362,55.0,0.028,0.0,0.0,0.0,0.0,46.37875966383235,optimal
2021-02-10 18:00:00,10,34,0.0,0.0,0.0,0.062,34.9965,6.0,0,20.233411842382363,55.0,0.028,0.0,0.0,0.0,0.0,46.302404132058406,optimal
2021-02-10 18:30:00,10,34,0.0,0.0,0.0,0.2276,34.9965,6.0,0,20.179007836295458,55.0,0.01,0.0,0.0,0.0,0.0,46.22612495581624,optimal
2021-02-10 19:00:00,10,34,0.0,0.0,0.0,0.1829333333333333,27.741,6.0,0,20.13231025969689,55.0,0.007333333333333333,0.0,0.0,0.0,0.0,46.14992205875031,optimal
2021-02-10 19:30:00,10,34,0.0,0.0,0.0,0.4391333333333333,19.026,6.0,0,20.086191202981944,55.0,0.0033333333333333335,0.0,0.0,0.0,0.0,46.07379536458145,optimal
2021-02-10 20:00:00,10,34,0.0,0.0,0.0,0.39653333333333335,18.7215,6.0,0,20.044429473229755,55.0,0.002,0.0,0.0,0.0,0.0,45.997744797106755,optimal
2021-02-10 20:30:00,10,34,0.0,0.0,0.0,0.37010000000000004,17.4195,6.0,0,20.0,55.0,0.002,0.0,0.0,0.0,0.0,45.92177028019954,optimal
2021-02-10 21:00:00,10,34,0.0,0.0,0.0,0.4396666666666667,16.758,6.0,0,19.95439292590986,55.0,0.0,0.0,0.0,0.0,0.0,45.845871737809226,optimal
2021-02-10 21:30:00,10,34,0.0,0.0,0.0,0.34713333333333335,14.217,6.0,0,19.91256954997805,55.0,0.0,0.0,0.0,0.0,0.0,45.770049093961305,optimal
2021-02-10 22:00:00,10,34,0.0,0.0,0.0,0.27493333333333336,13.3665,6.0,0,19.866815070446165,55.0,0.0,0.0,0.0,0.0,0.0,45.694302272757234,optimal
2021-02-10 22:30:00,10,34,0.0796190476190476,0.0,0.0,0.4052,12.789,6.0,0,19.815623566064,55.0,0.0,0.0,0.0,278.66666666666663,0.0,45.64860797048448,optimal
2021-02-10 23:00:00,10,34,0.0,0.0,0.0,0.24459999999999998,11.907,6.0,0,19.767819993731084,55.0,0.0,0.0,0.0,0.0,0.0,45.60295936251399,optimal
2021-02-10 23:30:00,10,34,0.0,0.0,0.0,0.20646666666666666,11.7075,6.0,0,19.714976012276693,55.0,0.0,0.0,0.0,0.0,0.0,45.55735640315148,optimal
2021-02-11 00:00:00,10,34,2.0,0.0,0.0,0.177,11.025,6.0,0,19.714976012276693,55.0,0.0,7000.0,0.0,0.0,0.0,45.51179904674833,optimal
2021-02-11 00:30:00,10,34,2.0,0.0,0.0,0.057,12.0855,6.0,0,19.753207853450718,55.0,0.027333333333333334,4143.666666666666,0.0,2856.3333333333335,0.0,45.46628724770158,optimal
2021-02-11 01:00:00,10,34,2.0,0.0,0.0,0.057,11.6865,6.0,0,19.749653460204343,55.0,0.027333333333333334,7000.0,0.0,0.0,0.0,45.42082096045388,optimal
2021-02-11 01:30:00,10,34,2.0,0.0,0.0,0.177,11.2245,6.0,0,19.786654041204645,55.0,0.027333333333333334,7000.0,0.0,0.0,0.0,45.37540013949343,optimal
2021-02-11 02:00:00,10,34,2.0,0.0,0.0,0.057,11.025,6.0,0,19.825243253008555,55.0,0.027333333333333334,7000.0,0.0,0.0,0.0,45.33002473935394,optimal
2021-02-11 02:30:00,10,34,2.0,0.0,0.7144996221993881,0.099,10.7835,6.0,0,19.86203332000536,55.0,0.027333333333333334,7000.0,0.0,0.0,0.0,45.62408203515929,optimal
2021-02-11 03:00:00,10,34,2.0,0.0,0.0,0.135,11.025,6.0,0,19.89903451961107,55.0,0.027333333333333334,7000.0,0.0,0.0,0.0,45.57845795312413,optimal
2021-02-11 03:30:00,10,34,2.0,0.0,3.0,0.057,10.584,6.0,0,19.93616168004762,55.0,0.027333333333333334,7000.0,0.0,0.0,0.0,46.957879495171,optimal
2021-02-11 04:00:00,10,34,2.0,0.0,0.0,0.057,11.025,6.0,0,19.972782092101777,55.0,0.027333333333333334,7000.0,0.0,0.0,0.0,46.910921615675825,optimal
2021-02-11 04:30:00,10,34,2.0,0.0,3.0,0.177,10.4265,6.0,0,20.00999675623227,55.0,0.027333333333333334,7000.0,0.0,0.0,0.0,48.289010694060146,optimal
2021-02-11 05:00:00,10,34,2.0,0.0,0.0,0.057,12.789,6.0,0,20.04879945495496,55.0,0.027333333333333334,7000.0,0.0,0.0,0.0,48.240721683366075,optimal
2021-02-11 05:30:00,10,34,2.0,0.0,0.0,0.057,12.684,6.0,0,20.085802414319556,55.0,0.027333333333333334,7000.0,0.0,0.0,0.0,48.192480961682705,optimal
2021-02-11 06:00:00,10,34,2.0,0.0,0.0,0.16373333333333331,16.254,6.0,0,20.12339856038429,55.0,0.027333333333333334,7000.0,0.0,0.0,0.0,48.144288480721016,optimal
2021-02-11 06:30:00,10,34,2.0,0.0,0.0,0.135,17.64,6.0,0,20.16285349419636,55.0,0.022,7000.0,0.0,0.0,0.0,48.096144192240295,optimal
2021-02-11 07:00:00,10,34,0.7039390174495298,0.0,0.0,0.123,19.1625,6.0,0,20.204301320416853,55.0,0.016,2463.7865610733543,0.0,0.0,0.0,48.048048048048045,optimal
2021-02-11 07:30:00,10,34,0.0,0.0,0.0,0.9298666666666668,26.46,6.0,0,20.18409207725708,55.0,0.011333333333333334,0.0,0.0,0.0,0.0,48.0,optimal
2021-02-11 08:00:00,10,34,0.0,0.0,0.0,0.21359999999999998,20.79,6.0,0,20.13158089937821,55.0,0.007333333333333333,0.0,0.0,0.0,0.0,47.823727299112754,optimal
2021-02-11 08:30:00,10,34,0.0,0.0,0.0,0.06236666666666667,29.106,6.0,0,20.073676661864205,55.0,0.006666666666666667,0.0,0.0,0.0,0.0,47.6476308709264,optimal
2021-02-11 09:00:00,10,34,2.0,0.0,0.0,0.34936666666666666,19.1835,6.0,0,20.014838425892947,55.0,0.006666666666666667,7000.0,0.0,0.0,0.0,47.47171053916823,optimal
2021-02-11 09:30:00,10,34,0.0,0.0,0.0,0.117,19.6665,6.0,0,20.05747986243887,55.0,0.006666666666666667,0.0,0.0,0.0,0.0,47.29596612774181,optimal
2021-02-11 10:00:00,10,34,1.0823535403141398,0.0,0.0,0.057,19.404,6.0,0,20.0,55.0,0.006666666666666667,3788.237391099489,0.0,0.0,0.0,47.12039746072683,optimal
2021-02-11 10:30:00,10,34,2.0,0.0,0.0,0.057,19.047,6.0,0,20.0,55.0,0.006666666666666667,7000.0,0.0,0.0,0.0,46.94500436237886,optimal
2021-02-11 11:00:00,10,34,2.0,0.0,0.0,0.177,18.858,6.0,0,20.043606200646614,55.0,0.006666666666666667,7000.0,0.0,0.0,0.0,46.76978665712924,optimal
2021-02-11 11:30:00,10,34,0.009539042597846563,0.0,0.0,0.057,19.2675,6.0,0,20.08724338271724,55.0,0.006666666666666667,33.386649092462974,0.0,0.0,0.0,46.594744169584864,optimal
2021-02-11 12:00:00,10,34,2.0,0.0,0.0,0.057,18.963,6.0,0,20.03294565671279,55.0,0.006666666666666667,7000.0,0.0,0.0,0.0,46.41987672452804,optimal
2021-02-11 12:30:00,10,34,2.0,0.0,0.0,0.177,18.438,6.0,0,20.079199719870548,55.0,0.006666666666666667,7000.0,0.0,0.0,0.0,46.245184146916266,optimal
2021-02-11 13:00:00,10,34,2.0,0.0,0.0,0.057,18.7425,6.0,0,20.128826862627115,55.0,0.006666666666666667,7000.0,0.0,0.0,0.0,46.0706662618821,optimal
2021-02-11 13:30:00,10,34,2.0,0.0,0.0,0.177,15.2145,6.0,0,20.17837680749259,55.0,0.006666666666666667,7000.0,0.0,0.0,0.0,45.896322894732975,optimal
2021-02-11 14:00:00,10,34,2.0,0.0,0.0,0.057,17.7765,6.0,0,20.229758929053762,55.0,0.006666666666666667,7000.0,0.0,0.0,0.0,45.722153870951,optimal
2021-02-11 14:30:00,10,34,2.0,0.0,0.0,0.171,16.758,6.0,0,20.279596885493703,55.0,0.006666666666666667,7000.0,0.0,0.0,0.0,45.548159016192805,optimal
2021-02-11 15:00:00,10,34,2.0,0.0,0.0,0.07233333333333333,16.422,6.0,0,20.32984382021291,55.0,0.006666666666666667,7000.0,0.0,0.0,0.0,45.37433815628937,optimal
2021-02-11 15:30:00,10,34,2.0,0.0,0.0,0.069,16.758,6.0,0,20.377518279082857,55.0,0.006666666666666667,7000.0,0.0,0.0,0.0,45.20069111724584,optimal
2021-02-11 16:00:00,10,34,0.0,0.0,0.0,0.165,29.358,6.0,0,20.42185727114078,55.0,0.006666666666666667,0.0,0.0,0.0,0.0,45.02721772524135,optimal
2021-02-11 16:30:00,10,34,0.0,0.0,0.0,0.05733333333333333,34.9965,6.0,0,20.365409112399572,55.0,0.006666666666666667,0.0,0.0,0.0,0.0,44.853917806628864,optimal
2021-02-11 17:00:00,10,34,0.0,0.0,0.0,0.181,34.65,6.0,0,20.30508919350718,55.0,0.006666666666666667,0.0,0.0,0.0,0.0,44.68079118793499,optimal
2021-02-11 17:30:00,10,34,0.0,0.0,0.0,0.1076,34.9965,6.0,0,20.243958968136788,55.0,0.004666666666666667,0.0,0.0,0.0,0.0,44.50783769585981,optimal
2021-02-11 18:00:00,10,34,0.0,0.0,0.0,0.09296666666666668,34.9965,6.0,0,20.182844408175637,55.0,0.0006666666666666665,0.0,0.0,0.0,0.0,44.33505715727671,optimal
2021-02-11 18:30:00,10,34,0.0,0.0,0.0,1.4939333333333333,30.4815,6.0,0,20.122458485696967,55.0,0.0,0.0,0.0,0.0,0.0,44.16244939923219,optimal
2021-02-11 19:00:00,10,34,0.0,0.0,0.0,0.2932,21.4305,6.0,0,20.06568039001571,55.0,0.0,0.0,0.0,0.0,0.0,43.99001424894571,optimal
2021-02-11 19:30:00,10,34,1.3791056873974918,0.0,0.0,0.15103333333333332,14.3325,6.0,0,20.0,55.0,0.0,4826.869905891222,0.0,0.0,0.0,43.81775153380952,optimal
2021-02-11 20:00:00,10,34,1.3818033442246591,0.0,0.0,0.20163333333333333,13.692,6.0,0,20.0,55.0,0.0,4836.311704786307,0.0,0.0,0.0,43.64566108138847,optimal
2021-02-11 20:30:00,10,34,0.0,0.0,0.0,0.3339,14.007,6.0,0,20.0,55.0,0.0,0.0,0.0,0.0,0.0,43.47374271941983,optimal
2021-02-11 21:00:00,10,34,0.09952380952380951,0.0,0.0,0.3196333333333333,12.873,6.0,0,19.93527522257059,55.0,0.0,0.0,0.0,348.3333333333333,0.0,43.30199627581317,optimal
2021-02-11 21:30:00,10,34,0.05971428571428571,0.0,0.0,1.2191666666666667,12.684,6.0,0,19.872437721992885,55.0,0.0,0.0,0.0,209.0,0.0,43.13042157865011,optimal
2021-02-11 22:00:00,10,34,0.0,0.0,0.0,0.234,12.306,6.0,0,19.81385455515008,55.0,0.0,0.0,0.0,0.0,0.0,43.087291157071455,optimal
2021-02-11 22:30:00,10,34,0.05971428571428571,0.0,0.0,0.49960000000000004,10.6365,6.0,0,19.75201852891995,55.0,0.0,0.0,0.0,209.0,0.0,43.04420386591438,optimal
2021-02-11 23:00:00,10,34,0.0,0.0,0.0,0.32566666666666666,11.2455,6.0,0,19.69175356889303,55.0,0.0,0.0,0.0,0.0,0.0,43.00115966204847,optimal
2021-02-11 23:30:00,10,34,0.0,0.0,0.0,0.06266666666666666,11.2455,6.0,0,19.628095118682626,55.0,0.0,0.0,0.0,0.0,0.0,42.958158502386425,optimal
2021-02-12 00:00:00,10,34,2.0,0.0,0.0,0.0756,10.3635,6.0,0,19.628095118682626,55.0,0.0,7000.0,0.0,0.0,0.0,42.91520034388404,optimal
2021-02-12 00:30:00,10,34,2.0,0.0,0.0,0.207,10.8045,6.0,0,19.65740472852989,55.0,0.03133333333333333,3725.6666666666665,0.0,3274.3333333333335,0.0,42.872285143540154,optimal
2021-02-12 01:00:00,10,34,2.0,0.0,0.0,0.061,11.025,6.0,0,19.64232584694377,55.0,0.03133333333333333,7000.0,0.0,0.0,0.0,42.829412858396616,optimal
2021-02-12 01:30:00,10,34,2.0,0.0,0.14501705890561306,0.061,10.3635,6.0,0,19.671390004344428,55.0,0.03133333333333333,7000.0,0.0,0.0,0.0,42.85546654851838,optimal
2021-02-12 02:00:00,10,34,2.0,0.0,0.0,0.2216,10.8045,6.0,0,19.70065171471703,55.0,0.03133333333333333,7000.0,0.0,0.0,0.0,42.81261108196986,optimal
2021-02-12 02:30:00,10,34,2.0,0.0,3.0,0.061,10.059,6.0,0,19.732374453830214,55.0,0.03133333333333333,7000.0,0.0,0.0,0.0,44.19479847088789,optimal
2021-02-12 03:00:00,10,34,2.0,0.0,0.0,0.061,10.584,6.0,0,19.762580306502194,55.0,0.03133333333333333,7000.0,0.0,0.0,0.0,44.15060367241699,optimal
2021-02-12 03:30:00,10,34,2.0,0.0,3.0,0.2216,9.4185,6.0,0,19.793537523134408,55.0,0.03133333333333333,7000.0,0.0,0.0,0.0,45.531453068744575,optimal
2021-02-12 04:00:00,10,34,2.0,0.0,3.0,0.061,10.3635,6.0,0,19.828622018269456,55.0,0.03133333333333333,7000.0,0.0,0.0,0.0,46.910921615675825,optimal
2021-02-12 04:30:00,10,34,2.0,0.0,3.0,0.1559,9.8385,6.0,0,19.863294245742942,55.0,0.03133333333333333,7000.0,0.0,0.0,0.0,48.289010694060146,optimal
2021-02-12 05:00:00,10,34,2.0,0.0,0.0,0.1267,11.067,6.0,0,19.901157213157727,55.0,0.03133333333333333,7000.0,0.0,0.0,0.0,48.240721683366075,optimal
2021-02-12 05:30:00,10,34,2.0,0.0,0.0,0.061,10.8465,6.0,0,19.9404525598604,55.0,0.03133333333333333,7000.0,0.0,0.0,0.0,48.192480961682705,optimal
2021-02-12 06:00:00,10,34,2.0,0.0,0.0,0.134,13.671,6.0,0,19.98094024066915,55.0,0.03133333333333333,7000.0,0.0,0.0,0.0,48.144288480721016,optimal
2021-02-12 06:30:00,10,34,2.0,0.0,0.0,0.14859999999999998,12.348,6.0,0,20.02457223012354,55.0,0.03133333333333333,7000.0,0.0,0.0,0.0,48.096144192240295,optimal
2021-02-12 07:00:00,10,34,2.0,0.0,0.0,0.05966666666666666,14.3325,6.0,0,20.06856702236591,55.0,0.028666666666666667,7000.0,0.0,0.0,0.0,48.048048048048045,optimal
2021-02-12 07:30:00,10,34,0.0,0.0,0.0,0.26689999999999997,15.393,6.0,0,20.112150135296474,55.0,0.019333333333333334,0.0,0.0,0.0,0.0,48.0,optimal
2021-02-12 08:00:00,10,34,2.0,0.0,0.0,0.22719999999999999,13.587,6.0,0,20.059357916944784,55.0,0.006,7000.0,0.0,0.0,0.0,47.74764522933003,optimal
2021-02-12 08:30:00,10,34,0.0,0.0,0.0,0.24919999999999998,16.1385,6.0,0,20.102030073185766,55.0,0.004,0.0,0.0,0.0,0.0,47.49554281343074,optimal
2021-02-12 09:00:00,10,34,1.2082954813083275,0.0,0.0,0.6257333333333334,14.595,6.0,0,20.044469405848766,55.0,0.0,4229.034184579146,0.0,0.0,0.0,47.24369249994734,optimal
2021-02-12 09:30:00,10,34,0.0,0.0,0.0,0.193,14.637,6.0,0,20.05195432832348,55.0,0.0,0.0,0.0,0.0,0.0,46.99209403677743,optimal
2021-02-12 10:00:00,10,34,0.9031554558349693,0.0,0.0,0.31710000000000005,13.9125,6.0,0,20.0,55.0,0.0,3161.0440954223927,0.0,0.0,0.0,46.74074717207069,optimal
2021-02-12 10:30:00,10,34,0.8772542464690317,0.0,0.0,0.239,13.3665,6.0,0,20.0,55.0,0.0,3070.389862641611,0.0,0.0,0.0,46.48965165422865,optimal
2021-02-12 11:00:00,10,34,2.0,0.0,0.0,0.208,13.0095,6.0,0,20.0,55.0,0.0033333333333333327,6442.666666666667,0.0,557.3333333333333,0.0,46.23880723190446,optimal
2021-02-12 11:30:00,10,34,0.0,0.0,0.0,0.35910000000000003,13.8915,6.0,0,20.047896984462493,55.0,0.002666666666666666,0.0,0.0,0.0,0.0,45.98821365400259,optimal
2021-02-12 12:00:00,10,34,0.8195301197833413,0.0,0.0,0.193,13.188,6.0,0,20.006062540022153,55.0,0.0,2868.3554192416946,0.0,0.0,0.0,45.73787066967862,optimal
2021-02-12 12:30:00,10,34,1.8963229102049262,0.0,0.0,0.131,12.5685,6.0,0,20.0,55.0,0.028052314869153,3357.329948557419,0.0,3279.8002371598222,0.0,45.48777802833898,optimal
2021-02-12 13:00:00,10,34,2.0,0.0,0.0,0.2296,12.285,6.0,0,20.0,55.0,0.06400095477257131,3243.3671300927876,0.0,3756.632869907213,0.0,45.237935479640676,optimal
2021-02-12 13:30:00,10,34,2.0,0.0,0.0,0.9167333333333333,11.487,6.0,0,20.0,55.0,0.07333333333333333,6024.766440400368,0.0,975.2335595996319,0.0,44.98834277349107,optimal
2021-02-12 14:00:00,10,34,2.0,0.0,0.0,0.6121666666666666,11.802,6.0,0,20.05085897099893,55.0,0.06466666666666666,7000.0,0.0,0.0,0.0,44.73899966004761,optimal
2021-02-12 14:30:00,10,34,2.0,0.0,0.0,0.253,11.2245,6.0,0,20.11377742006843,55.0,0.06466666666666666,7000.0,0.0,0.0,0.0,44.4899058897176,optimal
2021-02-12 15:00:00,10,34,2.0,0.0,0.0,0.089,11.025,6.0,0,20.170346189315087,55.0,0.06466666666666666,7000.0,0.0,0.0,0.0,44.24106121315791,optimal
2021-02-12 15:30:00,10,34,2.0,0.0,0.0,0.14413333333333334,11.907,6.0,0,20.223951438897032,55.0,0.06466666666666666,7000.0,0.0,0.0,0.0,43.99246538127479,optimal
2021-02-12 16:00:00,10,34,0.0,0.0,0.0,0.4095,25.83,6.0,0,20.27787496774307,55.0,0.06466666666666666,0.0,0.0,0.0,0.0,43.74411814522355,optimal
2021-02-12 16:30:00,10,34,0.0,0.0,0.0,0.20916666666666664,28.035,6.0,0,20.2394638714155,55.0,0.06466666666666666,0.0,0.0,0.0,0.0,43.49601925640837,optimal
2021-02-12 17:00:00,10,34,0.0,0.0,0.0,0.2556,28.119,6.0,0,20.1969178854093,55.0,0.03866666666666667,0.0,0.0,0.0,0.0,43.45252323715196,optimal
2021-02-12 17:30:00,10,34,0.0,0.0,0.0,0.4373333333333333,30.156,6.0,0,20.158168306056826,55.0,0.03,0.0,0.0,0.0,0.0,43.40907071391481,optimal
2021-02-12 18:00:00,10,34,0.0,0.0,0.0,1.0126666666666666,29.1585,6.0,0,20.12262689340701,55.0,0.029333333333333333,0.0,0.0,0.0,0.0,43.365661643200895,optimal
2021-02-12 18:30:00,10,34,0.0,0.0,0.0,0.6896,26.712,6.0,0,20.095956019674126,55.0,0.00764,0.0,0.0,0.0,0.0,43.322295981557694,optimal
2021-02-12 19:00:00,10,34,0.0,0.0,0.0,0.6107,15.435,6.0,0,20.06557555416756,55.0,0.005333333333333333,0.0,0.0,0.0,0.0,43.27897368557613,optimal
2021-02-12 19:30:00,10,34,0.0,0.0,0.0,0.32366666666666666,13.566,6.0,0,20.034635765941008,55.0,0.004,0.0,0.0,0.0,0.0,43.23569471189056,optimal
2021-02-12 20:00:00,10,34,0.6450536466715001,0.0,0.0,0.5141,12.789,6.0,0,20.0,55.0,0.0,2257.6877633502504,0.0,0.0,0.0,43.19245901717867,optimal
2021-02-12 20:30:00,10,34,0.09952380952380951,0.0,0.0,0.332,12.1275,6.0,0,20.0,55.0,0.001333333333333333,0.0,0.0,348.3333333333333,0.0,43.14926655816149,optimal
2021-02-12 21:00:00,10,34,0.0,0.0,0.0,0.361,13.671,6.0,0,19.962065292316353,55.0,0.0,0.0,0.0,0.0,0.0,43.10611729160333,optimal
2021-02-12 21:30:00,10,34,0.0,0.0,0.0,0.5183333333333334,10.668,6.0,0,19.923657308986506,55.0,0.0,0.0,0.0,0.0,0.0,43.06301117431173,optimal
2021-02-12 22:00:00,10,34,0.0,0.0,0.0,0.071,11.7285,6.0,0,19.88585125951703,55.0,0.0,0.0,0.0,0.0,0.0,43.01994816313742,optimal
2021-02-12 22:30:00,10,34,0.0,0.0,0.0,0.1951,11.025,6.0,0,19.83393681747094,55.0,0.0,0.0,0.0,0.0,0.0,42.976928214974286,optimal
2021-02-12 23:00:00,10,34,0.0,0.0,0.0,0.1075,10.689,6.0,0,19.783916429287817,55.0,0.0,0.0,0.0,0.0,0.0,42.93395128675931,optimal
2021-02-12 23:30:00,10,34,0.0,0.0,0.0,0.071,8.1585,6.0,0,19.732800422281386,55.0,0.0,0.0,0.0,0.0,0.0,42.89101733547255,optimal
2021-02-13 00:00:00,10,34,2.0,0.0,0.0,0.06213333333333333,9.3975,6.0,0,19.732800422281386,55.0,0.0,7000.0,0.0,0.0,0.0,42.848126318137076,optimal
2021-02-13 00:30:00,10,34,2.0,0.0,0.0,0.19096666666666667,10.059,6.0,0,19.780009277537378,55.0,0.06698564593301436,0.0,0.0,7000.0,0.0,42.80527819181894,optimal
2021-02-13 01:00:00,10,34,2.0,0.0,0.0,0.08216666666666667,9.261,6.0,0,19.730361026789446,55.0,0.11466666666666667,2017.333333333333,0.0,4982.666666666667,0.0,42.76247291362712,optimal
2021-02-13 01:30:00,10,34,2.0,0.0,2.8772926981787053,0.25856666666666667,8.1585,6.0,0,19.707895453496935,55.0,0.11466666666666667,7000.0,0.0,0.0,0.0,44.08642447234837,optimal
2021-02-13 02:00:00,10,34,2.0,0.0,0.0,0.1195,9.4815,6.0,0,19.75836058992885,55.0,0.11466666666666667,7000.0,0.0,0.0,0.0,44.042338047876015,optimal
2021-02-13 02:30:00,10,34,2.0,0.0,0.0,0.11159999999999999,8.379,6.0,0,19.806863966835017,55.0,0.11466666666666667,7000.0,0.0,0.0,0.0,43.998295709828135,optimal
2021-02-13 03:00:00,10,34,2.0,0.0,0.0,0.24563333333333331,9.5235,6.0,0,19.855120895478333,55.0,0.11466666666666667,7000.0,0.0,0.0,0.0,43.9542974141183,optimal
2021-02-13 03:30:00,10,34,2.0,0.0,3.0,0.1077,8.1375,6.0,0,19.905132938600538,55.0,0.11466666666666667,7000.0,0.0,0.0,0.0,45.33534311670417,optimal
2021-02-13 04:00:00,10,34,2.0,0.0,0.0,0.09040000000000001,10.0905,6.0,0,19.95292196569954,55.0,0.11466666666666667,7000.0,0.0,0.0,0.0,45.29000777358746,optimal
2021-02-13 04:30:00,10,34,2.0,0.0,3.0,0.23416666666666663,7.539,6.0,0,20.000194771732748,55.0,0.11466666666666667,7000.0,0.0,0.0,0.0,46.66971776581387,optimal
2021-02-13 05:00:00,10,34,2.0,0.0,3.0,0.1015,7.938,6.0,0,20.049084151395583,55.0,0.11466666666666667,7000.0,0.0,0.0,0.0,48.048048048048045,optimal
2021-02-13 05:30:00,10,34,2.0,0.0,0.0,0.11026666666666668,8.274,6.0,0,20.095688639726724,55.0,0.11097333333333333,7000.0,0.0,0.0,0.0,48.0,optimal
2021-02-13 06:00:00,10,34,2.0,0.0,0.0,0.2393,9.261,6.0,0,20.1440619340918,55.0,0.10666666666666667,7000.0,0.0,0.0,0.0,47.74791773558598,optimal
2021-02-13 06:30:00,10,34,2.0,0.0,0.0,0.20683333333333329,9.9225,6.0,0,20.195459594790975,55.0,0.104,7000.0,0.0,0.0,0.0,47.496087553436375,optimal
2021-02-13 07:00:00,10,34,2.0,0.0,0.0,0.4639,9.702,6.0,0,20.24932271298048,55.0,0.08565333333333333,7000.0,0.0,0.0,0.0,47.24450920146892,optimal
2021-02-13 07:30:00,10,34,2.0,0.0,0.0,0.24103333333333332,10.584,6.0,0,20.304853752063774,55.0,0.018666666666666668,7000.0,0.0,0.0,0.0,46.993182427853434,optimal
2021-02-13 08:00:00,10,34,2.0,0.0,0.0,0.2501333333333333,10.143,6.0,0,20.355079303000934,55.0,0.018666666666666668,7000.0,0.0,0.0,0.0,46.74210698101156,optimal
2021-02-13 08:30:00,10,34,0.0,0.0,0.0,0.086,13.0095,6.0,0,20.396939833619978,55.0,0.018666666666666668,0.0,0.0,0.0,0.0,46.491282609616526,optimal
2021-02-13 09:00:00,10,34,2.0,0.0,0.0,0.1295,11.025,6.0,0,20.338688050005928,55.0,0.018666666666666668,7000.0,0.0,0.0,0.0,46.24070906259289,optimal
2021-02-13 09:30:00,10,34,0.0,0.0,0.0,0.13663333333333333,12.789,6.0,0,20.379253877194397,55.0,0.018666666666666668,0.0,0.0,0.0,0.0,45.99038608911628,optimal
2021-02-13 10:00:00,10,34,2.0,0.0,0.0,0.2155,12.1275,6.0,0,20.32182244837427,55.0,0.018666666666666668,7000.0,0.0,0.0,0.0,45.74031343861314,optimal
2021-02-13 10:30:00,10,34,0.7269349039491488,0.0,0.0,0.1601,12.1695,6.0,0,20.365179378085156,55.0,0.018666666666666668,2544.272163822021,0.0,0.0,0.0,45.49049086076051,optimal
2021-02-13 11:00:00,10,34,0.0,0.0,0.0,0.22483333333333327,12.306,6.0,0,20.34496009822572,55.0,0.018666666666666668,0.0,0.0,0.0,0.0,45.24091810548573,optimal
2021-02-13 11:30:00,10,34,0.0,0.0,0.0,0.19090000000000001,13.23,6.0,0,20.29014509249366,55.0,0.018666666666666668,0.0,0.0,0.0,0.0,44.99159492296623,optimal
2021-02-13 12:00:00,10,34,0.0,0.0,0.0,0.1264,13.671,6.0,0,20.2351436233151,55.0,0.018666666666666668,0.0,0.0,0.0,0.0,44.74252106362924,optimal
2021-02-13 12:30:00,10,34,0.0,0.0,0.0,0.17866666666666667,13.9335,6.0,0,20.179591918911616,55.0,0.017333333333333333,0.0,0.0,0.0,0.0,44.49369627815159,optimal
2021-02-13 13:00:00,10,34,0.0,0.0,0.0,0.0729,13.293,6.0,0,20.125901004964803,55.0,0.017333333333333333,0.0,0.0,0.0,0.0,44.24512031745942,optimal
2021-02-13 13:30:00,10,34,2.0,0.0,0.0,0.3831666666666667,12.1065,6.0,0,20.072558904090876,55.0,0.016,7000.0,0.0,0.0,0.0,43.996792932727935,optimal
2021-02-13 14:00:00,10,34,2.0,0.0,0.0,0.3798333333333333,11.571,6.0,0,20.12329094266197,55.0,0.016,7000.0,0.0,0.0,0.0,43.748713875381185,optimal
2021-02-13 14:30:00,10,34,2.0,0.0,0.0,0.157,11.025,6.0,0,20.173074240281384,55.0,0.016,7000.0,0.0,0.0,0.0,43.500882897091785,optimal
2021-02-13 15:00:00,10,34,2.0,0.0,0.0,0.3517333333333333,10.8465,6.0,0,20.21810797643649,55.0,0.013333333333333334,7000.0,0.0,0.0,0.0,43.25329974978067,optimal
2021-02-13 15:30:00,10,34,2.0,0.0,0.0,0.111,11.2455,6.0,0,20.270232028816537,55.0,0.013333333333333334,7000.0,0.0,0.0,0.0,43.005964185616875,optimal
2021-02-13 16:00:00,10,34,0.0,0.0,0.0,0.3970666666666667,23.8665,6.0,0,20.314243756953758,55.0,0.010666666666666666,0.0,0.0,0.0,0.0,42.75887595701724,optimal
2021-02-13 16:30:00,10,34,0.0,0.0,0.0,0.3972333333333333,27.4575,6.0,0,20.26785639690766,55.0,0.008666666666666666,0.0,0.0,0.0,0.0,42.5120348166462,optimal
2021-02-13 17:00:00,10,34,0.0,0.0,0.0,0.2585,27.3735,6.0,0,20.22375792941322,55.0,0.008666666666666666,0.0,0.0,0.0,0.0,42.265440517415534,optimal
2021-02-13 17:30:00,10,34,0.0,0.0,0.0,0.30396666666666666,30.4605,6.0,0,20.178770515813703,55.0,0.007333333333333333,0.0,0.0,0.0,0.0,42.0190928124841,optimal
2021-02-13 18:00:00,10,34,0.0,0.0,0.0,0.28986666666666666,30.0195,6.0,0,20.134195666289962,55.0,0.004,0.0,0.0,0.0,0.0,41.772991455257596,optimal
2021-02-13 18:30:00,10,34,0.0,0.0,0.0,0.3964666666666666,26.9325,6.0,0,20.089901496605954,55.0,0.0033333333333333335,0.0,0.0,0.0,0.0,41.527136199388316,optimal
2021-02-13 19:00:00,10,34,0.0,0.0,0.0,0.3087,14.595,6.0,0,20.048144926902584,55.0,0.002,0.0,0.0,0.0,0.0,41.281526798774905,optimal
2021-02-13 19:30:00,10,34,0.9237712014728588,0.0,0.0,0.5368666666666667,12.4845,6.0,0,20.0,55.0,0.0,3233.199205155006,0.0,0.0,0.0,41.03616300756211,optimal
2021-02-13 20:00:00,10,34,0.7077107895286726,0.0,0.0,1.6649333333333334,12.1275,6.0,0,20.0,55.0,0.0,2476.9877633503543,0.0,0.0,0.0,40.79104458014053,optimal
2021-02-13 20:30:00,10,34,0.0,0.0,0.0,0.2076,12.1275,6.0,0,20.0,55.0,0.0,0.0,0.0,0.0,0.0,40.54617127114637,optimal
2021-02-13 21:00:00,10,34,0.0,0.0,0.0,0.33596666666666664,12.789,6.0,0,19.95619752028266,55.0,0.0,0.0,0.0,0.0,0.0,40.301542835461206,optimal
2021-02-13 21:30:00,10,34,0.0,0.0,0.0,0.5252666666666667,11.907,6.0,0,19.915256603175738,55.0,0.0,0.0,0.0,0.0,0.0,40.05715902821173,optimal
2021-02-13 22:00:00,10,34,1.592380952380952,0.0,0.0,0.4906333333333333,11.025,6.0,0,19.872109135150495,55.0,0.0,0.0,0.0,5573.333333333332,0.0,40.01710186918352,optimal
2021-02-13 22:30:00,10,34,1.5326666666666666,0.0,0.0,0.4871333333333333,8.2005,6.0,0,19.831225405488002,55.0,0.004,0.0,0.0,5364.333333333333,0.0,39.97708476731434,optimal
2021-02-13 23:00:00,10,34,0.0,0.0,0.0,0.38206666666666667,9.5655,6.0,0,19.792350366143133,55.0,0.0,0.0,0.0,0.0,0.0,39.93710768254702,optimal
2021-02-13 23:30:00,10,34,0.0,0.0,0.0,0.46353333333333335,7.056,6.0,0,19.751065968957292,55.0,0.0,0.0,0.0,0.0,0.0,39.897170574864475,optimal
